epoch,train_loss,selection_split,selection_acc,selection_auc,selection_auprc,selection_f1,selection_precision,selection_recall,selection_specificity,selection_threshold,best_so_far,best_epoch_so_far,elapsed_sec
1,0.662590931500158,valid,0.5677110993096123,0.649396179512324,0.6225678789013334,0.6903765690376569,0.5384159003263127,0.9618441971383148,0.17189994678020223,0.25,1,1,9.270260334014893
2,0.5482088548521842,valid,0.7838555496548062,0.8629081136359726,0.8573768006637537,0.7978142076502732,0.750818139317438,0.8510863804981452,0.7163384779137839,0.42500000000000004,1,2,7.760732650756836
3,0.45576769401950223,valid,0.7419012214551248,0.7951824660649756,0.8212736919453356,0.7438060094886663,0.7399056109071841,0.7477477477477478,0.7360298030867483,0.375,0,2,7.6993796825408936
4,0.4602787984955695,valid,0.8146574614976102,0.879962703836479,0.8780099645692532,0.8197314049586777,0.7994962216624685,0.8410174880763116,0.7881852048962213,0.30000000000000004,1,4,7.7227325439453125
5,0.4173620540288187,valid,0.8088157195963888,0.8772218983532885,0.8807354586077539,0.8174442190669371,0.7836655323286339,0.854266030736619,0.7631718999467803,0.275,0,4,7.6096885204315186
6,0.3985971217193911,valid,0.8157195963887414,0.8851739853054694,0.8824027161272752,0.8215020576131687,0.7981009495252374,0.8463169051404346,0.7849920170303353,0.30000000000000004,1,6,7.695282220840454
7,0.3886603193898355,valid,0.8101433882103027,0.8894091474312493,0.8911520636737006,0.8130718954248366,0.8023735810113519,0.8240593534711181,0.7961681745609367,0.15000000000000002,0,6,7.632678031921387
8,0.3965834706060348,valid,0.8104089219330854,0.8804535838471287,0.8877014317081111,0.8135770234986945,0.8018528049408131,0.825649178590355,0.7951037786056413,0.30000000000000004,0,6,7.644979000091553
9,0.39187139176553293,valid,0.8143919277748274,0.8917706173129898,0.8950517687352715,0.8192397207137315,0.8,0.8394276629570747,0.7892496008515167,0.225,0,6,7.632817029953003
10,0.37305681791997725,valid,0.817578332448221,0.9009544873427414,0.8978780176671451,0.8304959289415248,0.7770083102493075,0.8918918918918919,0.7429483767961682,0.17500000000000002,1,10,7.6751134395599365
11,0.35638829825385926,valid,0.813595326606479,0.8933548017541382,0.8979690468655191,0.82,0.7943368107302533,0.8473767885532592,0.7796700372538584,0.225,0,10,7.630782842636108
12,0.3624526488204156,valid,0.7979288369622942,0.8875250199327461,0.8917770210665512,0.810555140652228,0.7643192488262911,0.8627450980392157,0.7328366152208622,0.125,0,10,7.636637210845947
13,0.3472114623554291,valid,0.7841210833775889,0.8509718747329491,0.8689062834568659,0.7798537774167343,0.7973421926910299,0.7631160572337043,0.8052155401809473,0.30000000000000004,0,10,7.6071977615356445
14,0.3428186058036743,valid,0.8024429102496017,0.8820528571021636,0.8881314040562813,0.8113590263691683,0.7778317938745746,0.8479067302596714,0.756785524215008,0.17500000000000002,0,10,7.594768762588501
15,0.3381604035535166,valid,0.7849176845459374,0.8632758858473412,0.8635868589614546,0.7922011287839917,0.7677772252610642,0.8182299947005829,0.7514635444385311,0.1,0,10,7.626140832901001
16,0.3258639453880249,valid,0.8274030801911842,0.9074759573147326,0.9093678671528518,0.8361069087241553,0.7974987974987975,0.8786433492315845,0.7759446514103246,0.30000000000000004,1,16,7.701774835586548
17,0.31793185659954626,valid,0.8112055231014339,0.8819989886264188,0.889329523998577,0.8175519630484989,0.7925373134328358,0.8441971383147854,0.7780734433209153,0.15000000000000002,0,16,7.607991695404053
18,0.3193612795683645,valid,0.8178438661710037,0.9039815572389219,0.9064308866047013,0.8288423153692615,0.7831211692597831,0.8802331743508214,0.7551889302820649,0.225,0,16,7.596302032470703
19,0.31540499771794966,valid,0.8228890069038768,0.893529098707072,0.8926678328410514,0.8256209150326798,0.8147574819401445,0.8367779544250132,0.8089409260244811,0.225,0,16,7.638031482696533
20,0.32512572287551816,valid,0.8292618162506639,0.9063591030532144,0.9081867019888676,0.8313663781799109,0.8229491173416407,0.839957604663487,0.8185204896221394,0.275,0,16,7.643765687942505
21,0.3347542612783371,valid,0.7968667020711631,0.8795400760307,0.8855445042083161,0.803896436811074,0.7785501489572989,0.830948595654478,0.7626397019691326,0.15000000000000002,0,16,7.602978706359863
22,0.3289331798591921,valid,0.8202336696760488,0.8978938554119344,0.9002941671865716,0.8270753512132822,0.7983234714003945,0.8579756226815051,0.7823310271420969,0.275,0,16,7.968900203704834
23,0.2944255613030926,valid,0.8260754115772703,0.905859056940671,0.9011126827748024,0.8321803740712272,0.8055555555555556,0.8606253312135665,0.7913783927621075,0.35,0,16,7.789846658706665
24,0.2917646370347469,valid,0.82129580456718,0.9040864738513676,0.9007161732863953,0.8281848353331631,0.7990147783251231,0.859565447800742,0.7828632251197446,0.15000000000000002,0,16,7.784106254577637
25,0.2928587657309348,valid,0.8215613382899628,0.9056179179523887,0.9017395120591201,0.8318318318318318,0.7880512091038406,0.8807631160572337,0.7621075039914849,0.15000000000000002,0,16,7.763930559158325
26,0.28233621846283635,valid,0.8313860860329262,0.912930069975432,0.9108732019113533,0.8380515174700331,0.8077679449360865,0.8706942236354,0.7919105907397552,0.30000000000000004,1,26,7.843729734420776
27,0.2793669179081917,valid,0.8130642591609134,0.8989545849264723,0.894984761406314,0.826515524889108,0.7724550898203593,0.8887122416534181,0.7370941990420437,0.30000000000000004,0,26,7.7555201053619385
28,0.2844223091679235,valid,0.8112055231014339,0.88817045452302,0.8877698300581398,0.8078897595244529,0.8241455347298787,0.7922628510863805,0.8302288451303885,0.1,0,26,7.795923709869385
29,0.28324974063904057,valid,0.8327137546468402,0.9078014244404377,0.9069627445463377,0.8378795676788472,0.8144072036018009,0.8627450980392157,0.8025545502927088,0.325,0,26,7.782377004623413
30,0.2860781764311175,valid,0.814922995220393,0.8821996557494163,0.843152686099768,0.8272614622057001,0.777001862197393,0.8844727080021197,0.7450771687067589,0.55,0,26,7.8016932010650635
31,0.28196955856777006,valid,0.8138608603292619,0.8962668018173137,0.8961159556736034,0.8223967570306562,0.787864077669903,0.8600953895071543,0.7674294837679617,0.1,0,26,7.814685821533203
32,0.2939483131612501,valid,0.8300584174190122,0.9066292915336525,0.9025821160840726,0.8367346938775511,0.8066896212493851,0.8691043985161632,0.7908461947844598,0.275,0,26,7.804584264755249
33,0.27486246007104076,valid,0.8340414232607541,0.914505370348591,0.9154066329801626,0.8395378690629012,0.8142430278884463,0.8664546899841018,0.8014901543374136,0.375,1,33,7.901515007019043
34,0.2849933834325883,valid,0.8258098778544876,0.9045354718272103,0.9063524263456746,0.8323108384458078,0.8039506172839506,0.8627450980392157,0.788717402873869,0.2,0,33,7.799018383026123
35,0.2843089843949964,valid,0.830323951141795,0.9045083965723856,0.9046887996081568,0.8365310821181888,0.8086053412462908,0.8664546899841018,0.7940393826503459,0.17500000000000002,0,33,7.857978582382202
36,0.29085157547266255,valid,0.8183749336165693,0.898566929324842,0.8998490651924684,0.8259541984732824,0.7944199706314243,0.8600953895071543,0.7764768493879723,0.17500000000000002,0,33,7.842937707901001
37,0.2991866445349109,valid,0.8335103558151885,0.9106984767066789,0.907400538941601,0.8403361344537815,0.8088235294117647,0.8744038155802861,0.7924427887174029,0.1,1,37,7.9506707191467285
38,0.2797131420623872,valid,0.8446627721720659,0.9198445541932377,0.914546990512952,0.8489542989930287,0.8277945619335347,0.8712241653418124,0.8179882916444917,0.35,1,38,7.934921741485596
39,0.26169905090524304,valid,0.8305894848645778,0.9103803424624888,0.9079990266899789,0.8388888888888889,0.8012542209358418,0.8802331743508214,0.7807344332091538,0.25,0,38,7.876606464385986
40,0.25950643708628995,valid,0.8436006372809347,0.9145648795024245,0.9127603289422564,0.8460130718954249,0.8348813209494325,0.8574456809750928,0.8296966471527408,0.25,0,38,7.8253326416015625
41,0.25529589768378963,valid,0.8104089219330854,0.8938869997317859,0.8991877563867509,0.8203321590337191,0.7810253953042645,0.8638049814520403,0.756785524215008,0.1,0,38,7.823282718658447
42,0.2696180483025889,valid,0.8186404673393521,0.8946762716133156,0.899195583941709,0.8247369771619194,0.799502487562189,0.8516163222045575,0.785524215007983,0.17500000000000002,0,38,7.773918867111206
43,0.26379962391670675,valid,0.8332448220924057,0.908268754620068,0.9072531956376808,0.8406091370558376,0.8066244520214321,0.8775834658187599,0.788717402873869,0.2,0,38,7.772785186767578
44,0.25115140335213754,valid,0.830323951141795,0.9070842122214879,0.9102032834303816,0.8331156960041787,0.821318228630278,0.84525702172761,0.8153273017562533,0.2,0,38,7.785967111587524
45,0.27669655315337643,valid,0.8364312267657993,0.9132627289657,0.9093116328188697,0.8453038674033149,0.8033412887828162,0.8918918918918919,0.7807344332091538,0.17500000000000002,0,38,7.785863637924194
46,0.2564225348253404,valid,0.8260754115772703,0.9021197104188683,0.8964668957793065,0.830618050168089,0.8111111111111111,0.8510863804981452,0.8009579563597659,0.1,0,38,7.8006463050842285
47,0.28510420216668036,valid,0.8279341476367499,0.9137170855857266,0.9127183245975958,0.8396039603960396,0.7877380399442638,0.8987811340752517,0.756785524215008,0.25,0,38,7.775449991226196
48,0.2656324251044181,valid,0.8372278279341476,0.9196665907995466,0.9197331494224836,0.8438216560509554,0.8125613346418057,0.8775834658187599,0.7967003725385844,0.25,0,38,7.790242671966553
49,0.24136552719339247,valid,0.8228890069038768,0.8979415191417821,0.8977530818860928,0.8206507125571391,0.8329694323144105,0.8086910439851617,0.8371474188398084,0.1,0,38,7.797398805618286
50,0.23771835755436652,valid,0.8366967604885821,0.9138868699961897,0.9138037062809476,0.839383651083834,0.8274974253347065,0.8516163222045575,0.8217136774880256,0.1,0,38,7.767651081085205
51,0.23514902183125097,valid,0.8300584174190122,0.905034389804136,0.9051098754720609,0.8369842078451349,0.805787150564002,0.8706942236354,0.7892496008515167,0.30000000000000004,0,38,7.579356908798218
52,0.2638006604486896,valid,0.832979288369623,0.9059665118582566,0.9109300322456487,0.8315028127511385,0.8407367280606717,0.8224695283518813,0.8435337945715806,0.125,0,38,7.707697868347168
53,0.2545104619235762,valid,0.8170472650026553,0.8962645455460783,0.8959023627338008,0.8236498592270284,0.7965346534653466,0.8526762056173821,0.7812666311868015,0.15000000000000002,0,38,7.6463541984558105
54,0.240267880741627,valid,0.8255443441317047,0.908319520722864,0.9065388171872218,0.8361187328510851,0.7898209236569275,0.8881822999470058,0.7626397019691326,0.30000000000000004,0,38,7.530998468399048
55,0.24462528719056037,valid,0.834306956983537,0.9095071654943928,0.9097551013784961,0.8401639344262295,0.8130887456618741,0.8691043985161632,0.7993613624268228,0.17500000000000002,0,38,7.505310297012329
56,0.22698499761041133,valid,0.8167817312798725,0.8996671435859991,0.8978178483341587,0.826720241084882,0.7856801909307876,0.8722840487546369,0.7610431080361895,0.35,0,38,7.522489309310913
57,0.2253111187488802,valid,0.8090812533191716,0.891969169181704,0.8960670489431526,0.7946301056840903,0.8618339529120198,0.7371489136195019,0.8813198509845662,0.1,0,38,7.5010411739349365
58,0.24492143142607906,valid,0.8271375464684015,0.9059769471127201,0.9072420936265598,0.8300704776820673,0.8179012345679012,0.8426073131955485,0.8116019159127196,0.15000000000000002,0,38,7.487687826156616
59,0.24750276198310237,valid,0.816250663834307,0.8949576004329785,0.8993526711681789,0.8126691932864104,0.8306585500830105,0.7954425013248543,0.8371474188398084,0.1,0,38,7.489988803863525
60,0.24426328679246287,valid,0.8401486988847584,0.912076212329789,0.914491353338321,0.8396377197655833,0.8441349758971612,0.8351881293057764,0.8451303885045237,0.17500000000000002,0,38,7.511144161224365
61,0.2616893464038449,valid,0.8255443441317047,0.9019246839739592,0.9007866148812873,0.8294835193355826,0.8128179043743642,0.8468468468468469,0.8041511442256519,0.15000000000000002,0,38,7.508489608764648
62,0.24414819983705396,valid,0.8143919277748274,0.8937437265083384,0.897185359775585,0.8203546646106399,0.7964071856287425,0.8457869634340223,0.7828632251197446,0.1,0,38,7.497241973876953
63,0.2491266813970381,valid,0.8409453000531067,0.9222491752623551,0.9187403317174697,0.8489281210592686,0.8099133782483157,0.8918918918918919,0.7897817988291644,0.4,0,38,7.518009662628174
64,0.22463539074505529,valid,0.8494423791821561,0.9233973352872642,0.9214528144759744,0.8521512385919165,0.8388090349075975,0.8659247482776895,0.8328898350186269,0.375,1,64,7.602720260620117
65,0.21905990299438277,valid,0.8374933616569304,0.914999211715237,0.9082558808221629,0.8404588112617309,0.8270908158029758,0.854266030736619,0.8206492815327302,0.17500000000000002,0,64,7.496826410293579
66,0.21390906276722108,valid,0.8204992033988316,0.9071648739181533,0.9073370442425008,0.8311688311688312,0.786017949929145,0.8818229994700583,0.7589143161255987,0.15000000000000002,0,64,7.510725736618042
67,0.21698900720765513,valid,0.8263409453000531,0.9058568006694356,0.9063076308686714,0.8197353914002206,0.8541068351522114,0.7880233174350821,0.8648217136774881,0.1,0,64,7.502428293228149
68,0.21761801628576172,valid,0.8276686139139671,0.9086063492036629,0.9080646118126197,0.8338878935244433,0.8064356435643565,0.863275039745628,0.7919105907397552,0.17500000000000002,0,64,7.5066914558410645
69,0.21121263816472022,valid,0.8138608603292619,0.8929988749667552,0.893359843942639,0.8172099087353325,0.8044147843942505,0.8304186539480657,0.7972325705162321,0.55,0,64,7.513663291931152
70,0.23237061380378662,valid,0.8173127987254382,0.8995323313796845,0.8978403790443494,0.8256462240243284,0.7911607576493443,0.863275039745628,0.7711548696114955,0.1,0,64,7.503175973892212
71,0.21080777673952042,valid,0.82129580456718,0.8962273170706943,0.8980911163753157,0.8220988633359767,0.8201476793248945,0.8240593534711181,0.8185204896221394,0.1,0,64,7.474894762039185
72,0.21208433386298917,valid,0.8220924057355284,0.905513565407752,0.9041860954563634,0.8334990059642147,0.7847449695835284,0.8887122416534181,0.7551889302820649,0.125,0,64,7.499035120010376
73,0.22552364103255734,valid,0.8446627721720659,0.9205885596331077,0.9160950792671201,0.8462549277266754,0.8394160583941606,0.8532061473237944,0.8360830228845131,0.1,0,64,7.495312690734863
74,0.23677093415491043,valid,0.8093467870419543,0.8888907691149184,0.8914900158977754,0.8195072900955254,0.779531324725012,0.8638049814520403,0.7546567323044172,0.1,0,64,7.486798524856567
75,0.2282716576610842,valid,0.8324482209240573,0.9114650448589028,0.9016826524874806,0.8415767009791615,0.799618320610687,0.8881822999470058,0.7764768493879723,0.325,0,64,7.488304615020752
76,0.23369894032516786,valid,0.8228890069038768,0.9028477809431383,0.8993159865670579,0.8302367014507508,0.7987267384916749,0.8643349231584526,0.7812666311868015,0.1,0,64,7.523791074752808
77,0.2308260255282925,valid,0.8475836431226765,0.9200442341975699,0.9169901184220173,0.8492647058823529,0.8417490890161374,0.8569157392686805,0.8382118147951038,0.17500000000000002,0,64,7.609745502471924
78,0.20843598655154627,valid,0.822623473181094,0.8963925889386866,0.9007909838730257,0.8280123583934088,0.8052078117175764,0.8521462639109698,0.7929749866950505,0.1,0,64,7.632568120956421
79,0.2086458910376795,valid,0.8284652150823154,0.9114763262150796,0.9104456944411146,0.8360406091370558,0.8022406234778373,0.8728139904610492,0.7839276210750399,0.17500000000000002,0,64,7.708865642547607
80,0.21651471598494437,valid,0.8502389803505045,0.9245088309045982,0.9253007915939295,0.8514225500526871,0.8465165007857517,0.8563857975622682,0.8440659925492283,0.25,0,64,7.677513122558594
81,0.20684554716271739,valid,0.8417419012214551,0.9232643563013284,0.9203899313509719,0.8463125322331099,0.8242089402310396,0.8696343402225755,0.8137307078233103,0.275,0,64,7.693968772888184
82,0.22456895415821382,valid,0.8305894848645778,0.9066275993302259,0.9028992338137274,0.8351421188630491,0.8149268784669692,0.8563857975622682,0.8046833422032996,0.225,0,64,7.672204256057739
83,0.22563659399747849,valid,0.832979288369623,0.9100438760145112,0.909892581596097,0.8372574385510996,0.8179979777553084,0.8574456809750928,0.8084087280468334,0.15000000000000002,0,64,7.676231861114502
84,0.21844205987309256,valid,0.8255443441317047,0.903346698920064,0.9045032216236016,0.822192151556157,0.8401548672566371,0.8049814520402756,0.8461947844598191,0.1,0,64,7.708500623703003
85,0.1997918565907786,valid,0.828996282527881,0.9014235097257981,0.9057804476280676,0.8299894403379092,0.8269331930562862,0.8330683624801272,0.8249068653539117,0.1,0,64,7.692095041275024
86,0.20999141632308882,valid,0.8274030801911842,0.9073309918878588,0.9038105508784576,0.8367654445002511,0.7952267303102625,0.8828828828828829,0.7716870675891432,0.15000000000000002,0,64,7.681657075881958
87,0.19875321014513891,valid,0.838024429102496,0.9114249960444744,0.907901541888253,0.8449415353329944,0.8119198827552516,0.8807631160572337,0.7951037786056413,0.1,0,64,7.789693355560303
88,0.1856699242226539,valid,0.8189060010621348,0.9076917132516168,0.9036444136936472,0.8330068560235063,0.7742375967228038,0.9014308426073132,0.7360298030867483,0.2,0,64,7.8169238567352295
89,0.2110017545280918,valid,0.8369622942113648,0.9123015574194236,0.9016631305398789,0.8447142134547294,0.8079342041606192,0.885002649708532,0.788717402873869,0.125,0,64,7.812060594558716
90,0.20347997221735217,valid,0.8231545406266596,0.9074297037544071,0.9031875538762087,0.8349033217649975,0.784350256171402,0.8924218335983042,0.7535923363491219,0.125,0,64,7.789584636688232
91,0.19897085644545093,valid,0.8305894848645778,0.9034107206163682,0.9062192829951908,0.8306794055201698,0.8320042530568846,0.8293587705352411,0.8318254390633315,0.1,0,64,7.795019626617432
92,0.21945372392092982,valid,0.8255443441317047,0.8994286839198088,0.8996486435246328,0.8317541613316262,0.8047571853320119,0.8606253312135665,0.7903139968068121,0.15000000000000002,0,64,7.804535627365112
93,0.21205553340335045,valid,0.8266064790228359,0.9099981865219946,0.9132915905267579,0.8346416814383388,0.7992240543161979,0.8733439321674615,0.7796700372538584,0.1,0,64,7.817889451980591
94,0.2198430145940473,valid,0.8398831651619756,0.9179193907616411,0.9120771969325223,0.8464476699770818,0.8147058823529412,0.8807631160572337,0.7988291644491751,0.30000000000000004,0,64,7.8391618728637695
95,0.1941106551356854,valid,0.82129580456718,0.8999064493539026,0.9058667758346424,0.809940694719006,0.8669891172914147,0.7599364069952306,0.8829164449175093,0.1,0,64,7.84895133972168
96,0.18635867052381078,valid,0.8332448220924057,0.9097040251596806,0.9064908927432024,0.8369678089304258,0.8203562340966921,0.854266030736619,0.8121341138903673,0.225,0,64,7.823630332946777
97,0.18194587156176567,valid,0.8327137546468402,0.9115000170630512,0.9089448536416384,0.842814371257485,0.7963224893917963,0.8950715421303657,0.7700904736562001,0.1,0,64,7.841464519500732
98,0.18796340376138687,valid,0.8170472650026553,0.8985896330541479,0.8957834519727776,0.8258781905483953,0.7893719806763285,0.8659247482776895,0.7679616817456094,0.2,0,64,7.85046124458313
99,0.21968580085423686,valid,0.8223579394583113,0.9062606732205705,0.9013511305431263,0.8340362193004217,0.7840485074626866,0.8908320084790673,0.7535923363491219,0.2,0,64,7.823558568954468
100,0.2220777813946047,valid,0.8451938396176314,0.919705652495309,0.9161295989407822,0.8490028490028491,0.8302938196555217,0.8685744568097509,0.8217136774880256,0.15000000000000002,0,64,7.80580472946167
101,0.19423979652985449,valid,0.8194370685077005,0.8987207788197049,0.8984175738612945,0.8253723677452491,0.8006975585450922,0.8516163222045575,0.7871208089409261,0.1,0,64,7.768736839294434
102,0.19097737391148845,valid,0.8319171534784918,0.9078177824068941,0.9064640164192226,0.8351133107580099,0.8212090163934426,0.8494965553789083,0.814262905800958,0.325,0,64,8.953848838806152
103,0.18817644109649043,valid,0.8311205523101434,0.9108197512855811,0.9088535063455367,0.8370901639344263,0.8101140307387209,0.8659247482776895,0.7961681745609367,0.225,0,64,7.636466026306152
104,0.18384625918922887,valid,0.8324482209240573,0.915976177160161,0.9128057056487475,0.8419734535437015,0.7981956315289649,0.8908320084790673,0.7738158594997339,0.15000000000000002,0,64,7.57386326789856
105,0.19413855131114682,valid,0.8369622942113648,0.9191400334999873,0.9129828325443138,0.8446356275303644,0.8082324455205812,0.8844727080021197,0.7892496008515167,0.15000000000000002,0,64,7.569081544876099
106,0.17860139317570195,valid,0.844397238449283,0.9238406925850184,0.9172110607333733,0.8517206477732794,0.8150121065375303,0.8918918918918919,0.7967003725385844,0.225,0,64,7.568049669265747
107,0.1935615404959648,valid,0.828996282527881,0.9068944034038108,0.9026499313046593,0.8335917312661498,0.8134140191628845,0.8547959724430313,0.8030867482703565,0.17500000000000002,0,64,7.576996803283691
108,0.1957589129526769,valid,0.832979288369623,0.9130653052326032,0.9128736572563445,0.8351245085190039,0.8262448132780082,0.8441971383147854,0.8217136774880256,0.125,0,64,7.593632459640503
109,0.18320361260444887,valid,0.8337758895379713,0.9111309756991127,0.9079206586024112,0.8384099122354156,0.8173125314544539,0.8606253312135665,0.8068121341138904,0.17500000000000002,0,64,7.607419490814209
110,0.22449367733732348,valid,0.8297928836962294,0.9099674448264125,0.908806766758481,0.8348363823756764,0.8124373119358074,0.8585055643879174,0.8009579563597659,0.2,0,64,7.587480068206787
111,0.19316127728069982,valid,0.8077535847052576,0.8832104652628711,0.8837605101155195,0.8166160081053698,0.782144590004852,0.854266030736619,0.7610431080361895,0.1,0,64,7.567367792129517
112,0.19071743138615163,valid,0.8534253850238981,0.9270658912990566,0.9231344799900362,0.8553459119496856,0.8460342146189735,0.8648648648648649,0.8419372006386375,0.525,1,112,7.670641899108887
113,0.20131677028632933,valid,0.8494423791821561,0.9269374248555917,0.9225374954918821,0.8542791056283732,0.8293413173652695,0.8807631160572337,0.8179882916444917,0.17500000000000002,0,112,7.593132734298706
114,0.20738101414134424,valid,0.8449283058948487,0.9202695792872044,0.9151833932214063,0.8490956072351421,0.8285426122037317,0.8706942236354,0.8190526875997871,0.2,0,112,7.605686664581299
115,0.18660845439280233,valid,0.8372278279341476,0.9154386205383293,0.9129120728682717,0.8426187419768935,0.8172310756972112,0.8696343402225755,0.8046833422032996,0.125,0,112,7.705811977386475
116,0.1906216483443014,valid,0.8366967604885821,0.9139345337260373,0.9130611046847924,0.8360437216742203,0.8412017167381974,0.830948595654478,0.8424693986162852,0.1,0,112,7.682303428649902
117,0.1725824773311615,valid,0.8305894848645778,0.9074934434168069,0.9028542989204376,0.8369120654396728,0.808395061728395,0.8675145733969264,0.7935071846726982,0.2,0,112,7.698662757873535
118,0.17423652244671697,valid,0.8170472650026553,0.905202764045077,0.9028128233876702,0.8288198757763975,0.7801683816651076,0.8839427662957074,0.749866950505588,0.1,0,112,7.748684883117676
119,0.21403264110126802,valid,0.8353690918746681,0.9152499398562699,0.9121919647707895,0.8420784513499745,0.8106915154487494,0.875993640699523,0.7945715806279936,0.1,0,112,7.706010580062866
120,0.21040222823860183,valid,0.8366967604885821,0.9153334218919793,0.9119950170222972,0.842911877394636,0.8136094674556213,0.8744038155802861,0.7988291644491751,0.2,0,112,7.7299535274505615
121,0.1831415123756855,valid,0.8228890069038768,0.9038388480832835,0.8974514002420355,0.8324541572469228,0.791308500477555,0.8781134075251722,0.7674294837679617,0.1,0,112,7.592311382293701
122,0.17887234050900705,valid,0.8319171534784918,0.9142893323778025,0.9105926931936514,0.8404335770103353,0.8014423076923077,0.8834128245892952,0.7802022352315061,0.15000000000000002,0,112,7.566852331161499
123,0.1778922135070447,valid,0.832979288369623,0.9154522991826939,0.9079635110779714,0.840960809102402,0.8041586073500967,0.881293057763646,0.7844598190526876,0.25,0,112,7.5928966999053955
124,0.1710845504797274,valid,0.8369622942113648,0.914233771698631,0.9123951685781181,0.8427254098360656,0.8155676747645018,0.8717541070482246,0.8020223523150612,0.275,0,112,7.57993483543396
125,0.17661411495458695,valid,0.8130642591609134,0.8975291855735146,0.8983638168962211,0.8147368421052632,0.8092002090956613,0.8203497615262321,0.805747738158595,0.1,0,112,7.573080062866211
126,0.19349665603330057,valid,0.8244822092405736,0.9040489633420792,0.897739828781243,0.8319349097381133,0.7996089931573802,0.8669846316905141,0.7817988291644492,0.125,0,112,7.543246269226074
127,0.20375250418099664,valid,0.844397238449283,0.9246354641276847,0.9221979727496956,0.849124613800206,0.8257386079118678,0.8738738738738738,0.8147951037786056,0.1,0,112,7.565548896789551
128,0.17496913443169287,valid,0.8446627721720659,0.921233007104716,0.9197858633112467,0.8518612306913143,0.8157129000969933,0.8913619501854796,0.7977647684938797,0.325,0,112,7.5514421463012695
129,0.18001796389299055,valid,0.8348380244291025,0.9151111791752934,0.9143744261451627,0.8405128205128205,0.8142076502732241,0.8685744568097509,0.8009579563597659,0.275,0,112,7.5411670207977295
130,0.17011606320738792,valid,0.8377588953797133,0.9240233095381328,0.9190340618121526,0.8478206724782067,0.799812030075188,0.9019607843137255,0.7732836615220862,0.125,0,112,7.549958944320679
131,0.177779825704713,valid,0.830323951141795,0.9162305717419514,0.9130159683281285,0.841557153483759,0.7907735321528425,0.899311075781664,0.7610431080361895,0.225,0,112,7.536810398101807
132,0.16884494272451248,valid,0.8117365905469994,0.8920258579964931,0.8925236147079013,0.8206425499620541,0.7850919651500484,0.859565447800742,0.7637040979244278,0.1,0,112,7.594134569168091
133,0.16605310274227972,valid,0.8372278279341476,0.918009923644961,0.915435517194313,0.8402397706541569,0.8266666666666667,0.854266030736619,0.8201170835550825,0.65,0,112,7.580946922302246
134,0.19215538448864414,valid,0.8215613382899628,0.907570720706619,0.9048158463546918,0.8290076335877863,0.7973568281938326,0.863275039745628,0.7796700372538584,0.25,0,112,7.598556995391846
135,0.17335349729945582,valid,0.8127987254381307,0.8986322201737159,0.8978265327686181,0.8275862068965517,0.7683923705722071,0.8966613672496025,0.7285790313996807,0.1,0,112,7.572636842727661
136,0.18516758661116323,valid,0.8385554965480616,0.9171234910833569,0.9135513773387133,0.8432181536874678,0.8211953792064289,0.8664546899841018,0.8105375199574242,0.17500000000000002,0,112,7.555312871932983
137,0.18204164000288134,valid,0.8197026022304833,0.9057848820238075,0.9043410734583927,0.8269181748661738,0.7966601178781926,0.859565447800742,0.7796700372538584,0.2,0,112,7.544065237045288
138,0.18156172335147858,valid,0.8274030801911842,0.9096008007506613,0.9062618386993442,0.8278601694915254,0.8274219163578613,0.8282988871224165,0.8265034592868548,0.15000000000000002,0,112,7.583943128585815
139,0.17283713306871154,valid,0.8438661710037175,0.9194026070650058,0.9125110946159458,0.8441145281018028,0.8445623342175066,0.8436671966083731,0.8440659925492283,0.275,0,112,7.584025621414185
140,0.16172685173730697,valid,0.8526287838555496,0.9262715428072471,0.9184439805032812,0.852039456145028,0.8572961373390557,0.8468468468468469,0.8584353379457158,0.125,0,112,7.577334642410278
141,0.16955948500863968,valid,0.8244822092405736,0.9074674962975999,0.9049193447643257,0.8257316108621144,0.8216159496327388,0.8298887122416534,0.8190526875997871,0.1,0,112,7.557359218597412
142,0.1598927966288982,valid,0.8377588953797133,0.923157606468504,0.919325154838163,0.8470588235294118,0.8026565464895635,0.8966613672496025,0.778605641298563,0.125,0,112,7.619652986526489
143,0.1755558185039028,valid,0.8250132766861391,0.9021824629626026,0.9027633803446353,0.8310689566777749,0.8048659384309831,0.8590355060943297,0.7908461947844598,0.1,0,112,7.681876182556152
144,0.19822468620634848,valid,0.8308550185873605,0.9070244210337501,0.9025424970936888,0.8286252354048964,0.8415300546448088,0.8161102278749337,0.8456625864821714,0.125,0,112,7.710672378540039
145,0.20730397694053188,valid,0.8308550185873605,0.9104150326327329,0.907399423763236,0.8366247755834829,0.8106361829025845,0.8643349231584526,0.7972325705162321,0.1,0,112,7.703821897506714
146,0.17633590330519983,valid,0.8486457780138078,0.9251597651560085,0.9177925767119036,0.8545918367346939,0.823905558288244,0.8876523582405935,0.8094731240021288,0.1,0,112,7.699236869812012
147,0.17358210274288732,valid,0.8398831651619756,0.9220179074607274,0.9158430386433215,0.8497383503613257,0.8019755409219191,0.9035506094329624,0.7759446514103246,0.1,0,112,7.70063328742981
148,0.16208806240390386,valid,0.8433351035581519,0.9194065555396678,0.9167102730835754,0.8455497382198953,0.8354888773926539,0.8558558558558559,0.8307610431080362,0.1,0,112,7.699544906616211
149,0.15681455777056755,valid,0.8271375464684015,0.9044440928421769,0.9032417580318075,0.832,0.8108651911468813,0.854266030736619,0.7998935604044705,0.15000000000000002,0,112,7.546199321746826
150,0.19383151468730742,valid,0.8361656930430165,0.9227001474755288,0.9163242204911031,0.8264416315049227,0.8806954436450839,0.7784843667196608,0.8940926024481107,0.1,0,112,7.546138763427734
151,0.18697034327253217,valid,0.8382899628252788,0.9170106775215876,0.9148755692334957,0.8453136906273813,0.8117073170731708,0.8818229994700583,0.7945715806279936,0.15000000000000002,0,112,7.587799072265625
152,0.18372878660598108,valid,0.8385554965480616,0.9175273636344919,0.9116318997323755,0.8468513853904283,0.8070091214594335,0.8908320084790673,0.7860564129856307,0.17500000000000002,0,112,7.6007325649261475
153,0.16551838274444303,valid,0.8351035581518853,0.9128876238728164,0.9094523216711687,0.8400721091939223,0.8171342685370742,0.8643349231584526,0.805747738158595,0.15000000000000002,0,112,7.573807239532471
154,0.16767472521431984,valid,0.8082846521508231,0.8998731693531806,0.8950543936926219,0.824501701507049,0.7615626403233049,0.8987811340752517,0.7174028738690793,0.1,0,112,7.637787342071533
155,0.17276413882932357,valid,0.8276686139139671,0.9094039410853737,0.9057602749951122,0.8367295597484277,0.796455938697318,0.881293057763646,0.7738158594997339,0.1,0,112,7.66222882270813
156,0.15714747314491578,valid,0.8401486988847584,0.9177460809273726,0.9127454929661301,0.845957011258956,0.8179119247897081,0.875993640699523,0.8041511442256519,0.15000000000000002,0,112,7.768012762069702
157,0.15503422146843326,valid,0.8186404673393521,0.9020425741460084,0.9012141592303035,0.8064607537546047,0.866626065773447,0.7541070482246953,0.883448642895157,0.1,0,112,7.648930311203003
158,0.15655237191446847,valid,0.8372278279341476,0.9121749241963373,0.9073577910713381,0.8395707929861292,0.8293691830403309,0.8500264970853206,0.824374667376264,0.15000000000000002,0,112,7.5771729946136475
159,0.14446228646462964,valid,0.8292618162506639,0.9039350216446919,0.9036698863142544,0.8300290774517579,0.8280590717299579,0.8320084790673026,0.8265034592868548,0.1,0,112,7.568918943405151
160,0.15963218757702458,valid,0.832979288369623,0.9113776143485313,0.9074743280399662,0.8411214953271028,0.8035714285714286,0.8823529411764706,0.7833954230973922,0.17500000000000002,0,112,7.530499219894409
161,0.16484916414464673,valid,0.8043016463090813,0.8931266363254593,0.8910281585837305,0.7955617198335645,0.8346915017462165,0.7599364069952306,0.8488557743480575,0.1,0,112,7.508293628692627
162,0.1870567035530844,valid,0.8359001593202336,0.9151811235835905,0.9086823057628036,0.8454227113556778,0.8005684509711037,0.895601483836778,0.7759446514103246,0.225,0,112,7.5696423053741455
163,0.1602145022442264,valid,0.8449283058948487,0.9232749325727444,0.9201483860452657,0.8504098360655737,0.8230044620723848,0.8797032326444091,0.8100053219797765,0.17500000000000002,0,112,7.5167810916900635
164,0.1729362536101572,valid,0.8199681359532661,0.9040063762225111,0.9002577440134414,0.8296482412060302,0.7888198757763976,0.8749337572866984,0.7647684938797232,0.125,0,112,7.535243511199951
165,0.15996515847021534,valid,0.8348380244291025,0.9126594584441374,0.9101254665140389,0.836573830793484,0.8295987493486191,0.8436671966083731,0.8259712613092071,0.15000000000000002,0,112,7.507284164428711
166,0.1520539533737446,valid,0.8422729686670207,0.9224026017063616,0.9182469335360521,0.8509036144578314,0.8082975679542204,0.8982511923688394,0.7860564129856307,0.15000000000000002,0,112,7.49052357673645
167,0.14758209812064324,valid,0.8361656930430165,0.9158453134285085,0.91495627816735,0.8295109146172976,0.8666281755196305,0.7954425013248543,0.8770622671633848,0.1,0,112,7.5372467041015625
168,0.18483743984853068,valid,0.8284652150823154,0.9071296196801003,0.9016687311703571,0.8375251509054326,0.7970320727620871,0.8823529411764706,0.7743480574773816,0.1,0,112,7.532768964767456
169,0.17849852469178937,valid,0.830323951141795,0.9131826313368435,0.9104351722193543,0.8229426433915212,0.8623693379790941,0.7869634340222575,0.8738690792974987,0.1,0,112,7.51581597328186
170,0.19206188979648775,valid,0.8438661710037175,0.919612440289897,0.9108880654596464,0.849616368286445,0.8210578348986654,0.8802331743508214,0.807344332091538,0.17500000000000002,0,112,7.567931652069092
171,0.16382055405166843,valid,0.832979288369623,0.9174579832940037,0.9151409082593297,0.8427893026743314,0.7975402081362346,0.8934817170111288,0.7722192655667909,0.1,0,112,7.556490182876587
172,0.17518052398677794,valid,0.8324482209240573,0.9131145201489252,0.912500544371166,0.8388250319284802,0.8096646942800789,0.8701642819289878,0.7945715806279936,0.17500000000000002,0,112,7.554261207580566
173,0.1786263229385499,valid,0.8284652150823154,0.9132717540506414,0.9058583967996617,0.8231106243154436,0.851558073654391,0.7965023847376789,0.8605641298563066,0.1,0,112,7.536545038223267
174,0.1719206182226058,valid,0.8544875199150292,0.9254372865179615,0.921869618482457,0.853475935828877,0.8613059902860226,0.8457869634340223,0.863225119744545,0.225,0,112,7.575791120529175
175,0.16879954423394897,valid,0.8345724907063197,0.911347436720758,0.9127839448280745,0.8320301968185495,0.8468715697036224,0.8177000529941706,0.8515167642362959,0.1,0,112,7.576806306838989
176,0.1618976593017578,valid,0.844397238449283,0.9237109569889834,0.9204931200175855,0.8502810424118549,0.8209176122348298,0.8818229994700583,0.8068121341138904,0.17500000000000002,0,112,7.600838899612427
177,0.15222089220919915,valid,0.8414763674986724,0.9198995508046005,0.9167666561617103,0.8472755180353031,0.8189910979228486,0.8775834658187599,0.8052155401809473,0.375,0,112,7.5121190547943115
178,0.1513004272935852,valid,0.8332448220924057,0.9131290448950029,0.9143584074345129,0.8374741200828157,0.8184117349519474,0.8574456809750928,0.8089409260244811,0.1,0,112,7.503194332122803
179,0.15783944221273546,valid,0.8449283058948487,0.9280675347106178,0.9262453362726888,0.8528967254408061,0.8127700432069132,0.8971913089560148,0.7924427887174029,0.35,0,112,7.444391250610352
180,0.15754323296489253,valid,0.8053637812002125,0.8938884099013079,0.8935669955989339,0.8144773475069602,0.7795542635658915,0.8526762056173821,0.7578499201703034,0.1,0,112,7.509709358215332
181,0.18817959052901115,valid,0.7984599044078597,0.8747247701635205,0.8819871506455994,0.7951417004048583,0.8102310231023102,0.78060413354531,0.8163916977115487,0.125,0,112,7.572205543518066
182,0.21410237685326608,valid,0.8043016463090813,0.8822485886318339,0.8817198996584545,0.814404432132964,0.775911708253359,0.8569157392686805,0.7514635444385311,0.15000000000000002,0,112,7.593904733657837
183,0.19189279141925997,valid,0.8366967604885821,0.914239130342815,0.9108004890613536,0.8418616610953973,0.8176823176823177,0.8675145733969264,0.805747738158595,0.225,0,112,7.624126672744751
184,0.1947077993423708,valid,0.8250132766861391,0.9103233716137951,0.9104160946920771,0.8352088022005502,0.790719696969697,0.885002649708532,0.7647684938797232,0.125,0,112,7.66079044342041
185,0.16290281460650505,valid,0.8481147105682422,0.924082113607205,0.9219099559547966,0.8493944181147972,0.8440607012035584,0.8547959724430313,0.8414050026609899,0.42500000000000004,0,112,7.645025730133057
186,0.1566133302065634,valid,0.849707912904939,0.9262055468736119,0.9198540617223623,0.8560528992878942,0.8229828850855746,0.8918918918918919,0.807344332091538,0.1,1,186,7.768075704574585
187,0.16049889439055998,valid,0.838024429102496,0.9163270273372643,0.9111455853117671,0.8381962864721485,0.8390865639936272,0.8373078961314255,0.8387440127727515,0.1,0,186,7.67111873626709
188,0.16059874094301654,valid,0.8372278279341476,0.913180375065608,0.9112840868240046,0.8434227330779055,0.8141025641025641,0.8749337572866984,0.7993613624268228,0.15000000000000002,0,186,7.691226243972778
189,0.16602686191758803,valid,0.8335103558151885,0.9177826043179956,0.9147650913635473,0.8434456928838951,0.7974504249291785,0.8950715421303657,0.7716870675891432,0.1,0,186,7.630520343780518
190,0.2093654940685918,valid,0.823951141795008,0.9073673742615295,0.9037572812202211,0.8288148721920992,0.8081570996978852,0.8505564387917329,0.7972325705162321,0.1,0,186,7.549700975418091
191,0.16762841985590995,valid,0.8430695698353691,0.9157669080030787,0.9153437508078003,0.8460536598072415,0.8319672131147541,0.8606253312135665,0.8254390633315594,0.125,0,186,7.541241645812988
192,0.15730505124215158,valid,0.8056293149229952,0.8828053235591663,0.8867311492376833,0.8136456211812627,0.7829495345418912,0.8468468468468469,0.7642362959020755,0.1,0,186,7.538366794586182
193,0.16887989339809265,valid,0.8404142326075411,0.918082406358398,0.9152611302425425,0.842875816993464,0.8317853457172343,0.854266030736619,0.8265034592868548,0.5,0,186,7.559826135635376
194,0.16552326575882972,valid,0.8417419012214551,0.920667247092442,0.9178715124300945,0.8470225872689938,0.821304131408661,0.8744038155802861,0.8089409260244811,0.2,0,186,7.522305250167847
195,0.212173800795309,valid,0.8449283058948487,0.9219093244075243,0.9166940891998261,0.8537074148296593,0.809501187648456,0.9030206677265501,0.7865886109632784,0.125,0,186,7.51613712310791
196,0.17814861322122236,valid,0.8396176314391928,0.9189118680713083,0.9153277132131457,0.8426263678999479,0.8288057406458227,0.8569157392686805,0.8222458754656732,0.275,0,186,7.557504653930664
197,0.1552025898089332,valid,0.847052575677111,0.9267634099365621,0.921120628917469,0.8528359734287174,0.8233843117908238,0.8844727080021197,0.8094731240021288,0.25,0,186,7.5653767585754395
198,0.15753566485739523,valid,0.8441317047265002,0.9254327739754907,0.9196860359093796,0.8515802781289507,0.8143133462282398,0.8924218335983042,0.795635976583289,0.1,0,186,7.52017068862915
199,0.1696097708998188,valid,0.8361656930430165,0.9144151194991754,0.9131163161428749,0.8397818748377045,0.8233197556008147,0.8569157392686805,0.8153273017562533,0.125,0,186,7.533168792724609
200,0.15210115681252173,valid,0.8348380244291025,0.9153681120622233,0.9107884208171924,0.841002044989775,0.8123456790123457,0.8717541070482246,0.7977647684938797,0.17500000000000002,0,186,7.557075500488281
201,0.1428148453274081,valid,0.8401486988847584,0.9237549542780735,0.9188377094560682,0.8480565371024735,0.8096385542168675,0.890302066772655,0.7897817988291644,0.25,0,186,7.5180583000183105
202,0.14590595554440253,valid,0.8449283058948487,0.925691822116704,0.9220520294891045,0.8521518987341772,0.8158022297624818,0.8918918918918919,0.7977647684938797,0.15000000000000002,0,186,7.523208379745483
203,0.16344228266708313,valid,0.8106744556558683,0.8874405507783711,0.8866880561205119,0.8114255487966147,0.8099260823653643,0.81293057763646,0.8084087280468334,0.1,0,186,7.520499229431152
204,0.16941489291287237,valid,0.8422729686670207,0.9227080444248525,0.9180520554610859,0.8487009679062659,0.817067189798921,0.8828828828828829,0.8014901543374136,0.1,0,186,7.528781890869141
205,0.1476312008115553,valid,0.8451938396176314,0.9191586477376792,0.9147414215843106,0.8442425861608336,0.8512931034482759,0.8373078961314255,0.8531133581692389,0.1,0,186,7.517411231994629
206,0.15012830327595433,valid,0.8409453000531067,0.921974333222494,0.9166267502687613,0.8454193548387097,0.823943661971831,0.8680445151033387,0.8137307078233103,0.1,0,186,7.537120342254639
207,0.14207968812796376,valid,0.8420074349442379,0.9239757868252375,0.9206280282908438,0.8487159928807526,0.8157380254154448,0.8844727080021197,0.7993613624268228,0.225,0,186,7.565845489501953
208,0.15069031751444262,valid,0.8398831651619756,0.9220579562751557,0.9161370582612212,0.8427640156453716,0.8295687885010267,0.8563857975622682,0.8233102714209686,0.1,0,186,7.51746940612793
209,0.17113762204685518,valid,0.8478491768454594,0.9241787102194703,0.9196958517108847,0.8531145860035888,0.8262164846077458,0.8818229994700583,0.8137307078233103,0.375,0,186,7.585946798324585
210,0.15855374103111605,valid,0.8544875199150292,0.9297837110190365,0.9212912700844312,0.8597748208802457,0.8312716476991588,0.890302066772655,0.8185204896221394,0.125,1,210,7.716293573379517
211,0.15712200429651044,valid,0.8327137546468402,0.9100373892347094,0.9101669440489694,0.8313704496788008,0.8399134667387778,0.8229994700582935,0.8424693986162852,0.1,0,210,7.637219190597534
212,0.17817826575088885,valid,0.8417419012214551,0.9193679168947616,0.9103039613275873,0.8466289243437982,0.822911455727864,0.8717541070482246,0.8116019159127196,0.2,0,210,7.650754928588867
213,0.1410541250821083,valid,0.8475836431226765,0.9240479875047697,0.9180167969044741,0.8525937339496662,0.8271051320378675,0.8797032326444091,0.8153273017562533,0.1,0,210,7.660425901412964
214,0.13933274366201892,valid,0.8170472650026553,0.9065094271242725,0.9034251305205612,0.8297504324190759,0.7773148148148148,0.8897721250662427,0.7440127727514635,0.15000000000000002,0,210,7.659275054931641
215,0.15521470168905874,valid,0.8255443441317047,0.9104040333104603,0.9063571502699281,0.8323551926511865,0.8026574803149606,0.8643349231584526,0.7865886109632784,0.1,0,210,7.722410202026367
216,0.14386537538901453,valid,0.8183749336165693,0.8951744845054803,0.8929911058248454,0.8155339805825242,0.8303130148270181,0.8012718600953895,0.8355508249068654,0.1,0,210,7.547384023666382
217,0.14172092801140201,valid,0.8053637812002125,0.9037679165563208,0.8987106538196545,0.826672972333885,0.7463706233988044,0.926338102808691,0.6838744012772752,0.1,0,210,7.539590120315552
218,0.1711190574832501,valid,0.8305894848645778,0.9142126191557993,0.9100525332328355,0.8415300546448088,0.7919588592800374,0.8977212506624271,0.7631718999467803,0.25,0,210,7.531548023223877
219,0.18242712679409212,valid,0.8204992033988316,0.9038726921518143,0.8973671830609864,0.8259526261585994,0.8032048072108162,0.8500264970853206,0.7908461947844598,0.1,0,210,7.540492534637451
220,0.159000929204687,valid,0.822623473181094,0.9064902488187715,0.902859492577772,0.829938900203666,0.7986281234688878,0.8638049814520403,0.7812666311868015,0.15000000000000002,0,210,7.580597877502441
221,0.13745693317163857,valid,0.838024429102496,0.9145507778072033,0.9069788272542365,0.8417228853139596,0.8246059989832232,0.859565447800742,0.8163916977115487,0.1,0,210,7.638831377029419
222,0.13337138090883532,valid,0.8255443441317047,0.9140424116944793,0.9058124358111113,0.8398732634657567,0.7775270758122743,0.9130895601483837,0.7376263970196913,0.45000000000000007,0,210,7.63993763923645
223,0.14790550931807486,valid,0.8204992033988316,0.9071183383239233,0.8997283337768803,0.8360019408054342,0.770917225950783,0.9130895601483837,0.7275146354443853,0.1,0,210,7.662327527999878
224,0.13878906746545144,valid,0.848380244291025,0.9265123997616249,0.9221290623580678,0.8565687013313238,0.8142311365807068,0.9035506094329624,0.7929749866950505,0.25,0,210,7.647212266921997
225,0.13763937516318214,valid,0.8327137546468402,0.9215858315191503,0.9190600789271335,0.8435948361469712,0.7935544138253152,0.9003709591944886,0.7647684938797232,0.17500000000000002,0,210,7.629462957382202
226,0.1297464085923087,valid,0.82129580456718,0.912166745213109,0.9107416848426263,0.8309469982416479,0.789875835721108,0.8765235824059353,0.7658328898350186,0.4,0,210,7.674647569656372
227,0.14575035257204885,valid,0.8236856080722251,0.9062921200009137,0.9018459939056158,0.8167770419426048,0.8520437535981578,0.7843137254901961,0.863225119744545,0.15000000000000002,0,210,7.552792310714722
228,0.16992340801704314,valid,0.8345724907063197,0.9173804239702872,0.916551283276611,0.8407057018665303,0.8122529644268774,0.8712241653418124,0.7977647684938797,0.125,0,210,7.503176212310791
229,0.1510304963636783,valid,0.8170472650026553,0.8983270594891294,0.8952353373936224,0.8144357662267708,0.828039430449069,0.8012718600953895,0.8328898350186269,0.1,0,210,7.516247272491455
230,0.14606476097457832,valid,0.8080191184280403,0.8975901048968701,0.8925989906386667,0.7967388248524037,0.848502994011976,0.7509273979862215,0.8653539116551358,0.1,0,210,7.533772230148315
231,0.13957994647564426,valid,0.8101433882103027,0.8931393278511581,0.8952468565805077,0.8203968852047224,0.779847182425979,0.8653948065712772,0.7546567323044172,0.1,0,210,7.519456386566162
232,0.1707016561300524,valid,0.8104089219330854,0.8867585927974746,0.890702265743039,0.8068181818181818,0.824212271973466,0.7901430842607313,0.8307610431080362,0.1,0,210,7.551971197128296
233,0.16522326548734018,valid,0.8274030801911842,0.906656366788477,0.9009061071243877,0.8300209205020921,0.8193082085699536,0.8410174880763116,0.8137307078233103,0.125,0,210,7.520723342895508
234,0.17857398681582942,valid,0.8260754115772703,0.916078555467467,0.9127092684233199,0.8398924468345148,0.779491833030853,0.9104398516163222,0.7413517828632251,0.17500000000000002,0,210,7.505011558532715
235,0.18661381099973956,valid,0.8165161975570897,0.8951361278944787,0.8916966541587772,0.811253755804425,0.8370913190529876,0.7869634340222575,0.8461947844598191,0.1,0,210,7.568400859832764
236,0.1784923825292818,valid,0.8414763674986724,0.9197713663950398,0.9167141193853261,0.8456167571761055,0.8257575757575758,0.8664546899841018,0.8163916977115487,0.4,0,210,7.64876914024353
237,0.1514163740700291,valid,0.8364312267657993,0.9168580971792945,0.9124445164183355,0.8383202099737532,0.8304732189287571,0.8463169051404346,0.8265034592868548,0.1,0,210,7.644898176193237
238,0.16548699356855884,valid,0.8133297928836962,0.8948901943298212,0.8948781770444852,0.8183931800568328,0.7983870967741935,0.8394276629570747,0.7871208089409261,0.1,0,210,7.633368492126465
239,0.17944723596015283,valid,0.8279341476367499,0.9146147995035074,0.9073950685039712,0.8404726735598228,0.7848275862068965,0.904610492845787,0.7509313464608834,0.2,0,210,7.628511428833008
240,0.1499672343413676,valid,0.8430695698353691,0.9234049502026838,0.9163337300808028,0.8510209226115453,0.8115384615384615,0.8945416004239534,0.7913783927621075,0.125,0,210,7.64378809928894
241,0.1423882732708608,valid,0.8446627721720659,0.9258420051708096,0.9190145938360793,0.8536402301726295,0.8085308056872038,0.9040805511393747,0.7849920170303353,0.225,0,210,7.700337171554565
242,0.15466133360901185,valid,0.8489113117365905,0.9224525217074446,0.9169281317127569,0.8526288526288526,0.8338399189463019,0.8722840487546369,0.8254390633315594,0.1,0,210,7.567808628082275
243,0.14053033003883977,valid,0.8178438661710037,0.9057245267682609,0.9018703803715752,0.8317802844531633,0.7740757644910999,0.8987811340752517,0.736562001064396,0.17500000000000002,0,210,7.528331756591797
244,0.15926048628264858,valid,0.8449283058948487,0.922961874938834,0.9154633843325234,0.8542914171656687,0.8071664309288071,0.9072602013778485,0.7823310271420969,0.125,0,210,7.516547203063965
245,0.18046816522555967,valid,0.8061603823685608,0.9046795911523708,0.9017587959409874,0.8259418216499762,0.7507585609016039,0.9178590355060944,0.6939861628525812,0.2,0,210,7.520413160324097
246,0.16644170567873987,valid,0.8359001593202336,0.9119972428365504,0.9079020491761187,0.8383045525902669,0.827906976744186,0.848966613672496,0.8227780734433209,0.17500000000000002,0,210,7.551358699798584
247,0.14900319097984221,valid,0.849707912904939,0.9271038248592017,0.9223696324358379,0.8561260803253686,0.82266731802638,0.8924218335983042,0.8068121341138904,0.17500000000000002,0,210,7.503991365432739
248,0.14003363095464244,valid,0.8096123207647371,0.8971030323439301,0.8959933108946834,0.8193499622071051,0.7809798270893372,0.8616852146263911,0.7573177221926557,0.1,0,210,7.5374555587768555
249,0.14677383462267538,valid,0.82129580456718,0.9024963666982264,0.8993128969220592,0.8246939307111227,0.8109631147540983,0.8388977212506624,0.8036189462480042,0.1,0,210,7.512604713439941
250,0.15388851841130563,valid,0.838024429102496,0.9188399494256804,0.9148813131677849,0.8462701612903226,0.8068236424795772,0.8897721250662427,0.7860564129856307,0.125,0,210,7.534776926040649
251,0.14409065474906274,valid,0.847052575677111,0.9189757487506602,0.9153576910209732,0.8494511238891793,0.8380608561113976,0.8611552729199788,0.8328898350186269,0.35,0,210,7.502372980117798
252,0.15141332942631938,valid,0.8313860860329262,0.9137196238908665,0.9122029232224999,0.8382165605095542,0.8071638861629048,0.8717541070482246,0.7908461947844598,0.1,0,210,7.493896245956421
253,0.13944919251145854,valid,0.834306956983537,0.9172303819331338,0.9140810037460231,0.8426626323751891,0.8037518037518038,0.8855325914149443,0.7828632251197446,0.15000000000000002,0,210,7.545187473297119
254,0.13151492599037387,valid,0.830323951141795,0.9113463085851403,0.9085766189762083,0.8381868827551279,0.8026188166828322,0.8770535241123476,0.7833954230973922,0.15000000000000002,0,210,7.502317428588867
255,0.16738268817144056,valid,0.8130642591609134,0.8971670540402343,0.8943708248027946,0.8190231362467867,0.7953070394408387,0.8441971383147854,0.7817988291644492,0.1,0,210,7.538022994995117
256,0.1542692655517209,valid,0.8436006372809347,0.9159632036005576,0.9127775941575429,0.8434759500398619,0.8459488272921108,0.8410174880763116,0.8461947844598191,0.2,0,210,7.526301383972168
257,0.14581483470336085,valid,0.83935209771641,0.9146599249282154,0.9082782844127951,0.8436288446627035,0.8234106962663976,0.8648648648648649,0.8137307078233103,0.15000000000000002,0,210,7.5472517013549805
258,0.1735962617301172,valid,0.8499734466277217,0.9254873475359968,0.9225661477080817,0.8550910489869197,0.8285288270377733,0.8834128245892952,0.8163916977115487,0.125,0,210,7.5715343952178955
259,0.17230141295060034,valid,0.849707912904939,0.9245062925994587,0.9196056860547572,0.8522964509394572,0.8395886889460155,0.8653948065712772,0.8339542309739223,0.225,0,210,8.721301794052124
260,0.15237999118624196,valid,0.8159851301115242,0.9070390867967801,0.9012939404764384,0.830603764360792,0.7708711433756806,0.9003709591944886,0.7312400212879191,0.1,0,210,7.442403554916382
261,0.17395587830293563,valid,0.8305894848645778,0.9067497200108414,0.9055505150200601,0.8316622691292876,0.8281660535995796,0.8351881293057764,0.8259712613092071,0.275,0,210,7.439093351364136
262,0.14679382416990497,valid,0.83935209771641,0.9207081420085834,0.9184189079947388,0.8467966573816156,0.8108632395732299,0.8860625331213566,0.7924427887174029,0.125,0,210,7.434469699859619
263,0.13904055207967758,valid,0.8345724907063197,0.9143890313630163,0.9107872101377402,0.8427958617209185,0.8044315992292871,0.885002649708532,0.7839276210750399,0.125,0,210,7.420521020889282
264,0.13952673599123955,valid,0.8348380244291025,0.9170098314198742,0.9125807978447503,0.8435613682092555,0.8027764480612734,0.8887122416534181,0.7807344332091538,0.125,0,210,7.4115681648254395
265,0.16568461228762904,valid,0.814922995220393,0.8930465386966029,0.8916811227187453,0.815364238410596,0.8151483050847458,0.8155802861685215,0.814262905800958,0.1,0,210,7.413236856460571
266,0.14510664343833923,valid,0.8327137546468402,0.9133431086284607,0.9103691137704537,0.8385443362378268,0.8119106699751861,0.8669846316905141,0.7982969664715274,0.125,0,210,7.448714971542358
267,0.13848841791191407,valid,0.8287307488050982,0.9153698042656501,0.9097194776310186,0.8382242287434161,0.7957142857142857,0.8855325914149443,0.7716870675891432,0.15000000000000002,0,210,7.4444358348846436
268,0.1390701232538108,valid,0.8467870419543282,0.9233319034214378,0.9173165270407524,0.8485166710422684,0.8407908428720083,0.8563857975622682,0.8371474188398084,0.275,0,210,7.470425605773926
269,0.12407326838001609,valid,0.8417419012214551,0.9229269027346854,0.9170699819716484,0.8473360655737705,0.8200297471492315,0.8765235824059353,0.8068121341138904,0.17500000000000002,0,210,7.438331842422485
270,0.12597558187741426,valid,0.8409453000531067,0.9207417040432098,0.9159151028305703,0.843480533054612,0.831958762886598,0.8553259141494436,0.8265034592868548,0.1,0,210,7.424295663833618
271,0.11867250976783614,valid,0.8414763674986724,0.9170448036240229,0.9116016953421809,0.84688381636317,0.8205765407554672,0.8749337572866984,0.8078765300691857,0.17500000000000002,0,210,7.38720703125
272,0.12854085730448847,valid,0.831651619755709,0.9109384875593435,0.9060851646850002,0.8379345603271984,0.8093827160493827,0.8685744568097509,0.7945715806279936,0.1,0,210,7.407367944717407
273,0.12534314333911864,valid,0.8481147105682422,0.9239760688591419,0.9199286878636108,0.8504966021955045,0.8390923156266117,0.8622151563328034,0.8339542309739223,0.35,0,210,7.429945468902588
274,0.13112484002786298,valid,0.8425385023898035,0.9204142626801737,0.916657394416476,0.844967320261438,0.8338493292053664,0.8563857975622682,0.8286322511974454,0.25,0,210,7.4228479862213135
275,0.14391349688653024,valid,0.8430695698353691,0.9200346450448195,0.9142043088943581,0.8441866596361719,0.8399790136411333,0.8484366719660837,0.8376796168174561,0.1,0,210,7.408501625061035
276,0.16921628603050787,valid,0.8385554965480616,0.9134907533774267,0.9067214021587762,0.84,0.8342916884474647,0.8457869634340223,0.8312932410856839,0.1,0,210,7.376984357833862
277,0.14329668158485043,valid,0.8348380244291025,0.9095694949872705,0.9031799189580427,0.8351881293057764,0.8351881293057764,0.8351881293057764,0.83448642895157,0.225,0,210,7.436243057250977
278,0.16602308050759376,valid,0.80323951141795,0.8922111542716996,0.892271943173435,0.793420685809869,0.8370588235294117,0.7541070482246953,0.8525811601915912,0.1,0,210,7.4090895652771
279,0.1743604865285658,valid,0.8438661710037175,0.9218894410172623,0.9186740860858561,0.849153412006157,0.8229736449527598,0.8770535241123476,0.8105375199574242,0.1,0,210,7.437014818191528
280,0.14037982903180585,valid,0.8372278279341476,0.9164105093729737,0.9127381129396932,0.841068187710656,0.8233502538071066,0.859565447800742,0.8147951037786056,0.1,0,210,7.435083866119385
281,0.1348627249319707,valid,0.8438661710037175,0.9215600254168954,0.9180571495480663,0.8486096807415036,0.8252378567851778,0.8733439321674615,0.814262905800958,0.4,0,210,7.432964086532593
282,0.12927827683667983,valid,0.8276686139139671,0.9120680333465607,0.9096974048781863,0.837465564738292,0.7939221272554606,0.8860625331213566,0.7690260777009047,0.1,0,210,7.408941984176636
283,0.13472242713455232,valid,0.8438661710037175,0.9194686029986409,0.9142023676757824,0.848297213622291,0.8265460030165912,0.8712241653418124,0.8163916977115487,0.1,0,210,7.44685959815979
284,0.18192430213093758,valid,0.8364312267657993,0.9207182952291428,0.9153667394897514,0.8465371200797209,0.7987776210625294,0.9003709591944886,0.7722192655667909,0.25,0,210,7.423079490661621
285,0.16860765447058984,valid,0.8308550185873605,0.9122076401292505,0.9054760454102115,0.8310792893131795,0.8317409766454352,0.8304186539480657,0.8312932410856839,0.1,0,210,7.408941984176636
286,0.15883520341688587,valid,0.8146574614976102,0.9034970229911219,0.9015701275583174,0.8246231155778895,0.7840420449116101,0.8696343402225755,0.7594465141032464,0.1,0,210,7.425570487976074
287,0.1441956554509459,valid,0.8462559745087627,0.9242534492041425,0.9197803261635559,0.8550688360450563,0.8102466793168881,0.9051404345521993,0.7871208089409261,0.325,0,210,7.438509702682495
288,0.13013321822208743,valid,0.847052575677111,0.9251174600703449,0.9203545881096169,0.8503896103896104,0.8339276617422313,0.8675145733969264,0.8265034592868548,0.1,0,210,7.4376890659332275
289,0.1382925157104769,valid,0.8319171534784918,0.9043590596199931,0.9023344115259151,0.8354561996360801,0.8198979591836735,0.8516163222045575,0.8121341138903673,0.1,0,210,7.4561357498168945
290,0.13694323049557786,valid,0.8446627721720659,0.9240038491987276,0.9189453243791177,0.851031321619557,0.8191176470588235,0.8855325914149443,0.8036189462480042,0.15000000000000002,0,210,7.43613600730896
291,0.12047226955333064,valid,0.8388210302708444,0.9178799060150217,0.9132741288748855,0.8482120530132533,0.803030303030303,0.8987811340752517,0.778605641298563,0.15000000000000002,0,210,7.431746959686279
292,0.1206834613826246,valid,0.8258098778544876,0.9144931018737488,0.9111778315037439,0.837784371909001,0.7853500231803431,0.8977212506624271,0.7535923363491219,0.1,0,210,7.39381217956543
293,0.12062566198648945,valid,0.813595326606479,0.8937134078636129,0.8923537951668493,0.8175675675675675,0.8021417644059153,0.8335983041865395,0.7935071846726982,0.1,0,210,7.436103820800781
294,0.1116415681017022,valid,0.8438661710037175,0.9255661760122831,0.9209695202670246,0.8541666666666666,0.8027972027972028,0.9125596184419714,0.7748802554550293,0.25,0,210,7.4144980907440186
295,0.11927862537484016,valid,0.8305894848645778,0.9122395099604503,0.9101821213660236,0.8388074785245073,0.8015451472718493,0.8797032326444091,0.7812666311868015,0.125,0,210,7.4169182777404785
296,0.13506092635854597,valid,0.8085501858736059,0.892777760385687,0.8927166432624545,0.7986595922926557,0.8441558441558441,0.7578166401695814,0.8594997339010112,0.1,0,210,7.40925145149231
297,0.1355427057752686,valid,0.8000531067445565,0.8823887594823324,0.8821506658263019,0.8001061852933369,0.801595744680851,0.798622151563328,0.8014901543374136,0.1,0,210,7.429802179336548
298,0.16443691150315345,valid,0.8266064790228359,0.9130715099785006,0.9064057343686621,0.8403032526290046,0.7801998183469573,0.9104398516163222,0.7424161788185205,0.225,0,210,7.409271240234375
299,0.13566845144716003,valid,0.8404142326075411,0.9153916618932427,0.9096204677892648,0.846644552181679,0.8164370078740157,0.8791732909379968,0.8014901543374136,0.275,0,210,7.4135096073150635
300,0.12343946267520228,valid,0.8258098778544876,0.907931442070377,0.9044429229663802,0.8373822508676252,0.7866790870982767,0.8950715421303657,0.7562533262373603,0.1,0,210,7.415256023406982
301,0.12564571129698907,valid,0.8305894848645778,0.9084410773356709,0.9039351113150516,0.8306794055201698,0.8320042530568846,0.8293587705352411,0.8318254390633315,0.125,0,210,7.4109930992126465
302,0.12728342960678762,valid,0.7976633032395114,0.8714077694135923,0.8797180010481822,0.7968,0.8019323671497585,0.7917329093799682,0.8036189462480042,0.1,0,210,7.407516717910767
303,0.1435669179885618,valid,0.8433351035581519,0.9202371453881956,0.9147467946196055,0.8475452196382429,0.827029752899647,0.8691043985161632,0.817456093666844,0.1,0,210,7.4097723960876465
304,0.17711244799917744,valid,0.8382899628252788,0.9181052511046561,0.9149127632116241,0.8414475397032023,0.827021494370522,0.8563857975622682,0.8201170835550825,0.2,0,210,7.416821241378784
305,0.15086116822015855,valid,0.8292618162506639,0.9097471763470574,0.9032670926227556,0.8359275325338097,0.8061023622047244,0.8680445151033387,0.7903139968068121,0.15000000000000002,0,210,7.423786640167236
306,0.15395998245766085,valid,0.8348380244291025,0.9135396862598439,0.9106603043659147,0.8381893860561914,0.8231987736331119,0.8537360890302067,0.815859499733901,0.15000000000000002,0,210,7.38984751701355
307,0.14091585540483076,valid,0.8377588953797133,0.9207445243822541,0.9182188214243797,0.8468287791426423,0.8035204567078973,0.8950715421303657,0.7802022352315061,0.25,0,210,7.427145004272461
308,0.1328639831514128,valid,0.8382899628252788,0.9189885812933116,0.9137168679999564,0.8458618071374335,0.809593023255814,0.8855325914149443,0.7908461947844598,0.125,0,210,7.413591146469116
309,0.13172208986455394,valid,0.8297928836962294,0.9125847194594651,0.906642395461089,0.8359355003839263,0.8084158415841585,0.8653948065712772,0.7940393826503459,0.1,0,210,7.426050424575806
310,0.12559136207545957,valid,0.8266064790228359,0.9080222569876015,0.9045453686598167,0.8306974332382681,0.8131979695431472,0.848966613672496,0.8041511442256519,0.375,0,210,7.413689136505127
311,0.150426855551139,valid,0.8335103558151885,0.9152349920593355,0.9080999648107937,0.8402547770700637,0.8091265947006869,0.8738738738738738,0.7929749866950505,0.125,0,210,7.421348333358765
312,0.13558435944780226,valid,0.828996282527881,0.9047199220007032,0.8964862112920627,0.8257575757575758,0.8435599778883361,0.8086910439851617,0.8493879723257052,0.1,0,210,7.406749486923218
313,0.15310883089419333,valid,0.8335103558151885,0.9184377690779719,0.9149407603181797,0.8439910425478975,0.7954971857410882,0.8987811340752517,0.7679616817456094,0.2,0,210,7.415112733840942
314,0.1434298377604254,valid,0.832979288369623,0.9135106367676883,0.906907205462431,0.8373416084820274,0.8176767676767677,0.8579756226815051,0.8078765300691857,0.1,0,210,7.449096441268921
315,0.17234473209828138,valid,0.807222517259692,0.8977948615114817,0.897228113054104,0.8115264797507789,0.7954198473282442,0.8282988871224165,0.7860564129856307,0.1,0,210,7.402480602264404
316,0.12921858927415264,valid,0.8228890069038768,0.908433180386347,0.9061214249059295,0.8315231118969437,0.7944015444015444,0.8722840487546369,0.7732836615220862,0.375,0,210,7.401868581771851
317,0.14630469127047446,valid,0.8143919277748274,0.9008927219176727,0.8984515307072346,0.8217291507268554,0.7920353982300885,0.8537360890302067,0.7748802554550293,0.1,0,210,7.453878879547119
318,0.14892746291814313,valid,0.8234200743494424,0.9083049959767864,0.9026385264482834,0.8356807511737089,0.7828703703703703,0.8961314255431903,0.7503991484832357,0.15000000000000002,0,210,7.42950439453125
319,0.1467296107401771,valid,0.8388210302708444,0.9234514857969136,0.9193033783188853,0.8484394506866417,0.8021718602455147,0.9003709591944886,0.77700904736562,0.35,0,210,7.424661636352539
320,0.12323128257787996,valid,0.8133297928836962,0.900950820901984,0.9006408451859145,0.8083946579449441,0.8322109988776656,0.785903550609433,0.8408728046833422,0.1,0,210,7.420454978942871
321,0.13588838086974236,valid,0.8319171534784918,0.9188207711201792,0.915080805246848,0.8412340105342363,0.7985714285714286,0.8887122416534181,0.7748802554550293,0.125,0,210,7.449338674545288
322,0.12725206518605833,valid,0.8332448220924057,0.9153799574862093,0.9145741726640336,0.8375581996896017,0.818089944416372,0.8579756226815051,0.8084087280468334,0.1,0,210,7.437369346618652
323,0.11781756880302582,valid,0.832979288369623,0.9129434665858922,0.9100393535294353,0.8385937900949448,0.8129353233830846,0.8659247482776895,0.7998935604044705,0.15000000000000002,0,210,7.425349235534668
324,0.13609718951967456,valid,0.8236856080722251,0.9087845946312589,0.9047668474719868,0.834,0.7893989588263133,0.8839427662957074,0.7631718999467803,0.15000000000000002,0,210,7.427741289138794
325,0.138484220110601,valid,0.8335103558151885,0.9134140401554233,0.9051891469259389,0.8440686396418802,0.7952202436738519,0.899311075781664,0.7674294837679617,0.275,0,210,7.432065725326538
326,0.159402658982623,valid,0.8327137546468402,0.9121399519921887,0.9060245015645825,0.8394495412844036,0.8085419734904271,0.8728139904610492,0.7924427887174029,0.375,0,210,7.455295085906982
327,0.14041734594971902,valid,0.8438661710037175,0.9213829081249174,0.9166855613120448,0.8509127789046653,0.8157510938259601,0.8892421833598304,0.7982969664715274,0.275,0,210,7.4237916469573975
328,0.1398506609182204,valid,0.8404142326075411,0.919170493161665,0.9152129227506819,0.8488050314465408,0.8079501915708812,0.8940116587175411,0.7865886109632784,0.5,0,210,7.416875123977661
329,0.14446653374620982,valid,0.814922995220393,0.9058563776185788,0.9008081998273987,0.8291247854866389,0.771441605839416,0.8961314255431903,0.7333688131985099,0.1,0,210,7.406682729721069
330,0.1436991397171251,valid,0.7899628252788105,0.8785017682115637,0.874481578516252,0.7952368625420657,0.7773279352226721,0.8139904610492846,0.7658328898350186,0.1,0,210,7.430976152420044
331,0.16805881117620775,valid,0.847052575677111,0.9254767712645807,0.9169484775472365,0.8518518518518519,0.8275862068965517,0.8775834658187599,0.8163916977115487,0.125,0,210,7.414498567581177
332,0.1301804464911261,valid,0.8332448220924057,0.9179755155086212,0.911637051426703,0.8399592252803262,0.8090328915071183,0.8733439321674615,0.7929749866950505,0.125,0,210,7.375622034072876
333,0.13027646873266466,valid,0.8417419012214551,0.9194316565571614,0.914191259750813,0.8484231943031536,0.8156479217603912,0.8839427662957074,0.7993613624268228,0.125,0,210,7.407192945480347
334,0.12660298039836268,valid,0.8401486988847584,0.91688714667145,0.9113772323123325,0.8435550935550935,0.8276389597144315,0.8600953895071543,0.8201170835550825,0.25,0,210,7.412627696990967
335,0.12052376640419807,valid,0.8295273499734467,0.9139398923702214,0.910960055461592,0.834108527131783,0.8139183055975794,0.8553259141494436,0.8036189462480042,0.1,0,210,7.392099857330322
336,0.12252747183365206,valid,0.8520977164099841,0.9274301380866199,0.9190052069575307,0.8589516333248923,0.8225024248302619,0.8987811340752517,0.8052155401809473,0.4,0,210,7.409663915634155
337,0.11535189757424016,valid,0.8385554965480616,0.9137307642300911,0.9090105393300267,0.8387267904509284,0.8396176314391928,0.8378378378378378,0.8392762107503992,0.1,0,210,7.420089244842529
338,0.1315900456881331,valid,0.8481147105682422,0.9241915427621215,0.9169869695765837,0.8548959918822933,0.8199513381995134,0.8929517753047165,0.8030867482703565,0.17500000000000002,0,210,7.452435731887817
339,0.12426781882682154,valid,0.8194370685077005,0.9070283695084121,0.9009284601821128,0.8073654390934845,0.8673158855751674,0.7551669316375199,0.8839808408728047,0.1,0,210,7.3989479541778564
340,0.1447957971644017,valid,0.8035050451407328,0.887371734505692,0.8886843905870295,0.8095728255275347,0.7868934467233617,0.8335983041865395,0.7732836615220862,0.1,0,210,7.436092853546143
341,0.16332920412382773,valid,0.8197026022304833,0.9014723015912633,0.8980717002153427,0.8200371057513914,0.820254506892895,0.8198198198198198,0.8195848855774348,0.1,0,210,7.399778127670288
342,0.14468570738550154,valid,0.8417419012214551,0.9171021975235731,0.911478288059194,0.8471794871794872,0.8206656731246895,0.8754636989931107,0.8078765300691857,0.5,0,210,7.402559280395508
343,0.16018631681799889,valid,0.8242166755177908,0.9079551329183488,0.9033174011948232,0.832574607991907,0.7963231736816643,0.8722840487546369,0.7759446514103246,0.30000000000000004,0,210,7.402067184448242
344,0.1492704539409568,valid,0.8324482209240573,0.9129711059085257,0.9103746721404704,0.835548605681522,0.8220512820512821,0.8494965553789083,0.8153273017562533,0.125,0,210,7.4217047691345215
345,0.12516307410213254,valid,0.8433351035581519,0.9235765678335255,0.9210000277021504,0.8507085020242915,0.814043583535109,0.8908320084790673,0.795635976583289,0.125,0,210,7.420618534088135
346,0.13020454503355489,valid,0.7631439192777483,0.8806649682584942,0.8776484478739008,0.7241805813234384,0.8693392724573126,0.620561738208797,0.9063331559340074,0.1,0,210,7.399673700332642
347,0.14699580412237875,valid,0.7830589484864577,0.8734150047113763,0.8788543663024948,0.7570621468926554,0.8624661246612466,0.6746157922628511,0.8919638105375199,0.1,0,210,7.412476301193237
348,0.14049536891041264,valid,0.8467870419543282,0.9212495060881248,0.9182324901979314,0.8508658568105454,0.8304742684157417,0.8722840487546369,0.8211814795103779,0.25,0,210,7.400476455688477
349,0.12986461385603873,valid,0.7987254381306426,0.873951151163686,0.876083507759134,0.7964554242749732,0.8072945019052804,0.785903550609433,0.8116019159127196,0.1,0,210,7.403994798660278
350,0.12212532692618909,valid,0.8138608603292619,0.9028280385698286,0.9039088550369733,0.8271270036991368,0.7735239852398524,0.8887122416534181,0.7386907929749867,0.1,0,210,7.403867244720459
351,0.12311255595376415,valid,0.8077535847052576,0.8932899339561207,0.892507153901346,0.8158697863682605,0.7843520782396088,0.8500264970853206,0.7653006918573709,0.1,0,210,7.404178142547607
352,0.15250585997296917,valid,0.8390865639936272,0.9242736146283089,0.918249494755305,0.85,0.7974918718067813,0.9099099099099099,0.7679616817456094,0.30000000000000004,0,210,7.423527240753174
353,0.1563662985159505,valid,0.8324482209240573,0.9135176876152988,0.9068539588787847,0.8288581502576621,0.8488888888888889,0.8097509273979863,0.8552421500798297,0.1,0,210,7.410845756530762
354,0.1640035564139966,valid,0.8093467870419543,0.8918022051102851,0.8892651282006515,0.8151390319258497,0.7926890335503255,0.8388977212506624,0.7796700372538584,0.15000000000000002,0,210,7.421789884567261
355,0.13051618094886502,valid,0.8247477429633564,0.9080730230903978,0.9054969651005618,0.8287493513233005,0.8118962887646162,0.8463169051404346,0.8030867482703565,0.5,0,210,7.409274339675903
356,0.11476427352716846,valid,0.804567180031864,0.8936605265065334,0.8918026034056997,0.8169154228855722,0.7698077824660103,0.8701642819289878,0.7386907929749867,0.2,0,210,7.402400016784668
357,0.13048735933919106,valid,0.8300584174190122,0.9151976225669993,0.912800117111418,0.839518555667001,0.7967634459781057,0.8871224165341812,0.7727514635444386,0.1,0,210,7.420809745788574
358,0.13263235127012576,valid,0.8433351035581519,0.9207061677712525,0.9149000555968331,0.84979633401222,0.8177364037236649,0.8844727080021197,0.8020223523150612,0.25,0,210,7.4233717918396
359,0.11584825044678103,valid,0.8066914498141264,0.8909984084826773,0.8918904855305901,0.8085218306154656,0.8026109660574412,0.8145204027556969,0.7988291644491751,0.1,0,210,7.43195915222168
360,0.13722321829728543,valid,0.8311205523101434,0.9127347614966187,0.907860378805561,0.8421052631578947,0.7921531994395142,0.8987811340752517,0.7631718999467803,0.1,0,210,7.447064638137817
361,0.12015300868980346,valid,0.817578332448221,0.8991896601858097,0.8960562831412137,0.8239815526518063,0.7976190476190477,0.8521462639109698,0.7828632251197446,0.1,0,210,7.423133850097656
362,0.1200332603146953,valid,0.8244822092405736,0.9038898962199842,0.9029273303749368,0.8248078452160085,0.8250265111346765,0.8245892951775304,0.824374667376264,0.25,0,210,7.428415298461914
363,0.1219805488663335,valid,0.823951141795008,0.9083897471650657,0.9016573897237163,0.8317685866531337,0.7979552093476144,0.8685744568097509,0.7791378392762107,0.1,0,210,7.433185815811157
364,0.11304027683311893,valid,0.8374933616569304,0.9158337500384272,0.9080481888136954,0.8458438287153652,0.8060489678348536,0.8897721250662427,0.7849920170303353,0.35,0,210,7.402266263961792
365,0.15189550396415494,valid,0.8377588953797133,0.9197017040206472,0.9145374769173158,0.8481987577639751,0.7984097287184284,0.904610492845787,0.7706226716338478,0.125,0,210,7.417843341827393
366,0.1237097031046306,valid,0.8425385023898035,0.9205282043775611,0.9160416772344141,0.8463332469551698,0.8280933062880325,0.8653948065712772,0.8195848855774348,0.1,0,210,7.434541702270508
367,0.11102973819980698,valid,0.8390865639936272,0.917741709401854,0.9149651763857287,0.845958312150483,0.8128969223253542,0.8818229994700583,0.7961681745609367,0.17500000000000002,0,210,7.431320428848267
368,0.11293141916394234,valid,0.8305894848645778,0.9060229186391413,0.9030562186171979,0.8335073068893528,0.8210796915167096,0.8463169051404346,0.8147951037786056,0.275,0,210,7.394761085510254
369,0.13130435996478604,valid,0.8255443441317047,0.9104461973791718,0.9065465542631462,0.836851254035262,0.7873831775700935,0.8929517753047165,0.7578499201703034,0.125,0,210,7.447367191314697
370,0.13483005287426134,valid,0.8420074349442379,0.9209253081149897,0.9177358495056028,0.8473184500898127,0.8213930348258707,0.8749337572866984,0.8089409260244811,0.325,0,210,7.403668403625488
371,0.1182038567719921,valid,0.8462559745087627,0.922743016629001,0.9199977878558722,0.8494931115154666,0.8336734693877551,0.8659247482776895,0.8265034592868548,0.125,0,210,7.3981945514678955
372,0.13235173879131193,valid,0.8250132766861391,0.9081481851259268,0.9059092198333087,0.8305476986371818,0.8066933066933067,0.8558558558558559,0.7940393826503459,0.1,0,210,7.389554262161255
373,0.1191116186279443,valid,0.8406797663303239,0.9202140186080329,0.9137216307419918,0.8483316481294236,0.8110198163363944,0.8892421833598304,0.7919105907397552,0.475,0,210,7.3835132122039795
374,0.12881527444527996,valid,0.8425385023898035,0.919799992836339,0.9166165361156036,0.8430801799417835,0.8419661733615222,0.8441971383147854,0.8408728046833422,0.125,0,210,7.3948681354522705
375,0.11882455526821074,valid,0.8340414232607541,0.9176224090602828,0.9117351168225878,0.8436327245434075,0.7990521327014218,0.8934817170111288,0.7743480574773816,0.17500000000000002,0,210,7.399442911148071
376,0.1627193071669148,valid,0.8279341476367499,0.9146748727251498,0.9081222028329863,0.8399209486166008,0.7866728366496992,0.9009009009009009,0.7546567323044172,0.125,0,210,7.395604133605957
377,0.13180495570263556,valid,0.8425385023898035,0.9188458721376732,0.9129185733201849,0.8443977958541066,0.8362785862785863,0.8526762056173821,0.8323576370409792,0.125,0,210,7.407191753387451
378,0.1611960888389618,valid,0.832979288369623,0.910557459754467,0.9076046465012388,0.8410411928228456,0.8038647342995169,0.8818229994700583,0.7839276210750399,0.125,0,210,7.3961100578308105
379,0.13191161875522905,valid,0.847052575677111,0.9209463196408695,0.912294188254575,0.8546188793538617,0.8159036144578313,0.8971913089560148,0.7967003725385844,0.2,0,210,7.387912034988403
380,0.11150851534799702,valid,0.8430695698353691,0.9228594966315281,0.9188349985428913,0.8488104374520338,0.8204747774480712,0.8791732909379968,0.8068121341138904,0.275,0,210,7.380873680114746
381,0.11246256578353143,valid,0.831651619755709,0.9115043885885699,0.906359643100142,0.8355809128630706,0.8181818181818182,0.8537360890302067,0.8094731240021288,0.1,0,210,7.412181615829468
382,0.13422814059642055,valid,0.8292618162506639,0.911664301812378,0.9046389740197932,0.8385638965603817,0.7967557251908397,0.885002649708532,0.7732836615220862,0.125,0,210,7.385627031326294
383,0.1205997386526677,valid,0.8268720127456187,0.9046223382697727,0.8984331827141125,0.8329062019477191,0.8064516129032258,0.8611552729199788,0.7924427887174029,0.1,0,210,7.416318655014038
384,0.13621890160345262,valid,0.8228890069038768,0.9025524914452066,0.9032987468157019,0.8214190093708166,0.8300865800865801,0.81293057763646,0.8328898350186269,0.1,0,210,7.377513647079468
385,0.14203534203190957,valid,0.8369622942113648,0.9147326896755568,0.907172922903782,0.8411795137092603,0.8216270843860536,0.8616852146263911,0.8121341138903673,0.1,0,210,7.389176607131958
386,0.1336888077278291,valid,0.82129580456718,0.8995485483291888,0.8941934406944693,0.8258732212160413,0.8068756319514662,0.8457869634340223,0.7967003725385844,0.1,0,210,7.397446632385254
387,0.1579781347705472,valid,0.8377588953797133,0.914910653069248,0.9076509416141539,0.8448056896113793,0.811219512195122,0.881293057763646,0.7940393826503459,0.125,0,210,7.407219648361206
388,0.12258636645011363,valid,0.830323951141795,0.9049535870905185,0.9003048976670551,0.8356904088454615,0.8116883116883117,0.8611552729199788,0.7993613624268228,0.1,0,210,7.420604944229126
389,0.13780616235829168,valid,0.8335103558151885,0.9070189213726139,0.9028960993505435,0.8376909137975667,0.8188259109311741,0.8574456809750928,0.8094731240021288,0.275,0,210,7.401780128479004
390,0.12812937748047612,valid,0.8279341476367499,0.911879211647549,0.908520458091299,0.8367758186397984,0.7974075852136342,0.8802331743508214,0.775412453432677,0.225,0,210,7.403640031814575
391,0.12075021190028037,valid,0.8332448220924057,0.9161775493679197,0.9131653348912232,0.8418136020151133,0.8022083533365338,0.8855325914149443,0.7807344332091538,0.125,0,210,7.408151626586914
392,0.12562657640345634,valid,0.8401486988847584,0.9165708456476387,0.9104266239644806,0.8424908424908425,0.8320413436692506,0.8532061473237944,0.8270356572645023,0.275,0,210,7.572259426116943
393,0.12056016537450975,valid,0.8361656930430165,0.9144248496688782,0.9079844678387387,0.8391134289439374,0.8259753593429158,0.8526762056173821,0.8195848855774348,0.275,0,210,7.6062235832214355
394,0.11624994825932287,valid,0.8335103558151885,0.9149402666292126,0.9096502587454324,0.8422641509433962,0.8017241379310345,0.8871224165341812,0.7796700372538584,0.2,0,210,7.496201276779175
395,0.11234763366801123,valid,0.8151885289431758,0.893811978713209,0.8918340217728324,0.8130037614185922,0.8245231607629427,0.8018018018018018,0.8286322511974454,0.1,0,210,7.422818899154663
396,0.13139068143021676,valid,0.830323951141795,0.9123313119963404,0.9089653133013973,0.8339828526890102,0.8180428134556575,0.8505564387917329,0.8100053219797765,0.1,0,210,7.496808767318726
397,0.12714675549537904,valid,0.8125331917153479,0.8984051828806549,0.8897530349721086,0.8132275132275132,0.8119387216059165,0.8145204027556969,0.8105375199574242,0.1,0,210,7.54049825668335
398,0.14668979471729648,valid,0.8250132766861391,0.9050514528553536,0.8988838266292618,0.83141468406242,0.8036597428288823,0.8611552729199788,0.788717402873869,0.1,0,210,7.7056310176849365
399,0.1276756812848391,valid,0.831651619755709,0.9102765539856608,0.9041174538956458,0.8414207103551776,0.7967787778304122,0.8913619501854796,0.7716870675891432,0.15000000000000002,0,210,7.768929481506348
400,0.12383409733733823,valid,0.8003186404673394,0.8835242279815425,0.8791345552770699,0.7874505370265686,0.8437310720775287,0.7382087970323264,0.8626929217668973,0.1,0,210,7.853401184082031
401,0.16078371849031217,valid,0.8313860860329262,0.9109686651871167,0.9035159870656055,0.8402515723270441,0.7998084291187739,0.885002649708532,0.7775412453432677,0.225,0,210,7.834347248077393
402,0.11968641427736129,valid,0.8364312267657993,0.9156604402041586,0.9113000577322076,0.8420512820512821,0.8156979632389468,0.8701642819289878,0.8025545502927088,0.225,0,210,7.853139638900757
403,0.11000236769717547,valid,0.8366967604885821,0.9134556401563259,0.9069777047936535,0.8437896875793751,0.8102439024390244,0.8802331743508214,0.7929749866950505,0.1,0,210,7.841212272644043
404,0.11352727075497951,valid,0.8327137546468402,0.9110333919681821,0.9087830490595064,0.8406676783004552,0.8040638606676342,0.8807631160572337,0.7844598190526876,0.225,0,210,7.84844708442688
405,0.13788903841087896,valid,0.8178438661710037,0.9028599084010286,0.8994767267473971,0.8316977428851815,0.7743261763362266,0.8982511923688394,0.7370941990420437,0.2,0,210,7.856677055358887
406,0.12044474386399792,valid,0.8356346255974508,0.9158515181744058,0.910638252048142,0.843805198082261,0.8053949903660886,0.8860625331213566,0.7849920170303353,0.2,0,210,7.873766660690308
407,0.15127936185848329,valid,0.8409453000531067,0.9140019398291948,0.9031525119632955,0.8448588448588449,0.8262411347517731,0.8643349231584526,0.817456093666844,0.125,0,210,7.902606248855591
408,0.13354524188945371,valid,0.8459904407859798,0.9226084864565909,0.9156134788355575,0.8514344262295082,0.8239960337134358,0.8807631160572337,0.8110697179350719,0.15000000000000002,0,210,7.8731372356414795
409,0.1371897633277601,valid,0.8388210302708444,0.9123875777602729,0.9052611308470631,0.8462902000506457,0.8103782735208536,0.8855325914149443,0.7919105907397552,0.15000000000000002,0,210,7.882109880447388
410,0.12226328217694836,valid,0.8369622942113648,0.9175550029571254,0.9109610511453317,0.8468827930174564,0.7998115873763542,0.8998410174880763,0.7738158594997339,0.1,0,210,7.866313695907593
411,0.11693357399875118,valid,0.8433351035581519,0.9192937419778981,0.9125897913947271,0.8471502590673575,0.8286872782564623,0.8664546899841018,0.8201170835550825,0.17500000000000002,0,210,7.893178701400757
412,0.11453382298350334,valid,0.8197026022304833,0.9049164996320869,0.8998104548468749,0.8161386406715407,0.8344407530454042,0.798622151563328,0.8408728046833422,0.1,0,210,7.8386735916137695
413,0.12244127234143595,valid,0.8127987254381307,0.8967042364030751,0.8950500524458849,0.8227307015338194,0.7827751196172249,0.8669846316905141,0.7583821181479511,0.125,0,210,7.877663850784302
414,0.11706615401612173,valid,0.845724907063197,0.9231308132475837,0.9201658979278814,0.8541300527240774,0.8115458015267175,0.9014308426073132,0.7897817988291644,0.125,0,210,7.85236382484436
415,0.11079094498868912,valid,0.8467870419543282,0.924312958357976,0.9187817414011369,0.8553522186011532,0.8116079923882017,0.9040805511393747,0.7892496008515167,0.15000000000000002,0,210,7.897637367248535
416,0.11132493825449098,valid,0.8337758895379713,0.9084117458096108,0.9037379566861858,0.8383264462809917,0.8176322418136021,0.8600953895071543,0.807344332091538,0.1,0,210,7.871134996414185
417,0.10148945892409932,valid,0.832979288369623,0.9151131534126243,0.9083368530084024,0.8431812515582149,0.7961393596986818,0.8961314255431903,0.7695582756785524,0.25,0,210,7.883240222930908
418,0.102602687754458,valid,0.8345724907063197,0.9115207465550264,0.9061270357142704,0.8423981785985327,0.8059051306873185,0.8823529411764706,0.7865886109632784,0.1,0,210,7.8564534187316895
419,0.1345741284951087,valid,0.8481147105682422,0.9223371698405353,0.9151949556172341,0.8540816326530613,0.823413674372848,0.8871224165341812,0.8089409260244811,0.225,0,210,7.875354051589966
420,0.10987476250457187,valid,0.8401486988847584,0.9153403317226378,0.9096880123977243,0.848209783156833,0.809042809042809,0.8913619501854796,0.788717402873869,0.15000000000000002,0,210,7.853910684585571
421,0.10132426588285354,valid,0.8382899628252788,0.913797888299344,0.9073877504077086,0.8457837427196758,0.8098933074684772,0.885002649708532,0.7913783927621075,0.15000000000000002,0,210,7.8871705532073975
422,0.11825270392000675,valid,0.8178438661710037,0.9001676127493989,0.8961473839710008,0.811848601206802,0.8413871517907903,0.7843137254901961,0.8515167642362959,0.1,0,210,7.870788812637329
423,0.10883339170006014,valid,0.8345724907063197,0.9124225499644214,0.9064737076668129,0.8354029062087186,0.832982086406744,0.8378378378378378,0.8312932410856839,0.1,0,210,7.861968040466309
424,0.11440058220778743,valid,0.8396176314391928,0.9197221514787179,0.9138964177721056,0.8489244622311155,0.8038844149692089,0.899311075781664,0.7796700372538584,0.25,0,210,7.864936828613281
425,0.14011943039874877,valid,0.8382899628252788,0.9173488361729917,0.9109578933569773,0.8343758498776176,0.8569832402234637,0.81293057763646,0.8637573177221927,0.1,0,210,7.874794960021973
426,0.13344201902228017,valid,0.8321826872012745,0.9131638760821993,0.9077136907364849,0.8416040100250627,0.7983832620066571,0.8897721250662427,0.7743480574773816,0.1,0,210,7.895428895950317
427,0.11483216213603173,valid,0.8451938396176314,0.9222161772955375,0.9172631601132074,0.8456446915541435,0.8449735449735449,0.8463169051404346,0.8440659925492283,0.1,0,210,7.866832733154297
428,0.12404604202076312,valid,0.8332448220924057,0.9088288739542536,0.9072629498917579,0.8315450643776824,0.841933731667572,0.8214096449390567,0.8451303885045237,0.1,0,210,7.8725457191467285
429,0.1458579417197935,valid,0.8260754115772703,0.9081082773284508,0.9030891197196571,0.8218656513462061,0.8441340782122905,0.8007419183889772,0.8515167642362959,0.1,0,210,7.86338472366333
430,0.12686432068867068,valid,0.8446627721720659,0.9209827020145399,0.9161050527278646,0.8504218869854258,0.8216403162055336,0.881293057763646,0.8078765300691857,0.2,0,210,7.884770154953003
431,0.12350492035188983,valid,0.8353690918746681,0.9160991439424898,0.908946218485301,0.829763866007688,0.860968660968661,0.8007419183889772,0.8701436934539649,0.1,0,210,7.902780294418335
432,0.12197490877682163,valid,0.7620817843866171,0.870836650757134,0.8699661412225348,0.7244772447724477,0.863003663003663,0.6242713301536831,0.9004789781798829,0.1,0,210,7.85642409324646
433,0.13870286400760373,valid,0.831651619755709,0.9129785798069929,0.9090990656646379,0.8417373939091363,0.7956583294006607,0.8934817170111288,0.7695582756785524,0.125,0,210,7.860512733459473
434,0.14931885801976727,valid,0.834306956983537,0.9161727547915446,0.9141822529010359,0.8417849898580122,0.8070004861448712,0.8797032326444091,0.788717402873869,0.45000000000000007,0,210,7.843713045120239
435,0.1411077042500819,valid,0.8292618162506639,0.9127296848863389,0.9046225388698781,0.8351704691104845,0.8088381330685204,0.863275039745628,0.7951037786056413,0.17500000000000002,0,210,7.848703861236572
436,0.13378267278594355,valid,0.8305894848645778,0.9135989133797731,0.9107873785605203,0.8400200601805417,0.7972394098048549,0.8876523582405935,0.7732836615220862,0.1,0,210,7.81469988822937
437,0.11684963209254126,valid,0.8361656930430165,0.9150581568012616,0.9095864465104228,0.8433612592028433,0.8094541910331384,0.8802331743508214,0.7919105907397552,0.17500000000000002,0,210,7.828538179397583
438,0.14075372848779924,valid,0.8388210302708444,0.9208883616735102,0.9153294261400566,0.8486661680378957,0.8013182674199624,0.9019607843137255,0.775412453432677,0.1,0,210,7.814437389373779
439,0.11358842674282289,valid,0.8404142326075411,0.9158467235980308,0.9107306579070074,0.8427113321120125,0.8324715615305067,0.8532061473237944,0.82756785524215,0.2,0,210,7.844115257263184
440,0.10622583461865302,valid,0.851035581518853,0.9217458857599107,0.9170460799076783,0.8544747081712062,0.836890243902439,0.8728139904610492,0.8291644491750931,0.125,0,210,7.850204944610596
441,0.10665743942222287,valid,0.8425385023898035,0.9237081366499391,0.9191158031856821,0.8511172483052976,0.8086832061068703,0.8982511923688394,0.7865886109632784,0.125,0,210,7.8474225997924805
442,0.12779917814318212,valid,0.8247477429633564,0.8977722987991279,0.8918440428768366,0.8290155440414507,0.8109477952356817,0.8479067302596714,0.8014901543374136,0.15000000000000002,0,210,7.825855255126953
443,0.11539906335453834,valid,0.8361656930430165,0.9147751357781724,0.9098802975533425,0.8465555831882616,0.7975632614807873,0.9019607843137255,0.7700904736562001,0.1,0,210,7.858267068862915
444,0.11354006340186443,valid,0.8377588953797133,0.9122582652150946,0.9054560487989726,0.8455900935051807,0.8082125603864734,0.8865924748277689,0.788717402873869,0.225,0,210,7.8280041217803955
445,0.15918312239791116,valid,0.8351035581518853,0.9118091262222996,0.9078092254548644,0.8408100487054602,0.814299900695134,0.8691043985161632,0.8009579563597659,0.225,0,210,7.817174434661865
446,0.10975221349226852,valid,0.8412108337758896,0.9193932999461598,0.9166547435988397,0.8446753246753247,0.8283239938869078,0.8616852146263911,0.8206492815327302,0.1,0,210,7.82150411605835
447,0.10319444789521155,valid,0.8502389803505045,0.9242858831031512,0.9189645708097444,0.8554587391081496,0.828287841191067,0.8844727080021197,0.815859499733901,0.15000000000000002,0,210,7.831678867340088
448,0.12873146785122733,valid,0.8197026022304833,0.9053215003188395,0.8984481427220322,0.8215505913272011,0.8149113660062565,0.8282988871224165,0.8110697179350719,0.1,0,210,7.796980857849121
449,0.1253141101089216,valid,0.8359001593202336,0.9176943277059106,0.91475252595467,0.8451127819548873,0.8017118402282454,0.8934817170111288,0.7780734433209153,0.1,0,210,7.853527307510376
450,0.13431066046318701,valid,0.817578332448221,0.9022095382174273,0.8928771768502042,0.8209538702111024,0.8076923076923077,0.834658187599364,0.8004257583821182,0.1,0,210,7.840234041213989
451,0.10792781268396685,valid,0.8276686139139671,0.9093764427796924,0.9061642692693421,0.8331190537413217,0.8091908091908092,0.8585055643879174,0.7967003725385844,0.125,0,210,7.835319519042969
452,0.11418216915861253,valid,0.8292618162506639,0.9100252617768193,0.9088837800848846,0.8339788277820811,0.8131923464249748,0.8558558558558559,0.8025545502927088,0.1,0,210,7.85999321937561
453,0.1089514822759215,valid,0.8324482209240573,0.9120419452104015,0.9088002512829938,0.8389895381474866,0.8090551181102362,0.8712241653418124,0.7935071846726982,0.15000000000000002,0,210,7.835743427276611
454,0.09815698845552341,valid,0.8382899628252788,0.9191696470599517,0.915790292127784,0.8457837427196758,0.8098933074684772,0.885002649708532,0.7913783927621075,0.1,0,210,7.840787649154663
455,0.09784026329796161,valid,0.8356346255974508,0.9121948075865992,0.9092425842316108,0.8385919165580182,0.8254620123203286,0.8521462639109698,0.8190526875997871,0.125,0,210,7.852661609649658
456,0.10104156994531231,valid,0.8388210302708444,0.9186908945071922,0.9141422855795369,0.8383488681757656,0.8426124197002142,0.8341282458929518,0.8435337945715806,0.1,0,210,7.8663458824157715
457,0.09938448194354292,valid,0.849707912904939,0.921616996265589,0.9175561679434718,0.8556122448979592,0.8248893261190359,0.8887122416534181,0.8105375199574242,0.1,0,210,7.855851173400879
458,0.10115976553530462,valid,0.7912904938927243,0.8840832191801105,0.8821415232520634,0.7682783018867925,0.86578073089701,0.6905140434552199,0.8924960085151676,0.1,0,210,7.871813058853149
459,0.14741795401900046,valid,0.8082846521508231,0.8937211637959847,0.8863363598931938,0.7966197183098591,0.8502705953096813,0.7493375728669847,0.8674827035657264,0.1,0,210,7.865426063537598
460,0.17826358829775163,valid,0.8324482209240573,0.9182648822945603,0.9141872769411374,0.8440820360761058,0.7907407407407407,0.9051404345521993,0.7594465141032464,0.15000000000000002,0,210,7.874460935592651
461,0.13949677071744396,valid,0.8247477429633564,0.9123531696239331,0.9084028132273428,0.8357391737182678,0.7878930079774754,0.8897721250662427,0.7594465141032464,0.15000000000000002,0,210,7.88599419593811
462,0.12951265575905,valid,0.8404142326075411,0.9212870165974132,0.916515350045296,0.850608998260005,0.8010299625468165,0.9067302596714362,0.7738158594997339,0.25,0,210,7.895909547805786
463,0.1163142396798057,valid,0.8327137546468402,0.9109999709505079,0.9069727450075551,0.8401015228426396,0.8061373599610326,0.8770535241123476,0.7881852048962213,0.1,0,210,7.870165824890137
464,0.10955956770527747,valid,0.8064259160913436,0.8921090579982982,0.8917020071776842,0.7984517555985623,0.8346820809248555,0.7652358240593534,0.8477913783927621,0.1,0,210,7.821021556854248
465,0.11757734357830017,valid,0.8138608603292619,0.8874986497626826,0.8892166121179864,0.8145011907912146,0.8134249471458774,0.8155802861685215,0.8121341138903673,0.1,0,210,7.831815481185913
466,0.1329269868832442,valid,0.8374933616569304,0.9197476755470682,0.91875439563998,0.8450632911392405,0.8090159961221522,0.8844727080021197,0.7903139968068121,0.35,0,210,7.816508054733276
467,0.11248014999493476,valid,0.8292618162506639,0.9037423924879706,0.9023434198972546,0.8311892885271724,0.823621227887617,0.8388977212506624,0.8195848855774348,0.1,0,210,7.810806035995483
468,0.11657169773694008,valid,0.8337758895379713,0.9135540699889697,0.9110864964800787,0.8421583459404942,0.8032708032708032,0.885002649708532,0.7823310271420969,0.15000000000000002,0,210,7.80570650100708
469,0.14251475757168186,valid,0.8218268720127456,0.9012528792136218,0.901737951129244,0.8227212681638045,0.8203371970495258,0.8251192368839427,0.8185204896221394,0.1,0,210,7.825634956359863
470,0.13393634233263232,valid,0.8223579394583113,0.8980379747370951,0.8941830093584744,0.8196279320571582,0.8342480790340285,0.8055113937466879,0.8392762107503992,0.1,0,210,7.8722944259643555
471,0.12077987121958886,valid,0.8420074349442379,0.9193060104527406,0.9145756862729233,0.8473967684021544,0.8210735586481114,0.8754636989931107,0.8084087280468334,0.2,0,210,7.878217458724976
472,0.13174764052288787,valid,0.830323951141795,0.9123702326751508,0.9059197811100004,0.8396486825595985,0.7974261201143946,0.8865924748277689,0.7738158594997339,0.1,0,210,7.8271331787109375
473,0.10598024371410569,valid,0.8231545406266596,0.910161484152656,0.907690537709896,0.8370044052863436,0.7776261937244202,0.9062003179650239,0.739755188930282,0.2,0,210,7.847557544708252
474,0.09946819436886618,valid,0.8401486988847584,0.911722823847546,0.9037992137922101,0.8472856418061897,0.8126520681265207,0.885002649708532,0.7951037786056413,0.17500000000000002,0,210,7.884257793426514
475,0.11728737881827739,valid,0.8327137546468402,0.914896692390979,0.90727276745012,0.8439048562933598,0.7924616100511866,0.9024907260201378,0.7626397019691326,0.125,0,210,7.860599756240845
476,0.12727661779330623,valid,0.8305894848645778,0.9118508672401544,0.9050877016464655,0.8415300546448088,0.7919588592800374,0.8977212506624271,0.7631718999467803,0.15000000000000002,0,210,7.8797454833984375
477,0.14327214922635786,valid,0.8481147105682422,0.9257399088974083,0.9197710336164665,0.8565697091273822,0.8129462160875773,0.9051404345521993,0.7908461947844598,0.1,0,210,7.870221853256226
478,0.16680612391041172,valid,0.8210302708443973,0.9017764751571845,0.8980430513766834,0.8315,0.7870326549929011,0.881293057763646,0.7605109100585418,0.1,0,210,7.830260753631592
479,0.13515816643954284,valid,0.823951141795008,0.9052712982838519,0.9042487905165542,0.8239978762941332,0.825531914893617,0.8224695283518813,0.8254390633315594,0.1,0,210,7.830637693405151
480,0.11558295642175982,valid,0.8356346255974508,0.9128661892960801,0.9064098974045395,0.8431720293894097,0.8077669902912621,0.8818229994700583,0.7892496008515167,0.1,0,210,7.810242414474487
481,0.13139083518856956,valid,0.8295273499734467,0.9133603126966305,0.9087726667611556,0.82146829810901,0.8642480983031012,0.7827239003709592,0.8765300691857371,0.1,0,210,7.831778049468994
482,0.11439518666555805,valid,0.830323951141795,0.9112980807874839,0.9039797107189941,0.8348410441974671,0.8148335015136225,0.8558558558558559,0.8046833422032996,0.1,0,210,7.80259108543396
483,0.13588434662069043,valid,0.8106744556558683,0.8969803475955058,0.8971670669568879,0.8086933190233432,0.8190217391304347,0.798622151563328,0.8227780734433209,0.1,0,210,7.838184356689453
484,0.10766579246809406,valid,0.8359001593202336,0.9116272143539462,0.9054477802341687,0.8404749612803304,0.8193256165072974,0.8627450980392157,0.8089409260244811,0.2,0,210,7.852884531021118
485,0.10269044622057868,valid,0.8281996813595327,0.9055265389673556,0.8995360834027316,0.8305839224927991,0.8209109730848861,0.8404875463698993,0.815859499733901,0.1,0,210,7.898821115493774
486,0.11156660763006057,valid,0.8258098778544876,0.9137942218585864,0.9074206953517295,0.8413159167876149,0.7739207832665776,0.9215686274509803,0.729643427354976,0.125,0,210,7.910417556762695
487,0.16369467288736375,valid,0.8088157195963888,0.8875465955264346,0.8818049983345819,0.7989949748743719,0.8442477876106195,0.7583465818759937,0.8594997339010112,0.1,0,210,7.856763124465942
488,0.15151961718595797,valid,0.8258098778544876,0.9033182134957172,0.8941609930535908,0.8251599147121536,0.8300268096514746,0.8203497615262321,0.8312932410856839,0.1,0,210,7.878073215484619
489,0.11915038417904608,valid,0.8231545406266596,0.9007756778473368,0.8999252942632672,0.8280846670108415,0.8072471061902365,0.8500264970853206,0.7961681745609367,0.17500000000000002,0,210,7.873408555984497
490,0.12784774325066997,valid,0.8258098778544876,0.90370347180916,0.8951759393495866,0.8204707170224411,0.8483305036785512,0.7943826179120297,0.8573709419904204,0.1,0,210,7.908791542053223
491,0.11974922435418252,valid,0.8189060010621348,0.9007291422531069,0.8963002677404248,0.8302638128422101,0.7827311121539183,0.8839427662957074,0.7535923363491219,0.1,0,210,7.856119155883789
492,0.12105277270799683,valid,0.8369622942113648,0.9186196809463253,0.9089194787420474,0.8468827930174564,0.7998115873763542,0.8998410174880763,0.7738158594997339,0.525,0,210,7.889408349990845
493,0.12986035343079316,valid,0.8441317047265002,0.9183972972126871,0.9079806941373583,0.8493713112650757,0.8233830845771144,0.8770535241123476,0.8110697179350719,0.275,0,210,7.865418195724487
494,0.1088535922068742,valid,0.8021773765268189,0.890413188130998,0.884959467997608,0.8144458281444583,0.7683270676691729,0.8664546899841018,0.7376263970196913,0.1,0,210,7.8845860958099365
495,0.14083710012416686,valid,0.8276686139139671,0.9135441988023147,0.9076779502501755,0.8413590809093131,0.780852994555354,0.9120296767355591,0.7429483767961682,0.1,0,210,7.8858888149261475
496,0.12059005175627047,valid,0.8319171534784918,0.9111690502762099,0.9070392769021876,0.8374004623683534,0.8125623130608175,0.8638049814520403,0.7998935604044705,0.15000000000000002,0,210,7.873456716537476
497,0.11640890471396907,valid,0.8080191184280403,0.8904561983014225,0.8885026742655957,0.8035859820700897,0.8244147157190636,0.7837837837837838,0.8323576370409792,0.1,0,210,7.92198634147644
498,0.137442538454648,valid,0.8319171534784918,0.9093163695580502,0.9005541080255407,0.8393808678000507,0.8052580331061344,0.8765235824059353,0.7871208089409261,0.30000000000000004,0,210,7.848565340042114
499,0.12764500186688477,valid,0.8167817312798725,0.8926911759770289,0.8865492905579817,0.8156066274719401,0.8226415094339623,0.8086910439851617,0.8249068653539117,0.1,0,210,7.848276138305664
500,0.10723887924705783,valid,0.8276686139139671,0.9083982081821983,0.8999780255311728,0.835820895522388,0.7996127783155856,0.8754636989931107,0.7796700372538584,0.1,0,210,7.879732370376587
501,0.11214843194090551,valid,0.8292618162506639,0.9028892399270886,0.9005345270104128,0.8339788277820811,0.8131923464249748,0.8558558558558559,0.8025545502927088,0.1,0,210,7.903899908065796
502,0.117949130914865,valid,0.8258098778544876,0.9038788968977116,0.9021617884141655,0.8345940494200706,0.796055796055796,0.8770535241123476,0.7743480574773816,0.1,0,210,7.867985486984253
503,0.1172973514804917,valid,0.8409453000531067,0.9175284917701096,0.9128330372532409,0.8458965783380499,0.822,0.8712241653418124,0.8105375199574242,0.17500000000000002,0,210,7.872050762176514
504,0.13799683845812274,valid,0.8422729686670207,0.9209371535389754,0.9165037325938805,0.8476141611082606,0.8214818498259573,0.8754636989931107,0.8089409260244811,0.125,0,210,7.896981477737427
505,0.11556423047647602,valid,0.8366967604885821,0.9184790870449698,0.9134975432882283,0.8475080585172329,0.7963653308480895,0.9056703762586116,0.7674294837679617,0.125,0,210,7.888119697570801
506,0.12332800030708313,valid,0.8409453000531067,0.9190401934978212,0.9125881686418454,0.8418273039345128,0.8389473684210527,0.8447270800211977,0.8371474188398084,0.1,0,210,7.853031873703003
507,0.1832554845079299,valid,0.8300584174190122,0.9063128494928888,0.8991478821590295,0.8265582655826558,0.8458125346644482,0.8081611022787494,0.8520489622139436,0.1,0,210,7.879808664321899
508,0.15395150934496232,valid,0.832979288369623,0.9106637865364346,0.9040892399286873,0.8423953896266599,0.7989543726235742,0.8908320084790673,0.7748802554550293,0.1,0,210,7.893638849258423
509,0.1442662893884605,valid,0.8398831651619756,0.918604310098534,0.9105700879576294,0.8506316571711667,0.7986046511627907,0.9099099099099099,0.7695582756785524,0.1,0,210,7.901654243469238
510,0.11245628680673338,valid,0.8401486988847584,0.9154631574880143,0.9088451563546872,0.8439606013478487,0.8259766615930999,0.8627450980392157,0.817456093666844,0.125,0,210,7.856294393539429
511,0.10292317033294708,valid,0.8446627721720659,0.9179239033041119,0.9080247431137496,0.853051996985682,0.8108882521489972,0.8998410174880763,0.7892496008515167,0.325,0,210,7.880868434906006
512,0.1273645806697107,valid,0.8321826872012745,0.9054013159137911,0.8943220801167374,0.8405650857719476,0.8021184400577757,0.8828828828828829,0.7812666311868015,0.1,0,210,7.833495855331421
513,0.11543630928762498,valid,0.8430695698353691,0.912767759463436,0.9063776990530438,0.845247446975648,0.8354037267080745,0.8553259141494436,0.8307610431080362,0.1,0,210,7.800113916397095
514,0.10600244908803894,valid,0.8324482209240573,0.9128743682793083,0.9038906619876648,0.8358053603955243,0.8210633946830266,0.8510863804981452,0.8137307078233103,0.1,0,210,7.802110195159912
515,0.09660001177220576,valid,0.8433351035581519,0.9218070871171707,0.9151791042265798,0.8513104838709677,0.8116290245074483,0.8950715421303657,0.7913783927621075,0.15000000000000002,0,210,7.857868671417236
516,0.10275493556212995,valid,0.8319171534784918,0.9138273608423563,0.9092267872305962,0.8364763626969776,0.8160282258064516,0.8579756226815051,0.805747738158595,0.1,0,210,7.879394054412842
517,0.09023619725579216,valid,0.8335103558151885,0.9099097688929578,0.9000760992344078,0.839271981543194,0.8128103277060575,0.8675145733969264,0.7993613624268228,0.125,0,210,7.896164655685425
518,0.09591880116251207,valid,0.8390865639936272,0.914350956785919,0.9076640892057192,0.8400211193241817,0.8369279326670174,0.8431372549019608,0.8350186269292177,0.1,0,210,7.860950946807861
519,0.1055164688056515,valid,0.8311205523101434,0.9062039844057813,0.8979200925338813,0.8405215646940822,0.797715373631604,0.8881822999470058,0.7738158594997339,0.15000000000000002,0,210,7.872335910797119
520,0.14097476702543996,valid,0.8276686139139671,0.9094279139672496,0.9029147606842591,0.8268871699119765,0.832438238453276,0.8214096449390567,0.8339542309739223,0.1,0,210,7.859837532043457
521,0.10897745180033869,valid,0.8194370685077005,0.900480388349405,0.8911291827740279,0.8256410256410256,0.7998012916045703,0.8532061473237944,0.785524215007983,0.15000000000000002,0,210,7.914361953735352
522,0.11163344090023349,valid,0.8356346255974508,0.913453101851186,0.9027777619061045,0.8372337628188272,0.8308977035490606,0.8436671966083731,0.82756785524215,0.1,0,210,7.875556945800781
523,0.11500845969684663,valid,0.8441317047265002,0.9227322993406328,0.912272093417145,0.8496028695874968,0.8224206349206349,0.8786433492315845,0.8094731240021288,0.125,0,210,7.931478500366211
524,0.12317506752667888,valid,0.8260754115772703,0.9076494081659533,0.9004039967022726,0.8308804544280919,0.8101711983887211,0.8526762056173821,0.7993613624268228,0.1,0,210,7.879340887069702
525,0.11455165048039728,valid,0.8404142326075411,0.9206943223472667,0.9169975597340132,0.8465662496808782,0.8167487684729065,0.8786433492315845,0.8020223523150612,0.35,0,210,7.884765148162842
526,0.11511374559373624,valid,0.8250132766861391,0.9089364698887912,0.9056387548971936,0.8356198553255176,0.7893496701225259,0.8876523582405935,0.7621075039914849,0.15000000000000002,0,210,7.883375883102417
527,0.10322085930214774,valid,0.8441317047265002,0.921561012535561,0.9142789274119948,0.8521038044847569,0.8121998078770413,0.8961314255431903,0.7919105907397552,0.225,0,210,7.898308992385864
528,0.12592336307129554,valid,0.8199681359532661,0.9022880846598091,0.8939788917598134,0.8269525267993875,0.7976366322008862,0.8585055643879174,0.7812666311868015,0.325,0,210,7.902628660202026
529,0.13509794709182554,valid,0.8335103558151885,0.9159045405484375,0.9105127359853529,0.8436018957345972,0.79688972667295,0.8961314255431903,0.7706226716338478,0.17500000000000002,0,210,7.88300347328186
530,0.12933335631274648,valid,0.8348380244291025,0.9171284266766846,0.9141113588154972,0.8447329006490265,0.7984898537045776,0.8966613672496025,0.7727514635444386,0.25,0,210,7.92906641960144
531,0.10526473928363092,valid,0.8396176314391928,0.9198242477521192,0.9134043175760984,0.8473976755937342,0.809753742153549,0.8887122416534181,0.7903139968068121,0.35,0,210,7.861687421798706
532,0.11777370086600704,valid,0.8414763674986724,0.9169824741311452,0.9095329169403776,0.8437581784873069,0.8335056876938987,0.854266030736619,0.8286322511974454,0.15000000000000002,0,210,7.861799955368042
533,0.1344400126366846,valid,0.8151885289431758,0.8949401143309041,0.8842521432192176,0.8152866242038217,0.8165869218500797,0.8139904610492846,0.8163916977115487,0.1,0,210,7.831429481506348
534,0.16839585453271866,valid,0.8388210302708444,0.9165426422571963,0.9070396792391735,0.8469876480967986,0.8076923076923077,0.890302066772655,0.7871208089409261,0.25,0,210,7.887253761291504
535,0.14348793882996805,valid,0.8406797663303239,0.9144419127200957,0.9081894213700644,0.8458376156217883,0.8209476309226933,0.8722840487546369,0.8089409260244811,0.42500000000000004,0,210,7.875136613845825
536,0.13035008719851893,valid,0.8420074349442379,0.9187253026435319,0.9144540629431328,0.8479427549194991,0.8188548864758144,0.8791732909379968,0.8046833422032996,0.45000000000000007,0,210,7.862919330596924
537,0.13924905237170956,valid,0.8356346255974508,0.914370840176181,0.9037298053266377,0.8461347253293562,0.7968164794007491,0.9019607843137255,0.7690260777009047,0.2,0,210,7.900610446929932
538,0.1280808610120608,valid,0.8297928836962294,0.9119683343613469,0.9029638685158994,0.8369371661154923,0.8047945205479452,0.8717541070482246,0.7876530069185738,0.1,0,210,7.8753132820129395
539,0.10852915264906422,valid,0.8388210302708444,0.9185879521320777,0.9111381411333952,0.8447173190074188,0.8165182987141444,0.8749337572866984,0.8025545502927088,0.275,0,210,7.895151376724243
540,0.12107707668215997,valid,0.8369622942113648,0.9169779615886744,0.9107058131982486,0.8432073544433095,0.8137013307047807,0.8749337572866984,0.7988291644491751,0.1,0,210,7.877995729446411
541,0.10648368770677236,valid,0.8414763674986724,0.9200182870783628,0.9130114295760019,0.8490518331226296,0.8118955512572534,0.8897721250662427,0.7929749866950505,0.125,0,210,7.847729206085205
542,0.09946204788021502,valid,0.8382899628252788,0.9170825961672155,0.9126891730513165,0.8428387096774194,0.8214285714285714,0.8653948065712772,0.8110697179350719,0.30000000000000004,0,210,7.858276844024658
543,0.09654383501037955,valid,0.8292618162506639,0.9135002015132248,0.9063162312160173,0.8366776733553467,0.8034146341463415,0.8728139904610492,0.785524215007983,0.1,0,210,7.900301218032837
544,0.09253307323782675,valid,0.831651619755709,0.9150678869709642,0.9075194798125465,0.8349817803227486,0.8204603580562659,0.8500264970853206,0.8131985098456626,0.1,0,210,7.87969183921814
545,0.11505482574143718,valid,0.8215613382899628,0.9053767789641064,0.9034888536963429,0.83399209486166,0.7811198519204072,0.8945416004239534,0.7482703565726451,0.15000000000000002,0,210,7.870718479156494
546,0.10816043272854821,valid,0.8146574614976102,0.9021672331317638,0.8969304723949135,0.8119612068965517,0.8257534246575342,0.798622151563328,0.8307610431080362,0.1,0,210,7.905687093734741
547,0.153597095200131,valid,0.8335103558151885,0.9139992605071026,0.907864851298644,0.8416266734023743,0.8040540540540541,0.8828828828828829,0.7839276210750399,0.25,0,210,7.898176670074463
548,0.10854224848651117,valid,0.834306956983537,0.9094190298992604,0.9009197287163097,0.838258164852255,0.8203957382039574,0.8569157392686805,0.8116019159127196,0.5,0,210,7.842172861099243
549,0.13789616368951335,valid,0.834306956983537,0.9143630842438093,0.9066370549010572,0.8452380952380952,0.7944055944055944,0.9030206677265501,0.7653006918573709,0.125,0,210,7.860170364379883
550,0.11307547253466421,valid,0.8186404673393521,0.8939902241408049,0.8897236662732548,0.8201211482749539,0.8151832460732984,0.8251192368839427,0.8121341138903673,0.1,0,210,7.901466608047485
551,0.13216947379612154,valid,0.8319171534784918,0.9128752143810216,0.9049553745154509,0.8380660015349194,0.8100890207715133,0.8680445151033387,0.795635976583289,0.1,0,210,7.879889488220215
552,0.1156270750347645,valid,0.8433351035581519,0.9153327168072183,0.9078318252978439,0.8497198166072338,0.8180480627758705,0.8839427662957074,0.8025545502927088,0.225,0,210,7.8866493701934814
553,0.0979179372830737,valid,0.8433351035581519,0.9187200850163001,0.9141762630864058,0.8518332496233049,0.809546539379475,0.8987811340752517,0.7876530069185738,0.1,0,210,7.870004653930664
554,0.11492227714869284,valid,0.8327137546468402,0.9111761011238205,0.9032744793484844,0.8392036753445635,0.8094534711964549,0.8712241653418124,0.7940393826503459,0.125,0,210,7.872614145278931
555,0.13296263031060657,valid,0.8438661710037175,0.9223994993334128,0.916350460724029,0.8446909667194928,0.8420221169036335,0.8473767885532592,0.8403406067056945,0.1,0,210,7.905789375305176
556,0.1181157015023693,valid,0.816250663834307,0.8998429917254072,0.8930880026906772,0.8246325392802838,0.7901894123360855,0.8622151563328034,0.7700904736562001,0.30000000000000004,0,210,7.869701862335205
557,0.1600690885416923,valid,0.813595326606479,0.89895825136723,0.8940138362088152,0.8024760832864378,0.8554289142171566,0.7556968733439322,0.8717402873869079,0.1,0,210,7.863437652587891
558,0.13760794603055523,valid,0.8194370685077005,0.902796309755581,0.8926801386825831,0.8330878743249878,0.7759487882944673,0.899311075781664,0.7392229909526343,0.1,0,210,7.857472658157349
559,0.12611491978168488,valid,0.8369622942113648,0.9067938583168837,0.8952278404529237,0.8417525773195876,0.8193677872553938,0.8653948065712772,0.8084087280468334,0.15000000000000002,0,210,7.901498317718506
560,0.10123156855303433,valid,0.8412108337758896,0.9191310084150456,0.9110736139577778,0.8505,0.8050165641268339,0.9014308426073132,0.7807344332091538,0.125,0,210,7.8948023319244385
561,0.09722505479810699,valid,0.8377588953797133,0.91281965370185,0.9035089254419789,0.8437739708514447,0.8152173913043478,0.8744038155802861,0.8009579563597659,0.1,0,210,7.850586414337158
562,0.11660561566391299,valid,0.8372278279341476,0.9169771154869613,0.9079180509615834,0.8426187419768935,0.8172310756972112,0.8696343402225755,0.8046833422032996,0.1,0,210,7.819353342056274
563,0.14479348928697647,valid,0.8390865639936272,0.9116031004551182,0.9035065553468435,0.845565749235474,0.8144329896907216,0.8791732909379968,0.7988291644491751,0.15000000000000002,0,210,7.819314241409302
564,0.11948757594631564,valid,0.8361656930430165,0.9168015493814573,0.9036343212847355,0.8486632327691931,0.7899543378995434,0.9167991520932698,0.7551889302820649,0.1,0,210,7.837593078613281
565,0.1321383739911741,valid,0.83935209771641,0.9153117052813389,0.9099598904112597,0.846095141185449,0.8136007827788649,0.881293057763646,0.7972325705162321,0.125,0,210,7.841188907623291
566,0.11523569146952321,valid,0.8159851301115242,0.8980444615168969,0.8932581860108224,0.8061538461538461,0.8536729857819905,0.7636459989401165,0.8685470995210218,0.1,0,210,7.8311333656311035
567,0.121770067230588,valid,0.8382899628252788,0.9159811127534885,0.9074794306950105,0.8439661798616449,0.8169642857142857,0.8728139904610492,0.8036189462480042,0.17500000000000002,0,210,7.850878477096558
568,0.09551618374403446,valid,0.8438661710037175,0.9217575901669445,0.9109086373390444,0.851063829787234,0.8151382823871907,0.890302066772655,0.7972325705162321,0.275,0,210,7.870725870132446
569,0.12008312098201245,valid,0.8377588953797133,0.9172379968485531,0.9097315961917791,0.8487998020292007,0.7961931290622098,0.9088500264970854,0.7663650878126663,0.2,0,210,7.870943784713745
570,0.13060417368767724,valid,0.8287307488050982,0.9105415248388669,0.9030173694418362,0.8381430363864492,0.7959961868446139,0.885002649708532,0.7722192655667909,0.125,0,210,7.8834826946258545
571,0.09787222845179419,valid,0.8351035581518853,0.9091825444704009,0.900550627000197,0.835583796664019,0.834920634920635,0.8362480127186009,0.8339542309739223,0.1,0,210,7.849468231201172
572,0.09657885386578498,valid,0.8412108337758896,0.917565297194637,0.9097777007862334,0.847682119205298,0.8160863168219715,0.8818229994700583,0.8004257583821182,0.1,0,210,7.868420362472534
573,0.09285766457117373,valid,0.8404142326075411,0.9197146775802506,0.9128912055980684,0.8492600953097567,0.8061904761904762,0.8971913089560148,0.7833954230973922,0.17500000000000002,0,210,7.8418896198272705
574,0.09516052475139018,valid,0.845724907063197,0.9203900077643934,0.9081826941290965,0.8504504504504504,0.8268268268268268,0.8754636989931107,0.815859499733901,0.125,0,210,7.863293170928955
575,0.10796890612090787,valid,0.8321826872012745,0.9144791411954796,0.9093804320597972,0.8413654618473896,0.7992370052455889,0.8881822999470058,0.7759446514103246,0.1,0,210,7.863032341003418
576,0.17006886450033035,valid,0.8292618162506639,0.9127370177678538,0.9048977602861991,0.8319832767180559,0.8206185567010309,0.8436671966083731,0.8147951037786056,0.1,0,210,7.864975690841675
577,0.13556587188354424,valid,0.8372278279341476,0.9129488252300761,0.903405417706995,0.8409857328145266,0.8236788617886179,0.8590355060943297,0.8153273017562533,0.2,0,210,7.852478504180908
578,0.1105734363138195,valid,0.8359001593202336,0.913769261858045,0.9050812367606571,0.8403925619834711,0.819647355163728,0.8622151563328034,0.8094731240021288,0.17500000000000002,0,210,7.874077796936035
579,0.0920758071325479,valid,0.8428040361125863,0.9186652294218897,0.9066972277372323,0.8460738429537181,0.8305257784583971,0.8622151563328034,0.8233102714209686,0.7000000000000001,0,210,7.88840389251709
580,0.14105658028875628,valid,0.8382899628252788,0.9147129473022471,0.9084399429477182,0.8426763110307414,0.8220766129032258,0.8643349231584526,0.8121341138903673,0.125,0,210,7.860823631286621
581,0.15853357639524243,valid,0.8436006372809347,0.9196093379169483,0.9129896309209894,0.8443857331571994,0.8419388830347735,0.8468468468468469,0.8403406067056945,0.1,0,210,7.859180212020874
582,0.11801466069394542,valid,0.83935209771641,0.9149862381556337,0.9075766583633589,0.8482568347128167,0.8052380952380952,0.8961314255431903,0.7823310271420969,0.225,0,210,7.836289882659912
583,0.10647854269031555,valid,0.844397238449283,0.9241589678461606,0.9179364578468143,0.849124613800206,0.8257386079118678,0.8738738738738738,0.8147951037786056,0.1,0,210,7.850379705429077
584,0.09284483406302188,valid,0.8364312267657993,0.9161360903839695,0.9077898494091414,0.837037037037037,0.8357105124141574,0.8383677795442501,0.83448642895157,0.1,0,210,7.850070238113403
585,0.09183900172431622,valid,0.828996282527881,0.9131033798097005,0.9048983155246493,0.8405940594059406,0.7886669763121226,0.8998410174880763,0.7578499201703034,0.17500000000000002,0,210,7.891310214996338
586,0.09711243722948336,valid,0.8281996813595327,0.9071238379850596,0.9029179066581843,0.8274206455054681,0.8329752953813104,0.821939586645469,0.83448642895157,0.1,0,210,7.861408233642578
587,0.08780042522947394,valid,0.8382899628252788,0.915662555458442,0.9114507552834593,0.8457055991892577,0.8101941747572815,0.8844727080021197,0.7919105907397552,0.35,0,210,7.883708953857422
588,0.09139022507494496,valid,0.8433351035581519,0.9172487141369213,0.9071272758589003,0.8445732349841939,0.8397066526977475,0.8494965553789083,0.8371474188398084,0.475,0,210,7.816344261169434
589,0.12463949563642664,valid,0.8401486988847584,0.9138812293181012,0.9070976826150374,0.8457201435161456,0.8188585607940446,0.8744038155802861,0.805747738158595,0.17500000000000002,0,210,7.892776727676392
590,0.0979641719961599,valid,0.8372278279341476,0.915044337139945,0.9067407647841906,0.8396547214229663,0.8290289256198347,0.8505564387917329,0.8238424693986163,0.1,0,210,7.881717681884766
591,0.0983819951333346,valid,0.8183749336165693,0.9042061972437955,0.9008312906420746,0.8283993978926242,0.7865650309671272,0.8749337572866984,0.7615753060138372,0.25,0,210,7.873749494552612
592,0.11759229238715864,valid,0.8335103558151885,0.9146112740797021,0.9059169386730174,0.8448403860430587,0.7924791086350975,0.904610492845787,0.7621075039914849,0.1,0,210,7.875954627990723
593,0.11159682538240187,valid,0.8351035581518853,0.9125885269171747,0.9045877130868546,0.8400721091939223,0.8171342685370742,0.8643349231584526,0.805747738158595,0.25,0,210,7.868009090423584
594,0.11026532287078519,valid,0.848380244291025,0.920675849126527,0.9088905842464147,0.8534017971758665,0.8276892430278885,0.8807631160572337,0.815859499733901,0.225,0,210,7.886453151702881
595,0.10193235379072928,valid,0.832979288369623,0.9143107669545387,0.9064938732788481,0.8412818571789049,0.8029865125240848,0.8834128245892952,0.7823310271420969,0.225,0,210,7.845874309539795
596,0.08909486572168046,valid,0.8244822092405736,0.9105924319586156,0.9056343702061899,0.836345630106462,0.7848513011152416,0.8950715421303657,0.7535923363491219,0.2,0,210,7.867154359817505
597,0.09279278665781021,valid,0.8390865639936272,0.9190038111241506,0.9112742640670762,0.8476621417797888,0.806312769010043,0.8934817170111288,0.7844598190526876,0.42500000000000004,0,210,7.86696195602417
598,0.12157463991353588,valid,0.8467870419543282,0.9240644864881786,0.9188046609141103,0.851403553953129,0.8281563126252505,0.875993640699523,0.817456093666844,0.30000000000000004,0,210,7.8626298904418945
599,0.12552677085923572,valid,0.8454593733404142,0.9191477894323588,0.9114866853035294,0.8519837232960326,0.8190709046454768,0.8876523582405935,0.8030867482703565,0.1,0,210,7.865678548812866
600,0.09613370438737254,valid,0.8486457780138078,0.9253639577028113,0.918472096277231,0.8561332660272589,0.8173493975903614,0.8987811340752517,0.7982969664715274,0.25,0,210,7.856766700744629
601,0.11281481992092825,valid,0.8454593733404142,0.9221637189893145,0.9168415490254309,0.8503856041131106,0.8257613579630554,0.8765235824059353,0.814262905800958,0.7000000000000001,0,210,7.90273904800415
602,0.09483968003863288,valid,0.8412108337758896,0.9190138233277575,0.9104380417273388,0.8452380952380952,0.8259989883662114,0.8653948065712772,0.8169238956891964,0.1,0,210,7.856862783432007
603,0.10097254710572381,valid,0.8436006372809347,0.9237593258035921,0.915720310136426,0.8530072373346643,0.8061320754716981,0.9056703762586116,0.7812666311868015,0.17500000000000002,0,210,7.821242094039917
604,0.10318868505137582,valid,0.831651619755709,0.9100598109301111,0.9027874624204123,0.8389227642276422,0.805758906783797,0.8749337572866984,0.7881852048962213,0.17500000000000002,0,210,7.811793565750122
605,0.14333052368414018,valid,0.8425385023898035,0.9162737229293282,0.9132869617819038,0.843741765480896,0.839098532494759,0.8484366719660837,0.8366152208621607,0.25,0,210,7.806926488876343
606,0.13346078475156137,valid,0.8420074349442379,0.9178803290658784,0.9103249619646361,0.8463723211980377,0.82527693856999,0.8685744568097509,0.8153273017562533,0.2,0,210,7.839554786682129
607,0.11265340723818348,valid,0.8420074349442379,0.9196773080879144,0.9111588145990797,0.8468468468468469,0.8233233233233234,0.8717541070482246,0.8121341138903673,0.2,0,210,7.800739765167236
608,0.1086681361400312,valid,0.8467870419543282,0.9160937852983058,0.9040599752948456,0.851785255586951,0.8265204386839482,0.8786433492315845,0.8147951037786056,0.125,0,210,7.798824071884155
609,0.10624705591509419,valid,0.8377588953797133,0.918662832133702,0.9102664959321938,0.8425663488791548,0.8199598796389167,0.8664546899841018,0.8089409260244811,0.125,0,210,7.846125841140747
610,0.1174938211277608,valid,0.8215613382899628,0.9029628507761431,0.896240687480441,0.8282208588957055,0.8,0.8585055643879174,0.7844598190526876,0.1,0,210,7.852688550949097
611,0.12000539732511126,valid,0.8446627721720659,0.9204974626819789,0.910771957052432,0.853051996985682,0.8108882521489972,0.8998410174880763,0.7892496008515167,0.15000000000000002,0,210,7.862453460693359
612,0.0994565419011539,valid,0.8475836431226765,0.9196826667320985,0.9021252680641406,0.854757085020243,0.8179176755447942,0.8950715421303657,0.7998935604044705,0.25,0,210,7.881986379623413
613,0.1222319862534923,valid,0.8459904407859798,0.9215446545691044,0.9125359127019379,0.8480880041906758,0.8384256861729674,0.8579756226815051,0.8339542309739223,0.1,0,210,7.8867104053497314
614,0.10640554742947701,valid,0.8337758895379713,0.9093624821014233,0.8987774822367074,0.8385765858690046,0.8166750376695128,0.8616852146263911,0.805747738158595,0.25,0,210,7.885557174682617
615,0.09337916651800755,valid,0.8568773234200744,0.9283384282758168,0.9218060694691659,0.8601090059693746,0.8428280773143438,0.8781134075251722,0.8355508249068654,0.25,1,615,7.9583964347839355
616,0.10425947288111333,valid,0.8526287838555496,0.9237084186838436,0.9107643103986047,0.8578745198463509,0.8300297324083251,0.8876523582405935,0.817456093666844,0.6,0,615,7.897748708724976
617,0.1473666858021921,valid,0.8366967604885821,0.9175262354988742,0.9099192087176095,0.8471290082028337,0.797752808988764,0.9030206677265501,0.7700904736562001,0.475,0,615,7.871050834655762
618,0.10186318599528843,valid,0.8173127987254382,0.8928433332684655,0.8785707703015543,0.8210197710718002,0.8063362289218191,0.8362480127186009,0.7982969664715274,0.1,0,615,7.898057699203491
619,0.1032543022546076,valid,0.830323951141795,0.9091464441306347,0.8980819585521309,0.8401300975731799,0.795734597156398,0.8897721250662427,0.7706226716338478,0.1,0,615,7.894959926605225
620,0.11987937725479564,valid,0.8297928836962294,0.9037284318097015,0.8904748003185539,0.8390660306301783,0.7972328244274809,0.8855325914149443,0.7738158594997339,0.15000000000000002,0,615,7.877515554428101
621,0.10803394890840977,valid,0.823951141795008,0.9049166406490389,0.8968590227919873,0.836578752772985,0.7820276497695853,0.899311075781664,0.7482703565726451,0.17500000000000002,0,615,7.8931403160095215
622,0.12187032350489209,valid,0.8417419012214551,0.9177552470292665,0.9101559022942984,0.8435695538057743,0.8356734269370775,0.8516163222045575,0.8318254390633315,0.1,0,615,7.861501455307007
623,0.10283448312792086,valid,0.8324482209240573,0.9132373459143017,0.9064571195396204,0.8401317456295921,0.8048543689320389,0.8786433492315845,0.7860564129856307,0.35,0,615,7.875244617462158
624,0.12139594975498415,valid,0.8433351035581519,0.9173787317668606,0.907797209583168,0.844162704701532,0.841495523959979,0.8468468468468469,0.8398084087280469,0.1,0,615,7.8635101318359375
625,0.1438978502466794,valid,0.847052575677111,0.9219406301709153,0.9125228025461594,0.8534351145038168,0.8208516886930984,0.8887122416534181,0.8052155401809473,0.225,0,615,7.862873315811157
626,0.1588414803507828,valid,0.828996282527881,0.9118151899512449,0.9030197807266497,0.8405151064883606,0.7889353788935379,0.899311075781664,0.7583821181479511,0.30000000000000004,0,615,7.850125074386597
627,0.11986603864258336,valid,0.8327137546468402,0.9150371452753822,0.9059631382962734,0.8424212106053026,0.797726196115585,0.8924218335983042,0.7727514635444386,0.17500000000000002,0,615,7.897716283798218
628,0.10554562220650335,valid,0.8247477429633564,0.9049509077684265,0.8960034803105718,0.8310291858678955,0.8038632986627043,0.8600953895071543,0.7892496008515167,0.125,0,615,7.874141216278076
629,0.11936887509880527,valid,0.8340414232607541,0.9160802476708936,0.9066045681809641,0.8406831506500128,0.8099214145383105,0.8738738738738738,0.7940393826503459,0.1,0,615,7.884603977203369
630,0.10857927721113927,valid,0.8268720127456187,0.9088638461584022,0.9019531054276109,0.8355196770938446,0.797303803562831,0.8775834658187599,0.7759446514103246,0.1,0,615,7.862690210342407
631,0.10952208665830473,valid,0.8382899628252788,0.9187736714581408,0.911020675851588,0.8460176991150442,0.8089941972920697,0.8865924748277689,0.7897817988291644,0.42500000000000004,0,615,7.874233961105347
632,0.10673392227580471,valid,0.8183749336165693,0.8974081930285166,0.8938456741178467,0.820848611838659,0.8114966338684619,0.8304186539480657,0.8062799361362427,0.1,0,615,7.864229202270508
633,0.11178541543983644,valid,0.8374933616569304,0.9111646787506912,0.9044031426858258,0.8368,0.8421900161030595,0.8314785373608903,0.8435337945715806,0.25,0,615,7.879095077514648
634,0.11058895121659001,valid,0.830323951141795,0.9170978259980546,0.9122648771772305,0.839326125220015,0.7985645933014354,0.8844727080021197,0.7759446514103246,0.1,0,615,7.878026008605957
635,0.11512467914050625,valid,0.8252788104089219,0.9078158081695633,0.9043799459346551,0.8268421052631579,0.8212232096184005,0.8325384207737149,0.8179882916444917,0.1,0,615,7.828675746917725
636,0.0986794113752342,valid,0.8276686139139671,0.9047649064084591,0.8937833360491075,0.8288953335090957,0.8247639034627492,0.8330683624801272,0.8222458754656732,0.1,0,615,7.872504949569702
637,0.12071900009628266,valid,0.8287307488050982,0.9077441715578395,0.8911526923780801,0.8367501898253606,0.8008720930232558,0.875993640699523,0.7812666311868015,0.1,0,615,7.808202266693115
638,0.0916048207230145,valid,0.8231545406266596,0.9070108834063378,0.8953439103461347,0.8207750269106566,0.8337889557135046,0.8081611022787494,0.8382118147951038,0.1,0,615,7.817234754562378
639,0.0959872480842375,valid,0.8430695698353691,0.9176970070280028,0.9058189001762129,0.8494267515923567,0.8179587831207066,0.8834128245892952,0.8025545502927088,0.4,0,615,7.835038900375366
640,0.11732023305469944,valid,0.8409453000531067,0.9166730829379922,0.9125181365115209,0.8413245033112583,0.8411016949152542,0.8415474297827239,0.8403406067056945,0.275,0,615,7.80431866645813
641,0.11694528198530597,valid,0.8077535847052576,0.8907560003418249,0.8855799033853735,0.8072417465388712,0.8111289459604066,0.8033916269210387,0.8121341138903673,0.125,0,615,7.8567163944244385
642,0.14931064011949685,valid,0.8335103558151885,0.9110168929847733,0.9053758305797053,0.836078431372549,0.8250773993808049,0.8473767885532592,0.8195848855774348,0.35,0,615,7.815364360809326
643,0.10184523859812368,valid,0.8425385023898035,0.9211808308323975,0.914249516376125,0.8510424516453152,0.8089780324737345,0.8977212506624271,0.7871208089409261,0.125,0,615,7.8631956577301025
644,0.09283667921479191,valid,0.8361656930430165,0.9142157215287477,0.9066694563254009,0.8445452254976065,0.8049951969260326,0.8881822999470058,0.7839276210750399,0.17500000000000002,0,615,7.880878210067749
645,0.09380043682552153,valid,0.8449283058948487,0.9193797623187474,0.9111901280694995,0.8459915611814346,0.841994750656168,0.8500264970853206,0.8398084087280469,0.225,0,615,7.835296392440796
646,0.11450865786642797,valid,0.7989909718534254,0.9026258202603568,0.890817681200956,0.7780709469363823,0.8707349081364829,0.703232644409115,0.895156998403406,0.1,0,615,7.806304693222046
647,0.161506432559221,valid,0.8263409453000531,0.9086957539513655,0.9013262413145338,0.8341784989858012,0.7997083130772971,0.8717541070482246,0.7807344332091538,0.2,0,615,7.847157716751099
648,0.12350048007623803,valid,0.8300584174190122,0.9083293919095188,0.8983342955776065,0.8199212155317952,0.8740251949610078,0.7721250662427133,0.8882384246939862,0.1,0,615,7.867497205734253
649,0.1001314478175294,valid,0.814922995220393,0.8996077754491176,0.8917892408918662,0.8042684639146307,0.8554360812425329,0.758876523582406,0.8712080894092602,0.1,0,615,7.815488815307617
650,0.09223628879314469,valid,0.8327137546468402,0.9112992089231015,0.9018820710132794,0.8418674698795181,0.7997138769670958,0.8887122416534181,0.7764768493879723,0.1,0,615,7.834533214569092
651,0.10073689386368759,valid,0.8204992033988316,0.9024709836468281,0.9005685067007214,0.8241415192507804,0.8094021461420542,0.8394276629570747,0.8014901543374136,0.1,0,615,7.815554141998291
652,0.09837193714995537,valid,0.8281996813595327,0.905135639975824,0.8989669390471513,0.8315542827388701,0.8172978505629478,0.8463169051404346,0.8100053219797765,0.125,0,615,7.830231428146362
653,0.13238076102589408,valid,0.8454593733404142,0.9168572510775812,0.9089191363396345,0.8497676819824471,0.828384499245093,0.8722840487546369,0.8185204896221394,0.525,0,615,7.853753089904785
654,0.10933761436852717,valid,0.8473181093998938,0.9179365948298108,0.9086777999945395,0.8516129032258064,0.829979879275654,0.8744038155802861,0.8201170835550825,0.225,0,615,7.81521463394165
655,0.1031460065034128,valid,0.8459904407859798,0.9166639168360985,0.9021142286514001,0.8518140010219724,0.8223976319684262,0.8834128245892952,0.8084087280468334,0.15000000000000002,0,615,7.850349426269531
656,0.1390066148578039,valid,0.8276686139139671,0.9133071493056467,0.9014077217928944,0.8419001218026797,0.7790802524797115,0.9157392686804452,0.7392229909526343,0.2,0,615,7.81757378578186
657,0.10751025024200639,valid,0.8388210302708444,0.9184356538236887,0.9080839967748895,0.8474491078160342,0.8059273422562141,0.8934817170111288,0.7839276210750399,0.15000000000000002,0,615,7.850915193557739
658,0.11628113669012824,valid,0.7987254381306426,0.9161222707226527,0.9072561655079928,0.7704421562689279,0.8989399293286219,0.6740858505564388,0.9238956891963811,0.1,0,615,7.836158275604248
659,0.11864311577031209,valid,0.8398831651619756,0.9158038544445581,0.9035087990516368,0.8478425435276306,0.8092485549132948,0.890302066772655,0.7892496008515167,0.1,0,615,7.848002672195435
660,0.09399106029060579,valid,0.8414763674986724,0.9166237270047181,0.9057663717520933,0.8462528972443987,0.8231462925851704,0.8706942236354,0.8121341138903673,0.275,0,615,7.810930490493774
661,0.09834651630972663,valid,0.8274030801911842,0.9038678975754392,0.8900244392402104,0.8351090816844241,0.8009732360097324,0.8722840487546369,0.7823310271420969,0.1,0,615,7.83138108253479
662,0.09599226629061083,valid,0.7989909718534254,0.8797346794247525,0.8767762757833537,0.7945725915875169,0.814238042269188,0.7758346581875993,0.8222458754656732,0.1,0,615,7.867310523986816
663,0.0953792457979533,valid,0.83935209771641,0.9124721879316,0.8999948839452312,0.8441926345609065,0.8211422845691383,0.8685744568097509,0.8100053219797765,0.25,0,615,7.843083143234253
664,0.1057621227997926,valid,0.8204992033988316,0.9057944711765581,0.8936953763143552,0.8090395480225989,0.8663036902601331,0.758876523582406,0.8823842469398616,0.1,0,615,7.8620522022247314
665,0.1158663863616605,valid,0.848380244291025,0.9202351711508647,0.9078834262323927,0.8546703995927717,0.8222331047992164,0.8897721250662427,0.8068121341138904,0.125,0,615,7.846074819564819
666,0.12084259819840232,valid,0.8534253850238981,0.9253642397367157,0.9163009939262976,0.8559498956158664,0.8431876606683805,0.8691043985161632,0.8376796168174561,0.725,0,615,7.842516899108887
667,0.10348130576312542,valid,0.8223579394583113,0.9001017578327162,0.8929211998421671,0.8274438999226206,0.8060301507537688,0.8500264970853206,0.7945715806279936,0.1,0,615,7.852649211883545
668,0.11537768914093895,valid,0.8356346255974508,0.9141601608495763,0.9063631526149353,0.8401755744900594,0.8192346424974823,0.8622151563328034,0.8089409260244811,0.125,0,615,7.8283531665802
669,0.09901165153320518,valid,0.845724907063197,0.9167668592112133,0.907458700054746,0.8512925518300486,0.8232673267326732,0.881293057763646,0.8100053219797765,0.225,0,615,7.8864099979400635
670,0.0915407967423239,valid,0.851035581518853,0.9242619102212754,0.9142264554538478,0.858440575321726,0.819364161849711,0.9014308426073132,0.8004257583821182,0.2,0,615,7.854838609695435
671,0.09275744536951665,valid,0.8414763674986724,0.9163371805578235,0.9054834358093827,0.8486692015209125,0.8134110787172012,0.8871224165341812,0.795635976583289,0.15000000000000002,0,615,7.842635869979858
672,0.10377047382174961,valid,0.8459904407859798,0.9203515101364397,0.9089756874014717,0.8557931377424167,0.8060889929742389,0.9120296767355591,0.7796700372538584,0.2,0,615,7.8188087940216064
673,0.08738070172107508,valid,0.8491768454593733,0.9244897936160498,0.914977338138329,0.8512310110005238,0.8415328845157949,0.8611552729199788,0.8371474188398084,0.1,0,615,7.847712516784668
674,0.08820339863098436,valid,0.8414763674986724,0.9177551060123141,0.9066835254813347,0.8503384306843821,0.8068506184586108,0.8987811340752517,0.7839276210750399,0.2,0,615,7.904860496520996
675,0.13026836628635083,valid,0.8462559745087627,0.9155665229139857,0.9068197719891644,0.8479117415287628,0.840625,0.8553259141494436,0.8371474188398084,0.25,0,615,7.850497007369995
676,0.10546572884965327,valid,0.8321826872012745,0.9156870924081267,0.9098177072912776,0.824736550194121,0.8650378126817917,0.7880233174350821,0.8765300691857371,0.1,0,615,7.870169401168823
677,0.12974351791725044,valid,0.8531598513011153,0.9259216797488092,0.9186009913537453,0.8577308978646772,0.8335,0.8834128245892952,0.8227780734433209,0.25,0,615,7.867986679077148
678,0.10086258470771774,valid,0.8478491768454594,0.9194229135061243,0.9109393692212644,0.8531145860035888,0.8262164846077458,0.8818229994700583,0.8137307078233103,0.15000000000000002,0,615,7.872080564498901
679,0.1219595315670895,valid,0.8467870419543282,0.920252657252939,0.9097240087776088,0.8552070263488081,0.8122020972354623,0.9030206677265501,0.7903139968068121,0.125,0,615,7.870443344116211
680,0.10087345348250482,valid,0.8451938396176314,0.9225350166244884,0.9150058570752863,0.8515406162464986,0.8196078431372549,0.8860625331213566,0.8041511442256519,0.1,0,615,7.859709978103638
681,0.13385365446729044,valid,0.845724907063197,0.9257903929663,0.9191502199799082,0.8532457691336196,0.8151544401544402,0.8950715421303657,0.7961681745609367,0.1,0,615,7.855930328369141
682,0.10006098515324054,valid,0.844397238449283,0.923164939350019,0.9171530330500399,0.8462749213011542,0.837922077922078,0.8547959724430313,0.8339542309739223,0.1,0,615,7.879095554351807
683,0.11711303421085881,valid,0.8127987254381307,0.9101902516109072,0.9007458297465604,0.7951176983435048,0.8803088803088803,0.724960254372019,0.9010111761575306,0.1,0,615,7.862138748168945
684,0.15996440680276963,valid,0.8507700477960701,0.9231897583336084,0.9157448102185572,0.8584382871536524,0.8180508881421027,0.9030206677265501,0.7982969664715274,0.125,0,615,7.855126142501831
685,0.1533804666250944,valid,0.8396176314391928,0.9192307074002595,0.9124815873479429,0.8486215538847118,0.8050404184498335,0.8971913089560148,0.7817988291644492,0.275,0,615,7.878738880157471
686,0.10582200987564941,valid,0.8372278279341476,0.9157594341046115,0.9057702021762162,0.8454751701537686,0.80625,0.8887122416534181,0.785524215007983,0.1,0,615,7.857001066207886
687,0.09637419672142114,valid,0.8451938396176314,0.9232488444365852,0.9131946291913456,0.8546497132884567,0.8069679849340866,0.908320084790673,0.7817988291644492,0.25,0,615,7.843851327896118
688,0.0933017878522796,valid,0.8513011152416357,0.922150604412759,0.9133937951543912,0.8558929490478642,0.8319159579789895,0.881293057763646,0.8211814795103779,0.325,0,615,7.836139678955078
689,0.11423076905550496,valid,0.8287307488050982,0.9099381133003521,0.9028119152847975,0.8342328450269854,0.8098802395209581,0.8600953895071543,0.7972325705162321,0.1,0,615,7.88135290145874
690,0.10401136932834502,valid,0.8337758895379713,0.9119305418181541,0.9033839286623331,0.8407124681933842,0.8086147821830642,0.8754636989931107,0.7919105907397552,0.125,0,615,7.899183750152588
691,0.1246859538519094,valid,0.8382899628252788,0.9204015711544749,0.9105961363182549,0.835716212570812,0.8510989010989011,0.8208797032326444,0.8557743480574774,0.1,0,615,7.8705222606658936
692,0.09832263497575637,valid,0.8305894848645778,0.9154977066413061,0.9101088935979105,0.8413724515166584,0.7925058548009367,0.8966613672496025,0.7642362959020755,0.325,0,615,7.866390943527222
693,0.09668603833884962,valid,0.8481147105682422,0.923300597658047,0.9139484280043292,0.8579234972677595,0.8073866292660121,0.9152093269740329,0.7807344332091538,0.15000000000000002,0,615,7.855818033218384
694,0.0914341269000884,valid,0.8364312267657993,0.9138493594869014,0.9102749091957708,0.8404145077720208,0.8220983274201723,0.859565447800742,0.8131985098456626,0.1,0,615,7.881534099578857
695,0.10071582010676784,valid,0.8390865639936272,0.9160241229239131,0.9098726904180692,0.8406940063091483,0.8341158059467919,0.8473767885532592,0.8307610431080362,0.5,0,615,7.855954647064209
696,0.1488583705598308,valid,0.8414763674986724,0.919295716215229,0.9108515810474012,0.8418543046357616,0.8416313559322034,0.8420773714891362,0.8408728046833422,0.1,0,615,7.9076247215271
697,0.12919637140247128,valid,0.8446627721720659,0.9163101053029988,0.9108641596886146,0.8494983277591973,0.8255,0.8749337572866984,0.814262905800958,0.1,0,615,7.902139902114868
698,0.1259255390013418,valid,0.8382899628252788,0.9127339153949053,0.9007755885587531,0.841859257335757,0.825356415478615,0.8590355060943297,0.817456093666844,0.1,0,615,7.867915153503418
699,0.11172422147806614,valid,0.8428040361125863,0.9208677731984872,0.9111502285110255,0.8498985801217038,0.8147788040836169,0.8881822999470058,0.7972325705162321,0.225,0,615,7.869006395339966
700,0.10526486804648753,valid,0.8446627721720659,0.9237584797018789,0.916692829407062,0.8520859671302149,0.8147969052224371,0.8929517753047165,0.7961681745609367,0.225,0,615,7.850718259811401
701,0.11102318823818237,valid,0.8332448220924057,0.9129063791274603,0.8984209567431884,0.8424485699949824,0.7999047165316817,0.8897721250662427,0.7764768493879723,0.1,0,615,7.875661849975586
702,0.1380647467749734,valid,0.8473181093998938,0.921131756933028,0.9132895863885699,0.8506881329524799,0.8340122199592668,0.8680445151033387,0.8265034592868548,0.125,0,615,7.895088195800781
703,0.12234731276910152,valid,0.851035581518853,0.9237763888548098,0.9141364873362134,0.8583690987124464,0.819672131147541,0.9009009009009009,0.8009579563597659,0.25,0,615,7.866213321685791
704,0.10962549416768935,valid,0.8234200743494424,0.9055884454093764,0.8996627261938895,0.8316881802075424,0.7960271317829457,0.8706942236354,0.7759446514103246,0.1,0,615,7.857928276062012
705,0.15404336833425106,valid,0.8199681359532661,0.8991996723894166,0.8943995329959908,0.8258859784283513,0.8011958146487295,0.8521462639109698,0.7876530069185738,0.1,0,615,7.8509721755981445
706,0.11527600418776274,valid,0.8242166755177908,0.9033433145132108,0.8998523339926973,0.8195201744820065,0.8439079169006176,0.7965023847376789,0.8520489622139436,0.1,0,615,7.928715705871582
707,0.09601396820958584,valid,0.8319171534784918,0.9171354775242951,0.9093393543819611,0.844203790302732,0.7881433823529411,0.9088500264970854,0.7546567323044172,0.1,0,615,7.85248589515686
708,0.10625342520013932,valid,0.8281996813595327,0.9065410149215678,0.895240980480264,0.8309380715965509,0.8195876288659794,0.8426073131955485,0.8137307078233103,0.1,0,615,7.8787312507629395
709,0.12059507170511831,valid,0.8300584174190122,0.9112805946854096,0.9032579481954441,0.8422090729783037,0.7874596588289534,0.9051404345521993,0.7546567323044172,0.1,0,615,7.871473550796509
710,0.0957964917855157,valid,0.8372278279341476,0.9181211860202563,0.9058681352109796,0.8505242623750304,0.7877145438121048,0.9242183359830418,0.749866950505588,0.125,0,615,7.831607103347778
711,0.0911250349374548,valid,0.8422729686670207,0.9208273013332026,0.9124397212635482,0.8424403183023873,0.8433351035581519,0.8415474297827239,0.8430015965939329,0.1,0,615,7.863683462142944
712,0.09578894361132576,valid,0.8382899628252788,0.9136142842275641,0.9125355858649963,0.8377298161470823,0.842443729903537,0.8330683624801272,0.8435337945715806,0.125,0,615,7.882940292358398
713,0.10295693233849541,valid,0.8260754115772703,0.9149423818834957,0.9125725850676586,0.8369429922827981,0.7892018779342723,0.8908320084790673,0.7610431080361895,0.1,0,615,7.842345714569092
714,0.11744621900781509,valid,0.8281996813595327,0.9124425743716356,0.9089259450612647,0.8361610534312485,0.8006789524733269,0.8749337572866984,0.7812666311868015,0.125,0,615,7.813947439193726
715,0.09973905710203032,valid,0.8244822092405736,0.9047464331877192,0.8997690358355837,0.8290664597879494,0.8095959595959596,0.8494965553789083,0.7993613624268228,0.1,0,615,7.863015413284302
716,0.09595290421237869,valid,0.8284652150823154,0.9098819885533719,0.9007726623348993,0.833676622039135,0.8107160741111668,0.8579756226815051,0.7988291644491751,0.125,0,615,7.886155843734741
717,0.11028121513945441,valid,0.8281996813595327,0.909237823115668,0.9009323584566153,0.8372327044025157,0.7969348659003831,0.8818229994700583,0.7743480574773816,0.15000000000000002,0,615,7.888530492782593
718,0.09886374276491904,valid,0.8305894848645778,0.9153599330789952,0.9119520180507343,0.8401803607214429,0.7966745843230404,0.8887122416534181,0.7722192655667909,0.15000000000000002,0,615,7.866121292114258
719,0.09044290231841226,valid,0.8332448220924057,0.9139994015240548,0.908453301397401,0.840122199592668,0.8084272415482606,0.8744038155802861,0.7919105907397552,0.1,0,615,7.841913461685181
720,0.09223647253407587,valid,0.8446627721720659,0.9200361962312937,0.9150444581946245,0.851031321619557,0.8191176470588235,0.8855325914149443,0.8036189462480042,0.2,0,615,7.849122524261475
721,0.09515361605031837,valid,0.8372278279341476,0.9175100185493699,0.9127230436030518,0.846788302924269,0.8013245033112583,0.8977212506624271,0.7764768493879723,0.25,0,615,7.853131294250488
722,0.09236253016898709,valid,0.8154540626659585,0.89898758289329,0.8922047700451189,0.8262065516379095,0.7821969696969697,0.8754636989931107,0.7551889302820649,0.1,0,615,7.856290578842163
723,0.13419196057704189,valid,0.8451938396176314,0.9231188268066457,0.9184328723918739,0.8474221408008374,0.8371251292657704,0.8579756226815051,0.8323576370409792,0.55,0,615,7.862873792648315
724,0.10882392767516355,valid,0.8409453000531067,0.9200672199607803,0.9100265299773675,0.8465283115552139,0.8194444444444444,0.8754636989931107,0.8062799361362427,0.475,0,615,7.876664400100708
725,0.0942651089881697,valid,0.8369622942113648,0.9207976877732381,0.9132448332840691,0.8484698914116485,0.7939953810623557,0.9109697933227345,0.7626397019691326,0.225,0,615,7.871092081069946
726,0.1338939142803992,valid,0.8297928836962294,0.9100599519470636,0.9041635872569824,0.8391468005018821,0.7969494756911344,0.8860625331213566,0.7732836615220862,0.1,0,615,7.887399196624756
727,0.11120007825534671,valid,0.8385554965480616,0.9147436889978293,0.9088753294231077,0.839831401475237,0.8349921424829754,0.8447270800211977,0.8323576370409792,0.1,0,615,7.8528547286987305
728,0.09440301773288558,valid,0.8372278279341476,0.9113056957029031,0.901922782922006,0.8391498294410916,0.831081081081081,0.8473767885532592,0.8270356572645023,0.1,0,615,7.849030494689941
729,0.12329145701181504,valid,0.8295273499734467,0.9073287356166234,0.8969493851630403,0.8363914373088684,0.8055964653902798,0.8696343402225755,0.7892496008515167,0.30000000000000004,0,615,7.86191463470459
730,0.11393437534570694,valid,0.8236856080722251,0.9055795613413871,0.9024685406605215,0.8315575849822425,0.7975669099756691,0.8685744568097509,0.778605641298563,0.1,0,615,7.837463855743408
731,0.1497075765603973,valid,0.8292618162506639,0.9115359763858651,0.9036566119475805,0.8278447121820616,0.8365800865800865,0.8192898781134075,0.8392762107503992,0.1,0,615,7.885870695114136
732,0.12104659034840522,valid,0.8412108337758896,0.9173819751567615,0.906725839760899,0.848989898989899,0.8109020742884708,0.8908320084790673,0.7913783927621075,0.1,0,615,7.893101215362549
733,0.12622138485312462,valid,0.8340414232607541,0.9098529390612162,0.8987656760689051,0.8423707440100883,0.8036573628488932,0.885002649708532,0.7828632251197446,0.125,0,615,7.84888768196106
734,0.11593161802738905,valid,0.8295273499734467,0.9099907126235273,0.9008143573338524,0.8419497784342689,0.7862068965517242,0.9062003179650239,0.7525279403938265,0.15000000000000002,0,615,7.844238042831421
735,0.08846179060938378,valid,0.8441317047265002,0.918199591445686,0.90783116935856,0.8498337170631876,0.8214638971315529,0.8802331743508214,0.8078765300691857,0.125,0,615,7.869524955749512
736,0.08803795296097955,valid,0.8478491768454594,0.9208312498078645,0.910600024192276,0.8548999746771334,0.8186226964112512,0.8945416004239534,0.8009579563597659,0.275,0,615,7.891322374343872
737,0.09280648965749048,valid,0.830323951141795,0.9108860292531207,0.9014536909711008,0.8399699474079639,0.7962962962962963,0.8887122416534181,0.7716870675891432,0.225,0,615,7.874676942825317
738,0.09014157211828616,valid,0.8454593733404142,0.9186529609470473,0.911099149754573,0.8514548238897397,0.8212703101920237,0.8839427662957074,0.8068121341138904,0.15000000000000002,0,615,7.858711242675781
739,0.08714536391198635,valid,0.8361656930430165,0.9154761310476176,0.9081735710701413,0.8473905515706158,0.7945269016697588,0.9077901430842608,0.7642362959020755,0.1,0,615,7.9029130935668945
740,0.10575793118726823,valid,0.772437599575146,0.8714671375504737,0.8677565539191425,0.7475699558173785,0.8415119363395226,0.6724960254372019,0.8728046833422033,0.1,0,615,7.869563817977905
741,0.12235035290641169,valid,0.8475836431226765,0.9215635508407007,0.913546316341426,0.8513723459347489,0.8324050632911393,0.8712241653418124,0.8238424693986163,0.2,0,615,7.841175556182861
742,0.13014596388224633,valid,0.8467870419543282,0.9210408009988512,0.9117869766069838,0.8515564702855672,0.8275,0.8770535241123476,0.8163916977115487,0.1,0,615,7.816474437713623
743,0.12236583473220948,valid,0.8430695698353691,0.91797861788157,0.9097683070582641,0.84996191926885,0.8157894736842105,0.8871224165341812,0.7988291644491751,0.42500000000000004,0,615,7.863335847854614
744,0.1390543521171616,valid,0.8274030801911842,0.9042782569063758,0.8982021637315563,0.826017130620985,0.8345051379123851,0.8177000529941706,0.8371474188398084,0.1,0,615,7.862270355224609
745,0.12880322883927053,valid,0.8467870419543282,0.9223780647566767,0.9156745419171017,0.8515564702855672,0.8275,0.8770535241123476,0.8163916977115487,0.1,0,615,7.880177736282349
746,0.11027747446731213,valid,0.8077535847052576,0.8901900993125987,0.8890715394173909,0.8105703819989535,0.8005167958656331,0.8208797032326444,0.7945715806279936,0.1,0,615,7.8566200733184814
747,0.11460697086107346,valid,0.8340414232607541,0.9127578882767814,0.9061146046244704,0.8417320840719169,0.8060135790494666,0.8807631160572337,0.7871208089409261,0.15000000000000002,0,615,7.865979909896851
748,0.09589732345193624,valid,0.8478491768454594,0.9245101000571683,0.9167758946871404,0.8548999746771334,0.8186226964112512,0.8945416004239534,0.8009579563597659,0.125,0,615,7.856168746948242
749,0.08647225713056902,valid,0.8438661710037175,0.9188787290875385,0.9098367604385236,0.8500764915859256,0.8191646191646191,0.8834128245892952,0.8041511442256519,0.15000000000000002,0,615,7.8662285804748535
750,0.08838091940889435,valid,0.8518321826872013,0.9238483075004379,0.9149410460352727,0.858087487283825,0.8249388753056235,0.8940116587175411,0.8094731240021288,0.55,0,615,7.9019505977630615
751,0.09037107337386377,valid,0.8425385023898035,0.9214449555838907,0.9142783928080033,0.8486858892574637,0.8184055118110236,0.881293057763646,0.8036189462480042,0.1,0,615,7.893942832946777
752,0.11490013913041161,valid,0.8451938396176314,0.9213497691411475,0.9127843691329766,0.8520680030449125,0.817429406037001,0.8897721250662427,0.8004257583821182,0.1,0,615,7.896695852279663
753,0.14591410194313334,valid,0.8337758895379713,0.9113491289241844,0.903328430398382,0.8383264462809917,0.8176322418136021,0.8600953895071543,0.807344332091538,0.25,0,615,7.898942470550537
754,0.1002238045912236,valid,0.8507700477960701,0.9224852376403577,0.9119218913866949,0.8569974554707379,0.824278022515908,0.8924218335983042,0.8089409260244811,0.1,0,615,7.868657112121582
755,0.09097396498245577,valid,0.8361656930430165,0.9112743899395122,0.9063011985359326,0.8422398363589875,0.8137351778656127,0.8728139904610492,0.7993613624268228,0.17500000000000002,0,615,7.904983282089233
756,0.10200111177419463,valid,0.8523632501327668,0.9240897285226245,0.9158822615577731,0.8576548899129545,0.8296186230807331,0.8876523582405935,0.8169238956891964,0.325,0,615,7.898866415023804
757,0.10682151815102946,valid,0.8436006372809347,0.9156006490164208,0.9078276764497796,0.8506213542987573,0.8156614785992218,0.8887122416534181,0.7982969664715274,0.25,0,615,7.892385244369507
758,0.1330916524354008,valid,0.8359001593202336,0.9103779451743013,0.8991903438020448,0.8418628454452405,0.813953488372093,0.8717541070482246,0.7998935604044705,0.225,0,615,7.924998760223389
759,0.09326364196115924,valid,0.8271375464684015,0.9049286270899771,0.8963080180959286,0.8236250338661609,0.8425720620842572,0.8055113937466879,0.8488557743480575,0.1,0,615,7.896714687347412
760,0.08267180080856046,valid,0.8420074349442379,0.9164248931020995,0.9039752499491199,0.8506900878293601,0.8079122974261201,0.8982511923688394,0.785524215007983,0.125,0,615,7.876452922821045
761,0.08556048872490082,valid,0.8433351035581519,0.9194234775739332,0.910924848062961,0.8511604439959637,0.8122291766971593,0.8940116587175411,0.7924427887174029,0.1,0,615,7.894291162490845
762,0.09533206211222757,valid,0.8406797663303239,0.9185381731479468,0.909746621470306,0.8504486540378864,0.8028235294117647,0.9040805511393747,0.77700904736562,0.125,0,615,7.922624349594116
763,0.09291179448125823,valid,0.8274030801911842,0.9095960061742863,0.9005660023100724,0.8230811105062602,0.8461108002238389,0.8012718600953895,0.8536455561468866,0.1,0,615,7.8890769481658936
764,0.13165845673891804,valid,0.8420074349442379,0.9148164537451705,0.9064298158677082,0.847004371303677,0.8226773226773226,0.8728139904610492,0.8110697179350719,0.1,0,615,7.873829364776611
765,0.13019875749464957,valid,0.8544875199150292,0.9284456011594979,0.9217129297906406,0.8586900464156781,0.8362631843294827,0.8823529411764706,0.8265034592868548,0.2,0,615,7.90696120262146
766,0.13274447667983272,valid,0.8534253850238981,0.9243689420880041,0.9160851682856636,0.858534085084572,0.8312655086848635,0.8876523582405935,0.8190526875997871,0.125,0,615,7.907400131225586
767,0.10916610171778067,valid,0.8377588953797133,0.920933487098218,0.9109055591268045,0.8453556061756518,0.8091085271317829,0.885002649708532,0.7903139968068121,0.125,0,615,7.891820669174194
768,0.08380474633867702,valid,0.8494423791821561,0.9250259400683594,0.9151151421165451,0.8580015026296018,0.8133903133903134,0.9077901430842608,0.7908461947844598,0.125,0,615,7.885635137557983
769,0.09297591258561419,valid,0.8414763674986724,0.9179179805921189,0.9103072512019679,0.8511593118922962,0.8036723163841808,0.904610492845787,0.7780734433209153,0.1,0,615,7.875281095504761
770,0.1215658979790826,valid,0.8340414232607541,0.9095642773600385,0.904439127578739,0.840520540954325,0.8105314960629921,0.8728139904610492,0.7951037786056413,0.1,0,615,7.8773369789123535
771,0.12107089774743203,valid,0.8441317047265002,0.919702268088456,0.911029887210729,0.8466962653434317,0.8347064881565397,0.8590355060943297,0.8291644491750931,0.275,0,615,7.8932740688323975
772,0.09882991827063022,valid,0.834306956983537,0.9146628862842118,0.9103780948359405,0.8445440956651719,0.7968970380818053,0.8982511923688394,0.7700904736562001,0.1,0,615,7.895629167556763
773,0.08602991171421544,valid,0.8486457780138078,0.9234141163045775,0.9140918234750511,0.8516397709526289,0.8368286445012788,0.8669846316905141,0.8302288451303885,0.125,0,615,7.923823356628418
774,0.08655920997262001,valid,0.851035581518853,0.9206551196345518,0.9124594348437565,0.853715775749674,0.8403490759753593,0.8675145733969264,0.83448642895157,0.15000000000000002,0,615,7.890563249588013
775,0.08825364270277562,valid,0.8430695698353691,0.9185448009447007,0.9087519821974941,0.8507952537238072,0.8124397299903569,0.8929517753047165,0.7929749866950505,0.275,0,615,7.896053075790405
776,0.10341922091620584,valid,0.8491768454593733,0.9188994585795136,0.9034134093113906,0.8559107052257737,0.8209245742092457,0.8940116587175411,0.8041511442256519,0.15000000000000002,0,615,7.883354663848877
777,0.13645351197450392,valid,0.8539564524694636,0.9248091970128097,0.9112192962111949,0.8589743589743589,0.8320914058618977,0.8876523582405935,0.8201170835550825,0.375,0,615,7.897772312164307
778,0.1298460542194305,valid,0.8478491768454594,0.9196957813086541,0.9074940008766561,0.8562107904642409,0.8131553860819828,0.9040805511393747,0.7913783927621075,0.325,0,615,7.896609306335449
779,0.10210399335670856,valid,0.8377588953797133,0.9167303358205904,0.9093611820723364,0.8289952420934789,0.8784104389086596,0.7848436671966084,0.8908994145822245,0.1,0,615,7.872970342636108
780,0.09503069628150232,valid,0.8467870419543282,0.9211740620186915,0.9122078302621373,0.8560019965061143,0.8089622641509434,0.9088500264970854,0.7844598190526876,0.1,0,615,7.879077196121216
781,0.09906950809301869,valid,0.8507700477960701,0.9229184417175527,0.9122055022866512,0.8584382871536524,0.8180508881421027,0.9030206677265501,0.7982969664715274,0.375,0,615,7.8852269649505615
782,0.09375531989480218,valid,0.8181093998937865,0.8936073631155496,0.8794024049072025,0.8164031090860359,0.8259219088937093,0.8071012188659248,0.8291644491750931,0.1,0,615,7.914072513580322
783,0.1671884402392372,valid,0.8449283058948487,0.9177472090629905,0.9081862376568856,0.8487046632124352,0.8302078053725291,0.8680445151033387,0.8217136774880256,0.17500000000000002,0,615,7.896056175231934
784,0.10409956773923289,valid,0.8566117896972916,0.9222851345851689,0.9112676909294566,0.8629441624365483,0.8280565026790063,0.9009009009009009,0.8121341138903673,0.17500000000000002,1,784,7.971038103103638
785,0.10135720443401125,valid,0.8502389803505045,0.9234056552874448,0.9170438636327615,0.8583626318432949,0.8157517899761336,0.9056703762586116,0.7945715806279936,0.275,0,784,7.883287668228149
786,0.08774802455257985,valid,0.8523632501327668,0.9235458261379433,0.9118368045863006,0.8539915966386554,0.8464341488807913,0.8616852146263911,0.8430015965939329,0.8250000000000001,0,784,7.868795394897461
787,0.10056862042796227,valid,0.8507700477960701,0.9214157650747826,0.9123337915979799,0.8552292632663575,0.8320802005012531,0.8797032326444091,0.8217136774880256,0.125,0,784,7.898338794708252
788,0.09540195528778338,valid,0.8523632501327668,0.9231478762988014,0.9151969531193208,0.8580908626850434,0.82767109798129,0.8908320084790673,0.8137307078233103,0.15000000000000002,0,784,7.856044769287109
789,0.08882852866043968,valid,0.847052575677111,0.9172449066792117,0.9043975898483366,0.8552763819095477,0.8131868131868132,0.9019607843137255,0.7919105907397552,0.1,0,784,7.903730869293213
790,0.09849685785030166,valid,0.8319171534784918,0.9021167490628719,0.8970636431064719,0.8349413298565841,0.8218685831622177,0.8484366719660837,0.8153273017562533,0.1,0,784,7.885951042175293
791,0.09688407915734476,valid,0.8481147105682422,0.9200072877560903,0.9101376577310705,0.8540816326530613,0.823413674372848,0.8871224165341812,0.8089409260244811,0.1,0,784,7.911916255950928
792,0.09390831143865662,valid,0.8300584174190122,0.9129156862463064,0.9076206424096087,0.8403193612774451,0.793965110796794,0.8924218335983042,0.7674294837679617,0.375,0,784,7.890509366989136
793,0.16308551289201265,valid,0.8351035581518853,0.9117800767301438,0.9067220416998987,0.8393272962483829,0.8200202224469161,0.859565447800742,0.8105375199574242,0.1,0,784,7.87161922454834
794,0.10577298508536431,valid,0.8459904407859798,0.9237577746171177,0.9163984852993107,0.8556495769039323,0.8066635382449554,0.9109697933227345,0.7807344332091538,0.325,0,784,7.911154508590698
795,0.09256684377549156,valid,0.8409453000531067,0.914531317467798,0.9072844228495727,0.843480533054612,0.831958762886598,0.8553259141494436,0.8265034592868548,0.1,0,784,7.8516459465026855
796,0.09819289429053184,valid,0.8359001593202336,0.919277666045346,0.9118468687491318,0.8477832512315271,0.7919926369075011,0.9120296767355591,0.7594465141032464,0.125,0,784,7.894985198974609
797,0.09399298019707203,valid,0.8422729686670207,0.9152306205338169,0.908853678446742,0.8512024048096193,0.807125890736342,0.9003709591944886,0.7839276210750399,0.1,0,784,7.877256870269775
798,0.08780041835721462,valid,0.8324482209240573,0.9133433906623651,0.9070680888309106,0.8417356408327062,0.799047619047619,0.8892421833598304,0.775412453432677,0.125,0,784,7.862500190734863
799,0.13268263391669718,valid,0.8335103558151885,0.9121498231788436,0.9018767410569637,0.8319485392656124,0.841648590021692,0.8224695283518813,0.844598190526876,0.1,0,784,7.882944822311401
800,0.11601102388193531,valid,0.8438661710037175,0.914362379159048,0.9050483401023082,0.8463949843260188,0.8346213292117465,0.8585055643879174,0.8291644491750931,0.275,0,784,7.902896165847778
801,0.11879179758890983,valid,0.8186404673393521,0.8967935001338251,0.8962136432743202,0.8113780723557028,0.8471741637831603,0.7784843667196608,0.8589675359233635,0.1,0,784,7.881502628326416
802,0.151282450724994,valid,0.8420074349442379,0.917144643626189,0.9077678033208456,0.8420493761614016,0.8436170212765958,0.8404875463698993,0.8435337945715806,0.125,0,784,7.87330436706543
803,0.11305898343843798,valid,0.8340414232607541,0.9113197973981244,0.902788626289173,0.8417320840719169,0.8060135790494666,0.8807631160572337,0.7871208089409261,0.125,0,784,7.894012689590454
804,0.11576325470401395,valid,0.8491768454593733,0.919539252491699,0.9141129244444789,0.8536082474226804,0.8309081786251882,0.8775834658187599,0.8206492815327302,0.15000000000000002,0,784,7.8784191608428955
805,0.15124655752292565,valid,0.854753053637812,0.9226177935754369,0.9105282827414196,0.8606369426751592,0.8287536800785084,0.8950715421303657,0.814262905800958,0.5750000000000001,0,784,7.8844311237335205
806,0.10628760035239881,valid,0.8332448220924057,0.913685356771479,0.9055413013297813,0.8447082096933729,0.7918405192396848,0.9051404345521993,0.7610431080361895,0.15000000000000002,0,784,7.895659685134888
807,0.09836234771195919,valid,0.8255443441317047,0.9039202148647096,0.8964740814182851,0.8232445520581114,0.8360655737704918,0.8108108108108109,0.8403406067056945,0.1,0,784,7.867807388305664
808,0.12010310055507768,valid,0.834306956983537,0.9087946068348659,0.894737183210314,0.8437656484727091,0.7997152349311818,0.8929517753047165,0.775412453432677,0.275,0,784,7.872863054275513
809,0.10736865033545802,valid,0.838024429102496,0.9105031682278654,0.8950199681410564,0.8477284073889166,0.8013213780084946,0.8998410174880763,0.7759446514103246,0.15000000000000002,0,784,7.878570795059204
810,0.10143482258483287,valid,0.8451938396176314,0.9206236728542085,0.9098381554676218,0.8560849173043693,0.8012939001848429,0.918918918918919,0.7711548696114955,0.2,0,784,7.856423854827881
811,0.14194394299580204,valid,0.8576739245884227,0.9254031604155262,0.9174732473945434,0.8596858638743455,0.8494568028970512,0.8701642819289878,0.8451303885045237,0.675,0,784,7.862787246704102
812,0.11180815040584534,valid,0.8433351035581519,0.912175347247194,0.9055421278312709,0.8477026329375322,0.8263714141922496,0.8701642819289878,0.8163916977115487,0.125,0,784,7.870208501815796
813,0.11144036475208498,valid,0.8526287838555496,0.9225963589987006,0.9140380032489639,0.8576558091818415,0.831013916500994,0.8860625331213566,0.8190526875997871,0.42500000000000004,0,784,7.881154775619507
814,0.13201208929381064,valid,0.8499734466277217,0.9215765244003044,0.9162132042990349,0.8534370946822308,0.8358739837398373,0.8717541070482246,0.8281000532197977,0.1,0,784,7.860586404800415
815,0.11428000062944428,valid,0.8433351035581519,0.9173773215973385,0.9135228153740166,0.8487954894925679,0.8218362282878412,0.8775834658187599,0.8089409260244811,0.45000000000000007,0,784,7.8746559619903564
816,0.1199951792556432,valid,0.8507700477960701,0.9167881527709971,0.904150679329248,0.8550051599587203,0.8330819507290096,0.8781134075251722,0.8233102714209686,0.2,0,784,7.864990711212158
817,0.09208106676176671,valid,0.8422729686670207,0.91770828838418,0.9096331965044674,0.849238578680203,0.8149050170482222,0.8865924748277689,0.7977647684938797,0.25,0,784,7.866718530654907
818,0.09157160633514004,valid,0.8300584174190122,0.907296583751519,0.9001735505240929,0.8373983739837398,0.8042947779404588,0.8733439321674615,0.7865886109632784,0.1,0,784,7.860947370529175
819,0.12407250570193414,valid,0.8475836431226765,0.9177566571987883,0.9119310921939119,0.8505208333333333,0.8361495135688684,0.8653948065712772,0.8296966471527408,0.17500000000000002,0,784,7.845031499862671
820,0.10485709843135649,valid,0.8297928836962294,0.906643675262778,0.8998469716946113,0.8386609614900579,0.7986577181208053,0.8828828828828829,0.7764768493879723,0.225,0,784,7.863155126571655
821,0.10804187560514096,valid,0.8353690918746681,0.915119640192426,0.9068188727296633,0.8481136697697207,0.7886104783599088,0.9173290937996821,0.7530601383714742,0.42500000000000004,0,784,7.869173765182495
822,0.11478961959120727,valid,0.8351035581518853,0.9106832468758399,0.9041420388485074,0.8421052631578947,0.8093841642228738,0.8775834658187599,0.7924427887174029,0.1,0,784,7.837472915649414
823,0.09078402835274896,valid,0.8417419012214551,0.9175610666860707,0.9084768395814081,0.8488843813387424,0.8138065143412737,0.8871224165341812,0.7961681745609367,0.15000000000000002,0,784,7.8782267570495605
824,0.07902951355302526,valid,0.8321826872012745,0.9095270488846545,0.9074133037914913,0.8404040404040404,0.8027013989387362,0.8818229994700583,0.7823310271420969,0.1,0,784,7.8603503704071045
825,0.08467370463955787,valid,0.8563462559745088,0.924095228183761,0.9183237195424182,0.8567646280116494,0.8560846560846561,0.8574456809750928,0.8552421500798297,0.45000000000000007,0,784,7.848898410797119
826,0.10328496391734769,valid,0.845724907063197,0.9188165406116131,0.9095156805949435,0.8487373079927102,0.834186284544524,0.8638049814520403,0.82756785524215,0.15000000000000002,0,784,7.851743221282959
827,0.09288413023516055,valid,0.845724907063197,0.9220232661049116,0.9126790488730574,0.855076078822649,0.8077285579641847,0.908320084790673,0.7828632251197446,0.25,0,784,7.8764519691467285
828,0.1433085893551188,valid,0.8507700477960701,0.9169460917574745,0.9127149063336688,0.8524159663865546,0.84487246225924,0.8600953895071543,0.8414050026609899,0.225,0,784,7.870828628540039
829,0.13254701598517357,valid,0.8478491768454594,0.9184284619591261,0.912796391330405,0.8543096872616324,0.8211143695014663,0.890302066772655,0.8052155401809473,0.125,0,784,7.840585231781006
830,0.10659371118151373,valid,0.8441317047265002,0.9165832551394334,0.9119385139521163,0.8480455604452498,0.8289473684210527,0.8680445151033387,0.8201170835550825,0.1,0,784,7.843079328536987
831,0.13010031375433168,valid,0.8396176314391928,0.9114331750277028,0.9038954301817601,0.8453661034306196,0.8177315502724121,0.8749337572866984,0.8041511442256519,0.1,0,784,7.862765550613403
832,0.10196520394134906,valid,0.8332448220924057,0.9108624794221012,0.903970902161974,0.8395503321410321,0.8105574740996546,0.8706942236354,0.795635976583289,0.125,0,784,7.890423536300659
833,0.10860959500555069,valid,0.8526287838555496,0.9247210614176772,0.9169214103933284,0.8569956196856481,0.8340020060180542,0.881293057763646,0.8238424693986163,0.125,0,784,7.8903374671936035
834,0.11758712988587157,valid,0.849707912904939,0.9230275888385646,0.9134631255378953,0.8573588709677419,0.8173954829408938,0.9014308426073132,0.7977647684938797,0.275,0,784,7.8571155071258545
835,0.09423203039313516,valid,0.8404142326075411,0.9152155317199301,0.9093471356849544,0.8499375780274657,0.8035882908404155,0.9019607843137255,0.778605641298563,0.225,0,784,7.892127275466919
836,0.1047356363626257,valid,0.8409453000531067,0.91527927138233,0.906834788964292,0.8478536957073914,0.8141463414634146,0.8844727080021197,0.7972325705162321,0.15000000000000002,0,784,7.859086036682129
837,0.11859460096926458,valid,0.847052575677111,0.9157759330880202,0.9098427396396134,0.8476996298254892,0.845910290237467,0.8494965553789083,0.844598190526876,0.17500000000000002,0,784,7.860097169876099
838,0.10197786061513808,valid,0.8353690918746681,0.9125163262376423,0.9053966262567188,0.8420784513499745,0.8106915154487494,0.875993640699523,0.7945715806279936,0.1,0,784,7.855374574661255
839,0.1200807763023242,valid,0.849707912904939,0.9225770396762476,0.9146927588386311,0.8527575442247659,0.8375063873275421,0.8685744568097509,0.8307610431080362,0.475,0,784,7.849641799926758
840,0.0904861694021571,valid,0.8507700477960701,0.9259983929708125,0.9201388665190203,0.8576494427558258,0.8214459000485201,0.8971913089560148,0.8041511442256519,0.125,0,784,7.889519929885864
841,0.08640862815082073,valid,0.8481147105682422,0.9262639278918277,0.9199412016291268,0.8571428571428571,0.8105810108644308,0.9093799682034976,0.7865886109632784,0.2,0,784,7.8402204513549805
842,0.1123416300021833,valid,0.8425385023898035,0.9198180430062219,0.9085166128162441,0.8506673382019643,0.8104606525911708,0.8950715421303657,0.7897817988291644,0.5,0,784,7.881667852401733
843,0.09553139476526168,valid,0.848380244291025,0.9228586505298148,0.9149653269533768,0.8528729708837929,0.8299899699097292,0.8770535241123476,0.8195848855774348,0.25,0,784,7.877629280090332
844,0.1132985248921379,valid,0.8441317047265002,0.9205781243786441,0.9120397043729103,0.8497568466854364,0.8217821782178217,0.8797032326444091,0.8084087280468334,0.15000000000000002,0,784,7.864727020263672
845,0.11251830513919553,valid,0.8518321826872013,0.9214208416850624,0.9111032636058923,0.8599397590361446,0.8168812589413448,0.9077901430842608,0.795635976583289,0.4,0,784,7.892751693725586
846,0.12097981956697279,valid,0.8513011152416357,0.925086859391715,0.9142026332873102,0.8561890087313816,0.8305929247633284,0.8834128245892952,0.8190526875997871,0.1,0,784,7.888555288314819
847,0.1211849266903535,valid,0.8382899628252788,0.9137600957561511,0.9067560825638408,0.8364222401289283,0.8480392156862745,0.8251192368839427,0.8515167642362959,0.1,0,784,7.869252443313599
848,0.10821365354762923,valid,0.8428040361125863,0.9151744957868365,0.9059940639344916,0.8506559031281534,0.8117477130476649,0.8934817170111288,0.7919105907397552,0.275,0,784,7.896208047866821
849,0.1309442242547389,valid,0.844397238449283,0.9154152117242622,0.9085443097238717,0.8421336206896551,0.8564383561643836,0.8282988871224165,0.8605641298563066,0.1,0,784,7.873607397079468
850,0.11509628581904596,valid,0.8425385023898035,0.9162744280140893,0.9102553683337687,0.8467304212974929,0.8264379414732593,0.8680445151033387,0.8169238956891964,0.15000000000000002,0,784,7.887098789215088
851,0.1305302526321142,valid,0.832979288369623,0.9133560821880642,0.9086234874111967,0.8284701390782656,0.8533707865168539,0.8049814520402756,0.8610963278339542,0.1,0,784,7.859412908554077
852,0.09746105031621072,valid,0.8300584174190122,0.9084369878440567,0.9024568302866414,0.8387096774193549,0.7996155694377703,0.8818229994700583,0.7780734433209153,0.1,0,784,7.913048028945923
853,0.12348323093066292,valid,0.8202336696760488,0.9078186285086075,0.8997708742114133,0.833783452000982,0.7767612076852699,0.8998410174880763,0.7402873869079297,0.125,0,784,7.886199235916138
854,0.13017422777991142,valid,0.8337758895379713,0.9054818365935043,0.8992264421473076,0.8359538784067087,0.8268532918610679,0.84525702172761,0.8222458754656732,0.1,0,784,7.879038333892822
855,0.12030053541304604,valid,0.8526287838555496,0.921127244390557,0.9138318912009992,0.8553557466770915,0.8415384615384616,0.8696343402225755,0.8355508249068654,0.125,0,784,7.884692668914795
856,0.09435622496229987,valid,0.8446627721720659,0.9203227426781883,0.9124817221625365,0.8525334005545753,0.8129807692307692,0.8961314255431903,0.7929749866950505,0.17500000000000002,0,784,7.862806081771851
857,0.10958035677791603,valid,0.8324482209240573,0.9115980238448385,0.9013738053005558,0.8408575031525851,0.802213666987488,0.8834128245892952,0.7812666311868015,0.1,0,784,7.876224756240845
858,0.08341368684364904,valid,0.8430695698353691,0.9159899968214779,0.9050823564080756,0.8500380614057346,0.8154819863680624,0.8876523582405935,0.7982969664715274,0.225,0,784,7.863566160202026
859,0.10734477651215368,valid,0.830323951141795,0.9134622679530796,0.9067261905945488,0.8414785413048871,0.7910447761194029,0.8987811340752517,0.7615753060138372,0.17500000000000002,0,784,7.922865867614746
860,0.10296870311421732,valid,0.8422729686670207,0.9176091534667749,0.9116550665721023,0.8503778337531486,0.8103696591454633,0.8945416004239534,0.7897817988291644,0.1,0,784,7.897413492202759
861,0.1269090315627475,valid,0.845724907063197,0.9214302898208605,0.9146606128275255,0.8499095840867993,0.829133064516129,0.8717541070482246,0.8195848855774348,0.2,0,784,7.907656192779541
862,0.14162965130902105,valid,0.8372278279341476,0.9123672713191543,0.9067205769907168,0.8355245505768715,0.846195652173913,0.8251192368839427,0.8493879723257052,0.1,0,784,9.11309266090393
863,0.1292492502158688,valid,0.8505045140732873,0.9268563401080697,0.9234282074890318,0.8612958856861296,0.8047882136279927,0.926338102808691,0.7743480574773816,0.225,0,784,7.861355543136597
864,0.11172698717564344,valid,0.8406797663303239,0.9214376227023755,0.9186667640298423,0.84,0.8454106280193237,0.834658187599364,0.8467269824374667,0.1,0,784,7.864868640899658
865,0.08729755313646409,valid,0.845724907063197,0.9232331915548897,0.9193435375642853,0.8542032622333752,0.8112488083889419,0.9019607843137255,0.7892496008515167,0.35,0,784,7.857926607131958
866,0.11152599106783108,valid,0.8348380244291025,0.9109280523048797,0.9062000790996086,0.8357972544878564,0.8327196212519726,0.8388977212506624,0.8307610431080362,0.1,0,784,7.834942817687988
867,0.0841963478934861,valid,0.8507700477960701,0.9257049366932597,0.9207395432002419,0.8557494866529775,0.8297660527625684,0.8834128245892952,0.8179882916444917,0.2,0,784,7.832198858261108
868,0.09552342480709476,valid,0.8454593733404142,0.9210884647286988,0.9128781432384994,0.8525835866261399,0.8165938864628821,0.8918918918918919,0.7988291644491751,0.125,0,784,7.8106279373168945
869,0.11892466247081757,valid,0.8502389803505045,0.9213737420230236,0.9165969764684609,0.8533541341653667,0.8376722817764165,0.8696343402225755,0.8307610431080362,0.125,0,784,7.835566282272339
870,0.1021088729462316,valid,0.8491768454593733,0.9237827346176594,0.9163411139923364,0.8575012543903663,0.8141972367794188,0.9056703762586116,0.7924427887174029,0.25,0,784,7.820197820663452
871,0.08861294472890516,valid,0.8414763674986724,0.920129549453658,0.9118623084407732,0.850488354620586,0.8062678062678063,0.8998410174880763,0.7828632251197446,0.17500000000000002,0,784,7.823822498321533
872,0.08530785296592981,valid,0.8258098778544876,0.8995304981593057,0.8982042552170799,0.8304033092037229,0.8107016658253408,0.8510863804981452,0.8004257583821182,0.1,0,784,7.788116455078125
873,0.08092395823088384,valid,0.8425385023898035,0.9233087766412751,0.9180784578224224,0.851712928232058,0.806344696969697,0.9024907260201378,0.7823310271420969,0.225,0,784,7.794618368148804
874,0.08106119121094385,valid,0.8332448220924057,0.9080136549535165,0.9004257298103666,0.8416540595057993,0.8027898027898028,0.8844727080021197,0.7817988291644492,0.1,0,784,7.897474527359009
875,0.07301297304671138,valid,0.8369622942113648,0.9131998354050135,0.9052886407785556,0.8443204868154158,0.8094312105007292,0.8823529411764706,0.7913783927621075,0.2,0,784,7.9594128131866455
876,0.07181806303560734,valid,0.8491768454593733,0.9215325271112141,0.9145663157485815,0.8522372528616025,0.8369954011241697,0.8680445151033387,0.8302288451303885,0.275,0,784,7.94513726234436
877,0.07657620653269752,valid,0.8093467870419543,0.8831907228895614,0.8907879395118344,0.8073000536768653,0.8178357803153888,0.7970323264440912,0.8217136774880256,0.1,0,784,7.960820913314819
878,0.0952479052507589,valid,0.8449283058948487,0.9164697364929029,0.9109670755426555,0.847360167276529,0.8359979370809696,0.8590355060943297,0.8307610431080362,0.1,0,784,8.048075914382935
879,0.07729034579449123,valid,0.8433351035581519,0.9225120308612779,0.9183983427754928,0.8513853904282116,0.8113298127700432,0.895601483836778,0.7908461947844598,0.15000000000000002,0,784,7.781909227371216
880,0.07188820490433324,valid,0.8189060010621348,0.8979446215147308,0.894575741985639,0.8152762730227519,0.8337950138504155,0.7975622681505035,0.8403406067056945,0.1,0,784,7.763570308685303
881,0.08638926457253195,valid,0.8388210302708444,0.9101086027955765,0.9027053211289846,0.8400527009222661,0.8354297693920335,0.8447270800211977,0.8328898350186269,0.1,0,784,7.764714002609253
882,0.14886349295416185,valid,0.8465215082315454,0.9192170287558948,0.9126776330793624,0.853522554485555,0.8178727537639631,0.8924218335983042,0.8004257583821182,0.1,0,784,7.8058202266693115
883,0.1292457768633481,valid,0.8473181093998938,0.9241971834402101,0.9163861681056689,0.8571428571428571,0.8068288119738073,0.9141494435612083,0.7802022352315061,0.1,0,784,7.772038698196411
884,0.09880743860717743,valid,0.8560807222517259,0.9258665421204946,0.917722670942459,0.863682092555332,0.8219243657252274,0.9099099099099099,0.8020223523150612,0.17500000000000002,1,884,7.8739848136901855
885,0.13843442199210967,valid,0.8494423791821561,0.9259198465284305,0.9247809855475223,0.8453776929370057,0.8707865168539326,0.8214096449390567,0.8775944651410325,0.1,0,884,7.779482126235962
886,0.1740245207423164,valid,0.8364312267657993,0.9081479030920223,0.8967413499895679,0.8386589837611315,0.8291040911444847,0.8484366719660837,0.824374667376264,0.1,0,884,7.766936302185059
887,0.13373108893152205,valid,0.8414763674986724,0.9137100347381161,0.9071321538341799,0.849735716083564,0.8092042186001918,0.8945416004239534,0.7881852048962213,0.2,0,884,7.789006948471069
888,0.1261690600264457,valid,0.8531598513011153,0.9226027047615502,0.9149615620530716,0.8568470100957805,0.8375506072874493,0.8770535241123476,0.8291644491750931,0.45000000000000007,0,884,7.770385265350342
889,0.10923739450593148,valid,0.8295273499734467,0.9089976712460511,0.9043803434175941,0.8386123680241327,0.7977044476327116,0.8839427662957074,0.7748802554550293,0.1,0,884,7.7531983852386475
890,0.10047353023002224,valid,0.823951141795008,0.8984063110162724,0.8961720980880655,0.8202764976958525,0.839622641509434,0.8018018018018018,0.8461947844598191,0.1,0,884,7.777944087982178
891,0.1114693911325547,valid,0.8441317047265002,0.9186130531495712,0.9127608561435726,0.8512040557667934,0.8158406219630709,0.8897721250662427,0.7982969664715274,0.125,0,884,7.7102131843566895
892,0.1005578231547148,valid,0.8534253850238981,0.9263725109450308,0.9202353790659855,0.858534085084572,0.8312655086848635,0.8876523582405935,0.8190526875997871,0.25,0,884,7.716681480407715
893,0.08230281236671633,valid,0.8584705257567711,0.9267285787493659,0.9176329071981104,0.8631578947368421,0.8371513944223108,0.8908320084790673,0.8259712613092071,0.15000000000000002,0,884,7.67989444732666
894,0.08820372994147962,valid,0.8600637280934679,0.9256294926238262,0.916469782130058,0.8614980289093298,0.8545359749739312,0.8685744568097509,0.8515167642362959,0.15000000000000002,0,884,7.707199573516846
895,0.11494413583028701,valid,0.8433351035581519,0.9238494356360556,0.9189997363998974,0.8538880633977216,0.801487680148768,0.913619501854796,0.7727514635444386,0.2,0,884,7.776335000991821
896,0.1098203257086777,valid,0.8632501327668614,0.9286837787917837,0.9238809204013707,0.8679825685721609,0.8406156901688183,0.8971913089560148,0.8291644491750931,0.25,1,896,7.850454568862915
897,0.15016002376233378,valid,0.8428040361125863,0.9191099968891661,0.9172396559094211,0.847814910025707,0.8232651023464803,0.8738738738738738,0.8116019159127196,0.4,0,896,7.746705770492554
898,0.10280154278922465,valid,0.8475836431226765,0.9211808308323978,0.9149780620267975,0.8537952114111055,0.8219715546836684,0.8881822999470058,0.8068121341138904,0.125,0,896,7.8022520542144775
899,0.0934913439015227,valid,0.8417419012214551,0.9179831304240407,0.911697244290522,0.8507014028056112,0.8066508313539192,0.8998410174880763,0.7833954230973922,0.125,0,896,7.894386053085327
900,0.09284973180582447,valid,0.8536909187466808,0.9261488580588227,0.9214487258006859,0.8571428571428571,0.8390862944162436,0.875993640699523,0.8312932410856839,0.125,0,896,7.880074739456177
901,0.08527327815611516,valid,0.8412108337758896,0.9167510653125656,0.9086972831705372,0.8463514902363823,0.8214463840399002,0.8728139904610492,0.8094731240021288,0.325,0,896,7.907146215438843
902,0.0838216117793514,valid,0.8486457780138078,0.9259543956817224,0.9207387802595661,0.8496835443037974,0.8456692913385827,0.8537360890302067,0.8435337945715806,0.1,0,896,7.882086515426636
903,0.0941799059510231,valid,0.8536909187466808,0.9264620567096853,0.9220358761974976,0.8578798039721434,0.835678391959799,0.881293057763646,0.8259712613092071,0.55,0,896,7.938012361526489
904,0.11144147518902056,valid,0.8356346255974508,0.9164041636101243,0.910778152696534,0.8352408836837902,0.8390374331550802,0.8314785373608903,0.8398084087280469,0.1,0,896,7.867147922515869
905,0.08522535156038019,valid,0.8300584174190122,0.9095097037995326,0.8985683540629575,0.8381385938290339,0.8016448959845186,0.8781134075251722,0.7817988291644492,0.1,0,896,7.696690559387207
906,0.0870454792654322,valid,0.8486457780138078,0.9235173407135966,0.9168674494137529,0.8551829268292683,0.821376281112738,0.8918918918918919,0.8052155401809473,0.35,0,896,7.73457932472229
907,0.10522300858170755,valid,0.8271375464684015,0.9082241932631689,0.9011341425945305,0.8203146563621309,0.8559907834101382,0.7874933757286698,0.8669505055880787,0.1,0,896,7.751182556152344
908,0.10599920333873841,valid,0.8348380244291025,0.9092242854882558,0.9009308285276934,0.8351881293057764,0.8351881293057764,0.8351881293057764,0.83448642895157,0.1,0,896,7.752135753631592
909,0.07992515884219639,valid,0.8507700477960701,0.9186439358621057,0.9084516565989693,0.856412876852325,0.8268376911692156,0.8881822999470058,0.8131985098456626,0.225,0,896,7.717719316482544
910,0.08284059743727407,valid,0.8287307488050982,0.9056165077828666,0.9019474909890774,0.8355850114708131,0.8050098231827112,0.8685744568097509,0.788717402873869,0.2,0,896,7.712005853652954
911,0.13259143862993486,valid,0.8409453000531067,0.918490368401147,0.9105358274202209,0.8414924583223075,0.8403805496828752,0.8426073131955485,0.8392762107503992,0.1,0,896,7.738190650939941
912,0.14102062314087827,valid,0.8505045140732873,0.9238288471610326,0.9177490607674235,0.8544091026635635,0.8343434343434344,0.8754636989931107,0.8254390633315594,0.2,0,896,7.711732864379883
913,0.09806516508181248,valid,0.8382899628252788,0.9139438408448833,0.9048422336120124,0.8471001757469244,0.8048664122137404,0.8940116587175411,0.7823310271420969,0.15000000000000002,0,896,7.706533432006836
914,0.10980538483108243,valid,0.8491768454593733,0.9196261189342615,0.9117469596417571,0.8523140925637025,0.8366513527309852,0.8685744568097509,0.8296966471527408,0.1,0,896,7.699998617172241
915,0.14802244233508263,valid,0.8194370685077005,0.8919117752821536,0.8851256967976313,0.8246518824136153,0.8031140130587644,0.8473767885532592,0.7913783927621075,0.17500000000000002,0,896,7.7074668407440186
916,0.09227233476215793,valid,0.8428040361125863,0.9118108184257263,0.9053181787977369,0.8463933575505967,0.8291814946619217,0.8643349231584526,0.8211814795103779,0.1,0,896,7.739973306655884
917,0.08847087216112882,valid,0.8433351035581519,0.9218822491526996,0.9166011174287322,0.8542490118577075,0.8000925497454882,0.9162692103868575,0.7700904736562001,0.1,0,896,7.696497440338135
918,0.08000412793649782,valid,0.8263409453000531,0.9018118704121899,0.8972273132205657,0.8281660535995796,0.8212610734757686,0.8351881293057764,0.817456093666844,0.1,0,896,7.728283405303955
919,0.0892529112977847,valid,0.848380244291025,0.9186602938285624,0.9142467948981151,0.8538520604044023,0.8257425742574257,0.8839427662957074,0.8126663118680149,0.4,0,896,7.712121963500977
920,0.07830424328154374,valid,0.8518321826872013,0.9206869894657516,0.9139249185033131,0.8575076608784474,0.8275012321340561,0.8897721250662427,0.8137307078233103,0.2,0,896,7.714272499084473
921,0.07954734359537402,valid,0.8513011152416357,0.9215738450782123,0.9122653335043326,0.8563365828630066,0.8299353555445053,0.8844727080021197,0.8179882916444917,0.2,0,896,7.746345281600952
922,0.07708958686599808,valid,0.8462559745087627,0.9230360498556974,0.9170406636755593,0.8555749563482166,0.8081998114985862,0.9088500264970854,0.7833954230973922,0.125,0,896,7.839159965515137
923,0.0785699644756894,valid,0.8364312267657993,0.9107983167088449,0.9024091043693226,0.8404971517348524,0.8217721518987342,0.8600953895071543,0.8126663118680149,0.1,0,896,7.87048077583313
924,0.11426933545378908,valid,0.8337758895379713,0.911929131648632,0.9073291051942302,0.8383264462809917,0.8176322418136021,0.8600953895071543,0.807344332091538,0.525,0,896,7.854309558868408
925,0.08318762346396162,valid,0.8555496548061604,0.9269214899399917,0.9190870830462076,0.8619989852866565,0.8267639902676399,0.9003709591944886,0.8105375199574242,0.2,0,896,7.883024454116821
926,0.08189096175614864,valid,0.8359001593202336,0.9060938501661039,0.8980533037508281,0.8393970893970893,0.8235594084650688,0.8558558558558559,0.815859499733901,0.125,0,896,7.8797924518585205
927,0.0867585159177261,valid,0.8361656930430165,0.9104598760235363,0.9044135251198127,0.8442312547336531,0.8061716489874639,0.8860625331213566,0.7860564129856307,0.1,0,896,7.896148204803467
928,0.07955544305995348,valid,0.8433351035581519,0.9161133866546632,0.9110278582200427,0.8513104838709677,0.8116290245074483,0.8950715421303657,0.7913783927621075,0.35,0,896,7.726398706436157
929,0.07559061266722218,valid,0.82129580456718,0.8991061781501002,0.8932404339403743,0.8316237177883412,0.7876777251184834,0.8807631160572337,0.7615753060138372,0.1,0,896,7.724689483642578
930,0.08392960307819228,valid,0.845724907063197,0.9171597324400754,0.9143779505409684,0.8492084090319232,0.832146490335707,0.8669846316905141,0.824374667376264,0.30000000000000004,0,896,7.729351997375488
931,0.13354837581995996,valid,0.831651619755709,0.9198279141928768,0.9124287435399293,0.8200908059023837,0.8827122785583384,0.7657657657657657,0.8978179882916445,0.1,0,896,7.742449760437012
932,0.09377859226397929,valid,0.8465215082315454,0.9228869949372094,0.9165717308503272,0.851413881748072,0.8267598602096855,0.8775834658187599,0.8153273017562533,0.5750000000000001,0,896,7.725715160369873
933,0.09104576274271935,valid,0.8242166755177908,0.9061678840660151,0.9037664413860038,0.8340020060180542,0.7915278438838649,0.881293057763646,0.766897285790314,0.15000000000000002,0,896,7.740453004837036
934,0.13256971225623163,valid,0.8462559745087627,0.9216915942333093,0.9165469894183715,0.853008377760853,0.8187134502923976,0.890302066772655,0.8020223523150612,0.125,0,896,7.660849571228027
935,0.10222076186008992,valid,0.851035581518853,0.9203163969153388,0.9073335659141126,0.8596447335501626,0.814218009478673,0.9104398516163222,0.7913783927621075,0.375,0,896,7.685261011123657
936,0.09221628116023156,valid,0.8454593733404142,0.9212966057501637,0.9151685978376057,0.8497676819824471,0.828384499245093,0.8722840487546369,0.8185204896221394,0.125,0,896,7.723440885543823
937,0.09484049647806152,valid,0.8096123207647371,0.8898763365939273,0.8804463815523792,0.8152538005668643,0.7933801404212638,0.8383677795442501,0.7807344332091538,0.1,0,896,7.727491140365601
938,0.07981955939002576,valid,0.8534253850238981,0.924650975992428,0.9146459767546258,0.8606764260474508,0.8216867469879519,0.9035506094329624,0.8030867482703565,0.42500000000000004,0,896,7.702085256576538
939,0.08443835344646246,valid,0.8502389803505045,0.9196261189342616,0.9123138265474212,0.8567800914169629,0.8225255972696246,0.8940116587175411,0.8062799361362427,0.125,0,896,7.703855037689209
940,0.07690013332232352,valid,0.8544875199150292,0.9240187969956619,0.9170273047309714,0.8599182004089979,0.8306172839506173,0.8913619501854796,0.817456093666844,0.15000000000000002,0,896,7.675236225128174
941,0.08720589290943838,valid,0.8491768454593733,0.9258577990694573,0.9180670310790592,0.8572146807440925,0.8153993304638929,0.9035506094329624,0.7945715806279936,0.1,0,896,7.714070558547974
942,0.08481701681458001,valid,0.8534253850238981,0.9209320769286959,0.914016644947275,0.8589678078691876,0.8293043907252097,0.8908320084790673,0.815859499733901,0.17500000000000002,0,896,7.752782821655273
943,0.08138932930606027,valid,0.8507700477960701,0.9228580864620058,0.91397120042809,0.8582240161453077,0.8189696677900818,0.9014308426073132,0.7998935604044705,0.125,0,896,7.671485185623169
944,0.1340395662212564,valid,0.8449283058948487,0.9198421569050503,0.908167428406038,0.854,0.808329389493611,0.9051404345521993,0.7844598190526876,0.45000000000000007,0,896,7.694558143615723
945,0.09644372839360468,valid,0.8396176314391928,0.9118440984264482,0.9059677168314185,0.8449691991786448,0.8193130910900945,0.8722840487546369,0.8068121341138904,0.1,0,896,7.704442024230957
946,0.08258604552716978,valid,0.8364312267657993,0.9118374706296943,0.8995874744913268,0.842374616171955,0.8144482929242949,0.8722840487546369,0.8004257583821182,0.1,0,896,7.739307641983032
947,0.08660937593348565,valid,0.8425385023898035,0.9202501189477992,0.9125200130609321,0.8511172483052976,0.8086832061068703,0.8982511923688394,0.7865886109632784,0.125,0,896,7.728775978088379
948,0.11779230298294176,valid,0.8250132766861391,0.9110197133238174,0.9061132771799144,0.8380437453919882,0.7813932172318974,0.9035506094329624,0.7461415646620543,0.15000000000000002,0,896,7.753716230392456
949,0.1116501854792718,valid,0.8165161975570897,0.8936938065072555,0.8870360990699806,0.8130916959697052,0.8303867403314917,0.7965023847376789,0.8366152208621607,0.1,0,896,7.7022545337677
950,0.08399512660839865,valid,0.8475836431226765,0.9204149677649349,0.9135685690204409,0.8530465949820788,0.8251609707776126,0.8828828828828829,0.8121341138903673,0.17500000000000002,0,896,7.744816780090332
951,0.1050375456501159,valid,0.8451938396176314,0.9180269866961787,0.9120869102252513,0.853185595567867,0.8128598848368522,0.8977212506624271,0.7924427887174029,0.17500000000000002,0,896,7.760808944702148
952,0.07978216020931159,valid,0.8518321826872013,0.9250389136279629,0.9167057353759858,0.856776180698152,0.8307615729218517,0.8844727080021197,0.8190526875997871,0.125,0,896,7.749387264251709
953,0.07610620945812233,valid,0.8505045140732873,0.9188862029860059,0.912436630215405,0.8553814538916004,0.8300099700897308,0.8823529411764706,0.8185204896221394,0.375,0,896,7.739492893218994
954,0.0811212121118461,valid,0.828996282527881,0.9028620236553115,0.8993545758540517,0.8294491525423728,0.8290100582318687,0.8298887122416534,0.8281000532197977,0.1,0,896,7.726633787155151
955,0.11764215359524373,valid,0.8170472650026553,0.8930174892044472,0.8859235012804616,0.8108701619544332,0.841116173120729,0.7827239003709592,0.8515167642362959,0.1,0,896,7.712000370025635
956,0.08740442180104795,valid,0.8467870419543282,0.9197669948695212,0.9065829448310436,0.8530685001273236,0.821078431372549,0.8876523582405935,0.805747738158595,0.15000000000000002,0,896,7.698772430419922
957,0.08098882983528799,valid,0.8558151885289432,0.9268433665484663,0.9180116853693006,0.8609475032010243,0.8330029732408325,0.8908320084790673,0.8206492815327302,0.375,0,896,7.68019700050354
958,0.09460331824037337,valid,0.8401486988847584,0.9147921988293901,0.9073628367115856,0.8461931527848748,0.8169708929452393,0.8775834658187599,0.8025545502927088,0.1,0,896,7.741935968399048
959,0.12604941607963654,valid,0.8528943175783325,0.9184855738247718,0.9067932435279379,0.857875833760903,0.8314271506713078,0.8860625331213566,0.8195848855774348,0.2,0,896,7.707873344421387
960,0.15033964980994502,valid,0.8204992033988316,0.8958406485877293,0.8920282503890729,0.8208797032326444,0.8208797032326444,0.8208797032326444,0.8201170835550825,0.1,0,896,7.7525975704193115
961,0.11225227789292412,valid,0.8436006372809347,0.9109018231517683,0.9049458118438053,0.8426395939086294,0.849676724137931,0.8357180710121886,0.8515167642362959,0.1,0,896,7.696599960327148
962,0.15279048993702857,valid,0.7997875730217737,0.8717662345061149,0.8684107956621991,0.8045619491964748,0.7874175545408422,0.8224695283518813,0.77700904736562,0.15000000000000002,0,896,7.709945917129517
963,0.11551066944676061,valid,0.8489113117365905,0.9202797325077637,0.9120959885042083,0.8560586896028333,0.818973862536302,0.8966613672496025,0.8009579563597659,0.125,0,896,7.741873741149902
964,0.10107994570787396,valid,0.8401486988847584,0.9112428021422169,0.9057939258060992,0.8452442159383033,0.8207688467299051,0.8712241653418124,0.8089409260244811,0.225,0,896,7.752108097076416
965,0.08699389730369853,valid,0.8473181093998938,0.9180216280519947,0.9103944879692658,0.851228978007762,0.8316481294236603,0.8717541070482246,0.8227780734433209,0.1,0,896,7.779029369354248
966,0.08048712678493992,valid,0.8513011152416357,0.9231817203673323,0.91799901053786,0.85721570627231,0.826044226044226,0.8908320084790673,0.8116019159127196,0.125,0,896,7.775510311126709
967,0.09819462402693686,valid,0.8438661710037175,0.9144399384827647,0.9080627672922373,0.8508371385083714,0.8160583941605839,0.8887122416534181,0.7988291644491751,0.125,0,896,7.883756399154663
968,0.10393578973748992,valid,0.848380244291025,0.9231812973164757,0.9159474863627431,0.8545963840081487,0.8225490196078431,0.8892421833598304,0.807344332091538,0.1,0,896,7.8893654346466064
969,0.10552805656146619,valid,0.8502389803505045,0.9178344985564094,0.910114316210969,0.8561224489795919,0.8253812100344319,0.8892421833598304,0.8110697179350719,0.2,0,896,7.857568025588989
970,0.08678153857228256,valid,0.8494423791821561,0.9209612674378036,0.9116165355994905,0.8551724137931035,0.8254437869822485,0.8871224165341812,0.8116019159127196,0.125,0,896,7.8980982303619385
971,0.08604082330730894,valid,0.8390865639936272,0.912866894380841,0.90175715028092,0.8492537313432836,0.8002812939521801,0.904610492845787,0.7732836615220862,0.2,0,896,7.971617221832275
972,0.07443523794532783,valid,0.8486457780138078,0.9213989840574695,0.9129653830518579,0.8542944785276073,0.8251851851851851,0.8855325914149443,0.8116019159127196,0.275,0,896,7.906603574752808
973,0.07604731691460456,valid,0.8528943175783325,0.9250111332883773,0.9157695859620193,0.8591764107778342,0.8255984367366879,0.895601483836778,0.8100053219797765,0.325,0,896,7.733538866043091
974,0.0825368651459294,valid,0.8406797663303239,0.9155009500312071,0.902952354370291,0.8515586343394359,0.7986078886310904,0.9120296767355591,0.7690260777009047,0.325,0,896,7.736670255661011
975,0.14133043328840886,valid,0.8351035581518853,0.9131201608270135,0.9013889571260102,0.8473826492995822,0.7901008249312558,0.913619501854796,0.7562533262373603,0.4,0,896,7.733746767044067
976,0.11554045194099026,valid,0.8513011152416357,0.9240429108944902,0.9148606092755343,0.8580841358337558,0.8222438076736279,0.8971913089560148,0.8052155401809473,0.325,0,896,7.77295446395874
977,0.08964706855195184,valid,0.8422729686670207,0.9135932727016847,0.9091949003405093,0.8470648815653965,0.8237356034051077,0.8717541070482246,0.8126663118680149,0.125,0,896,7.717840194702148
978,0.10219393598456536,valid,0.8491768454593733,0.92026802810073,0.9092392517780767,0.8553971486761711,0.82312591866732,0.890302066772655,0.8078765300691857,0.30000000000000004,0,896,7.67520809173584
979,0.1369695693494812,valid,0.8417419012214551,0.9188650504431739,0.9138671077322145,0.8488843813387424,0.8138065143412737,0.8871224165341812,0.7961681745609367,0.30000000000000004,0,896,7.732545614242554
980,0.10683083053558104,valid,0.8462559745087627,0.9190208741753682,0.9101733358681623,0.8518044535449194,0.8237623762376237,0.8818229994700583,0.8105375199574242,0.17500000000000002,0,896,7.7703282833099365
981,0.13472450897097588,valid,0.8454593733404142,0.9198301704641122,0.915772178140905,0.8503086419753086,0.8260869565217391,0.875993640699523,0.8147951037786056,0.1,0,896,7.7683398723602295
982,0.09155853296960553,valid,0.8215613382899628,0.9076003342665835,0.9020455766108848,0.8265358802271554,0.8057372924006039,0.8484366719660837,0.7945715806279936,0.1,0,896,7.745409727096558
983,0.10536215742749552,valid,0.832979288369623,0.9130574082832794,0.9102736737624585,0.8280010937927262,0.8553672316384181,0.8023317435082141,0.8637573177221927,0.125,0,896,7.739013671875
984,0.1324304016607423,valid,0.8388210302708444,0.916134398180543,0.9132763522052577,0.843030773209206,0.8232323232323232,0.8638049814520403,0.8137307078233103,0.1,0,896,7.729219675064087
985,0.1266989185204429,valid,0.8369622942113648,0.914880757475379,0.9067715164200686,0.8433673469387755,0.8130841121495327,0.875993640699523,0.7977647684938797,0.275,0,896,7.745159387588501
986,0.09279802331941263,valid,0.8406797663303239,0.912223293010946,0.9064332192151405,0.8469387755102041,0.8165272995573045,0.8797032326444091,0.8014901543374136,0.2,0,896,7.773559093475342
987,0.09360556100164691,valid,0.8467870419543282,0.9207646898064203,0.9121690191681906,0.8514800514800515,0.8278278278278278,0.8765235824059353,0.8169238956891964,0.375,0,896,7.747564792633057
988,0.1259707874588428,valid,0.8412108337758896,0.9174093324454905,0.9150966784191323,0.8502754131196795,0.8058851447555766,0.8998410174880763,0.7823310271420969,0.1,0,896,7.775807619094849
989,0.12144877136714997,valid,0.8473181093998938,0.9154314286737665,0.9088609608712227,0.8475205515778308,0.8481953290870489,0.8468468468468469,0.8477913783927621,0.375,0,896,7.713539123535156
990,0.11004341243495865,valid,0.8401486988847584,0.9110350841716085,0.9076534505268715,0.843798650752465,0.8266395526182003,0.8616852146263911,0.8185204896221394,0.17500000000000002,0,896,7.662126064300537
991,0.08662522127551417,valid,0.8268720127456187,0.8981510703327691,0.897642445666686,0.8285113098369279,0.8224543080939948,0.834658187599364,0.8190526875997871,0.2,0,896,7.699044942855835
992,0.11106819863761624,valid,0.8528943175783325,0.9178896361847244,0.9091305287573324,0.8530503978779841,0.8539564524694636,0.8521462639109698,0.8536455561468866,0.1,0,896,7.742182493209839
993,0.10383732388577153,valid,0.8478491768454594,0.9177755534703849,0.9112041191152858,0.8518997156888085,0.8314833501513622,0.8733439321674615,0.8222458754656732,0.1,0,896,7.779383659362793
994,0.09025874679848071,valid,0.8430695698353691,0.9256111604200388,0.9189701545643066,0.8522869282679331,0.8065279091769157,0.9035506094329624,0.7823310271420969,0.2,0,896,7.708199501037598
995,0.08571406243549239,valid,0.8528943175783325,0.9191716212972827,0.9121436764261878,0.8585291113381001,0.8284869393790044,0.8908320084790673,0.8147951037786056,0.17500000000000002,0,896,7.651986837387085
996,0.08967306356756918,valid,0.8526287838555496,0.9220425854273646,0.9152469428908799,0.859172798782035,0.8242453748782863,0.8971913089560148,0.8078765300691857,0.17500000000000002,0,896,7.559697151184082
997,0.10189347293588423,valid,0.848380244291025,0.9227458369680451,0.9180395307503463,0.8534770336156018,0.827363184079602,0.881293057763646,0.8153273017562533,0.17500000000000002,0,896,7.659574747085571
998,0.13735979927643652,valid,0.8502389803505045,0.9217436294886755,0.9140284108282947,0.8486312399355878,0.8597063621533442,0.8378378378378378,0.8626929217668973,0.15000000000000002,0,896,7.575329542160034
999,0.08958901927596138,valid,0.8526287838555496,0.9244051834447227,0.9140485681607208,0.8585266377772113,0.8271119842829077,0.8924218335983042,0.8126663118680149,0.35,0,896,7.6465840339660645
1000,0.09312284689757132,valid,0.8364312267657993,0.9200648226725928,0.9096272527214775,0.8494623655913979,0.7882086167800454,0.9210386857445682,0.7514635444385311,0.275,0,896,7.650740146636963
