epoch,train_loss,selection_split,selection_acc,selection_auc,selection_auprc,selection_f1,selection_precision,selection_recall,selection_specificity,selection_threshold,best_so_far,best_epoch_so_far,elapsed_sec
1,0.6514610867751273,valid,0.5613354037267081,0.6350328947368422,0.6603813045760426,0.7052686489306208,0.5464834276475343,0.9941176470588236,0.07730263157894737,0.1,1,1,4.498074054718018
2,0.6422325843258908,valid,0.6273291925465838,0.6700754643962848,0.6774285681373801,0.7247706422018348,0.5939849624060151,0.9294117647058824,0.2894736842105263,0.30000000000000004,1,2,0.7081995010375977
3,0.6404104828834534,valid,0.6273291925465838,0.6762746710526316,0.6882665992477196,0.7228637413394919,0.5950570342205324,0.9205882352941176,0.2993421052631579,0.325,0,2,0.6961061954498291
4,0.6385217214885511,valid,0.625,0.6742429373065015,0.6835050484605841,0.723526044647968,0.5923149015932521,0.9294117647058824,0.2845394736842105,0.30000000000000004,0,2,0.6897304058074951
5,0.6370891614964134,valid,0.6343167701863354,0.6752128482972137,0.6793137713947379,0.733446519524618,0.5961361545538179,0.9529411764705882,0.2779605263157895,0.25,1,5,0.7156884670257568
6,0.6344748264864871,valid,0.6226708074534162,0.6686072948916408,0.6758781552408497,0.7216494845360825,0.5909943714821764,0.9264705882352942,0.28289473684210525,0.25,0,5,0.6886913776397705
7,0.6314207064478021,valid,0.6257763975155279,0.6872387770897833,0.6932894271976803,0.7295173961840629,0.5898366606170599,0.9558823529411765,0.2565789473684211,0.325,0,5,0.6935698986053467
8,0.633407755901939,valid,0.6475155279503105,0.6795472136222911,0.6826329193283804,0.736046511627907,0.6086538461538461,0.9308823529411765,0.3305921052631579,0.30000000000000004,1,8,0.7103981971740723
9,0.6290626996441891,valid,0.6350931677018633,0.6857778637770899,0.6914895080960196,0.7323462414578588,0.5975836431226765,0.9455882352941176,0.2878289473684211,0.275,0,8,0.7093501091003418
10,0.6316655936994051,valid,0.6187888198757764,0.6632111068111455,0.6535872491085168,0.722755505364201,0.5866177818515124,0.9411764705882353,0.2582236842105263,0.275,0,8,0.6934802532196045
11,0.6242722272872925,valid,0.6428571428571429,0.6783523606811145,0.6791982915902205,0.7383390216154722,0.6020408163265306,0.9544117647058824,0.2944078947368421,0.2,1,11,0.7065527439117432
12,0.6249422148654336,valid,0.6381987577639752,0.6882135255417956,0.6877938872363825,0.7331042382588774,0.600375234521576,0.9411764705882353,0.2993421052631579,0.4,0,11,0.6922731399536133
13,0.6248848218666879,valid,0.6374223602484472,0.6814023800309597,0.6871898988259479,0.7283304246655032,0.602502406159769,0.9205882352941176,0.3207236842105263,0.35,0,11,0.6904633045196533
14,0.6235584804886266,valid,0.6211180124223602,0.6900251547987616,0.6904960207731308,0.7330415754923414,0.5836236933797909,0.9852941176470589,0.2138157894736842,0.225,0,11,0.705390453338623
15,0.6181917661114743,valid,0.6490683229813664,0.6904024767801857,0.6899768219017144,0.7393310265282583,0.6081593927893738,0.9426470588235294,0.3207236842105263,0.17500000000000002,1,15,0.7103979587554932
16,0.6133257589842144,valid,0.656832298136646,0.6990833010835914,0.6974550836311804,0.7450980392156863,0.6129032258064516,0.95,0.32894736842105265,0.4,1,16,0.7107901573181152
17,0.6127257347106934,valid,0.6381987577639752,0.6934815208978329,0.6888736662516793,0.7367231638418079,0.5981651376146789,0.9588235294117647,0.27960526315789475,0.2,0,16,0.6976416110992432
18,0.6157321177030864,valid,0.5993788819875776,0.6323868034055727,0.6258996777937309,0.7152317880794702,0.5724381625441696,0.9529411764705882,0.20394736842105263,0.2,0,16,0.6941676139831543
19,0.6124681704922726,valid,0.6257763975155279,0.6731448335913313,0.6749361403867873,0.7292134831460674,0.59,0.9544117647058824,0.2582236842105263,0.1,0,16,0.699979305267334
20,0.6150669330044797,valid,0.6187888198757764,0.6863656153250774,0.6756208127922726,0.7291781577495863,0.5834068843777581,0.9720588235294118,0.2236842105263158,0.30000000000000004,0,16,0.6956512928009033
21,0.6108082940703944,valid,0.6521739130434783,0.6918101780185758,0.6855860371845314,0.7377049180327869,0.6128404669260701,0.9264705882352942,0.34539473684210525,0.225,0,16,0.6991281509399414
22,0.6071459807847676,valid,0.6327639751552795,0.6966839202786378,0.6918583970105778,0.7344188658057271,0.5940054495912807,0.961764705882353,0.26480263157894735,0.35,0,16,0.6966004371643066
23,0.6063385229361685,valid,0.6381987577639752,0.6974675890092881,0.6867554192010416,0.7379077615298087,0.5974499089253188,0.9647058823529412,0.2730263157894737,0.225,0,16,0.6974976062774658
24,0.6012827189345109,valid,0.65527950310559,0.7060540828173375,0.6941801600515622,0.7439446366782007,0.611954459203036,0.9485294117647058,0.32730263157894735,0.275,0,16,0.6956076622009277
25,0.6001055617081491,valid,0.65527950310559,0.6991365131578948,0.6892080812283672,0.7424593967517401,0.6130268199233716,0.9411764705882353,0.3355263157894737,0.25,0,16,0.6952552795410156
26,0.6037532561703732,valid,0.6521739130434783,0.7129571400928792,0.7002636786086267,0.7392316647264261,0.6117533718689788,0.9338235294117647,0.3371710526315789,0.2,0,16,0.6941225528717041
27,0.6058209632572374,valid,0.6459627329192547,0.7211590557275542,0.7062447706266848,0.7420814479638009,0.6029411764705882,0.9647058823529412,0.2894736842105263,0.25,0,16,0.6945726871490479
28,0.5994592308998108,valid,0.6381987577639752,0.7104513351393189,0.698339289782189,0.7373167981961668,0.5978062157221207,0.961764705882353,0.27631578947368424,0.375,0,16,0.6977646350860596
29,0.6081321866888749,valid,0.6630434782608695,0.6972232972136223,0.689535344724013,0.7479674796747967,0.6180422264875239,0.9470588235294117,0.34539473684210525,0.15000000000000002,1,29,0.7089226245880127
30,0.6002574845364219,valid,0.6304347826086957,0.7099434017027864,0.7001392590264839,0.7340782122905027,0.5918918918918918,0.9661764705882353,0.25493421052631576,0.1,0,29,0.6961414813995361
31,0.6012434488848636,valid,0.6545031055900621,0.7043174342105263,0.6914550534762653,0.7402218330414477,0.6137463697967086,0.9323529411764706,0.34375,0.4,0,29,0.693213939666748
32,0.5948934366828517,valid,0.6607142857142857,0.7226465750773994,0.7086221531242273,0.7466666666666667,0.6162679425837321,0.9470588235294117,0.3404605263157895,0.375,0,29,0.6936380863189697
33,0.5982184033644827,valid,0.6498447204968945,0.6894446594427245,0.6885094944301934,0.7332939089296274,0.6132542037586548,0.9117647058823529,0.3569078947368421,0.2,0,29,0.6922972202301025
34,0.6051618268615321,valid,0.6529503105590062,0.7111116486068112,0.7004497549193776,0.7432510051694429,0.6098020735155514,0.9514705882352941,0.3190789473684211,0.30000000000000004,0,29,0.6951320171356201
35,0.6015947868949488,valid,0.6537267080745341,0.701591524767802,0.6845255636086589,0.7465909090909091,0.6083333333333333,0.9661764705882353,0.3042763157894737,0.325,0,29,0.6955208778381348
36,0.6054829264941969,valid,0.6607142857142857,0.720063370743034,0.70764864567218,0.7439953134153485,0.6183057448880234,0.9338235294117647,0.35526315789473684,0.225,0,29,0.6985349655151367
37,0.596079597347661,valid,0.6583850931677019,0.7000653057275541,0.6792277084564576,0.7474167623421355,0.6129943502824858,0.9573529411764706,0.32401315789473684,0.45000000000000007,0,29,0.6960470676422119
38,0.5950656062678287,valid,0.65527950310559,0.7105553405572755,0.699695661585399,0.74364896073903,0.6121673003802282,0.9470588235294117,0.32894736842105265,0.275,0,29,0.6911163330078125
39,0.5904054673094499,valid,0.6545031055900621,0.7232198142414861,0.7128007213533896,0.7396138092451726,0.6141885325558795,0.9294117647058824,0.3470394736842105,0.275,0,29,0.691399335861206
40,0.592828160838077,valid,0.6669254658385093,0.7211421246130031,0.7148952708378554,0.7495621716287215,0.6214908034849952,0.9441176470588235,0.3569078947368421,0.17500000000000002,1,40,0.6999690532684326
41,0.5944526038671795,valid,0.6490683229813664,0.7316466718266253,0.7209826096708238,0.7402298850574712,0.6075471698113207,0.9470588235294117,0.3157894736842105,0.275,0,40,0.6861522197723389
42,0.5899469287771928,valid,0.6809006211180124,0.7389488196594427,0.7233467672412779,0.7516616314199396,0.637948717948718,0.9147058823529411,0.4194078947368421,0.375,1,42,0.6976940631866455
43,0.5914465345834431,valid,0.656832298136646,0.7187548374613003,0.7121989097296758,0.7436194895591647,0.6139846743295019,0.9426470588235294,0.3371710526315789,0.4,0,42,0.6916327476501465
44,0.5916279773963126,valid,0.65527950310559,0.7117417279411766,0.7063064216177677,0.7445339470655926,0.611531190926276,0.9514705882352941,0.32401315789473684,0.325,0,42,0.6867356300354004
45,0.5850661930285002,valid,0.6708074534161491,0.7211493808049534,0.7102024824471005,0.7523364485981309,0.624031007751938,0.9470588235294117,0.3618421052631579,0.5,1,45,0.6988661289215088
46,0.5825427770614624,valid,0.6653726708074534,0.7322078173374612,0.725513007756871,0.7495642068564788,0.6195965417867435,0.9485294117647058,0.34868421052631576,0.275,0,45,0.690899133682251
47,0.5830042550438329,valid,0.6638198757763976,0.7232198142414861,0.7089764427105205,0.7484020918070889,0.6186359269932757,0.9470588235294117,0.3470394736842105,0.4,0,45,0.6896400451660156
48,0.5771404034213016,valid,0.6995341614906833,0.7522083010835914,0.7379784201202937,0.7600743955362679,0.6570203644158628,0.9014705882352941,0.47368421052631576,0.325,1,48,0.705805778503418
49,0.5806553520654377,valid,0.687888198757764,0.7580737229102167,0.7462195976311072,0.7601431980906921,0.6395582329317269,0.9367647058823529,0.4095394736842105,0.45000000000000007,1,49,0.704840898513794
50,0.5804916808479711,valid,0.6754658385093167,0.7242235874613003,0.7228148450193382,0.7478890229191797,0.6339468302658486,0.9117647058823529,0.41118421052631576,0.4,0,49,0.6850333213806152
51,0.5799339539126346,valid,0.6537267080745341,0.7346604102167182,0.7330584144493744,0.747737556561086,0.6075367647058824,0.9720588235294118,0.29769736842105265,0.225,0,49,0.6920413970947266
52,0.5815467583505731,valid,0.6917701863354038,0.7471531540247677,0.7377265275750309,0.756591048436542,0.6487907465825447,0.9073529411764706,0.4506578947368421,0.42500000000000004,0,49,0.6934232711791992
53,0.5748624425185355,valid,0.671583850931677,0.735920568885449,0.7259839473261523,0.74625074985003,0.630192502532928,0.9147058823529411,0.3996710526315789,0.5,0,49,0.6949915885925293
54,0.5764175841682836,valid,0.6661490683229814,0.7383828366873065,0.7362923883908534,0.7470588235294118,0.6225490196078431,0.9338235294117647,0.3667763157894737,0.42500000000000004,0,49,0.692349910736084
55,0.5711660071423179,valid,0.6832298136645962,0.7573468943498451,0.7499249974311151,0.7539203860072377,0.6390593047034765,0.9191176470588235,0.4194078947368421,0.45000000000000007,0,49,0.6891851425170898
56,0.5650797737272162,valid,0.6832298136645962,0.7569369195046439,0.7493289593512907,0.7580071174377224,0.6351888667992047,0.9397058823529412,0.3963815789473684,0.35,0,49,0.6892971992492676
57,0.5612821202529105,valid,0.6777950310559007,0.7472789280185759,0.7521668540233478,0.7577349678925861,0.6282671829622459,0.9544117647058824,0.3684210526315789,0.325,0,49,0.6893670558929443
58,0.5624334153376127,valid,0.7088509316770186,0.7703947368421052,0.7623587778094603,0.765184721352536,0.6663031624863686,0.8985294117647059,0.4967105263157895,0.275,1,58,0.698185920715332
59,0.5616297251299808,valid,0.703416149068323,0.7798761609907121,0.7732921150416738,0.7606516290726817,0.6626637554585153,0.8926470588235295,0.4917763157894737,0.375,0,58,0.6861011981964111
60,0.560855391778444,valid,0.6591614906832298,0.7123355263157893,0.6975993393842844,0.7397747480735033,0.6196623634558094,0.9176470588235294,0.37006578947368424,0.45000000000000007,0,58,0.6872239112854004
61,0.5541497484633797,valid,0.7041925465838509,0.7779702012383901,0.7756893561841827,0.7608286252354048,0.6637458926615553,0.8911764705882353,0.49506578947368424,0.375,0,58,0.6894826889038086
62,0.5580647305438393,valid,0.6684782608695652,0.7028734520123839,0.6844497421766816,0.7510204081632653,0.6222222222222222,0.9470588235294117,0.3569078947368421,0.375,0,58,0.6874265670776367
63,0.5566442797058507,valid,0.6607142857142857,0.7495863970588235,0.7400351579102595,0.7466666666666667,0.6162679425837321,0.9470588235294117,0.3404605263157895,0.325,0,58,0.6881511211395264
64,0.5491166522628382,valid,0.7220496894409938,0.7787441950464397,0.7745509568996045,0.7710997442455243,0.6821266968325792,0.8867647058823529,0.537828947368421,0.525,1,64,0.697899580001831
65,0.5502183625572606,valid,0.656832298136646,0.7403928018575852,0.7492487160183186,0.747716894977169,0.6110074626865671,0.9632352941176471,0.31414473684210525,0.225,0,64,0.6871306896209717
66,0.5584286780733811,valid,0.6987577639751553,0.7765383126934985,0.7698795458341416,0.762545899632803,0.6530398322851153,0.9161764705882353,0.4555921052631579,0.2,0,64,0.6881911754608154
67,0.5541988391625253,valid,0.6948757763975155,0.7782725425696594,0.7724621967354068,0.7639639639639639,0.6456852791878173,0.9352941176470588,0.42598684210526316,0.225,0,64,0.6884233951568604
68,0.5514939333263197,valid,0.6886645962732919,0.7554542376160992,0.7432349148674667,0.7532307692307693,0.6476190476190476,0.9,0.45230263157894735,0.375,0,64,0.6919939517974854
69,0.5514302943882189,valid,0.718944099378882,0.7847861842105264,0.7769347074654347,0.7694267515923567,0.6786516853932584,0.888235294117647,0.5296052631578947,0.45000000000000007,0,64,0.6912436485290527
70,0.5500182336882541,valid,0.7135093167701864,0.777827496130031,0.7728457694486247,0.7648183556405354,0.6749156355455568,0.8823529411764706,0.524671052631579,0.55,0,64,0.6908142566680908
71,0.5492218764204728,valid,0.7041925465838509,0.7707865712074303,0.7667489255380897,0.7669724770642202,0.6565445026178011,0.9220588235294118,0.4605263157894737,0.35,0,64,0.6914327144622803
72,0.5472543239593506,valid,0.703416149068323,0.7531056501547988,0.7354176227416855,0.7618453865336658,0.6612554112554112,0.8985294117647059,0.48519736842105265,0.375,0,64,0.6940863132476807
73,0.552048943544689,valid,0.7204968944099379,0.7832188467492259,0.7724658864051447,0.7747183979974969,0.6742919389978214,0.9102941176470588,0.5082236842105263,0.275,1,73,0.7014601230621338
74,0.5468427695726094,valid,0.7220496894409938,0.7818861261609907,0.7760050677781898,0.7731305449936628,0.6792873051224945,0.8970588235294118,0.5263157894736842,0.6,0,73,0.6904981136322021
75,0.5485887056902835,valid,0.7072981366459627,0.7753023413312694,0.7653971303883373,0.7630421118793211,0.6663007683863886,0.8926470588235295,0.5,0.42500000000000004,0,73,0.6890017986297607
76,0.5437061441572089,valid,0.7119565217391305,0.7805703366873066,0.7719023550006014,0.7705627705627706,0.6648879402347919,0.9161764705882353,0.48355263157894735,0.5,0,73,0.688438892364502
77,0.5495058266740096,valid,0.6964285714285714,0.7769011222910216,0.7729289721228932,0.7628865979381443,0.6491228070175439,0.925,0.4407894736842105,0.325,0,73,0.6797606945037842
78,0.5391952771889535,valid,0.7251552795031055,0.7906806308049534,0.7826357523647877,0.7739463601532567,0.6839729119638827,0.8911764705882353,0.5394736842105263,0.4,0,73,0.6791622638702393
79,0.5387944061505167,valid,0.7329192546583851,0.7841742453560371,0.7762044536206084,0.7825537294563844,0.6862527716186253,0.9102941176470588,0.5345394736842105,0.45000000000000007,1,79,0.6920816898345947
80,0.5411904799310785,valid,0.7274844720496895,0.7876185178018577,0.7792231342948409,0.7782691092861656,0.6821705426356589,0.9058823529411765,0.5279605263157895,0.375,0,79,0.6778521537780762
81,0.5403661947501334,valid,0.7259316770186336,0.78875048374613,0.7774354218360947,0.7800623052959501,0.6767567567567567,0.9205882352941176,0.5082236842105263,0.375,0,79,0.6801376342773438
82,0.5444627294414922,valid,0.7135093167701864,0.7690208978328174,0.7653962810029942,0.7703795892968264,0.6677454153182308,0.9102941176470588,0.4934210526315789,0.675,0,79,0.6873345375061035
83,0.5445508454975329,valid,0.7321428571428571,0.7946836300309598,0.7859535576452628,0.7789878283151825,0.6901248581157775,0.8941176470588236,0.5509868421052632,0.17500000000000002,0,79,0.6794097423553467
84,0.5443671659419411,valid,0.7259316770186336,0.7698214976780186,0.7559044170455831,0.766996699669967,0.6958083832335329,0.8544117647058823,0.5822368421052632,0.5750000000000001,0,79,0.681877613067627
85,0.5370535034882394,valid,0.7166149068322981,0.7879813273993808,0.781561110510138,0.7714464621164684,0.6717557251908397,0.9058823529411765,0.5049342105263158,0.525,0,79,0.6855340003967285
86,0.5361958020611813,valid,0.7220496894409938,0.7846217105263158,0.7769354034514656,0.7765293383270911,0.6746203904555315,0.9147058823529411,0.506578947368421,0.625,0,79,0.6879210472106934
87,0.5418584189916912,valid,0.6809006211180124,0.7565100135448917,0.7578124893909655,0.7614625652930934,0.6289549376797698,0.9647058823529412,0.36348684210526316,0.15000000000000002,0,79,0.6955690383911133
88,0.5402536705920571,valid,0.7142857142857143,0.7823094040247678,0.7785633357425958,0.7637997432605905,0.6776765375854215,0.875,0.5345394736842105,0.525,0,79,0.6917088031768799
89,0.5367932476495442,valid,0.7150621118012422,0.7877370356037152,0.7820010839847855,0.7733168622606548,0.6666666666666666,0.9205882352941176,0.48519736842105265,0.45000000000000007,0,79,0.6932244300842285
90,0.5375211364344546,valid,0.7142857142857143,0.7811193885448916,0.7642843770362251,0.7750611246943765,0.6631799163179917,0.9323529411764706,0.47039473684210525,0.35,0,79,0.6905243396759033
91,0.5405903270370082,valid,0.7282608695652174,0.7888375580495356,0.7789521746920529,0.7682119205298014,0.6987951807228916,0.8529411764705882,0.5888157894736842,0.25,0,79,0.6916539669036865
92,0.5394286748610044,valid,0.7003105590062112,0.7569828753869969,0.7601077859287197,0.7663438256658596,0.6512345679012346,0.9308823529411765,0.44243421052631576,0.375,0,79,0.6995315551757812
93,0.5349213794658059,valid,0.6770186335403726,0.7583494582043344,0.7617608228805983,0.7561547479484173,0.6286549707602339,0.9485294117647058,0.37335526315789475,0.25,0,79,0.693537712097168
94,0.5379774680263117,valid,0.718167701863354,0.7855601780185759,0.7732533963000568,0.7766153846153846,0.6677248677248677,0.9279411764705883,0.48355263157894735,0.4,0,79,0.7071323394775391
95,0.5347822559507269,valid,0.7305900621118012,0.7888980263157895,0.7819362700364407,0.7748215444516547,0.6933797909407665,0.8779411764705882,0.5657894736842105,0.475,0,79,0.6928770542144775
96,0.5384504355882344,valid,0.703416149068323,0.7782604489164089,0.7742354828915451,0.7715311004784688,0.6502016129032258,0.9485294117647058,0.4292763157894737,0.325,0,79,0.6910538673400879
97,0.5373213918585527,valid,0.735248447204969,0.7990300890092878,0.7884235665961575,0.7821086261980831,0.6915254237288135,0.9,0.5509868421052632,0.4,0,79,0.687798261642456
98,0.5369529912346288,valid,0.6739130434782609,0.7230529218266254,0.6900608024339498,0.7569444444444444,0.6240458015267175,0.961764705882353,0.3519736842105263,0.275,0,79,0.6866421699523926
99,0.5341336554602573,valid,0.7212732919254659,0.7885279605263159,0.7853116155404433,0.7706070287539936,0.6813559322033899,0.8867647058823529,0.5361842105263158,0.5,0,79,0.6864550113677979
100,0.5316592737248069,valid,0.735248447204969,0.7997387770897832,0.7907176764012099,0.781829814459373,0.6919592298980748,0.8985294117647059,0.5526315789473685,0.30000000000000004,0,79,0.6855027675628662
101,0.532437359031878,valid,0.7267080745341615,0.7892269736842106,0.7789491370939496,0.7769328263624842,0.6826280623608018,0.9014705882352941,0.53125,0.55,0,79,0.6936838626861572
102,0.5332662306333843,valid,0.717391304347826,0.7896018769349845,0.781785183614901,0.7753086419753087,0.6680851063829787,0.9235294117647059,0.4868421052631579,0.375,0,79,0.6911118030548096
103,0.5346487180182808,valid,0.718167701863354,0.7867598684210527,0.7815009117638853,0.7729831144465291,0.6724700761697497,0.9088235294117647,0.5049342105263158,0.30000000000000004,0,79,0.6909689903259277
104,0.5325023704453519,valid,0.7057453416149069,0.7659515286377709,0.755206087650161,0.7707199032062916,0.6546762589928058,0.9367647058823529,0.4473684210526316,0.30000000000000004,0,79,0.6909091472625732
105,0.5358303612784335,valid,0.7065217391304348,0.7851320626934984,0.7804321339186777,0.7714631197097944,0.6550308008213552,0.9382352941176471,0.4473684210526316,0.4,0,79,0.6918795108795166
106,0.5301403967957747,valid,0.7375776397515528,0.7954334365325078,0.7849016358697802,0.7782152230971129,0.70260663507109,0.8720588235294118,0.587171052631579,0.5,0,79,0.6947650909423828
107,0.533396430705723,valid,0.6964285714285714,0.7701069078947368,0.7636605600436772,0.7625986642380085,0.6494312306101344,0.9235294117647059,0.44243421052631576,0.35,0,79,0.691338300704956
108,0.5347770938747808,valid,0.7150621118012422,0.785702883126935,0.7751438424872648,0.7699059561128526,0.6710382513661202,0.9029411764705882,0.5049342105263158,0.25,0,79,0.6904740333557129
109,0.5315531805941933,valid,0.6933229813664596,0.7188878676470588,0.6919536171958895,0.7538940809968847,0.654054054054054,0.8897058823529411,0.47368421052631576,0.55,0,79,0.6927542686462402
110,0.5299829056388453,valid,0.7096273291925466,0.7834268575851393,0.7780041939831503,0.7746987951807229,0.6561224489795918,0.9455882352941176,0.4457236842105263,0.275,0,79,0.69181227684021
111,0.5304895012002242,valid,0.7298136645962733,0.7886755030959753,0.7757088953121125,0.7811320754716982,0.6824175824175824,0.913235294117647,0.524671052631579,0.42500000000000004,0,79,0.6970908641815186
112,0.5325473248958588,valid,0.7267080745341615,0.7915029992260062,0.7836088447190738,0.7783375314861462,0.6806167400881057,0.9088235294117647,0.5230263157894737,0.42500000000000004,0,79,0.6904265880584717
113,0.5341773770357433,valid,0.7150621118012422,0.7824400154798761,0.774021796929057,0.7724736515809052,0.6677384780278671,0.9161764705882353,0.4901315789473684,0.35,0,79,0.6992189884185791
114,0.535290965908452,valid,0.71972049689441,0.7934597523219814,0.7866786237548453,0.7739511584220413,0.6739367502726281,0.9088235294117647,0.5082236842105263,0.35,0,79,0.6970345973968506
115,0.5335668450907657,valid,0.7267080745341615,0.7950682082043343,0.7860355534204012,0.7772151898734178,0.6822222222222222,0.9029411764705882,0.5296052631578947,0.42500000000000004,0,79,0.6928794384002686
116,0.5249358321491041,valid,0.7220496894409938,0.7736455108359133,0.7524180689870579,0.7800982800982801,0.669831223628692,0.9338235294117647,0.48519736842105265,0.4,0,79,0.7000164985656738
117,0.5272409884553206,valid,0.735248447204969,0.7974361455108361,0.7875523577394439,0.7809890815671162,0.69327251995439,0.8941176470588236,0.5575657894736842,0.42500000000000004,0,79,0.6990106105804443
118,0.5265354545492875,valid,0.7468944099378882,0.8048035990712074,0.7941150761360228,0.7877604166666666,0.7067757009345794,0.8897058823529411,0.587171052631579,0.45000000000000007,1,118,0.6981513500213623
119,0.521978486525385,valid,0.7212732919254659,0.7916021671826625,0.7855847103615401,0.7774333539987601,0.6720257234726688,0.9220588235294118,0.4967105263157895,0.30000000000000004,0,118,0.6875739097595215
120,0.5254328015603518,valid,0.7336956521739131,0.7991679566563468,0.788395704526558,0.7824984147114775,0.6878483835005574,0.9073529411764706,0.5394736842105263,0.5750000000000001,0,118,0.6902890205383301
121,0.5234878831788113,valid,0.7336956521739131,0.7971434791021672,0.7881187164188393,0.7799871712636305,0.6916951080773607,0.8941176470588236,0.5542763157894737,0.4,0,118,0.6896612644195557
122,0.522475917088358,valid,0.718944099378882,0.7896454140866872,0.7807644407253811,0.7806060606060606,0.6639175257731958,0.9470588235294117,0.46381578947368424,0.25,0,118,0.686408519744873
123,0.5347475142855393,valid,0.7057453416149069,0.7790586300309598,0.7769959085174032,0.7709969788519637,0.6543589743589744,0.9382352941176471,0.4457236842105263,0.325,0,118,0.6919727325439453
124,0.5210878613748049,valid,0.7298136645962733,0.7979997097523219,0.7883686487500966,0.7819548872180451,0.6812227074235808,0.9176470588235294,0.5197368421052632,0.35,0,118,0.690995454788208
125,0.5190013584337736,valid,0.7414596273291926,0.8040199303405573,0.7961033744691566,0.7869481765834933,0.6964892412231031,0.9044117647058824,0.5592105263157895,0.375,0,118,0.6950559616088867
126,0.5171066083406147,valid,0.7399068322981367,0.8019785216718266,0.7932879063808557,0.7845659163987139,0.6971428571428572,0.8970588235294118,0.5641447368421053,0.475,0,118,0.6933202743530273
127,0.5208963783163774,valid,0.7243788819875776,0.79781346749226,0.7914211605509757,0.7799132052076876,0.6741693461950696,0.925,0.5,0.325,0,118,0.6880049705505371
128,0.5216713390852276,valid,0.7406832298136646,0.8010884287925696,0.7935013276696907,0.7867177522349936,0.6952595936794582,0.9058823529411765,0.555921052631579,0.375,0,118,0.6896965503692627
129,0.5176222873361487,valid,0.7057453416149069,0.777704140866873,0.7756649019663938,0.7718242022877785,0.6534148827726809,0.9426470588235294,0.4407894736842105,0.25,0,118,0.6950163841247559
130,0.517327838822415,valid,0.7041925465838509,0.784111358359133,0.7768816485837062,0.7689508793208005,0.6542827657378741,0.9323529411764706,0.44901315789473684,0.55,0,118,0.6947183609008789
131,0.5143725605387437,valid,0.7212732919254659,0.7936677631578947,0.7809553026060247,0.7774333539987601,0.6720257234726688,0.9220588235294118,0.4967105263157895,0.375,0,118,0.6910300254821777
132,0.5193453713467246,valid,0.7204968944099379,0.7810831075851394,0.7744122225344217,0.7732997481108312,0.6762114537444934,0.9029411764705882,0.5164473684210527,0.375,0,118,0.6911153793334961
133,0.5247353456522289,valid,0.7010869565217391,0.7743808049535604,0.7669258400801657,0.7706968433591423,0.6476476476476476,0.9514705882352941,0.42105263157894735,0.17500000000000002,0,118,0.6909973621368408
134,0.5165692944275705,valid,0.6770186335403726,0.7563999613003095,0.7632253952094177,0.7526753864447087,0.6317365269461078,0.9308823529411765,0.3930921052631579,0.25,0,118,0.6895172595977783
135,0.5268726803754505,valid,0.7096273291925466,0.7766906927244582,0.7646076698935407,0.7736077481840193,0.6574074074074074,0.9397058823529412,0.45230263157894735,0.30000000000000004,0,118,0.6891157627105713
136,0.5178915858268738,valid,0.7228260869565217,0.7839904218266253,0.7710148148105509,0.776735459662289,0.675734494015234,0.913235294117647,0.5098684210526315,0.375,0,118,0.6905734539031982
137,0.5143588451962722,valid,0.7236024844720497,0.7675091911764707,0.7394617853386385,0.7777777777777778,0.675704989154013,0.9161764705882353,0.5082236842105263,0.45000000000000007,0,118,0.6902351379394531
138,0.5185228021521318,valid,0.7220496894409938,0.771110681114551,0.7514980376189982,0.7751256281407035,0.6765350877192983,0.9073529411764706,0.5148026315789473,0.4,0,118,0.6870863437652588
139,0.5205706703035455,valid,0.7243788819875776,0.7942458397832817,0.7860897647931084,0.7793660658794282,0.6749192680301399,0.9220588235294118,0.5032894736842105,0.30000000000000004,0,118,0.6909904479980469
140,0.5138385640947443,valid,0.7018633540372671,0.7782918924148606,0.7719207586613229,0.7641277641277642,0.6561181434599156,0.9147058823529411,0.46381578947368424,0.45000000000000007,0,118,0.6878972053527832
141,0.5179116522011004,valid,0.7259316770186336,0.7877902476780185,0.7649760135417204,0.7800623052959501,0.6767567567567567,0.9205882352941176,0.5082236842105263,0.4,0,118,0.6915361881256104
142,0.5101770680201682,valid,0.7119565217391305,0.7959099264705883,0.7820505004989238,0.7750151607034567,0.6594427244582043,0.9397058823529412,0.45723684210526316,0.45000000000000007,0,118,0.6915977001190186
143,0.5148428192264155,valid,0.7142857142857143,0.7678115325077399,0.741779265355712,0.7653061224489796,0.6756756756756757,0.8823529411764706,0.5263157894736842,0.4,0,118,0.6908941268920898
144,0.5094692283555081,valid,0.7321428571428571,0.8040876547987615,0.7924923267819189,0.7828823159219634,0.6842684268426843,0.9147058823529411,0.5279605263157895,0.30000000000000004,0,118,0.6916534900665283
145,0.5124947475759607,valid,0.7236024844720497,0.7920714009287927,0.7847043987812345,0.7772215269086358,0.6764705882352942,0.913235294117647,0.5115131578947368,0.475,0,118,0.6915180683135986
146,0.5098991378357536,valid,0.6739130434782609,0.7598998645510836,0.7601863364765752,0.7540983606557377,0.6264591439688716,0.9470588235294117,0.3684210526315789,0.17500000000000002,0,118,0.688636302947998
147,0.5147010135023218,valid,0.7251552795031055,0.7819417569659443,0.764639129201744,0.7739463601532567,0.6839729119638827,0.8911764705882353,0.5394736842105263,0.45000000000000007,0,118,0.6885261535644531
148,0.5067989747775229,valid,0.7267080745341615,0.7940656443498452,0.7887619939371684,0.7783375314861462,0.6806167400881057,0.9088235294117647,0.5230263157894737,0.30000000000000004,0,118,0.6913158893585205
149,0.5057166265813928,valid,0.7259316770186336,0.7793827399380804,0.7575985705661514,0.7738629083920564,0.6855845629965948,0.888235294117647,0.5444078947368421,0.45000000000000007,0,118,0.6929235458374023
150,0.5049580884607214,valid,0.7360248447204969,0.8047407120743034,0.7934199497370279,0.7848101265822784,0.6888888888888889,0.9117647058823529,0.5394736842105263,0.5,0,118,0.6900854110717773
151,0.507132141213668,valid,0.7375776397515528,0.8058920278637772,0.7980338391641547,0.7903225806451613,0.6834763948497854,0.9367647058823529,0.5148026315789473,0.275,1,151,0.6992712020874023
152,0.5077734401351527,valid,0.7298136645962733,0.7962678986068111,0.7757941863084801,0.7819548872180451,0.6812227074235808,0.9176470588235294,0.5197368421052632,0.4,0,151,0.6886687278747559
153,0.5085904315898293,valid,0.7391304347826086,0.8108117260061919,0.8006159937931084,0.7892095357590966,0.688183807439825,0.925,0.53125,0.375,0,151,0.6886887550354004
154,0.5073299972634566,valid,0.7453416149068323,0.7956922407120742,0.785854579715428,0.7853403141361257,0.7075471698113207,0.8823529411764706,0.5921052631578947,0.625,0,151,0.6874723434448242
155,0.4968316680506656,valid,0.71972049689441,0.7995501160990711,0.7874949498180396,0.7792048929663609,0.6670157068062827,0.9367647058823529,0.4769736842105263,0.325,0,151,0.6910452842712402
156,0.5009468448789496,valid,0.75,0.8181622484520124,0.8075017296808936,0.7909090909090909,0.708139534883721,0.8955882352941177,0.587171052631579,0.45000000000000007,1,156,0.6981637477874756
157,0.5012819280749873,valid,0.7305900621118012,0.8097946497678019,0.8003778075802637,0.783260462211118,0.6807817589576547,0.9220588235294118,0.5164473684210527,0.275,0,156,0.6867454051971436
158,0.49476046938645213,valid,0.7515527950310559,0.8216331269349845,0.8055650059584276,0.7932816537467701,0.7073732718894009,0.9029411764705882,0.5822368421052632,0.375,1,158,0.7011475563049316
159,0.4965076854354457,valid,0.7546583850931677,0.820704334365325,0.8041760757606456,0.7940026075619296,0.7131147540983607,0.8955882352941177,0.5970394736842105,0.5,1,159,0.6977882385253906
160,0.5028362242799056,valid,0.7399068322981367,0.8095757546439629,0.7982685090652695,0.7886435331230284,0.6906077348066298,0.9191176470588235,0.5394736842105263,0.45000000000000007,0,159,0.6903696060180664
161,0.5014910697937012,valid,0.71972049689441,0.801219040247678,0.7904921712204791,0.7813446396123561,0.6642636457260556,0.9485294117647058,0.46381578947368424,0.375,0,159,0.6887650489807129
162,0.4908918769736039,valid,0.7274844720496895,0.8239067337461301,0.8201246672790323,0.7853211009174312,0.6722513089005235,0.9441176470588235,0.48519736842105265,0.375,0,159,0.6872282028198242
163,0.4863454872056058,valid,0.7204968944099379,0.8131022639318886,0.8040261992166926,0.7785977859778598,0.6691331923890064,0.9308823529411765,0.48519736842105265,0.35,0,159,0.6862244606018066
164,0.4910099475007308,valid,0.7624223602484472,0.8321473490712075,0.8199838725460677,0.799475753604194,0.7210401891252955,0.8970588235294118,0.6118421052631579,0.5750000000000001,1,164,0.7015039920806885
165,0.49151547802122014,valid,0.7336956521739131,0.8111479295665633,0.8049506690140473,0.7824984147114775,0.6878483835005574,0.9073529411764706,0.5394736842105263,0.2,0,164,0.6892862319946289
166,0.484866212857397,valid,0.7251552795031055,0.8059766834365326,0.79217953630839,0.7830882352941176,0.6712184873949579,0.9397058823529412,0.48519736842105265,0.325,0,164,0.68996262550354
167,0.4824718895711397,valid,0.7437888198757764,0.830906540247678,0.8262796979595757,0.7900763358778626,0.6961883408071748,0.913235294117647,0.5542763157894737,0.375,0,164,0.6880607604980469
168,0.47602907450575577,valid,0.7313664596273292,0.8209171826625388,0.8179027350967665,0.78375,0.6815217391304348,0.9220588235294118,0.5180921052631579,0.4,0,164,0.6894686222076416
169,0.4804558346146031,valid,0.7228260869565217,0.8006724071207431,0.8022797536631037,0.7677293428757319,0.6884480746791132,0.8676470588235294,0.5608552631578947,0.325,0,164,0.6897923946380615
170,0.4687689417286923,valid,0.7484472049689441,0.8295496323529412,0.82582942247052,0.7876802096985583,0.710401891252955,0.8838235294117647,0.5970394736842105,0.42500000000000004,0,164,0.6912426948547363
171,0.4708062347612883,valid,0.7375776397515528,0.8258731617647058,0.8207634536304393,0.7855329949238579,0.6908482142857143,0.9102941176470588,0.5444078947368421,0.30000000000000004,0,164,0.6897187232971191
172,0.4661041106048383,valid,0.7453416149068323,0.8360584365325078,0.8324022482908294,0.7939698492462312,0.6929824561403509,0.9294117647058824,0.5394736842105263,0.55,0,164,0.6877250671386719
173,0.4684702095232512,valid,0.7313664596273292,0.8232730263157896,0.8219749578722143,0.7812895069532237,0.6851441241685144,0.9088235294117647,0.5328947368421053,0.475,0,164,0.6869785785675049
174,0.4743988749228026,valid,0.734472049689441,0.8253555534055728,0.8173267399396167,0.7827191867852605,0.6890380313199105,0.9058823529411765,0.5427631578947368,0.4,0,164,0.6904025077819824
175,0.4724911153316498,valid,0.7399068322981367,0.822547407120743,0.8190959398678295,0.782608695652174,0.7003484320557491,0.8867647058823529,0.5756578947368421,0.325,0,164,0.6888868808746338
176,0.4662342730321382,valid,0.7569875776397516,0.8450222523219812,0.8436614395410019,0.7994875080076874,0.7082860385925085,0.9176470588235294,0.5773026315789473,0.275,1,176,0.7035129070281982
177,0.46812199918847336,valid,0.7305900621118012,0.8350715944272445,0.838967284118943,0.785139318885449,0.6780748663101605,0.9323529411764706,0.5049342105263158,0.325,0,176,0.6915669441223145
178,0.4623784407189018,valid,0.75,0.8288506191950465,0.8269886266352953,0.7946428571428571,0.7015765765765766,0.9161764705882353,0.5641447368421053,0.325,0,176,0.6892967224121094
179,0.46037723202454417,valid,0.7763975155279503,0.854046536377709,0.8529422090247248,0.8117647058823529,0.7305882352941176,0.913235294117647,0.6233552631578947,0.35,1,179,0.6982815265655518
180,0.46275146697696884,valid,0.7577639751552795,0.8275952979876161,0.8233351770456889,0.7925531914893617,0.7233009708737864,0.8764705882352941,0.625,0.325,0,179,0.688610315322876
181,0.4592831181852441,valid,0.7546583850931677,0.8454818111455107,0.8415120513355335,0.798469387755102,0.704954954954955,0.9205882352941176,0.569078947368421,0.4,0,179,0.6889255046844482
182,0.4551334741868471,valid,0.7336956521739131,0.8146502515479875,0.8048327202502366,0.7854909318323953,0.6833514689880305,0.9235294117647059,0.5213815789473685,0.45000000000000007,0,179,0.6927816867828369
183,0.4573128819465637,valid,0.7608695652173914,0.8450585332817337,0.8452268057660444,0.8002594033722439,0.7157772621809745,0.9073529411764706,0.5970394736842105,0.42500000000000004,0,179,0.6880688667297363
184,0.4569174725758402,valid,0.7554347826086957,0.8509723297213623,0.8481949002359487,0.7992351816443595,0.7052868391451068,0.9220588235294118,0.569078947368421,0.25,0,179,0.6894669532775879
185,0.4570433230776536,valid,0.7585403726708074,0.8431598297213623,0.8429243212298304,0.8010236724248241,0.7089467723669309,0.9205882352941176,0.5773026315789473,0.4,0,179,0.6889755725860596
186,0.44935204480823715,valid,0.7562111801242236,0.846219523993808,0.8493163052519936,0.7963683527885862,0.7122969837587007,0.9029411764705882,0.5921052631578947,0.225,0,179,0.6862351894378662
187,0.4459025075561122,valid,0.7562111801242236,0.8392995356037151,0.8366542723172561,0.7961038961038961,0.7127906976744186,0.9014705882352941,0.59375,0.42500000000000004,0,179,0.69234299659729
188,0.45764682324309097,valid,0.765527950310559,0.8385352167182664,0.8386009990533672,0.7894002789400278,0.7506631299734748,0.8323529411764706,0.6907894736842105,0.65,0,179,0.6924915313720703
189,0.4559968819743709,valid,0.7709627329192547,0.8436193885448916,0.8388959952097877,0.8042468480424685,0.7327690447400241,0.8911764705882353,0.6365131578947368,0.55,0,179,0.6886699199676514
190,0.44799809706838506,valid,0.7624223602484472,0.8389899380804953,0.8389934935310287,0.7921195652173914,0.7361111111111112,0.8573529411764705,0.65625,0.45000000000000007,0,179,0.6893289089202881
191,0.4503402208027087,valid,0.7600931677018633,0.8461058436532508,0.8491483330832961,0.799480856586632,0.7154471544715447,0.9058823529411765,0.5970394736842105,0.30000000000000004,0,179,0.6931192874908447
192,0.44707586263355453,valid,0.7585403726708074,0.8498137577399381,0.8493017036850776,0.8012779552715655,0.7084745762711865,0.9220588235294118,0.5756578947368421,0.45000000000000007,0,179,0.6883304119110107
193,0.4404225302369971,valid,0.7694099378881988,0.8444707817337461,0.8402310241735651,0.8010716677829873,0.7355473554735548,0.8794117647058823,0.6463815789473685,0.35,0,179,0.6871364116668701
194,0.4435878866597226,valid,0.7515527950310559,0.8495186726006192,0.8417628261495178,0.7987421383647799,0.6978021978021978,0.9338235294117647,0.5476973684210527,0.42500000000000004,0,179,0.6898231506347656
195,0.44243958592414856,valid,0.7864906832298136,0.861767124613003,0.862604328295102,0.8140635564570656,0.753441802252816,0.8852941176470588,0.6759868421052632,0.45000000000000007,1,195,0.7015116214752197
196,0.4374096362214339,valid,0.7492236024844721,0.8428212074303405,0.847023807607052,0.7946598855689765,0.6998880179171333,0.9191176470588235,0.5592105263157895,0.225,0,195,0.6926610469818115
197,0.44568902881521927,valid,0.78027950310559,0.8613680340557276,0.8631738544378372,0.8076138681169273,0.7509481668773704,0.8735294117647059,0.6759868421052632,0.4,0,195,0.6890783309936523
198,0.4441672987059543,valid,0.7795031055900621,0.8570796246130032,0.8546422687969333,0.8070652173913043,0.75,0.8735294117647059,0.6743421052631579,0.375,0,195,0.689387321472168
199,0.4401495597864452,valid,0.7251552795031055,0.8167424535603716,0.8065658829490255,0.7812113720642769,0.673773987206823,0.9294117647058824,0.4967105263157895,0.55,0,195,0.6906838417053223
200,0.4335611619447407,valid,0.7663043478260869,0.8420254450464395,0.8347541142801366,0.8059316569954867,0.7175660160734788,0.9191176470588235,0.5953947368421053,0.25,0,195,0.6899213790893555
201,0.4359483342421682,valid,0.7709627329192547,0.85656201625387,0.856550730327857,0.8047650562541363,0.7316486161251504,0.8941176470588236,0.6332236842105263,0.475,0,195,0.6916821002960205
202,0.43713628147777756,valid,0.7717391304347826,0.8560395704334365,0.8570469240529949,0.8045212765957447,0.7342233009708737,0.8897058823529411,0.6398026315789473,0.35,0,195,0.6897108554840088
203,0.4349432524881865,valid,0.781055900621118,0.8681767608359132,0.8731324723047393,0.8159268929503917,0.7335680751173709,0.9191176470588235,0.6266447368421053,0.325,1,203,0.6987495422363281
204,0.4356389704503511,valid,0.7732919254658385,0.8589831656346749,0.8594167992961184,0.8071334214002642,0.7326139088729017,0.8985294117647059,0.6332236842105263,0.30000000000000004,0,203,0.68947434425354
205,0.43396472930908203,valid,0.7663043478260869,0.8427051083591331,0.8476138760130167,0.8026229508196722,0.7242603550295857,0.9,0.6167763157894737,0.5,0,203,0.691537618637085
206,0.4331389540120175,valid,0.764751552795031,0.8468072755417957,0.8467708489226555,0.8033744321868916,0.718931475029036,0.9102941176470588,0.6019736842105263,0.25,0,203,0.6882028579711914
207,0.43283510678692866,valid,0.7748447204968945,0.855906540247678,0.8574274718081263,0.8056300268096515,0.7401477832512315,0.8838235294117647,0.6529605263157895,0.55,0,203,0.6901235580444336
208,0.44738614559173584,valid,0.7484472049689441,0.8386513157894737,0.8333623902219087,0.7959697732997482,0.6960352422907489,0.9294117647058824,0.5460526315789473,0.35,0,203,0.6903963088989258
209,0.4360756560375816,valid,0.781055900621118,0.8519023316563468,0.8509477564107075,0.8025210084033614,0.766042780748663,0.8426470588235294,0.712171052631579,0.525,0,203,0.6887683868408203
210,0.42008840880895915,valid,0.7888198757763976,0.8574593653250775,0.8602318893815055,0.8116343490304709,0.7670157068062827,0.861764705882353,0.7072368421052632,0.55,0,203,0.6928987503051758
211,0.4265121409767552,valid,0.7709627329192547,0.8576964009287926,0.8616439063280704,0.8068107400130976,0.7272727272727273,0.9058823529411765,0.6200657894736842,0.25,0,203,0.6906242370605469
212,0.42770839208050776,valid,0.7663043478260869,0.8458663893188855,0.8479309823249986,0.8013201320132013,0.7269461077844311,0.8926470588235295,0.625,0.275,0,203,0.6891288757324219
213,0.43144949015818146,valid,0.78027950310559,0.8625169311145511,0.8639971796522996,0.8153946510110893,0.7327080890973037,0.9191176470588235,0.625,0.375,0,203,0.6915702819824219
214,0.42891828480519745,valid,0.7787267080745341,0.8543077592879257,0.8525467144554758,0.8051948051948052,0.7522349936143039,0.8661764705882353,0.680921052631579,0.45000000000000007,0,203,0.6912038326263428
215,0.4329341665694588,valid,0.7996894409937888,0.8704818111455109,0.8712817204728588,0.8200836820083682,0.7798408488063661,0.8647058823529412,0.7269736842105263,0.475,1,215,0.7072598934173584
216,0.42519287216035945,valid,0.7740683229813664,0.8557372291021672,0.8579226437649015,0.8109161793372319,0.7264260768335273,0.9176470588235294,0.6134868421052632,0.275,0,215,0.6905364990234375
217,0.42005615328487594,valid,0.78027950310559,0.8588477167182662,0.8590142975517114,0.8173014848289218,0.7284234752589183,0.9308823529411765,0.6118421052631579,0.45000000000000007,0,215,0.6892502307891846
218,0.41430279141978216,valid,0.782608695652174,0.8514004450464395,0.849160674103785,0.7994269340974212,0.7793296089385475,0.8205882352941176,0.7401315789473685,0.625,0,215,0.6902318000793457
219,0.4267043910528484,valid,0.7725155279503105,0.8545810758513932,0.8575797946936766,0.8068556361239289,0.7311827956989247,0.9,0.6299342105263158,0.2,0,215,0.692467451095581
220,0.4266867386667352,valid,0.78027950310559,0.8604198916408667,0.8661905799501753,0.8117099135063207,0.741190765492102,0.8970588235294118,0.649671052631579,0.35,0,215,0.6877055168151855
221,0.41311785265019063,valid,0.7771739130434783,0.8552994388544892,0.854639172497724,0.8054237288135593,0.7471698113207547,0.8735294117647059,0.6694078947368421,0.525,0,215,0.6895980834960938
222,0.4193657997407411,valid,0.7569875776397516,0.8490252515479877,0.854688647540939,0.8017732742241925,0.7041156840934372,0.9308823529411765,0.5625,0.2,0,215,0.6868901252746582
223,0.4208098508809742,valid,0.782608695652174,0.862717685758514,0.86366223363633,0.8172323759791122,0.7347417840375586,0.9205882352941176,0.6282894736842105,0.275,0,215,0.6859133243560791
224,0.42679844404521744,valid,0.7267080745341615,0.8266229682662538,0.8279939745499167,0.7835178351783518,0.6733615221987315,0.9367647058823529,0.4917763157894737,0.25,0,215,0.68619704246521
225,0.41412276970712764,valid,0.7740683229813664,0.8520099651702786,0.8459650766344948,0.8024439918533605,0.7452711223203027,0.8691176470588236,0.6677631578947368,0.55,0,215,0.6890270709991455
226,0.42053159130247014,valid,0.7678571428571429,0.8561508320433437,0.8595565506163817,0.8079640333975594,0.7172177879133409,0.925,0.5921052631578947,0.225,0,215,0.6886322498321533
227,0.4143662515439485,valid,0.7701863354037267,0.8486382546439628,0.8522244067116311,0.8044914134742405,0.7302158273381295,0.8955882352941177,0.6299342105263158,0.2,0,215,0.6888556480407715
228,0.4172671531376086,valid,0.7725155279503105,0.8441877902476781,0.8482103023092429,0.8047968021319121,0.7356881851400731,0.888235294117647,0.6430921052631579,0.625,0,215,0.6863100528717041
229,0.41481825866197286,valid,0.7864906832298136,0.8640625000000001,0.8646958316995386,0.8160535117056856,0.7484662576687117,0.8970588235294118,0.662828947368421,0.475,0,215,0.6930170059204102
230,0.4231285358730115,valid,0.7740683229813664,0.8650058049535604,0.8628564467469169,0.8111615833874107,0.7259001161440186,0.9191176470588235,0.6118421052631579,0.35,0,215,0.6876711845397949
231,0.42051559686660767,valid,0.781832298136646,0.8600256385448916,0.8628328511592096,0.815009874917709,0.7377830750893921,0.9102941176470588,0.6381578947368421,0.475,0,215,0.6907119750976562
232,0.42042209757001775,valid,0.7888198757763976,0.86265721749226,0.8628733016965966,0.8131868131868132,0.7628865979381443,0.8705882352941177,0.6973684210526315,0.45000000000000007,0,215,0.6897487640380859
233,0.41596419089718867,valid,0.78027950310559,0.866938370743034,0.866232205504192,0.8168284789644013,0.7294797687861272,0.9279411764705883,0.6151315789473685,0.275,0,215,0.6908881664276123
234,0.41506365725868627,valid,0.782608695652174,0.8651460913312693,0.8660687447273713,0.8193548387096774,0.7298850574712644,0.9338235294117647,0.6134868421052632,0.15000000000000002,0,215,0.6915485858917236
235,0.41235764559946564,valid,0.7795031055900621,0.8637432275541795,0.863481688080906,0.8096514745308311,0.7438423645320197,0.888235294117647,0.6578947368421053,0.42500000000000004,0,215,0.6894440650939941
236,0.41516107007076863,valid,0.7833850931677019,0.8659418537151702,0.8673268949646717,0.8151093439363817,0.7418576598311218,0.9044117647058824,0.6480263157894737,0.4,0,215,0.689903736114502
237,0.4083217915735747,valid,0.78027950310559,0.8726344814241486,0.8735199343220592,0.8180064308681672,0.7268571428571429,0.9352941176470588,0.6069078947368421,0.35,0,215,0.6864326000213623
238,0.4053393414146022,valid,0.7927018633540373,0.8661450270897835,0.8668113742936221,0.8164948453608247,0.7664516129032258,0.8735294117647059,0.7023026315789473,0.42500000000000004,0,215,0.6885085105895996
239,0.4112495481967926,valid,0.7639751552795031,0.852312306501548,0.8514484548016112,0.8018252933507171,0.7201405152224825,0.9044117647058824,0.6069078947368421,0.475,0,215,0.6899917125701904
240,0.40338364243507385,valid,0.7795031055900621,0.8577592879256966,0.8561043657498646,0.8054794520547945,0.7538461538461538,0.8647058823529412,0.6842105263157895,0.475,0,215,0.6882097721099854
241,0.40443537737193863,valid,0.7779503105590062,0.867530959752322,0.867387896995258,0.8159588159588159,0.7254004576659039,0.9323529411764706,0.6052631578947368,0.325,0,215,0.6870710849761963
242,0.40983377004924576,valid,0.7763975155279503,0.8555122871517027,0.8585660169393756,0.8122555410691004,0.7295081967213115,0.9161764705882353,0.6200657894736842,0.325,0,215,0.6875228881835938
243,0.4109759064097154,valid,0.7072981366459627,0.8026993034055727,0.8105636329995686,0.7639323731997495,0.6652126499454744,0.8970588235294118,0.49506578947368424,0.375,0,215,0.690436840057373
244,0.40975648164749146,valid,0.7538819875776398,0.8533027767027864,0.8553386797467657,0.801998750780762,0.6970684039087948,0.9441176470588235,0.5411184210526315,0.45000000000000007,0,215,0.6901321411132812
245,0.40835830412412943,valid,0.797360248447205,0.863029702012384,0.8607232845484434,0.8186240444753301,0.7760210803689065,0.8661764705882353,0.7203947368421053,0.42500000000000004,0,215,0.6880509853363037
246,0.41291205349721405,valid,0.7795031055900621,0.8644011222910217,0.8678556343461232,0.8134034165571616,0.7351543942992874,0.9102941176470588,0.6332236842105263,0.375,0,215,0.6843347549438477
247,0.4019103520794919,valid,0.7919254658385093,0.8716597329721363,0.8771307766879501,0.819650067294751,0.7555831265508685,0.8955882352941177,0.6759868421052632,0.30000000000000004,0,215,0.6882295608520508
248,0.4050821254127904,valid,0.764751552795031,0.851845491486068,0.8506915543206179,0.8071292170591979,0.7115600448933782,0.9323529411764706,0.5773026315789473,0.275,0,215,0.6914572715759277
249,0.4123989782835308,valid,0.8035714285714286,0.8812125096749226,0.8831749574815,0.8249134948096886,0.7790849673202614,0.8764705882352941,0.7220394736842105,0.275,1,249,0.69659423828125
250,0.4081922518579583,valid,0.78027950310559,0.8666190982972136,0.8723928364788374,0.8129543952412426,0.7382953181272509,0.9044117647058824,0.6414473684210527,0.45000000000000007,0,249,0.6865596771240234
251,0.40563909317317765,valid,0.781832298136646,0.8654387577399381,0.8681770559838062,0.8145214521452145,0.7389221556886227,0.9073529411764706,0.6414473684210527,0.375,0,249,1.0716609954833984
252,0.39487636716742264,valid,0.7771739130434783,0.8672673181114551,0.8730740363640785,0.8159076330981399,0.7235494880546075,0.9352941176470588,0.600328947368421,0.275,0,249,0.7369740009307861
253,0.3968158960342407,valid,0.7748447204968945,0.8567095588235295,0.8615344827156339,0.8109517601043025,0.7283372365339579,0.9147058823529411,0.618421052631579,0.42500000000000004,0,249,0.7190866470336914
254,0.3943596686187543,valid,0.7888198757763976,0.8620186726006192,0.8677522670648384,0.8186666666666667,0.748780487804878,0.9029411764705882,0.6611842105263158,0.325,0,249,0.7229404449462891
255,0.3999073411289014,valid,0.781055900621118,0.8634118614551083,0.8648924183188929,0.8166449934980494,0.7319347319347319,0.9235294117647059,0.6217105263157895,0.17500000000000002,0,249,0.7084760665893555
256,0.39761659346128764,valid,0.781832298136646,0.8632207817337462,0.8642120476373096,0.8115358819584172,0.7459926017262639,0.8897058823529411,0.6611842105263158,0.45000000000000007,0,249,0.7133007049560547
257,0.3988649264762276,valid,0.7927018633540373,0.8785869775541796,0.8832072237835196,0.8218812541694464,0.7521367521367521,0.9058823529411765,0.6661184210526315,0.45000000000000007,0,249,0.7005658149719238
258,0.3969356417655945,valid,0.7989130434782609,0.873485874613003,0.8779373957249103,0.8187543736878936,0.7810413885180241,0.8602941176470589,0.7302631578947368,0.375,0,249,0.7136242389678955
259,0.3881258148896067,valid,0.7771739130434783,0.8586953366873066,0.862655745504014,0.8113083497698882,0.7336504161712247,0.9073529411764706,0.631578947368421,0.45000000000000007,0,249,0.7160828113555908
260,0.4053472907919633,valid,0.7888198757763976,0.8705785603715169,0.8736468751373564,0.8186666666666667,0.748780487804878,0.9029411764705882,0.6611842105263158,0.325,0,249,0.7034714221954346
261,0.399400100896233,valid,0.7771739130434783,0.8629111842105263,0.8677824617981414,0.8156711624919717,0.7240592930444698,0.9338235294117647,0.6019736842105263,0.325,0,249,0.696157693862915
262,0.3889506647461339,valid,0.7756211180124224,0.8620356037151702,0.8681730611593771,0.811971372804164,0.7281213535589265,0.9176470588235294,0.6167763157894737,0.275,0,249,0.6977860927581787
263,0.3880863660260251,valid,0.8004658385093167,0.8765842685758514,0.8803705598178788,0.8199018920812894,0.7831325301204819,0.8602941176470589,0.7335526315789473,0.325,0,249,0.6950132846832275
264,0.3976803704311973,valid,0.7996894409937888,0.8711010061919504,0.8750345240776451,0.8213296398891967,0.7761780104712042,0.8720588235294118,0.71875,0.35,0,249,0.6967082023620605
265,0.3881428147617139,valid,0.7725155279503105,0.856058920278638,0.8624071299660137,0.8098637248539909,0.7247386759581882,0.9176470588235294,0.6101973684210527,0.325,0,249,0.6976549625396729
266,0.38834112882614136,valid,0.7864906832298136,0.8677728328173375,0.8635325442563805,0.8150638870208473,0.7509293680297398,0.8911764705882353,0.6694078947368421,0.375,0,249,0.6938433647155762
267,0.38856214912314163,valid,0.7631987577639752,0.855062403250774,0.8613730761609222,0.805360561582642,0.7113866967305524,0.9279411764705883,0.5789473684210527,0.225,0,249,0.696660041809082
268,0.3982589448753156,valid,0.78027950310559,0.8649308243034056,0.870868390519661,0.8124585818422797,0.7394451145958987,0.9014705882352941,0.6447368421052632,0.35,0,249,0.7102320194244385
269,0.39279669366384806,valid,0.7950310559006211,0.8774550116099071,0.882815032153993,0.8251655629139073,0.7506024096385542,0.9161764705882353,0.6595394736842105,0.375,1,269,0.7279806137084961
270,0.3780672487459685,valid,0.7725155279503105,0.8683654218266253,0.8732754457441485,0.8127795527156549,0.7186440677966102,0.9352941176470588,0.5904605263157895,0.15000000000000002,0,269,0.6966779232025146
271,0.38903120316957174,valid,0.7934782608695652,0.8677208301083592,0.8691509159521302,0.821236559139785,0.7561881188118812,0.8985294117647059,0.6759868421052632,0.475,0,269,0.6936900615692139
272,0.3837908631876895,valid,0.782608695652174,0.8672890866873065,0.8695135323627913,0.8125836680053548,0.7457002457002457,0.8926470588235295,0.6595394736842105,0.45000000000000007,0,269,0.6930410861968994
273,0.3879520987209521,valid,0.7872670807453416,0.8724603328173375,0.8770157135728478,0.8173333333333334,0.7475609756097561,0.9014705882352941,0.6595394736842105,0.375,0,269,0.6951034069061279
274,0.3820003757351323,valid,0.7857142857142857,0.8693958010835913,0.8700220495320086,0.8150134048257373,0.7487684729064039,0.8941176470588236,0.6644736842105263,0.375,0,269,0.6982967853546143
275,0.39082902669906616,valid,0.7779503105590062,0.865407314241486,0.8693694384215376,0.8133159268929504,0.7312206572769953,0.9161764705882353,0.6233552631578947,0.2,0,269,0.6938736438751221
276,0.3808564426083314,valid,0.7864906832298136,0.8684524961300308,0.8732209302580305,0.8220064724919094,0.7341040462427746,0.9338235294117647,0.6217105263157895,0.275,0,269,0.6953213214874268
277,0.37513968975920425,valid,0.8035714285714286,0.8756458010835914,0.883112485402431,0.8246708246708246,0.7798165137614679,0.875,0.7236842105263158,0.55,0,269,0.6944983005523682
278,0.37800497287198115,valid,0.7981366459627329,0.8755538893188854,0.8778788417170885,0.8186889818688982,0.7785145888594165,0.8632352941176471,0.725328947368421,0.5,0,269,0.6944034099578857
279,0.38485209408559296,valid,0.782608695652174,0.8617913119195046,0.8626184334028149,0.8153034300791556,0.7392344497607656,0.9088235294117647,0.6414473684210527,0.30000000000000004,0,269,0.696291446685791
280,0.39265895674103185,valid,0.7919254658385093,0.8716307082043343,0.8712427705900174,0.8166894664842681,0.7634271099744245,0.8779411764705882,0.6957236842105263,0.275,0,269,0.6934664249420166
281,0.38325502056824534,valid,0.8020186335403726,0.8784007352941177,0.8825936040258213,0.825938566552901,0.7707006369426752,0.8897058823529411,0.7039473684210527,0.45000000000000007,1,281,0.7048909664154053
282,0.3825760499427193,valid,0.7748447204968945,0.8591065208978328,0.8608007704608551,0.8116883116883117,0.7267441860465116,0.9191176470588235,0.6134868421052632,0.45000000000000007,0,281,0.6932082176208496
283,0.3861313666168012,valid,0.7771739130434783,0.8616631191950465,0.8633468763358677,0.8127853881278538,0.7303634232121923,0.9161764705882353,0.6217105263157895,0.1,0,281,0.6953873634338379
284,0.39054071275811447,valid,0.782608695652174,0.8700585332817338,0.8767321480998644,0.8133333333333334,0.7439024390243902,0.8970588235294118,0.6546052631578947,0.475,0,281,0.692509651184082
285,0.3805203202523683,valid,0.8144409937888198,0.8866510255417956,0.891527120163953,0.8334494773519163,0.7920529801324503,0.8794117647058823,0.7417763157894737,0.5,1,285,0.7047653198242188
286,0.37674794385307714,valid,0.7950310559006211,0.8772228134674922,0.8824933088432612,0.8194254445964432,0.7659846547314578,0.8808823529411764,0.6990131578947368,0.4,0,285,0.6933033466339111
287,0.3797886638264907,valid,0.7950310559006211,0.870094814241486,0.8741045303346818,0.8166666666666667,0.7736842105263158,0.8647058823529412,0.7171052631578947,0.5,0,285,0.6940343379974365
288,0.3707924861656992,valid,0.7779503105590062,0.858702592879257,0.8635244607117041,0.8064952638700947,0.7468671679197995,0.8764705882352941,0.6677631578947368,0.2,0,285,0.6963670253753662
289,0.37059657824666875,valid,0.7989130434782609,0.8751668924148607,0.8778753948842094,0.8239292997960571,0.7661188369152971,0.8911764705882353,0.6957236842105263,0.5,0,285,0.6924002170562744
290,0.383769701970251,valid,0.781832298136646,0.8673447174922599,0.8759052027683492,0.81621975147155,0.734982332155477,0.9176470588235294,0.6299342105263158,0.225,0,285,0.6930985450744629
291,0.37507230200265584,valid,0.7795031055900621,0.863295762383901,0.8711015274166048,0.8143790849673203,0.7329411764705882,0.9161764705882353,0.6266447368421053,0.475,0,285,0.694312334060669
292,0.370068769705923,valid,0.7872670807453416,0.8669117647058824,0.8784395157738512,0.8031609195402298,0.7851123595505618,0.8220588235294117,0.7483552631578947,0.4,0,285,0.6935820579528809
293,0.3802647700435237,valid,0.7779503105590062,0.8686339009287924,0.8716073173928403,0.8125819134993447,0.7328605200945626,0.9117647058823529,0.6282894736842105,0.375,0,285,0.6948554515838623
294,0.3688567578792572,valid,0.7748447204968945,0.8707406153250773,0.8787497852709245,0.8107049608355091,0.7288732394366197,0.913235294117647,0.6200657894736842,0.325,0,285,0.6931788921356201
295,0.3701517989760951,valid,0.781055900621118,0.8676688273993808,0.8759613319604572,0.8147174770039421,0.7363420427553444,0.9117647058823529,0.6348684210526315,0.35,0,285,0.6934957504272461
296,0.3753688366789567,valid,0.8059006211180124,0.8790271865325078,0.885604100373272,0.8278236914600551,0.7784974093264249,0.8838235294117647,0.71875,0.325,0,285,0.6924290657043457
297,0.3724778843553443,valid,0.7895962732919255,0.8720539860681114,0.8789797279946705,0.8184862692565305,0.7515375153751538,0.8985294117647059,0.6677631578947368,0.375,0,285,0.6944582462310791
298,0.3699294548285635,valid,0.7795031055900621,0.8648655185758514,0.8712716362123822,0.8116710875331565,0.7391304347826086,0.9,0.6447368421052632,0.42500000000000004,0,285,0.6912243366241455
299,0.3736937281332518,valid,0.7927018633540373,0.8754353715170279,0.8807398254005154,0.8239947264337508,0.7467144563918757,0.9191176470588235,0.6513157894736842,0.375,0,285,0.6928000450134277
300,0.37506726854725886,valid,0.7748447204968945,0.8747919891640867,0.8814642637852228,0.8129032258064516,0.7241379310344828,0.9264705882352942,0.6052631578947368,0.225,0,285,0.6924378871917725
301,0.37616512963646337,valid,0.7981366459627329,0.8748693885448917,0.8742415371505656,0.821673525377229,0.7699228791773779,0.8808823529411764,0.7055921052631579,0.45000000000000007,0,285,0.6950266361236572
302,0.37506865513952153,valid,0.7950310559006211,0.8714855843653251,0.8761632037941602,0.819672131147541,0.7653061224489796,0.8823529411764706,0.6973684210526315,0.4,0,285,0.6964995861053467
303,0.36739909648895264,valid,0.797360248447205,0.8750943304953562,0.8813822634994748,0.8230508474576271,0.7635220125786164,0.8926470588235295,0.6907894736842105,0.25,0,285,0.691495418548584
304,0.37283329744088023,valid,0.7670807453416149,0.8542521284829722,0.8569670100886402,0.805699481865285,0.7199074074074074,0.9147058823529411,0.6019736842105263,0.25,0,285,0.6929364204406738
305,0.36782392545750264,valid,0.8059006211180124,0.8808557469040249,0.8842054840889955,0.829700272479564,0.7728426395939086,0.8955882352941177,0.7055921052631579,0.375,0,285,0.693763017654419
306,0.36136175299945633,valid,0.7624223602484472,0.8583276896284829,0.8606226348771593,0.8033419023136247,0.7134703196347032,0.9191176470588235,0.587171052631579,0.30000000000000004,0,285,0.6934289932250977
307,0.3753682123987298,valid,0.7795031055900621,0.8670617260061919,0.872972299311667,0.8106666666666666,0.7414634146341463,0.8941176470588236,0.6513157894736842,0.35,0,285,0.6954538822174072
308,0.376955320960597,valid,0.8004658385093167,0.874656540247678,0.8797883603978717,0.8214037526059764,0.7786561264822134,0.8691176470588236,0.7236842105263158,0.375,0,285,0.6937170028686523
309,0.35411563045100164,valid,0.782608695652174,0.8748500386996904,0.8832928820185186,0.8167539267015707,0.7358490566037735,0.9176470588235294,0.631578947368421,0.25,0,285,0.6929416656494141
310,0.37258828000018474,valid,0.8066770186335404,0.879172310371517,0.8830581497264876,0.8252631578947368,0.789261744966443,0.8647058823529412,0.7417763157894737,0.525,0,285,0.6932523250579834
311,0.3668309465834969,valid,0.781055900621118,0.8689652670278638,0.872940034629172,0.8166449934980494,0.7319347319347319,0.9235294117647059,0.6217105263157895,0.275,0,285,0.6939516067504883
312,0.3591735786513278,valid,0.7989130434782609,0.8767197174922602,0.8838891012777937,0.8187543736878936,0.7810413885180241,0.8602941176470589,0.7302631578947368,0.55,0,285,0.6948521137237549
313,0.36526304326559367,valid,0.7981366459627329,0.8770172213622291,0.8839970181328911,0.8284960422163589,0.7511961722488039,0.9235294117647059,0.6578947368421053,0.275,0,285,0.6962733268737793
314,0.35973467168055084,valid,0.7895962732919255,0.8634408862229102,0.8656706821793398,0.8167680865449628,0.7559449311639549,0.888235294117647,0.6792763157894737,0.475,0,285,0.6983606815338135
315,0.3570003697746678,valid,0.797360248447205,0.8747823142414861,0.8819414464014852,0.822569680489463,0.7648546144121365,0.8897058823529411,0.694078947368421,0.225,0,285,0.698397159576416
316,0.3615103818868336,valid,0.7795031055900621,0.8736213235294118,0.8810243690762937,0.8134034165571616,0.7351543942992874,0.9102941176470588,0.6332236842105263,0.225,0,285,0.7005054950714111
317,0.3600836960892928,valid,0.7538819875776398,0.8504160216718266,0.8585636303698782,0.7940220922677063,0.7112922002328289,0.8985294117647059,0.5921052631578947,0.17500000000000002,0,285,0.6946995258331299
318,0.36558858658138077,valid,0.8082298136645962,0.8836784055727555,0.8895629882722618,0.8266666666666667,0.7906040268456376,0.8661764705882353,0.743421052631579,0.42500000000000004,0,285,0.7037668228149414
319,0.3591090425064689,valid,0.7989130434782609,0.8782943111455108,0.885332126280282,0.8248816768086545,0.7634543178973717,0.8970588235294118,0.6891447368421053,0.4,0,285,0.7104017734527588
320,0.3559876194125728,valid,0.8051242236024845,0.8840267027863777,0.8894080401962401,0.8305199189736664,0.7677902621722846,0.9044117647058824,0.694078947368421,0.275,0,285,0.7116570472717285
321,0.3589923836682972,valid,0.781832298136646,0.8636464783281734,0.8680110221323012,0.8110289172831204,0.7472118959107806,0.8867647058823529,0.6644736842105263,0.475,0,285,0.7059886455535889
322,0.3675187434020795,valid,0.7996894409937888,0.8856279024767801,0.8934709964387907,0.828,0.7573170731707317,0.913235294117647,0.6726973684210527,0.275,0,285,0.6988010406494141
323,0.36303206337125676,valid,0.7903726708074534,0.8798447174922599,0.8851802322895088,0.8260309278350515,0.7350917431192661,0.9426470588235294,0.6200657894736842,0.25,0,285,0.6991612911224365
324,0.36445214873866033,valid,0.782608695652174,0.8711687306501549,0.8780008205671915,0.8157894736842105,0.7380952380952381,0.9117647058823529,0.6381578947368421,0.4,0,285,0.6987142562866211
325,0.35505389696673345,valid,0.8004658385093167,0.8750241873065016,0.8801864432467538,0.8168210976478973,0.7925311203319502,0.8426470588235294,0.7532894736842105,0.4,0,285,0.7016265392303467
326,0.3483930559534776,valid,0.8043478260869565,0.8801857585139319,0.8835146169589403,0.8306451612903226,0.7648514851485149,0.9088235294117647,0.6875,0.25,0,285,0.7004544734954834
327,0.33954079998166936,valid,0.812888198757764,0.8868058243034056,0.8908375560568448,0.8332179930795848,0.7869281045751634,0.8852941176470588,0.7319078947368421,0.325,0,285,0.6999058723449707
328,0.3473277233148876,valid,0.78027950310559,0.8646381578947369,0.8703545678635334,0.8151534944480732,0.7332549941245593,0.9176470588235294,0.6266447368421053,0.35,0,285,0.6977968215942383
329,0.35406550137620224,valid,0.8043478260869565,0.8710066756965944,0.8735318684883644,0.8254847645429363,0.7801047120418848,0.8764705882352941,0.7236842105263158,0.4,0,285,0.6997342109680176
330,0.35593821814185694,valid,0.8059006211180124,0.8777307469040248,0.8870301204234587,0.8268698060941828,0.7814136125654451,0.8779411764705882,0.725328947368421,0.42500000000000004,0,285,0.7014544010162354
331,0.3482665545062015,valid,0.8074534161490683,0.8764802631578948,0.8756369970532063,0.8317503392130258,0.7720403022670025,0.9014705882352941,0.7023026315789473,0.42500000000000004,0,285,0.6945235729217529
332,0.3470785194321683,valid,0.7880434782608695,0.8737906346749227,0.878999063621842,0.8200395517468688,0.7431302270011948,0.9147058823529411,0.6463815789473685,0.15000000000000002,0,285,0.6962003707885742
333,0.33995992572684036,valid,0.7942546583850931,0.8704721362229102,0.8727941759594726,0.817618719889883,0.7684346701164295,0.8735294117647059,0.7055921052631579,0.30000000000000004,0,285,0.712247371673584
334,0.35130987041874934,valid,0.7864906832298136,0.8704334365325078,0.8802281005274413,0.8160535117056856,0.7484662576687117,0.8970588235294118,0.662828947368421,0.35,0,285,0.7009117603302002
335,0.34619672831736115,valid,0.7771739130434783,0.864280185758514,0.8714175361474754,0.8127853881278538,0.7303634232121923,0.9161764705882353,0.6217105263157895,0.225,0,285,0.7083225250244141
336,0.34588145582299484,valid,0.8012422360248447,0.8746541215170278,0.8790488747827058,0.8217270194986073,0.7804232804232805,0.8676470588235294,0.7269736842105263,0.5750000000000001,0,285,0.7064230442047119
337,0.3497510442608281,valid,0.8043478260869565,0.8769301470588236,0.8825764189527827,0.8257261410788381,0.779373368146214,0.8779411764705882,0.7220394736842105,0.30000000000000004,0,285,0.6969873905181885
338,0.33883590133566605,valid,0.7880434782608695,0.8778154024767802,0.8859749258869982,0.8233009708737864,0.7352601156069364,0.9352941176470588,0.6233552631578947,0.275,0,285,0.698284387588501
339,0.34764580663881806,valid,0.8136645962732919,0.8877612229102168,0.8917551713530858,0.839142091152815,0.770935960591133,0.9205882352941176,0.694078947368421,0.30000000000000004,1,339,0.711155891418457
340,0.3415054380893707,valid,0.7903726708074534,0.8708385739164086,0.8771358697064928,0.8170731707317073,0.757537688442211,0.8867647058823529,0.6825657894736842,0.35,0,339,0.6973152160644531
341,0.3523107625936207,valid,0.8027950310559007,0.8752805727554179,0.8745855515167509,0.8250688705234159,0.7759067357512953,0.8808823529411764,0.7154605263157895,0.35,0,339,0.6983718872070312
342,0.34937321669177007,valid,0.7779503105590062,0.8579382739938081,0.8678698697947769,0.807277628032345,0.7450248756218906,0.8808823529411764,0.662828947368421,0.30000000000000004,0,339,0.6985929012298584
343,0.35433877612415116,valid,0.8167701863354038,0.8827544504643964,0.8875916074480577,0.8372413793103448,0.7883116883116883,0.8926470588235295,0.7319078947368421,0.30000000000000004,0,339,0.6962831020355225
344,0.3409793863171025,valid,0.7849378881987578,0.8572634481424148,0.8647868836245327,0.8142186452045607,0.7484586929716399,0.8926470588235295,0.6644736842105263,0.42500000000000004,0,339,0.7013950347900391
345,0.3361645309548629,valid,0.796583850931677,0.8771284829721362,0.8853469038672689,0.8220108695652174,0.7638888888888888,0.8897058823529411,0.6924342105263158,0.25,0,339,0.7002716064453125
346,0.3424037522391269,valid,0.796583850931677,0.8784781346749225,0.8843211163741443,0.8267195767195767,0.7512019230769231,0.9191176470588235,0.6595394736842105,0.325,0,339,0.6974589824676514
347,0.3392879398245561,valid,0.7709627329192547,0.8582236842105264,0.8610042872506493,0.8093083387201034,0.7220299884659747,0.9205882352941176,0.6036184210526315,0.25,0,339,0.6986284255981445
348,0.3421759276013625,valid,0.7895962732919255,0.8736116486068111,0.8811516650444579,0.8215931533903884,0.7437425506555423,0.9176470588235294,0.6463815789473685,0.35,0,339,0.6979854106903076
349,0.3384066726032056,valid,0.7833850931677019,0.8714613970588235,0.8788987614171924,0.8177661659046375,0.7356051703877791,0.9205882352941176,0.6299342105263158,0.275,0,339,0.6955146789550781
350,0.3328757317442643,valid,0.8074534161490683,0.882328753869969,0.8851442257547086,0.8315217391304348,0.7727272727272727,0.9,0.7039473684210527,0.25,0,339,0.6981358528137207
351,0.3347081306733583,valid,0.781055900621118,0.8617598684210527,0.8689509552780217,0.8122503328894807,0.7420924574209246,0.8970588235294118,0.6513157894736842,0.17500000000000002,0,339,0.695612907409668
352,0.3405690365716031,valid,0.8012422360248447,0.8789522058823529,0.8825465995917419,0.8265582655826558,0.7663316582914573,0.8970588235294118,0.694078947368421,0.325,0,339,0.6976351737976074
353,0.3448400340582195,valid,0.8020186335403726,0.871671826625387,0.8766421966277338,0.821553533939818,0.7837116154873164,0.8632352941176471,0.7335526315789473,0.35,0,339,0.6990921497344971
354,0.3400315665885022,valid,0.8214285714285714,0.8901049729102166,0.8930692060323888,0.8396094839609484,0.7984084880636605,0.8852941176470588,0.75,0.35,1,354,0.7044811248779297
355,0.33936340714755814,valid,0.7996894409937888,0.8812379063467491,0.8868130901051696,0.8302631578947368,0.7511904761904762,0.9279411764705883,0.65625,0.25,0,354,0.6962707042694092
356,0.3465316483848973,valid,0.8074534161490683,0.8778250773993806,0.8819553113613645,0.8277777777777777,0.7842105263157895,0.8764705882352941,0.7302631578947368,0.5,0,354,0.6991980075836182
357,0.3350020301969428,valid,0.7717391304347826,0.8543464589783282,0.8680317280833125,0.7986301369863014,0.7474358974358974,0.8573529411764705,0.6759868421052632,0.25,0,354,0.696448564529419
358,0.33936745242068644,valid,0.7996894409937888,0.8812500000000001,0.8762041576471292,0.8261455525606469,0.7624378109452736,0.9014705882352941,0.6858552631578947,0.35,0,354,0.7012226581573486
359,0.3386563878310354,valid,0.8175465838509317,0.8852433243034056,0.8901067062491894,0.8346235045742435,0.8002699055330634,0.8720588235294118,0.756578947368421,0.375,0,354,0.697054386138916
360,0.3300096816138217,valid,0.7950310559006211,0.8749346942724457,0.8746562566591545,0.8258575197889182,0.7488038277511961,0.9205882352941176,0.6546052631578947,0.225,0,354,0.6987848281860352
361,0.33596821364603546,valid,0.7849378881987578,0.8712872484520124,0.8781205524863427,0.8185985592665357,0.7378984651711924,0.9191176470588235,0.6348684210526315,0.30000000000000004,0,354,0.698941707611084
362,0.33636612327475296,valid,0.8012422360248447,0.873343169504644,0.8788966882112139,0.8274932614555256,0.763681592039801,0.9029411764705882,0.6875,0.25,0,354,0.6979985237121582
363,0.33781172099866363,valid,0.7958074534161491,0.8718145317337462,0.8787115059615841,0.8141342756183746,0.7836734693877551,0.8470588235294118,0.7384868421052632,0.4,0,354,0.6965479850769043
364,0.3345748374336644,valid,0.7958074534161491,0.8781612809597523,0.8870207623991965,0.8254810882548109,0.7521160822249093,0.9147058823529411,0.662828947368421,0.25,0,354,0.6973590850830078
365,0.3240544152887244,valid,0.8066770186335404,0.8846991099071208,0.8908929811351474,0.826722338204593,0.7846763540290621,0.8735294117647059,0.7319078947368421,0.4,0,354,0.6974692344665527
366,0.3355042071718919,valid,0.7771739130434783,0.858920278637771,0.8676708799684625,0.8110599078341014,0.734207389749702,0.9058823529411765,0.6332236842105263,0.15000000000000002,0,354,0.6969327926635742
367,0.32764618177162974,valid,0.7996894409937888,0.88140721749226,0.8895140541475616,0.8304862023653088,0.7505938242280285,0.9294117647058824,0.6546052631578947,0.30000000000000004,0,354,0.6984477043151855
368,0.3348585822080311,valid,0.7771739130434783,0.8724530766253871,0.8774659099466915,0.815196394075982,0.7250859106529209,0.9308823529411765,0.6052631578947368,0.275,0,354,0.6958363056182861
369,0.3385933449393825,valid,0.8035714285714286,0.8804760061919504,0.8841029208013501,0.8305425318151373,0.7626076260762608,0.9117647058823529,0.6825657894736842,0.325,0,354,0.6986331939697266
370,0.33438865918862193,valid,0.8066770186335404,0.8794843266253869,0.8839104705426515,0.826722338204593,0.7846763540290621,0.8735294117647059,0.7319078947368421,0.475,0,354,0.6965703964233398
371,0.3333550236727062,valid,0.7996894409937888,0.8791771478328173,0.8878811486645873,0.8277703604806409,0.7579462102689487,0.9117647058823529,0.6743421052631579,0.2,0,354,0.697119951248169
372,0.32380212764990957,valid,0.8090062111801242,0.881999806501548,0.8827866720284645,0.8333333333333334,0.7726130653266332,0.9044117647058824,0.7023026315789473,0.225,0,354,0.699462890625
373,0.32757820894843653,valid,0.7919254658385093,0.8768200948142413,0.8803534567471496,0.8236842105263158,0.7452380952380953,0.9205882352941176,0.6480263157894737,0.275,0,354,0.6984736919403076
374,0.3228425116915452,valid,0.796583850931677,0.8732536764705883,0.8793206506056556,0.8255659121171771,0.754257907542579,0.9117647058823529,0.6677631578947368,0.25,0,354,0.697918176651001
375,0.3298601131690176,valid,0.8183229813664596,0.8874903250773993,0.8933008514224253,0.8379501385041551,0.7918848167539267,0.8897058823529411,0.7384868421052632,0.30000000000000004,0,354,0.6973440647125244
376,0.3235845048176615,valid,0.7989130434782609,0.8786184210526315,0.882687906883787,0.8258238063214526,0.7608426270136307,0.9029411764705882,0.6825657894736842,0.25,0,354,0.6971356868743896
377,0.33120337756056534,valid,0.796583850931677,0.8844112809597523,0.8913335259441598,0.8267195767195767,0.7512019230769231,0.9191176470588235,0.6595394736842105,0.17500000000000002,0,354,0.6975219249725342
378,0.3207386967382933,valid,0.7958074534161491,0.8752297794117647,0.8823508912800921,0.8207225630538514,0.7649301143583227,0.8852941176470588,0.6957236842105263,0.4,0,354,0.6983850002288818
379,0.3147050910874417,valid,0.8090062111801242,0.8825367647058824,0.8865604497683043,0.8331071913161465,0.7732997481108312,0.9029411764705882,0.7039473684210527,0.25,0,354,0.6970601081848145
380,0.31860027658311946,valid,0.75,0.8491969814241486,0.8639296757996402,0.7895424836601307,0.7105882352941176,0.888235294117647,0.5953947368421053,0.2,0,354,0.7002434730529785
381,0.32515600323677063,valid,0.7841614906832298,0.8727796052631579,0.8766592736164731,0.8173455978975033,0.7387173396674585,0.9147058823529411,0.6381578947368421,0.225,0,354,0.7005558013916016
382,0.32901216337555333,valid,0.7927018633540373,0.875282991486068,0.8824597380398539,0.8184908225696805,0.7610619469026548,0.8852941176470588,0.6891447368421053,0.30000000000000004,0,354,0.6944990158081055
383,0.3303169294407493,valid,0.7911490683229814,0.8712799922600619,0.8790900774598338,0.822207534699273,0.7466986794717887,0.9147058823529411,0.6529605263157895,0.225,0,354,0.6920409202575684
384,0.3337672525330594,valid,0.8020186335403726,0.8724337267801856,0.8702057329124071,0.8271186440677966,0.7672955974842768,0.8970588235294118,0.6957236842105263,0.325,0,354,0.6924905776977539
385,0.32904718267290217,valid,0.8051242236024845,0.8842056888544891,0.8904237091881565,0.8325550366911274,0.7619047619047619,0.9176470588235294,0.6792763157894737,0.225,0,354,0.6930973529815674
386,0.32994350006705836,valid,0.7919254658385093,0.8764875193498453,0.8848390103263477,0.8203753351206434,0.7536945812807881,0.9,0.6710526315789473,0.2,0,354,0.6930041313171387
387,0.32383279894527633,valid,0.7903726708074534,0.8721821787925698,0.8745126492575734,0.821664464993395,0.7458033573141487,0.9147058823529411,0.6513157894736842,0.225,0,354,0.6925740242004395
388,0.32785766689400925,valid,0.8059006211180124,0.883983165634675,0.8880465305698211,0.8292349726775956,0.7742346938775511,0.8926470588235295,0.7088815789473685,0.35,0,354,0.6920814514160156
389,0.33437112444325495,valid,0.7888198757763976,0.8600909442724458,0.8661175470237172,0.8126721763085399,0.7642487046632125,0.8676470588235294,0.7006578947368421,0.325,0,354,0.6922881603240967
390,0.32409897446632385,valid,0.7950310559006211,0.8744074109907121,0.8817644861295413,0.8225806451612904,0.7574257425742574,0.9,0.6776315789473685,0.325,0,354,0.6937177181243896
391,0.328494098625685,valid,0.781832298136646,0.864952592879257,0.8727879413488296,0.8110289172831204,0.7472118959107806,0.8867647058823529,0.6644736842105263,0.225,0,354,0.6914365291595459
392,0.32015836238861084,valid,0.7771739130434783,0.8674511416408669,0.8768012968587091,0.8135152696556205,0.7287543655413271,0.9205882352941176,0.6167763157894737,0.35,0,354,0.6930458545684814
393,0.32210497009126765,valid,0.7942546583850931,0.8699037345201238,0.8736712843352461,0.8142957252978276,0.7777777777777778,0.8544117647058823,0.7269736842105263,0.375,0,354,0.6922719478607178
394,0.32655033155491475,valid,0.7562111801242236,0.8515915247678019,0.8632097445636948,0.7955729166666666,0.7137850467289719,0.8985294117647059,0.5970394736842105,0.125,0,354,0.6928162574768066
395,0.3263739472941348,valid,0.812888198757764,0.8833373645510835,0.8873150168294669,0.8294409058740269,0.7994542974079127,0.861764705882353,0.7582236842105263,0.35,0,354,0.6949253082275391
396,0.3214268292251386,valid,0.8167701863354038,0.8809379837461301,0.884709354085906,0.8385772913816689,0.7838874680306905,0.9014705882352941,0.7220394736842105,0.30000000000000004,0,354,0.6909377574920654
397,0.3094840026215503,valid,0.7911490683229814,0.8620017414860681,0.8582600028448233,0.8151202749140893,0.7651612903225806,0.8720588235294118,0.7006578947368421,0.5,0,354,0.6921994686126709
398,0.3141892677859256,valid,0.796583850931677,0.8723853521671826,0.8775204404647734,0.824396782841823,0.7573891625615764,0.9044117647058824,0.6759868421052632,0.225,0,354,0.6914658546447754
399,0.3160177845703928,valid,0.8012422360248447,0.8748863196594427,0.8813476283179268,0.8229598893499308,0.7767624020887729,0.875,0.71875,0.30000000000000004,0,354,0.6916348934173584
400,0.3231515790286817,valid,0.7631987577639752,0.8589880030959753,0.8714753103086761,0.7984137475214805,0.7250900360144058,0.888235294117647,0.6233552631578947,0.17500000000000002,0,354,0.6962795257568359
401,0.3167329038444318,valid,0.8059006211180124,0.8762311339009288,0.883357464095575,0.8256624825662483,0.7851458885941645,0.8705882352941177,0.7335526315789473,0.4,0,354,0.6913251876831055
402,0.32813969097639384,valid,0.7880434782608695,0.8666408668730651,0.8695978494422565,0.8200395517468688,0.7431302270011948,0.9147058823529411,0.6463815789473685,0.30000000000000004,0,354,0.693488597869873
403,0.31987691239306804,valid,0.75,0.8426325464396285,0.855176710637277,0.7870370370370371,0.7151442307692307,0.875,0.6101973684210527,0.1,0,354,0.6925966739654541
404,0.315436347534782,valid,0.7911490683229814,0.8804010255417957,0.8868898867215907,0.8249837345478205,0.7397899649941657,0.9323529411764706,0.6332236842105263,0.17500000000000002,0,354,0.6935405731201172
405,0.30844400274126155,valid,0.7950310559006211,0.8718750000000002,0.8791733569952419,0.8249336870026526,0.751207729468599,0.9147058823529411,0.6611842105263158,0.25,0,354,0.6926701068878174
406,0.32136666931604085,valid,0.8074534161490683,0.8785676277089783,0.8825395734344986,0.8296703296703297,0.7783505154639175,0.888235294117647,0.7171052631578947,0.275,0,354,0.6933135986328125
407,0.3036033730757864,valid,0.7670807453416149,0.8547431308049538,0.8694702087764092,0.7925311203319502,0.7480417754569191,0.8426470588235294,0.6825657894736842,0.30000000000000004,0,354,0.6922106742858887
408,0.3164252991739072,valid,0.7895962732919255,0.8797624806501547,0.8863580801627844,0.8232224396607958,0.7397420867526378,0.9279411764705883,0.6348684210526315,0.2,0,354,0.6934812068939209
409,0.3110890247319874,valid,0.7958074534161491,0.8677946013931888,0.869273272178166,0.8182446440912232,0.771838331160365,0.8705882352941177,0.712171052631579,0.45000000000000007,0,354,0.6940107345581055
410,0.2975505613966992,valid,0.7942546583850931,0.8720418924148607,0.8811732133231638,0.8181194234728895,0.767052767052767,0.8764705882352941,0.7023026315789473,0.225,0,354,0.6915202140808105
411,0.3079078087681218,valid,0.7756211180124224,0.8594620743034055,0.8704879016155714,0.7977606717984604,0.7610146862483311,0.8382352941176471,0.7055921052631579,0.35,0,354,0.6928198337554932
412,0.3081621527671814,valid,0.8097826086956522,0.8835913312693497,0.888733625441896,0.8334466349422162,0.7749683944374209,0.9014705882352941,0.7072368421052632,0.225,0,354,0.6928181648254395
413,0.3101777622574254,valid,0.8004658385093167,0.8794093459752322,0.885132393195006,0.8264686022957461,0.7640449438202247,0.9,0.6891447368421053,0.17500000000000002,0,354,0.6929330825805664
414,0.3075675446736185,valid,0.8105590062111802,0.8795738196594427,0.8805543755151977,0.8331053351573188,0.7787723785166241,0.8955882352941177,0.7154605263157895,0.275,0,354,0.6960680484771729
415,0.3095024526119232,valid,0.7919254658385093,0.8690184791021671,0.8699429876087884,0.820615796519411,0.7530712530712531,0.9014705882352941,0.6694078947368421,0.225,0,354,0.6913425922393799
416,0.30132042577392176,valid,0.7888198757763976,0.8763786764705882,0.8821790716490922,0.8203434610303831,0.7446043165467626,0.913235294117647,0.649671052631579,0.2,0,354,0.7061257362365723
417,0.30082449003269796,valid,0.797360248447205,0.8734157314241485,0.8817671521951459,0.8206185567010309,0.7703225806451612,0.8779411764705882,0.7072368421052632,0.275,0,354,0.6996660232543945
418,0.3007711862262927,valid,0.7756211180124224,0.8680243808049536,0.8751943370921196,0.8099934253780408,0.7324613555291319,0.9058823529411765,0.6299342105263158,0.15000000000000002,0,354,0.6920852661132812
419,0.31451098385610077,valid,0.8159937888198758,0.8863051470588235,0.8921683784649728,0.8371134020618557,0.7858064516129032,0.8955882352941177,0.7269736842105263,0.325,0,354,0.7107117176055908
420,0.30408242031147603,valid,0.7616459627329193,0.8596845975232198,0.8710455668480237,0.8040842373962986,0.7102593010146562,0.9264705882352942,0.5773026315789473,0.17500000000000002,0,354,0.6989054679870605
421,0.30604228220487895,valid,0.7911490683229814,0.8723466524767801,0.8739236050994998,0.8231426692965155,0.7443519619500595,0.9205882352941176,0.6463815789473685,0.25,0,354,0.6919755935668945
422,0.31487648267495005,valid,0.8175465838509317,0.8831438660990713,0.8872171330235863,0.8343904157857647,0.8010825439783491,0.8705882352941177,0.7582236842105263,0.4,0,354,0.6921403408050537
423,0.30228260394773987,valid,0.7593167701863354,0.8571449303405572,0.8715961064878684,0.7971204188481675,0.7181603773584906,0.8955882352941177,0.6069078947368421,0.15000000000000002,0,354,0.6933438777923584
424,0.3051552082362928,valid,0.8074534161490683,0.8804348877708978,0.885076377425771,0.8326585695006747,0.7693266832917706,0.9073529411764706,0.6957236842105263,0.225,0,354,0.6935913562774658
425,0.30761815685974925,valid,0.781832298136646,0.8613873839009287,0.8709234165867283,0.803083391730904,0.7670682730923695,0.8426470588235294,0.7138157894736842,0.25,0,354,0.6929531097412109
426,0.29424866877104106,valid,0.7430124223602484,0.8408209171826626,0.8443712490461623,0.7932542161149282,0.6894679695982627,0.9338235294117647,0.5296052631578947,0.275,0,354,0.6934871673583984
427,0.3058292489302786,valid,0.7670807453416149,0.8668053405572755,0.8780535731014417,0.8081841432225064,0.7149321266968326,0.9294117647058824,0.5855263157894737,0.17500000000000002,0,354,0.6927855014801025
428,0.3076889499237663,valid,0.7919254658385093,0.8766858552631579,0.8838956568466189,0.8220451527224436,0.7493946731234867,0.9102941176470588,0.6595394736842105,0.2,0,354,0.6982216835021973
429,0.29819084154932124,valid,0.7903726708074534,0.8757111068111455,0.8846394059411513,0.8207171314741036,0.7481840193704601,0.9088235294117647,0.6578947368421053,0.17500000000000002,0,354,0.6925761699676514
430,0.29480437228554174,valid,0.7686335403726708,0.8628869969040247,0.8746843066227515,0.8052287581699347,0.7247058823529412,0.9058823529411765,0.6151315789473685,0.225,0,354,0.6931111812591553
431,0.29660833901480627,valid,0.7593167701863354,0.8497557082043343,0.8601703881119189,0.7938829787234043,0.7245145631067961,0.8779411764705882,0.6266447368421053,0.1,0,354,0.6942574977874756
432,0.3063544427093707,valid,0.7919254658385093,0.8715799148606812,0.8793183011518126,0.8203753351206434,0.7536945812807881,0.9,0.6710526315789473,0.30000000000000004,0,354,0.6959059238433838
433,0.2936162344719234,valid,0.7919254658385093,0.8689991292569659,0.8751392311129561,0.824607329842932,0.7429245283018868,0.9264705882352942,0.6414473684210527,0.17500000000000002,0,354,0.695427656173706
434,0.3129175572018874,valid,0.8059006211180124,0.8811508320433437,0.8866711077723314,0.8282967032967034,0.7770618556701031,0.8867647058823529,0.7154605263157895,0.225,0,354,0.6924605369567871
435,0.29273557192400884,valid,0.7996894409937888,0.8660265092879256,0.868164151250701,0.8177966101694916,0.7866847826086957,0.8514705882352941,0.7417763157894737,0.4,0,354,0.6929302215576172
436,0.28528400157627304,valid,0.78027950310559,0.8643987035603715,0.8704588059738401,0.8070892978868439,0.7522236340533672,0.8705882352941177,0.6792763157894737,0.375,0,354,0.6932969093322754
437,0.2922147810459137,valid,0.7981366459627329,0.8761126160990712,0.8835242067231419,0.8240866035182679,0.7631578947368421,0.8955882352941177,0.6891447368421053,0.25,0,354,0.693629264831543
438,0.2931019718709745,valid,0.7911490683229814,0.8684404024767802,0.8777872947525119,0.8093550673281361,0.7811217510259918,0.8397058823529412,0.7368421052631579,0.4,0,354,0.7097606658935547
439,0.3054311785258745,valid,0.7771739130434783,0.8642898606811145,0.8771429527277478,0.8069939475453934,0.7434944237918215,0.8823529411764706,0.6595394736842105,0.17500000000000002,0,354,0.6929070949554443
440,0.29867133576619,valid,0.7950310559006211,0.8728666795665635,0.8778591627792223,0.8206521739130435,0.7626262626262627,0.888235294117647,0.6907894736842105,0.35,0,354,0.6932952404022217
441,0.2869112750417308,valid,0.7911490683229814,0.8727360681114551,0.8826251634197331,0.8205470313542361,0.7509157509157509,0.9044117647058824,0.6644736842105263,0.225,0,354,0.6921827793121338
442,0.2916239813754433,valid,0.797360248447205,0.8741050696594428,0.8749430420716181,0.8263473053892215,0.7545565006075334,0.913235294117647,0.6677631578947368,0.25,0,354,0.7142760753631592
443,0.2857686194934343,valid,0.7872670807453416,0.8622968266253871,0.8698734047261919,0.8075842696629213,0.7728494623655914,0.8455882352941176,0.7220394736842105,0.275,0,354,0.6908795833587646
444,0.29018479036657435,valid,0.7670807453416149,0.8413191756965944,0.8444977070951633,0.7925311203319502,0.7480417754569191,0.8426470588235294,0.6825657894736842,0.375,0,354,0.6937620639801025
445,0.2983028104430751,valid,0.765527950310559,0.8563854489164087,0.8643353029548352,0.8061617458279846,0.715261958997722,0.9235294117647059,0.5888157894736842,0.2,0,354,0.693124532699585
446,0.3004326726260938,valid,0.7996894409937888,0.8729900348297215,0.8765397865718723,0.8215767634854771,0.7754569190600522,0.8735294117647059,0.7171052631578947,0.375,0,354,0.6930196285247803
447,0.3011627965851834,valid,0.812111801242236,0.8763617453560372,0.8795240479700533,0.8353741496598639,0.7772151898734178,0.9029411764705882,0.7105263157894737,0.4,0,354,0.6956174373626709
448,0.3002925742613642,valid,0.78027950310559,0.8613631965944272,0.8712582641309163,0.8049620951068229,0.7574578469520103,0.8588235294117647,0.6924342105263158,0.325,0,354,0.6931788921356201
449,0.28645872912908854,valid,0.7701863354037267,0.8572465170278639,0.8654517477868994,0.8050065876152833,0.7291169451073986,0.8985294117647059,0.6266447368421053,0.125,0,354,0.6935319900512695
450,0.3004841475110305,valid,0.797360248447205,0.8742187499999999,0.882457438178611,0.822569680489463,0.7648546144121365,0.8897058823529411,0.694078947368421,0.17500000000000002,0,354,0.693488359451294
451,0.2968626602699882,valid,0.797360248447205,0.8741171633126935,0.8801293329177932,0.8247145735392881,0.7589616810877626,0.9029411764705882,0.6792763157894737,0.225,0,354,0.692028284072876
452,0.30675602351364334,valid,0.7942546583850931,0.8681211300309597,0.8741493280683044,0.814555633310007,0.7770360480640854,0.8558823529411764,0.725328947368421,0.35,0,354,0.6925983428955078
453,0.2816262417717984,valid,0.7996894409937888,0.8718435565015479,0.8741568626552216,0.823045267489712,0.7712082262210797,0.8823529411764706,0.7072368421052632,0.325,0,354,0.6932976245880127
454,0.29578005640130295,valid,0.8004658385093167,0.8738390092879258,0.8825012133246704,0.8238519533927348,0.7715019255455713,0.8838235294117647,0.7072368421052632,0.275,0,354,0.6938028335571289
455,0.28728009368243973,valid,0.7740683229813664,0.8675237035603715,0.8762603371868035,0.8109161793372319,0.7264260768335273,0.9176470588235294,0.6134868421052632,0.17500000000000002,0,354,0.6922900676727295
456,0.2861951103335933,valid,0.8066770186335404,0.8771526702786379,0.8856146355054034,0.8245243128964059,0.7916102841677943,0.8602941176470589,0.7467105263157895,0.35,0,354,0.694556474685669
457,0.28508106972041886,valid,0.7919254658385093,0.8751160990712075,0.881625075338369,0.8227513227513228,0.7475961538461539,0.9147058823529411,0.6546052631578947,0.125,0,354,0.6915009021759033
458,0.29351829070793956,valid,0.7895962732919255,0.8628845781733746,0.8741898802904873,0.8048956083513319,0.7884344146685472,0.8220588235294117,0.7532894736842105,0.275,0,354,0.6929528713226318
459,0.2801018741570021,valid,0.7981366459627329,0.872143479102167,0.8813430167361826,0.8201936376210235,0.7741514360313316,0.8720588235294118,0.7154605263157895,0.225,0,354,0.6924803256988525
460,0.2812731077796535,valid,0.7903726708074534,0.8732440015479875,0.8812464132053339,0.81951871657754,0.7512254901960784,0.9014705882352941,0.6661184210526315,0.30000000000000004,0,354,0.6928267478942871
461,0.276073063674726,valid,0.7686335403726708,0.860282023993808,0.8726050463472432,0.8029100529100529,0.7295673076923077,0.8926470588235295,0.6299342105263158,0.17500000000000002,0,354,0.6956336498260498
462,0.2808642395232853,valid,0.782608695652174,0.8602384868421052,0.8709457088553966,0.8100407055630936,0.7518891687657431,0.8779411764705882,0.6759868421052632,0.225,0,354,0.6941671371459961
463,0.2910198020307641,valid,0.7989130434782609,0.8774598490712074,0.8830673541094982,0.8244067796610169,0.7647798742138365,0.8941176470588236,0.6924342105263158,0.225,0,354,0.6923441886901855
464,0.282549154601599,valid,0.796583850931677,0.870174632352941,0.8731509319801973,0.8215258855585831,0.7652284263959391,0.8867647058823529,0.6957236842105263,0.30000000000000004,0,354,0.6926686763763428
465,0.27467352073443563,valid,0.8027950310559007,0.873328657120743,0.8817800124462023,0.826265389876881,0.7723785166240409,0.888235294117647,0.7072368421052632,0.275,0,354,0.6929247379302979
466,0.28639532076685054,valid,0.7717391304347826,0.8627950851393189,0.8730736850899086,0.8068331143232589,0.7292161520190024,0.9029411764705882,0.625,0.17500000000000002,0,354,0.6934049129486084
467,0.2825385496804589,valid,0.7639751552795031,0.8532314241486068,0.863666586899136,0.7986754966887417,0.7265060240963855,0.8867647058823529,0.6266447368421053,0.375,0,354,0.6918847560882568
468,0.28451156773065267,valid,0.7864906832298136,0.8610971362229103,0.863767572636083,0.8120300751879699,0.7586206896551724,0.8735294117647059,0.6891447368421053,0.375,0,354,0.6924805641174316
469,0.2822823273508172,valid,0.8043478260869565,0.873546342879257,0.8734808833135795,0.8271604938271605,0.7750642673521851,0.8867647058823529,0.712171052631579,0.275,0,354,0.6893210411071777
470,0.28105544651809494,valid,0.797360248447205,0.8749516253869969,0.8793523031267255,0.8232904536222072,0.7628607277289837,0.8941176470588236,0.6891447368421053,0.225,0,354,0.6932711601257324
471,0.2824570952277434,valid,0.7895962732919255,0.8649671052631579,0.8663027354040171,0.8111498257839721,0.7708609271523179,0.8558823529411764,0.7154605263157895,0.4,0,354,0.6917276382446289
472,0.2766212522983551,valid,0.7888198757763976,0.8685419891640868,0.8780042299165398,0.8169582772543742,0.7531017369727047,0.8926470588235295,0.6726973684210527,0.2,0,354,0.692206859588623
473,0.28636726815449565,valid,0.796583850931677,0.8672479682662538,0.8688227843023174,0.819060773480663,0.7721354166666666,0.8720588235294118,0.712171052631579,0.30000000000000004,0,354,0.6924078464508057
474,0.2889069601109153,valid,0.7895962732919255,0.870610003869969,0.8769135336339008,0.8232224396607958,0.7397420867526378,0.9279411764705883,0.6348684210526315,0.15000000000000002,0,354,0.6938760280609131
475,0.27995145320892334,valid,0.7895962732919255,0.8635400541795667,0.8684868408026971,0.8103568929321203,0.7730307076101469,0.8514705882352941,0.7203947368421053,0.275,0,354,0.691293478012085
476,0.272487610578537,valid,0.8035714285714286,0.8821473490712075,0.8883438739661933,0.8287068381855112,0.767879548306148,0.9,0.6957236842105263,0.30000000000000004,0,354,0.6926651000976562
477,0.2646867679922204,valid,0.7958074534161491,0.8737857972136224,0.8761993136562966,0.824315297261189,0.7552019583843329,0.9073529411764706,0.6710526315789473,0.25,0,354,0.6919195652008057
478,0.27638467048343857,valid,0.7857142857142857,0.8696957236842106,0.8761426706899944,0.810958904109589,0.7589743589743589,0.8705882352941177,0.6907894736842105,0.275,0,354,0.6936302185058594
479,0.26954718012558787,valid,0.7593167701863354,0.846937886996904,0.8597500379374492,0.792225201072386,0.7278325123152709,0.8691176470588236,0.6365131578947368,0.17500000000000002,0,354,0.6937789916992188
480,0.2749279180639668,valid,0.7709627329192547,0.864766350619195,0.8772483990097663,0.8057932850559578,0.7294398092967819,0.9,0.6266447368421053,0.125,0,354,0.6934890747070312
481,0.26498271289624664,valid,0.7981366459627329,0.8749371130030958,0.8851629140987767,0.821673525377229,0.7699228791773779,0.8808823529411764,0.7055921052631579,0.25,0,354,0.6941013336181641
482,0.2826071475681506,valid,0.7857142857142857,0.8602578366873066,0.8584180489097373,0.810958904109589,0.7589743589743589,0.8705882352941177,0.6907894736842105,0.25,0,354,0.6932878494262695
483,0.28535944458685425,valid,0.7538819875776398,0.8465146091331268,0.8580904588520841,0.7937540663630449,0.7117852975495916,0.8970588235294118,0.59375,0.125,0,354,0.6949117183685303
484,0.28208448541791814,valid,0.812888198757764,0.8816853715170279,0.8839143255954085,0.8327550312283136,0.7884362680683311,0.8823529411764706,0.7351973684210527,0.30000000000000004,0,354,0.6900548934936523
485,0.2793005124518746,valid,0.7732919254658385,0.8629837461300309,0.874439515973684,0.8106355382619974,0.7250580046403712,0.9191176470588235,0.6101973684210527,0.225,0,354,0.6931717395782471
486,0.27561457298303904,valid,0.7872670807453416,0.8699690402476781,0.875210307451358,0.8168449197860963,0.7487745098039216,0.8985294117647059,0.662828947368421,0.17500000000000002,0,354,0.6929886341094971
487,0.2855110317468643,valid,0.8051242236024845,0.875422068498452,0.8762373273128803,0.8258154059680777,0.7818659658344284,0.875,0.7269736842105263,0.42500000000000004,0,354,0.6928145885467529
488,0.27729525299448715,valid,0.7880434782608695,0.8785942337461298,0.8843891307741338,0.8207485226526592,0.741399762752076,0.9191176470588235,0.6414473684210527,0.17500000000000002,0,354,0.6971209049224854
489,0.2807559637646926,valid,0.797360248447205,0.869439338235294,0.8737605317790931,0.8176100628930818,0.7789613848202397,0.8602941176470589,0.7269736842105263,0.35,0,354,0.6924624443054199
490,0.2715275350369905,valid,0.7903726708074534,0.8714420472136224,0.8775432753294381,0.8214285714285714,0.7463942307692307,0.913235294117647,0.6529605263157895,0.15000000000000002,0,354,0.692805290222168
491,0.2888757241399665,valid,0.8066770186335404,0.8820239938080495,0.8901362366176766,0.8295687885010267,0.7759282970550576,0.8911764705882353,0.712171052631579,0.225,0,354,0.6930749416351318
492,0.26553880462521,valid,0.8059006211180124,0.878265286377709,0.88818204903698,0.8294679399727148,0.7735368956743003,0.8941176470588236,0.7072368421052632,0.275,0,354,0.6905105113983154
493,0.2704209371616966,valid,0.7787267080745341,0.8720902670278639,0.8792388253446343,0.8131147540983606,0.7337278106508875,0.9117647058823529,0.6299342105263158,0.1,0,354,0.6955785751342773
494,0.2701638505647057,valid,0.7942546583850931,0.8685758513931888,0.8724251572859311,0.8166089965397924,0.7712418300653595,0.8676470588235294,0.712171052631579,0.225,0,354,0.6918237209320068
495,0.2685125211351796,valid,0.7833850931677019,0.8669432082043345,0.8760774280568822,0.8141239173884077,0.7442143727161997,0.8985294117647059,0.6546052631578947,0.225,0,354,0.6917397975921631
496,0.2585021382883975,valid,0.8012422360248447,0.8734786184210527,0.8826882397123367,0.8155619596541787,0.7994350282485876,0.8323529411764706,0.7664473684210527,0.25,0,354,0.6921999454498291
497,0.25624317715042516,valid,0.7701863354037267,0.8542787345201239,0.8644752427073183,0.8026666666666666,0.7341463414634146,0.8852941176470588,0.6414473684210527,0.17500000000000002,0,354,0.6933660507202148
498,0.26120966045480026,valid,0.7981366459627329,0.8735245743034055,0.8800567118711395,0.8150782361308677,0.7892561983471075,0.8426470588235294,0.7483552631578947,0.275,0,354,0.6908414363861084
499,0.27030722247926814,valid,0.7950310559006211,0.8794432082043343,0.8859215350089185,0.8232931726907631,0.7555282555282555,0.9044117647058824,0.6726973684210527,0.17500000000000002,0,354,0.6934928894042969
500,0.26859113887736674,valid,0.7740683229813664,0.8573747097523219,0.8700406044934894,0.8024439918533605,0.7452711223203027,0.8691176470588236,0.6677631578947368,0.17500000000000002,0,354,0.6921443939208984
501,0.27567385999779953,valid,0.797360248447205,0.8724917763157893,0.8800547846156196,0.8223281143635126,0.7655259822560203,0.888235294117647,0.6957236842105263,0.25,0,354,0.8961763381958008
502,0.2821190302309237,valid,0.7748447204968945,0.8685202205882353,0.8823229851420507,0.8074369189907038,0.7360774818401937,0.8941176470588236,0.6414473684210527,0.225,0,354,0.7221310138702393
503,0.2598196777858232,valid,0.7608695652173914,0.8501354489164086,0.8631137572378227,0.795484727755644,0.725181598062954,0.8808823529411764,0.6266447368421053,0.17500000000000002,0,354,0.6996827125549316
504,0.2734442392462178,valid,0.797360248447205,0.8693788699690402,0.8720706421909759,0.8168421052631579,0.7812080536912752,0.8558823529411764,0.7319078947368421,0.275,0,354,0.6960070133209229
505,0.26548298016974803,valid,0.781832298136646,0.8668948335913313,0.8727008137183314,0.8110289172831204,0.7472118959107806,0.8867647058823529,0.6644736842105263,0.225,0,354,0.695422887802124
506,0.27025156977929565,valid,0.8059006211180124,0.8761005224458205,0.8855438322989319,0.8268698060941828,0.7814136125654451,0.8779411764705882,0.725328947368421,0.375,0,354,0.6979827880859375
507,0.26269100135878515,valid,0.7981366459627329,0.8784200851393187,0.8857169001372991,0.8199445983379502,0.774869109947644,0.8705882352941177,0.7171052631578947,0.17500000000000002,0,354,0.6953258514404297
508,0.26714044574059936,valid,0.7927018633540373,0.8706656346749226,0.8744373023484342,0.8123682361208714,0.7779273216689099,0.85,0.7286184210526315,0.2,0,354,0.7089743614196777
509,0.2539247823388953,valid,0.7934782608695652,0.875343459752322,0.8842795128350556,0.8226666666666667,0.7524390243902439,0.9073529411764706,0.6661184210526315,0.325,0,354,0.7087924480438232
510,0.2623532367380042,valid,0.7942546583850931,0.8803792569659442,0.8886417452318341,0.8200950441276307,0.7616645649432535,0.888235294117647,0.6891447368421053,0.25,0,354,0.6931815147399902
511,0.2568210582984121,valid,0.8152173913043478,0.8885110294117646,0.8979806266438263,0.8358620689655173,0.787012987012987,0.8911764705882353,0.7302631578947368,0.25,0,354,0.6973204612731934
512,0.2639673665950173,valid,0.78027950310559,0.8675357972136224,0.8767692847194959,0.8136932192231732,0.7365911799761621,0.9088235294117647,0.6365131578947368,0.2,0,354,0.69480299949646
513,0.2748008370399475,valid,0.7779503105590062,0.8674753289473686,0.8752845848113758,0.8118421052631579,0.7345238095238096,0.9073529411764706,0.6332236842105263,0.125,0,354,0.6943142414093018
514,0.2615148534900264,valid,0.7779503105590062,0.8634118614551083,0.8722659032602735,0.8083109919571045,0.7426108374384236,0.8867647058823529,0.65625,0.225,0,354,0.695019006729126
515,0.2610375983150382,valid,0.7911490683229814,0.8758320433436533,0.8816509126257466,0.8224422442244225,0.7461077844311377,0.9161764705882353,0.6513157894736842,0.15000000000000002,0,354,0.69508957862854
516,0.2659197747707367,valid,0.7903726708074534,0.8707865712074303,0.8820137648275875,0.8143053645116919,0.7648578811369509,0.8705882352941177,0.7006578947368421,0.225,0,354,0.694817304611206
517,0.24935537027685264,valid,0.781832298136646,0.8616510255417956,0.8709650037048449,0.8132890365448505,0.7418181818181818,0.9,0.649671052631579,0.2,0,354,0.7090926170349121
518,0.26831161034734624,valid,0.812888198757764,0.8773897058823529,0.8764820308647063,0.831114225648213,0.7938420348058902,0.8720588235294118,0.7467105263157895,0.25,0,354,0.7111225128173828
519,0.2691798947359386,valid,0.7950310559006211,0.8724530766253871,0.8776395505312462,0.8161559888579387,0.7751322751322751,0.861764705882353,0.7203947368421053,0.2,0,354,0.7000632286071777
520,0.25937042346126155,valid,0.7958074534161491,0.8735269930340558,0.8809902474230513,0.8224172856178258,0.7602996254681648,0.8955882352941177,0.6842105263157895,0.25,0,354,0.6969454288482666
521,0.26495278979602616,valid,0.7779503105590062,0.8633247871517027,0.8730113717031732,0.8035714285714286,0.7538659793814433,0.8602941176470589,0.6858552631578947,0.17500000000000002,0,354,0.6912815570831299
522,0.2699693017884305,valid,0.7989130434782609,0.8757280379256966,0.8841579087645427,0.8200138985406532,0.7773386034255599,0.8676470588235294,0.7220394736842105,0.35,0,354,0.6928720474243164
523,0.2565913694469552,valid,0.8035714285714286,0.8756990131578948,0.8815764354533913,0.8291694800810263,0.766541822721598,0.9029411764705882,0.6924342105263158,0.2,0,354,0.6919326782226562
524,0.2548950392948954,valid,0.7864906832298136,0.8607488390092879,0.8703039517411807,0.8048261178140526,0.7777777777777778,0.8338235294117647,0.7335526315789473,0.35,0,354,0.6935148239135742
525,0.2574663593580848,valid,0.7771739130434783,0.8681840170278637,0.876519098271868,0.8069939475453934,0.7434944237918215,0.8823529411764706,0.6595394736842105,0.2,0,354,0.6959664821624756
526,0.26997678138707815,valid,0.8043478260869565,0.8754571400928793,0.8828091629604031,0.8247566063977747,0.7823218997361477,0.8720588235294118,0.7286184210526315,0.275,0,354,0.698173999786377
527,0.25820527970790863,valid,0.8004658385093167,0.8820119001547987,0.8861126579425129,0.8280936454849498,0.7595092024539877,0.9102941176470588,0.6776315789473685,0.125,0,354,0.7105226516723633
528,0.2594143481631028,valid,0.796583850931677,0.8760908475232199,0.8840180695260087,0.8178025034770514,0.7757255936675461,0.8647058823529412,0.7203947368421053,0.35,0,354,0.7056961059570312
529,0.2522937106458764,valid,0.8027950310559007,0.8823722910216718,0.8878149764942433,0.8286099865047234,0.7655860349127181,0.9029411764705882,0.6907894736842105,0.17500000000000002,0,354,0.7061846256256104
530,0.25407580325478,valid,0.7725155279503105,0.8644301470588236,0.8755816669892071,0.8076165462902167,0.7295373665480427,0.9044117647058824,0.625,0.25,0,354,0.6963825225830078
531,0.27044163722740977,valid,0.7756211180124224,0.8566515092879257,0.8692520238104693,0.793718772305496,0.7711511789181692,0.8176470588235294,0.7286184210526315,0.375,0,354,0.6966557502746582
532,0.26385688389602463,valid,0.7989130434782609,0.8685057082043345,0.8790202184560141,0.8082901554404145,0.8137108792846498,0.8029411764705883,0.7944078947368421,0.35,0,354,0.6954717636108398
533,0.2633016846681896,valid,0.7942546583850931,0.8785942337461299,0.8894631040989227,0.818368745716244,0.766367137355584,0.8779411764705882,0.7006578947368421,0.225,0,354,0.6949613094329834
534,0.25290438375974955,valid,0.8082298136645962,0.8802583204334365,0.8870415833373003,0.8226848528356066,0.8036465638148668,0.8426470588235294,0.7697368421052632,0.25,0,354,0.6977605819702148
535,0.255956359599766,valid,0.796583850931677,0.8798181114551082,0.8892305564323055,0.8227334235453315,0.7619047619047619,0.8941176470588236,0.6875,0.17500000000000002,0,354,0.6934945583343506
536,0.2529459744691849,valid,0.7996894409937888,0.875827205882353,0.8834924287921236,0.8220689655172414,0.7740259740259741,0.8764705882352941,0.7138157894736842,0.225,0,354,0.6942868232727051
537,0.25491551584319067,valid,0.7864906832298136,0.8678405572755419,0.8720505943559793,0.8112560054907344,0.7606177606177607,0.8691176470588236,0.694078947368421,0.17500000000000002,0,354,0.6911337375640869
538,0.2513037080827512,valid,0.7732919254658385,0.862703173374613,0.8738523104273215,0.8071334214002642,0.7326139088729017,0.8985294117647059,0.6332236842105263,0.125,0,354,0.6925303936004639
539,0.24906492390130697,valid,0.7950310559006211,0.8749879063467493,0.8831983039686295,0.8194254445964432,0.7659846547314578,0.8808823529411764,0.6990131578947368,0.225,0,354,0.6960794925689697
540,0.24750441861780068,valid,0.7593167701863354,0.8509094427244581,0.8647156699695331,0.7916666666666666,0.7289603960396039,0.8661764705882353,0.6398026315789473,0.225,0,354,0.6923980712890625
541,0.25360526536640365,valid,0.8113354037267081,0.8796995936532508,0.8872382556960015,0.8292340126493324,0.7940780619111709,0.8676470588235294,0.7483552631578947,0.17500000000000002,0,354,0.6912095546722412
542,0.25179075332064377,valid,0.797360248447205,0.8768503289473685,0.8831975236545679,0.8213552361396304,0.7682458386683739,0.8823529411764706,0.7023026315789473,0.2,0,354,0.6906733512878418
543,0.24680794853913157,valid,0.7942546583850931,0.8704648800309598,0.8788252082129809,0.8166089965397924,0.7712418300653595,0.8676470588235294,0.712171052631579,0.2,0,354,0.6915724277496338
544,0.24285115615317696,valid,0.7740683229813664,0.8508683243034056,0.8519147845236681,0.8032454361054767,0.7434292866082604,0.8735294117647059,0.662828947368421,0.2,0,354,0.6921348571777344
545,0.25990825342504603,valid,0.7694099378881988,0.855282507739938,0.8623198293215287,0.8067664281067014,0.7234539089848308,0.9117647058823529,0.6101973684210527,0.17500000000000002,0,354,0.6924526691436768
546,0.24067501880620656,valid,0.796583850931677,0.8748524574303406,0.8823664215100991,0.819060773480663,0.7721354166666666,0.8720588235294118,0.712171052631579,0.225,0,354,0.6955809593200684
547,0.24304543592427907,valid,0.7981366459627329,0.8769156346749225,0.8803835481752526,0.8231292517006803,0.7658227848101266,0.8897058823529411,0.6957236842105263,0.275,0,354,0.6939084529876709
548,0.25026027544548635,valid,0.781832298136646,0.8676905959752321,0.8779491251822504,0.8089734874235214,0.7522123893805309,0.875,0.6776315789473685,0.225,0,354,0.690544605255127
549,0.25235500461176824,valid,0.7903726708074534,0.8686943691950464,0.870994357063319,0.8173207036535859,0.7568922305764411,0.888235294117647,0.680921052631579,0.17500000000000002,0,354,0.6905331611633301
550,0.24447436944434517,valid,0.7903726708074534,0.8674970975232198,0.8765362972668673,0.809322033898305,0.7785326086956522,0.8426470588235294,0.7319078947368421,0.30000000000000004,0,354,0.6937315464019775
551,0.2433076759702281,valid,0.796583850931677,0.8771478328173375,0.8810319218180165,0.8185595567867036,0.7735602094240838,0.8691176470588236,0.7154605263157895,0.2,0,354,0.6893584728240967
552,0.2434422216917339,valid,0.7864906832298136,0.8680340557275543,0.8749682497061368,0.8143146522619852,0.7528089887640449,0.8867647058823529,0.6743421052631579,0.2,0,354,0.6904089450836182
553,0.24477946522988772,valid,0.7996894409937888,0.8728424922600619,0.8805063334732016,0.8208333333333333,0.7776315789473685,0.8691176470588236,0.7220394736842105,0.25,0,354,0.6922266483306885
554,0.2451371542717281,valid,0.7989130434782609,0.8716548955108359,0.8825896289154743,0.821256038647343,0.7737321196358907,0.875,0.7138157894736842,0.30000000000000004,0,354,0.6908648014068604
555,0.24297165321676353,valid,0.7748447204968945,0.8677655766253869,0.8779063862831812,0.8107049608355091,0.7288732394366197,0.913235294117647,0.6200657894736842,0.125,0,354,0.6901450157165527
556,0.2440441391969982,valid,0.7756211180124224,0.8606230650154799,0.8660569113024787,0.8045977011494253,0.7446808510638298,0.875,0.6644736842105263,0.30000000000000004,0,354,0.6927719116210938
557,0.25504545867443085,valid,0.7880434782608695,0.8738196594427246,0.8826855033316587,0.816655473472129,0.7515451174289246,0.8941176470588236,0.6694078947368421,0.1,0,354,0.6936087608337402
558,0.2520690160362344,valid,0.7841614906832298,0.8699593653250774,0.8780339538972121,0.810368349249659,0.7557251908396947,0.8735294117647059,0.6842105263157895,0.275,0,354,0.6977620124816895
559,0.2429888217072738,valid,0.812888198757764,0.8720733359133127,0.8755622672789225,0.8291991495393338,0.8002735978112175,0.8602941176470589,0.7598684210526315,0.30000000000000004,0,354,0.6934106349945068
560,0.24104743882229454,valid,0.7958074534161491,0.8735487616099071,0.8812046372959427,0.8240802675585285,0.7558282208588957,0.9058823529411765,0.6726973684210527,0.2,0,354,0.6930716037750244
561,0.2516686249720423,valid,0.7872670807453416,0.8661353521671827,0.8771513566594643,0.8089260808926081,0.7692307692307693,0.8529411764705882,0.7138157894736842,0.275,0,354,0.6930203437805176
562,0.2607462719867104,valid,0.7950310559006211,0.8788336880804952,0.8879162187405814,0.8201634877384196,0.7639593908629442,0.8852941176470588,0.694078947368421,0.225,0,354,0.6948120594024658
563,0.25419326205002635,valid,0.7717391304347826,0.8622726393188855,0.8724294003615352,0.8010825439783491,0.7418546365914787,0.8705882352941177,0.6611842105263158,0.125,0,354,0.6949119567871094
564,0.24299994581624082,valid,0.8012422360248447,0.8731835332817338,0.8834584429326264,0.8184397163120567,0.7904109589041096,0.8485294117647059,0.7483552631578947,0.275,0,354,0.6923489570617676
565,0.2384660730236455,valid,0.7787267080745341,0.8682299729102168,0.8739976375961328,0.8113831899404368,0.7376654632972323,0.9014705882352941,0.6414473684210527,0.15000000000000002,0,354,0.6892945766448975
566,0.24108466584431498,valid,0.8020186335403726,0.8787321013931888,0.8844463050893598,0.8208011243851019,0.7860026917900403,0.8588235294117647,0.7384868421052632,0.2,0,354,0.6888904571533203
567,0.26163080099381897,valid,0.7717391304347826,0.8553768382352942,0.8591609438828584,0.7994542974079127,0.7455470737913485,0.861764705882353,0.6710526315789473,0.25,0,354,0.6926774978637695
568,0.25426842664417465,valid,0.7833850931677019,0.8634868421052632,0.8737232853576941,0.806384455239417,0.7634691195795007,0.8544117647058823,0.7039473684210527,0.30000000000000004,0,354,0.6920421123504639
569,0.24919093753162183,valid,0.7771739130434783,0.8608214009287926,0.8741366424544323,0.7977448907681466,0.7658998646820027,0.8323529411764706,0.7154605263157895,0.15000000000000002,0,354,0.6920058727264404
570,0.23560045737969249,valid,0.7880434782608695,0.866360294117647,0.876305234473298,0.8133971291866029,0.7598978288633461,0.875,0.6907894736842105,0.225,0,354,0.6956651210784912
571,0.25031532974619614,valid,0.7895962732919255,0.8706680534055729,0.8769605472513655,0.8172623061362104,0.7546699875466999,0.8911764705882353,0.6759868421052632,0.30000000000000004,0,354,0.6942963600158691
572,0.2384681827143619,valid,0.7958074534161491,0.8654581075851394,0.8683301228110083,0.8151791988756149,0.7806191117092867,0.8529411764705882,0.7319078947368421,0.15000000000000002,0,354,0.6978011131286621
573,0.24157662689685822,valid,0.7895962732919255,0.8744944852941177,0.8834728989867031,0.813745704467354,0.7638709677419355,0.8705882352941177,0.6990131578947368,0.225,0,354,0.6916348934173584
574,0.25993900785320684,valid,0.8027950310559007,0.8738438467492261,0.878607033737836,0.8248275862068966,0.7766233766233767,0.8794117647058823,0.7171052631578947,0.4,0,354,0.6912391185760498
575,0.24564473487828908,valid,0.8027950310559007,0.8741437693498453,0.8829464185520925,0.8238557558945908,0.7795275590551181,0.8735294117647059,0.7236842105263158,0.275,0,354,0.6927511692047119
576,0.2508163703115363,valid,0.7631987577639752,0.8608601006191949,0.8719770571801796,0.801819363222872,0.7182770663562281,0.9073529411764706,0.6019736842105263,0.125,0,354,0.6943058967590332
577,0.239165513139022,valid,0.7857142857142857,0.8583494582043344,0.8685413663319553,0.8050847457627118,0.7744565217391305,0.8382352941176471,0.7269736842105263,0.25,0,354,0.6963381767272949
578,0.24103187259874845,valid,0.7981366459627329,0.8736914667182663,0.8835669584135203,0.8221614227086184,0.768542199488491,0.8838235294117647,0.7023026315789473,0.2,0,354,0.6947038173675537
579,0.22560623366581767,valid,0.7857142857142857,0.8659104102167183,0.8766286412677087,0.8085991678224688,0.7650918635170604,0.8573529411764705,0.7055921052631579,0.25,0,354,0.6946825981140137
580,0.22770794049689644,valid,0.782608695652174,0.8698069852941176,0.8793237964432594,0.8102981029810298,0.7512562814070352,0.8794117647058823,0.6743421052631579,0.125,0,354,0.6907217502593994
581,0.23107173097761055,valid,0.7732919254658385,0.860531153250774,0.8641064738921382,0.8093994778067886,0.7276995305164319,0.9117647058823529,0.618421052631579,0.225,0,354,0.6930220127105713
582,0.23078046268538424,valid,0.78027950310559,0.8665489551083592,0.876751765240258,0.8070892978868439,0.7522236340533672,0.8705882352941177,0.6792763157894737,0.225,0,354,0.6916294097900391
583,0.24155214428901672,valid,0.781832298136646,0.8605166408668732,0.8673331754121283,0.8060731538992408,0.7594278283485045,0.8588235294117647,0.6957236842105263,0.275,0,354,0.6906328201293945
584,0.23574231329717135,valid,0.7756211180124224,0.8608721942724458,0.8748506055003291,0.8053872053872054,0.7428571428571429,0.8794117647058823,0.6595394736842105,0.125,0,354,0.6896605491638184
585,0.24667483568191528,valid,0.7756211180124224,0.8634336300309599,0.8714239976571263,0.8066889632107024,0.7398773006134969,0.8867647058823529,0.6513157894736842,0.17500000000000002,0,354,0.6910526752471924
586,0.24865398046217466,valid,0.796583850931677,0.8709679760061919,0.8794885099763583,0.8154929577464789,0.7824324324324324,0.8514705882352941,0.7351973684210527,0.2,0,354,0.6930184364318848
587,0.23640383309439608,valid,0.7864906832298136,0.8761996904024767,0.8802511480176906,0.8175182481751825,0.7448609431680774,0.9058823529411765,0.6529605263157895,0.17500000000000002,0,354,0.6916043758392334
588,0.24289105832576752,valid,0.7950310559006211,0.8654460139318885,0.8745254666134792,0.819672131147541,0.7653061224489796,0.8823529411764706,0.6973684210526315,0.2,0,354,0.6942284107208252
589,0.23324211726063176,valid,0.8035714285714286,0.8805413119195046,0.8869087201668432,0.8282416836388323,0.7692307692307693,0.8970588235294118,0.6990131578947368,0.15000000000000002,0,354,0.6938896179199219
590,0.2299871248634238,valid,0.781055900621118,0.8591428018575852,0.8703034536750074,0.8025210084033614,0.766042780748663,0.8426470588235294,0.712171052631579,0.15000000000000002,0,354,0.692497968673706
591,0.23378594690247587,valid,0.7709627329192547,0.85593798374613,0.8684996392550275,0.7978067169294037,0.7471116816431322,0.8558823529411764,0.6759868421052632,0.2,0,354,0.6922357082366943
592,0.24172153990519674,valid,0.8004658385093167,0.8727409055727554,0.8795004710065031,0.8196491228070175,0.7838926174496644,0.8588235294117647,0.7351973684210527,0.375,0,354,0.6936013698577881
593,0.24157506541201942,valid,0.7958074534161491,0.8775735294117647,0.8839579729714799,0.8245496997998666,0.7545787545787546,0.9088235294117647,0.6694078947368421,0.1,0,354,0.6928985118865967
594,0.2443639902692092,valid,0.781832298136646,0.86218798374613,0.8702229750559545,0.8060731538992408,0.7594278283485045,0.8588235294117647,0.6957236842105263,0.2,0,354,0.6897966861724854
595,0.25759461522102356,valid,0.7663043478260869,0.8618034055727555,0.8729628323865858,0.8044184535412605,0.7206053550640279,0.9102941176470588,0.6052631578947368,0.15000000000000002,0,354,0.6901390552520752
596,0.23869174797283976,valid,0.7779503105590062,0.8631337074303405,0.8736165304534032,0.8059701492537313,0.7481108312342569,0.8735294117647059,0.6710526315789473,0.25,0,354,0.698868989944458
597,0.24539192413028918,valid,0.78027950310559,0.8689168924148607,0.8789529609272735,0.8134475939353988,0.7371565113500598,0.9073529411764706,0.6381578947368421,0.15000000000000002,0,354,0.7046585083007812
598,0.23353505056155355,valid,0.7849378881987578,0.8626596362229102,0.8738186912960677,0.812964213369345,0.7515605493133583,0.8852941176470588,0.6726973684210527,0.2,0,354,0.692692756652832
599,0.23078752269870356,valid,0.7756211180124224,0.8607609326625385,0.8663806120843154,0.8048615800135044,0.7440699126092385,0.8764705882352941,0.662828947368421,0.125,0,354,0.7112550735473633
600,0.23207346859731173,valid,0.7911490683229814,0.8681501547987617,0.8779013818924811,0.8143547273982057,0.7672301690507152,0.8676470588235294,0.7055921052631579,0.25,0,354,0.6927266120910645
601,0.22869559887208438,valid,0.7779503105590062,0.871156636996904,0.8850793417043664,0.8108465608465608,0.7367788461538461,0.9014705882352941,0.6398026315789473,0.125,0,354,0.6851141452789307
602,0.22549910608090853,valid,0.7763975155279503,0.8627007546439629,0.8743345834557159,0.8064516129032258,0.7425742574257426,0.8823529411764706,0.6578947368421053,0.17500000000000002,0,354,0.6937901973724365
603,0.22282157681490244,valid,0.782608695652174,0.8632909249226005,0.8747433272369829,0.7976878612716763,0.7840909090909091,0.8117647058823529,0.75,0.275,0,354,0.6926736831665039
604,0.2305462305483065,valid,0.7787267080745341,0.861641350619195,0.8680504951180827,0.8067796610169492,0.7484276729559748,0.875,0.6710526315789473,0.17500000000000002,0,354,0.6941969394683838
605,0.23461617686246572,valid,0.7934782608695652,0.8725728037925696,0.8806787317901279,0.80835734870317,0.7923728813559322,0.825,0.7582236842105263,0.225,0,354,0.6904323101043701
606,0.22938718058561025,valid,0.782608695652174,0.8650590170278637,0.8707215721323032,0.8157894736842105,0.7380952380952381,0.9117647058823529,0.6381578947368421,0.15000000000000002,0,354,0.6930923461914062
607,0.2305830058298613,valid,0.735248447204969,0.8384263738390094,0.8521947343234499,0.7790019442644199,0.6964078794901506,0.8838235294117647,0.569078947368421,0.1,0,354,0.6924104690551758
608,0.23543369299487063,valid,0.7880434782608695,0.8720249613003096,0.8793085499354991,0.8176352705410822,0.7490820073439413,0.9,0.662828947368421,0.15000000000000002,0,354,0.6929135322570801
609,0.23162677413538882,valid,0.7795031055900621,0.8634094427244583,0.8663523274228873,0.8099062918340026,0.7432432432432432,0.8897058823529411,0.65625,0.125,0,354,0.6928365230560303
610,0.22366192701615786,valid,0.796583850931677,0.8738027283281733,0.8815770184054121,0.819060773480663,0.7721354166666666,0.8720588235294118,0.712171052631579,0.225,0,354,0.6956689357757568
611,0.22110978866878309,valid,0.7919254658385093,0.8740446013931888,0.8819219521765417,0.8213333333333334,0.751219512195122,0.9058823529411765,0.6644736842105263,0.15000000000000002,0,354,0.6940338611602783
612,0.23183992348219218,valid,0.7880434782608695,0.8707817337461301,0.8789577806269944,0.8173913043478261,0.7496932515337423,0.8985294117647059,0.6644736842105263,0.15000000000000002,0,354,0.6900513172149658
613,0.22827883535309842,valid,0.782608695652174,0.8593870936532508,0.8661514518363088,0.8033707865168539,0.7688172043010753,0.8411764705882353,0.7171052631578947,0.225,0,354,0.7025985717773438
614,0.22894074728614405,valid,0.7958074534161491,0.8707091718266254,0.8773082069156231,0.8162124388539483,0.7776298268974701,0.8588235294117647,0.725328947368421,0.275,0,354,0.695908784866333
615,0.22616698553687647,valid,0.7864906832298136,0.8692361648606812,0.8709886844045142,0.8140635564570656,0.753441802252816,0.8852941176470588,0.6759868421052632,0.15000000000000002,0,354,0.6971457004547119
616,0.21839620251404612,valid,0.7872670807453416,0.8707357778637771,0.8789558596086853,0.8105117565698479,0.7650130548302873,0.861764705882353,0.7039473684210527,0.15000000000000002,0,354,0.7095446586608887
617,0.21578678880867205,valid,0.7872670807453416,0.8692603521671828,0.8796304332526648,0.8136054421768707,0.7569620253164557,0.8794117647058823,0.6842105263157895,0.15000000000000002,0,354,0.7004456520080566
618,0.22084846229929672,valid,0.7942546583850931,0.8725014512383901,0.8774603752574843,0.818368745716244,0.766367137355584,0.8779411764705882,0.7006578947368421,0.2,0,354,0.6925456523895264
619,0.23200160578677528,valid,0.7787267080745341,0.8552776702786379,0.8610144225194546,0.80083857442348,0.762982689747004,0.8426470588235294,0.7072368421052632,0.375,0,354,0.6900122165679932
620,0.2293458894679421,valid,0.7725155279503105,0.8529871323529412,0.8582058335241358,0.8016249153689912,0.7427854454203262,0.8705882352941177,0.662828947368421,0.17500000000000002,0,354,0.6933891773223877
621,0.2290653954995306,valid,0.781832298136646,0.8649187306501548,0.8761282752281554,0.8019732205778718,0.7699594046008119,0.836764705882353,0.7203947368421053,0.1,0,354,0.6916553974151611
622,0.22637443636593066,valid,0.7841614906832298,0.872470007739938,0.8783602072599483,0.8101092896174863,0.7563775510204082,0.8720588235294118,0.6858552631578947,0.1,0,354,0.6926891803741455
623,0.2264065122918079,valid,0.7849378881987578,0.8687669311145512,0.8769951196896435,0.8093599449415003,0.7606727037516171,0.8647058823529412,0.6957236842105263,0.15000000000000002,0,354,0.6915206909179688
624,0.22316438979224154,valid,0.7663043478260869,0.8667037538699691,0.8774330576148403,0.8046722907203114,0.7200929152148664,0.9117647058823529,0.6036184210526315,0.15000000000000002,0,354,0.6926884651184082
625,0.22325197646492406,valid,0.7919254658385093,0.873969620743034,0.8860449070566571,0.8093883357041252,0.7837465564738292,0.836764705882353,0.7417763157894737,0.275,0,354,0.6925022602081299
626,0.21604006933538536,valid,0.796583850931677,0.87140576625387,0.8752096957549954,0.8185595567867036,0.7735602094240838,0.8691176470588236,0.7154605263157895,0.225,0,354,0.6907970905303955
627,0.2178224591832412,valid,0.7911490683229814,0.8756071013931888,0.8852377758020021,0.8168822328114363,0.7604562737642585,0.8823529411764706,0.6891447368421053,0.125,0,354,0.6913423538208008
628,0.2233679898475346,valid,0.796583850931677,0.8713839976780187,0.8775326084806572,0.8165266106442577,0.7794117647058824,0.8573529411764705,0.7286184210526315,0.275,0,354,0.6928434371948242
629,0.22890165448188782,valid,0.7895962732919255,0.8700004837461299,0.8745568437250508,0.8142563399588759,0.7625160462130937,0.8735294117647059,0.6957236842105263,0.225,0,354,0.6946718692779541
630,0.2149753037251924,valid,0.7554347826086957,0.8436532507739938,0.8521959336890905,0.7870182555780934,0.7284105131414268,0.8558823529411764,0.6430921052631579,0.15000000000000002,0,354,0.6922276020050049
631,0.21908362994068548,valid,0.781832298136646,0.8651122291021671,0.8728465696442251,0.8094915254237288,0.7509433962264151,0.8779411764705882,0.6743421052631579,0.17500000000000002,0,354,0.6907212734222412
632,0.21810609964947952,valid,0.7903726708074534,0.866486068111455,0.872271096622756,0.8051948051948052,0.7903682719546742,0.8205882352941176,0.756578947368421,0.17500000000000002,0,354,0.6923537254333496
633,0.22211822867393494,valid,0.7608695652173914,0.8452592879256965,0.8596232469304079,0.7869986168741355,0.7428198433420365,0.836764705882353,0.6759868421052632,0.17500000000000002,0,354,0.6903018951416016
634,0.22500618037424588,valid,0.7795031055900621,0.8604029605263157,0.8708991763626375,0.8002812939521801,0.7668463611859838,0.836764705882353,0.7154605263157895,0.2,0,354,0.6882350444793701
635,0.22523805420649678,valid,0.8020186335403726,0.8725050793343652,0.8788216168585091,0.8225469728601252,0.7807133421400264,0.8691176470588236,0.7269736842105263,0.275,0,354,0.6924164295196533
636,0.22056167455095993,valid,0.7732919254658385,0.8607923761609908,0.8693433213959493,0.8013605442176871,0.7455696202531645,0.8661764705882353,0.6694078947368421,0.17500000000000002,0,354,0.6896321773529053
637,0.22732104753193103,valid,0.7895962732919255,0.8711227747678019,0.8785648413933456,0.8116747741487144,0.769433465085639,0.8588235294117647,0.712171052631579,0.225,0,354,0.6923789978027344
638,0.21646735621126076,valid,0.782608695652174,0.8705954914860681,0.8808409093311924,0.8145695364238411,0.7409638554216867,0.9044117647058824,0.6463815789473685,0.15000000000000002,0,354,0.6928672790527344
639,0.22678077377771078,valid,0.7849378881987578,0.8582333591331268,0.8601987064830172,0.8093599449415003,0.7606727037516171,0.8647058823529412,0.6957236842105263,0.2,0,354,0.6907088756561279
640,0.2168133541157371,valid,0.7903726708074534,0.875498258513932,0.8857166277521401,0.8153214774281806,0.7621483375959079,0.8764705882352941,0.694078947368421,0.17500000000000002,0,354,0.6894800662994385
641,0.21747528251848722,valid,0.7958074534161491,0.8734689434984522,0.8751777183368219,0.8169798190675017,0.7754293262879789,0.8632352941176471,0.7203947368421053,0.2,0,354,0.6901094913482666
642,0.21106358107767606,valid,0.7631987577639752,0.8518140479876161,0.8635310612560377,0.7951645399597045,0.7317676143386898,0.8705882352941177,0.6430921052631579,0.2,0,354,0.6897025108337402
643,0.22617500471441368,valid,0.7934782608695652,0.8734375,0.8821642813936387,0.8162983425414365,0.76953125,0.8691176470588236,0.7088815789473685,0.2,0,354,0.6948401927947998
644,0.2289600144875677,valid,0.764751552795031,0.8437886996904025,0.8539337213929588,0.7891440501043842,0.7490092470277411,0.8338235294117647,0.6875,0.2,0,354,0.692711353302002
645,0.21921233754408986,valid,0.7787267080745341,0.8714928405572756,0.8831968473950709,0.8098732488325551,0.7411477411477412,0.8926470588235295,0.6513157894736842,0.15000000000000002,0,354,0.6925275325775146
646,0.21960507097997164,valid,0.7593167701863354,0.8596023606811145,0.8673669380765466,0.8005148005148005,0.7116704805491991,0.9147058823529411,0.5855263157894737,0.2,0,354,0.6919641494750977
647,0.2252493806575474,valid,0.7927018633540373,0.874811339009288,0.8807210348672282,0.82044384667115,0.7558859975216853,0.8970588235294118,0.6759868421052632,0.1,0,354,0.6908345222473145
648,0.21433048969820925,valid,0.7903726708074534,0.8665102554179567,0.8762038242979031,0.812760055478502,0.7690288713910761,0.861764705882353,0.7105263157894737,0.2,0,354,0.6920924186706543
649,0.2168493153233277,valid,0.7732919254658385,0.8580809791021671,0.8653310183413523,0.8021680216802168,0.7437185929648241,0.8705882352941177,0.6644736842105263,0.17500000000000002,0,354,0.6923904418945312
650,0.20542794936581663,valid,0.7756211180124224,0.86000145123839,0.8672001455447349,0.8097432521395656,0.733015494636472,0.9044117647058824,0.631578947368421,0.1,0,354,0.6909255981445312
651,0.21936876130731484,valid,0.7771739130434783,0.8630079334365325,0.8746463065927027,0.8011088011088011,0.7575360419397117,0.85,0.6957236842105263,0.25,0,354,0.693911075592041
652,0.22052324524051264,valid,0.7981366459627329,0.8775082236842104,0.8877692685805735,0.8161244695898161,0.7861035422343324,0.8485294117647059,0.7417763157894737,0.2,0,354,0.6949799060821533
653,0.21255253176940114,valid,0.796583850931677,0.8730650154798761,0.8798610426644257,0.8185595567867036,0.7735602094240838,0.8691176470588236,0.7154605263157895,0.17500000000000002,0,354,0.6903393268585205
654,0.22016057842656186,valid,0.7624223602484472,0.8467068982198143,0.8632233403670314,0.7851123595505618,0.7513440860215054,0.8220588235294117,0.6957236842105263,0.17500000000000002,0,354,0.6921384334564209
655,0.21150774077365272,valid,0.7919254658385093,0.8755490518575851,0.8768301160339782,0.8166894664842681,0.7634271099744245,0.8779411764705882,0.6957236842105263,0.17500000000000002,0,354,0.6921792030334473
656,0.20639425202419884,valid,0.7779503105590062,0.8675357972136223,0.8774846608188662,0.8090787716955942,0.7408312958435208,0.8911764705882353,0.6513157894736842,0.17500000000000002,0,354,0.6933367252349854
657,0.211224543420892,valid,0.7919254658385093,0.8643092105263158,0.874379910341714,0.8110014104372355,0.7791327913279132,0.8455882352941176,0.7319078947368421,0.225,0,354,0.698328971862793
658,0.2090914045509539,valid,0.7911490683229814,0.8748959945820434,0.8804683473420069,0.8166325835037491,0.761118170266836,0.8808823529411764,0.6907894736842105,0.2,0,354,0.6898314952850342
659,0.20666802792172684,valid,0.78027950310559,0.8589420472136223,0.8696618195998671,0.7994330262225372,0.771545827633379,0.8294117647058824,0.725328947368421,0.2,0,354,0.6881935596466064
660,0.21381263827022753,valid,0.7841614906832298,0.8728690982972135,0.8848705702442594,0.8156498673740054,0.7427536231884058,0.9044117647058824,0.649671052631579,0.125,0,354,0.6896460056304932
661,0.2063946512184645,valid,0.7795031055900621,0.8582599651702787,0.8664292095067243,0.8035961272475796,0.758485639686684,0.8544117647058823,0.6957236842105263,0.2,0,354,0.6893260478973389
662,0.2111360705212543,valid,0.7950310559006211,0.8729561726006192,0.8778918707612698,0.8179310344827586,0.7701298701298701,0.8720588235294118,0.7088815789473685,0.17500000000000002,0,354,0.6954569816589355
663,0.22064476813140668,valid,0.7771739130434783,0.8574279218266253,0.8678445188509905,0.8,0.7602649006622516,0.8441176470588235,0.7023026315789473,0.225,0,354,0.6919429302215576
664,0.20416713937332756,valid,0.7888198757763976,0.8717855069659444,0.8790113367124526,0.813443072702332,0.7622107969151671,0.8720588235294118,0.6957236842105263,0.2,0,354,0.6919574737548828
665,0.21498361386750875,valid,0.764751552795031,0.8613172407120743,0.8767949280291676,0.801311475409836,0.7230769230769231,0.8985294117647059,0.6151315789473685,0.1,0,354,0.6908912658691406
666,0.2075336653935282,valid,0.765527950310559,0.8568885448916409,0.8621594031266849,0.7973154362416107,0.7333333333333333,0.8735294117647059,0.6447368421052632,0.2,0,354,0.6934781074523926
667,0.2110232577512139,valid,0.7833850931677019,0.8539014125386997,0.8651562032607005,0.7950036737692873,0.7944199706314243,0.7955882352941176,0.7697368421052632,0.325,0,354,0.6939077377319336
668,0.19693608189883985,valid,0.7763975155279503,0.8673834171826627,0.8769499465076417,0.806970509383378,0.7413793103448276,0.8852941176470588,0.6546052631578947,0.15000000000000002,0,354,0.6911711692810059
669,0.20210579665083633,valid,0.7857142857142857,0.8645051277089784,0.8649049699950175,0.8083333333333333,0.7657894736842106,0.8558823529411764,0.7072368421052632,0.225,0,354,0.6913962364196777
670,0.21263039504226885,valid,0.8012422360248447,0.8784684597523218,0.8855407838007188,0.8241758241758241,0.7731958762886598,0.8823529411764706,0.7105263157894737,0.17500000000000002,0,354,0.6912376880645752
671,0.21204625854366704,valid,0.7771739130434783,0.8631276606037152,0.8692158855608727,0.8080267558528428,0.7411042944785277,0.888235294117647,0.6529605263157895,0.17500000000000002,0,354,0.6998190879821777
672,0.20984979836564316,valid,0.781055900621118,0.8680703366873066,0.8725055474953152,0.8025210084033614,0.766042780748663,0.8426470588235294,0.712171052631579,0.125,0,354,0.6909055709838867
673,0.21141808676092247,valid,0.7624223602484472,0.8542231037151703,0.8643095114028914,0.7935222672064778,0.7331670822942643,0.8647058823529412,0.6480263157894737,0.15000000000000002,0,354,0.6906027793884277
674,0.2192953072096172,valid,0.7709627329192547,0.8668561339009286,0.8783119535157975,0.8055372445616348,0.7299880525686977,0.8985294117647059,0.6282894736842105,0.1,0,354,0.6900379657745361
675,0.1988723874092102,valid,0.7857142857142857,0.8657362616099071,0.8744055056568076,0.808066759388039,0.7664907651715039,0.8544117647058823,0.7088815789473685,0.225,0,354,0.692988395690918
676,0.20273030117938393,valid,0.7531055900621118,0.8479102167182664,0.8532878783777236,0.7874331550802139,0.7218137254901961,0.8661764705882353,0.6266447368421053,0.15000000000000002,0,354,0.6921977996826172
677,0.209077219429769,valid,0.7771739130434783,0.8596991099071207,0.8736810795943661,0.7948534667619729,0.7732962447844228,0.8176470588235294,0.7319078947368421,0.225,0,354,0.688776969909668
678,0.21063434528677086,valid,0.8051242236024845,0.8759650735294118,0.8788572665911796,0.8192944564434845,0.8025387870239774,0.836764705882353,0.7697368421052632,0.2,0,354,0.6923055648803711
679,0.20099346810265592,valid,0.7989130434782609,0.872421633126935,0.8783657867562629,0.8182456140350877,0.7825503355704698,0.8573529411764705,0.7335526315789473,0.225,0,354,0.6933033466339111
680,0.2007497305932798,valid,0.7492236024844721,0.8201601199690403,0.837864498076365,0.7707594038325053,0.7448559670781894,0.7985294117647059,0.694078947368421,0.25,0,354,0.6927313804626465
681,0.2081499993801117,valid,0.7888198757763976,0.8680292182662538,0.8766851803938395,0.8147138964577657,0.7588832487309645,0.8794117647058823,0.6875,0.2,0,354,0.6927075386047363
682,0.20380966992754684,valid,0.797360248447205,0.8688999613003094,0.871920161019119,0.8165846802529867,0.7819650067294751,0.8544117647058823,0.7335526315789473,0.17500000000000002,0,354,0.6900949478149414
683,0.20250590067160756,valid,0.7732919254658385,0.8604585913312693,0.872550596913354,0.7977839335180056,0.7539267015706806,0.8470588235294118,0.6907894736842105,0.2,0,354,0.690270185470581
684,0.20261409486594953,valid,0.7468944099378882,0.844983552631579,0.8566234472731353,0.7896774193548387,0.7034482758620689,0.9,0.5756578947368421,0.1,0,354,0.6907525062561035
685,0.197059765458107,valid,0.7593167701863354,0.8563032120743034,0.8665946936918822,0.794973544973545,0.7223557692307693,0.8838235294117647,0.6200657894736842,0.15000000000000002,0,354,0.697594165802002
686,0.1975981608817452,valid,0.7717391304347826,0.8572707043343654,0.8718005360911427,0.7949790794979079,0.7559681697612732,0.8382352941176471,0.6973684210526315,0.17500000000000002,0,354,0.6913876533508301
687,0.2188268343084737,valid,0.7849378881987578,0.8630055147058824,0.8705933261474401,0.8116927260367097,0.7547408343868521,0.8779411764705882,0.680921052631579,0.15000000000000002,0,354,0.6915872097015381
688,0.19540199088422874,valid,0.797360248447205,0.8725474071207431,0.8808411242895791,0.8087912087912088,0.8058394160583942,0.8117647058823529,0.78125,0.30000000000000004,0,354,0.6903269290924072
689,0.19994254959257027,valid,0.7771739130434783,0.8559137964396286,0.866714723134082,0.7994409503843466,0.7616511318242344,0.8411764705882353,0.7055921052631579,0.17500000000000002,0,354,0.6940021514892578
690,0.2026649368436713,valid,0.7958074534161491,0.8688854489164086,0.8777974775419028,0.8081692195477753,0.8017366136034733,0.8147058823529412,0.774671052631579,0.325,0,354,0.697059154510498
691,0.18629235813492223,valid,0.7996894409937888,0.8770365712074303,0.883508040149217,0.8203342618384402,0.7791005291005291,0.8661764705882353,0.725328947368421,0.25,0,354,0.6910104751586914
692,0.20658804946824125,valid,0.7694099378881988,0.8620138351393188,0.8724965489376494,0.799459824442944,0.7390761548064919,0.8705882352941177,0.65625,0.15000000000000002,0,354,0.6939473152160645
693,0.20226003700181058,valid,0.7779503105590062,0.8653468459752323,0.8715767212686272,0.8059701492537313,0.7481108312342569,0.8735294117647059,0.6710526315789473,0.225,0,354,0.6910758018493652
694,0.1998103119825062,valid,0.78027950310559,0.8566829527863778,0.8693890426080608,0.8014035087719298,0.7664429530201342,0.8397058823529412,0.7138157894736842,0.125,0,354,0.6948971748352051
695,0.19521122857144005,valid,0.7934782608695652,0.8745622097523219,0.8802407297828279,0.8155339805825242,0.7716535433070866,0.8647058823529412,0.7138157894736842,0.2,0,354,0.6904163360595703
696,0.19703517540505058,valid,0.7895962732919255,0.8716089396284828,0.8801612196226998,0.8172623061362104,0.7546699875466999,0.8911764705882353,0.6759868421052632,0.15000000000000002,0,354,0.6913139820098877
697,0.1967006106125681,valid,0.7872670807453416,0.8736189047987616,0.8760016541817892,0.8156123822341858,0.7518610421836228,0.8911764705882353,0.6710526315789473,0.125,0,354,0.6889402866363525
698,0.2044085593600022,valid,0.7919254658385093,0.8625532120743034,0.8605712309341149,0.8104667609618105,0.7806539509536785,0.8426470588235294,0.7351973684210527,0.225,0,354,0.6896371841430664
699,0.20052581790246463,valid,0.7841614906832298,0.8687113003095975,0.8773749086719623,0.8134228187919463,0.7481481481481481,0.8911764705882353,0.6644736842105263,0.125,0,354,0.6933274269104004
700,0.204441111338766,valid,0.7872670807453416,0.8750919117647058,0.8843254735540002,0.8112947658402204,0.7629533678756477,0.8661764705882353,0.6990131578947368,0.15000000000000002,0,354,0.6899454593658447
701,0.20205691770503395,valid,0.7795031055900621,0.8701843072755419,0.8797144372561417,0.8121693121693122,0.7379807692307693,0.9029411764705882,0.6414473684210527,0.1,0,354,0.6895856857299805
702,0.20674715700902438,valid,0.7927018633540373,0.8694562693498452,0.8783434242004673,0.8088761632068718,0.7880055788005579,0.8308823529411765,0.75,0.25,0,354,0.688197135925293
703,0.200441627125991,valid,0.7554347826086957,0.8549632352941177,0.8645638822710576,0.7961165048543689,0.7109826589595376,0.9044117647058824,0.5888157894736842,0.1,0,354,0.6906392574310303
704,0.19862911654146095,valid,0.8027950310559007,0.877312306501548,0.8872844563784934,0.8185714285714286,0.7958333333333333,0.8426470588235294,0.7582236842105263,0.225,0,354,0.6898205280303955
705,0.20636347406788877,valid,0.8159937888198758,0.8807976973684212,0.8887022681132056,0.8308351177730193,0.8072122052704577,0.8558823529411764,0.7713815789473685,0.375,0,354,0.6915194988250732
706,0.1998329476306313,valid,0.7989130434782609,0.868890286377709,0.8748709208536083,0.8169611307420495,0.7863945578231293,0.85,0.7417763157894737,0.30000000000000004,0,354,0.6936359405517578
707,0.1993814495049025,valid,0.7795031055900621,0.8557589976780184,0.8630086941650104,0.800561797752809,0.7661290322580645,0.8382352941176471,0.7138157894736842,0.225,0,354,0.6937692165374756
708,0.20201734727934786,valid,0.7678571428571429,0.848248839009288,0.8591485183026264,0.7865810135617416,0.7642163661581137,0.8102941176470588,0.7203947368421053,0.2,0,354,0.694328784942627
709,0.1991469930661352,valid,0.7927018633540373,0.8691611842105263,0.8789333416495144,0.8147120055517002,0.771353482260184,0.8632352941176471,0.7138157894736842,0.2,0,354,0.6914961338043213
710,0.19502486053266024,valid,0.797360248447205,0.8713332043343652,0.8753908369596717,0.8170988086895585,0.7804551539491299,0.8573529411764705,0.7302631578947368,0.25,0,354,0.6892778873443604
711,0.1993019141648945,valid,0.7880434782608695,0.8729247291021671,0.8768780410546337,0.8154158215010142,0.7546933667083855,0.8867647058823529,0.6776315789473685,0.125,0,354,0.6893923282623291
712,0.20475689596251437,valid,0.7872670807453416,0.8709341137770898,0.8767187413655688,0.8141112618724559,0.7556675062972292,0.8823529411764706,0.680921052631579,0.1,0,354,0.6909000873565674
713,0.19818289185825147,valid,0.7880434782608695,0.8692385835913313,0.8813466004886834,0.805693950177936,0.7806896551724138,0.8323529411764706,0.7384868421052632,0.275,0,354,0.693671703338623
714,0.21210964024066925,valid,0.7864906832298136,0.862920859133127,0.8730914222097221,0.8020158387329014,0.7856135401974612,0.8191176470588235,0.75,0.15000000000000002,0,354,0.6919429302215576
715,0.20453489689450516,valid,0.7709627329192547,0.859861164860681,0.8709429780705351,0.7997284453496266,0.742749054224464,0.8661764705882353,0.6644736842105263,0.1,0,354,0.6923489570617676
716,0.18903826098693044,valid,0.7787267080745341,0.8668561339009289,0.8751775767412002,0.8080808080808081,0.7453416149068323,0.8823529411764706,0.662828947368421,0.17500000000000002,0,354,0.6922414302825928
717,0.20342804491519928,valid,0.78027950310559,0.8532725425696595,0.8627531194743105,0.794778825235678,0.7839771101573677,0.8058823529411765,0.7516447368421053,0.35,0,354,0.691779375076294
718,0.19469822080511795,valid,0.8027950310559007,0.8747774767801857,0.8819439936097822,0.8218793828892006,0.7855227882037533,0.861764705882353,0.7368421052631579,0.25,0,354,0.6945266723632812
719,0.18908907786795967,valid,0.7756211180124224,0.8592709945820434,0.8723075757485506,0.7971929824561403,0.7624161073825504,0.8352941176470589,0.7088815789473685,0.17500000000000002,0,354,0.6961040496826172
720,0.19281463717159472,valid,0.7833850931677019,0.8722523219814241,0.8801005177568632,0.8105906313645621,0.7528373266078184,0.8779411764705882,0.6776315789473685,0.17500000000000002,0,354,0.6927249431610107
721,0.1980550391109366,valid,0.7779503105590062,0.85624758126935,0.8653798311495253,0.8016643550624133,0.7585301837270341,0.85,0.6973684210526315,0.25,0,354,0.6906435489654541
722,0.19633942528774864,valid,0.7833850931677019,0.8578657120743034,0.8669184390684335,0.8066528066528067,0.762778505897772,0.8558823529411764,0.7023026315789473,0.125,0,354,0.6936657428741455
723,0.2084521698324304,valid,0.7717391304347826,0.8412853134674922,0.8518441787982649,0.7831858407079646,0.7855029585798816,0.7808823529411765,0.7615131578947368,0.25,0,354,0.6924278736114502
724,0.20843871251532906,valid,0.7787267080745341,0.866297407120743,0.8749718909147404,0.8057259713701431,0.7509529860228716,0.8691176470588236,0.6776315789473685,0.225,0,354,0.6951961517333984
725,0.19291367930801293,valid,0.7795031055900621,0.8591355456656348,0.8648261906309376,0.8041379310344827,0.7571428571428571,0.8573529411764705,0.6924342105263158,0.17500000000000002,0,354,0.6893196105957031
726,0.1818039197670786,valid,0.7740683229813664,0.8532822174922602,0.86612391658505,0.8027118644067797,0.7446540880503144,0.8705882352941177,0.6661184210526315,0.125,0,354,0.6910514831542969
727,0.20053641341234507,valid,0.7880434782608695,0.8696860487616099,0.8768244005176379,0.8086895585143657,0.7724230254350736,0.8485294117647059,0.7203947368421053,0.2,0,354,0.6934370994567871
728,0.1962197532779292,valid,0.7694099378881988,0.8633030185758513,0.8754279304289824,0.8021319120586275,0.7332521315468941,0.8852941176470588,0.6398026315789473,0.2,0,354,0.6892950534820557
729,0.20544126629829407,valid,0.7903726708074534,0.8655330882352941,0.8717854145795125,0.8145604395604396,0.7641752577319587,0.8720588235294118,0.6990131578947368,0.15000000000000002,0,354,0.691565752029419
730,0.1968998720771388,valid,0.7833850931677019,0.8712098490712075,0.8795335738729926,0.8151093439363817,0.7418576598311218,0.9044117647058824,0.6480263157894737,0.1,0,354,0.6912267208099365
731,0.2019026130437851,valid,0.7787267080745341,0.8582744775541795,0.8685587546515462,0.8005598320503848,0.7636849132176236,0.8411764705882353,0.7088815789473685,0.225,0,354,0.6965713500976562
732,0.18530111367765226,valid,0.7585403726708074,0.8418633900928794,0.8499225197935687,0.786254295532646,0.7380645161290322,0.8411764705882353,0.6661184210526315,0.15000000000000002,0,354,0.7017443180084229
733,0.18941110921533486,valid,0.7771739130434783,0.8667376160990713,0.8767904158999725,0.8082832331329325,0.7405140758873929,0.8897058823529411,0.6513157894736842,0.125,0,354,0.692695140838623
734,0.18365103555353066,valid,0.7795031055900621,0.866389318885449,0.8763580316883955,0.8057455540355677,0.7531969309462916,0.8661764705882353,0.6825657894736842,0.15000000000000002,0,354,0.6936795711517334
735,0.1850314363837242,valid,0.7895962732919255,0.868138061145511,0.8695095745535856,0.8152692569870484,0.7598475222363406,0.8794117647058823,0.6891447368421053,0.17500000000000002,0,354,0.7091865539550781
736,0.19203166114656547,valid,0.7857142857142857,0.8713162732198143,0.8776192948668861,0.8130081300813008,0.7537688442211056,0.8823529411764706,0.6776315789473685,0.1,0,354,0.7024896144866943
737,0.19679016580707148,valid,0.782608695652174,0.8635037732198144,0.8730427850103037,0.8084815321477428,0.7557544757033248,0.8691176470588236,0.6858552631578947,0.125,0,354,0.6893970966339111
738,0.18822816249571347,valid,0.781832298136646,0.8713259481424148,0.8763865118676314,0.8112827400940228,0.7466007416563659,0.888235294117647,0.662828947368421,0.15000000000000002,0,354,0.6907250881195068
739,0.19079388442792392,valid,0.8027950310559007,0.8695119001547988,0.8731250654750594,0.815406976744186,0.8060344827586207,0.825,0.7779605263157895,0.30000000000000004,0,354,0.6939282417297363
740,0.18335554787987157,valid,0.8004658385093167,0.8697102360681113,0.8779279731394194,0.8168210976478973,0.7925311203319502,0.8426470588235294,0.7532894736842105,0.2,0,354,0.6929972171783447
741,0.18609822031698728,valid,0.7888198757763976,0.8708857391640866,0.8795272639373692,0.8076379066478077,0.7779291553133515,0.8397058823529412,0.7319078947368421,0.15000000000000002,0,354,0.6932897567749023
742,0.19099031780895434,valid,0.7841614906832298,0.8631820820433437,0.8715046954208998,0.8085399449035813,0.7603626943005182,0.8632352941176471,0.6957236842105263,0.125,0,354,0.6879763603210449
743,0.18576974853088982,valid,0.764751552795031,0.8500653057275541,0.8596976497334974,0.7967806841046278,0.7324290998766955,0.8735294117647059,0.6430921052631579,0.25,0,354,0.693835973739624
744,0.18611579702088707,valid,0.7888198757763976,0.8638641640866873,0.875130279832322,0.8131868131868132,0.7628865979381443,0.8705882352941177,0.6973684210526315,0.125,0,354,0.694329023361206
745,0.1921339246787523,valid,0.7709627329192547,0.8579044117647059,0.8647315679760355,0.8,0.7421383647798742,0.8676470588235294,0.662828947368421,0.1,0,354,0.6918551921844482
746,0.19190586632803866,valid,0.8074534161490683,0.8805147058823529,0.8888119659489666,0.8210678210678211,0.8059490084985835,0.836764705882353,0.774671052631579,0.225,0,354,0.6988942623138428
747,0.19802118288843254,valid,0.8020186335403726,0.8786716331269351,0.885684580491825,0.8202959830866807,0.7875507442489851,0.8558823529411764,0.7417763157894737,0.2,0,354,0.6936078071594238
748,0.18970839757668345,valid,0.7763975155279503,0.8577665441176471,0.8679945120481787,0.7983193277310925,0.7620320855614974,0.8382352941176471,0.7072368421052632,0.15000000000000002,0,354,0.6916422843933105
749,0.20757865670480227,valid,0.7864906832298136,0.8698239164086687,0.8763564115580784,0.8088950660180682,0.766798418972332,0.8558823529411764,0.7088815789473685,0.2,0,354,0.6917822360992432
750,0.1927428104375538,valid,0.7942546583850931,0.8705979102167183,0.8754736680246282,0.8173673328738801,0.7691309987029832,0.8720588235294118,0.7072368421052632,0.25,0,354,0.6899676322937012
751,0.19667682443794451,valid,0.7927018633540373,0.8722208784829721,0.8845443377550324,0.8110403397027601,0.781718963165075,0.8426470588235294,0.7368421052631579,0.30000000000000004,0,354,1.029639482498169
752,0.18780694823516042,valid,0.7795031055900621,0.8627902476780185,0.8660805387541837,0.8065395095367848,0.751269035532995,0.8705882352941177,0.6776315789473685,0.1,0,354,0.7336647510528564
753,0.1979819732277017,valid,0.7833850931677019,0.8710139318885449,0.8849218427774275,0.8090349075975359,0.7567221510883483,0.8691176470588236,0.6875,0.15000000000000002,0,354,0.7216627597808838
754,0.18427422093717674,valid,0.8035714285714286,0.8674583978328174,0.8773654201985377,0.8167994207096307,0.8045649072753209,0.8294117647058824,0.774671052631579,0.2,0,354,0.7262082099914551
755,0.19469839726623736,valid,0.7919254658385093,0.8675357972136222,0.8801367351293665,0.8107344632768362,0.779891304347826,0.8441176470588235,0.7335526315789473,0.35,0,354,0.7217271327972412
756,0.18514455227475418,valid,0.7771739130434783,0.8563177244582043,0.8614090899005836,0.8019323671497585,0.7555266579973993,0.8544117647058823,0.6907894736842105,0.17500000000000002,0,354,0.7084221839904785
757,0.1872795671224594,valid,0.7880434782608695,0.8740276702786377,0.8835927317070988,0.8151658767772512,0.7553324968632371,0.8852941176470588,0.6792763157894737,0.125,0,354,0.7117292881011963
758,0.1828501765665255,valid,0.78027950310559,0.865968459752322,0.8815970137528368,0.8022361984626135,0.7643142476697736,0.8441176470588235,0.7088815789473685,0.225,0,354,0.7113032341003418
759,0.19178966393596247,valid,0.7763975155279503,0.8646720201238389,0.8720654520894384,0.8019257221458047,0.7532299741602068,0.8573529411764705,0.6858552631578947,0.1,0,354,0.7121026515960693
760,0.1886693349010066,valid,0.782608695652174,0.8566515092879257,0.8615042902431469,0.7997138769670958,0.7785515320334262,0.8220588235294117,0.7384868421052632,0.25,0,354,0.6956994533538818
761,0.17685494454283462,valid,0.7795031055900621,0.8625991679566564,0.8681666230060558,0.8062755798090041,0.7519083969465649,0.8691176470588236,0.6792763157894737,0.17500000000000002,0,354,0.6970362663269043
762,0.1822653028525804,valid,0.7725155279503105,0.8570215750773993,0.8621282602004248,0.7963863794301599,0.7549407114624506,0.8426470588235294,0.694078947368421,0.125,0,354,0.6929020881652832
763,0.18130452774072947,valid,0.7709627329192547,0.8656298374613003,0.8780802695297001,0.8018804566823371,0.7379480840543882,0.8779411764705882,0.6513157894736842,0.17500000000000002,0,354,0.68853759765625
764,0.17524128603307823,valid,0.7880434782608695,0.8699206656346749,0.8819906818682638,0.8078817733990148,0.7746288798920378,0.8441176470588235,0.725328947368421,0.225,0,354,0.693958044052124
765,0.18584254462467997,valid,0.796583850931677,0.8675744969040249,0.8766780536604654,0.8115107913669065,0.7943661971830986,0.8294117647058824,0.7598684210526315,0.225,0,354,0.6899082660675049
766,0.18385721821534007,valid,0.7849378881987578,0.8661667956656347,0.8729586437071026,0.8083044982698961,0.7633986928104575,0.8588235294117647,0.7023026315789473,0.17500000000000002,0,354,0.6912519931793213
767,0.1771686751591532,valid,0.78027950310559,0.8644083784829723,0.8716278262022119,0.805230557467309,0.7567917205692108,0.8602941176470589,0.6907894736842105,0.2,0,354,0.6922681331634521
768,0.18269041729600807,valid,0.7763975155279503,0.861733262383901,0.8712134181427895,0.8027397260273973,0.7512820512820513,0.861764705882353,0.680921052631579,0.125,0,354,0.7072362899780273
769,0.17949360452200236,valid,0.7756211180124224,0.8520837364551084,0.8593568210422767,0.7963354474982381,0.7645466847090663,0.8308823529411765,0.7138157894736842,0.15000000000000002,0,354,0.707409143447876
770,0.1874004508319654,valid,0.764751552795031,0.8461082623839009,0.8581047044723843,0.787963610916725,0.7516688918558078,0.8279411764705882,0.694078947368421,0.17500000000000002,0,354,0.6970827579498291
771,0.19083464851504878,valid,0.7663043478260869,0.8528492647058823,0.8649000997964655,0.7989311957247829,0.7319461444308446,0.8794117647058823,0.6398026315789473,0.15000000000000002,0,354,0.6900069713592529
772,0.16484750179867996,valid,0.7958074534161491,0.8737567724458203,0.8767272222771703,0.8184955141476881,0.7711313394018205,0.8720588235294118,0.7105263157894737,0.15000000000000002,0,354,0.6914279460906982
773,0.18857210717703166,valid,0.7833850931677019,0.863075657894737,0.8752381494680712,0.8042105263157895,0.7691275167785235,0.8426470588235294,0.7171052631578947,0.225,0,354,0.6881520748138428
774,0.18231706242812307,valid,0.7919254658385093,0.8658934791021673,0.8752303054986422,0.8074712643678161,0.7893258426966292,0.8264705882352941,0.7532894736842105,0.2,0,354,0.6939578056335449
775,0.1808917467531405,valid,0.7934782608695652,0.875343459752322,0.8796084533352857,0.8162983425414365,0.76953125,0.8691176470588236,0.7088815789473685,0.17500000000000002,0,354,0.6958799362182617
776,0.18416025999345279,valid,0.8012422360248447,0.8756772445820432,0.8837448107373805,0.8160919540229885,0.797752808988764,0.8352941176470589,0.7631578947368421,0.2,0,354,0.6893377304077148
777,0.1735490121339497,valid,0.7849378881987578,0.872063660990712,0.878950286848813,0.8098833218943033,0.7593307593307593,0.8676470588235294,0.6924342105263158,0.15000000000000002,0,354,0.693321704864502
778,0.18175951509099258,valid,0.7795031055900621,0.8603062113003097,0.8685376321181955,0.8013986013986014,0.764,0.8426470588235294,0.7088815789473685,0.17500000000000002,0,354,0.6928999423980713
779,0.17707518997945285,valid,0.7779503105590062,0.8590895897832818,0.8618465460543826,0.8022130013831259,0.7571801566579635,0.8529411764705882,0.694078947368421,0.1,0,354,0.6915652751922607
780,0.17424534104372325,valid,0.7686335403726708,0.8548181114551083,0.8638821555302739,0.8023872679045093,0.7306763285024155,0.8897058823529411,0.6332236842105263,0.125,0,354,0.6939120292663574
781,0.17847214325478203,valid,0.7787267080745341,0.8555872678018576,0.8698409316685742,0.8013937282229965,0.7615894039735099,0.8455882352941176,0.7039473684210527,0.25,0,354,0.689044713973999
782,0.18723380800924802,valid,0.7732919254658385,0.8536184210526316,0.864939928105938,0.79750346740638,0.7545931758530183,0.8455882352941176,0.6924342105263158,0.125,0,354,0.6895413398742676
783,0.18437140082058154,valid,0.7670807453416149,0.856358842879257,0.8656816627583552,0.7939560439560439,0.7448453608247423,0.85,0.6743421052631579,0.15000000000000002,0,354,0.6882240772247314
784,0.18087941329730184,valid,0.7732919254658385,0.8648800309597523,0.872973182499278,0.8010899182561307,0.7461928934010152,0.8647058823529412,0.6710526315789473,0.125,0,354,0.6912434101104736
785,0.1845495104789734,valid,0.7709627329192547,0.8662562886996905,0.8781964736521486,0.8013468013468014,0.7391304347826086,0.875,0.6546052631578947,0.1,0,354,0.690474271774292
786,0.17607948184013367,valid,0.7779503105590062,0.871500096749226,0.8829918348948536,0.8083109919571045,0.7426108374384236,0.8867647058823529,0.65625,0.2,0,354,0.6932682991027832
787,0.17700298679502388,valid,0.7849378881987578,0.865484713622291,0.8740891685455439,0.8114363512593601,0.7553865652724968,0.8764705882352941,0.6825657894736842,0.17500000000000002,0,354,0.692410945892334
788,0.18135405135782143,valid,0.78027950310559,0.8655209945820433,0.875865981130747,0.8068259385665529,0.7528662420382166,0.8691176470588236,0.680921052631579,0.15000000000000002,0,354,0.6905670166015625
789,0.1778727762008968,valid,0.78027950310559,0.8582261029411766,0.8683139816635826,0.802787456445993,0.7629139072847683,0.8470588235294118,0.7055921052631579,0.17500000000000002,0,354,0.6943745613098145
790,0.1645006011975439,valid,0.7709627329192547,0.8656298374613003,0.8749145944581931,0.8013468013468014,0.7391304347826086,0.875,0.6546052631578947,0.125,0,354,0.687208890914917
791,0.1743836489162947,valid,0.7958074534161491,0.8751693111455108,0.8822873963728364,0.8207225630538514,0.7649301143583227,0.8852941176470588,0.6957236842105263,0.15000000000000002,0,354,0.6921021938323975
792,0.1855343509661524,valid,0.7903726708074534,0.8654750386996903,0.8757430229806575,0.8079658605974396,0.7823691460055097,0.8352941176470589,0.7401315789473685,0.2,0,354,0.6897406578063965
793,0.1657530986949017,valid,0.7857142857142857,0.8702278444272445,0.8824719941514061,0.8104395604395604,0.7603092783505154,0.8676470588235294,0.694078947368421,0.1,0,354,0.692096471786499
794,0.16956304641146408,valid,0.7833850931677019,0.8669988390092879,0.8768274690247622,0.805574912891986,0.7655629139072848,0.85,0.7088815789473685,0.15000000000000002,0,354,0.6943960189819336
795,0.17547330377917542,valid,0.7857142857142857,0.8643164667182662,0.8754434337694509,0.8075313807531381,0.7679045092838196,0.8514705882352941,0.712171052631579,0.15000000000000002,0,354,0.692554235458374
796,0.1761350741511897,valid,0.7670807453416149,0.8449109907120741,0.8587495248955982,0.7835497835497836,0.7691218130311614,0.7985294117647059,0.7319078947368421,0.2,0,354,0.6963255405426025
797,0.1868671704279749,valid,0.7833850931677019,0.8657386803405573,0.8813025755128907,0.8028268551236749,0.7727891156462585,0.8352941176470589,0.725328947368421,0.17500000000000002,0,354,0.6956956386566162
798,0.182042564216413,valid,0.7709627329192547,0.8484423374613003,0.8560189615322261,0.7918136908962597,0.7611940298507462,0.825,0.7105263157894737,0.275,0,354,0.694831132888794
799,0.18417200602983175,valid,0.7787267080745341,0.8637420181888543,0.8751276936764998,0.8046607265250172,0.7535301668806161,0.8632352941176471,0.6842105263157895,0.225,0,354,0.6965939998626709
800,0.18623819162971095,valid,0.7942546583850931,0.8642874419504645,0.870614874155141,0.8032665181885672,0.8110944527736131,0.7955882352941176,0.7927631578947368,0.4,0,354,0.6955726146697998
801,0.17941491070546603,valid,0.7763975155279503,0.8700851393188855,0.8868521033279717,0.8013793103448276,0.7545454545454545,0.8544117647058823,0.6891447368421053,0.1,0,354,0.6943821907043457
802,0.1931617354091845,valid,0.7639751552795031,0.8563007933436532,0.8732215793990858,0.7900552486187845,0.7447916666666666,0.8411764705882353,0.6776315789473685,0.15000000000000002,0,354,0.6952335834503174
803,0.17358460708668358,valid,0.7624223602484472,0.8482754450464397,0.8570077102543784,0.7949061662198391,0.7302955665024631,0.8720588235294118,0.6398026315789473,0.125,0,354,0.6973080635070801
804,0.17292648867556923,valid,0.781832298136646,0.865499226006192,0.8768956660862933,0.807928913192071,0.7547892720306514,0.8691176470588236,0.6842105263157895,0.2,0,354,0.6940357685089111
805,0.18255085380453812,valid,0.7841614906832298,0.872310371517028,0.8849988654476227,0.8033946251768034,0.773841961852861,0.8352941176470589,0.7269736842105263,0.1,0,354,0.6970233917236328
806,0.18424846702500394,valid,0.7911490683229814,0.8670496323529412,0.8806653477958798,0.8035062089116143,0.7982583454281568,0.8088235294117647,0.7713815789473685,0.30000000000000004,0,354,0.6945583820343018
807,0.17491101238288378,valid,0.7593167701863354,0.8556501547987614,0.8717452393949108,0.7891156462585034,0.7341772151898734,0.8529411764705882,0.6546052631578947,0.125,0,354,0.6944723129272461
808,0.18258030791031687,valid,0.764751552795031,0.8499395317337461,0.8598864123213857,0.7940176750509857,0.7383059418457648,0.8588235294117647,0.6595394736842105,0.1,0,354,0.6983664035797119
809,0.16631291453775607,valid,0.7678571428571429,0.858216428018576,0.8688945546953297,0.7978363759296823,0.7384230287859824,0.8676470588235294,0.65625,0.17500000000000002,0,354,0.6937048435211182
810,0.18110905744527517,valid,0.8027950310559007,0.8832164280185758,0.8940971190427391,0.8221288515406162,0.7847593582887701,0.8632352941176471,0.7351973684210527,0.225,0,354,0.6956443786621094
811,0.18655471935083992,valid,0.7795031055900621,0.8610415054179567,0.8739909938361754,0.7991513437057991,0.7697547683923706,0.8308823529411765,0.7220394736842105,0.2,0,354,0.6953825950622559
812,0.19217954105452487,valid,0.7686335403726708,0.8622992453560371,0.8765713971891762,0.7947658402203857,0.7474093264248705,0.8485294117647059,0.6792763157894737,0.1,0,354,0.6933271884918213
813,0.1833016072448931,valid,0.781055900621118,0.870701915634675,0.8808458717392718,0.8097165991902834,0.7481296758104738,0.8823529411764706,0.6677631578947368,0.1,0,354,0.6946940422058105
814,0.17250305884762815,valid,0.7709627329192547,0.8637746710526316,0.8747535530888904,0.8010788941335132,0.7397260273972602,0.8735294117647059,0.65625,0.125,0,354,0.694220781326294
815,0.1666780467096128,valid,0.7756211180124224,0.8586203560371517,0.8727747689224661,0.7971929824561403,0.7624161073825504,0.8352941176470589,0.7088815789473685,0.2,0,354,0.6945273876190186
816,0.1850154674366901,valid,0.7763975155279503,0.8615252515479876,0.8751648652404613,0.7974683544303798,0.7641509433962265,0.8338235294117647,0.712171052631579,0.17500000000000002,0,354,0.693549394607544
817,0.1651843425474669,valid,0.781832298136646,0.8723526993034055,0.8880307606062743,0.8076659822039699,0.7554417413572343,0.8676470588235294,0.6858552631578947,0.15000000000000002,0,354,0.6957552433013916
818,0.16277739091923363,valid,0.765527950310559,0.8540949109907121,0.8625161549342606,0.7983978638184246,0.7310513447432763,0.8794117647058823,0.6381578947368421,0.1,0,354,0.6928536891937256
819,0.1737339575039713,valid,0.7903726708074534,0.8658886416408669,0.8714503952476784,0.8068669527896996,0.7855153203342619,0.8294117647058824,0.7467105263157895,0.375,0,354,0.6958394050598145
820,0.16793616429755562,valid,0.7872670807453416,0.8603715170278637,0.871742318284867,0.8059490084985835,0.7773224043715847,0.836764705882353,0.7319078947368421,0.1,0,354,0.6954121589660645
821,0.17931929465971494,valid,0.7795031055900621,0.8659176664086687,0.8802214760654656,0.8002812939521801,0.7668463611859838,0.836764705882353,0.7154605263157895,0.2,0,354,0.6933996677398682
822,0.17219607375170054,valid,0.7670807453416149,0.8554107004643965,0.8712311590305699,0.788135593220339,0.7581521739130435,0.8205882352941176,0.7072368421052632,0.15000000000000002,0,354,0.6955454349517822
823,0.1772916787549069,valid,0.7833850931677019,0.8694175696594428,0.8798231302190589,0.8116137744767049,0.7503121098626716,0.8838235294117647,0.6710526315789473,0.125,0,354,0.6946852207183838
824,0.19513390723027682,valid,0.7670807453416149,0.8651122291021671,0.8786188620722567,0.8010610079575596,0.7294685990338164,0.888235294117647,0.631578947368421,0.1,0,354,0.6950974464416504
825,0.17377663560603795,valid,0.7880434782608695,0.8695288312693499,0.8810879276710963,0.8097560975609757,0.7695364238410596,0.8544117647058823,0.7138157894736842,0.17500000000000002,0,354,0.6960892677307129
826,0.17582407672154277,valid,0.764751552795031,0.8586517995356038,0.8648342140228061,0.7981345769487008,0.7295980511571255,0.8808823529411764,0.6348684210526315,0.1,0,354,0.6974935531616211
827,0.17627732142021782,valid,0.7872670807453416,0.8664280185758515,0.8773539578829544,0.8070422535211268,0.7743243243243243,0.8426470588235294,0.725328947368421,0.225,0,354,0.6970610618591309
828,0.1775557877201783,valid,0.7756211180124224,0.8648655185758515,0.875879172363149,0.8048615800135044,0.7440699126092385,0.8764705882352941,0.662828947368421,0.1,0,354,0.6957135200500488
829,0.17776962565748314,valid,0.7686335403726708,0.8537901509287926,0.8652560987823273,0.7907303370786517,0.7567204301075269,0.8279411764705882,0.7023026315789473,0.15000000000000002,0,354,0.6972229480743408
830,0.16882947008860738,valid,0.7740683229813664,0.8511779218266253,0.8643400843442695,0.7986159169550173,0.7542483660130719,0.8485294117647059,0.6907894736842105,0.2,0,354,0.7108290195465088
831,0.16839673487763657,valid,0.7725155279503105,0.8520365712074305,0.8644935128872135,0.7955338450802513,0.7569721115537849,0.8382352941176471,0.6990131578947368,0.30000000000000004,0,354,0.7007744312286377
832,0.16394602860275068,valid,0.7756211180124224,0.8610802051083591,0.8680364734112054,0.8053872053872054,0.7428571428571429,0.8794117647058823,0.6595394736842105,0.125,0,354,0.7100827693939209
833,0.17391520581747355,valid,0.782608695652174,0.8650541795665634,0.8768962029960816,0.8063623789764869,0.7610966057441253,0.8573529411764705,0.6990131578947368,0.225,0,354,0.6962380409240723
834,0.16747007401365982,valid,0.7756211180124224,0.8637625773993808,0.8770133329616285,0.8032675289312458,0.7477820025348543,0.8676470588235294,0.6726973684210527,0.1,0,354,0.6947059631347656
835,0.17182132837019468,valid,0.7725155279503105,0.861172116873065,0.8696496389278738,0.7908636688079943,0.768377253814147,0.8147058823529412,0.725328947368421,0.1,0,354,0.694533109664917
836,0.18365719836009176,valid,0.781055900621118,0.8613994775541796,0.8669314673663647,0.8097165991902834,0.7481296758104738,0.8823529411764706,0.6677631578947368,0.125,0,354,0.6960318088531494
837,0.16673033331569873,valid,0.7670807453416149,0.849859713622291,0.8655799895656671,0.7872340425531915,0.7602739726027398,0.8161764705882353,0.712171052631579,0.25,0,354,0.6947331428527832
838,0.1637933736569003,valid,0.782608695652174,0.8680824303405572,0.8784425320326684,0.8068965517241379,0.7597402597402597,0.8602941176470589,0.6957236842105263,0.125,0,354,0.6921579837799072
839,0.17149368712776586,valid,0.7934782608695652,0.8651485100619195,0.8747641803966919,0.8017883755588674,0.8126888217522659,0.7911764705882353,0.7960526315789473,0.275,0,354,0.6943705081939697
840,0.16489888884519277,valid,0.7911490683229814,0.8685661764705883,0.8790811608094379,0.8066139468008627,0.7890295358649789,0.825,0.7532894736842105,0.325,0,354,0.6926934719085693
841,0.17253980079763814,valid,0.782608695652174,0.8653250773993808,0.8762590496833438,0.8025387870239774,0.7710027100271003,0.836764705882353,0.7220394736842105,0.275,0,354,0.6959679126739502
842,0.16903508650629143,valid,0.781832298136646,0.8690910410216717,0.877480909199815,0.8081911262798634,0.7541401273885351,0.8705882352941177,0.6825657894736842,0.1,0,354,0.6940529346466064
843,0.1640674013056253,valid,0.7981366459627329,0.8741679566563468,0.8824938021551558,0.8166431593794076,0.7845528455284553,0.8514705882352941,0.7384868421052632,0.2,0,354,0.6953315734863281
844,0.17501500405763326,valid,0.7756211180124224,0.8503168537151702,0.8592006826808032,0.7980433263452131,0.7603195739014648,0.8397058823529412,0.7039473684210527,0.17500000000000002,0,354,0.6986410617828369
845,0.18006162855185961,valid,0.7880434782608695,0.8740204140866873,0.8822702803460509,0.8118538938662991,0.7639429312581063,0.8661764705882353,0.7006578947368421,0.15000000000000002,0,354,0.7109403610229492
846,0.16708562209417946,valid,0.7981366459627329,0.8747460332817336,0.8875162638524883,0.8156028368794326,0.7876712328767124,0.8455882352941176,0.7450657894736842,0.15000000000000002,0,354,0.6924984455108643
847,0.18128036550785365,valid,0.7670807453416149,0.858765479876161,0.8704441416314395,0.7972972972972973,0.7375,0.8676470588235294,0.6546052631578947,0.17500000000000002,0,354,0.7127110958099365
848,0.17650253600195834,valid,0.7872670807453416,0.8732077205882354,0.8802050707266827,0.8136054421768707,0.7569620253164557,0.8794117647058823,0.6842105263157895,0.125,0,354,0.6942992210388184
849,0.16764374234174428,valid,0.7903726708074534,0.8736817917956655,0.8860137888217765,0.8148148148148148,0.7634961439588689,0.8735294117647059,0.6973684210526315,0.15000000000000002,0,354,0.6928791999816895
850,0.16166552352277855,valid,0.8004658385093167,0.8735971362229102,0.8818555676455346,0.812545587162655,0.8060781476121563,0.8191176470588235,0.7796052631578947,0.275,0,354,0.6956079006195068
851,0.1631142250017116,valid,0.7911490683229814,0.8719717492260062,0.8850274681486788,0.807444523979957,0.7866108786610879,0.8294117647058824,0.7483552631578947,0.1,0,354,0.6952219009399414
852,0.16358607380013718,valid,0.7833850931677019,0.8662756385448916,0.8790267536271343,0.8033826638477801,0.7713125845737483,0.8382352941176471,0.7220394736842105,0.17500000000000002,0,354,0.6945483684539795
853,0.16026706601444043,valid,0.7927018633540373,0.8699593653250774,0.8806112718676596,0.8115737473535639,0.7801899592944369,0.8455882352941176,0.7335526315789473,0.275,0,354,0.6930661201477051
854,0.15504307142998042,valid,0.7624223602484472,0.8546415441176471,0.8702822357526038,0.7932432432432432,0.73375,0.8632352941176471,0.649671052631579,0.15000000000000002,0,354,0.6955709457397461
855,0.1576523686710157,valid,0.765527950310559,0.8546754063467492,0.8663321048979806,0.7959459459459459,0.73625,0.8661764705882353,0.6529605263157895,0.1,0,354,0.6941087245941162
856,0.16764909891705765,valid,0.7686335403726708,0.8584026702786378,0.8725377475494417,0.8,0.7358024691358025,0.8764705882352941,0.6480263157894737,0.25,0,354,0.6963856220245361
857,0.16704881073612915,valid,0.7600931677018633,0.8521841137770899,0.8587339556112594,0.7946843853820598,0.7248484848484849,0.8794117647058823,0.6266447368421053,0.15000000000000002,0,354,0.6936309337615967
858,0.16441266866106735,valid,0.7678571428571429,0.8530669504643963,0.8662302872240097,0.7981093855503039,0.7378277153558053,0.8691176470588236,0.6546052631578947,0.125,0,354,0.6943721771240234
859,0.16504033615714625,valid,0.7740683229813664,0.8606327399380804,0.8661737715337563,0.804040404040404,0.7416149068322981,0.8779411764705882,0.6578947368421053,0.15000000000000002,0,354,0.6955156326293945
860,0.16053167769783422,valid,0.7841614906832298,0.8633247871517028,0.8690308961460099,0.8077455048409405,0.762402088772846,0.8588235294117647,0.7006578947368421,0.125,0,354,0.6933114528656006
861,0.15950573314177363,valid,0.78027950310559,0.8654169891640868,0.8733692496726171,0.8049620951068229,0.7574578469520103,0.8588235294117647,0.6924342105263158,0.225,0,354,0.6920313835144043
862,0.16881620805514486,valid,0.764751552795031,0.8635739164086687,0.8789183635044482,0.8,0.725748502994012,0.8911764705882353,0.6233552631578947,0.1,0,354,0.6924200057983398
863,0.16531699739004435,valid,0.7732919254658385,0.8502636416408669,0.8602148130426589,0.7955182072829131,0.7593582887700535,0.8352941176470589,0.7039473684210527,0.17500000000000002,0,354,0.6925909519195557
864,0.1644337922334671,valid,0.7608695652173914,0.8475570820433438,0.8608819450128465,0.7899045020463847,0.7366412213740458,0.8514705882352941,0.6595394736842105,0.17500000000000002,0,354,0.6958706378936768
865,0.1669598229621586,valid,0.7864906832298136,0.8717976006191951,0.8811172211718317,0.8099516240497581,0.7640156453715776,0.861764705882353,0.7023026315789473,0.1,0,354,0.6959178447723389
866,0.16381324200253738,valid,0.7717391304347826,0.8601997871517029,0.8730279982112509,0.7955493741307371,0.7546174142480211,0.8411764705882353,0.694078947368421,0.15000000000000002,0,354,0.6940264701843262
867,0.1636032324872519,valid,0.782608695652174,0.8654532701238389,0.8753388955870703,0.8058252427184466,0.7624671916010499,0.8544117647058823,0.7023026315789473,0.2,0,354,0.6957361698150635
868,0.16678421669884733,valid,0.7701863354037267,0.8481738583591332,0.8599928570980102,0.796423658872077,0.748062015503876,0.8514705882352941,0.6792763157894737,0.125,0,354,0.6948885917663574
869,0.16933322501809975,valid,0.7678571428571429,0.8579769736842104,0.8681245168965933,0.7925052047189451,0.7503285151116952,0.8397058823529412,0.6875,0.1,0,354,0.6926970481872559
870,0.1672316150445687,valid,0.7678571428571429,0.8481641834365325,0.8613068245625325,0.7910552061495457,0.7536617842876165,0.8323529411764706,0.6957236842105263,0.125,0,354,0.69392991065979
871,0.1572957368273484,valid,0.781055900621118,0.8652041408668731,0.878648778814495,0.803347280334728,0.7639257294429708,0.8470588235294118,0.7072368421052632,0.17500000000000002,0,354,0.6937522888183594
872,0.15914687161382876,valid,0.7694099378881988,0.8594354682662538,0.8661549192338911,0.8021319120586275,0.7332521315468941,0.8852941176470588,0.6398026315789473,0.125,0,354,0.6932511329650879
873,0.1612121494192826,valid,0.7849378881987578,0.8529895510835913,0.8542463198613665,0.8058864751226349,0.7697456492637216,0.8455882352941176,0.7171052631578947,0.25,0,354,0.6964941024780273
874,0.16449412781941264,valid,0.7919254658385093,0.874390479876161,0.882215493465659,0.8133704735376045,0.7724867724867724,0.8588235294117647,0.7171052631578947,0.15000000000000002,0,354,0.6925673484802246
875,0.16114982492045352,valid,0.7919254658385093,0.8702810565015481,0.8790963720326974,0.8123249299719888,0.7754010695187166,0.8529411764705882,0.7236842105263158,0.2,0,354,0.6927158832550049
876,0.15967095839349846,valid,0.7740683229813664,0.8534273413312693,0.8646838647175847,0.7901946647440519,0.7751060820367751,0.8058823529411765,0.7384868421052632,0.15000000000000002,0,354,0.6932446956634521
877,0.17146199784780802,valid,0.781832298136646,0.8610777863777089,0.872517125526945,0.7962291515591008,0.7854077253218884,0.8073529411764706,0.7532894736842105,0.30000000000000004,0,354,0.6957941055297852
878,0.15649317714728808,valid,0.7849378881987578,0.8640891060371518,0.8745262480974288,0.8020014295925662,0.780250347705146,0.825,0.7401315789473685,0.125,0,354,0.6957314014434814
879,0.16947894661050095,valid,0.7958074534161491,0.8734616873065015,0.8821143310017467,0.8146582100070472,0.7821380243572396,0.85,0.7351973684210527,0.275,0,354,0.6910130977630615
880,0.16535475065833644,valid,0.7950310559006211,0.8693063080495356,0.8775746012445733,0.81169757489301,0.7880886426592798,0.836764705882353,0.7483552631578947,0.2,0,354,0.6973414421081543
881,0.15173309570864627,valid,0.7880434782608695,0.8625096749226004,0.8674725569557908,0.8092243186582809,0.7709720372836218,0.8514705882352941,0.7171052631578947,0.17500000000000002,0,354,0.6949722766876221
882,0.171597589787684,valid,0.7740683229813664,0.8651968846749226,0.8736715554702146,0.8029790115098172,0.7440401505646174,0.8720588235294118,0.6644736842105263,0.15000000000000002,0,354,0.696319580078125
883,0.16323390563851908,valid,0.7833850931677019,0.8698626160990711,0.8823554456635709,0.8092959671907041,0.756066411238825,0.8705882352941177,0.6858552631578947,0.1,0,354,0.6967153549194336
884,0.15697316825389862,valid,0.7903726708074534,0.862749129256966,0.8681783024142026,0.8111888111888111,0.7733333333333333,0.8529411764705882,0.7203947368421053,0.2,0,354,0.6955826282501221
885,0.1552852462781103,valid,0.7709627329192547,0.8613511029411764,0.8725255690820117,0.8,0.7421383647798742,0.8676470588235294,0.662828947368421,0.1,0,354,0.6953508853912354
886,0.1613127902934426,valid,0.7927018633540373,0.8698916408668729,0.8814547905245174,0.8113074204946996,0.780952380952381,0.8441176470588235,0.7351973684210527,0.15000000000000002,0,354,0.6944563388824463
887,0.1624268850213603,valid,0.7841614906832298,0.869296633126935,0.8789784048774253,0.8069444444444445,0.7644736842105263,0.8544117647058823,0.7055921052631579,0.2,0,354,0.6974790096282959
888,0.15077499339455053,valid,0.7872670807453416,0.8610366679566562,0.8688903293010045,0.8070422535211268,0.7743243243243243,0.8426470588235294,0.725328947368421,0.225,0,354,0.694394588470459
889,0.15752224663370534,valid,0.797360248447205,0.8761247097523219,0.8905862236471522,0.814498933901919,0.7881705639614855,0.8426470588235294,0.7467105263157895,0.25,0,354,0.6936039924621582
890,0.16347449939501912,valid,0.7864906832298136,0.865235584365325,0.8742201939353815,0.8094248094248094,0.765399737876802,0.8588235294117647,0.7055921052631579,0.1,0,354,0.6938595771789551
891,0.16781935252641378,valid,0.796583850931677,0.8751668924148608,0.8848466889293265,0.8188105117565698,0.7728459530026109,0.8705882352941177,0.7138157894736842,0.15000000000000002,0,354,0.6943867206573486
892,0.17027208522746437,valid,0.7872670807453416,0.8633755804953559,0.8736980397552776,0.8120713305898491,0.7609254498714653,0.8705882352941177,0.694078947368421,0.15000000000000002,0,354,0.6971023082733154
893,0.15551460063771197,valid,0.7663043478260869,0.8584655572755417,0.8731914823798963,0.7975790181573639,0.734820322180917,0.8720588235294118,0.6480263157894737,0.1,0,354,0.6924364566802979
894,0.1522911802718514,valid,0.7903726708074534,0.8644253095975232,0.8765243176895342,0.8087818696883853,0.7800546448087432,0.8397058823529412,0.7351973684210527,0.2,0,354,0.6931545734405518
895,0.14793882597433894,valid,0.7763975155279503,0.8610753676470588,0.8732440679211635,0.7971830985915493,0.7648648648648648,0.8323529411764706,0.7138157894736842,0.125,0,354,0.69425368309021
896,0.16916549323420776,valid,0.7748447204968945,0.8639609133126935,0.8792422402925087,0.8024523160762943,0.7474619289340102,0.8661764705882353,0.6726973684210527,0.1,0,354,0.694584846496582
897,0.17649222126132563,valid,0.7686335403726708,0.8449980650154799,0.8616396966735832,0.7889518413597734,0.7609289617486339,0.8191176470588235,0.712171052631579,0.1,0,354,0.698136568069458
898,0.18041902741319255,valid,0.764751552795031,0.8541844040247678,0.8639415112570559,0.795131845841785,0.7359198998748435,0.8647058823529412,0.6529605263157895,0.1,0,354,0.6940269470214844
899,0.17395249558122536,valid,0.7701863354037267,0.8542472910216719,0.862925600018023,0.7994579945799458,0.7412060301507538,0.8676470588235294,0.6611842105263158,0.1,0,354,0.6949882507324219
900,0.16197745345140757,valid,0.7694099378881988,0.8594886803405574,0.8737093276878175,0.796435915010281,0.7458279845956355,0.8544117647058823,0.6743421052631579,0.1,0,354,0.6957564353942871
901,0.15580708533525467,valid,0.7787267080745341,0.8631578947368421,0.8730160017699865,0.8067796610169492,0.7484276729559748,0.875,0.6710526315789473,0.17500000000000002,0,354,0.6948044300079346
902,0.14776371105721123,valid,0.7670807453416149,0.8646526702786378,0.8763385566913244,0.79702300405954,0.7380952380952381,0.8661764705882353,0.65625,0.1,0,354,0.6908085346221924
903,0.17623654556901833,valid,0.7740683229813664,0.8665489551083592,0.8786512935319619,0.8008213552361396,0.7490396927016645,0.8602941176470589,0.6776315789473685,0.1,0,354,0.6946167945861816
904,0.1650531307647103,valid,0.7717391304347826,0.8586796149380804,0.8610727958546748,0.8042609853528628,0.7347931873479319,0.888235294117647,0.6414473684210527,0.1,0,354,0.6952235698699951
905,0.1593945477353899,valid,0.7694099378881988,0.8695578560371517,0.8792816294279239,0.8080155138978669,0.720876585928489,0.9191176470588235,0.6019736842105263,0.1,0,354,0.695681095123291
906,0.1485122528515364,valid,0.7895962732919255,0.8630756578947368,0.869061981902862,0.8106219426974144,0.7723035952063915,0.8529411764705882,0.71875,0.17500000000000002,0,354,0.6994776725769043
907,0.15139063447713852,valid,0.7748447204968945,0.8635352167182664,0.8781531692969375,0.7940340909090909,0.7678571428571429,0.8220588235294117,0.7220394736842105,0.125,0,354,0.6943058967590332
908,0.15794907863202848,valid,0.7895962732919255,0.868343653250774,0.877596529887451,0.8145106091718002,0.7618437900128041,0.875,0.694078947368421,0.15000000000000002,0,354,0.6952221393585205
909,0.1506534465833714,valid,0.7833850931677019,0.8674753289473685,0.8788158332612743,0.8105906313645621,0.7528373266078184,0.8779411764705882,0.6776315789473685,0.225,0,354,0.6937551498413086
910,0.1603819390660838,valid,0.797360248447205,0.8733020510835913,0.8822124990776439,0.8196268140981341,0.7731421121251629,0.8720588235294118,0.7138157894736842,0.1,0,354,0.6929335594177246
911,0.16170111886764826,valid,0.7888198757763976,0.8702979876160991,0.8775086117180764,0.8108484005563282,0.7691292875989446,0.8573529411764705,0.712171052631579,0.1,0,354,0.6959764957427979
912,0.15679731023939034,valid,0.781055900621118,0.8709510448916409,0.8790011234775281,0.8099730458221024,0.7475124378109452,0.8838235294117647,0.6661184210526315,0.125,0,354,0.6950647830963135
913,0.14873795054460826,valid,0.7841614906832298,0.8670024671052631,0.8773493430044075,0.8116531165311653,0.7525125628140703,0.8808823529411764,0.6759868421052632,0.17500000000000002,0,354,0.6944708824157715
914,0.15543050750305779,valid,0.7841614906832298,0.860608552631579,0.8666816636665722,0.8064066852367688,0.7658730158730159,0.8514705882352941,0.7088815789473685,0.225,0,354,0.6928360462188721
915,0.16007115574259506,valid,0.7631987577639752,0.8504208591331268,0.8635503102507567,0.7889273356401384,0.7450980392156863,0.8382352941176471,0.6792763157894737,0.1,0,354,0.6967246532440186
916,0.15249068133140864,valid,0.7880434782608695,0.8728086300309599,0.8834673609946772,0.815913688469319,0.7534246575342466,0.8897058823529411,0.6743421052631579,0.15000000000000002,0,354,0.693392276763916
917,0.15504124015569687,valid,0.7795031055900621,0.8670568885448917,0.8780317978909398,0.8057455540355677,0.7531969309462916,0.8661764705882353,0.6825657894736842,0.2,0,354,0.6931371688842773
918,0.1623848515905832,valid,0.7748447204968945,0.863138544891641,0.8745568403673643,0.8005502063273727,0.751937984496124,0.8558823529411764,0.6842105263157895,0.125,0,354,0.6945524215698242
919,0.1556372179796821,valid,0.7694099378881988,0.8530161571207431,0.8641115264238797,0.7901060070671378,0.7605442176870748,0.8220588235294117,0.7105263157894737,0.17500000000000002,0,354,0.6950526237487793
920,0.1575881556460732,valid,0.7732919254658385,0.8553381385448915,0.8712091106205776,0.7969401947148818,0.7559366754617414,0.8426470588235294,0.6957236842105263,0.1,0,354,0.6967897415161133
921,0.15692591667175293,valid,0.7779503105590062,0.8629087654798762,0.872258941052485,0.8095872170439414,0.7396593673965937,0.8941176470588236,0.6480263157894737,0.1,0,354,0.6920595169067383
922,0.15213910058925026,valid,0.782608695652174,0.8695409249226006,0.8835693562858358,0.8082191780821918,0.7564102564102564,0.8676470588235294,0.6875,0.17500000000000002,0,354,0.6953945159912109
923,0.1564516719234617,valid,0.7709627329192547,0.8598031153250774,0.87254271962956,0.7906316536550745,0.7640603566529492,0.8191176470588235,0.7171052631578947,0.1,0,354,0.6907789707183838
924,0.15876787077439458,valid,0.7833850931677019,0.8653928018575852,0.8744388239458541,0.8077188146106133,0.7600518806744487,0.861764705882353,0.6957236842105263,0.17500000000000002,0,354,0.6949195861816406
925,0.14704328304842898,valid,0.7663043478260869,0.8593411377708977,0.8709351425063622,0.8036529680365296,0.7221570926143025,0.9058823529411765,0.6101973684210527,0.1,0,354,0.6972424983978271
926,0.16441753781155535,valid,0.7872670807453416,0.8660627902476781,0.87646024227789,0.8028776978417266,0.7859154929577464,0.8205882352941176,0.75,0.25,0,354,0.6951472759246826
927,0.15510910710221842,valid,0.7880434782608695,0.8684404024767802,0.8752481508390393,0.8051391862955032,0.782246879334258,0.8294117647058824,0.7417763157894737,0.15000000000000002,0,354,0.6967761516571045
928,0.15005792128412346,valid,0.7717391304347826,0.8650565982972137,0.8764701299616411,0.7980769230769231,0.7487113402061856,0.8544117647058823,0.6792763157894737,0.225,0,354,0.6946134567260742
929,0.16140579471462652,valid,0.7787267080745341,0.8605674342105263,0.872862519853627,0.8051948051948052,0.7522349936143039,0.8661764705882353,0.680921052631579,0.125,0,354,0.6935815811157227
930,0.14769406812755684,valid,0.7849378881987578,0.8633731617647058,0.8724788988686618,0.8,0.7858156028368795,0.8147058823529412,0.7516447368421053,0.125,0,354,0.6947991847991943
931,0.1659185423662788,valid,0.7717391304347826,0.8568958010835913,0.8700680129428457,0.7949790794979079,0.7559681697612732,0.8382352941176471,0.6973684210526315,0.15000000000000002,0,354,0.6924552917480469
932,0.15263090243465022,valid,0.78027950310559,0.8605432469040248,0.8740656788739335,0.7994330262225372,0.771545827633379,0.8294117647058824,0.725328947368421,0.225,0,354,0.6930770874023438
933,0.1596246416631498,valid,0.7872670807453416,0.8671076818885449,0.8777061618631121,0.8081232492997199,0.7713903743315508,0.8485294117647059,0.71875,0.2,0,354,0.6946418285369873
934,0.15732724415628532,valid,0.781055900621118,0.8625048374613002,0.871720997969174,0.8014084507042254,0.768918918918919,0.836764705882353,0.71875,0.15000000000000002,0,354,0.6963644027709961
935,0.14742290463886762,valid,0.7911490683229814,0.8634747484520123,0.8658780339924379,0.8112280701754386,0.7758389261744967,0.85,0.725328947368421,0.17500000000000002,0,354,0.6912782192230225
936,0.15982887305711446,valid,0.7833850931677019,0.8542738970588235,0.8562776714658312,0.802547770700637,0.7735334242837654,0.8338235294117647,0.7269736842105263,0.375,0,354,0.6960592269897461
937,0.15752929135372765,valid,0.7748447204968945,0.8584921633126936,0.8690876754808077,0.7994467496542186,0.7545691906005222,0.85,0.6907894736842105,0.17500000000000002,0,354,0.6954469680786133
938,0.15668751417022003,valid,0.7911490683229814,0.8669722329721363,0.8724809690406681,0.8046477850399419,0.7948350071736011,0.8147058823529412,0.7648026315789473,0.1,0,354,0.6922357082366943
939,0.15673175336498962,valid,0.7569875776397516,0.8551373839009287,0.8698403630055995,0.7892255892255893,0.7279503105590062,0.861764705882353,0.6398026315789473,0.1,0,354,0.6959071159362793
940,0.14282270520925522,valid,0.7725155279503105,0.8549269543343654,0.862683461419133,0.7983482450103234,0.7503234152652005,0.8529411764705882,0.6825657894736842,0.125,0,354,0.6919984817504883
941,0.15500762509672264,valid,0.7624223602484472,0.837485487616099,0.8546069545727994,0.78328611898017,0.755464480874317,0.8132352941176471,0.7055921052631579,0.17500000000000002,0,354,0.6957178115844727
942,0.15862651090872915,valid,0.7895962732919255,0.8681211300309597,0.8781665126525318,0.8100911002102312,0.7737617135207496,0.85,0.7220394736842105,0.125,0,354,0.6943638324737549
943,0.14776158881814858,valid,0.7849378881987578,0.8628337848297214,0.8702856892508601,0.8072372999304106,0.7661822985468957,0.8529411764705882,0.7088815789473685,0.275,0,354,0.6934494972229004
944,0.14880868596465965,valid,0.7872670807453416,0.8612229102167184,0.868556123162536,0.806497175141243,0.7758152173913043,0.8397058823529412,0.7286184210526315,0.17500000000000002,0,354,0.6923236846923828
945,0.14719796847355993,valid,0.7919254658385093,0.863157894736842,0.8676209901550934,0.8077474892395983,0.788515406162465,0.8279411764705882,0.7516447368421053,0.225,0,354,0.6940362453460693
946,0.14146583017550016,valid,0.7795031055900621,0.8657580301857586,0.8755363192245132,0.7994350282485876,0.7690217391304348,0.8323529411764706,0.7203947368421053,0.225,0,354,0.6931648254394531
947,0.1478807447772277,valid,0.7624223602484472,0.8545919601393188,0.8633540821793355,0.7973509933774835,0.7253012048192771,0.8852941176470588,0.625,0.1,0,354,0.6935205459594727
948,0.15424706551589465,valid,0.7787267080745341,0.8559331462848299,0.8674316517475,0.7945205479452054,0.7793493635077794,0.8102941176470588,0.743421052631579,0.1,0,354,0.6979579925537109
949,0.14716521023135437,valid,0.7709627329192547,0.8594499806501549,0.8704779682442118,0.7980835044490076,0.7464788732394366,0.8573529411764705,0.6743421052631579,0.15000000000000002,0,354,0.6985692977905273
950,0.16579017984239677,valid,0.78027950310559,0.8566708591331269,0.8596496922047967,0.8016818500350386,0.7657295850066934,0.8411764705882353,0.712171052631579,0.125,0,354,0.703577995300293
951,0.1507711073285655,valid,0.7911490683229814,0.8672213622291024,0.8741258303366224,0.8085409252669039,0.783448275862069,0.8352941176470589,0.7417763157894737,0.30000000000000004,0,354,0.6915678977966309
952,0.15041009846486544,valid,0.7701863354037267,0.8646454140866874,0.8739539130689181,0.8,0.74,0.8705882352941177,0.6578947368421053,0.1,0,354,0.707155704498291
953,0.1523199689231421,valid,0.797360248447205,0.8652210719814242,0.8745640255654548,0.8139700641482538,0.7897648686030428,0.8397058823529412,0.75,0.30000000000000004,0,354,0.7078242301940918
954,0.16430825151895223,valid,0.7608695652173914,0.8518672600619195,0.8640286823465628,0.7924528301886793,0.7313432835820896,0.8647058823529412,0.6447368421052632,0.15000000000000002,0,354,0.6940710544586182
955,0.15389809875111832,valid,0.7779503105590062,0.8636416408668731,0.8728066119688289,0.8041095890410959,0.7525641025641026,0.8632352941176471,0.6825657894736842,0.1,0,354,0.6933047771453857
956,0.1628887974902203,valid,0.7864906832298136,0.8684742647058823,0.8829788318210385,0.8075577326801959,0.7703604806408545,0.8485294117647059,0.7171052631578947,0.1,0,354,0.6905357837677002
957,0.16253463806290375,valid,0.7903726708074534,0.8698384287925697,0.8782466889674406,0.8117154811715481,0.7718832891246684,0.8558823529411764,0.7171052631578947,0.15000000000000002,0,354,0.6934771537780762
958,0.15928234395227933,valid,0.7841614906832298,0.8610729489164087,0.8714155562005239,0.8069444444444445,0.7644736842105263,0.8544117647058823,0.7055921052631579,0.15000000000000002,0,354,0.693960428237915
959,0.15989882655833898,valid,0.7725155279503105,0.8713452979876161,0.8835865732903916,0.8037508372404555,0.7380073800738007,0.8823529411764706,0.649671052631579,0.1,0,354,0.695493221282959
960,0.1492823515283434,valid,0.7725155279503105,0.8560734326625387,0.8626831708572642,0.8002726653033402,0.7458703939008895,0.8632352941176471,0.6710526315789473,0.17500000000000002,0,354,0.6937355995178223
961,0.14582959915462293,valid,0.7795031055900621,0.8678066950464396,0.8778531394925889,0.8052126200274349,0.7544987146529563,0.8632352941176471,0.6858552631578947,0.2,0,354,0.695608377456665
962,0.15370105991238042,valid,0.781832298136646,0.8596749226006192,0.871802026005104,0.8008504606661941,0.7729138166894665,0.8308823529411765,0.7269736842105263,0.15000000000000002,0,354,0.6997764110565186
963,0.1442234520065157,valid,0.7725155279503105,0.8659720878482973,0.8756972831908381,0.8060886829913965,0.7328519855595668,0.8955882352941177,0.6348684210526315,0.1,0,354,0.6949076652526855
964,0.14996590426093653,valid,0.7678571428571429,0.8562088815789473,0.8689123125748545,0.7950651130911583,0.7445442875481386,0.8529411764705882,0.6726973684210527,0.1,0,354,0.6947650909423828
965,0.15179958155280665,valid,0.782608695652174,0.8666190982972136,0.8789313628135833,0.8028169014084507,0.7702702702702703,0.8382352941176471,0.7203947368421053,0.125,0,354,0.6989178657531738
966,0.14177323956238597,valid,0.7725155279503105,0.8633078560371518,0.8773798162963868,0.7994524298425736,0.7477592829705506,0.8588235294117647,0.6759868421052632,0.125,0,354,0.6931717395782471
967,0.14718318573738398,valid,0.7732919254658385,0.8599772639318887,0.8700344800430309,0.8018995929443691,0.7443324937027708,0.8691176470588236,0.6661184210526315,0.125,0,354,0.6981990337371826
968,0.15868768448892392,valid,0.7468944099378882,0.8444828753869968,0.8621274954681781,0.7779291553133515,0.7246192893401016,0.8397058823529412,0.6430921052631579,0.125,0,354,0.6949746608734131
969,0.14104542881250381,valid,0.7616459627329193,0.8582454527863776,0.8752301031039535,0.7976268951878708,0.7228195937873357,0.8897058823529411,0.618421052631579,0.1,0,354,0.6917195320129395
970,0.14769738285165085,valid,0.7523291925465838,0.8409926470588235,0.8562004896486235,0.784895482130816,0.7247820672478207,0.8558823529411764,0.6365131578947368,0.125,0,354,0.6943964958190918
971,0.1503955337562059,valid,0.7756211180124224,0.8602505804953562,0.8712702315714159,0.8011011699931176,0.7529107373868047,0.8558823529411764,0.6858552631578947,0.125,0,354,0.6945056915283203
972,0.1530189435732992,valid,0.7763975155279503,0.8663312693498452,0.8825137268349218,0.7960339943342776,0.76775956284153,0.8264705882352941,0.7203947368421053,0.1,0,354,0.693488359451294
973,0.15244817302415245,valid,0.7694099378881988,0.8505563080495357,0.8686169528504601,0.7950310559006211,0.7490247074122237,0.8470588235294118,0.6825657894736842,0.275,0,354,0.6933574676513672
974,0.14654603639715597,valid,0.7732919254658385,0.8533838041795666,0.8621926560068958,0.7969401947148818,0.7559366754617414,0.8426470588235294,0.6957236842105263,0.15000000000000002,0,354,0.7026968002319336
975,0.14147044012421056,valid,0.7911490683229814,0.8701310952012384,0.8817866698470664,0.8128044537230341,0.7714663143989432,0.8588235294117647,0.7154605263157895,0.125,0,354,0.7006702423095703
976,0.15595690200203344,valid,0.78027950310559,0.8608455882352941,0.869108523041112,0.8016818500350386,0.7657295850066934,0.8411764705882353,0.712171052631579,0.25,0,354,0.6966571807861328
977,0.1620316995601905,valid,0.7795031055900621,0.8710961687306502,0.8824766968608684,0.8114209827357237,0.7397094430992736,0.8985294117647059,0.6463815789473685,0.125,0,354,0.6918714046478271
978,0.15632574691584236,valid,0.7725155279503105,0.8559766834365324,0.869447425547607,0.7963863794301599,0.7549407114624506,0.8426470588235294,0.694078947368421,0.2,0,354,0.7052028179168701
979,0.14576137301168943,valid,0.7787267080745341,0.8613027283281733,0.8729261974016536,0.8035837353549277,0.7561608300907912,0.8573529411764705,0.6907894736842105,0.125,0,354,0.7008845806121826
980,0.15556349958244123,valid,0.7624223602484472,0.8520583397832818,0.8659679570285679,0.7895460797799174,0.7416020671834626,0.8441176470588235,0.6710526315789473,0.15000000000000002,0,354,0.6953043937683105
981,0.15438609531051234,valid,0.7864906832298136,0.8605456656346748,0.8661204327537374,0.8037116345467523,0.7808599167822469,0.8279411764705882,0.7401315789473685,0.225,0,354,0.6971054077148438
982,0.14498343553982282,valid,0.797360248447205,0.8726925309597524,0.882512500349414,0.8129032258064516,0.793006993006993,0.8338235294117647,0.756578947368421,0.225,0,354,0.6958205699920654
983,0.15025779957834043,valid,0.7763975155279503,0.8591597329721362,0.8662478798673909,0.8074866310160428,0.7401960784313726,0.888235294117647,0.6513157894736842,0.125,0,354,0.693425178527832
984,0.1575162053892487,valid,0.7631987577639752,0.8568329140866873,0.8701047722861457,0.7918088737201365,0.7388535031847133,0.8529411764705882,0.662828947368421,0.1,0,354,0.6922664642333984
985,0.1762107842062649,valid,0.7996894409937888,0.8789957430340558,0.8896579644342304,0.8180535966149506,0.7859078590785907,0.8529411764705882,0.7401315789473685,0.1,0,354,0.6937193870544434
986,0.15430227667093277,valid,0.7717391304347826,0.8524816176470587,0.8599123853582789,0.8005427408412483,0.743073047858942,0.8676470588235294,0.6644736842105263,0.15000000000000002,0,354,0.6902787685394287
987,0.1366523406223247,valid,0.8020186335403726,0.8730093846749226,0.8859084400196076,0.8112509252405625,0.8166915052160953,0.8058823529411765,0.7976973684210527,0.2,0,354,0.696803092956543
988,0.1445762683686457,valid,0.7686335403726708,0.8553720007739938,0.869187560064022,0.8010680907877169,0.7334963325183375,0.8823529411764706,0.6414473684210527,0.1,0,354,0.6952459812164307
989,0.13838165802390953,valid,0.7670807453416149,0.8595418924148608,0.8706815254517575,0.8023715415019763,0.7267303102625299,0.8955882352941177,0.6233552631578947,0.1,0,354,0.6940896511077881
990,0.14865311941033915,valid,0.781832298136646,0.8562500000000001,0.8592119613455659,0.8058051140290255,0.7601043024771839,0.8573529411764705,0.6973684210526315,0.125,0,354,0.6985869407653809
991,0.16915516123959892,valid,0.7694099378881988,0.8596773413312694,0.8736275637358573,0.7989167230873392,0.740276035131744,0.8676470588235294,0.6595394736842105,0.1,0,354,0.693490743637085
992,0.15517118220266543,valid,0.7795031055900621,0.8682299729102166,0.8788444874987571,0.8065395095367848,0.751269035532995,0.8705882352941177,0.6776315789473685,0.15000000000000002,0,354,0.6940774917602539
993,0.14296035939141324,valid,0.7709627329192547,0.8519930340557276,0.859972253844322,0.7915194346289752,0.7619047619047619,0.8235294117647058,0.712171052631579,0.17500000000000002,0,354,0.6937501430511475
994,0.14209034607598656,valid,0.7841614906832298,0.8695481811145511,0.8783056341920212,0.8101092896174863,0.7563775510204082,0.8720588235294118,0.6858552631578947,0.125,0,354,0.6959023475646973
995,0.14954849293357447,valid,0.7942546583850931,0.8726006191950464,0.8846121050708352,0.8052902277736959,0.8046989720998532,0.8058823529411765,0.78125,0.42500000000000004,0,354,0.6961216926574707
996,0.13941271054117302,valid,0.7763975155279503,0.8614285023219814,0.8723614557051153,0.799163179916318,0.7599469496021221,0.8426470588235294,0.7023026315789473,0.1,0,354,0.6923861503601074
997,0.14305634443697177,valid,0.7958074534161491,0.870655959752322,0.8796061684140151,0.8154385964912281,0.7798657718120805,0.8544117647058823,0.7302631578947368,0.15000000000000002,0,354,0.6967577934265137
998,0.15288158466941432,valid,0.7725155279503105,0.8612470975232196,0.8730905802829872,0.7911617961511048,0.7676348547717843,0.8161764705882353,0.7236842105263158,0.125,0,354,0.6942288875579834
999,0.1509452124959544,valid,0.7787267080745341,0.8625773993808049,0.8778451622285858,0.7956989247311828,0.7762237762237763,0.8161764705882353,0.7368421052631579,0.225,0,354,0.6932523250579834
1000,0.1413672935021551,valid,0.7911490683229814,0.8625096749226006,0.8678388186183379,0.8077197998570408,0.7858136300417247,0.8308823529411765,0.7467105263157895,0.25,0,354,0.6933176517486572
