epoch,train_loss,selection_split,selection_acc,selection_auc,selection_auprc,selection_f1,selection_precision,selection_recall,selection_specificity,selection_threshold,best_so_far,best_epoch_so_far,elapsed_sec
1,0.619248523827522,valid,0.6484333510355815,0.7095200262404344,0.666684153836871,0.7313311688311688,0.5925682341335087,0.954954954954955,0.34060670569451834,0.275,1,1,2.875577449798584
2,0.5993255155701791,valid,0.6561338289962825,0.7135040371743249,0.6675539954671648,0.7320504862404303,0.6004752206381534,0.9374668786433492,0.37360298030867484,0.30000000000000004,1,2,3.4190587997436523
3,0.601383795661311,valid,0.6537440254912373,0.7119497483270454,0.6673938454171604,0.7283333333333334,0.6000686577411604,0.926338102808691,0.37998935604044703,0.325,0,2,2.1483848094940186
4,0.5944941236126807,valid,0.6579925650557621,0.7095315896305159,0.6643273328702285,0.734651833539349,0.6009437141894169,0.9448860625331214,0.369877594465141,0.275,1,4,2.164156913757324
5,0.5903225983342817,valid,0.6561338289962825,0.7209858325908791,0.6745438359792734,0.7381193124368048,0.5967952910398954,0.9671436142024378,0.34379989356040447,0.275,1,5,2.1751487255096436
6,0.5847988859299691,valid,0.6574614976101965,0.7141025131195121,0.6553161884473183,0.7359803520261973,0.5995331777259086,0.9528351881293058,0.3608302288451304,0.25,0,5,2.164425849914551
7,0.5801444284377559,valid,0.6571959638874137,0.7115695666238822,0.6672871414383199,0.7292933529041727,0.6034004163775156,0.9215686274509803,0.3916977115486961,0.45000000000000007,0,5,2.159636974334717
8,0.5826579702477301,valid,0.6635687732342007,0.7272881622191331,0.6789906951723383,0.7390319258496395,0.6044474393530997,0.9507154213036566,0.3751995742416179,0.275,1,8,2.1865832805633545
9,0.5710546532946248,valid,0.6664896441848115,0.7421493747449356,0.6839704953795401,0.7418824496506371,0.6059080228264518,0.9565447800741919,0.3751995742416179,0.325,1,9,2.178922653198242
10,0.5646652733125994,valid,0.6725969198088158,0.7346464267855497,0.6727278161053496,0.7427498435218026,0.6125258086717137,0.9432962374138845,0.4007450771687068,0.45000000000000007,1,10,2.225553274154663
11,0.5599967308582798,valid,0.6733935209771641,0.7521387336057217,0.6973716771464784,0.7475369458128078,0.6100502512562814,0.9650238473767886,0.38052155401809473,0.45000000000000007,1,11,2.215956926345825
12,0.5598462248040784,valid,0.6816250663834307,0.7577544516936559,0.7022716179706354,0.747844374342797,0.6199442119944212,0.9422363540010599,0.4199042043640234,0.475,1,12,2.196680784225464
13,0.5545598528077526,valid,0.6877323420074349,0.7589566212112622,0.6993148958632915,0.7431192660550459,0.6321070234113713,0.9014308426073132,0.4731240021287919,0.5,0,12,2.18270206451416
14,0.542805407316454,valid,0.7105682421667552,0.7820848115435349,0.7266267011731453,0.7618006993006993,0.6481963555224991,0.9236883942766295,0.49654071314529,0.45000000000000007,1,14,2.1756932735443115
15,0.544652332221308,valid,0.6970260223048327,0.7647440979469906,0.6945230084759126,0.7517946486839243,0.6376383763837639,0.9157392686804452,0.4773815859499734,0.45000000000000007,0,14,2.161374568939209
16,0.5390052026317965,valid,0.7092405735528412,0.7808605023644313,0.7301398090946236,0.7561790247160989,0.652073732718894,0.8998410174880763,0.5178286322511975,0.6,0,14,2.15934681892395
17,0.5411596029035507,valid,0.6741901221455124,0.7369796932768475,0.6656775349130306,0.7399872854418309,0.6165254237288136,0.9252782193958664,0.42203299627461416,0.25,0,14,2.160646915435791
18,0.5419594957943885,valid,0.661975570897504,0.7154072019613766,0.6511538011511923,0.7300106044538707,0.6085572842998586,0.9120296767355591,0.4108568387440128,0.4,0,14,2.151719331741333
19,0.5397488739221327,valid,0.717206585236325,0.7920431466748343,0.7423710590984041,0.7616916536137839,0.6591789310611929,0.9019607843137255,0.5316657796700373,0.475,0,14,2.1411850452423096
20,0.531617870734584,valid,0.713489113117366,0.7852029783908442,0.7327116906718756,0.7550510783200908,0.6604447974583002,0.881293057763646,0.5449707291112293,0.475,0,14,2.1807949542999268
21,0.5336422328987429,valid,0.7230483271375465,0.7945751060517988,0.7365975698744731,0.7638668779714739,0.666798418972332,0.8940116587175411,0.5513571048430016,0.375,1,21,2.1618261337280273
22,0.5363398439461186,valid,0.72623473181094,0.793624792810843,0.7424438079112847,0.76991742914528,0.6649961449498843,0.9141494435612083,0.5375199574241618,0.5,1,22,2.165292739868164
23,0.5311775024860136,valid,0.7158789166224111,0.7970341596644699,0.7437701014478695,0.7659667541557306,0.6521415270018622,0.9279279279279279,0.5029270888770623,0.45000000000000007,0,22,2.1567113399505615
24,0.5327592001807305,valid,0.7209240573552841,0.7992781624250178,0.7477202164247411,0.7709740684244933,0.654700222057735,0.9374668786433492,0.50345928685471,0.42500000000000004,1,24,2.1504335403442383
25,0.5238376812588784,valid,0.6917153478491769,0.7685591705721313,0.6991411652028978,0.7557332211235009,0.6266573621772505,0.9517753047164812,0.4305481639169771,0.375,0,24,2.16721773147583
26,0.5237964084071498,valid,0.7092405735528412,0.79055485376119,0.7453494559542053,0.7568287808127915,0.6513761467889908,0.9030206677265501,0.5146354443853113,0.4,0,24,2.153287649154663
27,0.5227830087946307,valid,0.6975570897503983,0.7787850148617765,0.7275765045078422,0.7547900968783638,0.635605511240029,0.9289878113407525,0.4651410324640766,0.35,0,24,2.1521990299224854
28,0.5179609142003521,valid,0.7209240573552841,0.7904225798600153,0.7409479097206068,0.7620556939098936,0.6652173913043479,0.8918918918918919,0.5492283129324108,0.475,0,24,2.15303373336792
29,0.5199632889801457,valid,0.6744556558682953,0.7498854237263279,0.699796546275381,0.7376979032948224,0.6185862935055615,0.913619501854796,0.4342735497605109,0.5,0,24,2.1421425342559814
30,0.5175468219864753,valid,0.7280934678704195,0.7972965922125362,0.7359585987325656,0.7686398553999096,0.6699487987396613,0.9014308426073132,0.55401809473124,0.475,0,24,2.135469675064087
31,0.5170611465169538,valid,0.7137546468401487,0.8024279170696226,0.7492675374823632,0.7656521739130435,0.6490969406561002,0.9332273449920508,0.49334752527940395,0.45000000000000007,0,24,2.137986183166504
32,0.5137104343983435,valid,0.718534253850239,0.8032709164099453,0.749557432417587,0.7685589519650655,0.6535462309691794,0.9326974032856385,0.50345928685471,0.35,0,24,2.157358407974243
33,0.5153028575643417,valid,0.7219861922464152,0.7829509376640202,0.721138143525585,0.7677977378576181,0.6601830663615561,0.9173290937996821,0.5258116019159127,0.42500000000000004,0,24,2.1511569023132324
34,0.5098070093700963,valid,0.7116303770578863,0.7783103518006315,0.7291742231478635,0.7557354925775979,0.6565064478311841,0.890302066772655,0.532197977647685,0.475,0,24,2.1395795345306396
35,0.5037385931899471,valid,0.728890069038768,0.8194465479473149,0.777807672339562,0.7730606801511447,0.6657733537519143,0.9215686274509803,0.535391165513571,0.475,1,35,2.153878688812256
36,0.505218054017713,valid,0.7392458842272969,0.8128603511942585,0.7660295498811265,0.7688323917137476,0.6916560779330791,0.8653948065712772,0.6125598722724853,0.625,0,35,2.148949146270752
37,0.5121846896025443,valid,0.741635687732342,0.8303601319128978,0.791878583959799,0.7791146424517593,0.6814932486100079,0.9093799682034976,0.5731772219265566,0.525,1,37,2.1522367000579834
38,0.5011697219264123,valid,0.7379182156133829,0.823936809739646,0.7771009666104691,0.7799331103678929,0.6732101616628176,0.9268680445151033,0.5481639169771155,0.475,1,38,2.176515817642212
39,0.49676826355918763,valid,0.7304832713754646,0.8115579186236295,0.7603296635824118,0.7683177356767861,0.6748195669607057,0.8918918918918919,0.5683874401277275,0.42500000000000004,0,38,2.17045521736145
40,0.49168238043785095,valid,0.7482740308019118,0.8317191122813636,0.7940144959926801,0.7770460959548448,0.6985200845665962,0.8754636989931107,0.6205428419372007,0.6,0,38,2.157249689102173
41,0.4877189787164811,valid,0.7549123738714817,0.836328674415266,0.7933865853203013,0.784295396120589,0.7015050167224081,0.8892421833598304,0.620010643959553,0.5750000000000001,1,41,2.1871373653411865
42,0.481010960475091,valid,0.7612851832182688,0.847593108557952,0.8142020184547369,0.7913669064748201,0.7039636663914121,0.9035506094329624,0.6184140500266099,0.5,1,42,2.1678690910339355
43,0.47608171836022406,valid,0.7474774296335635,0.8329327041720994,0.7943099232172004,0.7804202262756869,0.6914893617021277,0.895601483836778,0.5987227248536455,0.45000000000000007,0,42,2.170159339904785
44,0.47580044692562473,valid,0.776420605416888,0.8517962598355798,0.8176529794175537,0.7963231736816643,0.7325322652425457,0.8722840487546369,0.6801490154337414,0.5,1,44,2.1667916774749756
45,0.46920331447355207,valid,0.7673924588422729,0.8538866951351689,0.8255998827971179,0.7900287631831256,0.7212253829321663,0.8733439321674615,0.6609898882384246,0.525,0,44,2.1829612255096436
46,0.4690962073303038,valid,0.7344662772172066,0.8393876141426465,0.8143813431927551,0.7728305315765561,0.6763419483101392,0.9014308426073132,0.5667908461947845,0.525,0,44,2.1524484157562256
47,0.46825080004430586,valid,0.7772172065852363,0.8596915169560193,0.8330004477284809,0.7987526984888462,0.7296231375985978,0.8823529411764706,0.6716338477913784,0.525,1,47,2.1780972480773926
48,0.4767746771535566,valid,0.7780138077535848,0.8602268173066157,0.8309400486242882,0.8002866698518872,0.7285776424532405,0.8876523582405935,0.6679084619478446,0.475,1,48,2.1741085052490234
49,0.4635814918625739,valid,0.7588953797132236,0.8528933717237883,0.8226802692036899,0.790879778903731,0.6993890020366599,0.9099099099099099,0.6072378924960086,0.525,0,48,2.161885976791382
50,0.46177199530986046,valid,0.7777482740308019,0.8608508173201533,0.8315375868161616,0.8012348610781287,0.7259036144578314,0.8940116587175411,0.6609898882384246,0.5,1,50,2.1748650074005127
51,0.4652200360451975,valid,0.7843866171003717,0.8697202195464726,0.8459115094206855,0.8046198267564967,0.7368884971353019,0.8860625331213566,0.6822778073443321,0.5750000000000001,1,51,2.192065715789795
52,0.46236578014589125,valid,0.7843866171003717,0.8675244445835811,0.8445607182771855,0.8048076923076923,0.7364716234051913,0.8871224165341812,0.6812134113890367,0.375,1,52,2.1800878047943115
53,0.46119791653848463,valid,0.7804036112586299,0.8702706087109556,0.8481057728410689,0.8049988210327753,0.7251486830926084,0.904610492845787,0.6556679084619479,0.475,1,53,2.1984777450561523
54,0.4570983431992992,valid,0.7812002124269782,0.8668596906708543,0.8421491952152305,0.8017324350336862,0.7342441604230939,0.8828828828828829,0.679084619478446,0.5,0,53,2.1507396697998047
55,0.4557420039369214,valid,0.7798725438130643,0.8698426222609924,0.846072293581899,0.8066246792628878,0.7204166666666667,0.9162692103868575,0.6428951569984034,0.42500000000000004,1,55,2.1686835289001465
56,0.45337537459788785,valid,0.757036643653744,0.8509160320198733,0.8252513558331207,0.7894131185270425,0.6977217249796582,0.9088500264970854,0.6045769026077701,0.42500000000000004,0,55,2.1725118160247803
57,0.4549205423362793,valid,0.7947424322889007,0.8737187552264407,0.8517454844119877,0.8095590046809559,0.7564456721915286,0.8706942236354,0.7184672698243747,0.5750000000000001,1,57,2.1738216876983643
58,0.4584519718923876,valid,0.7958045671800319,0.8701885368447682,0.8503347123265842,0.8115657926978682,0.7547857793983591,0.8775834658187599,0.7136774880255455,0.5750000000000001,1,58,2.181288242340088
59,0.45129749947978604,valid,0.7875730217737653,0.872763224358253,0.8511266382003038,0.8108747044917257,0.7319675629534784,0.9088500264970854,0.6657796700372539,0.475,0,58,2.1569387912750244
60,0.4518927181920698,valid,0.7809346787041954,0.8676347198402109,0.8430457625590818,0.8004836759371221,0.7362099644128114,0.8770535241123476,0.6844065992549229,0.42500000000000004,0,58,2.182988405227661
61,0.45929875585340685,valid,0.7692511949017525,0.8573777108041266,0.8325130989289689,0.7919559492458702,0.7222707423580786,0.8765235824059353,0.6615220862160723,0.55,0,58,2.156233787536621
62,0.44616004295887485,valid,0.7681890600106214,0.8723633002817802,0.8491361321609641,0.8021753908905507,0.7007125890736342,0.9379968203497615,0.5976583288983501,0.475,0,58,2.1795363426208496
63,0.4477943076241401,valid,0.7889006903876792,0.8749958047456718,0.850798580780548,0.8091236494597839,0.7396839332748024,0.8929517753047165,0.6844065992549229,0.5,0,58,2.1623473167419434
64,0.44596305633744887,valid,0.7950079660116834,0.8811675526761774,0.8625482425393682,0.8116154221571499,0.7521483491632746,0.881293057763646,0.7083555082490687,0.525,1,64,2.169936418533325
65,0.4421417607415107,valid,0.7700477960701009,0.8651136187685666,0.8448239825108599,0.7935145445875059,0.7212830515821413,0.8818229994700583,0.6577967003725386,0.45000000000000007,0,64,2.1708645820617676
66,0.4464127762663749,valid,0.7934147636749868,0.880580358087167,0.862167200552691,0.8079960513326753,0.7561200923787529,0.8675145733969264,0.7189994678020224,0.45000000000000007,0,64,2.164977550506592
67,0.44657220571271833,valid,0.7559745087626129,0.8650115224951652,0.850522816208737,0.7886870544952863,0.6965881397238017,0.9088500264970854,0.6024481106971793,0.35,0,64,2.174830436706543
68,0.4421505754993808,valid,0.7875730217737653,0.8720599728175723,0.8485001439254087,0.803921568627451,0.7478340173278614,0.8691043985161632,0.7056945183608302,0.5,0,64,2.1596734523773193
69,0.4453593122382318,valid,0.7910249601699416,0.8837047296803737,0.862647475043177,0.8146927242759595,0.7330508474576272,0.9167991520932698,0.6647152740819585,0.45000000000000007,1,69,3.1040825843811035
70,0.4425395760805376,valid,0.7928836962294211,0.884046272738631,0.8663109700498713,0.8164705882352942,0.7342361404993653,0.9194488606253313,0.6657796700372539,0.42500000000000004,1,70,2.224111795425415
71,0.42913720300120695,valid,0.786510886882634,0.8815356069214505,0.8601441454768871,0.8130232558139535,0.7244094488188977,0.926338102808691,0.6460883448642896,0.4,0,70,2.1624326705932617
72,0.43592762850945993,valid,0.7857142857142857,0.8832574239079577,0.8657839792394533,0.8098043836907848,0.7292020373514432,0.9104398516163222,0.660457690260777,0.5,0,70,2.1997785568237305
73,0.43198264846878665,valid,0.7928836962294211,0.8790850143259122,0.8559062412987031,0.8124098124098124,0.7437252311756936,0.8950715421303657,0.6902607770090473,0.475,0,70,2.1632068157196045
74,0.4352908254631104,valid,0.8016463090812533,0.8846148530899492,0.8637339131824711,0.8207343412526998,0.75,0.9062003179650239,0.6966471527408196,0.5,1,74,2.225545883178711
75,0.4227620178172665,valid,0.8016463090812533,0.8874453453547465,0.8689626370911645,0.8198697853870268,0.7522123893805309,0.9009009009009009,0.7019691325172964,0.5,0,74,2.1691601276397705
76,0.42899857509520745,valid,0.7835900159320234,0.8679472134063124,0.8421345355664249,0.8025199903077296,0.7392857142857143,0.8775834658187599,0.689196381053752,0.42500000000000004,0,74,2.2014901638031006
77,0.4209397692353495,valid,0.7944768985661179,0.8783923390566473,0.8569647237198839,0.8102010789602746,0.7539936102236422,0.8754636989931107,0.7131452900478978,0.475,0,74,2.1587095260620117
78,0.4251078179767055,valid,0.8085501858736059,0.8864709182149623,0.8658585760928318,0.815553850089537,0.7883283877349159,0.8447270800211977,0.7722192655667909,0.5750000000000001,0,74,2.1892545223236084
79,0.4262783815783839,valid,0.7947424322889007,0.8799122197675872,0.8585705699637383,0.8099336119990165,0.7555045871559632,0.8728139904610492,0.7163384779137839,0.475,0,74,2.150786876678467
80,0.4257513178933051,valid,0.8027084439723845,0.8835205615407851,0.863356392294584,0.8135508155583437,0.7726406101048617,0.8590355060943297,0.7461415646620543,0.5,0,74,2.1548800468444824
81,0.42452576996818664,valid,0.7939458311205523,0.8799951377354878,0.855543658892223,0.8128316449589966,0.7459052678176185,0.8929517753047165,0.6945183608302289,0.45000000000000007,0,74,2.1607930660247803
82,0.4269627563415035,valid,0.7854487519915029,0.8759700908685037,0.8486457369442478,0.8115671641791045,0.7246980424822991,0.9220985691573926,0.6482171367748802,0.45000000000000007,0,74,2.151529550552368
83,0.4210813920344076,valid,0.7793414763674986,0.8632567075418405,0.8390413635259174,0.7995174909529553,0.7338352524357838,0.8781134075251722,0.6801490154337414,0.45000000000000007,0,74,2.157191514968872
84,0.42307798420229265,valid,0.7867764206054169,0.8609141339316965,0.8299289513713881,0.8037154729894891,0.7459165154264973,0.8712241653418124,0.7019691325172964,0.525,0,74,2.1655759811401367
85,0.41846132278442383,valid,0.8053637812002125,0.8900888491409107,0.870851913683979,0.8204751408278227,0.7627504553734062,0.8876523582405935,0.7227248536455562,0.5,0,74,2.1566407680511475
86,0.4190966001441402,valid,0.8114710568242167,0.8906861969504802,0.871163163663937,0.8225887056471765,0.7782505910165485,0.8722840487546369,0.7503991484832357,0.55,1,86,2.190220594406128
87,0.41915253285438786,valid,0.799522039298991,0.8849248083509113,0.8643193116218467,0.8158087338375214,0.755877034358047,0.8860625331213566,0.7126130920702501,0.45000000000000007,0,86,2.1751527786254883
88,0.4093725015559504,valid,0.8037705788635157,0.8928823949642282,0.8764946057611245,0.8210220392346815,0.756021409455843,0.8982511923688394,0.7088877062267164,0.5,0,86,2.1736721992492676
89,0.41781510172351716,valid,0.8005841741901222,0.87967587535568,0.8532208220746574,0.8173193870104597,0.7553956834532374,0.890302066772655,0.7104843001596594,0.5,0,86,2.156013011932373
90,0.4205423444509506,valid,0.8035050451407328,0.8855232842960984,0.8678281415006948,0.8154613466334164,0.7701365991521432,0.8664546899841018,0.7402873869079297,0.475,0,86,2.2025725841522217
91,0.41425256190761445,valid,0.7902283590015932,0.8801293858739935,0.8570047449334608,0.8123515439429929,0.7361170899698666,0.9062003179650239,0.6737626397019691,0.475,0,86,2.148536443710327
92,0.41152998372431726,valid,0.8021773765268189,0.8796451336600979,0.8531496254459147,0.8188670070508145,0.756513926325247,0.8924218335983042,0.7115486961149547,0.475,0,86,2.1971468925476074
93,0.42126060205121196,valid,0.8090812533191716,0.8922356912213845,0.8721386803663463,0.8270387298532595,0.7572687224669603,0.9109697933227345,0.7067589143161256,0.475,1,93,2.1957712173461914
94,0.4227604841993701,valid,0.7822623473181094,0.8777752488737681,0.8552226675838226,0.8092135877152163,0.721277478224803,0.9215686274509803,0.6423629590207557,0.45000000000000007,0,93,2.178211212158203
95,0.4159954132572297,valid,0.7748274030801912,0.8632545922875572,0.8334101421408704,0.8012189404594467,0.7183690626313577,0.9056703762586116,0.6434273549760511,0.375,0,93,2.2039573192596436
96,0.4177221276106373,valid,0.7971322357939459,0.8825230076208381,0.8604508191230131,0.8155480444229841,0.7490022172949002,0.8950715421303657,0.6987759446514104,0.5,0,93,2.152958393096924
97,0.41418123485580566,valid,0.7854487519915029,0.8670777028789739,0.842034043437738,0.8036929057337221,0.7420367877972185,0.8765235824059353,0.6939861628525812,0.45000000000000007,0,93,2.217353582382202
98,0.4199120282165466,valid,0.7992565055762082,0.8831008950910025,0.860979373847364,0.8167716917111003,0.7525681107637338,0.8929517753047165,0.7051623203831825,0.4,0,93,2.1724772453308105
99,0.4166021087477284,valid,0.8050982474774296,0.8905477183034081,0.8693526514115908,0.8225338491295938,0.7563361493997333,0.9014308426073132,0.7083555082490687,0.4,0,93,2.1888296604156494
100,0.41738678034274806,valid,0.7931492299522039,0.8877806836671063,0.8684504565912105,0.8168351751704679,0.7341504649196957,0.9205087440381559,0.6652474720596062,0.375,0,93,2.1753435134887695
101,0.41404608324650793,valid,0.8117365905469994,0.892683843095514,0.8725326519432407,0.8243745355461977,0.773953488372093,0.8818229994700583,0.7413517828632251,0.475,0,93,2.1771419048309326
102,0.4155256166573494,valid,0.7934147636749868,0.8839376896854279,0.8624117070563988,0.8161625708884688,0.7364605543710021,0.9152093269740329,0.6711016498137307,0.42500000000000004,0,93,2.175342321395874
103,0.42150361018796123,valid,0.7976633032395114,0.8825120082985658,0.8565505921414563,0.8181384248210024,0.7442466348241424,0.908320084790673,0.6865353911655135,0.325,0,93,2.1529977321624756
104,0.4149173820211041,valid,0.8005841741901222,0.8796933614577542,0.8541267331744256,0.8153430046717483,0.7605504587155963,0.8786433492315845,0.7221926556679085,0.475,0,93,2.1562278270721436
105,0.4075158147081252,valid,0.8069569835369091,0.8867820016115419,0.8645793685710317,0.8201830324016819,0.7690166975881262,0.8786433492315845,0.7349654071314529,0.525,0,93,2.149493932723999
106,0.4133325723871108,valid,0.8005841741901222,0.8886104274139212,0.8672689538003691,0.8187303886072894,0.75177304964539,0.8987811340752517,0.7019691325172964,0.42500000000000004,0,93,2.1489193439483643
107,0.4081622645739586,valid,0.8000531067445565,0.8856643012483103,0.86339425203238,0.8211826169555925,0.7439759036144579,0.9162692103868575,0.6833422032996275,0.35,0,93,2.1625866889953613
108,0.4050685604733805,valid,0.7551779075942645,0.843386290839567,0.810665289684601,0.7882406982085439,0.6955816781516011,0.9093799682034976,0.6003193187865886,0.275,0,93,2.155365228652954
109,0.4115227057087806,valid,0.7966011683483802,0.8819688109986454,0.859824542825619,0.813170731707317,0.7532760957975598,0.8834128245892952,0.7094199042043641,0.375,0,93,2.1509761810302734
110,0.41259542636332974,valid,0.8003186404673394,0.8805797940193582,0.8542233918553608,0.8174757281553398,0.7541424093148231,0.8924218335983042,0.707823310271421,0.42500000000000004,0,93,2.162898302078247
111,0.41509064407117907,valid,0.7966011683483802,0.8823887594823324,0.8528300005372741,0.8207767898923725,0.7348135735232509,0.9295177530471648,0.6631186801490154,0.375,0,93,2.148250102996826
112,0.41367172377724803,valid,0.8080191184280403,0.8943766105898655,0.8714138139665807,0.828143570240076,0.7508620689655172,0.9231584525702172,0.6923895689196381,0.4,1,112,2.15997314453125
113,0.40663533249209005,valid,0.8013807753584705,0.8868429209348972,0.8606430205880834,0.8224121557454891,0.7449462365591398,0.9178590355060944,0.6844065992549229,0.35,0,112,2.1708033084869385
114,0.4089645012732475,valid,0.8088157195963888,0.8961353740178524,0.8742406298669904,0.8260869565217391,0.758988015978695,0.9062003179650239,0.711016498137307,0.525,0,112,2.1567699909210205
115,0.40234011075189036,valid,0.8101433882103027,0.8910194200085568,0.8681095860601017,0.8228882833787466,0.7725581395348837,0.8802331743508214,0.739755188930282,0.45000000000000007,0,112,2.1764726638793945
116,0.4061012008497792,valid,0.8125331917153479,0.8949855217895164,0.8725793972878748,0.8277208394338702,0.7670737222976028,0.8987811340752517,0.7259180415114422,0.42500000000000004,0,112,2.162215232849121
117,0.41181091243220913,valid,0.8056293149229952,0.8785574699076876,0.8496822121716598,0.8189910979228486,0.7677329624478443,0.8775834658187599,0.7333688131985099,0.4,0,112,2.167578935623169
118,0.412301313011877,valid,0.8029739776951673,0.8832610903487152,0.8518684413670973,0.8201648085312652,0.7556945064761054,0.8966613672496025,0.7088877062267164,0.4,0,112,2.1763877868652344
119,0.405448057478474,valid,0.8003186404673394,0.8824079377878333,0.8548543664659509,0.8180938558297048,0.7525589675122385,0.8961314255431903,0.7040979244278872,0.5,0,112,2.1599907875061035
120,0.3990913153656067,valid,0.8027084439723845,0.8856084585352344,0.8592846318624636,0.8210069862683691,0.7526501766784452,0.9030206677265501,0.7019691325172964,0.45000000000000007,0,112,2.177156448364258
121,0.3894573892316511,valid,0.8064259160913436,0.885473082261111,0.8597806373631409,0.8202219482120838,0.7670664206642066,0.881293057763646,0.7312400212879191,0.45000000000000007,0,112,2.1711676120758057
122,0.3999044972081338,valid,0.8069569835369091,0.887052331108932,0.8605616102837931,0.8270283131096836,0.7504317789291882,0.9210386857445682,0.6923895689196381,0.4,0,112,2.1698522567749023
123,0.3961954092787158,valid,0.8242166755177908,0.9016812887144415,0.8804330417568096,0.8354870775347912,0.786616752456715,0.8908320084790673,0.7573177221926557,0.525,1,123,2.200408458709717
124,0.40237764918035074,valid,0.8146574614976102,0.8971464655652114,0.8798958237364977,0.8262817322050772,0.7789770061004223,0.8797032326444091,0.7493347525279404,0.5,0,123,2.1703102588653564
125,0.39849833759569353,valid,0.8223579394583113,0.9026121416159922,0.8825085792683924,0.8363903154805576,0.776566757493188,0.9062003179650239,0.738158594997339,0.45000000000000007,1,125,2.1751339435577393
126,0.3935913102280709,valid,0.787838555496548,0.8666980852436195,0.8336138457108507,0.808622754491018,0.7377622377622378,0.8945416004239534,0.680681213411389,0.30000000000000004,0,125,2.182131052017212
127,0.3999361645790838,valid,0.8247477429633564,0.9072796617172537,0.890773008390936,0.8387096774193549,0.7782312925170068,0.9093799682034976,0.739755188930282,0.475,1,127,2.181130886077881
128,0.40540445379672513,valid,0.8114710568242167,0.8890743731866982,0.8607086481441985,0.8292448292448292,0.7591369440774989,0.913619501854796,0.7088877062267164,0.42500000000000004,0,127,2.1895077228546143
129,0.398918344609199,valid,0.8181093998937865,0.8872924829785487,0.8516128983595674,0.8320666830105418,0.7741788321167883,0.899311075781664,0.736562001064396,0.4,0,127,2.164898633956909
130,0.4024433541682459,valid,0.8186404673393521,0.8980596913477357,0.8767725902619607,0.8323103363614044,0.7753888380603843,0.8982511923688394,0.7386907929749867,0.375,0,127,2.185661792755127
131,0.4045198050237471,valid,0.8143919277748274,0.8925206864818047,0.86711339564044,0.8332140300644237,0.7578125,0.9252782193958664,0.7030335284725918,0.4,0,127,2.159463882446289
132,0.4015111605967245,valid,0.8143919277748274,0.8986590133946363,0.8785172756086979,0.8298856169384279,0.7673267326732673,0.9035506094329624,0.7248536455561468,0.375,0,127,2.2036213874816895
133,0.39948269676777626,valid,0.8335103558151885,0.907147387816079,0.8894266548441379,0.8404174090099262,0.8085210577864839,0.8749337572866984,0.7919105907397552,0.475,1,133,2.1927998065948486
134,0.3923862922576166,valid,0.8305894848645778,0.9030088223025642,0.881584682392734,0.8397790055248618,0.798090692124105,0.8860625331213566,0.7748802554550293,0.5,0,133,2.160526752471924
135,0.39425490171678607,valid,0.7950079660116834,0.8738750020094915,0.8424046693492229,0.8158396946564885,0.7418655097613883,0.9062003179650239,0.6833422032996275,0.35,0,133,2.164588451385498
136,0.3904959194121822,valid,0.8252788104089219,0.9020857253333852,0.877834547386575,0.8400583373845406,0.7759317467444993,0.9157392686804452,0.7344332091538052,0.375,0,133,2.1658315658569336
137,0.39021360922244286,valid,0.8345724907063197,0.9065200033956883,0.8873083815628247,0.8445220863488895,0.7981132075471699,0.8966613672496025,0.7722192655667909,0.475,1,137,2.2010269165039062
138,0.38037622071081595,valid,0.8308550185873605,0.9049603559042247,0.8817192227026535,0.8431420832307314,0.7874885004599816,0.9072602013778485,0.7541245343267695,0.4,0,137,2.1766300201416016
139,0.38597908760270766,valid,0.8159851301115242,0.8928987529306848,0.8652933406615813,0.8329718004338394,0.7639257294429708,0.9157392686804452,0.7158062799361362,0.30000000000000004,0,137,2.17212176322937
140,0.3902597172606376,valid,0.8335103558151885,0.9027456846697369,0.878092909347903,0.8433674743942043,0.7977315689981096,0.8945416004239534,0.7722192655667909,0.475,0,137,2.1787407398223877
141,0.3908264728323106,valid,0.8284652150823154,0.9016674690531248,0.8764974338537486,0.8404150197628458,0.7871355853771402,0.9014308426073132,0.7551889302820649,0.375,0,137,2.162952184677124
142,0.38992451419753416,valid,0.83935209771641,0.9096707451589585,0.8876183892147872,0.8467190271091969,0.8111650485436893,0.8855325914149443,0.7929749866950505,0.525,1,142,2.181581735610962
143,0.3832672795941753,valid,0.7939458311205523,0.8656889679335912,0.8291312801432283,0.8189454036397573,0.7315548145060442,0.9300476947535771,0.6572645023948909,0.325,0,142,2.1649224758148193
144,0.3807864052153403,valid,0.8255443441317047,0.8943594065216957,0.8673165209512075,0.8401848698613475,0.7765287769784173,0.9152093269740329,0.7354976051091006,0.475,0,142,2.186168670654297
145,0.38661129195843974,valid,0.8276686139139671,0.9054334677788957,0.8898494674301977,0.8389977673033987,0.7887126865671642,0.8961314255431903,0.7589143161255987,0.5,0,142,2.163646936416626
146,0.39397516221769396,valid,0.8170472650026553,0.9023600033054374,0.8799156331707714,0.8360694741851059,0.7586355785837651,0.9311075781664017,0.7025013304949441,0.475,0,142,2.1613409519195557
147,0.3829938557840163,valid,0.8244822092405736,0.9047532020014253,0.8846923597335897,0.8402223833695915,0.7724444444444445,0.9210386857445682,0.7275146354443853,0.45000000000000007,0,142,2.15537166595459
148,0.38690245103451515,valid,0.8313860860329262,0.9030686134903021,0.8769207087354519,0.8423143779488453,0.7925233644859813,0.8987811340752517,0.7637040979244278,0.5,0,142,2.16298508644104
149,0.383622337252863,valid,0.8324482209240573,0.9059445132137116,0.8823948811947593,0.8468074775430929,0.7813620071684588,0.9242183359830418,0.7402873869079297,0.42500000000000004,1,149,2.1659059524536133
150,0.3834577375842679,valid,0.8414763674986724,0.9082870868238555,0.8859960846123985,0.8495842781557067,0.8097982708933718,0.8934817170111288,0.7892496008515167,0.42500000000000004,1,150,2.1727893352508545
151,0.38111786784664275,valid,0.8396176314391928,0.9141990815283868,0.8969000463560213,0.8489244622311155,0.8038844149692089,0.899311075781664,0.7796700372538584,0.525,0,150,2.1773815155029297
152,0.37661877082240197,valid,0.8366967604885821,0.9147315615399388,0.9001789404554842,0.845903282385367,0.8022813688212928,0.8945416004239534,0.778605641298563,0.55,0,150,2.1558566093444824
153,0.37252814010266333,valid,0.8276686139139671,0.9067254650950609,0.8887561708700554,0.8397926437916564,0.7860443622920518,0.9014308426073132,0.7535923363491219,0.5,0,150,2.181138515472412
154,0.38098672368834097,valid,0.8324482209240573,0.9015100941344563,0.8749673176466306,0.8430738622233276,0.7942830365510778,0.8982511923688394,0.7663650878126663,0.475,0,150,2.1617233753204346
155,0.37544651281449104,valid,0.8295273499734467,0.9068391247585437,0.8876272573728041,0.8424926398429833,0.784376427592508,0.9099099099099099,0.7488025545502927,0.42500000000000004,0,150,2.166837215423584
156,0.36968171764766017,valid,0.8305894848645778,0.905698579649054,0.8847944026514009,0.8408977556109726,0.7941592086669806,0.8934817170111288,0.7674294837679617,0.4,0,150,2.175738573074341
157,0.37364906985913554,valid,0.8231545406266596,0.8969047625091202,0.8684669634573111,0.8380350194552529,0.7743820224719101,0.9130895601483837,0.7328366152208622,0.42500000000000004,0,150,2.163484573364258
158,0.3664522303208228,valid,0.8465215082315454,0.9180152822891452,0.9014476508288047,0.854261220373172,0.8148148148148148,0.8977212506624271,0.7951037786056413,0.475,1,158,2.200535297393799
159,0.37564433630435695,valid,0.8491768454593733,0.9171000822692899,0.8998278666581373,0.8518518518518519,0.8387262455059066,0.8653948065712772,0.8328898350186269,0.525,0,158,2.1539902687072754
160,0.37836936044116176,valid,0.8260754115772703,0.9019799626192262,0.8757372401932353,0.8405161918675432,0.7774774774774775,0.9146793852676206,0.7370941990420437,0.42500000000000004,0,158,2.1655664443969727
161,0.3756325057437343,valid,0.8181093998937865,0.8862275229554445,0.8539959664756493,0.8312392214831239,0.7767034990791897,0.8940116587175411,0.7418839808408728,0.375,0,158,2.191378116607666
162,0.38062923161252854,valid,0.8348380244291025,0.9013357971815225,0.8760190875275707,0.8459633481921743,0.794049279404928,0.9051404345521993,0.7642362959020755,0.42500000000000004,0,158,2.164492130279541
163,0.3717496621031915,valid,0.8406797663303239,0.9139466611839276,0.895399970517665,0.8512642538423401,0.799720540288775,0.9099099099099099,0.7711548696114955,0.45000000000000007,0,158,2.2023260593414307
164,0.38041421674912973,valid,0.828996282527881,0.897812911681365,0.8745240395746708,0.8390804597701149,0.7938534278959811,0.8897721250662427,0.7679616817456094,0.5,0,158,2.2023239135742188
165,0.3771383771973272,valid,0.8276686139139671,0.9017424900717014,0.877161674740083,0.8388378445492922,0.7892523364485982,0.8950715421303657,0.7599787120808941,0.42500000000000004,0,158,2.15910005569458
166,0.3736403978640033,valid,0.8433351035581519,0.9158391086826112,0.8957329211813051,0.8525,0.8069096071935636,0.9035506094329624,0.7828632251197446,0.4,0,158,2.2088260650634766
167,0.3704794414581791,valid,0.8430695698353691,0.9200701813167769,0.903645589268443,0.8533862565120317,0.8022388059701493,0.9114997350291468,0.7743480574773816,0.45000000000000007,0,158,2.1698083877563477
168,0.37115544369143827,valid,0.8234200743494424,0.8970708804788259,0.8708731599144203,0.8360049321824907,0.7818265682656826,0.8982511923688394,0.7482703565726451,0.375,0,158,2.189882755279541
169,0.3697314223935527,valid,0.8324482209240573,0.9103243587324608,0.8906362151233344,0.8451533742331289,0.7870201096892139,0.9125596184419714,0.7519957424161788,0.325,0,158,2.203256368637085
170,0.37474304629910377,valid,0.8080191184280403,0.8843759703729025,0.8529586297557363,0.8253201256342112,0.7584369449378331,0.9051404345521993,0.7104843001596594,0.30000000000000004,0,158,2.1640098094940186
171,0.38542915928748345,valid,0.8260754115772703,0.8986638079710115,0.8757907759492101,0.84136594817147,0.7747546833184656,0.9205087440381559,0.7312400212879191,0.45000000000000007,0,158,2.187938928604126
172,0.37866088555705163,valid,0.8228890069038768,0.9015069917615076,0.8833784050902436,0.8391608391608392,0.7699115044247787,0.9220985691573926,0.7232570516232039,0.4,0,158,2.1607117652893066
173,0.3687988437952534,valid,0.8327137546468402,0.9080730230903978,0.8869615375689317,0.8465660009741841,0.7832356917530419,0.9210386857445682,0.7440127727514635,0.45000000000000007,0,158,2.1752676963806152
174,0.36895507141467065,valid,0.8539564524694636,0.9201499969117287,0.9034108603612011,0.8583204533745492,0.8350877192982457,0.8828828828828829,0.8249068653539117,0.5,1,174,2.175863742828369
175,0.37444590272441985,valid,0.8417419012214551,0.914583775774021,0.8993503553677293,0.8468653648509764,0.8219451371571073,0.8733439321674615,0.8100053219797765,0.475,0,174,2.1572041511535645
176,0.379111141447098,valid,0.8189060010621348,0.8991522906934735,0.8748271662507687,0.8355834136933462,0.7664750110570544,0.9183889772125067,0.7189994678020224,0.30000000000000004,0,174,2.156611442565918
177,0.3706928433910493,valid,0.8271375464684015,0.9037390080811176,0.8793264083646053,0.8424110384894699,0.7754010695187166,0.9220985691573926,0.7317722192655668,0.375,0,174,2.1529593467712402
178,0.36666268302548316,valid,0.8414763674986724,0.9158867724124587,0.89973095713616,0.8492804847260793,0.81099324975892,0.8913619501854796,0.7913783927621075,0.5,0,174,2.193453550338745
179,0.3723785535943124,valid,0.8313860860329262,0.9032099124764184,0.8803405678035223,0.8423926532638372,0.792250233426704,0.899311075781664,0.7631718999467803,0.375,0,174,2.1694247722625732
180,0.3723197454406369,valid,0.8218268720127456,0.8963392845307507,0.8723701505735365,0.8337874659400545,0.7827906976744186,0.8918918918918919,0.7514635444385311,0.275,0,174,2.156981945037842
181,0.3690397696148965,valid,0.8459904407859798,0.9183122639905034,0.8985343132799468,0.8543445504771472,0.8119331742243436,0.9014308426073132,0.7903139968068121,0.5,0,174,2.183598279953003
182,0.3740330069295822,valid,0.7631439192777483,0.859484222036268,0.8335052472257329,0.7980072463768116,0.6967180703835508,0.9337572866984631,0.5918041511442257,0.17500000000000002,0,174,2.1625895500183105
183,0.387562025458582,valid,0.8478491768454594,0.9193782111322731,0.9017575593356435,0.8537145774827675,0.8236453201970443,0.8860625331213566,0.8094731240021288,0.525,0,174,2.182889461517334
184,0.37291291211881944,valid,0.831651619755709,0.904039515206281,0.8796317140420444,0.8426017874875869,0.7926202709014479,0.899311075781664,0.7637040979244278,0.4,0,174,2.1725847721099854
185,0.38052520348179725,valid,0.8297928836962294,0.908214886144323,0.8858396864478669,0.841845546508759,0.7876269621421976,0.9040805511393747,0.7551889302820649,0.375,0,174,2.179631471633911
186,0.3766969149151156,valid,0.8404142326075411,0.9074856874844353,0.8848115477277527,0.8502367306254672,0.8024459078080903,0.9040805511393747,0.7764768493879723,0.42500000000000004,0,174,2.16851806640625
187,0.37703709881151876,valid,0.8364312267657993,0.9066524183138152,0.8838409889337238,0.8450704225352113,0.8042125418860699,0.890302066772655,0.7823310271420969,0.4,0,174,2.198671340942383
188,0.3731887359772959,valid,0.8250132766861391,0.9001546391897957,0.872687024855441,0.8395422449476504,0.7765765765765765,0.913619501854796,0.7360298030867483,0.35,0,174,2.1977930068969727
189,0.3633811875216423,valid,0.8428040361125863,0.9169269134519735,0.898146818723742,0.8544739429695182,0.7968821641448877,0.9210386857445682,0.7642362959020755,0.475,0,174,2.1846697330474854
190,0.3610144002783683,valid,0.8473181093998938,0.9161747290288754,0.8942784202555676,0.8577084879980202,0.8045496750232126,0.9183889772125067,0.7759446514103246,0.42500000000000004,0,174,2.2260630130767822
191,0.3613182229380454,valid,0.8449283058948487,0.9171714368471092,0.8990346475771971,0.8525252525252526,0.814278822961891,0.8945416004239534,0.7951037786056413,0.45000000000000007,0,174,2.1781275272369385
192,0.3693073569766937,valid,0.8353690918746681,0.9136931127038506,0.8996283645100918,0.8447671507260891,0.8006644518272426,0.8940116587175411,0.7764768493879723,0.475,0,174,2.314915657043457
193,0.3728210849146689,valid,0.8263409453000531,0.9118261892735173,0.8955148534499928,0.8430148823811809,0.7705133830627469,0.9305776364599894,0.7216604576902608,0.45000000000000007,0,174,2.4507241249084473
194,0.36644727568472585,valid,0.8361656930430165,0.9085076373371148,0.8882251153835269,0.8458656007994004,0.8000945179584121,0.8971913089560148,0.7748802554550293,0.475,0,174,2.2181801795959473
195,0.39183986042776414,valid,0.8292618162506639,0.9034626148547822,0.883076599563011,0.8384827932680231,0.7970391595033429,0.8844727080021197,0.7738158594997339,0.475,0,174,2.242279529571533
196,0.37282443094638085,valid,0.834306956983537,0.9078132698644235,0.8848683848246712,0.8444666001994018,0.7971764705882353,0.8977212506624271,0.7706226716338478,0.42500000000000004,0,174,2.1943883895874023
197,0.36653236660265154,valid,0.8428040361125863,0.9133340835435192,0.8937039548307648,0.8494404883011191,0.8166259168704156,0.885002649708532,0.8004257583821182,0.525,0,174,2.237844705581665
198,0.3672769483058683,valid,0.8321826872012745,0.9102672468668148,0.8901971972741319,0.845476772616137,0.7848388561053109,0.9162692103868575,0.7477381585949974,0.45000000000000007,0,174,2.2053370475769043
199,0.36622000509692776,valid,0.8489113117365905,0.9186459100994366,0.9032168911451599,0.8518614944024994,0.8372569089048106,0.8669846316905141,0.8307610431080362,0.625,0,174,2.21173357963562
200,0.3641234165237796,valid,0.8173127987254382,0.8925966946190469,0.8640995629909862,0.8317848410757946,0.7721289151157512,0.9014308426073132,0.7328366152208622,0.5,0,174,2.192167043685913
201,0.3633587437291299,valid,0.848380244291025,0.9199187291101012,0.901998156582741,0.8549657099314198,0.8209756097560975,0.8918918918918919,0.8046833422032996,0.525,0,174,2.1948111057281494
202,0.35983886930250353,valid,0.851035581518853,0.9219110166109509,0.9071140976148963,0.8548512289780078,0.8351870576339737,0.8754636989931107,0.8265034592868548,0.5750000000000001,0,174,2.191901445388794
203,0.3610829807096912,valid,0.8417419012214551,0.9119862435142778,0.8918072045351662,0.8504016064257028,0.8078206962327134,0.8977212506624271,0.785524215007983,0.475,0,174,2.1882102489471436
204,0.3630202686594379,valid,0.8475836431226765,0.9189555833264941,0.9012917481208286,0.8544624746450304,0.8191541079241614,0.8929517753047165,0.8020223523150612,0.525,0,174,2.1941146850585938
205,0.3635680007357751,valid,0.8417419012214551,0.9088909214132267,0.8849603627888888,0.8503264691109995,0.8081145584725536,0.8971913089560148,0.7860564129856307,0.4,0,174,2.195349931716919
206,0.3657795335015943,valid,0.8279341476367499,0.9064296115293202,0.8848494576212984,0.8429471643238002,0.7766860205448861,0.9215686274509803,0.7339010111761576,0.375,0,174,2.1848716735839844
207,0.36726927613058397,valid,0.8138608603292619,0.8876878945125509,0.8607944136606305,0.8307172180632697,0.7630878438331854,0.9114997350291468,0.7158062799361362,0.35,0,174,2.1987287998199463
208,0.3689110125264814,valid,0.8125331917153479,0.8926502810608875,0.8688198039231747,0.8287239204269772,0.7642058165548098,0.9051404345521993,0.71953166577967,0.42500000000000004,0,174,2.1933372020721436
209,0.363971219428124,valid,0.8494423791821561,0.920038311485577,0.9036249302645183,0.8542041655952687,0.8296703296703297,0.8802331743508214,0.8185204896221394,0.5,0,174,2.203885793685913
210,0.36106512863789836,valid,0.8335103558151885,0.9055008738820529,0.8836089363863227,0.845908085524699,0.7887259395050412,0.9120296767355591,0.7546567323044172,0.42500000000000004,0,174,2.1969313621520996
211,0.36708554048692027,valid,0.8433351035581519,0.9184095656875296,0.9009257107355166,0.8548228346456693,0.7978870004593477,0.9205087440381559,0.7658328898350186,0.475,0,174,2.194227695465088
212,0.3675693686931364,valid,0.8356346255974508,0.9122043967393497,0.8917050523561524,0.8468200940361297,0.7943361188486536,0.9067302596714362,0.7642362959020755,0.475,0,174,2.19184947013855
213,0.3736955456195339,valid,0.8465215082315454,0.9184814843331577,0.9011854959486651,0.8560756972111554,0.8074213245655237,0.9109697933227345,0.7817988291644492,0.375,0,174,2.1980738639831543
214,0.3606666047726908,valid,0.8266064790228359,0.903121071796525,0.880298384333115,0.8396759145592929,0.7822506861848124,0.9062003179650239,0.746673762639702,0.45000000000000007,0,174,2.20637583732605
215,0.3624775794244582,valid,0.844397238449283,0.9140995235601251,0.8968573269007619,0.8508146639511202,0.8187163155316022,0.8855325914149443,0.8030867482703565,0.525,0,174,2.2031285762786865
216,0.35856877411565474,valid,0.8494423791821561,0.9178357677089795,0.9008810231314913,0.8575734740015072,0.8151862464183381,0.904610492845787,0.7940393826503459,0.475,0,174,2.208597421646118
217,0.3622628556143853,valid,0.8356346255974508,0.9093827885425418,0.8894617029958172,0.8447454226235265,0.8019047619047619,0.8924218335983042,0.778605641298563,0.5,0,174,2.196798324584961
218,0.357842487192923,valid,0.8414763674986724,0.9189860429881718,0.9070139181831872,0.8518242740134029,0.8011204481792717,0.9093799682034976,0.7732836615220862,0.475,0,174,2.208834648132324
219,0.35284654291406753,valid,0.8361656930430165,0.9113141567200359,0.8934990942586833,0.8470879801734821,0.7956238361266295,0.9056703762586116,0.7663650878126663,0.45000000000000007,0,174,2.1964690685272217
220,0.352408962384347,valid,0.8422729686670207,0.9116007031669305,0.8940483410625892,0.8509036144578314,0.8082975679542204,0.8982511923688394,0.7860564129856307,0.45000000000000007,0,174,2.216404914855957
221,0.363547612101801,valid,0.8513011152416357,0.9223837054347651,0.9086654990461449,0.8565573770491803,0.8289538919186912,0.8860625331213566,0.8163916977115487,0.42500000000000004,0,174,2.196056842803955
222,0.36022990797796556,valid,0.8247477429633564,0.8954768248510228,0.8666354552033699,0.8389458272327965,0.7774762550881954,0.9109697933227345,0.738158594997339,0.42500000000000004,0,174,2.195152759552002
223,0.35645699741378906,valid,0.8438661710037175,0.9174531887176286,0.8974990673423647,0.8551724137931035,0.7988955361251726,0.9199788023317436,0.7674294837679617,0.475,0,174,2.200883150100708
224,0.36261358376472225,valid,0.8478491768454594,0.9169680904020197,0.9020685669379632,0.8505087398904253,0.8376156217882836,0.8638049814520403,0.8318254390633315,0.5750000000000001,0,174,2.192140817642212
225,0.35754483072988447,valid,0.8417419012214551,0.9147851479817795,0.8964234675639441,0.8526940187839842,0.7989810097267254,0.9141494435612083,0.7690260777009047,0.5,0,174,2.213958978652954
226,0.3646596852810152,valid,0.830323951141795,0.911550501131943,0.8948201097077663,0.8434207302131831,0.784412032816773,0.9120296767355591,0.7482703565726451,0.4,0,174,2.198765993118286
227,0.37628048225756616,valid,0.848380244291025,0.9188901514606677,0.9002458999884191,0.857214303575894,0.8115530303030303,0.908320084790673,0.7881852048962213,0.5,0,174,2.2018511295318604
228,0.3627750580349276,valid,0.8374933616569304,0.9103603180552747,0.8898415991846461,0.8494835218888342,0.7925653969710876,0.9152093269740329,0.7594465141032464,0.45000000000000007,0,174,2.192750930786133
229,0.3639470939674685,valid,0.8422729686670207,0.9100536061842137,0.8880090420330038,0.8503778337531486,0.8103696591454633,0.8945416004239534,0.7897817988291644,0.5,0,174,2.2129886150360107
230,0.3659845638659693,valid,0.8348380244291025,0.9163391547951545,0.9021919268037631,0.8471744471744471,0.7897388914338067,0.913619501854796,0.7557211282597126,0.375,0,174,2.1982970237731934
231,0.36701986722407803,valid,0.8364312267657993,0.9206494789564632,0.9073986963406969,0.8495359062042013,0.7879474399637517,0.9215686274509803,0.7509313464608834,0.375,0,174,2.2049460411071777
232,0.35945002542388055,valid,0.8281996813595327,0.9052010718416503,0.8862318113824704,0.8415380847416115,0.7823315118397086,0.9104398516163222,0.7456093666844066,0.55,0,174,2.2008273601531982
233,0.3576313800388767,valid,0.8523632501327668,0.9240341678434529,0.9061403729255512,0.8596668349318526,0.8207228915662651,0.9024907260201378,0.8020223523150612,0.475,1,233,2.2171592712402344
234,0.3572484269257515,valid,0.8481147105682422,0.9198100050399458,0.9054965256093216,0.854007146503318,0.8237321516494338,0.8865924748277689,0.8094731240021288,0.5,0,233,2.191094160079956
235,0.353997046428342,valid,0.8436006372809347,0.9168877107392588,0.9002612071744153,0.854243999010146,0.8012999071494893,0.9146793852676206,0.7722192655667909,0.475,0,233,2.1886160373687744
236,0.3514325080379363,valid,0.8454593733404142,0.9159223086844163,0.8960434962272722,0.8544272136068034,0.8090952155376598,0.9051404345521993,0.785524215007983,0.4,0,233,2.221020460128784
237,0.3560856503825034,valid,0.849707912904939,0.9214290206682906,0.9069904979904231,0.8584292146073037,0.8128848886783515,0.9093799682034976,0.7897817988291644,0.475,0,233,2.2043676376342773
238,0.3509152618146712,valid,0.8489113117365905,0.917100928371003,0.9000798606069903,0.8582108148517319,0.8099717779868297,0.9125596184419714,0.7849920170303353,0.375,0,233,2.191565990447998
239,0.36196306876597867,valid,0.8550185873605948,0.9222748403476575,0.90785834325492,0.8628140703517588,0.8203535594839942,0.9099099099099099,0.7998935604044705,0.5,1,239,2.2295353412628174
240,0.35430784427350565,valid,0.8462559745087627,0.9157169880019956,0.8987801755727585,0.8552861784553861,0.8093661305581835,0.9067302596714362,0.785524215007983,0.525,0,239,2.2061290740966797
241,0.3644660855493238,valid,0.8374933616569304,0.9133487493065492,0.8964104817095386,0.8505129457743038,0.7888536474852741,0.9226285108638049,0.7519957424161788,0.4,0,239,2.199460029602051
242,0.3527910954529239,valid,0.8438661710037175,0.914048757457329,0.8977548090374363,0.85,0.8194786030496802,0.8828828828828829,0.8046833422032996,0.5750000000000001,0,239,2.1986520290374756
243,0.34824012003598676,valid,0.8513011152416357,0.9227365298491994,0.9076454502823206,0.858728557013118,0.8194511314395763,0.9019607843137255,0.8004257583821182,0.475,0,239,2.203822374343872
244,0.35116361273873237,valid,0.822623473181094,0.8963000818180357,0.8694399212739429,0.8383349467570184,0.7714922048997773,0.9178590355060944,0.7269824374667376,0.25,0,239,2.1960484981536865
245,0.35550765693187714,valid,0.8513011152416357,0.9230839956194493,0.9081034677961488,0.8557444616177228,0.8325814536340852,0.8802331743508214,0.8222458754656732,0.6,0,239,2.2145581245422363
246,0.3500357049126779,valid,0.8422729686670207,0.915677362238424,0.9002208182932312,0.8511278195488722,0.8074179743223966,0.8998410174880763,0.7844598190526876,0.5,0,239,2.1925876140594482
247,0.34964312613010406,valid,0.8398831651619756,0.9157220646122753,0.9000782273465538,0.8509270704573547,0.7974976830398517,0.9120296767355591,0.7674294837679617,0.4,0,239,2.2208023071289062
248,0.34668920429483535,valid,0.8486457780138078,0.9270240092642498,0.9135500021772195,0.859744094488189,0.8024804777216353,0.9258081611022787,0.7711548696114955,0.4,0,239,2.225593090057373
249,0.34660625938446293,valid,0.8486457780138078,0.9183903873820287,0.9032528140295519,0.8561332660272589,0.8173493975903614,0.8987811340752517,0.7982969664715274,0.42500000000000004,0,239,2.212510824203491
250,0.3541826514467116,valid,0.847052575677111,0.9169630137917398,0.9009185488687714,0.8547655068078669,0.8152958152958153,0.8982511923688394,0.795635976583289,0.5750000000000001,0,239,2.2293035984039307
251,0.35654130578041077,valid,0.8555496548061604,0.9261206546683802,0.9111121576124721,0.864,0.8177946048272599,0.9157392686804452,0.7951037786056413,0.5,1,251,2.2236380577087402
252,0.3503479794148476,valid,0.8465215082315454,0.9154169039276887,0.8986902335507984,0.850259067357513,0.831728332488596,0.8696343402225755,0.8233102714209686,0.55,0,251,2.230985641479492
253,0.345205569459546,valid,0.8502389803505045,0.9141280089844721,0.895198608597703,0.8562691131498471,0.8247422680412371,0.890302066772655,0.8100053219797765,0.475,0,251,2.223088502883911
254,0.34097074933590427,valid,0.8539564524694636,0.9257133977103924,0.9124525036576856,0.8619477911646586,0.8187887458273725,0.9099099099099099,0.7977647684938797,0.45000000000000007,0,251,2.2278249263763428
255,0.34753476323619964,valid,0.8528943175783325,0.9247561746387781,0.9116442098222428,0.856995353639649,0.8354302969300453,0.8797032326444091,0.8259712613092071,0.475,0,251,2.2238874435424805
256,0.3402841091156006,valid,0.8582049920339884,0.9277386831780594,0.9144117614473214,0.8649468892261002,0.8272859216255443,0.9062003179650239,0.8100053219797765,0.42500000000000004,1,256,2.2369306087493896
257,0.3429392412785561,valid,0.8446627721720659,0.9141026259330738,0.8971998179483094,0.8539325842696629,0.8073654390934845,0.9062003179650239,0.7828632251197446,0.45000000000000007,0,256,2.221338987350464
258,0.3451838204937597,valid,0.8505045140732873,0.9205978667519538,0.9032247221916935,0.859915401841254,0.8105065666041276,0.9157392686804452,0.7849920170303353,0.375,0,256,2.217039108276367
259,0.3475465692820088,valid,0.8550185873605948,0.9242290532714099,0.9103608458537291,0.8638403990024938,0.8158266603862458,0.9178590355060944,0.7919105907397552,0.4,0,256,2.2197606563568115
260,0.34532910441198655,valid,0.8592671269251195,0.9270367007899487,0.9133899813739468,0.8638931689779148,0.8380667663178873,0.8913619501854796,0.8270356572645023,0.525,0,256,2.2124218940734863
261,0.33873587462209886,valid,0.8502389803505045,0.9265296038297948,0.9135519814188674,0.8610152784622968,0.8046982957162598,0.9258081611022787,0.7743480574773816,0.45000000000000007,0,256,2.2309181690216064
262,0.3435799916905741,valid,0.8481147105682422,0.9191250857030526,0.9037927715480695,0.8549695740365112,0.819640252795333,0.8934817170111288,0.8025545502927088,0.5,0,256,2.20400071144104
263,0.34685347733959077,valid,0.8409453000531067,0.9098205051622075,0.8897274962603536,0.8502125531382846,0.8049242424242424,0.9009009009009009,0.7807344332091538,0.375,0,256,2.2201380729675293
264,0.3503724548124498,valid,0.8417419012214551,0.9248963454892766,0.9132100503972042,0.85652383245065,0.7847375385972651,0.9427662957074722,0.7402873869079297,0.42500000000000004,0,256,2.232264518737793
265,0.3521431199004573,valid,0.8356346255974508,0.9137562882984415,0.8942707321776986,0.8496478017974253,0.784304932735426,0.9268680445151033,0.7440127727514635,0.375,0,256,2.2118237018585205
266,0.35671118430552945,valid,0.8287307488050982,0.9054622352371468,0.8854147874452178,0.8397515527950311,0.7904583723105706,0.895601483836778,0.7615753060138372,0.4,0,256,2.2399520874023438
267,0.3550159517795809,valid,0.8473181093998938,0.92196770542574,0.906059871940359,0.8567870485678705,0.8082706766917294,0.9114997350291468,0.7828632251197446,0.475,0,256,2.2065508365631104
268,0.34488858595009775,valid,0.8518321826872013,0.9218876077968837,0.9065369232055475,0.8600802407221665,0.8162779628748215,0.9088500264970854,0.7945715806279936,0.4,0,256,2.229715347290039
269,0.3419552954935258,valid,0.8499734466277217,0.9242356810681639,0.9114435410160506,0.8597666914867212,0.8085901027077498,0.9178590355060944,0.7817988291644492,0.45000000000000007,0,256,2.240131378173828
270,0.34438090555129514,valid,0.8446627721720659,0.9169415792150037,0.8994232489955593,0.8550185873605948,0.803072625698324,0.9141494435612083,0.7748802554550293,0.42500000000000004,0,256,2.230280637741089
271,0.3358876741220874,valid,0.8420074349442379,0.9186842667104385,0.9022143662592961,0.8534843634572765,0.797148114075437,0.9183889772125067,0.7653006918573709,0.4,0,256,2.2384979724884033
272,0.33649300014780414,valid,0.8467870419543282,0.9196096199508528,0.9039478359218691,0.8595765393039669,0.7947794779477948,0.9358770535241123,0.7573177221926557,0.375,0,256,2.2527835369110107
273,0.34975982914047854,valid,0.8441317047265002,0.9141666476293782,0.8954936992636463,0.8540164138274061,0.8045923149015932,0.9099099099099099,0.7780734433209153,0.525,0,256,2.2067079544067383
274,0.3453555111923525,valid,0.8366967604885821,0.9086119898817516,0.8893430837340676,0.8446577418540036,0.806949806949807,0.8860625331213566,0.7871208089409261,0.5,0,256,2.2503488063812256
275,0.3464876206651811,valid,0.8518321826872013,0.9239709922488623,0.9091220131872465,0.8609172482552343,0.8127058823529412,0.9152093269740329,0.7881852048962213,0.45000000000000007,0,256,2.214999198913574
276,0.34022484719753265,valid,0.8462559745087627,0.9183630300932997,0.8992772042438778,0.8569310600444774,0.8027777777777778,0.918918918918919,0.7732836615220862,0.375,0,256,2.2312161922454834
277,0.34252595516943163,valid,0.851035581518853,0.923559504782308,0.9111334472762646,0.8597850537365659,0.8136234626300851,0.9114997350291468,0.7903139968068121,0.5,0,256,2.2428641319274902
278,0.34779571285170896,valid,0.8491768454593733,0.9250266451531204,0.9100537002484421,0.8599605522682445,0.8040571692023974,0.9242183359830418,0.7738158594997339,0.375,0,256,2.1948447227478027
279,0.3438645947364069,valid,0.8502389803505045,0.925316576006868,0.9117631789954613,0.8608094768015795,0.8055427251732101,0.9242183359830418,0.7759446514103246,0.42500000000000004,0,256,2.213275194168091
280,0.34526109503161523,valid,0.8520977164099841,0.9261468838214917,0.9139360964810778,0.8591656131479141,0.8215667311411993,0.9003709591944886,0.8036189462480042,0.42500000000000004,0,256,2.201780080795288
281,0.3370755336457683,valid,0.8590015932023367,0.9257988539834326,0.9134716869938818,0.862328234379051,0.8441624365482233,0.881293057763646,0.8366152208621607,0.5750000000000001,0,256,2.19600772857666
282,0.33385563593718315,valid,0.8268720127456187,0.9024941104269908,0.8793516917174192,0.8426640926640927,0.773593265396544,0.9252782193958664,0.728046833422033,0.275,0,256,2.202338218688965
283,0.33781233333772226,valid,0.8536909187466808,0.9253095251592576,0.9114627341775479,0.8611041088984119,0.8211538461538461,0.9051404345521993,0.8020223523150612,0.625,0,256,2.191772937774658
284,0.33882609274118175,valid,0.8560807222517259,0.9258135197464629,0.9133199902705795,0.8628542510121457,0.8256658595641646,0.9035506094329624,0.8084087280468334,0.55,0,256,2.216059923171997
285,0.34676443665258344,valid,0.8385554965480616,0.9137402123658894,0.8957170163388002,0.8507609229258714,0.7924096936442615,0.9183889772125067,0.7583821181479511,0.325,0,256,2.192117929458618
286,0.35525536681375197,valid,0.8005841741901222,0.8817369791292089,0.8524006013487989,0.8248192209003965,0.7366666666666667,0.9369369369369369,0.6636508781266631,0.2,0,256,2.2037031650543213
287,0.34875195761842115,valid,0.8388210302708444,0.9133118028650695,0.8973149920159949,0.8516980210114831,0.7901178603807797,0.9236883942766295,0.7535923363491219,0.4,0,256,2.2012557983398438
288,0.34079714912560677,valid,0.8531598513011153,0.9250991278665572,0.912076973125486,0.8605999495840686,0.8206730769230769,0.904610492845787,0.8014901543374136,0.475,0,256,2.1901159286499023
289,0.337097798384005,valid,0.8515666489644185,0.9180931236467661,0.901097140259492,0.8583016476552598,0.8226433430515063,0.8971913089560148,0.805747738158595,0.475,0,256,2.2024030685424805
290,0.34083962776968557,valid,0.8555496548061604,0.9275336445295433,0.916154990647524,0.8607270865335381,0.8325903912828133,0.8908320084790673,0.8201170835550825,0.55,0,256,2.1927616596221924
291,0.3360263561048815,valid,0.8534253850238981,0.9243376363246131,0.9123734566298822,0.8616541353383459,0.8174037089871612,0.9109697933227345,0.795635976583289,0.5,0,256,2.2049217224121094
292,0.327643902311402,valid,0.854753053637812,0.9249730587112801,0.9115994204860892,0.8616940581542352,0.8239845261121856,0.9030206677265501,0.8062799361362427,0.5,0,256,2.179151773452759
293,0.33715073427846354,valid,0.838024429102496,0.9122110245361035,0.8964268934510337,0.8504168710152036,0.7914194431766317,0.918918918918919,0.756785524215008,0.4,0,256,2.2040677070617676
294,0.3469802237326099,valid,0.8412108337758896,0.9168645839590961,0.8991809145737342,0.8530712530712531,0.7952359138799817,0.9199788023317436,0.7621075039914849,0.42500000000000004,0,256,2.1824839115142822
295,0.3480825294410029,valid,0.8505045140732873,0.9216067020280776,0.9069774672009313,0.860609061648923,0.8076208178438662,0.9210386857445682,0.7796700372538584,0.375,0,256,2.2013211250305176
296,0.3355077394554692,valid,0.8520977164099841,0.922637817982651,0.9083434888664087,0.8618208881170926,0.8101679104477612,0.9205087440381559,0.7833954230973922,0.4,0,256,2.156126022338867
297,0.33178051440946515,valid,0.8454593733404142,0.9168174842970573,0.8999761107846904,0.8545,0.8088026502602934,0.9056703762586116,0.7849920170303353,0.55,0,256,2.1884615421295166
298,0.3303178123408748,valid,0.8465215082315454,0.9243618912403935,0.9128516775810865,0.8555,0.8097491717936584,0.9067302596714362,0.7860564129856307,0.5,0,256,2.178147554397583
299,0.3326619868316958,valid,0.8475836431226765,0.9243026641204646,0.9110625526863049,0.8570717131474104,0.8083607327383748,0.9120296767355591,0.7828632251197446,0.42500000000000004,0,256,2.156597137451172
300,0.3415753103552326,valid,0.8462559745087627,0.9212755942242841,0.9081286375487527,0.8570017288219314,0.8024976873265495,0.9194488606253313,0.7727514635444386,0.475,0,256,2.2183358669281006
301,0.3360399000587002,valid,0.8574083908656399,0.9250362343058708,0.9110507104998927,0.8627651418349093,0.8331688055281342,0.8945416004239534,0.8201170835550825,0.42500000000000004,0,256,2.15401291847229
302,0.33131909226217576,valid,0.8502389803505045,0.9214879657543151,0.9065293477673686,0.8601883986117997,0.808104331625524,0.9194488606253313,0.7807344332091538,0.45000000000000007,0,256,2.214052200317383
303,0.3363679786843638,valid,0.8582049920339884,0.9264892729814622,0.9135670302616506,0.863914373088685,0.8321060382916053,0.8982511923688394,0.8179882916444917,0.5750000000000001,0,256,2.1769025325775146
304,0.344232901930809,valid,0.8462559745087627,0.9196392335108172,0.9033394153653371,0.859840232389252,0.7914438502673797,0.9411764705882353,0.7509313464608834,0.375,0,256,2.1859195232391357
305,0.33036162632126964,valid,0.848380244291025,0.9241435969983696,0.9116850339207324,0.855039350088855,0.8206627680311891,0.8924218335983042,0.8041511442256519,0.45000000000000007,0,256,2.1887104511260986
306,0.33043363257761926,valid,0.8515666489644185,0.926132500092366,0.9131073370730183,0.8593710691823899,0.8180076628352491,0.9051404345521993,0.7977647684938797,0.4,0,256,2.1507933139801025
307,0.3316145068214786,valid,0.8502389803505045,0.9258267753399707,0.9132721065511411,0.8602576808721506,0.8078175895765473,0.9199788023317436,0.7802022352315061,0.45000000000000007,0,256,2.171013355255127
308,0.33389688114966115,valid,0.8404142326075411,0.9172391249841709,0.9010565169021852,0.8510532837670384,0.7993482309124768,0.9099099099099099,0.7706226716338478,0.475,0,256,2.155346393585205
309,0.33452372685555487,valid,0.8534253850238981,0.9248069407415744,0.9114254586429754,0.8619309654827414,0.8162008526764567,0.9130895601483837,0.7935071846726982,0.45000000000000007,0,256,2.160183906555176
310,0.33793636243189534,valid,0.8491768454593733,0.924700895993511,0.9104978602040124,0.8584952665670155,0.8100611189468735,0.9130895601483837,0.7849920170303353,0.5,0,256,2.1567318439483643
311,0.33361646677217177,valid,0.8340414232607541,0.9101304604231694,0.8988976729196435,0.8395378690629012,0.8142430278884463,0.8664546899841018,0.8014901543374136,0.5,0,256,2.1420719623565674
312,0.3341024282478517,valid,0.8406797663303239,0.9127312360728133,0.8952448251227594,0.8511166253101737,0.8002799813345777,0.9088500264970854,0.7722192655667909,0.45000000000000007,0,256,2.16552996635437
313,0.33491384983062744,valid,0.8475836431226765,0.9235707861384849,0.9119723260311229,0.8579910935180604,0.8046403712296983,0.918918918918919,0.7759446514103246,0.5,0,256,2.1486761569976807
314,0.33748115791428474,valid,0.8467870419543282,0.9223862437399049,0.9085482489716039,0.8581961169820594,0.8001833180568286,0.9252782193958664,0.7679616817456094,0.42500000000000004,0,256,2.1634790897369385
315,0.3329843138494799,valid,0.8372278279341476,0.9162026503854135,0.90280870270448,0.8497180681539593,0.7906021897810219,0.9183889772125067,0.7557211282597126,0.42500000000000004,0,256,2.151841402053833
316,0.3256428633486071,valid,0.8560807222517259,0.923474330543172,0.9090295739881561,0.8618052014278429,0.8304668304668305,0.895601483836778,0.8163916977115487,0.45000000000000007,0,256,2.1453351974487305
317,0.32493577224593007,valid,0.8459904407859798,0.9232157054528154,0.912367095285759,0.8564356435643564,0.8035299581978634,0.9167991520932698,0.7748802554550293,0.42500000000000004,0,256,2.157496452331543
318,0.3246377458976161,valid,0.8550185873605948,0.9271417584193467,0.9155742303376687,0.8615618661257607,0.825960136120564,0.9003709591944886,0.8094731240021288,0.525,0,256,2.142997980117798
319,0.3310175485187961,valid,0.851035581518853,0.9272626099473922,0.9153410598030529,0.8602739726027397,0.8115601503759399,0.9152093269740329,0.7865886109632784,0.5,0,256,2.153749465942383
320,0.3282967137713586,valid,0.8475836431226765,0.9188182328150395,0.901181091794865,0.8540925266903915,0.8207132388861749,0.890302066772655,0.8046833422032996,0.475,0,256,2.1366238594055176
321,0.33580308287374433,valid,0.849707912904939,0.918590913488074,0.903254198389615,0.85771744595274,0.8158775705404113,0.9040805511393747,0.7951037786056413,0.475,0,256,2.145312547683716
322,0.3416329651109634,valid,0.8459904407859798,0.92249877526777,0.9071611847897427,0.8557931377424167,0.8060889929742389,0.9120296767355591,0.7796700372538584,0.475,0,256,2.160932779312134
323,0.3352911525195645,valid,0.8401486988847584,0.9189575575638248,0.9046747328906137,0.8552188552188552,0.7829150154117129,0.9422363540010599,0.7376263970196913,0.275,0,256,2.1451504230499268
324,0.3298501194484772,valid,0.848380244291025,0.9214493271094092,0.9087033652384006,0.8566407230730605,0.8139312977099237,0.9040805511393747,0.7924427887174029,0.525,0,256,2.155653476715088
325,0.3328044851941447,valid,0.8481147105682422,0.9247217665024383,0.9121878582302154,0.8614341085271318,0.7933958054439982,0.9422363540010599,0.7535923363491219,0.375,0,256,2.1555464267730713
326,0.3384091065775964,valid,0.8489113117365905,0.9275784879203469,0.9144355374740225,0.8593325092707046,0.8053753475440223,0.9210386857445682,0.7764768493879723,0.475,0,256,2.1460154056549072
327,0.33872916789785507,valid,0.8518321826872013,0.9258837461886643,0.9140463577607054,0.8590197069226883,0.8208594881699662,0.9009009009009009,0.8025545502927088,0.475,0,256,2.155118703842163
328,0.3462869736456102,valid,0.8459904407859798,0.9225422084890513,0.9098729541925291,0.8584675451439727,0.7955676164631389,0.9321674615792263,0.7594465141032464,0.42500000000000004,0,256,2.1343233585357666
329,0.33349503432550737,valid,0.8433351035581519,0.9187090856940275,0.9009312742383111,0.8558866634098681,0.7938377888536475,0.9284578696343402,0.7578499201703034,0.325,0,256,2.168064594268799
330,0.3303640157945694,valid,0.8526287838555496,0.9193061514696927,0.904291100020184,0.8584544758990054,0.827433628318584,0.8918918918918919,0.8131985098456626,0.65,0,256,2.1455392837524414
331,0.33188929048276716,valid,0.8558151885289432,0.9265437055250159,0.9150025895552774,0.8595084087968952,0.839737108190091,0.8802331743508214,0.8312932410856839,0.475,0,256,2.152592182159424
332,0.32470582810140425,valid,0.8377588953797133,0.9134499994782372,0.8962615071887108,0.8493961054966724,0.7940092165898618,0.9130895601483837,0.7621075039914849,0.325,0,256,2.155994415283203
333,0.3228720090081615,valid,0.854753053637812,0.920733807093886,0.9053138172670941,0.8624591400553181,0.8205741626794258,0.9088500264970854,0.8004257583821182,0.45000000000000007,0,256,2.1435930728912354
334,0.32564882982161736,valid,0.8528943175783325,0.9246876404000031,0.9128282267002487,0.8609437751004017,0.8178350023843586,0.9088500264970854,0.7967003725385844,0.525,0,256,2.171363353729248
335,0.3261850759867699,valid,0.8539564524694636,0.9301912500109287,0.9182712823905823,0.8654598825831703,0.8037255792821445,0.9374668786433492,0.7700904736562001,0.375,1,335,2.159790277481079
336,0.3398812499738509,valid,0.8520977164099841,0.9216428023678438,0.9070299788203342,0.8614772444665506,0.8116213683223993,0.9178590355060944,0.7860564129856307,0.4,0,335,2.1655991077423096
337,0.3301258099175269,valid,0.8446627721720659,0.9217784606758717,0.9083251208253278,0.853566958698373,0.8088235294117647,0.9035506094329624,0.785524215007983,0.42500000000000004,0,335,2.1369547843933105
338,0.32920908735644433,valid,0.8369622942113648,0.9099419207580619,0.892526482273584,0.8471876555500248,0.7986860628812764,0.9019607843137255,0.7716870675891432,0.42500000000000004,0,335,2.1361684799194336
339,0.32877396792173386,valid,0.844397238449283,0.9150482856146069,0.8976022452580918,0.8567237163814181,0.7952791647753064,0.9284578696343402,0.7599787120808941,0.375,0,335,2.1532580852508545
340,0.3233140524356596,valid,0.8550185873605948,0.9255749190633202,0.9118725962041896,0.8625377643504532,0.8215827338129497,0.9077901430842608,0.8020223523150612,0.45000000000000007,0,335,2.149465560913086
341,0.3263599310190447,valid,0.8584705257567711,0.9271012865540619,0.9147563480454038,0.8644800406814137,0.83088954056696,0.9009009009009009,0.815859499733901,0.5,0,335,2.168435573577881
342,0.3236320355246144,valid,0.8353690918746681,0.9168346883652272,0.90039739821737,0.8515325670498084,0.7767584097859327,0.9422363540010599,0.728046833422033,0.35,0,335,2.1440229415893555
343,0.3266713470220566,valid,0.8574083908656399,0.9285562994669841,0.9161123945650396,0.8649735981895902,0.8229665071770335,0.9114997350291468,0.8030867482703565,0.45000000000000007,0,335,2.165954113006592
344,0.3278271310752438,valid,0.8502389803505045,0.9185511467075503,0.9006081970214919,0.8567073170731707,0.8228404099560761,0.8934817170111288,0.8068121341138904,0.45000000000000007,0,335,2.143282651901245
345,0.3267576788221636,valid,0.8502389803505045,0.9234596647801419,0.9099690027773155,0.8577912254160364,0.8181818181818182,0.9014308426073132,0.7988291644491751,0.42500000000000004,0,335,2.1595585346221924
346,0.33097073507885777,valid,0.851035581518853,0.9175087493967999,0.8998857627286121,0.8579387186629527,0.8215324927255092,0.8977212506624271,0.8041511442256519,0.525,0,335,2.1538705825805664
347,0.32337648157150517,valid,0.8536909187466808,0.9220875698351203,0.9081654041459352,0.8616620637710268,0.8187022900763359,0.9093799682034976,0.7977647684938797,0.55,0,335,2.141115427017212
348,0.3225781600321493,valid,0.859798194370685,0.9295022411824214,0.9169182269792573,0.8650996423096576,0.8352244696595955,0.8971913089560148,0.8222458754656732,0.475,0,335,2.164020299911499
349,0.32691952201627916,valid,0.8382899628252788,0.9135427886327928,0.9040687596854995,0.8442056792018419,0.8160237388724035,0.8744038155802861,0.8020223523150612,0.5750000000000001,0,335,2.1423943042755127
350,0.3318231052929355,valid,0.8388210302708444,0.9135779018538936,0.8954481355252567,0.8468332071662882,0.8082851637764933,0.8892421833598304,0.7881852048962213,0.475,0,335,2.1691718101501465
351,0.3252612184132299,valid,0.847052575677111,0.9201206653856686,0.9067349479850121,0.8567876678269518,0.8070257611241218,0.9130895601483837,0.7807344332091538,0.45000000000000007,0,335,2.144704818725586
352,0.3224874078746765,valid,0.859798194370685,0.9305800337481769,0.9191251891584687,0.8659217877094972,0.8313018039980498,0.9035506094329624,0.815859499733901,0.42500000000000004,1,352,2.1699001789093018
353,0.32464375707411,valid,0.8536909187466808,0.9264117136577458,0.9146362217316336,0.8618008527715074,0.8180952380952381,0.9104398516163222,0.7967003725385844,0.475,0,352,2.146113634109497
354,0.3323272942535339,valid,0.8552841210833776,0.9269904472296232,0.9146646632242079,0.8650656102995791,0.8118029739776952,0.9258081611022787,0.7844598190526876,0.475,0,352,2.147071361541748
355,0.322868702152083,valid,0.8433351035581519,0.9183963100940217,0.9021048785936854,0.8518332496233049,0.809546539379475,0.8987811340752517,0.7876530069185738,0.475,0,352,2.1711604595184326
356,0.321235422886187,valid,0.847052575677111,0.9236988295310933,0.9120784089143531,0.8562156764852721,0.8093440302029259,0.9088500264970854,0.7849920170303353,0.4,0,352,2.1410865783691406
357,0.3282888623014573,valid,0.8568773234200744,0.9241196241164937,0.9102645420010754,0.863716814159292,0.8259187620889749,0.9051404345521993,0.8084087280468334,0.475,0,352,2.1632044315338135
358,0.328360183104392,valid,0.8568773234200744,0.9253481638041636,0.9130268528068088,0.8665511265164645,0.8131970260223048,0.9273979862215156,0.7860564129856307,0.42500000000000004,1,358,2.1604385375976562
359,0.32234736507938755,valid,0.8436006372809347,0.923491816645246,0.9115546922870098,0.8555310277164582,0.7963470319634703,0.9242183359830418,0.7626397019691326,0.35,0,358,2.1408259868621826
360,0.31993406962963844,valid,0.8499734466277217,0.926180445856118,0.9145625651928858,0.8597666914867212,0.8085901027077498,0.9178590355060944,0.7817988291644492,0.35,0,358,2.1542463302612305
361,0.3170176828580518,valid,0.8574083908656399,0.9270003184162781,0.9170744116359371,0.8634630053394355,0.8299120234604106,0.8998410174880763,0.8147951037786056,0.6,0,358,2.1473586559295654
362,0.31785391186994894,valid,0.8515666489644185,0.9278901353847352,0.9179136496923015,0.8626873004175878,0.8040293040293041,0.9305776364599894,0.7722192655667909,0.375,0,358,2.1736068725585938
363,0.32188999340418845,valid,0.8425385023898035,0.9182829324644433,0.905611761822158,0.8526708074534162,0.8026192703461179,0.9093799682034976,0.775412453432677,0.475,0,358,2.142019033432007
364,0.32306808377465895,valid,0.8428040361125863,0.9158955154634959,0.9025768927781336,0.8528095474888115,0.8032786885245902,0.9088500264970854,0.7764768493879723,0.475,0,358,2.1588938236236572
365,0.32723648125125515,valid,0.8587360594795539,0.9312375957963411,0.9214997226339837,0.8650431253170979,0.829683698296837,0.9035506094329624,0.8137307078233103,0.45000000000000007,0,358,2.1509175300598145
366,0.33465471863746643,valid,0.851035581518853,0.9274022167300819,0.9165260428401532,0.8595744680851064,0.8145161290322581,0.9099099099099099,0.7919105907397552,0.42500000000000004,0,358,2.1479289531707764
367,0.32404640461167983,valid,0.8563462559745088,0.9297383035604243,0.919435789197097,0.8620249936240755,0.8308751229105211,0.895601483836778,0.8169238956891964,0.5,0,358,2.152196168899536
368,0.3203659749800159,valid,0.8563462559745088,0.9286891374359678,0.9172814044382064,0.8657235045917101,0.8141923436041083,0.9242183359830418,0.7881852048962213,0.42500000000000004,0,358,2.1709585189819336
369,0.3209011458581494,valid,0.8518321826872013,0.9278373950446078,0.9167894935754729,0.8594458438287154,0.8190110417666827,0.9040805511393747,0.7993613624268228,0.4,0,358,2.175893545150757
370,0.31917392029877634,valid,0.8513011152416357,0.9268990682445899,0.9159688435434101,0.8605577689243028,0.8116486613433537,0.9157392686804452,0.7865886109632784,0.5,0,358,2.1515486240386963
371,0.323027249305479,valid,0.8231545406266596,0.9018462785485294,0.8845568681589892,0.8392857142857143,0.7704918032786885,0.9215686274509803,0.7243214475784993,0.275,0,358,2.2069220542907715
372,0.3315262020595612,valid,0.8555496548061604,0.9288467943885406,0.9160283157011121,0.8644743398106627,0.8157028678890456,0.9194488606253313,0.7913783927621075,0.42500000000000004,0,358,2.147979736328125
373,0.3224095283977447,valid,0.8571428571428571,0.9311747022356546,0.9197432864662947,0.8639352554375316,0.826318335752298,0.9051404345521993,0.8089409260244811,0.42500000000000004,0,358,2.1808454990386963
374,0.33265541638097457,valid,0.8576739245884227,0.9252026343094808,0.911631939974876,0.8621399176954733,0.8375812093953023,0.8881822999470058,0.8270356572645023,0.55,0,358,2.179077625274658
375,0.3290782916930414,valid,0.8502389803505045,0.9240829597089184,0.9102668161240421,0.8583626318432949,0.8157517899761336,0.9056703762586116,0.7945715806279936,0.42500000000000004,0,358,2.1576988697052
376,0.3273098002518377,valid,0.861125862984599,0.9303909300152609,0.9191486703765344,0.8639791937581275,0.848314606741573,0.8802331743508214,0.8419372006386375,0.475,0,358,2.1969265937805176
377,0.32113365059898746,valid,0.8473181093998938,0.9271882940135766,0.9158406707312782,0.8602673147023087,0.7944344703770198,0.9379968203497615,0.7562533262373603,0.45000000000000007,0,358,2.145009994506836
378,0.3191160626949803,valid,0.851035581518853,0.9274123699506412,0.9160501938197085,0.8612416522384369,0.8075139146567718,0.9226285108638049,0.7791378392762107,0.35,0,358,2.1620686054229736
379,0.32212227967477614,valid,0.8563462559745088,0.9264320200988643,0.91612078932887,0.862235803412274,0.8299019607843138,0.8971913089560148,0.8153273017562533,0.45000000000000007,0,358,2.148794412612915
380,0.3242261878425075,valid,0.8595326606479022,0.928608193705398,0.9186202297456434,0.863342805476621,0.8422379032258065,0.8855325914149443,0.8334220329962746,0.55,0,358,2.166849374771118
381,0.32387525371966824,valid,0.8563462559745088,0.9285210452289311,0.9176521782414301,0.8611752630228381,0.8348258706467662,0.8892421833598304,0.8233102714209686,0.475,0,358,2.1450796127319336
382,0.3195299645585398,valid,0.851035581518853,0.9241799793720402,0.912633090703331,0.85750571501143,0.8234146341463414,0.8945416004239534,0.807344332091538,0.42500000000000004,0,358,2.139338970184326
383,0.32137828488503734,valid,0.8462559745087627,0.9211974708327586,0.9089137166653969,0.8544860517718019,0.8126195028680688,0.9009009009009009,0.7913783927621075,0.35,0,358,2.1508665084838867
384,0.3285246866364633,valid,0.8595326606479022,0.927905365215574,0.9165243535696281,0.8671188143682492,0.8242597898758357,0.9146793852676206,0.8041511442256519,0.45000000000000007,1,384,2.1536004543304443
385,0.32226924105517324,valid,0.8536909187466808,0.9268593014640661,0.9157991939943058,0.8625592417061612,0.8147973609802074,0.9162692103868575,0.7908461947844598,0.55,0,384,2.150214910507202
386,0.3195951042636748,valid,0.8491768454593733,0.9203172430170519,0.9079638808231165,0.8568548387096774,0.8169149447381067,0.9009009009009009,0.7972325705162321,0.42500000000000004,0,384,2.1852993965148926
387,0.34041633649218467,valid,0.8385554965480616,0.915819084275397,0.9045148998259837,0.8489816194734228,0.798971482000935,0.9056703762586116,0.7711548696114955,0.5,0,384,2.148437023162842
388,0.3326310491369617,valid,0.8582049920339884,0.9307161151070614,0.9213577602546705,0.8666333666333667,0.819555975436939,0.9194488606253313,0.7967003725385844,0.45000000000000007,0,384,2.1469194889068604
389,0.32525806489490694,valid,0.8552841210833776,0.923436537999979,0.9075769719038108,0.8642590286425903,0.8153195488721805,0.9194488606253313,0.7908461947844598,0.42500000000000004,0,384,2.198585271835327
390,0.32291485128864167,valid,0.8287307488050982,0.9054266989651896,0.8878671304407528,0.8431038676720992,0.779226618705036,0.9183889772125067,0.7386907929749867,0.275,0,384,2.168097496032715
391,0.32105237558003397,valid,0.8627190653212958,0.9282271659005216,0.9177659391326924,0.8671975340354482,0.8414755732801595,0.8945416004239534,0.8307610431080362,0.45000000000000007,1,391,2.152202606201172
392,0.3182138766973249,valid,0.834306956983537,0.912587257764605,0.898122218776742,0.8478790833739639,0.7851015801354402,0.9215686274509803,0.746673762639702,0.325,0,391,2.1583120822906494
393,0.3135010234771236,valid,0.8499734466277217,0.9245993637879184,0.9143574556081007,0.8594876896294454,0.8097469540768509,0.9157392686804452,0.7839276210750399,0.5,0,391,2.169363021850586
394,0.3166915336924215,valid,0.8629845990440786,0.9293702493151511,0.9198019809528665,0.865414710485133,0.8520801232665639,0.8791732909379968,0.8467269824374667,0.5,0,391,2.2099857330322266
395,0.3096822033966741,valid,0.8520977164099841,0.9294802425378763,0.9194991416425952,0.8626387176325524,0.8067343173431735,0.9268680445151033,0.77700904736562,0.4,0,391,2.1961557865142822
396,0.3079633700751489,valid,0.8441317047265002,0.9235456851209911,0.9130313161216838,0.8572123570907322,0.7922661870503597,0.9337572866984631,0.7541245343267695,0.42500000000000004,0,391,2.2074506282806396
397,0.3121174314329701,valid,0.8454593733404142,0.9251803536310313,0.9150460298077184,0.8553677932405567,0.8053345811885821,0.9120296767355591,0.778605641298563,0.35,0,391,2.226473808288574
398,0.31231741246677214,valid,0.8526287838555496,0.9238285651271282,0.912016957716093,0.8604475735479005,0.8186602870813398,0.9067302596714362,0.7982969664715274,0.35,0,391,2.178989887237549
399,0.3128120990530137,valid,0.8467870419543282,0.9145189079760034,0.8985455271588016,0.8530685001273236,0.821078431372549,0.8876523582405935,0.805747738158595,0.42500000000000004,0,391,2.1985318660736084
400,0.30842715838263113,valid,0.8515666489644185,0.9294824988091119,0.9190630355875452,0.860772104607721,0.8120300751879699,0.9157392686804452,0.7871208089409261,0.375,0,391,2.2100491523742676
401,0.3119009105909255,valid,0.8526287838555496,0.9253329339733245,0.9145216150415416,0.8623853211009175,0.8103448275862069,0.9215686274509803,0.7833954230973922,0.325,0,391,2.162924289703369
402,0.30866906143003897,valid,0.8499734466277217,0.9210381216767591,0.9059762239838656,0.8595575441213025,0.8094569288389513,0.9162692103868575,0.7833954230973922,0.4,0,391,2.2024426460266113
403,0.305897809324726,valid,0.8579394583112055,0.9276896092786899,0.9154652679437674,0.8658811732263725,0.8215984776403426,0.9152093269740329,0.8004257583821182,0.45000000000000007,0,391,2.1720850467681885
404,0.30497825097653175,valid,0.8544875199150292,0.9269546289237615,0.9138160039554882,0.863,0.8168480832938949,0.9146793852676206,0.7940393826503459,0.42500000000000004,0,391,2.181097984313965
405,0.30685085394690115,valid,0.8643122676579925,0.930889565958282,0.921360109121804,0.8690750704586215,0.8412698412698413,0.8987811340752517,0.8296966471527408,0.475,1,405,2.1876890659332275
406,0.3109857151585241,valid,0.8563462559745088,0.9264655821334906,0.9158510604791443,0.8611039794608473,0.8351593625498008,0.8887122416534181,0.8238424693986163,0.45000000000000007,0,405,2.156844139099121
407,0.3111669493298377,valid,0.8635156664896442,0.9311369096924618,0.9205475315860675,0.8675940236991242,0.844110275689223,0.8924218335983042,0.83448642895157,0.5,0,405,2.166400909423828
408,0.3157240709950847,valid,0.8587360594795539,0.9298983578011848,0.9202290223280933,0.8638689866939611,0.8352300841167739,0.8945416004239534,0.8227780734433209,0.4,0,405,2.196298122406006
409,0.3144925688543627,valid,0.8539564524694636,0.9281668106449749,0.9177410665234966,0.8644652538196156,0.8079226163058498,0.9295177530471648,0.7780734433209153,0.375,0,405,2.178616523742676
410,0.3142615535086201,valid,0.8454593733404142,0.9195413677459822,0.9049275616498244,0.856508875739645,0.8008298755186722,0.9205087440381559,0.7700904736562001,0.375,0,405,2.1994948387145996
411,0.31233802870396643,valid,0.8560807222517259,0.9285214682797878,0.9187291157845195,0.8642284569138277,0.8194774346793349,0.9141494435612083,0.7977647684938797,0.275,0,405,2.1650173664093018
412,0.3121749524387621,valid,0.8505045140732873,0.9271097475711945,0.9169950506680835,0.8612275080108455,0.8050691244239632,0.9258081611022787,0.7748802554550293,0.42500000000000004,0,405,2.1613283157348633
413,0.3073587869444201,valid,0.8531598513011153,0.9274089855437881,0.9171627521408091,0.861646234676007,0.8161137440758294,0.9125596184419714,0.7935071846726982,0.42500000000000004,0,405,2.1775128841400146
414,0.3162058262575057,valid,0.8613913967073819,0.9316665693649696,0.9211574993111494,0.8692384769539078,0.8242280285035629,0.9194488606253313,0.8030867482703565,0.4,1,414,2.2063989639282227
415,0.3128779345462399,valid,0.8502389803505045,0.9244747048021631,0.9112094928676069,0.8621026894865526,0.8002723558783477,0.9342872284048754,0.7658328898350186,0.325,0,414,2.2003278732299805
416,0.3163151659311787,valid,0.8539564524694636,0.9282384472566985,0.9192539842916108,0.8634558093346574,0.8122372723026623,0.9215686274509803,0.7860564129856307,0.375,0,414,2.1612086296081543
417,0.3232679857361701,valid,0.8494423791821561,0.9247085109089305,0.9134563893445006,0.858356232825381,0.8119092627599244,0.9104398516163222,0.7881852048962213,0.45000000000000007,0,414,2.2026476860046387
418,0.307986413038546,valid,0.854753053637812,0.9252345041406806,0.9130074955360173,0.8609911054637865,0.8271484375,0.8977212506624271,0.8116019159127196,0.475,0,414,2.17865252494812
419,0.31269577986771063,valid,0.8420074349442379,0.9144723723817735,0.8985709997010881,0.8518057285180572,0.8035714285714286,0.9062003179650239,0.7775412453432677,0.30000000000000004,0,414,2.1872165203094482
420,0.3257571554953052,valid,0.8515666489644185,0.9226324593384669,0.9118647962004274,0.8577246118605243,0.8251714005876591,0.8929517753047165,0.8100053219797765,0.5,0,414,2.169867753982544
421,0.32835140632044885,valid,0.8499734466277217,0.9234875861366798,0.9100779807254666,0.8603213844252163,0.8063021316033364,0.9220985691573926,0.7775412453432677,0.375,0,414,2.1781961917877197
422,0.3203860401145874,valid,0.8462559745087627,0.9248616553190325,0.9146537597688328,0.8567186340014847,0.8036211699164345,0.9173290937996821,0.7748802554550293,0.42500000000000004,0,414,2.1876025199890137
423,0.31808085355066484,valid,0.8494423791821561,0.9299698533959562,0.9185966150806335,0.8620773534419849,0.7967625899280576,0.9390567037625861,0.7594465141032464,0.325,0,414,2.1610615253448486
424,0.3116744624510888,valid,0.8568773234200744,0.9293290723651054,0.9171031164759487,0.8683117517713169,0.8055303717135086,0.9417064122946476,0.7716870675891432,0.35,0,414,2.201479911804199
425,0.3188986898429932,valid,0.8449283058948487,0.9208827209954217,0.9097081037004687,0.8550148957298908,0.8042970574497899,0.9125596184419714,0.77700904736562,0.45000000000000007,0,414,2.1812262535095215
426,0.32172556149382747,valid,0.8595326606479022,0.929581774743469,0.9191144252553137,0.8657701091093631,0.8305744888023369,0.9040805511393747,0.8147951037786056,0.375,0,414,2.2109837532043457
427,0.3123238990383764,valid,0.8552841210833776,0.9277124540249482,0.9164402263064317,0.8621997471554994,0.824468085106383,0.9035506094329624,0.8068121341138904,0.4,0,414,2.183361530303955
428,0.31447377728839077,valid,0.8417419012214551,0.9159634856344621,0.9012585616087314,0.8524021792966815,0.800092980009298,0.9120296767355591,0.7711548696114955,0.42500000000000004,0,414,2.1993024349212646
429,0.3134512740277475,valid,0.8544875199150292,0.9275031848678658,0.916282565618818,0.8638170974155069,0.8132896583996256,0.9210386857445682,0.7876530069185738,0.45000000000000007,0,414,2.194016695022583
430,0.33244151934500665,valid,0.8438661710037175,0.9132630109996043,0.8975119350945316,0.8503054989816701,0.8182263596276335,0.885002649708532,0.8025545502927088,0.375,0,414,2.2105400562286377
431,0.3165721117008117,valid,0.8579394583112055,0.9284905855672535,0.9187767029929191,0.8631363520081863,0.8343224530168151,0.8940116587175411,0.8217136774880256,0.5750000000000001,0,414,2.2063026428222656
432,0.310020380202801,valid,0.8627190653212958,0.9335153016084675,0.924547604126887,0.8680785914774177,0.8371062992125984,0.9014308426073132,0.8238424693986163,0.35,0,414,2.189920425415039
433,0.3136853229614996,valid,0.8473181093998938,0.9248249909114573,0.9141981932614652,0.8584789564361309,0.8014705882352942,0.9242183359830418,0.7700904736562001,0.5750000000000001,0,414,2.214296579360962
434,0.31857559902052723,valid,0.8552841210833776,0.9267642560382755,0.9165063788729049,0.8602205693767633,0.8334990059642147,0.8887122416534181,0.8217136774880256,0.525,0,414,2.192589521408081
435,0.32094062215858893,valid,0.8616569304301647,0.9299814167860375,0.9200216066227386,0.865270235324541,0.8449494949494949,0.8865924748277689,0.8366152208621607,0.475,0,414,2.2143123149871826
436,0.3067826395553927,valid,0.859798194370685,0.9309538696884908,0.9211175958492626,0.8645459209851206,0.8378915962207857,0.8929517753047165,0.8265034592868548,0.5,0,414,2.2021100521087646
437,0.3015010597244386,valid,0.863781200212427,0.9314259944444961,0.9209604807076506,0.8678856554210662,0.844188376753507,0.8929517753047165,0.83448642895157,0.45000000000000007,0,414,2.2081685066223145
438,0.3047389193407951,valid,0.8420074349442379,0.9229601827354074,0.9116772054253693,0.8544876497921252,0.793369663941871,0.9258081611022787,0.7578499201703034,0.25,0,414,2.2051289081573486
439,0.30547052910251005,valid,0.8558151885289432,0.9285630682806902,0.9168022540117987,0.8624968346416815,0.8258971871968962,0.9024907260201378,0.8089409260244811,0.375,0,414,2.203972101211548
440,0.3060338523599409,valid,0.8507700477960701,0.9285859130269486,0.9170543642298215,0.8625244618395304,0.8009995456610631,0.9342872284048754,0.766897285790314,0.375,0,414,2.1980743408203125
441,0.3107211842171608,valid,0.8523632501327668,0.9238697420771741,0.9141385050301862,0.8591691995947315,0.8229015041242116,0.8987811340752517,0.805747738158595,0.4,0,414,2.1884548664093018
442,0.3074611695783754,valid,0.8571428571428571,0.9321189517476653,0.9219840545523534,0.8670948616600791,0.8121240166589542,0.9300476947535771,0.7839276210750399,0.35,0,414,2.206087827682495
443,0.30539039979057925,valid,0.8566117896972916,0.9297134845768349,0.9209200734062536,0.8634984833164813,0.8255195746737555,0.9051404345521993,0.8078765300691857,0.42500000000000004,0,414,2.2070090770721436
444,0.3058732115933972,valid,0.8568773234200744,0.9301063578056973,0.920126747462124,0.86535098675993,0.8185255198487713,0.9178590355060944,0.795635976583289,0.45000000000000007,0,414,2.221193313598633
445,0.3062947250662311,valid,0.8550185873605948,0.9285326086190125,0.9177751628034676,0.8639082751744765,0.8155294117647058,0.9183889772125067,0.7913783927621075,0.4,0,414,2.2000856399536133
446,0.30943350614078585,valid,0.8507700477960701,0.927879418096367,0.9174217473727023,0.8632603406326034,0.7980206927575348,0.9401165871754107,0.7610431080361895,0.375,0,414,2.256758451461792
447,0.3083610594753296,valid,0.8531598513011153,0.9264328662005774,0.9144335227843632,0.8631526849789656,0.8096564531104921,0.9242183359830418,0.7817988291644492,0.42500000000000004,0,414,2.209977626800537
448,0.3102784618254631,valid,0.8507700477960701,0.9237400064811392,0.9115582989032057,0.8602685231228244,0.810304449648712,0.9167991520932698,0.7844598190526876,0.4,0,414,2.2073988914489746
449,0.3134420302606398,valid,0.8595326606479022,0.9308255442619778,0.9206671878180783,0.8642545547857327,0.8378109452736319,0.8924218335983042,0.8265034592868548,0.5,0,414,2.2656188011169434
450,0.3090558073693706,valid,0.8467870419543282,0.9258738750020096,0.9152754133811819,0.8596448552663586,0.7945143884892086,0.9364069952305246,0.756785524215008,0.4,0,414,2.2092700004577637
451,0.3180930650522632,valid,0.8560807222517259,0.9281882452217112,0.9170756539843874,0.8621566632756866,0.8288508557457213,0.8982511923688394,0.8137307078233103,0.475,0,414,2.2553048133850098
452,0.30820008343265903,valid,0.8515666489644185,0.9242440010683443,0.9128122675694205,0.857579617834395,0.8258096172718351,0.8918918918918919,0.8110697179350719,0.42500000000000004,0,414,2.2108891010284424
453,0.3164763491480581,valid,0.8544875199150292,0.9300711035676443,0.9172419747266611,0.8657520823125918,0.8050113895216401,0.9364069952305246,0.7722192655667909,0.375,0,414,2.234065532684326
454,0.31400423496961594,valid,0.844397238449283,0.9168659941286181,0.9040357837387384,0.8486570247933884,0.8277078085642318,0.8706942236354,0.8179882916444917,0.5,0,414,2.1992011070251465
455,0.313678510006397,valid,0.8520977164099841,0.9228200118849087,0.9081664163906412,0.8608543592305771,0.8142722117202268,0.9130895601483837,0.7908461947844598,0.42500000000000004,0,414,2.206573486328125
456,0.31503151525412837,valid,0.8451938396176314,0.9227069162892347,0.9101777992151997,0.8571428571428571,0.7971741112123975,0.9268680445151033,0.7631718999467803,0.375,0,414,2.2121644020080566
457,0.31682120936532177,valid,0.8507700477960701,0.9224401122156499,0.9075412777173112,0.861439842209073,0.8054402950668511,0.9258081611022787,0.775412453432677,0.35,0,414,2.2151741981506348
458,0.3189967810626953,valid,0.8563462559745088,0.9308929503651351,0.9195786170971925,0.8636936255983875,0.8232468780019212,0.908320084790673,0.8041511442256519,0.4,0,414,2.206449031829834
459,0.3199682418377169,valid,0.8520977164099841,0.92216597526055,0.907719001223956,0.8608543592305771,0.8142722117202268,0.9130895601483837,0.7908461947844598,0.375,0,414,2.211566686630249
460,0.31016898011007615,valid,0.8486457780138078,0.924444104123533,0.9126242804408996,0.8591897233201581,0.8047200370198982,0.9215686274509803,0.775412453432677,0.35,0,414,2.2155935764312744
461,0.30647551965328956,valid,0.8608603292618162,0.9305728418836141,0.9194843265418904,0.8674759736975215,0.8297048863086599,0.9088500264970854,0.8126663118680149,0.42500000000000004,0,414,2.2009143829345703
462,0.304442762367187,valid,0.847052575677111,0.922572668150729,0.9128530437136166,0.8540293968575773,0.8183584264205925,0.8929517753047165,0.8009579563597659,0.625,0,414,2.235081195831299
463,0.31414886179470247,valid,0.8489113117365905,0.9242352580173073,0.9122964390225257,0.8605733888752757,0.8003646308113036,0.9305776364599894,0.766897285790314,0.375,0,414,2.2043371200561523
464,0.29913610916945244,valid,0.8526287838555496,0.9305449205270763,0.9208094451676495,0.8619059467529236,0.8123827392120075,0.9178590355060944,0.7871208089409261,0.35,0,414,2.2174110412597656
465,0.29833045553776527,valid,0.8526287838555496,0.9295855822011787,0.9171851478470598,0.8637368033390621,0.8046660567246111,0.9321674615792263,0.7727514635444386,0.30000000000000004,0,414,2.2123825550079346
466,0.3151467524228557,valid,0.8566117896972916,0.9293313286363408,0.9204565466362807,0.860248447204969,0.8406676783004552,0.8807631160572337,0.8323576370409792,0.475,0,414,2.2053604125976562
467,0.29969577635488204,valid,0.8592671269251195,0.9313044378316895,0.9217996810678278,0.8677644710578842,0.8198962753418199,0.9215686274509803,0.7967003725385844,0.45000000000000007,0,414,2.216132879257202
468,0.3034510211117806,valid,0.8608603292618162,0.9314118927492752,0.9225637727550244,0.8656410256410256,0.8385494287133631,0.8945416004239534,0.8270356572645023,0.475,0,414,2.2073755264282227
469,0.30781436831720416,valid,0.8550185873605948,0.9326054602327963,0.9237852102897567,0.8645833333333334,0.8125874125874126,0.9236883942766295,0.7860564129856307,0.325,0,414,2.231114149093628
470,0.2979926505396443,valid,0.8550185873605948,0.9296153367780955,0.9184855215524995,0.8640438247011952,0.8149365899483325,0.9194488606253313,0.7903139968068121,0.42500000000000004,0,414,2.211440086364746
471,0.30277184685391767,valid,0.8574083908656399,0.9290839849021612,0.9185846133069422,0.8639473017481631,0.8276699029126213,0.9035506094329624,0.8110697179350719,0.42500000000000004,0,414,2.2223849296569824
472,0.2965121204333921,valid,0.8568773234200744,0.9314640690215934,0.9217813892871639,0.8670776818742294,0.8108856088560885,0.931637519872814,0.7817988291644492,0.4,0,414,2.243528366088867
473,0.30026007563837115,valid,0.8576739245884227,0.9302648608599835,0.9193707077281257,0.8664673642252118,0.8175834508697696,0.9215686274509803,0.7935071846726982,0.35,0,414,2.2108356952667236
474,0.3025185759029081,valid,0.8558151885289432,0.9279162235208943,0.9171522815052425,0.8650260999254288,0.8146067415730337,0.9220985691573926,0.7892496008515167,0.4,0,414,2.227034330368042
475,0.30194877905230366,valid,0.8515666489644185,0.9287571076069339,0.9182268353449494,0.8634253603713657,0.8009972801450589,0.9364069952305246,0.7663650878126663,0.42500000000000004,0,414,2.2284858226776123
476,0.306874580681324,valid,0.8465215082315454,0.9284169747181988,0.9183932237140617,0.860655737704918,0.7894736842105263,0.9459459459459459,0.746673762639702,0.25,0,414,2.2099905014038086
477,0.30342080564268176,valid,0.8544875199150292,0.9303147808610666,0.920314054210525,0.8627254509018036,0.8180522565320665,0.9125596184419714,0.7961681745609367,0.42500000000000004,0,414,2.2426421642303467
478,0.30572338810851496,valid,0.8600637280934679,0.9304026344222943,0.9197395440788083,0.8670870113493064,0.8272377285851781,0.9109697933227345,0.8089409260244811,0.4,0,414,2.213676691055298
479,0.2944874169845735,valid,0.8587360594795539,0.9282000906456969,0.9171864345288762,0.865520728008089,0.8274528757854036,0.9072602013778485,0.8100053219797765,0.375,0,414,2.215581178665161
480,0.300510119526617,valid,0.8539564524694636,0.9268918763800271,0.916480113368141,0.8637939574046558,0.8107856810785681,0.9242183359830418,0.7833954230973922,0.325,0,414,2.2063424587249756
481,0.3031736573865337,valid,0.8534253850238981,0.9312175713891269,0.9220793089290068,0.8647058823529412,0.8043775649794802,0.9348171701112877,0.7716870675891432,0.375,0,414,2.1817216873168945
482,0.3047349104477513,valid,0.851035581518853,0.9247898776903567,0.9149396770870115,0.8605518269947801,0.8103932584269663,0.9173290937996821,0.7844598190526876,0.4,0,414,2.2003791332244873
483,0.30820180235370515,valid,0.8576739245884227,0.9302882696740508,0.9215080798263854,0.8613554061045008,0.84133400707428,0.8823529411764706,0.8328898350186269,0.42500000000000004,0,414,2.1864700317382812
484,0.30238617163512016,valid,0.8491768454593733,0.9283027509869071,0.9181749354232257,0.8618677042801557,0.7964044943820224,0.9390567037625861,0.7589143161255987,0.325,0,414,2.2012133598327637
485,0.3073685777283484,valid,0.8430695698353691,0.9158599791915385,0.9024605637256317,0.8535315985130112,0.8016759776536313,0.9125596184419714,0.7732836615220862,0.375,0,414,2.197169542312622
486,0.3070955233227822,valid,0.8513011152416357,0.9290834208343524,0.9191365086819316,0.8604187437686939,0.812235294117647,0.9146793852676206,0.7876530069185738,0.375,0,414,2.193087577819824
487,0.3134956006561556,valid,0.8590015932023367,0.9307478439213092,0.9212659659353761,0.8650571791613723,0.8310546875,0.9019607843137255,0.815859499733901,0.525,0,414,2.2053160667419434
488,0.3067672365615445,valid,0.8632501327668614,0.9321017476794955,0.9220472138567677,0.8684546615581098,0.8382642998027613,0.9009009009009009,0.8254390633315594,0.42500000000000004,0,414,2.1954736709594727
489,0.2992326023597871,valid,0.8571428571428571,0.9275559252079929,0.9170771525142611,0.8628250892401835,0.8314496314496315,0.8966613672496025,0.817456093666844,0.45000000000000007,0,414,2.211968421936035
490,0.29952407844604984,valid,0.8608603292618162,0.9294607821984712,0.9197633804329709,0.8656410256410256,0.8385494287133631,0.8945416004239534,0.8270356572645023,0.525,0,414,2.1884379386901855
491,0.2982634899597014,valid,0.8412108337758896,0.9155528442696209,0.9008173943158894,0.8513177523620089,0.8018735362997658,0.9072602013778485,0.7748802554550293,0.325,0,414,2.1964080333709717
492,0.30530746882000276,valid,0.8563462559745088,0.9261262953464688,0.9144230740418494,0.8661884739055157,0.812152133580705,0.9279279279279279,0.7844598190526876,0.4,0,414,2.1885430812835693
493,0.2955371648553879,valid,0.8502389803505045,0.9186452050146757,0.9055459207204575,0.8590704647676162,0.8127659574468085,0.9109697933227345,0.7892496008515167,0.4,0,414,2.187256097793579
494,0.3015245725550959,valid,0.8513011152416357,0.9230019237532621,0.9116045164484476,0.8598598598598599,0.8146040777619725,0.9104398516163222,0.7919105907397552,0.42500000000000004,0,414,2.196493148803711
495,0.306186004752113,valid,0.8566117896972916,0.9298308106810753,0.918676644273399,0.8672566371681416,0.8088033012379643,0.9348171701112877,0.7780734433209153,0.30000000000000004,0,414,2.187177896499634
496,0.30126172087846265,valid,0.8587360594795539,0.9291762099889077,0.9200981952335145,0.8658598083711548,0.8258778258778259,0.9099099099099099,0.807344332091538,0.5,0,414,2.2021117210388184
497,0.29964320625989666,valid,0.8571428571428571,0.9318679415727281,0.922220408312441,0.8643469490670701,0.8244348244348244,0.908320084790673,0.805747738158595,0.475,0,414,2.1922693252563477
498,0.2955295866535556,valid,0.8587360594795539,0.9307750601930861,0.9217027190098823,0.8657243816254417,0.8265060240963855,0.9088500264970854,0.8084087280468334,0.45000000000000007,0,414,2.232182741165161
499,0.29316963543815,valid,0.8542219861922464,0.9302572459445639,0.9191791575175322,0.8638730473592859,0.8117427772600186,0.9231584525702172,0.7849920170303353,0.35,0,414,2.2027416229248047
500,0.29489608060929084,valid,0.8459904407859798,0.924844733284767,0.9143243060117406,0.8594961240310077,0.7916108879964302,0.9401165871754107,0.7514635444385311,0.375,0,414,2.2153425216674805
501,0.29411555442117876,valid,0.8587360594795539,0.9306134547658512,0.9208557714794631,0.8681209717402082,0.8155565905915231,0.9279279279279279,0.7892496008515167,0.375,0,414,2.7278151512145996
502,0.2920966504081603,valid,0.8592671269251195,0.9306557598515148,0.9206794997749836,0.8692003948667325,0.8133949191685912,0.9332273449920508,0.7849920170303353,0.325,0,414,2.212127447128296
503,0.2864191219691307,valid,0.8568773234200744,0.9315624988542373,0.9209204953083044,0.8646068826927907,0.8218720152817574,0.9120296767355591,0.8014901543374136,0.4,0,414,2.223795175552368
504,0.2911188792317144,valid,0.8486457780138078,0.9264179184036428,0.9160151029649508,0.8607038123167156,0.7986394557823129,0.9332273449920508,0.7637040979244278,0.275,0,414,2.150110960006714
505,0.3056238670983622,valid,0.863781200212427,0.933393180927852,0.9232024266453555,0.8698299923877189,0.8344693281402142,0.908320084790673,0.8190526875997871,0.42500000000000004,1,505,2.2311694622039795
506,0.3008101034548975,valid,0.8412108337758896,0.9258358004249122,0.9143397381781664,0.8570062171209948,0.7808278867102396,0.949655537890832,0.7323044172432145,0.275,0,505,2.2389168739318848
507,0.2992906008035906,valid,0.8534253850238981,0.9303159089966843,0.9236214690040058,0.8617234468937875,0.8171021377672208,0.9114997350291468,0.7951037786056413,0.4,0,505,2.1928374767303467
508,0.2982538926505273,valid,0.8507700477960701,0.9256053787249982,0.9142925842404962,0.8613714849531328,0.8057221965851408,0.9252782193958664,0.7759446514103246,0.375,0,505,2.1515908241271973
509,0.29590098607924675,valid,0.8499734466277217,0.9298229137317513,0.919505450337752,0.8616891064871481,0.8007279344858963,0.9326974032856385,0.766897285790314,0.42500000000000004,0,505,2.175705671310425
510,0.29328352020632836,valid,0.851035581518853,0.9260507102600832,0.9169829280481938,0.8600648540783238,0.8124410933081998,0.913619501854796,0.7881852048962213,0.475,0,505,2.148531198501587
511,0.29882228686924905,valid,0.8560807222517259,0.9291268540556334,0.9175080372138124,0.8647029455816275,0.8173666823973572,0.9178590355060944,0.7940393826503459,0.375,0,505,2.1434993743896484
512,0.2965147879815871,valid,0.8536909187466808,0.9292630764314701,0.9195864949656849,0.8633093525179856,0.8115671641791045,0.9220985691573926,0.7849920170303353,0.45000000000000007,0,505,2.1612350940704346
513,0.2962855605348464,valid,0.8568773234200744,0.9335277111002623,0.9256978843188245,0.8645388288514703,0.8221797323135756,0.9114997350291468,0.8020223523150612,0.42500000000000004,0,505,2.1441996097564697
514,0.2912789688956353,valid,0.8603292618162507,0.932710376845242,0.9241835291764791,0.868038133467135,0.8242020009528347,0.9167991520932698,0.8036189462480042,0.4,0,505,2.147643804550171
515,0.2963429021258508,valid,0.8584705257567711,0.9315664473288991,0.9227388814733085,0.8661140416980658,0.8233046800382043,0.913619501854796,0.8030867482703565,0.42500000000000004,0,505,2.143489360809326
516,0.3051887611227651,valid,0.8536909187466808,0.9305062818821702,0.9207635642698079,0.8648516065734608,0.8050228310502283,0.9342872284048754,0.7727514635444386,0.375,0,505,2.154463529586792
517,0.29669840994381136,valid,0.8550185873605948,0.9302011211975836,0.9216278006002413,0.8637724550898204,0.8161244695898161,0.9173290937996821,0.7924427887174029,0.375,0,505,2.1898155212402344
518,0.2998124726356999,valid,0.8518321826872013,0.9298748079701654,0.9197217585782468,0.8631010794896958,0.8035632708999543,0.9321674615792263,0.7711548696114955,0.30000000000000004,0,505,2.2265713214874268
519,0.31433095807029354,valid,0.8568773234200744,0.9319937286941012,0.9216232475961331,0.8674046740467405,0.8094582185491277,0.9342872284048754,0.7791378392762107,0.4,0,505,2.22198486328125
520,0.3064117145634467,valid,0.8417419012214551,0.9200411318246211,0.9071245400739225,0.8542074363992173,0.793275783734666,0.9252782193958664,0.7578499201703034,0.30000000000000004,0,505,2.207552433013916
521,0.3069497611253492,valid,0.8374933616569304,0.9102404536458946,0.897857352911396,0.8428351309707242,0.8176382660687593,0.8696343402225755,0.8052155401809473,0.4,0,505,2.159574031829834
522,0.30700133716867817,valid,0.8568773234200744,0.9300747700084018,0.9210841894108439,0.865216304076019,0.8191287878787878,0.9167991520932698,0.7967003725385844,0.4,0,505,2.158198356628418
523,0.30546577274799347,valid,0.8409453000531067,0.9140402964401962,0.8987532188278367,0.8503622283287534,0.8043478260869565,0.9019607843137255,0.7796700372538584,0.42500000000000004,0,505,2.1488735675811768
524,0.29727742869046425,valid,0.8542219861922464,0.9264029706067085,0.916428694509012,0.8623024830699775,0.8185714285714286,0.9109697933227345,0.7972325705162321,0.42500000000000004,0,505,2.1556434631347656
525,0.3019438155235783,valid,0.8236856080722251,0.9040641931729183,0.89108832559621,0.835399107585523,0.7848160223567769,0.8929517753047165,0.7541245343267695,0.42500000000000004,0,505,2.180527687072754
526,0.303377875156941,valid,0.8576739245884227,0.9273094275755265,0.9182797979430664,0.8638211382113821,0.8296730112249878,0.9009009009009009,0.814262905800958,0.42500000000000004,0,505,2.1866543292999268
527,0.2967836907313716,valid,0.8555496548061604,0.9269952418059986,0.9170102152916773,0.8622784810126582,0.825496849248667,0.9024907260201378,0.8084087280468334,0.42500000000000004,0,505,2.18986439704895
528,0.2976212415003007,valid,0.8550185873605948,0.9299582900058748,0.9215187800677499,0.8646504709965295,0.8122962272938985,0.9242183359830418,0.785524215007983,0.42500000000000004,0,505,2.219815492630005
529,0.30272347023410184,valid,0.8513011152416357,0.9255156919433912,0.9148804743649737,0.861796643632774,0.8064665127020785,0.9252782193958664,0.77700904736562,0.375,0,505,2.2090370655059814
530,0.288197549600755,valid,0.8531598513011153,0.9279761557255845,0.9155208661662897,0.863759546686376,0.8070902394106814,0.9289878113407525,0.77700904736562,0.30000000000000004,0,505,2.1651272773742676
531,0.29102922639539164,valid,0.8587360594795539,0.9302764242500647,0.9199693606037381,0.8683819891142999,0.814385150812065,0.9300476947535771,0.7871208089409261,0.4,0,505,2.145839214324951
532,0.2974819817369984,valid,0.8582049920339884,0.9335581707619398,0.9257940086980214,0.8677563150074294,0.8145048814504882,0.9284578696343402,0.7876530069185738,0.45000000000000007,0,505,2.172624111175537
533,0.3013125448938339,valid,0.8571428571428571,0.9302406059442031,0.9204382738203718,0.865902293120638,0.8174117647058824,0.9205087440381559,0.7935071846726982,0.325,0,505,2.1604809761047363
534,0.2895630042879812,valid,0.8566117896972916,0.9319937286941012,0.9224118327825795,0.8659384309831182,0.8145726296123307,0.9242183359830418,0.788717402873869,0.475,0,505,2.144115924835205
535,0.2970766453973709,valid,0.8592671269251195,0.9297205354244455,0.918675626935456,0.8678963110667997,0.8192941176470588,0.9226285108638049,0.795635976583289,0.42500000000000004,0,505,2.1620125770568848
536,0.2914659717390614,valid,0.8566117896972916,0.9316076242789451,0.9226802821912146,0.864185110663984,0.8224030636668263,0.9104398516163222,0.8025545502927088,0.35,0,505,2.152648687362671
537,0.2972268402095764,valid,0.8528943175783325,0.9261525244995801,0.9149487222159921,0.862531017369727,0.811012599160056,0.9210386857445682,0.7844598190526876,0.375,0,505,2.142103433609009
538,0.2927868010536317,valid,0.8560807222517259,0.9322006005629961,0.9231414442376429,0.8670264965652601,0.8072179077204202,0.9364069952305246,0.775412453432677,0.42500000000000004,0,505,2.1469361782073975
539,0.29359509195050887,valid,0.8571428571428571,0.9297495849166012,0.9183522561657171,0.8648920140632848,0.8219570405727924,0.9125596184419714,0.8014901543374136,0.42500000000000004,0,505,2.1597650051116943
540,0.3043742725445378,valid,0.8576739245884227,0.9290930099871025,0.9198148306320313,0.8641662442980234,0.8280718795531812,0.9035506094329624,0.8116019159127196,0.42500000000000004,0,505,2.16699481010437
541,0.3064549274502262,valid,0.8584705257567711,0.9327555022699499,0.9233797388087186,0.8658444500377549,0.8245445829338447,0.9114997350291468,0.8052155401809473,0.45000000000000007,0,505,2.1394875049591064
542,0.28920478397800076,valid,0.8582049920339884,0.9288702032026077,0.9169577287659485,0.8641221374045801,0.8311306901615272,0.8998410174880763,0.8163916977115487,0.325,0,505,2.1389031410217285
543,0.2949067438321729,valid,0.851035581518853,0.9257500621179674,0.9135369146979597,0.8573607932875668,0.8240469208211144,0.8934817170111288,0.8084087280468334,0.375,0,505,2.160496950149536
544,0.2837070360058738,valid,0.8513011152416357,0.9311792147781253,0.9205385463043481,0.8643410852713178,0.7960731816153503,0.9454160042395336,0.756785524215008,0.35,0,505,2.1433634757995605
545,0.28731221633572734,valid,0.8608603292618162,0.9324813653148499,0.9206319311331176,0.8694569008470354,0.8204043253408556,0.9247482776894541,0.7967003725385844,0.4,0,505,2.1518757343292236
546,0.28229958263616406,valid,0.861125862984599,0.9333923348261388,0.9243277488620933,0.8688236769500878,0.8247619047619048,0.9178590355060944,0.8041511442256519,0.4,0,505,2.169314384460449
547,0.29738974715432814,valid,0.8605947955390335,0.931004635791287,0.9197987675048773,0.8669875855079807,0.8305825242718446,0.9067302596714362,0.814262905800958,0.475,0,505,2.143649101257324
548,0.2986987675389936,valid,0.8520977164099841,0.9310037896895738,0.9223225248405087,0.8630440127858372,0.805045871559633,0.9300476947535771,0.7738158594997339,0.375,0,505,2.1615853309631348
549,0.30083266789874724,valid,0.8595326606479022,0.9331731944824015,0.9236002538742234,0.8654970760233918,0.8318670576735093,0.9019607843137255,0.8169238956891964,0.45000000000000007,0,505,2.148477077484131
550,0.30945064415854795,valid,0.8605947955390335,0.9324748785350483,0.9197288842677824,0.8683880671847581,0.8239771646051379,0.9178590355060944,0.8030867482703565,0.4,0,505,2.1459906101226807
551,0.2946164807484996,valid,0.8491768454593733,0.9252786424467232,0.9120715099084602,0.8603049680275455,0.8026617714547958,0.9268680445151033,0.7711548696114955,0.35,0,505,2.155968427658081
552,0.28887996822595596,valid,0.851035581518853,0.9301043835683662,0.9195710717158827,0.8632040965618142,0.7994579945799458,0.9379968203497615,0.7637040979244278,0.275,0,505,2.1485538482666016
553,0.28648473755005865,valid,0.8600637280934679,0.9297098181360773,0.9186823975241837,0.8651829112304937,0.8363006923837785,0.8961314255431903,0.8238424693986163,0.4,0,505,2.1694960594177246
554,0.2908693044897049,valid,0.8616569304301647,0.9332504717722137,0.9220573499088947,0.8703657626275193,0.8203564727954972,0.9268680445151033,0.7961681745609367,0.4,1,554,2.160292148590088
555,0.2959243729710579,valid,0.8428040361125863,0.9232890342679655,0.9099478995754753,0.8563106796116505,0.7899686520376176,0.9348171701112877,0.7503991484832357,0.275,0,554,2.149465560913086
556,0.2871222551311216,valid,0.8566117896972916,0.9304160310327546,0.9180531050780999,0.866137828458106,0.8136935258500233,0.9258081611022787,0.7871208089409261,0.35,0,554,2.1753344535827637
557,0.2848168121230218,valid,0.8571428571428571,0.9311724459644191,0.9208450594295229,0.8658354114713217,0.8177107866227037,0.9199788023317436,0.7940393826503459,0.35,0,554,2.153905153274536
558,0.2812035530805588,valid,0.8359001593202336,0.910870235354473,0.8941502916127179,0.843939393939394,0.8060781476121563,0.8855325914149443,0.7860564129856307,0.30000000000000004,0,554,2.164902687072754
559,0.2937826098453614,valid,0.8590015932023367,0.9304019293375335,0.918284630111039,0.8642290974175403,0.8349802371541502,0.895601483836778,0.8222458754656732,0.42500000000000004,0,554,2.1515157222747803
560,0.2817321971299187,valid,0.8563462559745088,0.9309719198583738,0.9202948819964542,0.8673043904831984,0.8073059360730593,0.9369369369369369,0.775412453432677,0.375,0,554,2.150878429412842
561,0.28470520579045816,valid,0.8627190653212958,0.9326996595568741,0.9223012025287787,0.8648366013071895,0.8534571723426213,0.8765235824059353,0.8488557743480575,0.475,0,554,2.164234161376953
562,0.29858254328850775,valid,0.8552841210833776,0.9281752716621074,0.9149006188647555,0.8656642839536604,0.8092165898617512,0.9305776364599894,0.7796700372538584,0.325,0,554,2.1409220695495605
563,0.28825256132310434,valid,0.8563462559745088,0.9273960119841846,0.9140222262601767,0.8597355457609541,0.8416243654822335,0.8786433492315845,0.8339542309739223,0.4,0,554,2.1738955974578857
564,0.2945763286082975,valid,0.8505045140732873,0.9232602668097143,0.909902325056131,0.858861870142893,0.8149381541389153,0.9077901430842608,0.7929749866950505,0.325,0,554,2.1825549602508545
565,0.30599198346176454,valid,0.8459904407859798,0.9239612620791595,0.913700846566565,0.8568608094768015,0.8018475750577367,0.9199788023317436,0.7716870675891432,0.45000000000000007,0,554,2.1768054962158203
566,0.2976670017646205,valid,0.8526287838555496,0.9264142519628854,0.9150599678920963,0.8607277289836889,0.8174451858913251,0.9088500264970854,0.7961681745609367,0.4,0,554,2.2002460956573486
567,0.29006561372549305,valid,0.8621879978757302,0.932977180918827,0.9221210222717817,0.8679053194196996,0.8349657198824681,0.9035506094329624,0.8206492815327302,0.375,0,554,2.209150552749634
568,0.286404499603856,valid,0.8552841210833776,0.9334481775392147,0.9239026059283015,0.8644615767222084,0.8144329896907216,0.9210386857445682,0.7892496008515167,0.35,0,554,2.199801206588745
569,0.2866494184540164,valid,0.859798194370685,0.9293017150763762,0.9178919521939876,0.8672699849170438,0.8249641319942611,0.9141494435612083,0.8052155401809473,0.325,0,554,2.1652233600616455
570,0.28979818739237323,valid,0.8595326606479022,0.9299410859377049,0.9189208776253515,0.8681126901022189,0.8196798493408662,0.9226285108638049,0.7961681745609367,0.325,0,554,2.162184000015259
571,0.2833548923653941,valid,0.8608603292618162,0.931688850043419,0.9213709119241127,0.8655030800821355,0.839223494275759,0.8934817170111288,0.8281000532197977,0.475,0,554,2.141167402267456
572,0.28722583045882566,valid,0.859798194370685,0.9311123727427769,0.9202333564945809,0.8646847770374168,0.8372208436724565,0.8940116587175411,0.8254390633315594,0.475,0,554,2.156494617462158
573,0.2826284448946676,valid,0.8629845990440786,0.9333756948257779,0.923564050401843,0.8683001531393568,0.8375184638109305,0.9014308426073132,0.824374667376264,0.4,0,554,2.148158311843872
574,0.28396037749705777,valid,0.8539564524694636,0.9286112960783467,0.9175562011905938,0.8635235732009926,0.811945870275315,0.9220985691573926,0.785524215007983,0.30000000000000004,0,554,2.1802384853363037
575,0.2901825015583346,valid,0.8582049920339884,0.9334368961830377,0.9234247915197162,0.8646044624746451,0.8288770053475936,0.9035506094329624,0.8126663118680149,0.4,0,554,2.1523220539093018
576,0.28755390019186083,valid,0.8587360594795539,0.932351629718815,0.9223827567860248,0.8663316582914573,0.8236980410893454,0.913619501854796,0.8036189462480042,0.35,0,554,2.1420886516571045
577,0.2850796573104397,valid,0.8539564524694636,0.9288623062532839,0.9181692578689061,0.8611111111111112,0.8224794983116257,0.9035506094329624,0.8041511442256519,0.35,0,554,2.169788122177124
578,0.28142390568410197,valid,0.8409453000531067,0.9170456497257361,0.903259044430777,0.850957949738741,0.8020637898686679,0.9062003179650239,0.775412453432677,0.35,0,554,2.1486778259277344
579,0.2893835553719151,valid,0.8515666489644185,0.927176589606543,0.9150102334490711,0.8628893794456708,0.8031963470319635,0.9321674615792263,0.7706226716338478,0.325,0,554,2.185295820236206
580,0.29390604385445196,valid,0.8536909187466808,0.9255166790620569,0.9149996559963021,0.8622844288927768,0.8159886471144749,0.9141494435612083,0.7929749866950505,0.4,0,554,2.156076431274414
581,0.304013809850139,valid,0.851035581518853,0.9239726844522889,0.9121631788439882,0.8602739726027397,0.8115601503759399,0.9152093269740329,0.7865886109632784,0.5,0,554,2.200178861618042
582,0.29549069221942653,valid,0.8579394583112055,0.9299481367853155,0.9189382557099521,0.865544106559437,0.8231357552581262,0.9125596184419714,0.8030867482703565,0.42500000000000004,0,554,2.1673638820648193
583,0.29398710304690945,valid,0.8552841210833776,0.9301402018742281,0.9183364598102131,0.8651991095720999,0.8112244897959183,0.9268680445151033,0.7833954230973922,0.25,0,554,2.204833984375
584,0.28338812868441304,valid,0.8523632501327668,0.9279136852157545,0.9168362231273712,0.8626482213438735,0.8079592781119852,0.9252782193958664,0.7791378392762107,0.375,0,554,2.163994312286377
585,0.29022477903673727,valid,0.8534253850238981,0.9303742900148999,0.9197141310482665,0.8621378621378621,0.8153046764289088,0.9146793852676206,0.7919105907397552,0.4,0,554,2.2127761840820312
586,0.29352542685885585,valid,0.8520977164099841,0.9299833910233686,0.9202969142074545,0.861889412348128,0.809878844361603,0.9210386857445682,0.7828632251197446,0.375,0,554,2.1450164318084717
587,0.28833141706643567,valid,0.8534253850238981,0.9249490858294038,0.913178662133988,0.8630272952853598,0.8114792347176855,0.9215686274509803,0.7849920170303353,0.35,0,554,2.161576986312866
588,0.2849625841744484,valid,0.8459904407859798,0.9237510058034116,0.9124604907110669,0.8543445504771472,0.8119331742243436,0.9014308426073132,0.7903139968068121,0.325,0,554,2.151662826538086
589,0.29232654215828063,valid,0.8574083908656399,0.9290236296466143,0.920064531314437,0.8636709824828637,0.8289473684210527,0.9014308426073132,0.8131985098456626,0.42500000000000004,0,554,2.163364887237549
590,0.29056314162669644,valid,0.8616569304301647,0.9322252785296331,0.9220500693400827,0.8677329271388677,0.8328460038986355,0.9056703762586116,0.817456093666844,0.35,0,554,2.1508865356445312
591,0.2892977583312219,valid,0.8489113117365905,0.9309005652805546,0.9212387120442266,0.8609142019066243,0.7990018148820327,0.9332273449920508,0.7642362959020755,0.30000000000000004,0,554,2.164776086807251
592,0.2967526057074147,valid,0.8414763674986724,0.9165811398851501,0.9029696723449678,0.8523373732376948,0.799165120593692,0.9130895601483837,0.7695582756785524,0.25,0,554,2.1519124507904053
593,0.2860559624048971,valid,0.8590015932023367,0.931831136148201,0.921034601686735,0.8662805338705616,0.8253358925143954,0.9114997350291468,0.8062799361362427,0.4,0,554,2.1558868885040283
594,0.2790118729875934,valid,0.8462559745087627,0.9236125271563397,0.9121027732335398,0.8541928985142282,0.8138195777351248,0.8987811340752517,0.7935071846726982,0.4,0,554,2.1575586795806885
595,0.27777948350675646,valid,0.8520977164099841,0.9308201856177939,0.9207855503782285,0.8629091804085651,0.8056066176470589,0.9289878113407525,0.7748802554550293,0.375,0,554,2.1469836235046387
596,0.2796186175077192,valid,0.8526287838555496,0.9279493625046641,0.9160353032972681,0.8605877920120573,0.8180515759312321,0.9077901430842608,0.7972325705162321,0.325,0,554,2.158541679382324
597,0.28797948841125737,valid,0.8542219861922464,0.9297916079683602,0.9191668298574845,0.8642097452386841,0.8102968460111317,0.9258081611022787,0.7823310271420969,0.35,0,554,2.1381537914276123
598,0.29099967571035507,valid,0.8481147105682422,0.9261908811105818,0.9152154946048306,0.8579234972677595,0.8073866292660121,0.9152093269740329,0.7807344332091538,0.35,0,554,2.1613898277282715
599,0.29115285484060166,valid,0.8531598513011153,0.9308664391781193,0.9211689668055084,0.8631526849789656,0.8096564531104921,0.9242183359830418,0.7817988291644492,0.375,0,554,2.141939878463745
600,0.282717609117108,valid,0.8600637280934679,0.9286270899769945,0.9157065326191957,0.8632944228274968,0.8455284552845529,0.8818229994700583,0.8382118147951038,0.375,0,554,2.148362874984741
601,0.28001819070308437,valid,0.8515666489644185,0.93314696532929,0.9224797820714672,0.8636917824920751,0.7999096657633243,0.9385267620561738,0.7642362959020755,0.30000000000000004,0,554,2.1519689559936523
602,0.28292720596636495,valid,0.8542219861922464,0.9269793068903985,0.9142266646519266,0.862852860354734,0.8161625708884688,0.9152093269740329,0.7929749866950505,0.4,0,554,2.1456000804901123
603,0.290998270434718,valid,0.844397238449283,0.9265028106088745,0.9162325670799178,0.8572820263029712,0.7931500675980171,0.9326974032856385,0.7557211282597126,0.325,0,554,2.1701226234436035
604,0.2871908598369168,valid,0.8544875199150292,0.9290586018507629,0.918291427094703,0.8624497991967871,0.8192656175488794,0.9104398516163222,0.7982969664715274,0.42500000000000004,0,554,2.14284610748291
605,0.27984677579614425,valid,0.8523632501327668,0.9269520906186217,0.9149470330037465,0.8584521384928717,0.8260656540911318,0.8934817170111288,0.8110697179350719,0.4,0,554,2.1443443298339844
606,0.2877731782294089,valid,0.8550185873605948,0.9314375578345775,0.920408203319298,0.8649183572488867,0.8111368909512761,0.926338102808691,0.7833954230973922,0.325,0,554,2.162182331085205
607,0.2825151513661108,valid,0.8555496548061604,0.9292517950752932,0.9161007579191537,0.8641358641358642,0.8171941426547,0.9167991520932698,0.7940393826503459,0.35,0,554,2.14736008644104
608,0.28109194362355816,valid,0.8539564524694636,0.9352069409672015,0.9251898619179354,0.8660496833901608,0.8012618296529969,0.9422363540010599,0.7653006918573709,0.325,0,554,2.1627001762390137
609,0.28053430155400305,valid,0.8558151885289432,0.9322616609033039,0.9223127414852705,0.8633274603574125,0.8221476510067114,0.9088500264970854,0.8025545502927088,0.375,0,554,2.1499686241149902
610,0.28252093542006707,valid,0.8584705257567711,0.9336010399154124,0.9234590750643132,0.8674459089778662,0.817244611059044,0.9242183359830418,0.7924427887174029,0.30000000000000004,0,554,2.152780294418335
611,0.28925982622369645,valid,0.8513011152416357,0.9245508539563574,0.9123305485162345,0.8603491271820449,0.8125294394724446,0.9141494435612083,0.7881852048962213,0.30000000000000004,0,554,2.141860008239746
612,0.279638989558143,valid,0.8595326606479022,0.9335418127954834,0.9231453917540104,0.8659062103929024,0.8299319727891157,0.9051404345521993,0.8137307078233103,0.475,0,554,2.14396333694458
613,0.27875337917958537,valid,0.848380244291025,0.9289477625263243,0.9174648905573908,0.8595325953259533,0.8021120293847567,0.9258081611022787,0.7706226716338478,0.30000000000000004,0,554,2.1512582302093506
614,0.2871781568373403,valid,0.8513011152416357,0.9323378100574982,0.9224791850550953,0.8632144601856375,0.8006343452650657,0.9364069952305246,0.7658328898350186,0.275,0,554,2.14204740524292
615,0.276539493953028,valid,0.8552841210833776,0.931710002586251,0.9202926382338374,0.8641236599351783,0.8159133709981168,0.9183889772125067,0.7919105907397552,0.35,0,554,2.159238576889038
616,0.2782135713965662,valid,0.8555496548061604,0.9321924215797677,0.9227331699926042,0.8645418326693227,0.8154062940347581,0.9199788023317436,0.7908461947844598,0.42500000000000004,0,554,2.1539065837860107
617,0.28769451716253835,valid,0.8571428571428571,0.9286688309948492,0.9179031240317133,0.8643469490670701,0.8244348244348244,0.908320084790673,0.805747738158595,0.325,0,554,2.1444103717803955
618,0.28189321463146516,valid,0.8499734466277217,0.9270945177403557,0.9164214018753469,0.8603213844252163,0.8063021316033364,0.9220985691573926,0.7775412453432677,0.275,0,554,2.148400068283081
619,0.2919710494818226,valid,0.8523632501327668,0.9264424553533278,0.914511760995347,0.8611388611388612,0.8143599433160132,0.913619501854796,0.7908461947844598,0.45000000000000007,0,554,2.145068407058716
620,0.29183378695480283,valid,0.8552841210833776,0.9302135306893784,0.9201173452783659,0.8616400101548617,0.8269980506822612,0.899311075781664,0.8110697179350719,0.375,0,554,2.1547598838806152
621,0.2896113121701825,valid,0.8489113117365905,0.9235081746117028,0.9087909693682479,0.8565666750693219,0.8168269230769231,0.9003709591944886,0.7972325705162321,0.375,0,554,2.1450886726379395
622,0.28309348417866614,valid,0.8555496548061604,0.9327134792181906,0.9223917611455174,0.8662075750122971,0.8081688848095456,0.9332273449920508,0.7775412453432677,0.35,0,554,2.164395809173584
623,0.28723087978939854,valid,0.8491768454593733,0.9263183604353813,0.9158501722921387,0.8604422604422605,0.8021071919377004,0.9279279279279279,0.7700904736562001,0.30000000000000004,0,554,2.1340174674987793
624,0.28440767021909835,valid,0.859798194370685,0.9322605327676862,0.9221027181364772,0.8668012108980827,0.8271545498314877,0.9104398516163222,0.8089409260244811,0.375,0,554,2.1534769535064697
625,0.28327700063105554,valid,0.8582049920339884,0.9300065178035313,0.9210163380583669,0.8632172131147541,0.835399107585523,0.8929517753047165,0.8233102714209686,0.4,0,554,2.146618366241455
626,0.2834866085360127,valid,0.861125862984599,0.9312192635925535,0.9200946501315781,0.8698681263996019,0.8198874296435272,0.926338102808691,0.795635976583289,0.45000000000000007,0,554,2.1586897373199463
627,0.28110349394621387,valid,0.8595326606479022,0.9317365137732666,0.9219237198125778,0.8665152662124653,0.8270712909441233,0.9099099099099099,0.8089409260244811,0.45000000000000007,0,554,2.1498568058013916
628,0.272313148263962,valid,0.8587360594795539,0.9335395565242479,0.9228411928437631,0.8659949622166246,0.8252520403264523,0.9109697933227345,0.8062799361362427,0.325,0,554,2.1503186225891113
629,0.27443616548853533,valid,0.854753053637812,0.9320549300513614,0.9210832253096785,0.8623206644852756,0.8211888782358581,0.9077901430842608,0.8014901543374136,0.4,0,554,2.1484017372131348
630,0.26943881659498137,valid,0.8568773234200744,0.932821498203585,0.9208901860504752,0.8683117517713169,0.8055303717135086,0.9417064122946476,0.7716870675891432,0.275,0,554,2.154794454574585
631,0.2694527828885663,valid,0.8579394583112055,0.9326830195565129,0.9219103328688405,0.8654088050314466,0.8237547892720306,0.9114997350291468,0.8041511442256519,0.325,0,554,2.1446821689605713
632,0.2718755739831155,valid,0.8600637280934679,0.9339541463637511,0.9241075714082362,0.8662096978928662,0.8313840155945419,0.9040805511393747,0.815859499733901,0.45000000000000007,0,554,2.1429851055145264
633,0.28618458225842447,valid,0.8486457780138078,0.9277996025014151,0.9184730966286676,0.858560794044665,0.80727951469902,0.9167991520932698,0.7802022352315061,0.325,0,554,2.160053253173828
634,0.28638478296418346,valid,0.8473181093998938,0.9255227427910019,0.9159799881365601,0.859447567831826,0.7976406533575318,0.931637519872814,0.7626397019691326,0.275,0,554,2.138563871383667
635,0.288997525649686,valid,0.8640467339352098,0.9343563267114592,0.9237676481944669,0.8703797468354431,0.8332525448376151,0.9109697933227345,0.8169238956891964,0.45000000000000007,1,635,2.1820199489593506
636,0.2950305955544595,valid,0.8462559745087627,0.9257086031340171,0.91242140744619,0.856647685070562,0.8039033457249071,0.9167991520932698,0.775412453432677,0.375,0,635,2.142235517501831
637,0.29056047936601026,valid,0.8520977164099841,0.9289830167643773,0.9190399565342973,0.8600854056769656,0.8175740210124164,0.9072602013778485,0.7967003725385844,0.325,0,635,2.16361665725708
638,0.2911622209414359,valid,0.8645778013807753,0.9326435348098936,0.9202882458646344,0.8693647540983607,0.8413485374318295,0.899311075781664,0.8296966471527408,0.42500000000000004,0,635,2.1483845710754395
639,0.2759132430918755,valid,0.8544875199150292,0.9280819184397434,0.9154169009185167,0.8631368631368631,0.8162494095418045,0.9157392686804452,0.7929749866950505,0.375,0,635,2.142331600189209
640,0.27829367811641387,valid,0.8653744025491238,0.9350213626580905,0.9248706690880459,0.8683458841859257,0.8513238289205702,0.8860625331213566,0.844598190526876,0.475,0,635,2.162951707839966
641,0.28243322766596274,valid,0.8558151885289432,0.9298598601732309,0.9193169555393444,0.8641481110833125,0.8184834123222748,0.9152093269740329,0.7961681745609367,0.42500000000000004,0,635,2.1495521068573
642,0.2810148740968397,valid,0.8528943175783325,0.9285255577714019,0.9161847836087569,0.8622575832918946,0.8121779859484778,0.918918918918919,0.7865886109632784,0.35,0,635,2.165804147720337
643,0.27532421905667553,valid,0.8409453000531067,0.9220664172922883,0.909359040176318,0.8526445264452645,0.7956841138659321,0.9183889772125067,0.7631718999467803,0.325,0,635,2.1456220149993896
644,0.28005202427025766,valid,0.8544875199150292,0.9246047224321026,0.9120831370528795,0.8610547667342799,0.8254739912493924,0.8998410174880763,0.8089409260244811,0.325,0,635,2.1628177165985107
645,0.2765016401967695,valid,0.8544875199150292,0.9293538913486947,0.9185666154074746,0.8630684657671165,0.816548463356974,0.9152093269740329,0.7935071846726982,0.375,0,635,2.1445086002349854
646,0.27655781420969194,valid,0.8534253850238981,0.9287475184541834,0.9161000887870789,0.8634339435922811,0.8097447795823666,0.9247482776894541,0.7817988291644492,0.35,0,635,2.1686346530914307
647,0.2744255147634014,valid,0.8513011152416357,0.927002292653609,0.9140137766682632,0.8625429553264605,0.8033836305441243,0.9311075781664017,0.7711548696114955,0.375,0,635,2.1475894451141357
648,0.2788062754177278,valid,0.8518321826872013,0.9273555401189,0.9159060598461307,0.8598694123556002,0.8171837708830549,0.9072602013778485,0.7961681745609367,0.375,0,635,2.1579301357269287
649,0.27650925324809167,valid,0.8587360594795539,0.9322419185299942,0.9223356335672264,0.8668668668668669,0.8212422949265055,0.9178590355060944,0.7993613624268228,0.375,0,635,2.1522083282470703
650,0.2720709683433656,valid,0.8518321826872013,0.931726642586612,0.9205977266460625,0.8629666011787819,0.8041189931350115,0.9311075781664017,0.7722192655667909,0.375,0,635,2.159130096435547
651,0.2761892073096768,valid,0.8600637280934679,0.9305982249350122,0.9195673241199332,0.863859467837768,0.842741935483871,0.8860625331213566,0.8339542309739223,0.475,0,635,2.1487390995025635
652,0.27440466827923254,valid,0.8531598513011153,0.928777132014148,0.9197792803019105,0.8617154288572143,0.8158143939393939,0.9130895601483837,0.7929749866950505,0.42500000000000004,0,635,2.167367458343506
653,0.270923247981456,valid,0.8635156664896442,0.9352475538494385,0.9260233023154686,0.8675940236991242,0.844110275689223,0.8924218335983042,0.83448642895157,0.5,0,635,2.153049945831299
654,0.27420441181428973,valid,0.8566117896972916,0.930681706970722,0.9216763191515015,0.8639798488664987,0.8233317330772923,0.9088500264970854,0.8041511442256519,0.35,0,635,2.1478443145751953
655,0.27177707586557637,valid,0.8590015932023367,0.9320608527633542,0.9244547346209488,0.8665493842674039,0.8240917782026769,0.913619501854796,0.8041511442256519,0.30000000000000004,0,635,2.1421334743499756
656,0.2806615670842509,valid,0.8555496548061604,0.9332845978746488,0.9235131030077673,0.865811544153922,0.8098754037840332,0.9300476947535771,0.7807344332091538,0.275,0,635,2.1647253036499023
657,0.2750366596925643,valid,0.8608603292618162,0.93487724333293,0.9256999164979045,0.8701684836471755,0.8171242438343416,0.9305776364599894,0.7908461947844598,0.35,0,635,2.149811029434204
658,0.293920362908994,valid,0.8608603292618162,0.9338912528030645,0.9230826206027566,0.8681429290387519,0.8265452803066603,0.9141494435612083,0.807344332091538,0.325,0,635,2.1655125617980957
659,0.2886551601752158,valid,0.8582049920339884,0.932455418195643,0.9223769591612649,0.8661654135338346,0.8216833095577746,0.9157392686804452,0.8004257583821182,0.375,0,635,2.14298939704895
660,0.28021788621141064,valid,0.851035581518853,0.9301272283146247,0.91940359583854,0.8617886178861789,0.8052486187845304,0.9268680445151033,0.7748802554550293,0.35,0,635,2.1431925296783447
661,0.28092434978292835,valid,0.8568773234200744,0.9342846900997357,0.9255292357790743,0.8650137741046832,0.8200379867046533,0.9152093269740329,0.7982969664715274,0.325,0,635,2.157942533493042
662,0.2776754255737028,valid,0.8587360594795539,0.9336611131370546,0.9233573837158686,0.8657243816254417,0.8265060240963855,0.9088500264970854,0.8084087280468334,0.375,0,635,2.144212245941162
663,0.2827993126646165,valid,0.8616569304301647,0.9327044541332491,0.9246636216678896,0.865687032740397,0.8428714859437751,0.8897721250662427,0.8334220329962746,0.42500000000000004,0,635,2.1740567684173584
664,0.2842120792596571,valid,0.8574083908656399,0.930577354426085,0.921369196534451,0.8629752487879561,0.8321850393700787,0.8961314255431903,0.8185204896221394,0.4,0,635,2.145416736602783
665,0.27556370006453607,valid,0.8542219861922464,0.9315799849563114,0.9217696959718181,0.8623715216846327,0.8182683158896289,0.9114997350291468,0.7967003725385844,0.4,0,635,2.1465635299682617
666,0.2702054775530292,valid,0.8568773234200744,0.9317331293664136,0.923201249680191,0.8628847621470364,0.8297455968688845,0.8987811340752517,0.8147951037786056,0.4,0,635,2.155792236328125
667,0.2788754458869657,valid,0.8592671269251195,0.9269210668891351,0.9166571181258971,0.8674337168584292,0.8214116532449076,0.918918918918919,0.7993613624268228,0.275,0,635,2.151097297668457
668,0.2905393634592333,valid,0.849707912904939,0.9306616825635077,0.9207114433798653,0.8617489008304836,0.7992750339827821,0.9348171701112877,0.7642362959020755,0.325,0,635,2.1794824600219727
669,0.2772226102890507,valid,0.8494423791821561,0.9201934301330099,0.9097796779491271,0.8543539686617004,0.82901296111665,0.881293057763646,0.817456093666844,0.325,0,635,2.1438302993774414
670,0.27982171192284555,valid,0.8502389803505045,0.9261528065334846,0.9161787572884897,0.8601883986117997,0.808104331625524,0.9194488606253313,0.7807344332091538,0.375,0,635,2.185351610183716
671,0.2763308567866202,valid,0.8518321826872013,0.9277855008061939,0.9180582455527959,0.8598694123556002,0.8171837708830549,0.9072602013778485,0.7961681745609367,0.35,0,635,2.1899428367614746
672,0.27492640660174433,valid,0.854753053637812,0.9307908540917337,0.9210804450569687,0.8652377432865238,0.8084714548802947,0.9305776364599894,0.778605641298563,0.30000000000000004,0,635,2.148118495941162
673,0.2664466406549177,valid,0.8608603292618162,0.9338751768705122,0.9257370935076459,0.8674089068825911,0.8300242130750606,0.908320084790673,0.8131985098456626,0.35,0,635,2.227482795715332
674,0.28257905691862106,valid,0.8526287838555496,0.9246546424331855,0.9143049194906586,0.8593155893536122,0.8236151603498543,0.8982511923688394,0.8068121341138904,0.375,0,635,2.1564226150512695
675,0.2776374958695904,valid,0.8579394583112055,0.9308780025682007,0.9210080490987907,0.862148930687967,0.8390170511534604,0.8865924748277689,0.8291644491750931,0.4,0,635,2.1977312564849854
676,0.28255924582481384,valid,0.8560807222517259,0.9317449747903994,0.9224827166135797,0.8657751362060426,0.8126452812645282,0.926338102808691,0.785524215007983,0.30000000000000004,0,635,2.173975944519043
677,0.2756598699958094,valid,0.8544875199150292,0.928061753015577,0.9195915220902244,0.8603465851172273,0.8286696121747669,0.8945416004239534,0.814262905800958,0.375,0,635,2.1443166732788086
678,0.273950906290162,valid,0.8574083908656399,0.9314202127494555,0.9225105552947735,0.8662515566625155,0.8171992481203008,0.9215686274509803,0.7929749866950505,0.475,0,635,2.16142201423645
679,0.2814789294235168,valid,0.847052575677111,0.9240682939458884,0.9142946118180756,0.8567876678269518,0.8070257611241218,0.9130895601483837,0.7807344332091538,0.275,0,635,2.142068386077881
680,0.2740358424282843,valid,0.8590015932023367,0.9314479930890412,0.9214306634148655,0.8617547513668316,0.8469805527123848,0.8770535241123476,0.8408728046833422,0.475,0,635,2.1476075649261475
681,0.2802540032613662,valid,0.8528943175783325,0.9300214656004657,0.918145937012666,0.8643486777668952,0.8033682294037323,0.9353471118177,0.7700904736562001,0.275,0,635,2.1534883975982666
682,0.2731751501560211,valid,0.8550185873605948,0.9286459862485908,0.9177845538158668,0.8637724550898204,0.8161244695898161,0.9173290937996821,0.7924427887174029,0.275,0,635,2.1471238136291504
683,0.2873126184267382,valid,0.8520977164099841,0.9313625368160008,0.9204601405221756,0.8616149068322981,0.8110383536014967,0.918918918918919,0.7849920170303353,0.375,0,635,2.166827917098999
684,0.28228968910632596,valid,0.8555496548061604,0.9304385937451084,0.9197076593177151,0.8649453823237339,0.8136384866884633,0.9231584525702172,0.7876530069185738,0.475,0,635,2.143080472946167
685,0.28827707854009443,valid,0.8491768454593733,0.9245127793792605,0.9142244936961494,0.8584247258225324,0.8103529411764706,0.9125596184419714,0.785524215007983,0.325,0,635,2.1428141593933105
686,0.279960404240316,valid,0.8563462559745088,0.9304022113714377,0.9199313715543916,0.8633493306390503,0.8248069498069498,0.9056703762586116,0.8068121341138904,0.275,0,635,2.1736674308776855
687,0.28825285453950206,valid,0.8566117896972916,0.9319243483536129,0.9223049131182892,0.8665348492338112,0.8119499768411301,0.9289878113407525,0.7839276210750399,0.275,0,635,2.1552467346191406
688,0.26917936268352693,valid,0.8428040361125863,0.9205403318354514,0.9046914933132654,0.8546168958742633,0.7963386727688787,0.9220985691573926,0.7631718999467803,0.325,0,635,2.158900022506714
689,0.27172677627494257,valid,0.8531598513011153,0.9318371998771461,0.9215844924499154,0.8624720218851032,0.8125585754451734,0.918918918918919,0.7871208089409261,0.35,0,635,2.165789842605591
690,0.2703758254647255,valid,0.8608603292618162,0.9324249585339652,0.9227750022788606,0.8673417721518988,0.8303441589917596,0.9077901430842608,0.8137307078233103,0.375,0,635,2.1465706825256348
691,0.2792465641133247,valid,0.8505045140732873,0.9272995563888717,0.9180143270291193,0.8590032556974706,0.8143399810066477,0.9088500264970854,0.7919105907397552,0.375,0,635,2.152418851852417
692,0.27143329694386453,valid,0.8584705257567711,0.9310012513844339,0.9212124669973349,0.8665832290362954,0.821157495256167,0.9173290937996821,0.7993613624268228,0.475,0,635,2.1612157821655273
693,0.27207894479074785,valid,0.8571428571428571,0.9340297314501366,0.9255364392066023,0.8668975754576942,0.8129930394431555,0.9284578696343402,0.785524215007983,0.30000000000000004,0,635,2.153759241104126
694,0.296126487514665,valid,0.8467870419543282,0.9270809801129433,0.914655316661078,0.8601212121212122,0.7926720285969616,0.9401165871754107,0.7530601383714742,0.2,0,635,2.168363571166992
695,0.28088416832108654,valid,0.8605947955390335,0.935030951810841,0.925527277464693,0.8673907552412226,0.8286679536679536,0.9099099099099099,0.8110697179350719,0.30000000000000004,0,635,2.1493892669677734
696,0.26905609090482036,valid,0.854753053637812,0.9313684595279939,0.9227642827210327,0.8612027404212129,0.8261927945472249,0.899311075781664,0.8100053219797765,0.4,0,635,2.192945957183838
697,0.27017249863955284,valid,0.8600637280934679,0.9323045300567763,0.9238776745778056,0.8617886178861789,0.8530633437175493,0.8706942236354,0.8493879723257052,0.4,0,635,2.1704044342041016
698,0.27420968129750223,valid,0.8414763674986724,0.9206996809914507,0.91287807328499,0.849811320754717,0.8089080459770115,0.8950715421303657,0.7876530069185738,0.30000000000000004,0,635,2.1500258445739746
699,0.2767848773829399,valid,0.8534253850238981,0.932081441238377,0.921622518651716,0.8613761928679056,0.8186157517899761,0.9088500264970854,0.7977647684938797,0.35,0,635,2.216836929321289
700,0.2581450494547044,valid,0.8534253850238981,0.9346327199377946,0.9246199843118968,0.8650366748166259,0.8029959146618247,0.9374668786433492,0.7690260777009047,0.25,0,635,2.1546475887298584
701,0.26869581543630167,valid,0.8555496548061604,0.9318591985216911,0.9222269817450791,0.865146256817055,0.8127619934792734,0.9247482776894541,0.7860564129856307,0.25,0,635,2.191622257232666
702,0.27673959756089794,valid,0.8595326606479022,0.935215966052143,0.9244541867567342,0.8650165858637408,0.8341535433070866,0.8982511923688394,0.8206492815327302,0.4,0,635,2.1873457431793213
703,0.27446352414065794,valid,0.8481147105682422,0.9225396701839115,0.9115075593703921,0.8546747967479674,0.8208882381649585,0.8913619501854796,0.8046833422032996,0.4,0,635,2.1327977180480957
704,0.2690893233783783,valid,0.8552841210833776,0.9311845734223094,0.9220064274984684,0.8622693960070761,0.8241545893719807,0.9040805511393747,0.8062799361362427,0.325,0,635,2.1561710834503174
705,0.2772770843678905,valid,0.8499734466277217,0.9265958817973344,0.9165518601876779,0.8603213844252163,0.8063021316033364,0.9220985691573926,0.7775412453432677,0.4,0,635,2.160036087036133
706,0.2746788037400092,valid,0.8560807222517259,0.9291835428704226,0.9176249356786849,0.8647704590818364,0.817067421027817,0.9183889772125067,0.7935071846726982,0.42500000000000004,0,635,2.1459407806396484
707,0.2704214766140907,valid,0.8518321826872013,0.9287241096401164,0.9205816547653579,0.8624938393297191,0.8060801473975127,0.9273979862215156,0.7759446514103246,0.275,0,635,2.159564733505249
708,0.2737463046946833,valid,0.8552841210833776,0.9273810641872502,0.9160277088018893,0.8646635212316861,0.8135514018691589,0.9226285108638049,0.7876530069185738,0.30000000000000004,0,635,2.1436727046966553
709,0.26533551081534357,valid,0.8587360594795539,0.9325524378587648,0.9234974601627866,0.8648373983739838,0.8306490971205466,0.9019607843137255,0.8153273017562533,0.42500000000000004,0,635,2.1500377655029297
710,0.2803933692555274,valid,0.8539564524694636,0.9334476134714059,0.9229376284389992,0.8647319232661091,0.8067921064708582,0.931637519872814,0.7759446514103246,0.30000000000000004,0,635,2.143216133117676
711,0.27946262325971355,valid,0.8590015932023367,0.9301709435698102,0.9196676927450217,0.86415963161934,0.8353115727002968,0.8950715421303657,0.8227780734433209,0.375,0,635,2.142773389816284
712,0.2739763070018061,valid,0.8616569304301647,0.9339332758548237,0.9248868853692024,0.8695216629100927,0.8243114909781576,0.9199788023317436,0.8030867482703565,0.375,0,635,2.1852543354034424
713,0.26713018888427364,valid,0.8576739245884227,0.9315190656329561,0.9219035861325952,0.864851235501765,0.8249158249158249,0.9088500264970854,0.8062799361362427,0.35,0,635,2.144824504852295
714,0.27276148286557966,valid,0.8613913967073819,0.9319429625913049,0.9214270338613416,0.8686462003019627,0.827024436990896,0.9146793852676206,0.8078765300691857,0.30000000000000004,0,635,2.162829875946045
715,0.27190094873789816,valid,0.8523632501327668,0.9301864554345535,0.9206076234761947,0.8613466334164589,0.8134715025906736,0.9152093269740329,0.7892496008515167,0.4,0,635,2.1472177505493164
716,0.28050017765452784,valid,0.854753053637812,0.9269893190940055,0.9143988735284669,0.8611322670728612,0.8265107212475633,0.8987811340752517,0.8105375199574242,0.30000000000000004,0,635,2.1432104110717773
717,0.292551941929325,valid,0.8523632501327668,0.9322850697173709,0.9223875053563036,0.8640586797066014,0.802088061733999,0.9364069952305246,0.7679616817456094,0.325,0,635,2.1552858352661133
718,0.26820050035753557,valid,0.8571428571428571,0.9320822873400902,0.9212883872066955,0.8616255144032922,0.8370814592703648,0.8876523582405935,0.8265034592868548,0.35,0,635,2.1487395763397217
719,0.267378147090635,valid,0.8513011152416357,0.9288053354045903,0.9177703371605564,0.8616600790513834,0.8070337806571032,0.9242183359830418,0.7780734433209153,0.30000000000000004,0,635,2.161250591278076
720,0.2733733704493892,valid,0.8566117896972916,0.9261037326341148,0.9115296280151373,0.8637051993942453,0.824578313253012,0.9067302596714362,0.8062799361362427,0.4,0,635,2.1438446044921875
721,0.2773497794424334,valid,0.8552841210833776,0.9272064852004118,0.9184884525935131,0.8590638738039824,0.8388888888888889,0.8802331743508214,0.8302288451303885,0.375,0,635,2.161156177520752
722,0.26734656431982595,valid,0.863781200212427,0.9330530480391169,0.9229791731285534,0.8685626441199078,0.8407738095238095,0.8982511923688394,0.8291644491750931,0.42500000000000004,0,635,2.1480844020843506
723,0.2677668477258375,valid,0.8627190653212958,0.933236088043088,0.9243644174022764,0.8678087445666071,0.8384387351778656,0.899311075781664,0.8259712613092071,0.30000000000000004,0,635,2.1386544704437256
724,0.27452506317246345,valid,0.854753053637812,0.9288823306604981,0.9182893756679581,0.8619035597071446,0.8230472516875603,0.904610492845787,0.8046833422032996,0.30000000000000004,0,635,2.1547248363494873
725,0.2697739627572798,valid,0.8605947955390335,0.9322343036145748,0.9218914744182183,0.8662420382165605,0.8341511285574092,0.9009009009009009,0.8201170835550825,0.45000000000000007,0,635,2.1399729251861572
726,0.2771700945112013,valid,0.8467870419543282,0.9349852623183241,0.9271663281964119,0.8612647270978601,0.7882922535211268,0.9491255961844197,0.7440127727514635,0.25,0,635,2.1616337299346924
727,0.27472084712597633,valid,0.8613913967073819,0.9318845815730892,0.922050700625763,0.8661538461538462,0.8390461997019374,0.8950715421303657,0.82756785524215,0.42500000000000004,0,635,2.1437594890594482
728,0.27125740363713235,valid,0.8661710037174721,0.9342824338285003,0.9229814790105758,0.8714285714285714,0.8401377274963109,0.9051404345521993,0.8270356572645023,0.45000000000000007,1,728,2.1857964992523193
729,0.26872218232001027,valid,0.8574083908656399,0.9341470575543767,0.9243495445966132,0.8667824361200694,0.8148320895522388,0.9258081611022787,0.788717402873869,0.2,0,728,2.1500682830810547
730,0.26487286917624936,valid,0.8462559745087627,0.9256945014387961,0.9150423718106845,0.8568603213844252,0.8030583873957368,0.9183889772125067,0.7738158594997339,0.375,0,728,2.1399338245391846
731,0.26248861236437676,valid,0.8558151885289432,0.9301427401793679,0.918905600233123,0.862635972678978,0.8252662149080349,0.9035506094329624,0.8078765300691857,0.325,0,728,2.1620700359344482
732,0.2659876103843412,valid,0.8566117896972916,0.9309417422306004,0.9184444348505781,0.863773965691221,0.824265767934521,0.9072602013778485,0.805747738158595,0.375,0,728,2.1459977626800537
733,0.2711589146525629,valid,0.8582049920339884,0.9305835591719823,0.9194651052627287,0.8623711340206186,0.8394380331159057,0.8865924748277689,0.8296966471527408,0.45000000000000007,0,728,2.162010908126831
734,0.2705170336750246,valid,0.862453531598513,0.935934024372806,0.9248496176545168,0.8675869120654397,0.8380246913580247,0.899311075781664,0.8254390633315594,0.42500000000000004,0,728,2.1463446617126465
735,0.2643203723334497,valid,0.8475836431226765,0.9251637136306705,0.9120980686184903,0.8557788944723618,0.8136645962732919,0.9024907260201378,0.7924427887174029,0.30000000000000004,0,728,2.1448709964752197
736,0.26287380317526476,valid,0.8536909187466808,0.9321863578508226,0.9229790919237073,0.8622844288927768,0.8159886471144749,0.9141494435612083,0.7929749866950505,0.30000000000000004,0,728,2.1517982482910156
737,0.2743214601951261,valid,0.8438661710037175,0.9245931590420211,0.916627095736719,0.8527791687531296,0.8082581869957285,0.9024907260201378,0.7849920170303353,0.35,0,728,2.1483876705169678
738,0.2779128166937059,valid,0.8526287838555496,0.9309910981638748,0.919870649157631,0.8622486969471332,0.8109243697478992,0.9205087440381559,0.7844598190526876,0.4,0,728,2.1454973220825195
739,0.27620227827179816,valid,0.8412108337758896,0.917603230754782,0.90657338150722,0.8478371501272265,0.8154674498286834,0.8828828828828829,0.7993613624268228,0.30000000000000004,0,728,2.1482388973236084
740,0.28235024117654367,valid,0.8568773234200744,0.931662056822499,0.9206866021401605,0.8662862813197718,0.8143656716417911,0.9252782193958664,0.7881852048962213,0.35,0,728,2.169710874557495
741,0.2775644563859509,valid,0.8462559745087627,0.9250573868487026,0.9144388090478186,0.8537509472088911,0.8156370656370656,0.895601483836778,0.7967003725385844,0.4,0,728,2.1429474353790283
742,0.2794721883631522,valid,0.8590015932023367,0.9306715537501625,0.92304778671624,0.8639508070714835,0.8363095238095238,0.8934817170111288,0.824374667376264,0.45000000000000007,0,728,2.1588222980499268
743,0.26655871565303496,valid,0.8534253850238981,0.929245026261587,0.91861793923579,0.8622754491017964,0.8147100424328148,0.9157392686804452,0.7908461947844598,0.35,0,728,2.148752450942993
744,0.2662015891363544,valid,0.8536909187466808,0.9313788947824574,0.919330319460804,0.8648516065734608,0.8050228310502283,0.9342872284048754,0.7727514635444386,0.275,0,728,2.1470189094543457
745,0.26935781105872125,valid,0.8576739245884227,0.9320849666621823,0.9217417268689443,0.865529352734571,0.8218199142448785,0.9141494435612083,0.8009579563597659,0.4,0,728,2.1636743545532227
746,0.26864698817653043,valid,0.8406797663303239,0.924142468862752,0.9102325860466253,0.8540856031128404,0.7892134831460674,0.9305776364599894,0.7503991484832357,0.25,0,728,2.149015188217163
747,0.28175323504594063,valid,0.8571428571428571,0.934589004682609,0.9247022734895407,0.867748279252704,0.8092618065107748,0.9353471118177,0.778605641298563,0.30000000000000004,0,728,2.1623172760009766
748,0.27644221244319794,valid,0.8595326606479022,0.9357366006397092,0.9287890339326919,0.8683096838436645,0.8187793427230047,0.9242183359830418,0.7945715806279936,0.275,0,728,2.144440174102783
749,0.26566548158805214,valid,0.8605947955390335,0.9330485354966462,0.9215274749941245,0.8665141113653699,0.8328445747800587,0.9030206677265501,0.8179882916444917,0.35,0,728,2.1462063789367676
750,0.258889154320763,valid,0.8600637280934679,0.9329292351550749,0.9212045958181377,0.8670199343931365,0.8275529865125241,0.9104398516163222,0.8094731240021288,0.35,0,728,2.1589839458465576
751,0.27171472580202166,valid,0.8621879978757302,0.9346194643442867,0.9233476674211334,0.8690386071158214,0.8294797687861272,0.9125596184419714,0.8116019159127196,0.25,0,728,2.138922929763794
752,0.2737274270865225,valid,0.8648433351035582,0.936165010140529,0.927101265688575,0.8705822527332825,0.8367546432062561,0.9072602013778485,0.8222458754656732,0.4,0,728,2.1670689582824707
753,0.2728506170453564,valid,0.8539564524694636,0.9361334223432336,0.9282978684356308,0.8645320197044335,0.8076392084675563,0.9300476947535771,0.7775412453432677,0.275,0,728,2.14713978767395
754,0.26951561339439883,valid,0.8518321826872013,0.9364436596380998,0.9281735359998011,0.8633023027927487,0.8027334851936219,0.9337572866984631,0.7695582756785524,0.35,0,728,2.143139362335205
755,0.2714589536190033,valid,0.8475836431226765,0.9315681395323258,0.9209748674236122,0.86,0.7966561229100768,0.9342872284048754,0.7605109100585418,0.25,0,728,2.145338773727417
756,0.26606460324218195,valid,0.8361656930430165,0.9190731914646387,0.9060962995468195,0.8481417671671179,0.7918198529411765,0.9130895601483837,0.7589143161255987,0.275,0,728,2.1455209255218506
757,0.27515115588903427,valid,0.8579394583112055,0.9320643781871593,0.9230904362350761,0.8657465495608532,0.8222116301239275,0.9141494435612083,0.8014901543374136,0.42500000000000004,0,728,2.1669793128967285
758,0.2729347627009115,valid,0.8454593733404142,0.9288744337111741,0.9183540490421991,0.8560830860534124,0.8025034770514604,0.9173290937996821,0.7732836615220862,0.25,0,728,2.149677276611328
759,0.2758152186870575,valid,0.8542219861922464,0.9279420296231492,0.9169293197801877,0.8622333751568382,0.8188751191611058,0.9104398516163222,0.7977647684938797,0.35,0,728,2.154240131378174
760,0.27066283288501924,valid,0.8518321826872013,0.9314389680040995,0.921539346194157,0.8633692458374143,0.8024578971324533,0.9342872284048754,0.7690260777009047,0.25,0,728,2.150451421737671
761,0.26737176314476996,valid,0.862453531598513,0.9335274290663578,0.9236049096970658,0.8678571428571429,0.836694540088539,0.9014308426073132,0.8233102714209686,0.35,0,728,2.1423938274383545
762,0.2781751093364531,valid,0.8345724907063197,0.9139145093188232,0.899298247478645,0.8472664868840402,0.7883211678832117,0.9157392686804452,0.7530601383714742,0.17500000000000002,0,728,2.161846876144409
763,0.26478187030842226,valid,0.8566117896972916,0.9315320391925594,0.9211690338108974,0.8637051993942453,0.824578313253012,0.9067302596714362,0.8062799361362427,0.375,0,728,2.1434953212738037
764,0.2565829664949448,valid,0.8536909187466808,0.9323507836171018,0.9209858086078146,0.8646524195529354,0.8058608058608059,0.9326974032856385,0.7743480574773816,0.375,0,728,2.158438205718994
765,0.25866434434729235,valid,0.854753053637812,0.930943998501836,0.9226140966401881,0.8626663319106201,0.8196564885496184,0.9104398516163222,0.7988291644491751,0.30000000000000004,0,728,2.1501545906066895
766,0.259856924654976,valid,0.8536909187466808,0.9332242426191022,0.9248775857840836,0.8615925646822407,0.8190066857688634,0.9088500264970854,0.7982969664715274,0.325,0,728,2.144923448562622
767,0.2596242575635833,valid,0.8552841210833776,0.9283783360732928,0.9171132966686569,0.8600051374261495,0.8344965104685942,0.8871224165341812,0.8233102714209686,0.4,0,728,2.1602485179901123
768,0.2619223606682593,valid,0.8478491768454594,0.9248249909114573,0.9169824947718881,0.8551933282789992,0.8173913043478261,0.8966613672496025,0.7988291644491751,0.325,0,728,2.14495849609375
769,0.2705197449653379,valid,0.8640467339352098,0.9378103959389373,0.9288045697062854,0.8699847638395124,0.8352023403217943,0.9077901430842608,0.8201170835550825,0.30000000000000004,0,728,2.154402494430542
770,0.2626983619505359,valid,0.8475836431226765,0.922293736619254,0.9094620651875929,0.8514492753623188,0.8320687910976227,0.8717541070482246,0.8233102714209686,0.375,0,728,2.1446478366851807
771,0.28159181461218863,valid,0.854753053637812,0.9276642262272916,0.9171856768925998,0.8626663319106201,0.8196564885496184,0.9104398516163222,0.7988291644491751,0.30000000000000004,0,728,2.14037823677063
772,0.27743586345065024,valid,0.8582049920339884,0.9306704256145448,0.9189909391045323,0.8662994491737607,0.8210726150925487,0.9167991520932698,0.7993613624268228,0.42500000000000004,0,728,2.157322883605957
773,0.2685669811983262,valid,0.865108868826341,0.9341416989101928,0.9241447425179414,0.8713272543059777,0.8345463367297429,0.9114997350291468,0.8185204896221394,0.30000000000000004,0,728,2.1437766551971436
774,0.26705450204110914,valid,0.8576739245884227,0.9319299890317015,0.922423463904112,0.8644410723318159,0.8268021286889211,0.9056703762586116,0.8094731240021288,0.4,0,728,2.163273334503174
775,0.2651651665087669,valid,0.8534253850238981,0.9253982248221987,0.9110663438081482,0.8637709772951628,0.8083140877598153,0.9273979862215156,0.7791378392762107,0.30000000000000004,0,728,2.1422669887542725
776,0.2681048231259469,valid,0.8600637280934679,0.9314220459698342,0.9216491404791267,0.8635068635068635,0.8444782168186423,0.8834128245892952,0.8366152208621607,0.42500000000000004,0,728,2.162449359893799
777,0.2619029021551532,valid,0.8566117896972916,0.9313086683402558,0.9205494971411703,0.8637051993942453,0.824578313253012,0.9067302596714362,0.8062799361362427,0.35,0,728,2.153235673904419
778,0.25364531973196613,valid,0.8587360594795539,0.9332349599074702,0.9244134552931843,0.867,0.8206341694273545,0.918918918918919,0.7982969664715274,0.325,0,728,2.147162437438965
779,0.25536151398574153,valid,0.8518321826872013,0.9267354885800242,0.9144201960153966,0.8590909090909091,0.8205499276410999,0.9014308426073132,0.8020223523150612,0.325,0,728,2.154054641723633
780,0.263518065935181,valid,0.8558151885289432,0.9316603646190722,0.9199916129383113,0.8654941788456775,0.8125581395348838,0.9258081611022787,0.785524215007983,0.35,0,728,2.141779661178589
781,0.26614116372600677,valid,0.8385554965480616,0.9180753555107874,0.9046691688932837,0.8505408062930186,0.7932141219624026,0.9167991520932698,0.7599787120808941,0.2,0,728,2.158614158630371
782,0.27651292362040086,valid,0.8467870419543282,0.927456085205827,0.915707435766832,0.8585437607256681,0.7988138686131386,0.9279279279279279,0.7653006918573709,0.35,0,728,2.139906406402588
783,0.2574407630149395,valid,0.8590015932023367,0.9337189300874615,0.9222566620681435,0.8681400546312391,0.8168224299065421,0.926338102808691,0.7913783927621075,0.35,0,728,2.152517318725586
784,0.25645958800469676,valid,0.8560807222517259,0.932485313789512,0.9234891533701257,0.8640922768304915,0.8200856734888149,0.9130895601483837,0.7988291644491751,0.325,0,728,2.1481244564056396
785,0.265929106743105,valid,0.8574083908656399,0.9347238168889234,0.9260168493692432,0.8649056603773585,0.8232758620689655,0.9109697933227345,0.8036189462480042,0.325,0,728,2.1429927349090576
786,0.26521596985478557,valid,0.8552841210833776,0.9313797408841706,0.922377994518739,0.8626165868414419,0.8225961538461538,0.9067302596714362,0.8036189462480042,0.375,0,728,2.141775369644165
787,0.2685578537564124,valid,0.851035581518853,0.9261764973814561,0.917393974008371,0.8576503425526516,0.8227848101265823,0.895601483836778,0.8062799361362427,0.35,0,728,2.1369004249572754
788,0.2825163843170289,valid,0.8505045140732873,0.9233818234225208,0.9154464139702206,0.8566335625159155,0.8245098039215686,0.8913619501854796,0.8094731240021288,0.30000000000000004,0,728,2.150287628173828
789,0.27468746167517477,valid,0.8542219861922464,0.9337739266988243,0.9220683777300658,0.8648781688407581,0.8074448529411765,0.9311075781664017,0.77700904736562,0.275,0,728,2.1405320167541504
790,0.2613141786667608,valid,0.8544875199150292,0.9331390683799662,0.9231794490448697,0.8618255168935955,0.822029822029822,0.9056703762586116,0.8030867482703565,0.275,0,728,2.145296812057495
791,0.26815502009084147,valid,0.8605947955390335,0.9324675456535331,0.9211415418427458,0.8653500897666068,0.838469184890656,0.8940116587175411,0.8270356572645023,0.375,0,728,2.1523330211639404
792,0.26691024197686103,valid,0.8523632501327668,0.923905560383036,0.9124316392216053,0.8556593977154725,0.838676844783715,0.8733439321674615,0.8312932410856839,0.375,0,728,2.1489179134368896
793,0.2614240850652418,valid,0.8552841210833776,0.9319875239482038,0.9236515931530932,0.8631684659804167,0.8201335877862596,0.9109697933227345,0.7993613624268228,0.35,0,728,2.16050124168396
794,0.26305441414156266,valid,0.8526287838555496,0.9281501706446138,0.9162512208518353,0.8596713021491783,0.8220502901353965,0.9009009009009009,0.8041511442256519,0.325,0,728,2.141340970993042
795,0.2577627385335584,valid,0.866436537440255,0.9360206087814641,0.926887301092931,0.871912401324166,0.8392156862745098,0.9072602013778485,0.8254390633315594,0.375,1,795,2.177163600921631
796,0.26366793676730127,valid,0.8520977164099841,0.9297744039001904,0.9202492289588434,0.8593789447109316,0.8206364513018322,0.9019607843137255,0.8020223523150612,0.325,0,795,2.140957832336426
797,0.2643826060718106,valid,0.8574083908656399,0.9347193043464528,0.925563727587626,0.8654472563267351,0.8208174904942965,0.9152093269740329,0.7993613624268228,0.325,0,795,2.1373496055603027
798,0.26454605378450885,valid,0.8558151885289432,0.9326139212499291,0.9242302593585472,0.8622177112408018,0.8271665043816943,0.9003709591944886,0.8110697179350719,0.30000000000000004,0,795,2.1417930126190186
799,0.2658688868245771,valid,0.8531598513011153,0.9305725598497099,0.9209723110956871,0.8615076383671425,0.8167141500474834,0.9114997350291468,0.7945715806279936,0.35,0,795,2.144400119781494
800,0.27589110405214373,valid,0.8425385023898035,0.9202371453881957,0.908458684110443,0.8503658844309866,0.8116570327552987,0.8929517753047165,0.7919105907397552,0.275,0,795,2.139780282974243
801,0.27964920454448267,valid,0.849707912904939,0.9307948025663959,0.9230007429345549,0.8587119321018473,0.8117036337895234,0.9114997350291468,0.7876530069185738,0.275,0,795,2.141700506210327
802,0.2606241727067578,valid,0.8616569304301647,0.9336613951709589,0.9234320897560206,0.8675984752223634,0.83349609375,0.904610492845787,0.8185204896221394,0.325,0,795,2.133610963821411
803,0.2636302860994493,valid,0.8629845990440786,0.9376853139023255,0.9293398448724387,0.8656949505465903,0.8506393861892583,0.881293057763646,0.844598190526876,0.42500000000000004,0,795,2.1386752128601074
804,0.2645888554473077,valid,0.8592671269251195,0.9349897748607953,0.9256494107028701,0.8651399491094147,0.8321096426823299,0.9009009009009009,0.817456093666844,0.375,0,795,2.141047716140747
805,0.2639124429514331,valid,0.8566117896972916,0.9326835836243218,0.9217589300602719,0.8632911392405064,0.8264663111972855,0.9035506094329624,0.8094731240021288,0.325,0,795,2.1387672424316406
806,0.2672525721211587,valid,0.8534253850238981,0.9325727442998833,0.9220473351621838,0.8638381845091267,0.8080295339178588,0.9279279279279279,0.778605641298563,0.35,0,795,2.1550068855285645
807,0.2797824533716325,valid,0.8491768454593733,0.925102230239506,0.9136240754521088,0.8573581115017579,0.8147971360381862,0.904610492845787,0.7935071846726982,0.325,0,795,2.1492056846618652
808,0.2742957576147972,valid,0.8579394583112055,0.9349621355381617,0.9272310824196256,0.8639715230104246,0.8304007820136853,0.9003709591944886,0.8153273017562533,0.35,0,795,2.1600735187530518
809,0.26002082877582117,valid,0.8582049920339884,0.9305615605274373,0.9227779179791095,0.8627954779033916,0.8374064837905237,0.8897721250662427,0.8265034592868548,0.475,0,795,2.143235921859741
810,0.2677239602611911,valid,0.8574083908656399,0.9339373653464377,0.9233995045171366,0.8658506120409692,0.8189981096408318,0.9183889772125067,0.7961681745609367,0.325,0,795,2.1628150939941406
811,0.2685051545981438,valid,0.8502389803505045,0.9304658100168854,0.9207588435910209,0.85949177877429,0.8110014104372355,0.9141494435612083,0.7860564129856307,0.35,0,795,2.1398744583129883
812,0.2845572612939342,valid,0.8552841210833776,0.9311442425739768,0.9210466858081772,0.8639200998751561,0.8168083097261567,0.9167991520932698,0.7935071846726982,0.4,0,795,2.1771438121795654
813,0.2674799073607691,valid,0.8555496548061604,0.9353786996149955,0.9262613839794687,0.865213082259663,0.8124709167054444,0.9252782193958664,0.785524215007983,0.225,0,795,2.148041248321533
814,0.27027456053803045,valid,0.851035581518853,0.9314020215626201,0.9233501903569523,0.8592927012791572,0.8157142857142857,0.9077901430842608,0.7940393826503459,0.325,0,795,2.1496520042419434
815,0.27180472040368664,valid,0.8536909187466808,0.9320772107298106,0.9220760688439374,0.8646524195529354,0.8058608058608059,0.9326974032856385,0.7743480574773816,0.25,0,795,2.2042195796966553
816,0.25620123719976795,valid,0.8635156664896442,0.9367045409996917,0.9261038252312418,0.8694768918232605,0.8347147732813262,0.9072602013778485,0.8195848855774348,0.375,0,795,2.1551616191864014
817,0.2682206861434444,valid,0.861125862984599,0.9325665395539858,0.9218500913030854,0.8678291635077079,0.8294685990338164,0.9099099099099099,0.8121341138903673,0.275,0,795,2.171217679977417
818,0.2683747492490276,valid,0.8608603292618162,0.9327577585411853,0.9229519457016164,0.8642487046632125,0.8454130765331982,0.8839427662957074,0.8376796168174561,0.4,0,795,2.1917078495025635
819,0.26311519796088817,valid,0.8560807222517259,0.9342435131496898,0.9242311761473464,0.866238894373149,0.8106235565819861,0.9300476947535771,0.7817988291644492,0.25,0,795,2.1454479694366455
820,0.2511946209255726,valid,0.8576739245884227,0.9325183117563295,0.9229934552385495,0.8621399176954733,0.8375812093953023,0.8881822999470058,0.8270356572645023,0.375,0,795,2.2191755771636963
821,0.24911107050795708,valid,0.8579394583112055,0.9360124297982355,0.9282328763017595,0.867146759374224,0.8158878504672897,0.9252782193958664,0.7903139968068121,0.4,0,795,2.144049644470215
822,0.2620878440718497,valid,0.8584705257567711,0.9344468595947792,0.9255177127378907,0.865979381443299,0.8239234449760765,0.9125596184419714,0.8041511442256519,0.325,0,795,2.1623082160949707
823,0.25918451720668423,valid,0.8592671269251195,0.9351479958811769,0.9249977882904403,0.8662291771832408,0.826987951807229,0.9093799682034976,0.8089409260244811,0.325,0,795,2.1476263999938965
824,0.2542941173718822,valid,0.8542219861922464,0.928986824222087,0.9184172307912651,0.8585416129863437,0.835506519558676,0.8828828828828829,0.8254390633315594,0.35,0,795,2.148197889328003
825,0.2563210081669592,valid,0.8539564524694636,0.9316361097032918,0.920752527849996,0.8613212304589006,0.8215488215488216,0.9051404345521993,0.8025545502927088,0.375,0,795,2.156736373901367
826,0.255403331691219,valid,0.8582049920339884,0.9365420894707436,0.9266382556910729,0.8690534575772437,0.8087631218621634,0.9390567037625861,0.77700904736562,0.30000000000000004,0,795,2.145474433898926
827,0.26685366491156237,valid,0.8462559745087627,0.9194361690996321,0.9076103238350421,0.8503489273714138,0.8299697275479314,0.8717541070482246,0.8206492815327302,0.5,0,795,2.141387939453125
828,0.28625643205258156,valid,0.8619224641529474,0.9330555863442566,0.9220352732761166,0.866735007688365,0.8392059553349875,0.8961314255431903,0.82756785524215,0.325,0,795,2.1528260707855225
829,0.2690661085709449,valid,0.8600637280934679,0.9347297396009163,0.9253203304919742,0.8653207257858421,0.8356367226061204,0.8971913089560148,0.8227780734433209,0.375,0,795,2.1508071422576904
830,0.2613432796732072,valid,0.8584705257567711,0.9351705585935308,0.9266516765263799,0.8667833041739565,0.8202459791863765,0.918918918918919,0.7977647684938797,0.325,0,795,2.1523191928863525
831,0.2749647435642058,valid,0.854753053637812,0.9330175117671595,0.9225050432571046,0.8621819098009574,0.8218059558117194,0.9067302596714362,0.8025545502927088,0.25,0,795,2.148296356201172
832,0.27135778434814944,valid,0.8595326606479022,0.931938450048834,0.9215194198087973,0.8660420359584705,0.8292919495635306,0.9062003179650239,0.8126663118680149,0.30000000000000004,0,795,2.1421585083007812
833,0.26989037279159794,valid,0.8451938396176314,0.9282584716639125,0.9185751896543092,0.8594164456233422,0.7884955752212389,0.9443561208267091,0.7456093666844066,0.225,0,795,2.1506457328796387
834,0.26287038432013604,valid,0.8513011152416357,0.9348518602815319,0.9251695639875609,0.863013698630137,0.80145388459791,0.9348171701112877,0.7674294837679617,0.30000000000000004,0,795,2.1442534923553467
835,0.2549966477578686,valid,0.8619224641529474,0.9335220704221737,0.9236130578134343,0.865424430641822,0.8457258472432979,0.8860625331213566,0.8376796168174561,0.42500000000000004,0,795,2.1468615531921387
836,0.25915703874441887,valid,0.859798194370685,0.9344880365448253,0.9268660221742003,0.8655119714722364,0.8332515939185875,0.9003709591944886,0.8190526875997871,0.4,0,795,2.1492481231689453
837,0.259818093911294,valid,0.8505045140732873,0.9281538370853715,0.9183732083730916,0.8585782466716906,0.8161413562559694,0.9056703762586116,0.7951037786056413,0.35,0,795,2.1407463550567627
838,0.25911095618240293,valid,0.8515666489644185,0.9282051672559766,0.9169137318322771,0.8599348534201955,0.8155893536121673,0.9093799682034976,0.7935071846726982,0.30000000000000004,0,795,2.153665065765381
839,0.2588830090338184,valid,0.8571428571428571,0.934237026369888,0.9265918874811329,0.8646881287726358,0.8228817616084251,0.9109697933227345,0.8030867482703565,0.325,0,795,2.1654999256134033
840,0.25606687150655255,valid,0.862453531598513,0.9353228569019196,0.9265042641655966,0.8683274021352313,0.8343917928676111,0.9051404345521993,0.8195848855774348,0.4,0,795,2.155745029449463
841,0.25093438163880377,valid,0.8600637280934679,0.9329352988840203,0.9223712434422684,0.867754077791719,0.8241182078169685,0.9162692103868575,0.8036189462480042,0.325,0,795,2.198686361312866
842,0.2546150488478522,valid,0.8568773234200744,0.9336045653392178,0.9216344645729951,0.8630937261874524,0.828780487804878,0.9003709591944886,0.8131985098456626,0.375,0,795,2.174910068511963
843,0.25475548159691597,valid,0.8590015932023367,0.9334380243186555,0.9255561064366464,0.8651257302514606,0.8307317073170731,0.9024907260201378,0.8153273017562533,0.4,0,795,2.159663677215576
844,0.2560904458645851,valid,0.8515666489644185,0.9335429409311011,0.9227998936874025,0.8628220858895705,0.803473491773309,0.931637519872814,0.7711548696114955,0.325,0,795,2.2227976322174072
845,0.2643227476266123,valid,0.8536909187466808,0.9325538480282868,0.9229930329097052,0.8628329599203386,0.8136150234741784,0.9183889772125067,0.788717402873869,0.375,0,795,2.156712770462036
846,0.2709047078124939,valid,0.849707912904939,0.9275071333425275,0.917290648405431,0.8539731682146543,0.8320764203117145,0.8770535241123476,0.8222458754656732,0.325,0,795,2.194037437438965
847,0.26747625297115696,valid,0.8576739245884227,0.9356816040283467,0.9271310703460018,0.8669314796425025,0.8155067725361981,0.9252782193958664,0.7897817988291644,0.375,0,795,2.151449680328369
848,0.26008174159834463,valid,0.8619224641529474,0.9330902765145008,0.9261345278189408,0.863588667366212,0.8550649350649351,0.8722840487546369,0.8515167642362959,0.45000000000000007,0,795,2.1554136276245117
849,0.2566747033307629,valid,0.8590015932023367,0.9340071687377824,0.9262590065786778,0.8661457020418453,0.8259615384615384,0.9104398516163222,0.807344332091538,0.35,0,795,2.1515443325042725
850,0.251408887486304,valid,0.8555496548061604,0.931354639866677,0.921699965649248,0.8637274549098196,0.8190023752969121,0.913619501854796,0.7972325705162321,0.35,0,795,2.1457066535949707
851,0.2559624715678154,valid,0.8319171534784918,0.9196034152049555,0.9076673674047977,0.8454212454212454,0.7839673913043478,0.9173290937996821,0.7461415646620543,0.30000000000000004,0,795,2.1581196784973145
852,0.2559048076791148,valid,0.851035581518853,0.929376172027144,0.9196430660635372,0.85750571501143,0.8234146341463414,0.8945416004239534,0.807344332091538,0.375,0,795,2.1514008045196533
853,0.2563692115006908,valid,0.8523632501327668,0.9327160175233306,0.92246644174126,0.8615537848605578,0.8125880695162048,0.9167991520932698,0.7876530069185738,0.30000000000000004,0,795,2.1607654094696045
854,0.2569505255068502,valid,0.8621879978757302,0.935622658942322,0.9272032954376641,0.8631689955180596,0.8588667366211962,0.8675145733969264,0.8568387440127727,0.4,0,795,2.1542210578918457
855,0.2736363038420677,valid,0.8536909187466808,0.9316829273314263,0.9210693506602243,0.8626962372290057,0.8142050799623707,0.9173290937996821,0.7897817988291644,0.30000000000000004,0,795,2.142085552215576
856,0.2694352318442637,valid,0.8595326606479022,0.935258553171711,0.9265967948798493,0.8659062103929024,0.8299319727891157,0.9051404345521993,0.8137307078233103,0.325,0,795,2.1481149196624756
857,0.2592498177001553,valid,0.851035581518853,0.9321395402226883,0.9225250815189262,0.8602739726027397,0.8115601503759399,0.9152093269740329,0.7865886109632784,0.25,0,795,2.156991720199585
858,0.2699986914953878,valid,0.8518321826872013,0.9306853734114793,0.9205803851928427,0.8595873175641671,0.8183996166746527,0.9051404345521993,0.7982969664715274,0.4,0,795,2.162545680999756
859,0.2599880755428345,valid,0.8632501327668614,0.9361698047169043,0.9270646075351577,0.8694550063371356,0.8333333333333334,0.9088500264970854,0.817456093666844,0.325,0,795,2.1407248973846436
860,0.2579503578524436,valid,0.8544875199150292,0.931877812759383,0.9221832610701064,0.8642892521050025,0.8112505811250581,0.9247482776894541,0.7839276210750399,0.35,0,795,2.1599721908569336
861,0.26224747636625845,valid,0.8536909187466808,0.9318656853014928,0.9219785276223594,0.8626962372290057,0.8142050799623707,0.9173290937996821,0.7897817988291644,0.35,0,795,2.140444278717041
862,0.2636901337292887,valid,0.8542219861922464,0.9314313530886802,0.9234726520185433,0.8632627646326276,0.8143796992481203,0.9183889772125067,0.7897817988291644,0.275,0,795,2.1502015590667725
863,0.2673680306442322,valid,0.8616569304301647,0.935349086055031,0.9268788551078738,0.8686664986135619,0.8283653846153847,0.9130895601483837,0.8100053219797765,0.30000000000000004,0,795,2.164336681365967
864,0.255134514022258,valid,0.8600637280934679,0.9320900432724619,0.9227119875062315,0.8646983311938382,0.8386454183266933,0.8924218335983042,0.82756785524215,0.45000000000000007,0,795,2.148343324661255
865,0.25815554900515464,valid,0.8579394583112055,0.9327498615918615,0.923800121919455,0.8650012616704517,0.825626204238921,0.908320084790673,0.807344332091538,0.35,0,795,2.1468067169189453
866,0.2537713328436498,valid,0.8582049920339884,0.9352591172395197,0.9260296147183532,0.8650833754421425,0.8266537904394012,0.9072602013778485,0.8089409260244811,0.375,0,795,2.1546504497528076
867,0.24887366809191241,valid,0.8515666489644185,0.93179729207967,0.9220875112285469,0.8613247333167948,0.8097014925373134,0.9199788023317436,0.7828632251197446,0.30000000000000004,0,795,2.138251304626465
868,0.25317532160589773,valid,0.8518321826872013,0.9292506669396754,0.9170150859689449,0.8598694123556002,0.8171837708830549,0.9072602013778485,0.7961681745609367,0.30000000000000004,0,795,2.172290802001953
869,0.25689534818933857,valid,0.8576739245884227,0.9307393829041765,0.919888957644114,0.8640973630831643,0.828390860476422,0.9030206677265501,0.8121341138903673,0.42500000000000004,0,795,2.1430954933166504
870,0.2552380364748739,valid,0.8441317047265002,0.928408513701066,0.9162016872599914,0.8550259323289701,0.8006475485661425,0.9173290937996821,0.7706226716338478,0.275,0,795,2.1527605056762695
871,0.26915986643683526,valid,0.8507700477960701,0.9320872229334177,0.9230277519936979,0.8597804391217565,0.8123526638378123,0.9130895601483837,0.7881852048962213,0.325,0,795,2.157039165496826
872,0.2585845399768122,valid,0.8568773234200744,0.9333023660106275,0.9247847789204809,0.8645388288514703,0.8221797323135756,0.9114997350291468,0.8020223523150612,0.45000000000000007,0,795,2.1558172702789307
873,0.25069124503962453,valid,0.8643122676579925,0.9357408311482759,0.9272853628509713,0.8698089171974522,0.837585868498528,0.904610492845787,0.8238424693986163,0.4,0,795,2.156644821166992
874,0.24743532485538913,valid,0.8613913967073819,0.9350205165563772,0.9255875510062298,0.8662224500256279,0.8387096774193549,0.895601483836778,0.8270356572645023,0.30000000000000004,0,795,2.1381051540374756
875,0.25141818340747585,valid,0.8590015932023367,0.9338120012759213,0.9254303742985001,0.8658752210154079,0.8272200772200772,0.908320084790673,0.8094731240021288,0.325,0,795,2.1701858043670654
876,0.2523650260221574,valid,0.8672331386086033,0.9343667619659228,0.9271391273296173,0.8697238144867119,0.8554587391081496,0.8844727080021197,0.8499201703033529,0.5750000000000001,0,795,2.1500086784362793
877,0.2519160057267835,valid,0.8605947955390335,0.9359921233571172,0.9261807576544465,0.8669875855079807,0.8305825242718446,0.9067302596714362,0.814262905800958,0.30000000000000004,0,795,2.1536171436309814
878,0.2519710109599175,valid,0.8629845990440786,0.9347209965498793,0.9254246862167521,0.8665977249224406,0.8460373548712772,0.8881822999470058,0.8376796168174561,0.375,0,795,2.1470489501953125
879,0.2567431208106779,valid,0.8595326606479022,0.9350320799464588,0.9262305136243201,0.8653601425299058,0.8325171400587659,0.9009009009009009,0.8179882916444917,0.30000000000000004,0,795,2.147174119949341
880,0.27279211797060504,valid,0.8555496548061604,0.9337445951727641,0.9260874291501588,0.8637956935403105,0.8186995728523968,0.9141494435612083,0.7967003725385844,0.325,0,795,2.1659343242645264
881,0.2601434804739491,valid,0.851035581518853,0.9296032093202053,0.9188514559542649,0.860482467047998,0.8106841611996252,0.9167991520932698,0.7849920170303353,0.30000000000000004,0,795,2.151282787322998
882,0.26113394888177993,valid,0.8605947955390335,0.9361731891237572,0.9267241871269845,0.8680573008293541,0.8255258126195029,0.9152093269740329,0.805747738158595,0.35,0,795,2.159698963165283
883,0.25043380693081885,valid,0.8550185873605948,0.9356742711468315,0.9270818216603833,0.8659135559921415,0.8068649885583524,0.9342872284048754,0.775412453432677,0.35,0,795,2.142423391342163
884,0.26579456247629657,valid,0.8587360594795539,0.9330397924456091,0.9241388226662077,0.8616744669786791,0.8458397141398672,0.8781134075251722,0.8392762107503992,0.4,0,795,2.14094614982605
885,0.25868527110545864,valid,0.8528943175783325,0.9330287931233364,0.9244571144261741,0.8632773938795657,0.8078521939953811,0.9268680445151033,0.778605641298563,0.35,0,795,2.1499686241149902
886,0.2545266632110842,valid,0.8587360594795539,0.9320233422540657,0.9258207425588366,0.8606600314300681,0.8508544795442776,0.8706942236354,0.8467269824374667,0.525,0,795,2.134087562561035
887,0.2590439425360772,valid,0.8382899628252788,0.9228609068010503,0.914000085553344,0.8514271773603318,0.788878842676311,0.9247482776894541,0.7514635444385311,0.225,0,795,2.141179323196411
888,0.2605984838258836,valid,0.8526287838555496,0.9287573896408384,0.9191672787781962,0.8583099310696962,0.8280788177339902,0.8908320084790673,0.814262905800958,0.45000000000000007,0,795,2.1363604068756104
889,0.2545166068500088,valid,0.8531598513011153,0.9294573977916182,0.921329613148754,0.8585315937579944,0.8298714144411474,0.8892421833598304,0.8169238956891964,0.42500000000000004,0,795,2.1372954845428467
890,0.27044585803824084,valid,0.8433351035581519,0.9236957271581445,0.9135035265095001,0.8536706349206349,0.8023310023310023,0.9120296767355591,0.7743480574773816,0.275,0,795,2.156383752822876
891,0.27507215858467166,valid,0.8587360594795539,0.9355718928395258,0.9273554337074544,0.8638689866939611,0.8352300841167739,0.8945416004239534,0.8227780734433209,0.35,0,795,2.1474063396453857
892,0.256497950803849,valid,0.8621879978757302,0.9340012460257898,0.9241080894290559,0.8637437647676556,0.855879292403746,0.8717541070482246,0.8525811601915912,0.45000000000000007,0,795,2.162076473236084
893,0.2626995766355145,valid,0.8582049920339884,0.9332112690594988,0.9253289442465599,0.8615863141524106,0.8432267884322678,0.8807631160572337,0.8355508249068654,0.42500000000000004,0,795,2.143080949783325
894,0.2572202624813203,valid,0.8425385023898035,0.9264940675578374,0.9161741171946599,0.8558230002431315,0.7906558849955077,0.9326974032856385,0.7519957424161788,0.25,0,795,2.1537063121795654
895,0.26228311057052306,valid,0.8558151885289432,0.9340804975529328,0.923622526504911,0.8646222887060584,0.8163841807909604,0.918918918918919,0.7924427887174029,0.275,0,795,2.14253568649292
896,0.2563708518301287,valid,0.8595326606479022,0.9352436053747766,0.9274538221885368,0.8663128632802628,0.8280193236714976,0.908320084790673,0.8105375199574242,0.35,0,795,2.151144027709961
897,0.2556164964072166,valid,0.8563462559745088,0.9356528365700953,0.9297045819737243,0.8643090042638575,0.8204761904761905,0.9130895601483837,0.7993613624268228,0.4,0,795,2.158036947250366
898,0.26558493846847164,valid,0.8574083908656399,0.9333238005873636,0.9244500316518461,0.8656492369276958,0.8199052132701422,0.9167991520932698,0.7977647684938797,0.30000000000000004,0,795,2.1476962566375732
899,0.25574757302961043,valid,0.859798194370685,0.9354114155479087,0.9267137707027904,0.8650996423096576,0.8352244696595955,0.8971913089560148,0.8222458754656732,0.4,0,795,2.1851112842559814
900,0.26067396181245006,valid,0.8584705257567711,0.9326302792163859,0.9235482201181492,0.8631578947368421,0.8371513944223108,0.8908320084790673,0.8259712613092071,0.4,0,795,2.155777931213379
901,0.2610793488640939,valid,0.8505045140732873,0.931777972757217,0.9213756232367929,0.8609533218078538,0.8061979648473635,0.9236883942766295,0.77700904736562,0.275,0,795,2.1695146560668945
902,0.2555640378305989,valid,0.8552841210833776,0.9346124134966761,0.9263233769449694,0.8643941278925106,0.8147279549718575,0.9205087440381559,0.7897817988291644,0.225,0,795,2.2058281898498535
903,0.25042066314528066,valid,0.8552841210833776,0.9314671713945419,0.9229516920367021,0.8611464968152867,0.8292443572129539,0.895601483836778,0.8147951037786056,0.375,0,795,2.1725151538848877
904,0.2544918123993181,valid,0.8627190653212958,0.9354686684305067,0.9263045893503804,0.8640546936628977,0.8575156576200418,0.8706942236354,0.854709952102182,0.4,0,795,2.183234691619873
905,0.2500509021262969,valid,0.8563462559745088,0.9353121396135515,0.9259123930145102,0.8665186281766593,0.8107109879963066,0.9305776364599894,0.7817988291644492,0.275,0,795,2.189035177230835
906,0.25094004191698566,valid,0.8560807222517259,0.9354943335158094,0.9268172646118444,0.866370808678501,0.81005071461503,0.9311075781664017,0.7807344332091538,0.325,0,795,2.146059036254883
907,0.25784349729937894,valid,0.8515666489644185,0.9288058994723993,0.916718112059903,0.8600750938673342,0.8149905123339658,0.9104398516163222,0.7924427887174029,0.325,0,795,2.2175283432006836
908,0.2491313395721297,valid,0.8494423791821561,0.9301035374666531,0.9177010139215842,0.8596881959910914,0.8064066852367688,0.9205087440381559,0.7780734433209153,0.275,0,795,2.1484293937683105
909,0.2526124242332674,valid,0.8526287838555496,0.9305339212048038,0.9209149284803071,0.8610763454317898,0.8159392789373814,0.9114997350291468,0.7935071846726982,0.325,0,795,2.1456046104431152
910,0.26292638048048944,valid,0.8555496548061604,0.9322588405642595,0.9226924069204788,0.8603696098562629,0.834245893479343,0.8881822999470058,0.8227780734433209,0.275,0,795,2.1587343215942383
911,0.2557246336533177,valid,0.8451938396176314,0.9302490669613357,0.9226348851102992,0.8578395513289442,0.7944896115627823,0.9321674615792263,0.7578499201703034,0.25,0,795,2.1460604667663574
912,0.2509235970435604,valid,0.8542219861922464,0.9366495443883291,0.9290491916660056,0.8626469852389292,0.8170616113744076,0.913619501854796,0.7945715806279936,0.325,0,795,2.1576104164123535
913,0.2538317196792172,valid,0.8544875199150292,0.9340381924672692,0.9252328994117026,0.8616860171630489,0.8226506024096386,0.904610492845787,0.8041511442256519,0.275,0,795,2.142394542694092
914,0.24624470549245034,valid,0.8600637280934679,0.9337485436474261,0.9250247407658417,0.8651138981315587,0.8366336633663366,0.895601483836778,0.824374667376264,0.375,0,795,2.1461267471313477
915,0.24721419618975732,valid,0.8494423791821561,0.9288947401522926,0.9206186846730017,0.8607221812822402,0.8021978021978022,0.9284578696343402,0.7700904736562001,0.35,0,795,2.146545886993408
916,0.2518881008990349,valid,0.854753053637812,0.9330632012596761,0.924313049553098,0.8634207240948814,0.8163361661945231,0.9162692103868575,0.7929749866950505,0.375,0,795,2.136687755584717
917,0.2535995922742351,valid,0.8515666489644185,0.9276949679228739,0.917666745678715,0.8611869878321331,0.8102803738317756,0.918918918918919,0.7839276210750399,0.4,0,795,2.156315803527832
918,0.26047259448997434,valid,0.8534253850238981,0.9324373680257598,0.922455735884389,0.8626865671641791,0.8129395218002813,0.918918918918919,0.7876530069185738,0.30000000000000004,0,795,2.15236496925354
919,0.2676870596985663,valid,0.8526287838555496,0.925884874324282,0.9170416640383604,0.8561057816956184,0.8380710659898477,0.8749337572866984,0.8302288451303885,0.4,0,795,2.142167568206787
920,0.2749678230574054,valid,0.8579394583112055,0.9327845517621055,0.9218277322322226,0.8643852978453739,0.8284742468415938,0.9035506094329624,0.8121341138903673,0.30000000000000004,0,795,2.1540133953094482
921,0.26848351594901854,valid,0.8574083908656399,0.9328398304073726,0.9250398018474281,0.8645649432534679,0.8248315688161694,0.908320084790673,0.8062799361362427,0.45000000000000007,0,795,2.157733201980591
922,0.2672315314412117,valid,0.8536909187466808,0.9318273286904913,0.9229056596784255,0.8618008527715074,0.8180952380952381,0.9104398516163222,0.7967003725385844,0.30000000000000004,0,795,2.137418270111084
923,0.2618047371506691,valid,0.8526287838555496,0.934276793150412,0.9279845995036112,0.8617683686176837,0.8129699248120301,0.9167991520932698,0.7881852048962213,0.30000000000000004,0,795,2.161886692047119
924,0.25489871107762857,valid,0.862453531598513,0.935380955886231,0.9277199701344144,0.8652445369406868,0.8497700562084823,0.881293057763646,0.8435337945715806,0.42500000000000004,0,795,2.1528453826904297
925,0.24850229336129082,valid,0.8552841210833776,0.9341422629780016,0.9245581534806036,0.8637840539865034,0.8174077578051088,0.9157392686804452,0.7945715806279936,0.275,0,795,2.163623571395874
926,0.256177858960244,valid,0.8544875199150292,0.9291406737169502,0.9208508675473581,0.8576623376623377,0.8410596026490066,0.8749337572866984,0.8339542309739223,0.45000000000000007,0,795,2.176067590713501
927,0.25513944558558926,valid,0.8366967604885821,0.9175152361766017,0.9057214748300567,0.8486340142751662,0.7922794117647058,0.913619501854796,0.7594465141032464,0.225,0,795,2.1376023292541504
928,0.24820851534605026,valid,0.8558151885289432,0.9306320690035431,0.9210063377911398,0.861160828432626,0.8320158102766798,0.8924218335983042,0.8190526875997871,0.35,0,795,2.2071564197540283
929,0.2488316828685422,valid,0.859798194370685,0.9359314860676662,0.9270016233512823,0.8638473439917483,0.8412857860371673,0.8876523582405935,0.8318254390633315,0.4,0,795,2.165163516998291
930,0.24901751933559294,valid,0.8576739245884227,0.9346967416340988,0.9253678158528869,0.8634742740703005,0.8312898479646885,0.8982511923688394,0.8169238956891964,0.375,0,795,2.143450975418091
931,0.25976061292233005,valid,0.8582049920339884,0.935034900285503,0.926241260177568,0.8658291457286432,0.8232202580028667,0.9130895601483837,0.8030867482703565,0.30000000000000004,0,795,2.217709541320801
932,0.24142189444072784,valid,0.8592671269251195,0.9324167795507369,0.92268317072442,0.8616187989556136,0.8492022645393721,0.8744038155802861,0.8440659925492283,0.475,0,795,2.1417291164398193
933,0.24335661218050988,valid,0.8640467339352098,0.9368607877827425,0.9287199887477511,0.867563372995344,0.8473976755937342,0.8887122416534181,0.8392762107503992,0.35,0,795,2.2128207683563232
934,0.24646387321333732,valid,0.8420074349442379,0.926723361122134,0.917493598980013,0.8537724256574096,0.7960586617781852,0.9205087440381559,0.7631718999467803,0.275,0,795,2.1536495685577393
935,0.25439632900299564,valid,0.8590015932023367,0.9329709761729296,0.9234286924582673,0.8645062515947946,0.8336614173228346,0.8977212506624271,0.8201170835550825,0.30000000000000004,0,795,2.1441586017608643
936,0.2518315966571531,valid,0.8489113117365905,0.9298843971229157,0.9188929630592486,0.8582814445828144,0.8096804511278195,0.9130895601483837,0.7844598190526876,0.42500000000000004,0,795,2.159332752227783
937,0.2513879133808997,valid,0.8605947955390335,0.9364273016716431,0.9269968798322951,0.8670549506204103,0.8302618816682832,0.9072602013778485,0.8137307078233103,0.375,0,795,2.1465508937835693
938,0.24881794495928672,valid,0.8629845990440786,0.9390411918978426,0.9304365086608523,0.870935467733867,0.8247276172430128,0.9226285108638049,0.8030867482703565,0.30000000000000004,0,795,2.1572489738464355
939,0.24404960197787132,valid,0.8584705257567711,0.9350808718119241,0.9276459921853966,0.8659119496855346,0.8242337164750958,0.9120296767355591,0.8046833422032996,0.30000000000000004,0,795,2.1524553298950195
940,0.24747639966587867,valid,0.8494423791821561,0.9261849583985889,0.9193200359099376,0.8537529017281403,0.8316582914572864,0.8770535241123476,0.8217136774880256,0.25,0,795,2.149265766143799
941,0.24066064470717985,valid,0.8552841210833776,0.9328835456625584,0.924223846036383,0.8637159289822456,0.8177083333333334,0.9152093269740329,0.7951037786056413,0.325,0,795,2.1526081562042236
942,0.25170049912506537,valid,0.8462559745087627,0.9269165543466642,0.918217933168455,0.8549962434259955,0.8105413105413105,0.904610492845787,0.7876530069185738,0.25,0,795,2.1520140171051025
943,0.26625858655860346,valid,0.8544875199150292,0.931184291388405,0.9223714237236629,0.8631368631368631,0.8162494095418045,0.9157392686804452,0.7929749866950505,0.325,0,795,2.177647590637207
944,0.2731447861559929,valid,0.854753053637812,0.9313433585105001,0.9229781921724556,0.8621819098009574,0.8218059558117194,0.9067302596714362,0.8025545502927088,0.275,0,795,2.1545441150665283
945,0.26733062127905505,valid,0.8486457780138078,0.9301520472982138,0.9227607193221261,0.8577134298552171,0.8107597923548844,0.9104398516163222,0.7865886109632784,0.325,0,795,2.1557302474975586
946,0.269123109117631,valid,0.8600637280934679,0.9368221491378365,0.9277228307267795,0.8689380751056951,0.8186504217432052,0.9258081611022787,0.7940393826503459,0.375,0,795,2.149228096008301
947,0.2667217985276253,valid,0.863781200212427,0.9340187321278641,0.9263577141656569,0.8674075988627552,0.8466195761856711,0.8892421833598304,0.8382118147951038,0.35,0,795,2.151693344116211
948,0.25978351047923487,valid,0.8550185873605948,0.9354886928377206,0.9277611079928694,0.8653182042427232,0.8094139363174896,0.9295177530471648,0.7802022352315061,0.375,0,795,2.1622164249420166
949,0.25634432103364696,valid,0.8632501327668614,0.9365282698094268,0.9272997257248197,0.8707004770273663,0.8272900763358778,0.918918918918919,0.807344332091538,0.30000000000000004,0,795,2.1470556259155273
950,0.2556459247585266,valid,0.8579394583112055,0.935096947744476,0.9263551855918807,0.8664169787765293,0.8191690273843248,0.9194488606253313,0.7961681745609367,0.30000000000000004,0,795,2.1615395545959473
951,0.25489605746922955,valid,0.8592671269251195,0.9324971592134977,0.9243995694921673,0.8632610939112487,0.8411261940673705,0.8865924748277689,0.8318254390633315,0.42500000000000004,0,795,2.1523213386535645
952,0.26979014734106677,valid,0.8563462559745088,0.9319886520838216,0.9231182464417169,0.8649188514357053,0.817752596789424,0.9178590355060944,0.7945715806279936,0.30000000000000004,0,795,2.1376118659973145
953,0.26284013255949945,valid,0.8613913967073819,0.9355993911452072,0.9275629182465356,0.8683148335015136,0.8285989407799711,0.9120296767355591,0.8105375199574242,0.35,0,795,2.16941499710083
954,0.2607944396234328,valid,0.8478491768454594,0.9273377719829211,0.9189752350202838,0.8562107904642409,0.8131553860819828,0.9040805511393747,0.7913783927621075,0.30000000000000004,0,795,2.149007797241211
955,0.26494730840767583,valid,0.8616569304301647,0.9339442751770961,0.9249298725246611,0.8639331418124837,0.8516992790937178,0.8765235824059353,0.8467269824374667,0.35,0,795,2.1512765884399414
956,0.26100525356108145,valid,0.8555496548061604,0.9346989979053342,0.9267368961825945,0.8642036944583126,0.8168947616800377,0.9173290937996821,0.7935071846726982,0.275,0,795,2.1582510471343994
957,0.24934803117667476,valid,0.8518321826872013,0.9315015795308816,0.9228656507427637,0.8595873175641671,0.8183996166746527,0.9051404345521993,0.7982969664715274,0.2,0,795,2.1474201679229736
958,0.24963600645142217,valid,0.8542219861922464,0.9330349978692338,0.9242387456291761,0.8612585291887794,0.8231884057971014,0.9030206677265501,0.8052155401809473,0.4,0,795,2.1714065074920654
959,0.24213873090282564,valid,0.8544875199150292,0.9340314236535632,0.9246239965669201,0.86265664160401,0.8183547313361864,0.9120296767355591,0.7967003725385844,0.35,0,795,2.153226137161255
960,0.24919930316748157,valid,0.8502389803505045,0.9339177639900803,0.9261414304432021,0.8616290480863592,0.8021927820922796,0.9305776364599894,0.7695582756785524,0.225,0,795,2.1683855056762695
961,0.24757159537365359,valid,0.8571428571428571,0.9333065965191939,0.9252699836248979,0.8621926229508197,0.834407535944472,0.8918918918918919,0.8222458754656732,0.325,0,795,2.1529908180236816
962,0.2485815171272524,valid,0.8621879978757302,0.9363629979414345,0.9276843643641751,0.8671615049910417,0.8386138613861386,0.8977212506624271,0.8265034592868548,0.4,0,795,2.149350166320801
963,0.26078965178420466,valid,0.8571428571428571,0.9343532243385104,0.9251610758152536,0.8642785065590313,0.8247472315840154,0.9077901430842608,0.8062799361362427,0.275,0,795,2.151646137237549
964,0.2512326315045357,valid,0.848380244291025,0.9265046438292532,0.91533864442298,0.8564966071877356,0.8145315487571702,0.9030206677265501,0.7935071846726982,0.35,0,795,2.143399238586426
965,0.24679843865094647,valid,0.8499734466277217,0.9315867537700178,0.9240370961754016,0.8590670990271888,0.8114985862393967,0.9125596184419714,0.7871208089409261,0.25,0,795,2.161717176437378
966,0.2663715938406606,valid,0.8544875199150292,0.9318713259795813,0.9225834823216744,0.8618255168935955,0.822029822029822,0.9056703762586116,0.8030867482703565,0.225,0,795,2.1443843841552734
967,0.27007550866373126,valid,0.8552841210833776,0.9353115755457426,0.9273812730653591,0.8668458343513316,0.8041704442429737,0.9401165871754107,0.7700904736562001,0.275,0,795,2.159595012664795
968,0.2603939735601025,valid,0.851035581518853,0.9312982330857922,0.9234441558022229,0.8597850537365659,0.8136234626300851,0.9114997350291468,0.7903139968068121,0.25,0,795,2.1492748260498047
969,0.2743846466464381,valid,0.8505045140732873,0.9285557353991754,0.9208108782535731,0.8610219698839793,0.8059149722735675,0.9242183359830418,0.7764768493879723,0.325,0,795,2.167626142501831
970,0.2521477553152269,valid,0.8449283058948487,0.9302891157757639,0.9216602362549033,0.8575609756097561,0.7943967464979665,0.931637519872814,0.7578499201703034,0.275,0,795,2.149918556213379
971,0.25627282382019106,valid,0.8531598513011153,0.9302697964533109,0.9185780564466031,0.8583141173456316,0.8308531746031746,0.8876523582405935,0.8185204896221394,0.55,0,795,2.1343770027160645
972,0.2783995970122276,valid,0.8574083908656399,0.935572033856478,0.9289366074293159,0.8654472563267351,0.8208174904942965,0.9152093269740329,0.7993613624268228,0.30000000000000004,0,795,2.1424400806427
973,0.2687695886819593,valid,0.8550185873605948,0.9278844947066467,0.9195947581691661,0.8571428571428571,0.8465116279069768,0.8680445151033387,0.8419372006386375,0.375,0,795,2.1518518924713135
974,0.2749018094712688,valid,0.8544875199150292,0.933176860923159,0.9234356391695079,0.8639523336643495,0.812704343764596,0.9220985691573926,0.7865886109632784,0.2,0,795,2.171912670135498
975,0.2582235410809517,valid,0.8613913967073819,0.936290797261902,0.9292024694549164,0.8662224500256279,0.8387096774193549,0.895601483836778,0.8270356572645023,0.35,0,795,2.1415700912475586
976,0.25332150343925725,valid,0.8587360594795539,0.9372514047403694,0.9288612344237427,0.8646998982706002,0.8312958435207825,0.9009009009009009,0.8163916977115487,0.35,0,795,2.161176919937134
977,0.24912248768152728,valid,0.8571428571428571,0.9292151306677181,0.9190301559204892,0.859968766267569,0.8450127877237852,0.8754636989931107,0.8387440127727515,0.4,0,795,2.155179977416992
978,0.2565131598422604,valid,0.8579394583112055,0.9365904582853524,0.928506947048568,0.8664169787765293,0.8191690273843248,0.9194488606253313,0.7961681745609367,0.275,0,795,2.1487488746643066
979,0.26647293976237696,valid,0.8635156664896442,0.9353282155461036,0.9275421532447607,0.8664935064935065,0.8497198166072338,0.8839427662957074,0.8430015965939329,0.475,0,795,2.1606667041778564
980,0.27530002906437845,valid,0.845724907063197,0.9224920064540638,0.9137623648647135,0.8524257048514097,0.8185365853658536,0.8892421833598304,0.8020223523150612,0.325,0,795,2.1443932056427
981,0.2743408427603783,valid,0.8542219861922464,0.9282824445457886,0.9176396956943105,0.8609070179883456,0.824757281553398,0.9003709591944886,0.8078765300691857,0.375,0,795,2.1631414890289307
982,0.26379653595147595,valid,0.854753053637812,0.9336419348315539,0.9247658591954103,0.8606369426751592,0.8287536800785084,0.8950715421303657,0.814262905800958,0.30000000000000004,0,795,2.1575534343719482
983,0.2532645552869766,valid,0.8566117896972916,0.9348295796030823,0.9256165043499807,0.8639798488664987,0.8233317330772923,0.9088500264970854,0.8041511442256519,0.325,0,795,2.151099681854248
984,0.2541357386977442,valid,0.8574083908656399,0.9335160066932285,0.92443595911462,0.8637401674701852,0.8286270691333982,0.9019607843137255,0.8126663118680149,0.35,0,795,2.1541125774383545
985,0.26567440311754903,valid,0.8550185873605948,0.9325163375189984,0.9235323435342534,0.8633633633633634,0.817923186344239,0.9141494435612083,0.795635976583289,0.325,0,795,2.1497488021850586
986,0.25894214621474665,valid,0.8563462559745088,0.9328962371882574,0.9237533236773242,0.8655900621118012,0.8147801683816651,0.9231584525702172,0.7892496008515167,0.375,0,795,2.153482437133789
987,0.2553806776000607,valid,0.8542219861922464,0.9339452622957617,0.9244306843785502,0.8644109656705359,0.8094357076780758,0.9273979862215156,0.7807344332091538,0.325,0,795,2.157844305038452
988,0.25867675172705806,valid,0.8563462559745088,0.9316849015687572,0.9217408478192681,0.8643090042638575,0.8204761904761905,0.9130895601483837,0.7993613624268228,0.325,0,795,2.148611307144165
989,0.25688013506512486,valid,0.8520977164099841,0.9304174412022768,0.9203444413922315,0.8595916309553819,0.8197115384615384,0.9035506094329624,0.8004257583821182,0.35,0,795,2.1641318798065186
990,0.26186659451453914,valid,0.8560807222517259,0.9339538643298465,0.9239449018423193,0.8658415841584158,0.812354853692522,0.9268680445151033,0.7849920170303353,0.30000000000000004,0,795,2.1491942405700684
991,0.25268328718600735,valid,0.861125862984599,0.9389379674888237,0.930962285352594,0.8674271229404309,0.8313896987366375,0.9067302596714362,0.8153273017562533,0.4,0,795,2.146467447280884
992,0.25280689039537985,valid,0.8576739245884227,0.9347647118050648,0.9252475973470954,0.8639593908629442,0.8290306867998052,0.9019607843137255,0.8131985098456626,0.35,0,795,2.1506989002227783
993,0.24891729436574445,valid,0.832979288369623,0.9165955236142758,0.9073601290049379,0.8438043208343681,0.7939252336448598,0.9003709591944886,0.7653006918573709,0.25,0,795,2.1672377586364746
994,0.28663372344547705,valid,0.8568773234200744,0.9313948296980573,0.9218800760682411,0.8609749806551458,0.8386934673366834,0.8844727080021197,0.8291644491750931,0.35,0,795,2.1409873962402344
995,0.2654981952040426,valid,0.8613913967073819,0.9369087335464946,0.9288626559395927,0.8683812405446294,0.8282828282828283,0.9125596184419714,0.8100053219797765,0.30000000000000004,0,795,2.1569836139678955
996,0.25243160681378457,valid,0.8552841210833776,0.9297377394926153,0.9202976555497132,0.8612172141583906,0.828921568627451,0.8961314255431903,0.814262905800958,0.325,0,795,2.1521053314208984
997,0.24129987640246267,valid,0.8582049920339884,0.9371462060940194,0.9280700236653643,0.8650833754421425,0.8266537904394012,0.9072602013778485,0.8089409260244811,0.35,0,795,2.142451524734497
998,0.2445176457685809,valid,0.8558151885289432,0.9287331347250578,0.9195874265428663,0.8617265087853323,0.8294117647058824,0.8966613672496025,0.8147951037786056,0.42500000000000004,0,795,2.1684980392456055
999,0.2525924910460749,valid,0.8513011152416357,0.9333449531301956,0.9234299371973766,0.8588709677419355,0.8188370975492552,0.9030206677265501,0.7993613624268228,0.375,0,795,2.1502022743225098
1000,0.25394992398158195,valid,0.8534253850238981,0.9316984391961695,0.9208562961550489,0.8599695585996956,0.8248175182481752,0.8982511923688394,0.8084087280468334,0.325,0,795,2.154195547103882
