species,region_id,source_row_id,label,split,Chr,Position,Strand,Local_Position,EditingLevel,source_file
Ptychodera,scaffold1962_cov141:-:168291:168515,7637,yes,train,scaffold1962_cov141,168512,-,80,0.3986486486486486,Ptychodera_prebalancing.csv.gz
Ptychodera,scaffold39128_cov134:+:98912:99592,13944,yes,train,scaffold39128_cov134,98930,+,22,0.5681818181818182,Ptychodera_prebalancing.csv.gz
Ptychodera,scaffold462_cov140:+:786123:786403,15161,no,train,scaffold462_cov140,786397,+,137,0,Ptychodera_prebalancing.csv.gz
Ptychodera,scaffold478_cov113:-:167312:167702,15275,yes,train,scaffold478_cov113,167334,-,293,0.2646239554317549,Ptychodera_prebalancing.csv.gz
Ptychodera,scaffold3698_cov112:+:68018:68572,13283,yes,train,scaffold3698_cov112,68214,+,210,0.1944444444444444,Ptychodera_prebalancing.csv.gz
Ptychodera,scaffold1156384_cov162:-:285204:285691,1074,no,train,scaffold1156384_cov162,285195,-,228,0,Ptychodera_prebalancing.csv.gz
Ptychodera,scaffold17162_cov153:+:189363:189663,6459,no,train,scaffold17162_cov153,189612,+,266,0,Ptychodera_prebalancing.csv.gz
Ptychodera,scaffold851_cov164:+:208862:209420,18903,yes,train,scaffold851_cov164,208978,+,125,0.25,Ptychodera_prebalancing.csv.gz
Ptychodera,scaffold7415_cov134:-:16418:17031,17842,yes,train,scaffold7415_cov134,16915,-,65,0.2672413793103448,Ptychodera_prebalancing.csv.gz
Ptychodera,scaffold15286_cov116:+:379161:379775,4459,no,train,scaffold15286_cov116,379133,+,93,0,Ptychodera_prebalancing.csv.gz
Ptychodera,scaffold9555_cov137:-:57548:57703,19499,no,train,scaffold9555_cov137,57513,-,322,0,Ptychodera_prebalancing.csv.gz
Ptychodera,scaffold2140_cov133:-:174815:176568,8440,no,train,scaffold2140_cov133,174929,-,226,0,Ptychodera_prebalancing.csv.gz
Ptychodera,scaffold3782_cov139:+:169976:170896,13397,yes,train,scaffold3782_cov139,170686,+,39,0.4980988593155893,Ptychodera_prebalancing.csv.gz
Ptychodera,scaffold28443_cov126:-:292364:292550,11006,yes,train,scaffold28443_cov126,292546,-,19,0.6854838709677419,Ptychodera_prebalancing.csv.gz
Ptychodera,scaffold2089_cov155:-:232960:233269,8002,yes,train,scaffold2089_cov155,233245,-,27,0.1570247933884297,Ptychodera_prebalancing.csv.gz
Ptychodera,scaffold1323_cov134:+:427103:427584,3197,yes,train,scaffold1323_cov134,427531,+,403,0.3987341772151899,Ptychodera_prebalancing.csv.gz
Ptychodera,scaffold2794_cov133:+:82026:82461,10840,no,train,scaffold2794_cov133,82131,+,122,0,Ptychodera_prebalancing.csv.gz
Ptychodera,scaffold1171266_cov138:+:73162:74049,1533,no,train,scaffold1171266_cov138,74016,+,450,0,Ptychodera_prebalancing.csv.gz
Ptychodera,scaffold9925_cov150:+:170081:170786,20170,yes,train,scaffold9925_cov150,170452,+,387,0.90625,Ptychodera_prebalancing.csv.gz
Ptychodera,scaffold32521_cov86:+:2399:2886,12218,no,train,scaffold32521_cov86,2397,+,4,0,Ptychodera_prebalancing.csv.gz
Ptychodera,scaffold2326_cov84:-:195815:195896,9038,no,train,scaffold2326_cov84,195857,-,149,0,Ptychodera_prebalancing.csv.gz
Ptychodera,scaffold7613_cov119:+:136766:136903,17988,no,train,scaffold7613_cov119,136869,+,184,0,Ptychodera_prebalancing.csv.gz
Ptychodera,scaffold12141_cov164:-:9717:10517,2151,yes,train,scaffold12141_cov164,9868,-,118,0.907563025210084,Ptychodera_prebalancing.csv.gz
Ptychodera,scaffold1835_cov136:+:285845:286147,7343,yes,train,scaffold1835_cov136,286135,+,149,0.4634146341463415,Ptychodera_prebalancing.csv.gz
Ptychodera,scaffold9555_cov137:-:57548:57703,19467,no,train,scaffold9555_cov137,57443,-,392,0,Ptychodera_prebalancing.csv.gz
Ptychodera,scaffold1241_cov154:-:109445:109789,2603,no,train,scaffold1241_cov154,109422,-,215,0,Ptychodera_prebalancing.csv.gz
Ptychodera,scaffold4067_cov148:+:83646:83942,14353,no,train,scaffold4067_cov148,83577,+,146,0,Ptychodera_prebalancing.csv.gz
Ptychodera,scaffold1885_cov156:+:129197:130977,7448,yes,train,scaffold1885_cov156,129407,+,224,0.9714285714285714,Ptychodera_prebalancing.csv.gz
Ptychodera,scaffold30030_cov79:+:14578:14882,11828,yes,train,scaffold30030_cov79,14869,+,299,0.4322033898305085,Ptychodera_prebalancing.csv.gz
Ptychodera,scaffold3154_cov140:+:228764:228820,11999,yes,train,scaffold3154_cov140,228799,+,188,0.9970501474926252,Ptychodera_prebalancing.csv.gz
Ptychodera,scaffold14354_cov137:-:94703:95626,3785,no,train,scaffold14354_cov137,94782,-,316,0,Ptychodera_prebalancing.csv.gz
Ptychodera,scaffold11559_cov105:+:53281:53740,963,yes,train,scaffold11559_cov105,53722,+,380,0.2148148148148148,Ptychodera_prebalancing.csv.gz
Ptychodera,scaffold161704_cov130:+:35436:35670,5290,no,train,scaffold161704_cov130,35680,+,296,0,Ptychodera_prebalancing.csv.gz
Ptychodera,scaffold6901_cov141:-:794007:794312,17502,yes,train,scaffold6901_cov141,794264,-,50,0.7641509433962265,Ptychodera_prebalancing.csv.gz
Ptychodera,scaffold3698_cov112:+:68018:68572,13297,yes,train,scaffold3698_cov112,68398,+,396,0.5089820359281437,Ptychodera_prebalancing.csv.gz
Ptychodera,scaffold56_cov136:+:584474:585605,16076,yes,train,scaffold56_cov136,584497,+,9,0.4276094276094276,Ptychodera_prebalancing.csv.gz
Ptychodera,scaffold1156276_cov87:-:99184:100330,1032,yes,train,scaffold1156276_cov87,99458,-,113,0.2682926829268293,Ptychodera_prebalancing.csv.gz
Ptychodera,scaffold18190_cov84:-:8450:8616,7293,yes,train,scaffold18190_cov84,8569,-,140,0.173076923076923,Ptychodera_prebalancing.csv.gz
Ptychodera,scaffold3563_cov125:-:35702:36535,13123,yes,train,scaffold3563_cov125,36125,-,20,0.3203883495145631,Ptychodera_prebalancing.csv.gz
Ptychodera,scaffold1171258_cov122:+:213330:213576,1440,no,train,scaffold1171258_cov122,213505,+,196,0,Ptychodera_prebalancing.csv.gz
Ptychodera,scaffold2991_cov164:+:23681:24617,11423,yes,train,scaffold2991_cov164,23682,+,19,0.4024390243902439,Ptychodera_prebalancing.csv.gz
Ptychodera,scaffold56_cov136:+:584474:585605,16181,yes,train,scaffold56_cov136,585532,+,264,0.4520547945205479,Ptychodera_prebalancing.csv.gz
Ptychodera,scaffold1236_cov83:-:159619:159706,2448,yes,train,scaffold1236_cov83,159657,-,317,0.3781512605042016,Ptychodera_prebalancing.csv.gz
Ptychodera,scaffold2869_cov154:+:107409:107792,11079,no,train,scaffold2869_cov154,107773,+,262,0,Ptychodera_prebalancing.csv.gz
Ptychodera,scaffold32521_cov86:+:2399:2886,12252,yes,train,scaffold32521_cov86,2538,+,145,0.912280701754386,Ptychodera_prebalancing.csv.gz
Ptychodera,scaffold8953_cov140:+:56023:56332,19056,yes,train,scaffold8953_cov140,56042,+,20,0.1695652173913043,Ptychodera_prebalancing.csv.gz
Ptychodera,scaffold13801_cov94:-:33000:33728,3573,no,train,scaffold13801_cov94,33331,-,161,0,Ptychodera_prebalancing.csv.gz
Ptychodera,scaffold3635_cov139:-:67923:68627,13176,yes,train,scaffold3635_cov139,68531,-,203,0.3981481481481481,Ptychodera_prebalancing.csv.gz
Ptychodera,scaffold6968_cov114:+:418242:418583,17549,no,train,scaffold6968_cov114,418419,+,118,0,Ptychodera_prebalancing.csv.gz
Ptychodera,scaffold6811_cov133:-:238109:238607,17275,yes,train,scaffold6811_cov133,238128,-,439,0.6702702702702703,Ptychodera_prebalancing.csv.gz
Ptychodera,scaffold16732_cov160:+:289154:289485,5901,yes,train,scaffold16732_cov160,289419,+,235,0.6712328767123288,Ptychodera_prebalancing.csv.gz
Ptychodera,scaffold6755_cov113:-:31779:31986,17155,no,train,scaffold6755_cov113,31756,-,237,0,Ptychodera_prebalancing.csv.gz
Ptychodera,scaffold2530_cov139:-:69656:69969,9881,no,train,scaffold2530_cov139,69801,-,188,0,Ptychodera_prebalancing.csv.gz
Ptychodera,scaffold4923_cov126:-:400667:401530,15612,no,train,scaffold4923_cov126,400866,-,557,0,Ptychodera_prebalancing.csv.gz
Ptychodera,scaffold39380_cov153:-:70839:70938,14183,no,train,scaffold39380_cov153,70951,-,39,0,Ptychodera_prebalancing.csv.gz
Ptychodera,scaffold3064_cov157:-:750409:751493,11870,yes,train,scaffold3064_cov157,751491,-,25,0.1538461538461538,Ptychodera_prebalancing.csv.gz
Ptychodera,scaffold1171763_cov97:-:24808:25449,1669,no,train,scaffold1171763_cov97,25434,-,23,0,Ptychodera_prebalancing.csv.gz
Ptychodera,scaffold1676_cov84:-:198331:198854,5998,yes,train,scaffold1676_cov84,198784,-,119,0.2773109243697479,Ptychodera_prebalancing.csv.gz
Ptychodera,scaffold2817_cov143:-:740422:741833,10931,no,train,scaffold2817_cov143,740618,-,72,0,Ptychodera_prebalancing.csv.gz
Ptychodera,scaffold10983_cov102:-:132602:132940,517,yes,train,scaffold10983_cov102,132843,-,23,0.4976525821596244,Ptychodera_prebalancing.csv.gz
Ptychodera,scaffold20770_cov135:+:33735:33914,7936,no,train,scaffold20770_cov135,33936,+,216,0,Ptychodera_prebalancing.csv.gz
Ptychodera,scaffold5571_cov159:-:181815:182119,15983,no,train,scaffold5571_cov159,181817,-,194,0,Ptychodera_prebalancing.csv.gz
Ptychodera,scaffold348914_cov132:-:18141:18583,12903,yes,train,scaffold348914_cov132,18233,-,245,0.2578616352201258,Ptychodera_prebalancing.csv.gz
Ptychodera,scaffold1603_cov140:-:2704:3035,5042,yes,train,scaffold1603_cov140,2726,-,327,0.2338308457711442,Ptychodera_prebalancing.csv.gz
Ptychodera,scaffold910_cov130:+:473330:473536,19192,no,train,scaffold910_cov130,473491,+,221,0,Ptychodera_prebalancing.csv.gz
Ptychodera,scaffold6811_cov133:-:238109:238607,17299,yes,train,scaffold6811_cov133,238209,-,358,0.388646288209607,Ptychodera_prebalancing.csv.gz
Ptychodera,scaffold9555_cov137:-:57548:57703,19471,no,train,scaffold9555_cov137,57452,-,383,0,Ptychodera_prebalancing.csv.gz
Ptychodera,scaffold940946_cov135:-:59871:60197,19429,no,train,scaffold940946_cov135,60195,-,10,0,Ptychodera_prebalancing.csv.gz
Ptychodera,scaffold6440_cov168:+:352921:355362,16600,yes,train,scaffold6440_cov168,354823,+,289,0.296551724137931,Ptychodera_prebalancing.csv.gz
Ptychodera,scaffold1636_cov125:-:311909:312112,5505,no,train,scaffold1636_cov125,311913,-,216,0,Ptychodera_prebalancing.csv.gz
Ptychodera,scaffold17107_cov97:-:167714:170261,6223,no,train,scaffold17107_cov97,170181,-,189,0,Ptychodera_prebalancing.csv.gz
Ptychodera,scaffold8953_cov140:+:56023:56332,19115,yes,train,scaffold8953_cov140,56320,+,304,0.2067039106145251,Ptychodera_prebalancing.csv.gz
Ptychodera,scaffold12565_cov89:-:352301:352848,2916,yes,train,scaffold12565_cov89,352711,-,199,0.5974842767295597,Ptychodera_prebalancing.csv.gz
Ptychodera,scaffold9569_cov136:-:510672:510737,19599,no,train,scaffold9569_cov136,510642,-,166,0,Ptychodera_prebalancing.csv.gz
Ptychodera,scaffold3081_cov168:-:128788:128942,11897,yes,train,scaffold3081_cov168,128789,-,236,0.2890625,Ptychodera_prebalancing.csv.gz
Ptychodera,scaffold17689_cov156:+:96322:96960,6945,yes,train,scaffold17689_cov156,96725,+,334,0.3233532934131736,Ptychodera_prebalancing.csv.gz
Ptychodera,scaffold7723_cov121:+:445396:445849,18182,no,train,scaffold7723_cov121,445669,+,156,0,Ptychodera_prebalancing.csv.gz
Ptychodera,scaffold6755_cov113:-:31779:31986,17172,no,train,scaffold6755_cov113,31809,-,184,0,Ptychodera_prebalancing.csv.gz
Ptychodera,scaffold9645_cov134:-:516300:516668,19760,no,train,scaffold9645_cov134,516399,-,160,0,Ptychodera_prebalancing.csv.gz
Ptychodera,scaffold12141_cov164:-:9717:10517,2123,yes,train,scaffold12141_cov164,9746,-,245,0.2088607594936709,Ptychodera_prebalancing.csv.gz
Ptychodera,scaffold1835_cov136:+:285845:286147,7332,yes,train,scaffold1835_cov136,285867,+,88,0.2824427480916031,Ptychodera_prebalancing.csv.gz
Ptychodera,scaffold1241_cov154:-:109445:109789,2651,no,train,scaffold1241_cov154,109790,-,6,0,Ptychodera_prebalancing.csv.gz
Ptychodera,scaffold10734_cov95:+:35769:36582,299,no,train,scaffold10734_cov95,36449,+,223,0,Ptychodera_prebalancing.csv.gz
Ptychodera,scaffold14354_cov137:-:94703:95626,3858,no,train,scaffold14354_cov137,95661,-,88,0,Ptychodera_prebalancing.csv.gz
Ptychodera,scaffold153100_cov97:+:57733:57923,4557,yes,train,scaffold153100_cov97,57889,+,164,0.6730769230769231,Ptychodera_prebalancing.csv.gz
Ptychodera,scaffold2991_cov164:-:858007:858838,11745,no,train,scaffold2991_cov164,858769,-,72,0,Ptychodera_prebalancing.csv.gz
Ptychodera,scaffold6755_cov113:-:31779:31986,17182,yes,train,scaffold6755_cov113,31835,-,158,0.391304347826087,Ptychodera_prebalancing.csv.gz
Ptychodera,scaffold3861_cov165:-:35132:35576,13733,no,train,scaffold3861_cov165,35138,-,561,0,Ptychodera_prebalancing.csv.gz
Ptychodera,scaffold1835_cov136:+:565102:566520,7380,no,train,scaffold1835_cov136,565882,+,22,0,Ptychodera_prebalancing.csv.gz
Ptychodera,scaffold6811_cov133:-:238109:238607,17375,yes,train,scaffold6811_cov133,238560,-,71,0.904494382022472,Ptychodera_prebalancing.csv.gz
Ptychodera,scaffold43365_cov111:+:111460:111953,14850,yes,train,scaffold43365_cov111,111462,+,5,0.3027522935779816,Ptychodera_prebalancing.csv.gz
Ptychodera,scaffold14354_cov137:-:94703:95626,3804,no,train,scaffold14354_cov137,94838,-,260,0,Ptychodera_prebalancing.csv.gz
Ptychodera,scaffold23899_cov112:+:9403:9576,9151,yes,train,scaffold23899_cov112,9425,+,38,0.975609756097561,Ptychodera_prebalancing.csv.gz
Ptychodera,scaffold42799_cov92:-:31872:32078,14582,no,train,scaffold42799_cov92,31895,-,204,0,Ptychodera_prebalancing.csv.gz
Ptychodera,scaffold3989_cov117:-:30157:30265,14199,no,train,scaffold3989_cov117,30097,-,223,0,Ptychodera_prebalancing.csv.gz
Ptychodera,scaffold114779_cov129:-:9728:10643,646,yes,train,scaffold114779_cov129,10064,-,346,0.6666666666666666,Ptychodera_prebalancing.csv.gz
Ptychodera,scaffold6755_cov113:-:31779:31986,17186,no,train,scaffold6755_cov113,31846,-,147,0,Ptychodera_prebalancing.csv.gz
Ptychodera,scaffold4043_cov170:-:308373:308638,14265,yes,train,scaffold4043_cov170,308434,-,232,0.8962264150943396,Ptychodera_prebalancing.csv.gz
Ptychodera,scaffold617_cov97:-:108357:109123,16432,no,train,scaffold617_cov97,109161,-,112,0,Ptychodera_prebalancing.csv.gz
Ptychodera,scaffold17107_cov97:-:167714:170261,6156,yes,train,scaffold17107_cov97,167817,-,410,0.4180790960451977,Ptychodera_prebalancing.csv.gz
Ptychodera,scaffold940946_cov135:-:59871:60197,19418,no,train,scaffold940946_cov135,60116,-,89,0,Ptychodera_prebalancing.csv.gz
Ptychodera,scaffold27652_cov140:+:374592:375191,10786,yes,train,scaffold27652_cov140,374696,+,50,0.8962264150943396,Ptychodera_prebalancing.csv.gz
Ptychodera,scaffold3154_cov140:+:228764:228820,12008,no,train,scaffold3154_cov140,228824,+,213,0,Ptychodera_prebalancing.csv.gz
Ptychodera,scaffold478_cov113:-:167312:167702,15349,yes,train,scaffold478_cov113,167663,-,39,0.4795763993948563,Ptychodera_prebalancing.csv.gz
Ptychodera,scaffold698_cov122:-:207303:208348,17585,no,train,scaffold698_cov122,207327,-,174,0,Ptychodera_prebalancing.csv.gz
Ptychodera,scaffold765_cov148:+:233581:233840,18085,no,train,scaffold765_cov148,233547,+,2,0,Ptychodera_prebalancing.csv.gz
Ptychodera,scaffold26652_cov126:+:156424:156704,10453,no,train,scaffold26652_cov126,156442,+,15,0,Ptychodera_prebalancing.csv.gz
Ptychodera,scaffold9925_cov150:+:170081:170786,20102,yes,train,scaffold9925_cov150,170191,+,119,0.4186746987951807,Ptychodera_prebalancing.csv.gz
Ptychodera,scaffold44597_cov125:-:60049:60643,14938,yes,train,scaffold44597_cov125,60160,-,190,0.2403846153846154,Ptychodera_prebalancing.csv.gz
Ptychodera,scaffold2530_cov139:+:315112:315261,9911,yes,train,scaffold2530_cov139,315139,+,63,0.1981981981981982,Ptychodera_prebalancing.csv.gz
Ptychodera,scaffold348914_cov132:-:18141:18583,12949,no,train,scaffold348914_cov132,18613,-,19,0,Ptychodera_prebalancing.csv.gz
Ptychodera,scaffold22042_cov145:-:11224:12451,8708,no,train,scaffold22042_cov145,12194,-,30,0,Ptychodera_prebalancing.csv.gz
Ptychodera,scaffold1171787_cov158:+:720830:721101,1679,yes,train,scaffold1171787_cov158,721022,+,25,0.547945205479452,Ptychodera_prebalancing.csv.gz
Ptychodera,scaffold56_cov136:+:584474:585605,16122,yes,train,scaffold56_cov136,584585,+,97,0.2178988326848249,Ptychodera_prebalancing.csv.gz
Ptychodera,scaffold1801_cov157:+:172979:173254,7030,no,train,scaffold1801_cov157,172955,+,37,0,Ptychodera_prebalancing.csv.gz
Ptychodera,scaffold940946_cov135:-:59871:60197,19342,no,train,scaffold940946_cov135,59855,-,356,0,Ptychodera_prebalancing.csv.gz
Ptychodera,scaffold1171266_cov138:+:73162:74049,1514,no,train,scaffold1171266_cov138,73929,+,363,0,Ptychodera_prebalancing.csv.gz
Ptychodera,scaffold4478_cov130:-:183043:183191,14973,no,train,scaffold4478_cov130,183099,-,110,0,Ptychodera_prebalancing.csv.gz
Ptychodera,scaffold153100_cov97:+:57733:57923,4561,yes,train,scaffold153100_cov97,57901,+,176,0.5,Ptychodera_prebalancing.csv.gz
Ptychodera,scaffold6445_cov98:+:453373:453685,16610,no,train,scaffold6445_cov98,453641,+,127,0,Ptychodera_prebalancing.csv.gz
Ptychodera,scaffold96526_cov86:+:25896:26454,19823,yes,train,scaffold96526_cov86,26333,+,243,0.9557522123893806,Ptychodera_prebalancing.csv.gz
Ptychodera,scaffold12141_cov164:-:9717:10517,2153,yes,train,scaffold12141_cov164,9879,-,107,0.8468468468468469,Ptychodera_prebalancing.csv.gz
Ptychodera,scaffold17689_cov156:+:96322:96960,6957,yes,train,scaffold17689_cov156,96755,+,364,0.225,Ptychodera_prebalancing.csv.gz
Ptychodera,scaffold1224_cov153:-:203704:204843,2264,no,train,scaffold1224_cov153,204759,-,109,0,Ptychodera_prebalancing.csv.gz
Ptychodera,scaffold2991_cov164:-:247815:248280,11479,yes,train,scaffold2991_cov164,247909,-,213,0.1675824175824175,Ptychodera_prebalancing.csv.gz
Ptychodera,scaffold800_cov148:-:30933:31071,18335,no,train,scaffold800_cov148,30854,-,307,0,Ptychodera_prebalancing.csv.gz
Ptychodera,scaffold209507_cov154:-:41337:41458,8190,no,train,scaffold209507_cov154,41408,-,90,0,Ptychodera_prebalancing.csv.gz
Ptychodera,scaffold3698_cov112:+:68018:68572,13285,yes,train,scaffold3698_cov112,68219,+,215,0.5242718446601942,Ptychodera_prebalancing.csv.gz
Ptychodera,scaffold910_cov130:+:473330:473536,19214,no,train,scaffold910_cov130,473556,+,286,0,Ptychodera_prebalancing.csv.gz
Ptychodera,scaffold44597_cov125:-:60049:60643,14939,yes,train,scaffold44597_cov125,60162,-,188,0.3070539419087137,Ptychodera_prebalancing.csv.gz
Ptychodera,scaffold39128_cov134:+:98912:99592,14037,no,train,scaffold39128_cov134,99194,+,286,0,Ptychodera_prebalancing.csv.gz
Ptychodera,scaffold3563_cov125:-:35702:36535,13084,yes,train,scaffold3563_cov125,35720,-,319,0.8936170212765957,Ptychodera_prebalancing.csv.gz
Ptychodera,scaffold24895_cov120:-:137039:137692,9463,yes,train,scaffold24895_cov120,137228,-,363,0.9523809523809524,Ptychodera_prebalancing.csv.gz
Ptychodera,scaffold2313_cov111:-:91160:91479,8985,no,train,scaffold2313_cov111,91433,-,54,0,Ptychodera_prebalancing.csv.gz
Ptychodera,scaffold9569_cov136:-:510672:510737,19641,no,train,scaffold9569_cov136,510795,-,11,0,Ptychodera_prebalancing.csv.gz
Ptychodera,scaffold11537_cov112:+:299365:299845,738,no,train,scaffold11537_cov112,299583,+,129,0,Ptychodera_prebalancing.csv.gz
Ptychodera,scaffold3081_cov168:-:128788:128942,11893,no,train,scaffold3081_cov168,128767,-,258,0,Ptychodera_prebalancing.csv.gz
Ptychodera,scaffold1636_cov125:-:311909:312112,5501,no,train,scaffold1636_cov125,311905,-,224,0,Ptychodera_prebalancing.csv.gz
Ptychodera,scaffold1801_cov157:+:172979:173254,7062,no,train,scaffold1801_cov157,173080,+,162,0,Ptychodera_prebalancing.csv.gz
Ptychodera,scaffold6811_cov133:-:238109:238607,17298,yes,train,scaffold6811_cov133,238208,-,359,0.451063829787234,Ptychodera_prebalancing.csv.gz
Ptychodera,scaffold2869_cov154:+:107409:107792,11073,yes,train,scaffold2869_cov154,107753,+,242,0.2381391064025794,Ptychodera_prebalancing.csv.gz
Ptychodera,scaffold1631_cov148:+:705302:705603,5363,no,train,scaffold1631_cov148,705489,+,196,0,Ptychodera_prebalancing.csv.gz
Ptychodera,scaffold9569_cov136:-:510672:510737,19632,no,train,scaffold9569_cov136,510771,-,35,0,Ptychodera_prebalancing.csv.gz
Ptychodera,scaffold3309_cov156:-:685249:685617,12434,yes,train,scaffold3309_cov156,685318,-,340,0.6976744186046512,Ptychodera_prebalancing.csv.gz
Ptychodera,scaffold39128_cov134:+:98912:99592,14114,no,train,scaffold39128_cov134,99521,+,618,0,Ptychodera_prebalancing.csv.gz
Ptychodera,scaffold2326_cov84:-:195815:195896,9050,no,train,scaffold2326_cov84,195888,-,118,0,Ptychodera_prebalancing.csv.gz
Ptychodera,scaffold60041_cov77:+:9334:9531,16321,no,train,scaffold60041_cov77,9416,+,95,0,Ptychodera_prebalancing.csv.gz
Ptychodera,scaffold1631_cov148:+:773586:775046,5478,no,train,scaffold1631_cov148,775064,+,215,0,Ptychodera_prebalancing.csv.gz
Ptychodera,scaffold21173_cov137:-:525055:525229,8277,yes,train,scaffold21173_cov137,525093,-,166,0.7342233009708737,Ptychodera_prebalancing.csv.gz
Ptychodera,scaffold8026_cov121:-:76174:76416,18384,yes,train,scaffold8026_cov121,76251,-,169,0.3859649122807017,Ptychodera_prebalancing.csv.gz
Ptychodera,scaffold2530_cov139:+:315112:315261,9925,no,train,scaffold2530_cov139,315194,+,123,0,Ptychodera_prebalancing.csv.gz
Ptychodera,scaffold1846_cov106:+:136856:137077,7398,no,train,scaffold1846_cov106,137018,+,165,0,Ptychodera_prebalancing.csv.gz
Ptychodera,scaffold1241_cov154:-:109445:109789,2640,no,train,scaffold1241_cov154,109767,-,29,0,Ptychodera_prebalancing.csv.gz
Ptychodera,scaffold3698_cov112:+:68018:68572,13309,yes,train,scaffold3698_cov112,68453,+,451,0.4434389140271493,Ptychodera_prebalancing.csv.gz
Ptychodera,scaffold1962_cov141:-:167038:167279,7539,yes,train,scaffold1962_cov141,167112,-,241,0.2016806722689075,Ptychodera_prebalancing.csv.gz
Ptychodera,scaffold56_cov136:+:584474:585605,16099,yes,train,scaffold56_cov136,584543,+,55,0.2037037037037037,Ptychodera_prebalancing.csv.gz
Ptychodera,scaffold11537_cov112:+:299365:299845,731,yes,train,scaffold11537_cov112,299566,+,112,0.2103386809269162,Ptychodera_prebalancing.csv.gz
Ptychodera,scaffold114779_cov129:-:9728:10643,658,yes,train,scaffold114779_cov129,10338,-,243,0.819672131147541,Ptychodera_prebalancing.csv.gz
Ptychodera,scaffold348914_cov132:-:18141:18583,12897,yes,train,scaffold348914_cov132,18221,-,257,0.3309352517985611,Ptychodera_prebalancing.csv.gz
Ptychodera,scaffold475_cov134:+:445828:445984,15195,yes,train,scaffold475_cov134,445935,+,216,0.5490196078431373,Ptychodera_prebalancing.csv.gz
Ptychodera,scaffold14354_cov137:-:94703:95626,3781,no,train,scaffold14354_cov137,94774,-,324,0,Ptychodera_prebalancing.csv.gz
Ptychodera,scaffold38562_cov122:-:141886:143137,13708,yes,train,scaffold38562_cov122,143118,-,53,0.1965811965811965,Ptychodera_prebalancing.csv.gz
Ptychodera,scaffold9555_cov137:-:57548:57703,19494,no,train,scaffold9555_cov137,57506,-,329,0,Ptychodera_prebalancing.csv.gz
Ptychodera,scaffold21297_cov142:-:138460:138685,8352,no,train,scaffold21297_cov142,138528,-,118,0,Ptychodera_prebalancing.csv.gz
Ptychodera,scaffold12565_cov89:-:352301:352848,2920,yes,train,scaffold12565_cov89,352735,-,175,0.4508196721311475,Ptychodera_prebalancing.csv.gz
Ptychodera,scaffold10189_cov149:+:223808:225100,114,yes,train,scaffold10189_cov149,224827,+,137,0.7910447761194029,Ptychodera_prebalancing.csv.gz
Ptychodera,scaffold7626_cov144:-:459173:459972,18028,yes,train,scaffold7626_cov144,459191,-,165,0.4199134199134199,Ptychodera_prebalancing.csv.gz
Ptychodera,scaffold2991_cov164:-:858007:858838,11591,yes,train,scaffold2991_cov164,858175,-,560,0.319047619047619,Ptychodera_prebalancing.csv.gz
Ptychodera,scaffold8095_cov123:-:171963:172984,18515,yes,train,scaffold8095_cov123,172813,-,156,0.3016627078384798,Ptychodera_prebalancing.csv.gz
Ptychodera,scaffold16732_cov160:+:289154:289485,5918,no,train,scaffold16732_cov160,289460,+,276,0,Ptychodera_prebalancing.csv.gz
Ptychodera,scaffold1539_cov135:-:495376:495773,4676,yes,train,scaffold1539_cov135,495420,-,152,0.616822429906542,Ptychodera_prebalancing.csv.gz
Ptychodera,scaffold7723_cov121:+:445396:445849,18164,no,train,scaffold7723_cov121,445609,+,96,0,Ptychodera_prebalancing.csv.gz
Ptychodera,scaffold8320_cov145:-:201769:202952,18773,yes,train,scaffold8320_cov145,202820,-,140,0.196078431372549,Ptychodera_prebalancing.csv.gz
Ptychodera,scaffold11559_cov105:+:53281:53740,999,no,train,scaffold11559_cov105,53817,+,475,0,Ptychodera_prebalancing.csv.gz
Ptychodera,scaffold4923_cov126:-:400667:401530,15643,no,train,scaffold4923_cov126,401026,-,397,0,Ptychodera_prebalancing.csv.gz
Ptychodera,scaffold10981_cov157:-:320342:321622,438,yes,train,scaffold10981_cov157,320811,-,131,0.3873239436619718,Ptychodera_prebalancing.csv.gz
Ptychodera,scaffold1171266_cov138:+:73162:74049,1482,no,train,scaffold1171266_cov138,73836,+,270,0,Ptychodera_prebalancing.csv.gz
Ptychodera,scaffold348914_cov132:-:18141:18583,12901,yes,train,scaffold348914_cov132,18231,-,247,0.5935483870967742,Ptychodera_prebalancing.csv.gz
Ptychodera,scaffold161431_cov89:-:17574:18493,5217,yes,train,scaffold161431_cov89,17682,-,176,0.2258064516129032,Ptychodera_prebalancing.csv.gz
Ptychodera,scaffold16631_cov137:+:14242:14561,5765,no,train,scaffold16631_cov137,14327,+,43,0,Ptychodera_prebalancing.csv.gz
Ptychodera,scaffold6901_cov141:-:794007:794312,17496,yes,train,scaffold6901_cov141,794110,-,210,0.2735849056603773,Ptychodera_prebalancing.csv.gz
Ptychodera,scaffold56_cov136:+:584474:585605,16140,no,train,scaffold56_cov136,584615,+,127,0,Ptychodera_prebalancing.csv.gz
Ptychodera,scaffold3563_cov125:-:35702:36535,13100,no,train,scaffold3563_cov125,35853,-,186,0,Ptychodera_prebalancing.csv.gz
Ptychodera,scaffold32521_cov86:+:2399:2886,12321,yes,train,scaffold32521_cov86,2763,+,377,0.390728476821192,Ptychodera_prebalancing.csv.gz
Ptychodera,scaffold478_cov113:-:167312:167702,15266,no,train,scaffold478_cov113,167295,-,332,0,Ptychodera_prebalancing.csv.gz
Ptychodera,scaffold2440_cov108:-:296991:297406,9362,no,train,scaffold2440_cov108,297004,-,234,0,Ptychodera_prebalancing.csv.gz
Ptychodera,scaffold18190_cov84:-:8450:8616,7303,no,train,scaffold18190_cov84,8635,-,67,0,Ptychodera_prebalancing.csv.gz
Ptychodera,scaffold3782_cov139:+:169976:170896,13399,no,train,scaffold3782_cov139,170697,+,50,0,Ptychodera_prebalancing.csv.gz
Ptychodera,scaffold940946_cov135:-:59871:60197,19359,no,train,scaffold940946_cov135,59923,-,288,0,Ptychodera_prebalancing.csv.gz
Ptychodera,scaffold1171763_cov97:-:24808:25449,1629,yes,train,scaffold1171763_cov97,24884,-,283,0.4573643410852713,Ptychodera_prebalancing.csv.gz
Ptychodera,scaffold2991_cov164:+:23681:24617,11424,yes,train,scaffold2991_cov164,23683,+,20,0.15625,Ptychodera_prebalancing.csv.gz
Ptychodera,scaffold81961_cov101:+:2614:2737,18741,no,train,scaffold81961_cov101,2690,+,138,0,Ptychodera_prebalancing.csv.gz
Ptychodera,scaffold3861_cov165:-:35132:35576,13771,yes,train,scaffold3861_cov165,35280,-,419,0.9906976744186048,Ptychodera_prebalancing.csv.gz
Ptychodera,scaffold3422_cov129:-:385086:386396,12685,yes,train,scaffold3422_cov129,385511,-,48,0.1941747572815534,Ptychodera_prebalancing.csv.gz
Ptychodera,scaffold16631_cov137:+:14242:14561,5772,no,train,scaffold16631_cov137,14341,+,57,0,Ptychodera_prebalancing.csv.gz
Ptychodera,scaffold1631_cov148:+:773586:775046,5469,yes,train,scaffold1631_cov148,775045,+,196,0.5318471337579618,Ptychodera_prebalancing.csv.gz
Ptychodera,scaffold9555_cov137:-:57548:57703,19482,no,train,scaffold9555_cov137,57487,-,348,0,Ptychodera_prebalancing.csv.gz
Ptychodera,scaffold12335_cov130:+:147263:147554,2355,no,train,scaffold12335_cov130,147520,+,225,0,Ptychodera_prebalancing.csv.gz
Ptychodera,scaffold2426_cov111:+:264192:264996,9286,yes,train,scaffold2426_cov111,264280,+,98,0.39,Ptychodera_prebalancing.csv.gz
Ptychodera,scaffold1156_cov135:+:159292:159369,1148,yes,train,scaffold1156_cov135,159308,+,158,0.3232963549920761,Ptychodera_prebalancing.csv.gz
Ptychodera,scaffold14503_cov110:+:699477:699642,4033,no,train,scaffold14503_cov110,699653,+,206,0,Ptychodera_prebalancing.csv.gz
Ptychodera,scaffold2326_cov84:-:195815:195896,9063,no,train,scaffold2326_cov84,195932,-,74,0,Ptychodera_prebalancing.csv.gz
Ptychodera,scaffold114779_cov129:-:9728:10643,683,yes,train,scaffold114779_cov129,10548,-,33,0.2982456140350877,Ptychodera_prebalancing.csv.gz
Ptychodera,scaffold38562_cov122:-:141886:143137,13656,no,train,scaffold38562_cov122,142093,-,316,0,Ptychodera_prebalancing.csv.gz
Ptychodera,scaffold38562_cov122:-:141886:143137,13572,no,train,scaffold38562_cov122,141852,-,557,0,Ptychodera_prebalancing.csv.gz
Ptychodera,scaffold12335_cov130:+:147263:147554,2374,no,train,scaffold12335_cov130,147557,+,262,0,Ptychodera_prebalancing.csv.gz
Ptychodera,scaffold1631_cov148:+:705302:705603,5421,no,train,scaffold1631_cov148,705643,+,350,0,Ptychodera_prebalancing.csv.gz
Ptychodera,scaffold2794_cov133:+:82026:82461,10811,no,train,scaffold2794_cov133,82023,+,14,0,Ptychodera_prebalancing.csv.gz
Ptychodera,scaffold38562_cov122:-:141886:143137,13583,no,train,scaffold38562_cov122,141885,-,524,0,Ptychodera_prebalancing.csv.gz
Ptychodera,scaffold16631_cov137:+:14242:14561,5800,no,train,scaffold16631_cov137,14436,+,158,0,Ptychodera_prebalancing.csv.gz
Ptychodera,scaffold18025_cov163:+:6470:7342,7158,yes,train,scaffold18025_cov163,6488,+,45,0.5726495726495726,Ptychodera_prebalancing.csv.gz
Ptychodera,scaffold940946_cov135:-:59871:60197,19392,no,train,scaffold940946_cov135,60015,-,196,0,Ptychodera_prebalancing.csv.gz
Ptychodera,scaffold8095_cov123:-:171963:172984,18494,no,train,scaffold8095_cov123,172736,-,233,0,Ptychodera_prebalancing.csv.gz
Ptychodera,scaffold79475_cov142:-:27270:27396,18326,yes,train,scaffold79475_cov142,27307,-,49,0.8918918918918919,Ptychodera_prebalancing.csv.gz
Ptychodera,scaffold47766_cov117:-:200215:200524,15245,no,train,scaffold47766_cov117,200286,-,248,0,Ptychodera_prebalancing.csv.gz
Ptychodera,scaffold42799_cov92:-:31872:32078,14563,no,train,scaffold42799_cov92,31835,-,264,0,Ptychodera_prebalancing.csv.gz
Ptychodera,scaffold6649_cov117:-:267599:267994,16913,yes,train,scaffold6649_cov117,267922,-,85,0.4193548387096774,Ptychodera_prebalancing.csv.gz
Ptychodera,scaffold39128_cov134:+:98912:99592,13952,yes,train,scaffold39128_cov134,98946,+,38,0.4789915966386555,Ptychodera_prebalancing.csv.gz
Ptychodera,scaffold8636_cov148:-:61168:61687,18961,no,train,scaffold8636_cov148,61382,-,243,0,Ptychodera_prebalancing.csv.gz
Ptychodera,scaffold18190_cov84:-:8450:8616,7313,no,train,scaffold18190_cov84,8665,-,37,0,Ptychodera_prebalancing.csv.gz
Ptychodera,scaffold968_cov135:+:323367:323828,19988,yes,train,scaffold968_cov135,323743,+,360,0.652542372881356,Ptychodera_prebalancing.csv.gz
Ptychodera,scaffold7723_cov121:+:445396:445849,18156,no,train,scaffold7723_cov121,445576,+,63,0,Ptychodera_prebalancing.csv.gz
Ptychodera,scaffold1156384_cov162:-:285204:285691,1090,no,train,scaffold1156384_cov162,285235,-,188,0,Ptychodera_prebalancing.csv.gz
Ptychodera,scaffold9925_cov150:+:170081:170786,20112,yes,train,scaffold9925_cov150,170211,+,139,0.3176470588235294,Ptychodera_prebalancing.csv.gz
Ptychodera,scaffold3483_cov154:+:648773:649150,12887,yes,train,scaffold3483_cov154,649129,+,171,0.4052287581699346,Ptychodera_prebalancing.csv.gz
Ptychodera,scaffold3861_cov165:-:35132:35576,13751,yes,train,scaffold3861_cov165,35214,-,485,1,Ptychodera_prebalancing.csv.gz
Ptychodera,scaffold14503_cov110:+:699477:699642,4032,no,train,scaffold14503_cov110,699646,+,199,0,Ptychodera_prebalancing.csv.gz
Ptychodera,scaffold6755_cov113:-:31779:31986,17209,yes,train,scaffold6755_cov113,31974,-,58,0.2516556291390728,Ptychodera_prebalancing.csv.gz
Ptychodera,scaffold10734_cov95:+:35769:36582,358,no,train,scaffold10734_cov95,36637,+,411,0,Ptychodera_prebalancing.csv.gz
Ptychodera,scaffold2394_cov127:-:198968:199469,9203,no,train,scaffold2394_cov127,199425,-,82,0,Ptychodera_prebalancing.csv.gz
Ptychodera,scaffold4923_cov126:-:400667:401530,15635,no,train,scaffold4923_cov126,400985,-,438,0,Ptychodera_prebalancing.csv.gz
Ptychodera,scaffold13151_cov141:-:223221:223604,3144,yes,train,scaffold13151_cov141,223544,-,80,0.2146596858638743,Ptychodera_prebalancing.csv.gz
Ptychodera,scaffold26652_cov126:+:156424:156704,10519,no,train,scaffold26652_cov126,156705,+,246,0,Ptychodera_prebalancing.csv.gz
Ptychodera,scaffold14354_cov137:-:94703:95626,3761,no,train,scaffold14354_cov137,94697,-,401,0,Ptychodera_prebalancing.csv.gz
Ptychodera,scaffold6811_cov133:-:238109:238607,17359,yes,train,scaffold6811_cov133,238514,-,117,0.9904761904761904,Ptychodera_prebalancing.csv.gz
Ptychodera,scaffold17326_cov146:-:125600:125798,6780,no,train,scaffold17326_cov146,125563,-,232,0,Ptychodera_prebalancing.csv.gz
Ptychodera,scaffold5178_cov121:-:386626:386801,15781,no,train,scaffold5178_cov121,386708,-,114,0,Ptychodera_prebalancing.csv.gz
Ptychodera,scaffold1171763_cov97:-:24808:25449,1674,no,train,scaffold1171763_cov97,25454,-,3,0,Ptychodera_prebalancing.csv.gz
Ptychodera,scaffold20096_cov109:+:121341:121634,7862,no,train,scaffold20096_cov109,121632,+,189,0,Ptychodera_prebalancing.csv.gz
Ptychodera,scaffold3563_cov125:-:35702:36535,13112,yes,train,scaffold3563_cov125,36083,-,62,0.4427480916030534,Ptychodera_prebalancing.csv.gz
Ptychodera,scaffold208_cov126:+:155246:156052,8133,yes,train,scaffold208_cov126,155962,+,188,0.768025078369906,Ptychodera_prebalancing.csv.gz
Ptychodera,scaffold462_cov140:+:786123:786403,15175,no,train,scaffold462_cov140,786428,+,168,0,Ptychodera_prebalancing.csv.gz
Ptychodera,scaffold1323_cov134:+:427103:427584,3202,yes,train,scaffold1323_cov134,427543,+,415,0.9303482587064676,Ptychodera_prebalancing.csv.gz
Ptychodera,scaffold1636_cov125:-:311909:312112,5517,no,train,scaffold1636_cov125,311952,-,177,0,Ptychodera_prebalancing.csv.gz
Ptychodera,scaffold1171763_cov97:-:24808:25449,1623,yes,train,scaffold1171763_cov97,24867,-,300,0.320754716981132,Ptychodera_prebalancing.csv.gz
Ptychodera,scaffold13801_cov94:-:33000:33728,3569,no,train,scaffold13801_cov94,33322,-,170,0,Ptychodera_prebalancing.csv.gz
Ptychodera,scaffold27652_cov140:+:374592:375191,10801,no,train,scaffold27652_cov140,374743,+,97,0,Ptychodera_prebalancing.csv.gz
Ptychodera,scaffold15884_cov164:+:702959:703070,5010,no,train,scaffold15884_cov164,703056,+,177,0,Ptychodera_prebalancing.csv.gz
Ptychodera,scaffold12335_cov130:+:147263:147554,2306,no,train,scaffold12335_cov130,147226,+,35,0,Ptychodera_prebalancing.csv.gz
Ptychodera,scaffold14354_cov137:-:94703:95626,3769,no,train,scaffold14354_cov137,94718,-,380,0,Ptychodera_prebalancing.csv.gz
Ptychodera,scaffold9645_cov134:-:516300:516668,19770,no,train,scaffold9645_cov134,516586,-,116,0,Ptychodera_prebalancing.csv.gz
Ptychodera,scaffold56_cov136:+:584474:585605,16101,yes,train,scaffold56_cov136,584545,+,57,0.2450592885375494,Ptychodera_prebalancing.csv.gz
Ptychodera,scaffold28973_cov114:-:191957:192418,11259,no,train,scaffold28973_cov114,192203,-,91,0,Ptychodera_prebalancing.csv.gz
Ptychodera,scaffold968_cov135:+:323367:323828,19973,yes,train,scaffold968_cov135,323687,+,304,0.7384615384615385,Ptychodera_prebalancing.csv.gz
Ptychodera,scaffold23899_cov112:+:9403:9576,9147,yes,train,scaffold23899_cov112,9411,+,24,0.1805555555555555,Ptychodera_prebalancing.csv.gz
Ptychodera,scaffold485_cov122:-:34345:34618,15367,no,train,scaffold485_cov122,34287,-,357,0,Ptychodera_prebalancing.csv.gz
Ptychodera,scaffold3635_cov139:-:67923:68627,13128,no,train,scaffold3635_cov139,68394,-,340,0,Ptychodera_prebalancing.csv.gz
Ptychodera,scaffold478_cov113:-:167312:167702,15317,no,train,scaffold478_cov113,167549,-,153,0,Ptychodera_prebalancing.csv.gz
Ptychodera,scaffold462_cov140:+:786123:786403,15167,no,train,scaffold462_cov140,786408,+,148,0,Ptychodera_prebalancing.csv.gz
Ptychodera,scaffold15884_cov164:+:702959:703070,5005,no,train,scaffold15884_cov164,703041,+,162,0,Ptychodera_prebalancing.csv.gz
Ptychodera,scaffold4067_cov148:+:83646:83942,14345,no,train,scaffold4067_cov148,83556,+,125,0,Ptychodera_prebalancing.csv.gz
Ptychodera,scaffold16052_cov95:+:62339:62985,5159,no,train,scaffold16052_cov95,62407,+,73,0,Ptychodera_prebalancing.csv.gz
Ptychodera,scaffold6755_cov113:-:31779:31986,17174,yes,train,scaffold6755_cov113,31813,-,180,0.4693877551020408,Ptychodera_prebalancing.csv.gz
Ptychodera,scaffold6649_cov117:-:267599:267994,16928,yes,train,scaffold6649_cov117,267956,-,51,0.2230769230769231,Ptychodera_prebalancing.csv.gz
Ptychodera,scaffold2991_cov164:-:858007:858838,11578,no,train,scaffold2991_cov164,858134,-,601,0,Ptychodera_prebalancing.csv.gz
Ptychodera,scaffold12141_cov164:-:9717:10517,2120,yes,train,scaffold12141_cov164,9739,-,252,0.9766081871345028,Ptychodera_prebalancing.csv.gz
Ptychodera,scaffold19378_cov94:-:42006:43904,7522,yes,train,scaffold19378_cov94,43159,-,713,0.4150943396226415,Ptychodera_prebalancing.csv.gz
Ptychodera,scaffold10981_cov157:-:320342:321622,400,no,train,scaffold10981_cov157,320335,-,530,0,Ptychodera_prebalancing.csv.gz
Ptychodera,scaffold1173_cov143:+:408154:408573,1883,yes,train,scaffold1173_cov143,408463,+,262,0.3333333333333333,Ptychodera_prebalancing.csv.gz
Ptychodera,scaffold1155138_cov151:-:615230:615346,769,no,train,scaffold1155138_cov151,615236,-,336,0,Ptychodera_prebalancing.csv.gz
Ptychodera,scaffold1676_cov84:-:198331:198854,5956,yes,train,scaffold1676_cov84,198460,-,294,0.7982062780269058,Ptychodera_prebalancing.csv.gz
Ptychodera,scaffold17615_cov82:-:24529:25802,6881,yes,train,scaffold17615_cov82,25326,-,88,0.2095238095238095,Ptychodera_prebalancing.csv.gz
Ptychodera,scaffold1636_cov125:-:375792:376043,5575,no,train,scaffold1636_cov125,375819,-,296,0,Ptychodera_prebalancing.csv.gz
Ptychodera,scaffold21173_cov137:-:525055:525229,8267,yes,train,scaffold21173_cov137,525070,-,189,0.6633039092055486,Ptychodera_prebalancing.csv.gz
Ptychodera,scaffold96532_cov96:+:290036:290160,19885,no,train,scaffold96532_cov96,290170,+,183,0,Ptychodera_prebalancing.csv.gz
Ptychodera,scaffold67423_cov132:-:90821:91300,17072,yes,train,scaffold67423_cov132,90905,-,358,0.8050847457627118,Ptychodera_prebalancing.csv.gz
Ptychodera,scaffold10165_cov134:-:283423:285289,45,yes,train,scaffold10165_cov134,283879,-,193,0.9347826086956522,Ptychodera_prebalancing.csv.gz
Ptychodera,scaffold9925_cov150:+:170081:170786,20087,yes,train,scaffold9925_cov150,170140,+,68,0.4902912621359223,Ptychodera_prebalancing.csv.gz
Ptychodera,scaffold9645_cov134:-:516300:516668,19799,yes,train,scaffold9645_cov134,516653,-,49,0.8743169398907104,Ptychodera_prebalancing.csv.gz
Ptychodera,scaffold42799_cov92:-:31872:32078,14614,no,train,scaffold42799_cov92,31989,-,104,0,Ptychodera_prebalancing.csv.gz
Ptychodera,scaffold2869_cov154:+:107409:107792,11054,yes,train,scaffold2869_cov154,107705,+,194,0.5132770066385033,Ptychodera_prebalancing.csv.gz
Ptychodera,scaffold32521_cov86:+:2399:2886,12354,yes,train,scaffold32521_cov86,2841,+,455,0.9496402877697842,Ptychodera_prebalancing.csv.gz
Ptychodera,scaffold2869_cov154:+:107409:107792,11010,no,train,scaffold2869_cov154,107384,+,3,0,Ptychodera_prebalancing.csv.gz
Ptychodera,scaffold3154_cov140:+:228764:228820,12001,yes,train,scaffold3154_cov140,228806,+,195,0.9979402677651904,Ptychodera_prebalancing.csv.gz
Ptychodera,scaffold3552_cov134:-:514923:515191,13073,no,train,scaffold3552_cov134,515075,-,185,0,Ptychodera_prebalancing.csv.gz
Ptychodera,scaffold10983_cov102:-:132602:132940,512,yes,train,scaffold10983_cov102,132830,-,36,0.3041825095057034,Ptychodera_prebalancing.csv.gz
Ptychodera,scaffold10189_cov149:+:223808:225100,118,yes,train,scaffold10189_cov149,224840,+,150,0.8306451612903226,Ptychodera_prebalancing.csv.gz
Ptychodera,scaffold1676_cov84:-:198331:198854,6015,no,train,scaffold1676_cov84,198844,-,59,0,Ptychodera_prebalancing.csv.gz
Ptychodera,scaffold12141_cov164:-:9717:10517,2100,no,train,scaffold12141_cov164,9700,-,291,0,Ptychodera_prebalancing.csv.gz
Ptychodera,scaffold7613_cov119:+:136766:136903,17995,no,train,scaffold7613_cov119,136884,+,199,0,Ptychodera_prebalancing.csv.gz
Ptychodera,scaffold208_cov126:+:155246:156052,8105,yes,train,scaffold208_cov126,155709,+,101,0.1683937823834196,Ptychodera_prebalancing.csv.gz
Ptychodera,scaffold1676_cov84:-:198331:198854,6000,yes,train,scaffold1676_cov84,198794,-,109,0.548936170212766,Ptychodera_prebalancing.csv.gz
Ptychodera,scaffold2326_cov84:-:195815:195896,9084,no,train,scaffold2326_cov84,195988,-,18,0,Ptychodera_prebalancing.csv.gz
Ptychodera,scaffold12335_cov130:+:147263:147554,2372,no,train,scaffold12335_cov130,147555,+,260,0,Ptychodera_prebalancing.csv.gz
Ptychodera,scaffold38562_cov122:-:141886:143137,13677,yes,train,scaffold38562_cov122,142939,-,232,0.2575757575757575,Ptychodera_prebalancing.csv.gz
Ptychodera,scaffold2991_cov164:-:247815:248280,11457,yes,train,scaffold2991_cov164,247838,-,284,0.2192513368983957,Ptychodera_prebalancing.csv.gz
Ptychodera,scaffold7266_cov140:+:132494:133145,17780,no,train,scaffold7266_cov140,132980,+,307,0,Ptychodera_prebalancing.csv.gz
Ptychodera,scaffold9645_cov134:-:516300:516668,19782,no,train,scaffold9645_cov134,516612,-,90,0,Ptychodera_prebalancing.csv.gz
Ptychodera,scaffold11559_cov105:+:53281:53740,918,no,train,scaffold11559_cov105,53590,+,248,0,Ptychodera_prebalancing.csv.gz
Ptychodera,scaffold17689_cov156:+:96322:96960,6927,yes,train,scaffold17689_cov156,96576,+,190,0.2840236686390532,Ptychodera_prebalancing.csv.gz
Ptychodera,scaffold348914_cov132:-:18141:18583,12902,yes,train,scaffold348914_cov132,18232,-,246,0.5660377358490566,Ptychodera_prebalancing.csv.gz
Ptychodera,scaffold2869_cov154:+:107409:107792,11046,no,train,scaffold2869_cov154,107525,+,144,0,Ptychodera_prebalancing.csv.gz
Ptychodera,scaffold10734_cov95:+:35769:36582,305,no,train,scaffold10734_cov95,36471,+,245,0,Ptychodera_prebalancing.csv.gz
Ptychodera,scaffold30030_cov79:+:14578:14882,11817,yes,train,scaffold30030_cov79,14843,+,273,0.2767857142857143,Ptychodera_prebalancing.csv.gz
Ptychodera,scaffold1846_cov106:+:136856:137077,7410,no,train,scaffold1846_cov106,137059,+,206,0,Ptychodera_prebalancing.csv.gz
Ptychodera,scaffold3444_cov144:-:214276:214631,12703,yes,train,scaffold3444_cov144,214411,-,232,0.8656716417910447,Ptychodera_prebalancing.csv.gz
Ptychodera,scaffold42799_cov92:-:31872:32078,14619,yes,train,scaffold42799_cov92,32010,-,83,0.5448717948717948,Ptychodera_prebalancing.csv.gz
Ptychodera,scaffold10983_cov102:-:132602:132940,500,yes,train,scaffold10983_cov102,132796,-,70,0.6122448979591837,Ptychodera_prebalancing.csv.gz
Ptychodera,scaffold1631_cov148:+:773586:775046,5440,no,train,scaffold1631_cov148,774855,+,78,0,Ptychodera_prebalancing.csv.gz
Ptychodera,scaffold26652_cov126:-:22721:23423,10408,yes,train,scaffold26652_cov126,23311,-,123,0.3258426966292135,Ptychodera_prebalancing.csv.gz
Ptychodera,scaffold50865_cov127:-:17389:18451,15741,yes,train,scaffold50865_cov127,18422,-,41,0.375,Ptychodera_prebalancing.csv.gz
Ptychodera,scaffold478_cov113:-:167312:167702,15348,yes,train,scaffold478_cov113,167660,-,42,0.982839313572543,Ptychodera_prebalancing.csv.gz
Ptychodera,scaffold32521_cov86:+:2399:2886,12353,yes,train,scaffold32521_cov86,2840,+,454,0.2473118279569892,Ptychodera_prebalancing.csv.gz
Ptychodera,scaffold15286_cov116:+:379161:379775,4468,no,train,scaffold15286_cov116,379150,+,110,0,Ptychodera_prebalancing.csv.gz
Ptychodera,scaffold22042_cov145:-:11224:12451,8697,yes,train,scaffold22042_cov145,12165,-,59,0.9606741573033708,Ptychodera_prebalancing.csv.gz
Ptychodera,scaffold39128_cov134:+:98912:99592,13980,yes,train,scaffold39128_cov134,99036,+,128,0.4244604316546763,Ptychodera_prebalancing.csv.gz
Ptychodera,scaffold114779_cov129:-:9728:10643,678,yes,train,scaffold114779_cov129,10527,-,54,0.6440677966101694,Ptychodera_prebalancing.csv.gz
Ptychodera,scaffold3563_cov125:-:35702:36535,13114,yes,train,scaffold3563_cov125,36086,-,59,0.4666666666666667,Ptychodera_prebalancing.csv.gz
Ptychodera,scaffold17689_cov156:+:96322:96960,6908,yes,train,scaffold17689_cov156,96513,+,127,0.4561403508771929,Ptychodera_prebalancing.csv.gz
Ptychodera,scaffold30030_cov79:+:14578:14882,11794,no,train,scaffold30030_cov79,14768,+,198,0,Ptychodera_prebalancing.csv.gz
Ptychodera,scaffold1171258_cov122:+:213330:213576,1445,no,train,scaffold1171258_cov122,213523,+,214,0,Ptychodera_prebalancing.csv.gz
Ptychodera,scaffold2326_cov84:-:195815:195896,9090,no,train,scaffold2326_cov84,196001,-,5,0,Ptychodera_prebalancing.csv.gz
Ptychodera,scaffold4043_cov170:-:308373:308638,14268,yes,train,scaffold4043_cov170,308440,-,226,0.8181818181818182,Ptychodera_prebalancing.csv.gz
Ptychodera,scaffold16732_cov160:+:289154:289485,5895,yes,train,scaffold16732_cov160,289407,+,223,0.3612903225806451,Ptychodera_prebalancing.csv.gz
Ptychodera,scaffold17107_cov97:-:167714:170261,6184,yes,train,scaffold17107_cov97,167920,-,307,0.5333333333333333,Ptychodera_prebalancing.csv.gz
Ptychodera,scaffold10983_cov102:-:132602:132940,508,yes,train,scaffold10983_cov102,132822,-,44,0.4151624548736462,Ptychodera_prebalancing.csv.gz
Ptychodera,scaffold1636_cov125:-:311909:312112,5536,no,train,scaffold1636_cov125,312009,-,120,0,Ptychodera_prebalancing.csv.gz
Ptychodera,scaffold485_cov122:-:34345:34618,15384,no,train,scaffold485_cov122,34313,-,331,0,Ptychodera_prebalancing.csv.gz
Ptychodera,scaffold11537_cov112:+:299365:299845,694,yes,train,scaffold11537_cov112,299464,+,10,0.8583333333333333,Ptychodera_prebalancing.csv.gz
Ptychodera,scaffold25866_cov149:-:341036:341425,10166,yes,train,scaffold25866_cov149,341377,-,8,0.975,Ptychodera_prebalancing.csv.gz
Ptychodera,scaffold22042_cov145:-:44137:44562,8724,yes,train,scaffold22042_cov145,44500,-,101,0.7288135593220338,Ptychodera_prebalancing.csv.gz
Ptychodera,scaffold39380_cov153:-:70839:70938,14146,no,train,scaffold39380_cov153,70852,-,144,0,Ptychodera_prebalancing.csv.gz
Ptychodera,scaffold2991_cov164:-:247815:248280,11491,no,train,scaffold2991_cov164,248128,-,159,0,Ptychodera_prebalancing.csv.gz
Ptychodera,scaffold4923_cov126:-:400667:401530,15598,no,train,scaffold4923_cov126,400833,-,590,0,Ptychodera_prebalancing.csv.gz
Ptychodera,scaffold8095_cov123:-:171963:172984,18488,yes,train,scaffold8095_cov123,172065,-,276,0.1595477386934673,Ptychodera_prebalancing.csv.gz
Ptychodera,scaffold9569_cov136:-:510672:510737,19614,no,train,scaffold9569_cov136,510697,-,111,0,Ptychodera_prebalancing.csv.gz
Ptychodera,scaffold30030_cov79:+:14578:14882,11822,yes,train,scaffold30030_cov79,14854,+,284,0.6576576576576577,Ptychodera_prebalancing.csv.gz
Ptychodera,scaffold1171266_cov138:-:157533:158115,1573,yes,train,scaffold1171266_cov138,157987,-,73,0.3322475570032573,Ptychodera_prebalancing.csv.gz
Ptychodera,scaffold4923_cov126:-:400667:401530,15594,no,train,scaffold4923_cov126,400809,-,614,0,Ptychodera_prebalancing.csv.gz
Ptychodera,scaffold1631_cov148:+:773586:775046,5472,no,train,scaffold1631_cov148,775049,+,200,0,Ptychodera_prebalancing.csv.gz
Ptychodera,scaffold10189_cov149:+:223808:225100,116,yes,train,scaffold10189_cov149,224830,+,140,1,Ptychodera_prebalancing.csv.gz
Ptychodera,scaffold16052_cov95:+:62339:62985,5149,yes,train,scaffold16052_cov95,62363,+,29,0.4852941176470588,Ptychodera_prebalancing.csv.gz
Ptychodera,scaffold21510_cov101:-:45556:46052,8517,yes,train,scaffold21510_cov101,45590,-,178,0.1518987341772152,Ptychodera_prebalancing.csv.gz
Ptychodera,scaffold9925_cov150:+:170081:170786,20084,yes,train,scaffold9925_cov150,170136,+,64,0.2253521126760563,Ptychodera_prebalancing.csv.gz
Ptychodera,scaffold1224_cov153:-:203704:204843,2287,no,train,scaffold1224_cov153,204858,-,10,0,Ptychodera_prebalancing.csv.gz
Ptychodera,scaffold23174_cov134:+:212578:215051,9027,yes,train,scaffold23174_cov134,213575,+,81,0.4158415841584158,Ptychodera_prebalancing.csv.gz
Ptychodera,scaffold2817_cov143:-:740422:741833,10937,no,train,scaffold2817_cov143,740632,-,58,0,Ptychodera_prebalancing.csv.gz
Ptychodera,scaffold2794_cov133:+:82026:82461,10844,no,train,scaffold2794_cov133,82175,+,166,0,Ptychodera_prebalancing.csv.gz
Ptychodera,scaffold1560_cov86:-:11001:11335,4894,no,train,scaffold1560_cov86,11250,-,88,0,Ptychodera_prebalancing.csv.gz
Ptychodera,scaffold26652_cov126:+:156424:156704,10467,yes,train,scaffold26652_cov126,156490,+,63,0.1838649155722326,Ptychodera_prebalancing.csv.gz
Ptychodera,scaffold1962_cov141:-:167038:167279,7548,no,train,scaffold1962_cov141,167185,-,166,0,Ptychodera_prebalancing.csv.gz
Ptychodera,scaffold1171763_cov97:-:24808:25449,1622,yes,train,scaffold1171763_cov97,24863,-,304,0.8421052631578947,Ptychodera_prebalancing.csv.gz
Ptychodera,scaffold7626_cov144:-:459173:459972,18051,no,train,scaffold7626_cov144,459908,-,86,0,Ptychodera_prebalancing.csv.gz
Ptychodera,scaffold968_cov135:+:323367:323828,19980,yes,train,scaffold968_cov135,323708,+,325,0.580952380952381,Ptychodera_prebalancing.csv.gz
Ptychodera,scaffold10981_cov157:-:320342:321622,456,yes,train,scaffold10981_cov157,320927,-,15,0.3168316831683168,Ptychodera_prebalancing.csv.gz
Ptychodera,scaffold208_cov126:+:146398:147328,8055,yes,train,scaffold208_cov126,147272,+,174,0.4054054054054054,Ptychodera_prebalancing.csv.gz
Ptychodera,scaffold16052_cov95:+:62339:62985,5194,no,train,scaffold16052_cov95,62634,+,300,0,Ptychodera_prebalancing.csv.gz
Ptychodera,scaffold56_cov136:+:584474:585605,16175,yes,train,scaffold56_cov136,585508,+,240,0.3933333333333333,Ptychodera_prebalancing.csv.gz
Ptychodera,scaffold26652_cov126:+:156424:156704,10502,no,train,scaffold26652_cov126,156636,+,177,0,Ptychodera_prebalancing.csv.gz
Ptychodera,scaffold17107_cov97:-:167714:170261,6226,no,train,scaffold17107_cov97,170197,-,173,0,Ptychodera_prebalancing.csv.gz
Ptychodera,scaffold1885_cov156:+:129197:130977,7450,yes,train,scaffold1885_cov156,129416,+,233,0.696078431372549,Ptychodera_prebalancing.csv.gz
Ptychodera,scaffold161704_cov130:+:35436:35670,5279,no,train,scaffold161704_cov130,35641,+,257,0,Ptychodera_prebalancing.csv.gz
Ptychodera,scaffold208_cov126:+:155246:156052,8124,yes,train,scaffold208_cov126,155931,+,157,0.6588447653429603,Ptychodera_prebalancing.csv.gz
Ptychodera,scaffold7266_cov140:+:132494:133145,17777,no,train,scaffold7266_cov140,132977,+,304,0,Ptychodera_prebalancing.csv.gz
Ptychodera,scaffold24895_cov120:-:137039:137692,9464,yes,train,scaffold24895_cov120,137229,-,362,0.7788461538461539,Ptychodera_prebalancing.csv.gz
Ptychodera,scaffold3861_cov165:-:35132:35576,13806,yes,train,scaffold3861_cov165,35382,-,317,0.1666666666666666,Ptychodera_prebalancing.csv.gz
Ptychodera,scaffold12565_cov89:-:352301:352848,2941,yes,train,scaffold12565_cov89,352815,-,95,0.1935483870967742,Ptychodera_prebalancing.csv.gz
Ptychodera,scaffold6649_cov117:-:267599:267994,16908,yes,train,scaffold6649_cov117,267899,-,108,0.4504504504504504,Ptychodera_prebalancing.csv.gz
Ptychodera,scaffold6901_cov141:-:794007:794312,17477,yes,train,scaffold6901_cov141,794050,-,270,0.5847953216374269,Ptychodera_prebalancing.csv.gz
Ptychodera,scaffold1173_cov143:+:408154:408573,1894,yes,train,scaffold1173_cov143,408519,+,318,0.2878787878787879,Ptychodera_prebalancing.csv.gz
Ptychodera,scaffold1171763_cov97:-:24808:25449,1651,yes,train,scaffold1171763_cov97,25298,-,159,0.7947019867549668,Ptychodera_prebalancing.csv.gz
Ptychodera,scaffold17107_cov97:-:167714:170261,6152,yes,train,scaffold17107_cov97,167801,-,426,1,Ptychodera_prebalancing.csv.gz
Ptychodera,scaffold15113_cov110:-:23645:25115,4409,no,train,scaffold15113_cov110,25042,-,84,0,Ptychodera_prebalancing.csv.gz
Ptychodera,scaffold485_cov122:-:34345:34618,15394,no,train,scaffold485_cov122,34330,-,314,0,Ptychodera_prebalancing.csv.gz
Ptychodera,scaffold2160_cov159:-:67362:67625,8562,yes,train,scaffold2160_cov159,67473,-,190,0.4368932038834951,Ptychodera_prebalancing.csv.gz
Ptychodera,scaffold1171787_cov158:+:720830:721101,1683,yes,train,scaffold1171787_cov158,721050,+,53,0.2796208530805687,Ptychodera_prebalancing.csv.gz
Ptychodera,scaffold478_cov113:-:167312:167702,15326,no,train,scaffold478_cov113,167581,-,121,0,Ptychodera_prebalancing.csv.gz
Ptychodera,scaffold1603_cov140:-:2704:3035,5070,no,train,scaffold1603_cov140,2796,-,257,0,Ptychodera_prebalancing.csv.gz
Ptychodera,scaffold462_cov140:+:786123:786403,15121,no,train,scaffold462_cov140,786040,+,8,0,Ptychodera_prebalancing.csv.gz
Ptychodera,scaffold1171266_cov138:+:73162:74049,1512,no,train,scaffold1171266_cov138,73924,+,358,0,Ptychodera_prebalancing.csv.gz
Ptychodera,scaffold39380_cov153:-:70839:70938,14135,no,train,scaffold39380_cov153,70824,-,172,0,Ptychodera_prebalancing.csv.gz
Ptychodera,scaffold1676_cov84:-:198331:198854,5976,no,train,scaffold1676_cov84,198729,-,174,0,Ptychodera_prebalancing.csv.gz
Ptychodera,scaffold11453_cov132:+:21302:21601,610,no,train,scaffold11453_cov132,21435,+,143,0,Ptychodera_prebalancing.csv.gz
Ptychodera,scaffold968_cov135:+:323367:323828,19938,no,train,scaffold968_cov135,323493,+,144,0,Ptychodera_prebalancing.csv.gz
Ptychodera,scaffold114779_cov129:-:9728:10643,629,yes,train,scaffold114779_cov129,9964,-,446,0.954954954954955,Ptychodera_prebalancing.csv.gz
Ptychodera,scaffold2140_cov133:-:174815:176568,8393,no,train,scaffold2140_cov133,174818,-,337,0,Ptychodera_prebalancing.csv.gz
Ptychodera,scaffold38562_cov122:-:141886:143137,13636,yes,train,scaffold38562_cov122,142040,-,369,0.8284313725490197,Ptychodera_prebalancing.csv.gz
Ptychodera,scaffold7613_cov119:+:136766:136903,17951,no,train,scaffold7613_cov119,136741,+,50,0,Ptychodera_prebalancing.csv.gz
Ptychodera,scaffold2313_cov111:-:91160:91479,8993,no,train,scaffold2313_cov111,91458,-,29,0,Ptychodera_prebalancing.csv.gz
Ptychodera,scaffold7266_cov140:+:132494:133145,17763,no,train,scaffold7266_cov140,132931,+,258,0,Ptychodera_prebalancing.csv.gz
Ptychodera,scaffold2520_cov137:-:716980:717272,9816,no,train,scaffold2520_cov137,717150,-,122,0,Ptychodera_prebalancing.csv.gz
Ptychodera,scaffold208_cov126:+:146398:147328,8063,no,train,scaffold208_cov126,147294,+,196,0,Ptychodera_prebalancing.csv.gz
Ptychodera,scaffold6755_cov113:-:31779:31986,17177,yes,train,scaffold6755_cov113,31821,-,172,0.6473029045643154,Ptychodera_prebalancing.csv.gz
Ptychodera,scaffold3861_cov165:-:35132:35576,13812,no,train,scaffold3861_cov165,35518,-,286,0,Ptychodera_prebalancing.csv.gz
Ptychodera,scaffold208_cov126:+:155246:156052,8081,yes,train,scaffold208_cov126,155639,+,31,1,Ptychodera_prebalancing.csv.gz
Ptychodera,scaffold10119_cov162:+:267012:267948,13,yes,train,scaffold10119_cov162,267035,+,25,0.5546218487394958,Ptychodera_prebalancing.csv.gz
Ptychodera,scaffold1603_cov140:-:2704:3035,5041,no,train,scaffold1603_cov140,2723,-,330,0,Ptychodera_prebalancing.csv.gz
Ptychodera,scaffold17326_cov146:-:125600:125798,6821,no,train,scaffold17326_cov146,125655,-,140,0,Ptychodera_prebalancing.csv.gz
Ptychodera,scaffold1171266_cov138:+:73162:74049,1501,no,train,scaffold1171266_cov138,73880,+,314,0,Ptychodera_prebalancing.csv.gz
Ptychodera,scaffold31965_cov155:-:252190:253635,12104,no,train,scaffold31965_cov155,253638,-,26,0,Ptychodera_prebalancing.csv.gz
Ptychodera,scaffold23899_cov112:+:9403:9576,9161,yes,train,scaffold23899_cov112,9509,+,128,0.7552447552447552,Ptychodera_prebalancing.csv.gz
Ptychodera,scaffold38562_cov122:-:141886:143137,13612,yes,train,scaffold38562_cov122,141973,-,436,0.9022988505747126,Ptychodera_prebalancing.csv.gz
Ptychodera,scaffold8095_cov123:-:171963:172984,18553,no,train,scaffold8095_cov123,172940,-,29,0,Ptychodera_prebalancing.csv.gz
Ptychodera,scaffold21173_cov137:-:525055:525229,8272,yes,train,scaffold21173_cov137,525085,-,174,0.7166276346604216,Ptychodera_prebalancing.csv.gz
Ptychodera,scaffold8095_cov123:-:171963:172984,18504,yes,train,scaffold8095_cov123,172776,-,193,0.4554140127388535,Ptychodera_prebalancing.csv.gz
Ptychodera,scaffold2869_cov154:+:107409:107792,11035,yes,train,scaffold2869_cov154,107490,+,109,0.2248376623376623,Ptychodera_prebalancing.csv.gz
Ptychodera,scaffold20770_cov135:+:33735:33914,7935,no,train,scaffold20770_cov135,33933,+,213,0,Ptychodera_prebalancing.csv.gz
Ptychodera,scaffold21173_cov137:-:525055:525229,8291,yes,train,scaffold21173_cov137,525144,-,115,0.3428571428571428,Ptychodera_prebalancing.csv.gz
Ptychodera,scaffold17107_cov97:-:167714:170261,6177,yes,train,scaffold17107_cov97,167892,-,335,0.9166666666666666,Ptychodera_prebalancing.csv.gz
Ptychodera,scaffold2991_cov164:-:858007:858838,11604,no,train,scaffold2991_cov164,858225,-,510,0,Ptychodera_prebalancing.csv.gz
Ptychodera,scaffold2991_cov164:-:858007:858838,11584,no,train,scaffold2991_cov164,858150,-,585,0,Ptychodera_prebalancing.csv.gz
Ptychodera,scaffold22042_cov145:-:44137:44562,8733,yes,train,scaffold22042_cov145,44515,-,86,0.7698412698412699,Ptychodera_prebalancing.csv.gz
Ptychodera,scaffold26652_cov126:-:22721:23423,10381,yes,train,scaffold26652_cov126,23241,-,193,0.9782608695652174,Ptychodera_prebalancing.csv.gz
Ptychodera,scaffold2991_cov164:-:858007:858838,11735,no,train,scaffold2991_cov164,858715,-,126,0,Ptychodera_prebalancing.csv.gz
Ptychodera,scaffold16732_cov160:+:289154:289485,5911,yes,train,scaffold16732_cov160,289442,+,258,0.2765957446808511,Ptychodera_prebalancing.csv.gz
Ptychodera,scaffold17615_cov82:-:24529:25802,6878,yes,train,scaffold17615_cov82,25316,-,98,0.184,Ptychodera_prebalancing.csv.gz
Ptychodera,scaffold12335_cov130:+:147263:147554,2370,no,train,scaffold12335_cov130,147549,+,254,0,Ptychodera_prebalancing.csv.gz
Ptychodera,scaffold6901_cov141:-:794007:794312,17492,yes,train,scaffold6901_cov141,794097,-,223,0.8947368421052632,Ptychodera_prebalancing.csv.gz
Ptychodera,scaffold17107_cov97:-:167714:170261,6244,no,train,scaffold17107_cov97,170275,-,95,0,Ptychodera_prebalancing.csv.gz
Ptychodera,scaffold8095_cov123:-:171963:172984,18508,no,train,scaffold8095_cov123,172794,-,175,0,Ptychodera_prebalancing.csv.gz
Ptychodera,scaffold12565_cov89:-:352301:352848,2864,yes,train,scaffold12565_cov89,352377,-,532,0.8461538461538461,Ptychodera_prebalancing.csv.gz
Ptychodera,scaffold851_cov164:+:208862:209420,18892,yes,train,scaffold851_cov164,208929,+,76,0.3072463768115942,Ptychodera_prebalancing.csv.gz
Ptychodera,scaffold2991_cov164:-:858007:858838,11675,yes,train,scaffold2991_cov164,858577,-,264,0.2484076433121019,Ptychodera_prebalancing.csv.gz
Ptychodera,scaffold9555_cov137:-:57548:57703,19584,no,train,scaffold9555_cov137,57811,-,18,0,Ptychodera_prebalancing.csv.gz
Ptychodera,scaffold2794_cov133:+:82026:82461,10818,yes,train,scaffold2794_cov133,82051,+,42,0.264,Ptychodera_prebalancing.csv.gz
Ptychodera,scaffold2991_cov164:-:858007:858838,11619,yes,train,scaffold2991_cov164,858274,-,461,0.1964912280701754,Ptychodera_prebalancing.csv.gz
Ptychodera,scaffold15286_cov116:+:379161:379775,4494,no,train,scaffold15286_cov116,379219,+,179,0,Ptychodera_prebalancing.csv.gz
Ptychodera,scaffold1603_cov140:-:2704:3035,5046,yes,train,scaffold1603_cov140,2731,-,322,0.1954022988505747,Ptychodera_prebalancing.csv.gz
Ptychodera,scaffold124823_cov151:-:162483:162816,2776,no,train,scaffold124823_cov151,162547,-,290,0,Ptychodera_prebalancing.csv.gz
Ptychodera,scaffold1323_cov134:+:427103:427584,3199,yes,train,scaffold1323_cov134,427537,+,409,0.7043795620437956,Ptychodera_prebalancing.csv.gz
Ptychodera,scaffold910_cov130:+:473330:473536,19194,no,train,scaffold910_cov130,473495,+,225,0,Ptychodera_prebalancing.csv.gz
Ptychodera,scaffold2326_cov84:-:195815:195896,9069,no,train,scaffold2326_cov84,195945,-,61,0,Ptychodera_prebalancing.csv.gz
Ptychodera,scaffold1676_cov84:-:198331:198854,6024,no,train,scaffold1676_cov84,198892,-,11,0,Ptychodera_prebalancing.csv.gz
Ptychodera,scaffold1171789_cov119:-:19586:20038,1712,no,train,scaffold1171789_cov119,19990,-,78,0,Ptychodera_prebalancing.csv.gz
Ptychodera,scaffold2530_cov139:+:315112:315261,9931,yes,train,scaffold2530_cov139,315216,+,145,0.596045197740113,Ptychodera_prebalancing.csv.gz
Ptychodera,scaffold1156276_cov87:-:99184:100330,1034,no,train,scaffold1156276_cov87,99464,-,107,0,Ptychodera_prebalancing.csv.gz
Ptychodera,scaffold6901_cov141:-:794007:794312,17491,yes,train,scaffold6901_cov141,794096,-,224,0.1592920353982301,Ptychodera_prebalancing.csv.gz
Ptychodera,scaffold209507_cov154:-:41337:41458,8210,no,train,scaffold209507_cov154,41494,-,4,0,Ptychodera_prebalancing.csv.gz
Ptychodera,scaffold2991_cov164:-:858007:858838,11680,yes,train,scaffold2991_cov164,858584,-,257,0.487012987012987,Ptychodera_prebalancing.csv.gz
Ptychodera,scaffold17326_cov146:-:125600:125798,6815,yes,train,scaffold17326_cov146,125638,-,157,0.18,Ptychodera_prebalancing.csv.gz
Ptychodera,scaffold3861_cov165:-:35132:35576,13802,yes,train,scaffold3861_cov165,35371,-,328,0.2166666666666666,Ptychodera_prebalancing.csv.gz
Ptychodera,scaffold3698_cov112:+:68018:68572,13323,yes,train,scaffold3698_cov112,68524,+,522,0.3595890410958904,Ptychodera_prebalancing.csv.gz
Ptychodera,scaffold10734_cov95:+:35769:36582,332,yes,train,scaffold10734_cov95,36543,+,317,0.359375,Ptychodera_prebalancing.csv.gz
Ptychodera,scaffold21173_cov137:-:525055:525229,8301,yes,train,scaffold21173_cov137,525191,-,61,0.3968253968253968,Ptychodera_prebalancing.csv.gz
Ptychodera,scaffold60041_cov77:+:9334:9531,16343,no,train,scaffold60041_cov77,9529,+,213,0,Ptychodera_prebalancing.csv.gz
Ptychodera,scaffold15884_cov164:+:702959:703070,5015,yes,train,scaffold15884_cov164,703067,+,188,0.1958762886597938,Ptychodera_prebalancing.csv.gz
Ptychodera,scaffold161704_cov130:+:35436:35670,5260,no,train,scaffold161704_cov130,35584,+,200,0,Ptychodera_prebalancing.csv.gz
Ptychodera,scaffold1603_cov140:-:2704:3035,5105,no,train,scaffold1603_cov140,2903,-,146,0,Ptychodera_prebalancing.csv.gz
Ptychodera,scaffold1801_cov157:+:172979:173254,7071,no,train,scaffold1801_cov157,173110,+,198,0,Ptychodera_prebalancing.csv.gz
Ptychodera,scaffold12081_cov153:+:159539:159742,2091,no,train,scaffold12081_cov153,159669,+,166,0,Ptychodera_prebalancing.csv.gz
Ptychodera,scaffold9555_cov137:-:57548:57703,19497,no,train,scaffold9555_cov137,57509,-,326,0,Ptychodera_prebalancing.csv.gz
Ptychodera,scaffold96526_cov86:+:25896:26454,19833,no,train,scaffold96526_cov86,26452,+,362,0,Ptychodera_prebalancing.csv.gz
Ptychodera,scaffold13801_cov94:-:33000:33728,3606,no,train,scaffold13801_cov94,33742,-,48,0,Ptychodera_prebalancing.csv.gz
Ptychodera,scaffold940946_cov135:-:59871:60197,19380,no,train,scaffold940946_cov135,59994,-,217,0,Ptychodera_prebalancing.csv.gz
Ptychodera,scaffold10981_cov157:-:320342:321622,450,yes,train,scaffold10981_cov157,320909,-,33,0.3106796116504854,Ptychodera_prebalancing.csv.gz
Ptychodera,scaffold79475_cov142:-:27270:27396,18321,yes,train,scaffold79475_cov142,27289,-,67,0.2333333333333333,Ptychodera_prebalancing.csv.gz
Ptychodera,scaffold20770_cov135:+:33735:33914,7923,no,train,scaffold20770_cov135,33883,+,163,0,Ptychodera_prebalancing.csv.gz
Ptychodera,scaffold28848_cov151:-:119895:120090,11095,no,train,scaffold28848_cov151,119893,-,217,0,Ptychodera_prebalancing.csv.gz
Ptychodera,scaffold25866_cov149:-:341036:341425,10160,yes,train,scaffold25866_cov149,341355,-,30,0.8,Ptychodera_prebalancing.csv.gz
Ptychodera,scaffold1631_cov148:+:773586:775046,5431,no,train,scaffold1631_cov148,774812,+,35,0,Ptychodera_prebalancing.csv.gz
Ptychodera,scaffold22042_cov145:-:44137:44562,8746,yes,train,scaffold22042_cov145,44562,-,39,0.3873239436619718,Ptychodera_prebalancing.csv.gz
Ptychodera,scaffold947_cov114:-:3216:3537,19436,yes,train,scaffold947_cov114,3252,-,212,0.9702970297029704,Ptychodera_prebalancing.csv.gz
Ptychodera,scaffold39380_cov153:-:70839:70938,14141,no,train,scaffold39380_cov153,70837,-,159,0,Ptychodera_prebalancing.csv.gz
Ptychodera,scaffold1603_cov140:-:2704:3035,5061,yes,train,scaffold1603_cov140,2763,-,290,0.2073170731707317,Ptychodera_prebalancing.csv.gz
Ptychodera,scaffold7266_cov140:-:69908:72011,17654,no,train,scaffold7266_cov140,70942,-,76,0,Ptychodera_prebalancing.csv.gz
Ptychodera,scaffold30073_cov84:-:109071:109513,11842,yes,train,scaffold30073_cov84,109464,-,56,0.7941176470588235,Ptychodera_prebalancing.csv.gz
Ptychodera,scaffold17689_cov156:+:96322:96960,6964,yes,train,scaffold17689_cov156,96793,+,402,0.3363636363636363,Ptychodera_prebalancing.csv.gz
Ptychodera,scaffold1676_cov84:-:198331:198854,5952,yes,train,scaffold1676_cov84,198444,-,310,0.8803827751196173,Ptychodera_prebalancing.csv.gz
Ptychodera,scaffold2869_cov154:+:107409:107792,11045,no,train,scaffold2869_cov154,107524,+,143,0,Ptychodera_prebalancing.csv.gz
Ptychodera,scaffold28848_cov151:-:119895:120090,11098,no,train,scaffold28848_cov151,119899,-,211,0,Ptychodera_prebalancing.csv.gz
Ptychodera,scaffold67423_cov132:-:90821:91300,17102,no,train,scaffold67423_cov132,90996,-,267,0,Ptychodera_prebalancing.csv.gz
Ptychodera,scaffold1631_cov148:+:705302:705603,5381,yes,train,scaffold1631_cov148,705529,+,236,0.5158730158730159,Ptychodera_prebalancing.csv.gz
Ptychodera,scaffold44597_cov125:-:60049:60643,14927,yes,train,scaffold44597_cov125,60133,-,217,0.9503105590062112,Ptychodera_prebalancing.csv.gz
Ptychodera,scaffold10983_cov102:-:132602:132940,511,yes,train,scaffold10983_cov102,132829,-,37,0.8713235294117647,Ptychodera_prebalancing.csv.gz
Ptychodera,scaffold26652_cov126:-:22721:23423,10342,no,train,scaffold26652_cov126,23122,-,312,0,Ptychodera_prebalancing.csv.gz
Ptychodera,scaffold12565_cov89:-:352301:352848,2872,yes,train,scaffold12565_cov89,352395,-,514,0.24336283185840701,Ptychodera_prebalancing.csv.gz
Ptychodera,scaffold1156276_cov87:-:99184:100330,1061,no,train,scaffold1156276_cov87,99569,-,2,0,Ptychodera_prebalancing.csv.gz
Ptychodera,scaffold8026_cov121:-:76174:76416,18404,yes,train,scaffold8026_cov121,76342,-,74,0.5850340136054422,Ptychodera_prebalancing.csv.gz
Ptychodera,scaffold9925_cov150:+:170081:170786,20113,no,train,scaffold9925_cov150,170215,+,143,0,Ptychodera_prebalancing.csv.gz
Ptychodera,scaffold21173_cov137:-:525055:525229,8279,yes,train,scaffold21173_cov137,525101,-,158,0.8048128342245989,Ptychodera_prebalancing.csv.gz
Ptychodera,scaffold6644_cov166:+:24349:25176,16881,yes,train,scaffold6644_cov166,24743,+,182,0.4705882352941176,Ptychodera_prebalancing.csv.gz
Ptychodera,scaffold9925_cov150:+:170081:170786,20098,yes,train,scaffold9925_cov150,170181,+,109,0.8250825082508251,Ptychodera_prebalancing.csv.gz
Ptychodera,scaffold10165_cov134:-:283423:285289,77,yes,train,scaffold10165_cov134,285225,-,84,0.1923076923076923,Ptychodera_prebalancing.csv.gz
Ptychodera,scaffold96526_cov86:+:25896:26454,19819,yes,train,scaffold96526_cov86,26309,+,219,0.3369565217391304,Ptychodera_prebalancing.csv.gz
Ptychodera,scaffold15286_cov116:+:379161:379775,4455,no,train,scaffold15286_cov116,379129,+,89,0,Ptychodera_prebalancing.csv.gz
Ptychodera,scaffold3081_cov168:-:128788:128942,11903,yes,train,scaffold3081_cov168,128815,-,210,0.4504504504504504,Ptychodera_prebalancing.csv.gz
Ptychodera,scaffold1171763_cov97:-:24808:25449,1613,yes,train,scaffold1171763_cov97,24825,-,342,0.5142857142857142,Ptychodera_prebalancing.csv.gz
Ptychodera,scaffold114779_cov129:-:9728:10643,633,yes,train,scaffold114779_cov129,9997,-,413,0.8118811881188119,Ptychodera_prebalancing.csv.gz
Ptychodera,scaffold67423_cov132:-:90821:91300,17110,no,train,scaffold67423_cov132,91018,-,245,0,Ptychodera_prebalancing.csv.gz
Ptychodera,scaffold6901_cov141:-:794007:794312,17465,yes,train,scaffold6901_cov141,794022,-,298,0.574468085106383,Ptychodera_prebalancing.csv.gz
Ptychodera,scaffold2530_cov139:+:315112:315261,9926,no,train,scaffold2530_cov139,315195,+,124,0,Ptychodera_prebalancing.csv.gz
Ptychodera,scaffold39380_cov153:-:70839:70938,14136,no,train,scaffold39380_cov153,70826,-,170,0,Ptychodera_prebalancing.csv.gz
Ptychodera,scaffold1173_cov143:+:408154:408573,1843,yes,train,scaffold1173_cov143,408277,+,122,0.8523489932885906,Ptychodera_prebalancing.csv.gz
Ptychodera,scaffold45193_cov139:+:238005:238224,15053,no,train,scaffold45193_cov139,238260,+,325,0,Ptychodera_prebalancing.csv.gz
Ptychodera,scaffold38562_cov122:-:141886:143137,13654,yes,train,scaffold38562_cov122,142087,-,322,0.3225806451612903,Ptychodera_prebalancing.csv.gz
Ptychodera,scaffold7626_cov144:-:459173:459972,18054,no,train,scaffold7626_cov144,459917,-,77,0,Ptychodera_prebalancing.csv.gz
Ptychodera,scaffold9555_cov137:-:57548:57703,19542,no,train,scaffold9555_cov137,57640,-,189,0,Ptychodera_prebalancing.csv.gz
Ptychodera,scaffold3861_cov165:-:35132:35576,13736,yes,train,scaffold3861_cov165,35146,-,553,0.1619047619047619,Ptychodera_prebalancing.csv.gz
Ptychodera,scaffold38562_cov122:-:141886:143137,13566,no,train,scaffold38562_cov122,141839,-,570,0,Ptychodera_prebalancing.csv.gz
Ptychodera,scaffold19378_cov94:-:42006:43904,7528,yes,train,scaffold19378_cov94,43171,-,701,0.4433962264150943,Ptychodera_prebalancing.csv.gz
Ptychodera,scaffold9925_cov150:+:170081:170786,20198,yes,train,scaffold9925_cov150,170543,+,478,0.4892703862660944,Ptychodera_prebalancing.csv.gz
Ptychodera,scaffold1323_cov134:+:427103:427584,3200,yes,train,scaffold1323_cov134,427541,+,413,0.4690265486725664,Ptychodera_prebalancing.csv.gz
Ptychodera,scaffold3081_cov168:-:128788:128942,11896,no,train,scaffold3081_cov168,128783,-,242,0,Ptychodera_prebalancing.csv.gz
Ptychodera,scaffold20096_cov109:+:121341:121634,7851,no,train,scaffold20096_cov109,121593,+,150,0,Ptychodera_prebalancing.csv.gz
Ptychodera,scaffold6649_cov117:-:267599:267994,16920,yes,train,scaffold6649_cov117,267934,-,73,0.4961240310077519,Ptychodera_prebalancing.csv.gz
Ptychodera,scaffold2394_cov127:-:198968:199469,9225,no,train,scaffold2394_cov127,199499,-,8,0,Ptychodera_prebalancing.csv.gz
Ptychodera,scaffold6755_cov113:-:31779:31986,17178,yes,train,scaffold6755_cov113,31827,-,166,1,Ptychodera_prebalancing.csv.gz
Ptychodera,scaffold13151_cov141:-:223221:223604,3146,no,train,scaffold13151_cov141,223554,-,70,0,Ptychodera_prebalancing.csv.gz
Ptychodera,scaffold153100_cov97:+:57733:57923,4559,yes,train,scaffold153100_cov97,57892,+,167,0.8113207547169812,Ptychodera_prebalancing.csv.gz
Ptychodera,scaffold1962_cov141:-:167038:167279,7561,no,train,scaffold1962_cov141,167228,-,123,0,Ptychodera_prebalancing.csv.gz
Ptychodera,scaffold10165_cov134:-:283423:285289,69,no,train,scaffold10165_cov134,283949,-,123,0,Ptychodera_prebalancing.csv.gz
Ptychodera,scaffold11453_cov132:+:21302:21601,596,no,train,scaffold11453_cov132,21367,+,75,0,Ptychodera_prebalancing.csv.gz
Ptychodera,scaffold3081_cov168:-:128788:128942,11883,no,train,scaffold3081_cov168,128739,-,286,0,Ptychodera_prebalancing.csv.gz
Ptychodera,scaffold10189_cov149:+:223808:225100,122,yes,train,scaffold10189_cov149,224859,+,169,0.2896551724137931,Ptychodera_prebalancing.csv.gz
Ptychodera,scaffold9555_cov137:-:57548:57703,19465,no,train,scaffold9555_cov137,57440,-,395,0,Ptychodera_prebalancing.csv.gz
Ptychodera,scaffold17107_cov97:-:167714:170261,6164,yes,train,scaffold17107_cov97,167846,-,381,0.1533742331288343,Ptychodera_prebalancing.csv.gz
Ptychodera,scaffold22210_cov134:-:250558:251371,8821,no,train,scaffold22210_cov134,251056,-,218,0,Ptychodera_prebalancing.csv.gz
Ptychodera,scaffold10189_cov149:+:223808:225100,108,yes,train,scaffold10189_cov149,224811,+,121,0.5350877192982456,Ptychodera_prebalancing.csv.gz
Ptychodera,scaffold2991_cov164:-:858007:858838,11635,yes,train,scaffold2991_cov164,858339,-,396,0.3520710059171598,Ptychodera_prebalancing.csv.gz
Ptychodera,scaffold3782_cov139:+:169976:170896,13445,no,train,scaffold3782_cov139,170909,+,219,0,Ptychodera_prebalancing.csv.gz
Ptychodera,scaffold2499_cov133:+:24665:25063,9704,yes,train,scaffold2499_cov133,24707,+,57,0.9444444444444444,Ptychodera_prebalancing.csv.gz
Ptychodera,scaffold698_cov122:-:207303:208348,17603,no,train,scaffold698_cov122,207361,-,140,0,Ptychodera_prebalancing.csv.gz
Ptychodera,scaffold2140_cov133:-:174815:176568,8491,yes,train,scaffold2140_cov133,175118,-,31,0.2229729729729729,Ptychodera_prebalancing.csv.gz
Ptychodera,scaffold3563_cov125:-:35702:36535,13081,yes,train,scaffold3563_cov125,35703,-,336,0.3602484472049689,Ptychodera_prebalancing.csv.gz
Ptychodera,scaffold2991_cov164:-:858007:858838,11720,yes,train,scaffold2991_cov164,858687,-,154,0.2026143790849673,Ptychodera_prebalancing.csv.gz
Ptychodera,scaffold2313_cov111:-:91160:91479,8991,no,train,scaffold2313_cov111,91453,-,34,0,Ptychodera_prebalancing.csv.gz
Ptychodera,scaffold44597_cov125:-:60049:60643,14923,yes,train,scaffold44597_cov125,60124,-,226,0.9065420560747663,Ptychodera_prebalancing.csv.gz
Ptychodera,scaffold23174_cov134:+:212578:215051,9007,yes,train,scaffold23174_cov134,213507,+,13,0.5054945054945055,Ptychodera_prebalancing.csv.gz
Ptychodera,scaffold9555_cov137:-:57548:57703,19546,no,train,scaffold9555_cov137,57650,-,179,0,Ptychodera_prebalancing.csv.gz
Ptychodera,scaffold22042_cov145:-:11224:12451,8682,no,train,scaffold22042_cov145,12101,-,123,0,Ptychodera_prebalancing.csv.gz
Ptychodera,scaffold910_cov130:+:473330:473536,19200,no,train,scaffold910_cov130,473515,+,245,0,Ptychodera_prebalancing.csv.gz
Ptychodera,scaffold940946_cov135:-:59871:60197,19345,yes,train,scaffold940946_cov135,59872,-,339,0.3425925925925926,Ptychodera_prebalancing.csv.gz
Ptychodera,scaffold6445_cov98:+:453373:453685,16633,no,train,scaffold6445_cov98,453706,+,192,0,Ptychodera_prebalancing.csv.gz
Ptychodera,scaffold45193_cov139:+:238005:238224,15062,no,train,scaffold45193_cov139,238282,+,347,0,Ptychodera_prebalancing.csv.gz
Ptychodera,scaffold6644_cov166:+:24349:25176,16899,yes,train,scaffold6644_cov166,24857,+,296,0.3669724770642202,Ptychodera_prebalancing.csv.gz
Ptychodera,scaffold6811_cov133:-:238109:238607,17293,yes,train,scaffold6811_cov133,238193,-,374,0.8709677419354839,Ptychodera_prebalancing.csv.gz
Ptychodera,scaffold2869_cov154:+:107409:107792,11021,yes,train,scaffold2869_cov154,107413,+,32,0.6107954545454546,Ptychodera_prebalancing.csv.gz
Ptychodera,scaffold1171763_cov97:-:24808:25449,1605,yes,train,scaffold1171763_cov97,24816,-,351,0.4148148148148148,Ptychodera_prebalancing.csv.gz
Ptychodera,scaffold14530_cov114:-:72579:72958,4049,yes,train,scaffold14530_cov114,72634,-,213,0.2912621359223301,Ptychodera_prebalancing.csv.gz
Ptychodera,scaffold13151_cov141:-:223221:223604,3115,no,train,scaffold13151_cov141,223189,-,210,0,Ptychodera_prebalancing.csv.gz
Ptychodera,scaffold3698_cov112:+:68018:68572,13300,yes,train,scaffold3698_cov112,68406,+,404,0.3202247191011236,Ptychodera_prebalancing.csv.gz
Ptychodera,scaffold18025_cov163:+:6470:7342,7156,yes,train,scaffold18025_cov163,6486,+,43,0.6956521739130435,Ptychodera_prebalancing.csv.gz
Ptychodera,scaffold24497_cov89:-:27735:28057,9451,yes,train,scaffold24497_cov89,27841,-,228,1,Ptychodera_prebalancing.csv.gz
Ptychodera,scaffold39128_cov134:+:98912:99592,14117,no,train,scaffold39128_cov134,99527,+,624,0,Ptychodera_prebalancing.csv.gz
Ptychodera,scaffold8026_cov121:-:76174:76416,18403,yes,train,scaffold8026_cov121,76341,-,75,0.4375,Ptychodera_prebalancing.csv.gz
Ptychodera,scaffold114779_cov129:-:9728:10643,638,yes,train,scaffold114779_cov129,10019,-,391,0.6237623762376238,Ptychodera_prebalancing.csv.gz
Ptychodera,scaffold2991_cov164:-:247815:248280,11453,yes,train,scaffold2991_cov164,247827,-,295,0.8132530120481928,Ptychodera_prebalancing.csv.gz
Ptychodera,scaffold485_cov122:-:34345:34618,15426,no,train,scaffold485_cov122,34421,-,223,0,Ptychodera_prebalancing.csv.gz
Ptychodera,scaffold3081_cov168:-:128788:128942,11881,no,train,scaffold3081_cov168,128737,-,288,0,Ptychodera_prebalancing.csv.gz
Ptychodera,scaffold7613_cov119:+:136766:136903,17994,no,train,scaffold7613_cov119,136883,+,198,0,Ptychodera_prebalancing.csv.gz
Ptychodera,scaffold14503_cov110:+:699477:699642,4025,no,train,scaffold14503_cov110,699622,+,175,0,Ptychodera_prebalancing.csv.gz
Ptychodera,scaffold14354_cov137:-:94703:95626,3775,no,train,scaffold14354_cov137,94745,-,353,0,Ptychodera_prebalancing.csv.gz
Ptychodera,scaffold940946_cov135:-:59871:60197,19413,no,train,scaffold940946_cov135,60101,-,104,0,Ptychodera_prebalancing.csv.gz
Ptychodera,scaffold50865_cov127:-:17389:18451,15721,yes,train,scaffold50865_cov127,18289,-,174,0.1875,Ptychodera_prebalancing.csv.gz
Ptychodera,scaffold2817_cov143:-:740422:741833,10914,yes,train,scaffold2817_cov143,740460,-,148,0.5875370919881305,Ptychodera_prebalancing.csv.gz
Ptychodera,scaffold1171258_cov122:+:213330:213576,1397,yes,train,scaffold1171258_cov122,213343,+,30,0.2622950819672131,Ptychodera_prebalancing.csv.gz
Ptychodera,scaffold23899_cov112:+:9403:9576,9168,yes,train,scaffold23899_cov112,9523,+,142,0.7207792207792207,Ptychodera_prebalancing.csv.gz
Ptychodera,scaffold44597_cov125:-:60049:60643,14935,yes,train,scaffold44597_cov125,60149,-,201,0.299492385786802,Ptychodera_prebalancing.csv.gz
Ptychodera,scaffold910_cov130:+:473330:473536,19202,no,train,scaffold910_cov130,473517,+,247,0,Ptychodera_prebalancing.csv.gz
Ptychodera,scaffold32521_cov86:+:2399:2886,12260,yes,train,scaffold32521_cov86,2563,+,170,0.9234449760765552,Ptychodera_prebalancing.csv.gz
Ptychodera,scaffold2991_cov164:-:858007:858838,11751,no,train,scaffold2991_cov164,858784,-,57,0,Ptychodera_prebalancing.csv.gz
Ptychodera,scaffold9555_cov137:-:57548:57703,19558,no,train,scaffold9555_cov137,57708,-,121,0,Ptychodera_prebalancing.csv.gz
Ptychodera,scaffold26652_cov126:+:156424:156704,10474,yes,train,scaffold26652_cov126,156522,+,95,0.2407407407407407,Ptychodera_prebalancing.csv.gz
Ptychodera,scaffold38562_cov122:-:141886:143137,13650,yes,train,scaffold38562_cov122,142076,-,333,0.8102564102564103,Ptychodera_prebalancing.csv.gz
Ptychodera,scaffold1631_cov148:+:773586:775046,5449,no,train,scaffold1631_cov148,774881,+,104,0,Ptychodera_prebalancing.csv.gz
Ptychodera,scaffold1171266_cov138:+:73162:74049,1479,no,train,scaffold1171266_cov138,73833,+,267,0,Ptychodera_prebalancing.csv.gz
Ptychodera,scaffold3081_cov168:-:128788:128942,11876,no,train,scaffold3081_cov168,128725,-,300,0,Ptychodera_prebalancing.csv.gz
Ptychodera,scaffold1631_cov148:+:705302:705603,5349,no,train,scaffold1631_cov148,705424,+,141,0,Ptychodera_prebalancing.csv.gz
Ptychodera,scaffold67423_cov132:-:90821:91300,17075,yes,train,scaffold67423_cov132,90912,-,351,0.4274193548387097,Ptychodera_prebalancing.csv.gz
Ptychodera,scaffold1236_cov83:-:159619:159706,2444,yes,train,scaffold1236_cov83,159646,-,328,0.8769230769230769,Ptychodera_prebalancing.csv.gz
Ptychodera,scaffold17689_cov156:+:96322:96960,6940,yes,train,scaffold17689_cov156,96695,+,304,0.1830985915492957,Ptychodera_prebalancing.csv.gz
Ptychodera,scaffold19378_cov94:-:42006:43904,7524,yes,train,scaffold19378_cov94,43162,-,710,0.5420560747663551,Ptychodera_prebalancing.csv.gz
Ptychodera,scaffold114779_cov129:-:9728:10643,655,yes,train,scaffold114779_cov129,10332,-,249,0.8230088495575221,Ptychodera_prebalancing.csv.gz
Ptychodera,scaffold485_cov122:-:34345:34618,15372,no,train,scaffold485_cov122,34300,-,344,0,Ptychodera_prebalancing.csv.gz
Ptychodera,scaffold7723_cov121:+:445396:445849,18227,no,train,scaffold7723_cov121,445800,+,293,0,Ptychodera_prebalancing.csv.gz
Ptychodera,scaffold12565_cov89:-:352301:352848,2929,yes,train,scaffold12565_cov89,352778,-,132,0.4371859296482412,Ptychodera_prebalancing.csv.gz
Ptychodera,scaffold39128_cov134:+:93643:94114,13935,yes,train,scaffold39128_cov134,93998,+,266,0.6862745098039216,Ptychodera_prebalancing.csv.gz
Ptychodera,scaffold1636_cov125:-:375792:376043,5590,no,train,scaffold1636_cov125,375847,-,268,0,Ptychodera_prebalancing.csv.gz
Ptychodera,scaffold8953_cov140:+:56023:56332,19121,yes,train,scaffold8953_cov140,56331,+,315,0.3952095808383233,Ptychodera_prebalancing.csv.gz
Ptychodera,scaffold2869_cov154:+:107409:107792,11027,yes,train,scaffold2869_cov154,107441,+,60,0.9848101265822784,Ptychodera_prebalancing.csv.gz
Ptychodera,scaffold6811_cov133:-:238109:238607,17271,no,train,scaffold6811_cov133,238112,-,455,0,Ptychodera_prebalancing.csv.gz
Ptychodera,scaffold1241_cov154:-:109445:109789,2641,no,train,scaffold1241_cov154,109769,-,27,0,Ptychodera_prebalancing.csv.gz
Ptychodera,scaffold6644_cov166:+:24349:25176,16890,yes,train,scaffold6644_cov166,24786,+,225,1,Ptychodera_prebalancing.csv.gz
Ptychodera,scaffold3782_cov139:+:169976:170896,13434,no,train,scaffold3782_cov139,170849,+,159,0,Ptychodera_prebalancing.csv.gz
Ptychodera,scaffold6649_cov117:-:267599:267994,16929,yes,train,scaffold6649_cov117,267959,-,48,0.4661654135338345,Ptychodera_prebalancing.csv.gz
Ptychodera,scaffold3142_cov95:-:74094:75309,11973,yes,train,scaffold3142_cov95,74110,-,257,0.9603960396039604,Ptychodera_prebalancing.csv.gz
Ptychodera,scaffold8636_cov148:-:61168:61687,18959,no,train,scaffold8636_cov148,61378,-,247,0,Ptychodera_prebalancing.csv.gz
Ptychodera,scaffold1636_cov125:-:311909:312112,5546,no,train,scaffold1636_cov125,312056,-,67,0,Ptychodera_prebalancing.csv.gz
Ptychodera,scaffold44597_cov125:-:60049:60643,14943,yes,train,scaffold44597_cov125,60171,-,179,0.5424354243542435,Ptychodera_prebalancing.csv.gz
Ptychodera,scaffold1171763_cov97:-:24808:25449,1650,yes,train,scaffold1171763_cov97,25297,-,160,0.9333333333333332,Ptychodera_prebalancing.csv.gz
Ptychodera,scaffold1962_cov141:-:168291:168515,7642,no,train,scaffold1962_cov141,168528,-,64,0,Ptychodera_prebalancing.csv.gz
Ptychodera,scaffold38562_cov122:-:141886:143137,13663,no,train,scaffold38562_cov122,142114,-,295,0,Ptychodera_prebalancing.csv.gz
Ptychodera,scaffold13328_cov168:+:112359:112609,3419,no,train,scaffold13328_cov168,112451,+,151,0,Ptychodera_prebalancing.csv.gz
Ptychodera,scaffold3635_cov139:-:67923:68627,13134,no,train,scaffold3635_cov139,68409,-,325,0,Ptychodera_prebalancing.csv.gz
Ptychodera,scaffold556_cov97:+:144855:145103,15977,no,train,scaffold556_cov97,145044,+,205,0,Ptychodera_prebalancing.csv.gz
Ptychodera,scaffold38562_cov122:-:141886:143137,13593,yes,train,scaffold38562_cov122,141918,-,491,0.6309523809523809,Ptychodera_prebalancing.csv.gz
Ptychodera,scaffold2991_cov164:-:858007:858838,11597,yes,train,scaffold2991_cov164,858199,-,536,0.1890243902439024,Ptychodera_prebalancing.csv.gz
Ptychodera,scaffold21173_cov137:-:525055:525229,8287,yes,train,scaffold21173_cov137,525122,-,137,0.5182481751824818,Ptychodera_prebalancing.csv.gz
Ptychodera,scaffold114779_cov129:-:9728:10643,654,yes,train,scaffold114779_cov129,10330,-,251,0.4601769911504424,Ptychodera_prebalancing.csv.gz
Ptychodera,scaffold947_cov114:-:3216:3537,19441,yes,train,scaffold947_cov114,3269,-,195,0.664804469273743,Ptychodera_prebalancing.csv.gz
Ptychodera,scaffold765_cov148:+:233581:233840,18124,no,train,scaffold765_cov148,233801,+,147,0,Ptychodera_prebalancing.csv.gz
Ptychodera,scaffold161431_cov89:-:17574:18493,5216,yes,train,scaffold161431_cov89,17681,-,177,0.7421875,Ptychodera_prebalancing.csv.gz
Ptychodera,scaffold968_cov135:+:323367:323828,19956,no,train,scaffold968_cov135,323545,+,196,0,Ptychodera_prebalancing.csv.gz
Ptychodera,scaffold9555_cov137:-:57548:57703,19516,yes,train,scaffold9555_cov137,57573,-,262,0.1865671641791045,Ptychodera_prebalancing.csv.gz
Ptychodera,scaffold14503_cov110:+:699477:699642,3993,yes,train,scaffold14503_cov110,699478,+,26,0.8550185873605948,Ptychodera_prebalancing.csv.gz
Ptychodera,scaffold22042_cov145:-:11224:12451,8716,no,train,scaffold22042_cov145,12219,-,5,0,Ptychodera_prebalancing.csv.gz
Ptychodera,scaffold4043_cov170:-:308373:308638,14285,yes,train,scaffold4043_cov170,308570,-,89,0.5819672131147541,Ptychodera_prebalancing.csv.gz
Ptychodera,scaffold1631_cov148:+:705302:705603,5375,yes,train,scaffold1631_cov148,705515,+,222,0.7647058823529411,Ptychodera_prebalancing.csv.gz
Ptychodera,scaffold12565_cov89:-:352301:352848,2889,yes,train,scaffold12565_cov89,352448,-,461,0.7087378640776699,Ptychodera_prebalancing.csv.gz
Ptychodera,scaffold39128_cov134:+:98912:99592,14115,no,train,scaffold39128_cov134,99523,+,620,0,Ptychodera_prebalancing.csv.gz
Ptychodera,scaffold12565_cov89:-:352301:352848,2922,yes,train,scaffold12565_cov89,352743,-,167,0.8281938325991189,Ptychodera_prebalancing.csv.gz
Ptychodera,scaffold6811_cov133:-:238109:238607,17312,no,train,scaffold6811_cov133,238266,-,301,0,Ptychodera_prebalancing.csv.gz
Ptychodera,scaffold1241_cov154:-:109445:109789,2647,no,train,scaffold1241_cov154,109781,-,15,0,Ptychodera_prebalancing.csv.gz
Ptychodera,scaffold2991_cov164:-:247815:248280,11471,no,train,scaffold2991_cov164,247885,-,237,0,Ptychodera_prebalancing.csv.gz
Ptychodera,scaffold2140_cov133:-:174815:176568,8439,yes,train,scaffold2140_cov133,174927,-,228,0.5587044534412956,Ptychodera_prebalancing.csv.gz
Ptychodera,scaffold208_cov126:+:155246:156052,8109,yes,train,scaffold208_cov126,155716,+,108,0.2356495468277945,Ptychodera_prebalancing.csv.gz
Ptychodera,scaffold18025_cov163:+:6470:7342,7202,no,train,scaffold18025_cov163,6962,+,297,0,Ptychodera_prebalancing.csv.gz
Ptychodera,scaffold178834_cov87:+:2261:3116,7013,yes,train,scaffold178834_cov87,3097,+,200,0.9101123595505618,Ptychodera_prebalancing.csv.gz
Ptychodera,scaffold25869_cov120:+:161390:162036,10168,yes,train,scaffold25869_cov120,161526,+,3,0.2882882882882883,Ptychodera_prebalancing.csv.gz
Ptychodera,scaffold9555_cov137:-:57548:57703,19513,yes,train,scaffold9555_cov137,57564,-,271,0.3975903614457831,Ptychodera_prebalancing.csv.gz
Ptychodera,scaffold4043_cov170:-:308373:308638,14287,yes,train,scaffold4043_cov170,308577,-,82,0.9389312977099236,Ptychodera_prebalancing.csv.gz
Ptychodera,scaffold6811_cov133:-:238109:238607,17370,yes,train,scaffold6811_cov133,238554,-,77,0.6906077348066298,Ptychodera_prebalancing.csv.gz
Ptychodera,scaffold2817_cov143:-:740422:741833,10884,no,train,scaffold2817_cov143,740357,-,251,0,Ptychodera_prebalancing.csv.gz
Ptychodera,scaffold1676_cov84:-:198331:198854,5953,yes,train,scaffold1676_cov84,198447,-,307,0.2295918367346938,Ptychodera_prebalancing.csv.gz
Ptychodera,scaffold1171258_cov122:+:213330:213576,1462,no,train,scaffold1171258_cov122,213578,+,269,0,Ptychodera_prebalancing.csv.gz
Ptychodera,scaffold2140_cov133:-:174815:176568,8463,no,train,scaffold2140_cov133,174994,-,155,0,Ptychodera_prebalancing.csv.gz
Ptychodera,scaffold14354_cov137:-:94703:95626,3800,yes,train,scaffold14354_cov137,94828,-,270,0.9016393442622952,Ptychodera_prebalancing.csv.gz
Ptychodera,scaffold15286_cov116:+:379161:379775,4511,no,train,scaffold15286_cov116,379597,+,266,0,Ptychodera_prebalancing.csv.gz
Ptychodera,scaffold11736_cov113:+:27376:27674,1781,no,train,scaffold11736_cov113,27630,+,275,0,Ptychodera_prebalancing.csv.gz
Ptychodera,scaffold67423_cov132:-:90821:91300,17111,no,train,scaffold67423_cov132,91019,-,244,0,Ptychodera_prebalancing.csv.gz
Ptychodera,scaffold1323_cov134:+:427103:427584,3206,yes,train,scaffold1323_cov134,427558,+,430,0.3109243697478991,Ptychodera_prebalancing.csv.gz
Ptychodera,scaffold12381_cov139:+:19073:19682,2470,no,train,scaffold12381_cov139,19111,+,46,0,Ptychodera_prebalancing.csv.gz
Ptychodera,scaffold13328_cov168:+:112359:112609,3401,no,train,scaffold13328_cov168,112385,+,81,0,Ptychodera_prebalancing.csv.gz
Ptychodera,scaffold15286_cov116:+:379161:379775,4516,no,train,scaffold15286_cov116,379615,+,284,0,Ptychodera_prebalancing.csv.gz
Ptychodera,scaffold10189_cov149:+:223808:225100,132,yes,train,scaffold10189_cov149,224937,+,248,0.33125,Ptychodera_prebalancing.csv.gz
Ptychodera,scaffold7415_cov134:-:16418:17031,17836,yes,train,scaffold7415_cov134,16867,-,113,0.5,Ptychodera_prebalancing.csv.gz
Ptychodera,scaffold6755_cov113:-:31779:31986,17173,yes,train,scaffold6755_cov113,31812,-,181,0.6284584980237155,Ptychodera_prebalancing.csv.gz
Ptychodera,scaffold79475_cov142:-:27270:27396,18329,yes,train,scaffold79475_cov142,27335,-,21,0.5933333333333334,Ptychodera_prebalancing.csv.gz
Ptychodera,scaffold3422_cov129:-:385086:386396,12681,yes,train,scaffold3422_cov129,385506,-,53,0.8857142857142857,Ptychodera_prebalancing.csv.gz
Ptychodera,scaffold478_cov113:-:167312:167702,15328,yes,train,scaffold478_cov113,167585,-,117,0.4789473684210526,Ptychodera_prebalancing.csv.gz
Ptychodera,scaffold16631_cov137:+:14242:14561,5796,yes,train,scaffold16631_cov137,14430,+,152,0.2011173184357542,Ptychodera_prebalancing.csv.gz
Ptychodera,scaffold385573_cov79:+:6977:7422,13556,yes,train,scaffold385573_cov79,7049,+,121,0.1619718309859155,Ptychodera_prebalancing.csv.gz
Ptychodera,scaffold910_cov130:+:473330:473536,19229,no,train,scaffold910_cov130,473585,+,315,0,Ptychodera_prebalancing.csv.gz
Ptychodera,scaffold16052_cov95:+:62339:62985,5155,no,train,scaffold16052_cov95,62396,+,62,0,Ptychodera_prebalancing.csv.gz
Ptychodera,scaffold6811_cov133:-:238109:238607,17373,yes,train,scaffold6811_cov133,238557,-,74,0.7472527472527473,Ptychodera_prebalancing.csv.gz
Ptychodera,scaffold1156_cov135:+:159292:159369,1139,no,train,scaffold1156_cov135,159278,+,128,0,Ptychodera_prebalancing.csv.gz
Ptychodera,scaffold17107_cov97:-:167714:170261,6172,yes,train,scaffold17107_cov97,167874,-,353,0.6271186440677966,Ptychodera_prebalancing.csv.gz
Ptychodera,scaffold10165_cov134:-:283423:285289,85,yes,train,scaffold10165_cov134,285235,-,74,0.1805555555555555,Ptychodera_prebalancing.csv.gz
Ptychodera,scaffold27652_cov140:+:374592:375191,10792,no,train,scaffold27652_cov140,374723,+,77,0,Ptychodera_prebalancing.csv.gz
Ptychodera,scaffold14530_cov114:-:72579:72958,4048,yes,train,scaffold14530_cov114,72633,-,214,0.3431372549019608,Ptychodera_prebalancing.csv.gz
Ptychodera,scaffold44597_cov125:-:60049:60643,14962,yes,train,scaffold44597_cov125,60505,-,90,0.680327868852459,Ptychodera_prebalancing.csv.gz
Ptychodera,scaffold6440_cov168:+:352921:355362,16585,no,train,scaffold6440_cov168,354165,+,124,0,Ptychodera_prebalancing.csv.gz
Ptychodera,scaffold5178_cov121:-:386626:386801,15759,no,train,scaffold5178_cov121,386614,-,208,0,Ptychodera_prebalancing.csv.gz
Ptychodera,scaffold27652_cov140:+:374592:375191,10780,yes,train,scaffold27652_cov140,374671,+,25,1,Ptychodera_prebalancing.csv.gz
Ptychodera,scaffold1171763_cov97:-:24808:25449,1647,no,train,scaffold1171763_cov97,25277,-,180,0,Ptychodera_prebalancing.csv.gz
Ptychodera,scaffold12141_cov164:-:9717:10517,2127,no,train,scaffold12141_cov164,9767,-,224,0,Ptychodera_prebalancing.csv.gz
Ptychodera,scaffold9555_cov137:-:57548:57703,19586,no,train,scaffold9555_cov137,57815,-,14,0,Ptychodera_prebalancing.csv.gz
Ptychodera,scaffold1171266_cov138:+:73162:74049,1492,yes,train,scaffold1171266_cov138,73860,+,294,0.3333333333333333,Ptychodera_prebalancing.csv.gz
Ptychodera,scaffold25417_cov168:-:385301:385984,9951,no,train,scaffold25417_cov168,385270,-,224,0,Ptychodera_prebalancing.csv.gz
Ptychodera,scaffold10165_cov134:-:283423:285289,95,yes,train,scaffold10165_cov134,285277,-,32,0.2893258426966292,Ptychodera_prebalancing.csv.gz
Ptychodera,scaffold28443_cov126:-:292364:292550,10990,no,train,scaffold28443_cov126,292377,-,192,0,Ptychodera_prebalancing.csv.gz
Ptychodera,scaffold1539_cov135:-:495376:495773,4667,no,train,scaffold1539_cov135,495372,-,200,0,Ptychodera_prebalancing.csv.gz
Ptychodera,scaffold851_cov164:+:208862:209420,18872,yes,train,scaffold851_cov164,208867,+,14,0.3503184713375796,Ptychodera_prebalancing.csv.gz
Ptychodera,scaffold27652_cov140:+:374592:375191,10788,no,train,scaffold27652_cov140,374714,+,68,0,Ptychodera_prebalancing.csv.gz
Ptychodera,scaffold39128_cov134:+:98912:99592,14122,no,train,scaffold39128_cov134,99589,+,686,0,Ptychodera_prebalancing.csv.gz
Ptychodera,scaffold10734_cov95:+:35769:36582,315,no,train,scaffold10734_cov95,36500,+,274,0,Ptychodera_prebalancing.csv.gz
Ptychodera,scaffold3309_cov156:-:206495:208167,12409,no,train,scaffold3309_cov156,206622,-,246,0,Ptychodera_prebalancing.csv.gz
Ptychodera,scaffold2499_cov133:+:24665:25063,9699,yes,train,scaffold2499_cov133,24692,+,42,0.9902912621359224,Ptychodera_prebalancing.csv.gz
Ptychodera,scaffold14530_cov114:-:72579:72958,4056,yes,train,scaffold14530_cov114,72666,-,181,0.1714285714285714,Ptychodera_prebalancing.csv.gz
Ptychodera,scaffold16631_cov137:+:14242:14561,5782,yes,train,scaffold16631_cov137,14377,+,93,0.9701492537313432,Ptychodera_prebalancing.csv.gz
Ptychodera,scaffold2817_cov143:-:740422:741833,10915,no,train,scaffold2817_cov143,740463,-,145,0,Ptychodera_prebalancing.csv.gz
Ptychodera,scaffold124823_cov151:-:162483:162816,2813,no,train,scaffold124823_cov151,162643,-,194,0,Ptychodera_prebalancing.csv.gz
Ptychodera,scaffold31965_cov155:-:252190:253635,12103,no,train,scaffold31965_cov155,253636,-,28,0,Ptychodera_prebalancing.csv.gz
Ptychodera,scaffold1631_cov148:+:705302:705603,5339,no,train,scaffold1631_cov148,705389,+,106,0,Ptychodera_prebalancing.csv.gz
Ptychodera,scaffold178834_cov87:+:2261:3116,6984,yes,train,scaffold178834_cov87,2306,+,55,0.6233183856502242,Ptychodera_prebalancing.csv.gz
Ptychodera,scaffold39128_cov134:+:98912:99592,13945,yes,train,scaffold39128_cov134,98931,+,23,0.15625,Ptychodera_prebalancing.csv.gz
Ptychodera,scaffold161704_cov130:+:35436:35670,5295,no,train,scaffold161704_cov130,35687,+,303,0,Ptychodera_prebalancing.csv.gz
Ptychodera,scaffold17689_cov156:+:96322:96960,6962,yes,train,scaffold17689_cov156,96790,+,399,0.4396551724137931,Ptychodera_prebalancing.csv.gz
Ptychodera,scaffold10734_cov95:+:35769:36582,349,no,train,scaffold10734_cov95,36599,+,373,0,Ptychodera_prebalancing.csv.gz
Ptychodera,scaffold23174_cov134:+:212578:215051,9008,yes,train,scaffold23174_cov134,213510,+,16,0.7175141242937854,Ptychodera_prebalancing.csv.gz
Ptychodera,scaffold106908_cov93:+:3541:3901,270,yes,train,scaffold106908_cov93,3762,+,232,0.4690265486725664,Ptychodera_prebalancing.csv.gz
Ptychodera,scaffold20096_cov109:+:121341:121634,7827,no,train,scaffold20096_cov109,121388,+,62,0,Ptychodera_prebalancing.csv.gz
Ptychodera,scaffold12381_cov139:+:19073:19682,2506,no,train,scaffold12381_cov139,19221,+,156,0,Ptychodera_prebalancing.csv.gz
Ptychodera,scaffold8095_cov123:-:171963:172984,18529,no,train,scaffold8095_cov123,172840,-,129,0,Ptychodera_prebalancing.csv.gz
Ptychodera,scaffold1173_cov143:+:408154:408573,1828,yes,train,scaffold1173_cov143,408242,+,87,0.84,Ptychodera_prebalancing.csv.gz
Ptychodera,scaffold67423_cov132:-:90821:91300,17077,yes,train,scaffold67423_cov132,90914,-,349,0.8099173553719008,Ptychodera_prebalancing.csv.gz
Ptychodera,scaffold8095_cov123:-:171963:172984,18523,no,train,scaffold8095_cov123,172833,-,136,0,Ptychodera_prebalancing.csv.gz
Ptychodera,scaffold42799_cov92:-:31872:32078,14581,no,train,scaffold42799_cov92,31884,-,215,0,Ptychodera_prebalancing.csv.gz
Ptychodera,scaffold32521_cov86:+:2399:2886,12237,yes,train,scaffold32521_cov86,2452,+,59,0.937219730941704,Ptychodera_prebalancing.csv.gz
Ptychodera,scaffold300_cov133:+:193732:194072,11852,yes,train,scaffold300_cov133,193807,+,92,0.8837209302325582,Ptychodera_prebalancing.csv.gz
Ptychodera,scaffold940946_cov135:-:59871:60197,19369,no,train,scaffold940946_cov135,59964,-,247,0,Ptychodera_prebalancing.csv.gz
Ptychodera,scaffold9555_cov137:-:57548:57703,19462,no,train,scaffold9555_cov137,57426,-,409,0,Ptychodera_prebalancing.csv.gz
Ptychodera,scaffold45193_cov139:+:238005:238224,15037,no,train,scaffold45193_cov139,238226,+,291,0,Ptychodera_prebalancing.csv.gz
Ptychodera,scaffold2103_cov101:+:254725:255017,8233,no,train,scaffold2103_cov101,255016,+,211,0,Ptychodera_prebalancing.csv.gz
Ptychodera,scaffold1171258_cov122:+:213330:213576,1387,no,train,scaffold1171258_cov122,213319,+,6,0,Ptychodera_prebalancing.csv.gz
Ptychodera,scaffold2817_cov143:-:740422:741833,10908,no,train,scaffold2817_cov143,740438,-,170,0,Ptychodera_prebalancing.csv.gz
Ptychodera,scaffold3698_cov112:+:68018:68572,13258,yes,train,scaffold3698_cov112,68121,+,117,0.9632352941176472,Ptychodera_prebalancing.csv.gz
Ptychodera,scaffold10983_cov102:-:132602:132940,495,yes,train,scaffold10983_cov102,132786,-,80,0.6379310344827587,Ptychodera_prebalancing.csv.gz
Ptychodera,scaffold81961_cov101:+:2614:2737,18763,no,train,scaffold81961_cov101,2753,+,201,0,Ptychodera_prebalancing.csv.gz
Ptychodera,scaffold208_cov126:+:155246:156052,8151,yes,train,scaffold208_cov126,156027,+,253,0.9782608695652174,Ptychodera_prebalancing.csv.gz
Ptychodera,scaffold4923_cov126:-:400667:401530,15606,no,train,scaffold4923_cov126,400856,-,567,0,Ptychodera_prebalancing.csv.gz
Ptychodera,scaffold56_cov136:+:584474:585605,16078,yes,train,scaffold56_cov136,584500,+,12,0.1952054794520548,Ptychodera_prebalancing.csv.gz
Ptychodera,scaffold8320_cov145:-:201769:202952,18771,yes,train,scaffold8320_cov145,202816,-,144,0.7368421052631579,Ptychodera_prebalancing.csv.gz
Ptychodera,scaffold1636_cov125:-:375792:376043,5573,no,train,scaffold1636_cov125,375816,-,299,0,Ptychodera_prebalancing.csv.gz
Ptychodera,scaffold1636_cov125:-:311909:312112,5512,no,train,scaffold1636_cov125,311946,-,183,0,Ptychodera_prebalancing.csv.gz
Ptychodera,scaffold1801_cov157:+:172979:173254,7069,no,train,scaffold1801_cov157,173108,+,196,0,Ptychodera_prebalancing.csv.gz
Ptychodera,scaffold26652_cov126:-:22721:23423,10404,yes,train,scaffold26652_cov126,23298,-,136,0.7285067873303167,Ptychodera_prebalancing.csv.gz
Ptychodera,scaffold10983_cov102:-:132602:132940,518,yes,train,scaffold10983_cov102,132844,-,22,0.4669811320754717,Ptychodera_prebalancing.csv.gz
Ptychodera,scaffold2530_cov139:+:315112:315261,9937,no,train,scaffold2530_cov139,315237,+,166,0,Ptychodera_prebalancing.csv.gz
Ptychodera,scaffold39380_cov153:-:70839:70938,14182,no,train,scaffold39380_cov153,70949,-,41,0,Ptychodera_prebalancing.csv.gz
Ptychodera,scaffold6440_cov168:+:352921:355362,16580,no,train,scaffold6440_cov168,354147,+,106,0,Ptychodera_prebalancing.csv.gz
Ptychodera,scaffold13801_cov94:-:33000:33728,3622,no,train,scaffold13801_cov94,33788,-,2,0,Ptychodera_prebalancing.csv.gz
Ptychodera,scaffold7613_cov119:+:136766:136903,17992,no,train,scaffold7613_cov119,136880,+,195,0,Ptychodera_prebalancing.csv.gz
Ptychodera,scaffold3989_cov117:-:30157:30265,14216,no,train,scaffold3989_cov117,30156,-,164,0,Ptychodera_prebalancing.csv.gz
Ptychodera,scaffold7415_cov134:-:16418:17031,17839,yes,train,scaffold7415_cov134,16878,-,102,0.6470588235294118,Ptychodera_prebalancing.csv.gz
Ptychodera,scaffold14354_cov137:-:94703:95626,3789,no,train,scaffold14354_cov137,94799,-,299,0,Ptychodera_prebalancing.csv.gz
Ptychodera,scaffold385573_cov79:+:6977:7422,13555,yes,train,scaffold385573_cov79,7047,+,119,0.8920863309352518,Ptychodera_prebalancing.csv.gz
Ptychodera,scaffold6649_cov117:-:267599:267994,16939,no,train,scaffold6649_cov117,267999,-,8,0,Ptychodera_prebalancing.csv.gz
Ptychodera,scaffold1236_cov83:-:159619:159706,2452,yes,train,scaffold1236_cov83,159668,-,306,0.9722222222222222,Ptychodera_prebalancing.csv.gz
Ptychodera,scaffold39380_cov153:-:70839:70938,14189,no,train,scaffold39380_cov153,70973,-,17,0,Ptychodera_prebalancing.csv.gz
Ptychodera,scaffold8095_cov123:-:171963:172984,18534,yes,train,scaffold8095_cov123,172869,-,100,0.7557603686635944,Ptychodera_prebalancing.csv.gz
Ptychodera,scaffold1171763_cov97:-:24808:25449,1604,no,train,scaffold1171763_cov97,24811,-,356,0,Ptychodera_prebalancing.csv.gz
Ptychodera,scaffold556_cov97:+:144855:145103,15939,no,train,scaffold556_cov97,144915,+,74,0,Ptychodera_prebalancing.csv.gz
Ptychodera,scaffold25120_cov124:-:105463:105780,9723,no,train,scaffold25120_cov124,105676,-,120,0,Ptychodera_prebalancing.csv.gz
Ptychodera,scaffold14530_cov114:-:72579:72958,4054,yes,train,scaffold14530_cov114,72655,-,192,0.3189655172413793,Ptychodera_prebalancing.csv.gz
Ptychodera,scaffold462_cov140:+:786123:786403,15184,no,train,scaffold462_cov140,786452,+,192,0,Ptychodera_prebalancing.csv.gz
Ptychodera,scaffold30030_cov79:+:14578:14882,11825,yes,train,scaffold30030_cov79,14865,+,295,0.2711864406779661,Ptychodera_prebalancing.csv.gz
Ptychodera,scaffold2140_cov133:-:174815:176568,8493,no,train,scaffold2140_cov133,175127,-,22,0,Ptychodera_prebalancing.csv.gz
Ptychodera,scaffold1636_cov125:-:311909:312112,5538,no,train,scaffold1636_cov125,312022,-,101,0,Ptychodera_prebalancing.csv.gz
Ptychodera,scaffold24895_cov120:-:137039:137692,9462,yes,train,scaffold24895_cov120,137227,-,364,0.8095238095238095,Ptychodera_prebalancing.csv.gz
Ptychodera,scaffold1173_cov143:+:408154:408573,1856,yes,train,scaffold1173_cov143,408304,+,149,0.7989690721649485,Ptychodera_prebalancing.csv.gz
Ptychodera,scaffold25869_cov120:+:161390:162036,10180,yes,train,scaffold25869_cov120,161562,+,39,0.3039215686274509,Ptychodera_prebalancing.csv.gz
Ptychodera,scaffold485_cov122:-:34345:34618,15432,no,train,scaffold485_cov122,34432,-,212,0,Ptychodera_prebalancing.csv.gz
Ptychodera,scaffold21297_cov142:-:138460:138685,8314,no,train,scaffold21297_cov142,138436,-,210,0,Ptychodera_prebalancing.csv.gz
Ptychodera,scaffold1603_cov140:-:2704:3035,5133,no,train,scaffold1603_cov140,3025,-,24,0,Ptychodera_prebalancing.csv.gz
Ptychodera,scaffold208_cov126:+:155246:156052,8144,yes,train,scaffold208_cov126,155988,+,214,0.4360655737704918,Ptychodera_prebalancing.csv.gz
Ptychodera,scaffold2530_cov139:-:69656:69969,9852,no,train,scaffold2530_cov139,69637,-,352,0,Ptychodera_prebalancing.csv.gz
Ptychodera,scaffold6811_cov133:-:238109:238607,17372,yes,train,scaffold6811_cov133,238556,-,75,0.8435754189944135,Ptychodera_prebalancing.csv.gz
Ptychodera,scaffold1631_cov148:+:705302:705603,5403,no,train,scaffold1631_cov148,705598,+,305,0,Ptychodera_prebalancing.csv.gz
Ptychodera,scaffold16631_cov137:+:14242:14561,5815,yes,train,scaffold16631_cov137,14503,+,225,0.5721649484536082,Ptychodera_prebalancing.csv.gz
Ptychodera,scaffold1560_cov86:-:11001:11335,4898,no,train,scaffold1560_cov86,11256,-,82,0,Ptychodera_prebalancing.csv.gz
Ptychodera,scaffold2991_cov164:-:247815:248280,11459,yes,train,scaffold2991_cov164,247845,-,277,0.1810344827586207,Ptychodera_prebalancing.csv.gz
Ptychodera,scaffold16052_cov95:+:62339:62985,5151,yes,train,scaffold16052_cov95,62368,+,34,0.9767441860465116,Ptychodera_prebalancing.csv.gz
Ptychodera,scaffold1676_cov84:-:198331:198854,5980,yes,train,scaffold1676_cov84,198741,-,162,0.248730964467005,Ptychodera_prebalancing.csv.gz
Ptychodera,scaffold38562_cov122:-:141886:143137,13622,yes,train,scaffold38562_cov122,142004,-,405,0.1604938271604938,Ptychodera_prebalancing.csv.gz
Ptychodera,scaffold208_cov126:+:155246:156052,8080,yes,train,scaffold208_cov126,155638,+,30,0.987012987012987,Ptychodera_prebalancing.csv.gz
Ptychodera,scaffold485_cov122:-:34345:34618,15419,no,train,scaffold485_cov122,34403,-,241,0,Ptychodera_prebalancing.csv.gz
Ptychodera,scaffold6968_cov114:+:418242:418583,17572,no,train,scaffold6968_cov114,418499,+,198,0,Ptychodera_prebalancing.csv.gz
Ptychodera,scaffold1835_cov136:+:565102:566520,7379,yes,train,scaffold1835_cov136,565869,+,9,0.3421052631578947,Ptychodera_prebalancing.csv.gz
Ptychodera,scaffold1603_cov140:-:2704:3035,5117,yes,train,scaffold1603_cov140,2947,-,102,0.158273381294964,Ptychodera_prebalancing.csv.gz
Ptychodera,scaffold3698_cov112:+:68018:68572,13304,yes,train,scaffold3698_cov112,68435,+,433,0.4745098039215686,Ptychodera_prebalancing.csv.gz
Ptychodera,scaffold385573_cov79:+:6977:7422,13548,yes,train,scaffold385573_cov79,7016,+,88,0.5714285714285714,Ptychodera_prebalancing.csv.gz
Ptychodera,scaffold14354_cov137:-:94703:95626,3837,yes,train,scaffold14354_cov137,95586,-,163,0.7674418604651163,Ptychodera_prebalancing.csv.gz
Ptychodera,scaffold39128_cov134:+:93643:94114,13934,yes,train,scaffold39128_cov134,93994,+,262,0.7821782178217822,Ptychodera_prebalancing.csv.gz
Ptychodera,scaffold8953_cov140:+:56023:56332,19097,yes,train,scaffold8953_cov140,56282,+,266,0.6408450704225352,Ptychodera_prebalancing.csv.gz
Ptychodera,scaffold15286_cov116:+:379161:379775,4464,no,train,scaffold15286_cov116,379143,+,103,0,Ptychodera_prebalancing.csv.gz
Ptychodera,scaffold26652_cov126:-:22721:23423,10399,yes,train,scaffold26652_cov126,23286,-,148,0.6772727272727272,Ptychodera_prebalancing.csv.gz
Ptychodera,scaffold947_cov114:-:3216:3537,19451,yes,train,scaffold947_cov114,3307,-,157,0.9779411764705882,Ptychodera_prebalancing.csv.gz
Ptychodera,scaffold6811_cov133:-:238109:238607,17327,no,train,scaffold6811_cov133,238409,-,222,0,Ptychodera_prebalancing.csv.gz
Ptychodera,scaffold21173_cov137:-:525055:525229,8300,yes,train,scaffold21173_cov137,525184,-,68,0.3289036544850498,Ptychodera_prebalancing.csv.gz
Ptychodera,scaffold11559_cov105:+:53281:53740,928,no,train,scaffold11559_cov105,53623,+,281,0,Ptychodera_prebalancing.csv.gz
Ptychodera,scaffold2794_cov133:+:82026:82461,10827,yes,train,scaffold2794_cov133,82072,+,63,0.1732283464566929,Ptychodera_prebalancing.csv.gz
Ptychodera,scaffold485_cov122:-:34345:34618,15412,yes,train,scaffold485_cov122,34381,-,263,1,Ptychodera_prebalancing.csv.gz
Ptychodera,scaffold13801_cov94:-:33000:33728,3612,no,train,scaffold13801_cov94,33752,-,38,0,Ptychodera_prebalancing.csv.gz
Ptychodera,scaffold3635_cov139:-:67923:68627,13144,no,train,scaffold3635_cov139,68426,-,308,0,Ptychodera_prebalancing.csv.gz
Ptychodera,scaffold30030_cov79:+:14578:14882,11775,no,train,scaffold30030_cov79,14702,+,126,0,Ptychodera_prebalancing.csv.gz
Ptychodera,scaffold45193_cov139:+:238005:238224,15045,no,train,scaffold45193_cov139,238248,+,313,0,Ptychodera_prebalancing.csv.gz
Ptychodera,scaffold114779_cov129:-:9728:10643,676,yes,train,scaffold114779_cov129,10524,-,57,0.6974789915966386,Ptychodera_prebalancing.csv.gz
Ptychodera,scaffold1560_cov86:-:11001:11335,4886,no,train,scaffold1560_cov86,11222,-,116,0,Ptychodera_prebalancing.csv.gz
Ptychodera,scaffold6649_cov117:-:267599:267994,16932,yes,train,scaffold6649_cov117,267968,-,39,0.4090909090909091,Ptychodera_prebalancing.csv.gz
Ptychodera,scaffold45193_cov139:+:238005:238224,15050,no,train,scaffold45193_cov139,238257,+,322,0,Ptychodera_prebalancing.csv.gz
Ptychodera,scaffold6811_cov133:-:238109:238607,17281,yes,train,scaffold6811_cov133,238147,-,420,0.8779342723004695,Ptychodera_prebalancing.csv.gz
Ptychodera,scaffold25866_cov149:-:341036:341425,10140,no,train,scaffold25866_cov149,341112,-,146,0,Ptychodera_prebalancing.csv.gz
Ptychodera,scaffold17326_cov146:-:125600:125798,6814,yes,train,scaffold17326_cov146,125636,-,159,0.4356435643564356,Ptychodera_prebalancing.csv.gz
Ptychodera,scaffold50865_cov127:-:17389:18451,15734,yes,train,scaffold50865_cov127,18412,-,51,0.1626016260162601,Ptychodera_prebalancing.csv.gz
Ptychodera,scaffold2991_cov164:-:247815:248280,11456,yes,train,scaffold2991_cov164,247837,-,285,0.1550802139037433,Ptychodera_prebalancing.csv.gz
Ptychodera,scaffold940946_cov135:-:59871:60197,19416,no,train,scaffold940946_cov135,60106,-,99,0,Ptychodera_prebalancing.csv.gz
Ptychodera,scaffold1171789_cov119:-:19586:20038,1735,no,train,scaffold1171789_cov119,20055,-,13,0,Ptychodera_prebalancing.csv.gz
Ptychodera,scaffold1171763_cov97:-:24808:25449,1625,yes,train,scaffold1171763_cov97,24869,-,298,0.7457627118644068,Ptychodera_prebalancing.csv.gz
Ptychodera,scaffold9925_cov150:+:170081:170786,20105,yes,train,scaffold9925_cov150,170198,+,126,0.8163265306122449,Ptychodera_prebalancing.csv.gz
Ptychodera,scaffold2313_cov111:-:91160:91479,8973,yes,train,scaffold2313_cov111,91262,-,159,0.625,Ptychodera_prebalancing.csv.gz
Ptychodera,scaffold1636_cov125:-:375792:376043,5644,no,train,scaffold1636_cov125,376076,-,35,0,Ptychodera_prebalancing.csv.gz
Ptychodera,scaffold69346_cov100:-:116631:116958,17536,yes,train,scaffold69346_cov100,116904,-,33,0.4435483870967742,Ptychodera_prebalancing.csv.gz
Ptychodera,scaffold485_cov122:-:34345:34618,15405,yes,train,scaffold485_cov122,34360,-,284,0.2649402390438247,Ptychodera_prebalancing.csv.gz
Ptychodera,scaffold13151_cov141:-:223221:223604,3154,yes,train,scaffold13151_cov141,223597,-,27,0.4185022026431718,Ptychodera_prebalancing.csv.gz
Ptychodera,scaffold56_cov136:+:584474:585605,16157,no,train,scaffold56_cov136,584651,+,163,0,Ptychodera_prebalancing.csv.gz
Ptychodera,scaffold9555_cov137:-:57548:57703,19498,no,train,scaffold9555_cov137,57511,-,324,0,Ptychodera_prebalancing.csv.gz
Ptychodera,scaffold3483_cov154:+:648773:649150,12888,yes,train,scaffold3483_cov154,649132,+,174,0.281437125748503,Ptychodera_prebalancing.csv.gz
Ptychodera,scaffold1801_cov157:+:172979:173254,7031,no,train,scaffold1801_cov157,172957,+,39,0,Ptychodera_prebalancing.csv.gz
Ptychodera,scaffold21173_cov137:-:525055:525229,8289,yes,train,scaffold21173_cov137,525132,-,127,0.8494623655913979,Ptychodera_prebalancing.csv.gz
Ptychodera,scaffold6811_cov133:-:238109:238607,17380,yes,train,scaffold6811_cov133,238582,-,49,0.5401069518716578,Ptychodera_prebalancing.csv.gz
Ptychodera,scaffold7266_cov140:+:132494:133145,17760,no,train,scaffold7266_cov140,132904,+,231,0,Ptychodera_prebalancing.csv.gz
Ptychodera,scaffold20579_cov130:+:131832:133788,7875,no,train,scaffold20579_cov130,132915,+,12,0,Ptychodera_prebalancing.csv.gz
Ptychodera,scaffold6901_cov141:-:794007:794312,17475,yes,train,scaffold6901_cov141,794047,-,273,0.7529411764705882,Ptychodera_prebalancing.csv.gz
Ptychodera,scaffold208_cov126:+:155246:156052,8148,yes,train,scaffold208_cov126,156012,+,238,0.9196787148594378,Ptychodera_prebalancing.csv.gz
Ptychodera,scaffold9555_cov137:-:57548:57703,19509,yes,train,scaffold9555_cov137,57549,-,286,0.7725490196078432,Ptychodera_prebalancing.csv.gz
Ptychodera,scaffold10165_cov134:-:283423:285289,89,no,train,scaffold10165_cov134,285251,-,58,0,Ptychodera_prebalancing.csv.gz
Ptychodera,scaffold12565_cov89:-:352301:352848,2862,yes,train,scaffold12565_cov89,352367,-,542,0.2711864406779661,Ptychodera_prebalancing.csv.gz
Ptychodera,scaffold1171763_cov97:-:24808:25449,1638,yes,train,scaffold1171763_cov97,24922,-,245,0.5185185185185185,Ptychodera_prebalancing.csv.gz
Ptychodera,scaffold2991_cov164:-:247815:248280,11523,no,train,scaffold2991_cov164,248238,-,49,0,Ptychodera_prebalancing.csv.gz
Ptychodera,scaffold45193_cov139:+:238005:238224,15015,no,train,scaffold45193_cov139,238153,+,218,0,Ptychodera_prebalancing.csv.gz
Ptychodera,scaffold6901_cov141:-:794007:794312,17498,no,train,scaffold6901_cov141,794131,-,189,0,Ptychodera_prebalancing.csv.gz
Ptychodera,scaffold79475_cov142:-:27270:27396,18310,no,train,scaffold79475_cov142,27261,-,95,0,Ptychodera_prebalancing.csv.gz
Ptychodera,scaffold60041_cov77:+:9334:9531,16344,no,train,scaffold60041_cov77,9536,+,220,0,Ptychodera_prebalancing.csv.gz
Ptychodera,scaffold114779_cov129:-:9728:10643,675,yes,train,scaffold114779_cov129,10523,-,58,0.3043478260869565,Ptychodera_prebalancing.csv.gz
Ptychodera,scaffold9925_cov150:+:170081:170786,20176,yes,train,scaffold9925_cov150,170463,+,398,0.2076923076923077,Ptychodera_prebalancing.csv.gz
Ptychodera,scaffold1539_cov135:-:495376:495773,4672,yes,train,scaffold1539_cov135,495401,-,171,0.2706766917293233,Ptychodera_prebalancing.csv.gz
Ptychodera,scaffold22210_cov134:-:250558:251371,8843,no,train,scaffold22210_cov134,251115,-,159,0,Ptychodera_prebalancing.csv.gz
Ptychodera,scaffold124823_cov151:-:162483:162816,2833,no,train,scaffold124823_cov151,162730,-,101,0,Ptychodera_prebalancing.csv.gz
Ptychodera,scaffold1171763_cov97:-:24808:25449,1656,yes,train,scaffold1171763_cov97,25312,-,145,0.8582089552238806,Ptychodera_prebalancing.csv.gz
Ptychodera,scaffold25417_cov168:-:385301:385984,9955,no,train,scaffold25417_cov168,385274,-,220,0,Ptychodera_prebalancing.csv.gz
Ptychodera,scaffold1323_cov134:+:427103:427584,3164,yes,train,scaffold1323_cov134,427444,+,316,0.1731517509727626,Ptychodera_prebalancing.csv.gz
Ptychodera,scaffold1171266_cov138:+:73162:74049,1511,no,train,scaffold1171266_cov138,73923,+,357,0,Ptychodera_prebalancing.csv.gz
Ptychodera,scaffold17689_cov156:+:96322:96960,6905,yes,train,scaffold17689_cov156,96509,+,123,0.2840909090909091,Ptychodera_prebalancing.csv.gz
Ptychodera,scaffold9925_cov150:+:170081:170786,20146,no,train,scaffold9925_cov150,170340,+,275,0,Ptychodera_prebalancing.csv.gz
Ptychodera,scaffold1560_cov86:-:11001:11335,4874,no,train,scaffold1560_cov86,11073,-,166,0,Ptychodera_prebalancing.csv.gz
Ptychodera,scaffold28848_cov151:-:119895:120090,11141,no,train,scaffold28848_cov151,120027,-,77,0,Ptychodera_prebalancing.csv.gz
Ptychodera,scaffold1323_cov134:+:427103:427584,3222,no,train,scaffold1323_cov134,427628,+,500,0,Ptychodera_prebalancing.csv.gz
Ptychodera,scaffold23174_cov134:+:212578:215051,9013,yes,train,scaffold23174_cov134,213532,+,38,0.1984126984126984,Ptychodera_prebalancing.csv.gz
Ptychodera,scaffold149577_cov91:-:2917:3229,4295,yes,train,scaffold149577_cov91,2982,-,309,0.1590909090909091,Ptychodera_prebalancing.csv.gz
Ptychodera,scaffold1801_cov157:+:172979:173254,7041,no,train,scaffold1801_cov157,173009,+,91,0,Ptychodera_prebalancing.csv.gz
Ptychodera,scaffold79475_cov142:-:27270:27396,18330,yes,train,scaffold79475_cov142,27336,-,20,0.7666666666666667,Ptychodera_prebalancing.csv.gz
Ptychodera,scaffold851_cov164:+:208862:209420,18916,yes,train,scaffold851_cov164,209326,+,196,0.4315068493150685,Ptychodera_prebalancing.csv.gz
Ptychodera,scaffold3563_cov125:-:35702:36535,13121,yes,train,scaffold3563_cov125,36116,-,29,0.6694214876033058,Ptychodera_prebalancing.csv.gz
Ptychodera,scaffold4923_cov126:-:400667:401530,15578,no,train,scaffold4923_cov126,400704,-,719,0,Ptychodera_prebalancing.csv.gz
Ptychodera,scaffold14354_cov137:-:94703:95626,3873,no,train,scaffold14354_cov137,95711,-,38,0,Ptychodera_prebalancing.csv.gz
Ptychodera,scaffold208_cov126:+:146398:147328,8068,no,train,scaffold208_cov126,147306,+,208,0,Ptychodera_prebalancing.csv.gz
Ptychodera,scaffold38562_cov122:-:141886:143137,13585,yes,train,scaffold38562_cov122,141899,-,510,0.3484848484848485,Ptychodera_prebalancing.csv.gz
Ptychodera,scaffold9555_cov137:-:57548:57703,19479,no,train,scaffold9555_cov137,57480,-,355,0,Ptychodera_prebalancing.csv.gz
Ptychodera,scaffold42799_cov92:-:31872:32078,14562,no,train,scaffold42799_cov92,31831,-,268,0,Ptychodera_prebalancing.csv.gz
Ptychodera,scaffold26652_cov126:-:22721:23423,10346,yes,train,scaffold26652_cov126,23135,-,299,0.2846715328467153,Ptychodera_prebalancing.csv.gz
Ptychodera,scaffold50865_cov127:-:17389:18451,15712,yes,train,scaffold50865_cov127,18241,-,227,0.4049079754601227,Ptychodera_prebalancing.csv.gz
Ptychodera,scaffold910_cov130:+:473330:473536,19233,no,train,scaffold910_cov130,473592,+,322,0,Ptychodera_prebalancing.csv.gz
Ptychodera,scaffold1631_cov148:+:705302:705603,5329,no,train,scaffold1631_cov148,705364,+,81,0,Ptychodera_prebalancing.csv.gz
Ptychodera,scaffold2499_cov133:+:24665:25063,9707,yes,train,scaffold2499_cov133,24715,+,65,0.9134615384615384,Ptychodera_prebalancing.csv.gz
Ptychodera,scaffold6649_cov117:-:267599:267994,16918,yes,train,scaffold6649_cov117,267932,-,75,0.8615384615384616,Ptychodera_prebalancing.csv.gz
Ptychodera,scaffold56_cov136:+:584474:585605,16176,yes,train,scaffold56_cov136,585511,+,243,0.2,Ptychodera_prebalancing.csv.gz
Ptychodera,scaffold3861_cov165:-:35132:35576,13757,yes,train,scaffold3861_cov165,35233,-,466,0.9321428571428572,Ptychodera_prebalancing.csv.gz
Ptychodera,scaffold1631_cov148:+:705302:705603,5323,no,train,scaffold1631_cov148,705341,+,58,0,Ptychodera_prebalancing.csv.gz
Ptychodera,scaffold21510_cov101:-:45556:46052,8515,no,train,scaffold21510_cov101,45579,-,189,0,Ptychodera_prebalancing.csv.gz
Ptychodera,scaffold17689_cov156:+:96322:96960,6929,yes,train,scaffold17689_cov156,96583,+,197,0.1791044776119403,Ptychodera_prebalancing.csv.gz
Ptychodera,scaffold16732_cov160:+:289154:289485,5897,yes,train,scaffold16732_cov160,289409,+,225,0.5220125786163522,Ptychodera_prebalancing.csv.gz
Ptychodera,scaffold947_cov114:-:3216:3537,19455,yes,train,scaffold947_cov114,3319,-,145,0.8384615384615385,Ptychodera_prebalancing.csv.gz
Ptychodera,scaffold6440_cov168:+:352921:355362,16569,no,train,scaffold6440_cov168,354102,+,61,0,Ptychodera_prebalancing.csv.gz
Ptychodera,scaffold3782_cov139:+:169976:170896,13389,no,train,scaffold3782_cov139,170654,+,7,0,Ptychodera_prebalancing.csv.gz
Ptychodera,scaffold38562_cov122:-:141886:143137,13709,yes,train,scaffold38562_cov122,143120,-,51,0.5135135135135135,Ptychodera_prebalancing.csv.gz
Ptychodera,scaffold1171763_cov97:-:24808:25449,1599,no,train,scaffold1171763_cov97,24800,-,367,0,Ptychodera_prebalancing.csv.gz
Ptychodera,scaffold25869_cov120:+:161390:162036,10195,no,train,scaffold25869_cov120,161626,+,103,0,Ptychodera_prebalancing.csv.gz
Ptychodera,scaffold1603_cov140:-:2704:3035,5059,no,train,scaffold1603_cov140,2760,-,293,0,Ptychodera_prebalancing.csv.gz
Ptychodera,scaffold968_cov135:+:323367:323828,19994,no,train,scaffold968_cov135,323755,+,372,0,Ptychodera_prebalancing.csv.gz
Ptychodera,scaffold81961_cov101:+:2614:2737,18713,no,train,scaffold81961_cov101,2596,+,38,0,Ptychodera_prebalancing.csv.gz
Ptychodera,scaffold26652_cov126:+:156424:156704,10507,yes,train,scaffold26652_cov126,156657,+,198,0.9009287925696594,Ptychodera_prebalancing.csv.gz
Ptychodera,scaffold124823_cov151:-:162483:162816,2837,no,train,scaffold124823_cov151,162742,-,89,0,Ptychodera_prebalancing.csv.gz
Ptychodera,scaffold9555_cov137:-:57548:57703,19503,no,train,scaffold9555_cov137,57527,-,308,0,Ptychodera_prebalancing.csv.gz
Ptychodera,scaffold45193_cov139:+:238005:238224,15035,no,train,scaffold45193_cov139,238223,+,288,0,Ptychodera_prebalancing.csv.gz
Ptychodera,scaffold1801_cov157:+:172979:173254,7059,no,train,scaffold1801_cov157,173071,+,153,0,Ptychodera_prebalancing.csv.gz
Ptychodera,scaffold9569_cov136:-:510672:510737,19601,no,train,scaffold9569_cov136,510648,-,160,0,Ptychodera_prebalancing.csv.gz
Ptychodera,scaffold10165_cov134:-:283423:285289,93,no,train,scaffold10165_cov134,285267,-,42,0,Ptychodera_prebalancing.csv.gz
Ptychodera,scaffold26652_cov126:+:156424:156704,10457,yes,train,scaffold26652_cov126,156455,+,28,0.2355371900826446,Ptychodera_prebalancing.csv.gz
Ptychodera,scaffold3563_cov125:-:35702:36535,13110,yes,train,scaffold3563_cov125,36081,-,64,0.375,Ptychodera_prebalancing.csv.gz
Ptychodera,scaffold9555_cov137:-:57548:57703,19519,no,train,scaffold9555_cov137,57583,-,252,0,Ptychodera_prebalancing.csv.gz
Ptychodera,scaffold8026_cov121:-:76174:76416,18387,yes,train,scaffold8026_cov121,76273,-,147,0.1826086956521739,Ptychodera_prebalancing.csv.gz
Ptychodera,scaffold26652_cov126:+:156424:156704,10482,no,train,scaffold26652_cov126,156546,+,119,0,Ptychodera_prebalancing.csv.gz
Ptychodera,scaffold2817_cov143:-:740422:741833,10879,no,train,scaffold2817_cov143,740344,-,264,0,Ptychodera_prebalancing.csv.gz
Ptychodera,scaffold2394_cov127:-:198968:199469,9205,yes,train,scaffold2394_cov127,199436,-,71,0.1759259259259259,Ptychodera_prebalancing.csv.gz
Ptychodera,scaffold17107_cov97:-:167714:170261,6168,yes,train,scaffold17107_cov97,167862,-,365,0.2303370786516854,Ptychodera_prebalancing.csv.gz
Ptychodera,scaffold3861_cov165:-:35132:35576,13768,yes,train,scaffold3861_cov165,35266,-,433,1,Ptychodera_prebalancing.csv.gz
Ptychodera,scaffold16732_cov160:+:289154:289485,5836,no,train,scaffold16732_cov160,289127,+,9,0,Ptychodera_prebalancing.csv.gz
Ptychodera,scaffold348914_cov132:-:18141:18583,12909,yes,train,scaffold348914_cov132,18263,-,215,0.2375886524822695,Ptychodera_prebalancing.csv.gz
Ptychodera,scaffold2991_cov164:-:858007:858838,11657,yes,train,scaffold2991_cov164,858526,-,315,0.2446808510638297,Ptychodera_prebalancing.csv.gz
Ptychodera,scaffold2991_cov164:-:858007:858838,11726,yes,train,scaffold2991_cov164,858704,-,137,0.1578947368421052,Ptychodera_prebalancing.csv.gz
Ptychodera,scaffold9925_cov150:+:170081:170786,20144,no,train,scaffold9925_cov150,170335,+,270,0,Ptychodera_prebalancing.csv.gz
Ptychodera,scaffold6840_cov145:+:37299:38653,17442,yes,train,scaffold6840_cov145,38070,+,104,1,Ptychodera_prebalancing.csv.gz
Ptychodera,scaffold173136_cov123:+:8039:8280,6754,yes,train,scaffold173136_cov123,8040,+,12,0.1588785046728972,Ptychodera_prebalancing.csv.gz
Ptychodera,scaffold1224_cov153:-:203704:204843,2250,yes,train,scaffold1224_cov153,204719,-,153,0.9716312056737588,Ptychodera_prebalancing.csv.gz
Ptychodera,scaffold114779_cov129:-:9728:10643,673,yes,train,scaffold114779_cov129,10519,-,62,0.8620689655172413,Ptychodera_prebalancing.csv.gz
Ptychodera,scaffold114779_cov129:-:9728:10643,652,yes,train,scaffold114779_cov129,10103,-,307,0.4285714285714285,Ptychodera_prebalancing.csv.gz
Ptychodera,scaffold114779_cov129:-:9728:10643,669,yes,train,scaffold114779_cov129,10505,-,76,0.6909090909090909,Ptychodera_prebalancing.csv.gz
Ptychodera,scaffold6644_cov166:+:24349:25176,16898,no,train,scaffold6644_cov166,24856,+,295,0,Ptychodera_prebalancing.csv.gz
Ptychodera,scaffold800_cov148:-:30933:31071,18364,no,train,scaffold800_cov148,30958,-,203,0,Ptychodera_prebalancing.csv.gz
Ptychodera,scaffold16732_cov160:+:289154:289485,5928,no,train,scaffold16732_cov160,289482,+,298,0,Ptychodera_prebalancing.csv.gz
Ptychodera,scaffold7723_cov121:+:445396:445849,18169,no,train,scaffold7723_cov121,445623,+,110,0,Ptychodera_prebalancing.csv.gz
Ptychodera,scaffold114779_cov129:-:9728:10643,636,yes,train,scaffold114779_cov129,10002,-,408,0.63,Ptychodera_prebalancing.csv.gz
Ptychodera,scaffold1018_cov147:-:103995:104325,178,yes,train,scaffold1018_cov147,104052,-,189,0.5904761904761905,Ptychodera_prebalancing.csv.gz
Ptychodera,scaffold42799_cov92:-:31872:32078,14565,no,train,scaffold42799_cov92,31839,-,260,0,Ptychodera_prebalancing.csv.gz
Ptychodera,scaffold3422_cov129:-:385086:386396,12686,no,train,scaffold3422_cov129,385513,-,46,0,Ptychodera_prebalancing.csv.gz
Ptychodera,scaffold56_cov136:+:584474:585605,16077,yes,train,scaffold56_cov136,584499,+,11,0.1844331641285956,Ptychodera_prebalancing.csv.gz
Ptychodera,scaffold161431_cov89:-:17574:18493,5211,yes,train,scaffold161431_cov89,17664,-,194,0.8181818181818182,Ptychodera_prebalancing.csv.gz
Ptychodera,scaffold17689_cov156:+:96322:96960,6948,yes,train,scaffold17689_cov156,96731,+,340,0.4898989898989899,Ptychodera_prebalancing.csv.gz
Ptychodera,scaffold1962_cov141:-:168291:168515,7636,no,train,scaffold1962_cov141,168508,-,84,0,Ptychodera_prebalancing.csv.gz
Ptychodera,scaffold1018_cov147:-:103995:104325,211,no,train,scaffold1018_cov147,104291,-,41,0,Ptychodera_prebalancing.csv.gz
Ptychodera,scaffold1603_cov140:-:2704:3035,5088,no,train,scaffold1603_cov140,2844,-,209,0,Ptychodera_prebalancing.csv.gz
Ptychodera,scaffold67423_cov132:-:90821:91300,17043,yes,train,scaffold67423_cov132,90822,-,441,0.6666666666666666,Ptychodera_prebalancing.csv.gz
Ptychodera,scaffold9637_cov165:-:716723:716901,19721,yes,train,scaffold9637_cov165,716739,-,274,0.5609756097560976,Ptychodera_prebalancing.csv.gz
Ptychodera,scaffold1539_cov135:-:495376:495773,4671,yes,train,scaffold1539_cov135,495396,-,176,0.1521739130434782,Ptychodera_prebalancing.csv.gz
Ptychodera,scaffold2794_cov133:+:82026:82461,10826,yes,train,scaffold2794_cov133,82071,+,62,0.8,Ptychodera_prebalancing.csv.gz
Ptychodera,scaffold8953_cov140:+:56023:56332,19072,yes,train,scaffold8953_cov140,56100,+,78,0.25,Ptychodera_prebalancing.csv.gz
Ptychodera,scaffold478_cov113:-:167312:167702,15344,yes,train,scaffold478_cov113,167643,-,59,0.2810271041369472,Ptychodera_prebalancing.csv.gz
Ptychodera,scaffold3563_cov125:-:35702:36535,13111,yes,train,scaffold3563_cov125,36082,-,63,0.4274809160305343,Ptychodera_prebalancing.csv.gz
Ptychodera,scaffold1962_cov141:-:167038:167279,7592,no,train,scaffold1962_cov141,167344,-,7,0,Ptychodera_prebalancing.csv.gz
Ptychodera,scaffold968_cov135:+:323367:323828,19917,no,train,scaffold968_cov135,323391,+,42,0,Ptychodera_prebalancing.csv.gz
Ptychodera,scaffold173136_cov123:+:8039:8280,6777,no,train,scaffold173136_cov123,8182,+,154,0,Ptychodera_prebalancing.csv.gz
Ptychodera,scaffold851_cov164:+:208862:209420,18896,yes,train,scaffold851_cov164,208946,+,93,0.5098039215686274,Ptychodera_prebalancing.csv.gz
Ptychodera,scaffold12141_cov164:-:9717:10517,2160,no,train,scaffold12141_cov164,9908,-,78,0,Ptychodera_prebalancing.csv.gz
Ptychodera,scaffold10119_cov162:+:267012:267948,6,yes,train,scaffold10119_cov162,267013,+,3,0.2761194029850746,Ptychodera_prebalancing.csv.gz
Ptychodera,scaffold39128_cov134:+:98912:99592,14029,no,train,scaffold39128_cov134,99172,+,264,0,Ptychodera_prebalancing.csv.gz
Ptychodera,scaffold3081_cov168:-:128788:128942,11922,no,train,scaffold3081_cov168,128905,-,115,0,Ptychodera_prebalancing.csv.gz
Ptychodera,scaffold1171787_cov158:+:720830:721101,1687,yes,train,scaffold1171787_cov158,721068,+,71,0.1926605504587156,Ptychodera_prebalancing.csv.gz
Ptychodera,scaffold4478_cov130:-:183043:183191,14986,no,train,scaffold4478_cov130,183145,-,64,0,Ptychodera_prebalancing.csv.gz
Ptychodera,scaffold4043_cov170:-:308373:308638,14264,yes,train,scaffold4043_cov170,308433,-,233,0.6698113207547169,Ptychodera_prebalancing.csv.gz
Ptychodera,scaffold940946_cov135:-:59871:60197,19364,no,train,scaffold940946_cov135,59947,-,264,0,Ptychodera_prebalancing.csv.gz
Ptychodera,scaffold12141_cov164:-:9717:10517,2119,yes,train,scaffold12141_cov164,9737,-,254,0.1575757575757575,Ptychodera_prebalancing.csv.gz
Ptychodera,scaffold44597_cov125:-:60049:60643,14967,yes,train,scaffold44597_cov125,60565,-,30,0.9632352941176472,Ptychodera_prebalancing.csv.gz
Ptychodera,scaffold153100_cov97:+:57733:57923,4569,yes,train,scaffold153100_cov97,57921,+,196,0.77,Ptychodera_prebalancing.csv.gz
Ptychodera,scaffold10981_cov157:-:320342:321622,415,yes,train,scaffold10981_cov157,320392,-,473,0.8446601941747572,Ptychodera_prebalancing.csv.gz
Ptychodera,scaffold8026_cov121:-:76174:76416,18416,yes,train,scaffold8026_cov121,76378,-,38,0.8487394957983193,Ptychodera_prebalancing.csv.gz
Ptychodera,scaffold11559_cov105:+:53281:53740,934,no,train,scaffold11559_cov105,53648,+,306,0,Ptychodera_prebalancing.csv.gz
Ptychodera,scaffold42799_cov92:-:31872:32078,14543,no,train,scaffold42799_cov92,31799,-,300,0,Ptychodera_prebalancing.csv.gz
Ptychodera,scaffold947_cov114:-:3216:3537,19442,yes,train,scaffold947_cov114,3274,-,190,0.9770114942528736,Ptychodera_prebalancing.csv.gz
Ptychodera,scaffold3861_cov165:-:35132:35576,13870,no,train,scaffold3861_cov165,35733,-,71,0,Ptychodera_prebalancing.csv.gz
Ptychodera,scaffold56_cov136:+:584474:585605,16158,no,train,scaffold56_cov136,584655,+,167,0,Ptychodera_prebalancing.csv.gz
Ptychodera,scaffold2394_cov127:-:198968:199469,9201,no,train,scaffold2394_cov127,199416,-,91,0,Ptychodera_prebalancing.csv.gz
Ptychodera,scaffold11559_cov105:+:53281:53740,936,no,train,scaffold11559_cov105,53650,+,308,0,Ptychodera_prebalancing.csv.gz
Ptychodera,scaffold10734_cov95:+:35769:36582,297,no,train,scaffold10734_cov95,36438,+,212,0,Ptychodera_prebalancing.csv.gz
Ptychodera,scaffold3861_cov165:-:35132:35576,13744,yes,train,scaffold3861_cov165,35195,-,504,0.8835978835978836,Ptychodera_prebalancing.csv.gz
Ptychodera,scaffold23899_cov112:+:9403:9576,9154,yes,train,scaffold23899_cov112,9428,+,41,1,Ptychodera_prebalancing.csv.gz
Ptychodera,scaffold1171763_cov97:-:24808:25449,1618,yes,train,scaffold1171763_cov97,24834,-,333,0.4070796460176991,Ptychodera_prebalancing.csv.gz
Ptychodera,scaffold1171266_cov138:+:73162:74049,1489,no,train,scaffold1171266_cov138,73853,+,287,0,Ptychodera_prebalancing.csv.gz
Ptychodera,scaffold96532_cov96:+:290036:290160,19866,no,train,scaffold96532_cov96,290078,+,101,0,Ptychodera_prebalancing.csv.gz
Ptychodera,scaffold1962_cov141:-:167038:167279,7565,yes,train,scaffold1962_cov141,167241,-,110,0.6688741721854304,Ptychodera_prebalancing.csv.gz
Ptychodera,scaffold1323_cov134:+:427103:427584,3179,yes,train,scaffold1323_cov134,427493,+,365,0.6891334250343879,Ptychodera_prebalancing.csv.gz
Ptychodera,scaffold8095_cov123:-:171963:172984,18527,no,train,scaffold8095_cov123,172838,-,131,0,Ptychodera_prebalancing.csv.gz
Ptychodera,scaffold2794_cov133:+:82026:82461,10820,yes,train,scaffold2794_cov133,82057,+,48,1,Ptychodera_prebalancing.csv.gz
Ptychodera,scaffold1155138_cov151:-:615230:615346,795,no,train,scaffold1155138_cov151,615282,-,290,0,Ptychodera_prebalancing.csv.gz
Ptychodera,scaffold1236_cov83:-:159619:159706,2449,yes,train,scaffold1236_cov83,159658,-,316,0.2950819672131147,Ptychodera_prebalancing.csv.gz
Ptychodera,scaffold7723_cov121:+:445396:445849,18168,no,train,scaffold7723_cov121,445622,+,109,0,Ptychodera_prebalancing.csv.gz
Ptychodera,scaffold1676_cov84:-:198331:198854,5994,no,train,scaffold1676_cov84,198772,-,131,0,Ptychodera_prebalancing.csv.gz
Ptychodera,scaffold8953_cov140:+:56023:56332,19061,yes,train,scaffold8953_cov140,56066,+,44,0.7701612903225806,Ptychodera_prebalancing.csv.gz
Ptychodera,scaffold26652_cov126:+:156424:156704,10470,yes,train,scaffold26652_cov126,156498,+,71,0.7035714285714286,Ptychodera_prebalancing.csv.gz
Ptychodera,scaffold3698_cov112:+:68018:68572,13333,yes,train,scaffold3698_cov112,68552,+,550,0.235593220338983,Ptychodera_prebalancing.csv.gz
Ptychodera,scaffold32521_cov86:+:2399:2886,12285,no,train,scaffold32521_cov86,2628,+,235,0,Ptychodera_prebalancing.csv.gz
Ptychodera,scaffold17689_cov156:+:96322:96960,6931,yes,train,scaffold17689_cov156,96585,+,199,0.28125,Ptychodera_prebalancing.csv.gz
Ptychodera,scaffold26652_cov126:-:22721:23423,10382,yes,train,scaffold26652_cov126,23247,-,187,0.6794871794871795,Ptychodera_prebalancing.csv.gz
Ptychodera,scaffold11559_cov105:+:53281:53740,935,no,train,scaffold11559_cov105,53649,+,307,0,Ptychodera_prebalancing.csv.gz
Ptychodera,scaffold698_cov122:-:207303:208348,17608,no,train,scaffold698_cov122,207368,-,133,0,Ptychodera_prebalancing.csv.gz
Ptychodera,scaffold1171258_cov122:+:213330:213576,1416,no,train,scaffold1171258_cov122,213434,+,121,0,Ptychodera_prebalancing.csv.gz
Ptychodera,scaffold13151_cov141:-:223221:223604,3149,yes,train,scaffold13151_cov141,223580,-,44,0.5837837837837838,Ptychodera_prebalancing.csv.gz
Ptychodera,scaffold478_cov113:-:167312:167702,15360,no,train,scaffold478_cov113,167689,-,13,0,Ptychodera_prebalancing.csv.gz
Ptychodera,scaffold208_cov126:+:155246:156052,8077,yes,train,scaffold208_cov126,155623,+,15,0.8840125391849529,Ptychodera_prebalancing.csv.gz
Ptychodera,scaffold32521_cov86:+:2399:2886,12246,yes,train,scaffold32521_cov86,2503,+,110,0.7290836653386454,Ptychodera_prebalancing.csv.gz
Ptychodera,scaffold38562_cov122:-:141886:143137,13628,yes,train,scaffold38562_cov122,142021,-,388,0.6724137931034483,Ptychodera_prebalancing.csv.gz
Ptychodera,scaffold1636_cov125:-:375792:376043,5567,no,train,scaffold1636_cov125,375807,-,308,0,Ptychodera_prebalancing.csv.gz
Ptychodera,scaffold6755_cov113:-:31779:31986,17196,yes,train,scaffold6755_cov113,31939,-,93,0.6722222222222223,Ptychodera_prebalancing.csv.gz
Ptychodera,scaffold208_cov126:+:146398:147328,8025,yes,train,scaffold208_cov126,146447,+,58,0.6845878136200717,Ptychodera_prebalancing.csv.gz
Ptychodera,scaffold30030_cov79:+:14578:14882,11829,yes,train,scaffold30030_cov79,14870,+,300,0.3130434782608696,Ptychodera_prebalancing.csv.gz
Ptychodera,scaffold50865_cov127:-:17389:18451,15707,yes,train,scaffold50865_cov127,18217,-,251,0.7575757575757576,Ptychodera_prebalancing.csv.gz
Ptychodera,scaffold17107_cov97:-:167714:170261,6166,yes,train,scaffold17107_cov97,167853,-,374,0.893491124260355,Ptychodera_prebalancing.csv.gz
Ptychodera,scaffold7266_cov140:+:132494:133145,17773,no,train,scaffold7266_cov140,132970,+,297,0,Ptychodera_prebalancing.csv.gz
Ptychodera,scaffold1171763_cov97:-:24808:25449,1637,yes,train,scaffold1171763_cov97,24920,-,247,0.3185840707964602,Ptychodera_prebalancing.csv.gz
Ptychodera,scaffold56_cov136:+:584474:585605,16097,yes,train,scaffold56_cov136,584540,+,52,0.2229729729729729,Ptychodera_prebalancing.csv.gz
Ptychodera,scaffold12381_cov139:+:19073:19682,2530,no,train,scaffold12381_cov139,19503,+,258,0,Ptychodera_prebalancing.csv.gz
Ptychodera,scaffold2520_cov137:-:716980:717272,9811,yes,train,scaffold2520_cov137,717133,-,139,0.4871794871794871,Ptychodera_prebalancing.csv.gz
Ptychodera,scaffold25866_cov149:-:341036:341425,10154,yes,train,scaffold25866_cov149,341325,-,60,0.6991869918699187,Ptychodera_prebalancing.csv.gz
Ptychodera,scaffold910_cov130:+:473330:473536,19189,no,train,scaffold910_cov130,473483,+,213,0,Ptychodera_prebalancing.csv.gz
Ptychodera,scaffold18025_cov163:+:6470:7342,7184,no,train,scaffold18025_cov163,6637,+,194,0,Ptychodera_prebalancing.csv.gz
Ptychodera,scaffold348914_cov132:-:18141:18583,12900,yes,train,scaffold348914_cov132,18230,-,248,0.6375838926174496,Ptychodera_prebalancing.csv.gz
Ptychodera,scaffold2991_cov164:-:858007:858838,11724,yes,train,scaffold2991_cov164,858696,-,145,0.3841059602649007,Ptychodera_prebalancing.csv.gz
Ptychodera,scaffold38562_cov122:-:141886:143137,13692,yes,train,scaffold38562_cov122,143034,-,137,0.2933884297520661,Ptychodera_prebalancing.csv.gz
Ptychodera,scaffold2991_cov164:-:858007:858838,11549,yes,train,scaffold2991_cov164,858025,-,710,0.7777777777777778,Ptychodera_prebalancing.csv.gz
Ptychodera,scaffold26652_cov126:-:22721:23423,10354,yes,train,scaffold26652_cov126,23160,-,274,0.8504672897196262,Ptychodera_prebalancing.csv.gz
Ptychodera,scaffold2140_cov133:-:174815:176568,8475,no,train,scaffold2140_cov133,175050,-,99,0,Ptychodera_prebalancing.csv.gz
Ptychodera,scaffold9555_cov137:-:57548:57703,19580,no,train,scaffold9555_cov137,57795,-,34,0,Ptychodera_prebalancing.csv.gz
Ptychodera,scaffold2991_cov164:-:858007:858838,11670,yes,train,scaffold2991_cov164,858557,-,284,0.6030927835051546,Ptychodera_prebalancing.csv.gz
Ptychodera,scaffold1636_cov125:-:375792:376043,5629,yes,train,scaffold1636_cov125,376018,-,93,0.8492063492063492,Ptychodera_prebalancing.csv.gz
Ptychodera,scaffold44597_cov125:-:60049:60643,14924,yes,train,scaffold44597_cov125,60126,-,224,0.2203389830508474,Ptychodera_prebalancing.csv.gz
Ptychodera,scaffold1631_cov148:+:705302:705603,5351,yes,train,scaffold1631_cov148,705430,+,147,0.7202072538860104,Ptychodera_prebalancing.csv.gz
Ptychodera,scaffold1603_cov140:-:2704:3035,5055,no,train,scaffold1603_cov140,2748,-,305,0,Ptychodera_prebalancing.csv.gz
Ptychodera,scaffold23174_cov134:+:212578:215051,9015,yes,train,scaffold23174_cov134,213543,+,49,0.7068965517241379,Ptychodera_prebalancing.csv.gz
Ptychodera,scaffold3142_cov95:-:74094:75309,11983,no,train,scaffold3142_cov95,74211,-,156,0,Ptychodera_prebalancing.csv.gz
Ptychodera,scaffold56_cov136:+:584474:585605,16173,yes,train,scaffold56_cov136,585495,+,227,0.4039735099337748,Ptychodera_prebalancing.csv.gz
Ptychodera,scaffold4923_cov126:-:400667:401530,15586,no,train,scaffold4923_cov126,400771,-,652,0,Ptychodera_prebalancing.csv.gz
Ptychodera,scaffold38562_cov122:-:141886:143137,13608,yes,train,scaffold38562_cov122,141963,-,446,0.8518518518518519,Ptychodera_prebalancing.csv.gz
Ptychodera,scaffold96526_cov86:+:25896:26454,19832,no,train,scaffold96526_cov86,26450,+,360,0,Ptychodera_prebalancing.csv.gz
Ptychodera,scaffold21297_cov142:-:138460:138685,8367,yes,train,scaffold21297_cov142,138635,-,63,0.2027027027027027,Ptychodera_prebalancing.csv.gz
Ptychodera,scaffold9555_cov137:-:57548:57703,19518,no,train,scaffold9555_cov137,57581,-,254,0,Ptychodera_prebalancing.csv.gz
Ptychodera,scaffold2440_cov108:-:296991:297406,9371,no,train,scaffold2440_cov108,297021,-,217,0,Ptychodera_prebalancing.csv.gz
Ptychodera,scaffold32521_cov86:+:2399:2886,12254,no,train,scaffold32521_cov86,2545,+,152,0,Ptychodera_prebalancing.csv.gz
Ptychodera,scaffold1323_cov134:+:427103:427584,3180,yes,train,scaffold1323_cov134,427494,+,366,0.2039942938659058,Ptychodera_prebalancing.csv.gz
Ptychodera,scaffold17107_cov97:-:167714:170261,6176,yes,train,scaffold17107_cov97,167891,-,336,0.2321428571428571,Ptychodera_prebalancing.csv.gz
Ptychodera,scaffold348914_cov132:-:18141:18583,12922,yes,train,scaffold348914_cov132,18496,-,136,0.527027027027027,Ptychodera_prebalancing.csv.gz
Ptychodera,scaffold6901_cov141:-:794007:794312,17471,yes,train,scaffold6901_cov141,794039,-,281,1,Ptychodera_prebalancing.csv.gz
Ptychodera,scaffold69346_cov100:-:116631:116958,17528,yes,train,scaffold69346_cov100,116878,-,59,0.5135135135135135,Ptychodera_prebalancing.csv.gz
Ptychodera,scaffold16631_cov137:+:14242:14561,5797,yes,train,scaffold16631_cov137,14432,+,154,0.1666666666666666,Ptychodera_prebalancing.csv.gz
Ptychodera,scaffold20770_cov135:+:33735:33914,7902,no,train,scaffold20770_cov135,33837,+,117,0,Ptychodera_prebalancing.csv.gz
Ptychodera,scaffold478_cov113:-:167312:167702,15338,no,train,scaffold478_cov113,167622,-,80,0,Ptychodera_prebalancing.csv.gz
Ptychodera,scaffold12565_cov89:-:352301:352848,2927,yes,train,scaffold12565_cov89,352773,-,137,0.8518518518518519,Ptychodera_prebalancing.csv.gz
Ptychodera,scaffold21297_cov142:-:138460:138685,8371,yes,train,scaffold21297_cov142,138647,-,51,0.2166666666666666,Ptychodera_prebalancing.csv.gz
Ptychodera,scaffold12565_cov89:-:352301:352848,2917,yes,train,scaffold12565_cov89,352712,-,198,0.4869281045751634,Ptychodera_prebalancing.csv.gz
Ptychodera,scaffold9925_cov150:+:170081:170786,20196,yes,train,scaffold9925_cov150,170535,+,470,0.4639639639639639,Ptychodera_prebalancing.csv.gz
Ptychodera,scaffold7723_cov121:+:445396:445849,18220,no,train,scaffold7723_cov121,445785,+,278,0,Ptychodera_prebalancing.csv.gz
Ptychodera,scaffold1156384_cov162:-:285204:285691,1112,no,train,scaffold1156384_cov162,285607,-,98,0,Ptychodera_prebalancing.csv.gz
Ptychodera,scaffold208_cov126:+:155246:156052,8120,no,train,scaffold208_cov126,155745,+,137,0,Ptychodera_prebalancing.csv.gz
Ptychodera,scaffold3698_cov112:+:68018:68572,13296,yes,train,scaffold3698_cov112,68395,+,393,0.6309523809523809,Ptychodera_prebalancing.csv.gz
Ptychodera,scaffold208_cov126:+:146398:147328,8056,yes,train,scaffold208_cov126,147273,+,175,0.4910714285714285,Ptychodera_prebalancing.csv.gz
Ptychodera,scaffold765_cov148:+:233581:233840,18117,no,train,scaffold765_cov148,233777,+,123,0,Ptychodera_prebalancing.csv.gz
Ptychodera,scaffold26652_cov126:-:22721:23423,10390,yes,train,scaffold26652_cov126,23261,-,173,0.631578947368421,Ptychodera_prebalancing.csv.gz
Ptychodera,scaffold968_cov135:+:323367:323828,19966,yes,train,scaffold968_cov135,323651,+,268,0.1791044776119403,Ptychodera_prebalancing.csv.gz
Ptychodera,scaffold3563_cov125:-:35702:36535,13099,no,train,scaffold3563_cov125,35846,-,193,0,Ptychodera_prebalancing.csv.gz
Ptychodera,scaffold38562_cov122:-:141886:143137,13644,yes,train,scaffold38562_cov122,142057,-,352,0.7539267015706806,Ptychodera_prebalancing.csv.gz
Ptychodera,scaffold10839_cov123:-:290085:291331,394,yes,train,scaffold10839_cov123,290305,-,288,0.2153846153846154,Ptychodera_prebalancing.csv.gz
Ptychodera,scaffold30073_cov84:-:109071:109513,11840,yes,train,scaffold30073_cov84,109460,-,60,0.9215686274509804,Ptychodera_prebalancing.csv.gz
Ptychodera,scaffold1171763_cov97:-:24808:25449,1610,yes,train,scaffold1171763_cov97,24822,-,345,0.4214285714285714,Ptychodera_prebalancing.csv.gz
Ptychodera,scaffold26652_cov126:+:156424:156704,10506,yes,train,scaffold26652_cov126,156656,+,197,0.3617021276595745,Ptychodera_prebalancing.csv.gz
Ptychodera,scaffold1835_cov136:+:285845:286147,7344,yes,train,scaffold1835_cov136,286136,+,150,0.4919354838709677,Ptychodera_prebalancing.csv.gz
Ptychodera,scaffold12381_cov139:+:19073:19682,2581,no,train,scaffold12381_cov139,19642,+,397,0,Ptychodera_prebalancing.csv.gz
Ptychodera,scaffold9925_cov150:+:170081:170786,20086,yes,train,scaffold9925_cov150,170139,+,67,0.7990430622009569,Ptychodera_prebalancing.csv.gz
Ptychodera,scaffold9645_cov134:-:516300:516668,19792,yes,train,scaffold9645_cov134,516640,-,62,0.3576642335766423,Ptychodera_prebalancing.csv.gz
Ptychodera,scaffold348914_cov132:-:18141:18583,12905,yes,train,scaffold348914_cov132,18242,-,236,0.2215568862275449,Ptychodera_prebalancing.csv.gz
Ptychodera,scaffold11559_cov105:+:53281:53740,960,no,train,scaffold11559_cov105,53718,+,376,0,Ptychodera_prebalancing.csv.gz
Ptychodera,scaffold11537_cov112:+:299365:299845,693,yes,train,scaffold11537_cov112,299462,+,8,0.8523985239852399,Ptychodera_prebalancing.csv.gz
Ptychodera,scaffold67423_cov132:-:90821:91300,17081,yes,train,scaffold67423_cov132,90926,-,337,0.2767857142857143,Ptychodera_prebalancing.csv.gz
Ptychodera,scaffold38562_cov122:-:141886:143137,13619,yes,train,scaffold38562_cov122,141991,-,418,0.2732558139534883,Ptychodera_prebalancing.csv.gz
Ptychodera,scaffold28848_cov151:-:119895:120090,11111,no,train,scaffold28848_cov151,119943,-,167,0,Ptychodera_prebalancing.csv.gz
Ptychodera,scaffold2991_cov164:-:247815:248280,11500,yes,train,scaffold2991_cov164,248157,-,130,0.1785714285714285,Ptychodera_prebalancing.csv.gz
Ptychodera,scaffold35672_cov133:+:311021:311749,13125,yes,train,scaffold35672_cov133,311630,+,243,0.7166666666666667,Ptychodera_prebalancing.csv.gz
Ptychodera,scaffold2140_cov133:-:174815:176568,8422,no,train,scaffold2140_cov133,174874,-,281,0,Ptychodera_prebalancing.csv.gz
Ptychodera,scaffold209507_cov154:-:41337:41458,8180,yes,train,scaffold209507_cov154,41367,-,137,0.2866449511400651,Ptychodera_prebalancing.csv.gz
Ptychodera,scaffold12381_cov139:+:19073:19682,2519,yes,train,scaffold12381_cov139,19268,+,203,0.2242424242424242,Ptychodera_prebalancing.csv.gz
Ptychodera,scaffold42799_cov92:-:31872:32078,14578,yes,train,scaffold42799_cov92,31877,-,222,0.3442622950819672,Ptychodera_prebalancing.csv.gz
Ptychodera,scaffold208_cov126:+:155246:156052,8141,yes,train,scaffold208_cov126,155982,+,208,0.9212121212121211,Ptychodera_prebalancing.csv.gz
Ptychodera,scaffold2394_cov127:-:198968:199469,9213,no,train,scaffold2394_cov127,199474,-,33,0,Ptychodera_prebalancing.csv.gz
Ptychodera,scaffold114779_cov129:-:9728:10643,689,yes,train,scaffold114779_cov129,10562,-,19,0.1818181818181818,Ptychodera_prebalancing.csv.gz
Ptychodera,scaffold21297_cov142:-:138460:138685,8316,no,train,scaffold21297_cov142,138443,-,203,0,Ptychodera_prebalancing.csv.gz
Ptychodera,scaffold26652_cov126:-:22721:23423,10432,no,train,scaffold26652_cov126,23375,-,59,0,Ptychodera_prebalancing.csv.gz
Ptychodera,scaffold6644_cov166:+:24349:25176,16883,yes,train,scaffold6644_cov166,24747,+,186,0.1570247933884297,Ptychodera_prebalancing.csv.gz
Ptychodera,scaffold60041_cov77:+:9334:9531,16300,no,train,scaffold60041_cov77,9341,+,20,0,Ptychodera_prebalancing.csv.gz
Ptychodera,scaffold17162_cov153:+:189363:189663,6445,yes,train,scaffold17162_cov153,189566,+,220,0.2993197278911564,Ptychodera_prebalancing.csv.gz
Ptychodera,scaffold25417_cov168:-:385301:385984,9954,no,train,scaffold25417_cov168,385273,-,221,0,Ptychodera_prebalancing.csv.gz
Ptychodera,scaffold26652_cov126:+:156424:156704,10466,yes,train,scaffold26652_cov126,156489,+,62,0.3164794007490636,Ptychodera_prebalancing.csv.gz
Ptychodera,scaffold2991_cov164:-:247815:248280,11461,yes,train,scaffold2991_cov164,247853,-,269,0.7289377289377289,Ptychodera_prebalancing.csv.gz
Ptychodera,scaffold485_cov122:-:34345:34618,15424,no,train,scaffold485_cov122,34418,-,226,0,Ptychodera_prebalancing.csv.gz
Ptychodera,scaffold12381_cov139:+:19073:19682,2517,yes,train,scaffold12381_cov139,19266,+,201,0.1588235294117647,Ptychodera_prebalancing.csv.gz
Ptychodera,scaffold4067_cov148:+:83646:83942,14398,no,train,scaffold4067_cov148,83952,+,313,0,Ptychodera_prebalancing.csv.gz
Ptychodera,scaffold16732_cov160:+:289154:289485,5931,no,train,scaffold16732_cov160,289492,+,308,0,Ptychodera_prebalancing.csv.gz
Ptychodera,scaffold2530_cov139:+:315112:315261,9930,yes,train,scaffold2530_cov139,315215,+,144,0.9005847953216374,Ptychodera_prebalancing.csv.gz
Ptychodera,scaffold17689_cov156:+:96322:96960,6898,yes,train,scaffold17689_cov156,96492,+,106,0.639344262295082,Ptychodera_prebalancing.csv.gz
Ptychodera,scaffold1636_cov125:-:311909:312112,5548,no,train,scaffold1636_cov125,312065,-,58,0,Ptychodera_prebalancing.csv.gz
Ptychodera,scaffold17107_cov97:-:167714:170261,6192,no,train,scaffold17107_cov97,167940,-,287,0,Ptychodera_prebalancing.csv.gz
Ptychodera,scaffold39128_cov134:+:98912:99592,14095,no,train,scaffold39128_cov134,99420,+,517,0,Ptychodera_prebalancing.csv.gz
Ptychodera,scaffold17689_cov156:+:96322:96960,6919,yes,train,scaffold17689_cov156,96558,+,172,0.3474178403755869,Ptychodera_prebalancing.csv.gz
Ptychodera,scaffold30030_cov79:+:14578:14882,11832,no,train,scaffold30030_cov79,14878,+,308,0,Ptychodera_prebalancing.csv.gz
Ptychodera,scaffold6440_cov168:+:352921:355362,16570,no,train,scaffold6440_cov168,354103,+,62,0,Ptychodera_prebalancing.csv.gz
Ptychodera,scaffold3861_cov165:-:35132:35576,13788,yes,train,scaffold3861_cov165,35321,-,378,1,Ptychodera_prebalancing.csv.gz
Ptychodera,scaffold16631_cov137:+:14242:14561,5760,no,train,scaffold16631_cov137,14294,+,10,0,Ptychodera_prebalancing.csv.gz
Ptychodera,scaffold1323_cov134:+:427103:427584,3173,yes,train,scaffold1323_cov134,427474,+,346,0.2416829745596868,Ptychodera_prebalancing.csv.gz
Ptychodera,scaffold9925_cov150:+:170081:170786,20173,yes,train,scaffold9925_cov150,170458,+,393,0.6394052044609665,Ptychodera_prebalancing.csv.gz
Ptychodera,scaffold50865_cov127:-:17389:18451,15751,no,train,scaffold50865_cov127,18443,-,20,0,Ptychodera_prebalancing.csv.gz
Ptychodera,scaffold42799_cov92:-:31872:32078,14575,yes,train,scaffold42799_cov92,31873,-,226,0.2592592592592592,Ptychodera_prebalancing.csv.gz
Ptychodera,scaffold35672_cov133:+:311021:311749,13126,yes,train,scaffold35672_cov133,311631,+,244,0.211864406779661,Ptychodera_prebalancing.csv.gz
Ptychodera,scaffold38562_cov122:-:141886:143137,13639,no,train,scaffold38562_cov122,142047,-,362,0,Ptychodera_prebalancing.csv.gz
Ptychodera,scaffold7626_cov144:-:459173:459972,18021,no,train,scaffold7626_cov144,459180,-,176,0,Ptychodera_prebalancing.csv.gz
Ptychodera,scaffold2530_cov139:+:315112:315261,9947,no,train,scaffold2530_cov139,315280,+,209,0,Ptychodera_prebalancing.csv.gz
Ptychodera,scaffold17162_cov153:+:189363:189663,6433,yes,train,scaffold17162_cov153,189540,+,194,0.1504424778761062,Ptychodera_prebalancing.csv.gz
Ptychodera,scaffold2869_cov154:+:107409:107792,11034,yes,train,scaffold2869_cov154,107488,+,107,0.8462783171521036,Ptychodera_prebalancing.csv.gz
Ptychodera,scaffold26652_cov126:-:22721:23423,10403,yes,train,scaffold26652_cov126,23294,-,140,0.3511111111111111,Ptychodera_prebalancing.csv.gz
Ptychodera,scaffold10165_cov134:-:283423:285289,62,yes,train,scaffold10165_cov134,283927,-,145,0.9166666666666666,Ptychodera_prebalancing.csv.gz
Ptychodera,scaffold8636_cov148:-:61168:61687,18943,no,train,scaffold8636_cov148,61201,-,424,0,Ptychodera_prebalancing.csv.gz
Ptychodera,scaffold16631_cov137:+:14242:14561,5809,yes,train,scaffold16631_cov137,14469,+,191,0.38860103626943,Ptychodera_prebalancing.csv.gz
Ptychodera,scaffold12381_cov139:+:19073:19682,2499,yes,train,scaffold12381_cov139,19202,+,137,0.3333333333333333,Ptychodera_prebalancing.csv.gz
Ptychodera,scaffold3698_cov112:+:68018:68572,13289,yes,train,scaffold3698_cov112,68239,+,235,0.723404255319149,Ptychodera_prebalancing.csv.gz
Ptychodera,scaffold16631_cov137:+:14242:14561,5768,no,train,scaffold16631_cov137,14330,+,46,0,Ptychodera_prebalancing.csv.gz
Ptychodera,scaffold161431_cov89:-:17574:18493,5212,yes,train,scaffold161431_cov89,17666,-,192,1,Ptychodera_prebalancing.csv.gz
Ptychodera,scaffold7266_cov140:+:132494:133145,17745,yes,train,scaffold7266_cov140,132696,+,143,0.1641791044776119,Ptychodera_prebalancing.csv.gz
Ptychodera,scaffold208_cov126:+:155246:156052,8089,yes,train,scaffold208_cov126,155661,+,53,1,Ptychodera_prebalancing.csv.gz
Ptychodera,scaffold81961_cov101:+:2614:2737,18740,no,train,scaffold81961_cov101,2688,+,136,0,Ptychodera_prebalancing.csv.gz
Ptychodera,scaffold1173_cov143:+:408154:408573,1886,no,train,scaffold1173_cov143,408489,+,288,0,Ptychodera_prebalancing.csv.gz
Ptychodera,scaffold1323_cov134:+:427103:427584,3172,yes,train,scaffold1323_cov134,427473,+,345,0.3282001924927815,Ptychodera_prebalancing.csv.gz
Ptychodera,scaffold28973_cov114:-:191957:192418,11276,no,train,scaffold28973_cov114,192272,-,22,0,Ptychodera_prebalancing.csv.gz
Ptychodera,scaffold45193_cov139:+:238005:238224,15033,no,train,scaffold45193_cov139,238218,+,283,0,Ptychodera_prebalancing.csv.gz
Ptychodera,scaffold23899_cov112:+:9403:9576,9185,yes,train,scaffold23899_cov112,9557,+,176,0.83125,Ptychodera_prebalancing.csv.gz
Ptychodera,scaffold2991_cov164:-:247815:248280,11452,yes,train,scaffold2991_cov164,247826,-,296,0.925925925925926,Ptychodera_prebalancing.csv.gz
Ptychodera,scaffold2794_cov133:+:82026:82461,10816,yes,train,scaffold2794_cov133,82046,+,37,0.7913669064748201,Ptychodera_prebalancing.csv.gz
Ptychodera,scaffold67423_cov132:-:90821:91300,17089,yes,train,scaffold67423_cov132,90960,-,303,0.3611111111111111,Ptychodera_prebalancing.csv.gz
Ptychodera,scaffold1885_cov156:+:129197:130977,7446,yes,train,scaffold1885_cov156,129405,+,222,0.9572649572649572,Ptychodera_prebalancing.csv.gz
Ptychodera,scaffold8095_cov123:-:171963:172984,18530,no,train,scaffold8095_cov123,172847,-,122,0,Ptychodera_prebalancing.csv.gz
Ptychodera,scaffold11057_cov150:+:26358:26818,531,yes,train,scaffold11057_cov150,26803,+,177,0.8348623853211009,Ptychodera_prebalancing.csv.gz
Ptychodera,scaffold1323_cov134:+:427103:427584,3186,yes,train,scaffold1323_cov134,427506,+,378,0.1983606557377049,Ptychodera_prebalancing.csv.gz
Ptychodera,scaffold1241_cov154:-:109445:109789,2630,no,train,scaffold1241_cov154,109696,-,100,0,Ptychodera_prebalancing.csv.gz
Ptychodera,scaffold1171266_cov138:+:73162:74049,1524,no,train,scaffold1171266_cov138,73995,+,429,0,Ptychodera_prebalancing.csv.gz
Ptychodera,scaffold6811_cov133:-:238109:238607,17278,yes,train,scaffold6811_cov133,238136,-,431,0.2864583333333333,Ptychodera_prebalancing.csv.gz
Ptychodera,scaffold67423_cov132:-:90821:91300,17104,no,train,scaffold67423_cov132,91002,-,261,0,Ptychodera_prebalancing.csv.gz
Ptychodera,scaffold153100_cov97:+:57733:57923,4566,yes,train,scaffold153100_cov97,57914,+,189,0.5238095238095238,Ptychodera_prebalancing.csv.gz
Ptychodera,scaffold10981_cov157:-:320342:321622,440,yes,train,scaffold10981_cov157,320820,-,122,1,Ptychodera_prebalancing.csv.gz
Ptychodera,scaffold12565_cov89:-:352301:352848,2943,yes,train,scaffold12565_cov89,352822,-,88,0.6586826347305389,Ptychodera_prebalancing.csv.gz
Ptychodera,scaffold1539_cov135:-:495376:495773,4692,yes,train,scaffold1539_cov135,495770,-,23,0.3615384615384615,Ptychodera_prebalancing.csv.gz
Ptychodera,scaffold1801_cov157:+:172979:173254,7125,no,train,scaffold1801_cov157,173249,+,337,0,Ptychodera_prebalancing.csv.gz
Ptychodera,scaffold22042_cov145:-:11224:12451,8676,no,train,scaffold22042_cov145,11289,-,156,0,Ptychodera_prebalancing.csv.gz
Ptychodera,scaffold9925_cov150:+:170081:170786,20121,no,train,scaffold9925_cov150,170255,+,183,0,Ptychodera_prebalancing.csv.gz
Ptychodera,scaffold10165_cov134:-:283423:285289,99,yes,train,scaffold10165_cov134,285288,-,21,0.2596401028277635,Ptychodera_prebalancing.csv.gz
Ptychodera,scaffold1603_cov140:-:2704:3035,5092,no,train,scaffold1603_cov140,2868,-,181,0,Ptychodera_prebalancing.csv.gz
Ptychodera,scaffold1171789_cov119:-:19586:20038,1728,no,train,scaffold1171789_cov119,20037,-,31,0,Ptychodera_prebalancing.csv.gz
Ptychodera,scaffold10734_cov95:+:35769:36582,350,no,train,scaffold10734_cov95,36601,+,375,0,Ptychodera_prebalancing.csv.gz
Ptychodera,scaffold24497_cov89:-:27735:28057,9445,yes,train,scaffold24497_cov89,27795,-,274,0.6549295774647887,Ptychodera_prebalancing.csv.gz
Ptychodera,scaffold9925_cov150:+:170081:170786,20183,yes,train,scaffold9925_cov150,170486,+,421,0.336322869955157,Ptychodera_prebalancing.csv.gz
Ptychodera,scaffold10734_cov95:+:35769:36582,355,no,train,scaffold10734_cov95,36629,+,403,0,Ptychodera_prebalancing.csv.gz
Ptychodera,scaffold7723_cov121:+:445396:445849,18244,no,train,scaffold7723_cov121,445829,+,322,0,Ptychodera_prebalancing.csv.gz
Ptychodera,scaffold21173_cov137:-:525055:525229,8265,yes,train,scaffold21173_cov137,525065,-,194,0.8736263736263736,Ptychodera_prebalancing.csv.gz
Ptychodera,scaffold24497_cov89:-:27735:28057,9436,yes,train,scaffold24497_cov89,27764,-,305,0.8859649122807017,Ptychodera_prebalancing.csv.gz
Ptychodera,scaffold348914_cov132:-:18141:18583,12893,yes,train,scaffold348914_cov132,18209,-,269,0.9203539823008848,Ptychodera_prebalancing.csv.gz
Ptychodera,scaffold2530_cov139:+:315112:315261,9915,no,train,scaffold2530_cov139,315161,+,85,0,Ptychodera_prebalancing.csv.gz
Ptychodera,scaffold124823_cov151:-:162483:162816,2789,no,train,scaffold124823_cov151,162589,-,248,0,Ptychodera_prebalancing.csv.gz
Ptychodera,scaffold50865_cov127:-:17389:18451,15740,yes,train,scaffold50865_cov127,18421,-,42,0.5365853658536586,Ptychodera_prebalancing.csv.gz
Ptychodera,scaffold6440_cov168:+:352921:355362,16598,yes,train,scaffold6440_cov168,354817,+,283,0.4198473282442748,Ptychodera_prebalancing.csv.gz
Ptychodera,scaffold208_cov126:+:146398:147328,8058,no,train,scaffold208_cov126,147284,+,186,0,Ptychodera_prebalancing.csv.gz
Ptychodera,scaffold22042_cov145:-:44137:44562,8754,no,train,scaffold22042_cov145,44588,-,13,0,Ptychodera_prebalancing.csv.gz
Ptychodera,scaffold14503_cov110:+:699477:699642,4030,yes,train,scaffold14503_cov110,699640,+,193,0.8050101557210562,Ptychodera_prebalancing.csv.gz
Ptychodera,scaffold26652_cov126:-:22721:23423,10349,yes,train,scaffold26652_cov126,23148,-,286,0.3703703703703703,Ptychodera_prebalancing.csv.gz
Ptychodera,scaffold10165_cov134:-:283423:285289,68,no,train,scaffold10165_cov134,283948,-,124,0,Ptychodera_prebalancing.csv.gz
Ptychodera,scaffold22268_cov115:-:24754:25527,8866,yes,train,scaffold22268_cov115,24831,-,79,0.2647058823529412,Ptychodera_prebalancing.csv.gz
Ptychodera,scaffold1171258_cov122:+:213330:213576,1411,no,train,scaffold1171258_cov122,213408,+,95,0,Ptychodera_prebalancing.csv.gz
Ptychodera,scaffold1156276_cov87:-:99184:100330,1050,no,train,scaffold1156276_cov87,99503,-,68,0,Ptychodera_prebalancing.csv.gz
Ptychodera,scaffold16732_cov160:+:289154:289485,5870,yes,train,scaffold16732_cov160,289239,+,121,0.4896551724137931,Ptychodera_prebalancing.csv.gz
Ptychodera,scaffold38562_cov122:-:141886:143137,13645,yes,train,scaffold38562_cov122,142059,-,350,0.5573770491803278,Ptychodera_prebalancing.csv.gz
Ptychodera,scaffold1224_cov153:-:203704:204843,2273,no,train,scaffold1224_cov153,204802,-,66,0,Ptychodera_prebalancing.csv.gz
Ptychodera,scaffold1171763_cov97:-:24808:25449,1611,yes,train,scaffold1171763_cov97,24823,-,344,0.6,Ptychodera_prebalancing.csv.gz
Ptychodera,scaffold1224_cov153:-:203704:204843,2239,no,train,scaffold1224_cov153,204685,-,187,0,Ptychodera_prebalancing.csv.gz
Ptychodera,scaffold2140_cov133:-:174815:176568,8480,no,train,scaffold2140_cov133,175068,-,81,0,Ptychodera_prebalancing.csv.gz
Ptychodera,scaffold7626_cov144:-:459173:459972,18066,yes,train,scaffold7626_cov144,459972,-,22,0.1885813148788927,Ptychodera_prebalancing.csv.gz
Ptychodera,scaffold10119_cov162:+:267012:267948,12,yes,train,scaffold10119_cov162,267034,+,24,0.5634920634920635,Ptychodera_prebalancing.csv.gz
Ptychodera,scaffold3064_cov157:-:750409:751493,11866,yes,train,scaffold3064_cov157,751476,-,40,0.1545454545454545,Ptychodera_prebalancing.csv.gz
Ptychodera,scaffold208_cov126:+:155246:156052,8096,yes,train,scaffold208_cov126,155681,+,73,0.2981029810298103,Ptychodera_prebalancing.csv.gz
Ptychodera,scaffold96532_cov96:+:290036:290160,19887,no,train,scaffold96532_cov96,290172,+,185,0,Ptychodera_prebalancing.csv.gz
Ptychodera,scaffold12565_cov89:-:352301:352848,2909,yes,train,scaffold12565_cov89,352696,-,214,0.3756756756756756,Ptychodera_prebalancing.csv.gz
Ptychodera,scaffold1560_cov86:-:11001:11335,4866,no,train,scaffold1560_cov86,11049,-,190,0,Ptychodera_prebalancing.csv.gz
Ptychodera,scaffold10189_cov149:+:223808:225100,119,yes,train,scaffold10189_cov149,224843,+,153,0.1794871794871795,Ptychodera_prebalancing.csv.gz
Ptychodera,scaffold3081_cov168:-:128788:128942,11891,no,train,scaffold3081_cov168,128755,-,270,0,Ptychodera_prebalancing.csv.gz
Ptychodera,scaffold26652_cov126:-:22721:23423,10365,no,train,scaffold26652_cov126,23192,-,242,0,Ptychodera_prebalancing.csv.gz
Ptychodera,scaffold114779_cov129:-:9728:10643,663,yes,train,scaffold114779_cov129,10363,-,218,0.5798319327731093,Ptychodera_prebalancing.csv.gz
Ptychodera,scaffold1156276_cov87:-:99184:100330,1042,yes,train,scaffold1156276_cov87,99488,-,83,0.8501742160278746,Ptychodera_prebalancing.csv.gz
Ptychodera,scaffold1171266_cov138:-:157533:158115,1577,yes,train,scaffold1171266_cov138,158006,-,54,0.2087542087542087,Ptychodera_prebalancing.csv.gz
Ptychodera,scaffold7613_cov119:+:136766:136903,17978,no,train,scaffold7613_cov119,136835,+,150,0,Ptychodera_prebalancing.csv.gz
Ptychodera,scaffold478_cov113:-:167312:167702,15295,no,train,scaffold478_cov113,167381,-,246,0,Ptychodera_prebalancing.csv.gz
Ptychodera,scaffold2520_cov137:-:716980:717272,9846,yes,train,scaffold2520_cov137,717266,-,6,0.464,Ptychodera_prebalancing.csv.gz
Ptychodera,scaffold114779_cov129:-:9728:10643,664,yes,train,scaffold114779_cov129,10371,-,210,0.57,Ptychodera_prebalancing.csv.gz
Ptychodera,scaffold3698_cov112:+:68018:68572,13273,yes,train,scaffold3698_cov112,68185,+,181,0.9888059701492538,Ptychodera_prebalancing.csv.gz
Ptychodera,scaffold124823_cov151:-:162483:162816,2848,no,train,scaffold124823_cov151,162799,-,32,0,Ptychodera_prebalancing.csv.gz
Ptychodera,scaffold12565_cov89:-:352301:352848,2893,yes,train,scaffold12565_cov89,352457,-,452,0.6378378378378379,Ptychodera_prebalancing.csv.gz
Ptychodera,scaffold11537_cov112:+:299365:299845,710,yes,train,scaffold11537_cov112,299503,+,49,0.4117647058823529,Ptychodera_prebalancing.csv.gz
Ptychodera,scaffold32521_cov86:+:2399:2886,12239,yes,train,scaffold32521_cov86,2454,+,61,0.4584269662921348,Ptychodera_prebalancing.csv.gz
Ptychodera,scaffold30030_cov79:+:14578:14882,11766,yes,train,scaffold30030_cov79,14589,+,13,0.2709677419354839,Ptychodera_prebalancing.csv.gz
Ptychodera,scaffold8026_cov121:-:76174:76416,18398,yes,train,scaffold8026_cov121,76321,-,95,0.6617647058823529,Ptychodera_prebalancing.csv.gz
Ptychodera,scaffold10165_cov134:-:283423:285289,48,yes,train,scaffold10165_cov134,283887,-,185,0.1515151515151515,Ptychodera_prebalancing.csv.gz
Ptychodera,scaffold478_cov113:-:167312:167702,15322,no,train,scaffold478_cov113,167571,-,131,0,Ptychodera_prebalancing.csv.gz
Ptychodera,scaffold11537_cov112:+:299365:299845,696,yes,train,scaffold11537_cov112,299466,+,12,0.5311004784688995,Ptychodera_prebalancing.csv.gz
Ptychodera,scaffold22042_cov145:-:11224:12451,8664,yes,train,scaffold22042_cov145,11240,-,205,0.4539877300613497,Ptychodera_prebalancing.csv.gz
Ptychodera,scaffold6811_cov133:-:238109:238607,17357,yes,train,scaffold6811_cov133,238511,-,120,0.8815165876777251,Ptychodera_prebalancing.csv.gz
Ptychodera,scaffold1224_cov153:-:203704:204843,2243,yes,train,scaffold1224_cov153,204700,-,172,0.1972789115646258,Ptychodera_prebalancing.csv.gz
Ptychodera,scaffold38562_cov122:-:141886:143137,13587,yes,train,scaffold38562_cov122,141903,-,506,0.1735849056603773,Ptychodera_prebalancing.csv.gz
Ptychodera,scaffold1171789_cov119:-:19586:20038,1716,no,train,scaffold1171789_cov119,20021,-,47,0,Ptychodera_prebalancing.csv.gz
Ptychodera,scaffold1539_cov135:-:495376:495773,4684,yes,train,scaffold1539_cov135,495746,-,47,0.8571428571428571,Ptychodera_prebalancing.csv.gz
Ptychodera,scaffold3552_cov134:-:514923:515191,13069,no,train,scaffold3552_cov134,515061,-,199,0,Ptychodera_prebalancing.csv.gz
Ptychodera,scaffold6755_cov113:-:31779:31986,17175,yes,train,scaffold6755_cov113,31818,-,175,0.9416666666666668,Ptychodera_prebalancing.csv.gz
Ptychodera,scaffold178834_cov87:+:2261:3116,7009,yes,train,scaffold178834_cov87,3079,+,182,0.9422382671480144,Ptychodera_prebalancing.csv.gz
Ptychodera,scaffold10981_cov157:-:320342:321622,403,yes,train,scaffold10981_cov157,320343,-,522,0.160377358490566,Ptychodera_prebalancing.csv.gz
Ptychodera,scaffold1560_cov86:-:11001:11335,4892,no,train,scaffold1560_cov86,11243,-,95,0,Ptychodera_prebalancing.csv.gz
Ptychodera,scaffold910_cov130:+:473330:473536,19224,no,train,scaffold910_cov130,473577,+,307,0,Ptychodera_prebalancing.csv.gz
Ptychodera,scaffold1846_cov106:+:136856:137077,7411,no,train,scaffold1846_cov106,137067,+,214,0,Ptychodera_prebalancing.csv.gz
Ptychodera,scaffold1631_cov148:+:773586:775046,5496,no,train,scaffold1631_cov148,775099,+,250,0,Ptychodera_prebalancing.csv.gz
Ptychodera,scaffold462_cov140:+:786123:786403,15177,no,train,scaffold462_cov140,786434,+,174,0,Ptychodera_prebalancing.csv.gz
Ptychodera,scaffold12381_cov139:+:19073:19682,2453,no,train,scaffold12381_cov139,19069,+,4,0,Ptychodera_prebalancing.csv.gz
Ptychodera,scaffold3309_cov156:-:685249:685617,12433,yes,train,scaffold3309_cov156,685315,-,343,0.7969924812030075,Ptychodera_prebalancing.csv.gz
Ptychodera,scaffold851_cov164:+:208862:209420,18928,yes,train,scaffold851_cov164,209420,+,290,0.392,Ptychodera_prebalancing.csv.gz
Ptychodera,scaffold81961_cov101:+:2614:2737,18761,no,train,scaffold81961_cov101,2747,+,195,0,Ptychodera_prebalancing.csv.gz
Ptychodera,scaffold8953_cov140:+:56023:56332,19079,yes,train,scaffold8953_cov140,56123,+,101,0.2857142857142857,Ptychodera_prebalancing.csv.gz
Ptychodera,scaffold26652_cov126:+:156424:156704,10468,yes,train,scaffold26652_cov126,156493,+,66,0.8308823529411765,Ptychodera_prebalancing.csv.gz
Ptychodera,scaffold1631_cov148:+:705302:705603,5336,no,train,scaffold1631_cov148,705378,+,95,0,Ptychodera_prebalancing.csv.gz
Ptychodera,scaffold1224_cov153:-:203704:204843,2285,yes,train,scaffold1224_cov153,204843,-,25,0.5363636363636364,Ptychodera_prebalancing.csv.gz
Ptychodera,scaffold18025_cov163:+:6470:7342,7207,no,train,scaffold18025_cov163,7026,+,361,0,Ptychodera_prebalancing.csv.gz
Ptychodera,scaffold348914_cov132:-:18141:18583,12921,yes,train,scaffold348914_cov132,18494,-,138,0.7412587412587412,Ptychodera_prebalancing.csv.gz
Ptychodera,scaffold38562_cov122:-:141886:143137,13617,yes,train,scaffold38562_cov122,141986,-,423,0.35625,Ptychodera_prebalancing.csv.gz
Ptychodera,scaffold17689_cov156:+:96322:96960,6963,yes,train,scaffold17689_cov156,96792,+,401,0.2857142857142857,Ptychodera_prebalancing.csv.gz
Ptychodera,scaffold114779_cov129:-:9728:10643,642,yes,train,scaffold114779_cov129,10054,-,356,0.8389830508474576,Ptychodera_prebalancing.csv.gz
Ptychodera,scaffold2089_cov155:-:232960:233269,8007,yes,train,scaffold2089_cov155,233262,-,10,0.365079365079365,Ptychodera_prebalancing.csv.gz
Ptychodera,scaffold16052_cov95:+:62339:62985,5153,yes,train,scaffold16052_cov95,62371,+,37,1,Ptychodera_prebalancing.csv.gz
Ptychodera,scaffold24895_cov120:-:137039:137692,9465,yes,train,scaffold24895_cov120,137255,-,336,0.7184466019417476,Ptychodera_prebalancing.csv.gz
Ptychodera,scaffold462_cov140:+:786123:786403,15150,no,train,scaffold462_cov140,786120,+,88,0,Ptychodera_prebalancing.csv.gz
Ptychodera,scaffold124823_cov151:-:162483:162816,2755,no,train,scaffold124823_cov151,162504,-,333,0,Ptychodera_prebalancing.csv.gz
Ptychodera,scaffold8953_cov140:+:56023:56332,19076,no,train,scaffold8953_cov140,56109,+,87,0,Ptychodera_prebalancing.csv.gz
Ptychodera,scaffold2991_cov164:+:23681:24617,11429,yes,train,scaffold2991_cov164,23743,+,80,0.9646017699115044,Ptychodera_prebalancing.csv.gz
Ptychodera,scaffold2794_cov133:+:82026:82461,10828,yes,train,scaffold2794_cov133,82073,+,64,0.5275590551181102,Ptychodera_prebalancing.csv.gz
Ptychodera,scaffold1171266_cov138:-:157533:158115,1579,no,train,scaffold1171266_cov138,158012,-,48,0,Ptychodera_prebalancing.csv.gz
Ptychodera,scaffold4923_cov126:-:400667:401530,15618,no,train,scaffold4923_cov126,400914,-,509,0,Ptychodera_prebalancing.csv.gz
Ptychodera,scaffold9555_cov137:-:57548:57703,19581,no,train,scaffold9555_cov137,57801,-,28,0,Ptychodera_prebalancing.csv.gz
Ptychodera,scaffold17107_cov97:-:167714:170261,6250,no,train,scaffold17107_cov97,170288,-,82,0,Ptychodera_prebalancing.csv.gz
Ptychodera,scaffold1171266_cov138:-:157533:158115,1587,no,train,scaffold1171266_cov138,158033,-,27,0,Ptychodera_prebalancing.csv.gz
Ptychodera,scaffold7266_cov140:+:132494:133145,17744,yes,train,scaffold7266_cov140,132695,+,142,0.1679389312977099,Ptychodera_prebalancing.csv.gz
Ptychodera,scaffold910_cov130:+:473330:473536,19179,no,train,scaffold910_cov130,473457,+,187,0,Ptychodera_prebalancing.csv.gz
Ptychodera,scaffold8320_cov145:-:201769:202952,18770,yes,train,scaffold8320_cov145,202815,-,145,0.7565217391304347,Ptychodera_prebalancing.csv.gz
Ptychodera,scaffold14503_cov110:+:699477:699642,3986,no,train,scaffold14503_cov110,699454,+,2,0,Ptychodera_prebalancing.csv.gz
Ptychodera,scaffold32521_cov86:+:2399:2886,12255,yes,train,scaffold32521_cov86,2550,+,157,0.4102564102564102,Ptychodera_prebalancing.csv.gz
Ptychodera,scaffold69346_cov100:-:116631:116958,17537,yes,train,scaffold69346_cov100,116907,-,30,0.7661290322580645,Ptychodera_prebalancing.csv.gz
Ptychodera,scaffold556_cov97:+:144855:145103,15931,no,train,scaffold556_cov97,144889,+,48,0,Ptychodera_prebalancing.csv.gz
Ptychodera,scaffold1171763_cov97:-:24808:25449,1630,yes,train,scaffold1171763_cov97,24886,-,281,0.8153846153846154,Ptychodera_prebalancing.csv.gz
Ptychodera,scaffold5571_cov159:-:181815:182119,15996,no,train,scaffold5571_cov159,181843,-,168,0,Ptychodera_prebalancing.csv.gz
Ptychodera,scaffold1173_cov143:+:408154:408573,1806,no,train,scaffold1173_cov143,408186,+,31,0,Ptychodera_prebalancing.csv.gz
Ptychodera,scaffold10165_cov134:-:283423:285289,40,no,train,scaffold10165_cov134,283850,-,222,0,Ptychodera_prebalancing.csv.gz
Ptychodera,scaffold2140_cov133:-:174815:176568,8446,no,train,scaffold2140_cov133,174946,-,209,0,Ptychodera_prebalancing.csv.gz
Ptychodera,scaffold21173_cov137:-:525055:525229,8281,yes,train,scaffold21173_cov137,525110,-,149,0.4582043343653251,Ptychodera_prebalancing.csv.gz
Ptychodera,scaffold1636_cov125:-:375792:376043,5592,no,train,scaffold1636_cov125,375850,-,265,0,Ptychodera_prebalancing.csv.gz
Ptychodera,scaffold385573_cov79:+:6977:7422,13561,yes,train,scaffold385573_cov79,7074,+,146,0.1605839416058394,Ptychodera_prebalancing.csv.gz
Ptychodera,scaffold18025_cov163:+:6470:7342,7160,yes,train,scaffold18025_cov163,6498,+,55,0.8245614035087719,Ptychodera_prebalancing.csv.gz
Ptychodera,scaffold32521_cov86:+:2399:2886,12267,yes,train,scaffold32521_cov86,2581,+,188,0.3986013986013986,Ptychodera_prebalancing.csv.gz
Ptychodera,scaffold22210_cov134:-:250558:251371,8846,yes,train,scaffold22210_cov134,251121,-,153,0.4666666666666667,Ptychodera_prebalancing.csv.gz
Ptychodera,scaffold1171763_cov97:-:24808:25449,1670,no,train,scaffold1171763_cov97,25445,-,12,0,Ptychodera_prebalancing.csv.gz
Ptychodera,scaffold15286_cov116:+:379161:379775,4466,no,train,scaffold15286_cov116,379145,+,105,0,Ptychodera_prebalancing.csv.gz
Ptychodera,scaffold16732_cov160:+:289154:289485,5887,no,train,scaffold16732_cov160,289382,+,198,0,Ptychodera_prebalancing.csv.gz
Ptychodera,scaffold3698_cov112:+:68018:68572,13269,yes,train,scaffold3698_cov112,68169,+,165,0.4574898785425101,Ptychodera_prebalancing.csv.gz
Ptychodera,scaffold1171258_cov122:+:213330:213576,1448,no,train,scaffold1171258_cov122,213538,+,229,0,Ptychodera_prebalancing.csv.gz
Ptychodera,scaffold1636_cov125:-:375792:376043,5616,no,train,scaffold1636_cov125,375963,-,148,0,Ptychodera_prebalancing.csv.gz
Ptychodera,scaffold617_cov97:-:108357:109123,16415,yes,train,scaffold617_cov97,109115,-,158,0.165680473372781,Ptychodera_prebalancing.csv.gz
Ptychodera,scaffold9645_cov134:-:516300:516668,19750,yes,train,scaffold9645_cov134,516354,-,205,0.9578947368421052,Ptychodera_prebalancing.csv.gz
Ptychodera,scaffold12565_cov89:-:352301:352848,2875,yes,train,scaffold12565_cov89,352402,-,507,1,Ptychodera_prebalancing.csv.gz
Ptychodera,scaffold56_cov136:+:584474:585605,16141,no,train,scaffold56_cov136,584616,+,128,0,Ptychodera_prebalancing.csv.gz
Ptychodera,scaffold2991_cov164:+:23681:24617,11428,yes,train,scaffold2991_cov164,23741,+,78,0.203883495145631,Ptychodera_prebalancing.csv.gz
Ptychodera,scaffold20579_cov130:+:131832:133788,7885,no,train,scaffold20579_cov130,132938,+,35,0,Ptychodera_prebalancing.csv.gz
Ptychodera,scaffold31965_cov155:-:252190:253635,12072,no,train,scaffold31965_cov155,252299,-,204,0,Ptychodera_prebalancing.csv.gz
Ptychodera,scaffold23174_cov134:+:212578:215051,9005,yes,train,scaffold23174_cov134,213502,+,8,0.3486842105263157,Ptychodera_prebalancing.csv.gz
Ptychodera,scaffold38562_cov122:-:141886:143137,13651,yes,train,scaffold38562_cov122,142079,-,330,0.4855769230769231,Ptychodera_prebalancing.csv.gz
Ptychodera,scaffold2991_cov164:-:858007:858838,11736,no,train,scaffold2991_cov164,858717,-,124,0,Ptychodera_prebalancing.csv.gz
Ptychodera,scaffold9645_cov134:-:516300:516668,19767,no,train,scaffold9645_cov134,516576,-,126,0,Ptychodera_prebalancing.csv.gz
Ptychodera,scaffold947_cov114:-:3216:3537,19456,yes,train,scaffold947_cov114,3320,-,144,0.8015873015873016,Ptychodera_prebalancing.csv.gz
Ptychodera,scaffold13151_cov141:-:223221:223604,3157,yes,train,scaffold13151_cov141,223604,-,20,0.515695067264574,Ptychodera_prebalancing.csv.gz
Ptychodera,scaffold26652_cov126:-:22721:23423,10437,yes,train,scaffold26652_cov126,23396,-,38,0.4803921568627451,Ptychodera_prebalancing.csv.gz
Ptychodera,scaffold1156_cov135:+:159292:159369,1170,no,train,scaffold1156_cov135,159375,+,225,0,Ptychodera_prebalancing.csv.gz
Ptychodera,scaffold6440_cov168:+:352921:355362,16566,no,train,scaffold6440_cov168,354089,+,48,0,Ptychodera_prebalancing.csv.gz
Ptychodera,scaffold9925_cov150:+:170081:170786,20126,no,train,scaffold9925_cov150,170263,+,191,0,Ptychodera_prebalancing.csv.gz
Ptychodera,scaffold8026_cov121:-:76174:76416,18417,yes,train,scaffold8026_cov121,76379,-,37,0.8636363636363636,Ptychodera_prebalancing.csv.gz
Ptychodera,scaffold2991_cov164:-:858007:858838,11546,yes,train,scaffold2991_cov164,858022,-,713,0.8245614035087719,Ptychodera_prebalancing.csv.gz
Ptychodera,scaffold3782_cov139:+:169976:170896,13404,yes,train,scaffold3782_cov139,170715,+,68,0.46875,Ptychodera_prebalancing.csv.gz
Ptychodera,scaffold28848_cov151:-:119895:120090,11137,no,train,scaffold28848_cov151,120009,-,95,0,Ptychodera_prebalancing.csv.gz
Ptychodera,scaffold13801_cov94:-:33000:33728,3608,no,train,scaffold13801_cov94,33745,-,45,0,Ptychodera_prebalancing.csv.gz
Ptychodera,scaffold3698_cov112:+:68018:68572,13268,yes,train,scaffold3698_cov112,68168,+,164,0.1687242798353909,Ptychodera_prebalancing.csv.gz
Ptychodera,scaffold6649_cov117:-:267599:267994,16933,yes,train,scaffold6649_cov117,267969,-,38,0.2018348623853211,Ptychodera_prebalancing.csv.gz
Ptychodera,scaffold5178_cov121:-:386626:386801,15762,no,train,scaffold5178_cov121,386624,-,198,0,Ptychodera_prebalancing.csv.gz
Ptychodera,scaffold1560_cov86:-:11001:11335,4862,no,train,scaffold1560_cov86,11037,-,202,0,Ptychodera_prebalancing.csv.gz
Ptychodera,scaffold22042_cov145:-:44137:44562,8737,yes,train,scaffold22042_cov145,44523,-,78,0.5652173913043478,Ptychodera_prebalancing.csv.gz
Ptychodera,scaffold208_cov126:+:155246:156052,8149,yes,train,scaffold208_cov126,156014,+,240,0.3699186991869919,Ptychodera_prebalancing.csv.gz
Ptychodera,scaffold10981_cov157:-:320342:321622,441,yes,train,scaffold10981_cov157,320822,-,120,0.5185185185185185,Ptychodera_prebalancing.csv.gz
Ptychodera,scaffold208_cov126:+:146398:147328,8073,no,train,scaffold208_cov126,147327,+,229,0,Ptychodera_prebalancing.csv.gz
Ptychodera,scaffold4067_cov148:+:83646:83942,14417,no,train,scaffold4067_cov148,83994,+,355,0,Ptychodera_prebalancing.csv.gz
Ptychodera,scaffold17689_cov156:+:96322:96960,6961,yes,train,scaffold17689_cov156,96789,+,398,0.3508771929824561,Ptychodera_prebalancing.csv.gz
Ptychodera,scaffold940946_cov135:-:59871:60197,19352,no,train,scaffold940946_cov135,59886,-,325,0,Ptychodera_prebalancing.csv.gz
Ptychodera,scaffold1835_cov136:+:285845:286147,7356,no,train,scaffold1835_cov136,286165,+,179,0,Ptychodera_prebalancing.csv.gz
Ptychodera,scaffold17107_cov97:-:167714:170261,6178,yes,train,scaffold17107_cov97,167893,-,334,0.976470588235294,Ptychodera_prebalancing.csv.gz
Ptychodera,scaffold21297_cov142:-:138460:138685,8361,no,train,scaffold21297_cov142,138612,-,86,0,Ptychodera_prebalancing.csv.gz
Ptychodera,scaffold6755_cov113:-:31779:31986,17199,yes,train,scaffold6755_cov113,31945,-,87,0.20625,Ptychodera_prebalancing.csv.gz
Ptychodera,scaffold4067_cov148:+:83646:83942,14426,no,train,scaffold4067_cov148,84024,+,385,0,Ptychodera_prebalancing.csv.gz
Ptychodera,scaffold12565_cov89:-:352301:352848,2863,yes,train,scaffold12565_cov89,352369,-,540,0.233695652173913,Ptychodera_prebalancing.csv.gz
Ptychodera,scaffold3552_cov134:-:514923:515191,13064,no,train,scaffold3552_cov134,515049,-,211,0,Ptychodera_prebalancing.csv.gz
Ptychodera,scaffold2160_cov159:-:67362:67625,8560,yes,train,scaffold2160_cov159,67411,-,252,0.9333333333333332,Ptychodera_prebalancing.csv.gz
Ptychodera,scaffold11057_cov150:+:26358:26818,530,yes,train,scaffold11057_cov150,26800,+,174,0.931372549019608,Ptychodera_prebalancing.csv.gz
Ptychodera,scaffold8095_cov123:-:171963:172984,18541,yes,train,scaffold8095_cov123,172893,-,76,0.4927536231884058,Ptychodera_prebalancing.csv.gz
Ptychodera,scaffold3861_cov165:-:35132:35576,13729,no,train,scaffold3861_cov165,35122,-,577,0,Ptychodera_prebalancing.csv.gz
Ptychodera,scaffold7723_cov121:+:445396:445849,18250,no,train,scaffold7723_cov121,445839,+,332,0,Ptychodera_prebalancing.csv.gz
Ptychodera,scaffold25866_cov149:-:341036:341425,10150,yes,train,scaffold25866_cov149,341315,-,70,0.4811320754716981,Ptychodera_prebalancing.csv.gz
Ptychodera,scaffold7626_cov144:-:459173:459972,18038,no,train,scaffold7626_cov144,459209,-,147,0,Ptychodera_prebalancing.csv.gz
Ptychodera,scaffold8095_cov123:-:171963:172984,18545,yes,train,scaffold8095_cov123,172906,-,63,0.9863945578231292,Ptychodera_prebalancing.csv.gz
Ptychodera,scaffold16732_cov160:+:289154:289485,5848,no,train,scaffold16732_cov160,289165,+,47,0,Ptychodera_prebalancing.csv.gz
Ptychodera,scaffold8953_cov140:+:56023:56332,19119,yes,train,scaffold8953_cov140,56329,+,313,0.2209302325581395,Ptychodera_prebalancing.csv.gz
Ptychodera,scaffold2103_cov101:+:254725:255017,8236,no,train,scaffold2103_cov101,255033,+,228,0,Ptychodera_prebalancing.csv.gz
Ptychodera,scaffold1171258_cov122:+:213330:213576,1428,no,train,scaffold1171258_cov122,213476,+,167,0,Ptychodera_prebalancing.csv.gz
Ptychodera,scaffold12565_cov89:-:352301:352848,2940,yes,train,scaffold12565_cov89,352812,-,98,0.1936936936936936,Ptychodera_prebalancing.csv.gz
Ptychodera,scaffold2520_cov137:-:716980:717272,9782,yes,train,scaffold2520_cov137,717046,-,230,0.2072072072072072,Ptychodera_prebalancing.csv.gz
Ptychodera,scaffold1171266_cov138:+:73162:74049,1543,no,train,scaffold1171266_cov138,74052,+,486,0,Ptychodera_prebalancing.csv.gz
Ptychodera,scaffold11337_cov136:+:85658:85971,581,yes,train,scaffold11337_cov136,85959,+,306,0.2164179104477611,Ptychodera_prebalancing.csv.gz
Ptychodera,scaffold38562_cov122:-:141886:143137,13626,no,train,scaffold38562_cov122,142016,-,393,0,Ptychodera_prebalancing.csv.gz
Ptychodera,scaffold1323_cov134:+:427103:427584,3198,yes,train,scaffold1323_cov134,427532,+,404,0.7597402597402597,Ptychodera_prebalancing.csv.gz
Ptychodera,scaffold6811_cov133:-:238109:238607,17272,yes,train,scaffold6811_cov133,238118,-,449,0.1706161137440758,Ptychodera_prebalancing.csv.gz
Ptychodera,scaffold2394_cov127:-:198968:199469,9207,no,train,scaffold2394_cov127,199449,-,58,0,Ptychodera_prebalancing.csv.gz
Ptychodera,scaffold1560_cov86:-:11001:11335,4861,no,train,scaffold1560_cov86,11035,-,204,0,Ptychodera_prebalancing.csv.gz
Ptychodera,scaffold1560_cov86:-:11001:11335,4885,no,train,scaffold1560_cov86,11106,-,133,0,Ptychodera_prebalancing.csv.gz
Ptychodera,scaffold1631_cov148:+:705302:705603,5352,yes,train,scaffold1631_cov148,705431,+,148,0.5129533678756477,Ptychodera_prebalancing.csv.gz
Ptychodera,scaffold13801_cov94:-:33000:33728,3615,no,train,scaffold13801_cov94,33764,-,26,0,Ptychodera_prebalancing.csv.gz
Ptychodera,scaffold1241_cov154:-:109445:109789,2604,no,train,scaffold1241_cov154,109427,-,210,0,Ptychodera_prebalancing.csv.gz
Ptychodera,scaffold39128_cov134:+:98912:99592,14119,no,train,scaffold39128_cov134,99546,+,643,0,Ptychodera_prebalancing.csv.gz
Ptychodera,scaffold6840_cov145:+:37299:38653,17444,yes,train,scaffold6840_cov145,38079,+,113,0.9548872180451128,Ptychodera_prebalancing.csv.gz
Ptychodera,scaffold2817_cov143:-:740422:741833,10930,no,train,scaffold2817_cov143,740617,-,73,0,Ptychodera_prebalancing.csv.gz
Ptychodera,scaffold910_cov130:+:473330:473536,19204,no,train,scaffold910_cov130,473524,+,254,0,Ptychodera_prebalancing.csv.gz
Ptychodera,scaffold14354_cov137:-:94703:95626,3871,no,train,scaffold14354_cov137,95696,-,53,0,Ptychodera_prebalancing.csv.gz
Ptychodera,scaffold2991_cov164:-:247815:248280,11488,yes,train,scaffold2991_cov164,247945,-,177,0.3620309050772627,Ptychodera_prebalancing.csv.gz
Ptychodera,scaffold3861_cov165:-:35132:35576,13787,yes,train,scaffold3861_cov165,35320,-,379,0.6567164179104478,Ptychodera_prebalancing.csv.gz
Ptychodera,scaffold12565_cov89:-:352301:352848,2910,yes,train,scaffold12565_cov89,352698,-,212,0.5597826086956522,Ptychodera_prebalancing.csv.gz
Ptychodera,scaffold9555_cov137:-:57548:57703,19476,no,train,scaffold9555_cov137,57461,-,374,0,Ptychodera_prebalancing.csv.gz
Ptychodera,scaffold6440_cov168:+:352921:355362,16601,yes,train,scaffold6440_cov168,354826,+,292,0.7806451612903226,Ptychodera_prebalancing.csv.gz
Ptychodera,scaffold1173_cov143:+:408154:408573,1811,yes,train,scaffold1173_cov143,408196,+,41,0.296137339055794,Ptychodera_prebalancing.csv.gz
Ptychodera,scaffold851_cov164:+:208862:209420,18878,yes,train,scaffold851_cov164,208883,+,30,0.4401197604790419,Ptychodera_prebalancing.csv.gz
Ptychodera,scaffold12335_cov130:+:147263:147554,2361,no,train,scaffold12335_cov130,147534,+,239,0,Ptychodera_prebalancing.csv.gz
Ptychodera,scaffold50865_cov127:-:17389:18451,15727,yes,train,scaffold50865_cov127,18374,-,89,0.234375,Ptychodera_prebalancing.csv.gz
Ptychodera,scaffold96532_cov96:+:290036:290160,19842,no,train,scaffold96532_cov96,290007,+,30,0,Ptychodera_prebalancing.csv.gz
Ptychodera,scaffold161431_cov89:-:17574:18493,5210,yes,train,scaffold161431_cov89,17660,-,198,0.4469696969696969,Ptychodera_prebalancing.csv.gz
Ptychodera,scaffold4478_cov130:-:183043:183191,14993,no,train,scaffold4478_cov130,183169,-,40,0,Ptychodera_prebalancing.csv.gz
Ptychodera,scaffold1539_cov135:-:495376:495773,4683,yes,train,scaffold1539_cov135,495742,-,51,0.4298245614035088,Ptychodera_prebalancing.csv.gz
Ptychodera,scaffold1224_cov153:-:203704:204843,2217,no,train,scaffold1224_cov153,204624,-,248,0,Ptychodera_prebalancing.csv.gz
Ptychodera,scaffold1846_cov106:+:136856:137077,7414,yes,train,scaffold1846_cov106,137076,+,223,0.2824427480916031,Ptychodera_prebalancing.csv.gz
Ptychodera,scaffold17689_cov156:+:96322:96960,6932,yes,train,scaffold17689_cov156,96586,+,200,0.6747967479674797,Ptychodera_prebalancing.csv.gz
Ptychodera,scaffold31965_cov155:-:252190:253635,12102,no,train,scaffold31965_cov155,253629,-,35,0,Ptychodera_prebalancing.csv.gz
Ptychodera,scaffold75012_cov130:+:116027:116370,17850,no,train,scaffold75012_cov130,116026,+,5,0,Ptychodera_prebalancing.csv.gz
Ptychodera,scaffold12565_cov89:-:352301:352848,2906,yes,train,scaffold12565_cov89,352675,-,235,0.940625,Ptychodera_prebalancing.csv.gz
Ptychodera,scaffold2520_cov137:-:716980:717272,9817,no,train,scaffold2520_cov137,717151,-,121,0,Ptychodera_prebalancing.csv.gz
Ptychodera,scaffold32521_cov86:+:2399:2886,12337,yes,train,scaffold32521_cov86,2798,+,412,0.7651821862348178,Ptychodera_prebalancing.csv.gz
Ptychodera,scaffold1962_cov141:-:168291:168515,7652,no,train,scaffold1962_cov141,168560,-,32,0,Ptychodera_prebalancing.csv.gz
Ptychodera,scaffold2313_cov111:-:91160:91479,8990,no,train,scaffold2313_cov111,91450,-,37,0,Ptychodera_prebalancing.csv.gz
Ptychodera,scaffold3861_cov165:-:35132:35576,13792,no,train,scaffold3861_cov165,35332,-,367,0,Ptychodera_prebalancing.csv.gz
Ptychodera,scaffold23899_cov112:+:9403:9576,9166,yes,train,scaffold23899_cov112,9521,+,140,0.9285714285714286,Ptychodera_prebalancing.csv.gz
Ptychodera,scaffold16732_cov160:+:289154:289485,5881,no,train,scaffold16732_cov160,289281,+,163,0,Ptychodera_prebalancing.csv.gz
Ptychodera,scaffold9925_cov150:+:170081:170786,20156,no,train,scaffold9925_cov150,170399,+,334,0,Ptychodera_prebalancing.csv.gz
Ptychodera,scaffold39128_cov134:+:98912:99592,13941,yes,train,scaffold39128_cov134,98917,+,9,0.3333333333333333,Ptychodera_prebalancing.csv.gz
Ptychodera,scaffold13801_cov94:-:33000:33728,3575,no,train,scaffold13801_cov94,33339,-,153,0,Ptychodera_prebalancing.csv.gz
Ptychodera,scaffold28973_cov114:-:191957:192418,11261,no,train,scaffold28973_cov114,192211,-,83,0,Ptychodera_prebalancing.csv.gz
Ptychodera,scaffold1224_cov153:-:203704:204843,2218,no,train,scaffold1224_cov153,204629,-,243,0,Ptychodera_prebalancing.csv.gz
Ptychodera,scaffold1173_cov143:+:408154:408573,1851,yes,train,scaffold1173_cov143,408294,+,139,0.5364583333333334,Ptychodera_prebalancing.csv.gz
Ptychodera,scaffold17689_cov156:+:96322:96960,6955,yes,train,scaffold17689_cov156,96745,+,354,0.5767195767195767,Ptychodera_prebalancing.csv.gz
Ptychodera,scaffold940946_cov135:-:59871:60197,19410,no,train,scaffold940946_cov135,60085,-,120,0,Ptychodera_prebalancing.csv.gz
Ptychodera,scaffold209507_cov154:-:41337:41458,8206,no,train,scaffold209507_cov154,41471,-,27,0,Ptychodera_prebalancing.csv.gz
Ptychodera,scaffold1173_cov143:+:408154:408573,1814,no,train,scaffold1173_cov143,408207,+,52,0,Ptychodera_prebalancing.csv.gz
Ptychodera,scaffold947_cov114:-:3216:3537,19459,yes,train,scaffold947_cov114,3334,-,130,0.3826086956521739,Ptychodera_prebalancing.csv.gz
Ptychodera,scaffold3698_cov112:+:68018:68572,13252,yes,train,scaffold3698_cov112,68111,+,107,0.188034188034188,Ptychodera_prebalancing.csv.gz
Ptychodera,scaffold1323_cov134:+:427103:427584,3184,yes,train,scaffold1323_cov134,427503,+,375,0.5667166416791605,Ptychodera_prebalancing.csv.gz
Ptychodera,scaffold11537_cov112:+:299365:299845,718,no,train,scaffold11537_cov112,299535,+,81,0,Ptychodera_prebalancing.csv.gz
Ptychodera,scaffold3154_cov140:+:228764:228820,12018,no,train,scaffold3154_cov140,228864,+,253,0,Ptychodera_prebalancing.csv.gz
Ptychodera,scaffold1962_cov141:-:167038:167279,7533,yes,train,scaffold1962_cov141,167095,-,258,0.1557377049180328,Ptychodera_prebalancing.csv.gz
Ptychodera,scaffold9925_cov150:+:170081:170786,20134,no,train,scaffold9925_cov150,170307,+,235,0,Ptychodera_prebalancing.csv.gz
Ptychodera,scaffold3698_cov112:+:68018:68572,13256,yes,train,scaffold3698_cov112,68119,+,115,0.8787878787878788,Ptychodera_prebalancing.csv.gz
Ptychodera,scaffold21173_cov137:-:525055:525229,8296,yes,train,scaffold21173_cov137,525156,-,96,0.1784232365145228,Ptychodera_prebalancing.csv.gz
Ptychodera,scaffold3861_cov165:-:35132:35576,13805,no,train,scaffold3861_cov165,35380,-,319,0,Ptychodera_prebalancing.csv.gz
Ptychodera,scaffold32521_cov86:+:2399:2886,12279,yes,train,scaffold32521_cov86,2605,+,212,0.1788617886178861,Ptychodera_prebalancing.csv.gz
Ptychodera,scaffold9645_cov134:-:516300:516668,19738,no,train,scaffold9645_cov134,516328,-,231,0,Ptychodera_prebalancing.csv.gz
Ptychodera,scaffold4067_cov148:+:83646:83942,14423,no,train,scaffold4067_cov148,84015,+,376,0,Ptychodera_prebalancing.csv.gz
Ptychodera,scaffold1018_cov147:-:103995:104325,195,yes,train,scaffold1018_cov147,104215,-,117,0.2727272727272727,Ptychodera_prebalancing.csv.gz
Ptychodera,scaffold2313_cov111:-:91160:91479,9001,no,train,scaffold2313_cov111,91481,-,6,0,Ptychodera_prebalancing.csv.gz
Ptychodera,scaffold12141_cov164:-:9717:10517,2143,yes,train,scaffold12141_cov164,9834,-,157,0.6573426573426573,Ptychodera_prebalancing.csv.gz
Ptychodera,scaffold1560_cov86:-:11001:11335,4897,no,train,scaffold1560_cov86,11255,-,83,0,Ptychodera_prebalancing.csv.gz
Ptychodera,scaffold556_cov97:+:144855:145103,15964,no,train,scaffold556_cov97,145004,+,165,0,Ptychodera_prebalancing.csv.gz
Ptychodera,scaffold1846_cov106:+:136856:137077,7418,no,train,scaffold1846_cov106,137081,+,228,0,Ptychodera_prebalancing.csv.gz
Ptychodera,scaffold2869_cov154:+:107409:107792,11058,yes,train,scaffold2869_cov154,107725,+,214,0.1819832909553214,Ptychodera_prebalancing.csv.gz
Ptychodera,scaffold50865_cov127:-:17389:18451,15709,yes,train,scaffold50865_cov127,18229,-,239,1,Ptychodera_prebalancing.csv.gz
Ptychodera,scaffold178834_cov87:+:2261:3116,7000,yes,train,scaffold178834_cov87,3041,+,144,0.2283464566929134,Ptychodera_prebalancing.csv.gz
Ptychodera,scaffold10734_cov95:+:35769:36582,352,no,train,scaffold10734_cov95,36616,+,390,0,Ptychodera_prebalancing.csv.gz
Ptychodera,scaffold1835_cov136:+:285845:286147,7371,no,train,scaffold1835_cov136,286212,+,226,0,Ptychodera_prebalancing.csv.gz
Ptychodera,scaffold556_cov97:+:144855:145103,15950,no,train,scaffold556_cov97,144963,+,124,0,Ptychodera_prebalancing.csv.gz
Ptychodera,scaffold56_cov136:+:584474:585605,16091,no,train,scaffold56_cov136,584527,+,39,0,Ptychodera_prebalancing.csv.gz
Ptychodera,scaffold9555_cov137:-:57548:57703,19523,no,train,scaffold9555_cov137,57595,-,240,0,Ptychodera_prebalancing.csv.gz
Ptychodera,scaffold124823_cov151:-:162483:162816,2748,no,train,scaffold124823_cov151,162497,-,340,0,Ptychodera_prebalancing.csv.gz
Ptychodera,scaffold44597_cov125:-:60049:60643,14936,yes,train,scaffold44597_cov125,60154,-,196,0.9906542056074766,Ptychodera_prebalancing.csv.gz
Ptychodera,scaffold11559_cov105:+:53281:53740,980,no,train,scaffold11559_cov105,53760,+,418,0,Ptychodera_prebalancing.csv.gz
Ptychodera,scaffold12335_cov130:+:147263:147554,2310,no,train,scaffold12335_cov130,147251,+,60,0,Ptychodera_prebalancing.csv.gz
Ptychodera,scaffold6811_cov133:-:238109:238607,17377,yes,train,scaffold6811_cov133,238576,-,55,0.6470588235294118,Ptychodera_prebalancing.csv.gz
Ptychodera,scaffold9569_cov136:-:510672:510737,19639,no,train,scaffold9569_cov136,510787,-,19,0,Ptychodera_prebalancing.csv.gz
Ptychodera,scaffold114779_cov129:-:9728:10643,674,yes,train,scaffold114779_cov129,10520,-,61,0.2434782608695652,Ptychodera_prebalancing.csv.gz
Ptychodera,scaffold18025_cov163:+:6470:7342,7189,no,train,scaffold18025_cov163,6886,+,221,0,Ptychodera_prebalancing.csv.gz
Ptychodera,scaffold2520_cov137:-:716980:717272,9829,no,train,scaffold2520_cov137,717222,-,50,0,Ptychodera_prebalancing.csv.gz
Ptychodera,scaffold124823_cov151:-:162483:162816,2797,no,train,scaffold124823_cov151,162609,-,228,0,Ptychodera_prebalancing.csv.gz
Ptychodera,scaffold2817_cov143:-:740422:741833,10912,no,train,scaffold2817_cov143,740448,-,160,0,Ptychodera_prebalancing.csv.gz
Ptychodera,scaffold23899_cov112:+:9403:9576,9191,yes,train,scaffold23899_cov112,9576,+,195,0.2758620689655172,Ptychodera_prebalancing.csv.gz
Ptychodera,scaffold12565_cov89:-:352301:352848,2911,yes,train,scaffold12565_cov89,352703,-,207,0.2318840579710145,Ptychodera_prebalancing.csv.gz
Ptychodera,scaffold9555_cov137:-:57548:57703,19536,no,train,scaffold9555_cov137,57621,-,214,0,Ptychodera_prebalancing.csv.gz
Ptychodera,scaffold9925_cov150:+:170081:170786,20132,no,train,scaffold9925_cov150,170288,+,216,0,Ptychodera_prebalancing.csv.gz
Ptychodera,scaffold2991_cov164:-:247815:248280,11469,yes,train,scaffold2991_cov164,247880,-,242,0.2947761194029851,Ptychodera_prebalancing.csv.gz
Ptychodera,scaffold10165_cov134:-:283423:285289,92,no,train,scaffold10165_cov134,285266,-,43,0,Ptychodera_prebalancing.csv.gz
Ptychodera,scaffold178834_cov87:+:2261:3116,6969,no,train,scaffold178834_cov87,2256,+,5,0,Ptychodera_prebalancing.csv.gz
Ptychodera,scaffold1171258_cov122:+:213330:213576,1477,no,train,scaffold1171258_cov122,213609,+,300,0,Ptychodera_prebalancing.csv.gz
Ptychodera,scaffold10165_cov134:-:283423:285289,56,no,train,scaffold10165_cov134,283902,-,170,0,Ptychodera_prebalancing.csv.gz
Ptychodera,scaffold7654_cov117:-:188980:189287,18076,yes,train,scaffold7654_cov117,189039,-,271,0.4807692307692308,Ptychodera_prebalancing.csv.gz
Ptychodera,scaffold32521_cov86:+:2399:2886,12346,yes,train,scaffold32521_cov86,2818,+,432,0.2763157894736842,Ptychodera_prebalancing.csv.gz
Ptychodera,scaffold1603_cov140:-:2704:3035,5078,no,train,scaffold1603_cov140,2817,-,236,0,Ptychodera_prebalancing.csv.gz
Ptychodera,scaffold9925_cov150:+:170081:170786,20192,yes,train,scaffold9925_cov150,170524,+,459,0.6091370558375635,Ptychodera_prebalancing.csv.gz
Ptychodera,scaffold43365_cov111:+:111460:111953,14864,no,train,scaffold43365_cov111,111590,+,133,0,Ptychodera_prebalancing.csv.gz
Ptychodera,scaffold22042_cov145:-:44137:44562,8740,no,train,scaffold22042_cov145,44538,-,63,0,Ptychodera_prebalancing.csv.gz
Ptychodera,scaffold3989_cov117:-:30157:30265,14222,yes,train,scaffold3989_cov117,30180,-,140,0.3605442176870748,Ptychodera_prebalancing.csv.gz
Ptychodera,scaffold2817_cov143:-:740422:741833,10892,no,train,scaffold2817_cov143,740382,-,226,0,Ptychodera_prebalancing.csv.gz
Ptychodera,scaffold968_cov135:+:323367:323828,19969,yes,train,scaffold968_cov135,323666,+,283,0.3307086614173228,Ptychodera_prebalancing.csv.gz
Ptychodera,scaffold4067_cov148:+:83646:83942,14354,no,train,scaffold4067_cov148,83578,+,147,0,Ptychodera_prebalancing.csv.gz
Ptychodera,scaffold1171763_cov97:-:24808:25449,1600,no,train,scaffold1171763_cov97,24801,-,366,0,Ptychodera_prebalancing.csv.gz
Ptychodera,scaffold9925_cov150:+:170081:170786,20153,no,train,scaffold9925_cov150,170380,+,315,0,Ptychodera_prebalancing.csv.gz
Ptychodera,scaffold1156276_cov87:-:99184:100330,1045,yes,train,scaffold1156276_cov87,99491,-,80,0.3943661971830985,Ptychodera_prebalancing.csv.gz
Ptychodera,scaffold20096_cov109:+:121341:121634,7866,no,train,scaffold20096_cov109,121652,+,209,0,Ptychodera_prebalancing.csv.gz
Ptychodera,scaffold10119_cov162:+:267012:267948,19,no,train,scaffold10119_cov162,267048,+,38,0,Ptychodera_prebalancing.csv.gz
Ptychodera,scaffold9645_cov134:-:516300:516668,19811,no,train,scaffold9645_cov134,516694,-,8,0,Ptychodera_prebalancing.csv.gz
Ptychodera,scaffold17689_cov156:+:96322:96960,6922,yes,train,scaffold17689_cov156,96564,+,178,0.525,Ptychodera_prebalancing.csv.gz
Ptychodera,scaffold25866_cov149:-:341036:341425,10132,no,train,scaffold25866_cov149,341077,-,181,0,Ptychodera_prebalancing.csv.gz
Ptychodera,scaffold12565_cov89:-:352301:352848,2938,yes,train,scaffold12565_cov89,352806,-,104,0.2995594713656387,Ptychodera_prebalancing.csv.gz
Ptychodera,scaffold10119_cov162:+:267012:267948,16,yes,train,scaffold10119_cov162,267044,+,34,0.4601769911504424,Ptychodera_prebalancing.csv.gz
Ptychodera,scaffold6440_cov168:+:352921:355362,16560,yes,train,scaffold6440_cov168,354055,+,14,0.6730769230769231,Ptychodera_prebalancing.csv.gz
Ptychodera,scaffold50865_cov127:-:17389:18451,15714,yes,train,scaffold50865_cov127,18250,-,218,0.975609756097561,Ptychodera_prebalancing.csv.gz
Ptychodera,scaffold17107_cov97:-:167714:170261,6149,yes,train,scaffold17107_cov97,167793,-,434,0.8992248062015504,Ptychodera_prebalancing.csv.gz
Ptychodera,scaffold17107_cov97:-:167714:170261,6140,no,train,scaffold17107_cov97,167752,-,475,0,Ptychodera_prebalancing.csv.gz
Ptychodera,scaffold851_cov164:+:208862:209420,18926,yes,train,scaffold851_cov164,209404,+,274,0.4796380090497738,Ptychodera_prebalancing.csv.gz
Ptychodera,scaffold21173_cov137:-:525055:525229,8269,yes,train,scaffold21173_cov137,525074,-,185,0.1590062111801242,Ptychodera_prebalancing.csv.gz
Ptychodera,scaffold27652_cov140:+:374592:375191,10777,yes,train,scaffold27652_cov140,374666,+,20,0.5394736842105263,Ptychodera_prebalancing.csv.gz
Ptychodera,scaffold851_cov164:+:208862:209420,18886,yes,train,scaffold851_cov164,208913,+,60,0.3342696629213483,Ptychodera_prebalancing.csv.gz
Ptychodera,scaffold6901_cov141:-:794007:794312,17476,yes,train,scaffold6901_cov141,794048,-,272,0.391812865497076,Ptychodera_prebalancing.csv.gz
Ptychodera,scaffold1156384_cov162:-:285204:285691,1079,no,train,scaffold1156384_cov162,285211,-,212,0,Ptychodera_prebalancing.csv.gz
Ptychodera,scaffold4067_cov148:+:83646:83942,14395,no,train,scaffold4067_cov148,83946,+,307,0,Ptychodera_prebalancing.csv.gz
Ptychodera,scaffold7723_cov121:+:445396:445849,18180,no,train,scaffold7723_cov121,445667,+,154,0,Ptychodera_prebalancing.csv.gz
Ptychodera,scaffold12565_cov89:-:352301:352848,2879,yes,train,scaffold12565_cov89,352412,-,497,0.8031496062992126,Ptychodera_prebalancing.csv.gz
Ptychodera,scaffold42799_cov92:-:31872:32078,14584,no,train,scaffold42799_cov92,31898,-,201,0,Ptychodera_prebalancing.csv.gz
Ptychodera,scaffold3698_cov112:+:68018:68572,13282,yes,train,scaffold3698_cov112,68212,+,208,0.5058365758754864,Ptychodera_prebalancing.csv.gz
Ptychodera,scaffold2817_cov143:-:740422:741833,10883,no,train,scaffold2817_cov143,740356,-,252,0,Ptychodera_prebalancing.csv.gz
Ptychodera,scaffold1962_cov141:-:167038:167279,7566,no,train,scaffold1962_cov141,167245,-,106,0,Ptychodera_prebalancing.csv.gz
Ptychodera,scaffold12381_cov139:+:19073:19682,2473,no,train,scaffold12381_cov139,19115,+,50,0,Ptychodera_prebalancing.csv.gz
Ptychodera,scaffold2530_cov139:+:315112:315261,9909,yes,train,scaffold2530_cov139,315135,+,59,0.3870967741935484,Ptychodera_prebalancing.csv.gz
Ptychodera,scaffold1156_cov135:+:159292:159369,1167,no,train,scaffold1156_cov135,159371,+,221,0,Ptychodera_prebalancing.csv.gz
Ptychodera,scaffold23174_cov134:+:212578:215051,9023,yes,train,scaffold23174_cov134,213564,+,70,0.7692307692307693,Ptychodera_prebalancing.csv.gz
Ptychodera,scaffold3861_cov165:-:35132:35576,13869,no,train,scaffold3861_cov165,35731,-,73,0,Ptychodera_prebalancing.csv.gz
Ptychodera,scaffold16631_cov137:+:14242:14561,5777,no,train,scaffold16631_cov137,14362,+,78,0,Ptychodera_prebalancing.csv.gz
Ptychodera,scaffold24497_cov89:-:27735:28057,9446,yes,train,scaffold24497_cov89,27796,-,273,0.4897959183673469,Ptychodera_prebalancing.csv.gz
Ptychodera,scaffold968_cov135:+:323367:323828,19989,no,train,scaffold968_cov135,323745,+,362,0,Ptychodera_prebalancing.csv.gz
Ptychodera,scaffold21510_cov101:-:45556:46052,8519,yes,train,scaffold21510_cov101,45599,-,169,0.2254335260115607,Ptychodera_prebalancing.csv.gz
Ptychodera,scaffold478_cov113:-:167312:167702,15327,yes,train,scaffold478_cov113,167584,-,118,0.6272493573264781,Ptychodera_prebalancing.csv.gz
Ptychodera,scaffold12335_cov130:+:147263:147554,2316,no,train,scaffold12335_cov130,147281,+,90,0,Ptychodera_prebalancing.csv.gz
Ptychodera,scaffold1224_cov153:-:203704:204843,2235,no,train,scaffold1224_cov153,204676,-,196,0,Ptychodera_prebalancing.csv.gz
Ptychodera,scaffold6901_cov141:-:794007:794312,17488,yes,train,scaffold6901_cov141,794088,-,232,0.1917808219178082,Ptychodera_prebalancing.csv.gz
Ptychodera,scaffold30030_cov79:+:14578:14882,11821,yes,train,scaffold30030_cov79,14851,+,281,0.9823008849557522,Ptychodera_prebalancing.csv.gz
Ptychodera,scaffold149577_cov91:-:2917:3229,4296,yes,train,scaffold149577_cov91,2989,-,302,0.6,Ptychodera_prebalancing.csv.gz
Ptychodera,scaffold9645_cov134:-:516300:516668,19740,no,train,scaffold9645_cov134,516333,-,226,0,Ptychodera_prebalancing.csv.gz
Ptychodera,scaffold1631_cov148:+:773586:775046,5432,no,train,scaffold1631_cov148,774814,+,37,0,Ptychodera_prebalancing.csv.gz
Ptychodera,scaffold106908_cov93:+:3541:3901,286,no,train,scaffold106908_cov93,3891,+,361,0,Ptychodera_prebalancing.csv.gz
Ptychodera,scaffold32521_cov86:+:2399:2886,12291,no,train,scaffold32521_cov86,2664,+,278,0,Ptychodera_prebalancing.csv.gz
Ptychodera,scaffold32521_cov86:+:2399:2886,12319,yes,train,scaffold32521_cov86,2754,+,368,0.7064017660044151,Ptychodera_prebalancing.csv.gz
Ptychodera,scaffold851_cov164:+:208862:209420,18888,yes,train,scaffold851_cov164,208923,+,70,0.292817679558011,Ptychodera_prebalancing.csv.gz
Ptychodera,scaffold2991_cov164:-:247815:248280,11489,no,train,scaffold2991_cov164,247946,-,176,0,Ptychodera_prebalancing.csv.gz
Ptychodera,scaffold2326_cov84:-:195815:195896,9059,no,train,scaffold2326_cov84,195922,-,84,0,Ptychodera_prebalancing.csv.gz
Ptychodera,scaffold12565_cov89:-:352301:352848,2865,yes,train,scaffold12565_cov89,352378,-,531,0.936842105263158,Ptychodera_prebalancing.csv.gz
Ptychodera,scaffold28848_cov151:-:119895:120090,11133,no,train,scaffold28848_cov151,120002,-,102,0,Ptychodera_prebalancing.csv.gz
Ptychodera,scaffold1631_cov148:+:705302:705603,5335,no,train,scaffold1631_cov148,705377,+,94,0,Ptychodera_prebalancing.csv.gz
Ptychodera,scaffold50865_cov127:-:17389:18451,15755,no,train,scaffold50865_cov127,18457,-,6,0,Ptychodera_prebalancing.csv.gz
Ptychodera,scaffold385573_cov79:+:6977:7422,13550,yes,train,scaffold385573_cov79,7018,+,90,0.8983050847457628,Ptychodera_prebalancing.csv.gz
Ptychodera,scaffold1636_cov125:-:311909:312112,5544,no,train,scaffold1636_cov125,312048,-,75,0,Ptychodera_prebalancing.csv.gz
Ptychodera,scaffold38562_cov122:-:141886:143137,13609,no,train,scaffold38562_cov122,141967,-,442,0,Ptychodera_prebalancing.csv.gz
Ptychodera,scaffold178834_cov87:+:2261:3116,6988,yes,train,scaffold178834_cov87,2328,+,77,0.2412587412587412,Ptychodera_prebalancing.csv.gz
Ptychodera,scaffold31965_cov155:-:252190:253635,12078,no,train,scaffold31965_cov155,252332,-,171,0,Ptychodera_prebalancing.csv.gz
Ptychodera,scaffold1173_cov143:+:408154:408573,1852,yes,train,scaffold1173_cov143,408295,+,140,0.9528795811518324,Ptychodera_prebalancing.csv.gz
Ptychodera,scaffold14354_cov137:-:94703:95626,3762,no,train,scaffold14354_cov137,94698,-,400,0,Ptychodera_prebalancing.csv.gz
Ptychodera,scaffold26652_cov126:+:156424:156704,10462,yes,train,scaffold26652_cov126,156468,+,41,0.293103448275862,Ptychodera_prebalancing.csv.gz
Ptychodera,scaffold3698_cov112:+:68018:68572,13280,yes,train,scaffold3698_cov112,68196,+,192,0.895910780669145,Ptychodera_prebalancing.csv.gz
Ptychodera,scaffold38562_cov122:-:141886:143137,13590,yes,train,scaffold38562_cov122,141909,-,500,0.4880952380952381,Ptychodera_prebalancing.csv.gz
Ptychodera,scaffold6644_cov166:+:24349:25176,16888,yes,train,scaffold6644_cov166,24761,+,200,0.839622641509434,Ptychodera_prebalancing.csv.gz
Ptychodera,scaffold3154_cov140:+:228764:228820,11995,yes,train,scaffold3154_cov140,228778,+,167,0.3798076923076923,Ptychodera_prebalancing.csv.gz
Ptychodera,scaffold7266_cov140:+:132494:133145,17753,no,train,scaffold7266_cov140,132870,+,197,0,Ptychodera_prebalancing.csv.gz
Ptychodera,scaffold69346_cov100:-:116631:116958,17533,yes,train,scaffold69346_cov100,116890,-,47,0.4830508474576271,Ptychodera_prebalancing.csv.gz
Ptychodera,scaffold3861_cov165:-:35132:35576,13784,yes,train,scaffold3861_cov165,35314,-,385,0.8434343434343434,Ptychodera_prebalancing.csv.gz
Ptychodera,scaffold11736_cov113:+:27376:27674,1770,yes,train,scaffold11736_cov113,27575,+,220,0.2301790281329923,Ptychodera_prebalancing.csv.gz
Ptychodera,scaffold698_cov122:-:207303:208348,17581,no,train,scaffold698_cov122,207316,-,185,0,Ptychodera_prebalancing.csv.gz
Ptychodera,scaffold208_cov126:+:155246:156052,8111,yes,train,scaffold208_cov126,155720,+,112,0.6656346749226006,Ptychodera_prebalancing.csv.gz
Ptychodera,scaffold39128_cov134:+:98912:99592,14102,no,train,scaffold39128_cov134,99443,+,540,0,Ptychodera_prebalancing.csv.gz
Ptychodera,scaffold10119_cov162:+:267012:267948,31,yes,train,scaffold10119_cov162,267936,+,208,0.282051282051282,Ptychodera_prebalancing.csv.gz
Ptychodera,scaffold10165_cov134:-:283423:285289,74,no,train,scaffold10165_cov134,285214,-,95,0,Ptychodera_prebalancing.csv.gz
Ptychodera,scaffold3698_cov112:+:68018:68572,13287,yes,train,scaffold3698_cov112,68228,+,224,0.4134078212290503,Ptychodera_prebalancing.csv.gz
Ptychodera,scaffold20801_cov113:-:61731:62160,7965,no,train,scaffold20801_cov113,62076,-,122,0,Ptychodera_prebalancing.csv.gz
Ptychodera,scaffold2520_cov137:-:716980:717272,9818,no,train,scaffold2520_cov137,717161,-,111,0,Ptychodera_prebalancing.csv.gz
Ptychodera,scaffold24895_cov120:-:137039:137692,9468,yes,train,scaffold24895_cov120,137291,-,300,0.1769911504424778,Ptychodera_prebalancing.csv.gz
Ptychodera,scaffold3861_cov165:-:35132:35576,13852,no,train,scaffold3861_cov165,35686,-,118,0,Ptychodera_prebalancing.csv.gz
Ptychodera,scaffold23174_cov134:+:212578:215051,9021,yes,train,scaffold23174_cov134,213561,+,67,0.1711711711711711,Ptychodera_prebalancing.csv.gz
Ptychodera,scaffold9645_cov134:-:516300:516668,19800,yes,train,scaffold9645_cov134,516655,-,47,0.5764705882352941,Ptychodera_prebalancing.csv.gz
Ptychodera,scaffold16052_cov95:+:62339:62985,5169,no,train,scaffold16052_cov95,62502,+,168,0,Ptychodera_prebalancing.csv.gz
Ptychodera,scaffold10119_cov162:+:267012:267948,9,yes,train,scaffold10119_cov162,267017,+,7,0.344,Ptychodera_prebalancing.csv.gz
Ptychodera,scaffold7723_cov121:+:445396:445849,18202,no,train,scaffold7723_cov121,445726,+,219,0,Ptychodera_prebalancing.csv.gz
Ptychodera,scaffold8953_cov140:+:56023:56332,19111,yes,train,scaffold8953_cov140,56315,+,299,0.946808510638298,Ptychodera_prebalancing.csv.gz
Ptychodera,scaffold3861_cov165:-:35132:35576,13817,no,train,scaffold3861_cov165,35540,-,264,0,Ptychodera_prebalancing.csv.gz
Ptychodera,scaffold16631_cov137:+:14242:14561,5787,no,train,scaffold16631_cov137,14399,+,115,0,Ptychodera_prebalancing.csv.gz
Ptychodera,scaffold12565_cov89:-:352301:352848,2885,yes,train,scaffold12565_cov89,352429,-,480,0.4786324786324786,Ptychodera_prebalancing.csv.gz
Ptychodera,scaffold1241_cov154:-:109445:109789,2617,no,train,scaffold1241_cov154,109472,-,165,0,Ptychodera_prebalancing.csv.gz
Ptychodera,scaffold44597_cov125:-:60049:60643,14957,yes,train,scaffold44597_cov125,60482,-,113,0.8823529411764706,Ptychodera_prebalancing.csv.gz
Ptychodera,scaffold2991_cov164:-:858007:858838,11586,yes,train,scaffold2991_cov164,858157,-,578,0.5268817204301075,Ptychodera_prebalancing.csv.gz
Ptychodera,scaffold25866_cov149:-:341036:341425,10151,yes,train,scaffold25866_cov149,341319,-,66,0.8303571428571429,Ptychodera_prebalancing.csv.gz
Ptychodera,scaffold10165_cov134:-:283423:285289,72,no,train,scaffold10165_cov134,285207,-,102,0,Ptychodera_prebalancing.csv.gz
Ptychodera,scaffold1835_cov136:+:285845:286147,7328,yes,train,scaffold1835_cov136,285853,+,74,0.3684210526315789,Ptychodera_prebalancing.csv.gz
Ptychodera,scaffold16732_cov160:+:289154:289485,5894,yes,train,scaffold16732_cov160,289405,+,221,0.3396226415094339,Ptychodera_prebalancing.csv.gz
Ptychodera,scaffold1155138_cov151:-:615230:615346,823,no,train,scaffold1155138_cov151,615372,-,200,0,Ptychodera_prebalancing.csv.gz
Ptychodera,scaffold67423_cov132:-:90821:91300,17064,yes,train,scaffold67423_cov132,90866,-,397,0.990990990990991,Ptychodera_prebalancing.csv.gz
Ptychodera,scaffold4766_cov137:-:361536:361743,15221,no,train,scaffold4766_cov137,361770,-,36,0,Ptychodera_prebalancing.csv.gz
Ptychodera,scaffold28848_cov151:-:119895:120090,11101,no,train,scaffold28848_cov151,119912,-,198,0,Ptychodera_prebalancing.csv.gz
Ptychodera,scaffold851_cov164:+:208862:209420,18930,no,train,scaffold851_cov164,209431,+,301,0,Ptychodera_prebalancing.csv.gz
Ptychodera,scaffold2991_cov164:-:858007:858838,11756,no,train,scaffold2991_cov164,858806,-,35,0,Ptychodera_prebalancing.csv.gz
Ptychodera,scaffold462_cov140:+:786123:786403,15159,yes,train,scaffold462_cov140,786386,+,126,0.3870056497175141,Ptychodera_prebalancing.csv.gz
Ptychodera,scaffold478_cov113:-:167312:167702,15280,yes,train,scaffold478_cov113,167346,-,281,0.3901918976545842,Ptychodera_prebalancing.csv.gz
Ptychodera,scaffold10165_cov134:-:283423:285289,80,yes,train,scaffold10165_cov134,285228,-,81,0.2233009708737864,Ptychodera_prebalancing.csv.gz
Ptychodera,scaffold10189_cov149:+:223808:225100,123,yes,train,scaffold10189_cov149,224860,+,170,0.2789115646258503,Ptychodera_prebalancing.csv.gz
Ptychodera,scaffold17107_cov97:-:167714:170261,6186,yes,train,scaffold17107_cov97,167926,-,301,0.9717514124293786,Ptychodera_prebalancing.csv.gz
Ptychodera,scaffold2869_cov154:+:107409:107792,11031,yes,train,scaffold2869_cov154,107454,+,73,0.956439393939394,Ptychodera_prebalancing.csv.gz
Ptychodera,scaffold1962_cov141:-:167038:167279,7563,no,train,scaffold1962_cov141,167233,-,118,0,Ptychodera_prebalancing.csv.gz
Ptychodera,scaffold17162_cov153:+:189363:189663,6431,no,train,scaffold17162_cov153,189535,+,189,0,Ptychodera_prebalancing.csv.gz
Ptychodera,scaffold6811_cov133:-:238109:238607,17292,yes,train,scaffold6811_cov133,238192,-,375,0.8198198198198198,Ptychodera_prebalancing.csv.gz
Ptychodera,scaffold22042_cov145:-:11224:12451,8674,no,train,scaffold22042_cov145,11281,-,164,0,Ptychodera_prebalancing.csv.gz
Ptychodera,scaffold698_cov122:-:207303:208348,17606,no,train,scaffold698_cov122,207366,-,135,0,Ptychodera_prebalancing.csv.gz
Ptychodera,scaffold23899_cov112:+:9403:9576,9152,yes,train,scaffold23899_cov112,9426,+,39,0.952,Ptychodera_prebalancing.csv.gz
Ptychodera,scaffold26652_cov126:-:22721:23423,10429,no,train,scaffold26652_cov126,23372,-,62,0,Ptychodera_prebalancing.csv.gz
Ptychodera,scaffold17162_cov153:+:189363:189663,6455,no,train,scaffold17162_cov153,189594,+,248,0,Ptychodera_prebalancing.csv.gz
Ptychodera,scaffold12381_cov139:+:19073:19682,2498,yes,train,scaffold12381_cov139,19200,+,135,0.8360655737704918,Ptychodera_prebalancing.csv.gz
Ptychodera,scaffold968_cov135:+:323367:323828,19954,no,train,scaffold968_cov135,323542,+,193,0,Ptychodera_prebalancing.csv.gz
Ptychodera,scaffold12565_cov89:-:352301:352848,2878,yes,train,scaffold12565_cov89,352407,-,502,0.2217741935483871,Ptychodera_prebalancing.csv.gz
Ptychodera,scaffold21297_cov142:-:138460:138685,8356,no,train,scaffold21297_cov142,138599,-,99,0,Ptychodera_prebalancing.csv.gz
Ptychodera,scaffold6901_cov141:-:794007:794312,17478,yes,train,scaffold6901_cov141,794051,-,269,0.180722891566265,Ptychodera_prebalancing.csv.gz
Ptychodera,scaffold1636_cov125:-:375792:376043,5597,no,train,scaffold1636_cov125,375867,-,248,0,Ptychodera_prebalancing.csv.gz
Ptychodera,scaffold124823_cov151:-:162483:162816,2802,no,train,scaffold124823_cov151,162625,-,212,0,Ptychodera_prebalancing.csv.gz
Ptychodera,scaffold106908_cov93:+:3541:3901,282,yes,train,scaffold106908_cov93,3877,+,347,0.7076923076923077,Ptychodera_prebalancing.csv.gz
Ptychodera,scaffold18025_cov163:+:6470:7342,7157,yes,train,scaffold18025_cov163,6487,+,44,0.5826086956521739,Ptychodera_prebalancing.csv.gz
Ptychodera,scaffold114779_cov129:-:9728:10643,657,yes,train,scaffold114779_cov129,10337,-,244,0.8292682926829268,Ptychodera_prebalancing.csv.gz
Ptychodera,scaffold4923_cov126:-:400667:401530,15629,no,train,scaffold4923_cov126,400972,-,451,0,Ptychodera_prebalancing.csv.gz
Ptychodera,scaffold765_cov148:+:233581:233840,18133,no,train,scaffold765_cov148,233838,+,184,0,Ptychodera_prebalancing.csv.gz
Ptychodera,scaffold1539_cov135:-:495376:495773,4673,yes,train,scaffold1539_cov135,495406,-,166,0.46875,Ptychodera_prebalancing.csv.gz
Ptychodera,scaffold2991_cov164:-:858007:858838,11547,yes,train,scaffold2991_cov164,858023,-,712,0.6914285714285714,Ptychodera_prebalancing.csv.gz
Ptychodera,scaffold10119_cov162:+:267012:267948,14,yes,train,scaffold10119_cov162,267037,+,27,0.1951219512195122,Ptychodera_prebalancing.csv.gz
Ptychodera,scaffold2140_cov133:-:174815:176568,8436,no,train,scaffold2140_cov133,174919,-,236,0,Ptychodera_prebalancing.csv.gz
Ptychodera,scaffold2440_cov108:-:296991:297406,9415,no,train,scaffold2440_cov108,297351,-,65,0,Ptychodera_prebalancing.csv.gz
Ptychodera,scaffold6901_cov141:-:794007:794312,17485,yes,train,scaffold6901_cov141,794074,-,246,0.9318181818181818,Ptychodera_prebalancing.csv.gz
Ptychodera,scaffold25417_cov168:-:385301:385984,9967,no,train,scaffold25417_cov168,385323,-,171,0,Ptychodera_prebalancing.csv.gz
Ptychodera,scaffold13151_cov141:-:223221:223604,3148,yes,train,scaffold13151_cov141,223566,-,58,0.5698924731182796,Ptychodera_prebalancing.csv.gz
Ptychodera,scaffold44597_cov125:-:60049:60643,14965,yes,train,scaffold44597_cov125,60513,-,82,0.4786324786324786,Ptychodera_prebalancing.csv.gz
Ptychodera,scaffold161431_cov89:-:17574:18493,5205,yes,train,scaffold161431_cov89,17646,-,212,1,Ptychodera_prebalancing.csv.gz
Ptychodera,scaffold18025_cov163:+:6470:7342,7194,no,train,scaffold18025_cov163,6914,+,249,0,Ptychodera_prebalancing.csv.gz
Ptychodera,scaffold1171763_cov97:-:24808:25449,1673,no,train,scaffold1171763_cov97,25453,-,4,0,Ptychodera_prebalancing.csv.gz
Ptychodera,scaffold12565_cov89:-:352301:352848,2873,yes,train,scaffold12565_cov89,352399,-,510,0.4956140350877193,Ptychodera_prebalancing.csv.gz
Ptychodera,scaffold208_cov126:+:155246:156052,8155,yes,train,scaffold208_cov126,156044,+,270,0.7597765363128491,Ptychodera_prebalancing.csv.gz
Ptychodera,scaffold1171258_cov122:+:213330:213576,1451,no,train,scaffold1171258_cov122,213552,+,243,0,Ptychodera_prebalancing.csv.gz
Ptychodera,scaffold1171763_cov97:-:24808:25449,1666,no,train,scaffold1171763_cov97,25386,-,71,0,Ptychodera_prebalancing.csv.gz
Ptychodera,scaffold6811_cov133:-:238109:238607,17394,no,train,scaffold6811_cov133,238615,-,16,0,Ptychodera_prebalancing.csv.gz
Ptychodera,scaffold1156_cov135:+:159292:159369,1163,no,train,scaffold1156_cov135,159355,+,205,0,Ptychodera_prebalancing.csv.gz
Ptychodera,scaffold1173_cov143:+:408154:408573,1820,yes,train,scaffold1173_cov143,408220,+,65,0.4456521739130434,Ptychodera_prebalancing.csv.gz
Ptychodera,scaffold1156276_cov87:-:99184:100330,1056,yes,train,scaffold1156276_cov87,99540,-,31,0.718562874251497,Ptychodera_prebalancing.csv.gz
Ptychodera,scaffold19378_cov94:-:42006:43904,7521,yes,train,scaffold19378_cov94,43155,-,717,0.9714285714285714,Ptychodera_prebalancing.csv.gz
Ptychodera,scaffold348914_cov132:-:18141:18583,12937,no,train,scaffold348914_cov132,18561,-,71,0,Ptychodera_prebalancing.csv.gz
Ptychodera,scaffold3861_cov165:-:35132:35576,13799,yes,train,scaffold3861_cov165,35357,-,342,0.1685823754789272,Ptychodera_prebalancing.csv.gz
Ptychodera,scaffold475_cov134:+:445828:445984,15194,yes,train,scaffold475_cov134,445934,+,215,0.4757281553398058,Ptychodera_prebalancing.csv.gz
Ptychodera,scaffold153100_cov97:+:57733:57923,4563,yes,train,scaffold153100_cov97,57903,+,178,0.5714285714285714,Ptychodera_prebalancing.csv.gz
Ptychodera,scaffold12565_cov89:-:352301:352848,2912,yes,train,scaffold12565_cov89,352706,-,204,0.2565597667638484,Ptychodera_prebalancing.csv.gz
Ptychodera,scaffold3861_cov165:-:35132:35576,13774,yes,train,scaffold3861_cov165,35285,-,414,0.4298642533936652,Ptychodera_prebalancing.csv.gz
Ptychodera,scaffold6811_cov133:-:238109:238607,17280,yes,train,scaffold6811_cov133,238144,-,423,0.335,Ptychodera_prebalancing.csv.gz
Ptychodera,scaffold1224_cov153:-:203704:204843,2249,yes,train,scaffold1224_cov153,204718,-,154,0.9280575539568344,Ptychodera_prebalancing.csv.gz
Ptychodera,scaffold1173_cov143:+:408154:408573,1869,no,train,scaffold1173_cov143,408347,+,192,0,Ptychodera_prebalancing.csv.gz
Ptychodera,scaffold28443_cov126:-:292364:292550,11008,yes,train,scaffold28443_cov126,292550,-,15,0.1641791044776119,Ptychodera_prebalancing.csv.gz
Ptychodera,scaffold3861_cov165:-:35132:35576,13889,no,train,scaffold3861_cov165,35787,-,17,0,Ptychodera_prebalancing.csv.gz
Ptychodera,scaffold10981_cov157:-:320342:321622,449,yes,train,scaffold10981_cov157,320898,-,44,0.5865384615384616,Ptychodera_prebalancing.csv.gz
Ptychodera,scaffold485_cov122:-:34345:34618,15427,no,train,scaffold485_cov122,34422,-,222,0,Ptychodera_prebalancing.csv.gz
Ptychodera,scaffold2530_cov139:+:315112:315261,9932,no,train,scaffold2530_cov139,315220,+,149,0,Ptychodera_prebalancing.csv.gz
Ptychodera,scaffold2440_cov108:-:296991:297406,9368,no,train,scaffold2440_cov108,297017,-,221,0,Ptychodera_prebalancing.csv.gz
Ptychodera,scaffold2530_cov139:+:315112:315261,9938,yes,train,scaffold2530_cov139,315239,+,168,0.1821782178217821,Ptychodera_prebalancing.csv.gz
Ptychodera,scaffold3698_cov112:+:68018:68572,13301,yes,train,scaffold3698_cov112,68407,+,405,0.2203389830508474,Ptychodera_prebalancing.csv.gz
Ptychodera,scaffold39128_cov134:+:98912:99592,14040,no,train,scaffold39128_cov134,99203,+,295,0,Ptychodera_prebalancing.csv.gz
Ptychodera,scaffold16732_cov160:+:289154:289485,5933,no,train,scaffold16732_cov160,289497,+,313,0,Ptychodera_prebalancing.csv.gz
Ptychodera,scaffold39128_cov134:+:98912:99592,13982,no,train,scaffold39128_cov134,99039,+,131,0,Ptychodera_prebalancing.csv.gz
Ptychodera,scaffold15286_cov116:+:379161:379775,4522,no,train,scaffold15286_cov116,379636,+,305,0,Ptychodera_prebalancing.csv.gz
Ptychodera,scaffold7723_cov121:+:445396:445849,18245,no,train,scaffold7723_cov121,445830,+,323,0,Ptychodera_prebalancing.csv.gz
Ptychodera,scaffold6811_cov133:-:238109:238607,17378,yes,train,scaffold6811_cov133,238577,-,54,0.4179894179894179,Ptychodera_prebalancing.csv.gz
Ptychodera,scaffold8953_cov140:+:56023:56332,19065,yes,train,scaffold8953_cov140,56076,+,54,0.2536764705882353,Ptychodera_prebalancing.csv.gz
Ptychodera,scaffold2530_cov139:-:69656:69969,9883,yes,train,scaffold2530_cov139,69931,-,52,0.1870967741935484,Ptychodera_prebalancing.csv.gz
Ptychodera,scaffold940946_cov135:-:59871:60197,19357,no,train,scaffold940946_cov135,59916,-,295,0,Ptychodera_prebalancing.csv.gz
Ptychodera,scaffold1173_cov143:+:408154:408573,1826,yes,train,scaffold1173_cov143,408238,+,83,0.2375690607734806,Ptychodera_prebalancing.csv.gz
Ptychodera,scaffold3081_cov168:-:128788:128942,11931,yes,train,scaffold3081_cov168,128931,-,89,0.6994818652849741,Ptychodera_prebalancing.csv.gz
Ptychodera,scaffold8953_cov140:+:56023:56332,19109,yes,train,scaffold8953_cov140,56313,+,297,0.4656084656084656,Ptychodera_prebalancing.csv.gz
Ptychodera,scaffold1801_cov157:+:172979:173254,7024,no,train,scaffold1801_cov157,172927,+,9,0,Ptychodera_prebalancing.csv.gz
Ptychodera,scaffold22042_cov145:-:11224:12451,8644,no,train,scaffold22042_cov145,11159,-,286,0,Ptychodera_prebalancing.csv.gz
Ptychodera,scaffold2991_cov164:-:858007:858838,11563,no,train,scaffold2991_cov164,858063,-,672,0,Ptychodera_prebalancing.csv.gz
Ptychodera,scaffold12565_cov89:-:352301:352848,2942,yes,train,scaffold12565_cov89,352818,-,92,0.9946524064171124,Ptychodera_prebalancing.csv.gz
Ptychodera,scaffold45193_cov139:+:238005:238224,15028,yes,train,scaffold45193_cov139,238196,+,261,0.5391304347826087,Ptychodera_prebalancing.csv.gz
Ptychodera,scaffold6755_cov113:-:31779:31986,17220,no,train,scaffold6755_cov113,32024,-,8,0,Ptychodera_prebalancing.csv.gz
Ptychodera,scaffold1539_cov135:-:495376:495773,4660,no,train,scaffold1539_cov135,495348,-,224,0,Ptychodera_prebalancing.csv.gz
Ptychodera,scaffold8953_cov140:+:56023:56332,19067,yes,train,scaffold8953_cov140,56082,+,60,0.3726235741444867,Ptychodera_prebalancing.csv.gz
Ptychodera,scaffold2394_cov127:-:198968:199469,9209,no,train,scaffold2394_cov127,199454,-,53,0,Ptychodera_prebalancing.csv.gz
Ptychodera,scaffold1171787_cov158:+:720830:721101,1688,yes,train,scaffold1171787_cov158,721070,+,73,0.5515695067264574,Ptychodera_prebalancing.csv.gz
Ptychodera,scaffold3563_cov125:-:35702:36535,13098,no,train,scaffold3563_cov125,35841,-,198,0,Ptychodera_prebalancing.csv.gz
Ptychodera,scaffold17162_cov153:+:189363:189663,6404,yes,train,scaffold17162_cov153,189406,+,54,0.4900990099009901,Ptychodera_prebalancing.csv.gz
Ptychodera,scaffold32521_cov86:+:2399:2886,12230,no,train,scaffold32521_cov86,2429,+,36,0,Ptychodera_prebalancing.csv.gz
Ptychodera,scaffold4067_cov148:+:83646:83942,14323,no,train,scaffold4067_cov148,83486,+,55,0,Ptychodera_prebalancing.csv.gz
Ptychodera,scaffold20579_cov130:+:131832:133788,7898,no,train,scaffold20579_cov130,133001,+,98,0,Ptychodera_prebalancing.csv.gz
Ptychodera,scaffold10981_cov157:-:320342:321622,421,no,train,scaffold10981_cov157,320460,-,405,0,Ptychodera_prebalancing.csv.gz
Ptychodera,scaffold6901_cov141:-:794007:794312,17489,yes,train,scaffold6901_cov141,794092,-,228,0.3851851851851852,Ptychodera_prebalancing.csv.gz
Ptychodera,scaffold81961_cov101:+:2614:2737,18723,no,train,scaffold81961_cov101,2631,+,73,0,Ptychodera_prebalancing.csv.gz
Ptychodera,scaffold22210_cov134:-:250558:251371,8839,yes,train,scaffold22210_cov134,251100,-,174,0.9731543624161074,Ptychodera_prebalancing.csv.gz
Ptychodera,scaffold1171763_cov97:-:24808:25449,1639,yes,train,scaffold1171763_cov97,24923,-,244,0.1743119266055046,Ptychodera_prebalancing.csv.gz
Ptychodera,scaffold60041_cov77:+:9334:9531,16335,no,train,scaffold60041_cov77,9479,+,163,0,Ptychodera_prebalancing.csv.gz
Ptychodera,scaffold1603_cov140:-:2704:3035,5031,no,train,scaffold1603_cov140,2709,-,344,0,Ptychodera_prebalancing.csv.gz
Ptychodera,scaffold39128_cov134:+:98912:99592,14055,yes,train,scaffold39128_cov134,99272,+,369,0.3617021276595745,Ptychodera_prebalancing.csv.gz
Ptychodera,scaffold9555_cov137:-:57548:57703,19477,no,train,scaffold9555_cov137,57472,-,363,0,Ptychodera_prebalancing.csv.gz
Ptychodera,scaffold16732_cov160:+:289154:289485,5910,no,train,scaffold16732_cov160,289439,+,255,0,Ptychodera_prebalancing.csv.gz
Ptychodera,scaffold13328_cov168:+:112359:112609,3434,no,train,scaffold13328_cov168,112493,+,193,0,Ptychodera_prebalancing.csv.gz
Ptychodera,scaffold13328_cov168:+:112359:112609,3386,no,train,scaffold13328_cov168,112345,+,41,0,Ptychodera_prebalancing.csv.gz
Ptychodera,scaffold20096_cov109:+:121341:121634,7823,no,train,scaffold20096_cov109,121375,+,49,0,Ptychodera_prebalancing.csv.gz
Ptychodera,scaffold2530_cov139:+:315112:315261,9914,no,train,scaffold2530_cov139,315157,+,81,0,Ptychodera_prebalancing.csv.gz
Ptychodera,scaffold12335_cov130:+:147263:147554,2313,no,train,scaffold12335_cov130,147271,+,80,0,Ptychodera_prebalancing.csv.gz
Ptychodera,scaffold2440_cov108:-:296991:297406,9422,no,train,scaffold2440_cov108,297375,-,41,0,Ptychodera_prebalancing.csv.gz
Ptychodera,scaffold15286_cov116:+:379161:379775,4482,no,train,scaffold15286_cov116,379189,+,149,0,Ptychodera_prebalancing.csv.gz
Ptychodera,scaffold11537_cov112:+:299365:299845,713,yes,train,scaffold11537_cov112,299523,+,69,0.9240121580547112,Ptychodera_prebalancing.csv.gz
Ptychodera,scaffold2530_cov139:+:315112:315261,9906,no,train,scaffold2530_cov139,315127,+,51,0,Ptychodera_prebalancing.csv.gz
Ptychodera,scaffold25869_cov120:+:161390:162036,10194,no,train,scaffold25869_cov120,161622,+,99,0,Ptychodera_prebalancing.csv.gz
Ptychodera,scaffold81961_cov101:+:2614:2737,18726,no,train,scaffold81961_cov101,2639,+,81,0,Ptychodera_prebalancing.csv.gz
Ptychodera,scaffold60041_cov77:+:9334:9531,16309,yes,train,scaffold60041_cov77,9369,+,48,0.1550387596899224,Ptychodera_prebalancing.csv.gz
Ptychodera,scaffold8953_cov140:+:56023:56332,19082,yes,train,scaffold8953_cov140,56131,+,109,0.5555555555555556,Ptychodera_prebalancing.csv.gz
Ptychodera,scaffold6440_cov168:+:352921:355362,16557,yes,train,scaffold6440_cov168,354048,+,7,0.1739130434782608,Ptychodera_prebalancing.csv.gz
Ptychodera,scaffold22042_cov145:-:11224:12451,8679,no,train,scaffold22042_cov145,11295,-,150,0,Ptychodera_prebalancing.csv.gz
Ptychodera,scaffold3552_cov134:-:514923:515191,13066,no,train,scaffold3552_cov134,515052,-,208,0,Ptychodera_prebalancing.csv.gz
Ptychodera,scaffold1173_cov143:+:408154:408573,1822,yes,train,scaffold1173_cov143,408224,+,69,0.7292817679558011,Ptychodera_prebalancing.csv.gz
Ptychodera,scaffold14354_cov137:-:94703:95626,3815,no,train,scaffold14354_cov137,94870,-,228,0,Ptychodera_prebalancing.csv.gz
Ptychodera,scaffold17107_cov97:-:167714:170261,6252,no,train,scaffold17107_cov97,170294,-,76,0,Ptychodera_prebalancing.csv.gz
Ptychodera,scaffold1636_cov125:-:311909:312112,5561,yes,train,scaffold1636_cov125,312112,-,11,0.3830508474576271,Ptychodera_prebalancing.csv.gz
Ptychodera,scaffold25866_cov149:-:341036:341425,10126,yes,train,scaffold25866_cov149,341042,-,216,0.8440366972477065,Ptychodera_prebalancing.csv.gz
Ptychodera,scaffold1224_cov153:-:203704:204843,2246,yes,train,scaffold1224_cov153,204706,-,166,0.916083916083916,Ptychodera_prebalancing.csv.gz
Ptychodera,scaffold6811_cov133:-:238109:238607,17382,yes,train,scaffold6811_cov133,238590,-,41,0.4378109452736318,Ptychodera_prebalancing.csv.gz
Ptychodera,scaffold1156276_cov87:-:99184:100330,1011,no,train,scaffold1156276_cov87,99212,-,245,0,Ptychodera_prebalancing.csv.gz
Ptychodera,scaffold1835_cov136:+:285845:286147,7347,yes,train,scaffold1835_cov136,286146,+,160,0.1851851851851851,Ptychodera_prebalancing.csv.gz
Ptychodera,scaffold18025_cov163:+:6470:7342,7216,no,train,scaffold18025_cov163,7075,+,410,0,Ptychodera_prebalancing.csv.gz
Ptychodera,scaffold1171763_cov97:-:24808:25449,1661,yes,train,scaffold1171763_cov97,25331,-,126,0.7567567567567568,Ptychodera_prebalancing.csv.gz
Ptychodera,scaffold2710_cov109:-:61548:62284,10706,yes,train,scaffold2710_cov109,62189,-,106,0.5225225225225225,Ptychodera_prebalancing.csv.gz
Ptychodera,scaffold1636_cov125:-:375792:376043,5627,yes,train,scaffold1636_cov125,376009,-,102,0.2992700729927007,Ptychodera_prebalancing.csv.gz
Ptychodera,scaffold2383_cov141:-:631985:632295,9131,no,train,scaffold2383_cov141,632102,-,212,0,Ptychodera_prebalancing.csv.gz
Ptychodera,scaffold2440_cov108:-:296991:297406,9386,no,train,scaffold2440_cov108,297053,-,185,0,Ptychodera_prebalancing.csv.gz
Ptychodera,scaffold6811_cov133:-:238109:238607,17366,no,train,scaffold6811_cov133,238537,-,94,0,Ptychodera_prebalancing.csv.gz
Ptychodera,scaffold3635_cov139:-:67923:68627,13154,yes,train,scaffold3635_cov139,68453,-,281,0.7914691943127962,Ptychodera_prebalancing.csv.gz
Ptychodera,scaffold17689_cov156:+:96322:96960,6923,yes,train,scaffold17689_cov156,96565,+,179,0.59,Ptychodera_prebalancing.csv.gz
Ptychodera,scaffold26652_cov126:-:22721:23423,10386,yes,train,scaffold26652_cov126,23253,-,181,0.773109243697479,Ptychodera_prebalancing.csv.gz
Ptychodera,scaffold2817_cov143:-:740422:741833,10899,no,train,scaffold2817_cov143,740405,-,203,0,Ptychodera_prebalancing.csv.gz
Ptychodera,scaffold10981_cov157:-:320342:321622,409,yes,train,scaffold10981_cov157,320361,-,504,0.36,Ptychodera_prebalancing.csv.gz
Ptychodera,scaffold14354_cov137:-:94703:95626,3777,no,train,scaffold14354_cov137,94756,-,342,0,Ptychodera_prebalancing.csv.gz
Ptychodera,scaffold12335_cov130:+:147263:147554,2319,no,train,scaffold12335_cov130,147292,+,101,0,Ptychodera_prebalancing.csv.gz
Ptychodera,scaffold44597_cov125:-:60049:60643,14968,yes,train,scaffold44597_cov125,60575,-,20,0.910958904109589,Ptychodera_prebalancing.csv.gz
Ptychodera,scaffold1962_cov141:-:168291:168515,7640,no,train,scaffold1962_cov141,168519,-,73,0,Ptychodera_prebalancing.csv.gz
Ptychodera,scaffold42799_cov92:-:31872:32078,14554,no,train,scaffold42799_cov92,31815,-,284,0,Ptychodera_prebalancing.csv.gz
Ptychodera,scaffold56_cov136:+:584474:585605,16098,yes,train,scaffold56_cov136,584542,+,54,0.1743772241992882,Ptychodera_prebalancing.csv.gz
Ptychodera,scaffold15286_cov116:+:379161:379775,4462,no,train,scaffold15286_cov116,379141,+,101,0,Ptychodera_prebalancing.csv.gz
Ptychodera,scaffold1636_cov125:-:311909:312112,5528,no,train,scaffold1636_cov125,311992,-,137,0,Ptychodera_prebalancing.csv.gz
Ptychodera,scaffold4766_cov137:-:361536:361743,15212,yes,train,scaffold4766_cov137,361731,-,75,0.4663865546218487,Ptychodera_prebalancing.csv.gz
Ptychodera,scaffold3989_cov117:-:30157:30265,14205,no,train,scaffold3989_cov117,30119,-,201,0,Ptychodera_prebalancing.csv.gz
Ptychodera,scaffold6644_cov166:+:24349:25176,16880,yes,train,scaffold6644_cov166,24742,+,181,0.9339622641509434,Ptychodera_prebalancing.csv.gz
Ptychodera,scaffold8953_cov140:+:56023:56332,19096,yes,train,scaffold8953_cov140,56280,+,264,0.3525179856115107,Ptychodera_prebalancing.csv.gz
Ptychodera,scaffold11736_cov113:+:27376:27674,1787,yes,train,scaffold11736_cov113,27674,+,319,0.1827956989247312,Ptychodera_prebalancing.csv.gz
Ptychodera,scaffold1846_cov106:+:136856:137077,7415,yes,train,scaffold1846_cov106,137077,+,224,0.6434108527131783,Ptychodera_prebalancing.csv.gz
Ptychodera,scaffold1801_cov157:+:172979:173254,7121,no,train,scaffold1801_cov157,173241,+,329,0,Ptychodera_prebalancing.csv.gz
Ptychodera,scaffold1962_cov141:-:168291:168515,7660,no,train,scaffold1962_cov141,168581,-,11,0,Ptychodera_prebalancing.csv.gz
Ptychodera,scaffold17689_cov156:+:96322:96960,6918,yes,train,scaffold17689_cov156,96555,+,169,0.3932038834951456,Ptychodera_prebalancing.csv.gz
Ptychodera,scaffold42799_cov92:-:31872:32078,14556,no,train,scaffold42799_cov92,31817,-,282,0,Ptychodera_prebalancing.csv.gz
Ptychodera,scaffold15113_cov110:-:23645:25115,4410,no,train,scaffold15113_cov110,25043,-,83,0,Ptychodera_prebalancing.csv.gz
Ptychodera,scaffold2991_cov164:-:858007:858838,11684,no,train,scaffold2991_cov164,858602,-,239,0,Ptychodera_prebalancing.csv.gz
Ptychodera,scaffold1636_cov125:-:311909:312112,5557,no,train,scaffold1636_cov125,312100,-,23,0,Ptychodera_prebalancing.csv.gz
Ptychodera,scaffold6901_cov141:-:794007:794312,17480,yes,train,scaffold6901_cov141,794057,-,263,0.4935064935064935,Ptychodera_prebalancing.csv.gz
Ptychodera,scaffold28848_cov151:-:119895:120090,11146,no,train,scaffold28848_cov151,120044,-,60,0,Ptychodera_prebalancing.csv.gz
Ptychodera,scaffold12335_cov130:+:147263:147554,2339,no,train,scaffold12335_cov130,147475,+,180,0,Ptychodera_prebalancing.csv.gz
Ptychodera,scaffold10189_cov149:+:223808:225100,112,yes,train,scaffold10189_cov149,224821,+,131,0.4523809523809524,Ptychodera_prebalancing.csv.gz
Ptychodera,scaffold3782_cov139:+:169976:170896,13443,no,train,scaffold3782_cov139,170906,+,216,0,Ptychodera_prebalancing.csv.gz
Ptychodera,scaffold30030_cov79:+:14578:14882,11796,yes,train,scaffold30030_cov79,14781,+,211,0.1610169491525423,Ptychodera_prebalancing.csv.gz
Ptychodera,scaffold39128_cov134:+:93643:94114,13896,yes,train,scaffold39128_cov134,93644,+,16,0.1867469879518072,Ptychodera_prebalancing.csv.gz
Ptychodera,scaffold4043_cov170:-:308373:308638,14273,no,train,scaffold4043_cov170,308502,-,157,0,Ptychodera_prebalancing.csv.gz
Ptychodera,scaffold17162_cov153:+:189363:189663,6466,no,train,scaffold17162_cov153,189632,+,286,0,Ptychodera_prebalancing.csv.gz
Ptychodera,scaffold12141_cov164:-:9717:10517,2168,yes,train,scaffold12141_cov164,9948,-,38,0.31,Ptychodera_prebalancing.csv.gz
Ptychodera,scaffold14354_cov137:-:94703:95626,3843,no,train,scaffold14354_cov137,95608,-,141,0,Ptychodera_prebalancing.csv.gz
Ptychodera,scaffold10119_cov162:+:267012:267948,8,yes,train,scaffold10119_cov162,267015,+,5,0.2983870967741935,Ptychodera_prebalancing.csv.gz
Ptychodera,scaffold968_cov135:+:323367:323828,19951,no,train,scaffold968_cov135,323534,+,185,0,Ptychodera_prebalancing.csv.gz
Ptychodera,scaffold9555_cov137:-:57548:57703,19501,no,train,scaffold9555_cov137,57519,-,316,0,Ptychodera_prebalancing.csv.gz
Ptychodera,scaffold3698_cov112:+:68018:68572,13337,yes,train,scaffold3698_cov112,68559,+,557,0.3407407407407407,Ptychodera_prebalancing.csv.gz
Ptychodera,scaffold11537_cov112:+:299365:299845,695,yes,train,scaffold11537_cov112,299465,+,11,0.5384615384615384,Ptychodera_prebalancing.csv.gz
Ptychodera,scaffold1171763_cov97:-:24808:25449,1624,yes,train,scaffold1171763_cov97,24868,-,299,0.8090909090909091,Ptychodera_prebalancing.csv.gz
Ptychodera,scaffold2394_cov127:-:198968:199469,9222,no,train,scaffold2394_cov127,199495,-,12,0,Ptychodera_prebalancing.csv.gz
Ptychodera,scaffold1224_cov153:-:203704:204843,2267,yes,train,scaffold1224_cov153,204769,-,99,0.9541284403669724,Ptychodera_prebalancing.csv.gz
Ptychodera,scaffold1631_cov148:+:773586:775046,5493,no,train,scaffold1631_cov148,775087,+,238,0,Ptychodera_prebalancing.csv.gz
Ptychodera,scaffold208_cov126:+:146398:147328,8071,yes,train,scaffold208_cov126,147310,+,212,0.6576576576576577,Ptychodera_prebalancing.csv.gz
Ptychodera,scaffold5571_cov159:-:181815:182119,15984,no,train,scaffold5571_cov159,181818,-,193,0,Ptychodera_prebalancing.csv.gz
Ptychodera,scaffold3782_cov139:+:169976:170896,13410,no,train,scaffold3782_cov139,170733,+,86,0,Ptychodera_prebalancing.csv.gz
Ptychodera,scaffold1801_cov157:+:172979:173254,7081,no,train,scaffold1801_cov157,173135,+,223,0,Ptychodera_prebalancing.csv.gz
Ptychodera,scaffold42799_cov92:-:31872:32078,14642,no,train,scaffold42799_cov92,32084,-,9,0,Ptychodera_prebalancing.csv.gz
Ptychodera,scaffold11559_cov105:+:53281:53740,998,no,train,scaffold11559_cov105,53816,+,474,0,Ptychodera_prebalancing.csv.gz
Ptychodera,scaffold11537_cov112:+:299365:299845,745,yes,train,scaffold11537_cov112,299786,+,197,0.8910891089108911,Ptychodera_prebalancing.csv.gz
Ptychodera,scaffold6968_cov114:+:418242:418583,17571,no,train,scaffold6968_cov114,418497,+,196,0,Ptychodera_prebalancing.csv.gz
Ptychodera,scaffold947_cov114:-:3216:3537,19457,yes,train,scaffold947_cov114,3330,-,134,0.256198347107438,Ptychodera_prebalancing.csv.gz
Ptychodera,scaffold23899_cov112:+:9403:9576,9180,yes,train,scaffold23899_cov112,9547,+,166,0.5337837837837838,Ptychodera_prebalancing.csv.gz
Ptychodera,scaffold20579_cov130:+:131832:133788,7888,yes,train,scaffold20579_cov130,132942,+,39,0.3307086614173228,Ptychodera_prebalancing.csv.gz
Ptychodera,scaffold1156384_cov162:-:285204:285691,1115,no,train,scaffold1156384_cov162,285614,-,91,0,Ptychodera_prebalancing.csv.gz
Ptychodera,scaffold1676_cov84:-:198331:198854,5944,yes,train,scaffold1676_cov84,198408,-,346,0.3394495412844037,Ptychodera_prebalancing.csv.gz
Ptychodera,scaffold28848_cov151:-:119895:120090,11143,no,train,scaffold28848_cov151,120033,-,71,0,Ptychodera_prebalancing.csv.gz
Ptychodera,scaffold124823_cov151:-:162483:162816,2791,no,train,scaffold124823_cov151,162592,-,245,0,Ptychodera_prebalancing.csv.gz
Ptychodera,scaffold17326_cov146:-:125600:125798,6795,no,train,scaffold17326_cov146,125588,-,207,0,Ptychodera_prebalancing.csv.gz
Ptychodera,scaffold28848_cov151:-:119895:120090,11119,yes,train,scaffold28848_cov151,119966,-,144,0.2482014388489208,Ptychodera_prebalancing.csv.gz
Ptychodera,scaffold15286_cov116:+:379161:379775,4523,no,train,scaffold15286_cov116,379639,+,308,0,Ptychodera_prebalancing.csv.gz
Ptychodera,scaffold114779_cov129:-:9728:10643,659,yes,train,scaffold114779_cov129,10339,-,242,0.696,Ptychodera_prebalancing.csv.gz
Ptychodera,scaffold8953_cov140:+:56023:56332,19105,yes,train,scaffold8953_cov140,56297,+,281,0.4731182795698925,Ptychodera_prebalancing.csv.gz
Ptychodera,scaffold3861_cov165:-:35132:35576,13772,yes,train,scaffold3861_cov165,35283,-,416,0.6502242152466368,Ptychodera_prebalancing.csv.gz
Ptychodera,scaffold8636_cov148:-:61168:61687,18933,yes,train,scaffold8636_cov148,61174,-,451,0.3734177215189873,Ptychodera_prebalancing.csv.gz
Ptychodera,scaffold11559_cov105:+:53281:53740,986,no,train,scaffold11559_cov105,53787,+,445,0,Ptychodera_prebalancing.csv.gz
Ptychodera,scaffold1171789_cov119:-:19586:20038,1738,no,train,scaffold1171789_cov119,20065,-,3,0,Ptychodera_prebalancing.csv.gz
Ptychodera,scaffold1636_cov125:-:311909:312112,5530,yes,train,scaffold1636_cov125,311997,-,132,0.572289156626506,Ptychodera_prebalancing.csv.gz
Ptychodera,scaffold1155138_cov151:-:615230:615346,797,yes,train,scaffold1155138_cov151,615285,-,287,0.4754098360655737,Ptychodera_prebalancing.csv.gz
Ptychodera,scaffold14503_cov110:+:699477:699642,3997,yes,train,scaffold14503_cov110,699490,+,38,0.8350903614457831,Ptychodera_prebalancing.csv.gz
Ptychodera,scaffold4067_cov148:+:83646:83942,14452,no,train,scaffold4067_cov148,84110,+,471,0,Ptychodera_prebalancing.csv.gz
Ptychodera,scaffold2991_cov164:-:858007:858838,11689,no,train,scaffold2991_cov164,858608,-,233,0,Ptychodera_prebalancing.csv.gz
Ptychodera,scaffold39128_cov134:+:98912:99592,14038,no,train,scaffold39128_cov134,99196,+,288,0,Ptychodera_prebalancing.csv.gz
Ptychodera,scaffold9925_cov150:+:170081:170786,20194,yes,train,scaffold9925_cov150,170531,+,466,0.4018691588785046,Ptychodera_prebalancing.csv.gz
Ptychodera,scaffold1603_cov140:-:2704:3035,5036,yes,train,scaffold1603_cov140,2718,-,335,0.3033175355450237,Ptychodera_prebalancing.csv.gz
Ptychodera,scaffold1636_cov125:-:311909:312112,5529,no,train,scaffold1636_cov125,311993,-,136,0,Ptychodera_prebalancing.csv.gz
Ptychodera,scaffold15884_cov164:+:702959:703070,5017,yes,train,scaffold15884_cov164,703070,+,191,0.4938271604938271,Ptychodera_prebalancing.csv.gz
Ptychodera,scaffold8953_cov140:+:56023:56332,19106,yes,train,scaffold8953_cov140,56298,+,282,0.7311827956989247,Ptychodera_prebalancing.csv.gz
Ptychodera,scaffold2140_cov133:-:174815:176568,8397,no,train,scaffold2140_cov133,174826,-,329,0,Ptychodera_prebalancing.csv.gz
Ptychodera,scaffold1171787_cov158:+:720830:721101,1680,yes,train,scaffold1171787_cov158,721023,+,26,0.3851351351351351,Ptychodera_prebalancing.csv.gz
Ptychodera,scaffold9555_cov137:-:57548:57703,19488,no,train,scaffold9555_cov137,57494,-,341,0,Ptychodera_prebalancing.csv.gz
Ptychodera,scaffold13801_cov94:-:33000:33728,3563,yes,train,scaffold13801_cov94,33294,-,198,0.7190265486725663,Ptychodera_prebalancing.csv.gz
Ptychodera,scaffold124823_cov151:-:162483:162816,2826,no,train,scaffold124823_cov151,162704,-,127,0,Ptychodera_prebalancing.csv.gz
Ptychodera,scaffold968_cov135:+:323367:323828,19950,yes,train,scaffold968_cov135,323531,+,182,0.3515625,Ptychodera_prebalancing.csv.gz
Ptychodera,scaffold1323_cov134:+:427103:427584,3203,yes,train,scaffold1323_cov134,427546,+,418,1,Ptychodera_prebalancing.csv.gz
Ptychodera,scaffold3081_cov168:-:128788:128942,11901,yes,train,scaffold3081_cov168,128808,-,217,0.5,Ptychodera_prebalancing.csv.gz
Ptychodera,scaffold1224_cov153:-:203704:204843,2252,no,train,scaffold1224_cov153,204722,-,150,0,Ptychodera_prebalancing.csv.gz
Ptychodera,scaffold2991_cov164:-:858007:858838,11743,no,train,scaffold2991_cov164,858758,-,83,0,Ptychodera_prebalancing.csv.gz
Ptychodera,scaffold20579_cov130:+:131832:133788,7889,yes,train,scaffold20579_cov130,132943,+,40,0.3225806451612903,Ptychodera_prebalancing.csv.gz
Ptychodera,scaffold2160_cov159:-:67362:67625,8552,yes,train,scaffold2160_cov159,67379,-,284,0.1592920353982301,Ptychodera_prebalancing.csv.gz
Ptychodera,scaffold32521_cov86:+:2399:2886,12360,yes,train,scaffold32521_cov86,2863,+,477,0.1926229508196721,Ptychodera_prebalancing.csv.gz
Ptychodera,scaffold2160_cov159:-:67362:67625,8555,yes,train,scaffold2160_cov159,67389,-,274,0.1619047619047619,Ptychodera_prebalancing.csv.gz
Ptychodera,scaffold1156276_cov87:-:99184:100330,1035,yes,train,scaffold1156276_cov87,99466,-,105,0.6061946902654868,Ptychodera_prebalancing.csv.gz
Ptychodera,scaffold7723_cov121:+:445396:445849,18184,no,train,scaffold7723_cov121,445674,+,161,0,Ptychodera_prebalancing.csv.gz
Ptychodera,scaffold3698_cov112:+:68018:68572,13290,yes,train,scaffold3698_cov112,68245,+,241,0.2978723404255319,Ptychodera_prebalancing.csv.gz
Ptychodera,scaffold11537_cov112:+:299365:299845,741,no,train,scaffold11537_cov112,299743,+,154,0,Ptychodera_prebalancing.csv.gz
Ptychodera,scaffold30030_cov79:+:14578:14882,11804,yes,train,scaffold30030_cov79,14799,+,229,0.4065040650406504,Ptychodera_prebalancing.csv.gz
Ptychodera,scaffold478_cov113:-:167312:167702,15325,yes,train,scaffold478_cov113,167580,-,122,0.6273458445040214,Ptychodera_prebalancing.csv.gz
Ptychodera,scaffold23899_cov112:+:9403:9576,9171,yes,train,scaffold23899_cov112,9531,+,150,0.3454545454545454,Ptychodera_prebalancing.csv.gz
Ptychodera,scaffold25866_cov149:-:341036:341425,10155,yes,train,scaffold25866_cov149,341333,-,52,0.4812030075187969,Ptychodera_prebalancing.csv.gz
Ptychodera,scaffold1603_cov140:-:2704:3035,5087,no,train,scaffold1603_cov140,2843,-,210,0,Ptychodera_prebalancing.csv.gz
Ptychodera,scaffold124823_cov151:-:162483:162816,2812,no,train,scaffold124823_cov151,162639,-,198,0,Ptychodera_prebalancing.csv.gz
Ptychodera,scaffold27652_cov140:+:374592:375191,10783,yes,train,scaffold27652_cov140,374688,+,42,0.2522522522522522,Ptychodera_prebalancing.csv.gz
Ptychodera,scaffold23899_cov112:+:9403:9576,9187,yes,train,scaffold23899_cov112,9563,+,182,0.8719512195121951,Ptychodera_prebalancing.csv.gz
Ptychodera,scaffold385573_cov79:+:6977:7422,13560,yes,train,scaffold385573_cov79,7068,+,140,0.3513513513513513,Ptychodera_prebalancing.csv.gz
Ptychodera,scaffold1846_cov106:+:136856:137077,7413,yes,train,scaffold1846_cov106,137074,+,221,0.5797101449275363,Ptychodera_prebalancing.csv.gz
Ptychodera,scaffold18025_cov163:+:6470:7342,7154,yes,train,scaffold18025_cov163,6482,+,39,0.2926829268292683,Ptychodera_prebalancing.csv.gz
Ptychodera,scaffold16732_cov160:+:289154:289485,5941,no,train,scaffold16732_cov160,289527,+,343,0,Ptychodera_prebalancing.csv.gz
Ptychodera,scaffold1173_cov143:+:408154:408573,1890,no,train,scaffold1173_cov143,408510,+,309,0,Ptychodera_prebalancing.csv.gz
Ptychodera,scaffold9555_cov137:-:57548:57703,19549,no,train,scaffold9555_cov137,57668,-,161,0,Ptychodera_prebalancing.csv.gz
Ptychodera,scaffold1631_cov148:+:773586:775046,5426,no,train,scaffold1631_cov148,774792,+,15,0,Ptychodera_prebalancing.csv.gz
Ptychodera,scaffold20096_cov109:+:121341:121634,7809,no,train,scaffold20096_cov109,121332,+,6,0,Ptychodera_prebalancing.csv.gz
Ptychodera,scaffold485_cov122:-:34345:34618,15420,no,train,scaffold485_cov122,34405,-,239,0,Ptychodera_prebalancing.csv.gz
Ptychodera,scaffold2869_cov154:+:107409:107792,11033,yes,train,scaffold2869_cov154,107485,+,104,0.2530541012216405,Ptychodera_prebalancing.csv.gz
Ptychodera,scaffold69346_cov100:-:116631:116958,17534,yes,train,scaffold69346_cov100,116891,-,46,0.2136752136752136,Ptychodera_prebalancing.csv.gz
Ptychodera,scaffold3154_cov140:+:228764:228820,12023,no,train,scaffold3154_cov140,228875,+,264,0,Ptychodera_prebalancing.csv.gz
Ptychodera,scaffold1962_cov141:-:167038:167279,7534,yes,train,scaffold1962_cov141,167096,-,257,0.4173228346456692,Ptychodera_prebalancing.csv.gz
Ptychodera,scaffold4067_cov148:+:83646:83942,14326,no,train,scaffold4067_cov148,83502,+,71,0,Ptychodera_prebalancing.csv.gz
Ptychodera,scaffold2530_cov139:+:315112:315261,9899,no,train,scaffold2530_cov139,315100,+,24,0,Ptychodera_prebalancing.csv.gz
Ptychodera,scaffold3081_cov168:-:128788:128942,11950,no,train,scaffold3081_cov168,129011,-,9,0,Ptychodera_prebalancing.csv.gz
Ptychodera,scaffold81961_cov101:+:2614:2737,18704,no,train,scaffold81961_cov101,2576,+,18,0,Ptychodera_prebalancing.csv.gz
Ptychodera,scaffold1636_cov125:-:311909:312112,5510,no,train,scaffold1636_cov125,311944,-,185,0,Ptychodera_prebalancing.csv.gz
Ptychodera,scaffold6811_cov133:-:238109:238607,17355,yes,train,scaffold6811_cov133,238508,-,123,0.9023255813953488,Ptychodera_prebalancing.csv.gz
Ptychodera,scaffold11537_cov112:+:299365:299845,699,yes,train,scaffold11537_cov112,299472,+,18,0.3640167364016736,Ptychodera_prebalancing.csv.gz
Ptychodera,scaffold6901_cov141:-:794007:794312,17467,yes,train,scaffold6901_cov141,794025,-,295,0.5614973262032086,Ptychodera_prebalancing.csv.gz
Ptychodera,scaffold178834_cov87:+:2261:3116,7012,yes,train,scaffold178834_cov87,3094,+,197,0.1616541353383458,Ptychodera_prebalancing.csv.gz
Ptychodera,scaffold9569_cov136:-:510672:510737,19594,no,train,scaffold9569_cov136,510631,-,177,0,Ptychodera_prebalancing.csv.gz
Ptychodera,scaffold1323_cov134:+:427103:427584,3181,yes,train,scaffold1323_cov134,427497,+,369,0.8882602545968883,Ptychodera_prebalancing.csv.gz
Ptychodera,scaffold16052_cov95:+:62339:62985,5140,yes,train,scaffold16052_cov95,62341,+,7,0.2844827586206896,Ptychodera_prebalancing.csv.gz
Ptychodera,scaffold114779_cov129:-:9728:10643,624,yes,train,scaffold114779_cov129,9943,-,467,0.1881188118811881,Ptychodera_prebalancing.csv.gz
Ptychodera,scaffold556_cov97:+:144855:145103,15936,no,train,scaffold556_cov97,144900,+,59,0,Ptychodera_prebalancing.csv.gz
Ptychodera,scaffold124823_cov151:-:162483:162816,2739,no,train,scaffold124823_cov151,162478,-,359,0,Ptychodera_prebalancing.csv.gz
Ptychodera,scaffold1171266_cov138:-:157533:158115,1557,no,train,scaffold1171266_cov138,157941,-,119,0,Ptychodera_prebalancing.csv.gz
Ptychodera,scaffold9645_cov134:-:516300:516668,19731,yes,train,scaffold9645_cov134,516301,-,258,0.1755725190839694,Ptychodera_prebalancing.csv.gz
Ptychodera,scaffold2991_cov164:-:247815:248280,11464,no,train,scaffold2991_cov164,247857,-,265,0,Ptychodera_prebalancing.csv.gz
Ptychodera,scaffold16631_cov137:+:14242:14561,5830,no,train,scaffold16631_cov137,14534,+,256,0,Ptychodera_prebalancing.csv.gz
Ptychodera,scaffold75012_cov130:+:116027:116370,17870,no,train,scaffold75012_cov130,116179,+,158,0,Ptychodera_prebalancing.csv.gz
Ptychodera,scaffold12335_cov130:+:147263:147554,2373,no,train,scaffold12335_cov130,147556,+,261,0,Ptychodera_prebalancing.csv.gz
Ptychodera,scaffold3552_cov134:-:514923:515191,13047,no,train,scaffold3552_cov134,514983,-,277,0,Ptychodera_prebalancing.csv.gz
Ptychodera,scaffold11559_cov105:+:53281:53740,929,no,train,scaffold11559_cov105,53633,+,291,0,Ptychodera_prebalancing.csv.gz
Ptychodera,scaffold1631_cov148:+:773586:775046,5463,no,train,scaffold1631_cov148,775021,+,172,0,Ptychodera_prebalancing.csv.gz
Ptychodera,scaffold2817_cov143:-:740422:741833,10924,yes,train,scaffold2817_cov143,740590,-,100,0.7677852348993288,Ptychodera_prebalancing.csv.gz
Ptychodera,scaffold17162_cov153:+:189363:189663,6469,no,train,scaffold17162_cov153,189640,+,294,0,Ptychodera_prebalancing.csv.gz
Ptychodera,scaffold10119_cov162:+:267012:267948,7,yes,train,scaffold10119_cov162,267014,+,4,0.2539682539682539,Ptychodera_prebalancing.csv.gz
Ptychodera,scaffold32521_cov86:+:2399:2886,12266,yes,train,scaffold32521_cov86,2579,+,186,0.2732919254658385,Ptychodera_prebalancing.csv.gz
Ptychodera,scaffold26652_cov126:-:22721:23423,10412,no,train,scaffold26652_cov126,23325,-,109,0,Ptychodera_prebalancing.csv.gz
Ptychodera,scaffold348914_cov132:-:18141:18583,12925,yes,train,scaffold348914_cov132,18502,-,130,0.3357664233576642,Ptychodera_prebalancing.csv.gz
Ptychodera,scaffold9569_cov136:-:510672:510737,19635,no,train,scaffold9569_cov136,510776,-,30,0,Ptychodera_prebalancing.csv.gz
Ptychodera,scaffold114779_cov129:-:9728:10643,671,yes,train,scaffold114779_cov129,10510,-,71,0.1909090909090909,Ptychodera_prebalancing.csv.gz
Ptychodera,scaffold32521_cov86:+:2399:2886,12273,yes,train,scaffold32521_cov86,2597,+,204,0.1967213114754098,Ptychodera_prebalancing.csv.gz
Ptychodera,scaffold14503_cov110:+:699477:699642,4031,yes,train,scaffold14503_cov110,699642,+,195,0.9765572672471534,Ptychodera_prebalancing.csv.gz
Ptychodera,scaffold32521_cov86:+:2399:2886,12336,yes,train,scaffold32521_cov86,2797,+,411,0.3319587628865979,Ptychodera_prebalancing.csv.gz
Ptychodera,scaffold9555_cov137:-:57548:57703,19548,no,train,scaffold9555_cov137,57665,-,164,0,Ptychodera_prebalancing.csv.gz
Ptychodera,scaffold1224_cov153:-:203704:204843,2251,yes,train,scaffold1224_cov153,204721,-,151,0.8904109589041096,Ptychodera_prebalancing.csv.gz
Ptychodera,scaffold3635_cov139:-:67923:68627,13130,no,train,scaffold3635_cov139,68401,-,333,0,Ptychodera_prebalancing.csv.gz
Ptychodera,scaffold39380_cov153:-:70839:70938,14164,no,train,scaffold39380_cov153,70903,-,87,0,Ptychodera_prebalancing.csv.gz
Ptychodera,scaffold21173_cov137:-:525055:525229,8285,yes,train,scaffold21173_cov137,525117,-,142,0.9981343283582088,Ptychodera_prebalancing.csv.gz
Ptychodera,scaffold348914_cov132:-:18141:18583,12894,yes,train,scaffold348914_cov132,18215,-,263,0.8709677419354839,Ptychodera_prebalancing.csv.gz
Ptychodera,scaffold9925_cov150:+:170081:170786,20104,yes,train,scaffold9925_cov150,170194,+,122,0.5806451612903226,Ptychodera_prebalancing.csv.gz
Ptychodera,scaffold56_cov136:+:584474:585605,16168,no,train,scaffold56_cov136,585480,+,212,0,Ptychodera_prebalancing.csv.gz
Ptychodera,scaffold1173_cov143:+:408154:408573,1893,yes,train,scaffold1173_cov143,408515,+,314,0.5705128205128205,Ptychodera_prebalancing.csv.gz
Ptychodera,scaffold50865_cov127:-:17389:18451,15713,yes,train,scaffold50865_cov127,18247,-,221,0.5060975609756098,Ptychodera_prebalancing.csv.gz
Ptychodera,scaffold7613_cov119:+:136766:136903,17969,no,train,scaffold7613_cov119,136814,+,129,0,Ptychodera_prebalancing.csv.gz
Ptychodera,scaffold6836_cov122:+:33453:34073,17436,yes,train,scaffold6836_cov122,33868,+,191,0.2941176470588235,Ptychodera_prebalancing.csv.gz
Ptychodera,scaffold96532_cov96:+:290036:290160,19890,no,train,scaffold96532_cov96,290178,+,191,0,Ptychodera_prebalancing.csv.gz
Ptychodera,scaffold14530_cov114:-:72579:72958,4047,yes,train,scaffold14530_cov114,72629,-,218,0.2079207920792079,Ptychodera_prebalancing.csv.gz
Ptychodera,scaffold22042_cov145:-:11224:12451,8687,no,train,scaffold22042_cov145,12122,-,102,0,Ptychodera_prebalancing.csv.gz
Ptychodera,scaffold21173_cov137:-:525055:525229,8273,yes,train,scaffold21173_cov137,525086,-,173,0.993119266055046,Ptychodera_prebalancing.csv.gz
Ptychodera,scaffold47766_cov117:-:200215:200524,15237,no,train,scaffold47766_cov117,200230,-,304,0,Ptychodera_prebalancing.csv.gz
Ptychodera,scaffold25869_cov120:+:161390:162036,10192,no,train,scaffold25869_cov120,161606,+,83,0,Ptychodera_prebalancing.csv.gz
Ptychodera,scaffold14354_cov137:-:94703:95626,3879,no,train,scaffold14354_cov137,95724,-,25,0,Ptychodera_prebalancing.csv.gz
Ptychodera,scaffold1631_cov148:+:773586:775046,5487,no,train,scaffold1631_cov148,775079,+,230,0,Ptychodera_prebalancing.csv.gz
Ptychodera,scaffold2140_cov133:-:174815:176568,8476,no,train,scaffold2140_cov133,175056,-,93,0,Ptychodera_prebalancing.csv.gz
Ptychodera,scaffold15286_cov116:+:379161:379775,4553,no,train,scaffold15286_cov116,379725,+,394,0,Ptychodera_prebalancing.csv.gz
Ptychodera,scaffold56_cov136:+:584474:585605,16174,yes,train,scaffold56_cov136,585502,+,234,0.3509933774834437,Ptychodera_prebalancing.csv.gz
Ptychodera,scaffold42799_cov92:-:31872:32078,14636,no,train,scaffold42799_cov92,32058,-,35,0,Ptychodera_prebalancing.csv.gz
Ptychodera,scaffold851_cov164:+:208862:209420,18874,yes,train,scaffold851_cov164,208877,+,24,0.1796407185628742,Ptychodera_prebalancing.csv.gz
Ptychodera,scaffold25120_cov124:-:105463:105780,9740,no,train,scaffold25120_cov124,105746,-,50,0,Ptychodera_prebalancing.csv.gz
Ptychodera,scaffold11537_cov112:+:299365:299845,724,no,train,scaffold11537_cov112,299545,+,91,0,Ptychodera_prebalancing.csv.gz
Ptychodera,scaffold3081_cov168:-:128788:128942,11920,yes,train,scaffold3081_cov168,128902,-,118,0.2291666666666666,Ptychodera_prebalancing.csv.gz
Ptychodera,scaffold1155138_cov151:-:615230:615346,815,no,train,scaffold1155138_cov151,615361,-,211,0,Ptychodera_prebalancing.csv.gz
Ptychodera,scaffold6811_cov133:-:238109:238607,17282,yes,train,scaffold6811_cov133,238148,-,419,0.9220183486238532,Ptychodera_prebalancing.csv.gz
Ptychodera,scaffold10165_cov134:-:283423:285289,104,no,train,scaffold10165_cov134,285305,-,4,0,Ptychodera_prebalancing.csv.gz
Ptychodera,scaffold765_cov148:+:233581:233840,18137,no,train,scaffold765_cov148,233847,+,193,0,Ptychodera_prebalancing.csv.gz
Ptychodera,scaffold12565_cov89:-:352301:352848,2861,yes,train,scaffold12565_cov89,352366,-,543,0.2905027932960894,Ptychodera_prebalancing.csv.gz
Ptychodera,scaffold6755_cov113:-:31779:31986,17221,no,train,scaffold6755_cov113,32025,-,7,0,Ptychodera_prebalancing.csv.gz
Ptychodera,scaffold1539_cov135:-:495376:495773,4675,yes,train,scaffold1539_cov135,495417,-,155,0.3333333333333333,Ptychodera_prebalancing.csv.gz
Ptychodera,scaffold300_cov133:+:193732:194072,11850,yes,train,scaffold300_cov133,193804,+,89,0.8702290076335878,Ptychodera_prebalancing.csv.gz
Ptychodera,scaffold12381_cov139:+:19073:19682,2601,no,train,scaffold12381_cov139,19717,+,472,0,Ptychodera_prebalancing.csv.gz
Ptychodera,scaffold5571_cov159:-:181815:182119,15990,yes,train,scaffold5571_cov159,181828,-,183,0.1666666666666666,Ptychodera_prebalancing.csv.gz
Ptychodera,scaffold2530_cov139:+:315112:315261,9908,yes,train,scaffold2530_cov139,315133,+,57,0.5196850393700787,Ptychodera_prebalancing.csv.gz
Ptychodera,scaffold8095_cov123:-:171963:172984,18558,no,train,scaffold8095_cov123,172960,-,9,0,Ptychodera_prebalancing.csv.gz
Ptychodera,scaffold11736_cov113:+:27376:27674,1772,yes,train,scaffold11736_cov113,27584,+,229,0.1503957783641161,Ptychodera_prebalancing.csv.gz
Ptychodera,scaffold3782_cov139:+:169976:170896,13440,yes,train,scaffold3782_cov139,170895,+,205,0.2245614035087719,Ptychodera_prebalancing.csv.gz
Ptychodera,scaffold3782_cov139:+:169976:170896,13395,yes,train,scaffold3782_cov139,170677,+,30,0.321285140562249,Ptychodera_prebalancing.csv.gz
Ptychodera,scaffold26652_cov126:+:156424:156704,10505,yes,train,scaffold26652_cov126,156650,+,191,0.3697749196141479,Ptychodera_prebalancing.csv.gz
Ptychodera,scaffold1835_cov136:+:285845:286147,7342,yes,train,scaffold1835_cov136,286132,+,146,0.3008130081300813,Ptychodera_prebalancing.csv.gz
Ptychodera,scaffold2869_cov154:+:107409:107792,11041,no,train,scaffold2869_cov154,107511,+,130,0,Ptychodera_prebalancing.csv.gz
Ptychodera,scaffold6901_cov141:-:794007:794312,17486,yes,train,scaffold6901_cov141,794078,-,242,0.3555555555555555,Ptychodera_prebalancing.csv.gz
Ptychodera,scaffold2991_cov164:-:858007:858838,11685,no,train,scaffold2991_cov164,858603,-,238,0,Ptychodera_prebalancing.csv.gz
Ptychodera,scaffold20096_cov109:+:121341:121634,7850,no,train,scaffold20096_cov109,121590,+,147,0,Ptychodera_prebalancing.csv.gz
Ptychodera,scaffold56_cov136:+:584474:585605,16104,yes,train,scaffold56_cov136,584550,+,62,0.2236286919831223,Ptychodera_prebalancing.csv.gz
Ptychodera,scaffold16732_cov160:+:289154:289485,5846,no,train,scaffold16732_cov160,289163,+,45,0,Ptychodera_prebalancing.csv.gz
Ptychodera,scaffold800_cov148:-:30933:31071,18340,no,train,scaffold800_cov148,30875,-,286,0,Ptychodera_prebalancing.csv.gz
Ptychodera,scaffold69346_cov100:-:116631:116958,17532,yes,train,scaffold69346_cov100,116889,-,48,0.6610169491525424,Ptychodera_prebalancing.csv.gz
Ptychodera,scaffold16732_cov160:+:289154:289485,5882,no,train,scaffold16732_cov160,289360,+,176,0,Ptychodera_prebalancing.csv.gz
Ptychodera,scaffold10734_cov95:+:35769:36582,340,no,train,scaffold10734_cov95,36573,+,347,0,Ptychodera_prebalancing.csv.gz
Ptychodera,scaffold1636_cov125:-:311909:312112,5499,no,train,scaffold1636_cov125,311902,-,227,0,Ptychodera_prebalancing.csv.gz
Ptychodera,scaffold114779_cov129:-:9728:10643,660,yes,train,scaffold114779_cov129,10357,-,224,0.5258620689655172,Ptychodera_prebalancing.csv.gz
Ptychodera,scaffold617_cov97:-:108357:109123,16423,no,train,scaffold617_cov97,109134,-,139,0,Ptychodera_prebalancing.csv.gz
Ptychodera,scaffold1171266_cov138:-:157533:158115,1591,no,train,scaffold1171266_cov138,158041,-,19,0,Ptychodera_prebalancing.csv.gz
Ptychodera,scaffold2530_cov139:+:315112:315261,9948,no,train,scaffold2530_cov139,315281,+,210,0,Ptychodera_prebalancing.csv.gz
Ptychodera,scaffold208_cov126:+:155246:156052,8085,yes,train,scaffold208_cov126,155653,+,45,0.8253968253968254,Ptychodera_prebalancing.csv.gz
Ptychodera,scaffold10983_cov102:-:132602:132940,528,no,train,scaffold10983_cov102,132863,-,3,0,Ptychodera_prebalancing.csv.gz
Ptychodera,scaffold38562_cov122:-:141886:143137,13719,no,train,scaffold38562_cov122,143165,-,6,0,Ptychodera_prebalancing.csv.gz
Ptychodera,scaffold15286_cov116:+:379161:379775,4530,no,train,scaffold15286_cov116,379663,+,332,0,Ptychodera_prebalancing.csv.gz
Ptychodera,scaffold2991_cov164:-:858007:858838,11690,yes,train,scaffold2991_cov164,858613,-,228,0.2277227722772277,Ptychodera_prebalancing.csv.gz
Ptychodera,scaffold910_cov130:+:473330:473536,19216,no,train,scaffold910_cov130,473561,+,291,0,Ptychodera_prebalancing.csv.gz
Ptychodera,scaffold24497_cov89:-:27735:28057,9443,yes,train,scaffold24497_cov89,27782,-,287,0.9292035398230089,Ptychodera_prebalancing.csv.gz
Ptychodera,scaffold2326_cov84:-:195815:195896,9079,no,train,scaffold2326_cov84,195971,-,35,0,Ptychodera_prebalancing.csv.gz
Ptychodera,scaffold1171266_cov138:-:157533:158115,1565,no,train,scaffold1171266_cov138,157969,-,91,0,Ptychodera_prebalancing.csv.gz
Ptychodera,scaffold2991_cov164:-:858007:858838,11638,no,train,scaffold2991_cov164,858350,-,385,0,Ptychodera_prebalancing.csv.gz
Ptychodera,scaffold12565_cov89:-:352301:352848,2915,yes,train,scaffold12565_cov89,352710,-,200,0.5880597014925373,Ptychodera_prebalancing.csv.gz
Ptychodera,scaffold42799_cov92:-:31872:32078,14635,no,train,scaffold42799_cov92,32057,-,36,0,Ptychodera_prebalancing.csv.gz
Ptychodera,scaffold18025_cov163:+:6470:7342,7211,no,train,scaffold18025_cov163,7052,+,387,0,Ptychodera_prebalancing.csv.gz
Ptychodera,scaffold6755_cov113:-:31779:31986,17153,no,train,scaffold6755_cov113,31749,-,244,0,Ptychodera_prebalancing.csv.gz
Ptychodera,scaffold8953_cov140:+:56023:56332,19101,yes,train,scaffold8953_cov140,56291,+,275,0.2707182320441988,Ptychodera_prebalancing.csv.gz
Ptychodera,scaffold25866_cov149:-:341036:341425,10156,yes,train,scaffold25866_cov149,341336,-,49,1,Ptychodera_prebalancing.csv.gz
Ptychodera,scaffold348914_cov132:-:18141:18583,12946,no,train,scaffold348914_cov132,18602,-,30,0,Ptychodera_prebalancing.csv.gz
Ptychodera,scaffold2991_cov164:-:858007:858838,11644,no,train,scaffold2991_cov164,858486,-,355,0,Ptychodera_prebalancing.csv.gz
Ptychodera,scaffold1171258_cov122:+:213330:213576,1449,no,train,scaffold1171258_cov122,213541,+,232,0,Ptychodera_prebalancing.csv.gz
Ptychodera,scaffold9925_cov150:+:170081:170786,20193,yes,train,scaffold9925_cov150,170527,+,462,0.1595744680851064,Ptychodera_prebalancing.csv.gz
Ptychodera,scaffold2991_cov164:-:247815:248280,11534,yes,train,scaffold2991_cov164,248280,-,7,0.1818181818181818,Ptychodera_prebalancing.csv.gz
Ptychodera,scaffold32521_cov86:+:2399:2886,12316,yes,train,scaffold32521_cov86,2740,+,354,0.5380281690140845,Ptychodera_prebalancing.csv.gz
Ptychodera,scaffold10983_cov102:-:132602:132940,509,yes,train,scaffold10983_cov102,132823,-,43,0.3705035971223021,Ptychodera_prebalancing.csv.gz
Ptychodera,scaffold17689_cov156:+:96322:96960,6917,yes,train,scaffold17689_cov156,96552,+,166,0.8932038834951457,Ptychodera_prebalancing.csv.gz
Ptychodera,scaffold3422_cov129:-:385086:386396,12675,yes,train,scaffold3422_cov129,385485,-,74,0.417391304347826,Ptychodera_prebalancing.csv.gz
Ptychodera,scaffold18025_cov163:+:6470:7342,7168,no,train,scaffold18025_cov163,6586,+,143,0,Ptychodera_prebalancing.csv.gz
Ptychodera,scaffold2530_cov139:+:315112:315261,9894,no,train,scaffold2530_cov139,315088,+,12,0,Ptychodera_prebalancing.csv.gz
Ptychodera,scaffold2991_cov164:-:247815:248280,11519,no,train,scaffold2991_cov164,248232,-,55,0,Ptychodera_prebalancing.csv.gz
Ptychodera,scaffold1636_cov125:-:311909:312112,5556,no,train,scaffold1636_cov125,312094,-,29,0,Ptychodera_prebalancing.csv.gz
Ptychodera,scaffold2991_cov164:-:858007:858838,11603,no,train,scaffold2991_cov164,858223,-,512,0,Ptychodera_prebalancing.csv.gz
Ptychodera,scaffold2817_cov143:-:740422:741833,10905,yes,train,scaffold2817_cov143,740423,-,185,0.1814946619217081,Ptychodera_prebalancing.csv.gz
Ptychodera,scaffold22042_cov145:-:44137:44562,8730,no,train,scaffold22042_cov145,44507,-,94,0,Ptychodera_prebalancing.csv.gz
Ptychodera,scaffold947_cov114:-:3216:3537,19437,yes,train,scaffold947_cov114,3258,-,206,0.9849624060150376,Ptychodera_prebalancing.csv.gz
Ptychodera,scaffold7723_cov121:+:445396:445849,18175,no,train,scaffold7723_cov121,445650,+,137,0,Ptychodera_prebalancing.csv.gz
Ptychodera,scaffold1636_cov125:-:311909:312112,5545,no,train,scaffold1636_cov125,312049,-,74,0,Ptychodera_prebalancing.csv.gz
Ptychodera,scaffold348914_cov132:-:18141:18583,12915,no,train,scaffold348914_cov132,18470,-,162,0,Ptychodera_prebalancing.csv.gz
Ptychodera,scaffold2383_cov141:-:631985:632295,9103,no,train,scaffold2383_cov141,631996,-,318,0,Ptychodera_prebalancing.csv.gz
Ptychodera,scaffold17107_cov97:-:167714:170261,6211,no,train,scaffold17107_cov97,170145,-,225,0,Ptychodera_prebalancing.csv.gz
Ptychodera,scaffold13328_cov168:+:112359:112609,3374,no,train,scaffold13328_cov168,112314,+,10,0,Ptychodera_prebalancing.csv.gz
Ptychodera,scaffold4923_cov126:-:400667:401530,15580,no,train,scaffold4923_cov126,400739,-,684,0,Ptychodera_prebalancing.csv.gz
Ptychodera,scaffold2440_cov108:-:296991:297406,9378,no,train,scaffold2440_cov108,297035,-,203,0,Ptychodera_prebalancing.csv.gz
Ptychodera,scaffold208_cov126:+:146398:147328,8057,yes,train,scaffold208_cov126,147278,+,180,0.4513274336283185,Ptychodera_prebalancing.csv.gz
Ptychodera,scaffold1171763_cov97:-:24808:25449,1620,yes,train,scaffold1171763_cov97,24856,-,311,0.8942307692307693,Ptychodera_prebalancing.csv.gz
Ptychodera,scaffold14503_cov110:+:699477:699642,4013,no,train,scaffold14503_cov110,699559,+,107,0,Ptychodera_prebalancing.csv.gz
Ptychodera,scaffold3563_cov125:-:35702:36535,13109,yes,train,scaffold3563_cov125,36077,-,68,0.4263565891472868,Ptychodera_prebalancing.csv.gz
Ptychodera,scaffold1171763_cov97:-:24808:25449,1633,yes,train,scaffold1171763_cov97,24902,-,265,0.2649572649572649,Ptychodera_prebalancing.csv.gz
Ptychodera,scaffold178834_cov87:+:2261:3116,6982,yes,train,scaffold178834_cov87,2299,+,48,0.8571428571428571,Ptychodera_prebalancing.csv.gz
Ptychodera,scaffold14503_cov110:+:699477:699642,4001,no,train,scaffold14503_cov110,699500,+,48,0,Ptychodera_prebalancing.csv.gz
Ptychodera,scaffold1156276_cov87:-:99184:100330,1019,no,train,scaffold1156276_cov87,99260,-,197,0,Ptychodera_prebalancing.csv.gz
Ptychodera,scaffold9925_cov150:+:170081:170786,20202,no,train,scaffold9925_cov150,170559,+,494,0,Ptychodera_prebalancing.csv.gz
Ptychodera,scaffold2869_cov154:+:107409:107792,11037,yes,train,scaffold2869_cov154,107496,+,115,0.1606749816581071,Ptychodera_prebalancing.csv.gz
Ptychodera,scaffold1224_cov153:-:203704:204843,2278,yes,train,scaffold1224_cov153,204821,-,47,0.1678832116788321,Ptychodera_prebalancing.csv.gz
Ptychodera,scaffold21173_cov137:-:525055:525229,8264,yes,train,scaffold21173_cov137,525061,-,198,0.2831241283124128,Ptychodera_prebalancing.csv.gz
Ptychodera,scaffold13801_cov94:-:33000:33728,3609,no,train,scaffold13801_cov94,33746,-,44,0,Ptychodera_prebalancing.csv.gz
Ptychodera,scaffold15113_cov110:-:23645:25115,4408,yes,train,scaffold15113_cov110,25040,-,86,0.9867549668874172,Ptychodera_prebalancing.csv.gz
Ptychodera,scaffold9555_cov137:-:57548:57703,19464,no,train,scaffold9555_cov137,57435,-,400,0,Ptychodera_prebalancing.csv.gz
Ptychodera,scaffold1155138_cov151:-:615230:615346,829,no,train,scaffold1155138_cov151,615384,-,188,0,Ptychodera_prebalancing.csv.gz
Ptychodera,scaffold178834_cov87:+:2261:3116,6986,yes,train,scaffold178834_cov87,2315,+,64,0.8888888888888888,Ptychodera_prebalancing.csv.gz
Ptychodera,scaffold161704_cov130:+:35436:35670,5254,yes,train,scaffold161704_cov130,35521,+,142,0.3057851239669421,Ptychodera_prebalancing.csv.gz
Ptychodera,scaffold209507_cov154:-:41337:41458,8203,no,train,scaffold209507_cov154,41460,-,38,0,Ptychodera_prebalancing.csv.gz
Ptychodera,scaffold698_cov122:-:207303:208348,17586,no,train,scaffold698_cov122,207328,-,173,0,Ptychodera_prebalancing.csv.gz
Ptychodera,scaffold28848_cov151:-:119895:120090,11113,no,train,scaffold28848_cov151,119947,-,163,0,Ptychodera_prebalancing.csv.gz
Ptychodera,scaffold17162_cov153:+:189363:189663,6447,no,train,scaffold17162_cov153,189572,+,226,0,Ptychodera_prebalancing.csv.gz
Ptychodera,scaffold21173_cov137:-:525055:525229,8307,yes,train,scaffold21173_cov137,525229,-,23,1,Ptychodera_prebalancing.csv.gz
Ptychodera,scaffold67423_cov132:-:90821:91300,17066,yes,train,scaffold67423_cov132,90881,-,382,0.648854961832061,Ptychodera_prebalancing.csv.gz
Ptychodera,scaffold4067_cov148:+:83646:83942,14405,no,train,scaffold4067_cov148,83964,+,325,0,Ptychodera_prebalancing.csv.gz
Ptychodera,scaffold12081_cov153:+:159539:159742,2060,no,train,scaffold12081_cov153,159529,+,26,0,Ptychodera_prebalancing.csv.gz
Ptychodera,scaffold20096_cov109:+:121341:121634,7824,yes,train,scaffold20096_cov109,121377,+,51,0.5707070707070707,Ptychodera_prebalancing.csv.gz
Ptychodera,scaffold8095_cov123:-:171963:172984,18492,yes,train,scaffold8095_cov123,172086,-,255,0.2698412698412698,Ptychodera_prebalancing.csv.gz
Ptychodera,scaffold2499_cov133:+:24665:25063,9708,yes,train,scaffold2499_cov133,24716,+,66,0.44,Ptychodera_prebalancing.csv.gz
Ptychodera,scaffold3698_cov112:+:68018:68572,13314,yes,train,scaffold3698_cov112,68476,+,474,0.875,Ptychodera_prebalancing.csv.gz
Ptychodera,scaffold114779_cov129:-:9728:10643,679,yes,train,scaffold114779_cov129,10532,-,49,0.1916666666666666,Ptychodera_prebalancing.csv.gz
Ptychodera,scaffold9569_cov136:-:510672:510737,19620,no,train,scaffold9569_cov136,510725,-,81,0,Ptychodera_prebalancing.csv.gz
Ptychodera,scaffold698_cov122:-:207303:208348,17593,no,train,scaffold698_cov122,207340,-,161,0,Ptychodera_prebalancing.csv.gz
Ptychodera,scaffold475_cov134:+:445828:445984,15197,yes,train,scaffold475_cov134,445948,+,229,0.7352941176470589,Ptychodera_prebalancing.csv.gz
Ptychodera,scaffold114779_cov129:-:9728:10643,634,yes,train,scaffold114779_cov129,9998,-,412,0.67,Ptychodera_prebalancing.csv.gz
Ptychodera,scaffold16631_cov137:+:14242:14561,5799,yes,train,scaffold16631_cov137,14435,+,157,0.180327868852459,Ptychodera_prebalancing.csv.gz
Ptychodera,scaffold1171266_cov138:+:73162:74049,1502,no,train,scaffold1171266_cov138,73887,+,321,0,Ptychodera_prebalancing.csv.gz
Ptychodera,scaffold56_cov136:+:584474:585605,16142,no,train,scaffold56_cov136,584618,+,130,0,Ptychodera_prebalancing.csv.gz
Ptychodera,scaffold39128_cov134:+:98912:99592,14097,no,train,scaffold39128_cov134,99430,+,527,0,Ptychodera_prebalancing.csv.gz
Ptychodera,scaffold178834_cov87:+:2261:3116,6995,no,train,scaffold178834_cov87,2357,+,106,0,Ptychodera_prebalancing.csv.gz
Ptychodera,scaffold1171763_cov97:-:24808:25449,1626,yes,train,scaffold1171763_cov97,24870,-,297,0.3333333333333333,Ptychodera_prebalancing.csv.gz
Ptychodera,scaffold6811_cov133:-:238109:238607,17358,yes,train,scaffold6811_cov133,238512,-,119,0.5801886792452831,Ptychodera_prebalancing.csv.gz
Ptychodera,scaffold3552_cov134:-:514923:515191,13023,no,train,scaffold3552_cov134,514927,-,333,0,Ptychodera_prebalancing.csv.gz
Ptychodera,scaffold7723_cov121:+:445396:445849,18176,no,train,scaffold7723_cov121,445651,+,138,0,Ptychodera_prebalancing.csv.gz
Ptychodera,scaffold60041_cov77:+:9334:9531,16313,no,train,scaffold60041_cov77,9387,+,66,0,Ptychodera_prebalancing.csv.gz
Ptychodera,scaffold3142_cov95:-:74094:75309,11981,no,train,scaffold3142_cov95,74197,-,170,0,Ptychodera_prebalancing.csv.gz
Ptychodera,scaffold9925_cov150:+:170081:170786,20181,yes,train,scaffold9925_cov150,170478,+,413,0.4639639639639639,Ptychodera_prebalancing.csv.gz
Ptychodera,scaffold765_cov148:+:233581:233840,18109,no,train,scaffold765_cov148,233628,+,83,0,Ptychodera_prebalancing.csv.gz
Ptychodera,scaffold13328_cov168:+:112359:112609,3435,no,train,scaffold13328_cov168,112495,+,195,0,Ptychodera_prebalancing.csv.gz
Ptychodera,scaffold114779_cov129:-:9728:10643,665,yes,train,scaffold114779_cov129,10374,-,207,0.99009900990099,Ptychodera_prebalancing.csv.gz
Ptychodera,scaffold67423_cov132:-:90821:91300,17078,yes,train,scaffold67423_cov132,90917,-,346,0.1654135338345864,Ptychodera_prebalancing.csv.gz
Ptychodera,scaffold32521_cov86:+:2399:2886,12251,yes,train,scaffold32521_cov86,2534,+,141,0.25,Ptychodera_prebalancing.csv.gz
Ptychodera,scaffold1560_cov86:-:11001:11335,4880,no,train,scaffold1560_cov86,11087,-,152,0,Ptychodera_prebalancing.csv.gz
Ptychodera,scaffold10165_cov134:-:283423:285289,83,yes,train,scaffold10165_cov134,285232,-,77,0.4263803680981595,Ptychodera_prebalancing.csv.gz
Ptychodera,scaffold1173_cov143:+:408154:408573,1809,no,train,scaffold1173_cov143,408192,+,37,0,Ptychodera_prebalancing.csv.gz
Ptychodera,scaffold9925_cov150:+:170081:170786,20127,no,train,scaffold9925_cov150,170267,+,195,0,Ptychodera_prebalancing.csv.gz
Ptychodera,scaffold96526_cov86:+:25896:26454,19820,yes,train,scaffold96526_cov86,26319,+,229,0.2097902097902098,Ptychodera_prebalancing.csv.gz
Ptychodera,scaffold1636_cov125:-:311909:312112,5520,no,train,scaffold1636_cov125,311971,-,158,0,Ptychodera_prebalancing.csv.gz
Ptychodera,scaffold11559_cov105:+:53281:53740,962,yes,train,scaffold11559_cov105,53721,+,379,0.2348484848484848,Ptychodera_prebalancing.csv.gz
Ptychodera,scaffold1171266_cov138:-:157533:158115,1586,no,train,scaffold1171266_cov138,158032,-,28,0,Ptychodera_prebalancing.csv.gz
Ptychodera,scaffold9925_cov150:+:170081:170786,20075,yes,train,scaffold9925_cov150,170115,+,43,0.6423841059602649,Ptychodera_prebalancing.csv.gz
Ptychodera,scaffold12381_cov139:+:19073:19682,2548,yes,train,scaffold12381_cov139,19577,+,332,0.2161016949152542,Ptychodera_prebalancing.csv.gz
Ptychodera,scaffold23899_cov112:+:9403:9576,9169,yes,train,scaffold23899_cov112,9524,+,143,0.993975903614458,Ptychodera_prebalancing.csv.gz
Ptychodera,scaffold67423_cov132:-:90821:91300,17109,no,train,scaffold67423_cov132,91016,-,247,0,Ptychodera_prebalancing.csv.gz
Ptychodera,scaffold14354_cov137:-:94703:95626,3779,no,train,scaffold14354_cov137,94769,-,329,0,Ptychodera_prebalancing.csv.gz
Ptychodera,scaffold6644_cov166:+:24349:25176,16886,yes,train,scaffold6644_cov166,24754,+,193,0.2719298245614035,Ptychodera_prebalancing.csv.gz
Ptychodera,scaffold968_cov135:+:323367:323828,19940,yes,train,scaffold968_cov135,323499,+,150,0.3981481481481481,Ptychodera_prebalancing.csv.gz
Ptychodera,scaffold1171763_cov97:-:24808:25449,1621,yes,train,scaffold1171763_cov97,24861,-,306,0.5909090909090909,Ptychodera_prebalancing.csv.gz
Ptychodera,scaffold1631_cov148:+:705302:705603,5401,no,train,scaffold1631_cov148,705595,+,302,0,Ptychodera_prebalancing.csv.gz
Ptychodera,scaffold17689_cov156:+:96322:96960,6952,yes,train,scaffold17689_cov156,96737,+,346,0.2755102040816326,Ptychodera_prebalancing.csv.gz
Ptychodera,scaffold96526_cov86:+:25896:26454,19815,yes,train,scaffold96526_cov86,26295,+,205,0.2540983606557377,Ptychodera_prebalancing.csv.gz
Ptychodera,scaffold21510_cov101:-:45556:46052,8516,yes,train,scaffold21510_cov101,45581,-,187,0.1703296703296703,Ptychodera_prebalancing.csv.gz
Ptychodera,scaffold20096_cov109:+:121341:121634,7853,yes,train,scaffold20096_cov109,121597,+,154,0.152073732718894,Ptychodera_prebalancing.csv.gz
Ptychodera,scaffold4923_cov126:-:400667:401530,15592,no,train,scaffold4923_cov126,400807,-,616,0,Ptychodera_prebalancing.csv.gz
Ptychodera,scaffold11537_cov112:+:299365:299845,737,no,train,scaffold11537_cov112,299582,+,128,0,Ptychodera_prebalancing.csv.gz
Ptychodera,scaffold9645_cov134:-:516300:516668,19741,yes,train,scaffold9645_cov134,516335,-,224,0.7142857142857143,Ptychodera_prebalancing.csv.gz
Ptychodera,scaffold6840_cov145:+:37299:38653,17450,yes,train,scaffold6840_cov145,38091,+,125,0.4358974358974359,Ptychodera_prebalancing.csv.gz
Ptychodera,scaffold14503_cov110:+:699477:699642,4015,no,train,scaffold14503_cov110,699583,+,136,0,Ptychodera_prebalancing.csv.gz
Ptychodera,scaffold1173_cov143:+:408154:408573,1808,no,train,scaffold1173_cov143,408190,+,35,0,Ptychodera_prebalancing.csv.gz
Ptychodera,scaffold1171266_cov138:+:73162:74049,1510,no,train,scaffold1171266_cov138,73917,+,351,0,Ptychodera_prebalancing.csv.gz
Ptychodera,scaffold2991_cov164:-:247815:248280,11473,no,train,scaffold2991_cov164,247889,-,233,0,Ptychodera_prebalancing.csv.gz
Ptychodera,scaffold947_cov114:-:3216:3537,19439,yes,train,scaffold947_cov114,3263,-,201,0.6604938271604939,Ptychodera_prebalancing.csv.gz
Ptychodera,scaffold7613_cov119:+:136766:136903,17972,no,train,scaffold7613_cov119,136821,+,136,0,Ptychodera_prebalancing.csv.gz
Ptychodera,scaffold28443_cov126:-:292364:292550,10996,no,train,scaffold28443_cov126,292393,-,176,0,Ptychodera_prebalancing.csv.gz
Ptychodera,scaffold21510_cov101:-:45556:46052,8528,no,train,scaffold21510_cov101,45628,-,140,0,Ptychodera_prebalancing.csv.gz
Ptychodera,scaffold10734_cov95:+:35769:36582,347,no,train,scaffold10734_cov95,36593,+,367,0,Ptychodera_prebalancing.csv.gz
Ptychodera,scaffold14354_cov137:-:94703:95626,3805,yes,train,scaffold14354_cov137,94841,-,257,0.216,Ptychodera_prebalancing.csv.gz
Ptychodera,scaffold6755_cov113:-:31779:31986,17207,yes,train,scaffold6755_cov113,31972,-,60,0.2565789473684211,Ptychodera_prebalancing.csv.gz
Ptychodera,scaffold1835_cov136:+:285845:286147,7365,no,train,scaffold1835_cov136,286197,+,211,0,Ptychodera_prebalancing.csv.gz
Ptychodera,scaffold39128_cov134:+:93643:94114,13920,no,train,scaffold39128_cov134,93782,+,154,0,Ptychodera_prebalancing.csv.gz
Ptychodera,scaffold3552_cov134:-:514923:515191,13059,no,train,scaffold3552_cov134,515034,-,226,0,Ptychodera_prebalancing.csv.gz
Ptychodera,scaffold161704_cov130:+:35436:35670,5300,no,train,scaffold161704_cov130,35698,+,314,0,Ptychodera_prebalancing.csv.gz
Ptychodera,scaffold10119_cov162:+:267012:267948,37,yes,train,scaffold10119_cov162,267948,+,220,0.3230769230769231,Ptychodera_prebalancing.csv.gz
Ptychodera,scaffold16732_cov160:+:289154:289485,5934,no,train,scaffold16732_cov160,289501,+,317,0,Ptychodera_prebalancing.csv.gz
Ptychodera,scaffold17162_cov153:+:189363:189663,6489,no,train,scaffold17162_cov153,189672,+,326,0,Ptychodera_prebalancing.csv.gz
Ptychodera,scaffold851_cov164:+:208862:209420,18889,yes,train,scaffold851_cov164,208924,+,71,0.5673352435530086,Ptychodera_prebalancing.csv.gz
Ptychodera,scaffold208_cov126:+:155246:156052,8099,yes,train,scaffold208_cov126,155685,+,77,0.6111111111111112,Ptychodera_prebalancing.csv.gz
Ptychodera,scaffold9925_cov150:+:170081:170786,20099,yes,train,scaffold9925_cov150,170182,+,110,0.8594771241830066,Ptychodera_prebalancing.csv.gz
Ptychodera,scaffold8953_cov140:+:56023:56332,19064,yes,train,scaffold8953_cov140,56073,+,51,0.9516728624535316,Ptychodera_prebalancing.csv.gz
Ptychodera,scaffold13151_cov141:-:223221:223604,3135,yes,train,scaffold13151_cov141,223271,-,128,0.4214285714285714,Ptychodera_prebalancing.csv.gz
Ptychodera,scaffold124823_cov151:-:162483:162816,2774,no,train,scaffold124823_cov151,162544,-,293,0,Ptychodera_prebalancing.csv.gz
Ptychodera,scaffold1156276_cov87:-:99184:100330,1016,no,train,scaffold1156276_cov87,99252,-,205,0,Ptychodera_prebalancing.csv.gz
Ptychodera,scaffold4067_cov148:+:83646:83942,14309,no,train,scaffold4067_cov148,83443,+,12,0,Ptychodera_prebalancing.csv.gz
Ptychodera,scaffold56_cov136:+:584474:585605,16094,yes,train,scaffold56_cov136,584534,+,46,0.1853035143769968,Ptychodera_prebalancing.csv.gz
Ptychodera,scaffold16052_cov95:+:62339:62985,5193,no,train,scaffold16052_cov95,62632,+,298,0,Ptychodera_prebalancing.csv.gz
Ptychodera,scaffold2869_cov154:+:107409:107792,11070,yes,train,scaffold2869_cov154,107747,+,236,0.2114384748700173,Ptychodera_prebalancing.csv.gz
Ptychodera,scaffold3782_cov139:+:169976:170896,13436,yes,train,scaffold3782_cov139,170865,+,175,0.2478991596638655,Ptychodera_prebalancing.csv.gz
Ptychodera,scaffold56_cov136:+:584474:585605,16185,no,train,scaffold56_cov136,585559,+,291,0,Ptychodera_prebalancing.csv.gz
Ptychodera,scaffold12081_cov153:+:159539:159742,2065,no,train,scaffold12081_cov153,159556,+,53,0,Ptychodera_prebalancing.csv.gz
Ptychodera,scaffold9569_cov136:-:510672:510737,19605,no,train,scaffold9569_cov136,510672,-,136,0,Ptychodera_prebalancing.csv.gz
Ptychodera,scaffold5178_cov121:-:386626:386801,15773,no,train,scaffold5178_cov121,386667,-,155,0,Ptychodera_prebalancing.csv.gz
Ptychodera,scaffold8953_cov140:+:56023:56332,19103,yes,train,scaffold8953_cov140,56294,+,278,0.4324324324324324,Ptychodera_prebalancing.csv.gz
Ptychodera,scaffold3698_cov112:+:68018:68572,13295,yes,train,scaffold3698_cov112,68387,+,385,0.2887323943661972,Ptychodera_prebalancing.csv.gz
Ptychodera,scaffold6901_cov141:-:794007:794312,17456,yes,train,scaffold6901_cov141,794008,-,312,0.3063829787234042,Ptychodera_prebalancing.csv.gz
Ptychodera,scaffold39128_cov134:+:98912:99592,14087,no,train,scaffold39128_cov134,99388,+,485,0,Ptychodera_prebalancing.csv.gz
Ptychodera,scaffold1171266_cov138:+:73162:74049,1494,no,train,scaffold1171266_cov138,73864,+,298,0,Ptychodera_prebalancing.csv.gz
Ptychodera,scaffold851_cov164:+:208862:209420,18922,no,train,scaffold851_cov164,209385,+,255,0,Ptychodera_prebalancing.csv.gz
Ptychodera,scaffold4043_cov170:-:308373:308638,14288,yes,train,scaffold4043_cov170,308579,-,80,1,Ptychodera_prebalancing.csv.gz
Ptychodera,scaffold60041_cov77:+:9334:9531,16307,yes,train,scaffold60041_cov77,9361,+,40,0.3214285714285714,Ptychodera_prebalancing.csv.gz
Ptychodera,scaffold17107_cov97:-:167714:170261,6215,no,train,scaffold17107_cov97,170160,-,210,0,Ptychodera_prebalancing.csv.gz
Ptychodera,scaffold21510_cov101:-:45556:46052,8502,no,train,scaffold21510_cov101,45541,-,227,0,Ptychodera_prebalancing.csv.gz
Ptychodera,scaffold1636_cov125:-:375792:376043,5606,no,train,scaffold1636_cov125,375930,-,185,0,Ptychodera_prebalancing.csv.gz
Ptychodera,scaffold124823_cov151:-:162483:162816,2838,yes,train,scaffold124823_cov151,162743,-,88,0.1970705725699068,Ptychodera_prebalancing.csv.gz
Ptychodera,scaffold124823_cov151:-:162483:162816,2830,no,train,scaffold124823_cov151,162724,-,107,0,Ptychodera_prebalancing.csv.gz
Ptychodera,scaffold11736_cov113:+:27376:27674,1783,yes,train,scaffold11736_cov113,27643,+,288,0.3089983022071307,Ptychodera_prebalancing.csv.gz
Ptychodera,scaffold2991_cov164:-:247815:248280,11474,yes,train,scaffold2991_cov164,247897,-,225,0.1919191919191919,Ptychodera_prebalancing.csv.gz
Ptychodera,scaffold1560_cov86:-:11001:11335,4915,yes,train,scaffold1560_cov86,11335,-,3,0.2083333333333333,Ptychodera_prebalancing.csv.gz
Ptychodera,scaffold21297_cov142:-:138460:138685,8333,no,train,scaffold21297_cov142,138496,-,150,0,Ptychodera_prebalancing.csv.gz
Ptychodera,scaffold4043_cov170:-:308373:308638,14292,yes,train,scaffold4043_cov170,308592,-,67,0.2751677852348993,Ptychodera_prebalancing.csv.gz
Ptychodera,scaffold173136_cov123:+:8039:8280,6770,no,train,scaffold173136_cov123,8133,+,105,0,Ptychodera_prebalancing.csv.gz
Ptychodera,scaffold17326_cov146:-:125600:125798,6817,yes,train,scaffold17326_cov146,125640,-,155,0.2352941176470588,Ptychodera_prebalancing.csv.gz
Ptychodera,scaffold16052_cov95:+:62339:62985,5202,yes,train,scaffold16052_cov95,62808,+,430,0.8240740740740741,Ptychodera_prebalancing.csv.gz
Ptychodera,scaffold22210_cov134:-:250558:251371,8842,yes,train,scaffold22210_cov134,251113,-,161,0.197452229299363,Ptychodera_prebalancing.csv.gz
Ptychodera,scaffold556_cov97:+:144855:145103,15952,no,train,scaffold556_cov97,144969,+,130,0,Ptychodera_prebalancing.csv.gz
Ptychodera,scaffold8095_cov123:-:171963:172984,18537,yes,train,scaffold8095_cov123,172878,-,91,0.657258064516129,Ptychodera_prebalancing.csv.gz
Ptychodera,scaffold6440_cov168:+:352921:355362,16584,no,train,scaffold6440_cov168,354164,+,123,0,Ptychodera_prebalancing.csv.gz
Ptychodera,scaffold6811_cov133:-:238109:238607,17376,yes,train,scaffold6811_cov133,238563,-,68,0.396551724137931,Ptychodera_prebalancing.csv.gz
Ptychodera,scaffold1171258_cov122:+:213330:213576,1418,no,train,scaffold1171258_cov122,213440,+,127,0,Ptychodera_prebalancing.csv.gz
Ptychodera,scaffold1846_cov106:+:136856:137077,7437,no,train,scaffold1846_cov106,137118,+,265,0,Ptychodera_prebalancing.csv.gz
Ptychodera,scaffold1323_cov134:+:427103:427584,3204,yes,train,scaffold1323_cov134,427553,+,425,0.392,Ptychodera_prebalancing.csv.gz
Ptychodera,scaffold12081_cov153:+:159539:159742,2071,yes,train,scaffold12081_cov153,159581,+,78,0.8738738738738738,Ptychodera_prebalancing.csv.gz
Ptychodera,scaffold26652_cov126:-:22721:23423,10384,yes,train,scaffold26652_cov126,23249,-,185,0.2133891213389121,Ptychodera_prebalancing.csv.gz
Ptychodera,scaffold26652_cov126:+:156424:156704,10489,no,train,scaffold26652_cov126,156603,+,144,0,Ptychodera_prebalancing.csv.gz
Ptychodera,scaffold3563_cov125:-:35702:36535,13122,yes,train,scaffold3563_cov125,36121,-,24,0.6727272727272727,Ptychodera_prebalancing.csv.gz
Ptychodera,scaffold17162_cov153:+:189363:189663,6397,yes,train,scaffold17162_cov153,189371,+,19,0.2610837438423645,Ptychodera_prebalancing.csv.gz
Ptychodera,scaffold3635_cov139:-:67923:68627,13161,yes,train,scaffold3635_cov139,68477,-,257,0.3782383419689119,Ptychodera_prebalancing.csv.gz
Ptychodera,scaffold69346_cov100:-:116631:116958,17523,no,train,scaffold69346_cov100,116858,-,79,0,Ptychodera_prebalancing.csv.gz
Ptychodera,scaffold38562_cov122:-:141886:143137,13594,yes,train,scaffold38562_cov122,141920,-,489,0.3088803088803089,Ptychodera_prebalancing.csv.gz
Ptychodera,scaffold30073_cov84:-:109071:109513,11841,yes,train,scaffold30073_cov84,109461,-,59,0.9611650485436892,Ptychodera_prebalancing.csv.gz
Ptychodera,scaffold2991_cov164:-:858007:858838,11626,yes,train,scaffold2991_cov164,858312,-,423,0.1897590361445783,Ptychodera_prebalancing.csv.gz
Ptychodera,scaffold1539_cov135:-:495376:495773,4674,yes,train,scaffold1539_cov135,495411,-,161,0.7739130434782608,Ptychodera_prebalancing.csv.gz
Ptychodera,scaffold13328_cov168:+:112359:112609,3423,no,train,scaffold13328_cov168,112463,+,163,0,Ptychodera_prebalancing.csv.gz
Ptychodera,scaffold25120_cov124:-:105463:105780,9750,no,train,scaffold25120_cov124,105789,-,7,0,Ptychodera_prebalancing.csv.gz
Ptychodera,scaffold968_cov135:+:323367:323828,19986,yes,train,scaffold968_cov135,323738,+,355,0.25,Ptychodera_prebalancing.csv.gz
Ptychodera,scaffold1539_cov135:-:495376:495773,4678,yes,train,scaffold1539_cov135,495426,-,146,0.5882352941176471,Ptychodera_prebalancing.csv.gz
Ptychodera,scaffold6811_cov133:-:238109:238607,17300,yes,train,scaffold6811_cov133,238212,-,355,0.9788135593220338,Ptychodera_prebalancing.csv.gz
Ptychodera,scaffold17107_cov97:-:167714:170261,6225,no,train,scaffold17107_cov97,170196,-,174,0,Ptychodera_prebalancing.csv.gz
Ptychodera,scaffold114779_cov129:-:9728:10643,621,yes,train,scaffold114779_cov129,9939,-,471,0.5346534653465347,Ptychodera_prebalancing.csv.gz
Ptychodera,scaffold9925_cov150:+:170081:170786,20197,yes,train,scaffold9925_cov150,170542,+,477,0.3440366972477064,Ptychodera_prebalancing.csv.gz
Ptychodera,scaffold2326_cov84:-:195815:195896,9062,no,train,scaffold2326_cov84,195931,-,75,0,Ptychodera_prebalancing.csv.gz
Ptychodera,scaffold1018_cov147:-:103995:104325,186,no,train,scaffold1018_cov147,104085,-,156,0,Ptychodera_prebalancing.csv.gz
Ptychodera,scaffold765_cov148:+:233581:233840,18126,no,train,scaffold765_cov148,233804,+,150,0,Ptychodera_prebalancing.csv.gz
Ptychodera,scaffold15113_cov110:-:23645:25115,4420,no,train,scaffold15113_cov110,25106,-,20,0,Ptychodera_prebalancing.csv.gz
Ptychodera,scaffold2440_cov108:-:296991:297406,9363,no,train,scaffold2440_cov108,297005,-,233,0,Ptychodera_prebalancing.csv.gz
Ptychodera,scaffold968_cov135:+:323367:323828,19970,yes,train,scaffold968_cov135,323677,+,294,0.2619047619047619,Ptychodera_prebalancing.csv.gz
Ptychodera,scaffold1156276_cov87:-:99184:100330,1018,no,train,scaffold1156276_cov87,99256,-,201,0,Ptychodera_prebalancing.csv.gz
Ptychodera,scaffold4766_cov137:-:361536:361743,15210,yes,train,scaffold4766_cov137,361724,-,82,0.1653225806451612,Ptychodera_prebalancing.csv.gz
Ptychodera,scaffold947_cov114:-:3216:3537,19449,yes,train,scaffold947_cov114,3301,-,163,0.8321167883211679,Ptychodera_prebalancing.csv.gz
Ptychodera,scaffold2794_cov133:+:82026:82461,10810,no,train,scaffold2794_cov133,82013,+,4,0,Ptychodera_prebalancing.csv.gz
Ptychodera,scaffold1241_cov154:-:109445:109789,2643,no,train,scaffold1241_cov154,109775,-,21,0,Ptychodera_prebalancing.csv.gz
Ptychodera,scaffold114779_cov129:-:9728:10643,667,yes,train,scaffold114779_cov129,10503,-,78,0.4587155963302752,Ptychodera_prebalancing.csv.gz
Ptychodera,scaffold8953_cov140:+:56023:56332,19110,yes,train,scaffold8953_cov140,56314,+,298,0.9572192513368984,Ptychodera_prebalancing.csv.gz
Ptychodera,scaffold765_cov148:+:233581:233840,18094,no,train,scaffold765_cov148,233583,+,38,0,Ptychodera_prebalancing.csv.gz
Ptychodera,scaffold30030_cov79:+:14578:14882,11774,no,train,scaffold30030_cov79,14656,+,80,0,Ptychodera_prebalancing.csv.gz
Ptychodera,scaffold114779_cov129:-:9728:10643,690,yes,train,scaffold114779_cov129,10563,-,18,0.5,Ptychodera_prebalancing.csv.gz
Ptychodera,scaffold1962_cov141:-:168291:168515,7616,no,train,scaffold1962_cov141,168297,-,167,0,Ptychodera_prebalancing.csv.gz
Ptychodera,scaffold8095_cov123:-:171963:172984,18538,yes,train,scaffold8095_cov123,172883,-,86,0.925925925925926,Ptychodera_prebalancing.csv.gz
Ptychodera,scaffold7613_cov119:+:136766:136903,17984,no,train,scaffold7613_cov119,136855,+,170,0,Ptychodera_prebalancing.csv.gz
Ptychodera,scaffold1539_cov135:-:495376:495773,4687,yes,train,scaffold1539_cov135,495755,-,38,0.828125,Ptychodera_prebalancing.csv.gz
Ptychodera,scaffold3563_cov125:-:35702:36535,13119,yes,train,scaffold3563_cov125,36111,-,34,0.2586206896551724,Ptychodera_prebalancing.csv.gz
Ptychodera,scaffold1631_cov148:+:705302:705603,5346,no,train,scaffold1631_cov148,705413,+,130,0,Ptychodera_prebalancing.csv.gz
Ptychodera,scaffold81961_cov101:+:2614:2737,18762,no,train,scaffold81961_cov101,2751,+,199,0,Ptychodera_prebalancing.csv.gz
Ptychodera,scaffold4067_cov148:+:83646:83942,14416,no,train,scaffold4067_cov148,83993,+,354,0,Ptychodera_prebalancing.csv.gz
Ptychodera,scaffold45193_cov139:+:238005:238224,15030,yes,train,scaffold45193_cov139,238202,+,267,0.2936507936507936,Ptychodera_prebalancing.csv.gz
Ptychodera,scaffold4766_cov137:-:361536:361743,15201,no,train,scaffold4766_cov137,361705,-,101,0,Ptychodera_prebalancing.csv.gz
Ptychodera,scaffold968_cov135:+:323367:323828,19918,no,train,scaffold968_cov135,323393,+,44,0,Ptychodera_prebalancing.csv.gz
Ptychodera,scaffold18190_cov84:-:8450:8616,7318,no,train,scaffold18190_cov84,8677,-,25,0,Ptychodera_prebalancing.csv.gz
Ptychodera,scaffold39128_cov134:+:98912:99592,14063,no,train,scaffold39128_cov134,99304,+,401,0,Ptychodera_prebalancing.csv.gz
Ptychodera,scaffold7626_cov144:-:459173:459972,18055,no,train,scaffold7626_cov144,459918,-,76,0,Ptychodera_prebalancing.csv.gz
Ptychodera,scaffold12335_cov130:+:147263:147554,2331,no,train,scaffold12335_cov130,147336,+,145,0,Ptychodera_prebalancing.csv.gz
Ptychodera,scaffold22042_cov145:-:11224:12451,8683,no,train,scaffold22042_cov145,12105,-,119,0,Ptychodera_prebalancing.csv.gz
Ptychodera,scaffold26652_cov126:+:156424:156704,10454,no,train,scaffold26652_cov126,156450,+,23,0,Ptychodera_prebalancing.csv.gz
Ptychodera,scaffold4766_cov137:+:433236:434691,15230,yes,train,scaffold4766_cov137,434404,+,105,0.98,Ptychodera_prebalancing.csv.gz
Ptychodera,scaffold6901_cov141:-:794007:794312,17503,yes,train,scaffold6901_cov141,794266,-,48,0.7024793388429752,Ptychodera_prebalancing.csv.gz
Ptychodera,scaffold42799_cov92:-:31872:32078,14542,no,train,scaffold42799_cov92,31798,-,301,0,Ptychodera_prebalancing.csv.gz
Ptychodera,scaffold13328_cov168:+:112359:112609,3432,no,train,scaffold13328_cov168,112489,+,189,0,Ptychodera_prebalancing.csv.gz
Ptychodera,scaffold1171763_cov97:-:24808:25449,1653,yes,train,scaffold1171763_cov97,25305,-,152,0.5972222222222222,Ptychodera_prebalancing.csv.gz
Ptychodera,scaffold1171258_cov122:+:213330:213576,1421,no,train,scaffold1171258_cov122,213450,+,137,0,Ptychodera_prebalancing.csv.gz
Ptychodera,scaffold28443_cov126:-:292364:292550,11004,no,train,scaffold28443_cov126,292444,-,125,0,Ptychodera_prebalancing.csv.gz
Ptychodera,scaffold1636_cov125:-:375792:376043,5622,no,train,scaffold1636_cov125,375989,-,122,0,Ptychodera_prebalancing.csv.gz
Ptychodera,scaffold1323_cov134:+:427103:427584,3193,yes,train,scaffold1323_cov134,427518,+,390,0.9767441860465116,Ptychodera_prebalancing.csv.gz
Ptychodera,scaffold16052_cov95:+:62339:62985,5141,yes,train,scaffold16052_cov95,62343,+,9,0.1652173913043478,Ptychodera_prebalancing.csv.gz
Ptychodera,scaffold11537_cov112:+:299365:299845,702,yes,train,scaffold11537_cov112,299477,+,23,0.9575289575289576,Ptychodera_prebalancing.csv.gz
Ptychodera,scaffold44597_cov125:-:60049:60643,14960,yes,train,scaffold44597_cov125,60496,-,99,0.5616438356164384,Ptychodera_prebalancing.csv.gz
Ptychodera,scaffold3861_cov165:-:35132:35576,13756,yes,train,scaffold3861_cov165,35232,-,467,0.9444444444444444,Ptychodera_prebalancing.csv.gz
Ptychodera,scaffold18025_cov163:+:6470:7342,7153,yes,train,scaffold18025_cov163,6475,+,32,0.5615384615384615,Ptychodera_prebalancing.csv.gz
Ptychodera,scaffold2530_cov139:+:315112:315261,9891,no,train,scaffold2530_cov139,315080,+,4,0,Ptychodera_prebalancing.csv.gz
Ptychodera,scaffold15286_cov116:+:379161:379775,4473,yes,train,scaffold15286_cov116,379162,+,122,0.24,Ptychodera_prebalancing.csv.gz
Ptychodera,scaffold26652_cov126:+:156424:156704,10504,yes,train,scaffold26652_cov126,156646,+,187,0.4137931034482758,Ptychodera_prebalancing.csv.gz
Ptychodera,scaffold56_cov136:+:584474:585605,16183,no,train,scaffold56_cov136,585537,+,269,0,Ptychodera_prebalancing.csv.gz
Ptychodera,scaffold9925_cov150:+:170081:170786,20186,yes,train,scaffold9925_cov150,170509,+,444,0.3644067796610169,Ptychodera_prebalancing.csv.gz
Ptychodera,scaffold26652_cov126:-:22721:23423,10423,yes,train,scaffold26652_cov126,23344,-,90,0.2307692307692307,Ptychodera_prebalancing.csv.gz
Ptychodera,scaffold478_cov113:-:167312:167702,15281,yes,train,scaffold478_cov113,167347,-,280,0.1854166666666666,Ptychodera_prebalancing.csv.gz
Ptychodera,scaffold1171763_cov97:-:24808:25449,1636,yes,train,scaffold1171763_cov97,24919,-,248,0.8053097345132744,Ptychodera_prebalancing.csv.gz
Ptychodera,scaffold385573_cov79:+:6977:7422,13549,yes,train,scaffold385573_cov79,7017,+,89,0.6880733944954128,Ptychodera_prebalancing.csv.gz
Ptychodera,scaffold50865_cov127:-:17389:18451,15715,yes,train,scaffold50865_cov127,18256,-,212,0.8831168831168831,Ptychodera_prebalancing.csv.gz
Ptychodera,scaffold6811_cov133:-:238109:238607,17351,yes,train,scaffold6811_cov133,238494,-,137,0.6120689655172413,Ptychodera_prebalancing.csv.gz
Ptychodera,scaffold9925_cov150:+:170081:170786,20079,yes,train,scaffold9925_cov150,170120,+,48,0.6291390728476821,Ptychodera_prebalancing.csv.gz
Ptychodera,scaffold2991_cov164:-:858007:858838,11544,yes,train,scaffold2991_cov164,858016,-,719,0.6534090909090909,Ptychodera_prebalancing.csv.gz
Ptychodera,scaffold22042_cov145:-:11224:12451,8717,no,train,scaffold22042_cov145,12221,-,3,0,Ptychodera_prebalancing.csv.gz
Ptychodera,scaffold478_cov113:-:167312:167702,15304,yes,train,scaffold478_cov113,167416,-,211,0.1747052518756698,Ptychodera_prebalancing.csv.gz
Ptychodera,scaffold67423_cov132:-:90821:91300,17074,yes,train,scaffold67423_cov132,90911,-,352,0.5916666666666667,Ptychodera_prebalancing.csv.gz
Ptychodera,scaffold13328_cov168:+:112359:112609,3371,no,train,scaffold13328_cov168,112311,+,7,0,Ptychodera_prebalancing.csv.gz
Ptychodera,scaffold28848_cov151:-:119895:120090,11128,no,train,scaffold28848_cov151,119983,-,127,0,Ptychodera_prebalancing.csv.gz
Ptychodera,scaffold208_cov126:+:155246:156052,8153,yes,train,scaffold208_cov126,156031,+,257,1,Ptychodera_prebalancing.csv.gz
Ptychodera,scaffold39380_cov153:-:70839:70938,14144,no,train,scaffold39380_cov153,70844,-,152,0,Ptychodera_prebalancing.csv.gz
Ptychodera,scaffold6649_cov117:-:267599:267994,16931,yes,train,scaffold6649_cov117,267964,-,43,0.4140625,Ptychodera_prebalancing.csv.gz
Ptychodera,scaffold3861_cov165:-:35132:35576,13844,no,train,scaffold3861_cov165,35649,-,155,0,Ptychodera_prebalancing.csv.gz
Ptychodera,scaffold114779_cov129:-:9728:10643,670,yes,train,scaffold114779_cov129,10508,-,73,0.7706422018348624,Ptychodera_prebalancing.csv.gz
Ptychodera,scaffold21510_cov101:-:45556:46052,8505,no,train,scaffold21510_cov101,45544,-,224,0,Ptychodera_prebalancing.csv.gz
Ptychodera,scaffold6901_cov141:-:794007:794312,17463,yes,train,scaffold6901_cov141,794020,-,300,0.7142857142857143,Ptychodera_prebalancing.csv.gz
Ptychodera,scaffold10983_cov102:-:132602:132940,472,no,train,scaffold10983_cov102,132695,-,178,0,Ptychodera_prebalancing.csv.gz
Ptychodera,scaffold6811_cov133:-:238109:238607,17386,yes,train,scaffold6811_cov133,238595,-,36,0.6774193548387096,Ptychodera_prebalancing.csv.gz
Ptychodera,scaffold208_cov126:+:155246:156052,8156,yes,train,scaffold208_cov126,156045,+,271,1,Ptychodera_prebalancing.csv.gz
Ptychodera,scaffold22210_cov134:-:250558:251371,8830,no,train,scaffold22210_cov134,251075,-,199,0,Ptychodera_prebalancing.csv.gz
Ptychodera,scaffold6811_cov133:-:238109:238607,17287,yes,train,scaffold6811_cov133,238168,-,399,0.6470588235294118,Ptychodera_prebalancing.csv.gz
Ptychodera,scaffold1241_cov154:-:109445:109789,2607,no,train,scaffold1241_cov154,109440,-,197,0,Ptychodera_prebalancing.csv.gz
Ptychodera,scaffold348914_cov132:-:18141:18583,12906,yes,train,scaffold348914_cov132,18243,-,235,0.9345238095238096,Ptychodera_prebalancing.csv.gz
Ptychodera,scaffold556_cov97:+:144855:145103,15966,no,train,scaffold556_cov97,145010,+,171,0,Ptychodera_prebalancing.csv.gz
Ptychodera,scaffold22042_cov145:-:11224:12451,8711,no,train,scaffold22042_cov145,12206,-,18,0,Ptychodera_prebalancing.csv.gz
Ptychodera,scaffold9925_cov150:+:170081:170786,20130,no,train,scaffold9925_cov150,170279,+,207,0,Ptychodera_prebalancing.csv.gz
Ptychodera,scaffold9925_cov150:+:170081:170786,20191,yes,train,scaffold9925_cov150,170523,+,458,0.4536082474226804,Ptychodera_prebalancing.csv.gz
Ptychodera,scaffold16732_cov160:+:289154:289485,5890,yes,train,scaffold16732_cov160,289392,+,208,0.200956937799043,Ptychodera_prebalancing.csv.gz
Ptychodera,scaffold9645_cov134:-:516300:516668,19789,no,train,scaffold9645_cov134,516632,-,70,0,Ptychodera_prebalancing.csv.gz
Ptychodera,scaffold3563_cov125:-:35702:36535,13101,yes,train,scaffold3563_cov125,36051,-,94,0.1935483870967742,Ptychodera_prebalancing.csv.gz
Ptychodera,scaffold698_cov122:-:207303:208348,17607,no,train,scaffold698_cov122,207367,-,134,0,Ptychodera_prebalancing.csv.gz
Ptychodera,scaffold1560_cov86:-:11001:11335,4904,no,train,scaffold1560_cov86,11284,-,54,0,Ptychodera_prebalancing.csv.gz
Ptychodera,scaffold31965_cov155:-:252190:253635,12073,no,train,scaffold31965_cov155,252301,-,202,0,Ptychodera_prebalancing.csv.gz
Ptychodera,scaffold21173_cov137:-:525055:525229,8276,yes,train,scaffold21173_cov137,525090,-,169,0.9919724770642202,Ptychodera_prebalancing.csv.gz
Ptychodera,scaffold4067_cov148:+:83646:83942,14432,no,train,scaffold4067_cov148,84045,+,406,0,Ptychodera_prebalancing.csv.gz
Ptychodera,scaffold18025_cov163:+:6470:7342,7217,no,train,scaffold18025_cov163,7080,+,415,0,Ptychodera_prebalancing.csv.gz
Ptychodera,scaffold25866_cov149:-:341036:341425,10152,yes,train,scaffold25866_cov149,341320,-,65,0.6517857142857143,Ptychodera_prebalancing.csv.gz
Ptychodera,scaffold13151_cov141:-:223221:223604,3126,no,train,scaffold13151_cov141,223230,-,169,0,Ptychodera_prebalancing.csv.gz
Ptychodera,scaffold6901_cov141:-:794007:794312,17484,yes,train,scaffold6901_cov141,794070,-,250,0.9230769230769232,Ptychodera_prebalancing.csv.gz
Ptychodera,scaffold209507_cov154:-:41337:41458,8198,yes,train,scaffold209507_cov154,41442,-,56,0.2307692307692307,Ptychodera_prebalancing.csv.gz
Ptychodera,scaffold18190_cov84:-:8450:8616,7296,no,train,scaffold18190_cov84,8601,-,101,0,Ptychodera_prebalancing.csv.gz
Ptychodera,scaffold81961_cov101:+:2614:2737,18724,no,train,scaffold81961_cov101,2633,+,75,0,Ptychodera_prebalancing.csv.gz
Ptychodera,scaffold8095_cov123:-:171963:172984,18551,no,train,scaffold8095_cov123,172928,-,41,0,Ptychodera_prebalancing.csv.gz
Ptychodera,scaffold8953_cov140:+:56023:56332,19091,no,train,scaffold8953_cov140,56179,+,157,0,Ptychodera_prebalancing.csv.gz
Ptychodera,scaffold30030_cov79:+:14578:14882,11800,no,train,scaffold30030_cov79,14787,+,217,0,Ptychodera_prebalancing.csv.gz
Ptychodera,scaffold1636_cov125:-:375792:376043,5610,no,train,scaffold1636_cov125,375938,-,177,0,Ptychodera_prebalancing.csv.gz
Ptychodera,scaffold21297_cov142:-:138460:138685,8370,no,train,scaffold21297_cov142,138644,-,54,0,Ptychodera_prebalancing.csv.gz
Ptychodera,scaffold24497_cov89:-:27735:28057,9439,yes,train,scaffold24497_cov89,27770,-,299,0.2457627118644068,Ptychodera_prebalancing.csv.gz
Ptychodera,scaffold11537_cov112:+:299365:299845,692,yes,train,scaffold11537_cov112,299461,+,7,0.5588235294117647,Ptychodera_prebalancing.csv.gz
Ptychodera,scaffold2140_cov133:-:174815:176568,8488,no,train,scaffold2140_cov133,175100,-,49,0,Ptychodera_prebalancing.csv.gz
Ptychodera,scaffold17689_cov156:+:96322:96960,6903,yes,train,scaffold17689_cov156,96505,+,119,0.2527472527472527,Ptychodera_prebalancing.csv.gz
Ptychodera,scaffold1156384_cov162:-:285204:285691,1100,no,train,scaffold1156384_cov162,285265,-,158,0,Ptychodera_prebalancing.csv.gz
Ptychodera,scaffold4067_cov148:+:83646:83942,14355,no,train,scaffold4067_cov148,83581,+,150,0,Ptychodera_prebalancing.csv.gz
Ptychodera,scaffold1801_cov157:+:172979:173254,7080,no,train,scaffold1801_cov157,173130,+,218,0,Ptychodera_prebalancing.csv.gz
Ptychodera,scaffold1636_cov125:-:375792:376043,5582,no,train,scaffold1636_cov125,375827,-,288,0,Ptychodera_prebalancing.csv.gz
Ptychodera,scaffold1801_cov157:+:172979:173254,7033,no,train,scaffold1801_cov157,172970,+,52,0,Ptychodera_prebalancing.csv.gz
Ptychodera,scaffold17107_cov97:-:167714:170261,6150,yes,train,scaffold17107_cov97,167799,-,428,0.9929577464788732,Ptychodera_prebalancing.csv.gz
Ptychodera,scaffold348914_cov132:-:18141:18583,12931,yes,train,scaffold348914_cov132,18519,-,113,0.9174311926605504,Ptychodera_prebalancing.csv.gz
Ptychodera,scaffold1676_cov84:-:198331:198854,5950,yes,train,scaffold1676_cov84,198438,-,316,0.4764397905759162,Ptychodera_prebalancing.csv.gz
Ptychodera,scaffold8026_cov121:-:76174:76416,18400,yes,train,scaffold8026_cov121,76331,-,85,0.925925925925926,Ptychodera_prebalancing.csv.gz
Ptychodera,scaffold968_cov135:+:323367:323828,19911,yes,train,scaffold968_cov135,323377,+,28,0.1875,Ptychodera_prebalancing.csv.gz
Ptychodera,scaffold6755_cov113:-:31779:31986,17161,no,train,scaffold6755_cov113,31778,-,215,0,Ptychodera_prebalancing.csv.gz
Ptychodera,scaffold1171787_cov158:+:720830:721101,1675,yes,train,scaffold1171787_cov158,721004,+,7,0.782608695652174,Ptychodera_prebalancing.csv.gz
Ptychodera,scaffold1171258_cov122:+:213330:213576,1426,no,train,scaffold1171258_cov122,213474,+,165,0,Ptychodera_prebalancing.csv.gz
Ptychodera,scaffold17615_cov82:-:24529:25802,6882,yes,train,scaffold17615_cov82,25330,-,84,0.9803921568627452,Ptychodera_prebalancing.csv.gz
Ptychodera,scaffold10981_cov157:-:320342:321622,411,yes,train,scaffold10981_cov157,320363,-,502,0.5643564356435643,Ptychodera_prebalancing.csv.gz
Ptychodera,scaffold1631_cov148:+:705302:705603,5306,no,train,scaffold1631_cov148,705284,+,1,0,Ptychodera_prebalancing.csv.gz
Ptychodera,scaffold28973_cov114:-:191957:192418,11258,no,train,scaffold28973_cov114,192201,-,93,0,Ptychodera_prebalancing.csv.gz
Ptychodera,scaffold10165_cov134:-:283423:285289,102,no,train,scaffold10165_cov134,285297,-,12,0,Ptychodera_prebalancing.csv.gz
Ptychodera,scaffold114779_cov129:-:9728:10643,645,yes,train,scaffold114779_cov129,10062,-,348,0.5363636363636364,Ptychodera_prebalancing.csv.gz
Ptychodera,scaffold38562_cov122:-:141886:143137,13600,yes,train,scaffold38562_cov122,141944,-,465,0.3466666666666667,Ptychodera_prebalancing.csv.gz
Ptychodera,scaffold56_cov136:+:584474:585605,16160,no,train,scaffold56_cov136,584658,+,170,0,Ptychodera_prebalancing.csv.gz
Ptychodera,scaffold2991_cov164:-:858007:858838,11548,yes,train,scaffold2991_cov164,858024,-,711,0.8170731707317073,Ptychodera_prebalancing.csv.gz
Ptychodera,scaffold1173_cov143:+:408154:408573,1907,no,train,scaffold1173_cov143,408597,+,396,0,Ptychodera_prebalancing.csv.gz
Ptychodera,scaffold124823_cov151:-:162483:162816,2782,no,train,scaffold124823_cov151,162555,-,282,0,Ptychodera_prebalancing.csv.gz
Ptychodera,scaffold9645_cov134:-:516300:516668,19746,yes,train,scaffold9645_cov134,516343,-,216,0.6502732240437158,Ptychodera_prebalancing.csv.gz
Ptychodera,scaffold7266_cov140:-:69908:72011,17648,no,train,scaffold7266_cov140,70930,-,88,0,Ptychodera_prebalancing.csv.gz
Ptychodera,scaffold67423_cov132:-:90821:91300,17117,yes,train,scaffold67423_cov132,91300,-,7,0.3278688524590163,Ptychodera_prebalancing.csv.gz
Ptychodera,scaffold4043_cov170:-:308373:308638,14297,yes,train,scaffold4043_cov170,308618,-,41,0.5056818181818182,Ptychodera_prebalancing.csv.gz
Ptychodera,scaffold32521_cov86:+:2399:2886,12263,yes,train,scaffold32521_cov86,2572,+,179,0.7676767676767676,Ptychodera_prebalancing.csv.gz
Ptychodera,scaffold124823_cov151:-:162483:162816,2784,no,train,scaffold124823_cov151,162569,-,268,0,Ptychodera_prebalancing.csv.gz
Ptychodera,scaffold21173_cov137:-:525055:525229,8290,yes,train,scaffold21173_cov137,525138,-,121,0.6198347107438017,Ptychodera_prebalancing.csv.gz
Ptychodera,scaffold39128_cov134:+:93643:94114,13937,yes,train,scaffold39128_cov134,94008,+,276,0.66,Ptychodera_prebalancing.csv.gz
Ptychodera,scaffold67423_cov132:-:90821:91300,17091,no,train,scaffold67423_cov132,90962,-,301,0,Ptychodera_prebalancing.csv.gz
Ptychodera,scaffold16732_cov160:+:289154:289485,5896,yes,train,scaffold16732_cov160,289408,+,224,0.4487179487179487,Ptychodera_prebalancing.csv.gz
Ptychodera,scaffold1241_cov154:-:109445:109789,2636,no,train,scaffold1241_cov154,109722,-,74,0,Ptychodera_prebalancing.csv.gz
Ptychodera,scaffold348914_cov132:-:18141:18583,12892,yes,train,scaffold348914_cov132,18207,-,271,0.2589285714285714,Ptychodera_prebalancing.csv.gz
Ptychodera,scaffold1676_cov84:-:198331:198854,5988,yes,train,scaffold1676_cov84,198764,-,139,0.2119815668202765,Ptychodera_prebalancing.csv.gz
Ptychodera,scaffold851_cov164:+:208862:209420,18884,yes,train,scaffold851_cov164,208909,+,56,0.4311926605504587,Ptychodera_prebalancing.csv.gz
Ptychodera,scaffold7266_cov140:+:132494:133145,17742,yes,train,scaffold7266_cov140,132692,+,139,0.4017094017094017,Ptychodera_prebalancing.csv.gz
Ptychodera,scaffold2499_cov133:+:24665:25063,9709,yes,train,scaffold2499_cov133,24717,+,67,0.75,Ptychodera_prebalancing.csv.gz
Ptychodera,scaffold12381_cov139:+:19073:19682,2503,no,train,scaffold12381_cov139,19211,+,146,0,Ptychodera_prebalancing.csv.gz
Ptychodera,scaffold38562_cov122:-:141886:143137,13679,yes,train,scaffold38562_cov122,142955,-,216,0.66875,Ptychodera_prebalancing.csv.gz
Ptychodera,scaffold178834_cov87:+:2261:3116,6975,yes,train,scaffold178834_cov87,2284,+,33,0.6484375,Ptychodera_prebalancing.csv.gz
Ptychodera,scaffold45193_cov139:+:238005:238224,15003,no,train,scaffold45193_cov139,238123,+,188,0,Ptychodera_prebalancing.csv.gz
Ptychodera,scaffold15286_cov116:+:379161:379775,4450,no,train,scaffold15286_cov116,379119,+,79,0,Ptychodera_prebalancing.csv.gz
Ptychodera,scaffold20770_cov135:+:33735:33914,7913,no,train,scaffold20770_cov135,33863,+,143,0,Ptychodera_prebalancing.csv.gz
Ptychodera,scaffold39128_cov134:+:98912:99592,13956,yes,train,scaffold39128_cov134,98968,+,60,0.4,Ptychodera_prebalancing.csv.gz
Ptychodera,scaffold1676_cov84:-:198331:198854,5965,no,train,scaffold1676_cov84,198682,-,221,0,Ptychodera_prebalancing.csv.gz
Ptychodera,scaffold462_cov140:+:786123:786403,15172,no,train,scaffold462_cov140,786423,+,163,0,Ptychodera_prebalancing.csv.gz
Ptychodera,scaffold10981_cov157:-:320342:321622,423,no,train,scaffold10981_cov157,320479,-,386,0,Ptychodera_prebalancing.csv.gz
Ptychodera,scaffold25417_cov168:-:385301:385984,9957,no,train,scaffold25417_cov168,385281,-,213,0,Ptychodera_prebalancing.csv.gz
Ptychodera,scaffold20801_cov113:-:61731:62160,7975,no,train,scaffold20801_cov113,62100,-,98,0,Ptychodera_prebalancing.csv.gz
Ptychodera,scaffold1603_cov140:-:2704:3035,5118,yes,train,scaffold1603_cov140,2948,-,101,0.4015748031496063,Ptychodera_prebalancing.csv.gz
Ptychodera,scaffold3861_cov165:-:35132:35576,13839,no,train,scaffold3861_cov165,35632,-,172,0,Ptychodera_prebalancing.csv.gz
Ptychodera,scaffold16732_cov160:+:289154:289485,5932,no,train,scaffold16732_cov160,289494,+,310,0,Ptychodera_prebalancing.csv.gz
Ptychodera,scaffold2799_cov98:+:111319:111921,10865,no,train,scaffold2799_cov98,111367,+,49,0,Ptychodera_prebalancing.csv.gz
Ptychodera,scaffold2991_cov164:-:858007:858838,11569,yes,train,scaffold2991_cov164,858104,-,631,0.5707070707070707,Ptychodera_prebalancing.csv.gz
Ptychodera,scaffold67423_cov132:-:90821:91300,17088,no,train,scaffold67423_cov132,90956,-,307,0,Ptychodera_prebalancing.csv.gz
Ptychodera,scaffold1636_cov125:-:311909:312112,5526,no,train,scaffold1636_cov125,311989,-,140,0,Ptychodera_prebalancing.csv.gz
Ptychodera,scaffold1603_cov140:-:2704:3035,5071,no,train,scaffold1603_cov140,2798,-,255,0,Ptychodera_prebalancing.csv.gz
Ptychodera,scaffold7266_cov140:+:132494:133145,17784,no,train,scaffold7266_cov140,132995,+,322,0,Ptychodera_prebalancing.csv.gz
Ptychodera,scaffold3861_cov165:-:35132:35576,13727,no,train,scaffold3861_cov165,35116,-,583,0,Ptychodera_prebalancing.csv.gz
Ptychodera,scaffold23899_cov112:+:9403:9576,9148,yes,train,scaffold23899_cov112,9413,+,26,0.2824427480916031,Ptychodera_prebalancing.csv.gz
Ptychodera,scaffold32521_cov86:+:2399:2886,12356,yes,train,scaffold32521_cov86,2854,+,468,0.4938271604938271,Ptychodera_prebalancing.csv.gz
Ptychodera,scaffold114779_cov129:-:9728:10643,656,yes,train,scaffold114779_cov129,10333,-,248,0.3153153153153153,Ptychodera_prebalancing.csv.gz
Ptychodera,scaffold478_cov113:-:167312:167702,15358,no,train,scaffold478_cov113,167684,-,18,0,Ptychodera_prebalancing.csv.gz
Ptychodera,scaffold208_cov126:+:155246:156052,8084,yes,train,scaffold208_cov126,155651,+,43,0.8720626631853786,Ptychodera_prebalancing.csv.gz
Ptychodera,scaffold208_cov126:+:155246:156052,8138,yes,train,scaffold208_cov126,155974,+,200,0.9971590909090908,Ptychodera_prebalancing.csv.gz
Ptychodera,scaffold13151_cov141:-:223221:223604,3128,yes,train,scaffold13151_cov141,223241,-,158,0.6984126984126984,Ptychodera_prebalancing.csv.gz
Ptychodera,scaffold4923_cov126:-:400667:401530,15579,no,train,scaffold4923_cov126,400711,-,712,0,Ptychodera_prebalancing.csv.gz
Ptychodera,scaffold15286_cov116:+:379161:379775,4435,no,train,scaffold15286_cov116,379078,+,38,0,Ptychodera_prebalancing.csv.gz
Ptychodera,scaffold18190_cov84:-:8450:8616,7317,no,train,scaffold18190_cov84,8672,-,30,0,Ptychodera_prebalancing.csv.gz
Ptychodera,scaffold208_cov126:+:155246:156052,8095,yes,train,scaffold208_cov126,155680,+,72,0.2343324250681198,Ptychodera_prebalancing.csv.gz
Ptychodera,scaffold1676_cov84:-:198331:198854,6005,yes,train,scaffold1676_cov84,198810,-,93,0.5245098039215687,Ptychodera_prebalancing.csv.gz
Ptychodera,scaffold1539_cov135:-:495376:495773,4663,no,train,scaffold1539_cov135,495356,-,216,0,Ptychodera_prebalancing.csv.gz
Ptychodera,scaffold2140_cov133:-:174815:176568,8461,no,train,scaffold2140_cov133,174986,-,163,0,Ptychodera_prebalancing.csv.gz
Ptychodera,scaffold968_cov135:+:323367:323828,19926,yes,train,scaffold968_cov135,323419,+,70,0.2641509433962264,Ptychodera_prebalancing.csv.gz
Ptychodera,scaffold9925_cov150:+:170081:170786,20109,yes,train,scaffold9925_cov150,170204,+,132,0.1540785498489426,Ptychodera_prebalancing.csv.gz
Ptychodera,scaffold12565_cov89:-:352301:352848,2921,yes,train,scaffold12565_cov89,352740,-,170,0.4194915254237288,Ptychodera_prebalancing.csv.gz
Ptychodera,scaffold2991_cov164:-:858007:858838,11757,no,train,scaffold2991_cov164,858811,-,30,0,Ptychodera_prebalancing.csv.gz
Ptychodera,scaffold79475_cov142:-:27270:27396,18314,yes,train,scaffold79475_cov142,27271,-,85,0.2810810810810811,Ptychodera_prebalancing.csv.gz
Ptychodera,scaffold7654_cov117:-:188980:189287,18079,yes,train,scaffold7654_cov117,189043,-,267,0.8796296296296297,Ptychodera_prebalancing.csv.gz
Ptychodera,scaffold12381_cov139:+:19073:19682,2547,no,train,scaffold12381_cov139,19571,+,326,0,Ptychodera_prebalancing.csv.gz
Ptychodera,scaffold1636_cov125:-:375792:376043,5628,yes,train,scaffold1636_cov125,376010,-,101,0.1897810218978102,Ptychodera_prebalancing.csv.gz
Ptychodera,scaffold13151_cov141:-:223221:223604,3156,no,train,scaffold13151_cov141,223602,-,22,0,Ptychodera_prebalancing.csv.gz
Ptychodera,scaffold947_cov114:-:3216:3537,19450,yes,train,scaffold947_cov114,3302,-,162,0.5074626865671642,Ptychodera_prebalancing.csv.gz
Ptychodera,scaffold16732_cov160:+:289154:289485,5917,no,train,scaffold16732_cov160,289456,+,272,0,Ptychodera_prebalancing.csv.gz
Ptychodera,scaffold208_cov126:+:155246:156052,8106,yes,train,scaffold208_cov126,155711,+,103,0.7265415549597856,Ptychodera_prebalancing.csv.gz
Ptychodera,scaffold12565_cov89:-:352301:352848,2901,yes,train,scaffold12565_cov89,352646,-,264,0.1644444444444444,Ptychodera_prebalancing.csv.gz
Ptychodera,scaffold6644_cov166:+:24349:25176,16882,yes,train,scaffold6644_cov166,24746,+,185,0.2066115702479339,Ptychodera_prebalancing.csv.gz
Ptychodera,scaffold1636_cov125:-:375792:376043,5630,yes,train,scaffold1636_cov125,376022,-,89,0.9916666666666668,Ptychodera_prebalancing.csv.gz
Ptychodera,scaffold96532_cov96:+:290036:290160,19839,no,train,scaffold96532_cov96,289989,+,12,0,Ptychodera_prebalancing.csv.gz
Ptychodera,scaffold698_cov122:-:207303:208348,17611,yes,train,scaffold698_cov122,207376,-,125,0.6134969325153374,Ptychodera_prebalancing.csv.gz
Ptychodera,scaffold485_cov122:-:34345:34618,15458,no,train,scaffold485_cov122,34518,-,121,0,Ptychodera_prebalancing.csv.gz
Ptychodera,scaffold96532_cov96:+:290036:290160,19884,no,train,scaffold96532_cov96,290167,+,180,0,Ptychodera_prebalancing.csv.gz
Ptychodera,scaffold9645_cov134:-:516300:516668,19778,no,train,scaffold9645_cov134,516603,-,99,0,Ptychodera_prebalancing.csv.gz
Ptychodera,scaffold3483_cov154:+:648773:649150,12886,yes,train,scaffold3483_cov154,649128,+,170,0.9305555555555556,Ptychodera_prebalancing.csv.gz
Ptychodera,scaffold3064_cov157:-:750409:751493,11869,yes,train,scaffold3064_cov157,751490,-,26,0.2833333333333333,Ptychodera_prebalancing.csv.gz
Ptychodera,scaffold39380_cov153:-:70839:70938,14154,yes,train,scaffold39380_cov153,70873,-,123,0.1523809523809524,Ptychodera_prebalancing.csv.gz
Ptychodera,scaffold114779_cov129:-:9728:10643,691,yes,train,scaffold114779_cov129,10564,-,17,0.2589285714285714,Ptychodera_prebalancing.csv.gz
Ptychodera,scaffold12141_cov164:-:9717:10517,2114,no,train,scaffold12141_cov164,9728,-,263,0,Ptychodera_prebalancing.csv.gz
Ptychodera,scaffold7613_cov119:+:136766:136903,17938,no,train,scaffold7613_cov119,136694,+,3,0,Ptychodera_prebalancing.csv.gz
Ptychodera,scaffold208_cov126:+:146398:147328,8029,no,train,scaffold208_cov126,146462,+,73,0,Ptychodera_prebalancing.csv.gz
Ptychodera,scaffold12565_cov89:-:352301:352848,2896,yes,train,scaffold12565_cov89,352470,-,439,0.952755905511811,Ptychodera_prebalancing.csv.gz
Ptychodera,scaffold2869_cov154:+:107409:107792,11028,yes,train,scaffold2869_cov154,107446,+,65,0.8606965174129353,Ptychodera_prebalancing.csv.gz
Ptychodera,scaffold12335_cov130:+:147263:147554,2318,no,train,scaffold12335_cov130,147286,+,95,0,Ptychodera_prebalancing.csv.gz
Ptychodera,scaffold851_cov164:+:208862:209420,18883,yes,train,scaffold851_cov164,208908,+,55,0.3302180685358255,Ptychodera_prebalancing.csv.gz
Ptychodera,scaffold26652_cov126:-:22721:23423,10397,yes,train,scaffold26652_cov126,23283,-,151,0.1775700934579439,Ptychodera_prebalancing.csv.gz
Ptychodera,scaffold4067_cov148:+:83646:83942,14315,no,train,scaffold4067_cov148,83466,+,35,0,Ptychodera_prebalancing.csv.gz
Ptychodera,scaffold2089_cov155:-:232960:233269,8003,yes,train,scaffold2089_cov155,233252,-,20,0.6068376068376068,Ptychodera_prebalancing.csv.gz
Ptychodera,scaffold32521_cov86:+:2399:2886,12338,yes,train,scaffold32521_cov86,2800,+,414,1,Ptychodera_prebalancing.csv.gz
Ptychodera,scaffold20801_cov113:-:61731:62160,7955,no,train,scaffold20801_cov113,62040,-,158,0,Ptychodera_prebalancing.csv.gz
Ptychodera,scaffold7723_cov121:+:445396:445849,18154,no,train,scaffold7723_cov121,445571,+,58,0,Ptychodera_prebalancing.csv.gz
Ptychodera,scaffold56_cov136:+:584474:585605,16109,yes,train,scaffold56_cov136,584561,+,73,0.2206405693950178,Ptychodera_prebalancing.csv.gz
Ptychodera,scaffold11453_cov132:+:21302:21601,605,no,train,scaffold11453_cov132,21424,+,132,0,Ptychodera_prebalancing.csv.gz
Ptychodera,scaffold19378_cov94:-:42006:43904,7526,yes,train,scaffold19378_cov94,43169,-,703,0.7669902912621359,Ptychodera_prebalancing.csv.gz
Ptychodera,scaffold3698_cov112:+:68018:68572,13250,yes,train,scaffold3698_cov112,68109,+,105,0.5630252100840336,Ptychodera_prebalancing.csv.gz
Ptychodera,scaffold8953_cov140:+:56023:56332,19055,yes,train,scaffold8953_cov140,56034,+,12,0.5925925925925926,Ptychodera_prebalancing.csv.gz
Ptychodera,scaffold2394_cov127:-:198968:199469,9219,no,train,scaffold2394_cov127,199489,-,18,0,Ptychodera_prebalancing.csv.gz
Ptychodera,scaffold39128_cov134:+:98912:99592,13986,no,train,scaffold39128_cov134,99048,+,140,0,Ptychodera_prebalancing.csv.gz
Ptychodera,scaffold67423_cov132:-:90821:91300,17051,yes,train,scaffold67423_cov132,90840,-,423,0.6666666666666666,Ptychodera_prebalancing.csv.gz
Ptychodera,scaffold9925_cov150:+:170081:170786,20169,yes,train,scaffold9925_cov150,170443,+,378,0.446215139442231,Ptychodera_prebalancing.csv.gz
Ptychodera,scaffold11736_cov113:+:27376:27674,1782,yes,train,scaffold11736_cov113,27641,+,286,0.2204585537918871,Ptychodera_prebalancing.csv.gz
Ptychodera,scaffold1241_cov154:-:109445:109789,2645,yes,train,scaffold1241_cov154,109779,-,17,0.3291925465838509,Ptychodera_prebalancing.csv.gz
Ptychodera,scaffold851_cov164:+:208862:209420,18924,yes,train,scaffold851_cov164,209395,+,265,0.5909090909090909,Ptychodera_prebalancing.csv.gz
Ptychodera,scaffold478_cov113:-:167312:167702,15305,no,train,scaffold478_cov113,167428,-,199,0,Ptychodera_prebalancing.csv.gz
Ptychodera,scaffold47766_cov117:-:200215:200524,15249,no,train,scaffold47766_cov117,200304,-,230,0,Ptychodera_prebalancing.csv.gz
Ptychodera,scaffold16631_cov137:+:14242:14561,5769,no,train,scaffold16631_cov137,14332,+,48,0,Ptychodera_prebalancing.csv.gz
Ptychodera,scaffold8095_cov123:-:171963:172984,18524,no,train,scaffold8095_cov123,172834,-,135,0,Ptychodera_prebalancing.csv.gz
Ptychodera,scaffold1323_cov134:+:427103:427584,3192,yes,train,scaffold1323_cov134,427517,+,389,0.965451055662188,Ptychodera_prebalancing.csv.gz
Ptychodera,scaffold20801_cov113:-:61731:62160,7956,yes,train,scaffold20801_cov113,62043,-,155,0.6716417910447762,Ptychodera_prebalancing.csv.gz
Ptychodera,scaffold21173_cov137:-:525055:525229,8284,yes,train,scaffold21173_cov137,525116,-,143,1,Ptychodera_prebalancing.csv.gz
Ptychodera,scaffold31965_cov155:-:252190:253635,12051,no,train,scaffold31965_cov155,252227,-,276,0,Ptychodera_prebalancing.csv.gz
Ptychodera,scaffold31965_cov155:-:252190:253635,12107,no,train,scaffold31965_cov155,253652,-,12,0,Ptychodera_prebalancing.csv.gz
Ptychodera,scaffold1636_cov125:-:375792:376043,5603,no,train,scaffold1636_cov125,375926,-,189,0,Ptychodera_prebalancing.csv.gz
Ptychodera,scaffold16631_cov137:+:14242:14561,5779,yes,train,scaffold16631_cov137,14374,+,90,0.2045454545454545,Ptychodera_prebalancing.csv.gz
Ptychodera,scaffold208_cov126:+:155246:156052,8130,yes,train,scaffold208_cov126,155948,+,174,0.4674698795180723,Ptychodera_prebalancing.csv.gz
Ptychodera,scaffold2140_cov133:-:174815:176568,8473,no,train,scaffold2140_cov133,175044,-,105,0,Ptychodera_prebalancing.csv.gz
Ptychodera,scaffold11559_cov105:+:53281:53740,943,no,train,scaffold11559_cov105,53673,+,331,0,Ptychodera_prebalancing.csv.gz
Ptychodera,scaffold2326_cov84:-:195815:195896,9067,no,train,scaffold2326_cov84,195941,-,65,0,Ptychodera_prebalancing.csv.gz
Ptychodera,scaffold10119_cov162:+:267012:267948,30,yes,train,scaffold10119_cov162,267935,+,207,0.5233644859813084,Ptychodera_prebalancing.csv.gz
Ptychodera,scaffold12335_cov130:+:147263:147554,2307,no,train,scaffold12335_cov130,147234,+,43,0,Ptychodera_prebalancing.csv.gz
Ptychodera,scaffold485_cov122:-:34345:34618,15363,no,train,scaffold485_cov122,34269,-,375,0,Ptychodera_prebalancing.csv.gz
Ptychodera,scaffold18025_cov163:+:6470:7342,7213,no,train,scaffold18025_cov163,7060,+,395,0,Ptychodera_prebalancing.csv.gz
Ptychodera,scaffold21173_cov137:-:525055:525229,8283,yes,train,scaffold21173_cov137,525115,-,144,0.9285714285714286,Ptychodera_prebalancing.csv.gz
Ptychodera,scaffold910_cov130:+:473330:473536,19217,no,train,scaffold910_cov130,473563,+,293,0,Ptychodera_prebalancing.csv.gz
Ptychodera,scaffold12381_cov139:+:19073:19682,2518,yes,train,scaffold12381_cov139,19267,+,202,0.3592814371257485,Ptychodera_prebalancing.csv.gz
Ptychodera,scaffold11736_cov113:+:27376:27674,1786,no,train,scaffold11736_cov113,27663,+,308,0,Ptychodera_prebalancing.csv.gz
Ptychodera,scaffold10983_cov102:-:132602:132940,521,no,train,scaffold10983_cov102,132848,-,18,0,Ptychodera_prebalancing.csv.gz
Ptychodera,scaffold43365_cov111:+:111460:111953,14869,no,train,scaffold43365_cov111,111602,+,145,0,Ptychodera_prebalancing.csv.gz
Ptychodera,scaffold3635_cov139:-:67923:68627,13172,yes,train,scaffold3635_cov139,68516,-,218,0.423728813559322,Ptychodera_prebalancing.csv.gz
Ptychodera,scaffold7626_cov144:-:459173:459972,18073,no,train,scaffold7626_cov144,459984,-,10,0,Ptychodera_prebalancing.csv.gz
Ptychodera,scaffold940946_cov135:-:59871:60197,19427,no,train,scaffold940946_cov135,60159,-,46,0,Ptychodera_prebalancing.csv.gz
Ptychodera,scaffold8095_cov123:-:171963:172984,18489,yes,train,scaffold8095_cov123,172070,-,271,0.2321937321937321,Ptychodera_prebalancing.csv.gz
Ptychodera,scaffold6901_cov141:-:794007:794312,17457,yes,train,scaffold6901_cov141,794009,-,311,0.3230088495575221,Ptychodera_prebalancing.csv.gz
Ptychodera,scaffold6649_cov117:-:267599:267994,16922,yes,train,scaffold6649_cov117,267937,-,70,0.1769230769230769,Ptychodera_prebalancing.csv.gz
Ptychodera,scaffold26652_cov126:-:22721:23423,10414,yes,train,scaffold26652_cov126,23329,-,105,0.7426900584795322,Ptychodera_prebalancing.csv.gz
Ptychodera,scaffold1962_cov141:-:168291:168515,7598,no,train,scaffold1962_cov141,168247,-,217,0,Ptychodera_prebalancing.csv.gz
Ptychodera,scaffold3698_cov112:+:68018:68572,13326,yes,train,scaffold3698_cov112,68527,+,525,0.2252252252252252,Ptychodera_prebalancing.csv.gz
Ptychodera,scaffold3483_cov154:+:648773:649150,12889,yes,train,scaffold3483_cov154,649150,+,192,0.6102564102564103,Ptychodera_prebalancing.csv.gz
Ptychodera,scaffold8026_cov121:-:76174:76416,18379,yes,train,scaffold8026_cov121,76241,-,179,0.173076923076923,Ptychodera_prebalancing.csv.gz
Ptychodera,scaffold485_cov122:-:34345:34618,15385,no,train,scaffold485_cov122,34314,-,330,0,Ptychodera_prebalancing.csv.gz
Ptychodera,scaffold1603_cov140:-:2704:3035,5081,no,train,scaffold1603_cov140,2831,-,222,0,Ptychodera_prebalancing.csv.gz
Ptychodera,scaffold940946_cov135:-:59871:60197,19397,no,train,scaffold940946_cov135,60038,-,167,0,Ptychodera_prebalancing.csv.gz
Ptychodera,scaffold3861_cov165:-:35132:35576,13754,yes,train,scaffold3861_cov165,35230,-,469,0.2664092664092664,Ptychodera_prebalancing.csv.gz
Ptychodera,scaffold3698_cov112:+:68018:68572,13327,yes,train,scaffold3698_cov112,68529,+,527,0.5902964959568733,Ptychodera_prebalancing.csv.gz
Ptychodera,scaffold1173_cov143:+:408154:408573,1866,no,train,scaffold1173_cov143,408338,+,183,0,Ptychodera_prebalancing.csv.gz
Ptychodera,scaffold1676_cov84:-:198331:198854,6006,yes,train,scaffold1676_cov84,198813,-,90,0.3181818181818182,Ptychodera_prebalancing.csv.gz
Ptychodera,scaffold1603_cov140:-:2704:3035,5060,no,train,scaffold1603_cov140,2761,-,292,0,Ptychodera_prebalancing.csv.gz
Ptychodera,scaffold12335_cov130:+:147263:147554,2377,no,train,scaffold12335_cov130,147567,+,272,0,Ptychodera_prebalancing.csv.gz
Ptychodera,scaffold114779_cov129:-:9728:10643,635,yes,train,scaffold114779_cov129,9999,-,411,0.9705882352941176,Ptychodera_prebalancing.csv.gz
Ptychodera,scaffold11453_cov132:+:21302:21601,587,no,train,scaffold11453_cov132,21295,+,3,0,Ptychodera_prebalancing.csv.gz
Ptychodera,scaffold3142_cov95:-:74094:75309,11986,yes,train,scaffold3142_cov95,74814,-,10,0.8725490196078431,Ptychodera_prebalancing.csv.gz
Ptychodera,scaffold39128_cov134:+:98912:99592,14096,no,train,scaffold39128_cov134,99424,+,521,0,Ptychodera_prebalancing.csv.gz
Ptychodera,scaffold26652_cov126:+:156424:156704,10497,yes,train,scaffold26652_cov126,156622,+,163,0.2367149758454106,Ptychodera_prebalancing.csv.gz
Ptychodera,scaffold22042_cov145:-:11224:12451,8649,no,train,scaffold22042_cov145,11179,-,266,0,Ptychodera_prebalancing.csv.gz
Ptychodera,scaffold3861_cov165:-:35132:35576,13794,yes,train,scaffold3861_cov165,35339,-,360,0.5352112676056338,Ptychodera_prebalancing.csv.gz
Ptychodera,scaffold1171258_cov122:+:213330:213576,1470,no,train,scaffold1171258_cov122,213597,+,288,0,Ptychodera_prebalancing.csv.gz
Ptychodera,scaffold1241_cov154:-:109445:109789,2614,no,train,scaffold1241_cov154,109463,-,174,0,Ptychodera_prebalancing.csv.gz
Ptychodera,scaffold3563_cov125:-:35702:36535,13117,yes,train,scaffold3563_cov125,36099,-,46,0.803921568627451,Ptychodera_prebalancing.csv.gz
Ptychodera,scaffold1539_cov135:-:495376:495773,4662,no,train,scaffold1539_cov135,495354,-,218,0,Ptychodera_prebalancing.csv.gz
Ptychodera,scaffold478_cov113:-:167312:167702,15331,yes,train,scaffold478_cov113,167593,-,109,0.5181347150259067,Ptychodera_prebalancing.csv.gz
Ptychodera,scaffold947_cov114:-:3216:3537,19454,yes,train,scaffold947_cov114,3313,-,151,0.9846153846153848,Ptychodera_prebalancing.csv.gz
Ptychodera,scaffold2794_cov133:+:82026:82461,10853,no,train,scaffold2794_cov133,82195,+,186,0,Ptychodera_prebalancing.csv.gz
Ptychodera,scaffold21173_cov137:-:525055:525229,8268,yes,train,scaffold21173_cov137,525073,-,186,0.5367372353673724,Ptychodera_prebalancing.csv.gz
Ptychodera,scaffold3552_cov134:-:514923:515191,13025,no,train,scaffold3552_cov134,514930,-,330,0,Ptychodera_prebalancing.csv.gz
Ptychodera,scaffold12141_cov164:-:9717:10517,2117,yes,train,scaffold12141_cov164,9733,-,258,0.7228915662650602,Ptychodera_prebalancing.csv.gz
Ptychodera,scaffold178834_cov87:+:2261:3116,7005,yes,train,scaffold178834_cov87,3072,+,175,0.3372549019607843,Ptychodera_prebalancing.csv.gz
Ptychodera,scaffold39128_cov134:+:93643:94114,13933,yes,train,scaffold39128_cov134,93974,+,242,0.2358490566037736,Ptychodera_prebalancing.csv.gz
Ptychodera,scaffold3154_cov140:+:228764:228820,12025,no,train,scaffold3154_cov140,228879,+,268,0,Ptychodera_prebalancing.csv.gz
Ptychodera,scaffold28848_cov151:-:119895:120090,11120,no,train,scaffold28848_cov151,119968,-,142,0,Ptychodera_prebalancing.csv.gz
Ptychodera,scaffold9925_cov150:+:170081:170786,20174,yes,train,scaffold9925_cov150,170461,+,396,0.328125,Ptychodera_prebalancing.csv.gz
Ptychodera,scaffold15286_cov116:+:379161:379775,4542,no,train,scaffold15286_cov116,379702,+,371,0,Ptychodera_prebalancing.csv.gz
Ptychodera,scaffold81961_cov101:+:2614:2737,18703,no,train,scaffold81961_cov101,2574,+,16,0,Ptychodera_prebalancing.csv.gz
Ptychodera,scaffold26652_cov126:+:156424:156704,10459,yes,train,scaffold26652_cov126,156460,+,33,0.3527027027027027,Ptychodera_prebalancing.csv.gz
Ptychodera,scaffold50865_cov127:-:17389:18451,15745,yes,train,scaffold50865_cov127,18426,-,37,0.1779661016949152,Ptychodera_prebalancing.csv.gz
Ptychodera,scaffold1603_cov140:-:2704:3035,5097,no,train,scaffold1603_cov140,2875,-,174,0,Ptychodera_prebalancing.csv.gz
Ptychodera,scaffold209507_cov154:-:41337:41458,8209,no,train,scaffold209507_cov154,41484,-,14,0,Ptychodera_prebalancing.csv.gz
Ptychodera,scaffold3154_cov140:+:228764:228820,11997,yes,train,scaffold3154_cov140,228783,+,172,1,Ptychodera_prebalancing.csv.gz
Ptychodera,scaffold17107_cov97:-:167714:170261,6263,no,train,scaffold17107_cov97,170330,-,40,0,Ptychodera_prebalancing.csv.gz
Ptychodera,scaffold1835_cov136:+:285845:286147,7350,no,train,scaffold1835_cov136,286152,+,166,0,Ptychodera_prebalancing.csv.gz
Ptychodera,scaffold22042_cov145:-:44137:44562,8725,yes,train,scaffold22042_cov145,44501,-,100,0.5,Ptychodera_prebalancing.csv.gz
Ptychodera,scaffold7723_cov121:+:445396:445849,18222,no,train,scaffold7723_cov121,445790,+,283,0,Ptychodera_prebalancing.csv.gz
Ptychodera,scaffold8953_cov140:+:56023:56332,19080,yes,train,scaffold8953_cov140,56125,+,103,0.9882352941176472,Ptychodera_prebalancing.csv.gz
Ptychodera,scaffold2991_cov164:-:247815:248280,11504,yes,train,scaffold2991_cov164,248170,-,117,0.9752321981424148,Ptychodera_prebalancing.csv.gz
Ptychodera,scaffold4766_cov137:-:361536:361743,15216,no,train,scaffold4766_cov137,361750,-,56,0,Ptychodera_prebalancing.csv.gz
Ptychodera,scaffold208_cov126:+:146398:147328,8043,no,train,scaffold208_cov126,147227,+,129,0,Ptychodera_prebalancing.csv.gz
Ptychodera,scaffold8095_cov123:-:171963:172984,18516,no,train,scaffold8095_cov123,172818,-,151,0,Ptychodera_prebalancing.csv.gz
Ptychodera,scaffold7266_cov140:-:69908:72011,17649,no,train,scaffold7266_cov140,70931,-,87,0,Ptychodera_prebalancing.csv.gz
Ptychodera,scaffold32521_cov86:+:2399:2886,12248,no,train,scaffold32521_cov86,2520,+,127,0,Ptychodera_prebalancing.csv.gz
Ptychodera,scaffold27034_cov131:+:240113:240194,10697,yes,train,scaffold27034_cov131,240194,+,83,0.5772357723577236,Ptychodera_prebalancing.csv.gz
Ptychodera,scaffold348914_cov132:-:18141:18583,12928,yes,train,scaffold348914_cov132,18509,-,123,0.4876033057851239,Ptychodera_prebalancing.csv.gz
Ptychodera,scaffold765_cov148:+:233581:233840,18125,no,train,scaffold765_cov148,233803,+,149,0,Ptychodera_prebalancing.csv.gz
Ptychodera,scaffold6811_cov133:-:238109:238607,17286,yes,train,scaffold6811_cov133,238162,-,405,0.5338983050847458,Ptychodera_prebalancing.csv.gz
Ptychodera,scaffold2530_cov139:+:315112:315261,9945,no,train,scaffold2530_cov139,315271,+,200,0,Ptychodera_prebalancing.csv.gz
Ptychodera,scaffold8953_cov140:+:56023:56332,19060,yes,train,scaffold8953_cov140,56064,+,42,0.3345323741007194,Ptychodera_prebalancing.csv.gz
Ptychodera,scaffold17326_cov146:-:125600:125798,6823,no,train,scaffold17326_cov146,125657,-,138,0,Ptychodera_prebalancing.csv.gz
Ptychodera,scaffold2440_cov108:-:296991:297406,9417,no,train,scaffold2440_cov108,297355,-,61,0,Ptychodera_prebalancing.csv.gz
Ptychodera,scaffold485_cov122:-:34345:34618,15392,no,train,scaffold485_cov122,34324,-,320,0,Ptychodera_prebalancing.csv.gz
Ptychodera,scaffold32521_cov86:+:2399:2886,12271,yes,train,scaffold32521_cov86,2592,+,199,0.1538461538461538,Ptychodera_prebalancing.csv.gz
Ptychodera,scaffold7723_cov121:+:445396:445849,18198,no,train,scaffold7723_cov121,445711,+,204,0,Ptychodera_prebalancing.csv.gz
Ptychodera,scaffold6840_cov145:+:37299:38653,17443,yes,train,scaffold6840_cov145,38077,+,111,0.9925925925925926,Ptychodera_prebalancing.csv.gz
Ptychodera,scaffold765_cov148:+:233581:233840,18090,no,train,scaffold765_cov148,233570,+,25,0,Ptychodera_prebalancing.csv.gz
Ptychodera,scaffold2799_cov98:+:111319:111921,10874,no,train,scaffold2799_cov98,111413,+,95,0,Ptychodera_prebalancing.csv.gz
Ptychodera,scaffold1676_cov84:-:198331:198854,5996,yes,train,scaffold1676_cov84,198777,-,126,0.8767123287671232,Ptychodera_prebalancing.csv.gz
Ptychodera,scaffold3081_cov168:-:128788:128942,11924,yes,train,scaffold3081_cov168,128911,-,109,0.86875,Ptychodera_prebalancing.csv.gz
Ptychodera,scaffold17326_cov146:-:125600:125798,6788,no,train,scaffold17326_cov146,125578,-,217,0,Ptychodera_prebalancing.csv.gz
Ptychodera,scaffold5178_cov121:-:386626:386801,15776,no,train,scaffold5178_cov121,386680,-,142,0,Ptychodera_prebalancing.csv.gz
Ptychodera,scaffold1171266_cov138:-:157533:158115,1563,no,train,scaffold1171266_cov138,157965,-,95,0,Ptychodera_prebalancing.csv.gz
Ptychodera,scaffold67423_cov132:-:90821:91300,17076,yes,train,scaffold67423_cov132,90913,-,350,0.743801652892562,Ptychodera_prebalancing.csv.gz
Ptychodera,scaffold16732_cov160:+:289154:289485,5921,no,train,scaffold16732_cov160,289467,+,283,0,Ptychodera_prebalancing.csv.gz
Ptychodera,scaffold1171266_cov138:-:157533:158115,1589,yes,train,scaffold1171266_cov138,158039,-,21,0.177257525083612,Ptychodera_prebalancing.csv.gz
Ptychodera,scaffold4067_cov148:+:83646:83942,14324,no,train,scaffold4067_cov148,83487,+,56,0,Ptychodera_prebalancing.csv.gz
Ptychodera,scaffold6968_cov114:+:418242:418583,17567,yes,train,scaffold6968_cov114,418491,+,190,0.2244897959183673,Ptychodera_prebalancing.csv.gz
Ptychodera,scaffold968_cov135:+:323367:323828,19947,yes,train,scaffold968_cov135,323527,+,178,0.1782945736434108,Ptychodera_prebalancing.csv.gz
Ptychodera,scaffold1171258_cov122:+:213330:213576,1436,no,train,scaffold1171258_cov122,213497,+,188,0,Ptychodera_prebalancing.csv.gz
Ptychodera,scaffold1155138_cov151:-:615230:615346,822,no,train,scaffold1155138_cov151,615371,-,201,0,Ptychodera_prebalancing.csv.gz
Ptychodera,scaffold2991_cov164:-:858007:858838,11553,no,train,scaffold2991_cov164,858036,-,699,0,Ptychodera_prebalancing.csv.gz
Ptychodera,scaffold2991_cov164:-:247815:248280,11518,no,train,scaffold2991_cov164,248231,-,56,0,Ptychodera_prebalancing.csv.gz
Ptychodera,scaffold3861_cov165:-:35132:35576,13819,yes,train,scaffold3861_cov165,35550,-,254,0.6591928251121076,Ptychodera_prebalancing.csv.gz
Ptychodera,scaffold9645_cov134:-:516300:516668,19775,no,train,scaffold9645_cov134,516600,-,102,0,Ptychodera_prebalancing.csv.gz
Ptychodera,scaffold9555_cov137:-:57548:57703,19551,no,train,scaffold9555_cov137,57679,-,150,0,Ptychodera_prebalancing.csv.gz
Ptychodera,scaffold2794_cov133:+:82026:82461,10822,yes,train,scaffold2794_cov133,82060,+,51,0.9672131147540984,Ptychodera_prebalancing.csv.gz
Ptychodera,scaffold4923_cov126:-:400667:401530,15556,no,train,scaffold4923_cov126,400620,-,803,0,Ptychodera_prebalancing.csv.gz
Ptychodera,scaffold910_cov130:+:473330:473536,19193,no,train,scaffold910_cov130,473493,+,223,0,Ptychodera_prebalancing.csv.gz
Ptychodera,scaffold20770_cov135:+:33735:33914,7914,no,train,scaffold20770_cov135,33865,+,145,0,Ptychodera_prebalancing.csv.gz
Ptychodera,scaffold7613_cov119:+:136766:136903,17942,no,train,scaffold7613_cov119,136719,+,28,0,Ptychodera_prebalancing.csv.gz
Ptychodera,scaffold1171266_cov138:+:73162:74049,1484,no,train,scaffold1171266_cov138,73838,+,272,0,Ptychodera_prebalancing.csv.gz
Ptychodera,scaffold12141_cov164:-:9717:10517,2116,yes,train,scaffold12141_cov164,9731,-,260,0.3674698795180723,Ptychodera_prebalancing.csv.gz
Ptychodera,scaffold11537_cov112:+:299365:299845,735,no,train,scaffold11537_cov112,299579,+,125,0,Ptychodera_prebalancing.csv.gz
Ptychodera,scaffold15286_cov116:+:379161:379775,4515,no,train,scaffold15286_cov116,379610,+,279,0,Ptychodera_prebalancing.csv.gz
Ptychodera,scaffold38562_cov122:-:141886:143137,13681,yes,train,scaffold38562_cov122,142972,-,199,0.3821656050955414,Ptychodera_prebalancing.csv.gz
Ptychodera,scaffold25120_cov124:-:105463:105780,9714,no,train,scaffold25120_cov124,105639,-,157,0,Ptychodera_prebalancing.csv.gz
Ptychodera,scaffold13151_cov141:-:223221:223604,3114,no,train,scaffold13151_cov141,223188,-,211,0,Ptychodera_prebalancing.csv.gz
Ptychodera,scaffold3861_cov165:-:35132:35576,13738,no,train,scaffold3861_cov165,35150,-,549,0,Ptychodera_prebalancing.csv.gz
Ptychodera,scaffold485_cov122:-:34345:34618,15413,yes,train,scaffold485_cov122,34382,-,262,0.5371900826446281,Ptychodera_prebalancing.csv.gz
Ptychodera,scaffold12141_cov164:-:268941:269113,2174,yes,train,scaffold12141_cov164,269101,-,82,0.2178217821782178,Ptychodera_prebalancing.csv.gz
Ptychodera,scaffold348914_cov132:-:18141:18583,12891,yes,train,scaffold348914_cov132,18203,-,275,0.1666666666666666,Ptychodera_prebalancing.csv.gz
Ptychodera,scaffold2140_cov133:-:174815:176568,8430,no,train,scaffold2140_cov133,174903,-,252,0,Ptychodera_prebalancing.csv.gz
Ptychodera,scaffold114779_cov129:-:9728:10643,647,yes,train,scaffold114779_cov129,10067,-,343,0.39,Ptychodera_prebalancing.csv.gz
Ptychodera,scaffold8095_cov123:-:171963:172984,18496,no,train,scaffold8095_cov123,172745,-,224,0,Ptychodera_prebalancing.csv.gz
Ptychodera,scaffold3422_cov129:-:385086:386396,12698,no,train,scaffold3422_cov129,385551,-,8,0,Ptychodera_prebalancing.csv.gz
Ptychodera,scaffold1539_cov135:-:495376:495773,4688,yes,train,scaffold1539_cov135,495757,-,36,0.6642335766423357,Ptychodera_prebalancing.csv.gz
Ptychodera,scaffold1603_cov140:-:2704:3035,5113,no,train,scaffold1603_cov140,2936,-,113,0,Ptychodera_prebalancing.csv.gz
Ptychodera,scaffold3081_cov168:-:128788:128942,11904,yes,train,scaffold3081_cov168,128816,-,209,0.2252252252252252,Ptychodera_prebalancing.csv.gz
Ptychodera,scaffold2160_cov159:-:67362:67625,8559,yes,train,scaffold2160_cov159,67407,-,256,0.3396226415094339,Ptychodera_prebalancing.csv.gz
Ptychodera,scaffold9925_cov150:+:170081:170786,20177,yes,train,scaffold9925_cov150,170466,+,401,0.7384615384615385,Ptychodera_prebalancing.csv.gz
Ptychodera,scaffold22210_cov134:-:250558:251371,8815,no,train,scaffold22210_cov134,251049,-,225,0,Ptychodera_prebalancing.csv.gz
Ptychodera,scaffold1962_cov141:-:167038:167279,7541,yes,train,scaffold1962_cov141,167118,-,235,0.1929824561403508,Ptychodera_prebalancing.csv.gz
Ptychodera,scaffold1636_cov125:-:311909:312112,5518,no,train,scaffold1636_cov125,311963,-,166,0,Ptychodera_prebalancing.csv.gz
Ptychodera,scaffold30030_cov79:+:14578:14882,11826,yes,train,scaffold30030_cov79,14866,+,296,0.5217391304347826,Ptychodera_prebalancing.csv.gz
Ptychodera,scaffold114779_cov129:-:9728:10643,651,yes,train,scaffold114779_cov129,10100,-,310,0.6792452830188679,Ptychodera_prebalancing.csv.gz
Ptychodera,scaffold8953_cov140:+:56023:56332,19112,yes,train,scaffold8953_cov140,56317,+,301,0.4230769230769231,Ptychodera_prebalancing.csv.gz
Ptychodera,scaffold4067_cov148:+:83646:83942,14454,no,train,scaffold4067_cov148,84116,+,477,0,Ptychodera_prebalancing.csv.gz
Ptychodera,scaffold485_cov122:-:34345:34618,15462,no,train,scaffold485_cov122,34528,-,111,0,Ptychodera_prebalancing.csv.gz
Ptychodera,scaffold12381_cov139:+:19073:19682,2485,no,train,scaffold12381_cov139,19151,+,86,0,Ptychodera_prebalancing.csv.gz
Ptychodera,scaffold39128_cov134:+:98912:99592,14047,no,train,scaffold39128_cov134,99249,+,346,0,Ptychodera_prebalancing.csv.gz
Ptychodera,scaffold6901_cov141:-:794007:794312,17495,yes,train,scaffold6901_cov141,794109,-,211,0.7087378640776699,Ptychodera_prebalancing.csv.gz
Ptychodera,scaffold2869_cov154:+:107409:107792,11072,yes,train,scaffold2869_cov154,107752,+,241,0.2107643600180913,Ptychodera_prebalancing.csv.gz
Ptychodera,scaffold21297_cov142:-:138460:138685,8327,no,train,scaffold21297_cov142,138475,-,171,0,Ptychodera_prebalancing.csv.gz
Ptychodera,scaffold385573_cov79:+:6977:7422,13551,yes,train,scaffold385573_cov79,7032,+,104,0.2537313432835821,Ptychodera_prebalancing.csv.gz
Ptychodera,scaffold3861_cov165:-:35132:35576,13728,no,train,scaffold3861_cov165,35117,-,582,0,Ptychodera_prebalancing.csv.gz
Ptychodera,scaffold9925_cov150:+:170081:170786,20072,yes,train,scaffold9925_cov150,170097,+,25,0.6896551724137931,Ptychodera_prebalancing.csv.gz
Ptychodera,scaffold3861_cov165:-:35132:35576,13765,yes,train,scaffold3861_cov165,35257,-,442,0.5510204081632653,Ptychodera_prebalancing.csv.gz
Ptychodera,scaffold3064_cov157:-:750409:751493,11872,yes,train,scaffold3064_cov157,751493,-,23,0.3189655172413793,Ptychodera_prebalancing.csv.gz
Ptychodera,scaffold13328_cov168:+:112359:112609,3398,no,train,scaffold13328_cov168,112371,+,67,0,Ptychodera_prebalancing.csv.gz
Ptychodera,scaffold1241_cov154:-:109445:109789,2615,no,train,scaffold1241_cov154,109466,-,171,0,Ptychodera_prebalancing.csv.gz
Ptychodera,scaffold11559_cov105:+:53281:53740,931,no,train,scaffold11559_cov105,53635,+,293,0,Ptychodera_prebalancing.csv.gz
Ptychodera,scaffold8953_cov140:+:56023:56332,19098,yes,train,scaffold8953_cov140,56287,+,271,0.5084745762711864,Ptychodera_prebalancing.csv.gz
Ptychodera,scaffold28848_cov151:-:119895:120090,11115,no,train,scaffold28848_cov151,119953,-,157,0,Ptychodera_prebalancing.csv.gz
Ptychodera,scaffold44597_cov125:-:60049:60643,14942,yes,train,scaffold44597_cov125,60168,-,182,0.2706766917293233,Ptychodera_prebalancing.csv.gz
Ptychodera,scaffold23899_cov112:+:9403:9576,9193,no,train,scaffold23899_cov112,9581,+,200,0,Ptychodera_prebalancing.csv.gz
Ptychodera,scaffold3861_cov165:-:35132:35576,13753,yes,train,scaffold3861_cov165,35220,-,479,0.2952755905511811,Ptychodera_prebalancing.csv.gz
Ptychodera,scaffold968_cov135:+:323367:323828,19937,no,train,scaffold968_cov135,323492,+,143,0,Ptychodera_prebalancing.csv.gz
Ptychodera,scaffold56_cov136:+:584474:585605,16127,no,train,scaffold56_cov136,584595,+,107,0,Ptychodera_prebalancing.csv.gz
Ptychodera,scaffold9925_cov150:+:170081:170786,20096,yes,train,scaffold9925_cov150,170166,+,94,0.8446215139442231,Ptychodera_prebalancing.csv.gz
Ptychodera,scaffold11337_cov136:+:85658:85971,577,yes,train,scaffold11337_cov136,85943,+,290,0.1574074074074074,Ptychodera_prebalancing.csv.gz
Ptychodera,scaffold4766_cov137:+:433236:434691,15228,yes,train,scaffold4766_cov137,434401,+,102,0.6470588235294118,Ptychodera_prebalancing.csv.gz
Ptychodera,scaffold106908_cov93:+:3541:3901,265,no,train,scaffold106908_cov93,3740,+,210,0,Ptychodera_prebalancing.csv.gz
Ptychodera,scaffold2520_cov137:-:716980:717272,9757,no,train,scaffold2520_cov137,716975,-,301,0,Ptychodera_prebalancing.csv.gz
Ptychodera,scaffold15286_cov116:+:379161:379775,4529,no,train,scaffold15286_cov116,379662,+,331,0,Ptychodera_prebalancing.csv.gz
Ptychodera,scaffold12141_cov164:-:9717:10517,2108,yes,train,scaffold12141_cov164,9720,-,271,0.2408759124087591,Ptychodera_prebalancing.csv.gz
Ptychodera,scaffold79475_cov142:-:27270:27396,18318,yes,train,scaffold79475_cov142,27278,-,78,0.3414634146341463,Ptychodera_prebalancing.csv.gz
Ptychodera,scaffold11537_cov112:+:299365:299845,706,yes,train,scaffold11537_cov112,299491,+,37,0.3583617747440273,Ptychodera_prebalancing.csv.gz
Ptychodera,scaffold38562_cov122:-:141886:143137,13685,yes,train,scaffold38562_cov122,143014,-,157,0.635593220338983,Ptychodera_prebalancing.csv.gz
Ptychodera,scaffold6644_cov166:+:24349:25176,16894,yes,train,scaffold6644_cov166,24849,+,288,0.3333333333333333,Ptychodera_prebalancing.csv.gz
Ptychodera,scaffold485_cov122:-:34345:34618,15467,no,train,scaffold485_cov122,34546,-,93,0,Ptychodera_prebalancing.csv.gz
Ptychodera,scaffold1224_cov153:-:203704:204843,2230,no,train,scaffold1224_cov153,204658,-,214,0,Ptychodera_prebalancing.csv.gz
Ptychodera,scaffold3861_cov165:-:35132:35576,13808,no,train,scaffold3861_cov165,35392,-,307,0,Ptychodera_prebalancing.csv.gz
Ptychodera,scaffold16052_cov95:+:62339:62985,5185,no,train,scaffold16052_cov95,62602,+,268,0,Ptychodera_prebalancing.csv.gz
Ptychodera,scaffold4067_cov148:+:83646:83942,14382,yes,train,scaffold4067_cov148,83908,+,269,0.1717171717171717,Ptychodera_prebalancing.csv.gz
Ptychodera,scaffold3861_cov165:-:35132:35576,13849,no,train,scaffold3861_cov165,35670,-,134,0,Ptychodera_prebalancing.csv.gz
Ptychodera,scaffold114779_cov129:-:9728:10643,623,yes,train,scaffold114779_cov129,9941,-,469,0.2427184466019417,Ptychodera_prebalancing.csv.gz
Ptychodera,scaffold30030_cov79:+:14578:14882,11785,no,train,scaffold30030_cov79,14730,+,154,0,Ptychodera_prebalancing.csv.gz
Ptychodera,scaffold1835_cov136:+:285845:286147,7360,no,train,scaffold1835_cov136,286183,+,197,0,Ptychodera_prebalancing.csv.gz
Ptychodera,scaffold3635_cov139:-:67923:68627,13162,no,train,scaffold3635_cov139,68481,-,253,0,Ptychodera_prebalancing.csv.gz
Ptychodera,scaffold17162_cov153:+:189363:189663,6403,no,train,scaffold17162_cov153,189398,+,46,0,Ptychodera_prebalancing.csv.gz
Ptychodera,scaffold60041_cov77:+:9334:9531,16337,no,train,scaffold60041_cov77,9484,+,168,0,Ptychodera_prebalancing.csv.gz
Ptychodera,scaffold2520_cov137:-:716980:717272,9753,no,train,scaffold2520_cov137,716961,-,315,0,Ptychodera_prebalancing.csv.gz
Ptychodera,scaffold3861_cov165:-:35132:35576,13883,no,train,scaffold3861_cov165,35778,-,26,0,Ptychodera_prebalancing.csv.gz
Ptychodera,scaffold30030_cov79:+:14578:14882,11773,no,train,scaffold30030_cov79,14652,+,76,0,Ptychodera_prebalancing.csv.gz
Ptychodera,scaffold208_cov126:+:155246:156052,8087,yes,train,scaffold208_cov126,155659,+,51,0.9232804232804231,Ptychodera_prebalancing.csv.gz
Ptychodera,scaffold6445_cov98:+:453373:453685,16630,no,train,scaffold6445_cov98,453696,+,182,0,Ptychodera_prebalancing.csv.gz
Ptychodera,scaffold9637_cov165:-:716723:716901,19722,yes,train,scaffold9637_cov165,716741,-,272,0.2578125,Ptychodera_prebalancing.csv.gz
Ptychodera,scaffold1173_cov143:+:408154:408573,1850,yes,train,scaffold1173_cov143,408293,+,138,0.3068783068783068,Ptychodera_prebalancing.csv.gz
Ptychodera,scaffold9645_cov134:-:516300:516668,19743,no,train,scaffold9645_cov134,516339,-,220,0,Ptychodera_prebalancing.csv.gz
Ptychodera,scaffold3782_cov139:+:169976:170896,13446,no,train,scaffold3782_cov139,170910,+,220,0,Ptychodera_prebalancing.csv.gz
Ptychodera,scaffold1155138_cov151:-:615230:615346,786,no,train,scaffold1155138_cov151,615260,-,312,0,Ptychodera_prebalancing.csv.gz
Ptychodera,scaffold23899_cov112:+:9403:9576,9167,yes,train,scaffold23899_cov112,9522,+,141,0.7171052631578947,Ptychodera_prebalancing.csv.gz
Ptychodera,scaffold114779_cov129:-:9728:10643,666,yes,train,scaffold114779_cov129,10502,-,79,0.2952380952380952,Ptychodera_prebalancing.csv.gz
Ptychodera,scaffold208_cov126:+:146398:147328,8072,no,train,scaffold208_cov126,147313,+,215,0,Ptychodera_prebalancing.csv.gz
Ptychodera,scaffold23899_cov112:+:9403:9576,9182,yes,train,scaffold23899_cov112,9552,+,171,0.1503267973856209,Ptychodera_prebalancing.csv.gz
Ptychodera,scaffold3861_cov165:-:35132:35576,13786,yes,train,scaffold3861_cov165,35319,-,380,0.1941747572815534,Ptychodera_prebalancing.csv.gz
Ptychodera,scaffold56_cov136:+:584474:585605,16156,no,train,scaffold56_cov136,584650,+,162,0,Ptychodera_prebalancing.csv.gz
Ptychodera,scaffold18190_cov84:-:8450:8616,7295,yes,train,scaffold18190_cov84,8596,-,106,0.2710280373831775,Ptychodera_prebalancing.csv.gz
Ptychodera,scaffold24497_cov89:-:27735:28057,9435,yes,train,scaffold24497_cov89,27760,-,309,0.1574074074074074,Ptychodera_prebalancing.csv.gz
Ptychodera,scaffold3861_cov165:-:35132:35576,13860,no,train,scaffold3861_cov165,35704,-,100,0,Ptychodera_prebalancing.csv.gz
Ptychodera,scaffold6901_cov141:-:794007:794312,17511,yes,train,scaffold6901_cov141,794287,-,27,0.238095238095238,Ptychodera_prebalancing.csv.gz
Ptychodera,scaffold12565_cov89:-:352301:352848,2890,yes,train,scaffold12565_cov89,352450,-,459,0.7598039215686274,Ptychodera_prebalancing.csv.gz
Ptychodera,scaffold12141_cov164:-:9717:10517,2142,yes,train,scaffold12141_cov164,9827,-,164,0.3909774436090225,Ptychodera_prebalancing.csv.gz
Ptychodera,scaffold8953_cov140:+:56023:56332,19120,yes,train,scaffold8953_cov140,56330,+,314,0.4363636363636363,Ptychodera_prebalancing.csv.gz
Ptychodera,scaffold14354_cov137:-:94703:95626,3848,no,train,scaffold14354_cov137,95633,-,116,0,Ptychodera_prebalancing.csv.gz
Ptychodera,scaffold2991_cov164:+:23681:24617,11427,yes,train,scaffold2991_cov164,23690,+,27,0.753731343283582,Ptychodera_prebalancing.csv.gz
Ptychodera,scaffold12565_cov89:-:352301:352848,2904,yes,train,scaffold12565_cov89,352663,-,247,0.4589041095890411,Ptychodera_prebalancing.csv.gz
Ptychodera,scaffold1962_cov141:-:168291:168515,7618,yes,train,scaffold1962_cov141,168310,-,154,0.2762762762762762,Ptychodera_prebalancing.csv.gz
Ptychodera,scaffold2799_cov98:+:111319:111921,10873,no,train,scaffold2799_cov98,111406,+,88,0,Ptychodera_prebalancing.csv.gz
Ptychodera,scaffold9925_cov150:+:170081:170786,20136,no,train,scaffold9925_cov150,170317,+,252,0,Ptychodera_prebalancing.csv.gz
Ptychodera,scaffold26652_cov126:-:22721:23423,10370,yes,train,scaffold26652_cov126,23212,-,222,0.2441860465116279,Ptychodera_prebalancing.csv.gz
Ptychodera,scaffold47766_cov117:-:200215:200524,15238,no,train,scaffold47766_cov117,200243,-,291,0,Ptychodera_prebalancing.csv.gz
Ptychodera,scaffold10983_cov102:-:132602:132940,514,yes,train,scaffold10983_cov102,132833,-,33,0.43359375,Ptychodera_prebalancing.csv.gz
Ptychodera,scaffold21297_cov142:-:138460:138685,8381,yes,train,scaffold21297_cov142,138685,-,13,0.3438914027149321,Ptychodera_prebalancing.csv.gz
Ptychodera,scaffold45193_cov139:+:238005:238224,15034,no,train,scaffold45193_cov139,238220,+,285,0,Ptychodera_prebalancing.csv.gz
Ptychodera,scaffold12565_cov89:-:352301:352848,2945,yes,train,scaffold12565_cov89,352825,-,85,0.6909090909090909,Ptychodera_prebalancing.csv.gz
Ptychodera,scaffold3989_cov117:-:30157:30265,14218,yes,train,scaffold3989_cov117,30168,-,152,0.3619631901840491,Ptychodera_prebalancing.csv.gz
Ptychodera,scaffold1835_cov136:+:285845:286147,7364,no,train,scaffold1835_cov136,286190,+,204,0,Ptychodera_prebalancing.csv.gz
Ptychodera,scaffold106908_cov93:+:3541:3901,285,yes,train,scaffold106908_cov93,3889,+,359,0.2364864864864864,Ptychodera_prebalancing.csv.gz
Ptychodera,scaffold50865_cov127:-:17389:18451,15700,yes,train,scaffold50865_cov127,18183,-,285,0.1651376146788991,Ptychodera_prebalancing.csv.gz
Ptychodera,scaffold10981_cov157:-:320342:321622,424,no,train,scaffold10981_cov157,320492,-,373,0,Ptychodera_prebalancing.csv.gz
Ptychodera,scaffold485_cov122:-:34345:34618,15461,yes,train,scaffold485_cov122,34525,-,114,0.2906574394463668,Ptychodera_prebalancing.csv.gz
Ptychodera,scaffold30030_cov79:+:14578:14882,11810,no,train,scaffold30030_cov79,14824,+,254,0,Ptychodera_prebalancing.csv.gz
Ptychodera,scaffold39128_cov134:+:98912:99592,13970,yes,train,scaffold39128_cov134,99014,+,106,0.2012578616352201,Ptychodera_prebalancing.csv.gz
Ptychodera,scaffold2794_cov133:+:82026:82461,10819,yes,train,scaffold2794_cov133,82055,+,46,0.5327868852459017,Ptychodera_prebalancing.csv.gz
Ptychodera,scaffold7723_cov121:+:445396:445849,18215,no,train,scaffold7723_cov121,445768,+,261,0,Ptychodera_prebalancing.csv.gz
Ptychodera,scaffold10983_cov102:-:132602:132940,473,no,train,scaffold10983_cov102,132696,-,177,0,Ptychodera_prebalancing.csv.gz
Ptychodera,scaffold15884_cov164:+:702959:703070,5004,no,train,scaffold15884_cov164,703037,+,158,0,Ptychodera_prebalancing.csv.gz
Ptychodera,scaffold800_cov148:-:30933:31071,18367,no,train,scaffold800_cov148,30961,-,200,0,Ptychodera_prebalancing.csv.gz
Ptychodera,scaffold1171763_cov97:-:24808:25449,1628,yes,train,scaffold1171763_cov97,24881,-,286,0.7033898305084746,Ptychodera_prebalancing.csv.gz
Ptychodera,scaffold178834_cov87:+:2261:3116,7001,yes,train,scaffold178834_cov87,3045,+,148,0.1777777777777777,Ptychodera_prebalancing.csv.gz
Ptychodera,scaffold12335_cov130:+:147263:147554,2347,no,train,scaffold12335_cov130,147497,+,202,0,Ptychodera_prebalancing.csv.gz
Ptychodera,scaffold2710_cov109:-:61548:62284,10698,yes,train,scaffold2710_cov109,61553,-,217,0.74,Ptychodera_prebalancing.csv.gz
Ptychodera,scaffold1171763_cov97:-:24808:25449,1627,yes,train,scaffold1171763_cov97,24872,-,295,0.1842105263157894,Ptychodera_prebalancing.csv.gz
Ptychodera,scaffold149577_cov91:-:2917:3229,4297,yes,train,scaffold149577_cov91,2996,-,295,0.9124087591240876,Ptychodera_prebalancing.csv.gz
Ptychodera,scaffold6811_cov133:-:238109:238607,17297,yes,train,scaffold6811_cov133,238207,-,360,0.8686440677966102,Ptychodera_prebalancing.csv.gz
Ptychodera,scaffold114779_cov129:-:9728:10643,637,yes,train,scaffold114779_cov129,10003,-,407,0.7647058823529411,Ptychodera_prebalancing.csv.gz
Ptychodera,scaffold2499_cov133:+:24665:25063,9705,yes,train,scaffold2499_cov133,24712,+,62,0.18,Ptychodera_prebalancing.csv.gz
Ptychodera,scaffold32521_cov86:+:2399:2886,12339,yes,train,scaffold32521_cov86,2801,+,415,0.9960474308300395,Ptychodera_prebalancing.csv.gz
Ptychodera,scaffold14354_cov137:-:94703:95626,3763,no,train,scaffold14354_cov137,94703,-,395,0,Ptychodera_prebalancing.csv.gz
Ptychodera,scaffold12565_cov89:-:352301:352848,2928,yes,train,scaffold12565_cov89,352775,-,135,0.8894736842105263,Ptychodera_prebalancing.csv.gz
Ptychodera,scaffold1631_cov148:+:705302:705603,5343,no,train,scaffold1631_cov148,705402,+,119,0,Ptychodera_prebalancing.csv.gz
Ptychodera,scaffold1835_cov136:+:285845:286147,7345,yes,train,scaffold1835_cov136,286137,+,151,0.3360655737704918,Ptychodera_prebalancing.csv.gz
Ptychodera,scaffold1323_cov134:+:427103:427584,3189,yes,train,scaffold1323_cov134,427510,+,382,0.3886925795053003,Ptychodera_prebalancing.csv.gz
Ptychodera,scaffold25120_cov124:-:105463:105780,9717,no,train,scaffold25120_cov124,105654,-,142,0,Ptychodera_prebalancing.csv.gz
Ptychodera,scaffold1173_cov143:+:408154:408573,1895,yes,train,scaffold1173_cov143,408521,+,320,0.7651515151515151,Ptychodera_prebalancing.csv.gz
Ptychodera,scaffold16732_cov160:+:289154:289485,5906,no,train,scaffold16732_cov160,289435,+,251,0,Ptychodera_prebalancing.csv.gz
Ptychodera,scaffold9925_cov150:+:170081:170786,20069,yes,train,scaffold9925_cov150,170086,+,14,0.375,Ptychodera_prebalancing.csv.gz
Ptychodera,scaffold910_cov130:+:473330:473536,19234,no,train,scaffold910_cov130,473593,+,323,0,Ptychodera_prebalancing.csv.gz
Ptychodera,scaffold10119_cov162:+:267012:267948,23,no,train,scaffold10119_cov162,267092,+,82,0,Ptychodera_prebalancing.csv.gz
Ptychodera,scaffold12565_cov89:-:352301:352848,2903,yes,train,scaffold12565_cov89,352662,-,248,0.8379310344827586,Ptychodera_prebalancing.csv.gz
Ptychodera,scaffold1171258_cov122:+:213330:213576,1402,no,train,scaffold1171258_cov122,213363,+,50,0,Ptychodera_prebalancing.csv.gz
Ptychodera,scaffold81961_cov101:+:2614:2737,18752,no,train,scaffold81961_cov101,2716,+,164,0,Ptychodera_prebalancing.csv.gz
Ptychodera,scaffold28973_cov114:-:191957:192418,11282,no,train,scaffold28973_cov114,192293,-,3,0,Ptychodera_prebalancing.csv.gz
Ptychodera,scaffold25866_cov149:-:341036:341425,10124,yes,train,scaffold25866_cov149,341039,-,219,0.8088235294117647,Ptychodera_prebalancing.csv.gz
Ptychodera,scaffold947_cov114:-:3216:3537,19440,yes,train,scaffold947_cov114,3264,-,200,0.5914634146341463,Ptychodera_prebalancing.csv.gz
Ptychodera,scaffold9555_cov137:-:57548:57703,19566,no,train,scaffold9555_cov137,57727,-,102,0,Ptychodera_prebalancing.csv.gz
Ptychodera,scaffold1631_cov148:+:705302:705603,5383,no,train,scaffold1631_cov148,705535,+,242,0,Ptychodera_prebalancing.csv.gz
Ptychodera,scaffold8953_cov140:+:56023:56332,19100,yes,train,scaffold8953_cov140,56289,+,273,0.9829545454545454,Ptychodera_prebalancing.csv.gz
Ptychodera,scaffold16732_cov160:+:289154:289485,5867,yes,train,scaffold16732_cov160,289215,+,97,0.2909090909090909,Ptychodera_prebalancing.csv.gz
Ptychodera,scaffold178834_cov87:+:2261:3116,6973,no,train,scaffold178834_cov87,2276,+,25,0,Ptychodera_prebalancing.csv.gz
Ptychodera,scaffold16631_cov137:+:14242:14561,5780,yes,train,scaffold16631_cov137,14375,+,91,0.3537735849056603,Ptychodera_prebalancing.csv.gz
Ptychodera,scaffold69346_cov100:-:116631:116958,17542,yes,train,scaffold69346_cov100,116921,-,16,0.3511450381679389,Ptychodera_prebalancing.csv.gz
Ptychodera,scaffold6840_cov145:+:37299:38653,17448,yes,train,scaffold6840_cov145,38084,+,118,0.6062992125984252,Ptychodera_prebalancing.csv.gz
Ptychodera,scaffold1171266_cov138:+:73162:74049,1536,no,train,scaffold1171266_cov138,74032,+,466,0,Ptychodera_prebalancing.csv.gz
Ptychodera,scaffold39128_cov134:+:98912:99592,13951,yes,train,scaffold39128_cov134,98945,+,37,0.2666666666666666,Ptychodera_prebalancing.csv.gz
Ptychodera,scaffold3861_cov165:-:35132:35576,13770,yes,train,scaffold3861_cov165,35273,-,426,0.7857142857142857,Ptychodera_prebalancing.csv.gz
Ptychodera,scaffold22042_cov145:-:11224:12451,8684,no,train,scaffold22042_cov145,12106,-,118,0,Ptychodera_prebalancing.csv.gz
Ptychodera,scaffold20096_cov109:+:121341:121634,7856,no,train,scaffold20096_cov109,121610,+,167,0,Ptychodera_prebalancing.csv.gz
Ptychodera,scaffold1171789_cov119:-:19586:20038,1700,yes,train,scaffold1171789_cov119,19906,-,162,0.87,Ptychodera_prebalancing.csv.gz
Ptychodera,scaffold1156384_cov162:-:285204:285691,1076,yes,train,scaffold1156384_cov162,285205,-,218,0.8525033829499323,Ptychodera_prebalancing.csv.gz
Ptychodera,scaffold10165_cov134:-:283423:285289,39,no,train,scaffold10165_cov134,283848,-,224,0,Ptychodera_prebalancing.csv.gz
Ptychodera,scaffold24497_cov89:-:27735:28057,9459,yes,train,scaffold24497_cov89,27869,-,200,0.3203125,Ptychodera_prebalancing.csv.gz
Ptychodera,scaffold96526_cov86:+:25896:26454,19830,no,train,scaffold96526_cov86,26447,+,357,0,Ptychodera_prebalancing.csv.gz
Ptychodera,scaffold9645_cov134:-:516300:516668,19804,no,train,scaffold9645_cov134,516669,-,33,0,Ptychodera_prebalancing.csv.gz
Ptychodera,scaffold38562_cov122:-:141886:143137,13695,no,train,scaffold38562_cov122,143044,-,127,0,Ptychodera_prebalancing.csv.gz
Ptychodera,scaffold16732_cov160:+:289154:289485,5859,no,train,scaffold16732_cov160,289188,+,70,0,Ptychodera_prebalancing.csv.gz
Ptychodera,scaffold39380_cov153:-:70839:70938,14170,yes,train,scaffold39380_cov153,70916,-,74,0.1578947368421052,Ptychodera_prebalancing.csv.gz
Ptychodera,scaffold6649_cov117:-:267599:267994,16919,yes,train,scaffold6649_cov117,267933,-,74,0.6692307692307692,Ptychodera_prebalancing.csv.gz
Ptychodera,scaffold5571_cov159:-:181815:182119,16013,no,train,scaffold5571_cov159,181892,-,119,0,Ptychodera_prebalancing.csv.gz
Ptychodera,scaffold17107_cov97:-:167714:170261,6183,yes,train,scaffold17107_cov97,167909,-,318,0.6407185628742516,Ptychodera_prebalancing.csv.gz
Ptychodera,scaffold45193_cov139:+:238005:238224,15040,no,train,scaffold45193_cov139,238233,+,298,0,Ptychodera_prebalancing.csv.gz
Ptychodera,scaffold3142_cov95:-:74094:75309,11985,no,train,scaffold3142_cov95,74215,-,152,0,Ptychodera_prebalancing.csv.gz
Ptychodera,scaffold3422_cov129:-:385086:386396,12682,yes,train,scaffold3422_cov129,385507,-,52,0.2242990654205607,Ptychodera_prebalancing.csv.gz
Ptychodera,scaffold79475_cov142:-:27270:27396,18327,yes,train,scaffold79475_cov142,27320,-,36,0.2435897435897435,Ptychodera_prebalancing.csv.gz
Ptychodera,scaffold10165_cov134:-:283423:285289,98,no,train,scaffold10165_cov134,285283,-,26,0,Ptychodera_prebalancing.csv.gz
Ptychodera,scaffold16732_cov160:+:289154:289485,5865,yes,train,scaffold16732_cov160,289210,+,92,0.5092592592592593,Ptychodera_prebalancing.csv.gz
Ptychodera,scaffold1173_cov143:+:408154:408573,1871,no,train,scaffold1173_cov143,408411,+,210,0,Ptychodera_prebalancing.csv.gz
Ptychodera,scaffold17689_cov156:+:96322:96960,6953,yes,train,scaffold17689_cov156,96738,+,347,0.9438775510204082,Ptychodera_prebalancing.csv.gz
Ptychodera,scaffold6968_cov114:+:418242:418583,17556,no,train,scaffold6968_cov114,418448,+,147,0,Ptychodera_prebalancing.csv.gz
Ptychodera,scaffold3782_cov139:+:169976:170896,13428,no,train,scaffold3782_cov139,170843,+,153,0,Ptychodera_prebalancing.csv.gz
Ptychodera,scaffold1156384_cov162:-:285204:285691,1098,yes,train,scaffold1156384_cov162,285258,-,165,0.2790893760539629,Ptychodera_prebalancing.csv.gz
Ptychodera,scaffold3861_cov165:-:35132:35576,13835,no,train,scaffold3861_cov165,35615,-,189,0,Ptychodera_prebalancing.csv.gz
Ptychodera,scaffold6644_cov166:+:24349:25176,16892,yes,train,scaffold6644_cov166,24819,+,258,0.8725490196078431,Ptychodera_prebalancing.csv.gz
Ptychodera,scaffold14354_cov137:-:94703:95626,3885,no,train,scaffold14354_cov137,95747,-,2,0,Ptychodera_prebalancing.csv.gz
Ptychodera,scaffold2991_cov164:-:858007:858838,11658,yes,train,scaffold2991_cov164,858527,-,314,0.1675675675675675,Ptychodera_prebalancing.csv.gz
Ptychodera,scaffold4923_cov126:-:400667:401530,15588,no,train,scaffold4923_cov126,400801,-,622,0,Ptychodera_prebalancing.csv.gz
Ptychodera,scaffold45193_cov139:+:238005:238224,15032,no,train,scaffold45193_cov139,238215,+,280,0,Ptychodera_prebalancing.csv.gz
Ptychodera,scaffold1539_cov135:-:495376:495773,4689,yes,train,scaffold1539_cov135,495758,-,35,0.6764705882352942,Ptychodera_prebalancing.csv.gz
Ptychodera,scaffold208_cov126:+:155246:156052,8127,yes,train,scaffold208_cov126,155943,+,169,0.1827515400410677,Ptychodera_prebalancing.csv.gz
Ptychodera,scaffold1676_cov84:-:198331:198854,5984,yes,train,scaffold1676_cov84,198757,-,146,0.2398190045248869,Ptychodera_prebalancing.csv.gz
Ptychodera,scaffold6811_cov133:-:238109:238607,17371,yes,train,scaffold6811_cov133,238555,-,76,0.6906077348066298,Ptychodera_prebalancing.csv.gz
Ptychodera,scaffold6811_cov133:-:238109:238607,17290,yes,train,scaffold6811_cov133,238184,-,383,0.2,Ptychodera_prebalancing.csv.gz
Ptychodera,scaffold1835_cov136:+:285845:286147,7351,no,train,scaffold1835_cov136,286153,+,167,0,Ptychodera_prebalancing.csv.gz
Ptychodera,scaffold13801_cov94:-:33000:33728,3618,no,train,scaffold13801_cov94,33773,-,17,0,Ptychodera_prebalancing.csv.gz
Ptychodera,scaffold42799_cov92:-:31872:32078,14579,yes,train,scaffold42799_cov92,31881,-,218,0.3442622950819672,Ptychodera_prebalancing.csv.gz
Ptychodera,scaffold4067_cov148:+:83646:83942,14325,no,train,scaffold4067_cov148,83500,+,69,0,Ptychodera_prebalancing.csv.gz
Ptychodera,scaffold2383_cov141:-:631985:632295,9113,no,train,scaffold2383_cov141,632017,-,297,0,Ptychodera_prebalancing.csv.gz
Ptychodera,scaffold26652_cov126:-:22721:23423,10331,no,train,scaffold26652_cov126,23102,-,332,0,Ptychodera_prebalancing.csv.gz
Ptychodera,scaffold3861_cov165:-:35132:35576,13767,yes,train,scaffold3861_cov165,35262,-,437,0.934156378600823,Ptychodera_prebalancing.csv.gz
Ptychodera,scaffold2991_cov164:-:858007:858838,11561,no,train,scaffold2991_cov164,858059,-,676,0,Ptychodera_prebalancing.csv.gz
Ptychodera,scaffold8095_cov123:-:171963:172984,18547,yes,train,scaffold8095_cov123,172916,-,53,0.1872909698996655,Ptychodera_prebalancing.csv.gz
Ptychodera,scaffold7613_cov119:+:136766:136903,17960,no,train,scaffold7613_cov119,136776,+,85,0,Ptychodera_prebalancing.csv.gz
Ptychodera,scaffold124823_cov151:-:162483:162816,2853,yes,train,scaffold124823_cov151,162816,-,15,0.2246220302375809,Ptychodera_prebalancing.csv.gz
Ptychodera,scaffold17162_cov153:+:189363:189663,6486,no,train,scaffold17162_cov153,189669,+,323,0,Ptychodera_prebalancing.csv.gz
Ptychodera,scaffold178834_cov87:+:2261:3116,7008,yes,train,scaffold178834_cov87,3078,+,181,0.1696750902527075,Ptychodera_prebalancing.csv.gz
Ptychodera,scaffold16052_cov95:+:62339:62985,5143,yes,train,scaffold16052_cov95,62346,+,12,0.8938053097345132,Ptychodera_prebalancing.csv.gz
Ptychodera,scaffold28848_cov151:-:119895:120090,11097,yes,train,scaffold28848_cov151,119896,-,214,0.1770334928229665,Ptychodera_prebalancing.csv.gz
Ptychodera,scaffold3635_cov139:-:67923:68627,13138,no,train,scaffold3635_cov139,68419,-,315,0,Ptychodera_prebalancing.csv.gz
Ptychodera,scaffold1173_cov143:+:408154:408573,1841,yes,train,scaffold1173_cov143,408275,+,120,0.2115384615384615,Ptychodera_prebalancing.csv.gz
Ptychodera,scaffold50865_cov127:-:17389:18451,15742,yes,train,scaffold50865_cov127,18423,-,40,0.371900826446281,Ptychodera_prebalancing.csv.gz
Ptychodera,scaffold1676_cov84:-:198331:198854,5999,yes,train,scaffold1676_cov84,198793,-,110,0.9375,Ptychodera_prebalancing.csv.gz
Ptychodera,scaffold16732_cov160:+:289154:289485,5909,no,train,scaffold16732_cov160,289438,+,254,0,Ptychodera_prebalancing.csv.gz
Ptychodera,scaffold28443_cov126:-:292364:292550,11002,no,train,scaffold28443_cov126,292432,-,137,0,Ptychodera_prebalancing.csv.gz
Ptychodera,scaffold8953_cov140:+:56023:56332,19108,yes,train,scaffold8953_cov140,56310,+,294,0.7027027027027027,Ptychodera_prebalancing.csv.gz
Ptychodera,scaffold1171763_cov97:-:24808:25449,1641,yes,train,scaffold1171763_cov97,24928,-,239,0.514018691588785,Ptychodera_prebalancing.csv.gz
Ptychodera,scaffold6840_cov145:+:37299:38653,17441,yes,train,scaffold6840_cov145,38066,+,100,0.32,Ptychodera_prebalancing.csv.gz
Ptychodera,scaffold1636_cov125:-:375792:376043,5620,no,train,scaffold1636_cov125,375977,-,134,0,Ptychodera_prebalancing.csv.gz
Ptychodera,scaffold12335_cov130:+:147263:147554,2366,no,train,scaffold12335_cov130,147541,+,246,0,Ptychodera_prebalancing.csv.gz
Ptychodera,scaffold24497_cov89:-:27735:28057,9437,yes,train,scaffold24497_cov89,27765,-,304,0.7017543859649122,Ptychodera_prebalancing.csv.gz
Ptychodera,scaffold4043_cov170:-:308373:308638,14294,yes,train,scaffold4043_cov170,308605,-,54,0.2352941176470588,Ptychodera_prebalancing.csv.gz
Ptychodera,scaffold39128_cov134:+:93643:94114,13916,no,train,scaffold39128_cov134,93770,+,142,0,Ptychodera_prebalancing.csv.gz
Ptychodera,scaffold26652_cov126:-:22721:23423,10420,no,train,scaffold26652_cov126,23340,-,94,0,Ptychodera_prebalancing.csv.gz
Ptychodera,scaffold6445_cov98:+:453373:453685,16625,no,train,scaffold6445_cov98,453674,+,160,0,Ptychodera_prebalancing.csv.gz
Ptychodera,scaffold45193_cov139:+:238005:238224,15026,no,train,scaffold45193_cov139,238187,+,252,0,Ptychodera_prebalancing.csv.gz
Ptychodera,scaffold9645_cov134:-:516300:516668,19795,yes,train,scaffold9645_cov134,516644,-,58,0.1843971631205673,Ptychodera_prebalancing.csv.gz
Ptychodera,scaffold7266_cov140:+:132494:133145,17800,no,train,scaffold7266_cov140,133033,+,360,0,Ptychodera_prebalancing.csv.gz
Ptychodera,scaffold39380_cov153:-:70839:70938,14166,no,train,scaffold39380_cov153,70906,-,84,0,Ptychodera_prebalancing.csv.gz
Ptychodera,scaffold11559_cov105:+:53281:53740,993,no,train,scaffold11559_cov105,53805,+,463,0,Ptychodera_prebalancing.csv.gz
Ptychodera,scaffold26652_cov126:-:22721:23423,10337,no,train,scaffold26652_cov126,23111,-,323,0,Ptychodera_prebalancing.csv.gz
Ptychodera,scaffold8026_cov121:-:76174:76416,18412,yes,train,scaffold8026_cov121,76360,-,56,0.1932773109243697,Ptychodera_prebalancing.csv.gz
Ptychodera,scaffold968_cov135:+:323367:323828,19967,yes,train,scaffold968_cov135,323659,+,276,0.1875,Ptychodera_prebalancing.csv.gz
Ptychodera,scaffold6440_cov168:+:352921:355362,16567,no,train,scaffold6440_cov168,354096,+,55,0,Ptychodera_prebalancing.csv.gz
Ptychodera,scaffold6811_cov133:-:238109:238607,17288,yes,train,scaffold6811_cov133,238174,-,393,0.361344537815126,Ptychodera_prebalancing.csv.gz
Ptychodera,scaffold2991_cov164:-:858007:858838,11538,no,train,scaffold2991_cov164,857985,-,750,0,Ptychodera_prebalancing.csv.gz
Ptychodera,scaffold7626_cov144:-:459173:459972,18037,no,train,scaffold7626_cov144,459206,-,150,0,Ptychodera_prebalancing.csv.gz
Ptychodera,scaffold12565_cov89:-:352301:352848,2907,yes,train,scaffold12565_cov89,352676,-,234,0.6114649681528662,Ptychodera_prebalancing.csv.gz
Ptychodera,scaffold44597_cov125:-:60049:60643,14959,yes,train,scaffold44597_cov125,60495,-,100,0.9673202614379084,Ptychodera_prebalancing.csv.gz
Ptychodera,scaffold22268_cov115:-:24754:25527,8861,no,train,scaffold22268_cov115,24817,-,93,0,Ptychodera_prebalancing.csv.gz
Ptychodera,scaffold8953_cov140:+:56023:56332,19116,yes,train,scaffold8953_cov140,56324,+,308,0.3388888888888889,Ptychodera_prebalancing.csv.gz
Ptychodera,scaffold67423_cov132:-:90821:91300,17105,no,train,scaffold67423_cov132,91004,-,259,0,Ptychodera_prebalancing.csv.gz
Ptychodera,scaffold14354_cov137:-:94703:95626,3875,no,train,scaffold14354_cov137,95716,-,33,0,Ptychodera_prebalancing.csv.gz
Ptychodera,scaffold27652_cov140:+:374592:375191,10778,yes,train,scaffold27652_cov140,374667,+,21,0.7612903225806451,Ptychodera_prebalancing.csv.gz
Ptychodera,scaffold17107_cov97:-:167714:170261,6180,yes,train,scaffold17107_cov97,167897,-,330,0.9090909090909092,Ptychodera_prebalancing.csv.gz
Ptychodera,scaffold10189_cov149:+:223808:225100,120,yes,train,scaffold10189_cov149,224848,+,158,0.3410852713178294,Ptychodera_prebalancing.csv.gz
Ptychodera,scaffold14354_cov137:-:94703:95626,3793,no,train,scaffold14354_cov137,94806,-,292,0,Ptychodera_prebalancing.csv.gz
Ptychodera,scaffold2313_cov111:-:91160:91479,8997,yes,train,scaffold2313_cov111,91470,-,17,0.5370370370370371,Ptychodera_prebalancing.csv.gz
Ptychodera,scaffold12141_cov164:-:9717:10517,2140,yes,train,scaffold12141_cov164,9821,-,170,0.6865671641791045,Ptychodera_prebalancing.csv.gz
Ptychodera,scaffold12141_cov164:-:9717:10517,2145,no,train,scaffold12141_cov164,9851,-,135,0,Ptychodera_prebalancing.csv.gz
Ptychodera,scaffold24497_cov89:-:27735:28057,9438,yes,train,scaffold24497_cov89,27766,-,303,0.9051724137931034,Ptychodera_prebalancing.csv.gz
Ptychodera,scaffold2794_cov133:+:82026:82461,10821,yes,train,scaffold2794_cov133,82059,+,50,0.9590163934426228,Ptychodera_prebalancing.csv.gz
Ptychodera,scaffold765_cov148:+:233581:233840,18118,no,train,scaffold765_cov148,233779,+,125,0,Ptychodera_prebalancing.csv.gz
Ptychodera,scaffold38562_cov122:-:141886:143137,13720,no,train,scaffold38562_cov122,143166,-,5,0,Ptychodera_prebalancing.csv.gz
Ptychodera,scaffold1631_cov148:+:705302:705603,5331,no,train,scaffold1631_cov148,705370,+,87,0,Ptychodera_prebalancing.csv.gz
Ptychodera,scaffold3861_cov165:-:35132:35576,13745,yes,train,scaffold3861_cov165,35197,-,502,0.4778325123152709,Ptychodera_prebalancing.csv.gz
Ptychodera,scaffold17107_cov97:-:167714:170261,6163,yes,train,scaffold17107_cov97,167845,-,382,0.5636363636363636,Ptychodera_prebalancing.csv.gz
Ptychodera,scaffold38562_cov122:-:141886:143137,13715,no,train,scaffold38562_cov122,143145,-,26,0,Ptychodera_prebalancing.csv.gz
Ptychodera,scaffold3698_cov112:+:68018:68572,13313,yes,train,scaffold3698_cov112,68467,+,465,0.8767123287671232,Ptychodera_prebalancing.csv.gz
Ptychodera,scaffold968_cov135:+:323367:323828,19982,yes,train,scaffold968_cov135,323719,+,336,0.7217391304347827,Ptychodera_prebalancing.csv.gz
Ptychodera,scaffold20096_cov109:+:121341:121634,7840,no,train,scaffold20096_cov109,121428,+,102,0,Ptychodera_prebalancing.csv.gz
Ptychodera,scaffold3422_cov129:-:385086:386396,12691,no,train,scaffold3422_cov129,385533,-,26,0,Ptychodera_prebalancing.csv.gz
Ptychodera,scaffold7266_cov140:+:132494:133145,17751,no,train,scaffold7266_cov140,132867,+,194,0,Ptychodera_prebalancing.csv.gz
Ptychodera,scaffold6811_cov133:-:238109:238607,17277,yes,train,scaffold6811_cov133,238131,-,436,0.94,Ptychodera_prebalancing.csv.gz
Ptychodera,scaffold1631_cov148:+:705302:705603,5307,no,train,scaffold1631_cov148,705290,+,7,0,Ptychodera_prebalancing.csv.gz
Ptychodera,scaffold17107_cov97:-:167714:170261,6148,yes,train,scaffold17107_cov97,167792,-,435,0.4523809523809524,Ptychodera_prebalancing.csv.gz
Ptychodera,scaffold17689_cov156:+:96322:96960,6921,yes,train,scaffold17689_cov156,96563,+,177,0.325,Ptychodera_prebalancing.csv.gz
Ptychodera,scaffold9555_cov137:-:57548:57703,19496,no,train,scaffold9555_cov137,57508,-,327,0,Ptychodera_prebalancing.csv.gz
Ptychodera,scaffold178834_cov87:+:2261:3116,7007,yes,train,scaffold178834_cov87,3077,+,180,0.3795620437956204,Ptychodera_prebalancing.csv.gz
Ptychodera,scaffold1603_cov140:-:2704:3035,5124,no,train,scaffold1603_cov140,2972,-,77,0,Ptychodera_prebalancing.csv.gz
Ptychodera,scaffold698_cov122:-:207303:208348,17579,yes,train,scaffold698_cov122,207314,-,187,0.2556818181818182,Ptychodera_prebalancing.csv.gz
Ptychodera,scaffold9555_cov137:-:57548:57703,19508,no,train,scaffold9555_cov137,57538,-,297,0,Ptychodera_prebalancing.csv.gz
Ptychodera,scaffold462_cov140:+:786123:786403,15180,no,train,scaffold462_cov140,786438,+,178,0,Ptychodera_prebalancing.csv.gz
Ptychodera,scaffold17689_cov156:+:96322:96960,6894,yes,train,scaffold17689_cov156,96484,+,98,0.4862385321100917,Ptychodera_prebalancing.csv.gz
Ptychodera,scaffold3782_cov139:+:169976:170896,13398,yes,train,scaffold3782_cov139,170688,+,41,0.4100418410041841,Ptychodera_prebalancing.csv.gz
Ptychodera,scaffold38562_cov122:-:141886:143137,13697,no,train,scaffold38562_cov122,143063,-,108,0,Ptychodera_prebalancing.csv.gz
Ptychodera,scaffold1835_cov136:+:285845:286147,7331,yes,train,scaffold1835_cov136,285863,+,84,0.5114503816793893,Ptychodera_prebalancing.csv.gz
Ptychodera,scaffold10983_cov102:-:132602:132940,487,no,train,scaffold10983_cov102,132763,-,103,0,Ptychodera_prebalancing.csv.gz
Ptychodera,scaffold478_cov113:-:167312:167702,15278,yes,train,scaffold478_cov113,167343,-,284,0.3076923076923077,Ptychodera_prebalancing.csv.gz
Ptychodera,scaffold8953_cov140:+:56023:56332,19114,yes,train,scaffold8953_cov140,56319,+,303,0.8579234972677595,Ptychodera_prebalancing.csv.gz
Ptychodera,scaffold7723_cov121:+:445396:445849,18238,no,train,scaffold7723_cov121,445821,+,314,0,Ptychodera_prebalancing.csv.gz
Ptychodera,scaffold22268_cov115:-:24754:25527,8863,yes,train,scaffold22268_cov115,24826,-,84,0.3238095238095238,Ptychodera_prebalancing.csv.gz
Ptychodera,scaffold2383_cov141:-:631985:632295,9124,no,train,scaffold2383_cov141,632074,-,240,0,Ptychodera_prebalancing.csv.gz
Ptychodera,scaffold1631_cov148:+:705302:705603,5372,yes,train,scaffold1631_cov148,705507,+,214,0.9236641221374046,Ptychodera_prebalancing.csv.gz
Ptychodera,scaffold8953_cov140:+:56023:56332,19062,yes,train,scaffold8953_cov140,56069,+,47,0.1811023622047244,Ptychodera_prebalancing.csv.gz
Ptychodera,scaffold22042_cov145:-:44137:44562,8753,no,train,scaffold22042_cov145,44585,-,16,0,Ptychodera_prebalancing.csv.gz
Ptychodera,scaffold6755_cov113:-:31779:31986,17197,yes,train,scaffold6755_cov113,31942,-,90,0.378698224852071,Ptychodera_prebalancing.csv.gz
Ptychodera,scaffold6755_cov113:-:31779:31986,17200,yes,train,scaffold6755_cov113,31946,-,86,0.1719745222929936,Ptychodera_prebalancing.csv.gz
Ptychodera,scaffold25869_cov120:+:161390:162036,10220,no,train,scaffold25869_cov120,161722,+,199,0,Ptychodera_prebalancing.csv.gz
Ptychodera,scaffold300_cov133:+:193732:194072,11849,yes,train,scaffold300_cov133,193803,+,88,0.4806201550387597,Ptychodera_prebalancing.csv.gz
Ptychodera,scaffold5571_cov159:-:181815:182119,15993,no,train,scaffold5571_cov159,181836,-,175,0,Ptychodera_prebalancing.csv.gz
Ptychodera,scaffold26652_cov126:+:156424:156704,10464,yes,train,scaffold26652_cov126,156484,+,57,0.4556213017751479,Ptychodera_prebalancing.csv.gz
Ptychodera,scaffold28848_cov151:-:119895:120090,11110,no,train,scaffold28848_cov151,119936,-,174,0,Ptychodera_prebalancing.csv.gz
Ptychodera,scaffold2499_cov133:+:24665:25063,9700,yes,train,scaffold2499_cov133,24693,+,43,0.57,Ptychodera_prebalancing.csv.gz
Ptychodera,scaffold208_cov126:+:146398:147328,8011,no,train,scaffold208_cov126,146392,+,3,0,Ptychodera_prebalancing.csv.gz
Ptychodera,scaffold1603_cov140:-:2704:3035,5116,no,train,scaffold1603_cov140,2946,-,103,0,Ptychodera_prebalancing.csv.gz
Ptychodera,scaffold17162_cov153:+:189363:189663,6475,no,train,scaffold17162_cov153,189650,+,304,0,Ptychodera_prebalancing.csv.gz
Ptychodera,scaffold32521_cov86:+:2399:2886,12296,no,train,scaffold32521_cov86,2675,+,289,0,Ptychodera_prebalancing.csv.gz
Ptychodera,scaffold3698_cov112:+:68018:68572,13331,yes,train,scaffold3698_cov112,68544,+,542,0.435361216730038,Ptychodera_prebalancing.csv.gz
Ptychodera,scaffold67423_cov132:-:90821:91300,17095,yes,train,scaffold67423_cov132,90977,-,286,0.4764705882352941,Ptychodera_prebalancing.csv.gz
Ptychodera,scaffold3483_cov154:+:648773:649150,12885,yes,train,scaffold3483_cov154,649123,+,165,0.7168141592920354,Ptychodera_prebalancing.csv.gz
Ptychodera,scaffold3081_cov168:-:128788:128942,11885,no,train,scaffold3081_cov168,128742,-,283,0,Ptychodera_prebalancing.csv.gz
Ptychodera,scaffold1171266_cov138:-:157533:158115,1568,no,train,scaffold1171266_cov138,157977,-,83,0,Ptychodera_prebalancing.csv.gz
Ptychodera,scaffold940946_cov135:-:59871:60197,19420,no,train,scaffold940946_cov135,60136,-,69,0,Ptychodera_prebalancing.csv.gz
Ptychodera,scaffold32521_cov86:+:2399:2886,12221,yes,train,scaffold32521_cov86,2400,+,7,0.1679389312977099,Ptychodera_prebalancing.csv.gz
Ptychodera,scaffold1560_cov86:-:11001:11335,4854,no,train,scaffold1560_cov86,11023,-,216,0,Ptychodera_prebalancing.csv.gz
Ptychodera,scaffold17689_cov156:+:96322:96960,6965,yes,train,scaffold17689_cov156,96796,+,405,0.6929824561403509,Ptychodera_prebalancing.csv.gz
Ptychodera,scaffold7415_cov134:-:16418:17031,17838,yes,train,scaffold7415_cov134,16876,-,104,0.2735042735042735,Ptychodera_prebalancing.csv.gz
Ptychodera,scaffold69346_cov100:-:116631:116958,17519,no,train,scaffold69346_cov100,116844,-,93,0,Ptychodera_prebalancing.csv.gz
Ptychodera,scaffold385573_cov79:+:6977:7422,13562,yes,train,scaffold385573_cov79,7079,+,151,0.3846153846153846,Ptychodera_prebalancing.csv.gz
Ptychodera,scaffold2991_cov164:-:247815:248280,11529,no,train,scaffold2991_cov164,248267,-,20,0,Ptychodera_prebalancing.csv.gz
Ptychodera,scaffold11537_cov112:+:299365:299845,742,yes,train,scaffold11537_cov112,299755,+,166,0.6351351351351351,Ptychodera_prebalancing.csv.gz
Ptychodera,scaffold8026_cov121:-:76174:76416,18418,yes,train,scaffold8026_cov121,76380,-,36,0.9716981132075472,Ptychodera_prebalancing.csv.gz
Ptychodera,scaffold2440_cov108:-:296991:297406,9365,no,train,scaffold2440_cov108,297014,-,224,0,Ptychodera_prebalancing.csv.gz
Ptychodera,scaffold13801_cov94:-:33000:33728,3584,no,train,scaffold13801_cov94,33679,-,111,0,Ptychodera_prebalancing.csv.gz
Ptychodera,scaffold17689_cov156:+:96322:96960,6897,yes,train,scaffold17689_cov156,96491,+,105,0.2456140350877192,Ptychodera_prebalancing.csv.gz
Ptychodera,scaffold39128_cov134:+:98912:99592,13975,yes,train,scaffold39128_cov134,99027,+,119,0.9652777777777778,Ptychodera_prebalancing.csv.gz
Ptychodera,scaffold67423_cov132:-:90821:91300,17054,yes,train,scaffold67423_cov132,90843,-,420,0.5522388059701493,Ptychodera_prebalancing.csv.gz
Ptychodera,scaffold124823_cov151:-:162483:162816,2817,no,train,scaffold124823_cov151,162661,-,170,0,Ptychodera_prebalancing.csv.gz
Ptychodera,scaffold7613_cov119:+:136766:136903,17961,no,train,scaffold7613_cov119,136788,+,97,0,Ptychodera_prebalancing.csv.gz
Ptychodera,scaffold1173_cov143:+:408154:408573,1891,yes,train,scaffold1173_cov143,408512,+,311,0.1829268292682926,Ptychodera_prebalancing.csv.gz
Ptychodera,scaffold10981_cov157:-:320342:321622,454,yes,train,scaffold10981_cov157,320922,-,20,0.2403846153846154,Ptychodera_prebalancing.csv.gz
Ptychodera,scaffold12081_cov153:+:159539:159742,2064,no,train,scaffold12081_cov153,159543,+,40,0,Ptychodera_prebalancing.csv.gz
Ptychodera,scaffold26652_cov126:-:22721:23423,10369,yes,train,scaffold26652_cov126,23209,-,225,0.3333333333333333,Ptychodera_prebalancing.csv.gz
Ptychodera,scaffold16631_cov137:+:14242:14561,5804,yes,train,scaffold16631_cov137,14448,+,170,0.7329545454545454,Ptychodera_prebalancing.csv.gz
Ptychodera,scaffold6811_cov133:-:238109:238607,17346,yes,train,scaffold6811_cov133,238482,-,149,0.2210796915167095,Ptychodera_prebalancing.csv.gz
Ptychodera,scaffold7654_cov117:-:188980:189287,18081,yes,train,scaffold7654_cov117,189049,-,261,0.9908256880733946,Ptychodera_prebalancing.csv.gz
Ptychodera,scaffold10734_cov95:+:35769:36582,337,yes,train,scaffold10734_cov95,36564,+,338,0.9057971014492754,Ptychodera_prebalancing.csv.gz
Ptychodera,scaffold1018_cov147:-:103995:104325,150,no,train,scaffold1018_cov147,103999,-,242,0,Ptychodera_prebalancing.csv.gz
Ptychodera,scaffold9925_cov150:+:170081:170786,20162,no,train,scaffold9925_cov150,170419,+,354,0,Ptychodera_prebalancing.csv.gz
Ptychodera,scaffold2991_cov164:-:247815:248280,11486,no,train,scaffold2991_cov164,247938,-,184,0,Ptychodera_prebalancing.csv.gz
Ptychodera,scaffold15286_cov116:+:379161:379775,4519,no,train,scaffold15286_cov116,379628,+,297,0,Ptychodera_prebalancing.csv.gz
Ptychodera,scaffold39128_cov134:+:98912:99592,14022,yes,train,scaffold39128_cov134,99155,+,247,0.1818181818181818,Ptychodera_prebalancing.csv.gz
Ptychodera,scaffold43365_cov111:+:111460:111953,14873,no,train,scaffold43365_cov111,111610,+,153,0,Ptychodera_prebalancing.csv.gz
Ptychodera,scaffold39128_cov134:+:93643:94114,13912,no,train,scaffold39128_cov134,93736,+,108,0,Ptychodera_prebalancing.csv.gz
Ptychodera,scaffold67423_cov132:-:90821:91300,17087,no,train,scaffold67423_cov132,90954,-,309,0,Ptychodera_prebalancing.csv.gz
Ptychodera,scaffold3552_cov134:-:514923:515191,13040,no,train,scaffold3552_cov134,514961,-,299,0,Ptychodera_prebalancing.csv.gz
Ptychodera,scaffold9645_cov134:-:516300:516668,19736,yes,train,scaffold9645_cov134,516322,-,237,0.2654320987654321,Ptychodera_prebalancing.csv.gz
Ptychodera,scaffold11453_cov132:+:21302:21601,590,no,train,scaffold11453_cov132,21302,+,10,0,Ptychodera_prebalancing.csv.gz
Ptychodera,scaffold17689_cov156:+:96322:96960,6930,yes,train,scaffold17689_cov156,96584,+,198,0.1875,Ptychodera_prebalancing.csv.gz
Ptychodera,scaffold2991_cov164:-:858007:858838,11574,no,train,scaffold2991_cov164,858112,-,623,0,Ptychodera_prebalancing.csv.gz
Ptychodera,scaffold485_cov122:-:34345:34618,15459,no,train,scaffold485_cov122,34520,-,119,0,Ptychodera_prebalancing.csv.gz
Ptychodera,scaffold44597_cov125:-:60049:60643,14964,yes,train,scaffold44597_cov125,60512,-,83,0.5555555555555556,Ptychodera_prebalancing.csv.gz
Ptychodera,scaffold60041_cov77:+:9334:9531,16339,no,train,scaffold60041_cov77,9487,+,171,0,Ptychodera_prebalancing.csv.gz
Ptychodera,scaffold556_cov97:+:144855:145103,15940,no,train,scaffold556_cov97,144917,+,76,0,Ptychodera_prebalancing.csv.gz
Ptychodera,scaffold10981_cov157:-:320342:321622,448,yes,train,scaffold10981_cov157,320897,-,45,0.970873786407767,Ptychodera_prebalancing.csv.gz
Ptychodera,scaffold60041_cov77:+:9334:9531,16308,yes,train,scaffold60041_cov77,9367,+,46,0.7238805970149254,Ptychodera_prebalancing.csv.gz
Ptychodera,scaffold1962_cov141:-:167038:167279,7540,yes,train,scaffold1962_cov141,167116,-,237,0.3539823008849557,Ptychodera_prebalancing.csv.gz
Ptychodera,scaffold4043_cov170:-:308373:308638,14271,yes,train,scaffold4043_cov170,308444,-,222,0.3982300884955752,Ptychodera_prebalancing.csv.gz
Ptychodera,scaffold1801_cov157:+:172979:173254,7128,no,train,scaffold1801_cov157,173260,+,348,0,Ptychodera_prebalancing.csv.gz
Ptychodera,scaffold1539_cov135:-:495376:495773,4690,yes,train,scaffold1539_cov135,495761,-,32,0.2971014492753623,Ptychodera_prebalancing.csv.gz
Ptychodera,scaffold17689_cov156:+:96322:96960,6926,yes,train,scaffold17689_cov156,96575,+,189,0.8848484848484849,Ptychodera_prebalancing.csv.gz
Ptychodera,scaffold1323_cov134:+:427103:427584,3225,no,train,scaffold1323_cov134,427635,+,507,0,Ptychodera_prebalancing.csv.gz
Ptychodera,scaffold940946_cov135:-:59871:60197,19407,yes,train,scaffold940946_cov135,60073,-,132,0.2912280701754386,Ptychodera_prebalancing.csv.gz
Ptychodera,scaffold2140_cov133:-:174815:176568,8438,no,train,scaffold2140_cov133,174925,-,230,0,Ptychodera_prebalancing.csv.gz
Ptychodera,scaffold39128_cov134:+:98912:99592,14050,no,train,scaffold39128_cov134,99259,+,356,0,Ptychodera_prebalancing.csv.gz
Ptychodera,scaffold2530_cov139:+:315112:315261,9919,no,train,scaffold2530_cov139,315167,+,91,0,Ptychodera_prebalancing.csv.gz
Ptychodera,scaffold2326_cov84:-:195815:195896,9091,no,train,scaffold2326_cov84,196004,-,2,0,Ptychodera_prebalancing.csv.gz
Ptychodera,scaffold6901_cov141:-:794007:794312,17464,yes,train,scaffold6901_cov141,794021,-,299,0.8085106382978723,Ptychodera_prebalancing.csv.gz
Ptychodera,scaffold1171266_cov138:+:73162:74049,1518,no,train,scaffold1171266_cov138,73952,+,386,0,Ptychodera_prebalancing.csv.gz
Ptychodera,scaffold26652_cov126:+:156424:156704,10495,yes,train,scaffold26652_cov126,156616,+,157,0.4677419354838709,Ptychodera_prebalancing.csv.gz
Ptychodera,scaffold1323_cov134:+:427103:427584,3208,yes,train,scaffold1323_cov134,427564,+,436,0.9090909090909092,Ptychodera_prebalancing.csv.gz
Ptychodera,scaffold9555_cov137:-:57548:57703,19533,no,train,scaffold9555_cov137,57615,-,220,0,Ptychodera_prebalancing.csv.gz
Ptychodera,scaffold3861_cov165:-:35132:35576,13746,yes,train,scaffold3861_cov165,35201,-,498,0.4056603773584906,Ptychodera_prebalancing.csv.gz
Ptychodera,scaffold1156276_cov87:-:99184:100330,1043,yes,train,scaffold1156276_cov87,99489,-,82,0.5347222222222222,Ptychodera_prebalancing.csv.gz
Ptychodera,scaffold7415_cov134:-:16418:17031,17840,yes,train,scaffold7415_cov134,16879,-,101,0.3983050847457627,Ptychodera_prebalancing.csv.gz
Ptychodera,scaffold1801_cov157:+:172979:173254,7098,yes,train,scaffold1801_cov157,173193,+,281,0.3278008298755187,Ptychodera_prebalancing.csv.gz
Ptychodera,scaffold3064_cov157:-:750409:751493,11867,yes,train,scaffold3064_cov157,751477,-,39,0.3421052631578947,Ptychodera_prebalancing.csv.gz
Ptychodera,scaffold1018_cov147:-:103995:104325,179,yes,train,scaffold1018_cov147,104053,-,188,0.1818181818181818,Ptychodera_prebalancing.csv.gz
Ptychodera,scaffold56_cov136:+:584474:585605,16096,yes,train,scaffold56_cov136,584539,+,51,0.3804713804713804,Ptychodera_prebalancing.csv.gz
Ptychodera,scaffold3861_cov165:-:35132:35576,13858,no,train,scaffold3861_cov165,35698,-,106,0,Ptychodera_prebalancing.csv.gz
Ptychodera,scaffold1801_cov157:+:172979:173254,7102,yes,train,scaffold1801_cov157,173202,+,290,0.1914893617021276,Ptychodera_prebalancing.csv.gz
Ptychodera,scaffold11337_cov136:+:85658:85971,575,yes,train,scaffold11337_cov136,85936,+,283,0.2574257425742574,Ptychodera_prebalancing.csv.gz
Ptychodera,scaffold2991_cov164:-:858007:858838,11656,yes,train,scaffold2991_cov164,858524,-,317,0.2204301075268817,Ptychodera_prebalancing.csv.gz
Ptychodera,scaffold39128_cov134:+:98912:99592,14090,no,train,scaffold39128_cov134,99402,+,499,0,Ptychodera_prebalancing.csv.gz
Ptychodera,scaffold2520_cov137:-:716980:717272,9752,no,train,scaffold2520_cov137,716955,-,321,0,Ptychodera_prebalancing.csv.gz
Ptychodera,scaffold9925_cov150:+:170081:170786,20165,no,train,scaffold9925_cov150,170427,+,362,0,Ptychodera_prebalancing.csv.gz
Ptychodera,scaffold1676_cov84:-:198331:198854,6013,no,train,scaffold1676_cov84,198840,-,63,0,Ptychodera_prebalancing.csv.gz
Ptychodera,scaffold3698_cov112:+:68018:68572,13276,yes,train,scaffold3698_cov112,68188,+,184,0.915057915057915,Ptychodera_prebalancing.csv.gz
Ptychodera,scaffold16052_cov95:+:62339:62985,5199,yes,train,scaffold16052_cov95,62797,+,419,0.5047619047619047,Ptychodera_prebalancing.csv.gz
Ptychodera,scaffold1173_cov143:+:408154:408573,1881,yes,train,scaffold1173_cov143,408457,+,256,1,Ptychodera_prebalancing.csv.gz
Ptychodera,scaffold485_cov122:-:34345:34618,15451,no,train,scaffold485_cov122,34492,-,147,0,Ptychodera_prebalancing.csv.gz
Ptychodera,scaffold2326_cov84:-:195815:195896,9041,no,train,scaffold2326_cov84,195866,-,140,0,Ptychodera_prebalancing.csv.gz
Ptychodera,scaffold3563_cov125:-:35702:36535,13120,yes,train,scaffold3563_cov125,36115,-,30,0.6416666666666667,Ptychodera_prebalancing.csv.gz
Ptychodera,scaffold25120_cov124:-:105463:105780,9727,yes,train,scaffold25120_cov124,105692,-,104,0.2456140350877192,Ptychodera_prebalancing.csv.gz
Ptychodera,scaffold13151_cov141:-:223221:223604,3136,no,train,scaffold13151_cov141,223273,-,126,0,Ptychodera_prebalancing.csv.gz
Ptychodera,scaffold67423_cov132:-:90821:91300,17057,yes,train,scaffold67423_cov132,90849,-,414,0.4210526315789473,Ptychodera_prebalancing.csv.gz
Ptychodera,scaffold617_cov97:-:108357:109123,16403,no,train,scaffold617_cov97,109076,-,197,0,Ptychodera_prebalancing.csv.gz
Ptychodera,scaffold30030_cov79:+:14578:14882,11818,yes,train,scaffold30030_cov79,14845,+,275,0.6324786324786325,Ptychodera_prebalancing.csv.gz
Ptychodera,scaffold27652_cov140:+:374592:375191,10799,no,train,scaffold27652_cov140,374739,+,93,0,Ptychodera_prebalancing.csv.gz
Ptychodera,scaffold17107_cov97:-:167714:170261,6224,no,train,scaffold17107_cov97,170185,-,185,0,Ptychodera_prebalancing.csv.gz
Ptychodera,scaffold2140_cov133:-:174815:176568,8470,no,train,scaffold2140_cov133,175026,-,123,0,Ptychodera_prebalancing.csv.gz
Ptychodera,scaffold20801_cov113:-:61731:62160,7980,no,train,scaffold20801_cov113,62112,-,86,0,Ptychodera_prebalancing.csv.gz
Ptychodera,scaffold556_cov97:+:144855:145103,15920,no,train,scaffold556_cov97,144855,+,14,0,Ptychodera_prebalancing.csv.gz
Ptychodera,scaffold22042_cov145:-:44137:44562,8736,yes,train,scaffold22042_cov145,44522,-,79,0.4642857142857143,Ptychodera_prebalancing.csv.gz
Ptychodera,scaffold3422_cov129:-:385086:386396,12692,yes,train,scaffold3422_cov129,385539,-,20,0.1692307692307692,Ptychodera_prebalancing.csv.gz
Ptychodera,scaffold6811_cov133:-:238109:238607,17283,yes,train,scaffold6811_cov133,238158,-,409,0.4166666666666667,Ptychodera_prebalancing.csv.gz
Ptychodera,scaffold50865_cov127:-:17389:18451,15724,no,train,scaffold50865_cov127,18341,-,122,0,Ptychodera_prebalancing.csv.gz
Ptychodera,scaffold910_cov130:-:569109:569556,19245,yes,train,scaffold910_cov130,569529,-,34,0.9904761904761904,Ptychodera_prebalancing.csv.gz
Ptychodera,scaffold4923_cov126:-:400667:401530,15562,no,train,scaffold4923_cov126,400647,-,776,0,Ptychodera_prebalancing.csv.gz
Ptychodera,scaffold7266_cov140:+:132494:133145,17755,no,train,scaffold7266_cov140,132882,+,209,0,Ptychodera_prebalancing.csv.gz
Ptychodera,scaffold968_cov135:+:323367:323828,19931,no,train,scaffold968_cov135,323444,+,95,0,Ptychodera_prebalancing.csv.gz
Ptychodera,scaffold12381_cov139:+:19073:19682,2472,no,train,scaffold12381_cov139,19114,+,49,0,Ptychodera_prebalancing.csv.gz
Ptychodera,scaffold3698_cov112:+:68018:68572,13312,yes,train,scaffold3698_cov112,68466,+,464,0.8425531914893617,Ptychodera_prebalancing.csv.gz
Ptychodera,scaffold25417_cov168:-:385301:385984,9969,no,train,scaffold25417_cov168,385333,-,161,0,Ptychodera_prebalancing.csv.gz
Ptychodera,scaffold348914_cov132:-:18141:18583,12907,yes,train,scaffold348914_cov132,18251,-,227,0.8713450292397661,Ptychodera_prebalancing.csv.gz
Ptychodera,scaffold10734_cov95:+:35769:36582,296,no,train,scaffold10734_cov95,36437,+,211,0,Ptychodera_prebalancing.csv.gz
Ptychodera,scaffold17107_cov97:-:167714:170261,6221,no,train,scaffold17107_cov97,170177,-,193,0,Ptychodera_prebalancing.csv.gz
Ptychodera,scaffold1962_cov141:-:167038:167279,7593,no,train,scaffold1962_cov141,167347,-,4,0,Ptychodera_prebalancing.csv.gz
Ptychodera,scaffold17689_cov156:+:96322:96960,6904,yes,train,scaffold17689_cov156,96506,+,120,0.6358695652173914,Ptychodera_prebalancing.csv.gz
Ptychodera,scaffold10981_cov157:-:320342:321622,431,yes,train,scaffold10981_cov157,320776,-,166,0.2467532467532467,Ptychodera_prebalancing.csv.gz
Ptychodera,scaffold6901_cov141:-:794007:794312,17473,yes,train,scaffold6901_cov141,794043,-,277,0.3803680981595092,Ptychodera_prebalancing.csv.gz
Ptychodera,scaffold32521_cov86:+:2399:2886,12304,no,train,scaffold32521_cov86,2693,+,307,0,Ptychodera_prebalancing.csv.gz
Ptychodera,scaffold11537_cov112:+:299365:299845,725,no,train,scaffold11537_cov112,299546,+,92,0,Ptychodera_prebalancing.csv.gz
Ptychodera,scaffold6440_cov168:+:352921:355362,16602,yes,train,scaffold6440_cov168,354840,+,306,0.1818181818181818,Ptychodera_prebalancing.csv.gz
Ptychodera,scaffold25869_cov120:+:161390:162036,10212,no,train,scaffold25869_cov120,161696,+,173,0,Ptychodera_prebalancing.csv.gz
Ptychodera,scaffold2869_cov154:+:107409:107792,11060,yes,train,scaffold2869_cov154,107727,+,216,0.6221735959153902,Ptychodera_prebalancing.csv.gz
Ptychodera,scaffold1323_cov134:+:427103:427584,3185,yes,train,scaffold1323_cov134,427505,+,377,0.2467948717948718,Ptychodera_prebalancing.csv.gz
Ptychodera,scaffold7723_cov121:+:445396:445849,18231,no,train,scaffold7723_cov121,445812,+,305,0,Ptychodera_prebalancing.csv.gz
Ptychodera,scaffold4067_cov148:+:83646:83942,14381,no,train,scaffold4067_cov148,83907,+,268,0,Ptychodera_prebalancing.csv.gz
Ptychodera,scaffold6901_cov141:-:794007:794312,17470,yes,train,scaffold6901_cov141,794036,-,284,0.8058823529411765,Ptychodera_prebalancing.csv.gz
Ptychodera,scaffold1171258_cov122:+:213330:213576,1466,no,train,scaffold1171258_cov122,213588,+,279,0,Ptychodera_prebalancing.csv.gz
Ptychodera,scaffold1224_cov153:-:203704:204843,2228,no,train,scaffold1224_cov153,204647,-,225,0,Ptychodera_prebalancing.csv.gz
Ptychodera,scaffold1636_cov125:-:311909:312112,5542,no,train,scaffold1636_cov125,312042,-,81,0,Ptychodera_prebalancing.csv.gz
Ptychodera,scaffold32521_cov86:+:2399:2886,12243,yes,train,scaffold32521_cov86,2464,+,71,0.8956310679611651,Ptychodera_prebalancing.csv.gz
Ptychodera,scaffold17689_cov156:+:96322:96960,6941,yes,train,scaffold17689_cov156,96696,+,305,0.3972602739726027,Ptychodera_prebalancing.csv.gz
Ptychodera,scaffold3861_cov165:-:35132:35576,13873,no,train,scaffold3861_cov165,35741,-,63,0,Ptychodera_prebalancing.csv.gz
Ptychodera,scaffold12565_cov89:-:352301:352848,2895,yes,train,scaffold12565_cov89,352466,-,443,0.2025316455696202,Ptychodera_prebalancing.csv.gz
Ptychodera,scaffold2520_cov137:-:716980:717272,9774,yes,train,scaffold2520_cov137,717021,-,255,0.3198198198198198,Ptychodera_prebalancing.csv.gz
Ptychodera,scaffold2383_cov141:-:631985:632295,9130,no,train,scaffold2383_cov141,632098,-,216,0,Ptychodera_prebalancing.csv.gz
Ptychodera,scaffold1171266_cov138:+:73162:74049,1508,no,train,scaffold1171266_cov138,73905,+,339,0,Ptychodera_prebalancing.csv.gz
Ptychodera,scaffold14530_cov114:-:72579:72958,4051,yes,train,scaffold14530_cov114,72650,-,197,0.5263157894736842,Ptychodera_prebalancing.csv.gz
Ptychodera,scaffold124823_cov151:-:162483:162816,2777,no,train,scaffold124823_cov151,162548,-,289,0,Ptychodera_prebalancing.csv.gz
Ptychodera,scaffold60041_cov77:+:9334:9531,16348,no,train,scaffold60041_cov77,9557,+,241,0,Ptychodera_prebalancing.csv.gz
Ptychodera,scaffold10165_cov134:-:283423:285289,43,no,train,scaffold10165_cov134,283866,-,206,0,Ptychodera_prebalancing.csv.gz
Ptychodera,scaffold22210_cov134:-:250558:251371,8835,no,train,scaffold22210_cov134,251082,-,192,0,Ptychodera_prebalancing.csv.gz
Ptychodera,scaffold2440_cov108:-:296991:297406,9418,no,train,scaffold2440_cov108,297358,-,58,0,Ptychodera_prebalancing.csv.gz
Ptychodera,scaffold16631_cov137:+:14242:14561,5823,no,train,scaffold16631_cov137,14516,+,238,0,Ptychodera_prebalancing.csv.gz
Ptychodera,scaffold32521_cov86:+:2399:2886,12269,yes,train,scaffold32521_cov86,2589,+,196,0.9694656488549618,Ptychodera_prebalancing.csv.gz
Ptychodera,scaffold1631_cov148:+:705302:705603,5315,no,train,scaffold1631_cov148,705304,+,21,0,Ptychodera_prebalancing.csv.gz
Ptychodera,scaffold8026_cov121:-:76174:76416,18381,yes,train,scaffold8026_cov121,76244,-,176,0.3333333333333333,Ptychodera_prebalancing.csv.gz
Ptychodera,scaffold3635_cov139:-:67923:68627,13166,yes,train,scaffold3635_cov139,68492,-,242,0.1824324324324324,Ptychodera_prebalancing.csv.gz
Ptychodera,scaffold47766_cov117:-:200215:200524,15235,yes,train,scaffold47766_cov117,200222,-,312,0.203883495145631,Ptychodera_prebalancing.csv.gz
Ptychodera,scaffold18025_cov163:+:6470:7342,7162,yes,train,scaffold18025_cov163,6503,+,60,0.5185185185185185,Ptychodera_prebalancing.csv.gz
Ptychodera,scaffold13328_cov168:+:112359:112609,3376,no,train,scaffold13328_cov168,112320,+,16,0,Ptychodera_prebalancing.csv.gz
Ptychodera,scaffold6901_cov141:-:794007:794312,17482,yes,train,scaffold6901_cov141,794060,-,260,0.5208333333333334,Ptychodera_prebalancing.csv.gz
Ptychodera,scaffold7723_cov121:+:445396:445849,18194,no,train,scaffold7723_cov121,445704,+,197,0,Ptychodera_prebalancing.csv.gz
Ptychodera,scaffold39128_cov134:+:98912:99592,14044,yes,train,scaffold39128_cov134,99226,+,318,0.2115384615384615,Ptychodera_prebalancing.csv.gz
Ptychodera,scaffold1801_cov157:+:172979:173254,7122,no,train,scaffold1801_cov157,173244,+,332,0,Ptychodera_prebalancing.csv.gz
Ptychodera,scaffold9569_cov136:-:510672:510737,19600,no,train,scaffold9569_cov136,510644,-,164,0,Ptychodera_prebalancing.csv.gz
Ptychodera,scaffold3081_cov168:-:128788:128942,11916,no,train,scaffold3081_cov168,128873,-,147,0,Ptychodera_prebalancing.csv.gz
Ptychodera,scaffold39128_cov134:+:98912:99592,13950,yes,train,scaffold39128_cov134,98944,+,36,0.9666666666666668,Ptychodera_prebalancing.csv.gz
Ptychodera,scaffold1835_cov136:+:285845:286147,7346,yes,train,scaffold1835_cov136,286143,+,157,0.4,Ptychodera_prebalancing.csv.gz
Ptychodera,scaffold15286_cov116:+:379161:379775,4543,no,train,scaffold15286_cov116,379703,+,372,0,Ptychodera_prebalancing.csv.gz
Ptychodera,scaffold1676_cov84:-:198331:198854,5942,yes,train,scaffold1676_cov84,198406,-,348,0.5576923076923077,Ptychodera_prebalancing.csv.gz
Ptychodera,scaffold26652_cov126:-:22721:23423,10358,yes,train,scaffold26652_cov126,23169,-,265,0.8248847926267281,Ptychodera_prebalancing.csv.gz
Ptychodera,scaffold462_cov140:+:786123:786403,15170,no,train,scaffold462_cov140,786417,+,157,0,Ptychodera_prebalancing.csv.gz
Ptychodera,scaffold1171266_cov138:-:157533:158115,1552,yes,train,scaffold1171266_cov138,157548,-,168,0.3228346456692913,Ptychodera_prebalancing.csv.gz
Ptychodera,scaffold947_cov114:-:3216:3537,19452,yes,train,scaffold947_cov114,3310,-,154,0.978102189781022,Ptychodera_prebalancing.csv.gz
Ptychodera,scaffold968_cov135:+:323367:323828,19924,yes,train,scaffold968_cov135,323411,+,62,0.6068376068376068,Ptychodera_prebalancing.csv.gz
Ptychodera,scaffold26652_cov126:-:22721:23423,10371,yes,train,scaffold26652_cov126,23213,-,221,0.6313559322033898,Ptychodera_prebalancing.csv.gz
Ptychodera,scaffold10983_cov102:-:132602:132940,510,yes,train,scaffold10983_cov102,132824,-,42,0.1521739130434782,Ptychodera_prebalancing.csv.gz
Ptychodera,scaffold32521_cov86:+:2399:2886,12333,yes,train,scaffold32521_cov86,2793,+,407,0.5498981670061099,Ptychodera_prebalancing.csv.gz
Ptychodera,scaffold11337_cov136:+:85658:85971,580,yes,train,scaffold11337_cov136,85958,+,305,0.4,Ptychodera_prebalancing.csv.gz
Ptychodera,scaffold22210_cov134:-:250558:251371,8832,yes,train,scaffold22210_cov134,251078,-,196,0.1586206896551724,Ptychodera_prebalancing.csv.gz
Ptychodera,scaffold6644_cov166:+:24349:25176,16900,yes,train,scaffold6644_cov166,24858,+,297,0.7027027027027027,Ptychodera_prebalancing.csv.gz
Ptychodera,scaffold16631_cov137:+:14242:14561,5803,yes,train,scaffold16631_cov137,14447,+,169,0.9715909090909092,Ptychodera_prebalancing.csv.gz
Ptychodera,scaffold1156276_cov87:-:99184:100330,1014,no,train,scaffold1156276_cov87,99244,-,213,0,Ptychodera_prebalancing.csv.gz
Ptychodera,scaffold28848_cov151:-:119895:120090,11106,yes,train,scaffold28848_cov151,119925,-,185,0.40234375,Ptychodera_prebalancing.csv.gz
Ptychodera,scaffold10165_cov134:-:283423:285289,41,no,train,scaffold10165_cov134,283859,-,213,0,Ptychodera_prebalancing.csv.gz
Ptychodera,scaffold1323_cov134:+:427103:427584,3218,no,train,scaffold1323_cov134,427622,+,494,0,Ptychodera_prebalancing.csv.gz
Ptychodera,scaffold1636_cov125:-:375792:376043,5609,no,train,scaffold1636_cov125,375934,-,181,0,Ptychodera_prebalancing.csv.gz
Ptychodera,scaffold208_cov126:+:155246:156052,8076,yes,train,scaffold208_cov126,155613,+,5,0.1666666666666666,Ptychodera_prebalancing.csv.gz
Ptychodera,scaffold8026_cov121:-:76174:76416,18410,no,train,scaffold8026_cov121,76352,-,64,0,Ptychodera_prebalancing.csv.gz
Ptychodera,scaffold1631_cov148:+:705302:705603,5337,no,train,scaffold1631_cov148,705381,+,98,0,Ptychodera_prebalancing.csv.gz
Ptychodera,scaffold3698_cov112:+:68018:68572,13262,yes,train,scaffold3698_cov112,68132,+,128,0.9025974025974026,Ptychodera_prebalancing.csv.gz
Ptychodera,scaffold1636_cov125:-:375792:376043,5600,no,train,scaffold1636_cov125,375919,-,196,0,Ptychodera_prebalancing.csv.gz
Ptychodera,scaffold15286_cov116:+:379161:379775,4544,no,train,scaffold15286_cov116,379708,+,377,0,Ptychodera_prebalancing.csv.gz
Ptychodera,scaffold38562_cov122:-:141886:143137,13604,yes,train,scaffold38562_cov122,141957,-,452,0.8611111111111112,Ptychodera_prebalancing.csv.gz
Ptychodera,scaffold9569_cov136:-:510672:510737,19625,no,train,scaffold9569_cov136,510742,-,64,0,Ptychodera_prebalancing.csv.gz
Ptychodera,scaffold851_cov164:+:208862:209420,18890,yes,train,scaffold851_cov164,208925,+,72,0.4061624649859944,Ptychodera_prebalancing.csv.gz
Ptychodera,scaffold20096_cov109:+:121341:121634,7854,yes,train,scaffold20096_cov109,121602,+,159,0.2714285714285714,Ptychodera_prebalancing.csv.gz
Ptychodera,scaffold14354_cov137:-:94703:95626,3822,no,train,scaffold14354_cov137,95548,-,201,0,Ptychodera_prebalancing.csv.gz
Ptychodera,scaffold3552_cov134:-:514923:515191,13074,no,train,scaffold3552_cov134,515078,-,182,0,Ptychodera_prebalancing.csv.gz
Ptychodera,scaffold21510_cov101:-:45556:46052,8535,no,train,scaffold21510_cov101,45643,-,125,0,Ptychodera_prebalancing.csv.gz
Ptychodera,scaffold12565_cov89:-:352301:352848,2894,yes,train,scaffold12565_cov89,352460,-,449,0.1657142857142857,Ptychodera_prebalancing.csv.gz
Ptychodera,scaffold1173_cov143:+:408154:408573,1903,no,train,scaffold1173_cov143,408588,+,387,0,Ptychodera_prebalancing.csv.gz
Ptychodera,scaffold32521_cov86:+:2399:2886,12238,yes,train,scaffold32521_cov86,2453,+,60,0.88,Ptychodera_prebalancing.csv.gz
Ptychodera,scaffold6644_cov166:+:24349:25176,16902,yes,train,scaffold6644_cov166,24865,+,304,0.8173913043478261,Ptychodera_prebalancing.csv.gz
Ptychodera,scaffold1636_cov125:-:375792:376043,5634,no,train,scaffold1636_cov125,376031,-,80,0,Ptychodera_prebalancing.csv.gz
Ptychodera,scaffold32521_cov86:+:2399:2886,12320,yes,train,scaffold32521_cov86,2759,+,373,0.2628062360801781,Ptychodera_prebalancing.csv.gz
Ptychodera,scaffold765_cov148:+:233581:233840,18098,no,train,scaffold765_cov148,233593,+,48,0,Ptychodera_prebalancing.csv.gz
Ptychodera,scaffold13328_cov168:+:112359:112609,3369,no,train,scaffold13328_cov168,112308,+,4,0,Ptychodera_prebalancing.csv.gz
Ptychodera,scaffold6755_cov113:-:31779:31986,17179,yes,train,scaffold6755_cov113,31828,-,165,0.4430894308943089,Ptychodera_prebalancing.csv.gz
Ptychodera,scaffold28848_cov151:-:119895:120090,11122,no,train,scaffold28848_cov151,119971,-,139,0,Ptychodera_prebalancing.csv.gz
Ptychodera,scaffold96532_cov96:+:290036:290160,19867,no,train,scaffold96532_cov96,290079,+,102,0,Ptychodera_prebalancing.csv.gz
Ptychodera,scaffold50865_cov127:-:17389:18451,15711,yes,train,scaffold50865_cov127,18236,-,232,0.975609756097561,Ptychodera_prebalancing.csv.gz
Ptychodera,scaffold25120_cov124:-:105463:105780,9751,no,train,scaffold25120_cov124,105795,-,7,0,Ptychodera_prebalancing.csv.gz
Ptychodera,scaffold1539_cov135:-:495376:495773,4691,yes,train,scaffold1539_cov135,495767,-,26,0.1525423728813559,Ptychodera_prebalancing.csv.gz
Ptychodera,scaffold20579_cov130:+:131832:133788,7884,yes,train,scaffold20579_cov130,132936,+,33,0.1788079470198675,Ptychodera_prebalancing.csv.gz
Ptychodera,scaffold10981_cov157:-:320342:321622,434,yes,train,scaffold10981_cov157,320795,-,147,0.5705882352941176,Ptychodera_prebalancing.csv.gz
Ptychodera,scaffold39128_cov134:+:98912:99592,13959,yes,train,scaffold39128_cov134,98979,+,71,0.4084507042253521,Ptychodera_prebalancing.csv.gz
Ptychodera,scaffold15884_cov164:+:702959:703070,5001,no,train,scaffold15884_cov164,703019,+,140,0,Ptychodera_prebalancing.csv.gz
Ptychodera,scaffold2794_cov133:+:82026:82461,10845,no,train,scaffold2794_cov133,82177,+,168,0,Ptychodera_prebalancing.csv.gz
Ptychodera,scaffold2313_cov111:-:91160:91479,8983,no,train,scaffold2313_cov111,91401,-,86,0,Ptychodera_prebalancing.csv.gz
Ptychodera,scaffold7266_cov140:+:132494:133145,17758,no,train,scaffold7266_cov140,132890,+,217,0,Ptychodera_prebalancing.csv.gz
Ptychodera,scaffold161431_cov89:-:17574:18493,5214,yes,train,scaffold161431_cov89,17674,-,184,0.9924242424242424,Ptychodera_prebalancing.csv.gz
Ptychodera,scaffold8095_cov123:-:171963:172984,18487,yes,train,scaffold8095_cov123,172052,-,289,0.1746987951807229,Ptychodera_prebalancing.csv.gz
Ptychodera,scaffold30030_cov79:+:14578:14882,11799,no,train,scaffold30030_cov79,14784,+,214,0,Ptychodera_prebalancing.csv.gz
Ptychodera,scaffold3698_cov112:+:68018:68572,13320,yes,train,scaffold3698_cov112,68514,+,512,0.4780876494023904,Ptychodera_prebalancing.csv.gz
Ptychodera,scaffold1962_cov141:-:167038:167279,7567,no,train,scaffold1962_cov141,167247,-,104,0,Ptychodera_prebalancing.csv.gz
Ptychodera,scaffold478_cov113:-:167312:167702,15283,yes,train,scaffold478_cov113,167351,-,276,0.2653061224489796,Ptychodera_prebalancing.csv.gz
Ptychodera,scaffold2794_cov133:+:82026:82461,10832,yes,train,scaffold2794_cov133,82083,+,74,0.3153846153846154,Ptychodera_prebalancing.csv.gz
Ptychodera,scaffold1603_cov140:-:2704:3035,5028,no,train,scaffold1603_cov140,2690,-,363,0,Ptychodera_prebalancing.csv.gz
Ptychodera,scaffold4067_cov148:+:83646:83942,14434,no,train,scaffold4067_cov148,84050,+,411,0,Ptychodera_prebalancing.csv.gz
Ptychodera,scaffold32521_cov86:+:2399:2886,12317,yes,train,scaffold32521_cov86,2741,+,355,0.8649350649350649,Ptychodera_prebalancing.csv.gz
Ptychodera,scaffold1835_cov136:+:285845:286147,7355,no,train,scaffold1835_cov136,286164,+,178,0,Ptychodera_prebalancing.csv.gz
Ptychodera,scaffold6649_cov117:-:267599:267994,16914,yes,train,scaffold6649_cov117,267925,-,82,0.6721311475409836,Ptychodera_prebalancing.csv.gz
Ptychodera,scaffold208_cov126:+:146398:147328,8039,no,train,scaffold208_cov126,147223,+,125,0,Ptychodera_prebalancing.csv.gz
Ptychodera,scaffold6755_cov113:-:31779:31986,17222,no,train,scaffold6755_cov113,32026,-,6,0,Ptychodera_prebalancing.csv.gz
Ptychodera,scaffold67423_cov132:-:90821:91300,17046,no,train,scaffold67423_cov132,90826,-,437,0,Ptychodera_prebalancing.csv.gz
Ptychodera,scaffold3698_cov112:+:68018:68572,13275,yes,train,scaffold3698_cov112,68187,+,183,0.3787878787878788,Ptychodera_prebalancing.csv.gz
Ptychodera,scaffold1171258_cov122:+:213330:213576,1453,no,train,scaffold1171258_cov122,213554,+,245,0,Ptychodera_prebalancing.csv.gz
Ptychodera,scaffold2140_cov133:-:174815:176568,8434,yes,train,scaffold2140_cov133,174915,-,240,0.7478260869565218,Ptychodera_prebalancing.csv.gz
Ptychodera,scaffold3309_cov156:-:206495:208167,12406,no,train,scaffold3309_cov156,206614,-,254,0,Ptychodera_prebalancing.csv.gz
Ptychodera,scaffold2499_cov133:+:24665:25063,9702,yes,train,scaffold2499_cov133,24702,+,52,0.3211009174311927,Ptychodera_prebalancing.csv.gz
Ptychodera,scaffold9569_cov136:-:510672:510737,19596,no,train,scaffold9569_cov136,510634,-,174,0,Ptychodera_prebalancing.csv.gz
Ptychodera,scaffold475_cov134:+:445828:445984,15192,yes,train,scaffold475_cov134,445928,+,209,0.1683168316831683,Ptychodera_prebalancing.csv.gz
Ptychodera,scaffold12381_cov139:+:19073:19682,2501,no,train,scaffold12381_cov139,19205,+,140,0,Ptychodera_prebalancing.csv.gz
Ptychodera,scaffold2799_cov98:+:111319:111921,10877,no,train,scaffold2799_cov98,111419,+,101,0,Ptychodera_prebalancing.csv.gz
Ptychodera,scaffold940946_cov135:-:59871:60197,19371,no,train,scaffold940946_cov135,59969,-,242,0,Ptychodera_prebalancing.csv.gz
Ptychodera,scaffold23174_cov134:+:212578:215051,9012,yes,train,scaffold23174_cov134,213531,+,37,0.71875,Ptychodera_prebalancing.csv.gz
Ptychodera,scaffold2103_cov101:+:254725:255017,8212,yes,train,scaffold2103_cov101,254890,+,81,0.2523364485981308,Ptychodera_prebalancing.csv.gz
Ptychodera,scaffold2140_cov133:-:174815:176568,8411,no,train,scaffold2140_cov133,174845,-,310,0,Ptychodera_prebalancing.csv.gz
Ptychodera,scaffold32521_cov86:+:2399:2886,12306,no,train,scaffold32521_cov86,2696,+,310,0,Ptychodera_prebalancing.csv.gz
Ptychodera,scaffold161431_cov89:-:17574:18493,5209,yes,train,scaffold161431_cov89,17658,-,200,0.8992248062015504,Ptychodera_prebalancing.csv.gz
Ptychodera,scaffold6649_cov117:-:267599:267994,16921,yes,train,scaffold6649_cov117,267935,-,72,0.296875,Ptychodera_prebalancing.csv.gz
Ptychodera,scaffold2383_cov141:-:631985:632295,9107,no,train,scaffold2383_cov141,632008,-,306,0,Ptychodera_prebalancing.csv.gz
Ptychodera,scaffold940946_cov135:-:59871:60197,19394,no,train,scaffold940946_cov135,60020,-,191,0,Ptychodera_prebalancing.csv.gz
Ptychodera,scaffold44597_cov125:-:60049:60643,14954,yes,train,scaffold44597_cov125,60203,-,147,0.3247232472324723,Ptychodera_prebalancing.csv.gz
Ptychodera,scaffold11559_cov105:+:53281:53740,971,no,train,scaffold11559_cov105,53743,+,401,0,Ptychodera_prebalancing.csv.gz
Ptychodera,scaffold1801_cov157:+:172979:173254,7037,yes,train,scaffold1801_cov157,172980,+,62,0.25,Ptychodera_prebalancing.csv.gz
Ptychodera,scaffold39380_cov153:-:70839:70938,14175,no,train,scaffold39380_cov153,70930,-,60,0,Ptychodera_prebalancing.csv.gz
Ptychodera,scaffold968_cov135:+:323367:323828,19949,yes,train,scaffold968_cov135,323529,+,180,0.6484375,Ptychodera_prebalancing.csv.gz
Ptychodera,scaffold2991_cov164:-:858007:858838,11551,yes,train,scaffold2991_cov164,858034,-,701,0.1870967741935484,Ptychodera_prebalancing.csv.gz
Ptychodera,scaffold69346_cov100:-:116631:116958,17525,no,train,scaffold69346_cov100,116868,-,69,0,Ptychodera_prebalancing.csv.gz
Ptychodera,scaffold10189_cov149:+:223808:225100,115,yes,train,scaffold10189_cov149,224828,+,138,0.8571428571428571,Ptychodera_prebalancing.csv.gz
Ptychodera,scaffold20770_cov135:+:33735:33914,7912,no,train,scaffold20770_cov135,33860,+,140,0,Ptychodera_prebalancing.csv.gz
Ptychodera,scaffold4766_cov137:-:361536:361743,15223,no,train,scaffold4766_cov137,361778,-,28,0,Ptychodera_prebalancing.csv.gz
Ptychodera,scaffold28848_cov151:-:119895:120090,11099,yes,train,scaffold28848_cov151,119903,-,207,0.645933014354067,Ptychodera_prebalancing.csv.gz
Ptychodera,scaffold2991_cov164:-:247815:248280,11480,yes,train,scaffold2991_cov164,247910,-,212,0.4081081081081081,Ptychodera_prebalancing.csv.gz
Ptychodera,scaffold21173_cov137:-:525055:525229,8275,yes,train,scaffold21173_cov137,525088,-,171,0.5654205607476636,Ptychodera_prebalancing.csv.gz
Ptychodera,scaffold1171763_cov97:-:24808:25449,1655,yes,train,scaffold1171763_cov97,25311,-,146,0.7753623188405797,Ptychodera_prebalancing.csv.gz
Ptychodera,scaffold12565_cov89:-:352301:352848,2884,yes,train,scaffold12565_cov89,352426,-,483,0.4051094890510949,Ptychodera_prebalancing.csv.gz
Ptychodera,scaffold968_cov135:+:323367:323828,19955,no,train,scaffold968_cov135,323544,+,195,0,Ptychodera_prebalancing.csv.gz
Ptychodera,scaffold851_cov164:+:208862:209420,18875,yes,train,scaffold851_cov164,208878,+,25,0.2981927710843373,Ptychodera_prebalancing.csv.gz
Ptychodera,scaffold45193_cov139:+:238005:238224,15058,no,train,scaffold45193_cov139,238270,+,335,0,Ptychodera_prebalancing.csv.gz
Ptychodera,scaffold910_cov130:+:473330:473536,19244,no,train,scaffold910_cov130,473613,+,343,0,Ptychodera_prebalancing.csv.gz
Ptychodera,scaffold4043_cov170:-:308373:308638,14293,yes,train,scaffold4043_cov170,308599,-,60,0.6,Ptychodera_prebalancing.csv.gz
Ptychodera,scaffold1846_cov106:+:136856:137077,7426,no,train,scaffold1846_cov106,137103,+,250,0,Ptychodera_prebalancing.csv.gz
Ptychodera,scaffold2991_cov164:-:858007:858838,11755,no,train,scaffold2991_cov164,858805,-,36,0,Ptychodera_prebalancing.csv.gz
Ptychodera,scaffold1018_cov147:-:103995:104325,216,no,train,scaffold1018_cov147,104305,-,27,0,Ptychodera_prebalancing.csv.gz
Ptychodera,scaffold9555_cov137:-:57548:57703,19521,yes,train,scaffold9555_cov137,57589,-,246,0.7361563517915309,Ptychodera_prebalancing.csv.gz
Ptychodera,scaffold13151_cov141:-:223221:223604,3150,yes,train,scaffold13151_cov141,223586,-,38,0.6470588235294118,Ptychodera_prebalancing.csv.gz
Ptychodera,scaffold4923_cov126:-:400667:401530,15565,no,train,scaffold4923_cov126,400652,-,771,0,Ptychodera_prebalancing.csv.gz
Ptychodera,scaffold9637_cov165:-:716723:716901,19723,yes,train,scaffold9637_cov165,716742,-,271,0.1617647058823529,Ptychodera_prebalancing.csv.gz
Ptychodera,scaffold208_cov126:+:155246:156052,8083,yes,train,scaffold208_cov126,155649,+,41,0.9922680412371134,Ptychodera_prebalancing.csv.gz
Ptychodera,scaffold4478_cov130:-:183043:183191,14994,no,train,scaffold4478_cov130,183171,-,38,0,Ptychodera_prebalancing.csv.gz
Ptychodera,scaffold13151_cov141:-:223221:223604,3116,no,train,scaffold13151_cov141,223191,-,208,0,Ptychodera_prebalancing.csv.gz
Ptychodera,scaffold4043_cov170:-:308373:308638,14263,yes,train,scaffold4043_cov170,308426,-,240,1,Ptychodera_prebalancing.csv.gz
Ptychodera,scaffold4067_cov148:+:83646:83942,14390,no,train,scaffold4067_cov148,83938,+,299,0,Ptychodera_prebalancing.csv.gz
Ptychodera,scaffold9925_cov150:+:170081:170786,20167,yes,train,scaffold9925_cov150,170441,+,376,0.7254098360655737,Ptychodera_prebalancing.csv.gz
Ptychodera,scaffold5178_cov121:-:386626:386801,15766,no,train,scaffold5178_cov121,386639,-,183,0,Ptychodera_prebalancing.csv.gz
Ptychodera,scaffold13151_cov141:-:223221:223604,3160,no,train,scaffold13151_cov141,223616,-,8,0,Ptychodera_prebalancing.csv.gz
Ptychodera,scaffold1801_cov157:+:172979:173254,7035,no,train,scaffold1801_cov157,172974,+,56,0,Ptychodera_prebalancing.csv.gz
Ptychodera,scaffold6440_cov168:+:352921:355362,16558,yes,train,scaffold6440_cov168,354053,+,12,0.9333333333333332,Ptychodera_prebalancing.csv.gz
Ptychodera,scaffold4043_cov170:-:308373:308638,14266,yes,train,scaffold4043_cov170,308435,-,231,0.6915887850467289,Ptychodera_prebalancing.csv.gz
Ptychodera,scaffold20096_cov109:+:121341:121634,7813,yes,train,scaffold20096_cov109,121342,+,16,0.1515151515151515,Ptychodera_prebalancing.csv.gz
Ptychodera,scaffold14354_cov137:-:94703:95626,3842,no,train,scaffold14354_cov137,95607,-,142,0,Ptychodera_prebalancing.csv.gz
Ptychodera,scaffold14503_cov110:+:699477:699642,3998,no,train,scaffold14503_cov110,699493,+,41,0,Ptychodera_prebalancing.csv.gz
Ptychodera,scaffold21297_cov142:-:138460:138685,8358,no,train,scaffold21297_cov142,138602,-,96,0,Ptychodera_prebalancing.csv.gz
Ptychodera,scaffold208_cov126:+:155246:156052,8147,yes,train,scaffold208_cov126,156009,+,235,0.648,Ptychodera_prebalancing.csv.gz
Ptychodera,scaffold38562_cov122:-:141886:143137,13666,no,train,scaffold38562_cov122,142894,-,277,0,Ptychodera_prebalancing.csv.gz
Ptychodera,scaffold11537_cov112:+:299365:299845,697,yes,train,scaffold11537_cov112,299467,+,13,0.9583333333333334,Ptychodera_prebalancing.csv.gz
Ptychodera,scaffold4043_cov170:-:308373:308638,14289,yes,train,scaffold4043_cov170,308580,-,79,0.3529411764705882,Ptychodera_prebalancing.csv.gz
Ptychodera,scaffold4766_cov137:+:433236:434691,15229,yes,train,scaffold4766_cov137,434402,+,103,0.8921568627450981,Ptychodera_prebalancing.csv.gz
Ptychodera,scaffold26652_cov126:-:22721:23423,10330,no,train,scaffold26652_cov126,23096,-,338,0,Ptychodera_prebalancing.csv.gz
Ptychodera,scaffold12335_cov130:+:147263:147554,2321,no,train,scaffold12335_cov130,147300,+,109,0,Ptychodera_prebalancing.csv.gz
Ptychodera,scaffold6811_cov133:-:238109:238607,17279,yes,train,scaffold6811_cov133,238139,-,428,0.9183673469387756,Ptychodera_prebalancing.csv.gz
Ptychodera,scaffold11559_cov105:+:53281:53740,972,no,train,scaffold11559_cov105,53744,+,402,0,Ptychodera_prebalancing.csv.gz
Ptychodera,scaffold2794_cov133:+:82026:82461,10829,no,train,scaffold2794_cov133,82075,+,66,0,Ptychodera_prebalancing.csv.gz
Ptychodera,scaffold15113_cov110:-:23645:25115,4394,no,train,scaffold15113_cov110,24997,-,129,0,Ptychodera_prebalancing.csv.gz
Ptychodera,scaffold69346_cov100:-:116631:116958,17540,yes,train,scaffold69346_cov100,116919,-,18,0.3609022556390977,Ptychodera_prebalancing.csv.gz
Ptychodera,scaffold27652_cov140:+:374592:375191,10782,yes,train,scaffold27652_cov140,374680,+,34,0.796875,Ptychodera_prebalancing.csv.gz
Ptychodera,scaffold2440_cov108:-:296991:297406,9399,no,train,scaffold2440_cov108,297295,-,121,0,Ptychodera_prebalancing.csv.gz
Ptychodera,scaffold6440_cov168:+:352921:355362,16578,no,train,scaffold6440_cov168,354132,+,91,0,Ptychodera_prebalancing.csv.gz
Ptychodera,scaffold12081_cov153:+:159539:159742,2097,yes,train,scaffold12081_cov153,159742,+,245,0.3454545454545454,Ptychodera_prebalancing.csv.gz
Ptychodera,scaffold462_cov140:+:786123:786403,15156,yes,train,scaffold462_cov140,786377,+,117,0.2087781731909845,Ptychodera_prebalancing.csv.gz
Ptychodera,scaffold1323_cov134:+:427103:427584,3201,yes,train,scaffold1323_cov134,427542,+,414,0.751131221719457,Ptychodera_prebalancing.csv.gz
Ptychodera,scaffold24497_cov89:-:27735:28057,9454,yes,train,scaffold24497_cov89,27853,-,216,0.7272727272727273,Ptychodera_prebalancing.csv.gz
Ptychodera,scaffold1801_cov157:+:172979:173254,7126,no,train,scaffold1801_cov157,173250,+,338,0,Ptychodera_prebalancing.csv.gz
Ptychodera,scaffold23899_cov112:+:9403:9576,9141,no,train,scaffold23899_cov112,9390,+,3,0,Ptychodera_prebalancing.csv.gz
Ptychodera,scaffold1636_cov125:-:375792:376043,5612,no,train,scaffold1636_cov125,375944,-,171,0,Ptychodera_prebalancing.csv.gz
Ptychodera,scaffold3563_cov125:-:35702:36535,13106,yes,train,scaffold3563_cov125,36071,-,74,0.609375,Ptychodera_prebalancing.csv.gz
Ptychodera,scaffold968_cov135:+:323367:323828,19939,yes,train,scaffold968_cov135,323496,+,147,0.2053571428571428,Ptychodera_prebalancing.csv.gz
Ptychodera,scaffold13151_cov141:-:223221:223604,3120,no,train,scaffold13151_cov141,223205,-,194,0,Ptychodera_prebalancing.csv.gz
Ptychodera,scaffold4067_cov148:+:83646:83942,14333,no,train,scaffold4067_cov148,83520,+,89,0,Ptychodera_prebalancing.csv.gz
Ptychodera,scaffold1171258_cov122:+:213330:213576,1398,no,train,scaffold1171258_cov122,213353,+,40,0,Ptychodera_prebalancing.csv.gz
Ptychodera,scaffold15286_cov116:+:379161:379775,4504,no,train,scaffold15286_cov116,379559,+,228,0,Ptychodera_prebalancing.csv.gz
Ptychodera,scaffold31965_cov155:-:252190:253635,12080,no,train,scaffold31965_cov155,252335,-,168,0,Ptychodera_prebalancing.csv.gz
Ptychodera,scaffold8953_cov140:+:56023:56332,19054,yes,train,scaffold8953_cov140,56033,+,11,0.1896024464831804,Ptychodera_prebalancing.csv.gz
Ptychodera,scaffold20770_cov135:+:33735:33914,7915,no,train,scaffold20770_cov135,33866,+,146,0,Ptychodera_prebalancing.csv.gz
Ptychodera,scaffold9925_cov150:+:170081:170786,20092,yes,train,scaffold9925_cov150,170159,+,87,0.5301724137931034,Ptychodera_prebalancing.csv.gz
Ptychodera,scaffold1631_cov148:+:773586:775046,5448,no,train,scaffold1631_cov148,774877,+,100,0,Ptychodera_prebalancing.csv.gz
Ptychodera,scaffold9645_cov134:-:516300:516668,19812,no,train,scaffold9645_cov134,516695,-,7,0,Ptychodera_prebalancing.csv.gz
Ptychodera,scaffold9925_cov150:+:170081:170786,20184,yes,train,scaffold9925_cov150,170496,+,431,0.2719298245614035,Ptychodera_prebalancing.csv.gz
Ptychodera,scaffold22042_cov145:-:11224:12451,8712,yes,train,scaffold22042_cov145,12209,-,15,0.559322033898305,Ptychodera_prebalancing.csv.gz
Ptychodera,scaffold1171266_cov138:-:157533:158115,1572,yes,train,scaffold1171266_cov138,157986,-,74,0.2922077922077922,Ptychodera_prebalancing.csv.gz
Ptychodera,scaffold1171763_cov97:-:24808:25449,1662,yes,train,scaffold1171763_cov97,25334,-,123,0.3714285714285714,Ptychodera_prebalancing.csv.gz
Ptychodera,scaffold462_cov140:+:786123:786403,15145,no,train,scaffold462_cov140,786105,+,73,0,Ptychodera_prebalancing.csv.gz
Ptychodera,scaffold17107_cov97:-:167714:170261,6175,yes,train,scaffold17107_cov97,167884,-,343,0.3615819209039548,Ptychodera_prebalancing.csv.gz
Ptychodera,scaffold1846_cov106:+:136856:137077,7434,no,train,scaffold1846_cov106,137115,+,262,0,Ptychodera_prebalancing.csv.gz
Ptychodera,scaffold9925_cov150:+:170081:170786,20088,yes,train,scaffold9925_cov150,170141,+,69,0.7268292682926829,Ptychodera_prebalancing.csv.gz
Ptychodera,scaffold2991_cov164:+:23681:24617,11442,no,train,scaffold2991_cov164,23794,+,131,0,Ptychodera_prebalancing.csv.gz
Ptychodera,scaffold3861_cov165:-:35132:35576,13722,no,train,scaffold3861_cov165,35101,-,598,0,Ptychodera_prebalancing.csv.gz
Ptychodera,scaffold940946_cov135:-:59871:60197,19365,no,train,scaffold940946_cov135,59948,-,263,0,Ptychodera_prebalancing.csv.gz
Ptychodera,scaffold21297_cov142:-:138460:138685,8343,no,train,scaffold21297_cov142,138514,-,132,0,Ptychodera_prebalancing.csv.gz
Ptychodera,scaffold209507_cov154:-:41337:41458,8211,no,train,scaffold209507_cov154,41497,-,7,0,Ptychodera_prebalancing.csv.gz
Ptychodera,scaffold6811_cov133:-:238109:238607,17306,yes,train,scaffold6811_cov133,238229,-,338,0.5541666666666667,Ptychodera_prebalancing.csv.gz
Ptychodera,scaffold16631_cov137:+:14242:14561,5770,no,train,scaffold16631_cov137,14338,+,54,0,Ptychodera_prebalancing.csv.gz
Ptychodera,scaffold8953_cov140:+:56023:56332,19107,yes,train,scaffold8953_cov140,56303,+,287,0.9322033898305084,Ptychodera_prebalancing.csv.gz
Ptychodera,scaffold1171266_cov138:+:73162:74049,1487,no,train,scaffold1171266_cov138,73843,+,277,0,Ptychodera_prebalancing.csv.gz
Ptychodera,scaffold3861_cov165:-:35132:35576,13762,yes,train,scaffold3861_cov165,35253,-,446,0.5300751879699248,Ptychodera_prebalancing.csv.gz
Ptychodera,scaffold32521_cov86:+:2399:2886,12268,yes,train,scaffold32521_cov86,2587,+,194,0.1603053435114503,Ptychodera_prebalancing.csv.gz
Ptychodera,scaffold124823_cov151:-:162483:162816,2816,no,train,scaffold124823_cov151,162649,-,188,0,Ptychodera_prebalancing.csv.gz
Ptychodera,scaffold1323_cov134:+:427103:427584,3205,yes,train,scaffold1323_cov134,427555,+,427,0.91869918699187,Ptychodera_prebalancing.csv.gz
Ptychodera,scaffold56_cov136:+:584474:585605,16095,yes,train,scaffold56_cov136,584535,+,47,0.2246835443037974,Ptychodera_prebalancing.csv.gz
Ptychodera,scaffold1962_cov141:-:168291:168515,7629,no,train,scaffold1962_cov141,168485,-,107,0,Ptychodera_prebalancing.csv.gz
Ptychodera,scaffold4067_cov148:+:83646:83942,14420,no,train,scaffold4067_cov148,84011,+,372,0,Ptychodera_prebalancing.csv.gz
Ptychodera,scaffold124823_cov151:-:162483:162816,2809,no,train,scaffold124823_cov151,162633,-,204,0,Ptychodera_prebalancing.csv.gz
Ptychodera,scaffold8953_cov140:+:56023:56332,19122,yes,train,scaffold8953_cov140,56332,+,316,0.228395061728395,Ptychodera_prebalancing.csv.gz
Ptychodera,scaffold1171763_cov97:-:24808:25449,1606,yes,train,scaffold1171763_cov97,24817,-,350,0.2043795620437956,Ptychodera_prebalancing.csv.gz
Ptychodera,scaffold2530_cov139:+:315112:315261,9949,no,train,scaffold2530_cov139,315283,+,212,0,Ptychodera_prebalancing.csv.gz
Ptychodera,scaffold3782_cov139:+:169976:170896,13423,no,train,scaffold3782_cov139,170834,+,144,0,Ptychodera_prebalancing.csv.gz
Ptychodera,scaffold11559_cov105:+:53281:53740,947,no,train,scaffold11559_cov105,53680,+,338,0,Ptychodera_prebalancing.csv.gz
Ptychodera,scaffold9555_cov137:-:57548:57703,19578,no,train,scaffold9555_cov137,57789,-,40,0,Ptychodera_prebalancing.csv.gz
Ptychodera,scaffold2313_cov111:-:91160:91479,8988,no,train,scaffold2313_cov111,91443,-,44,0,Ptychodera_prebalancing.csv.gz
Ptychodera,scaffold56_cov136:+:584474:585605,16179,yes,train,scaffold56_cov136,585523,+,255,0.1818181818181818,Ptychodera_prebalancing.csv.gz
Ptychodera,scaffold124823_cov151:-:162483:162816,2753,no,train,scaffold124823_cov151,162502,-,335,0,Ptychodera_prebalancing.csv.gz
Ptychodera,scaffold16732_cov160:+:289154:289485,5869,yes,train,scaffold16732_cov160,289233,+,115,0.4121621621621621,Ptychodera_prebalancing.csv.gz
Ptychodera,scaffold2530_cov139:+:315112:315261,9912,yes,train,scaffold2530_cov139,315142,+,66,0.8558558558558559,Ptychodera_prebalancing.csv.gz
Ptychodera,scaffold2440_cov108:-:296991:297406,9355,no,train,scaffold2440_cov108,296993,-,245,0,Ptychodera_prebalancing.csv.gz
Ptychodera,scaffold1171789_cov119:-:19586:20038,1727,no,train,scaffold1171789_cov119,20036,-,32,0,Ptychodera_prebalancing.csv.gz
Ptychodera,scaffold10981_cov157:-:320342:321622,447,yes,train,scaffold10981_cov157,320896,-,46,0.33,Ptychodera_prebalancing.csv.gz
Ptychodera,scaffold1631_cov148:+:773586:775046,5450,no,train,scaffold1631_cov148,774884,+,107,0,Ptychodera_prebalancing.csv.gz
Ptychodera,scaffold50865_cov127:-:17389:18451,15731,yes,train,scaffold50865_cov127,18401,-,62,0.2396694214876033,Ptychodera_prebalancing.csv.gz
Ptychodera,scaffold11537_cov112:+:299365:299845,709,yes,train,scaffold11537_cov112,299498,+,44,0.9630872483221476,Ptychodera_prebalancing.csv.gz
Ptychodera,scaffold26652_cov126:+:156424:156704,10493,no,train,scaffold26652_cov126,156612,+,153,0,Ptychodera_prebalancing.csv.gz
Ptychodera,scaffold3309_cov156:-:206495:208167,12427,yes,train,scaffold3309_cov156,206840,-,23,0.8529411764705882,Ptychodera_prebalancing.csv.gz
Ptychodera,scaffold4923_cov126:-:400667:401530,15614,no,train,scaffold4923_cov126,400869,-,554,0,Ptychodera_prebalancing.csv.gz
Ptychodera,scaffold42799_cov92:-:31872:32078,14588,no,train,scaffold42799_cov92,31904,-,195,0,Ptychodera_prebalancing.csv.gz
Ptychodera,scaffold3782_cov139:+:169976:170896,13406,yes,train,scaffold3782_cov139,170724,+,77,0.25,Ptychodera_prebalancing.csv.gz
Ptychodera,scaffold12381_cov139:+:19073:19682,2567,yes,train,scaffold12381_cov139,19608,+,363,0.2175925925925926,Ptychodera_prebalancing.csv.gz
Ptychodera,scaffold6840_cov145:+:37299:38653,17438,yes,train,scaffold6840_cov145,38059,+,93,0.5304347826086957,Ptychodera_prebalancing.csv.gz
Ptychodera,scaffold3635_cov139:-:67923:68627,13145,no,train,scaffold3635_cov139,68427,-,307,0,Ptychodera_prebalancing.csv.gz
Ptychodera,scaffold1173_cov143:+:408154:408573,1847,yes,train,scaffold1173_cov143,408284,+,129,0.4387096774193548,Ptychodera_prebalancing.csv.gz
Ptychodera,scaffold32521_cov86:+:2399:2886,12308,yes,train,scaffold32521_cov86,2706,+,320,0.2922077922077922,Ptychodera_prebalancing.csv.gz
Ptychodera,scaffold4478_cov130:-:183043:183191,14988,no,train,scaffold4478_cov130,183152,-,57,0,Ptychodera_prebalancing.csv.gz
Ptychodera,scaffold10983_cov102:-:132602:132940,496,yes,train,scaffold10983_cov102,132787,-,79,0.5932203389830508,Ptychodera_prebalancing.csv.gz
Ptychodera,scaffold18190_cov84:-:8450:8616,7294,yes,train,scaffold18190_cov84,8572,-,137,0.6116504854368932,Ptychodera_prebalancing.csv.gz
Ptychodera,scaffold22042_cov145:-:44137:44562,8732,yes,train,scaffold22042_cov145,44514,-,87,0.3769230769230769,Ptychodera_prebalancing.csv.gz
Ptychodera,scaffold2991_cov164:-:858007:858838,11715,yes,train,scaffold2991_cov164,858678,-,163,0.7931034482758621,Ptychodera_prebalancing.csv.gz
Ptychodera,scaffold39128_cov134:+:98912:99592,14023,no,train,scaffold39128_cov134,99159,+,251,0,Ptychodera_prebalancing.csv.gz
Ptychodera,scaffold15286_cov116:+:379161:379775,4555,no,train,scaffold15286_cov116,379734,+,403,0,Ptychodera_prebalancing.csv.gz
Ptychodera,scaffold1636_cov125:-:375792:376043,5618,no,train,scaffold1636_cov125,375968,-,143,0,Ptychodera_prebalancing.csv.gz
Ptychodera,scaffold14530_cov114:-:72579:72958,4053,yes,train,scaffold14530_cov114,72654,-,193,0.4444444444444444,Ptychodera_prebalancing.csv.gz
Ptychodera,scaffold42799_cov92:-:31872:32078,14622,no,train,scaffold42799_cov92,32017,-,76,0,Ptychodera_prebalancing.csv.gz
Ptychodera,scaffold9925_cov150:+:170081:170786,20078,yes,train,scaffold9925_cov150,170119,+,47,0.375,Ptychodera_prebalancing.csv.gz
Ptychodera,scaffold16052_cov95:+:62339:62985,5161,no,train,scaffold16052_cov95,62414,+,80,0,Ptychodera_prebalancing.csv.gz
Ptychodera,scaffold96526_cov86:+:25896:26454,19817,yes,train,scaffold96526_cov86,26300,+,210,0.678391959798995,Ptychodera_prebalancing.csv.gz
Ptychodera,scaffold32521_cov86:+:2399:2886,12262,yes,train,scaffold32521_cov86,2569,+,176,0.3267326732673267,Ptychodera_prebalancing.csv.gz
Ptychodera,scaffold16631_cov137:+:14242:14561,5833,no,train,scaffold16631_cov137,14538,+,260,0,Ptychodera_prebalancing.csv.gz
Ptychodera,scaffold173136_cov123:+:8039:8280,6775,no,train,scaffold173136_cov123,8169,+,141,0,Ptychodera_prebalancing.csv.gz
Ptychodera,scaffold24497_cov89:-:27735:28057,9442,yes,train,scaffold24497_cov89,27777,-,292,0.4528301886792453,Ptychodera_prebalancing.csv.gz
Ptychodera,scaffold60041_cov77:+:9334:9531,16305,no,train,scaffold60041_cov77,9355,+,34,0,Ptychodera_prebalancing.csv.gz
Ptychodera,scaffold3698_cov112:+:68018:68572,13311,yes,train,scaffold3698_cov112,68462,+,460,0.6991869918699187,Ptychodera_prebalancing.csv.gz
Ptychodera,scaffold12081_cov153:+:159539:159742,2094,yes,train,scaffold12081_cov153,159728,+,231,0.85,Ptychodera_prebalancing.csv.gz
Ptychodera,scaffold2991_cov164:-:858007:858838,11713,yes,train,scaffold2991_cov164,858659,-,182,0.5346534653465347,Ptychodera_prebalancing.csv.gz
Ptychodera,scaffold2869_cov154:+:107409:107792,11068,yes,train,scaffold2869_cov154,107742,+,231,0.1673783091374893,Ptychodera_prebalancing.csv.gz
Ptychodera,scaffold208_cov126:+:155246:156052,8154,yes,train,scaffold208_cov126,156041,+,267,0.5084745762711864,Ptychodera_prebalancing.csv.gz
Ptychodera,scaffold2991_cov164:-:858007:858838,11590,yes,train,scaffold2991_cov164,858174,-,561,0.3933649289099526,Ptychodera_prebalancing.csv.gz
Ptychodera,scaffold2991_cov164:-:858007:858838,11599,yes,train,scaffold2991_cov164,858206,-,529,0.4736842105263157,Ptychodera_prebalancing.csv.gz
Ptychodera,scaffold17615_cov82:-:24529:25802,6873,no,train,scaffold17615_cov82,25307,-,107,0,Ptychodera_prebalancing.csv.gz
Ptychodera,scaffold10119_cov162:+:267012:267948,34,yes,train,scaffold10119_cov162,267939,+,211,0.3559322033898305,Ptychodera_prebalancing.csv.gz
Ptychodera,scaffold4067_cov148:+:83646:83942,14362,no,train,scaffold4067_cov148,83601,+,170,0,Ptychodera_prebalancing.csv.gz
Ptychodera,scaffold44597_cov125:-:60049:60643,14930,yes,train,scaffold44597_cov125,60141,-,209,0.1976744186046511,Ptychodera_prebalancing.csv.gz
Ptychodera,scaffold19378_cov94:-:42006:43904,7523,yes,train,scaffold19378_cov94,43161,-,711,0.4705882352941176,Ptychodera_prebalancing.csv.gz
Ptychodera,scaffold2991_cov164:-:858007:858838,11708,yes,train,scaffold2991_cov164,858646,-,195,0.1891891891891892,Ptychodera_prebalancing.csv.gz
Ptychodera,scaffold96526_cov86:+:25896:26454,19824,no,train,scaffold96526_cov86,26375,+,285,0,Ptychodera_prebalancing.csv.gz
Ptychodera,scaffold1631_cov148:+:773586:775046,5494,no,train,scaffold1631_cov148,775092,+,243,0,Ptychodera_prebalancing.csv.gz
Ptychodera,scaffold2140_cov133:-:174815:176568,8489,no,train,scaffold2140_cov133,175105,-,44,0,Ptychodera_prebalancing.csv.gz
Ptychodera,scaffold851_cov164:+:208862:209420,18885,yes,train,scaffold851_cov164,208910,+,57,0.5151515151515151,Ptychodera_prebalancing.csv.gz
Ptychodera,scaffold32521_cov86:+:2399:2886,12253,yes,train,scaffold32521_cov86,2541,+,148,0.7640449438202247,Ptychodera_prebalancing.csv.gz
Ptychodera,scaffold56_cov136:+:584474:585605,16089,yes,train,scaffold56_cov136,584522,+,34,0.2018779342723004,Ptychodera_prebalancing.csv.gz
Ptychodera,scaffold38562_cov122:-:141886:143137,13682,yes,train,scaffold38562_cov122,142973,-,198,0.2051282051282051,Ptychodera_prebalancing.csv.gz
Ptychodera,scaffold300_cov133:+:193732:194072,11851,yes,train,scaffold300_cov133,193805,+,90,0.9772727272727272,Ptychodera_prebalancing.csv.gz
Ptychodera,scaffold4923_cov126:-:400667:401530,15603,no,train,scaffold4923_cov126,400849,-,574,0,Ptychodera_prebalancing.csv.gz
Ptychodera,scaffold17162_cov153:+:189363:189663,6424,no,train,scaffold17162_cov153,189510,+,158,0,Ptychodera_prebalancing.csv.gz
Ptychodera,scaffold15286_cov116:+:379161:379775,4537,no,train,scaffold15286_cov116,379689,+,358,0,Ptychodera_prebalancing.csv.gz
Ptychodera,scaffold1962_cov141:-:167038:167279,7547,no,train,scaffold1962_cov141,167180,-,171,0,Ptychodera_prebalancing.csv.gz
Ptychodera,scaffold4067_cov148:+:83646:83942,14347,no,train,scaffold4067_cov148,83562,+,131,0,Ptychodera_prebalancing.csv.gz
Ptychodera,scaffold12381_cov139:+:19073:19682,2529,no,train,scaffold12381_cov139,19498,+,253,0,Ptychodera_prebalancing.csv.gz
Ptychodera,scaffold27652_cov140:+:374592:375191,10804,no,train,scaffold27652_cov140,374748,+,102,0,Ptychodera_prebalancing.csv.gz
Ptychodera,scaffold698_cov122:-:207303:208348,17583,no,train,scaffold698_cov122,207325,-,176,0,Ptychodera_prebalancing.csv.gz
Ptychodera,scaffold44597_cov125:-:60049:60643,14956,yes,train,scaffold44597_cov125,60215,-,135,0.3160377358490566,Ptychodera_prebalancing.csv.gz
Ptychodera,scaffold13801_cov94:-:33000:33728,3581,no,train,scaffold13801_cov94,33361,-,131,0,Ptychodera_prebalancing.csv.gz
Ptychodera,scaffold106908_cov93:+:3541:3901,294,no,train,scaffold106908_cov93,3926,+,396,0,Ptychodera_prebalancing.csv.gz
Ptychodera,scaffold2991_cov164:-:858007:858838,11620,no,train,scaffold2991_cov164,858278,-,457,0,Ptychodera_prebalancing.csv.gz
Ptychodera,scaffold15286_cov116:+:379161:379775,4470,no,train,scaffold15286_cov116,379153,+,113,0,Ptychodera_prebalancing.csv.gz
Ptychodera,scaffold9925_cov150:+:170081:170786,20076,yes,train,scaffold9925_cov150,170116,+,44,0.6168831168831169,Ptychodera_prebalancing.csv.gz
Ptychodera,scaffold178834_cov87:+:2261:3116,7014,yes,train,scaffold178834_cov87,3098,+,201,0.4163424124513619,Ptychodera_prebalancing.csv.gz
Ptychodera,scaffold485_cov122:-:34345:34618,15377,no,train,scaffold485_cov122,34305,-,339,0,Ptychodera_prebalancing.csv.gz
Ptychodera,scaffold4766_cov137:-:361536:361743,15215,no,train,scaffold4766_cov137,361749,-,57,0,Ptychodera_prebalancing.csv.gz
Ptychodera,scaffold3309_cov156:-:206495:208167,12426,no,train,scaffold3309_cov156,206663,-,205,0,Ptychodera_prebalancing.csv.gz
Ptychodera,scaffold14354_cov137:-:94703:95626,3872,no,train,scaffold14354_cov137,95698,-,51,0,Ptychodera_prebalancing.csv.gz
Ptychodera,scaffold2991_cov164:-:247815:248280,11494,no,train,scaffold2991_cov164,248143,-,144,0,Ptychodera_prebalancing.csv.gz
Ptychodera,scaffold12565_cov89:-:352301:352848,2935,yes,train,scaffold12565_cov89,352802,-,108,0.1751152073732718,Ptychodera_prebalancing.csv.gz
Ptychodera,scaffold6840_cov145:+:37299:38653,17440,yes,train,scaffold6840_cov145,38061,+,95,0.2017543859649122,Ptychodera_prebalancing.csv.gz
Ptychodera,scaffold9925_cov150:+:170081:170786,20135,no,train,scaffold9925_cov150,170314,+,249,0,Ptychodera_prebalancing.csv.gz
Ptychodera,scaffold1171266_cov138:+:73162:74049,1534,no,train,scaffold1171266_cov138,74023,+,457,0,Ptychodera_prebalancing.csv.gz
Ptychodera,scaffold60041_cov77:+:9334:9531,16296,no,train,scaffold60041_cov77,9326,+,5,0,Ptychodera_prebalancing.csv.gz
Ptychodera,scaffold20801_cov113:-:61731:62160,7954,no,train,scaffold20801_cov113,62036,-,162,0,Ptychodera_prebalancing.csv.gz
Ptychodera,scaffold1603_cov140:-:2704:3035,5120,yes,train,scaffold1603_cov140,2956,-,93,0.7017543859649122,Ptychodera_prebalancing.csv.gz
Ptychodera,scaffold2440_cov108:-:296991:297406,9381,no,train,scaffold2440_cov108,297044,-,194,0,Ptychodera_prebalancing.csv.gz
Ptychodera,scaffold3563_cov125:-:35702:36535,13113,yes,train,scaffold3563_cov125,36084,-,61,0.2686567164179104,Ptychodera_prebalancing.csv.gz
Ptychodera,scaffold1835_cov136:+:565102:566520,7381,yes,train,scaffold1835_cov136,565884,+,24,0.8307692307692308,Ptychodera_prebalancing.csv.gz
Ptychodera,scaffold12141_cov164:-:9717:10517,2173,no,train,scaffold12141_cov164,9984,-,2,0,Ptychodera_prebalancing.csv.gz
Ptychodera,scaffold96532_cov96:+:290036:290160,19881,no,train,scaffold96532_cov96,290154,+,167,0,Ptychodera_prebalancing.csv.gz
Ptychodera,scaffold12381_cov139:+:19073:19682,2579,no,train,scaffold12381_cov139,19638,+,393,0,Ptychodera_prebalancing.csv.gz
Ptychodera,scaffold385573_cov79:+:6977:7422,13558,yes,train,scaffold385573_cov79,7054,+,126,0.9121621621621622,Ptychodera_prebalancing.csv.gz
Ptychodera,scaffold1631_cov148:+:705302:705603,5310,no,train,scaffold1631_cov148,705293,+,10,0,Ptychodera_prebalancing.csv.gz
Ptychodera,scaffold9645_cov134:-:516300:516668,19764,no,train,scaffold9645_cov134,516413,-,146,0,Ptychodera_prebalancing.csv.gz
Ptychodera,scaffold8095_cov123:-:171963:172984,18546,yes,train,scaffold8095_cov123,172915,-,54,0.1717171717171717,Ptychodera_prebalancing.csv.gz
Ptychodera,scaffold25866_cov149:-:341036:341425,10159,yes,train,scaffold25866_cov149,341351,-,34,0.2482758620689655,Ptychodera_prebalancing.csv.gz
Ptychodera,scaffold31965_cov155:-:252190:253635,12101,no,train,scaffold31965_cov155,253602,-,62,0,Ptychodera_prebalancing.csv.gz
Ptychodera,scaffold1156276_cov87:-:99184:100330,1037,yes,train,scaffold1156276_cov87,99472,-,99,1,Ptychodera_prebalancing.csv.gz
Ptychodera,scaffold2440_cov108:-:296991:297406,9350,no,train,scaffold2440_cov108,296975,-,263,0,Ptychodera_prebalancing.csv.gz
Ptychodera,scaffold50865_cov127:-:17389:18451,15750,no,train,scaffold50865_cov127,18441,-,22,0,Ptychodera_prebalancing.csv.gz
Ptychodera,scaffold3698_cov112:+:68018:68572,13334,yes,train,scaffold3698_cov112,68553,+,551,0.3372681281618887,Ptychodera_prebalancing.csv.gz
Ptychodera,scaffold3861_cov165:-:35132:35576,13747,yes,train,scaffold3861_cov165,35202,-,497,0.6774193548387096,Ptychodera_prebalancing.csv.gz
Ptychodera,scaffold23174_cov134:+:212578:215051,9025,yes,train,scaffold23174_cov134,213567,+,73,0.693069306930693,Ptychodera_prebalancing.csv.gz
Ptychodera,scaffold16732_cov160:+:289154:289485,5892,yes,train,scaffold16732_cov160,289400,+,216,0.7469879518072289,Ptychodera_prebalancing.csv.gz
Ptychodera,scaffold698_cov122:-:207303:208348,17577,no,train,scaffold698_cov122,207308,-,193,0,Ptychodera_prebalancing.csv.gz
Ptychodera,scaffold8095_cov123:-:171963:172984,18536,yes,train,scaffold8095_cov123,172877,-,92,1,Ptychodera_prebalancing.csv.gz
Ptychodera,scaffold11537_cov112:+:299365:299845,711,yes,train,scaffold11537_cov112,299512,+,58,0.3094462540716612,Ptychodera_prebalancing.csv.gz
Ptychodera,scaffold17107_cov97:-:167714:170261,6251,no,train,scaffold17107_cov97,170289,-,81,0,Ptychodera_prebalancing.csv.gz
Ptychodera,scaffold910_cov130:+:473330:473536,19196,no,train,scaffold910_cov130,473498,+,228,0,Ptychodera_prebalancing.csv.gz
Ptychodera,scaffold1631_cov148:+:705302:705603,5316,no,train,scaffold1631_cov148,705307,+,24,0,Ptychodera_prebalancing.csv.gz
Ptychodera,scaffold7626_cov144:-:459173:459972,18068,no,train,scaffold7626_cov144,459975,-,19,0,Ptychodera_prebalancing.csv.gz
Ptychodera,scaffold209507_cov154:-:41337:41458,8205,no,train,scaffold209507_cov154,41468,-,30,0,Ptychodera_prebalancing.csv.gz
Ptychodera,scaffold26652_cov126:+:156424:156704,10499,yes,train,scaffold26652_cov126,156628,+,169,0.3846153846153846,Ptychodera_prebalancing.csv.gz
Ptychodera,scaffold22042_cov145:-:44137:44562,8727,yes,train,scaffold22042_cov145,44503,-,98,0.2786885245901639,Ptychodera_prebalancing.csv.gz
Ptychodera,scaffold208_cov126:+:155246:156052,8075,yes,train,scaffold208_cov126,155611,+,3,0.1912087912087912,Ptychodera_prebalancing.csv.gz
Ptychodera,scaffold11453_cov132:+:21302:21601,616,no,train,scaffold11453_cov132,21447,+,155,0,Ptychodera_prebalancing.csv.gz
Ptychodera,scaffold3081_cov168:-:128788:128942,11902,yes,train,scaffold3081_cov168,128813,-,212,0.8067226890756303,Ptychodera_prebalancing.csv.gz
Ptychodera,scaffold9645_cov134:-:516300:516668,19806,no,train,scaffold9645_cov134,516674,-,28,0,Ptychodera_prebalancing.csv.gz
Ptychodera,scaffold6811_cov133:-:238109:238607,17352,yes,train,scaffold6811_cov133,238495,-,136,0.7456140350877193,Ptychodera_prebalancing.csv.gz
Ptychodera,scaffold2530_cov139:+:315112:315261,9918,yes,train,scaffold2530_cov139,315166,+,90,0.4538461538461538,Ptychodera_prebalancing.csv.gz
Ptychodera,scaffold12141_cov164:-:9717:10517,2167,yes,train,scaffold12141_cov164,9942,-,44,0.9661016949152542,Ptychodera_prebalancing.csv.gz
Ptychodera,scaffold1323_cov134:+:427103:427584,3228,no,train,scaffold1323_cov134,427652,+,524,0,Ptychodera_prebalancing.csv.gz
Ptychodera,scaffold39128_cov134:+:98912:99592,14032,yes,train,scaffold39128_cov134,99177,+,269,0.4566929133858268,Ptychodera_prebalancing.csv.gz
Ptychodera,scaffold10983_cov102:-:132602:132940,507,yes,train,scaffold10983_cov102,132820,-,46,0.2247191011235955,Ptychodera_prebalancing.csv.gz
Ptychodera,scaffold38562_cov122:-:141886:143137,13631,yes,train,scaffold38562_cov122,142027,-,382,0.2087912087912088,Ptychodera_prebalancing.csv.gz
Ptychodera,scaffold31965_cov155:-:252190:253635,12032,no,train,scaffold31965_cov155,252195,-,308,0,Ptychodera_prebalancing.csv.gz
Ptychodera,scaffold24497_cov89:-:27735:28057,9457,yes,train,scaffold24497_cov89,27862,-,207,0.9872611464968152,Ptychodera_prebalancing.csv.gz
Ptychodera,scaffold1236_cov83:-:159619:159706,2446,yes,train,scaffold1236_cov83,159653,-,321,0.9274193548387096,Ptychodera_prebalancing.csv.gz
Ptychodera,scaffold39380_cov153:-:70839:70938,14150,no,train,scaffold39380_cov153,70865,-,131,0,Ptychodera_prebalancing.csv.gz
Ptychodera,scaffold15286_cov116:+:379161:379775,4547,no,train,scaffold15286_cov116,379715,+,384,0,Ptychodera_prebalancing.csv.gz
Ptychodera,scaffold1173_cov143:+:408154:408573,1845,yes,train,scaffold1173_cov143,408280,+,125,0.8355263157894737,Ptychodera_prebalancing.csv.gz
Ptychodera,scaffold21510_cov101:-:45556:46052,8540,yes,train,scaffold21510_cov101,46025,-,51,0.2123893805309734,Ptychodera_prebalancing.csv.gz
Ptychodera,scaffold10981_cov157:-:320342:321622,408,yes,train,scaffold10981_cov157,320357,-,508,0.9622641509433962,Ptychodera_prebalancing.csv.gz
Ptychodera,scaffold2991_cov164:-:858007:858838,11707,yes,train,scaffold2991_cov164,858645,-,196,0.4351851851851852,Ptychodera_prebalancing.csv.gz
Ptychodera,scaffold27652_cov140:+:374592:375191,10796,no,train,scaffold27652_cov140,374734,+,88,0,Ptychodera_prebalancing.csv.gz
Ptychodera,scaffold21510_cov101:-:45556:46052,8537,yes,train,scaffold21510_cov101,46012,-,64,0.5742574257425742,Ptychodera_prebalancing.csv.gz
Ptychodera,scaffold96532_cov96:+:290036:290160,19874,yes,train,scaffold96532_cov96,290126,+,139,0.231638418079096,Ptychodera_prebalancing.csv.gz
Ptychodera,scaffold3081_cov168:-:128788:128942,11930,yes,train,scaffold3081_cov168,128930,-,90,0.7195767195767195,Ptychodera_prebalancing.csv.gz
Ptychodera,scaffold6968_cov114:+:418242:418583,17565,yes,train,scaffold6968_cov114,418486,+,185,0.959731543624161,Ptychodera_prebalancing.csv.gz
Ptychodera,scaffold38562_cov122:-:141886:143137,13702,yes,train,scaffold38562_cov122,143083,-,88,0.2570093457943925,Ptychodera_prebalancing.csv.gz
Ptychodera,scaffold9637_cov165:-:716723:716901,19724,yes,train,scaffold9637_cov165,716743,-,270,0.5597014925373134,Ptychodera_prebalancing.csv.gz
Ptychodera,scaffold21173_cov137:-:525055:525229,8288,yes,train,scaffold21173_cov137,525127,-,132,0.4545454545454545,Ptychodera_prebalancing.csv.gz
Ptychodera,scaffold10165_cov134:-:283423:285289,51,no,train,scaffold10165_cov134,283892,-,180,0,Ptychodera_prebalancing.csv.gz
Ptychodera,scaffold3861_cov165:-:35132:35576,13845,no,train,scaffold3861_cov165,35650,-,154,0,Ptychodera_prebalancing.csv.gz
Ptychodera,scaffold1171258_cov122:+:213330:213576,1405,no,train,scaffold1171258_cov122,213386,+,73,0,Ptychodera_prebalancing.csv.gz
Ptychodera,scaffold3782_cov139:+:169976:170896,13405,yes,train,scaffold3782_cov139,170723,+,76,0.1935483870967742,Ptychodera_prebalancing.csv.gz
Ptychodera,scaffold161704_cov130:+:35436:35670,5285,no,train,scaffold161704_cov130,35662,+,278,0,Ptychodera_prebalancing.csv.gz
Ptychodera,scaffold1171266_cov138:-:157533:158115,1566,yes,train,scaffold1171266_cov138,157972,-,88,0.375,Ptychodera_prebalancing.csv.gz
Ptychodera,scaffold209507_cov154:-:41337:41458,8171,no,train,scaffold209507_cov154,41330,-,174,0,Ptychodera_prebalancing.csv.gz
Ptychodera,scaffold7266_cov140:+:132494:133145,17793,yes,train,scaffold7266_cov140,133015,+,342,0.3630952380952381,Ptychodera_prebalancing.csv.gz
Ptychodera,scaffold6445_cov98:+:453373:453685,16618,no,train,scaffold6445_cov98,453665,+,151,0,Ptychodera_prebalancing.csv.gz
Ptychodera,scaffold12081_cov153:+:159539:159742,2068,no,train,scaffold12081_cov153,159564,+,61,0,Ptychodera_prebalancing.csv.gz
Ptychodera,scaffold6901_cov141:-:794007:794312,17494,yes,train,scaffold6901_cov141,794108,-,212,0.4077669902912621,Ptychodera_prebalancing.csv.gz
Ptychodera,scaffold79475_cov142:-:27270:27396,18331,yes,train,scaffold79475_cov142,27337,-,19,0.9315068493150684,Ptychodera_prebalancing.csv.gz
Ptychodera,scaffold5293_cov150:+:26119:26978,15859,yes,train,scaffold5293_cov150,26978,+,222,0.59,Ptychodera_prebalancing.csv.gz
Ptychodera,scaffold1171258_cov122:+:213330:213576,1399,no,train,scaffold1171258_cov122,213358,+,45,0,Ptychodera_prebalancing.csv.gz
Ptychodera,scaffold21297_cov142:-:138460:138685,8331,no,train,scaffold21297_cov142,138487,-,159,0,Ptychodera_prebalancing.csv.gz
Ptychodera,scaffold17107_cov97:-:167714:170261,6274,no,train,scaffold17107_cov97,170352,-,18,0,Ptychodera_prebalancing.csv.gz
Ptychodera,scaffold6811_cov133:-:238109:238607,17310,no,train,scaffold6811_cov133,238247,-,320,0,Ptychodera_prebalancing.csv.gz
Ptychodera,scaffold44597_cov125:-:60049:60643,14947,yes,train,scaffold44597_cov125,60190,-,160,1,Ptychodera_prebalancing.csv.gz
Ptychodera,scaffold17162_cov153:+:189363:189663,6449,no,train,scaffold17162_cov153,189578,+,232,0,Ptychodera_prebalancing.csv.gz
Ptychodera,scaffold3563_cov125:-:35702:36535,13108,yes,train,scaffold3563_cov125,36074,-,71,0.1937984496124031,Ptychodera_prebalancing.csv.gz
Ptychodera,scaffold26652_cov126:+:156424:156704,10465,yes,train,scaffold26652_cov126,156485,+,58,0.9981060606060606,Ptychodera_prebalancing.csv.gz
Ptychodera,scaffold17689_cov156:+:96322:96960,6896,yes,train,scaffold17689_cov156,96490,+,104,0.4655172413793103,Ptychodera_prebalancing.csv.gz
Ptychodera,scaffold14354_cov137:-:94703:95626,3867,no,train,scaffold14354_cov137,95686,-,63,0,Ptychodera_prebalancing.csv.gz
Ptychodera,scaffold124823_cov151:-:162483:162816,2836,yes,train,scaffold124823_cov151,162741,-,90,0.2278953922789539,Ptychodera_prebalancing.csv.gz
Ptychodera,scaffold3081_cov168:-:128788:128942,11919,yes,train,scaffold3081_cov168,128901,-,119,0.9558823529411764,Ptychodera_prebalancing.csv.gz
Ptychodera,scaffold2869_cov154:+:107409:107792,11044,no,train,scaffold2869_cov154,107523,+,142,0,Ptychodera_prebalancing.csv.gz
Ptychodera,scaffold1171789_cov119:-:19586:20038,1698,no,train,scaffold1171789_cov119,19889,-,179,0,Ptychodera_prebalancing.csv.gz
Ptychodera,scaffold3698_cov112:+:68018:68572,13272,yes,train,scaffold3698_cov112,68184,+,180,0.766798418972332,Ptychodera_prebalancing.csv.gz
Ptychodera,scaffold300_cov133:+:193732:194072,11847,yes,train,scaffold300_cov133,193800,+,85,0.2366412213740458,Ptychodera_prebalancing.csv.gz
Ptychodera,scaffold7723_cov121:+:445396:445849,18185,no,train,scaffold7723_cov121,445675,+,162,0,Ptychodera_prebalancing.csv.gz
Ptychodera,scaffold1171787_cov158:+:720830:721101,1689,no,train,scaffold1171787_cov158,721077,+,80,0,Ptychodera_prebalancing.csv.gz
Ptychodera,scaffold31965_cov155:-:252190:253635,12077,no,train,scaffold31965_cov155,252331,-,172,0,Ptychodera_prebalancing.csv.gz
Ptychodera,scaffold22042_cov145:-:11224:12451,8685,no,train,scaffold22042_cov145,12112,-,112,0,Ptychodera_prebalancing.csv.gz
Ptychodera,scaffold60041_cov77:+:9334:9531,16295,no,train,scaffold60041_cov77,9322,+,1,0,Ptychodera_prebalancing.csv.gz
Ptychodera,scaffold2140_cov133:-:174815:176568,8443,no,train,scaffold2140_cov133,174941,-,214,0,Ptychodera_prebalancing.csv.gz
Ptychodera,scaffold26652_cov126:-:22721:23423,10360,yes,train,scaffold26652_cov126,23175,-,259,0.5170940170940171,Ptychodera_prebalancing.csv.gz
Ptychodera,scaffold1631_cov148:+:705302:705603,5348,yes,train,scaffold1631_cov148,705422,+,139,0.772020725388601,Ptychodera_prebalancing.csv.gz
Ptychodera,scaffold31965_cov155:-:252190:253635,12086,yes,train,scaffold31965_cov155,253523,-,141,0.2631578947368421,Ptychodera_prebalancing.csv.gz
Ptychodera,scaffold462_cov140:+:786123:786403,15126,no,train,scaffold462_cov140,786050,+,18,0,Ptychodera_prebalancing.csv.gz
Ptychodera,scaffold26652_cov126:-:22721:23423,10366,no,train,scaffold26652_cov126,23194,-,240,0,Ptychodera_prebalancing.csv.gz
Ptychodera,scaffold12381_cov139:+:19073:19682,2474,no,train,scaffold12381_cov139,19116,+,51,0,Ptychodera_prebalancing.csv.gz
Ptychodera,scaffold1171787_cov158:+:720830:721101,1686,yes,train,scaffold1171787_cov158,721065,+,68,0.981651376146789,Ptychodera_prebalancing.csv.gz
Ptychodera,scaffold67423_cov132:-:90821:91300,17053,yes,train,scaffold67423_cov132,90842,-,421,0.7518796992481203,Ptychodera_prebalancing.csv.gz
Ptychodera,scaffold3698_cov112:+:68018:68572,13315,yes,train,scaffold3698_cov112,68479,+,477,0.6545454545454545,Ptychodera_prebalancing.csv.gz
Ptychodera,scaffold8095_cov123:-:171963:172984,18490,yes,train,scaffold8095_cov123,172077,-,264,0.7978227060653188,Ptychodera_prebalancing.csv.gz
Ptychodera,scaffold910_cov130:+:473330:473536,19230,no,train,scaffold910_cov130,473589,+,319,0,Ptychodera_prebalancing.csv.gz
Ptychodera,scaffold11559_cov105:+:53281:53740,982,no,train,scaffold11559_cov105,53770,+,428,0,Ptychodera_prebalancing.csv.gz
Ptychodera,scaffold17689_cov156:+:96322:96960,6938,yes,train,scaffold17689_cov156,96685,+,294,0.4095238095238095,Ptychodera_prebalancing.csv.gz
Ptychodera,scaffold2991_cov164:-:858007:858838,11540,no,train,scaffold2991_cov164,857993,-,742,0,Ptychodera_prebalancing.csv.gz
Ptychodera,scaffold20801_cov113:-:61731:62160,7966,no,train,scaffold20801_cov113,62077,-,121,0,Ptychodera_prebalancing.csv.gz
Ptychodera,scaffold38562_cov122:-:141886:143137,13611,yes,train,scaffold38562_cov122,141972,-,437,0.815028901734104,Ptychodera_prebalancing.csv.gz
Ptychodera,scaffold1171266_cov138:+:73162:74049,1544,no,train,scaffold1171266_cov138,74057,+,491,0,Ptychodera_prebalancing.csv.gz
Ptychodera,scaffold32521_cov86:+:2399:2886,12219,no,train,scaffold32521_cov86,2398,+,5,0,Ptychodera_prebalancing.csv.gz
Ptychodera,scaffold23899_cov112:+:9403:9576,9149,yes,train,scaffold23899_cov112,9416,+,29,0.9385964912280702,Ptychodera_prebalancing.csv.gz
Ptychodera,scaffold7723_cov121:+:445396:445849,18158,no,train,scaffold7723_cov121,445587,+,74,0,Ptychodera_prebalancing.csv.gz
Ptychodera,scaffold22042_cov145:-:44137:44562,8734,yes,train,scaffold22042_cov145,44516,-,85,0.3032786885245901,Ptychodera_prebalancing.csv.gz
Ptychodera,scaffold47766_cov117:-:200215:200524,15258,no,train,scaffold47766_cov117,200331,-,203,0,Ptychodera_prebalancing.csv.gz
Ptychodera,scaffold3635_cov139:-:67923:68627,13135,no,train,scaffold3635_cov139,68410,-,324,0,Ptychodera_prebalancing.csv.gz
Ptychodera,scaffold3081_cov168:-:128788:128942,11879,no,train,scaffold3081_cov168,128730,-,295,0,Ptychodera_prebalancing.csv.gz
Ptychodera,scaffold28848_cov151:-:119895:120090,11096,no,train,scaffold28848_cov151,119894,-,216,0,Ptychodera_prebalancing.csv.gz
Ptychodera,scaffold3698_cov112:+:68018:68572,13325,yes,train,scaffold3698_cov112,68526,+,524,0.4948453608247423,Ptychodera_prebalancing.csv.gz
Ptychodera,scaffold2520_cov137:-:716980:717272,9767,no,train,scaffold2520_cov137,717006,-,270,0,Ptychodera_prebalancing.csv.gz
Ptychodera,scaffold2991_cov164:-:858007:858838,11639,no,train,scaffold2991_cov164,858478,-,363,0,Ptychodera_prebalancing.csv.gz
Ptychodera,scaffold10189_cov149:+:223808:225100,137,no,train,scaffold10189_cov149,225014,+,325,0,Ptychodera_prebalancing.csv.gz
Ptychodera,scaffold2991_cov164:-:858007:858838,11677,yes,train,scaffold2991_cov164,858581,-,260,0.5093167701863354,Ptychodera_prebalancing.csv.gz
Ptychodera,scaffold13328_cov168:+:112359:112609,3411,no,train,scaffold13328_cov168,112418,+,118,0,Ptychodera_prebalancing.csv.gz
Ptychodera,scaffold10189_cov149:+:223808:225100,138,no,train,scaffold10189_cov149,225018,+,329,0,Ptychodera_prebalancing.csv.gz
Ptychodera,scaffold12081_cov153:+:159539:159742,2081,no,train,scaffold12081_cov153,159625,+,122,0,Ptychodera_prebalancing.csv.gz
Ptychodera,scaffold1018_cov147:-:103995:104325,204,yes,train,scaffold1018_cov147,104270,-,62,0.3620689655172414,Ptychodera_prebalancing.csv.gz
Ptychodera,scaffold3989_cov117:-:30157:30265,14219,no,train,scaffold3989_cov117,30169,-,151,0,Ptychodera_prebalancing.csv.gz
Ptychodera,scaffold12081_cov153:+:159539:159742,2082,no,train,scaffold12081_cov153,159634,+,131,0,Ptychodera_prebalancing.csv.gz
Ptychodera,scaffold19378_cov94:-:42006:43904,7527,yes,train,scaffold19378_cov94,43170,-,702,0.8269230769230769,Ptychodera_prebalancing.csv.gz
Ptychodera,scaffold38562_cov122:-:141886:143137,13674,no,train,scaffold38562_cov122,142920,-,251,0,Ptychodera_prebalancing.csv.gz
Ptychodera,scaffold20801_cov113:-:61731:62160,7987,no,train,scaffold20801_cov113,62143,-,55,0,Ptychodera_prebalancing.csv.gz
Ptychodera,scaffold26652_cov126:+:156424:156704,10471,yes,train,scaffold26652_cov126,156499,+,72,0.5716845878136201,Ptychodera_prebalancing.csv.gz
Ptychodera,scaffold8095_cov123:-:171963:172984,18509,no,train,scaffold8095_cov123,172796,-,173,0,Ptychodera_prebalancing.csv.gz
Ptychodera,scaffold15884_cov164:+:702959:703070,5019,no,train,scaffold15884_cov164,703078,+,199,0,Ptychodera_prebalancing.csv.gz
Ptychodera,scaffold44597_cov125:-:60049:60643,14931,yes,train,scaffold44597_cov125,60143,-,207,0.6494252873563219,Ptychodera_prebalancing.csv.gz
Ptychodera,scaffold1835_cov136:+:285845:286147,7367,no,train,scaffold1835_cov136,286200,+,214,0,Ptychodera_prebalancing.csv.gz
Ptychodera,scaffold96532_cov96:+:290036:290160,19868,no,train,scaffold96532_cov96,290105,+,118,0,Ptychodera_prebalancing.csv.gz
Ptychodera,scaffold6811_cov133:-:238109:238607,17393,no,train,scaffold6811_cov133,238614,-,17,0,Ptychodera_prebalancing.csv.gz
Ptychodera,scaffold10189_cov149:+:223808:225100,110,yes,train,scaffold10189_cov149,224819,+,129,0.4754098360655737,Ptychodera_prebalancing.csv.gz
Ptychodera,scaffold968_cov135:+:323367:323828,19930,no,train,scaffold968_cov135,323434,+,85,0,Ptychodera_prebalancing.csv.gz
Ptychodera,scaffold1173_cov143:+:408154:408573,1836,no,train,scaffold1173_cov143,408269,+,114,0,Ptychodera_prebalancing.csv.gz
Ptychodera,scaffold32521_cov86:+:2399:2886,12293,no,train,scaffold32521_cov86,2667,+,281,0,Ptychodera_prebalancing.csv.gz
Ptychodera,scaffold3861_cov165:-:35132:35576,13778,no,train,scaffold3861_cov165,35296,-,403,0,Ptychodera_prebalancing.csv.gz
Ptychodera,scaffold8095_cov123:-:171963:172984,18513,no,train,scaffold8095_cov123,172803,-,166,0,Ptychodera_prebalancing.csv.gz
Ptychodera,scaffold17689_cov156:+:96322:96960,6900,yes,train,scaffold17689_cov156,96498,+,112,0.4583333333333333,Ptychodera_prebalancing.csv.gz
Ptychodera,scaffold114779_cov129:-:9728:10643,643,yes,train,scaffold114779_cov129,10056,-,354,0.9043478260869564,Ptychodera_prebalancing.csv.gz
Ptychodera,scaffold7613_cov119:+:136766:136903,17956,no,train,scaffold7613_cov119,136768,+,77,0,Ptychodera_prebalancing.csv.gz
Ptychodera,scaffold556_cov97:+:144855:145103,15924,no,train,scaffold556_cov97,144865,+,24,0,Ptychodera_prebalancing.csv.gz
Ptychodera,scaffold7266_cov140:+:132494:133145,17776,no,train,scaffold7266_cov140,132973,+,300,0,Ptychodera_prebalancing.csv.gz
Ptychodera,scaffold13328_cov168:+:112359:112609,3388,no,train,scaffold13328_cov168,112353,+,49,0,Ptychodera_prebalancing.csv.gz
Ptychodera,scaffold15286_cov116:+:379161:379775,4491,no,train,scaffold15286_cov116,379213,+,173,0,Ptychodera_prebalancing.csv.gz
Ptychodera,scaffold1171258_cov122:+:213330:213576,1401,yes,train,scaffold1171258_cov122,213362,+,49,0.2264150943396226,Ptychodera_prebalancing.csv.gz
Ptychodera,scaffold23899_cov112:+:9403:9576,9179,yes,train,scaffold23899_cov112,9546,+,165,0.2097902097902098,Ptychodera_prebalancing.csv.gz
Ptychodera,scaffold851_cov164:+:208862:209420,18894,yes,train,scaffold851_cov164,208940,+,87,0.4,Ptychodera_prebalancing.csv.gz
Ptychodera,scaffold21297_cov142:-:138460:138685,8321,no,train,scaffold21297_cov142,138458,-,188,0,Ptychodera_prebalancing.csv.gz
Ptychodera,scaffold1636_cov125:-:375792:376043,5623,no,train,scaffold1636_cov125,375990,-,121,0,Ptychodera_prebalancing.csv.gz
Ptychodera,scaffold208_cov126:+:155246:156052,8108,yes,train,scaffold208_cov126,155715,+,107,0.287037037037037,Ptychodera_prebalancing.csv.gz
Ptychodera,scaffold12081_cov153:+:159539:159742,2079,no,train,scaffold12081_cov153,159614,+,111,0,Ptychodera_prebalancing.csv.gz
Ptychodera,scaffold1885_cov156:+:129197:130977,7449,yes,train,scaffold1885_cov156,129409,+,226,0.1650485436893204,Ptychodera_prebalancing.csv.gz
Ptychodera,scaffold2140_cov133:-:174815:176568,8450,no,train,scaffold2140_cov133,174951,-,204,0,Ptychodera_prebalancing.csv.gz
Ptychodera,scaffold10189_cov149:+:223808:225100,111,yes,train,scaffold10189_cov149,224820,+,130,0.3162393162393162,Ptychodera_prebalancing.csv.gz
Ptychodera,scaffold2817_cov143:-:740422:741833,10901,no,train,scaffold2817_cov143,740411,-,197,0,Ptychodera_prebalancing.csv.gz
Ptychodera,scaffold178834_cov87:+:2261:3116,6976,yes,train,scaffold178834_cov87,2285,+,34,0.2813852813852814,Ptychodera_prebalancing.csv.gz
Ptychodera,scaffold30073_cov84:-:109071:109513,11843,yes,train,scaffold30073_cov84,109465,-,55,0.6504854368932039,Ptychodera_prebalancing.csv.gz
Ptychodera,scaffold4766_cov137:-:361536:361743,15199,no,train,scaffold4766_cov137,361690,-,116,0,Ptychodera_prebalancing.csv.gz
Ptychodera,scaffold6649_cov117:-:267599:267994,16911,yes,train,scaffold6649_cov117,267909,-,98,0.950413223140496,Ptychodera_prebalancing.csv.gz
Ptychodera,scaffold617_cov97:-:108357:109123,16416,yes,train,scaffold617_cov97,109118,-,155,0.2222222222222222,Ptychodera_prebalancing.csv.gz
Ptychodera,scaffold50865_cov127:-:17389:18451,15705,yes,train,scaffold50865_cov127,18198,-,270,0.3076923076923077,Ptychodera_prebalancing.csv.gz
Ptychodera,scaffold15286_cov116:+:379161:379775,4533,no,train,scaffold15286_cov116,379670,+,339,0,Ptychodera_prebalancing.csv.gz
Ptychodera,scaffold1156384_cov162:-:285204:285691,1132,no,train,scaffold1156384_cov162,285693,-,12,0,Ptychodera_prebalancing.csv.gz
Ptychodera,scaffold8953_cov140:+:56023:56332,19078,yes,train,scaffold8953_cov140,56119,+,97,0.6935483870967742,Ptychodera_prebalancing.csv.gz
Ptychodera,scaffold3635_cov139:-:67923:68627,13127,no,train,scaffold3635_cov139,68390,-,344,0,Ptychodera_prebalancing.csv.gz
Ptychodera,scaffold12381_cov139:+:19073:19682,2531,no,train,scaffold12381_cov139,19512,+,267,0,Ptychodera_prebalancing.csv.gz
Ptychodera,scaffold32521_cov86:+:2399:2886,12331,yes,train,scaffold32521_cov86,2788,+,402,0.1841491841491841,Ptychodera_prebalancing.csv.gz
Ptychodera,scaffold1156276_cov87:-:99184:100330,1031,yes,train,scaffold1156276_cov87,99457,-,114,0.7227722772277227,Ptychodera_prebalancing.csv.gz
Ptychodera,scaffold208_cov126:+:155246:156052,8158,yes,train,scaffold208_cov126,156050,+,276,0.8187919463087249,Ptychodera_prebalancing.csv.gz
Ptychodera,scaffold3081_cov168:-:128788:128942,11890,no,train,scaffold3081_cov168,128753,-,272,0,Ptychodera_prebalancing.csv.gz
Ptychodera,scaffold2991_cov164:-:858007:858838,11747,no,train,scaffold2991_cov164,858773,-,68,0,Ptychodera_prebalancing.csv.gz
Ptychodera,scaffold7626_cov144:-:459173:459972,18065,yes,train,scaffold7626_cov144,459969,-,25,0.5139146567717996,Ptychodera_prebalancing.csv.gz
Ptychodera,scaffold44597_cov125:-:60049:60643,14969,yes,train,scaffold44597_cov125,60581,-,14,0.825503355704698,Ptychodera_prebalancing.csv.gz
Ptychodera,scaffold22210_cov134:-:250558:251371,8841,yes,train,scaffold22210_cov134,251108,-,166,0.2466666666666666,Ptychodera_prebalancing.csv.gz
Ptychodera,scaffold10981_cov157:-:320342:321622,429,yes,train,scaffold10981_cov157,320760,-,182,0.568,Ptychodera_prebalancing.csv.gz
Ptychodera,scaffold4272_cov139:-:557330:557675,14534,yes,train,scaffold4272_cov139,557661,-,21,0.1788617886178861,Ptychodera_prebalancing.csv.gz
Ptychodera,scaffold31965_cov155:-:252190:253635,12062,no,train,scaffold31965_cov155,252252,-,251,0,Ptychodera_prebalancing.csv.gz
Ptychodera,scaffold209507_cov154:-:41337:41458,8178,no,train,scaffold209507_cov154,41359,-,145,0,Ptychodera_prebalancing.csv.gz
Ptychodera,scaffold7654_cov117:-:188980:189287,18077,yes,train,scaffold7654_cov117,189040,-,270,0.6116504854368932,Ptychodera_prebalancing.csv.gz
Ptychodera,scaffold1171789_cov119:-:19586:20038,1701,yes,train,scaffold1171789_cov119,19909,-,159,0.3148148148148148,Ptychodera_prebalancing.csv.gz
Ptychodera,scaffold20770_cov135:+:33735:33914,7932,yes,train,scaffold20770_cov135,33910,+,190,0.4497816593886463,Ptychodera_prebalancing.csv.gz
Ptychodera,scaffold39128_cov134:+:98912:99592,14079,no,train,scaffold39128_cov134,99363,+,460,0,Ptychodera_prebalancing.csv.gz
Ptychodera,scaffold30030_cov79:+:14578:14882,11768,no,train,scaffold30030_cov79,14614,+,38,0,Ptychodera_prebalancing.csv.gz
Ptychodera,scaffold1676_cov84:-:198331:198854,6008,yes,train,scaffold1676_cov84,198823,-,80,0.6462585034013606,Ptychodera_prebalancing.csv.gz
Ptychodera,scaffold9555_cov137:-:57548:57703,19570,no,train,scaffold9555_cov137,57753,-,76,0,Ptychodera_prebalancing.csv.gz
Ptychodera,scaffold348914_cov132:-:18141:18583,12943,no,train,scaffold348914_cov132,18586,-,46,0,Ptychodera_prebalancing.csv.gz
Ptychodera,scaffold2530_cov139:-:69656:69969,9868,no,train,scaffold2530_cov139,69746,-,243,0,Ptychodera_prebalancing.csv.gz
Ptychodera,scaffold12141_cov164:-:9717:10517,2139,yes,train,scaffold12141_cov164,9819,-,172,1,Ptychodera_prebalancing.csv.gz
Ptychodera,scaffold30030_cov79:+:14578:14882,11823,yes,train,scaffold30030_cov79,14861,+,291,0.4259259259259259,Ptychodera_prebalancing.csv.gz
Ptychodera,scaffold17107_cov97:-:167714:170261,6185,yes,train,scaffold17107_cov97,167922,-,305,0.6666666666666666,Ptychodera_prebalancing.csv.gz
Ptychodera,scaffold6649_cov117:-:267599:267994,16934,no,train,scaffold6649_cov117,267978,-,29,0,Ptychodera_prebalancing.csv.gz
Ptychodera,scaffold2530_cov139:-:69656:69969,9882,yes,train,scaffold2530_cov139,69929,-,54,0.68,Ptychodera_prebalancing.csv.gz
Ptychodera,scaffold161431_cov89:-:17574:18493,5204,yes,train,scaffold161431_cov89,17639,-,219,0.9464285714285714,Ptychodera_prebalancing.csv.gz
Ptychodera,scaffold478_cov113:-:167312:167702,15351,no,train,scaffold478_cov113,167667,-,35,0,Ptychodera_prebalancing.csv.gz
Ptychodera,scaffold1463_cov153:+:354040:354277,4058,yes,train,scaffold1463_cov153,354246,+,219,0.7739130434782608,Ptychodera_prebalancing.csv.gz
Ptychodera,scaffold1241_cov154:-:109445:109789,2644,yes,train,scaffold1241_cov154,109778,-,18,0.573208722741433,Ptychodera_prebalancing.csv.gz
Ptychodera,scaffold10983_cov102:-:132602:132940,465,yes,train,scaffold10983_cov102,132670,-,203,0.6949152542372882,Ptychodera_prebalancing.csv.gz
Ptychodera,scaffold2530_cov139:+:315112:315261,9920,no,train,scaffold2530_cov139,315173,+,97,0,Ptychodera_prebalancing.csv.gz
Ptychodera,scaffold910_cov130:+:473330:473536,19213,no,train,scaffold910_cov130,473551,+,281,0,Ptychodera_prebalancing.csv.gz
Ptychodera,scaffold14354_cov137:-:94703:95626,3884,no,train,scaffold14354_cov137,95737,-,12,0,Ptychodera_prebalancing.csv.gz
Ptychodera,scaffold1631_cov148:+:705302:705603,5334,no,train,scaffold1631_cov148,705376,+,93,0,Ptychodera_prebalancing.csv.gz
Ptychodera,scaffold16732_cov160:+:289154:289485,5915,no,train,scaffold16732_cov160,289451,+,267,0,Ptychodera_prebalancing.csv.gz
Ptychodera,scaffold173136_cov123:+:8039:8280,6753,no,train,scaffold173136_cov123,8039,+,11,0,Ptychodera_prebalancing.csv.gz
Ptychodera,scaffold38562_cov122:-:141886:143137,13700,yes,train,scaffold38562_cov122,143078,-,93,0.215,Ptychodera_prebalancing.csv.gz
Ptychodera,scaffold50865_cov127:-:17389:18451,15725,yes,train,scaffold50865_cov127,18368,-,95,0.5403225806451613,Ptychodera_prebalancing.csv.gz
Ptychodera,scaffold2530_cov139:+:315112:315261,9939,no,train,scaffold2530_cov139,315251,+,180,0,Ptychodera_prebalancing.csv.gz
Ptychodera,scaffold3422_cov129:-:385086:386396,12678,no,train,scaffold3422_cov129,385488,-,71,0,Ptychodera_prebalancing.csv.gz
Ptychodera,scaffold2991_cov164:-:858007:858838,11595,yes,train,scaffold2991_cov164,858193,-,542,0.4528301886792453,Ptychodera_prebalancing.csv.gz
Ptychodera,scaffold851_cov164:+:208862:209420,18877,yes,train,scaffold851_cov164,208880,+,27,0.2634730538922156,Ptychodera_prebalancing.csv.gz
Ptychodera,scaffold32521_cov86:+:2399:2886,12309,yes,train,scaffold32521_cov86,2713,+,327,0.8695652173913043,Ptychodera_prebalancing.csv.gz
Ptychodera,scaffold67423_cov132:-:90821:91300,17056,yes,train,scaffold67423_cov132,90848,-,415,0.6,Ptychodera_prebalancing.csv.gz
Ptychodera,scaffold161704_cov130:+:35436:35670,5269,no,train,scaffold161704_cov130,35615,+,231,0,Ptychodera_prebalancing.csv.gz
Ptychodera,scaffold9925_cov150:+:170081:170786,20195,yes,train,scaffold9925_cov150,170532,+,467,0.2383177570093458,Ptychodera_prebalancing.csv.gz
Ptychodera,scaffold32521_cov86:+:2399:2886,12363,yes,train,scaffold32521_cov86,2877,+,491,0.2485549132947976,Ptychodera_prebalancing.csv.gz
Ptychodera,scaffold1171258_cov122:+:213330:213576,1410,no,train,scaffold1171258_cov122,213405,+,92,0,Ptychodera_prebalancing.csv.gz
Ptychodera,scaffold6901_cov141:-:794007:794312,17504,yes,train,scaffold6901_cov141,794267,-,47,0.5666666666666667,Ptychodera_prebalancing.csv.gz
Ptychodera,scaffold39128_cov134:+:98912:99592,14080,no,train,scaffold39128_cov134,99372,+,469,0,Ptychodera_prebalancing.csv.gz
Ptychodera,scaffold14354_cov137:-:94703:95626,3783,no,train,scaffold14354_cov137,94776,-,322,0,Ptychodera_prebalancing.csv.gz
Ptychodera,scaffold15286_cov116:+:379161:379775,4514,no,train,scaffold15286_cov116,379608,+,277,0,Ptychodera_prebalancing.csv.gz
Ptychodera,scaffold1676_cov84:-:198331:198854,6003,yes,train,scaffold1676_cov84,198802,-,101,0.8744186046511628,Ptychodera_prebalancing.csv.gz
Ptychodera,scaffold2394_cov127:-:198968:199469,9216,no,train,scaffold2394_cov127,199479,-,28,0,Ptychodera_prebalancing.csv.gz
Ptychodera,scaffold27652_cov140:+:374592:375191,10776,yes,train,scaffold27652_cov140,374665,+,19,0.2142857142857142,Ptychodera_prebalancing.csv.gz
Ptychodera,scaffold17162_cov153:+:189363:189663,6482,no,train,scaffold17162_cov153,189660,+,314,0,Ptychodera_prebalancing.csv.gz
Ptychodera,scaffold10839_cov123:-:290085:291331,383,yes,train,scaffold10839_cov123,290258,-,335,0.23,Ptychodera_prebalancing.csv.gz
Ptychodera,scaffold4067_cov148:+:83646:83942,14341,no,train,scaffold4067_cov148,83543,+,112,0,Ptychodera_prebalancing.csv.gz
Ptychodera,scaffold38562_cov122:-:141886:143137,13567,no,train,scaffold38562_cov122,141842,-,567,0,Ptychodera_prebalancing.csv.gz
Ptychodera,scaffold348914_cov132:-:18141:18583,12919,yes,train,scaffold348914_cov132,18491,-,141,0.6086956521739131,Ptychodera_prebalancing.csv.gz
Ptychodera,scaffold3782_cov139:+:169976:170896,13420,no,train,scaffold3782_cov139,170825,+,135,0,Ptychodera_prebalancing.csv.gz
Ptychodera,scaffold1560_cov86:-:11001:11335,4902,no,train,scaffold1560_cov86,11278,-,60,0,Ptychodera_prebalancing.csv.gz
Ptychodera,scaffold2103_cov101:+:254725:255017,8220,yes,train,scaffold2103_cov101,254963,+,158,0.1690140845070422,Ptychodera_prebalancing.csv.gz
Ptychodera,scaffold114779_cov129:-:9728:10643,631,yes,train,scaffold114779_cov129,9967,-,443,0.1509433962264151,Ptychodera_prebalancing.csv.gz
Ptychodera,scaffold6644_cov166:+:24349:25176,16897,no,train,scaffold6644_cov166,24854,+,293,0,Ptychodera_prebalancing.csv.gz
Ptychodera,scaffold11559_cov105:+:53281:53740,1001,no,train,scaffold11559_cov105,53820,+,478,0,Ptychodera_prebalancing.csv.gz
Ptychodera,scaffold1156276_cov87:-:99184:100330,1015,no,train,scaffold1156276_cov87,99245,-,212,0,Ptychodera_prebalancing.csv.gz
Ptychodera,scaffold60041_cov77:+:9334:9531,16325,no,train,scaffold60041_cov77,9430,+,109,0,Ptychodera_prebalancing.csv.gz
Ptychodera,scaffold2499_cov133:+:24665:25063,9698,yes,train,scaffold2499_cov133,24668,+,18,0.2524271844660194,Ptychodera_prebalancing.csv.gz
Ptychodera,scaffold485_cov122:-:34345:34618,15393,no,train,scaffold485_cov122,34326,-,318,0,Ptychodera_prebalancing.csv.gz
Ptychodera,scaffold1846_cov106:+:136856:137077,7416,no,train,scaffold1846_cov106,137079,+,226,0,Ptychodera_prebalancing.csv.gz
Ptychodera,scaffold1171258_cov122:+:213330:213576,1434,no,train,scaffold1171258_cov122,213491,+,182,0,Ptychodera_prebalancing.csv.gz
Ptychodera,scaffold208_cov126:+:155246:156052,8121,yes,train,scaffold208_cov126,155747,+,139,0.1552162849872773,Ptychodera_prebalancing.csv.gz
Ptychodera,scaffold1173_cov143:+:408154:408573,1812,no,train,scaffold1173_cov143,408205,+,50,0,Ptychodera_prebalancing.csv.gz
Ptychodera,scaffold6445_cov98:+:453373:453685,16620,no,train,scaffold6445_cov98,453668,+,154,0,Ptychodera_prebalancing.csv.gz
Ptychodera,scaffold16732_cov160:+:289154:289485,5840,no,train,scaffold16732_cov160,289149,+,31,0,Ptychodera_prebalancing.csv.gz
Ptychodera,scaffold698_cov122:-:207303:208348,17601,yes,train,scaffold698_cov122,207359,-,142,0.2450331125827814,Ptychodera_prebalancing.csv.gz
Ptychodera,scaffold2140_cov133:-:174815:176568,8387,no,train,scaffold2140_cov133,174795,-,360,0,Ptychodera_prebalancing.csv.gz
Ptychodera,scaffold2991_cov164:-:858007:858838,11654,no,train,scaffold2991_cov164,858513,-,328,0,Ptychodera_prebalancing.csv.gz
Ptychodera,scaffold26652_cov126:-:22721:23423,10402,yes,train,scaffold26652_cov126,23291,-,143,0.6036866359447005,Ptychodera_prebalancing.csv.gz
Ptychodera,scaffold81961_cov101:+:2614:2737,18729,no,train,scaffold81961_cov101,2645,+,87,0,Ptychodera_prebalancing.csv.gz
Ptychodera,scaffold6644_cov166:+:24349:25176,16893,no,train,scaffold6644_cov166,24846,+,285,0,Ptychodera_prebalancing.csv.gz
Ptychodera,scaffold2991_cov164:-:247815:248280,11499,no,train,scaffold2991_cov164,248153,-,134,0,Ptychodera_prebalancing.csv.gz
Ptychodera,scaffold23899_cov112:+:9403:9576,9173,yes,train,scaffold23899_cov112,9534,+,153,0.3312101910828025,Ptychodera_prebalancing.csv.gz
Ptychodera,scaffold9925_cov150:+:170081:170786,20081,yes,train,scaffold9925_cov150,170122,+,50,0.5333333333333333,Ptychodera_prebalancing.csv.gz
Ptychodera,scaffold28848_cov151:-:119895:120090,11114,no,train,scaffold28848_cov151,119951,-,159,0,Ptychodera_prebalancing.csv.gz
Ptychodera,scaffold1560_cov86:-:11001:11335,4847,no,train,scaffold1560_cov86,11008,-,231,0,Ptychodera_prebalancing.csv.gz
Ptychodera,scaffold1962_cov141:-:167038:167279,7589,no,train,scaffold1962_cov141,167334,-,17,0,Ptychodera_prebalancing.csv.gz
Ptychodera,scaffold26652_cov126:-:22721:23423,10393,no,train,scaffold26652_cov126,23273,-,161,0,Ptychodera_prebalancing.csv.gz
Ptychodera,scaffold6901_cov141:-:794007:794312,17458,yes,train,scaffold6901_cov141,794010,-,310,0.2446351931330472,Ptychodera_prebalancing.csv.gz
Ptychodera,scaffold3861_cov165:-:35132:35576,13766,yes,train,scaffold3861_cov165,35258,-,441,0.936,Ptychodera_prebalancing.csv.gz
Ptychodera,scaffold17689_cov156:+:96322:96960,6966,yes,train,scaffold17689_cov156,96805,+,414,0.8415841584158416,Ptychodera_prebalancing.csv.gz
Ptychodera,scaffold25869_cov120:+:161390:162036,10205,no,train,scaffold25869_cov120,161667,+,144,0,Ptychodera_prebalancing.csv.gz
Ptychodera,scaffold4043_cov170:-:308373:308638,14300,no,train,scaffold4043_cov170,308647,-,12,0,Ptychodera_prebalancing.csv.gz
Ptychodera,scaffold7415_cov134:-:16418:17031,17843,yes,train,scaffold7415_cov134,16917,-,63,0.8623853211009175,Ptychodera_prebalancing.csv.gz
Ptychodera,scaffold67423_cov132:-:90821:91300,17085,yes,train,scaffold67423_cov132,90947,-,316,0.4471544715447154,Ptychodera_prebalancing.csv.gz
Ptychodera,scaffold2326_cov84:-:195815:195896,9055,no,train,scaffold2326_cov84,195909,-,97,0,Ptychodera_prebalancing.csv.gz
Ptychodera,scaffold39380_cov153:-:70839:70938,14160,no,train,scaffold39380_cov153,70890,-,106,0,Ptychodera_prebalancing.csv.gz
Ptychodera,scaffold12335_cov130:+:147263:147554,2354,no,train,scaffold12335_cov130,147518,+,223,0,Ptychodera_prebalancing.csv.gz
Ptychodera,scaffold3081_cov168:-:128788:128942,11941,no,train,scaffold3081_cov168,128956,-,64,0,Ptychodera_prebalancing.csv.gz
Ptychodera,scaffold13801_cov94:-:33000:33728,3565,no,train,scaffold13801_cov94,33308,-,184,0,Ptychodera_prebalancing.csv.gz
Ptychodera,scaffold12381_cov139:+:19073:19682,2508,no,train,scaffold12381_cov139,19223,+,158,0,Ptychodera_prebalancing.csv.gz
Ptychodera,scaffold940946_cov135:-:59871:60197,19366,no,train,scaffold940946_cov135,59960,-,251,0,Ptychodera_prebalancing.csv.gz
Ptychodera,scaffold12381_cov139:+:19073:19682,2551,no,train,scaffold12381_cov139,19583,+,338,0,Ptychodera_prebalancing.csv.gz
Ptychodera,scaffold3698_cov112:+:68018:68572,13251,yes,train,scaffold3698_cov112,68110,+,106,0.55,Ptychodera_prebalancing.csv.gz
Ptychodera,scaffold10981_cov157:-:320342:321622,407,yes,train,scaffold10981_cov157,320350,-,515,0.2264150943396226,Ptychodera_prebalancing.csv.gz
Ptychodera,scaffold22268_cov115:-:24754:25527,8879,no,train,scaffold22268_cov115,24874,-,36,0,Ptychodera_prebalancing.csv.gz
Ptychodera,scaffold3142_cov95:-:74094:75309,11972,yes,train,scaffold3142_cov95,74098,-,269,0.5,Ptychodera_prebalancing.csv.gz
Ptychodera,scaffold208_cov126:+:155246:156052,8100,yes,train,scaffold208_cov126,155695,+,87,0.5690072639225182,Ptychodera_prebalancing.csv.gz
Ptychodera,scaffold22210_cov134:-:250558:251371,8840,yes,train,scaffold22210_cov134,251101,-,173,0.8846153846153846,Ptychodera_prebalancing.csv.gz
Ptychodera,scaffold3422_cov129:-:385086:386396,12684,yes,train,scaffold3422_cov129,385510,-,49,0.2075471698113207,Ptychodera_prebalancing.csv.gz
Ptychodera,scaffold13801_cov94:-:33000:33728,3597,no,train,scaffold13801_cov94,33714,-,76,0,Ptychodera_prebalancing.csv.gz
Ptychodera,scaffold10165_cov134:-:283423:285289,52,yes,train,scaffold10165_cov134,283894,-,178,0.3403141361256545,Ptychodera_prebalancing.csv.gz
Ptychodera,scaffold6901_cov141:-:794007:794312,17462,yes,train,scaffold6901_cov141,794019,-,301,0.2164948453608247,Ptychodera_prebalancing.csv.gz
Ptychodera,scaffold17689_cov156:+:96322:96960,6899,yes,train,scaffold17689_cov156,96493,+,107,0.6165413533834586,Ptychodera_prebalancing.csv.gz
Ptychodera,scaffold39128_cov134:+:98912:99592,13979,yes,train,scaffold39128_cov134,99035,+,127,0.4130434782608695,Ptychodera_prebalancing.csv.gz
Ptychodera,scaffold12141_cov164:-:9717:10517,2146,yes,train,scaffold12141_cov164,9852,-,134,0.336,Ptychodera_prebalancing.csv.gz
Ptychodera,scaffold2383_cov141:-:631985:632295,9114,no,train,scaffold2383_cov141,632018,-,296,0,Ptychodera_prebalancing.csv.gz
Ptychodera,scaffold22210_cov134:-:250558:251371,8824,no,train,scaffold22210_cov134,251060,-,214,0,Ptychodera_prebalancing.csv.gz
Ptychodera,scaffold478_cov113:-:167312:167702,15276,yes,train,scaffold478_cov113,167335,-,292,0.366120218579235,Ptychodera_prebalancing.csv.gz
Ptychodera,scaffold1636_cov125:-:311909:312112,5539,no,train,scaffold1636_cov125,312027,-,96,0,Ptychodera_prebalancing.csv.gz
Ptychodera,scaffold3861_cov165:-:35132:35576,13859,no,train,scaffold3861_cov165,35703,-,101,0,Ptychodera_prebalancing.csv.gz
Ptychodera,scaffold2794_cov133:+:82026:82461,10825,yes,train,scaffold2794_cov133,82070,+,61,0.2204724409448819,Ptychodera_prebalancing.csv.gz
Ptychodera,scaffold10981_cov157:-:320342:321622,442,yes,train,scaffold10981_cov157,320826,-,116,0.9846153846153848,Ptychodera_prebalancing.csv.gz
Ptychodera,scaffold106908_cov93:+:3541:3901,272,yes,train,scaffold106908_cov93,3781,+,251,0.3018867924528302,Ptychodera_prebalancing.csv.gz
Ptychodera,scaffold106908_cov93:+:3541:3901,275,yes,train,scaffold106908_cov93,3796,+,266,0.62,Ptychodera_prebalancing.csv.gz
Ptychodera,scaffold1560_cov86:-:11001:11335,4913,yes,train,scaffold1560_cov86,11329,-,9,0.1574074074074074,Ptychodera_prebalancing.csv.gz
Ptychodera,scaffold1560_cov86:-:11001:11335,4878,no,train,scaffold1560_cov86,11079,-,160,0,Ptychodera_prebalancing.csv.gz
Ptychodera,scaffold800_cov148:-:30933:31071,18365,no,train,scaffold800_cov148,30959,-,202,0,Ptychodera_prebalancing.csv.gz
Ptychodera,scaffold1156276_cov87:-:99184:100330,1055,no,train,scaffold1156276_cov87,99530,-,41,0,Ptychodera_prebalancing.csv.gz
Ptychodera,scaffold39380_cov153:-:70839:70938,14177,yes,train,scaffold39380_cov153,70938,-,52,0.1589958158995816,Ptychodera_prebalancing.csv.gz
Ptychodera,scaffold1603_cov140:-:2704:3035,5030,yes,train,scaffold1603_cov140,2705,-,348,0.1755725190839694,Ptychodera_prebalancing.csv.gz
Ptychodera,scaffold24497_cov89:-:27735:28057,9458,yes,train,scaffold24497_cov89,27868,-,201,0.9185185185185184,Ptychodera_prebalancing.csv.gz
Ptychodera,scaffold20096_cov109:+:121341:121634,7844,no,train,scaffold20096_cov109,121567,+,124,0,Ptychodera_prebalancing.csv.gz
Ptychodera,scaffold1156384_cov162:-:285204:285691,1133,no,train,scaffold1156384_cov162,285695,-,10,0,Ptychodera_prebalancing.csv.gz
Ptychodera,scaffold20096_cov109:+:121341:121634,7867,no,train,scaffold20096_cov109,121656,+,213,0,Ptychodera_prebalancing.csv.gz
Ptychodera,scaffold1631_cov148:+:705302:705603,5333,no,train,scaffold1631_cov148,705375,+,92,0,Ptychodera_prebalancing.csv.gz
Ptychodera,scaffold67423_cov132:-:90821:91300,17084,yes,train,scaffold67423_cov132,90945,-,318,0.9838709677419356,Ptychodera_prebalancing.csv.gz
Ptychodera,scaffold3782_cov139:+:169976:170896,13439,yes,train,scaffold3782_cov139,170884,+,194,0.2222222222222222,Ptychodera_prebalancing.csv.gz
Ptychodera,scaffold11559_cov105:+:53281:53740,944,no,train,scaffold11559_cov105,53676,+,334,0,Ptychodera_prebalancing.csv.gz
Ptychodera,scaffold1173_cov143:+:408154:408573,1831,no,train,scaffold1173_cov143,408256,+,101,0,Ptychodera_prebalancing.csv.gz
Ptychodera,scaffold3861_cov165:-:35132:35576,13769,yes,train,scaffold3861_cov165,35268,-,431,0.6255707762557078,Ptychodera_prebalancing.csv.gz
Ptychodera,scaffold2991_cov164:-:247815:248280,11502,no,train,scaffold2991_cov164,248160,-,127,0,Ptychodera_prebalancing.csv.gz
Ptychodera,scaffold2499_cov133:+:24665:25063,9710,yes,train,scaffold2499_cov133,24718,+,68,0.3725490196078431,Ptychodera_prebalancing.csv.gz
Ptychodera,scaffold1236_cov83:-:159619:159706,2443,yes,train,scaffold1236_cov83,159645,-,329,0.9323308270676692,Ptychodera_prebalancing.csv.gz
Ptychodera,scaffold1241_cov154:-:109445:109789,2631,no,train,scaffold1241_cov154,109701,-,95,0,Ptychodera_prebalancing.csv.gz
Ptychodera,scaffold38562_cov122:-:141886:143137,13696,yes,train,scaffold38562_cov122,143051,-,120,0.8713692946058091,Ptychodera_prebalancing.csv.gz
Ptychodera,scaffold1835_cov136:+:285845:286147,7326,yes,train,scaffold1835_cov136,285848,+,69,0.196078431372549,Ptychodera_prebalancing.csv.gz
Ptychodera,scaffold32521_cov86:+:2399:2886,12235,yes,train,scaffold32521_cov86,2448,+,55,0.7149321266968326,Ptychodera_prebalancing.csv.gz
Ptychodera,scaffold28848_cov151:-:119895:120090,11091,no,train,scaffold28848_cov151,119888,-,222,0,Ptychodera_prebalancing.csv.gz
Ptychodera,scaffold11057_cov150:+:26358:26818,532,yes,train,scaffold11057_cov150,26809,+,183,0.982608695652174,Ptychodera_prebalancing.csv.gz
Ptychodera,scaffold1676_cov84:-:198331:198854,5946,yes,train,scaffold1676_cov84,198420,-,334,0.6785714285714286,Ptychodera_prebalancing.csv.gz
Ptychodera,scaffold10119_cov162:+:267012:267948,11,no,train,scaffold10119_cov162,267027,+,17,0,Ptychodera_prebalancing.csv.gz
Ptychodera,scaffold7723_cov121:+:445396:445849,18181,no,train,scaffold7723_cov121,445668,+,155,0,Ptychodera_prebalancing.csv.gz
Ptychodera,scaffold6755_cov113:-:31779:31986,17201,yes,train,scaffold6755_cov113,31951,-,81,0.9865771812080536,Ptychodera_prebalancing.csv.gz
Ptychodera,scaffold13801_cov94:-:33000:33728,3600,no,train,scaffold13801_cov94,33730,-,60,0,Ptychodera_prebalancing.csv.gz
Ptychodera,scaffold8320_cov145:-:201769:202952,18772,yes,train,scaffold8320_cov145,202817,-,143,0.6637931034482759,Ptychodera_prebalancing.csv.gz
Ptychodera,scaffold4923_cov126:-:400667:401530,15639,yes,train,scaffold4923_cov126,401003,-,420,0.1854838709677419,Ptychodera_prebalancing.csv.gz
Ptychodera,scaffold485_cov122:-:34345:34618,15411,yes,train,scaffold485_cov122,34377,-,267,0.2621082621082621,Ptychodera_prebalancing.csv.gz
Ptychodera,scaffold69346_cov100:-:116631:116958,17527,yes,train,scaffold69346_cov100,116876,-,61,0.5089285714285714,Ptychodera_prebalancing.csv.gz
Ptychodera,scaffold24895_cov120:-:137039:137692,9461,yes,train,scaffold24895_cov120,137224,-,367,0.78,Ptychodera_prebalancing.csv.gz
Ptychodera,scaffold208_cov126:+:155246:156052,8116,yes,train,scaffold208_cov126,155738,+,130,0.2543640897755611,Ptychodera_prebalancing.csv.gz
Ptychodera,scaffold1018_cov147:-:103995:104325,208,no,train,scaffold1018_cov147,104281,-,51,0,Ptychodera_prebalancing.csv.gz
Ptychodera,scaffold17689_cov156:+:96322:96960,6949,yes,train,scaffold17689_cov156,96733,+,342,0.2323232323232323,Ptychodera_prebalancing.csv.gz
Ptychodera,scaffold21297_cov142:-:138460:138685,8373,yes,train,scaffold21297_cov142,138657,-,41,0.405857740585774,Ptychodera_prebalancing.csv.gz
Ptychodera,scaffold10839_cov123:-:290085:291331,392,yes,train,scaffold10839_cov123,290296,-,297,0.1652892561983471,Ptychodera_prebalancing.csv.gz
Ptychodera,scaffold1171763_cov97:-:24808:25449,1597,no,train,scaffold1171763_cov97,24795,-,372,0,Ptychodera_prebalancing.csv.gz
Ptychodera,scaffold12381_cov139:+:19073:19682,2461,no,train,scaffold12381_cov139,19095,+,30,0,Ptychodera_prebalancing.csv.gz
Ptychodera,scaffold67423_cov132:-:90821:91300,17082,yes,train,scaffold67423_cov132,90940,-,323,0.984375,Ptychodera_prebalancing.csv.gz
Ptychodera,scaffold1636_cov125:-:311909:312112,5541,yes,train,scaffold1636_cov125,312036,-,87,0.3969072164948453,Ptychodera_prebalancing.csv.gz
Ptychodera,scaffold114779_cov129:-:9728:10643,630,yes,train,scaffold114779_cov129,9965,-,445,0.5892857142857143,Ptychodera_prebalancing.csv.gz
Ptychodera,scaffold10983_cov102:-:132602:132940,457,no,train,scaffold10983_cov102,132635,-,238,0,Ptychodera_prebalancing.csv.gz
Ptychodera,scaffold1173_cov143:+:408154:408573,1848,yes,train,scaffold1173_cov143,408285,+,130,0.8795180722891566,Ptychodera_prebalancing.csv.gz
Ptychodera,scaffold10189_cov149:+:223808:225100,146,no,train,scaffold10189_cov149,225114,+,425,0,Ptychodera_prebalancing.csv.gz
Ptychodera,scaffold462_cov140:+:786123:786403,15179,no,train,scaffold462_cov140,786436,+,176,0,Ptychodera_prebalancing.csv.gz
Ptychodera,scaffold485_cov122:-:34345:34618,15486,no,train,scaffold485_cov122,34635,-,4,0,Ptychodera_prebalancing.csv.gz
Ptychodera,scaffold96526_cov86:+:25896:26454,19821,yes,train,scaffold96526_cov86,26331,+,241,0.6771653543307087,Ptychodera_prebalancing.csv.gz
Ptychodera,scaffold50865_cov127:-:17389:18451,15747,no,train,scaffold50865_cov127,18429,-,34,0,Ptychodera_prebalancing.csv.gz
Ptychodera,scaffold1631_cov148:+:773586:775046,5475,no,train,scaffold1631_cov148,775058,+,209,0,Ptychodera_prebalancing.csv.gz
Ptychodera,scaffold3861_cov165:-:35132:35576,13755,yes,train,scaffold3861_cov165,35231,-,468,0.9402985074626866,Ptychodera_prebalancing.csv.gz
Ptychodera,scaffold17162_cov153:+:189363:189663,6477,no,train,scaffold17162_cov153,189654,+,308,0,Ptychodera_prebalancing.csv.gz
Ptychodera,scaffold3698_cov112:+:68018:68572,13321,yes,train,scaffold3698_cov112,68516,+,514,0.2404580152671755,Ptychodera_prebalancing.csv.gz
Ptychodera,scaffold910_cov130:+:473330:473536,19195,no,train,scaffold910_cov130,473497,+,227,0,Ptychodera_prebalancing.csv.gz
Ptychodera,scaffold25120_cov124:-:105463:105780,9734,no,train,scaffold25120_cov124,105733,-,63,0,Ptychodera_prebalancing.csv.gz
Ptychodera,scaffold96532_cov96:+:290036:290160,19861,no,train,scaffold96532_cov96,290061,+,84,0,Ptychodera_prebalancing.csv.gz
Ptychodera,scaffold6901_cov141:-:794007:794312,17472,yes,train,scaffold6901_cov141,794042,-,278,0.8588957055214724,Ptychodera_prebalancing.csv.gz
Ptychodera,scaffold7626_cov144:-:459173:459972,18027,yes,train,scaffold7626_cov144,459190,-,166,0.7086956521739131,Ptychodera_prebalancing.csv.gz
Ptychodera,scaffold21297_cov142:-:138460:138685,8369,no,train,scaffold21297_cov142,138637,-,61,0,Ptychodera_prebalancing.csv.gz
Ptychodera,scaffold1156_cov135:+:159292:159369,1138,no,train,scaffold1156_cov135,159277,+,127,0,Ptychodera_prebalancing.csv.gz
Ptychodera,scaffold30030_cov79:+:14578:14882,11808,no,train,scaffold30030_cov79,14817,+,247,0,Ptychodera_prebalancing.csv.gz
Ptychodera,scaffold31965_cov155:-:252190:253635,12057,no,train,scaffold31965_cov155,252235,-,268,0,Ptychodera_prebalancing.csv.gz
Ptychodera,scaffold3635_cov139:-:67923:68627,13150,yes,train,scaffold3635_cov139,68447,-,287,0.2376681614349775,Ptychodera_prebalancing.csv.gz
Ptychodera,scaffold16732_cov160:+:289154:289485,5899,yes,train,scaffold16732_cov160,289413,+,229,0.9881656804733728,Ptychodera_prebalancing.csv.gz
Ptychodera,scaffold7613_cov119:+:136766:136903,17940,no,train,scaffold7613_cov119,136707,+,16,0,Ptychodera_prebalancing.csv.gz
Ptychodera,scaffold12565_cov89:-:352301:352848,2923,yes,train,scaffold12565_cov89,352754,-,156,0.2195121951219512,Ptychodera_prebalancing.csv.gz
Ptychodera,scaffold81961_cov101:+:2614:2737,18709,no,train,scaffold81961_cov101,2588,+,30,0,Ptychodera_prebalancing.csv.gz
Ptychodera,scaffold208_cov126:+:155246:156052,8115,yes,train,scaffold208_cov126,155737,+,129,0.1875,Ptychodera_prebalancing.csv.gz
Ptychodera,scaffold3309_cov156:-:206495:208167,12394,no,train,scaffold3309_cov156,206482,-,386,0,Ptychodera_prebalancing.csv.gz
Ptychodera,scaffold208_cov126:+:146398:147328,8017,no,train,scaffold208_cov126,146406,+,17,0,Ptychodera_prebalancing.csv.gz
Ptychodera,scaffold10189_cov149:+:223808:225100,113,yes,train,scaffold10189_cov149,224826,+,136,0.3259259259259259,Ptychodera_prebalancing.csv.gz
Ptychodera,scaffold1236_cov83:-:159619:159706,2451,yes,train,scaffold1236_cov83,159662,-,312,0.9292035398230089,Ptychodera_prebalancing.csv.gz
Ptychodera,scaffold7415_cov134:-:16418:17031,17835,yes,train,scaffold7415_cov134,16866,-,114,0.3584905660377358,Ptychodera_prebalancing.csv.gz
Ptychodera,scaffold20579_cov130:+:131832:133788,7886,no,train,scaffold20579_cov130,132939,+,36,0,Ptychodera_prebalancing.csv.gz
Ptychodera,scaffold1631_cov148:+:773586:775046,5446,no,train,scaffold1631_cov148,774874,+,97,0,Ptychodera_prebalancing.csv.gz
Ptychodera,scaffold9925_cov150:+:170081:170786,20103,yes,train,scaffold9925_cov150,170193,+,121,0.2099125364431487,Ptychodera_prebalancing.csv.gz
Ptychodera,scaffold20801_cov113:-:61731:62160,7984,no,train,scaffold20801_cov113,62139,-,59,0,Ptychodera_prebalancing.csv.gz
Ptychodera,scaffold1539_cov135:-:495376:495773,4685,yes,train,scaffold1539_cov135,495747,-,46,0.8305084745762712,Ptychodera_prebalancing.csv.gz
Ptychodera,scaffold3861_cov165:-:35132:35576,13892,no,train,scaffold3861_cov165,35796,-,8,0,Ptychodera_prebalancing.csv.gz
Ptychodera,scaffold1171266_cov138:+:73162:74049,1521,no,train,scaffold1171266_cov138,73983,+,417,0,Ptychodera_prebalancing.csv.gz
Ptychodera,scaffold22210_cov134:-:250558:251371,8845,no,train,scaffold22210_cov134,251120,-,154,0,Ptychodera_prebalancing.csv.gz
Ptychodera,scaffold7613_cov119:+:136766:136903,17987,no,train,scaffold7613_cov119,136868,+,183,0,Ptychodera_prebalancing.csv.gz
Ptychodera,scaffold765_cov148:+:233581:233840,18116,no,train,scaffold765_cov148,233771,+,117,0,Ptychodera_prebalancing.csv.gz
Ptychodera,scaffold1603_cov140:-:2704:3035,5043,yes,train,scaffold1603_cov140,2727,-,326,0.5824742268041238,Ptychodera_prebalancing.csv.gz
Ptychodera,scaffold17689_cov156:+:96322:96960,6928,yes,train,scaffold17689_cov156,96580,+,194,0.2215568862275449,Ptychodera_prebalancing.csv.gz
Ptychodera,scaffold13151_cov141:-:223221:223604,3151,yes,train,scaffold13151_cov141,223590,-,34,0.2110091743119266,Ptychodera_prebalancing.csv.gz
Ptychodera,scaffold161431_cov89:-:17574:18493,5207,yes,train,scaffold161431_cov89,17650,-,208,1,Ptychodera_prebalancing.csv.gz
Ptychodera,scaffold20770_cov135:+:33735:33914,7941,no,train,scaffold20770_cov135,33942,+,222,0,Ptychodera_prebalancing.csv.gz
Ptychodera,scaffold1171266_cov138:+:73162:74049,1541,no,train,scaffold1171266_cov138,74043,+,477,0,Ptychodera_prebalancing.csv.gz
Ptychodera,scaffold1539_cov135:-:495376:495773,4682,yes,train,scaffold1539_cov135,495737,-,56,0.53,Ptychodera_prebalancing.csv.gz
Ptychodera,scaffold178834_cov87:+:2261:3116,6994,no,train,scaffold178834_cov87,2353,+,102,0,Ptychodera_prebalancing.csv.gz
Ptychodera,scaffold6811_cov133:-:238109:238607,17305,yes,train,scaffold6811_cov133,238228,-,339,0.5925925925925926,Ptychodera_prebalancing.csv.gz
Ptychodera,scaffold12335_cov130:+:147263:147554,2338,no,train,scaffold12335_cov130,147473,+,178,0,Ptychodera_prebalancing.csv.gz
Ptychodera,scaffold2991_cov164:-:858007:858838,11564,yes,train,scaffold2991_cov164,858064,-,671,0.4171428571428571,Ptychodera_prebalancing.csv.gz
Ptychodera,scaffold9925_cov150:+:170081:170786,20080,yes,train,scaffold9925_cov150,170121,+,49,0.7037037037037037,Ptychodera_prebalancing.csv.gz
Ptychodera,scaffold20801_cov113:-:61731:62160,7996,no,train,scaffold20801_cov113,62168,-,30,0,Ptychodera_prebalancing.csv.gz
Ptychodera,scaffold11453_cov132:+:21302:21601,586,no,train,scaffold11453_cov132,21294,+,2,0,Ptychodera_prebalancing.csv.gz
Ptychodera,scaffold765_cov148:+:233581:233840,18096,no,train,scaffold765_cov148,233586,+,41,0,Ptychodera_prebalancing.csv.gz
Ptychodera,scaffold6440_cov168:+:352921:355362,16559,yes,train,scaffold6440_cov168,354054,+,13,0.868421052631579,Ptychodera_prebalancing.csv.gz
Ptychodera,scaffold12141_cov164:-:9717:10517,2170,no,train,scaffold12141_cov164,9973,-,13,0,Ptychodera_prebalancing.csv.gz
Ptychodera,scaffold10734_cov95:+:35769:36582,310,no,train,scaffold10734_cov95,36476,+,250,0,Ptychodera_prebalancing.csv.gz
Ptychodera,scaffold13151_cov141:-:223221:223604,3119,no,train,scaffold13151_cov141,223197,-,202,0,Ptychodera_prebalancing.csv.gz
Ptychodera,scaffold1636_cov125:-:375792:376043,5636,no,train,scaffold1636_cov125,376039,-,72,0,Ptychodera_prebalancing.csv.gz
Ptychodera,scaffold1171266_cov138:+:73162:74049,1493,yes,train,scaffold1171266_cov138,73861,+,295,0.1964285714285714,Ptychodera_prebalancing.csv.gz
Ptychodera,scaffold485_cov122:-:34345:34618,15475,no,train,scaffold485_cov122,34594,-,45,0,Ptychodera_prebalancing.csv.gz
Ptychodera,scaffold16732_cov160:+:289154:289485,5843,yes,train,scaffold16732_cov160,289155,+,37,0.1907894736842105,Ptychodera_prebalancing.csv.gz
Ptychodera,scaffold16631_cov137:+:14242:14561,5816,yes,train,scaffold16631_cov137,14506,+,228,1,Ptychodera_prebalancing.csv.gz
Ptychodera,scaffold9925_cov150:+:170081:170786,20071,yes,train,scaffold9925_cov150,170094,+,22,0.4533333333333333,Ptychodera_prebalancing.csv.gz
Ptychodera,scaffold300_cov133:+:193732:194072,11845,yes,train,scaffold300_cov133,193796,+,81,0.9836065573770492,Ptychodera_prebalancing.csv.gz
Ptychodera,scaffold7266_cov140:+:132494:133145,17754,no,train,scaffold7266_cov140,132876,+,203,0,Ptychodera_prebalancing.csv.gz
Ptychodera,scaffold10983_cov102:-:132602:132940,506,yes,train,scaffold10983_cov102,132814,-,52,0.1646586345381526,Ptychodera_prebalancing.csv.gz
Ptychodera,scaffold23899_cov112:+:9403:9576,9186,yes,train,scaffold23899_cov112,9560,+,179,0.9666666666666668,Ptychodera_prebalancing.csv.gz
Ptychodera,scaffold161704_cov130:+:35436:35670,5289,no,train,scaffold161704_cov130,35674,+,290,0,Ptychodera_prebalancing.csv.gz
Ptychodera,scaffold910_cov130:-:569109:569556,19247,yes,train,scaffold910_cov130,569556,-,7,0.4329896907216495,Ptychodera_prebalancing.csv.gz
Ptychodera,scaffold25120_cov124:-:105463:105780,9733,no,train,scaffold25120_cov124,105714,-,82,0,Ptychodera_prebalancing.csv.gz
Ptychodera,scaffold1636_cov125:-:375792:376043,5615,no,train,scaffold1636_cov125,375962,-,149,0,Ptychodera_prebalancing.csv.gz
Ptychodera,scaffold178834_cov87:+:2261:3116,6983,yes,train,scaffold178834_cov87,2305,+,54,0.3548387096774194,Ptychodera_prebalancing.csv.gz
Ptychodera,scaffold12381_cov139:+:19073:19682,2476,no,train,scaffold12381_cov139,19119,+,54,0,Ptychodera_prebalancing.csv.gz
Ptychodera,scaffold6811_cov133:-:238109:238607,17350,yes,train,scaffold6811_cov133,238493,-,138,0.2321428571428571,Ptychodera_prebalancing.csv.gz
Ptychodera,scaffold153100_cov97:+:57733:57923,4568,yes,train,scaffold153100_cov97,57919,+,194,0.26,Ptychodera_prebalancing.csv.gz
Ptychodera,scaffold25866_cov149:-:341036:341425,10157,yes,train,scaffold25866_cov149,341339,-,46,0.8355263157894737,Ptychodera_prebalancing.csv.gz
Ptychodera,scaffold13151_cov141:-:223221:223604,3130,yes,train,scaffold13151_cov141,223251,-,148,0.8728813559322034,Ptychodera_prebalancing.csv.gz
Ptychodera,scaffold2326_cov84:-:195815:195896,9054,no,train,scaffold2326_cov84,195904,-,102,0,Ptychodera_prebalancing.csv.gz
Ptychodera,scaffold26652_cov126:-:22721:23423,10350,yes,train,scaffold26652_cov126,23150,-,284,0.5076142131979695,Ptychodera_prebalancing.csv.gz
Ptychodera,scaffold1885_cov156:+:129197:130977,7447,yes,train,scaffold1885_cov156,129406,+,223,1,Ptychodera_prebalancing.csv.gz
Ptychodera,scaffold12141_cov164:-:9717:10517,2158,yes,train,scaffold12141_cov164,9904,-,82,0.4752475247524752,Ptychodera_prebalancing.csv.gz
Ptychodera,scaffold6811_cov133:-:238109:238607,17379,yes,train,scaffold6811_cov133,238579,-,52,0.9166666666666666,Ptychodera_prebalancing.csv.gz
Ptychodera,scaffold2991_cov164:-:247815:248280,11447,no,train,scaffold2991_cov164,247810,-,312,0,Ptychodera_prebalancing.csv.gz
Ptychodera,scaffold2326_cov84:-:195815:195896,9087,no,train,scaffold2326_cov84,195996,-,10,0,Ptychodera_prebalancing.csv.gz
Ptychodera,scaffold1962_cov141:-:168291:168515,7648,no,train,scaffold1962_cov141,168542,-,50,0,Ptychodera_prebalancing.csv.gz
Ptychodera,scaffold3861_cov165:-:35132:35576,13743,yes,train,scaffold3861_cov165,35194,-,505,0.7566137566137566,Ptychodera_prebalancing.csv.gz
Ptychodera,scaffold10981_cov157:-:320342:321622,410,yes,train,scaffold10981_cov157,320362,-,503,0.7378640776699029,Ptychodera_prebalancing.csv.gz
Ptychodera,scaffold1676_cov84:-:198331:198854,5972,yes,train,scaffold1676_cov84,198710,-,193,0.3488372093023256,Ptychodera_prebalancing.csv.gz
Ptychodera,scaffold11537_cov112:+:299365:299845,721,no,train,scaffold11537_cov112,299541,+,87,0,Ptychodera_prebalancing.csv.gz
Ptychodera,scaffold7723_cov121:+:445396:445849,18172,no,train,scaffold7723_cov121,445641,+,128,0,Ptychodera_prebalancing.csv.gz
Ptychodera,scaffold3782_cov139:+:169976:170896,13401,yes,train,scaffold3782_cov139,170707,+,60,0.1649484536082474,Ptychodera_prebalancing.csv.gz
Ptychodera,scaffold20801_cov113:-:61731:62160,7958,yes,train,scaffold20801_cov113,62047,-,151,0.4045801526717557,Ptychodera_prebalancing.csv.gz
Ptychodera,scaffold161704_cov130:+:35436:35670,5284,yes,train,scaffold161704_cov130,35659,+,275,0.1716621253405994,Ptychodera_prebalancing.csv.gz
Ptychodera,scaffold2140_cov133:-:174815:176568,8449,no,train,scaffold2140_cov133,174950,-,205,0,Ptychodera_prebalancing.csv.gz
Ptychodera,scaffold1018_cov147:-:103995:104325,185,yes,train,scaffold1018_cov147,104075,-,166,0.1680672268907563,Ptychodera_prebalancing.csv.gz
Ptychodera,scaffold1224_cov153:-:203704:204843,2237,yes,train,scaffold1224_cov153,204682,-,190,0.8166666666666667,Ptychodera_prebalancing.csv.gz
Ptychodera,scaffold56_cov136:+:584474:585605,16189,no,train,scaffold56_cov136,585581,+,313,0,Ptychodera_prebalancing.csv.gz
Ptychodera,scaffold910_cov130:+:473330:473536,19210,no,train,scaffold910_cov130,473548,+,278,0,Ptychodera_prebalancing.csv.gz
Ptychodera,scaffold69346_cov100:-:116631:116958,17526,yes,train,scaffold69346_cov100,116870,-,67,0.3106796116504854,Ptychodera_prebalancing.csv.gz
Ptychodera,scaffold10734_cov95:+:35769:36582,306,no,train,scaffold10734_cov95,36472,+,246,0,Ptychodera_prebalancing.csv.gz
Ptychodera,scaffold39128_cov134:+:98912:99592,14108,no,train,scaffold39128_cov134,99485,+,582,0,Ptychodera_prebalancing.csv.gz
Ptychodera,scaffold178834_cov87:+:2261:3116,7002,yes,train,scaffold178834_cov87,3047,+,150,0.5507246376811594,Ptychodera_prebalancing.csv.gz
Ptychodera,scaffold45193_cov139:+:238005:238224,15005,no,train,scaffold45193_cov139,238130,+,195,0,Ptychodera_prebalancing.csv.gz
Ptychodera,scaffold1676_cov84:-:198331:198854,5981,no,train,scaffold1676_cov84,198744,-,159,0,Ptychodera_prebalancing.csv.gz
Ptychodera,scaffold17326_cov146:-:125600:125798,6824,no,train,scaffold17326_cov146,125659,-,136,0,Ptychodera_prebalancing.csv.gz
Ptychodera,scaffold18025_cov163:+:6470:7342,7203,no,train,scaffold18025_cov163,6963,+,298,0,Ptychodera_prebalancing.csv.gz
Ptychodera,scaffold26652_cov126:+:156424:156704,10472,yes,train,scaffold26652_cov126,156500,+,73,0.9824868651488616,Ptychodera_prebalancing.csv.gz
Ptychodera,scaffold2991_cov164:-:858007:858838,11665,yes,train,scaffold2991_cov164,858549,-,292,0.2538860103626943,Ptychodera_prebalancing.csv.gz
Ptychodera,scaffold1636_cov125:-:311909:312112,5554,no,train,scaffold1636_cov125,312090,-,33,0,Ptychodera_prebalancing.csv.gz
Ptychodera,scaffold12565_cov89:-:352301:352848,2874,yes,train,scaffold12565_cov89,352401,-,508,0.991304347826087,Ptychodera_prebalancing.csv.gz
Ptychodera,scaffold2383_cov141:-:631985:632295,9105,no,train,scaffold2383_cov141,632002,-,312,0,Ptychodera_prebalancing.csv.gz
Ptychodera,scaffold14530_cov114:-:72579:72958,4050,yes,train,scaffold14530_cov114,72646,-,201,0.209090909090909,Ptychodera_prebalancing.csv.gz
Ptychodera,scaffold1801_cov157:+:172979:173254,7066,no,train,scaffold1801_cov157,173101,+,189,0,Ptychodera_prebalancing.csv.gz
Ptychodera,scaffold8026_cov121:-:76174:76416,18411,yes,train,scaffold8026_cov121,76359,-,57,0.7241379310344828,Ptychodera_prebalancing.csv.gz
Ptychodera,scaffold9645_cov134:-:516300:516668,19734,no,train,scaffold9645_cov134,516316,-,243,0,Ptychodera_prebalancing.csv.gz
Ptychodera,scaffold16052_cov95:+:62339:62985,5198,yes,train,scaffold16052_cov95,62796,+,418,0.6792452830188679,Ptychodera_prebalancing.csv.gz
Ptychodera,scaffold1636_cov125:-:375792:376043,5571,no,train,scaffold1636_cov125,375811,-,304,0,Ptychodera_prebalancing.csv.gz
Ptychodera,scaffold18025_cov163:+:6470:7342,7149,no,train,scaffold18025_cov163,6445,+,2,0,Ptychodera_prebalancing.csv.gz
Ptychodera,scaffold3698_cov112:+:68018:68572,13324,yes,train,scaffold3698_cov112,68525,+,523,0.3576388888888889,Ptychodera_prebalancing.csv.gz
Ptychodera,scaffold17107_cov97:-:167714:170261,6155,yes,train,scaffold17107_cov97,167814,-,413,0.6777777777777778,Ptychodera_prebalancing.csv.gz
Ptychodera,scaffold44597_cov125:-:60049:60643,14951,yes,train,scaffold44597_cov125,60198,-,152,0.8298611111111112,Ptychodera_prebalancing.csv.gz
Ptychodera,scaffold96532_cov96:+:290036:290160,19845,no,train,scaffold96532_cov96,290026,+,49,0,Ptychodera_prebalancing.csv.gz
Ptychodera,scaffold26652_cov126:-:22721:23423,10424,no,train,scaffold26652_cov126,23351,-,83,0,Ptychodera_prebalancing.csv.gz
Ptychodera,scaffold8636_cov148:-:61168:61687,18940,no,train,scaffold8636_cov148,61196,-,429,0,Ptychodera_prebalancing.csv.gz
Ptychodera,scaffold10119_cov162:+:267012:267948,18,yes,train,scaffold10119_cov162,267046,+,36,0.2155172413793103,Ptychodera_prebalancing.csv.gz
Ptychodera,scaffold12565_cov89:-:352301:352848,2947,yes,train,scaffold12565_cov89,352835,-,75,0.3169014084507042,Ptychodera_prebalancing.csv.gz
Ptychodera,scaffold6644_cov166:+:24349:25176,16891,yes,train,scaffold6644_cov166,24787,+,226,1,Ptychodera_prebalancing.csv.gz
Ptychodera,scaffold1156384_cov162:-:285204:285691,1093,no,train,scaffold1156384_cov162,285241,-,182,0,Ptychodera_prebalancing.csv.gz
Ptychodera,scaffold20801_cov113:-:61731:62160,7957,yes,train,scaffold20801_cov113,62046,-,152,0.7777777777777778,Ptychodera_prebalancing.csv.gz
Ptychodera,scaffold8095_cov123:-:171963:172984,18559,no,train,scaffold8095_cov123,172965,-,4,0,Ptychodera_prebalancing.csv.gz
Ptychodera,scaffold12381_cov139:+:19073:19682,2454,no,train,scaffold12381_cov139,19072,+,7,0,Ptychodera_prebalancing.csv.gz
Ptychodera,scaffold15884_cov164:+:702959:703070,5016,yes,train,scaffold15884_cov164,703068,+,189,0.5851063829787234,Ptychodera_prebalancing.csv.gz
Ptychodera,scaffold3698_cov112:+:68018:68572,13260,yes,train,scaffold3698_cov112,68129,+,125,0.7905405405405406,Ptychodera_prebalancing.csv.gz
Ptychodera,scaffold1962_cov141:-:167038:167279,7564,yes,train,scaffold1962_cov141,167236,-,115,0.903846153846154,Ptychodera_prebalancing.csv.gz
Ptychodera,scaffold2817_cov143:-:740422:741833,10894,no,train,scaffold2817_cov143,740384,-,224,0,Ptychodera_prebalancing.csv.gz
Ptychodera,scaffold968_cov135:+:323367:323828,19907,no,train,scaffold968_cov135,323367,+,18,0,Ptychodera_prebalancing.csv.gz
Ptychodera,scaffold1846_cov106:+:136856:137077,7422,no,train,scaffold1846_cov106,137097,+,244,0,Ptychodera_prebalancing.csv.gz
Ptychodera,scaffold42799_cov92:-:31872:32078,14591,yes,train,scaffold42799_cov92,31914,-,185,0.312,Ptychodera_prebalancing.csv.gz
Ptychodera,scaffold2520_cov137:-:716980:717272,9837,yes,train,scaffold2520_cov137,717241,-,31,0.2952380952380952,Ptychodera_prebalancing.csv.gz
Ptychodera,scaffold1156384_cov162:-:285204:285691,1129,no,train,scaffold1156384_cov162,285683,-,22,0,Ptychodera_prebalancing.csv.gz
Ptychodera,scaffold6755_cov113:-:31779:31986,17180,yes,train,scaffold6755_cov113,31830,-,163,0.3347826086956522,Ptychodera_prebalancing.csv.gz
Ptychodera,scaffold13151_cov141:-:223221:223604,3133,yes,train,scaffold13151_cov141,223267,-,132,0.3504273504273504,Ptychodera_prebalancing.csv.gz
Ptychodera,scaffold348914_cov132:-:18141:18583,12908,yes,train,scaffold348914_cov132,18258,-,220,0.1704545454545454,Ptychodera_prebalancing.csv.gz
Ptychodera,scaffold462_cov140:+:786123:786403,15119,no,train,scaffold462_cov140,786033,+,1,0,Ptychodera_prebalancing.csv.gz
Ptychodera,scaffold2991_cov164:-:858007:858838,11679,yes,train,scaffold2991_cov164,858583,-,258,0.3962264150943396,Ptychodera_prebalancing.csv.gz
Ptychodera,scaffold1835_cov136:+:285845:286147,7334,yes,train,scaffold1835_cov136,285874,+,95,0.3237410071942446,Ptychodera_prebalancing.csv.gz
Ptychodera,scaffold24895_cov120:-:137039:137692,9469,yes,train,scaffold24895_cov120,137301,-,290,0.1637931034482758,Ptychodera_prebalancing.csv.gz
Ptychodera,scaffold9925_cov150:+:170081:170786,20150,no,train,scaffold9925_cov150,170374,+,309,0,Ptychodera_prebalancing.csv.gz
Ptychodera,scaffold910_cov130:+:473330:473536,19176,no,train,scaffold910_cov130,473454,+,184,0,Ptychodera_prebalancing.csv.gz
Ptychodera,scaffold15113_cov110:-:23645:25115,4422,no,train,scaffold15113_cov110,25117,-,9,0,Ptychodera_prebalancing.csv.gz
Ptychodera,scaffold1323_cov134:+:427103:427584,3196,yes,train,scaffold1323_cov134,427530,+,402,0.1621621621621621,Ptychodera_prebalancing.csv.gz
Ptychodera,scaffold385573_cov79:+:6977:7422,13547,yes,train,scaffold385573_cov79,7014,+,86,0.3,Ptychodera_prebalancing.csv.gz
Ptychodera,scaffold16052_cov95:+:62339:62985,5152,yes,train,scaffold16052_cov95,62370,+,36,0.8,Ptychodera_prebalancing.csv.gz
Ptychodera,scaffold124823_cov151:-:162483:162816,2821,no,train,scaffold124823_cov151,162676,-,155,0,Ptychodera_prebalancing.csv.gz
Ptychodera,scaffold1631_cov148:+:773586:775046,5488,no,train,scaffold1631_cov148,775081,+,232,0,Ptychodera_prebalancing.csv.gz
Ptychodera,scaffold12565_cov89:-:352301:352848,2908,yes,train,scaffold12565_cov89,352688,-,222,0.7692307692307693,Ptychodera_prebalancing.csv.gz
Ptychodera,scaffold8026_cov121:-:76174:76416,18382,yes,train,scaffold8026_cov121,76246,-,174,0.3119266055045872,Ptychodera_prebalancing.csv.gz
Ptychodera,scaffold1323_cov134:+:427103:427584,3238,no,train,scaffold1323_cov134,427673,+,545,0,Ptychodera_prebalancing.csv.gz
Ptychodera,scaffold968_cov135:+:323367:323828,19935,yes,train,scaffold968_cov135,323486,+,137,0.3363636363636363,Ptychodera_prebalancing.csv.gz
Ptychodera,scaffold38562_cov122:-:141886:143137,13584,yes,train,scaffold38562_cov122,141887,-,522,0.3076923076923077,Ptychodera_prebalancing.csv.gz
Ptychodera,scaffold16052_cov95:+:62339:62985,5156,no,train,scaffold16052_cov95,62397,+,63,0,Ptychodera_prebalancing.csv.gz
Ptychodera,scaffold47766_cov117:-:200215:200524,15263,no,train,scaffold47766_cov117,200355,-,179,0,Ptychodera_prebalancing.csv.gz
Ptychodera,scaffold21510_cov101:-:45556:46052,8513,yes,train,scaffold21510_cov101,45577,-,191,0.1828571428571428,Ptychodera_prebalancing.csv.gz
Ptychodera,scaffold32521_cov86:+:2399:2886,12264,yes,train,scaffold32521_cov86,2574,+,181,0.4536082474226804,Ptychodera_prebalancing.csv.gz
Ptychodera,scaffold6440_cov168:+:352921:355362,16596,yes,train,scaffold6440_cov168,354811,+,277,0.3140495867768595,Ptychodera_prebalancing.csv.gz
Ptychodera,scaffold8636_cov148:-:61168:61687,18942,no,train,scaffold8636_cov148,61199,-,426,0,Ptychodera_prebalancing.csv.gz
Ptychodera,scaffold1018_cov147:-:103995:104325,180,yes,train,scaffold1018_cov147,104055,-,186,0.3055555555555556,Ptychodera_prebalancing.csv.gz
Ptychodera,scaffold2817_cov143:-:740422:741833,10933,no,train,scaffold2817_cov143,740623,-,67,0,Ptychodera_prebalancing.csv.gz
Ptychodera,scaffold12141_cov164:-:9717:10517,2109,no,train,scaffold12141_cov164,9721,-,270,0,Ptychodera_prebalancing.csv.gz
Ptychodera,scaffold8026_cov121:-:76174:76416,18390,no,train,scaffold8026_cov121,76300,-,116,0,Ptychodera_prebalancing.csv.gz
Ptychodera,scaffold17162_cov153:+:189363:189663,6422,no,train,scaffold17162_cov153,189492,+,140,0,Ptychodera_prebalancing.csv.gz
Ptychodera,scaffold44597_cov125:-:60049:60643,14937,yes,train,scaffold44597_cov125,60158,-,192,1,Ptychodera_prebalancing.csv.gz
Ptychodera,scaffold22268_cov115:-:24754:25527,8876,no,train,scaffold22268_cov115,24866,-,44,0,Ptychodera_prebalancing.csv.gz
Ptychodera,scaffold30030_cov79:+:14578:14882,11779,no,train,scaffold30030_cov79,14709,+,133,0,Ptychodera_prebalancing.csv.gz
Ptychodera,scaffold32521_cov86:+:2399:2886,12236,yes,train,scaffold32521_cov86,2449,+,56,0.8212669683257918,Ptychodera_prebalancing.csv.gz
Ptychodera,scaffold13151_cov141:-:223221:223604,3131,yes,train,scaffold13151_cov141,223258,-,141,0.2521739130434782,Ptychodera_prebalancing.csv.gz
Ptychodera,scaffold60041_cov77:+:9334:9531,16311,yes,train,scaffold60041_cov77,9382,+,61,0.8879310344827587,Ptychodera_prebalancing.csv.gz
Ptychodera,scaffold3154_cov140:+:228764:228820,12002,yes,train,scaffold3154_cov140,228808,+,197,0.6183368869936035,Ptychodera_prebalancing.csv.gz
Ptychodera,scaffold2383_cov141:-:631985:632295,9132,no,train,scaffold2383_cov141,632106,-,208,0,Ptychodera_prebalancing.csv.gz
Ptychodera,scaffold2799_cov98:+:111319:111921,10878,no,train,scaffold2799_cov98,111422,+,104,0,Ptychodera_prebalancing.csv.gz
Ptychodera,scaffold1636_cov125:-:311909:312112,5535,yes,train,scaffold1636_cov125,312006,-,123,0.1923076923076923,Ptychodera_prebalancing.csv.gz
Ptychodera,scaffold38562_cov122:-:141886:143137,13570,no,train,scaffold38562_cov122,141850,-,559,0,Ptychodera_prebalancing.csv.gz
Ptychodera,scaffold1171266_cov138:+:73162:74049,1507,no,train,scaffold1171266_cov138,73902,+,336,0,Ptychodera_prebalancing.csv.gz
Ptychodera,scaffold3861_cov165:-:35132:35576,13841,no,train,scaffold3861_cov165,35638,-,166,0,Ptychodera_prebalancing.csv.gz
Ptychodera,scaffold940946_cov135:-:59871:60197,19362,no,train,scaffold940946_cov135,59934,-,277,0,Ptychodera_prebalancing.csv.gz
Ptychodera,scaffold44597_cov125:-:60049:60643,14932,yes,train,scaffold44597_cov125,60144,-,206,0.9943502824858758,Ptychodera_prebalancing.csv.gz
Ptychodera,scaffold1636_cov125:-:375792:376043,5595,no,train,scaffold1636_cov125,375858,-,257,0,Ptychodera_prebalancing.csv.gz
Ptychodera,scaffold2140_cov133:-:174815:176568,8466,yes,train,scaffold2140_cov133,175007,-,142,0.7130801687763713,Ptychodera_prebalancing.csv.gz
Ptychodera,scaffold178834_cov87:+:2261:3116,6980,yes,train,scaffold178834_cov87,2289,+,38,0.4041666666666667,Ptychodera_prebalancing.csv.gz
Ptychodera,scaffold2520_cov137:-:716980:717272,9791,no,train,scaffold2520_cov137,717071,-,205,0,Ptychodera_prebalancing.csv.gz
Ptychodera,scaffold26652_cov126:+:156424:156704,10477,yes,train,scaffold26652_cov126,156529,+,102,0.1669341894060995,Ptychodera_prebalancing.csv.gz
Ptychodera,scaffold20770_cov135:+:33735:33914,7901,yes,train,scaffold20770_cov135,33756,+,31,0.6176470588235294,Ptychodera_prebalancing.csv.gz
Ptychodera,scaffold1323_cov134:+:427103:427584,3183,yes,train,scaffold1323_cov134,427502,+,374,0.642433234421365,Ptychodera_prebalancing.csv.gz
Ptychodera,scaffold2326_cov84:-:195815:195896,9089,no,train,scaffold2326_cov84,195999,-,7,0,Ptychodera_prebalancing.csv.gz
Ptychodera,scaffold23899_cov112:+:9403:9576,9170,no,train,scaffold23899_cov112,9526,+,145,0,Ptychodera_prebalancing.csv.gz
Ptychodera,scaffold4067_cov148:+:83646:83942,14379,no,train,scaffold4067_cov148,83896,+,257,0,Ptychodera_prebalancing.csv.gz
Ptychodera,scaffold1676_cov84:-:198331:198854,5979,yes,train,scaffold1676_cov84,198740,-,163,0.7171717171717171,Ptychodera_prebalancing.csv.gz
Ptychodera,scaffold2520_cov137:-:716980:717272,9821,no,train,scaffold2520_cov137,717182,-,90,0,Ptychodera_prebalancing.csv.gz
Ptychodera,scaffold17689_cov156:+:96322:96960,6916,yes,train,scaffold17689_cov156,96544,+,158,0.4522613065326633,Ptychodera_prebalancing.csv.gz
Ptychodera,scaffold6755_cov113:-:31779:31986,17205,yes,train,scaffold6755_cov113,31963,-,69,0.5590062111801242,Ptychodera_prebalancing.csv.gz
Ptychodera,scaffold10734_cov95:+:35769:36582,313,no,train,scaffold10734_cov95,36492,+,266,0,Ptychodera_prebalancing.csv.gz
Ptychodera,scaffold208_cov126:+:155246:156052,8088,yes,train,scaffold208_cov126,155660,+,52,1,Ptychodera_prebalancing.csv.gz
Ptychodera,scaffold14354_cov137:-:94703:95626,3852,no,train,scaffold14354_cov137,95646,-,103,0,Ptychodera_prebalancing.csv.gz
Ptychodera,scaffold38562_cov122:-:141886:143137,13616,yes,train,scaffold38562_cov122,141985,-,424,0.7222222222222222,Ptychodera_prebalancing.csv.gz
Ptychodera,scaffold1018_cov147:-:103995:104325,221,yes,train,scaffold1018_cov147,104325,-,7,0.3924731182795699,Ptychodera_prebalancing.csv.gz
Ptychodera,scaffold17689_cov156:+:96322:96960,6951,yes,train,scaffold17689_cov156,96735,+,344,0.3212435233160621,Ptychodera_prebalancing.csv.gz
Ptychodera,scaffold16732_cov160:+:289154:289485,5839,no,train,scaffold16732_cov160,289139,+,21,0,Ptychodera_prebalancing.csv.gz
Ptychodera,scaffold13151_cov141:-:223221:223604,3118,no,train,scaffold13151_cov141,223194,-,205,0,Ptychodera_prebalancing.csv.gz
Ptychodera,scaffold38562_cov122:-:141886:143137,13711,yes,train,scaffold38562_cov122,143127,-,44,0.1844660194174757,Ptychodera_prebalancing.csv.gz
Ptychodera,scaffold478_cov113:-:167312:167702,15301,yes,train,scaffold478_cov113,167396,-,231,0.986159169550173,Ptychodera_prebalancing.csv.gz
Ptychodera,scaffold208_cov126:+:155246:156052,8150,yes,train,scaffold208_cov126,156015,+,241,0.9392712550607288,Ptychodera_prebalancing.csv.gz
Ptychodera,scaffold8320_cov145:-:201769:202952,18782,no,train,scaffold8320_cov145,202951,-,9,0,Ptychodera_prebalancing.csv.gz
Ptychodera,scaffold11130_cov140:-:107582:107712,535,yes,train,scaffold11130_cov140,107712,-,26,0.4851485148514851,Ptychodera_prebalancing.csv.gz
Ptychodera,scaffold9645_cov134:-:516300:516668,19773,no,train,scaffold9645_cov134,516597,-,105,0,Ptychodera_prebalancing.csv.gz
Ptychodera,scaffold3635_cov139:-:67923:68627,13157,no,train,scaffold3635_cov139,68463,-,271,0,Ptychodera_prebalancing.csv.gz
Ptychodera,scaffold1171258_cov122:+:213330:213576,1452,no,train,scaffold1171258_cov122,213553,+,244,0,Ptychodera_prebalancing.csv.gz
Ptychodera,scaffold7613_cov119:+:136766:136903,17986,no,train,scaffold7613_cov119,136866,+,181,0,Ptychodera_prebalancing.csv.gz
Ptychodera,scaffold1962_cov141:-:168291:168515,7611,no,train,scaffold1962_cov141,168284,-,180,0,Ptychodera_prebalancing.csv.gz
Ptychodera,scaffold1171763_cov97:-:24808:25449,1672,no,train,scaffold1171763_cov97,25448,-,9,0,Ptychodera_prebalancing.csv.gz
Ptychodera,scaffold1885_cov156:+:129197:130977,7453,yes,train,scaffold1885_cov156,129432,+,249,0.8198198198198198,Ptychodera_prebalancing.csv.gz
Ptychodera,scaffold32521_cov86:+:2399:2886,12299,no,train,scaffold32521_cov86,2683,+,297,0,Ptychodera_prebalancing.csv.gz
Ptychodera,scaffold3698_cov112:+:68018:68572,13335,yes,train,scaffold3698_cov112,68554,+,552,0.25,Ptychodera_prebalancing.csv.gz
Ptychodera,scaffold9569_cov136:-:510672:510737,19622,yes,train,scaffold9569_cov136,510733,-,73,0.3493150684931507,Ptychodera_prebalancing.csv.gz
Ptychodera,scaffold2794_cov133:+:82026:82461,10815,yes,train,scaffold2794_cov133,82037,+,28,0.4761904761904761,Ptychodera_prebalancing.csv.gz
Ptychodera,scaffold3081_cov168:-:128788:128942,11927,yes,train,scaffold3081_cov168,128922,-,98,0.2458100558659217,Ptychodera_prebalancing.csv.gz
Ptychodera,scaffold2440_cov108:-:296991:297406,9389,no,train,scaffold2440_cov108,297067,-,171,0,Ptychodera_prebalancing.csv.gz
Ptychodera,scaffold2313_cov111:-:91160:91479,8978,no,train,scaffold2313_cov111,91367,-,120,0,Ptychodera_prebalancing.csv.gz
Ptychodera,scaffold3861_cov165:-:35132:35576,13814,no,train,scaffold3861_cov165,35529,-,275,0,Ptychodera_prebalancing.csv.gz
Ptychodera,scaffold10981_cov157:-:320342:321622,418,no,train,scaffold10981_cov157,320410,-,455,0,Ptychodera_prebalancing.csv.gz
Ptychodera,scaffold9555_cov137:-:57548:57703,19470,no,train,scaffold9555_cov137,57449,-,386,0,Ptychodera_prebalancing.csv.gz
Ptychodera,scaffold1171258_cov122:+:213330:213576,1441,no,train,scaffold1171258_cov122,213516,+,207,0,Ptychodera_prebalancing.csv.gz
Ptychodera,scaffold56_cov136:+:584474:585605,16186,no,train,scaffold56_cov136,585563,+,295,0,Ptychodera_prebalancing.csv.gz
Ptychodera,scaffold4923_cov126:-:400667:401530,15631,no,train,scaffold4923_cov126,400978,-,445,0,Ptychodera_prebalancing.csv.gz
Ptychodera,scaffold96532_cov96:+:290036:290160,19852,yes,train,scaffold96532_cov96,290048,+,71,0.1745283018867924,Ptychodera_prebalancing.csv.gz
Ptychodera,scaffold1801_cov157:+:172979:173254,7088,no,train,scaffold1801_cov157,173158,+,246,0,Ptychodera_prebalancing.csv.gz
Ptychodera,scaffold39128_cov134:+:98912:99592,14062,no,train,scaffold39128_cov134,99302,+,399,0,Ptychodera_prebalancing.csv.gz
Ptychodera,scaffold10119_cov162:+:267012:267948,15,yes,train,scaffold10119_cov162,267043,+,33,0.6504065040650406,Ptychodera_prebalancing.csv.gz
Ptychodera,scaffold940946_cov135:-:59871:60197,19398,no,train,scaffold940946_cov135,60042,-,163,0,Ptychodera_prebalancing.csv.gz
Ptychodera,scaffold15286_cov116:+:379161:379775,4478,no,train,scaffold15286_cov116,379175,+,135,0,Ptychodera_prebalancing.csv.gz
Ptychodera,scaffold3989_cov117:-:30157:30265,14209,no,train,scaffold3989_cov117,30133,-,187,0,Ptychodera_prebalancing.csv.gz
Ptychodera,scaffold7613_cov119:+:136766:136903,17952,no,train,scaffold7613_cov119,136749,+,58,0,Ptychodera_prebalancing.csv.gz
Ptychodera,scaffold1156_cov135:+:159292:159369,1154,no,train,scaffold1156_cov135,159326,+,176,0,Ptychodera_prebalancing.csv.gz
Ptychodera,scaffold22042_cov145:-:44137:44562,8752,no,train,scaffold22042_cov145,44583,-,18,0,Ptychodera_prebalancing.csv.gz
Ptychodera,scaffold67423_cov132:-:90821:91300,17062,yes,train,scaffold67423_cov132,90862,-,401,0.5779816513761468,Ptychodera_prebalancing.csv.gz
Ptychodera,scaffold2520_cov137:-:716980:717272,9839,no,train,scaffold2520_cov137,717244,-,28,0,Ptychodera_prebalancing.csv.gz
Ptychodera,scaffold39380_cov153:-:70839:70938,14171,yes,train,scaffold39380_cov153,70918,-,72,0.1532846715328467,Ptychodera_prebalancing.csv.gz
Ptychodera,scaffold56_cov136:+:584474:585605,16164,no,train,scaffold56_cov136,585468,+,200,0,Ptychodera_prebalancing.csv.gz
Ptychodera,scaffold1224_cov153:-:203704:204843,2234,no,train,scaffold1224_cov153,204671,-,201,0,Ptychodera_prebalancing.csv.gz
Ptychodera,scaffold968_cov135:+:323367:323828,19933,yes,train,scaffold968_cov135,323484,+,135,0.3364485981308411,Ptychodera_prebalancing.csv.gz
Ptychodera,scaffold1631_cov148:+:705302:705603,5358,no,train,scaffold1631_cov148,705458,+,175,0,Ptychodera_prebalancing.csv.gz
Ptychodera,scaffold28973_cov114:-:191957:192418,11260,no,train,scaffold28973_cov114,192205,-,89,0,Ptychodera_prebalancing.csv.gz
Ptychodera,scaffold10189_cov149:+:223808:225100,140,no,train,scaffold10189_cov149,225074,+,385,0,Ptychodera_prebalancing.csv.gz
Ptychodera,scaffold12381_cov139:+:19073:19682,2553,no,train,scaffold12381_cov139,19586,+,341,0,Ptychodera_prebalancing.csv.gz
Ptychodera,scaffold4043_cov170:-:308373:308638,14272,yes,train,scaffold4043_cov170,308448,-,218,0.4444444444444444,Ptychodera_prebalancing.csv.gz
Ptychodera,scaffold8953_cov140:+:56023:56332,19092,yes,train,scaffold8953_cov140,56247,+,231,0.3039215686274509,Ptychodera_prebalancing.csv.gz
Ptychodera,scaffold56_cov136:+:584474:585605,16171,yes,train,scaffold56_cov136,585489,+,221,0.1845238095238095,Ptychodera_prebalancing.csv.gz
Ptychodera,scaffold1173_cov143:+:408154:408573,1889,yes,train,scaffold1173_cov143,408508,+,307,0.8424242424242424,Ptychodera_prebalancing.csv.gz
Ptychodera,scaffold1156384_cov162:-:285204:285691,1107,no,train,scaffold1156384_cov162,285293,-,130,0,Ptychodera_prebalancing.csv.gz
Ptychodera,scaffold4923_cov126:-:400667:401530,15591,no,train,scaffold4923_cov126,400806,-,617,0,Ptychodera_prebalancing.csv.gz
Ptychodera,scaffold8953_cov140:+:56023:56332,19099,yes,train,scaffold8953_cov140,56288,+,272,0.6555555555555556,Ptychodera_prebalancing.csv.gz
Ptychodera,scaffold478_cov113:-:167312:167702,15273,no,train,scaffold478_cov113,167321,-,306,0,Ptychodera_prebalancing.csv.gz
Ptychodera,scaffold3861_cov165:-:35132:35576,13734,yes,train,scaffold3861_cov165,35143,-,556,1,Ptychodera_prebalancing.csv.gz
Ptychodera,scaffold5571_cov159:-:181815:182119,16007,yes,train,scaffold5571_cov159,181872,-,139,0.2596153846153846,Ptychodera_prebalancing.csv.gz
Ptychodera,scaffold8953_cov140:+:56023:56332,19066,yes,train,scaffold8953_cov140,56080,+,58,0.6877323420074349,Ptychodera_prebalancing.csv.gz
Ptychodera,scaffold3698_cov112:+:68018:68572,13288,yes,train,scaffold3698_cov112,68238,+,234,0.5508021390374331,Ptychodera_prebalancing.csv.gz
Ptychodera,scaffold3698_cov112:+:68018:68572,13257,yes,train,scaffold3698_cov112,68120,+,116,0.9393939393939394,Ptychodera_prebalancing.csv.gz
Ptychodera,scaffold4923_cov126:-:400667:401530,15602,no,train,scaffold4923_cov126,400845,-,578,0,Ptychodera_prebalancing.csv.gz
Ptychodera,scaffold12335_cov130:+:147263:147554,2369,no,train,scaffold12335_cov130,147547,+,252,0,Ptychodera_prebalancing.csv.gz
Ptychodera,scaffold209507_cov154:-:41337:41458,8188,no,train,scaffold209507_cov154,41397,-,107,0,Ptychodera_prebalancing.csv.gz
Ptychodera,scaffold7723_cov121:+:445396:445849,18204,no,train,scaffold7723_cov121,445732,+,225,0,Ptychodera_prebalancing.csv.gz
Ptychodera,scaffold8095_cov123:-:171963:172984,18501,no,train,scaffold8095_cov123,172756,-,213,0,Ptychodera_prebalancing.csv.gz
Ptychodera,scaffold23174_cov134:+:212578:215051,9016,yes,train,scaffold23174_cov134,213544,+,50,0.1764705882352941,Ptychodera_prebalancing.csv.gz
Ptychodera,scaffold6811_cov133:-:238109:238607,17291,no,train,scaffold6811_cov133,238188,-,379,0,Ptychodera_prebalancing.csv.gz
Ptychodera,scaffold24497_cov89:-:27735:28057,9440,yes,train,scaffold24497_cov89,27771,-,298,0.3043478260869565,Ptychodera_prebalancing.csv.gz
Ptychodera,scaffold1835_cov136:+:285845:286147,7340,yes,train,scaffold1835_cov136,286126,+,140,0.4552845528455284,Ptychodera_prebalancing.csv.gz
Ptychodera,scaffold8095_cov123:-:171963:172984,18521,no,train,scaffold8095_cov123,172831,-,138,0,Ptychodera_prebalancing.csv.gz
Ptychodera,scaffold1560_cov86:-:11001:11335,4893,no,train,scaffold1560_cov86,11244,-,94,0,Ptychodera_prebalancing.csv.gz
Ptychodera,scaffold6901_cov141:-:794007:794312,17499,no,train,scaffold6901_cov141,794132,-,188,0,Ptychodera_prebalancing.csv.gz
Ptychodera,scaffold1171787_cov158:+:720830:721101,1678,yes,train,scaffold1171787_cov158,721021,+,24,0.6099290780141844,Ptychodera_prebalancing.csv.gz
Ptychodera,scaffold940946_cov135:-:59871:60197,19409,no,train,scaffold940946_cov135,60084,-,121,0,Ptychodera_prebalancing.csv.gz
Ptychodera,scaffold42799_cov92:-:31872:32078,14559,no,train,scaffold42799_cov92,31822,-,277,0,Ptychodera_prebalancing.csv.gz
Ptychodera,scaffold81961_cov101:+:2614:2737,18705,no,train,scaffold81961_cov101,2580,+,22,0,Ptychodera_prebalancing.csv.gz
Ptychodera,scaffold10119_cov162:+:267012:267948,21,yes,train,scaffold10119_cov162,267058,+,48,0.7766990291262136,Ptychodera_prebalancing.csv.gz
Ptychodera,scaffold478_cov113:-:167312:167702,15282,yes,train,scaffold478_cov113,167348,-,279,0.3421588594704684,Ptychodera_prebalancing.csv.gz
Ptychodera,scaffold23899_cov112:+:9403:9576,9143,no,train,scaffold23899_cov112,9392,+,5,0,Ptychodera_prebalancing.csv.gz
Ptychodera,scaffold2520_cov137:-:716980:717272,9761,no,train,scaffold2520_cov137,716986,-,290,0,Ptychodera_prebalancing.csv.gz
Ptychodera,scaffold968_cov135:+:323367:323828,19925,yes,train,scaffold968_cov135,323418,+,69,0.4766355140186916,Ptychodera_prebalancing.csv.gz
Ptychodera,scaffold3422_cov129:-:385086:386396,12680,yes,train,scaffold3422_cov129,385505,-,54,0.9223300970873788,Ptychodera_prebalancing.csv.gz
Ptychodera,scaffold28443_cov126:-:292364:292550,10984,yes,train,scaffold28443_cov126,292365,-,204,0.3687943262411347,Ptychodera_prebalancing.csv.gz
Ptychodera,scaffold12565_cov89:-:352301:352848,2946,yes,train,scaffold12565_cov89,352833,-,77,0.7880794701986755,Ptychodera_prebalancing.csv.gz
Ptychodera,scaffold3309_cov156:-:206495:208167,12398,no,train,scaffold3309_cov156,206493,-,375,0,Ptychodera_prebalancing.csv.gz
Ptychodera,scaffold16732_cov160:+:289154:289485,5852,no,train,scaffold16732_cov160,289173,+,55,0,Ptychodera_prebalancing.csv.gz
Ptychodera,scaffold11537_cov112:+:299365:299845,733,yes,train,scaffold11537_cov112,299568,+,114,0.2452173913043478,Ptychodera_prebalancing.csv.gz
Ptychodera,scaffold1676_cov84:-:198331:198854,6021,no,train,scaffold1676_cov84,198888,-,15,0,Ptychodera_prebalancing.csv.gz
Ptychodera,scaffold1018_cov147:-:103995:104325,167,no,train,scaffold1018_cov147,104025,-,216,0,Ptychodera_prebalancing.csv.gz
Ptychodera,scaffold7613_cov119:+:136766:136903,17963,no,train,scaffold7613_cov119,136790,+,99,0,Ptychodera_prebalancing.csv.gz
Ptychodera,scaffold114779_cov129:-:9728:10643,687,yes,train,scaffold114779_cov129,10559,-,22,0.3508771929824561,Ptychodera_prebalancing.csv.gz
Ptychodera,scaffold16732_cov160:+:289154:289485,5841,no,train,scaffold16732_cov160,289152,+,34,0,Ptychodera_prebalancing.csv.gz
Ptychodera,scaffold2991_cov164:-:247815:248280,11515,no,train,scaffold2991_cov164,248218,-,69,0,Ptychodera_prebalancing.csv.gz
Ptychodera,scaffold12565_cov89:-:352301:352848,2897,yes,train,scaffold12565_cov89,352478,-,431,0.79,Ptychodera_prebalancing.csv.gz
Ptychodera,scaffold2530_cov139:-:69656:69969,9853,no,train,scaffold2530_cov139,69650,-,339,0,Ptychodera_prebalancing.csv.gz
Ptychodera,scaffold20770_cov135:+:33735:33914,7918,no,train,scaffold20770_cov135,33871,+,151,0,Ptychodera_prebalancing.csv.gz
Ptychodera,scaffold17162_cov153:+:189363:189663,6426,no,train,scaffold17162_cov153,189513,+,161,0,Ptychodera_prebalancing.csv.gz
Ptychodera,scaffold44597_cov125:-:60049:60643,14941,yes,train,scaffold44597_cov125,60166,-,184,0.1647058823529411,Ptychodera_prebalancing.csv.gz
Ptychodera,scaffold1801_cov157:+:172979:173254,7027,no,train,scaffold1801_cov157,172937,+,19,0,Ptychodera_prebalancing.csv.gz
Ptychodera,scaffold7626_cov144:-:459173:459972,18029,yes,train,scaffold7626_cov144,459192,-,164,0.3187772925764192,Ptychodera_prebalancing.csv.gz
Ptychodera,scaffold6811_cov133:-:238109:238607,17316,no,train,scaffold6811_cov133,238285,-,282,0,Ptychodera_prebalancing.csv.gz
Ptychodera,scaffold348914_cov132:-:18141:18583,12936,no,train,scaffold348914_cov132,18550,-,82,0,Ptychodera_prebalancing.csv.gz
Ptychodera,scaffold39128_cov134:+:98912:99592,14013,no,train,scaffold39128_cov134,99134,+,226,0,Ptychodera_prebalancing.csv.gz
Ptychodera,scaffold556_cov97:+:144855:145103,15969,no,train,scaffold556_cov97,145016,+,177,0,Ptychodera_prebalancing.csv.gz
Ptychodera,scaffold6755_cov113:-:31779:31986,17195,yes,train,scaffold6755_cov113,31936,-,96,0.9945054945054944,Ptychodera_prebalancing.csv.gz
Ptychodera,scaffold3698_cov112:+:68018:68572,13305,yes,train,scaffold3698_cov112,68436,+,434,0.3946360153256705,Ptychodera_prebalancing.csv.gz
Ptychodera,scaffold75012_cov130:+:116027:116370,17854,no,train,scaffold75012_cov130,116036,+,15,0,Ptychodera_prebalancing.csv.gz
Ptychodera,scaffold20801_cov113:-:61731:62160,7951,no,train,scaffold20801_cov113,62028,-,170,0,Ptychodera_prebalancing.csv.gz
Ptychodera,scaffold1631_cov148:+:705302:705603,5377,yes,train,scaffold1631_cov148,705521,+,228,0.957983193277311,Ptychodera_prebalancing.csv.gz
Ptychodera,scaffold178834_cov87:+:2261:3116,7006,yes,train,scaffold178834_cov87,3074,+,177,0.9343065693430656,Ptychodera_prebalancing.csv.gz
Ptychodera,scaffold6644_cov166:+:24349:25176,16887,yes,train,scaffold6644_cov166,24759,+,198,0.9454545454545454,Ptychodera_prebalancing.csv.gz
Ptychodera,scaffold12381_cov139:+:19073:19682,2573,no,train,scaffold12381_cov139,19621,+,376,0,Ptychodera_prebalancing.csv.gz
Ptychodera,scaffold10981_cov157:-:320342:321622,422,no,train,scaffold10981_cov157,320462,-,403,0,Ptychodera_prebalancing.csv.gz
Ptychodera,scaffold2869_cov154:+:107409:107792,11009,no,train,scaffold2869_cov154,107383,+,2,0,Ptychodera_prebalancing.csv.gz
Ptychodera,scaffold7723_cov121:+:445396:445849,18189,no,train,scaffold7723_cov121,445693,+,186,0,Ptychodera_prebalancing.csv.gz
Ptychodera,scaffold178834_cov87:+:2261:3116,7004,yes,train,scaffold178834_cov87,3065,+,168,0.9804878048780488,Ptychodera_prebalancing.csv.gz
Ptychodera,scaffold4067_cov148:+:83646:83942,14392,no,train,scaffold4067_cov148,83940,+,301,0,Ptychodera_prebalancing.csv.gz
Ptychodera,scaffold3861_cov165:-:35132:35576,13748,yes,train,scaffold3861_cov165,35203,-,496,0.4372093023255814,Ptychodera_prebalancing.csv.gz
Ptychodera,scaffold6445_cov98:+:453373:453685,16629,no,train,scaffold6445_cov98,453695,+,181,0,Ptychodera_prebalancing.csv.gz
Ptychodera,scaffold38562_cov122:-:141886:143137,13707,no,train,scaffold38562_cov122,143114,-,57,0,Ptychodera_prebalancing.csv.gz
Ptychodera,scaffold9925_cov150:+:170081:170786,20189,yes,train,scaffold9925_cov150,170513,+,448,0.354978354978355,Ptychodera_prebalancing.csv.gz
Ptychodera,scaffold6836_cov122:+:33453:34073,17433,yes,train,scaffold6836_cov122,33848,+,171,0.2916666666666667,Ptychodera_prebalancing.csv.gz
Ptychodera,scaffold12381_cov139:+:19073:19682,2594,yes,train,scaffold12381_cov139,19682,+,437,0.2461538461538461,Ptychodera_prebalancing.csv.gz
Ptychodera,scaffold17107_cov97:-:167714:170261,6143,no,train,scaffold17107_cov97,167755,-,472,0,Ptychodera_prebalancing.csv.gz
Ptychodera,scaffold26652_cov126:+:156424:156704,10469,yes,train,scaffold26652_cov126,156497,+,70,0.7033747779751333,Ptychodera_prebalancing.csv.gz
Ptychodera,scaffold24497_cov89:-:27735:28057,9453,yes,train,scaffold24497_cov89,27848,-,221,0.8838709677419355,Ptychodera_prebalancing.csv.gz
Ptychodera,scaffold17107_cov97:-:167714:170261,6191,yes,train,scaffold17107_cov97,167935,-,292,0.285,Ptychodera_prebalancing.csv.gz
Ptychodera,scaffold9925_cov150:+:170081:170786,20094,yes,train,scaffold9925_cov150,170164,+,92,0.157258064516129,Ptychodera_prebalancing.csv.gz
Ptychodera,scaffold1236_cov83:-:159619:159706,2450,yes,train,scaffold1236_cov83,159660,-,314,0.168141592920354,Ptychodera_prebalancing.csv.gz
Ptychodera,scaffold17326_cov146:-:125600:125798,6808,no,train,scaffold17326_cov146,125619,-,176,0,Ptychodera_prebalancing.csv.gz
Ptychodera,scaffold1846_cov106:+:136856:137077,7419,no,train,scaffold1846_cov106,137091,+,238,0,Ptychodera_prebalancing.csv.gz
Ptychodera,scaffold10983_cov102:-:132602:132940,525,no,train,scaffold10983_cov102,132853,-,13,0,Ptychodera_prebalancing.csv.gz
Ptychodera,scaffold6811_cov133:-:238109:238607,17356,yes,train,scaffold6811_cov133,238510,-,121,0.9289099526066352,Ptychodera_prebalancing.csv.gz
Ptychodera,scaffold31965_cov155:-:252190:253635,12070,yes,train,scaffold31965_cov155,252277,-,226,0.48,Ptychodera_prebalancing.csv.gz
Ptychodera,scaffold1323_cov134:+:427103:427584,3190,yes,train,scaffold1323_cov134,427512,+,384,1,Ptychodera_prebalancing.csv.gz
Ptychodera,scaffold3309_cov156:-:206495:208167,12393,no,train,scaffold3309_cov156,206481,-,387,0,Ptychodera_prebalancing.csv.gz
Ptychodera,scaffold1155138_cov151:-:615230:615346,805,no,train,scaffold1155138_cov151,615308,-,264,0,Ptychodera_prebalancing.csv.gz
Ptychodera,scaffold1631_cov148:+:773586:775046,5470,yes,train,scaffold1631_cov148,775046,+,197,0.2254901960784313,Ptychodera_prebalancing.csv.gz
Ptychodera,scaffold38562_cov122:-:141886:143137,13614,yes,train,scaffold38562_cov122,141980,-,429,0.2682926829268293,Ptychodera_prebalancing.csv.gz
Ptychodera,scaffold161704_cov130:+:35436:35670,5293,no,train,scaffold161704_cov130,35685,+,301,0,Ptychodera_prebalancing.csv.gz
Ptychodera,scaffold2499_cov133:+:24665:25063,9703,yes,train,scaffold2499_cov133,24706,+,56,0.2452830188679245,Ptychodera_prebalancing.csv.gz
Ptychodera,scaffold23899_cov112:+:9403:9576,9158,yes,train,scaffold23899_cov112,9466,+,79,0.3861386138613861,Ptychodera_prebalancing.csv.gz
Ptychodera,scaffold24895_cov120:-:137039:137692,9466,yes,train,scaffold24895_cov120,137256,-,335,0.3962264150943396,Ptychodera_prebalancing.csv.gz
Ptychodera,scaffold11337_cov136:+:85658:85971,576,yes,train,scaffold11337_cov136,85937,+,284,0.196078431372549,Ptychodera_prebalancing.csv.gz
Ptychodera,scaffold12381_cov139:+:19073:19682,2585,no,train,scaffold12381_cov139,19658,+,413,0,Ptychodera_prebalancing.csv.gz
Ptychodera,scaffold16732_cov160:+:289154:289485,5904,yes,train,scaffold16732_cov160,289430,+,246,0.1640625,Ptychodera_prebalancing.csv.gz
Ptychodera,scaffold1171763_cov97:-:24808:25449,1612,yes,train,scaffold1171763_cov97,24824,-,343,0.7183098591549296,Ptychodera_prebalancing.csv.gz
Ptychodera,scaffold50865_cov127:-:17389:18451,15698,yes,train,scaffold50865_cov127,18170,-,298,0.3425925925925926,Ptychodera_prebalancing.csv.gz
Ptychodera,scaffold485_cov122:-:34345:34618,15468,no,train,scaffold485_cov122,34547,-,92,0,Ptychodera_prebalancing.csv.gz
Ptychodera,scaffold10983_cov102:-:132602:132940,466,yes,train,scaffold10983_cov102,132671,-,202,0.7815126050420168,Ptychodera_prebalancing.csv.gz
Ptychodera,scaffold3422_cov129:-:385086:386396,12679,yes,train,scaffold3422_cov129,385490,-,69,0.8,Ptychodera_prebalancing.csv.gz
Ptychodera,scaffold9637_cov165:-:716723:716901,19719,yes,train,scaffold9637_cov165,716726,-,287,0.3557692307692308,Ptychodera_prebalancing.csv.gz
Ptychodera,scaffold50865_cov127:-:17389:18451,15735,yes,train,scaffold50865_cov127,18413,-,50,0.2521008403361344,Ptychodera_prebalancing.csv.gz
Ptychodera,scaffold1018_cov147:-:103995:104325,202,yes,train,scaffold1018_cov147,104262,-,70,0.3947368421052631,Ptychodera_prebalancing.csv.gz
Ptychodera,scaffold25869_cov120:+:161390:162036,10222,no,train,scaffold25869_cov120,161726,+,203,0,Ptychodera_prebalancing.csv.gz
Ptychodera,scaffold161704_cov130:+:35436:35670,5255,no,train,scaffold161704_cov130,35576,+,192,0,Ptychodera_prebalancing.csv.gz
Ptychodera,scaffold8026_cov121:-:76174:76416,18397,yes,train,scaffold8026_cov121,76320,-,96,0.8712121212121212,Ptychodera_prebalancing.csv.gz
Ptychodera,scaffold42799_cov92:-:31872:32078,14618,yes,train,scaffold42799_cov92,32006,-,87,0.270440251572327,Ptychodera_prebalancing.csv.gz
Ptychodera,scaffold2991_cov164:-:247815:248280,11511,no,train,scaffold2991_cov164,248202,-,85,0,Ptychodera_prebalancing.csv.gz
Ptychodera,scaffold9925_cov150:+:170081:170786,20158,no,train,scaffold9925_cov150,170402,+,337,0,Ptychodera_prebalancing.csv.gz
Ptychodera,scaffold6901_cov141:-:794007:794312,17505,yes,train,scaffold6901_cov141,794268,-,46,0.1885245901639344,Ptychodera_prebalancing.csv.gz
Ptychodera,scaffold42799_cov92:-:31872:32078,14567,no,train,scaffold42799_cov92,31844,-,255,0,Ptychodera_prebalancing.csv.gz
Ptychodera,scaffold2326_cov84:-:195815:195896,9034,no,train,scaffold2326_cov84,195848,-,158,0,Ptychodera_prebalancing.csv.gz
Ptychodera,scaffold20096_cov109:+:121341:121634,7812,no,train,scaffold20096_cov109,121341,+,15,0,Ptychodera_prebalancing.csv.gz
Ptychodera,scaffold1171763_cov97:-:24808:25449,1663,yes,train,scaffold1171763_cov97,25336,-,121,0.3069306930693069,Ptychodera_prebalancing.csv.gz
Ptychodera,scaffold9555_cov137:-:57548:57703,19588,no,train,scaffold9555_cov137,57821,-,8,0,Ptychodera_prebalancing.csv.gz
Ptychodera,scaffold17326_cov146:-:125600:125798,6806,yes,train,scaffold17326_cov146,125615,-,180,0.2045454545454545,Ptychodera_prebalancing.csv.gz
Ptychodera,scaffold17689_cov156:+:96322:96960,6943,yes,train,scaffold17689_cov156,96712,+,321,0.9869281045751634,Ptychodera_prebalancing.csv.gz
Ptychodera,scaffold2089_cov155:-:232960:233269,8006,yes,train,scaffold2089_cov155,233261,-,11,0.3038674033149171,Ptychodera_prebalancing.csv.gz
Ptychodera,scaffold3698_cov112:+:68018:68572,13298,yes,train,scaffold3698_cov112,68399,+,397,0.7784431137724551,Ptychodera_prebalancing.csv.gz
Ptychodera,scaffold32521_cov86:+:2399:2886,12362,yes,train,scaffold32521_cov86,2873,+,487,0.3389830508474576,Ptychodera_prebalancing.csv.gz
Ptychodera,scaffold12141_cov164:-:9717:10517,2115,yes,train,scaffold12141_cov164,9730,-,261,0.369047619047619,Ptychodera_prebalancing.csv.gz
Ptychodera,scaffold153100_cov97:+:57733:57923,4558,yes,train,scaffold153100_cov97,57891,+,166,0.3529411764705882,Ptychodera_prebalancing.csv.gz
Ptychodera,scaffold1676_cov84:-:198331:198854,5990,yes,train,scaffold1676_cov84,198767,-,136,0.2398190045248869,Ptychodera_prebalancing.csv.gz
Ptychodera,scaffold940946_cov135:-:59871:60197,19412,no,train,scaffold940946_cov135,60100,-,105,0,Ptychodera_prebalancing.csv.gz
Ptychodera,scaffold1171266_cov138:-:157533:158115,1582,no,train,scaffold1171266_cov138,158020,-,40,0,Ptychodera_prebalancing.csv.gz
Ptychodera,scaffold1171787_cov158:+:720830:721101,1694,yes,train,scaffold1171787_cov158,721095,+,98,0.7651245551601423,Ptychodera_prebalancing.csv.gz
Ptychodera,scaffold7266_cov140:+:132494:133145,17741,yes,train,scaffold7266_cov140,132681,+,128,0.2037037037037037,Ptychodera_prebalancing.csv.gz
Ptychodera,scaffold1323_cov134:+:427103:427584,3194,yes,train,scaffold1323_cov134,427519,+,391,0.6146245059288538,Ptychodera_prebalancing.csv.gz
Ptychodera,scaffold6840_cov145:+:37299:38653,17449,yes,train,scaffold6840_cov145,38089,+,123,0.5040650406504065,Ptychodera_prebalancing.csv.gz
Ptychodera,scaffold2530_cov139:-:69656:69969,9867,no,train,scaffold2530_cov139,69744,-,245,0,Ptychodera_prebalancing.csv.gz
Ptychodera,scaffold6840_cov145:+:37299:38653,17445,yes,train,scaffold6840_cov145,38080,+,114,0.9774436090225564,Ptychodera_prebalancing.csv.gz
Ptychodera,scaffold17107_cov97:-:167714:170261,6153,yes,train,scaffold17107_cov97,167803,-,424,0.8206896551724138,Ptychodera_prebalancing.csv.gz
Ptychodera,scaffold1846_cov106:+:136856:137077,7425,no,train,scaffold1846_cov106,137101,+,248,0,Ptychodera_prebalancing.csv.gz
Ptychodera,scaffold4923_cov126:-:400667:401530,15638,yes,train,scaffold4923_cov126,400999,-,424,0.5409836065573771,Ptychodera_prebalancing.csv.gz
Ptychodera,scaffold9925_cov150:+:170081:170786,20166,yes,train,scaffold9925_cov150,170433,+,368,0.3614457831325301,Ptychodera_prebalancing.csv.gz
Ptychodera,scaffold2794_cov133:+:82026:82461,10817,yes,train,scaffold2794_cov133,82049,+,40,0.4846153846153846,Ptychodera_prebalancing.csv.gz
Ptychodera,scaffold3698_cov112:+:68018:68572,13342,yes,train,scaffold3698_cov112,68571,+,569,0.2258503401360544,Ptychodera_prebalancing.csv.gz
Ptychodera,scaffold1962_cov141:-:167038:167279,7558,no,train,scaffold1962_cov141,167219,-,132,0,Ptychodera_prebalancing.csv.gz
Ptychodera,scaffold10189_cov149:+:223808:225100,131,no,train,scaffold10189_cov149,224933,+,244,0,Ptychodera_prebalancing.csv.gz
Ptychodera,scaffold16631_cov137:+:14242:14561,5813,no,train,scaffold16631_cov137,14484,+,206,0,Ptychodera_prebalancing.csv.gz
Ptychodera,scaffold6811_cov133:-:238109:238607,17296,yes,train,scaffold6811_cov133,238204,-,363,0.9785407725321889,Ptychodera_prebalancing.csv.gz
Ptychodera,scaffold15286_cov116:+:379161:379775,4539,no,train,scaffold15286_cov116,379697,+,366,0,Ptychodera_prebalancing.csv.gz
Ptychodera,scaffold44597_cov125:-:60049:60643,14944,yes,train,scaffold44597_cov125,60173,-,177,0.7597173144876325,Ptychodera_prebalancing.csv.gz
Ptychodera,scaffold4478_cov130:-:183043:183191,14979,no,train,scaffold4478_cov130,183129,-,80,0,Ptychodera_prebalancing.csv.gz
Ptychodera,scaffold3309_cov156:-:685249:685617,12435,yes,train,scaffold3309_cov156,685344,-,314,0.2366412213740458,Ptychodera_prebalancing.csv.gz
Ptychodera,scaffold39128_cov134:+:98912:99592,13984,yes,train,scaffold39128_cov134,99043,+,135,0.4594594594594595,Ptychodera_prebalancing.csv.gz
Ptychodera,scaffold2991_cov164:-:858007:858838,11754,no,train,scaffold2991_cov164,858795,-,46,0,Ptychodera_prebalancing.csv.gz
Ptychodera,scaffold910_cov130:+:473330:473536,19191,no,train,scaffold910_cov130,473486,+,216,0,Ptychodera_prebalancing.csv.gz
Ptychodera,scaffold1171266_cov138:-:157533:158115,1574,yes,train,scaffold1171266_cov138,157996,-,64,0.3929824561403509,Ptychodera_prebalancing.csv.gz
Ptychodera,scaffold11453_cov132:+:21302:21601,597,no,train,scaffold11453_cov132,21370,+,78,0,Ptychodera_prebalancing.csv.gz
Ptychodera,scaffold39128_cov134:+:98912:99592,13976,yes,train,scaffold39128_cov134,99030,+,122,0.3661971830985915,Ptychodera_prebalancing.csv.gz
Ptychodera,scaffold698_cov122:-:207303:208348,17575,no,train,scaffold698_cov122,207293,-,208,0,Ptychodera_prebalancing.csv.gz
Ptychodera,scaffold39128_cov134:+:98912:99592,14089,no,train,scaffold39128_cov134,99400,+,497,0,Ptychodera_prebalancing.csv.gz
Ptychodera,scaffold42799_cov92:-:31872:32078,14599,no,train,scaffold42799_cov92,31929,-,170,0,Ptychodera_prebalancing.csv.gz
Ptychodera,scaffold4478_cov130:-:183043:183191,14996,no,train,scaffold4478_cov130,183173,-,36,0,Ptychodera_prebalancing.csv.gz
Ptychodera,scaffold7626_cov144:-:459173:459972,18062,no,train,scaffold7626_cov144,459961,-,33,0,Ptychodera_prebalancing.csv.gz
Ptychodera,scaffold1539_cov135:-:495376:495773,4669,yes,train,scaffold1539_cov135,495377,-,195,0.2890173410404624,Ptychodera_prebalancing.csv.gz
Ptychodera,scaffold25869_cov120:+:161390:162036,10204,no,train,scaffold25869_cov120,161660,+,137,0,Ptychodera_prebalancing.csv.gz
Ptychodera,scaffold12335_cov130:+:147263:147554,2351,yes,train,scaffold12335_cov130,147509,+,214,0.1798561151079136,Ptychodera_prebalancing.csv.gz
Ptychodera,scaffold208_cov126:+:146398:147328,8019,no,train,scaffold208_cov126,146410,+,21,0,Ptychodera_prebalancing.csv.gz
Ptychodera,scaffold16052_cov95:+:62339:62985,5147,yes,train,scaffold16052_cov95,62352,+,18,0.9929577464788732,Ptychodera_prebalancing.csv.gz
Ptychodera,scaffold3698_cov112:+:68018:68572,13343,yes,train,scaffold3698_cov112,68572,+,570,0.238544474393531,Ptychodera_prebalancing.csv.gz
Ptychodera,scaffold1560_cov86:-:11001:11335,4899,no,train,scaffold1560_cov86,11260,-,78,0,Ptychodera_prebalancing.csv.gz
Ptychodera,scaffold4067_cov148:+:83646:83942,14430,no,train,scaffold4067_cov148,84035,+,396,0,Ptychodera_prebalancing.csv.gz
Ptychodera,scaffold2799_cov98:+:111319:111921,10861,yes,train,scaffold2799_cov98,111344,+,26,0.4188034188034188,Ptychodera_prebalancing.csv.gz
Ptychodera,scaffold32521_cov86:+:2399:2886,12233,yes,train,scaffold32521_cov86,2439,+,46,0.5630252100840336,Ptychodera_prebalancing.csv.gz
Ptychodera,scaffold22042_cov145:-:11224:12451,8668,yes,train,scaffold22042_cov145,11254,-,191,0.4777070063694267,Ptychodera_prebalancing.csv.gz
Ptychodera,scaffold9925_cov150:+:170081:170786,20107,no,train,scaffold9925_cov150,170202,+,130,0,Ptychodera_prebalancing.csv.gz
Ptychodera,scaffold16052_cov95:+:62339:62985,5150,yes,train,scaffold16052_cov95,62367,+,33,0.4682539682539682,Ptychodera_prebalancing.csv.gz
Ptychodera,scaffold3861_cov165:-:35132:35576,13740,yes,train,scaffold3861_cov165,35173,-,526,0.9401709401709402,Ptychodera_prebalancing.csv.gz
Ptychodera,scaffold1323_cov134:+:427103:427584,3207,yes,train,scaffold1323_cov134,427560,+,432,0.8305084745762712,Ptychodera_prebalancing.csv.gz
Ptychodera,scaffold1018_cov147:-:103995:104325,203,no,train,scaffold1018_cov147,104269,-,63,0,Ptychodera_prebalancing.csv.gz
Ptychodera,scaffold81961_cov101:+:2614:2737,18733,no,train,scaffold81961_cov101,2653,+,95,0,Ptychodera_prebalancing.csv.gz
Ptychodera,scaffold3861_cov165:-:35132:35576,13874,no,train,scaffold3861_cov165,35742,-,62,0,Ptychodera_prebalancing.csv.gz
Ptychodera,scaffold1603_cov140:-:2704:3035,5066,no,train,scaffold1603_cov140,2787,-,266,0,Ptychodera_prebalancing.csv.gz
Ptychodera,scaffold39128_cov134:+:98912:99592,14083,no,train,scaffold39128_cov134,99379,+,476,0,Ptychodera_prebalancing.csv.gz
Ptychodera,scaffold18025_cov163:+:6470:7342,7204,no,train,scaffold18025_cov163,6966,+,301,0,Ptychodera_prebalancing.csv.gz
Ptychodera,scaffold42799_cov92:-:31872:32078,14592,no,train,scaffold42799_cov92,31915,-,184,0,Ptychodera_prebalancing.csv.gz
Ptychodera,scaffold4067_cov148:+:83646:83942,14435,no,train,scaffold4067_cov148,84057,+,418,0,Ptychodera_prebalancing.csv.gz
Ptychodera,scaffold208_cov126:+:155246:156052,8078,yes,train,scaffold208_cov126,155628,+,20,0.9207920792079208,Ptychodera_prebalancing.csv.gz
Ptychodera,scaffold3698_cov112:+:68018:68572,13294,yes,train,scaffold3698_cov112,68271,+,267,0.5272727272727272,Ptychodera_prebalancing.csv.gz
Ptychodera,scaffold2440_cov108:-:296991:297406,9414,no,train,scaffold2440_cov108,297349,-,67,0,Ptychodera_prebalancing.csv.gz
Ptychodera,scaffold485_cov122:-:34345:34618,15369,no,train,scaffold485_cov122,34292,-,352,0,Ptychodera_prebalancing.csv.gz
Ptychodera,scaffold1636_cov125:-:311909:312112,5498,no,train,scaffold1636_cov125,311901,-,228,0,Ptychodera_prebalancing.csv.gz
Ptychodera,scaffold5178_cov121:-:386626:386801,15763,yes,train,scaffold5178_cov121,386627,-,195,0.3986486486486486,Ptychodera_prebalancing.csv.gz
Ptychodera,scaffold3563_cov125:-:35702:36535,13103,yes,train,scaffold3563_cov125,36055,-,90,0.1854838709677419,Ptychodera_prebalancing.csv.gz
Ptychodera,scaffold114779_cov129:-:9728:10643,686,yes,train,scaffold114779_cov129,10558,-,23,0.8189655172413793,Ptychodera_prebalancing.csv.gz
Ptychodera,scaffold1636_cov125:-:375792:376043,5621,no,train,scaffold1636_cov125,375988,-,123,0,Ptychodera_prebalancing.csv.gz
Ptychodera,scaffold1171258_cov122:+:213330:213576,1394,no,train,scaffold1171258_cov122,213338,+,25,0,Ptychodera_prebalancing.csv.gz
Ptychodera,scaffold21297_cov142:-:138460:138685,8326,yes,train,scaffold21297_cov142,138473,-,173,0.2142857142857142,Ptychodera_prebalancing.csv.gz
Ptychodera,scaffold209507_cov154:-:41337:41458,8191,no,train,scaffold209507_cov154,41413,-,85,0,Ptychodera_prebalancing.csv.gz
Ptychodera,scaffold2991_cov164:-:858007:858838,11610,no,train,scaffold2991_cov164,858240,-,495,0,Ptychodera_prebalancing.csv.gz
Ptychodera,scaffold765_cov148:+:233581:233840,18103,no,train,scaffold765_cov148,233618,+,73,0,Ptychodera_prebalancing.csv.gz
Ptychodera,scaffold11559_cov105:+:53281:53740,985,no,train,scaffold11559_cov105,53784,+,442,0,Ptychodera_prebalancing.csv.gz
Ptychodera,scaffold17107_cov97:-:167714:170261,6182,yes,train,scaffold17107_cov97,167900,-,327,1,Ptychodera_prebalancing.csv.gz
Ptychodera,scaffold13328_cov168:+:112359:112609,3390,no,train,scaffold13328_cov168,112357,+,53,0,Ptychodera_prebalancing.csv.gz
Ptychodera,scaffold10981_cov157:-:320342:321622,445,yes,train,scaffold10981_cov157,320847,-,95,0.8983050847457628,Ptychodera_prebalancing.csv.gz
Ptychodera,scaffold851_cov164:+:208862:209420,18914,no,train,scaffold851_cov164,209313,+,183,0,Ptychodera_prebalancing.csv.gz
Ptychodera,scaffold96526_cov86:+:25896:26454,19818,yes,train,scaffold96526_cov86,26303,+,213,0.9042553191489362,Ptychodera_prebalancing.csv.gz
Ptychodera,scaffold30030_cov79:+:14578:14882,11805,yes,train,scaffold30030_cov79,14803,+,233,0.2575757575757575,Ptychodera_prebalancing.csv.gz
Ptychodera,scaffold2991_cov164:-:858007:858838,11721,yes,train,scaffold2991_cov164,858688,-,153,0.4840764331210191,Ptychodera_prebalancing.csv.gz
Ptychodera,scaffold20096_cov109:+:121341:121634,7845,no,train,scaffold20096_cov109,121568,+,125,0,Ptychodera_prebalancing.csv.gz
Ptychodera,scaffold2140_cov133:-:174815:176568,8435,yes,train,scaffold2140_cov133,174916,-,239,0.8043478260869565,Ptychodera_prebalancing.csv.gz
Ptychodera,scaffold1676_cov84:-:198331:198854,5978,yes,train,scaffold1676_cov84,198739,-,164,0.2608695652173913,Ptychodera_prebalancing.csv.gz
Ptychodera,scaffold3782_cov139:+:169976:170896,13415,no,train,scaffold3782_cov139,170758,+,111,0,Ptychodera_prebalancing.csv.gz
Ptychodera,scaffold2383_cov141:-:631985:632295,9101,no,train,scaffold2383_cov141,631992,-,322,0,Ptychodera_prebalancing.csv.gz
Ptychodera,scaffold478_cov113:-:167312:167702,15329,yes,train,scaffold478_cov113,167587,-,115,0.5286103542234333,Ptychodera_prebalancing.csv.gz
Ptychodera,scaffold6836_cov122:+:33453:34073,17430,yes,train,scaffold6836_cov122,33835,+,158,0.4077669902912621,Ptychodera_prebalancing.csv.gz
Ptychodera,scaffold9645_cov134:-:516300:516668,19793,yes,train,scaffold9645_cov134,516641,-,61,0.9,Ptychodera_prebalancing.csv.gz
Ptychodera,scaffold10119_cov162:+:267012:267948,10,yes,train,scaffold10119_cov162,267021,+,11,0.76,Ptychodera_prebalancing.csv.gz
Ptychodera,scaffold2520_cov137:-:716980:717272,9813,no,train,scaffold2520_cov137,717138,-,134,0,Ptychodera_prebalancing.csv.gz
Ptychodera,scaffold13801_cov94:-:33000:33728,3589,no,train,scaffold13801_cov94,33693,-,97,0,Ptychodera_prebalancing.csv.gz
Ptychodera,scaffold8636_cov148:-:61168:61687,18941,no,train,scaffold8636_cov148,61198,-,427,0,Ptychodera_prebalancing.csv.gz
Ptychodera,scaffold20770_cov135:+:33735:33914,7907,no,train,scaffold20770_cov135,33849,+,129,0,Ptychodera_prebalancing.csv.gz
Ptychodera,scaffold3861_cov165:-:35132:35576,13725,no,train,scaffold3861_cov165,35112,-,587,0,Ptychodera_prebalancing.csv.gz
Ptychodera,scaffold6755_cov113:-:31779:31986,17193,yes,train,scaffold6755_cov113,31932,-,100,0.5082872928176796,Ptychodera_prebalancing.csv.gz
Ptychodera,scaffold7266_cov140:+:132494:133145,17792,no,train,scaffold7266_cov140,133013,+,340,0,Ptychodera_prebalancing.csv.gz
Ptychodera,scaffold12381_cov139:+:19073:19682,2589,no,train,scaffold12381_cov139,19666,+,421,0,Ptychodera_prebalancing.csv.gz
Ptychodera,scaffold8026_cov121:-:76174:76416,18380,yes,train,scaffold8026_cov121,76243,-,177,0.7115384615384616,Ptychodera_prebalancing.csv.gz
Ptychodera,scaffold4478_cov130:-:183043:183191,14992,no,train,scaffold4478_cov130,183165,-,44,0,Ptychodera_prebalancing.csv.gz
Ptychodera,scaffold13328_cov168:+:112359:112609,3414,no,train,scaffold13328_cov168,112434,+,134,0,Ptychodera_prebalancing.csv.gz
Ptychodera,scaffold32521_cov86:+:2399:2886,12352,yes,train,scaffold32521_cov86,2836,+,450,0.5508771929824562,Ptychodera_prebalancing.csv.gz
Ptychodera,scaffold2991_cov164:-:858007:858838,11550,yes,train,scaffold2991_cov164,858028,-,707,0.298780487804878,Ptychodera_prebalancing.csv.gz
Ptychodera,scaffold12381_cov139:+:19073:19682,2481,no,train,scaffold12381_cov139,19139,+,74,0,Ptychodera_prebalancing.csv.gz
Ptychodera,scaffold3861_cov165:-:35132:35576,13742,yes,train,scaffold3861_cov165,35190,-,509,0.9735449735449736,Ptychodera_prebalancing.csv.gz
Ptychodera,scaffold10983_cov102:-:132602:132940,467,yes,train,scaffold10983_cov102,132678,-,195,0.9824561403508772,Ptychodera_prebalancing.csv.gz
Ptychodera,scaffold7266_cov140:+:132494:133145,17748,yes,train,scaffold7266_cov140,132708,+,155,0.6424581005586593,Ptychodera_prebalancing.csv.gz
Ptychodera,scaffold173136_cov123:+:8039:8280,6756,no,train,scaffold173136_cov123,8046,+,18,0,Ptychodera_prebalancing.csv.gz
Ptychodera,scaffold13328_cov168:+:112359:112609,3428,no,train,scaffold13328_cov168,112479,+,179,0,Ptychodera_prebalancing.csv.gz
Ptychodera,scaffold24497_cov89:-:27735:28057,9455,yes,train,scaffold24497_cov89,27859,-,210,0.9629629629629628,Ptychodera_prebalancing.csv.gz
Ptychodera,scaffold7626_cov144:-:459173:459972,18057,no,train,scaffold7626_cov144,459944,-,50,0,Ptychodera_prebalancing.csv.gz
Ptychodera,scaffold8636_cov148:-:61168:61687,18962,no,train,scaffold8636_cov148,61390,-,235,0,Ptychodera_prebalancing.csv.gz
Ptychodera,scaffold968_cov135:+:323367:323828,19948,yes,train,scaffold968_cov135,323528,+,179,0.3053435114503817,Ptychodera_prebalancing.csv.gz
Ptychodera,scaffold12565_cov89:-:352301:352848,2924,yes,train,scaffold12565_cov89,352764,-,146,0.6512820512820513,Ptychodera_prebalancing.csv.gz
Ptychodera,scaffold2326_cov84:-:195815:195896,9039,no,train,scaffold2326_cov84,195861,-,145,0,Ptychodera_prebalancing.csv.gz
Ptychodera,scaffold13801_cov94:-:33000:33728,3585,no,train,scaffold13801_cov94,33683,-,107,0,Ptychodera_prebalancing.csv.gz
Ptychodera,scaffold3081_cov168:-:128788:128942,11934,yes,train,scaffold3081_cov168,128942,-,78,0.7607655502392344,Ptychodera_prebalancing.csv.gz
Ptychodera,scaffold16732_cov160:+:289154:289485,5851,no,train,scaffold16732_cov160,289172,+,54,0,Ptychodera_prebalancing.csv.gz
Ptychodera,scaffold32521_cov86:+:2399:2886,12257,no,train,scaffold32521_cov86,2552,+,159,0,Ptychodera_prebalancing.csv.gz
Ptychodera,scaffold2991_cov164:-:247815:248280,11476,yes,train,scaffold2991_cov164,247900,-,222,0.3410596026490066,Ptychodera_prebalancing.csv.gz
Ptychodera,scaffold2440_cov108:-:296991:297406,9433,no,train,scaffold2440_cov108,297414,-,2,0,Ptychodera_prebalancing.csv.gz
Ptychodera,scaffold3309_cov156:-:206495:208167,12428,yes,train,scaffold3309_cov156,206844,-,19,0.5905511811023622,Ptychodera_prebalancing.csv.gz
Ptychodera,scaffold124823_cov151:-:162483:162816,2829,yes,train,scaffold124823_cov151,162721,-,110,0.5746714456391876,Ptychodera_prebalancing.csv.gz
Ptychodera,scaffold3064_cov157:-:750409:751493,11858,yes,train,scaffold3064_cov157,750486,-,688,0.1886792452830188,Ptychodera_prebalancing.csv.gz
Ptychodera,scaffold24497_cov89:-:27735:28057,9452,yes,train,scaffold24497_cov89,27842,-,227,0.8104575163398693,Ptychodera_prebalancing.csv.gz
Ptychodera,scaffold2991_cov164:+:23681:24617,11430,yes,train,scaffold2991_cov164,23748,+,85,0.1889763779527559,Ptychodera_prebalancing.csv.gz
Ptychodera,scaffold9925_cov150:+:170081:170786,20097,yes,train,scaffold9925_cov150,170179,+,107,0.4912891986062718,Ptychodera_prebalancing.csv.gz
Ptychodera,scaffold25120_cov124:-:105463:105780,9711,no,train,scaffold25120_cov124,105633,-,163,0,Ptychodera_prebalancing.csv.gz
Ptychodera,scaffold106908_cov93:+:3541:3901,289,yes,train,scaffold106908_cov93,3901,+,371,0.8616352201257862,Ptychodera_prebalancing.csv.gz
Ptychodera,scaffold14354_cov137:-:94703:95626,3811,no,train,scaffold14354_cov137,94854,-,244,0,Ptychodera_prebalancing.csv.gz
Ptychodera,scaffold21510_cov101:-:45556:46052,8506,no,train,scaffold21510_cov101,45550,-,218,0,Ptychodera_prebalancing.csv.gz
Ptychodera,scaffold3698_cov112:+:68018:68572,13341,yes,train,scaffold3698_cov112,68570,+,568,0.1530201342281879,Ptychodera_prebalancing.csv.gz
Ptychodera,scaffold9569_cov136:-:510672:510737,19610,yes,train,scaffold9569_cov136,510684,-,124,0.25,Ptychodera_prebalancing.csv.gz
Ptychodera,scaffold10165_cov134:-:283423:285289,59,no,train,scaffold10165_cov134,283911,-,161,0,Ptychodera_prebalancing.csv.gz
Ptychodera,scaffold17689_cov156:+:96322:96960,6915,yes,train,scaffold17689_cov156,96541,+,155,0.7157360406091371,Ptychodera_prebalancing.csv.gz
Ptychodera,scaffold12335_cov130:+:147263:147554,2305,no,train,scaffold12335_cov130,147218,+,27,0,Ptychodera_prebalancing.csv.gz
Ptychodera,scaffold3422_cov129:-:385086:386396,12672,no,train,scaffold3422_cov129,385477,-,82,0,Ptychodera_prebalancing.csv.gz
Ptychodera,scaffold44597_cov125:-:60049:60643,14950,yes,train,scaffold44597_cov125,60196,-,154,0.4425087108013937,Ptychodera_prebalancing.csv.gz
Ptychodera,scaffold14354_cov137:-:94703:95626,3772,no,train,scaffold14354_cov137,94728,-,370,0,Ptychodera_prebalancing.csv.gz
Ptychodera,scaffold2140_cov133:-:174815:176568,8472,yes,train,scaffold2140_cov133,175035,-,114,0.1611374407582938,Ptychodera_prebalancing.csv.gz
Ptychodera,scaffold2440_cov108:-:296991:297406,9349,no,train,scaffold2440_cov108,296971,-,267,0,Ptychodera_prebalancing.csv.gz
Ptychodera,scaffold12381_cov139:+:19073:19682,2521,no,train,scaffold12381_cov139,19288,+,223,0,Ptychodera_prebalancing.csv.gz
Ptychodera,scaffold2089_cov155:-:232960:233269,8005,yes,train,scaffold2089_cov155,233260,-,12,0.3277777777777778,Ptychodera_prebalancing.csv.gz
Ptychodera,scaffold3861_cov165:-:35132:35576,13888,no,train,scaffold3861_cov165,35785,-,19,0,Ptychodera_prebalancing.csv.gz
Ptychodera,scaffold21297_cov142:-:138460:138685,8365,no,train,scaffold21297_cov142,138623,-,75,0,Ptychodera_prebalancing.csv.gz
Ptychodera,scaffold6649_cov117:-:267599:267994,16916,yes,train,scaffold6649_cov117,267929,-,78,0.5714285714285714,Ptychodera_prebalancing.csv.gz
Ptychodera,scaffold13151_cov141:-:223221:223604,3140,no,train,scaffold13151_cov141,223530,-,94,0,Ptychodera_prebalancing.csv.gz
Ptychodera,scaffold6811_cov133:-:238109:238607,17276,yes,train,scaffold6811_cov133,238129,-,438,0.6436170212765957,Ptychodera_prebalancing.csv.gz
Ptychodera,scaffold556_cov97:+:144855:145103,15943,no,train,scaffold556_cov97,144932,+,91,0,Ptychodera_prebalancing.csv.gz
Ptychodera,scaffold106908_cov93:+:3541:3901,277,no,train,scaffold106908_cov93,3812,+,282,0,Ptychodera_prebalancing.csv.gz
Ptychodera,scaffold7723_cov121:+:445396:445849,18152,no,train,scaffold7723_cov121,445568,+,55,0,Ptychodera_prebalancing.csv.gz
Ptychodera,scaffold2991_cov164:-:247815:248280,11449,yes,train,scaffold2991_cov164,247820,-,302,0.3211678832116788,Ptychodera_prebalancing.csv.gz
Ptychodera,scaffold32521_cov86:+:2399:2886,12295,no,train,scaffold32521_cov86,2671,+,285,0,Ptychodera_prebalancing.csv.gz
Ptychodera,scaffold31965_cov155:-:252190:253635,12039,no,train,scaffold31965_cov155,252207,-,296,0,Ptychodera_prebalancing.csv.gz
Ptychodera,scaffold25120_cov124:-:105463:105780,9748,no,train,scaffold25120_cov124,105785,-,11,0,Ptychodera_prebalancing.csv.gz
Ptychodera,scaffold26652_cov126:+:156424:156704,10509,yes,train,scaffold26652_cov126,156662,+,203,0.304635761589404,Ptychodera_prebalancing.csv.gz
Ptychodera,scaffold20096_cov109:+:121341:121634,7828,yes,train,scaffold20096_cov109,121390,+,64,0.8756218905472637,Ptychodera_prebalancing.csv.gz
Ptychodera,scaffold1962_cov141:-:167038:167279,7536,yes,train,scaffold1962_cov141,167100,-,253,0.2222222222222222,Ptychodera_prebalancing.csv.gz
Ptychodera,scaffold1801_cov157:+:172979:173254,7050,no,train,scaffold1801_cov157,173038,+,120,0,Ptychodera_prebalancing.csv.gz
Ptychodera,scaffold1156276_cov87:-:99184:100330,1005,yes,train,scaffold1156276_cov87,99185,-,272,0.213953488372093,Ptychodera_prebalancing.csv.gz
Ptychodera,scaffold4923_cov126:-:400667:401530,15637,no,train,scaffold4923_cov126,400996,-,427,0,Ptychodera_prebalancing.csv.gz
Ptychodera,scaffold17689_cov156:+:96322:96960,6924,yes,train,scaffold17689_cov156,96573,+,187,0.2080924855491329,Ptychodera_prebalancing.csv.gz
Ptychodera,scaffold17689_cov156:+:96322:96960,6937,yes,train,scaffold17689_cov156,96608,+,222,0.6274509803921569,Ptychodera_prebalancing.csv.gz
Ptychodera,scaffold106908_cov93:+:3541:3901,266,no,train,scaffold106908_cov93,3747,+,217,0,Ptychodera_prebalancing.csv.gz
Ptychodera,scaffold79475_cov142:-:27270:27396,18328,yes,train,scaffold79475_cov142,27334,-,22,0.4966887417218543,Ptychodera_prebalancing.csv.gz
Ptychodera,scaffold8953_cov140:+:56023:56332,19113,yes,train,scaffold8953_cov140,56318,+,302,0.9226519337016574,Ptychodera_prebalancing.csv.gz
Ptychodera,scaffold17162_cov153:+:189363:189663,6468,no,train,scaffold17162_cov153,189635,+,289,0,Ptychodera_prebalancing.csv.gz
Ptychodera,scaffold4043_cov170:-:308373:308638,14280,no,train,scaffold4043_cov170,308548,-,111,0,Ptychodera_prebalancing.csv.gz
Ptychodera,scaffold22042_cov145:-:11224:12451,8662,yes,train,scaffold22042_cov145,11236,-,209,0.5705882352941176,Ptychodera_prebalancing.csv.gz
Ptychodera,scaffold208_cov126:+:155246:156052,8098,yes,train,scaffold208_cov126,155683,+,75,0.4281914893617021,Ptychodera_prebalancing.csv.gz
Ptychodera,scaffold17689_cov156:+:96322:96960,6947,yes,train,scaffold17689_cov156,96727,+,336,0.6223404255319149,Ptychodera_prebalancing.csv.gz
Ptychodera,scaffold6811_cov133:-:238109:238607,17368,yes,train,scaffold6811_cov133,238540,-,91,0.5,Ptychodera_prebalancing.csv.gz
Ptychodera,scaffold26652_cov126:-:22721:23423,10352,yes,train,scaffold26652_cov126,23157,-,277,0.2535211267605634,Ptychodera_prebalancing.csv.gz
Ptychodera,scaffold21173_cov137:-:525055:525229,8299,yes,train,scaffold21173_cov137,525177,-,75,0.9559748427672956,Ptychodera_prebalancing.csv.gz
Ptychodera,scaffold2991_cov164:-:247815:248280,11455,yes,train,scaffold2991_cov164,247834,-,288,0.2542372881355932,Ptychodera_prebalancing.csv.gz
Ptychodera,scaffold10165_cov134:-:283423:285289,82,yes,train,scaffold10165_cov134,285231,-,78,0.2208955223880597,Ptychodera_prebalancing.csv.gz
Ptychodera,scaffold1636_cov125:-:311909:312112,5560,no,train,scaffold1636_cov125,312105,-,18,0,Ptychodera_prebalancing.csv.gz
Ptychodera,scaffold1171258_cov122:+:213330:213576,1415,no,train,scaffold1171258_cov122,213425,+,112,0,Ptychodera_prebalancing.csv.gz
Ptychodera,scaffold16631_cov137:+:14242:14561,5783,no,train,scaffold16631_cov137,14381,+,97,0,Ptychodera_prebalancing.csv.gz
Ptychodera,scaffold208_cov126:+:155246:156052,8114,yes,train,scaffold208_cov126,155736,+,128,0.2751842751842752,Ptychodera_prebalancing.csv.gz
Ptychodera,scaffold3081_cov168:-:128788:128942,11923,yes,train,scaffold3081_cov168,128909,-,111,0.18,Ptychodera_prebalancing.csv.gz
Ptychodera,scaffold14503_cov110:+:699477:699642,3989,no,train,scaffold14503_cov110,699465,+,13,0,Ptychodera_prebalancing.csv.gz
Ptychodera,scaffold6901_cov141:-:794007:794312,17474,yes,train,scaffold6901_cov141,794045,-,275,0.3609467455621302,Ptychodera_prebalancing.csv.gz
Ptychodera,scaffold1171763_cov97:-:24808:25449,1649,no,train,scaffold1171763_cov97,25285,-,172,0,Ptychodera_prebalancing.csv.gz
Ptychodera,scaffold32521_cov86:+:2399:2886,12322,yes,train,scaffold32521_cov86,2766,+,380,0.3472527472527472,Ptychodera_prebalancing.csv.gz
Ptychodera,scaffold24497_cov89:-:27735:28057,9434,yes,train,scaffold24497_cov89,27759,-,310,0.238095238095238,Ptychodera_prebalancing.csv.gz
Ptychodera,scaffold1962_cov141:-:167038:167279,7588,no,train,scaffold1962_cov141,167327,-,24,0,Ptychodera_prebalancing.csv.gz
Ptychodera,scaffold1636_cov125:-:375792:376043,5576,no,train,scaffold1636_cov125,375820,-,295,0,Ptychodera_prebalancing.csv.gz
Ptychodera,scaffold21510_cov101:-:45556:46052,8523,no,train,scaffold21510_cov101,45609,-,159,0,Ptychodera_prebalancing.csv.gz
Ptychodera,scaffold208_cov126:+:155246:156052,8079,yes,train,scaffold208_cov126,155635,+,27,0.5295698924731183,Ptychodera_prebalancing.csv.gz
Ptychodera,scaffold12565_cov89:-:352301:352848,2886,yes,train,scaffold12565_cov89,352431,-,478,0.2179487179487179,Ptychodera_prebalancing.csv.gz
Ptychodera,scaffold968_cov135:+:323367:323828,19921,yes,train,scaffold968_cov135,323403,+,54,0.5564516129032258,Ptychodera_prebalancing.csv.gz
Ptychodera,scaffold56_cov136:+:584474:585605,16188,no,train,scaffold56_cov136,585573,+,305,0,Ptychodera_prebalancing.csv.gz
Ptychodera,scaffold15286_cov116:+:379161:379775,4535,no,train,scaffold15286_cov116,379673,+,342,0,Ptychodera_prebalancing.csv.gz
Ptychodera,scaffold968_cov135:+:323367:323828,19914,no,train,scaffold968_cov135,323384,+,35,0,Ptychodera_prebalancing.csv.gz
Ptychodera,scaffold3861_cov165:-:35132:35576,13881,no,train,scaffold3861_cov165,35765,-,39,0,Ptychodera_prebalancing.csv.gz
Ptychodera,scaffold12565_cov89:-:352301:352848,2937,yes,train,scaffold12565_cov89,352805,-,105,0.7685589519650655,Ptychodera_prebalancing.csv.gz
Ptychodera,scaffold3563_cov125:-:35702:36535,13095,no,train,scaffold3563_cov125,35835,-,204,0,Ptychodera_prebalancing.csv.gz
Ptychodera,scaffold6644_cov166:+:24349:25176,16901,yes,train,scaffold6644_cov166,24861,+,300,0.2037037037037037,Ptychodera_prebalancing.csv.gz
Ptychodera,scaffold22042_cov145:-:11224:12451,8681,no,train,scaffold22042_cov145,11299,-,146,0,Ptychodera_prebalancing.csv.gz
Ptychodera,scaffold1323_cov134:+:427103:427584,3175,no,train,scaffold1323_cov134,427483,+,355,0,Ptychodera_prebalancing.csv.gz
Ptychodera,scaffold3309_cov156:-:206495:208167,12397,no,train,scaffold3309_cov156,206492,-,376,0,Ptychodera_prebalancing.csv.gz
Ptychodera,scaffold1636_cov125:-:311909:312112,5558,yes,train,scaffold1636_cov125,312103,-,20,0.2448979591836734,Ptychodera_prebalancing.csv.gz
Ptychodera,scaffold39128_cov134:+:98912:99592,14070,no,train,scaffold39128_cov134,99330,+,427,0,Ptychodera_prebalancing.csv.gz
Ptychodera,scaffold2817_cov143:-:740422:741833,10885,no,train,scaffold2817_cov143,740359,-,249,0,Ptychodera_prebalancing.csv.gz
Ptychodera,scaffold44597_cov125:-:60049:60643,14953,yes,train,scaffold44597_cov125,60202,-,148,0.8705035971223022,Ptychodera_prebalancing.csv.gz
Ptychodera,scaffold2817_cov143:-:740422:741833,10916,no,train,scaffold2817_cov143,740465,-,143,0,Ptychodera_prebalancing.csv.gz
Ptychodera,scaffold6755_cov113:-:31779:31986,17216,no,train,scaffold6755_cov113,31993,-,39,0,Ptychodera_prebalancing.csv.gz
Ptychodera,scaffold1171266_cov138:+:73162:74049,1488,no,train,scaffold1171266_cov138,73852,+,286,0,Ptychodera_prebalancing.csv.gz
Ptychodera,scaffold153100_cov97:+:57733:57923,4564,yes,train,scaffold153100_cov97,57910,+,185,0.3603603603603603,Ptychodera_prebalancing.csv.gz
Ptychodera,scaffold4067_cov148:+:83646:83942,14413,no,train,scaffold4067_cov148,83980,+,341,0,Ptychodera_prebalancing.csv.gz
Ptychodera,scaffold208_cov126:+:146398:147328,8016,no,train,scaffold208_cov126,146401,+,12,0,Ptychodera_prebalancing.csv.gz
Ptychodera,scaffold2520_cov137:-:716980:717272,9773,yes,train,scaffold2520_cov137,717020,-,256,0.2323651452282157,Ptychodera_prebalancing.csv.gz
Ptychodera,scaffold2520_cov137:-:716980:717272,9845,yes,train,scaffold2520_cov137,717265,-,7,0.312,Ptychodera_prebalancing.csv.gz
Ptychodera,scaffold1631_cov148:+:705302:705603,5407,yes,train,scaffold1631_cov148,705603,+,310,0.3759398496240601,Ptychodera_prebalancing.csv.gz
Ptychodera,scaffold8953_cov140:+:56023:56332,19083,yes,train,scaffold8953_cov140,56132,+,110,0.3089430894308943,Ptychodera_prebalancing.csv.gz
Ptychodera,scaffold6440_cov168:+:352921:355362,16561,yes,train,scaffold6440_cov168,354065,+,24,0.5620437956204379,Ptychodera_prebalancing.csv.gz
Ptychodera,scaffold10981_cov157:-:320342:321622,404,no,train,scaffold10981_cov157,320345,-,520,0,Ptychodera_prebalancing.csv.gz
Ptychodera,scaffold17689_cov156:+:96322:96960,6958,yes,train,scaffold17689_cov156,96761,+,370,0.2434210526315789,Ptychodera_prebalancing.csv.gz
Ptychodera,scaffold149577_cov91:-:2917:3229,4294,yes,train,scaffold149577_cov91,2981,-,310,0.992063492063492,Ptychodera_prebalancing.csv.gz
Ptychodera,scaffold24497_cov89:-:27735:28057,9444,yes,train,scaffold24497_cov89,27785,-,284,0.7142857142857143,Ptychodera_prebalancing.csv.gz
Ptychodera,scaffold8953_cov140:+:56023:56332,19102,yes,train,scaffold8953_cov140,56292,+,276,0.4010989010989011,Ptychodera_prebalancing.csv.gz
Ptychodera,scaffold96532_cov96:+:290036:290160,19841,no,train,scaffold96532_cov96,289998,+,21,0,Ptychodera_prebalancing.csv.gz
Ptychodera,scaffold26652_cov126:-:22721:23423,10376,no,train,scaffold26652_cov126,23226,-,208,0,Ptychodera_prebalancing.csv.gz
Ptychodera,scaffold2103_cov101:+:254725:255017,8231,no,train,scaffold2103_cov101,255006,+,201,0,Ptychodera_prebalancing.csv.gz
Ptychodera,scaffold3698_cov112:+:68018:68572,13330,yes,train,scaffold3698_cov112,68543,+,541,0.425,Ptychodera_prebalancing.csv.gz
Ptychodera,scaffold114779_cov129:-:9728:10643,622,yes,train,scaffold114779_cov129,9940,-,470,0.68,Ptychodera_prebalancing.csv.gz
Ptychodera,scaffold13801_cov94:-:33000:33728,3583,no,train,scaffold13801_cov94,33368,-,124,0,Ptychodera_prebalancing.csv.gz
Ptychodera,scaffold153100_cov97:+:57733:57923,4567,yes,train,scaffold153100_cov97,57918,+,193,0.2621359223300971,Ptychodera_prebalancing.csv.gz
Ptychodera,scaffold209507_cov154:-:41337:41458,8166,no,train,scaffold209507_cov154,41312,-,192,0,Ptychodera_prebalancing.csv.gz
Ptychodera,scaffold2530_cov139:+:315112:315261,9946,no,train,scaffold2530_cov139,315277,+,206,0,Ptychodera_prebalancing.csv.gz
Ptychodera,scaffold4043_cov170:-:308373:308638,14269,yes,train,scaffold4043_cov170,308441,-,225,0.991150442477876,Ptychodera_prebalancing.csv.gz
Ptychodera,scaffold2140_cov133:-:174815:176568,8465,yes,train,scaffold2140_cov133,175006,-,143,0.1680327868852459,Ptychodera_prebalancing.csv.gz
Ptychodera,scaffold2869_cov154:+:107409:107792,11026,yes,train,scaffold2869_cov154,107430,+,49,0.3228571428571428,Ptychodera_prebalancing.csv.gz
Ptychodera,scaffold6901_cov141:-:794007:794312,17459,yes,train,scaffold6901_cov141,794011,-,309,0.2304347826086956,Ptychodera_prebalancing.csv.gz
Ptychodera,scaffold485_cov122:-:34345:34618,15466,no,train,scaffold485_cov122,34545,-,94,0,Ptychodera_prebalancing.csv.gz
Ptychodera,scaffold478_cov113:-:167312:167702,15302,yes,train,scaffold478_cov113,167399,-,228,0.9976717112922002,Ptychodera_prebalancing.csv.gz
Ptychodera,scaffold9925_cov150:+:170081:170786,20095,yes,train,scaffold9925_cov150,170165,+,93,0.56,Ptychodera_prebalancing.csv.gz
Ptychodera,scaffold25866_cov149:-:341036:341425,10163,yes,train,scaffold25866_cov149,341364,-,21,0.9807692307692308,Ptychodera_prebalancing.csv.gz
Ptychodera,scaffold1676_cov84:-:198331:198854,5949,yes,train,scaffold1676_cov84,198433,-,321,0.2460732984293193,Ptychodera_prebalancing.csv.gz
Ptychodera,scaffold69346_cov100:-:116631:116958,17530,yes,train,scaffold69346_cov100,116886,-,51,0.5344827586206896,Ptychodera_prebalancing.csv.gz
Ptychodera,scaffold96532_cov96:+:290036:290160,19872,yes,train,scaffold96532_cov96,290117,+,130,0.2050412021328163,Ptychodera_prebalancing.csv.gz
Ptychodera,scaffold96532_cov96:+:290036:290160,19879,no,train,scaffold96532_cov96,290147,+,160,0,Ptychodera_prebalancing.csv.gz
Ptychodera,scaffold1173_cov143:+:408154:408573,1825,yes,train,scaffold1173_cov143,408236,+,81,0.7388888888888889,Ptychodera_prebalancing.csv.gz
Ptychodera,scaffold385573_cov79:+:6977:7422,13554,yes,train,scaffold385573_cov79,7046,+,118,0.8970588235294118,Ptychodera_prebalancing.csv.gz
Ptychodera,scaffold17107_cov97:-:167714:170261,6181,yes,train,scaffold17107_cov97,167899,-,328,1,Ptychodera_prebalancing.csv.gz
Ptychodera,scaffold300_cov133:+:193732:194072,11853,yes,train,scaffold300_cov133,193808,+,93,0.4263565891472868,Ptychodera_prebalancing.csv.gz
Ptychodera,scaffold12565_cov89:-:352301:352848,2919,yes,train,scaffold12565_cov89,352730,-,180,0.5061728395061729,Ptychodera_prebalancing.csv.gz
Ptychodera,scaffold16631_cov137:+:14242:14561,5820,yes,train,scaffold16631_cov137,14512,+,234,0.2857142857142857,Ptychodera_prebalancing.csv.gz
Ptychodera,scaffold2991_cov164:-:858007:858838,11593,yes,train,scaffold2991_cov164,858181,-,554,0.4550561797752809,Ptychodera_prebalancing.csv.gz
Ptychodera,scaffold1156384_cov162:-:285204:285691,1123,yes,train,scaffold1156384_cov162,285636,-,69,0.4600238663484486,Ptychodera_prebalancing.csv.gz
Ptychodera,scaffold6644_cov166:+:24349:25176,16896,no,train,scaffold6644_cov166,24852,+,291,0,Ptychodera_prebalancing.csv.gz
Ptychodera,scaffold14503_cov110:+:699477:699642,4039,no,train,scaffold14503_cov110,699671,+,224,0,Ptychodera_prebalancing.csv.gz
Ptychodera,scaffold2530_cov139:-:69656:69969,9877,no,train,scaffold2530_cov139,69790,-,199,0,Ptychodera_prebalancing.csv.gz
Ptychodera,scaffold25866_cov149:-:341036:341425,10141,no,train,scaffold25866_cov149,341113,-,145,0,Ptychodera_prebalancing.csv.gz
Ptychodera,scaffold16052_cov95:+:62339:62985,5146,yes,train,scaffold16052_cov95,62350,+,16,0.8561151079136691,Ptychodera_prebalancing.csv.gz
Ptychodera,scaffold14354_cov137:-:94703:95626,3859,no,train,scaffold14354_cov137,95662,-,87,0,Ptychodera_prebalancing.csv.gz
Ptychodera,scaffold2313_cov111:-:91160:91479,8975,yes,train,scaffold2313_cov111,91276,-,145,0.2427184466019417,Ptychodera_prebalancing.csv.gz
Ptychodera,scaffold11537_cov112:+:299365:299845,707,yes,train,scaffold11537_cov112,299495,+,41,0.6452702702702703,Ptychodera_prebalancing.csv.gz
Ptychodera,scaffold17107_cov97:-:167714:170261,6190,yes,train,scaffold17107_cov97,167934,-,293,0.5960591133004927,Ptychodera_prebalancing.csv.gz
Ptychodera,scaffold7266_cov140:+:132494:133145,17769,no,train,scaffold7266_cov140,132945,+,272,0,Ptychodera_prebalancing.csv.gz
Ptychodera,scaffold25120_cov124:-:105463:105780,9741,no,train,scaffold25120_cov124,105752,-,44,0,Ptychodera_prebalancing.csv.gz
Ptychodera,scaffold2530_cov139:+:315112:315261,9900,no,train,scaffold2530_cov139,315107,+,31,0,Ptychodera_prebalancing.csv.gz
Ptychodera,scaffold910_cov130:+:473330:473536,19231,no,train,scaffold910_cov130,473590,+,320,0,Ptychodera_prebalancing.csv.gz
Ptychodera,scaffold12141_cov164:-:9717:10517,2159,yes,train,scaffold12141_cov164,9907,-,79,0.74,Ptychodera_prebalancing.csv.gz
Ptychodera,scaffold79475_cov142:-:27270:27396,18322,yes,train,scaffold79475_cov142,27292,-,64,0.4775280898876404,Ptychodera_prebalancing.csv.gz
Ptychodera,scaffold50865_cov127:-:17389:18451,15754,no,train,scaffold50865_cov127,18456,-,7,0,Ptychodera_prebalancing.csv.gz
Ptychodera,scaffold9569_cov136:-:510672:510737,19613,yes,train,scaffold9569_cov136,510696,-,112,0.3443708609271523,Ptychodera_prebalancing.csv.gz
Ptychodera,scaffold39128_cov134:+:93643:94114,13930,no,train,scaffold39128_cov134,93816,+,188,0,Ptychodera_prebalancing.csv.gz
Ptychodera,scaffold3552_cov134:-:514923:515191,13057,no,train,scaffold3552_cov134,515021,-,239,0,Ptychodera_prebalancing.csv.gz
Ptychodera,scaffold15286_cov116:+:379161:379775,4532,no,train,scaffold15286_cov116,379665,+,334,0,Ptychodera_prebalancing.csv.gz
Ptychodera,scaffold14354_cov137:-:94703:95626,3827,no,train,scaffold14354_cov137,95559,-,190,0,Ptychodera_prebalancing.csv.gz
Ptychodera,scaffold17107_cov97:-:167714:170261,6179,yes,train,scaffold17107_cov97,167894,-,333,0.3712574850299401,Ptychodera_prebalancing.csv.gz
Ptychodera,scaffold31965_cov155:-:252190:253635,12097,no,train,scaffold31965_cov155,253566,-,98,0,Ptychodera_prebalancing.csv.gz
Ptychodera,scaffold106908_cov93:+:3541:3901,288,yes,train,scaffold106908_cov93,3896,+,366,0.3935483870967742,Ptychodera_prebalancing.csv.gz
Ptychodera,scaffold14354_cov137:-:94703:95626,3812,no,train,scaffold14354_cov137,94861,-,237,0,Ptychodera_prebalancing.csv.gz
Ptychodera,scaffold1171266_cov138:+:73162:74049,1525,no,train,scaffold1171266_cov138,73998,+,432,0,Ptychodera_prebalancing.csv.gz
Ptychodera,scaffold2991_cov164:-:858007:858838,11725,yes,train,scaffold2991_cov164,858701,-,140,0.44,Ptychodera_prebalancing.csv.gz
Ptychodera,scaffold17107_cov97:-:167714:170261,6195,no,train,scaffold17107_cov97,167944,-,283,0,Ptychodera_prebalancing.csv.gz
Ptychodera,scaffold1560_cov86:-:11001:11335,4870,no,train,scaffold1560_cov86,11055,-,184,0,Ptychodera_prebalancing.csv.gz
Ptychodera,scaffold3861_cov165:-:35132:35576,13822,yes,train,scaffold3861_cov165,35565,-,239,0.2033898305084746,Ptychodera_prebalancing.csv.gz
Ptychodera,scaffold25417_cov168:-:385301:385984,9956,no,train,scaffold25417_cov168,385280,-,214,0,Ptychodera_prebalancing.csv.gz
Ptychodera,scaffold208_cov126:+:155246:156052,8142,yes,train,scaffold208_cov126,155984,+,210,0.3396226415094339,Ptychodera_prebalancing.csv.gz
Ptychodera,scaffold96526_cov86:+:25896:26454,19822,yes,train,scaffold96526_cov86,26332,+,242,0.8235294117647058,Ptychodera_prebalancing.csv.gz
Ptychodera,scaffold3422_cov129:-:385086:386396,12662,no,train,scaffold3422_cov129,385432,-,127,0,Ptychodera_prebalancing.csv.gz
Ptychodera,scaffold910_cov130:+:473330:473536,19174,no,train,scaffold910_cov130,473447,+,177,0,Ptychodera_prebalancing.csv.gz
Ptychodera,scaffold1156384_cov162:-:285204:285691,1127,no,train,scaffold1156384_cov162,285678,-,27,0,Ptychodera_prebalancing.csv.gz
Ptychodera,scaffold1155138_cov151:-:615230:615346,831,no,train,scaffold1155138_cov151,615389,-,183,0,Ptychodera_prebalancing.csv.gz
Ptychodera,scaffold9645_cov134:-:516300:516668,19753,no,train,scaffold9645_cov134,516367,-,192,0,Ptychodera_prebalancing.csv.gz
Ptychodera,scaffold9555_cov137:-:57548:57703,19478,no,train,scaffold9555_cov137,57476,-,359,0,Ptychodera_prebalancing.csv.gz
Ptychodera,scaffold4766_cov137:-:361536:361743,15208,yes,train,scaffold4766_cov137,361722,-,84,0.2128514056224899,Ptychodera_prebalancing.csv.gz
Ptychodera,scaffold4067_cov148:+:83646:83942,14449,no,train,scaffold4067_cov148,84097,+,458,0,Ptychodera_prebalancing.csv.gz
Ptychodera,scaffold12141_cov164:-:9717:10517,2157,no,train,scaffold12141_cov164,9898,-,88,0,Ptychodera_prebalancing.csv.gz
Ptychodera,scaffold17107_cov97:-:167714:170261,6217,no,train,scaffold17107_cov97,170166,-,204,0,Ptychodera_prebalancing.csv.gz
Ptychodera,scaffold39128_cov134:+:98912:99592,13985,no,train,scaffold39128_cov134,99047,+,139,0,Ptychodera_prebalancing.csv.gz
Ptychodera,scaffold17107_cov97:-:167714:170261,6159,yes,train,scaffold17107_cov97,167820,-,407,0.3978494623655914,Ptychodera_prebalancing.csv.gz
Ptychodera,scaffold3861_cov165:-:35132:35576,13836,no,train,scaffold3861_cov165,35622,-,182,0,Ptychodera_prebalancing.csv.gz
Ptychodera,scaffold1171258_cov122:+:213330:213576,1455,no,train,scaffold1171258_cov122,213559,+,250,0,Ptychodera_prebalancing.csv.gz
Ptychodera,scaffold2794_cov133:+:82026:82461,10814,yes,train,scaffold2794_cov133,82036,+,27,0.1907894736842105,Ptychodera_prebalancing.csv.gz
Ptychodera,scaffold23899_cov112:+:9403:9576,9153,yes,train,scaffold23899_cov112,9427,+,40,0.9836065573770492,Ptychodera_prebalancing.csv.gz
Ptychodera,scaffold1631_cov148:+:705302:705603,5313,no,train,scaffold1631_cov148,705302,+,19,0,Ptychodera_prebalancing.csv.gz
Ptychodera,scaffold2089_cov155:-:232960:233269,8000,yes,train,scaffold2089_cov155,233241,-,31,0.2519083969465648,Ptychodera_prebalancing.csv.gz
Ptychodera,scaffold9645_cov134:-:516300:516668,19749,yes,train,scaffold9645_cov134,516351,-,208,0.2978723404255319,Ptychodera_prebalancing.csv.gz
Ptychodera,scaffold8026_cov121:-:76174:76416,18401,no,train,scaffold8026_cov121,76336,-,80,0,Ptychodera_prebalancing.csv.gz
Ptychodera,scaffold17107_cov97:-:167714:170261,6187,yes,train,scaffold17107_cov97,167928,-,299,0.2906976744186046,Ptychodera_prebalancing.csv.gz
Ptychodera,scaffold348914_cov132:-:18141:18583,12898,yes,train,scaffold348914_cov132,18222,-,256,0.1971830985915492,Ptychodera_prebalancing.csv.gz
Ptychodera,scaffold1155138_cov151:-:615230:615346,809,no,train,scaffold1155138_cov151,615331,-,241,0,Ptychodera_prebalancing.csv.gz
Ptychodera,scaffold13151_cov141:-:223221:223604,3132,yes,train,scaffold13151_cov141,223266,-,133,0.7142857142857143,Ptychodera_prebalancing.csv.gz
Ptychodera,scaffold50865_cov127:-:17389:18451,15736,yes,train,scaffold50865_cov127,18414,-,49,0.282258064516129,Ptychodera_prebalancing.csv.gz
Ptychodera,scaffold17107_cov97:-:167714:170261,6158,yes,train,scaffold17107_cov97,167819,-,408,0.8324324324324325,Ptychodera_prebalancing.csv.gz
Ptychodera,scaffold2869_cov154:+:107409:107792,11017,no,train,scaffold2869_cov154,107407,+,26,0,Ptychodera_prebalancing.csv.gz
Ptychodera,scaffold208_cov126:+:155246:156052,8135,yes,train,scaffold208_cov126,155964,+,190,0.2662337662337662,Ptychodera_prebalancing.csv.gz
Ptychodera,scaffold1603_cov140:-:2704:3035,5063,yes,train,scaffold1603_cov140,2777,-,276,0.2880434782608695,Ptychodera_prebalancing.csv.gz
Ptychodera,scaffold3154_cov140:+:228764:228820,11998,yes,train,scaffold3154_cov140,228788,+,177,0.2249786142001711,Ptychodera_prebalancing.csv.gz
Ptychodera,scaffold26652_cov126:+:156424:156704,10512,no,train,scaffold26652_cov126,156676,+,217,0,Ptychodera_prebalancing.csv.gz
Ptychodera,scaffold2817_cov143:-:740422:741833,10929,yes,train,scaffold2817_cov143,740612,-,78,0.5241809672386896,Ptychodera_prebalancing.csv.gz
Ptychodera,scaffold16052_cov95:+:62339:62985,5148,yes,train,scaffold16052_cov95,62362,+,28,0.1791044776119403,Ptychodera_prebalancing.csv.gz
Ptychodera,scaffold56_cov136:+:584474:585605,16187,no,train,scaffold56_cov136,585570,+,302,0,Ptychodera_prebalancing.csv.gz
Ptychodera,scaffold18190_cov84:-:8450:8616,7305,no,train,scaffold18190_cov84,8643,-,59,0,Ptychodera_prebalancing.csv.gz
Ptychodera,scaffold11537_cov112:+:299365:299845,729,no,train,scaffold11537_cov112,299560,+,106,0,Ptychodera_prebalancing.csv.gz
Ptychodera,scaffold3563_cov125:-:35702:36535,13107,yes,train,scaffold3563_cov125,36072,-,73,0.344,Ptychodera_prebalancing.csv.gz
Ptychodera,scaffold14503_cov110:+:699477:699642,4029,no,train,scaffold14503_cov110,699634,+,187,0,Ptychodera_prebalancing.csv.gz
Ptychodera,scaffold1603_cov140:-:2704:3035,5050,yes,train,scaffold1603_cov140,2736,-,317,0.2342857142857143,Ptychodera_prebalancing.csv.gz
Ptychodera,scaffold12381_cov139:+:19073:19682,2600,no,train,scaffold12381_cov139,19706,+,461,0,Ptychodera_prebalancing.csv.gz
Ptychodera,scaffold10981_cov157:-:320342:321622,446,yes,train,scaffold10981_cov157,320869,-,73,0.9519230769230768,Ptychodera_prebalancing.csv.gz
Ptychodera,scaffold556_cov97:+:144855:145103,15968,no,train,scaffold556_cov97,145013,+,174,0,Ptychodera_prebalancing.csv.gz
Ptychodera,scaffold3989_cov117:-:30157:30265,14224,yes,train,scaffold3989_cov117,30188,-,132,0.2816901408450704,Ptychodera_prebalancing.csv.gz
Ptychodera,scaffold947_cov114:-:3216:3537,19438,yes,train,scaffold947_cov114,3262,-,202,0.8303030303030303,Ptychodera_prebalancing.csv.gz
Ptychodera,scaffold10983_cov102:-:132602:132940,497,yes,train,scaffold10983_cov102,132789,-,77,0.5083798882681564,Ptychodera_prebalancing.csv.gz
Ptychodera,scaffold462_cov140:+:786123:786403,15164,no,train,scaffold462_cov140,786404,+,144,0,Ptychodera_prebalancing.csv.gz
Ptychodera,scaffold11537_cov112:+:299365:299845,705,yes,train,scaffold11537_cov112,299490,+,36,0.7368421052631579,Ptychodera_prebalancing.csv.gz
Ptychodera,scaffold2520_cov137:-:716980:717272,9793,yes,train,scaffold2520_cov137,717077,-,199,0.5191256830601093,Ptychodera_prebalancing.csv.gz
Ptychodera,scaffold19378_cov94:-:42006:43904,7530,yes,train,scaffold19378_cov94,43180,-,692,0.3300970873786408,Ptychodera_prebalancing.csv.gz
Ptychodera,scaffold12335_cov130:+:147263:147554,2300,no,train,scaffold12335_cov130,147208,+,17,0,Ptychodera_prebalancing.csv.gz
Ptychodera,scaffold1636_cov125:-:375792:376043,5613,no,train,scaffold1636_cov125,375945,-,170,0,Ptychodera_prebalancing.csv.gz
Ptychodera,scaffold16631_cov137:+:14242:14561,5828,no,train,scaffold16631_cov137,14532,+,254,0,Ptychodera_prebalancing.csv.gz
Ptychodera,scaffold26652_cov126:+:156424:156704,10500,yes,train,scaffold26652_cov126,156630,+,171,0.1723076923076923,Ptychodera_prebalancing.csv.gz
Ptychodera,scaffold17689_cov156:+:96322:96960,6925,yes,train,scaffold17689_cov156,96574,+,188,0.8841463414634146,Ptychodera_prebalancing.csv.gz
Ptychodera,scaffold6840_cov145:+:37299:38653,17439,yes,train,scaffold6840_cov145,38060,+,94,0.3274336283185841,Ptychodera_prebalancing.csv.gz
Ptychodera,scaffold2799_cov98:+:111319:111921,10869,no,train,scaffold2799_cov98,111388,+,70,0,Ptychodera_prebalancing.csv.gz
Ptychodera,scaffold11453_cov132:+:21302:21601,591,yes,train,scaffold11453_cov132,21303,+,11,0.35,Ptychodera_prebalancing.csv.gz
Ptychodera,scaffold17162_cov153:+:189363:189663,6415,no,train,scaffold17162_cov153,189452,+,100,0,Ptychodera_prebalancing.csv.gz
Ptychodera,scaffold44597_cov125:-:60049:60643,14926,yes,train,scaffold44597_cov125,60130,-,220,1,Ptychodera_prebalancing.csv.gz
Ptychodera,scaffold22042_cov145:-:11224:12451,8667,no,train,scaffold22042_cov145,11248,-,197,0,Ptychodera_prebalancing.csv.gz
Ptychodera,scaffold38562_cov122:-:141886:143137,13643,yes,train,scaffold38562_cov122,142056,-,353,0.5078534031413613,Ptychodera_prebalancing.csv.gz
Ptychodera,scaffold2383_cov141:-:631985:632295,9104,no,train,scaffold2383_cov141,632001,-,313,0,Ptychodera_prebalancing.csv.gz
Ptychodera,scaffold7613_cov119:+:136766:136903,17971,no,train,scaffold7613_cov119,136819,+,134,0,Ptychodera_prebalancing.csv.gz
Ptychodera,scaffold39128_cov134:+:98912:99592,14052,yes,train,scaffold39128_cov134,99264,+,361,0.2457627118644068,Ptychodera_prebalancing.csv.gz
Ptychodera,scaffold39128_cov134:+:93643:94114,13895,no,train,scaffold39128_cov134,93639,+,11,0,Ptychodera_prebalancing.csv.gz
Ptychodera,scaffold124823_cov151:-:162483:162816,2736,no,train,scaffold124823_cov151,162466,-,371,0,Ptychodera_prebalancing.csv.gz
Ptychodera,scaffold3989_cov117:-:30157:30265,14217,yes,train,scaffold3989_cov117,30158,-,162,0.7241379310344828,Ptychodera_prebalancing.csv.gz
Ptychodera,scaffold1171787_cov158:+:720830:721101,1692,yes,train,scaffold1171787_cov158,721088,+,91,0.78099173553719,Ptychodera_prebalancing.csv.gz
Ptychodera,scaffold10734_cov95:+:35769:36582,343,no,train,scaffold10734_cov95,36583,+,357,0,Ptychodera_prebalancing.csv.gz
Ptychodera,scaffold1171266_cov138:+:73162:74049,1519,no,train,scaffold1171266_cov138,73958,+,392,0,Ptychodera_prebalancing.csv.gz
Ptychodera,scaffold26652_cov126:-:22721:23423,10388,yes,train,scaffold26652_cov126,23255,-,179,0.1950207468879668,Ptychodera_prebalancing.csv.gz
Ptychodera,scaffold6901_cov141:-:794007:794312,17466,yes,train,scaffold6901_cov141,794024,-,296,0.4521276595744681,Ptychodera_prebalancing.csv.gz
Ptychodera,scaffold17107_cov97:-:167714:170261,6171,yes,train,scaffold17107_cov97,167867,-,360,0.5277777777777778,Ptychodera_prebalancing.csv.gz
Ptychodera,scaffold208_cov126:+:155246:156052,8097,yes,train,scaffold208_cov126,155682,+,74,0.864,Ptychodera_prebalancing.csv.gz
Ptychodera,scaffold1962_cov141:-:168291:168515,7657,no,train,scaffold1962_cov141,168570,-,22,0,Ptychodera_prebalancing.csv.gz
Ptychodera,scaffold208_cov126:+:155246:156052,8146,yes,train,scaffold208_cov126,156006,+,232,0.9652509652509652,Ptychodera_prebalancing.csv.gz
Ptychodera,scaffold485_cov122:-:34345:34618,15398,no,train,scaffold485_cov122,34341,-,303,0,Ptychodera_prebalancing.csv.gz
Ptychodera,scaffold12565_cov89:-:352301:352848,2871,yes,train,scaffold12565_cov89,352393,-,516,0.4672489082969432,Ptychodera_prebalancing.csv.gz
Ptychodera,scaffold15286_cov116:+:379161:379775,4479,no,train,scaffold15286_cov116,379176,+,136,0,Ptychodera_prebalancing.csv.gz
Ptychodera,scaffold2991_cov164:-:858007:858838,11669,yes,train,scaffold2991_cov164,858555,-,286,0.1743589743589743,Ptychodera_prebalancing.csv.gz
Ptychodera,scaffold6840_cov145:+:37299:38653,17447,yes,train,scaffold6840_cov145,38083,+,117,0.4173228346456692,Ptychodera_prebalancing.csv.gz
Ptychodera,scaffold3861_cov165:-:35132:35576,13853,no,train,scaffold3861_cov165,35687,-,117,0,Ptychodera_prebalancing.csv.gz
Ptychodera,scaffold1846_cov106:+:136856:137077,7417,no,train,scaffold1846_cov106,137080,+,227,0,Ptychodera_prebalancing.csv.gz
Ptychodera,scaffold2991_cov164:-:858007:858838,11678,yes,train,scaffold2991_cov164,858582,-,259,0.3658536585365853,Ptychodera_prebalancing.csv.gz
Ptychodera,scaffold26652_cov126:-:22721:23423,10387,yes,train,scaffold26652_cov126,23254,-,180,0.3416666666666667,Ptychodera_prebalancing.csv.gz
Ptychodera,scaffold2530_cov139:-:69656:69969,9875,no,train,scaffold2530_cov139,69781,-,208,0,Ptychodera_prebalancing.csv.gz
Ptychodera,scaffold69346_cov100:-:116631:116958,17529,yes,train,scaffold69346_cov100,116883,-,54,0.1739130434782608,Ptychodera_prebalancing.csv.gz
Ptychodera,scaffold161704_cov130:+:35436:35670,5294,no,train,scaffold161704_cov130,35686,+,302,0,Ptychodera_prebalancing.csv.gz
Ptychodera,scaffold10981_cov157:-:320342:321622,425,no,train,scaffold10981_cov157,320495,-,370,0,Ptychodera_prebalancing.csv.gz
Ptychodera,scaffold153100_cov97:+:57733:57923,4562,yes,train,scaffold153100_cov97,57902,+,177,0.415929203539823,Ptychodera_prebalancing.csv.gz
Ptychodera,scaffold485_cov122:-:34345:34618,15440,no,train,scaffold485_cov122,34449,-,195,0,Ptychodera_prebalancing.csv.gz
Ptychodera,scaffold30030_cov79:+:14578:14882,11782,no,train,scaffold30030_cov79,14720,+,144,0,Ptychodera_prebalancing.csv.gz
Ptychodera,scaffold8095_cov123:-:171963:172984,18518,yes,train,scaffold8095_cov123,172821,-,148,0.2134502923976608,Ptychodera_prebalancing.csv.gz
Ptychodera,scaffold3861_cov165:-:35132:35576,13884,no,train,scaffold3861_cov165,35779,-,25,0,Ptychodera_prebalancing.csv.gz
Ptychodera,scaffold50865_cov127:-:17389:18451,15701,yes,train,scaffold50865_cov127,18184,-,284,0.5121951219512195,Ptychodera_prebalancing.csv.gz
Ptychodera,scaffold12081_cov153:+:159539:159742,2055,no,train,scaffold12081_cov153,159507,+,4,0,Ptychodera_prebalancing.csv.gz
Ptychodera,scaffold19378_cov94:-:42006:43904,7525,yes,train,scaffold19378_cov94,43165,-,707,0.3428571428571428,Ptychodera_prebalancing.csv.gz
Ptychodera,scaffold10734_cov95:+:35769:36582,324,no,train,scaffold10734_cov95,36517,+,291,0,Ptychodera_prebalancing.csv.gz
Ptychodera,scaffold12141_cov164:-:9717:10517,2103,no,train,scaffold12141_cov164,9711,-,280,0,Ptychodera_prebalancing.csv.gz
Ptychodera,scaffold45193_cov139:+:238005:238224,15039,no,train,scaffold45193_cov139,238228,+,293,0,Ptychodera_prebalancing.csv.gz
Ptychodera,scaffold2530_cov139:+:315112:315261,9924,no,train,scaffold2530_cov139,315182,+,106,0,Ptychodera_prebalancing.csv.gz
Ptychodera,scaffold173136_cov123:+:8039:8280,6778,no,train,scaffold173136_cov123,8184,+,156,0,Ptychodera_prebalancing.csv.gz
Ptychodera,scaffold2991_cov164:-:858007:858838,11570,yes,train,scaffold2991_cov164,858105,-,630,0.4158415841584158,Ptychodera_prebalancing.csv.gz
Ptychodera,scaffold208_cov126:+:146398:147328,8041,no,train,scaffold208_cov126,147225,+,127,0,Ptychodera_prebalancing.csv.gz
Ptychodera,scaffold1962_cov141:-:167038:167279,7583,no,train,scaffold1962_cov141,167299,-,52,0,Ptychodera_prebalancing.csv.gz
Ptychodera,scaffold31965_cov155:-:252190:253635,12094,no,train,scaffold31965_cov155,253558,-,106,0,Ptychodera_prebalancing.csv.gz
Ptychodera,scaffold13151_cov141:-:223221:223604,3159,no,train,scaffold13151_cov141,223615,-,9,0,Ptychodera_prebalancing.csv.gz
Ptychodera,scaffold2869_cov154:+:107409:107792,11025,yes,train,scaffold2869_cov154,107426,+,45,0.1608695652173913,Ptychodera_prebalancing.csv.gz
Ptychodera,scaffold114779_cov129:-:9728:10643,681,yes,train,scaffold114779_cov129,10544,-,37,0.4915254237288136,Ptychodera_prebalancing.csv.gz
Ptychodera,scaffold478_cov113:-:167312:167702,15303,yes,train,scaffold478_cov113,167406,-,221,0.1533333333333333,Ptychodera_prebalancing.csv.gz
Ptychodera,scaffold8095_cov123:-:171963:172984,18511,no,train,scaffold8095_cov123,172801,-,168,0,Ptychodera_prebalancing.csv.gz
Ptychodera,scaffold1560_cov86:-:11001:11335,4842,no,train,scaffold1560_cov86,10998,-,241,0,Ptychodera_prebalancing.csv.gz
Ptychodera,scaffold208_cov126:+:155246:156052,8103,yes,train,scaffold208_cov126,155705,+,97,0.4485488126649076,Ptychodera_prebalancing.csv.gz
Ptychodera,scaffold1631_cov148:+:705302:705603,5361,no,train,scaffold1631_cov148,705486,+,193,0,Ptychodera_prebalancing.csv.gz
Ptychodera,scaffold173136_cov123:+:8039:8280,6755,yes,train,scaffold173136_cov123,8045,+,17,0.284313725490196,Ptychodera_prebalancing.csv.gz
Ptychodera,scaffold2520_cov137:-:716980:717272,9768,no,train,scaffold2520_cov137,717008,-,268,0,Ptychodera_prebalancing.csv.gz
Ptychodera,scaffold1835_cov136:+:565102:566520,7378,no,train,scaffold1835_cov136,565868,+,8,0,Ptychodera_prebalancing.csv.gz
Ptychodera,scaffold1603_cov140:-:2704:3035,5027,no,train,scaffold1603_cov140,2688,-,365,0,Ptychodera_prebalancing.csv.gz
Ptychodera,scaffold42799_cov92:-:31872:32078,14595,no,train,scaffold42799_cov92,31920,-,179,0,Ptychodera_prebalancing.csv.gz
Ptychodera,scaffold2520_cov137:-:716980:717272,9834,yes,train,scaffold2520_cov137,717234,-,38,0.3069306930693069,Ptychodera_prebalancing.csv.gz
Ptychodera,scaffold27652_cov140:+:374592:375191,10797,no,train,scaffold27652_cov140,374737,+,91,0,Ptychodera_prebalancing.csv.gz
Ptychodera,scaffold208_cov126:+:155246:156052,8090,yes,train,scaffold208_cov126,155672,+,64,0.9763157894736842,Ptychodera_prebalancing.csv.gz
Ptychodera,scaffold44597_cov125:-:60049:60643,14948,yes,train,scaffold44597_cov125,60192,-,158,0.8936170212765957,Ptychodera_prebalancing.csv.gz
Ptychodera,scaffold6440_cov168:+:352921:355362,16595,yes,train,scaffold6440_cov168,354805,+,271,0.5576923076923077,Ptychodera_prebalancing.csv.gz
Ptychodera,scaffold39128_cov134:+:98912:99592,13962,no,train,scaffold39128_cov134,98994,+,86,0,Ptychodera_prebalancing.csv.gz
Ptychodera,scaffold4043_cov170:-:308373:308638,14281,no,train,scaffold4043_cov170,308551,-,108,0,Ptychodera_prebalancing.csv.gz
Ptychodera,scaffold10189_cov149:+:223808:225100,148,no,train,scaffold10189_cov149,225118,+,429,0,Ptychodera_prebalancing.csv.gz
Ptychodera,scaffold6811_cov133:-:238109:238607,17267,no,train,scaffold6811_cov133,238101,-,466,0,Ptychodera_prebalancing.csv.gz
Ptychodera,scaffold67423_cov132:-:90821:91300,17079,yes,train,scaffold67423_cov132,90919,-,344,0.4297520661157025,Ptychodera_prebalancing.csv.gz
Ptychodera,scaffold10165_cov134:-:283423:285289,84,no,train,scaffold10165_cov134,285234,-,75,0,Ptychodera_prebalancing.csv.gz
Ptychodera,scaffold22268_cov115:-:24754:25527,8878,no,train,scaffold22268_cov115,24870,-,40,0,Ptychodera_prebalancing.csv.gz
Ptychodera,scaffold15286_cov116:+:379161:379775,4524,no,train,scaffold15286_cov116,379640,+,309,0,Ptychodera_prebalancing.csv.gz
Ptychodera,scaffold1241_cov154:-:109445:109789,2629,no,train,scaffold1241_cov154,109693,-,103,0,Ptychodera_prebalancing.csv.gz
Ptychodera,scaffold2991_cov164:-:858007:858838,11579,no,train,scaffold2991_cov164,858135,-,600,0,Ptychodera_prebalancing.csv.gz
Ptychodera,scaffold25866_cov149:-:341036:341425,10165,yes,train,scaffold25866_cov149,341372,-,13,0.8424242424242424,Ptychodera_prebalancing.csv.gz
Ptychodera,scaffold12141_cov164:-:9717:10517,2155,yes,train,scaffold12141_cov164,9882,-,104,0.98,Ptychodera_prebalancing.csv.gz
Ptychodera,scaffold11537_cov112:+:299365:299845,704,yes,train,scaffold11537_cov112,299480,+,26,0.37890625,Ptychodera_prebalancing.csv.gz
Ptychodera,scaffold2710_cov109:-:61548:62284,10702,no,train,scaffold2710_cov109,62181,-,114,0,Ptychodera_prebalancing.csv.gz
Ptychodera,scaffold2817_cov143:-:740422:741833,10947,no,train,scaffold2817_cov143,740670,-,20,0,Ptychodera_prebalancing.csv.gz
Ptychodera,scaffold968_cov135:+:323367:323828,19934,yes,train,scaffold968_cov135,323485,+,136,0.3942307692307692,Ptychodera_prebalancing.csv.gz
Ptychodera,scaffold21173_cov137:-:525055:525229,8274,yes,train,scaffold21173_cov137,525087,-,172,0.9827586206896552,Ptychodera_prebalancing.csv.gz
Ptychodera,scaffold1636_cov125:-:375792:376043,5641,no,train,scaffold1636_cov125,376069,-,42,0,Ptychodera_prebalancing.csv.gz
Ptychodera,scaffold26652_cov126:+:156424:156704,10522,no,train,scaffold26652_cov126,156710,+,251,0,Ptychodera_prebalancing.csv.gz
Ptychodera,scaffold1171258_cov122:+:213330:213576,1417,no,train,scaffold1171258_cov122,213435,+,122,0,Ptychodera_prebalancing.csv.gz
Ptychodera,scaffold14530_cov114:-:72579:72958,4052,yes,train,scaffold14530_cov114,72653,-,194,0.680672268907563,Ptychodera_prebalancing.csv.gz
Ptychodera,scaffold15286_cov116:+:379161:379775,4508,no,train,scaffold15286_cov116,379594,+,263,0,Ptychodera_prebalancing.csv.gz
Ptychodera,scaffold3861_cov165:-:35132:35576,13760,yes,train,scaffold3861_cov165,35247,-,452,0.8641114982578397,Ptychodera_prebalancing.csv.gz
Ptychodera,scaffold6440_cov168:+:352921:355362,16574,no,train,scaffold6440_cov168,354113,+,72,0,Ptychodera_prebalancing.csv.gz
Ptychodera,scaffold1560_cov86:-:11001:11335,4884,no,train,scaffold1560_cov86,11101,-,138,0,Ptychodera_prebalancing.csv.gz
Ptychodera,scaffold11057_cov150:+:26358:26818,534,yes,train,scaffold11057_cov150,26818,+,192,0.5948275862068966,Ptychodera_prebalancing.csv.gz
Ptychodera,scaffold4067_cov148:+:83646:83942,14393,yes,train,scaffold4067_cov148,83942,+,303,0.267515923566879,Ptychodera_prebalancing.csv.gz
Ptychodera,scaffold2869_cov154:+:107409:107792,11052,yes,train,scaffold2869_cov154,107699,+,188,0.2031066822977725,Ptychodera_prebalancing.csv.gz
Ptychodera,scaffold2794_cov133:+:82026:82461,10813,yes,train,scaffold2794_cov133,82031,+,22,0.4233576642335766,Ptychodera_prebalancing.csv.gz
Ptychodera,scaffold28443_cov126:-:292364:292550,11005,yes,train,scaffold28443_cov126,292545,-,20,0.3771929824561403,Ptychodera_prebalancing.csv.gz
Ptychodera,scaffold800_cov148:-:30933:31071,18362,no,train,scaffold800_cov148,30954,-,207,0,Ptychodera_prebalancing.csv.gz
Ptychodera,scaffold300_cov133:+:193732:194072,11848,yes,train,scaffold300_cov133,193801,+,86,0.4427480916030534,Ptychodera_prebalancing.csv.gz
Ptychodera,scaffold16631_cov137:+:14242:14561,5817,no,train,scaffold16631_cov137,14508,+,230,0,Ptychodera_prebalancing.csv.gz
Ptychodera,scaffold1835_cov136:+:565102:566520,7383,yes,train,scaffold1835_cov136,565888,+,28,0.9776119402985076,Ptychodera_prebalancing.csv.gz
Ptychodera,scaffold2869_cov154:+:107409:107792,11063,yes,train,scaffold2869_cov154,107732,+,221,0.2916160388821385,Ptychodera_prebalancing.csv.gz
Ptychodera,scaffold114779_cov129:-:9728:10643,632,yes,train,scaffold114779_cov129,9969,-,441,0.32,Ptychodera_prebalancing.csv.gz
Ptychodera,scaffold485_cov122:-:34345:34618,15408,yes,train,scaffold485_cov122,34373,-,271,0.8255813953488372,Ptychodera_prebalancing.csv.gz
Ptychodera,scaffold2520_cov137:-:716980:717272,9804,yes,train,scaffold2520_cov137,717117,-,155,0.5507246376811594,Ptychodera_prebalancing.csv.gz
Ptychodera,scaffold28848_cov151:-:119895:120090,11147,no,train,scaffold28848_cov151,120048,-,56,0,Ptychodera_prebalancing.csv.gz
Ptychodera,scaffold1323_cov134:+:427103:427584,3211,no,train,scaffold1323_cov134,427590,+,462,0,Ptychodera_prebalancing.csv.gz
Ptychodera,scaffold11453_cov132:+:21302:21601,595,no,train,scaffold11453_cov132,21366,+,74,0,Ptychodera_prebalancing.csv.gz
Ptychodera,scaffold556_cov97:+:144855:145103,15918,no,train,scaffold556_cov97,144847,+,6,0,Ptychodera_prebalancing.csv.gz
Ptychodera,scaffold208_cov126:+:155246:156052,8101,yes,train,scaffold208_cov126,155696,+,88,0.8743961352657005,Ptychodera_prebalancing.csv.gz
Ptychodera,scaffold13801_cov94:-:33000:33728,3574,no,train,scaffold13801_cov94,33338,-,154,0,Ptychodera_prebalancing.csv.gz
Ptychodera,scaffold12381_cov139:+:19073:19682,2539,no,train,scaffold12381_cov139,19537,+,292,0,Ptychodera_prebalancing.csv.gz
Ptychodera,scaffold3698_cov112:+:68018:68572,13279,yes,train,scaffold3698_cov112,68195,+,191,0.4830188679245283,Ptychodera_prebalancing.csv.gz
Ptychodera,scaffold22042_cov145:-:11224:12451,8713,yes,train,scaffold22042_cov145,12215,-,9,0.978494623655914,Ptychodera_prebalancing.csv.gz
Ptychodera,scaffold10189_cov149:+:223808:225100,121,yes,train,scaffold10189_cov149,224858,+,168,0.2198581560283688,Ptychodera_prebalancing.csv.gz
Ptychodera,scaffold18025_cov163:+:6470:7342,7210,yes,train,scaffold18025_cov163,7043,+,378,0.1773049645390071,Ptychodera_prebalancing.csv.gz
Ptychodera,scaffold1173_cov143:+:408154:408573,1880,yes,train,scaffold1173_cov143,408455,+,254,0.958490566037736,Ptychodera_prebalancing.csv.gz
Ptychodera,scaffold3081_cov168:-:128788:128942,11877,no,train,scaffold3081_cov168,128726,-,299,0,Ptychodera_prebalancing.csv.gz
Ptychodera,scaffold698_cov122:-:207303:208348,17595,no,train,scaffold698_cov122,207342,-,159,0,Ptychodera_prebalancing.csv.gz
Ptychodera,scaffold478_cov113:-:167312:167702,15287,yes,train,scaffold478_cov113,167363,-,264,0.3737796373779637,Ptychodera_prebalancing.csv.gz
Ptychodera,scaffold39380_cov153:-:70839:70938,14159,no,train,scaffold39380_cov153,70886,-,110,0,Ptychodera_prebalancing.csv.gz
Ptychodera,scaffold3698_cov112:+:68018:68572,13329,yes,train,scaffold3698_cov112,68541,+,539,0.4345991561181435,Ptychodera_prebalancing.csv.gz
Ptychodera,scaffold701_cov131:-:41207:43581,17615,yes,train,scaffold701_cov131,42392,-,448,0.9801980198019802,Ptychodera_prebalancing.csv.gz
Ptychodera,scaffold9925_cov150:+:170081:170786,20141,no,train,scaffold9925_cov150,170328,+,263,0,Ptychodera_prebalancing.csv.gz
Ptychodera,scaffold3142_cov95:-:74094:75309,11970,yes,train,scaffold3142_cov95,74095,-,272,0.51,Ptychodera_prebalancing.csv.gz
Ptychodera,scaffold1962_cov141:-:168291:168515,7643,no,train,scaffold1962_cov141,168529,-,63,0,Ptychodera_prebalancing.csv.gz
Ptychodera,scaffold8026_cov121:-:76174:76416,18407,yes,train,scaffold8026_cov121,76347,-,69,0.204225352112676,Ptychodera_prebalancing.csv.gz
Ptychodera,scaffold14354_cov137:-:94703:95626,3821,no,train,scaffold14354_cov137,94879,-,219,0,Ptychodera_prebalancing.csv.gz
Ptychodera,scaffold2991_cov164:-:858007:858838,11588,yes,train,scaffold2991_cov164,858170,-,565,0.5333333333333333,Ptychodera_prebalancing.csv.gz
Ptychodera,scaffold14354_cov137:-:94703:95626,3861,no,train,scaffold14354_cov137,95667,-,82,0,Ptychodera_prebalancing.csv.gz
Ptychodera,scaffold161431_cov89:-:17574:18493,5203,yes,train,scaffold161431_cov89,17638,-,220,0.9603960396039604,Ptychodera_prebalancing.csv.gz
Ptychodera,scaffold11537_cov112:+:299365:299845,701,yes,train,scaffold11537_cov112,299476,+,22,0.1872509960159362,Ptychodera_prebalancing.csv.gz
Ptychodera,scaffold2383_cov141:-:631985:632295,9136,no,train,scaffold2383_cov141,632132,-,182,0,Ptychodera_prebalancing.csv.gz
Ptychodera,scaffold7626_cov144:-:459173:459972,18072,no,train,scaffold7626_cov144,459983,-,11,0,Ptychodera_prebalancing.csv.gz
Ptychodera,scaffold9925_cov150:+:170081:170786,20067,no,train,scaffold9925_cov150,170083,+,11,0,Ptychodera_prebalancing.csv.gz
Ptychodera,scaffold1676_cov84:-:198331:198854,6022,no,train,scaffold1676_cov84,198890,-,13,0,Ptychodera_prebalancing.csv.gz
Ptychodera,scaffold5571_cov159:-:181815:182119,16004,no,train,scaffold5571_cov159,181867,-,144,0,Ptychodera_prebalancing.csv.gz
Ptychodera,scaffold2991_cov164:-:858007:858838,11723,yes,train,scaffold2991_cov164,858694,-,147,0.49664429530201343,Ptychodera_prebalancing.csv.gz
Ptychodera,scaffold4067_cov148:+:83646:83942,14397,no,train,scaffold4067_cov148,83951,+,312,0,Ptychodera_prebalancing.csv.gz
Ptychodera,scaffold23174_cov134:+:212578:215051,9024,yes,train,scaffold23174_cov134,213565,+,71,0.7281553398058253,Ptychodera_prebalancing.csv.gz
Ptychodera,scaffold44597_cov125:-:60049:60643,14933,yes,train,scaffold44597_cov125,60147,-,203,0.2578947368421053,Ptychodera_prebalancing.csv.gz
Ptychodera,scaffold6901_cov141:-:794007:794312,17508,yes,train,scaffold6901_cov141,794274,-,40,0.562962962962963,Ptychodera_prebalancing.csv.gz
Ptychodera,scaffold17689_cov156:+:96322:96960,6946,yes,train,scaffold17689_cov156,96726,+,335,0.4944444444444444,Ptychodera_prebalancing.csv.gz
Ptychodera,scaffold3861_cov165:-:35132:35576,13789,yes,train,scaffold3861_cov165,35323,-,376,1,Ptychodera_prebalancing.csv.gz
Ptychodera,scaffold3309_cov156:-:206495:208167,12401,no,train,scaffold3309_cov156,206554,-,314,0,Ptychodera_prebalancing.csv.gz
Ptychodera,scaffold17689_cov156:+:96322:96960,6936,yes,train,scaffold17689_cov156,96602,+,216,0.7767857142857143,Ptychodera_prebalancing.csv.gz
Ptychodera,scaffold10734_cov95:+:35769:36582,335,no,train,scaffold10734_cov95,36557,+,331,0,Ptychodera_prebalancing.csv.gz
Ptychodera,scaffold21510_cov101:-:45556:46052,8510,no,train,scaffold21510_cov101,45561,-,207,0,Ptychodera_prebalancing.csv.gz
Ptychodera,scaffold114779_cov129:-:9728:10643,648,yes,train,scaffold114779_cov129,10084,-,326,0.73,Ptychodera_prebalancing.csv.gz
Ptychodera,scaffold2313_cov111:-:91160:91479,8999,no,train,scaffold2313_cov111,91474,-,13,0,Ptychodera_prebalancing.csv.gz
Ptychodera,scaffold10981_cov157:-:320342:321622,452,yes,train,scaffold10981_cov157,320911,-,31,0.6,Ptychodera_prebalancing.csv.gz
Ptychodera,scaffold21173_cov137:-:525055:525229,8306,yes,train,scaffold21173_cov137,525219,-,33,0.4751381215469613,Ptychodera_prebalancing.csv.gz
Ptychodera,scaffold3081_cov168:-:128788:128942,11940,no,train,scaffold3081_cov168,128954,-,66,0,Ptychodera_prebalancing.csv.gz
Ptychodera,scaffold8026_cov121:-:76174:76416,18406,yes,train,scaffold8026_cov121,76346,-,70,0.2937062937062937,Ptychodera_prebalancing.csv.gz
Ptychodera,scaffold968_cov135:+:323367:323828,19936,yes,train,scaffold968_cov135,323487,+,138,0.4727272727272727,Ptychodera_prebalancing.csv.gz
Ptychodera,scaffold10981_cov157:-:320342:321622,451,yes,train,scaffold10981_cov157,320910,-,32,0.6698113207547169,Ptychodera_prebalancing.csv.gz
Ptychodera,scaffold208_cov126:+:155246:156052,8092,yes,train,scaffold208_cov126,155675,+,67,0.4015748031496063,Ptychodera_prebalancing.csv.gz
Ptychodera,scaffold3861_cov165:-:35132:35576,13861,no,train,scaffold3861_cov165,35705,-,99,0,Ptychodera_prebalancing.csv.gz
Ptychodera,scaffold15286_cov116:+:379161:379775,4451,no,train,scaffold15286_cov116,379120,+,80,0,Ptychodera_prebalancing.csv.gz
Ptychodera,scaffold8095_cov123:-:171963:172984,18539,yes,train,scaffold8095_cov123,172886,-,83,0.718978102189781,Ptychodera_prebalancing.csv.gz
Ptychodera,scaffold10189_cov149:+:223808:225100,124,yes,train,scaffold10189_cov149,224861,+,171,0.3076923076923077,Ptychodera_prebalancing.csv.gz
Ptychodera,scaffold4067_cov148:+:83646:83942,14316,no,train,scaffold4067_cov148,83468,+,37,0,Ptychodera_prebalancing.csv.gz
Ptychodera,scaffold20770_cov135:+:33735:33914,7933,yes,train,scaffold20770_cov135,33914,+,194,0.930327868852459,Ptychodera_prebalancing.csv.gz
Ptychodera,scaffold940946_cov135:-:59871:60197,19419,no,train,scaffold940946_cov135,60117,-,88,0,Ptychodera_prebalancing.csv.gz
Ptychodera,scaffold17326_cov146:-:125600:125798,6811,no,train,scaffold17326_cov146,125624,-,171,0,Ptychodera_prebalancing.csv.gz
Ptychodera,scaffold44597_cov125:-:60049:60643,14963,yes,train,scaffold44597_cov125,60510,-,85,0.5350877192982456,Ptychodera_prebalancing.csv.gz
Ptychodera,scaffold44597_cov125:-:60049:60643,14971,yes,train,scaffold44597_cov125,60586,-,9,0.6928104575163399,Ptychodera_prebalancing.csv.gz
Ptychodera,scaffold1560_cov86:-:11001:11335,4908,no,train,scaffold1560_cov86,11309,-,29,0,Ptychodera_prebalancing.csv.gz
Ptychodera,scaffold1636_cov125:-:311909:312112,5550,no,train,scaffold1636_cov125,312071,-,52,0,Ptychodera_prebalancing.csv.gz
Ptychodera,scaffold6811_cov133:-:238109:238607,17343,no,train,scaffold6811_cov133,238472,-,159,0,Ptychodera_prebalancing.csv.gz
Ptychodera,scaffold9645_cov134:-:516300:516668,19735,no,train,scaffold9645_cov134,516320,-,239,0,Ptychodera_prebalancing.csv.gz
Ptychodera,scaffold178834_cov87:+:2261:3116,6968,no,train,scaffold178834_cov87,2255,+,4,0,Ptychodera_prebalancing.csv.gz
Ptychodera,scaffold25866_cov149:-:341036:341425,10158,yes,train,scaffold25866_cov149,341340,-,45,0.4967320261437908,Ptychodera_prebalancing.csv.gz
Ptychodera,scaffold940946_cov135:-:59871:60197,19370,no,train,scaffold940946_cov135,59965,-,246,0,Ptychodera_prebalancing.csv.gz
Ptychodera,scaffold1323_cov134:+:427103:427584,3171,yes,train,scaffold1323_cov134,427472,+,344,0.1980861244019138,Ptychodera_prebalancing.csv.gz
Ptychodera,scaffold7626_cov144:-:459173:459972,18071,no,train,scaffold7626_cov144,459982,-,12,0,Ptychodera_prebalancing.csv.gz
Ptychodera,scaffold485_cov122:-:34345:34618,15479,yes,train,scaffold485_cov122,34613,-,26,0.3139329805996472,Ptychodera_prebalancing.csv.gz
Ptychodera,scaffold16052_cov95:+:62339:62985,5200,yes,train,scaffold16052_cov95,62804,+,426,0.308411214953271,Ptychodera_prebalancing.csv.gz
Ptychodera,scaffold2520_cov137:-:716980:717272,9840,no,train,scaffold2520_cov137,717251,-,21,0,Ptychodera_prebalancing.csv.gz
Ptychodera,scaffold56_cov136:+:584474:585605,16178,yes,train,scaffold56_cov136,585517,+,249,0.2533333333333333,Ptychodera_prebalancing.csv.gz
Ptychodera,scaffold14354_cov137:-:94703:95626,3841,yes,train,scaffold14354_cov137,95606,-,143,0.1683168316831683,Ptychodera_prebalancing.csv.gz
Ptychodera,scaffold27652_cov140:+:374592:375191,10789,no,train,scaffold27652_cov140,374716,+,70,0,Ptychodera_prebalancing.csv.gz
Ptychodera,scaffold851_cov164:+:208862:209420,18921,yes,train,scaffold851_cov164,209358,+,228,0.7941176470588235,Ptychodera_prebalancing.csv.gz
Ptychodera,scaffold11559_cov105:+:53281:53740,941,no,train,scaffold11559_cov105,53660,+,318,0,Ptychodera_prebalancing.csv.gz
Ptychodera,scaffold1676_cov84:-:198331:198854,6011,yes,train,scaffold1676_cov84,198830,-,73,0.4210526315789473,Ptychodera_prebalancing.csv.gz
Ptychodera,scaffold26652_cov126:-:22721:23423,10377,yes,train,scaffold26652_cov126,23227,-,207,0.3192488262910798,Ptychodera_prebalancing.csv.gz
Ptychodera,scaffold18190_cov84:-:8450:8616,7300,no,train,scaffold18190_cov84,8622,-,80,0,Ptychodera_prebalancing.csv.gz
Ptychodera,scaffold5571_cov159:-:181815:182119,16006,yes,train,scaffold5571_cov159,181870,-,141,0.1553398058252427,Ptychodera_prebalancing.csv.gz
Ptychodera,scaffold14354_cov137:-:94703:95626,3810,no,train,scaffold14354_cov137,94852,-,246,0,Ptychodera_prebalancing.csv.gz
Ptychodera,scaffold1539_cov135:-:495376:495773,4670,yes,train,scaffold1539_cov135,495380,-,192,0.5087719298245614,Ptychodera_prebalancing.csv.gz
Ptychodera,scaffold6445_cov98:+:453373:453685,16611,no,train,scaffold6445_cov98,453642,+,128,0,Ptychodera_prebalancing.csv.gz
Ptychodera,scaffold12381_cov139:+:19073:19682,2587,no,train,scaffold12381_cov139,19662,+,417,0,Ptychodera_prebalancing.csv.gz
Ptychodera,scaffold2799_cov98:+:111319:111921,10871,no,train,scaffold2799_cov98,111394,+,76,0,Ptychodera_prebalancing.csv.gz
Ptychodera,scaffold2520_cov137:-:716980:717272,9799,no,train,scaffold2520_cov137,717099,-,177,0,Ptychodera_prebalancing.csv.gz
Ptychodera,scaffold8026_cov121:-:76174:76416,18383,yes,train,scaffold8026_cov121,76249,-,171,0.9357798165137616,Ptychodera_prebalancing.csv.gz
Ptychodera,scaffold9645_cov134:-:516300:516668,19752,no,train,scaffold9645_cov134,516366,-,193,0,Ptychodera_prebalancing.csv.gz
Ptychodera,scaffold209507_cov154:-:41337:41458,8179,no,train,scaffold209507_cov154,41364,-,140,0,Ptychodera_prebalancing.csv.gz
Ptychodera,scaffold12141_cov164:-:9717:10517,2152,no,train,scaffold12141_cov164,9872,-,114,0,Ptychodera_prebalancing.csv.gz
Ptychodera,scaffold1155138_cov151:-:615230:615346,806,no,train,scaffold1155138_cov151,615320,-,252,0,Ptychodera_prebalancing.csv.gz
Ptychodera,scaffold178834_cov87:+:2261:3116,6981,no,train,scaffold178834_cov87,2291,+,40,0,Ptychodera_prebalancing.csv.gz
Ptychodera,scaffold28848_cov151:-:119895:120090,11156,yes,train,scaffold28848_cov151,120076,-,28,0.4971098265895953,Ptychodera_prebalancing.csv.gz
Ptychodera,scaffold208_cov126:+:155246:156052,8152,yes,train,scaffold208_cov126,156030,+,256,1,Ptychodera_prebalancing.csv.gz
Ptychodera,scaffold2520_cov137:-:716980:717272,9777,no,train,scaffold2520_cov137,717029,-,247,0,Ptychodera_prebalancing.csv.gz
Ptychodera,scaffold1603_cov140:-:2704:3035,5035,yes,train,scaffold1603_cov140,2717,-,336,0.2420091324200913,Ptychodera_prebalancing.csv.gz
Ptychodera,scaffold2817_cov143:-:740422:741833,10945,no,train,scaffold2817_cov143,740652,-,38,0,Ptychodera_prebalancing.csv.gz
Ptychodera,scaffold16052_cov95:+:62339:62985,5163,no,train,scaffold16052_cov95,62431,+,97,0,Ptychodera_prebalancing.csv.gz
Ptychodera,scaffold2991_cov164:-:858007:858838,11545,yes,train,scaffold2991_cov164,858017,-,718,0.7528735632183908,Ptychodera_prebalancing.csv.gz
Ptychodera,scaffold79475_cov142:-:27270:27396,18323,yes,train,scaffold79475_cov142,27299,-,57,0.7321428571428571,Ptychodera_prebalancing.csv.gz
Ptychodera,scaffold1801_cov157:+:172979:173254,7087,no,train,scaffold1801_cov157,173156,+,244,0,Ptychodera_prebalancing.csv.gz
Ptychodera,scaffold6755_cov113:-:31779:31986,17194,yes,train,scaffold6755_cov113,31933,-,99,0.3956043956043956,Ptychodera_prebalancing.csv.gz
Ptychodera,scaffold851_cov164:+:208862:209420,18902,no,train,scaffold851_cov164,208975,+,122,0,Ptychodera_prebalancing.csv.gz
Ptychodera,scaffold947_cov114:-:3216:3537,19448,yes,train,scaffold947_cov114,3300,-,164,0.8309859154929577,Ptychodera_prebalancing.csv.gz
Ptychodera,scaffold12381_cov139:+:19073:19682,2535,yes,train,scaffold12381_cov139,19520,+,275,0.5606060606060606,Ptychodera_prebalancing.csv.gz
Ptychodera,scaffold940946_cov135:-:59871:60197,19411,no,train,scaffold940946_cov135,60093,-,112,0,Ptychodera_prebalancing.csv.gz
Ptychodera,scaffold3782_cov139:+:169976:170896,13449,no,train,scaffold3782_cov139,170918,+,228,0,Ptychodera_prebalancing.csv.gz
Ptychodera,scaffold7266_cov140:+:132494:133145,17766,yes,train,scaffold7266_cov140,132941,+,268,0.1624548736462094,Ptychodera_prebalancing.csv.gz
Ptychodera,scaffold6755_cov113:-:31779:31986,17191,no,train,scaffold6755_cov113,31926,-,106,0,Ptychodera_prebalancing.csv.gz
Ptychodera,scaffold12141_cov164:-:9717:10517,2137,yes,train,scaffold12141_cov164,9804,-,187,0.66875,Ptychodera_prebalancing.csv.gz
Ptychodera,scaffold25866_cov149:-:341036:341425,10153,yes,train,scaffold25866_cov149,341321,-,64,0.1666666666666666,Ptychodera_prebalancing.csv.gz
Ptychodera,scaffold25866_cov149:-:341036:341425,10149,yes,train,scaffold25866_cov149,341304,-,81,0.2767857142857143,Ptychodera_prebalancing.csv.gz
Ptychodera,scaffold2991_cov164:-:247815:248280,11495,yes,train,scaffold2991_cov164,248145,-,142,0.6858108108108109,Ptychodera_prebalancing.csv.gz
Ptychodera,scaffold2710_cov109:-:61548:62284,10703,yes,train,scaffold2710_cov109,62182,-,113,0.1666666666666666,Ptychodera_prebalancing.csv.gz
Ptychodera,scaffold22210_cov134:-:250558:251371,8837,no,train,scaffold22210_cov134,251087,-,187,0,Ptychodera_prebalancing.csv.gz
Ptychodera,scaffold25120_cov124:-:105463:105780,9715,no,train,scaffold25120_cov124,105640,-,156,0,Ptychodera_prebalancing.csv.gz
Ptychodera,scaffold14503_cov110:+:699477:699642,4021,yes,train,scaffold14503_cov110,699607,+,160,0.6619718309859155,Ptychodera_prebalancing.csv.gz
Ptychodera,scaffold16052_cov95:+:62339:62985,5197,yes,train,scaffold16052_cov95,62772,+,394,0.5825242718446602,Ptychodera_prebalancing.csv.gz
Ptychodera,scaffold5571_cov159:-:181815:182119,15989,no,train,scaffold5571_cov159,181827,-,184,0,Ptychodera_prebalancing.csv.gz
Ptychodera,scaffold4043_cov170:-:308373:308638,14270,yes,train,scaffold4043_cov170,308442,-,224,0.868421052631579,Ptychodera_prebalancing.csv.gz
Ptychodera,scaffold2991_cov164:-:858007:858838,11750,no,train,scaffold2991_cov164,858781,-,60,0,Ptychodera_prebalancing.csv.gz
Ptychodera,scaffold10983_cov102:-:132602:132940,469,yes,train,scaffold10983_cov102,132681,-,192,0.6851851851851852,Ptychodera_prebalancing.csv.gz
Ptychodera,scaffold6755_cov113:-:31779:31986,17181,yes,train,scaffold6755_cov113,31834,-,159,0.4444444444444444,Ptychodera_prebalancing.csv.gz
Ptychodera,scaffold2869_cov154:+:107409:107792,11051,yes,train,scaffold2869_cov154,107686,+,175,0.3185504308160162,Ptychodera_prebalancing.csv.gz
Ptychodera,scaffold17326_cov146:-:125600:125798,6796,no,train,scaffold17326_cov146,125590,-,205,0,Ptychodera_prebalancing.csv.gz
Ptychodera,scaffold2991_cov164:-:858007:858838,11596,yes,train,scaffold2991_cov164,858198,-,537,0.3536585365853658,Ptychodera_prebalancing.csv.gz
Ptychodera,scaffold2991_cov164:-:858007:858838,11712,yes,train,scaffold2991_cov164,858651,-,190,0.1553398058252427,Ptychodera_prebalancing.csv.gz
Ptychodera,scaffold6901_cov141:-:794007:794312,17507,yes,train,scaffold6901_cov141,794273,-,41,0.2016129032258064,Ptychodera_prebalancing.csv.gz
Ptychodera,scaffold16631_cov137:+:14242:14561,5806,yes,train,scaffold16631_cov137,14455,+,177,0.6704545454545454,Ptychodera_prebalancing.csv.gz
Ptychodera,scaffold15286_cov116:+:379161:379775,4531,no,train,scaffold15286_cov116,379664,+,333,0,Ptychodera_prebalancing.csv.gz
Ptychodera,scaffold25120_cov124:-:105463:105780,9724,no,train,scaffold25120_cov124,105679,-,117,0,Ptychodera_prebalancing.csv.gz
Ptychodera,scaffold16732_cov160:+:289154:289485,5889,yes,train,scaffold16732_cov160,289391,+,207,0.2125603864734299,Ptychodera_prebalancing.csv.gz
Ptychodera,scaffold42799_cov92:-:31872:32078,14638,no,train,scaffold42799_cov92,32070,-,23,0,Ptychodera_prebalancing.csv.gz
Ptychodera,scaffold6644_cov166:+:24349:25176,16885,yes,train,scaffold6644_cov166,24751,+,190,0.6754385964912281,Ptychodera_prebalancing.csv.gz
Ptychodera,scaffold1171787_cov158:+:720830:721101,1681,yes,train,scaffold1171787_cov158,721038,+,41,0.6357142857142857,Ptychodera_prebalancing.csv.gz
Ptychodera,scaffold6649_cov117:-:267599:267994,16917,yes,train,scaffold6649_cov117,267930,-,77,0.1587301587301587,Ptychodera_prebalancing.csv.gz
Ptychodera,scaffold208_cov126:+:155246:156052,8159,yes,train,scaffold208_cov126,156051,+,277,0.8633093525179856,Ptychodera_prebalancing.csv.gz
Ptychodera,scaffold21173_cov137:-:525055:525229,8302,yes,train,scaffold21173_cov137,525195,-,57,0.9869565217391304,Ptychodera_prebalancing.csv.gz
Ptychodera,scaffold478_cov113:-:167312:167702,15270,yes,train,scaffold478_cov113,167313,-,314,0.4690909090909091,Ptychodera_prebalancing.csv.gz
Ptychodera,scaffold3081_cov168:-:128788:128942,11925,yes,train,scaffold3081_cov168,128914,-,106,0.1835443037974683,Ptychodera_prebalancing.csv.gz
Ptychodera,scaffold2991_cov164:+:23681:24617,11433,yes,train,scaffold2991_cov164,23773,+,110,0.1741935483870967,Ptychodera_prebalancing.csv.gz
Ptychodera,scaffold1631_cov148:+:705302:705603,5418,no,train,scaffold1631_cov148,705627,+,334,0,Ptychodera_prebalancing.csv.gz
Ptychodera,scaffold1560_cov86:-:11001:11335,4876,no,train,scaffold1560_cov86,11077,-,162,0,Ptychodera_prebalancing.csv.gz
Ptychodera,scaffold4067_cov148:+:83646:83942,14373,no,train,scaffold4067_cov148,83651,+,220,0,Ptychodera_prebalancing.csv.gz
Ptychodera,scaffold17162_cov153:+:189363:189663,6473,no,train,scaffold17162_cov153,189647,+,301,0,Ptychodera_prebalancing.csv.gz
Ptychodera,scaffold28848_cov151:-:119895:120090,11142,yes,train,scaffold28848_cov151,120029,-,75,0.9800796812749004,Ptychodera_prebalancing.csv.gz
Ptychodera,scaffold2520_cov137:-:716980:717272,9786,yes,train,scaffold2520_cov137,717058,-,218,0.4434389140271493,Ptychodera_prebalancing.csv.gz
Ptychodera,scaffold28443_cov126:-:292364:292550,11007,yes,train,scaffold28443_cov126,292547,-,18,0.5038759689922481,Ptychodera_prebalancing.csv.gz
Ptychodera,scaffold2817_cov143:-:740422:741833,10921,yes,train,scaffold2817_cov143,740584,-,106,0.2569974554707379,Ptychodera_prebalancing.csv.gz
Ptychodera,scaffold35672_cov133:+:311021:311749,13124,yes,train,scaffold35672_cov133,311629,+,242,0.2393162393162393,Ptychodera_prebalancing.csv.gz
Ptychodera,scaffold3861_cov165:-:35132:35576,13847,no,train,scaffold3861_cov165,35654,-,150,0,Ptychodera_prebalancing.csv.gz
Ptychodera,scaffold67423_cov132:-:90821:91300,17068,yes,train,scaffold67423_cov132,90886,-,377,0.6148148148148148,Ptychodera_prebalancing.csv.gz
Ptychodera,scaffold12081_cov153:+:159539:159742,2074,no,train,scaffold12081_cov153,159599,+,96,0,Ptychodera_prebalancing.csv.gz
Ptychodera,scaffold14354_cov137:-:94703:95626,3853,no,train,scaffold14354_cov137,95648,-,101,0,Ptychodera_prebalancing.csv.gz
Ptychodera,scaffold18025_cov163:+:6470:7342,7155,yes,train,scaffold18025_cov163,6485,+,42,0.6495726495726496,Ptychodera_prebalancing.csv.gz
Ptychodera,scaffold1156276_cov87:-:99184:100330,1038,no,train,scaffold1156276_cov87,99474,-,97,0,Ptychodera_prebalancing.csv.gz
Ptychodera,scaffold478_cov113:-:167312:167702,15320,no,train,scaffold478_cov113,167564,-,138,0,Ptychodera_prebalancing.csv.gz
Ptychodera,scaffold7613_cov119:+:136766:136903,17970,no,train,scaffold7613_cov119,136815,+,130,0,Ptychodera_prebalancing.csv.gz
Ptychodera,scaffold161704_cov130:+:35436:35670,5257,no,train,scaffold161704_cov130,35580,+,196,0,Ptychodera_prebalancing.csv.gz
Ptychodera,scaffold15286_cov116:+:379161:379775,4485,no,train,scaffold15286_cov116,379195,+,155,0,Ptychodera_prebalancing.csv.gz
Ptychodera,scaffold14503_cov110:+:699477:699642,4010,no,train,scaffold14503_cov110,699542,+,90,0,Ptychodera_prebalancing.csv.gz
Ptychodera,scaffold16631_cov137:+:14242:14561,5781,yes,train,scaffold16631_cov137,14376,+,92,0.215962441314554,Ptychodera_prebalancing.csv.gz
Ptychodera,scaffold11537_cov112:+:299365:299845,722,no,train,scaffold11537_cov112,299542,+,88,0,Ptychodera_prebalancing.csv.gz
Ptychodera,scaffold32521_cov86:+:2399:2886,12242,yes,train,scaffold32521_cov86,2459,+,66,0.9545454545454546,Ptychodera_prebalancing.csv.gz
Ptychodera,scaffold32521_cov86:+:2399:2886,12240,yes,train,scaffold32521_cov86,2456,+,63,0.9798657718120806,Ptychodera_prebalancing.csv.gz
Ptychodera,scaffold1173_cov143:+:408154:408573,1860,yes,train,scaffold1173_cov143,408319,+,164,0.3446601941747573,Ptychodera_prebalancing.csv.gz
Ptychodera,scaffold15286_cov116:+:379161:379775,4463,no,train,scaffold15286_cov116,379142,+,102,0,Ptychodera_prebalancing.csv.gz
Ptychodera,scaffold478_cov113:-:167312:167702,15315,no,train,scaffold478_cov113,167545,-,157,0,Ptychodera_prebalancing.csv.gz
Ptychodera,scaffold10981_cov157:-:320342:321622,416,yes,train,scaffold10981_cov157,320395,-,470,0.48,Ptychodera_prebalancing.csv.gz
Ptychodera,scaffold27652_cov140:+:374592:375191,10785,yes,train,scaffold27652_cov140,374694,+,48,0.6285714285714286,Ptychodera_prebalancing.csv.gz
Ptychodera,scaffold42799_cov92:-:31872:32078,14598,no,train,scaffold42799_cov92,31924,-,175,0,Ptychodera_prebalancing.csv.gz
Ptychodera,scaffold2710_cov109:-:61548:62284,10708,no,train,scaffold2710_cov109,62287,-,8,0,Ptychodera_prebalancing.csv.gz
Ptychodera,scaffold17326_cov146:-:125600:125798,6827,no,train,scaffold17326_cov146,125663,-,132,0,Ptychodera_prebalancing.csv.gz
Ptychodera,scaffold22042_cov145:-:44137:44562,8731,yes,train,scaffold22042_cov145,44509,-,92,0.6356589147286822,Ptychodera_prebalancing.csv.gz
Ptychodera,scaffold9645_cov134:-:516300:516668,19794,yes,train,scaffold9645_cov134,516642,-,60,0.1571428571428571,Ptychodera_prebalancing.csv.gz
Ptychodera,scaffold67423_cov132:-:90821:91300,17070,yes,train,scaffold67423_cov132,90892,-,371,0.2816901408450704,Ptychodera_prebalancing.csv.gz
Ptychodera,scaffold5571_cov159:-:181815:182119,16000,no,train,scaffold5571_cov159,181851,-,160,0,Ptychodera_prebalancing.csv.gz
Ptychodera,scaffold7723_cov121:+:445396:445849,18200,no,train,scaffold7723_cov121,445718,+,211,0,Ptychodera_prebalancing.csv.gz
Ptychodera,scaffold26652_cov126:-:22721:23423,10333,no,train,scaffold26652_cov126,23106,-,328,0,Ptychodera_prebalancing.csv.gz
Ptychodera,scaffold3154_cov140:+:228764:228820,12014,no,train,scaffold3154_cov140,228850,+,239,0,Ptychodera_prebalancing.csv.gz
Ptychodera,scaffold1156276_cov87:-:99184:100330,1044,yes,train,scaffold1156276_cov87,99490,-,81,0.867595818815331,Ptychodera_prebalancing.csv.gz
Ptychodera,scaffold1801_cov157:+:172979:173254,7065,no,train,scaffold1801_cov157,173098,+,186,0,Ptychodera_prebalancing.csv.gz
Ptychodera,scaffold56_cov136:+:584474:585605,16100,yes,train,scaffold56_cov136,584544,+,56,0.265625,Ptychodera_prebalancing.csv.gz
Ptychodera,scaffold67423_cov132:-:90821:91300,17067,yes,train,scaffold67423_cov132,90884,-,379,0.6911764705882353,Ptychodera_prebalancing.csv.gz
Ptychodera,scaffold3861_cov165:-:35132:35576,13737,yes,train,scaffold3861_cov165,35147,-,552,0.53,Ptychodera_prebalancing.csv.gz
Ptychodera,scaffold106908_cov93:+:3541:3901,273,yes,train,scaffold106908_cov93,3791,+,261,0.1764705882352941,Ptychodera_prebalancing.csv.gz
Ptychodera,scaffold11537_cov112:+:299365:299845,700,yes,train,scaffold11537_cov112,299474,+,20,0.1725490196078431,Ptychodera_prebalancing.csv.gz
Ptychodera,scaffold10189_cov149:+:223808:225100,130,no,train,scaffold10189_cov149,224931,+,242,0,Ptychodera_prebalancing.csv.gz
Ptychodera,scaffold1171258_cov122:+:213330:213576,1439,no,train,scaffold1171258_cov122,213503,+,194,0,Ptychodera_prebalancing.csv.gz
Ptychodera,scaffold8095_cov123:-:171963:172984,18499,no,train,scaffold8095_cov123,172754,-,215,0,Ptychodera_prebalancing.csv.gz
Ptychodera,scaffold10189_cov149:+:223808:225100,125,no,train,scaffold10189_cov149,224911,+,222,0,Ptychodera_prebalancing.csv.gz
Ptychodera,scaffold8095_cov123:-:171963:172984,18548,yes,train,scaffold8095_cov123,172918,-,51,0.6959459459459459,Ptychodera_prebalancing.csv.gz
Ptychodera,scaffold50865_cov127:-:17389:18451,15710,yes,train,scaffold50865_cov127,18230,-,238,0.9493670886075948,Ptychodera_prebalancing.csv.gz
Ptychodera,scaffold20770_cov135:+:33735:33914,7925,yes,train,scaffold20770_cov135,33891,+,171,0.1975308641975308,Ptychodera_prebalancing.csv.gz
Ptychodera,scaffold2499_cov133:+:24665:25063,9706,yes,train,scaffold2499_cov133,24713,+,63,0.9903846153846154,Ptychodera_prebalancing.csv.gz
Ptychodera,scaffold18025_cov163:+:6470:7342,7198,no,train,scaffold18025_cov163,6930,+,265,0,Ptychodera_prebalancing.csv.gz
Ptychodera,scaffold32521_cov86:+:2399:2886,12350,yes,train,scaffold32521_cov86,2828,+,442,0.7161290322580646,Ptychodera_prebalancing.csv.gz
Ptychodera,scaffold2991_cov164:-:858007:858838,11621,yes,train,scaffold2991_cov164,858289,-,446,0.185064935064935,Ptychodera_prebalancing.csv.gz
Ptychodera,scaffold23174_cov134:+:212578:215051,9017,yes,train,scaffold23174_cov134,213545,+,51,0.3553719008264462,Ptychodera_prebalancing.csv.gz
Ptychodera,scaffold32521_cov86:+:2399:2886,12300,no,train,scaffold32521_cov86,2685,+,299,0,Ptychodera_prebalancing.csv.gz
Ptychodera,scaffold10734_cov95:+:35769:36582,318,no,train,scaffold10734_cov95,36503,+,277,0,Ptychodera_prebalancing.csv.gz
Ptychodera,scaffold12381_cov139:+:19073:19682,2487,no,train,scaffold12381_cov139,19156,+,91,0,Ptychodera_prebalancing.csv.gz
Ptychodera,scaffold22042_cov145:-:11224:12451,8695,yes,train,scaffold22042_cov145,12152,-,72,0.2690058479532163,Ptychodera_prebalancing.csv.gz
Ptychodera,scaffold1885_cov156:+:129197:130977,7452,yes,train,scaffold1885_cov156,129429,+,246,0.8545454545454545,Ptychodera_prebalancing.csv.gz
Ptychodera,scaffold1171763_cov97:-:24808:25449,1659,yes,train,scaffold1171763_cov97,25323,-,134,0.448,Ptychodera_prebalancing.csv.gz
Ptychodera,scaffold38562_cov122:-:141886:143137,13671,no,train,scaffold38562_cov122,142914,-,257,0,Ptychodera_prebalancing.csv.gz
Ptychodera,scaffold208_cov126:+:155246:156052,8102,yes,train,scaffold208_cov126,155704,+,96,0.5758354755784062,Ptychodera_prebalancing.csv.gz
Ptychodera,scaffold3698_cov112:+:68018:68572,13249,yes,train,scaffold3698_cov112,68108,+,104,0.6410256410256411,Ptychodera_prebalancing.csv.gz
Ptychodera,scaffold478_cov113:-:167312:167702,15286,yes,train,scaffold478_cov113,167360,-,267,0.3338788870703764,Ptychodera_prebalancing.csv.gz
Ptychodera,scaffold96532_cov96:+:290036:290160,19850,no,train,scaffold96532_cov96,290043,+,66,0,Ptychodera_prebalancing.csv.gz
Ptychodera,scaffold478_cov113:-:167312:167702,15271,no,train,scaffold478_cov113,167316,-,311,0,Ptychodera_prebalancing.csv.gz
Ptychodera,scaffold23174_cov134:+:212578:215051,9022,yes,train,scaffold23174_cov134,213563,+,69,0.2429906542056074,Ptychodera_prebalancing.csv.gz
Ptychodera,scaffold10983_cov102:-:132602:132940,480,no,train,scaffold10983_cov102,132742,-,131,0,Ptychodera_prebalancing.csv.gz
Ptychodera,scaffold16052_cov95:+:62339:62985,5145,yes,train,scaffold16052_cov95,62349,+,15,0.953846153846154,Ptychodera_prebalancing.csv.gz
Ptychodera,scaffold208_cov126:+:146398:147328,8015,yes,train,scaffold208_cov126,146399,+,10,0.5822368421052632,Ptychodera_prebalancing.csv.gz
Ptychodera,scaffold17162_cov153:+:189363:189663,6500,no,train,scaffold17162_cov153,189706,+,360,0,Ptychodera_prebalancing.csv.gz
Ptychodera,scaffold25866_cov149:-:341036:341425,10161,yes,train,scaffold25866_cov149,341356,-,29,0.79375,Ptychodera_prebalancing.csv.gz
Ptychodera,scaffold21297_cov142:-:138460:138685,8382,no,train,scaffold21297_cov142,138687,-,11,0,Ptychodera_prebalancing.csv.gz
Ptychodera,scaffold7415_cov134:-:16418:17031,17841,yes,train,scaffold7415_cov134,16881,-,99,0.2905982905982906,Ptychodera_prebalancing.csv.gz
Ptychodera,scaffold23899_cov112:+:9403:9576,9172,yes,train,scaffold23899_cov112,9532,+,151,0.3926380368098159,Ptychodera_prebalancing.csv.gz
Ptychodera,scaffold1171763_cov97:-:24808:25449,1631,yes,train,scaffold1171763_cov97,24892,-,275,0.9701492537313432,Ptychodera_prebalancing.csv.gz
Ptychodera,scaffold26652_cov126:-:22721:23423,10359,yes,train,scaffold26652_cov126,23174,-,260,0.9310344827586208,Ptychodera_prebalancing.csv.gz
Ptychodera,scaffold10165_cov134:-:283423:285289,46,yes,train,scaffold10165_cov134,283880,-,192,0.2212389380530973,Ptychodera_prebalancing.csv.gz
Ptychodera,scaffold13328_cov168:+:112359:112609,3394,no,train,scaffold13328_cov168,112363,+,59,0,Ptychodera_prebalancing.csv.gz
Ptychodera,scaffold5178_cov121:-:386626:386801,15764,yes,train,scaffold5178_cov121,386631,-,191,0.3174603174603174,Ptychodera_prebalancing.csv.gz
Ptychodera,scaffold348914_cov132:-:18141:18583,12926,yes,train,scaffold348914_cov132,18506,-,126,0.2180451127819548,Ptychodera_prebalancing.csv.gz
Ptychodera,scaffold1155138_cov151:-:615230:615346,772,no,train,scaffold1155138_cov151,615239,-,333,0,Ptychodera_prebalancing.csv.gz
Ptychodera,scaffold32521_cov86:+:2399:2886,12258,yes,train,scaffold32521_cov86,2553,+,160,0.2435233160621761,Ptychodera_prebalancing.csv.gz
Ptychodera,scaffold161431_cov89:-:17574:18493,5206,yes,train,scaffold161431_cov89,17647,-,211,0.8403361344537815,Ptychodera_prebalancing.csv.gz
Ptychodera,scaffold2869_cov154:+:107409:107792,11059,yes,train,scaffold2869_cov154,107726,+,215,0.3293521534563879,Ptychodera_prebalancing.csv.gz
Ptychodera,scaffold1636_cov125:-:375792:376043,5646,no,train,scaffold1636_cov125,376091,-,20,0,Ptychodera_prebalancing.csv.gz
Ptychodera,scaffold1171789_cov119:-:19586:20038,1709,no,train,scaffold1171789_cov119,19948,-,120,0,Ptychodera_prebalancing.csv.gz
Ptychodera,scaffold67423_cov132:-:90821:91300,17052,yes,train,scaffold67423_cov132,90841,-,422,0.4477611940298507,Ptychodera_prebalancing.csv.gz
Ptychodera,scaffold3861_cov165:-:35132:35576,13758,yes,train,scaffold3861_cov165,35236,-,463,0.7526881720430108,Ptychodera_prebalancing.csv.gz
Ptychodera,scaffold1156384_cov162:-:285204:285691,1111,no,train,scaffold1156384_cov162,285603,-,102,0,Ptychodera_prebalancing.csv.gz
Ptychodera,scaffold2140_cov133:-:174815:176568,8419,no,train,scaffold2140_cov133,174868,-,287,0,Ptychodera_prebalancing.csv.gz
Ptychodera,scaffold11559_cov105:+:53281:53740,951,no,train,scaffold11559_cov105,53686,+,344,0,Ptychodera_prebalancing.csv.gz
Ptychodera,scaffold124823_cov151:-:162483:162816,2793,no,train,scaffold124823_cov151,162603,-,234,0,Ptychodera_prebalancing.csv.gz
Ptychodera,scaffold3698_cov112:+:68018:68572,13299,yes,train,scaffold3698_cov112,68400,+,398,0.953757225433526,Ptychodera_prebalancing.csv.gz
Ptychodera,scaffold25866_cov149:-:341036:341425,10162,yes,train,scaffold25866_cov149,341359,-,26,0.40625,Ptychodera_prebalancing.csv.gz
Ptychodera,scaffold17107_cov97:-:167714:170261,6151,yes,train,scaffold17107_cov97,167800,-,427,1,Ptychodera_prebalancing.csv.gz
Ptychodera,scaffold208_cov126:+:155246:156052,8134,yes,train,scaffold208_cov126,155963,+,189,0.7861635220125787,Ptychodera_prebalancing.csv.gz
Ptychodera,scaffold18025_cov163:+:6470:7342,7188,no,train,scaffold18025_cov163,6883,+,218,0,Ptychodera_prebalancing.csv.gz
Ptychodera,scaffold45193_cov139:+:238005:238224,15025,no,train,scaffold45193_cov139,238186,+,251,0,Ptychodera_prebalancing.csv.gz
Ptychodera,scaffold485_cov122:-:34345:34618,15406,yes,train,scaffold485_cov122,34361,-,283,0.244,Ptychodera_prebalancing.csv.gz
Ptychodera,scaffold31965_cov155:-:252190:253635,12090,no,train,scaffold31965_cov155,253542,-,122,0,Ptychodera_prebalancing.csv.gz
Ptychodera,scaffold3861_cov165:-:35132:35576,13823,no,train,scaffold3861_cov165,35566,-,238,0,Ptychodera_prebalancing.csv.gz
Ptychodera,scaffold1173_cov143:+:408154:408573,1892,yes,train,scaffold1173_cov143,408513,+,312,0.7831325301204819,Ptychodera_prebalancing.csv.gz
Ptychodera,scaffold43365_cov111:+:111460:111953,14854,no,train,scaffold43365_cov111,111554,+,97,0,Ptychodera_prebalancing.csv.gz
Ptychodera,scaffold11559_cov105:+:53281:53740,978,no,train,scaffold11559_cov105,53754,+,412,0,Ptychodera_prebalancing.csv.gz
Ptychodera,scaffold1156384_cov162:-:285204:285691,1080,yes,train,scaffold1156384_cov162,285217,-,206,0.2278645833333333,Ptychodera_prebalancing.csv.gz
Ptychodera,scaffold4067_cov148:+:83646:83942,14436,no,train,scaffold4067_cov148,84058,+,419,0,Ptychodera_prebalancing.csv.gz
Ptychodera,scaffold485_cov122:-:34345:34618,15480,no,train,scaffold485_cov122,34617,-,22,0,Ptychodera_prebalancing.csv.gz
Ptychodera,scaffold47766_cov117:-:200215:200524,15256,no,train,scaffold47766_cov117,200326,-,208,0,Ptychodera_prebalancing.csv.gz
Ptychodera,scaffold39128_cov134:+:98912:99592,14118,no,train,scaffold39128_cov134,99535,+,632,0,Ptychodera_prebalancing.csv.gz
Ptychodera,scaffold17162_cov153:+:189363:189663,6453,no,train,scaffold17162_cov153,189591,+,245,0,Ptychodera_prebalancing.csv.gz
Ptychodera,scaffold75012_cov130:+:116027:116370,17865,no,train,scaffold75012_cov130,116115,+,94,0,Ptychodera_prebalancing.csv.gz
Ptychodera,scaffold106908_cov93:+:3541:3901,269,no,train,scaffold106908_cov93,3760,+,230,0,Ptychodera_prebalancing.csv.gz
Ptychodera,scaffold1636_cov125:-:375792:376043,5572,no,train,scaffold1636_cov125,375812,-,303,0,Ptychodera_prebalancing.csv.gz
Ptychodera,scaffold1156276_cov87:-:99184:100330,1010,no,train,scaffold1156276_cov87,99209,-,248,0,Ptychodera_prebalancing.csv.gz
Ptychodera,scaffold4923_cov126:-:400667:401530,15624,no,train,scaffold4923_cov126,400945,-,478,0,Ptychodera_prebalancing.csv.gz
Ptychodera,scaffold851_cov164:+:208862:209420,18891,yes,train,scaffold851_cov164,208926,+,73,0.6253602305475504,Ptychodera_prebalancing.csv.gz
Ptychodera,scaffold6649_cov117:-:267599:267994,16930,no,train,scaffold6649_cov117,267961,-,46,0,Ptychodera_prebalancing.csv.gz
Ptychodera,scaffold25120_cov124:-:105463:105780,9739,no,train,scaffold25120_cov124,105745,-,51,0,Ptychodera_prebalancing.csv.gz
Ptychodera,scaffold1323_cov134:+:427103:427584,3165,no,train,scaffold1323_cov134,427446,+,318,0,Ptychodera_prebalancing.csv.gz
Ptychodera,scaffold698_cov122:-:207303:208348,17578,yes,train,scaffold698_cov122,207310,-,191,0.4352941176470588,Ptychodera_prebalancing.csv.gz
Ptychodera,scaffold114779_cov129:-:9728:10643,640,yes,train,scaffold114779_cov129,10033,-,377,0.7961165048543689,Ptychodera_prebalancing.csv.gz
Ptychodera,scaffold1962_cov141:-:168291:168515,7619,yes,train,scaffold1962_cov141,168313,-,151,0.3618421052631579,Ptychodera_prebalancing.csv.gz
Ptychodera,scaffold1835_cov136:+:285845:286147,7366,no,train,scaffold1835_cov136,286199,+,213,0,Ptychodera_prebalancing.csv.gz
Ptychodera,scaffold1171763_cov97:-:24808:25449,1634,yes,train,scaffold1171763_cov97,24909,-,258,0.5327868852459017,Ptychodera_prebalancing.csv.gz
Ptychodera,scaffold1241_cov154:-:109445:109789,2635,yes,train,scaffold1241_cov154,109718,-,78,0.1720930232558139,Ptychodera_prebalancing.csv.gz
Ptychodera,scaffold485_cov122:-:34345:34618,15410,yes,train,scaffold485_cov122,34376,-,268,0.2017291066282421,Ptychodera_prebalancing.csv.gz
Ptychodera,scaffold9555_cov137:-:57548:57703,19493,no,train,scaffold9555_cov137,57504,-,331,0,Ptychodera_prebalancing.csv.gz
Ptychodera,scaffold67423_cov132:-:90821:91300,17069,yes,train,scaffold67423_cov132,90890,-,373,0.2573529411764705,Ptychodera_prebalancing.csv.gz
Ptychodera,scaffold16052_cov95:+:62339:62985,5191,no,train,scaffold16052_cov95,62630,+,296,0,Ptychodera_prebalancing.csv.gz
Ptychodera,scaffold67423_cov132:-:90821:91300,17055,yes,train,scaffold67423_cov132,90844,-,419,0.2900763358778626,Ptychodera_prebalancing.csv.gz
Ptychodera,scaffold44597_cov125:-:60049:60643,14928,yes,train,scaffold44597_cov125,60135,-,215,0.951219512195122,Ptychodera_prebalancing.csv.gz
Ptychodera,scaffold56_cov136:+:584474:585605,16088,yes,train,scaffold56_cov136,584521,+,33,0.334106728538283,Ptychodera_prebalancing.csv.gz
Ptychodera,scaffold12565_cov89:-:352301:352848,2888,yes,train,scaffold12565_cov89,352446,-,463,0.2200956937799043,Ptychodera_prebalancing.csv.gz
Ptychodera,scaffold13801_cov94:-:33000:33728,3604,no,train,scaffold13801_cov94,33737,-,53,0,Ptychodera_prebalancing.csv.gz
Ptychodera,scaffold1962_cov141:-:167038:167279,7568,no,train,scaffold1962_cov141,167250,-,101,0,Ptychodera_prebalancing.csv.gz
Ptychodera,scaffold1156_cov135:+:159292:159369,1165,no,train,scaffold1156_cov135,159366,+,216,0,Ptychodera_prebalancing.csv.gz
Ptychodera,scaffold114779_cov129:-:9728:10643,650,yes,train,scaffold114779_cov129,10097,-,313,0.6146788990825688,Ptychodera_prebalancing.csv.gz
Ptychodera,scaffold848_cov143:+:580981:582179,18858,yes,train,scaffold848_cov143,581919,+,139,0.3942307692307692,Ptychodera_prebalancing.csv.gz
Ptychodera,scaffold910_cov130:-:569109:569556,19246,yes,train,scaffold910_cov130,569549,-,14,0.893048128342246,Ptychodera_prebalancing.csv.gz
Ptychodera,scaffold475_cov134:+:445828:445984,15193,yes,train,scaffold475_cov134,445932,+,213,0.2450980392156862,Ptychodera_prebalancing.csv.gz
Ptychodera,scaffold1676_cov84:-:198331:198854,6004,yes,train,scaffold1676_cov84,198805,-,98,0.7980295566502463,Ptychodera_prebalancing.csv.gz
Ptychodera,scaffold3698_cov112:+:68018:68572,13259,yes,train,scaffold3698_cov112,68123,+,119,0.4044117647058823,Ptychodera_prebalancing.csv.gz
Ptychodera,scaffold39128_cov134:+:98912:99592,14093,no,train,scaffold39128_cov134,99411,+,508,0,Ptychodera_prebalancing.csv.gz
Ptychodera,scaffold485_cov122:-:34345:34618,15404,yes,train,scaffold485_cov122,34358,-,286,0.5623721881390593,Ptychodera_prebalancing.csv.gz
Ptychodera,scaffold124823_cov151:-:162483:162816,2754,no,train,scaffold124823_cov151,162503,-,334,0,Ptychodera_prebalancing.csv.gz
Ptychodera,scaffold3782_cov139:+:169976:170896,13437,no,train,scaffold3782_cov139,170867,+,177,0,Ptychodera_prebalancing.csv.gz
Ptychodera,scaffold6811_cov133:-:238109:238607,17302,yes,train,scaffold6811_cov133,238218,-,349,0.2333333333333333,Ptychodera_prebalancing.csv.gz
Ptychodera,scaffold6811_cov133:-:238109:238607,17392,no,train,scaffold6811_cov133,238611,-,20,0,Ptychodera_prebalancing.csv.gz
Ptychodera,scaffold1636_cov125:-:375792:376043,5642,no,train,scaffold1636_cov125,376070,-,41,0,Ptychodera_prebalancing.csv.gz
Ptychodera,scaffold26652_cov126:+:156424:156704,10508,yes,train,scaffold26652_cov126,156658,+,199,0.946875,Ptychodera_prebalancing.csv.gz
Ptychodera,scaffold6968_cov114:+:418242:418583,17564,yes,train,scaffold6968_cov114,418480,+,179,0.9518072289156626,Ptychodera_prebalancing.csv.gz
Ptychodera,scaffold13328_cov168:+:112359:112609,3400,yes,train,scaffold13328_cov168,112375,+,71,0.1612903225806451,Ptychodera_prebalancing.csv.gz
Ptychodera,scaffold39128_cov134:+:98912:99592,14027,yes,train,scaffold39128_cov134,99164,+,256,0.1549295774647887,Ptychodera_prebalancing.csv.gz
Ptychodera,scaffold8953_cov140:+:56023:56332,19088,no,train,scaffold8953_cov140,56174,+,152,0,Ptychodera_prebalancing.csv.gz
Ptychodera,scaffold42799_cov92:-:31872:32078,14630,no,train,scaffold42799_cov92,32039,-,54,0,Ptychodera_prebalancing.csv.gz
Ptychodera,scaffold2817_cov143:-:740422:741833,10950,no,train,scaffold2817_cov143,740673,-,17,0,Ptychodera_prebalancing.csv.gz
Ptychodera,scaffold478_cov113:-:167312:167702,15347,yes,train,scaffold478_cov113,167659,-,43,0.9114906832298136,Ptychodera_prebalancing.csv.gz
Ptychodera,scaffold1676_cov84:-:198331:198854,5992,yes,train,scaffold1676_cov84,198769,-,134,0.2488262910798122,Ptychodera_prebalancing.csv.gz
Ptychodera,scaffold13801_cov94:-:33000:33728,3568,no,train,scaffold13801_cov94,33318,-,174,0,Ptychodera_prebalancing.csv.gz
Ptychodera,scaffold39128_cov134:+:93643:94114,13908,yes,train,scaffold39128_cov134,93701,+,73,0.584070796460177,Ptychodera_prebalancing.csv.gz
Ptychodera,scaffold13151_cov141:-:223221:223604,3134,yes,train,scaffold13151_cov141,223268,-,131,0.4833333333333333,Ptychodera_prebalancing.csv.gz
Ptychodera,scaffold17162_cov153:+:189363:189663,6446,no,train,scaffold17162_cov153,189568,+,222,0,Ptychodera_prebalancing.csv.gz
Ptychodera,scaffold38562_cov122:-:141886:143137,13568,no,train,scaffold38562_cov122,141845,-,564,0,Ptychodera_prebalancing.csv.gz
Ptychodera,scaffold124823_cov151:-:162483:162816,2747,no,train,scaffold124823_cov151,162496,-,341,0,Ptychodera_prebalancing.csv.gz
Ptychodera,scaffold26652_cov126:+:156424:156704,10503,yes,train,scaffold26652_cov126,156642,+,183,0.3404907975460122,Ptychodera_prebalancing.csv.gz
Ptychodera,scaffold2991_cov164:-:858007:858838,11711,yes,train,scaffold2991_cov164,858650,-,191,0.6826923076923077,Ptychodera_prebalancing.csv.gz
Ptychodera,scaffold15286_cov116:+:379161:379775,4538,no,train,scaffold15286_cov116,379696,+,365,0,Ptychodera_prebalancing.csv.gz
Ptychodera,scaffold39128_cov134:+:98912:99592,14018,no,train,scaffold39128_cov134,99143,+,235,0,Ptychodera_prebalancing.csv.gz
Ptychodera,scaffold38562_cov122:-:141886:143137,13694,no,train,scaffold38562_cov122,143042,-,129,0,Ptychodera_prebalancing.csv.gz
Ptychodera,scaffold2869_cov154:+:107409:107792,11030,yes,train,scaffold2869_cov154,107451,+,70,0.6187214611872146,Ptychodera_prebalancing.csv.gz
Ptychodera,scaffold11559_cov105:+:53281:53740,922,no,train,scaffold11559_cov105,53609,+,267,0,Ptychodera_prebalancing.csv.gz
Ptychodera,scaffold12381_cov139:+:19073:19682,2576,no,train,scaffold12381_cov139,19635,+,390,0,Ptychodera_prebalancing.csv.gz
Ptychodera,scaffold15286_cov116:+:379161:379775,4472,no,train,scaffold15286_cov116,379161,+,121,0,Ptychodera_prebalancing.csv.gz
Ptychodera,scaffold178834_cov87:+:2261:3116,7010,yes,train,scaffold178834_cov87,3081,+,184,0.5992647058823529,Ptychodera_prebalancing.csv.gz
Ptychodera,scaffold7723_cov121:+:445396:445849,18186,no,train,scaffold7723_cov121,445687,+,180,0,Ptychodera_prebalancing.csv.gz
Ptychodera,scaffold1018_cov147:-:103995:104325,182,yes,train,scaffold1018_cov147,104058,-,183,0.29,Ptychodera_prebalancing.csv.gz
Ptychodera,scaffold1631_cov148:+:773586:775046,5459,no,train,scaffold1631_cov148,775008,+,159,0,Ptychodera_prebalancing.csv.gz
Ptychodera,scaffold38562_cov122:-:141886:143137,13599,yes,train,scaffold38562_cov122,141940,-,469,0.5213675213675214,Ptychodera_prebalancing.csv.gz
Ptychodera,scaffold12381_cov139:+:19073:19682,2496,yes,train,scaffold12381_cov139,19190,+,125,0.2612244897959184,Ptychodera_prebalancing.csv.gz
Ptychodera,scaffold114779_cov129:-:9728:10643,668,yes,train,scaffold114779_cov129,10504,-,77,0.7075471698113207,Ptychodera_prebalancing.csv.gz
Ptychodera,scaffold39128_cov134:+:98912:99592,14101,no,train,scaffold39128_cov134,99440,+,537,0,Ptychodera_prebalancing.csv.gz
Ptychodera,scaffold44597_cov125:-:60049:60643,14961,yes,train,scaffold44597_cov125,60503,-,92,0.3388429752066115,Ptychodera_prebalancing.csv.gz
Ptychodera,scaffold12141_cov164:-:9717:10517,2099,no,train,scaffold12141_cov164,9698,-,293,0,Ptychodera_prebalancing.csv.gz
Ptychodera,scaffold1171763_cov97:-:24808:25449,1657,yes,train,scaffold1171763_cov97,25314,-,143,0.5714285714285714,Ptychodera_prebalancing.csv.gz
Ptychodera,scaffold16732_cov160:+:289154:289485,5864,yes,train,scaffold16732_cov160,289198,+,80,0.174757281553398,Ptychodera_prebalancing.csv.gz
Ptychodera,scaffold1241_cov154:-:109445:109789,2625,yes,train,scaffold1241_cov154,109494,-,143,0.7083333333333334,Ptychodera_prebalancing.csv.gz
Ptychodera,scaffold2991_cov164:-:858007:858838,11602,yes,train,scaffold2991_cov164,858220,-,515,0.2420382165605095,Ptychodera_prebalancing.csv.gz
Ptychodera,scaffold8026_cov121:-:76174:76416,18394,yes,train,scaffold8026_cov121,76307,-,109,0.4090909090909091,Ptychodera_prebalancing.csv.gz
Ptychodera,scaffold3861_cov165:-:35132:35576,13790,yes,train,scaffold3861_cov165,35325,-,374,0.6255924170616114,Ptychodera_prebalancing.csv.gz
Ptychodera,scaffold42799_cov92:-:31872:32078,14583,no,train,scaffold42799_cov92,31897,-,202,0,Ptychodera_prebalancing.csv.gz
Ptychodera,scaffold12381_cov139:+:19073:19682,2545,no,train,scaffold12381_cov139,19560,+,315,0,Ptychodera_prebalancing.csv.gz
Ptychodera,scaffold7613_cov119:+:136766:136903,17949,no,train,scaffold7613_cov119,136736,+,45,0,Ptychodera_prebalancing.csv.gz
Ptychodera,scaffold3081_cov168:-:128788:128942,11937,no,train,scaffold3081_cov168,128949,-,71,0,Ptychodera_prebalancing.csv.gz
Ptychodera,scaffold13328_cov168:+:112359:112609,3406,no,train,scaffold13328_cov168,112399,+,95,0,Ptychodera_prebalancing.csv.gz
Ptychodera,scaffold16052_cov95:+:62339:62985,5142,yes,train,scaffold16052_cov95,62345,+,11,0.3873873873873873,Ptychodera_prebalancing.csv.gz
Ptychodera,scaffold114779_cov129:-:9728:10643,688,yes,train,scaffold114779_cov129,10561,-,20,0.2454545454545454,Ptychodera_prebalancing.csv.gz
Ptychodera,scaffold11559_cov105:+:53281:53740,950,no,train,scaffold11559_cov105,53685,+,343,0,Ptychodera_prebalancing.csv.gz
Ptychodera,scaffold4067_cov148:+:83646:83942,14358,no,train,scaffold4067_cov148,83591,+,160,0,Ptychodera_prebalancing.csv.gz
Ptychodera,scaffold3081_cov168:-:128788:128942,11899,yes,train,scaffold3081_cov168,128801,-,224,0.4161490683229814,Ptychodera_prebalancing.csv.gz
Ptychodera,scaffold15286_cov116:+:379161:379775,4545,no,train,scaffold15286_cov116,379713,+,382,0,Ptychodera_prebalancing.csv.gz
Ptychodera,scaffold209507_cov154:-:41337:41458,8167,no,train,scaffold209507_cov154,41315,-,189,0,Ptychodera_prebalancing.csv.gz
Ptychodera,scaffold12381_cov139:+:19073:19682,2475,no,train,scaffold12381_cov139,19117,+,52,0,Ptychodera_prebalancing.csv.gz
Ptychodera,scaffold1156276_cov87:-:99184:100330,1059,yes,train,scaffold1156276_cov87,99555,-,16,0.1538461538461538,Ptychodera_prebalancing.csv.gz
Ptychodera,scaffold161704_cov130:+:35436:35670,5281,no,train,scaffold161704_cov130,35652,+,268,0,Ptychodera_prebalancing.csv.gz
Ptychodera,scaffold17689_cov156:+:96322:96960,6907,yes,train,scaffold17689_cov156,96512,+,126,0.264367816091954,Ptychodera_prebalancing.csv.gz
Ptychodera,scaffold18025_cov163:+:6470:7342,7190,no,train,scaffold18025_cov163,6889,+,224,0,Ptychodera_prebalancing.csv.gz
Ptychodera,scaffold2530_cov139:+:315112:315261,9903,no,train,scaffold2530_cov139,315120,+,44,0,Ptychodera_prebalancing.csv.gz
Ptychodera,scaffold1173_cov143:+:408154:408573,1877,yes,train,scaffold1173_cov143,408450,+,249,0.4917355371900826,Ptychodera_prebalancing.csv.gz
Ptychodera,scaffold6901_cov141:-:794007:794312,17513,yes,train,scaffold6901_cov141,794302,-,12,0.5034246575342466,Ptychodera_prebalancing.csv.gz
Ptychodera,scaffold385573_cov79:+:6977:7422,13553,yes,train,scaffold385573_cov79,7044,+,116,0.7293233082706767,Ptychodera_prebalancing.csv.gz
Ptychodera,scaffold10119_cov162:+:267012:267948,17,yes,train,scaffold10119_cov162,267045,+,35,0.2280701754385964,Ptychodera_prebalancing.csv.gz
Ptychodera,scaffold2991_cov164:-:858007:858838,11706,yes,train,scaffold2991_cov164,858644,-,197,0.209090909090909,Ptychodera_prebalancing.csv.gz
Ptychodera,scaffold2991_cov164:-:247815:248280,11443,no,train,scaffold2991_cov164,247799,-,323,0,Ptychodera_prebalancing.csv.gz
Ptychodera,scaffold22210_cov134:-:250558:251371,8852,no,train,scaffold22210_cov134,251147,-,127,0,Ptychodera_prebalancing.csv.gz
Ptychodera,scaffold8953_cov140:+:56023:56332,19081,yes,train,scaffold8953_cov140,56127,+,105,0.6583850931677019,Ptychodera_prebalancing.csv.gz
Ptychodera,scaffold13801_cov94:-:33000:33728,3610,no,train,scaffold13801_cov94,33748,-,42,0,Ptychodera_prebalancing.csv.gz
Ptychodera,scaffold81961_cov101:+:2614:2737,18743,no,train,scaffold81961_cov101,2696,+,144,0,Ptychodera_prebalancing.csv.gz
Ptychodera,scaffold114779_cov129:-:9728:10643,685,yes,train,scaffold114779_cov129,10556,-,25,0.3983050847457627,Ptychodera_prebalancing.csv.gz
Ptychodera,scaffold6649_cov117:-:267599:267994,16935,yes,train,scaffold6649_cov117,267982,-,25,0.2068965517241379,Ptychodera_prebalancing.csv.gz
Ptychodera,scaffold30030_cov79:+:14578:14882,11791,no,train,scaffold30030_cov79,14759,+,189,0,Ptychodera_prebalancing.csv.gz
Ptychodera,scaffold2991_cov164:-:858007:858838,11714,yes,train,scaffold2991_cov164,858671,-,170,0.297029702970297,Ptychodera_prebalancing.csv.gz
Ptychodera,scaffold208_cov126:+:146398:147328,8024,yes,train,scaffold208_cov126,146444,+,55,0.4822695035460992,Ptychodera_prebalancing.csv.gz
Ptychodera,scaffold12565_cov89:-:352301:352848,2870,yes,train,scaffold12565_cov89,352391,-,518,0.4581497797356828,Ptychodera_prebalancing.csv.gz
Ptychodera,scaffold2794_cov133:+:82026:82461,10824,yes,train,scaffold2794_cov133,82068,+,59,0.875968992248062,Ptychodera_prebalancing.csv.gz
Ptychodera,scaffold1241_cov154:-:109445:109789,2602,no,train,scaffold1241_cov154,109415,-,222,0,Ptychodera_prebalancing.csv.gz
Ptychodera,scaffold1224_cov153:-:203704:204843,2238,yes,train,scaffold1224_cov153,204683,-,189,0.1693548387096774,Ptychodera_prebalancing.csv.gz
Ptychodera,scaffold16052_cov95:+:62339:62985,5154,no,train,scaffold16052_cov95,62394,+,60,0,Ptychodera_prebalancing.csv.gz
Ptychodera,scaffold10981_cov157:-:320342:321622,437,yes,train,scaffold10981_cov157,320805,-,137,0.5609756097560976,Ptychodera_prebalancing.csv.gz
Ptychodera,scaffold32521_cov86:+:2399:2886,12289,no,train,scaffold32521_cov86,2640,+,247,0,Ptychodera_prebalancing.csv.gz
Ptychodera,scaffold32521_cov86:+:2399:2886,12287,no,train,scaffold32521_cov86,2636,+,243,0,Ptychodera_prebalancing.csv.gz
Ptychodera,scaffold17689_cov156:+:96322:96960,6920,yes,train,scaffold17689_cov156,96561,+,175,0.625615763546798,Ptychodera_prebalancing.csv.gz
Ptychodera,scaffold30030_cov79:+:14578:14882,11771,no,train,scaffold30030_cov79,14646,+,70,0,Ptychodera_prebalancing.csv.gz
Ptychodera,scaffold17107_cov97:-:167714:170261,6272,no,train,scaffold17107_cov97,170350,-,20,0,Ptychodera_prebalancing.csv.gz
Ptychodera,scaffold38562_cov122:-:141886:143137,13653,yes,train,scaffold38562_cov122,142083,-,326,0.2054794520547945,Ptychodera_prebalancing.csv.gz
Ptychodera,scaffold18025_cov163:+:6470:7342,7177,no,train,scaffold18025_cov163,6621,+,178,0,Ptychodera_prebalancing.csv.gz
Ptychodera,scaffold478_cov113:-:167312:167702,15312,no,train,scaffold478_cov113,167538,-,164,0,Ptychodera_prebalancing.csv.gz
Ptychodera,scaffold3563_cov125:-:35702:36535,13090,no,train,scaffold3563_cov125,35739,-,300,0,Ptychodera_prebalancing.csv.gz
Ptychodera,scaffold7613_cov119:+:136766:136903,17962,no,train,scaffold7613_cov119,136789,+,98,0,Ptychodera_prebalancing.csv.gz
Ptychodera,scaffold1156384_cov162:-:285204:285691,1096,no,train,scaffold1156384_cov162,285252,-,171,0,Ptychodera_prebalancing.csv.gz
Ptychodera,scaffold1156276_cov87:-:99184:100330,1003,no,train,scaffold1156276_cov87,99180,-,277,0,Ptychodera_prebalancing.csv.gz
Ptychodera,scaffold17107_cov97:-:167714:170261,6165,yes,train,scaffold17107_cov97,167852,-,375,1,Ptychodera_prebalancing.csv.gz
Ptychodera,scaffold32521_cov86:+:2399:2886,12323,yes,train,scaffold32521_cov86,2767,+,381,0.3267543859649123,Ptychodera_prebalancing.csv.gz
Ptychodera,scaffold13328_cov168:+:112359:112609,3408,no,train,scaffold13328_cov168,112404,+,100,0,Ptychodera_prebalancing.csv.gz
Ptychodera,scaffold44597_cov125:-:60049:60643,14952,yes,train,scaffold44597_cov125,60199,-,151,0.972972972972973,Ptychodera_prebalancing.csv.gz
Ptychodera,scaffold2440_cov108:-:296991:297406,9431,no,train,scaffold2440_cov108,297408,-,8,0,Ptychodera_prebalancing.csv.gz
Ptychodera,scaffold96526_cov86:+:25896:26454,19814,no,train,scaffold96526_cov86,26290,+,200,0,Ptychodera_prebalancing.csv.gz
Ptychodera,scaffold1171763_cov97:-:24808:25449,1658,yes,train,scaffold1171763_cov97,25320,-,137,0.7734375,Ptychodera_prebalancing.csv.gz
Ptychodera,scaffold12141_cov164:-:9717:10517,2166,yes,train,scaffold12141_cov164,9940,-,46,0.6071428571428571,Ptychodera_prebalancing.csv.gz
Ptychodera,scaffold75012_cov130:+:116027:116370,17867,no,train,scaffold75012_cov130,116124,+,103,0,Ptychodera_prebalancing.csv.gz
Ptychodera,scaffold47766_cov117:-:200215:200524,15247,no,train,scaffold47766_cov117,200296,-,238,0,Ptychodera_prebalancing.csv.gz
Ptychodera,scaffold12565_cov89:-:352301:352848,2936,yes,train,scaffold12565_cov89,352803,-,107,0.7293577981651376,Ptychodera_prebalancing.csv.gz
Ptychodera,scaffold208_cov126:+:155246:156052,8161,no,train,scaffold208_cov126,156059,+,285,0,Ptychodera_prebalancing.csv.gz
Ptychodera,scaffold208_cov126:+:155246:156052,8160,yes,train,scaffold208_cov126,156052,+,278,0.9090909090909092,Ptychodera_prebalancing.csv.gz
Ptychodera,scaffold1631_cov148:+:705302:705603,5344,no,train,scaffold1631_cov148,705410,+,127,0,Ptychodera_prebalancing.csv.gz
Ptychodera,scaffold5571_cov159:-:181815:182119,15995,no,train,scaffold5571_cov159,181838,-,173,0,Ptychodera_prebalancing.csv.gz
Ptychodera,scaffold6811_cov133:-:238109:238607,17319,no,train,scaffold6811_cov133,238291,-,276,0,Ptychodera_prebalancing.csv.gz
Ptychodera,scaffold10165_cov134:-:283423:285289,81,yes,train,scaffold10165_cov134,285230,-,79,0.3142857142857143,Ptychodera_prebalancing.csv.gz
Ptychodera,scaffold114779_cov129:-:9728:10643,677,yes,train,scaffold114779_cov129,10525,-,56,0.7583333333333333,Ptychodera_prebalancing.csv.gz
Ptychodera,scaffold3861_cov165:-:35132:35576,13785,yes,train,scaffold3861_cov165,35318,-,381,0.4778325123152709,Ptychodera_prebalancing.csv.gz
Ptychodera,scaffold1224_cov153:-:203704:204843,2258,no,train,scaffold1224_cov153,204732,-,140,0,Ptychodera_prebalancing.csv.gz
Ptychodera,scaffold9569_cov136:-:510672:510737,19624,no,train,scaffold9569_cov136,510738,-,68,0,Ptychodera_prebalancing.csv.gz
Ptychodera,scaffold11559_cov105:+:53281:53740,981,no,train,scaffold11559_cov105,53761,+,419,0,Ptychodera_prebalancing.csv.gz
Ptychodera,scaffold16631_cov137:+:14242:14561,5825,yes,train,scaffold16631_cov137,14522,+,244,0.3482587064676617,Ptychodera_prebalancing.csv.gz
Ptychodera,scaffold7654_cov117:-:188980:189287,18080,yes,train,scaffold7654_cov117,189044,-,266,0.5596330275229358,Ptychodera_prebalancing.csv.gz
Ptychodera,scaffold2530_cov139:-:69656:69969,9854,no,train,scaffold2530_cov139,69651,-,338,0,Ptychodera_prebalancing.csv.gz
Ptychodera,scaffold14503_cov110:+:699477:699642,3987,no,train,scaffold14503_cov110,699457,+,5,0,Ptychodera_prebalancing.csv.gz
Ptychodera,scaffold485_cov122:-:34345:34618,15402,yes,train,scaffold485_cov122,34349,-,295,0.3248031496062992,Ptychodera_prebalancing.csv.gz
Ptychodera,scaffold2394_cov127:-:198968:199469,9227,no,train,scaffold2394_cov127,199504,-,3,0,Ptychodera_prebalancing.csv.gz
Ptychodera,scaffold2710_cov109:-:61548:62284,10704,yes,train,scaffold2710_cov109,62183,-,112,0.4434782608695652,Ptychodera_prebalancing.csv.gz
Ptychodera,scaffold3782_cov139:+:169976:170896,13450,no,train,scaffold3782_cov139,170921,+,231,0,Ptychodera_prebalancing.csv.gz
Ptychodera,scaffold39380_cov153:-:70839:70938,14185,no,train,scaffold39380_cov153,70960,-,30,0,Ptychodera_prebalancing.csv.gz
Ptychodera,scaffold6901_cov141:-:794007:794312,17481,yes,train,scaffold6901_cov141,794059,-,261,0.8,Ptychodera_prebalancing.csv.gz
Ptychodera,scaffold2710_cov109:-:61548:62284,10709,no,train,scaffold2710_cov109,62289,-,6,0,Ptychodera_prebalancing.csv.gz
Ptychodera,scaffold2140_cov133:-:174815:176568,8390,no,train,scaffold2140_cov133,174812,-,343,0,Ptychodera_prebalancing.csv.gz
Ptychodera,scaffold13801_cov94:-:33000:33728,3614,no,train,scaffold13801_cov94,33760,-,30,0,Ptychodera_prebalancing.csv.gz
Ptychodera,scaffold1323_cov134:+:427103:427584,3191,yes,train,scaffold1323_cov134,427516,+,388,0.4208494208494208,Ptychodera_prebalancing.csv.gz
Ptychodera,scaffold10981_cov157:-:320342:321622,414,yes,train,scaffold10981_cov157,320391,-,474,1,Ptychodera_prebalancing.csv.gz
Ptychodera,scaffold13801_cov94:-:33000:33728,3570,no,train,scaffold13801_cov94,33323,-,169,0,Ptychodera_prebalancing.csv.gz
Ptychodera,scaffold11537_cov112:+:299365:299845,708,yes,train,scaffold11537_cov112,299497,+,43,0.9010238907849828,Ptychodera_prebalancing.csv.gz
Ptychodera,scaffold11559_cov105:+:53281:53740,970,yes,train,scaffold11559_cov105,53740,+,398,0.1640625,Ptychodera_prebalancing.csv.gz
Ptychodera,scaffold149577_cov91:-:2917:3229,4300,yes,train,scaffold149577_cov91,3012,-,279,0.5869565217391305,Ptychodera_prebalancing.csv.gz
Ptychodera,scaffold16631_cov137:+:14242:14561,5807,no,train,scaffold16631_cov137,14466,+,188,0,Ptychodera_prebalancing.csv.gz
Ptychodera,scaffold940946_cov135:-:59871:60197,19387,no,train,scaffold940946_cov135,60007,-,204,0,Ptychodera_prebalancing.csv.gz
Ptychodera,scaffold13151_cov141:-:223221:223604,3153,yes,train,scaffold13151_cov141,223596,-,28,0.7123893805309734,Ptychodera_prebalancing.csv.gz
Ptychodera,scaffold173136_cov123:+:8039:8280,6771,no,train,scaffold173136_cov123,8138,+,110,0,Ptychodera_prebalancing.csv.gz
Ptychodera,scaffold25866_cov149:-:341036:341425,10131,no,train,scaffold25866_cov149,341064,-,194,0,Ptychodera_prebalancing.csv.gz
Ptychodera,scaffold11337_cov136:+:85658:85971,583,yes,train,scaffold11337_cov136,85966,+,313,0.1527777777777778,Ptychodera_prebalancing.csv.gz
Ptychodera,scaffold28973_cov114:-:191957:192418,11271,no,train,scaffold28973_cov114,192247,-,47,0,Ptychodera_prebalancing.csv.gz
Ptychodera,scaffold30030_cov79:+:14578:14882,11786,no,train,scaffold30030_cov79,14731,+,155,0,Ptychodera_prebalancing.csv.gz
Ptychodera,scaffold3444_cov144:-:214276:214631,12701,yes,train,scaffold3444_cov144,214377,-,266,0.9565217391304348,Ptychodera_prebalancing.csv.gz
Ptychodera,scaffold765_cov148:+:233581:233840,18105,no,train,scaffold765_cov148,233623,+,78,0,Ptychodera_prebalancing.csv.gz
Ptychodera,scaffold3861_cov165:-:35132:35576,13781,yes,train,scaffold3861_cov165,35308,-,391,0.1712962962962963,Ptychodera_prebalancing.csv.gz
Ptychodera,scaffold10119_cov162:+:267012:267948,35,yes,train,scaffold10119_cov162,267944,+,216,0.2325581395348837,Ptychodera_prebalancing.csv.gz
Ptychodera,scaffold2313_cov111:-:91160:91479,8977,yes,train,scaffold2313_cov111,91364,-,123,0.2427184466019417,Ptychodera_prebalancing.csv.gz
Ptychodera,scaffold8953_cov140:+:56023:56332,19077,yes,train,scaffold8953_cov140,56116,+,94,0.2375690607734806,Ptychodera_prebalancing.csv.gz
Ptychodera,scaffold2140_cov133:-:174815:176568,8485,no,train,scaffold2140_cov133,175087,-,62,0,Ptychodera_prebalancing.csv.gz
Ptychodera,scaffold22210_cov134:-:250558:251371,8854,no,train,scaffold22210_cov134,251155,-,119,0,Ptychodera_prebalancing.csv.gz
Ptychodera,scaffold30030_cov79:+:14578:14882,11820,yes,train,scaffold30030_cov79,14848,+,278,0.408695652173913,Ptychodera_prebalancing.csv.gz
Ptychodera,scaffold3081_cov168:-:128788:128942,11873,no,train,scaffold3081_cov168,128716,-,309,0,Ptychodera_prebalancing.csv.gz
Ptychodera,scaffold800_cov148:-:30933:31071,18370,no,train,scaffold800_cov148,30968,-,193,0,Ptychodera_prebalancing.csv.gz
Ptychodera,scaffold6901_cov141:-:794007:794312,17468,yes,train,scaffold6901_cov141,794026,-,294,0.5792349726775956,Ptychodera_prebalancing.csv.gz
Ptychodera,scaffold1631_cov148:+:705302:705603,5356,no,train,scaffold1631_cov148,705453,+,170,0,Ptychodera_prebalancing.csv.gz
Ptychodera,scaffold851_cov164:+:208862:209420,18882,yes,train,scaffold851_cov164,208898,+,45,0.2822085889570552,Ptychodera_prebalancing.csv.gz
Ptychodera,scaffold2326_cov84:-:195815:195896,9075,no,train,scaffold2326_cov84,195964,-,42,0,Ptychodera_prebalancing.csv.gz
Ptychodera,scaffold9925_cov150:+:170081:170786,20168,yes,train,scaffold9925_cov150,170442,+,377,0.2591093117408907,Ptychodera_prebalancing.csv.gz
Ptychodera,scaffold32521_cov86:+:2399:2886,12261,yes,train,scaffold32521_cov86,2568,+,175,0.3,Ptychodera_prebalancing.csv.gz
Ptychodera,scaffold10189_cov149:+:223808:225100,127,no,train,scaffold10189_cov149,224917,+,228,0,Ptychodera_prebalancing.csv.gz
Ptychodera,scaffold13328_cov168:+:112359:112609,3418,no,train,scaffold13328_cov168,112449,+,149,0,Ptychodera_prebalancing.csv.gz
Ptychodera,scaffold2991_cov164:-:858007:858838,11671,yes,train,scaffold2991_cov164,858562,-,279,0.5470588235294118,Ptychodera_prebalancing.csv.gz
Ptychodera,scaffold3563_cov125:-:35702:36535,13102,yes,train,scaffold3563_cov125,36053,-,92,0.2945736434108527,Ptychodera_prebalancing.csv.gz
Ptychodera,scaffold3563_cov125:-:35702:36535,13085,yes,train,scaffold3563_cov125,35722,-,317,0.1532846715328467,Ptychodera_prebalancing.csv.gz
Ptychodera,scaffold7415_cov134:-:16418:17031,17834,yes,train,scaffold7415_cov134,16865,-,115,0.7452830188679245,Ptychodera_prebalancing.csv.gz
Ptychodera,scaffold38562_cov122:-:141886:143137,13659,no,train,scaffold38562_cov122,142106,-,303,0,Ptychodera_prebalancing.csv.gz
Ptychodera,scaffold16052_cov95:+:62339:62985,5188,no,train,scaffold16052_cov95,62613,+,279,0,Ptychodera_prebalancing.csv.gz
Ptychodera,scaffold28848_cov151:-:119895:120090,11139,no,train,scaffold28848_cov151,120022,-,82,0,Ptychodera_prebalancing.csv.gz
Ptychodera,scaffold800_cov148:-:30933:31071,18354,no,train,scaffold800_cov148,30918,-,243,0,Ptychodera_prebalancing.csv.gz
Ptychodera,scaffold22042_cov145:-:44137:44562,8741,yes,train,scaffold22042_cov145,44543,-,58,0.859504132231405,Ptychodera_prebalancing.csv.gz
Ptychodera,scaffold15286_cov116:+:379161:379775,4433,no,train,scaffold15286_cov116,379070,+,30,0,Ptychodera_prebalancing.csv.gz
Ptychodera,scaffold161704_cov130:+:35436:35670,5280,yes,train,scaffold161704_cov130,35643,+,259,0.9481481481481482,Ptychodera_prebalancing.csv.gz
Ptychodera,scaffold940946_cov135:-:59871:60197,19343,no,train,scaffold940946_cov135,59866,-,345,0,Ptychodera_prebalancing.csv.gz
Ptychodera,scaffold20096_cov109:+:121341:121634,7836,no,train,scaffold20096_cov109,121417,+,91,0,Ptychodera_prebalancing.csv.gz
Ptychodera,scaffold14503_cov110:+:699477:699642,4026,no,train,scaffold14503_cov110,699624,+,177,0,Ptychodera_prebalancing.csv.gz
Ptychodera,scaffold2394_cov127:-:198968:199469,9223,no,train,scaffold2394_cov127,199497,-,10,0,Ptychodera_prebalancing.csv.gz
Ptychodera,scaffold1018_cov147:-:103995:104325,165,no,train,scaffold1018_cov147,104023,-,218,0,Ptychodera_prebalancing.csv.gz
Ptychodera,scaffold96526_cov86:+:25896:26454,19827,no,train,scaffold96526_cov86,26418,+,328,0,Ptychodera_prebalancing.csv.gz
Ptychodera,scaffold1962_cov141:-:167038:167279,7575,yes,train,scaffold1962_cov141,167274,-,77,0.2857142857142857,Ptychodera_prebalancing.csv.gz
Ptychodera,scaffold1171266_cov138:+:73162:74049,1530,no,train,scaffold1171266_cov138,74009,+,443,0,Ptychodera_prebalancing.csv.gz
Ptychodera,scaffold1156384_cov162:-:285204:285691,1087,no,train,scaffold1156384_cov162,285229,-,194,0,Ptychodera_prebalancing.csv.gz
Ptychodera,scaffold3081_cov168:-:128788:128942,11952,no,train,scaffold3081_cov168,129018,-,2,0,Ptychodera_prebalancing.csv.gz
Ptychodera,scaffold14503_cov110:+:699477:699642,3994,no,train,scaffold14503_cov110,699480,+,28,0,Ptychodera_prebalancing.csv.gz
Ptychodera,scaffold96532_cov96:+:290036:290160,19840,no,train,scaffold96532_cov96,289990,+,13,0,Ptychodera_prebalancing.csv.gz
Ptychodera,scaffold39380_cov153:-:70839:70938,14178,no,train,scaffold39380_cov153,70940,-,50,0,Ptychodera_prebalancing.csv.gz
Ptychodera,scaffold208_cov126:+:155246:156052,8104,yes,train,scaffold208_cov126,155706,+,98,0.4562334217506631,Ptychodera_prebalancing.csv.gz
Ptychodera,scaffold12141_cov164:-:9717:10517,2121,no,train,scaffold12141_cov164,9742,-,249,0,Ptychodera_prebalancing.csv.gz
Ptychodera,scaffold31965_cov155:-:252190:253635,12095,no,train,scaffold31965_cov155,253562,-,102,0,Ptychodera_prebalancing.csv.gz
Ptychodera,scaffold910_cov130:+:473330:473536,19208,yes,train,scaffold910_cov130,473536,+,266,0.8472222222222222,Ptychodera_prebalancing.csv.gz
Ptychodera,scaffold4923_cov126:-:400667:401530,15571,no,train,scaffold4923_cov126,400674,-,749,0,Ptychodera_prebalancing.csv.gz
Ptychodera,scaffold8026_cov121:-:76174:76416,18405,yes,train,scaffold8026_cov121,76345,-,71,0.6830985915492958,Ptychodera_prebalancing.csv.gz
Ptychodera,scaffold42799_cov92:-:31872:32078,14552,no,train,scaffold42799_cov92,31812,-,287,0,Ptychodera_prebalancing.csv.gz
Ptychodera,scaffold22042_cov145:-:44137:44562,8726,yes,train,scaffold22042_cov145,44502,-,99,0.453781512605042,Ptychodera_prebalancing.csv.gz
Ptychodera,scaffold2991_cov164:-:858007:858838,11668,yes,train,scaffold2991_cov164,858554,-,287,0.5343915343915344,Ptychodera_prebalancing.csv.gz
Ptychodera,scaffold14503_cov110:+:699477:699642,4042,no,train,scaffold14503_cov110,699683,+,236,0,Ptychodera_prebalancing.csv.gz
Ptychodera,scaffold1171763_cov97:-:24808:25449,1635,yes,train,scaffold1171763_cov97,24916,-,251,0.226890756302521,Ptychodera_prebalancing.csv.gz
Ptychodera,scaffold1018_cov147:-:103995:104325,184,yes,train,scaffold1018_cov147,104074,-,167,0.2966101694915254,Ptychodera_prebalancing.csv.gz
Ptychodera,scaffold10983_cov102:-:132602:132940,468,yes,train,scaffold10983_cov102,132679,-,194,0.6637168141592921,Ptychodera_prebalancing.csv.gz
Ptychodera,scaffold617_cov97:-:108357:109123,16426,no,train,scaffold617_cov97,109144,-,129,0,Ptychodera_prebalancing.csv.gz
Ptychodera,scaffold348914_cov132:-:18141:18583,12911,no,train,scaffold348914_cov132,18459,-,173,0,Ptychodera_prebalancing.csv.gz
Ptychodera,scaffold17107_cov97:-:167714:170261,6243,no,train,scaffold17107_cov97,170271,-,99,0,Ptychodera_prebalancing.csv.gz
Ptychodera,scaffold348914_cov132:-:18141:18583,12890,yes,train,scaffold348914_cov132,18202,-,276,0.3039215686274509,Ptychodera_prebalancing.csv.gz
Ptychodera,scaffold3698_cov112:+:68018:68572,13274,yes,train,scaffold3698_cov112,68186,+,182,0.870722433460076,Ptychodera_prebalancing.csv.gz
Ptychodera,scaffold5178_cov121:-:386626:386801,15760,no,train,scaffold5178_cov121,386616,-,206,0,Ptychodera_prebalancing.csv.gz
Ptychodera,scaffold1885_cov156:+:129197:130977,7451,yes,train,scaffold1885_cov156,129417,+,234,1,Ptychodera_prebalancing.csv.gz
Ptychodera,scaffold2103_cov101:+:254725:255017,8225,yes,train,scaffold2103_cov101,254980,+,175,0.1753246753246753,Ptychodera_prebalancing.csv.gz
Ptychodera,scaffold124823_cov151:-:162483:162816,2799,no,train,scaffold124823_cov151,162613,-,224,0,Ptychodera_prebalancing.csv.gz
Ptychodera,scaffold1323_cov134:+:427103:427584,3178,yes,train,scaffold1323_cov134,427492,+,364,0.4426229508196721,Ptychodera_prebalancing.csv.gz
Ptychodera,scaffold1156_cov135:+:159292:159369,1169,no,train,scaffold1156_cov135,159374,+,224,0,Ptychodera_prebalancing.csv.gz
Ptychodera,scaffold1171258_cov122:+:213330:213576,1473,no,train,scaffold1171258_cov122,213600,+,291,0,Ptychodera_prebalancing.csv.gz
Ptychodera,scaffold8953_cov140:+:56023:56332,19104,yes,train,scaffold8953_cov140,56296,+,280,0.6170212765957447,Ptychodera_prebalancing.csv.gz
Ptychodera,scaffold67423_cov132:-:90821:91300,17060,yes,train,scaffold67423_cov132,90859,-,404,0.9814814814814816,Ptychodera_prebalancing.csv.gz
Ptychodera,scaffold81961_cov101:+:2614:2737,18710,no,train,scaffold81961_cov101,2590,+,32,0,Ptychodera_prebalancing.csv.gz
Ptychodera,scaffold6811_cov133:-:238109:238607,17285,no,train,scaffold6811_cov133,238160,-,407,0,Ptychodera_prebalancing.csv.gz
Ptychodera,scaffold12081_cov153:+:159539:159742,2093,yes,train,scaffold12081_cov153,159726,+,229,0.77,Ptychodera_prebalancing.csv.gz
Ptychodera,scaffold1846_cov106:+:136856:137077,7432,no,train,scaffold1846_cov106,137113,+,260,0,Ptychodera_prebalancing.csv.gz
Ptychodera,scaffold56_cov136:+:584474:585605,16135,no,train,scaffold56_cov136,584610,+,122,0,Ptychodera_prebalancing.csv.gz
Ptychodera,scaffold16631_cov137:+:14242:14561,5762,yes,train,scaffold16631_cov137,14306,+,22,0.1677852348993288,Ptychodera_prebalancing.csv.gz
Ptychodera,scaffold39128_cov134:+:98912:99592,13943,yes,train,scaffold39128_cov134,98929,+,21,0.6119402985074627,Ptychodera_prebalancing.csv.gz
Ptychodera,scaffold1560_cov86:-:11001:11335,4871,no,train,scaffold1560_cov86,11057,-,182,0,Ptychodera_prebalancing.csv.gz
Ptychodera,scaffold75012_cov130:+:116027:116370,17853,no,train,scaffold75012_cov130,116033,+,12,0,Ptychodera_prebalancing.csv.gz
Ptychodera,scaffold16732_cov160:+:289154:289485,5905,no,train,scaffold16732_cov160,289432,+,248,0,Ptychodera_prebalancing.csv.gz
Ptychodera,scaffold556_cov97:+:144855:145103,15967,no,train,scaffold556_cov97,145011,+,172,0,Ptychodera_prebalancing.csv.gz
Ptychodera,scaffold9555_cov137:-:57548:57703,19568,no,train,scaffold9555_cov137,57745,-,84,0,Ptychodera_prebalancing.csv.gz
Ptychodera,scaffold9555_cov137:-:57548:57703,19525,no,train,scaffold9555_cov137,57601,-,234,0,Ptychodera_prebalancing.csv.gz
Ptychodera,scaffold17107_cov97:-:167714:170261,6236,no,train,scaffold17107_cov97,170239,-,131,0,Ptychodera_prebalancing.csv.gz
Ptychodera,scaffold1171789_cov119:-:19586:20038,1704,no,train,scaffold1171789_cov119,19934,-,134,0,Ptychodera_prebalancing.csv.gz
Ptychodera,scaffold1173_cov143:+:408154:408573,1842,yes,train,scaffold1173_cov143,408276,+,121,0.2974683544303797,Ptychodera_prebalancing.csv.gz
Ptychodera,scaffold32521_cov86:+:2399:2886,12347,yes,train,scaffold32521_cov86,2819,+,433,0.9946808510638298,Ptychodera_prebalancing.csv.gz
Ptychodera,scaffold50865_cov127:-:17389:18451,15699,yes,train,scaffold50865_cov127,18173,-,295,0.5575221238938053,Ptychodera_prebalancing.csv.gz
Ptychodera,scaffold1323_cov134:+:427103:427584,3246,no,train,scaffold1323_cov134,427703,+,575,0,Ptychodera_prebalancing.csv.gz
Ptychodera,scaffold67423_cov132:-:90821:91300,17083,yes,train,scaffold67423_cov132,90942,-,321,0.4365079365079365,Ptychodera_prebalancing.csv.gz
Ptychodera,scaffold17326_cov146:-:125600:125798,6799,no,train,scaffold17326_cov146,125598,-,197,0,Ptychodera_prebalancing.csv.gz
Ptychodera,scaffold26652_cov126:-:22721:23423,10356,yes,train,scaffold26652_cov126,23163,-,271,0.8240740740740741,Ptychodera_prebalancing.csv.gz
Ptychodera,scaffold851_cov164:+:208862:209420,18880,yes,train,scaffold851_cov164,208895,+,42,0.3560830860534125,Ptychodera_prebalancing.csv.gz
Ptychodera,scaffold20770_cov135:+:33735:33914,7904,no,train,scaffold20770_cov135,33843,+,123,0,Ptychodera_prebalancing.csv.gz
Ptychodera,scaffold10189_cov149:+:223808:225100,107,yes,train,scaffold10189_cov149,224807,+,117,0.6440677966101694,Ptychodera_prebalancing.csv.gz
Ptychodera,scaffold1962_cov141:-:167038:167279,7576,yes,train,scaffold1962_cov141,167279,-,72,0.967391304347826,Ptychodera_prebalancing.csv.gz
Ptychodera,scaffold2140_cov133:-:174815:176568,8469,yes,train,scaffold2140_cov133,175022,-,127,0.6863636363636364,Ptychodera_prebalancing.csv.gz
Ptychodera,scaffold1603_cov140:-:2704:3035,5052,no,train,scaffold1603_cov140,2741,-,312,0,Ptychodera_prebalancing.csv.gz
Ptychodera,scaffold6840_cov145:+:37299:38653,17451,yes,train,scaffold6840_cov145,38092,+,126,1,Ptychodera_prebalancing.csv.gz
Ptychodera,scaffold3552_cov134:-:514923:515191,13022,yes,train,scaffold3552_cov134,514924,-,336,0.1696428571428571,Ptychodera_prebalancing.csv.gz
Ptychodera,scaffold161704_cov130:+:35436:35670,5305,no,train,scaffold161704_cov130,35710,+,326,0,Ptychodera_prebalancing.csv.gz
Ptychodera,scaffold2799_cov98:+:111319:111921,10868,no,train,scaffold2799_cov98,111381,+,63,0,Ptychodera_prebalancing.csv.gz
Ptychodera,scaffold5571_cov159:-:181815:182119,16009,no,train,scaffold5571_cov159,181877,-,134,0,Ptychodera_prebalancing.csv.gz
Ptychodera,scaffold3698_cov112:+:68018:68572,13253,yes,train,scaffold3698_cov112,68113,+,109,0.1551724137931034,Ptychodera_prebalancing.csv.gz
