pair_id,pair_prefix,yes_no,split
199,CGCTGGGCGCGGTGGCTCACGCCT,no,train
790,TTTTTTGTTTGTTTTTTGGAGACA,no,train
617,TGGCCAGGTGCGGTGGCTCACGCC,no,train
9,AGAGTCTCACTTTGTTGCCCAGGC,no,train
315,GAGGCTTGCTCTGTCACCCAGACT,yes,train
707,TTTGTGGGATGGAGTTTCACTTGT,no,train
191,CCGGGCACGGTGGCTCACACCTGT,no,train
364,GGCCAGGCACGGTGGGTCACGCCT,yes,train
162,ATTTTTTTTTTTTTTTGCGATGAA,yes,train
389,GGCCAGGTGGCGGTGGTTCACACC,yes,train
632,TGGCCGGGCGCGGTGGCTCATGCC,no,train
699,TTTCTTTTTTTTTGAGACGGAGTC,no,train
41,AGGCAGGGCGAGGTGGCTCAAACC,no,train
134,ATTTTTATTTATTATTATTTTTTA,yes,train
594,TGCCGGGCATGGTGGCTTGCACCT,yes,train
273,CTTTTTTTTTTTTTGAGACAGAAT,yes,train
616,TGGCCAGGCGTAGTGGCTCATGCC,no,train
790,TTTTTTGTTTGTTTTTTGGAGACA,yes,train
28,AGCTGGACGCAGTAGCTAATGCCT,no,train
309,GACTGGGTGCCATGGCTCATGCCT,no,train
660,TTCTTTTATTTTTTTTGAGATGGA,yes,train
153,ATTTTTTTTTTTGACAGAGTCTTG,no,train
616,TGGCCAGGCGTAGTGGCTCATGCC,no,train
660,TTCTTTTATTTTTTTTGAGATGGA,yes,train
774,TTTTTTAAGATGGAATCTTGCTCT,yes,train
333,GCCGGGCATGGTGGCTCACGCCTG,no,train
790,TTTTTTGTTTGTTTTTTGGAGACA,yes,train
572,GTTTTTTTTTTTTTTTTTTTTGAG,yes,train
120,ATTTCTTTTCTTTTTTTTTTTTTT,no,train
387,GGCCAGGTGCGGTGGCTCACACCT,no,train
28,AGCTGGACGCAGTAGCTAATGCCT,yes,train
85,AGGCTGGGTGTGGTGGCTCACGCC,no,train
776,TTTTTTATTTGTGTTTTTGTTTGT,yes,train
453,GGCTGGGCACGGTGGCTCTCGCCT,no,train
186,CCAGGCGCGGTGGCTCACACCTAT,yes,train
329,GCCAGGTGCGGTGGCTCATGCCTG,no,train
305,GACCCAGTGCGGTGGCTCACGCCT,no,train
438,GGCTGCGTGCAGTGGCTCACGCCT,no,train
43,AGGCCAGACACAATGGCTCATGCT,no,train
651,TGGGAGGCCGAGGCGGGCGGATCA,yes,train
584,TCTTGTTTTTTGTTTTTTTTTTGA,no,train
875,TTTTTTTTTTTTTTTTTTTTTTTA,yes,train
16,AGCCAGGCGCAGTGGCTCACGCCT,yes,train
389,GGCCAGGTGGCGGTGGTTCACACC,yes,train
714,TTTGTTTTGTTTTTTGTTTTGAGA,yes,train
751,TTTTGTTTTTTGTTGTTGTGGTGG,yes,train
763,TTTTTCTTTGAGACAGAGTCACTC,yes,train
628,TGGCCGGGCGCGCTGGCTCACGCC,no,train
760,TTTTTCTTATCTTTTTTTTTTTCC,no,train
544,GTTTTGTTTTGTTTTTTGTTTTGA,yes,train
457,GGCTGGGCATGGTGGTTCACACCT,yes,train
42,AGGCAGGGTGCAGTGGCTCACGCC,yes,train
371,GGCCAGGCGCGGTGGCTCACGCCT,yes,train
781,TTTTTTATTTTTTTGAGATGGAGT,yes,train
837,TTTTTTTTTTTTTCCGAGACAGAG,yes,train
734,TTTTCTTTTCTTTTTCTTTTTCTT,no,train
131,ATTTTGTTGTTGTTATTTGTTTCT,no,train
436,GGCTAGGCGCAGTGGCTCACTCCT,no,train
430,GGCCGGTCACGGTGGCTCACGCCT,no,train
186,CCAGGCGCGGTGGCTCACACCTAT,yes,train
226,CTTTATTTTTTAATTTTTTTTTTT,no,train
618,TGGCCCGATGCAGTGGCTCATGCC,no,train
547,GTTTTGTTTTTCTTTCTTTTTTTT,no,train
23,AGCCGGGCACGGTGGCTCACACCT,no,train
101,ATTCTTTGTTTTTTTTTGAGATGG,yes,train
396,GGCCGAGCGTGATGGCTCACCCCT,no,train
580,TCCAGGCATGGTGGCTCACATCTG,yes,train
586,TGACAGGGTCTGTCTCTGTCACAC,no,train
38,AGCTGGGTGTTTTGGCTCAGGCCT,yes,train
296,CTTTTTTTTTTTTTTTTTTTTTTT,yes,train
320,GCAGTGGCCCACGCCTGTAATCCC,yes,train
110,ATTTATTTATTTTTGAGACAGGGT,no,train
401,GGCCGGGCACAGTGGCTCATGCCT,no,train
28,AGCTGGACGCAGTAGCTAATGCCT,yes,train
729,TTTTCTTTCTTTTTTTTTTTTTTT,no,train
326,GCCAGGCATGGTGGCTCATGCCTA,no,train
369,GGCCAGGCCCAGTGGCTCACACCT,yes,train
672,TTGTTATTTTTTATTTTTATTTTT,yes,train
31,AGCTGGGCATGGTGGTTCATGCCT,yes,train
661,TTCTTTTGTTTTTTTGAGATGGAG,yes,train
132,ATTTTGTTTTGTTTTGGTTTTTTG,no,train
54,AGGCCGGGCACTGTGGCTTACACA,yes,train
199,CGCTGGGCGCGGTGGCTCACGCCT,yes,train
53,AGGCCGGGCACGGTGGCTCACACC,yes,train
568,GTTTTTTTTTTTGAGACGGAGTCT,no,train
871,TTTTTTTTTTTTTTTTTTTTGAGG,yes,train
344,GCTGGGCACAGTAGCTCATGCCTG,yes,train
488,GGGCCAGGCGCTGTGGCTCACACC,no,train
719,TTTTATTTATTTATTTTTTGAGAG,no,train
489,GGGCCAGGCGGTGGCTCACGCTTG,no,train
817,TTTTTTTTTGTTTTAGAAGGAGTT,no,train
586,TGACAGGGTCTGTCTCTGTCACAC,no,train
242,CTTTTCTTTTCTTGAGGCAGGGTC,yes,train
645,TGGCTGGGCGCGGTGGCTCACGCC,no,train
403,GGCCGGGCACGGTGACTCATGCCT,no,train
867,TTTTTTTTTTTTTTTTTTTGAGAT,no,train
9,AGAGTCTCACTTTGTTGCCCAGGC,no,train
543,GTTTTGTTTTGTTTTGAAAGAACG,no,train
353,GGCCAAACATGGTGCCCCACGCCT,no,train
678,TTTATTATTATTTTTTGAGATGGA,no,train
189,CCCAGCCTGGGCAACATAGGGAGA,no,train
763,TTTTTCTTTGAGACAGAGTCACTC,no,train
457,GGCTGGGCATGGTGGTTCACACCT,no,train
684,TTTATTTTTAATTTTATTTTTGAG,yes,train
53,AGGCCGGGCACGGTGGCTCACACC,yes,train
410,GGCCGGGCGCAATGGCTCGCGCCT,no,train
347,GCTGGGCGTGGTGGCTCACGCCTA,no,train
291,CTTTTTTTTTTTTTTTTTTTGAGA,no,train
447,GGCTGGGCACGAGGGCTCATGTCT,yes,train
257,CTTTTTTACTTTATTTATTCTAGA,yes,train
423,GGCCGGGCGCGGTGGCTCATGCCT,no,train
451,GGCTGGGCACGGTGGCTCATGCCT,yes,train
4,ACAGTGGCTCACACCTTTGATCCC,yes,train
666,TTCTTTTTTTTTTTGAGACGGAGT,yes,train
512,GGGGGCAGAGGTGGGCGGATCACC,yes,train
28,AGCTGGACGCAGTAGCTAATGCCT,yes,train
256,CTTTTTGATTGATTGTTTGTTATG,yes,train
387,GGCCAGGTGCGGTGGCTCACACCT,no,train
837,TTTTTTTTTTTTTCCGAGACAGAG,yes,train
173,ATTTTTTTTTTTTTTTTTTTTTGA,yes,train
369,GGCCAGGCCCAGTGGCTCACACCT,no,train
262,CTTTTTTGTTTCGTTGTTTTTCTT,no,train
563,GTTTTTTTGTTTGTTTTGCTTTTT,yes,train
336,GCCGGGCGTGGTGGCTCACGCCTG,no,train
307,GACCGGGTGTGGTGGCTCACACCT,no,train
175,ATTTTTTTTTTTTTTTTTTTTTTG,yes,train
85,AGGCTGGGTGTGGTGGCTCACGCC,no,train
684,TTTATTTTTAATTTTATTTTTGAG,yes,train
277,CTTTTTTTTTTTTTTCTTTTTAAG,no,train
584,TCTTGTTTTTTGTTTTTTTTTTGA,no,train
325,GCCAGGCATGGTGGCTCACACCTG,no,train
804,TTTTTTTGTTTGTTTTTGAGGCGG,yes,train
68,AGGCTGGCCATGTTGGCTCACGCT,no,train
24,AGCCGGGCATGGTGGCTCACGCCC,yes,train
315,GAGGCTTGCTCTGTCACCCAGACT,no,train
153,ATTTTTTTTTTTGACAGAGTCTTG,yes,train
439,GGCTGGATGCAGTGGCTCATGCCT,no,train
463,GGCTGGGCGCAGTGGCTCATGCCT,no,train
365,GGCCAGGCACTGTGACTCATACCT,yes,train
158,ATTTTTTTTTTTTTTAATTTTGTT,no,train
79,AGGCTGGGCGTGGTGGCTCACATC,no,train
851,TTTTTTTTTTTTTTGAGATGGAGT,no,train
172,ATTTTTTTTTTTTTTTTTTTGTGA,no,train
392,GGCCAGGTGTGGTGGCTCACACCT,no,train
186,CCAGGCGCGGTGGCTCACACCTAT,yes,train
734,TTTTCTTTTCTTTTTCTTTTTCTT,no,train
729,TTTTCTTTCTTTTTTTTTTTTTTT,no,train
310,GACTGGGTGCGGTGGCTCATGCCT,no,train
430,GGCCGGTCACGGTGGCTCACGCCT,yes,train
601,TGGCCAGACACAGTGGCTCATGCC,no,train
720,TTTTATTTTACTTTATTTTTTTTG,no,train
733,TTTTCTTTTCTTTTCTTTTTTTTT,yes,train
571,GTTTTTTTTTTTTTTTTTTTAGAT,no,train
467,GGCTGGGCGTGGTGGCCCACGCCT,yes,train
697,TTTCTTTTTTCTGGAGACGGAGTT,yes,train
454,GGCTGGGCAGGGTGGCTCACCCCT,yes,train
272,CTTTTTTTTTTTTGAGACAAGGGT,yes,train
733,TTTTCTTTTCTTTTCTTTTTTTTT,yes,train
462,GGCTGGGCGCAGTGGCTCACTCCT,yes,train
85,AGGCTGGGTGTGGTGGCTCACGCC,yes,train
505,GGGCTGGGTGCAGTCGCTCACGCC,yes,train
503,GGGCTGGGCCCATTAGCTCACACC,no,train
535,GTTTTACTTTTTTTTTTTTTTTTT,yes,train
799,TTTTTTTGGTTTTTGTTTTGTTTT,no,train
336,GCCGGGCGTGGTGGCTCACGCCTG,yes,train
380,GGCCAGGGGCAGTGGTTCATGCCT,no,train
39,AGGACAGGCGCGGTGGCTCACGCC,no,train
409,GGCCGGGCCCAGTGGCTCACACCT,no,train
200,CGCTGGGTACAGTTGCTTACACCT,no,train
262,CTTTTTTGTTTCGTTGTTTTTCTT,no,train
678,TTTATTATTATTTTTTGAGATGGA,no,train
31,AGCTGGGCATGGTGGTTCATGCCT,yes,train
105,ATTCTTTTTTTTTTTTTGAGATGG,yes,train
22,AGCCAGGTGCGGTGGCTCATGCCT,no,train
296,CTTTTTTTTTTTTTTTTTTTTTTT,yes,train
548,GTTTTGTTTTTTGGGGTTTGTTTT,no,train
38,AGCTGGGTGTTTTGGCTCAGGCCT,no,train
431,GGCCGGTCGTGGTGGCTCATGCCT,no,train
344,GCTGGGCACAGTAGCTCATGCCTG,yes,train
219,CTTATATTTTATTTACTTACTTAA,yes,train
737,TTTTCTTTTTTTCTTTTTTGAGAT,no,train
355,GGCCAGACGTGGTGGCTCACGCCT,no,train
515,GGTCAGGCACAGTGGCTTACACCT,yes,train
359,GGCCAGGCACAGTGGCTCACACCT,no,train
829,TTTTTTTTTTTTAAAGACAGGGTC,yes,train
381,GGCCAGGTATGGTGGCTCATGCCT,no,train
411,GGCCGGGCGCAGTGGCCCACACCT,yes,train
134,ATTTTTATTTATTATTATTTTTTA,yes,train
877,TTTTTTTTTTTTTTTTTTTTTTTT,yes,train
719,TTTTATTTATTTATTTTTTGAGAG,yes,train
508,GGGCTGGGTGCCGTGGCTCACGCC,yes,train
733,TTTTCTTTTCTTTTCTTTTTTTTT,yes,train
363,GGCCAGGCACGGTGGCTCACGCCT,yes,train
24,AGCCGGGCATGGTGGCTCACGCCC,no,train
425,GGCCGGGCGTGGTGGCTCACACCT,no,train
238,CTTTTCGTTGTTGTTGAGACAGGG,no,train
24,AGCCGGGCATGGTGGCTCACGCCC,no,train
449,GGCTGGGCACGGTGGCTCATGCCT,no,train
238,CTTTTCGTTGTTGTTGAGACAGGG,no,train
464,GGCTGGGCGCGATGGCTCATGTCT,no,train
821,TTTTTTTTTTCTTTTTTTTTTTTT,yes,train
368,GGCCAGGCATGGTGGTTCACGCCT,no,train
445,GGCTGGGCACAGTGGCTCATGCCT,no,train
760,TTTTTCTTATCTTTTTTTTTTTCC,no,train
53,AGGCCGGGCACGGTGGCTCACACC,no,train
580,TCCAGGCATGGTGGCTCACATCTG,yes,train
545,GTTTTGTTTTGTTTTTTTGAGACA,yes,train
369,GGCCAGGCCCAGTGGCTCACACCT,yes,train
750,TTTTGTTTTTTCGTTTGTTTCTTT,no,train
389,GGCCAGGTGGCGGTGGTTCACACC,yes,train
525,GTGGCACTATCATAGTTCACTATA,no,train
199,CGCTGGGCGCGGTGGCTCACGCCT,yes,train
510,GGGCTGGGTGTGGTGGCTCATGCC,no,train
506,GGGCTGGGTGCAGTGCCTCTCGCC,yes,train
116,ATTTATTTTTATTTTTATTTTTTT,no,train
808,TTTTTTTTCTTTTTCTTTTTCTTT,no,train
768,TTTTTGGTTTTTTTTGTTTTTTTT,yes,train
260,CTTTTTTCTTTCTTTTTTTGAGAT,no,train
644,TGGCTGGGCGCGGTGGCTCACGCC,yes,train
594,TGCCGGGCATGGTGGCTTGCACCT,yes,train
575,TAGTGCAATGGCGCAATCCTGGCT,no,train
248,CTTTTTATTTTATTTTATTCTATT,no,train
417,GGCCGGGCGCGGTGGCTCACACCT,no,train
401,GGCCGGGCACAGTGGCTCATGCCT,no,train
5,ACTCATGCCTGTAATCCCAGCACT,yes,train
678,TTTATTATTATTTTTTGAGATGGA,no,train
862,TTTTTTTTTTTTTTTTGAGATGGA,no,train
155,ATTTTTTTTTTTTTGAGACAGAGT,yes,train
175,ATTTTTTTTTTTTTTTTTTTTTTG,yes,train
768,TTTTTGGTTTTTTTTGTTTTTTTT,yes,train
397,GGCCGGCAAGGTGGCTCACGCCTG,yes,train
74,AGGCTGGGCATGGTGGCTCACGCC,no,train
575,TAGTGCAATGGCGCAATCCTGGCT,yes,train
5,ACTCATGCCTGTAATCCCAGCACT,no,train
791,TTTTTTGTTTGTTTTTTTGAGACA,no,train
525,GTGGCACTATCATAGTTCACTATA,no,train
5,ACTCATGCCTGTAATCCCAGCACT,yes,train
604,TGGCCAGGCACAGTAACTCCTGCC,no,train
454,GGCTGGGCAGGGTGGCTCACCCCT,yes,train
369,GGCCAGGCCCAGTGGCTCACACCT,yes,train
463,GGCTGGGCGCAGTGGCTCATGCCT,yes,train
43,AGGCCAGACACAATGGCTCATGCT,no,train
760,TTTTTCTTATCTTTTTTTTTTTCC,yes,train
543,GTTTTGTTTTGTTTTGAAAGAACG,no,train
851,TTTTTTTTTTTTTTGAGATGGAGT,yes,train
799,TTTTTTTGGTTTTTGTTTTGTTTT,yes,train
120,ATTTCTTTTCTTTTTTTTTTTTTT,no,train
76,AGGCTGGGCGCGGTGGCTCACACC,yes,train
85,AGGCTGGGTGTGGTGGCTCACGCC,yes,train
760,TTTTTCTTATCTTTTTTTTTTTCC,yes,train
47,AGGCCAGGCGTGGTGGCTCATGCC,no,train
488,GGGCCAGGCGCTGTGGCTCACACC,no,train
663,TTCTTTTTTCTTTTCTTTTTTTTT,no,train
781,TTTTTTATTTTTTTGAGATGGAGT,no,train
353,GGCCAAACATGGTGCCCCACGCCT,yes,train
260,CTTTTTTCTTTCTTTTTTTGAGAT,no,train
187,CCAGGTGCAGTGGCTCATGCCTGT,yes,train
262,CTTTTTTGTTTCGTTGTTTTTCTT,no,train
306,GACCGGGCGTAGTGGCTCACGCCT,yes,train
874,TTTTTTTTTTTTTTTTTTTTTTGA,no,train
862,TTTTTTTTTTTTTTTTGAGATGGA,no,train
227,CTTTCTCACTCAGGCTGCAGTGAG,no,train
401,GGCCGGGCACAGTGGCTCATGCCT,yes,train
460,GGCTGGGCGCAGCGGCTCACGCCT,yes,train
704,TTTGAGACAGAGTTTTGCTCTTAT,no,train
423,GGCCGGGCGCGGTGGCTCATGCCT,yes,train
237,CTTTTATTGTTTTTTGAGACGGAG,no,train
387,GGCCAGGTGCGGTGGCTCACACCT,no,train
801,TTTTTTTGTTTATGTGTTTGTTTT,yes,train
58,AGGCCGGGCGCGGTGGCTCACGCC,yes,train
838,TTTTTTTTTTTTTCTTTTTTTCTT,yes,train
568,GTTTTTTTTTTTGAGACGGAGTCT,no,train
173,ATTTTTTTTTTTTTTTTTTTTTGA,yes,train
608,TGGCCAGGCATAATGGCTTATGCC,yes,train
108,ATTTATTTATTTATTTTTGAGACA,yes,train
462,GGCTGGGCGCAGTGGCTCACTCCT,yes,train
54,AGGCCGGGCACTGTGGCTTACACA,no,train
371,GGCCAGGCGCGGTGGCTCACGCCT,yes,train
751,TTTTGTTTTTTGTTGTTGTGGTGG,yes,train
406,GGCCGGGCACGGTGGCTCACGCCT,yes,train
163,ATTTTTTTTTTTTTTTTCAAGACG,yes,train
273,CTTTTTTTTTTTTTGAGACAGAAT,yes,train
159,ATTTTTTTTTTTTTTCTTGGAATG,no,train
116,ATTTATTTTTATTTTTATTTTTTT,yes,train
699,TTTCTTTTTTTTTGAGACGGAGTC,no,train
751,TTTTGTTTTTTGTTGTTGTGGTGG,yes,train
326,GCCAGGCATGGTGGCTCATGCCTA,no,train
375,GGCCAGGCGTGGTGGCTCATGCCT,yes,train
553,GTTTTTGTTTTGTTGTTTTTTTGA,no,train
466,GGCTGGGCGTAGTGGCTCACACCT,yes,train
385,GGCCAGGTGCAGTGGCTCATGCTT,no,train
158,ATTTTTTTTTTTTTTAATTTTGTT,no,train
875,TTTTTTTTTTTTTTTTTTTTTTTA,no,train
4,ACAGTGGCTCACACCTTTGATCCC,yes,train
865,TTTTTTTTTTTTTTTTTGAGACAG,no,train
754,TTTTTATTTAGAGACAAGATCTCA,yes,train
444,GGCTGGGCACAGTGGCTCACACCT,yes,train
692,TTTCTTTATTTTAATTTTTTTTTT,no,train
879,TTTTTTTTTTTTTTTTTTTTTTTT,no,train
113,ATTTATTTTATTTTTCTGAGATGG,no,train
626,TGGCCGGGCATGGTGGCTCACGCC,no,train
199,CGCTGGGCGCGGTGGCTCACGCCT,no,train
172,ATTTTTTTTTTTTTTTTTTTGTGA,no,train
527,GTTCTTGTTTTTGTTTTGTTTTTT,yes,train
163,ATTTTTTTTTTTTTTTTCAAGACG,yes,train
355,GGCCAGACGTGGTGGCTCACGCCT,yes,train
547,GTTTTGTTTTTCTTTCTTTTTTTT,yes,train
226,CTTTATTTTTTAATTTTTTTTTTT,yes,train
529,GTTCTTTTTTTTTTAGACAGCGTT,yes,train
684,TTTATTTTTAATTTTATTTTTGAG,yes,train
404,GGCCGGGCACGGTGGCTCACCTGT,no,train
242,CTTTTCTTTTCTTGAGGCAGGGTC,no,train
286,CTTTTTTTTTTTTTTTTGAGACAA,no,train
224,CTTTATTTTAATTATTATTATTTT,yes,train
378,GGCCAGGGATGTTGGCTCACATCT,yes,train
808,TTTTTTTTCTTTTTCTTTTTCTTT,yes,train
389,GGCCAGGTGGCGGTGGTTCACACC,yes,train
124,ATTTTATTTTATTATTTTTTTTTA,yes,train
387,GGCCAGGTGCGGTGGCTCACACCT,yes,train
568,GTTTTTTTTTTTGAGACGGAGTCT,no,train
99,ATTATTATTATTATTTTATTTTAT,no,train
503,GGGCTGGGCCCATTAGCTCACACC,no,train
510,GGGCTGGGTGTGGTGGCTCATGCC,yes,train
58,AGGCCGGGCGCGGTGGCTCACGCC,no,train
692,TTTCTTTATTTTAATTTTTTTTTT,yes,train
132,ATTTTGTTTTGTTTTGGTTTTTTG,yes,train
456,GGCTGGGCATGGTGGCTCACGCCT,yes,train
779,TTTTTTATTTTTTATTTTATTTTA,no,train
451,GGCTGGGCACGGTGGCTCATGCCT,yes,train
291,CTTTTTTTTTTTTTTTTTTTGAGA,no,train
734,TTTTCTTTTCTTTTTCTTTTTCTT,no,train
608,TGGCCAGGCATAATGGCTTATGCC,yes,train
506,GGGCTGGGTGCAGTGCCTCTCGCC,yes,train
457,GGCTGGGCATGGTGGTTCACACCT,no,train
371,GGCCAGGCGCGGTGGCTCACGCCT,no,train
742,TTTTGTGAGACAGCCTTGCTCTGT,yes,train
628,TGGCCGGGCGCGCTGGCTCACGCC,no,train
854,TTTTTTTTTTTTTTTGAGACGGAG,yes,train
666,TTCTTTTTTTTTTTGAGACGGAGT,yes,train
674,TTGTTTGTTGTTTTTGAGACAGAG,yes,train
485,GGGCCAGGCGCAGTGGCTCACGCC,no,train
346,GCTGGGCATGGTGGCTCATGCCTG,no,train
742,TTTTGTGAGACAGCCTTGCTCTGT,yes,train
420,GGCCGGGCGCGGTGGCTCACGCCT,yes,train
848,TTTTTTTTTTTTTTGAGACAGAGT,no,train
381,GGCCAGGTATGGTGGCTCATGCCT,no,train
625,TGGCCGGGCATGGTGGCTCACGCC,yes,train
464,GGCTGGGCGCGATGGCTCATGTCT,no,train
821,TTTTTTTTTTCTTTTTTTTTTTTT,no,train
86,AGGCTGGGTGTGGTGGCTCACGCC,no,train
534,GTTTCCTTTTTCTTCATTTCTATT,no,train
182,CAGTGGCTCACACCTGTAATCCCA,yes,train
535,GTTTTACTTTTTTTTTTTTTTTTT,yes,train
522,GTGAGACAGAGTTTCACTCTGTCG,no,train
516,GGTCGGGCACGGTGGCTCATGCCT,yes,train
737,TTTTCTTTTTTTCTTTTTTGAGAT,yes,train
355,GGCCAGACGTGGTGGCTCACGCCT,yes,train
581,TCCTGGCCAACATGGTGAAACCCC,no,train
776,TTTTTTATTTGTGTTTTTGTTTGT,no,train
568,GTTTTTTTTTTTGAGACGGAGTCT,no,train
186,CCAGGCGCGGTGGCTCACACCTAT,yes,train
666,TTCTTTTTTTTTTTGAGACGGAGT,yes,train
644,TGGCTGGGCGCGGTGGCTCACGCC,no,train
42,AGGCAGGGTGCAGTGGCTCACGCC,yes,train
632,TGGCCGGGCGCGGTGGCTCATGCC,no,train
389,GGCCAGGTGGCGGTGGTTCACACC,no,train
751,TTTTGTTTTTTGTTGTTGTGGTGG,yes,train
500,GGGCTGGGCACGGTGGCTCATGAC,no,train
245,CTTTTCTTTTTCTTTTCTTTTTTT,yes,train
33,AGCTGGGCGCAGTGGCTCACGCCT,yes,train
144,ATTTTTTTCTTCTTTTTTCCACAG,no,train
527,GTTCTTGTTTTTGTTTTGTTTTTT,yes,train
147,ATTTTTTTGTTGTTGTTGTGACTG,yes,train
56,AGGCCGGGCATGGTGGCTCACGCT,no,train
104,ATTCTTTTTTTTTTTCTTCTTTGA,yes,train
424,GGCCGGGCGTGGTGGCTCACACCT,yes,train
372,GGCCAGGCGCGGTGGCTCACGCCT,no,train
463,GGCTGGGCGCAGTGGCTCATGCCT,no,train
220,CTTCTTTTTTTTTTTTCTTTTGAG,yes,train
96,AGTTTGTTTGTTTGTTTGTTTGTT,yes,train
696,TTTCTTTTTTCTAAGACAGAGTCT,yes,train
714,TTTGTTTTGTTTTTTGTTTTGAGA,yes,train
657,TTATTTTTATTTTTATTTTTTATT,no,train
84,AGGCTGGGTGCTATGGCTCACGTC,no,train
776,TTTTTTATTTGTGTTTTTGTTTGT,no,train
235,CTTTGTTTTTGTTTTTGTCTTTTG,yes,train
503,GGGCTGGGCCCATTAGCTCACACC,yes,train
283,CTTTTTTTTTTTTTTTGAGATGGA,yes,train
315,GAGGCTTGCTCTGTCACCCAGACT,yes,train
211,CTCACGCCTGTAATCCCAGCACTT,no,train
545,GTTTTGTTTTGTTTTTTTGAGACA,no,train
313,GAGACAGTCTTGCTTTGTCGCCAG,no,train
288,CTTTTTTTTTTTTTTTTTTGAGAC,no,train
359,GGCCAGGCACAGTGGCTCACACCT,no,train
41,AGGCAGGGCGAGGTGGCTCAAACC,no,train
783,TTTTTTCTTGTTTTTCTTTTTTCT,yes,train
779,TTTTTTATTTTTTATTTTATTTTA,yes,train
787,TTTTTTGAGACAAGGTCTTGCTCT,yes,train
359,GGCCAGGCACAGTGGCTCACACCT,no,train
803,TTTTTTTGTTTGTTTGTTTTGAGA,no,train
102,ATTCTTTTTGAGACAGAGTCTCTG,no,train
256,CTTTTTGATTGATTGTTTGTTATG,yes,train
174,ATTTTTTTTTTTTTTTTTTTTTTG,no,train
116,ATTTATTTTTATTTTTATTTTTTT,yes,train
199,CGCTGGGCGCGGTGGCTCACGCCT,yes,train
716,TTTGTTTTTTTTGTTTTTTTGACA,yes,train
290,CTTTTTTTTTTTTTTTTTTTAATT,no,train
132,ATTTTGTTTTGTTTTGGTTTTTTG,no,train
397,GGCCGGCAAGGTGGCTCACGCCTG,no,train
163,ATTTTTTTTTTTTTTTTCAAGACG,yes,train
379,GGCCAGGGGCAGTGGCTCACGCCT,yes,train
839,TTTTTTTTTTTTTGAGACTCAGGA,yes,train
752,TTTTGTTTTTTTTTTGTTGTTGTT,yes,train
620,TGGCCGGGCACAGTGGCTCACGCC,yes,train
243,CTTTTCTTTTCTTTTCTTTCTTTT,no,train
500,GGGCTGGGCACGGTGGCTCATGAC,no,train
742,TTTTGTGAGACAGCCTTGCTCTGT,yes,train
397,GGCCGGCAAGGTGGCTCACGCCTG,no,train
245,CTTTTCTTTTTCTTTTCTTTTTTT,yes,train
105,ATTCTTTTTTTTTTTTTGAGATGG,no,train
755,TTTTTATTTTATTTATTTATTTAT,yes,train
75,AGGCTGGGCATGGTGGCTCATGCC,yes,train
124,ATTTTATTTTATTATTTTTTTTTA,yes,train
546,GTTTTGTTTTGTTTTTTTTTTTTT,yes,train
124,ATTTTATTTTATTATTTTTTTTTA,yes,train
760,TTTTTCTTATCTTTTTTTTTTTCC,yes,train
387,GGCCAGGTGCGGTGGCTCACACCT,no,train
406,GGCCGGGCACGGTGGCTCACGCCT,yes,train
174,ATTTTTTTTTTTTTTTTTTTTTTG,yes,train
774,TTTTTTAAGATGGAATCTTGCTCT,no,train
47,AGGCCAGGCGTGGTGGCTCATGCC,no,train
29,AGCTGGGCACGTGGCTCACACCTG,yes,train
754,TTTTTATTTAGAGACAAGATCTCA,yes,train
322,GCCAGGCACGGTGGCTCACGCCTG,no,train
47,AGGCCAGGCGTGGTGGCTCATGCC,no,train
75,AGGCTGGGCATGGTGGCTCATGCC,yes,train
468,GGCTGGGCGTGGTGGCTCACGCCT,no,train
406,GGCCGGGCACGGTGGCTCACGCCT,no,train
428,GGCCGGGTGCAGTGGCTCATGCCT,no,train
873,TTTTTTTTTTTTTTTTTTTTTGAG,no,train
879,TTTTTTTTTTTTTTTTTTTTTTTT,no,train
831,TTTTTTTTTTTTCCGAGATGGAAT,no,train
504,GGGCTGGGCGCGGTGGCTCTCGCC,yes,train
696,TTTCTTTTTTCTAAGACAGAGTCT,no,train
582,TCTCTCTTTTTTTTTTTTTTGAGA,yes,train
303,GACCAGGTGCAGTAGCTCATGCTT,no,train
381,GGCCAGGTATGGTGGCTCATGCCT,yes,train
286,CTTTTTTTTTTTTTTTTGAGACAA,no,train
102,ATTCTTTTTGAGACAGAGTCTCTG,no,train
816,TTTTTTTTTGTTGTTGTTGAGACG,no,train
320,GCAGTGGCCCACGCCTGTAATCCC,yes,train
368,GGCCAGGCATGGTGGTTCACGCCT,no,train
291,CTTTTTTTTTTTTTTTTTTTGAGA,yes,train
460,GGCTGGGCGCAGCGGCTCACGCCT,yes,train
383,GGCCAGGTGCAGTGGCTCACATCT,no,train
645,TGGCTGGGCGCGGTGGCTCACGCC,yes,train
745,TTTTGTTTTAATATTTTTTTTCTT,no,train
116,ATTTATTTTTATTTTTATTTTTTT,yes,train
821,TTTTTTTTTTCTTTTTTTTTTTTT,yes,train
755,TTTTTATTTTATTTATTTATTTAT,yes,train
245,CTTTTCTTTTTCTTTTCTTTTTTT,yes,train
527,GTTCTTGTTTTTGTTTTGTTTTTT,yes,train
414,GGCCGGGCGCAGTGGCTCATGCCT,yes,train
821,TTTTTTTTTTCTTTTTTTTTTTTT,yes,train
739,TTTTGAAATGGAGTTTTGCTCAGT,no,train
425,GGCCGGGCGTGGTGGCTCACACCT,no,train
747,TTTTGTTTTGTTTTTTTTTTAAGA,no,train
207,CGGCTGGGCACGGTGGCTCACGCC,no,train
283,CTTTTTTTTTTTTTTTGAGATGGA,yes,train
296,CTTTTTTTTTTTTTTTTTTTTTTT,yes,train
838,TTTTTTTTTTTTTCTTTTTTTCTT,yes,train
847,TTTTTTTTTTTTTTGAGACACAGT,no,train
580,TCCAGGCATGGTGGCTCACATCTG,no,train
315,GAGGCTTGCTCTGTCACCCAGACT,yes,train
389,GGCCAGGTGGCGGTGGTTCACACC,no,train
154,ATTTTTTTTTTTGAGATGGAGTCT,no,train
344,GCTGGGCACAGTAGCTCATGCCTG,yes,train
443,GGCTGGGCACAGTGGCTCACACCT,yes,train
9,AGAGTCTCACTTTGTTGCCCAGGC,no,train
386,GGCCAGGTGCAGTGGCTCATTCCT,no,train
443,GGCTGGGCACAGTGGCTCACACCT,no,train
556,GTTTTTTGTTTGTTTGTTTGTTTT,yes,train
838,TTTTTTTTTTTTTCTTTTTTTCTT,yes,train
20,AGCCAGGTGCAGTGGCTCACGCTT,yes,train
688,TTTCCTTTTTTTTTTTTTTCTTTT,yes,train
531,GTTGTTTGTCTGCTTGTTTGCGAC,yes,train
354,GGCCAAGCATGGTGGCTCACACCT,yes,train
411,GGCCGGGCGCAGTGGCCCACACCT,yes,train
99,ATTATTATTATTATTTTATTTTAT,no,train
847,TTTTTTTTTTTTTTGAGACACAGT,yes,train
411,GGCCGGGCGCAGTGGCCCACACCT,yes,train
91,AGGTTGGGCATGGTGGCTCACGCC,yes,train
380,GGCCAGGGGCAGTGGTTCATGCCT,no,train
379,GGCCAGGGGCAGTGGCTCACGCCT,no,train
459,GGCTGGGCCCGGTGGCTCATGCCT,no,train
792,TTTTTTGTTTTGTTTTGTTTGAGA,no,train
807,TTTTTTTTCTTTCTTTTTATTTCT,no,train
322,GCCAGGCACGGTGGCTCACGCCTG,no,train
63,AGGCCGGGTGCTGTGGCTCACACC,yes,train
670,TTGCCCAGGCTGGAGTGCAGGGCG,no,train
68,AGGCTGGCCATGTTGGCTCACGCT,no,train
697,TTTCTTTTTTCTGGAGACGGAGTT,yes,train
676,TTGTTTTTTTTTAATTTTTTAATT,yes,train
322,GCCAGGCACGGTGGCTCACGCCTG,no,train
13,AGCCAGGCATGGTGGCTCATGCCT,yes,train
591,TGCCGAGTGGAGTGGCTCACACCT,no,train
632,TGGCCGGGCGCGGTGGCTCATGCC,no,train
312,GAGACAGGTTCTTGATCTGTCACT,no,train
452,GGCTGGGCACGGTGGCTCGTGCTT,no,train
839,TTTTTTTTTTTTTGAGACTCAGGA,yes,train
53,AGGCCGGGCACGGTGGCTCACACC,yes,train
871,TTTTTTTTTTTTTTTTTTTTGAGG,yes,train
581,TCCTGGCCAACATGGTGAAACCCC,yes,train
257,CTTTTTTACTTTATTTATTCTAGA,yes,train
9,AGAGTCTCACTTTGTTGCCCAGGC,yes,train
13,AGCCAGGCATGGTGGCTCATGCCT,no,train
501,GGGCTGGGCATGGTGGCTCACACC,no,train
333,GCCGGGCATGGTGGCTCACGCCTG,no,train
776,TTTTTTATTTGTGTTTTTGTTTGT,yes,train
534,GTTTCCTTTTTCTTCATTTCTATT,no,train
719,TTTTATTTATTTATTTTTTGAGAG,yes,train
688,TTTCCTTTTTTTTTTTTTTCTTTT,yes,train
24,AGCCGGGCATGGTGGCTCACGCCC,yes,train
543,GTTTTGTTTTGTTTTGAAAGAACG,yes,train
160,ATTTTTTTTTTTTTTGAGATGGAG,no,train
186,CCAGGCGCGGTGGCTCACACCTAT,yes,train
696,TTTCTTTTTTCTAAGACAGAGTCT,yes,train
296,CTTTTTTTTTTTTTTTTTTTTTTT,no,train
258,CTTTTTTATTTTTATTTTTTTGAG,yes,train
745,TTTTGTTTTAATATTTTTTTTCTT,yes,train
581,TCCTGGCCAACATGGTGAAACCCC,yes,train
701,TTTCTTTTTTTTTTTTTTTTTTTT,no,train
737,TTTTCTTTTTTTCTTTTTTGAGAT,yes,train
530,GTTCTTTTTTTTTTTTTTTTTTTC,no,train
49,AGGCCAGGTGTGGTAGCTCACGCC,no,train
273,CTTTTTTTTTTTTTGAGACAGAAT,yes,train
254,CTTTTTGAGACGAGGTCTCACTGT,yes,train
204,CGGCCGGGCGCGGTGGCTCACGCC,yes,train
435,GGCGGGGTGTGGTGGCTCATGCCT,no,train
466,GGCTGGGCGTAGTGGCTCACACCT,no,train
854,TTTTTTTTTTTTTTTGAGACGGAG,no,train
525,GTGGCACTATCATAGTTCACTATA,yes,train
660,TTCTTTTATTTTTTTTGAGATGGA,no,train
657,TTATTTTTATTTTTATTTTTTATT,yes,train
453,GGCTGGGCACGGTGGCTCTCGCCT,no,train
381,GGCCAGGTATGGTGGCTCATGCCT,no,train
186,CCAGGCGCGGTGGCTCACACCTAT,yes,train
420,GGCCGGGCGCGGTGGCTCACGCCT,yes,train
120,ATTTCTTTTCTTTTTTTTTTTTTT,yes,train
359,GGCCAGGCACAGTGGCTCACACCT,no,train
378,GGCCAGGGATGTTGGCTCACATCT,yes,train
53,AGGCCGGGCACGGTGGCTCACACC,no,train
551,GTTTTTGAGGCAGGTCGGTCACCC,no,train
343,GCTGGGCACAATGGTTCACACCTG,no,train
164,ATTTTTTTTTTTTTTTTCTTGAGA,yes,train
699,TTTCTTTTTTTTTGAGACGGAGTC,yes,train
575,TAGTGCAATGGCGCAATCCTGGCT,no,train
199,CGCTGGGCGCGGTGGCTCACGCCT,yes,train
674,TTGTTTGTTGTTTTTGAGACAGAG,no,train
376,GGCCAGGCTCTGTGACTCACGCCT,no,train
466,GGCTGGGCGTAGTGGCTCACACCT,yes,train
58,AGGCCGGGCGCGGTGGCTCACGCC,no,train
823,TTTTTTTTTTTGAGACAATGTCTC,no,train
99,ATTATTATTATTATTTTATTTTAT,no,train
504,GGGCTGGGCGCGGTGGCTCTCGCC,no,train
688,TTTCCTTTTTTTTTTTTTTCTTTT,yes,train
14,AGCCAGGCATGGTGGTTCACACCT,yes,train
451,GGCTGGGCACGGTGGCTCATGCCT,no,train
505,GGGCTGGGTGCAGTCGCTCACGCC,yes,train
18,AGCCAGGCGTGGTACGTAGCTCAC,no,train
75,AGGCTGGGCATGGTGGCTCATGCC,no,train
243,CTTTTCTTTTCTTTTCTTTCTTTT,yes,train
342,GCTGGATGCGGTGGCTCACGCCTG,yes,train
665,TTCTTTTTTTTTCTTTTGAGACGG,no,train
527,GTTCTTGTTTTTGTTTTGTTTTTT,yes,train
457,GGCTGGGCATGGTGGTTCACACCT,no,train
173,ATTTTTTTTTTTTTTTTTTTTTGA,yes,train
91,AGGTTGGGCATGGTGGCTCACGCC,yes,train
315,GAGGCTTGCTCTGTCACCCAGACT,yes,train
256,CTTTTTGATTGATTGTTTGTTATG,yes,train
696,TTTCTTTTTTCTAAGACAGAGTCT,no,train
829,TTTTTTTTTTTTAAAGACAGGGTC,yes,train
499,GGGCTGGGCACAGTGGCTTACGCC,yes,train
235,CTTTGTTTTTGTTTTTGTCTTTTG,yes,train
846,TTTTTTTTTTTTTTCTTTTTTTTG,no,train
535,GTTTTACTTTTTTTTTTTTTTTTT,yes,train
551,GTTTTTGAGGCAGGTCGGTCACCC,no,train
644,TGGCTGGGCGCGGTGGCTCACGCC,no,train
258,CTTTTTTATTTTTATTTTTTTGAG,no,train
133,ATTTTGTTTTGTTTTTGTTTTTTG,no,train
216,CTGGGCTCAGTGGCTCACACCTGT,no,train
561,GTTTTTTTCTTTTCTAATTGAGAC,no,train
131,ATTTTGTTGTTGTTATTTGTTTCT,yes,train
823,TTTTTTTTTTTGAGACAATGTCTC,no,train
10,AGATCAGGCATGGTGGCTTACACC,no,train
291,CTTTTTTTTTTTTTTTTTTTGAGA,no,train
787,TTTTTTGAGACAAGGTCTTGCTCT,no,train
787,TTTTTTGAGACAAGGTCTTGCTCT,yes,train
383,GGCCAGGTGCAGTGGCTCACATCT,yes,train
260,CTTTTTTCTTTCTTTTTTTGAGAT,no,train
163,ATTTTTTTTTTTTTTTTCAAGACG,yes,train
558,GTTTTTTGTTTGTTTGTTTTTTGA,no,train
717,TTTTACTTTTTTTTTTTTTTGGGA,yes,train
380,GGCCAGGGGCAGTGGTTCATGCCT,no,train
739,TTTTGAAATGGAGTTTTGCTCAGT,no,train
560,GTTTTTTTATTTTTATTTTTGGAG,no,train
781,TTTTTTATTTTTTTGAGATGGAGT,no,train
543,GTTTTGTTTTGTTTTGAAAGAACG,no,train
220,CTTCTTTTTTTTTTTTCTTTTGAG,no,train
500,GGGCTGGGCACGGTGGCTCATGAC,no,train
560,GTTTTTTTATTTTTATTTTTGGAG,yes,train
372,GGCCAGGCGCGGTGGCTCACGCCT,no,train
24,AGCCGGGCATGGTGGCTCACGCCC,no,train
256,CTTTTTGATTGATTGTTTGTTATG,yes,train
695,TTTCTTTTCTTTCCTTTCTTTTTT,no,train
804,TTTTTTTGTTTGTTTTTGAGGCGG,no,train
286,CTTTTTTTTTTTTTTTTGAGACAA,no,train
131,ATTTTGTTGTTGTTATTTGTTTCT,yes,train
580,TCCAGGCATGGTGGCTCACATCTG,no,train
259,CTTTTTTCTTTATTTTTTTTTAGA,yes,train
305,GACCCAGTGCGGTGGCTCACGCCT,yes,train
676,TTGTTTTTTTTTAATTTTTTAATT,yes,train
452,GGCTGGGCACGGTGGCTCGTGCTT,no,train
292,CTTTTTTTTTTTTTTTTTTTTTAC,yes,train
346,GCTGGGCATGGTGGCTCATGCCTG,yes,train
326,GCCAGGCATGGTGGCTCATGCCTA,no,train
14,AGCCAGGCATGGTGGTTCACACCT,yes,train
815,TTTTTTTTTCTTTTTTCTTTTTTC,yes,train
277,CTTTTTTTTTTTTTTCTTTTTAAG,no,train
558,GTTTTTTGTTTGTTTGTTTTTTGA,no,train
315,GAGGCTTGCTCTGTCACCCAGACT,yes,train
801,TTTTTTTGTTTATGTGTTTGTTTT,no,train
235,CTTTGTTTTTGTTTTTGTCTTTTG,yes,train
456,GGCTGGGCATGGTGGCTCACGCCT,no,train
312,GAGACAGGTTCTTGATCTGTCACT,no,train
154,ATTTTTTTTTTTGAGATGGAGTCT,yes,train
172,ATTTTTTTTTTTTTTTTTTTGTGA,no,train
504,GGGCTGGGCGCGGTGGCTCTCGCC,yes,train
9,AGAGTCTCACTTTGTTGCCCAGGC,yes,train
505,GGGCTGGGTGCAGTCGCTCACGCC,yes,train
158,ATTTTTTTTTTTTTTAATTTTGTT,no,train
131,ATTTTGTTGTTGTTATTTGTTTCT,yes,train
381,GGCCAGGTATGGTGGCTCATGCCT,yes,train
858,TTTTTTTTTTTTTTTTGAGACAGG,yes,train
471,GGCTGGGTGCAATGGCTCACACCT,yes,train
266,CTTTTTTTGTTTTCTTTTGGTTTT,no,train
823,TTTTTTTTTTTGAGACAATGTCTC,no,train
8,AGACTGGGCGTGGTGGCTCACGCC,no,train
534,GTTTCCTTTTTCTTCATTTCTATT,yes,train
545,GTTTTGTTTTGTTTTTTTGAGACA,yes,train
731,TTTTCTTTTCTTGTGTGTTTTTTT,no,train
239,CTTTTCTCTTCTTTTTTCTTTTCT,no,train
862,TTTTTTTTTTTTTTTTGAGATGGA,yes,train
43,AGGCCAGACACAATGGCTCATGCT,no,train
879,TTTTTTTTTTTTTTTTTTTTTTTT,no,train
378,GGCCAGGGATGTTGGCTCACATCT,no,train
17,AGCCAGGCGCGGTGGCTCAAGCCT,yes,train
235,CTTTGTTTTTGTTTTTGTCTTTTG,yes,train
145,ATTTTTTTGAGACAGGGTGTCACT,yes,train
696,TTTCTTTTTTCTAAGACAGAGTCT,no,train
531,GTTGTTTGTCTGCTTGTTTGCGAC,yes,train
417,GGCCGGGCGCGGTGGCTCACACCT,no,train
223,CTTTATTTATTTATTTATTTATGA,no,train
513,GGGTTGGGCACGGTGGCGCATGCC,no,train
42,AGGCAGGGTGCAGTGGCTCACGCC,yes,train
101,ATTCTTTGTTTTTTTTTGAGATGG,no,train
199,CGCTGGGCGCGGTGGCTCACGCCT,no,train
776,TTTTTTATTTGTGTTTTTGTTTGT,yes,train
851,TTTTTTTTTTTTTTGAGATGGAGT,no,train
449,GGCTGGGCACGGTGGCTCATGCCT,no,train
801,TTTTTTTGTTTATGTGTTTGTTTT,yes,train
525,GTGGCACTATCATAGTTCACTATA,yes,train
435,GGCGGGGTGTGGTGGCTCATGCCT,no,train
591,TGCCGAGTGGAGTGGCTCACACCT,yes,train
666,TTCTTTTTTTTTTTGAGACGGAGT,yes,train
110,ATTTATTTATTTTTGAGACAGGGT,yes,train
700,TTTCTTTTTTTTTTTTTTGAGATG,no,train
85,AGGCTGGGTGTGGTGGCTCACGCC,no,train
223,CTTTATTTATTTATTTATTTATGA,yes,train
716,TTTGTTTTTTTTGTTTTTTTGACA,yes,train
364,GGCCAGGCACGGTGGGTCACGCCT,yes,train
132,ATTTTGTTTTGTTTTGGTTTTTTG,yes,train
875,TTTTTTTTTTTTTTTTTTTTTTTA,no,train
546,GTTTTGTTTTGTTTTTTTTTTTTT,yes,train
387,GGCCAGGTGCGGTGGCTCACACCT,no,train
245,CTTTTCTTTTTCTTTTCTTTTTTT,yes,train
342,GCTGGATGCGGTGGCTCACGCCTG,no,train
420,GGCCGGGCGCGGTGGCTCACGCCT,no,train
442,GGCTGGGCACAGTGGCTCACACCT,no,train
227,CTTTCTCACTCAGGCTGCAGTGAG,yes,train
281,CTTTTTTTTTTTTTTGAGATGGAG,yes,train
336,GCCGGGCGTGGTGGCTCACGCCTG,no,train
401,GGCCGGGCACAGTGGCTCATGCCT,yes,train
369,GGCCAGGCCCAGTGGCTCACACCT,no,train
506,GGGCTGGGTGCAGTGCCTCTCGCC,no,train
774,TTTTTTAAGATGGAATCTTGCTCT,yes,train
105,ATTCTTTTTTTTTTTTTGAGATGG,yes,train
273,CTTTTTTTTTTTTTGAGACAGAAT,no,train
531,GTTGTTTGTCTGCTTGTTTGCGAC,yes,train
729,TTTTCTTTCTTTTTTTTTTTTTTT,no,train
871,TTTTTTTTTTTTTTTTTTTTGAGG,yes,train
581,TCCTGGCCAACATGGTGAAACCCC,no,train
74,AGGCTGGGCATGGTGGCTCACGCC,no,train
792,TTTTTTGTTTTGTTTTGTTTGAGA,yes,train
85,AGGCTGGGTGTGGTGGCTCACGCC,no,train
305,GACCCAGTGCGGTGGCTCACGCCT,yes,train
442,GGCTGGGCACAGTGGCTCACACCT,yes,train
527,GTTCTTGTTTTTGTTTTGTTTTTT,yes,train
623,TGGCCGGGCACGGTGGCTCACACC,yes,train
404,GGCCGGGCACGGTGGCTCACCTGT,no,train
706,TTTGAGATGGAGTCTTGCTTCATT,no,train
431,GGCCGGTCGTGGTGGCTCATGCCT,yes,train
401,GGCCGGGCACAGTGGCTCATGCCT,no,train
343,GCTGGGCACAATGGTTCACACCTG,no,train
531,GTTGTTTGTCTGCTTGTTTGCGAC,yes,train
101,ATTCTTTGTTTTTTTTTGAGATGG,no,train
130,ATTTTGTATTTATTTATTTATTTA,no,train
675,TTGTTTTTTGTTTTTTTGTTTTTT,yes,train
401,GGCCGGGCACAGTGGCTCATGCCT,no,train
695,TTTCTTTTCTTTCCTTTCTTTTTT,no,train
617,TGGCCAGGTGCGGTGGCTCACGCC,no,train
296,CTTTTTTTTTTTTTTTTTTTTTTT,yes,train
471,GGCTGGGTGCAATGGCTCACACCT,yes,train
696,TTTCTTTTTTCTAAGACAGAGTCT,yes,train
513,GGGTTGGGCACGGTGGCGCATGCC,yes,train
742,TTTTGTGAGACAGCCTTGCTCTGT,yes,train
383,GGCCAGGTGCAGTGGCTCACATCT,yes,train
678,TTTATTATTATTTTTTGAGATGGA,yes,train
245,CTTTTCTTTTTCTTTTCTTTTTTT,yes,train
414,GGCCGGGCGCAGTGGCTCATGCCT,yes,train
10,AGATCAGGCATGGTGGCTTACACC,no,train
378,GGCCAGGGATGTTGGCTCACATCT,no,train
535,GTTTTACTTTTTTTTTTTTTTTTT,no,train
510,GGGCTGGGTGTGGTGGCTCATGCC,yes,train
774,TTTTTTAAGATGGAATCTTGCTCT,no,train
344,GCTGGGCACAGTAGCTCATGCCTG,yes,train
201,CGGCCAGGCACAGTGACTTACACC,yes,train
23,AGCCGGGCACGGTGGCTCACACCT,no,train
56,AGGCCGGGCATGGTGGCTCACGCT,yes,train
479,GGCTTGGTGCAGTGACGACACACC,no,train
809,TTTTTTTTCTTTTTTTTTCTTTTT,yes,train
632,TGGCCGGGCGCGGTGGCTCATGCC,yes,train
131,ATTTTGTTGTTGTTATTTGTTTCT,yes,train
544,GTTTTGTTTTGTTTTTTGTTTTGA,yes,train
133,ATTTTGTTTTGTTTTTGTTTTTTG,yes,train
42,AGGCAGGGTGCAGTGGCTCACGCC,no,train
626,TGGCCGGGCATGGTGGCTCACGCC,yes,train
286,CTTTTTTTTTTTTTTTTGAGACAA,no,train
444,GGCTGGGCACAGTGGCTCACACCT,no,train
134,ATTTTTATTTATTATTATTTTTTA,no,train
510,GGGCTGGGTGTGGTGGCTCATGCC,no,train
755,TTTTTATTTTATTTATTTATTTAT,no,train
500,GGGCTGGGCACGGTGGCTCATGAC,no,train
278,CTTTTTTTTTTTTTTGAGACGGAG,yes,train
496,GGGCCGGGTGCAGTGACTCACGCC,yes,train
350,GGCAAGGCATGGTGGCTCATGCCT,yes,train
74,AGGCTGGGCATGGTGGCTCACGCC,no,train
163,ATTTTTTTTTTTTTTTTCAAGACG,yes,train
283,CTTTTTTTTTTTTTTTGAGATGGA,yes,train
443,GGCTGGGCACAGTGGCTCACACCT,yes,train
815,TTTTTTTTTCTTTTTTCTTTTTTC,yes,train
182,CAGTGGCTCACACCTGTAATCCCA,yes,train
227,CTTTCTCACTCAGGCTGCAGTGAG,no,train
734,TTTTCTTTTCTTTTTCTTTTTCTT,no,train
553,GTTTTTGTTTTGTTGTTTTTTTGA,no,train
672,TTGTTATTTTTTATTTTTATTTTT,yes,train
563,GTTTTTTTGTTTGTTTTGCTTTTT,yes,train
306,GACCGGGCGTAGTGGCTCACGCCT,no,train
538,GTTTTCTTTTCTTTTCTTTTTTTT,yes,train
428,GGCCGGGTGCAGTGGCTCATGCCT,yes,train
444,GGCTGGGCACAGTGGCTCACACCT,yes,train
151,ATTTTTTTTTCTTTTTCTTGTTTT,no,train
414,GGCCGGGCGCAGTGGCTCATGCCT,yes,train
807,TTTTTTTTCTTTCTTTTTATTTCT,no,train
505,GGGCTGGGTGCAGTCGCTCACGCC,yes,train
831,TTTTTTTTTTTTCCGAGATGGAAT,no,train
551,GTTTTTGAGGCAGGTCGGTCACCC,no,train
858,TTTTTTTTTTTTTTTTGAGACAGG,no,train
20,AGCCAGGTGCAGTGGCTCACGCTT,no,train
8,AGACTGGGCGTGGTGGCTCACGCC,no,train
543,GTTTTGTTTTGTTTTGAAAGAACG,no,train
776,TTTTTTATTTGTGTTTTTGTTTGT,no,train
160,ATTTTTTTTTTTTTTGAGATGGAG,no,train
364,GGCCAGGCACGGTGGGTCACGCCT,no,train
879,TTTTTTTTTTTTTTTTTTTTTTTT,yes,train
389,GGCCAGGTGGCGGTGGTTCACACC,yes,train
354,GGCCAAGCATGGTGGCTCACACCT,yes,train
414,GGCCGGGCGCAGTGGCTCATGCCT,no,train
626,TGGCCGGGCATGGTGGCTCACGCC,no,train
608,TGGCCAGGCATAATGGCTTATGCC,yes,train
655,TGTGCAGGGACTCATGACTGTAAT,yes,train
865,TTTTTTTTTTTTTTTTTGAGACAG,no,train
532,GTTGTTTTGTTTTGTTTTGAGACA,no,train
548,GTTTTGTTTTTTGGGGTTTGTTTT,no,train
628,TGGCCGGGCGCGCTGGCTCACGCC,yes,train
150,ATTTTTTTTTCTTTTTCAGAGTTT,no,train
563,GTTTTTTTGTTTGTTTTGCTTTTT,no,train
672,TTGTTATTTTTTATTTTTATTTTT,no,train
291,CTTTTTTTTTTTTTTTTTTTGAGA,no,train
419,GGCCGGGCGCGGTGGCTCACGCCT,yes,train
384,GGCCAGGTGCAGTGGCTCACGCCT,no,train
113,ATTTATTTTATTTTTCTGAGATGG,no,train
310,GACTGGGTGCGGTGGCTCATGCCT,no,train
172,ATTTTTTTTTTTTTTTTTTTGTGA,no,train
56,AGGCCGGGCATGGTGGCTCACGCT,no,train
803,TTTTTTTGTTTGTTTGTTTTGAGA,no,train
239,CTTTTCTCTTCTTTTTTCTTTTCT,yes,train
146,ATTTTTTTGGACATGGCCTTGCTC,yes,train
351,GGCACGGTGGCTCACGCCTGTAAT,no,train
580,TCCAGGCATGGTGGCTCACATCTG,no,train
767,TTTTTGAGACAGAGTCTCGCTCTT,no,train
807,TTTTTTTTCTTTCTTTTTATTTCT,no,train
527,GTTCTTGTTTTTGTTTTGTTTTTT,yes,train
148,ATTTTTTTGTTTTTTGGGATGGAG,no,train
665,TTCTTTTTTTTTCTTTTGAGACGG,no,train
628,TGGCCGGGCGCGCTGGCTCACGCC,yes,train
851,TTTTTTTTTTTTTTGAGATGGAGT,no,train
750,TTTTGTTTTTTCGTTTGTTTCTTT,no,train
264,CTTTTTTTCATTTTTTTTTTTTTT,yes,train
530,GTTCTTTTTTTTTTTTTTTTTTTC,yes,train
601,TGGCCAGACACAGTGGCTCATGCC,no,train
431,GGCCGGTCGTGGTGGCTCATGCCT,no,train
823,TTTTTTTTTTTGAGACAATGTCTC,yes,train
153,ATTTTTTTTTTTGACAGAGTCTTG,yes,train
372,GGCCAGGCGCGGTGGCTCACGCCT,no,train
815,TTTTTTTTTCTTTTTTCTTTTTTC,no,train
395,GGCCGAGCGCAGTGGCTCACGCCT,yes,train
525,GTGGCACTATCATAGTTCACTATA,no,train
264,CTTTTTTTCATTTTTTTTTTTTTT,yes,train
216,CTGGGCTCAGTGGCTCACACCTGT,yes,train
87,AGGCTGTTGCTCTGTCACCCAGGA,yes,train
396,GGCCGAGCGTGATGGCTCACCCCT,yes,train
397,GGCCGGCAAGGTGGCTCACGCCTG,no,train
20,AGCCAGGTGCAGTGGCTCACGCTT,yes,train
752,TTTTGTTTTTTTTTTGTTGTTGTT,no,train
85,AGGCTGGGTGTGGTGGCTCACGCC,no,train
543,GTTTTGTTTTGTTTTGAAAGAACG,no,train
99,ATTATTATTATTATTTTATTTTAT,yes,train
306,GACCGGGCGTAGTGGCTCACGCCT,yes,train
192,CCGGGCGCAGTGGCTCATGCCTGT,yes,train
780,TTTTTTATTTTTTGAGGTGGAGTC,no,train
531,GTTGTTTGTCTGCTTGTTTGCGAC,yes,train
584,TCTTGTTTTTTGTTTTTTTTTTGA,no,train
373,GGCCAGGCGCGGTGGCTCATCCCT,yes,train
314,GAGACCAGCCTGACCAATATGGAG,yes,train
767,TTTTTGAGACAGAGTCTCGCTCTT,no,train
791,TTTTTTGTTTGTTTTTTTGAGACA,no,train
594,TGCCGGGCATGGTGGCTTGCACCT,yes,train
353,GGCCAAACATGGTGCCCCACGCCT,no,train
570,GTTTTTTTTTTTTTTCTTTAGAGA,no,train
375,GGCCAGGCGTGGTGGCTCATGCCT,yes,train
696,TTTCTTTTTTCTAAGACAGAGTCT,no,train
436,GGCTAGGCGCAGTGGCTCACTCCT,no,train
444,GGCTGGGCACAGTGGCTCACACCT,no,train
43,AGGCCAGACACAATGGCTCATGCT,no,train
505,GGGCTGGGTGCAGTCGCTCACGCC,yes,train
568,GTTTTTTTTTTTGAGACGGAGTCT,yes,train
378,GGCCAGGGATGTTGGCTCACATCT,no,train
848,TTTTTTTTTTTTTTGAGACAGAGT,no,train
558,GTTTTTTGTTTGTTTGTTTTTTGA,no,train
174,ATTTTTTTTTTTTTTTTTTTTTTG,no,train
369,GGCCAGGCCCAGTGGCTCACACCT,yes,train
91,AGGTTGGGCATGGTGGCTCACGCC,yes,train
757,TTTTTATTTTTATTTTATTTTTTA,yes,train
503,GGGCTGGGCCCATTAGCTCACACC,no,train
354,GGCCAAGCATGGTGGCTCACACCT,yes,train
305,GACCCAGTGCGGTGGCTCACGCCT,yes,train
238,CTTTTCGTTGTTGTTGAGACAGGG,yes,train
623,TGGCCGGGCACGGTGGCTCACACC,no,train
163,ATTTTTTTTTTTTTTTTCAAGACG,yes,train
751,TTTTGTTTTTTGTTGTTGTGGTGG,yes,train
41,AGGCAGGGCGAGGTGGCTCAAACC,no,train
871,TTTTTTTTTTTTTTTTTTTTGAGG,no,train
671,TTGGGAGGCCGACCTGGGTGGATC,no,train
459,GGCTGGGCCCGGTGGCTCATGCCT,yes,train
755,TTTTTATTTTATTTATTTATTTAT,yes,train
162,ATTTTTTTTTTTTTTTGCGATGAA,yes,train
513,GGGTTGGGCACGGTGGCGCATGCC,yes,train
837,TTTTTTTTTTTTTCCGAGACAGAG,yes,train
643,TGGCTGGGCCCGGTGGCTCATGCC,yes,train
223,CTTTATTTATTTATTTATTTATGA,no,train
227,CTTTCTCACTCAGGCTGCAGTGAG,yes,train
304,GACCAGGTGTGGTGGCTCACACCA,no,train
717,TTTTACTTTTTTTTTTTTTTGGGA,yes,train
91,AGGTTGGGCATGGTGGCTCACGCC,no,train
447,GGCTGGGCACGAGGGCTCATGTCT,no,train
719,TTTTATTTATTTATTTTTTGAGAG,no,train
625,TGGCCGGGCATGGTGGCTCACGCC,no,train
747,TTTTGTTTTGTTTTTTTTTTAAGA,no,train
257,CTTTTTTACTTTATTTATTCTAGA,yes,train
881,TTTTTTTTTTTTTTTTTTTTTTTT,no,train
359,GGCCAGGCACAGTGGCTCACACCT,no,train
355,GGCCAGACGTGGTGGCTCACGCCT,no,train
43,AGGCCAGACACAATGGCTCATGCT,yes,train
204,CGGCCGGGCGCGGTGGCTCACGCC,yes,train
516,GGTCGGGCACGGTGGCTCATGCCT,yes,train
312,GAGACAGGTTCTTGATCTGTCACT,no,train
278,CTTTTTTTTTTTTTTGAGACGGAG,yes,train
561,GTTTTTTTCTTTTCTAATTGAGAC,no,train
501,GGGCTGGGCATGGTGGCTCACACC,no,train
76,AGGCTGGGCGCGGTGGCTCACACC,no,train
546,GTTTTGTTTTGTTTTTTTTTTTTT,no,train
620,TGGCCGGGCACAGTGGCTCACGCC,yes,train
134,ATTTTTATTTATTATTATTTTTTA,no,train
742,TTTTGTGAGACAGCCTTGCTCTGT,yes,train
453,GGCTGGGCACGGTGGCTCTCGCCT,no,train
320,GCAGTGGCCCACGCCTGTAATCCC,no,train
595,TGCCGGGCGCGGTGGCTCACGTCT,no,train
240,CTTTTCTCTTTTTTTTTTTTTTTT,no,train
468,GGCTGGGCGTGGTGGCTCACGCCT,no,train
492,GGGCCAGGTGTGGTGGCTCACGCC,no,train
414,GGCCGGGCGCAGTGGCTCATGCCT,no,train
245,CTTTTCTTTTTCTTTTCTTTTTTT,no,train
752,TTTTGTTTTTTTTTTGTTGTTGTT,no,train
670,TTGCCCAGGCTGGAGTGCAGGGCG,no,train
804,TTTTTTTGTTTGTTTTTGAGGCGG,yes,train
781,TTTTTTATTTTTTTGAGATGGAGT,no,train
87,AGGCTGTTGCTCTGTCACCCAGGA,yes,train
403,GGCCGGGCACGGTGACTCATGCCT,no,train
737,TTTTCTTTTTTTCTTTTTTGAGAT,yes,train
38,AGCTGGGTGTTTTGGCTCAGGCCT,yes,train
120,ATTTCTTTTCTTTTTTTTTTTTTT,no,train
529,GTTCTTTTTTTTTTAGACAGCGTT,yes,train
453,GGCTGGGCACGGTGGCTCTCGCCT,yes,train
515,GGTCAGGCACAGTGGCTTACACCT,no,train
199,CGCTGGGCGCGGTGGCTCACGCCT,no,train
739,TTTTGAAATGGAGTTTTGCTCAGT,no,train
171,ATTTTTTTTTTTTTTTTTTTGAGG,no,train
301,GACAGAGTCTTGCTCTGTCACCCA,yes,train
476,GGCTGGGTGCGGTGGCTCACGCCT,no,train
207,CGGCTGGGCACGGTGGCTCACGCC,no,train
114,ATTTATTTTATTTTTTATTGTTTT,yes,train
120,ATTTCTTTTCTTTTTTTTTTTTTT,no,train
262,CTTTTTTGTTTCGTTGTTTTTCTT,no,train
499,GGGCTGGGCACAGTGGCTTACGCC,yes,train
644,TGGCTGGGCGCGGTGGCTCACGCC,yes,train
489,GGGCCAGGCGGTGGCTCACGCTTG,no,train
581,TCCTGGCCAACATGGTGAAACCCC,yes,train
344,GCTGGGCACAGTAGCTCATGCCTG,yes,train
829,TTTTTTTTTTTTAAAGACAGGGTC,yes,train
626,TGGCCGGGCATGGTGGCTCACGCC,no,train
512,GGGGGCAGAGGTGGGCGGATCACC,no,train
460,GGCTGGGCGCAGCGGCTCACGCCT,yes,train
560,GTTTTTTTATTTTTATTTTTGGAG,yes,train
375,GGCCAGGCGTGGTGGCTCATGCCT,yes,train
262,CTTTTTTGTTTCGTTGTTTTTCTT,no,train
272,CTTTTTTTTTTTTGAGACAAGGGT,yes,train
303,GACCAGGTGCAGTAGCTCATGCTT,no,train
296,CTTTTTTTTTTTTTTTTTTTTTTT,yes,train
146,ATTTTTTTGGACATGGCCTTGCTC,no,train
751,TTTTGTTTTTTGTTGTTGTGGTGG,yes,train
604,TGGCCAGGCACAGTAACTCCTGCC,no,train
454,GGCTGGGCAGGGTGGCTCACCCCT,yes,train
83,AGGCTGGGTGCGCTGTGGCTCATG,no,train
312,GAGACAGGTTCTTGATCTGTCACT,yes,train
344,GCTGGGCACAGTAGCTCATGCCTG,yes,train
116,ATTTATTTTTATTTTTATTTTTTT,yes,train
235,CTTTGTTTTTGTTTTTGTCTTTTG,yes,train
572,GTTTTTTTTTTTTTTTTTTTTGAG,no,train
403,GGCCGGGCACGGTGACTCATGCCT,no,train
105,ATTCTTTTTTTTTTTTTGAGATGG,yes,train
817,TTTTTTTTTGTTTTAGAAGGAGTT,yes,train
201,CGGCCAGGCACAGTGACTTACACC,no,train
752,TTTTGTTTTTTTTTTGTTGTTGTT,no,train
506,GGGCTGGGTGCAGTGCCTCTCGCC,yes,train
83,AGGCTGGGTGCGCTGTGGCTCATG,yes,train
601,TGGCCAGACACAGTGGCTCATGCC,no,train
696,TTTCTTTTTTCTAAGACAGAGTCT,no,train
501,GGGCTGGGCATGGTGGCTCACACC,no,train
288,CTTTTTTTTTTTTTTTTTTGAGAC,no,train
369,GGCCAGGCCCAGTGGCTCACACCT,no,train
789,TTTTTTGTGATTTTTTTTTTTTCG,yes,train
387,GGCCAGGTGCGGTGGCTCACACCT,yes,train
373,GGCCAGGCGCGGTGGCTCATCCCT,yes,train
745,TTTTGTTTTAATATTTTTTTTCTT,yes,train
420,GGCCGGGCGCGGTGGCTCACGCCT,yes,train
787,TTTTTTGAGACAAGGTCTTGCTCT,no,train
835,TTTTTTTTTTTTGAGAGAGTTTTG,no,train
296,CTTTTTTTTTTTTTTTTTTTTTTT,yes,train
378,GGCCAGGGATGTTGGCTCACATCT,yes,train
36,AGCTGGGTGTGGTGGCTCATACCT,no,train
807,TTTTTTTTCTTTCTTTTTATTTCT,no,train
424,GGCCGGGCGTGGTGGCTCACACCT,no,train
41,AGGCAGGGCGAGGTGGCTCAAACC,yes,train
783,TTTTTTCTTGTTTTTCTTTTTTCT,no,train
410,GGCCGGGCGCAATGGCTCGCGCCT,no,train
422,GGCCGGGCGCGGTGGCTCAGGCCT,no,train
568,GTTTTTTTTTTTGAGACGGAGTCT,yes,train
54,AGGCCGGGCACTGTGGCTTACACA,yes,train
56,AGGCCGGGCATGGTGGCTCACGCT,yes,train
499,GGGCTGGGCACAGTGGCTTACGCC,no,train
829,TTTTTTTTTTTTAAAGACAGGGTC,no,train
688,TTTCCTTTTTTTTTTTTTTCTTTT,yes,train
216,CTGGGCTCAGTGGCTCACACCTGT,no,train
459,GGCTGGGCCCGGTGGCTCATGCCT,yes,train
256,CTTTTTGATTGATTGTTTGTTATG,no,train
670,TTGCCCAGGCTGGAGTGCAGGGCG,no,train
462,GGCTGGGCGCAGTGGCTCACTCCT,yes,train
33,AGCTGGGCGCAGTGGCTCACGCCT,no,train
643,TGGCTGGGCCCGGTGGCTCATGCC,yes,train
804,TTTTTTTGTTTGTTTTTGAGGCGG,no,train
4,ACAGTGGCTCACACCTTTGATCCC,yes,train
173,ATTTTTTTTTTTTTTTTTTTTTGA,yes,train
246,CTTTTGTTGTTTTTGAGACGGGGT,no,train
231,CTTTCTTTTTTTTTTTTTTTTTTT,no,train
767,TTTTTGAGACAGAGTCTCGCTCTT,no,train
799,TTTTTTTGGTTTTTGTTTTGTTTT,no,train
594,TGCCGGGCATGGTGGCTTGCACCT,yes,train
530,GTTCTTTTTTTTTTTTTTTTTTTC,yes,train
460,GGCTGGGCGCAGCGGCTCACGCCT,yes,train
189,CCCAGCCTGGGCAACATAGGGAGA,yes,train
163,ATTTTTTTTTTTTTTTTCAAGACG,no,train
273,CTTTTTTTTTTTTTGAGACAGAAT,no,train
553,GTTTTTGTTTTGTTGTTTTTTTGA,no,train
873,TTTTTTTTTTTTTTTTTTTTTGAG,no,train
460,GGCTGGGCGCAGCGGCTCACGCCT,no,train
287,CTTTTTTTTTTTTTTTTTTAATTG,yes,train
150,ATTTTTTTTTCTTTTTCAGAGTTT,no,train
643,TGGCTGGGCCCGGTGGCTCATGCC,yes,train
757,TTTTTATTTTTATTTTATTTTTTA,no,train
734,TTTTCTTTTCTTTTTCTTTTTCTT,no,train
344,GCTGGGCACAGTAGCTCATGCCTG,no,train
371,GGCCAGGCGCGGTGGCTCACGCCT,no,train
403,GGCCGGGCACGGTGACTCATGCCT,yes,train
133,ATTTTGTTTTGTTTTTGTTTTTTG,no,train
719,TTTTATTTATTTATTTTTTGAGAG,yes,train
309,GACTGGGTGCCATGGCTCATGCCT,no,train
595,TGCCGGGCGCGGTGGCTCACGTCT,no,train
297,CTTTTTTTTTTTTTTTTTTTTTTT,yes,train
16,AGCCAGGCGCAGTGGCTCACGCCT,no,train
720,TTTTATTTTACTTTATTTTTTTTG,no,train
176,ATTTTTTTTTTTTTTTTTTTTTTT,yes,train
211,CTCACGCCTGTAATCCCAGCACTT,yes,train
791,TTTTTTGTTTGTTTTTTTGAGACA,no,train
430,GGCCGGTCACGGTGGCTCACGCCT,yes,train
359,GGCCAGGCACAGTGGCTCACACCT,no,train
751,TTTTGTTTTTTGTTGTTGTGGTGG,yes,train
116,ATTTATTTTTATTTTTATTTTTTT,yes,train
847,TTTTTTTTTTTTTTGAGACACAGT,yes,train
23,AGCCGGGCACGGTGGCTCACACCT,yes,train
176,ATTTTTTTTTTTTTTTTTTTTTTT,yes,train
829,TTTTTTTTTTTTAAAGACAGGGTC,no,train
522,GTGAGACAGAGTTTCACTCTGTCG,yes,train
264,CTTTTTTTCATTTTTTTTTTTTTT,yes,train
91,AGGTTGGGCATGGTGGCTCACGCC,no,train
163,ATTTTTTTTTTTTTTTTCAAGACG,yes,train
17,AGCCAGGCGCGGTGGCTCAAGCCT,no,train
272,CTTTTTTTTTTTTGAGACAAGGGT,no,train
674,TTGTTTGTTGTTTTTGAGACAGAG,no,train
266,CTTTTTTTGTTTTCTTTTGGTTTT,no,train
715,TTTGTTTTTGTTTTTTTTGTTTTT,yes,train
594,TGCCGGGCATGGTGGCTTGCACCT,yes,train
751,TTTTGTTTTTTGTTGTTGTGGTGG,no,train
755,TTTTTATTTTATTTATTTATTTAT,no,train
246,CTTTTGTTGTTTTTGAGACGGGGT,no,train
546,GTTTTGTTTTGTTTTTTTTTTTTT,yes,train
22,AGCCAGGTGCGGTGGCTCATGCCT,no,train
688,TTTCCTTTTTTTTTTTTTTCTTTT,yes,train
163,ATTTTTTTTTTTTTTTTCAAGACG,yes,train
837,TTTTTTTTTTTTTCCGAGACAGAG,yes,train
313,GAGACAGTCTTGCTTTGTCGCCAG,yes,train
381,GGCCAGGTATGGTGGCTCATGCCT,no,train
75,AGGCTGGGCATGGTGGCTCATGCC,no,train
31,AGCTGGGCATGGTGGTTCATGCCT,no,train
837,TTTTTTTTTTTTTCCGAGACAGAG,yes,train
510,GGGCTGGGTGTGGTGGCTCATGCC,yes,train
39,AGGACAGGCGCGGTGGCTCACGCC,yes,train
821,TTTTTTTTTTCTTTTTTTTTTTTT,yes,train
176,ATTTTTTTTTTTTTTTTTTTTTTT,yes,train
278,CTTTTTTTTTTTTTTGAGACGGAG,yes,train
534,GTTTCCTTTTTCTTCATTTCTATT,yes,train
719,TTTTATTTATTTATTTTTTGAGAG,yes,train
173,ATTTTTTTTTTTTTTTTTTTTTGA,yes,train
543,GTTTTGTTTTGTTTTGAAAGAACG,yes,train
83,AGGCTGGGTGCGCTGTGGCTCATG,no,train
354,GGCCAAGCATGGTGGCTCACACCT,yes,train
838,TTTTTTTTTTTTTCTTTTTTTCTT,yes,train
875,TTTTTTTTTTTTTTTTTTTTTTTA,yes,train
787,TTTTTTGAGACAAGGTCTTGCTCT,no,train
591,TGCCGAGTGGAGTGGCTCACACCT,yes,train
163,ATTTTTTTTTTTTTTTTCAAGACG,yes,train
793,TTTTTTGTTTTGTTTTTTTTGAGA,no,train
500,GGGCTGGGCACGGTGGCTCATGAC,no,train
243,CTTTTCTTTTCTTTTCTTTCTTTT,yes,train
729,TTTTCTTTCTTTTTTTTTTTTTTT,no,train
420,GGCCGGGCGCGGTGGCTCACGCCT,no,train
456,GGCTGGGCATGGTGGCTCACGCCT,yes,train
838,TTTTTTTTTTTTTCTTTTTTTCTT,no,train
36,AGCTGGGTGTGGTGGCTCATACCT,no,train
879,TTTTTTTTTTTTTTTTTTTTTTTT,no,train
556,GTTTTTTGTTTGTTTGTTTGTTTT,no,train
277,CTTTTTTTTTTTTTTCTTTTTAAG,no,train
310,GACTGGGTGCGGTGGCTCATGCCT,no,train
562,GTTTTTTTCTTTTTCTTTTTGAGA,yes,train
257,CTTTTTTACTTTATTTATTCTAGA,no,train
854,TTTTTTTTTTTTTTTGAGACGGAG,yes,train
430,GGCCGGTCACGGTGGCTCACGCCT,no,train
76,AGGCTGGGCGCGGTGGCTCACACC,yes,train
463,GGCTGGGCGCAGTGGCTCATGCCT,yes,train
148,ATTTTTTTGTTTTTTGGGATGGAG,yes,train
862,TTTTTTTTTTTTTTTTGAGATGGA,yes,train
548,GTTTTGTTTTTTGGGGTTTGTTTT,no,train
91,AGGTTGGGCATGGTGGCTCACGCC,yes,train
538,GTTTTCTTTTCTTTTCTTTTTTTT,no,train
108,ATTTATTTATTTATTTTTGAGACA,yes,train
760,TTTTTCTTATCTTTTTTTTTTTCC,yes,train
368,GGCCAGGCATGGTGGTTCACGCCT,yes,train
815,TTTTTTTTTCTTTTTTCTTTTTTC,no,train
737,TTTTCTTTTTTTCTTTTTTGAGAT,no,train
68,AGGCTGGCCATGTTGGCTCACGCT,no,train
297,CTTTTTTTTTTTTTTTTTTTTTTT,no,train
460,GGCTGGGCGCAGCGGCTCACGCCT,yes,train
464,GGCTGGGCGCGATGGCTCATGTCT,yes,train
61,AGGCCGGGTGCAGTGGATCCCAGC,no,train
547,GTTTTGTTTTTCTTTCTTTTTTTT,yes,train
148,ATTTTTTTGTTTTTTGGGATGGAG,no,train
223,CTTTATTTATTTATTTATTTATGA,no,train
821,TTTTTTTTTTCTTTTTTTTTTTTT,no,train
707,TTTGTGGGATGGAGTTTCACTTGT,no,train
28,AGCTGGACGCAGTAGCTAATGCCT,no,train
443,GGCTGGGCACAGTGGCTCACACCT,yes,train
755,TTTTTATTTTATTTATTTATTTAT,yes,train
145,ATTTTTTTGAGACAGGGTGTCACT,no,train
750,TTTTGTTTTTTCGTTTGTTTCTTT,no,train
454,GGCTGGGCAGGGTGGCTCACCCCT,yes,train
718,TTTTATTCTTTTTTTTTTTTTTTT,no,train
380,GGCCAGGGGCAGTGGTTCATGCCT,no,train
262,CTTTTTTGTTTCGTTGTTTTTCTT,no,train
771,TTTTTGTTTTTGTTGGAGAAGGAG,yes,train
781,TTTTTTATTTTTTTGAGATGGAGT,yes,train
829,TTTTTTTTTTTTAAAGACAGGGTC,yes,train
424,GGCCGGGCGTGGTGGCTCACACCT,yes,train
755,TTTTTATTTTATTTATTTATTTAT,no,train
506,GGGCTGGGTGCAGTGCCTCTCGCC,yes,train
823,TTTTTTTTTTTGAGACAATGTCTC,no,train
401,GGCCGGGCACAGTGGCTCATGCCT,yes,train
314,GAGACCAGCCTGACCAATATGGAG,yes,train
283,CTTTTTTTTTTTTTTTGAGATGGA,yes,train
742,TTTTGTGAGACAGCCTTGCTCTGT,yes,train
223,CTTTATTTATTTATTTATTTATGA,yes,train
161,ATTTTTTTTTTTTTTTAGATGGAG,yes,train
875,TTTTTTTTTTTTTTTTTTTTTTTA,no,train
28,AGCTGGACGCAGTAGCTAATGCCT,no,train
754,TTTTTATTTAGAGACAAGATCTCA,no,train
760,TTTTTCTTATCTTTTTTTTTTTCC,yes,train
218,CTGGGTGCTGTGGCTCATGCTTGT,yes,train
108,ATTTATTTATTTATTTTTGAGACA,yes,train
118,ATTTCCTTCTTTTTTTTTTTGAGA,no,train
130,ATTTTGTATTTATTTATTTATTTA,no,train
767,TTTTTGAGACAGAGTCTCGCTCTT,no,train
406,GGCCGGGCACGGTGGCTCACGCCT,yes,train
460,GGCTGGGCGCAGCGGCTCACGCCT,no,train
192,CCGGGCGCAGTGGCTCATGCCTGT,no,train
79,AGGCTGGGCGTGGTGGCTCACATC,no,train
628,TGGCCGGGCGCGCTGGCTCACGCC,yes,train
839,TTTTTTTTTTTTTGAGACTCAGGA,yes,train
271,CTTTTTTTTTTTTCGAGACACGGT,yes,train
423,GGCCGGGCGCGGTGGCTCATGCCT,yes,train
665,TTCTTTTTTTTTCTTTTGAGACGG,yes,train
529,GTTCTTTTTTTTTTAGACAGCGTT,no,train
8,AGACTGGGCGTGGTGGCTCACGCC,yes,train
754,TTTTTATTTAGAGACAAGATCTCA,yes,train
581,TCCTGGCCAACATGGTGAAACCCC,no,train
670,TTGCCCAGGCTGGAGTGCAGGGCG,no,train
359,GGCCAGGCACAGTGGCTCACACCT,no,train
499,GGGCTGGGCACAGTGGCTTACGCC,no,train
466,GGCTGGGCGTAGTGGCTCACACCT,no,train
534,GTTTCCTTTTTCTTCATTTCTATT,no,train
465,GGCTGGGCGCGGTGGCTCTTGCCT,no,train
286,CTTTTTTTTTTTTTTTTGAGACAA,no,train
108,ATTTATTTATTTATTTTTGAGACA,yes,train
258,CTTTTTTATTTTTATTTTTTTGAG,yes,train
264,CTTTTTTTCATTTTTTTTTTTTTT,yes,train
28,AGCTGGACGCAGTAGCTAATGCCT,no,train
336,GCCGGGCGTGGTGGCTCACGCCTG,yes,train
387,GGCCAGGTGCGGTGGCTCACACCT,yes,train
254,CTTTTTGAGACGAGGTCTCACTGT,yes,train
9,AGAGTCTCACTTTGTTGCCCAGGC,yes,train
757,TTTTTATTTTTATTTTATTTTTTA,yes,train
527,GTTCTTGTTTTTGTTTTGTTTTTT,yes,train
754,TTTTTATTTAGAGACAAGATCTCA,yes,train
151,ATTTTTTTTTCTTTTTCTTGTTTT,yes,train
47,AGGCCAGGCGTGGTGGCTCATGCC,no,train
283,CTTTTTTTTTTTTTTTGAGATGGA,no,train
380,GGCCAGGGGCAGTGGTTCATGCCT,no,train
380,GGCCAGGGGCAGTGGTTCATGCCT,no,train
875,TTTTTTTTTTTTTTTTTTTTTTTA,yes,train
544,GTTTTGTTTTGTTTTTTGTTTTGA,yes,train
460,GGCTGGGCGCAGCGGCTCACGCCT,yes,train
8,AGACTGGGCGTGGTGGCTCACGCC,no,train
526,GTGGCTCATGCCTGTAATCCCAGC,no,train
264,CTTTTTTTCATTTTTTTTTTTTTT,yes,train
435,GGCGGGGTGTGGTGGCTCATGCCT,yes,train
42,AGGCAGGGTGCAGTGGCTCACGCC,no,train
871,TTTTTTTTTTTTTTTTTTTTGAGG,no,train
717,TTTTACTTTTTTTTTTTTTTGGGA,no,train
309,GACTGGGTGCCATGGCTCATGCCT,yes,train
227,CTTTCTCACTCAGGCTGCAGTGAG,no,train
676,TTGTTTTTTTTTAATTTTTTAATT,yes,train
151,ATTTTTTTTTCTTTTTCTTGTTTT,no,train
102,ATTCTTTTTGAGACAGAGTCTCTG,no,train
379,GGCCAGGGGCAGTGGCTCACGCCT,yes,train
776,TTTTTTATTTGTGTTTTTGTTTGT,yes,train
254,CTTTTTGAGACGAGGTCTCACTGT,yes,train
277,CTTTTTTTTTTTTTTCTTTTTAAG,no,train
104,ATTCTTTTTTTTTTTCTTCTTTGA,no,train
297,CTTTTTTTTTTTTTTTTTTTTTTT,yes,train
411,GGCCGGGCGCAGTGGCCCACACCT,yes,train
512,GGGGGCAGAGGTGGGCGGATCACC,yes,train
235,CTTTGTTTTTGTTTTTGTCTTTTG,yes,train
172,ATTTTTTTTTTTTTTTTTTTGTGA,no,train
397,GGCCGGCAAGGTGGCTCACGCCTG,yes,train
314,GAGACCAGCCTGACCAATATGGAG,yes,train
258,CTTTTTTATTTTTATTTTTTTGAG,no,train
47,AGGCCAGGCGTGGTGGCTCATGCC,no,train
545,GTTTTGTTTTGTTTTTTTGAGACA,no,train
535,GTTTTACTTTTTTTTTTTTTTTTT,yes,train
562,GTTTTTTTCTTTTTCTTTTTGAGA,no,train
707,TTTGTGGGATGGAGTTTCACTTGT,no,train
688,TTTCCTTTTTTTTTTTTTTCTTTT,yes,train
534,GTTTCCTTTTTCTTCATTTCTATT,yes,train
231,CTTTCTTTTTTTTTTTTTTTTTTT,no,train
829,TTTTTTTTTTTTAAAGACAGGGTC,yes,train
105,ATTCTTTTTTTTTTTTTGAGATGG,yes,train
666,TTCTTTTTTTTTTTGAGACGGAGT,yes,train
464,GGCTGGGCGCGATGGCTCATGTCT,yes,train
297,CTTTTTTTTTTTTTTTTTTTTTTT,no,train
459,GGCTGGGCCCGGTGGCTCATGCCT,yes,train
707,TTTGTGGGATGGAGTTTCACTTGT,no,train
395,GGCCGAGCGCAGTGGCTCACGCCT,yes,train
771,TTTTTGTTTTTGTTGGAGAAGGAG,yes,train
8,AGACTGGGCGTGGTGGCTCACGCC,no,train
620,TGGCCGGGCACAGTGGCTCACGCC,no,train
363,GGCCAGGCACGGTGGCTCACGCCT,yes,train
216,CTGGGCTCAGTGGCTCACACCTGT,yes,train
113,ATTTATTTTATTTTTCTGAGATGG,no,train
297,CTTTTTTTTTTTTTTTTTTTTTTT,no,train
133,ATTTTGTTTTGTTTTTGTTTTTTG,no,train
875,TTTTTTTTTTTTTTTTTTTTTTTA,yes,train
39,AGGACAGGCGCGGTGGCTCACGCC,no,train
237,CTTTTATTGTTTTTTGAGACGGAG,no,train
548,GTTTTGTTTTTTGGGGTTTGTTTT,no,train
406,GGCCGGGCACGGTGGCTCACGCCT,no,train
39,AGGACAGGCGCGGTGGCTCACGCC,yes,train
350,GGCAAGGCATGGTGGCTCATGCCT,yes,train
42,AGGCAGGGTGCAGTGGCTCACGCC,yes,train
688,TTTCCTTTTTTTTTTTTTTCTTTT,yes,train
75,AGGCTGGGCATGGTGGCTCATGCC,yes,train
216,CTGGGCTCAGTGGCTCACACCTGT,no,train
534,GTTTCCTTTTTCTTCATTTCTATT,yes,train
717,TTTTACTTTTTTTTTTTTTTGGGA,no,train
519,GGTTGGGCATGGTAGCTCACACCT,yes,train
575,TAGTGCAATGGCGCAATCCTGGCT,yes,train
496,GGGCCGGGTGCAGTGACTCACGCC,no,train
364,GGCCAGGCACGGTGGGTCACGCCT,no,train
173,ATTTTTTTTTTTTTTTTTTTTTGA,yes,train
451,GGCTGGGCACGGTGGCTCATGCCT,yes,train
84,AGGCTGGGTGCTATGGCTCACGTC,no,train
757,TTTTTATTTTTATTTTATTTTTTA,yes,train
171,ATTTTTTTTTTTTTTTTTTTGAGG,no,train
273,CTTTTTTTTTTTTTGAGACAGAAT,no,train
751,TTTTGTTTTTTGTTGTTGTGGTGG,yes,train
196,CGCAGAGGCAGGCGGATCACTTGA,no,train
254,CTTTTTGAGACGAGGTCTCACTGT,yes,train
75,AGGCTGGGCATGGTGGCTCATGCC,yes,train
815,TTTTTTTTTCTTTTTTCTTTTTTC,yes,train
373,GGCCAGGCGCGGTGGCTCATCCCT,yes,train
172,ATTTTTTTTTTTTTTTTTTTGTGA,yes,train
220,CTTCTTTTTTTTTTTTCTTTTGAG,no,train
780,TTTTTTATTTTTTGAGGTGGAGTC,no,train
554,GTTTTTTCTTTTTTGTTTTTTGTT,no,train
61,AGGCCGGGTGCAGTGGATCCCAGC,yes,train
604,TGGCCAGGCACAGTAACTCCTGCC,no,train
29,AGCTGGGCACGTGGCTCACACCTG,yes,train
460,GGCTGGGCGCAGCGGCTCACGCCT,yes,train
804,TTTTTTTGTTTGTTTTTGAGGCGG,yes,train
12,AGCCAGATGTGGTGACATGAACCA,no,train
104,ATTCTTTTTTTTTTTCTTCTTTGA,no,train
254,CTTTTTGAGACGAGGTCTCACTGT,yes,train
718,TTTTATTCTTTTTTTTTTTTTTTT,yes,train
292,CTTTTTTTTTTTTTTTTTTTTTAC,no,train
304,GACCAGGTGTGGTGGCTCACACCA,no,train
355,GGCCAGACGTGGTGGCTCACGCCT,no,train
130,ATTTTGTATTTATTTATTTATTTA,no,train
790,TTTTTTGTTTGTTTTTTGGAGACA,yes,train
503,GGGCTGGGCCCATTAGCTCACACC,yes,train
823,TTTTTTTTTTTGAGACAATGTCTC,no,train
74,AGGCTGGGCATGGTGGCTCACGCC,no,train
423,GGCCGGGCGCGGTGGCTCATGCCT,no,train
85,AGGCTGGGTGTGGTGGCTCACGCC,yes,train
632,TGGCCGGGCGCGGTGGCTCATGCC,no,train
330,GCCAGGTGTGGTGGCTCACGCCTC,yes,train
604,TGGCCAGGCACAGTAACTCCTGCC,yes,train
804,TTTTTTTGTTTGTTTTTGAGGCGG,yes,train
718,TTTTATTCTTTTTTTTTTTTTTTT,no,train
457,GGCTGGGCATGGTGGTTCACACCT,yes,train
847,TTTTTTTTTTTTTTGAGACACAGT,no,train
326,GCCAGGCATGGTGGCTCATGCCTA,no,train
780,TTTTTTATTTTTTGAGGTGGAGTC,no,train
384,GGCCAGGTGCAGTGGCTCACGCCT,no,train
186,CCAGGCGCGGTGGCTCACACCTAT,yes,train
401,GGCCGGGCACAGTGGCTCATGCCT,no,train
366,GGCCAGGCATGGTGGCTCACACCT,no,train
661,TTCTTTTGTTTTTTTGAGATGGAG,yes,train
670,TTGCCCAGGCTGGAGTGCAGGGCG,yes,train
108,ATTTATTTATTTATTTTTGAGACA,yes,train
465,GGCTGGGCGCGGTGGCTCTTGCCT,yes,train
423,GGCCGGGCGCGGTGGCTCATGCCT,no,train
412,GGCCGGGCGCAGTGGCTCACACCT,no,train
16,AGCCAGGCGCAGTGGCTCACGCCT,no,train
510,GGGCTGGGTGTGGTGGCTCATGCC,yes,train
479,GGCTTGGTGCAGTGACGACACACC,yes,train
110,ATTTATTTATTTTTGAGACAGGGT,yes,train
445,GGCTGGGCACAGTGGCTCATGCCT,no,train
809,TTTTTTTTCTTTTTTTTTCTTTTT,yes,train
31,AGCTGGGCATGGTGGTTCATGCCT,no,train
769,TTTTTGTTTGTTTGTTTGTTTGTT,no,train
131,ATTTTGTTGTTGTTATTTGTTTCT,yes,train
372,GGCCAGGCGCGGTGGCTCACGCCT,no,train
504,GGGCTGGGCGCGGTGGCTCTCGCC,yes,train
237,CTTTTATTGTTTTTTGAGACGGAG,no,train
63,AGGCCGGGTGCTGTGGCTCACACC,yes,train
755,TTTTTATTTTATTTATTTATTTAT,yes,train
594,TGCCGGGCATGGTGGCTTGCACCT,yes,train
376,GGCCAGGCTCTGTGACTCACGCCT,no,train
632,TGGCCGGGCGCGGTGGCTCATGCC,no,train
537,GTTTTCTTCTGTTTTCTTATATTT,no,train
628,TGGCCGGGCGCGCTGGCTCACGCC,yes,train
42,AGGCAGGGTGCAGTGGCTCACGCC,yes,train
513,GGGTTGGGCACGGTGGCGCATGCC,yes,train
432,GGCCTGGCACAGTGGCTCATGCCT,yes,train
562,GTTTTTTTCTTTTTCTTTTTGAGA,no,train
503,GGGCTGGGCCCATTAGCTCACACC,yes,train
531,GTTGTTTGTCTGCTTGTTTGCGAC,yes,train
804,TTTTTTTGTTTGTTTTTGAGGCGG,no,train
715,TTTGTTTTTGTTTTTTTTGTTTTT,no,train
356,GGCCAGAGACTGTGGCTCATGCCT,no,train
260,CTTTTTTCTTTCTTTTTTTGAGAT,no,train
660,TTCTTTTATTTTTTTTGAGATGGA,yes,train
76,AGGCTGGGCGCGGTGGCTCACACC,yes,train
462,GGCTGGGCGCAGTGGCTCACTCCT,yes,train
531,GTTGTTTGTCTGCTTGTTTGCGAC,yes,train
608,TGGCCAGGCATAATGGCTTATGCC,yes,train
369,GGCCAGGCCCAGTGGCTCACACCT,no,train
505,GGGCTGGGTGCAGTCGCTCACGCC,no,train
54,AGGCCGGGCACTGTGGCTTACACA,yes,train
556,GTTTTTTGTTTGTTTGTTTGTTTT,yes,train
837,TTTTTTTTTTTTTCCGAGACAGAG,yes,train
116,ATTTATTTTTATTTTTATTTTTTT,no,train
672,TTGTTATTTTTTATTTTTATTTTT,no,train
74,AGGCTGGGCATGGTGGCTCACGCC,no,train
76,AGGCTGGGCGCGGTGGCTCACACC,no,train
742,TTTTGTGAGACAGCCTTGCTCTGT,yes,train
504,GGGCTGGGCGCGGTGGCTCTCGCC,yes,train
200,CGCTGGGTACAGTTGCTTACACCT,no,train
774,TTTTTTAAGATGGAATCTTGCTCT,yes,train
532,GTTGTTTTGTTTTGTTTTGAGACA,yes,train
53,AGGCCGGGCACGGTGGCTCACACC,yes,train
312,GAGACAGGTTCTTGATCTGTCACT,no,train
68,AGGCTGGCCATGTTGGCTCACGCT,yes,train
9,AGAGTCTCACTTTGTTGCCCAGGC,no,train
91,AGGTTGGGCATGGTGGCTCACGCC,yes,train
187,CCAGGTGCAGTGGCTCATGCCTGT,yes,train
132,ATTTTGTTTTGTTTTGGTTTTTTG,yes,train
147,ATTTTTTTGTTGTTGTTGTGACTG,yes,train
250,CTTTTTATTTTTTTGAGACAGTCT,yes,train
381,GGCCAGGTATGGTGGCTCATGCCT,no,train
356,GGCCAGAGACTGTGGCTCATGCCT,yes,train
404,GGCCGGGCACGGTGGCTCACCTGT,yes,train
757,TTTTTATTTTTATTTTATTTTTTA,yes,train
632,TGGCCGGGCGCGGTGGCTCATGCC,no,train
110,ATTTATTTATTTTTGAGACAGGGT,no,train
277,CTTTTTTTTTTTTTTCTTTTTAAG,yes,train
431,GGCCGGTCGTGGTGGCTCATGCCT,no,train
99,ATTATTATTATTATTTTATTTTAT,no,train
506,GGGCTGGGTGCAGTGCCTCTCGCC,yes,train
348,GCTGGGTGGGGTGGCTCACACCCG,no,train
162,ATTTTTTTTTTTTTTTGCGATGAA,yes,train
410,GGCCGGGCGCAATGGCTCGCGCCT,yes,train
695,TTTCTTTTCTTTCCTTTCTTTTTT,yes,train
176,ATTTTTTTTTTTTTTTTTTTTTTT,yes,train
85,AGGCTGGGTGTGGTGGCTCACGCC,yes,train
839,TTTTTTTTTTTTTGAGACTCAGGA,yes,train
401,GGCCGGGCACAGTGGCTCATGCCT,yes,train
672,TTGTTATTTTTTATTTTTATTTTT,yes,train
530,GTTCTTTTTTTTTTTTTTTTTTTC,no,train
632,TGGCCGGGCGCGGTGGCTCATGCC,yes,train
642,TGGCTGGGCATGGTGGGTGCCTGT,no,train
529,GTTCTTTTTTTTTTAGACAGCGTT,yes,train
192,CCGGGCGCAGTGGCTCATGCCTGT,yes,train
875,TTTTTTTTTTTTTTTTTTTTTTTA,yes,train
9,AGAGTCTCACTTTGTTGCCCAGGC,yes,train
261,CTTTTTTCTTTTTCTTTTTCTTTT,no,train
706,TTTGAGATGGAGTCTTGCTTCATT,yes,train
8,AGACTGGGCGTGGTGGCTCACGCC,no,train
499,GGGCTGGGCACAGTGGCTTACGCC,yes,train
192,CCGGGCGCAGTGGCTCATGCCTGT,yes,train
99,ATTATTATTATTATTTTATTTTAT,yes,train
675,TTGTTTTTTGTTTTTTTGTTTTTT,yes,train
672,TTGTTATTTTTTATTTTTATTTTT,no,train
616,TGGCCAGGCGTAGTGGCTCATGCC,no,train
281,CTTTTTTTTTTTTTTGAGATGGAG,no,train
781,TTTTTTATTTTTTTGAGATGGAGT,yes,train
781,TTTTTTATTTTTTTGAGATGGAGT,no,train
799,TTTTTTTGGTTTTTGTTTTGTTTT,no,train
697,TTTCTTTTTTCTGGAGACGGAGTT,yes,train
862,TTTTTTTTTTTTTTTTGAGATGGA,no,train
375,GGCCAGGCGTGGTGGCTCATGCCT,yes,train
744,TTTTGTTTGTTTGTTTGTTTTGAG,yes,train
355,GGCCAGACGTGGTGGCTCACGCCT,yes,train
357,GGCCAGGCACAATGGCTCACACCT,no,train
535,GTTTTACTTTTTTTTTTTTTTTTT,yes,train
456,GGCTGGGCATGGTGGCTCACGCCT,yes,train
351,GGCACGGTGGCTCACGCCTGTAAT,yes,train
500,GGGCTGGGCACGGTGGCTCATGAC,no,train
365,GGCCAGGCACTGTGACTCATACCT,yes,train
545,GTTTTGTTTTGTTTTTTTGAGACA,no,train
161,ATTTTTTTTTTTTTTTAGATGGAG,no,train
452,GGCTGGGCACGGTGGCTCGTGCTT,no,train
789,TTTTTTGTGATTTTTTTTTTTTCG,no,train
235,CTTTGTTTTTGTTTTTGTCTTTTG,no,train
718,TTTTATTCTTTTTTTTTTTTTTTT,no,train
457,GGCTGGGCATGGTGGTTCACACCT,no,train
516,GGTCGGGCACGGTGGCTCATGCCT,yes,train
425,GGCCGGGCGTGGTGGCTCACACCT,yes,train
768,TTTTTGGTTTTTTTTGTTTTTTTT,yes,train
357,GGCCAGGCACAATGGCTCACACCT,no,train
378,GGCCAGGGATGTTGGCTCACATCT,no,train
262,CTTTTTTGTTTCGTTGTTTTTCTT,no,train
678,TTTATTATTATTTTTTGAGATGGA,no,train
258,CTTTTTTATTTTTATTTTTTTGAG,yes,train
322,GCCAGGCACGGTGGCTCACGCCTG,no,train
238,CTTTTCGTTGTTGTTGAGACAGGG,yes,train
171,ATTTTTTTTTTTTTTTTTTTGAGG,no,train
823,TTTTTTTTTTTGAGACAATGTCTC,no,train
506,GGGCTGGGTGCAGTGCCTCTCGCC,yes,train
225,CTTTATTTTATTTTCATTTTTTGG,no,train
660,TTCTTTTATTTTTTTTGAGATGGA,no,train
504,GGGCTGGGCGCGGTGGCTCTCGCC,yes,train
165,ATTTTTTTTTTTTTTTTGAGACAG,yes,train
750,TTTTGTTTTTTCGTTTGTTTCTTT,no,train
674,TTGTTTGTTGTTTTTGAGACAGAG,yes,train
14,AGCCAGGCATGGTGGTTCACACCT,yes,train
146,ATTTTTTTGGACATGGCCTTGCTC,yes,train
38,AGCTGGGTGTTTTGGCTCAGGCCT,yes,train
187,CCAGGTGCAGTGGCTCATGCCTGT,yes,train
404,GGCCGGGCACGGTGGCTCACCTGT,yes,train
839,TTTTTTTTTTTTTGAGACTCAGGA,yes,train
224,CTTTATTTTAATTATTATTATTTT,yes,train
582,TCTCTCTTTTTTTTTTTTTTGAGA,yes,train
87,AGGCTGTTGCTCTGTCACCCAGGA,no,train
829,TTTTTTTTTTTTAAAGACAGGGTC,yes,train
286,CTTTTTTTTTTTTTTTTGAGACAA,no,train
755,TTTTTATTTTATTTATTTATTTAT,yes,train
227,CTTTCTCACTCAGGCTGCAGTGAG,no,train
877,TTTTTTTTTTTTTTTTTTTTTTTT,no,train
776,TTTTTTATTTGTGTTTTTGTTTGT,no,train
22,AGCCAGGTGCGGTGGCTCATGCCT,no,train
12,AGCCAGATGTGGTGACATGAACCA,yes,train
259,CTTTTTTCTTTATTTTTTTTTAGA,no,train
496,GGGCCGGGTGCAGTGACTCACGCC,yes,train
43,AGGCCAGACACAATGGCTCATGCT,no,train
464,GGCTGGGCGCGATGGCTCATGTCT,no,train
175,ATTTTTTTTTTTTTTTTTTTTTTG,yes,train
344,GCTGGGCACAGTAGCTCATGCCTG,no,train
422,GGCCGGGCGCGGTGGCTCAGGCCT,no,train
707,TTTGTGGGATGGAGTTTCACTTGT,no,train
256,CTTTTTGATTGATTGTTTGTTATG,no,train
825,TTTTTTTTTTTGAGACGGAGTCTC,yes,train
246,CTTTTGTTGTTTTTGAGACGGGGT,no,train
346,GCTGGGCATGGTGGCTCATGCCTG,yes,train
238,CTTTTCGTTGTTGTTGAGACAGGG,no,train
752,TTTTGTTTTTTTTTTGTTGTTGTT,no,train
714,TTTGTTTTGTTTTTTGTTTTGAGA,yes,train
400,GGCCGGGCACAGTGGCTCACGCCT,yes,train
718,TTTTATTCTTTTTTTTTTTTTTTT,yes,train
14,AGCCAGGCATGGTGGTTCACACCT,no,train
451,GGCTGGGCACGGTGGCTCATGCCT,yes,train
231,CTTTCTTTTTTTTTTTTTTTTTTT,no,train
258,CTTTTTTATTTTTATTTTTTTGAG,no,train
237,CTTTTATTGTTTTTTGAGACGGAG,no,train
476,GGCTGGGTGCGGTGGCTCACGCCT,no,train
49,AGGCCAGGTGTGGTAGCTCACGCC,no,train
237,CTTTTATTGTTTTTTGAGACGGAG,no,train
696,TTTCTTTTTTCTAAGACAGAGTCT,no,train
353,GGCCAAACATGGTGCCCCACGCCT,no,train
154,ATTTTTTTTTTTGAGATGGAGTCT,yes,train
625,TGGCCGGGCATGGTGGCTCACGCC,no,train
808,TTTTTTTTCTTTTTCTTTTTCTTT,no,train
24,AGCCGGGCATGGTGGCTCACGCCC,no,train
544,GTTTTGTTTTGTTTTTTGTTTTGA,yes,train
546,GTTTTGTTTTGTTTTTTTTTTTTT,no,train
223,CTTTATTTATTTATTTATTTATGA,no,train
375,GGCCAGGCGTGGTGGCTCATGCCT,yes,train
512,GGGGGCAGAGGTGGGCGGATCACC,no,train
390,GGCCAGGTGTAGCGGCCCACACCT,no,train
492,GGGCCAGGTGTGGTGGCTCACGCC,no,train
594,TGCCGGGCATGGTGGCTTGCACCT,yes,train
150,ATTTTTTTTTCTTTTTCAGAGTTT,no,train
717,TTTTACTTTTTTTTTTTTTTGGGA,no,train
752,TTTTGTTTTTTTTTTGTTGTTGTT,no,train
505,GGGCTGGGTGCAGTCGCTCACGCC,yes,train
130,ATTTTGTATTTATTTATTTATTTA,no,train
204,CGGCCGGGCGCGGTGGCTCACGCC,no,train
747,TTTTGTTTTGTTTTTTTTTTAAGA,yes,train
79,AGGCTGGGCGTGGTGGCTCACATC,yes,train
238,CTTTTCGTTGTTGTTGAGACAGGG,no,train
329,GCCAGGTGCGGTGGCTCATGCCTG,no,train
274,CTTTTTTTTTTTTTGAGACGGAGT,yes,train
155,ATTTTTTTTTTTTTGAGACAGAGT,yes,train
153,ATTTTTTTTTTTGACAGAGTCTTG,yes,train
297,CTTTTTTTTTTTTTTTTTTTTTTT,yes,train
84,AGGCTGGGTGCTATGGCTCACGTC,no,train
147,ATTTTTTTGTTGTTGTTGTGACTG,yes,train
336,GCCGGGCGTGGTGGCTCACGCCTG,yes,train
704,TTTGAGACAGAGTTTTGCTCTTAT,yes,train
356,GGCCAGAGACTGTGGCTCATGCCT,no,train
873,TTTTTTTTTTTTTTTTTTTTTGAG,no,train
666,TTCTTTTTTTTTTTGAGACGGAGT,yes,train
33,AGCTGGGCGCAGTGGCTCACGCCT,yes,train
373,GGCCAGGCGCGGTGGCTCATCCCT,yes,train
543,GTTTTGTTTTGTTTTGAAAGAACG,no,train
657,TTATTTTTATTTTTATTTTTTATT,no,train
790,TTTTTTGTTTGTTTTTTGGAGACA,no,train
562,GTTTTTTTCTTTTTCTTTTTGAGA,yes,train
42,AGGCAGGGTGCAGTGGCTCACGCC,yes,train
527,GTTCTTGTTTTTGTTTTGTTTTTT,yes,train
406,GGCCGGGCACGGTGGCTCACGCCT,no,train
310,GACTGGGTGCGGTGGCTCATGCCT,yes,train
239,CTTTTCTCTTCTTTTTTCTTTTCT,no,train
801,TTTTTTTGTTTATGTGTTTGTTTT,yes,train
595,TGCCGGGCGCGGTGGCTCACGTCT,yes,train
715,TTTGTTTTTGTTTTTTTTGTTTTT,yes,train
710,TTTGTTTGTTTAGAGATAGGATCT,no,train
815,TTTTTTTTTCTTTTTTCTTTTTTC,no,train
760,TTTTTCTTATCTTTTTTTTTTTCC,yes,train
763,TTTTTCTTTGAGACAGAGTCACTC,yes,train
309,GACTGGGTGCCATGGCTCATGCCT,no,train
468,GGCTGGGCGTGGTGGCTCACGCCT,no,train
373,GGCCAGGCGCGGTGGCTCATCCCT,yes,train
623,TGGCCGGGCACGGTGGCTCACACC,yes,train
500,GGGCTGGGCACGGTGGCTCATGAC,no,train
799,TTTTTTTGGTTTTTGTTTTGTTTT,no,train
704,TTTGAGACAGAGTTTTGCTCTTAT,no,train
848,TTTTTTTTTTTTTTGAGACAGAGT,no,train
571,GTTTTTTTTTTTTTTTTTTTAGAT,no,train
13,AGCCAGGCATGGTGGCTCATGCCT,no,train
591,TGCCGAGTGGAGTGGCTCACACCT,no,train
191,CCGGGCACGGTGGCTCACACCTGT,no,train
459,GGCTGGGCCCGGTGGCTCATGCCT,yes,train
238,CTTTTCGTTGTTGTTGAGACAGGG,no,train
875,TTTTTTTTTTTTTTTTTTTTTTTA,yes,train
871,TTTTTTTTTTTTTTTTTTTTGAGG,yes,train
865,TTTTTTTTTTTTTTTTTGAGACAG,yes,train
136,ATTTTTGTATTTTTCCTTTTTTTT,no,train
706,TTTGAGATGGAGTCTTGCTTCATT,no,train
161,ATTTTTTTTTTTTTTTAGATGGAG,yes,train
254,CTTTTTGAGACGAGGTCTCACTGT,no,train
24,AGCCGGGCATGGTGGCTCACGCCC,yes,train
174,ATTTTTTTTTTTTTTTTTTTTTTG,yes,train
581,TCCTGGCCAACATGGTGAAACCCC,no,train
489,GGGCCAGGCGGTGGCTCACGCTTG,no,train
36,AGCTGGGTGTGGTGGCTCATACCT,no,train
354,GGCCAAGCATGGTGGCTCACACCT,yes,train
224,CTTTATTTTAATTATTATTATTTT,yes,train
776,TTTTTTATTTGTGTTTTTGTTTGT,yes,train
406,GGCCGGGCACGGTGGCTCACGCCT,yes,train
754,TTTTTATTTAGAGACAAGATCTCA,yes,train
14,AGCCAGGCATGGTGGTTCACACCT,no,train
488,GGGCCAGGCGCTGTGGCTCACACC,yes,train
133,ATTTTGTTTTGTTTTTGTTTTTTG,yes,train
719,TTTTATTTATTTATTTTTTGAGAG,yes,train
296,CTTTTTTTTTTTTTTTTTTTTTTT,yes,train
803,TTTTTTTGTTTGTTTGTTTTGAGA,no,train
851,TTTTTTTTTTTTTTGAGATGGAGT,yes,train
200,CGCTGGGTACAGTTGCTTACACCT,no,train
96,AGTTTGTTTGTTTGTTTGTTTGTT,no,train
110,ATTTATTTATTTTTGAGACAGGGT,yes,train
346,GCTGGGCATGGTGGCTCATGCCTG,yes,train
678,TTTATTATTATTTTTTGAGATGGA,no,train
271,CTTTTTTTTTTTTCGAGACACGGT,no,train
258,CTTTTTTATTTTTATTTTTTTGAG,no,train
525,GTGGCACTATCATAGTTCACTATA,yes,train
378,GGCCAGGGATGTTGGCTCACATCT,yes,train
165,ATTTTTTTTTTTTTTTTGAGACAG,no,train
400,GGCCGGGCACAGTGGCTCACGCCT,no,train
551,GTTTTTGAGGCAGGTCGGTCACCC,no,train
278,CTTTTTTTTTTTTTTGAGACGGAG,no,train
124,ATTTTATTTTATTATTTTTTTTTA,no,train
757,TTTTTATTTTTATTTTATTTTTTA,yes,train
347,GCTGGGCGTGGTGGCTCACGCCTA,no,train
423,GGCCGGGCGCGGTGGCTCATGCCT,yes,train
838,TTTTTTTTTTTTTCTTTTTTTCTT,yes,train
216,CTGGGCTCAGTGGCTCACACCTGT,yes,train
231,CTTTCTTTTTTTTTTTTTTTTTTT,no,train
618,TGGCCCGATGCAGTGGCTCATGCC,no,train
355,GGCCAGACGTGGTGGCTCACGCCT,yes,train
200,CGCTGGGTACAGTTGCTTACACCT,no,train
496,GGGCCGGGTGCAGTGACTCACGCC,yes,train
163,ATTTTTTTTTTTTTTTTCAAGACG,yes,train
545,GTTTTGTTTTGTTTTTTTGAGACA,no,train
423,GGCCGGGCGCGGTGGCTCATGCCT,no,train
839,TTTTTTTTTTTTTGAGACTCAGGA,yes,train
45,AGGCCAGGCACAGTGGCTCACGCC,yes,train
675,TTGTTTTTTGTTTTTTTGTTTTTT,no,train
809,TTTTTTTTCTTTTTTTTTCTTTTT,yes,train
386,GGCCAGGTGCAGTGGCTCATTCCT,yes,train
158,ATTTTTTTTTTTTTTAATTTTGTT,no,train
410,GGCCGGGCGCAATGGCTCGCGCCT,yes,train
262,CTTTTTTGTTTCGTTGTTTTTCTT,no,train
8,AGACTGGGCGTGGTGGCTCACGCC,no,train
628,TGGCCGGGCGCGCTGGCTCACGCC,yes,train
460,GGCTGGGCGCAGCGGCTCACGCCT,no,train
250,CTTTTTATTTTTTTGAGACAGTCT,yes,train
522,GTGAGACAGAGTTTCACTCTGTCG,yes,train
99,ATTATTATTATTATTTTATTTTAT,no,train
799,TTTTTTTGGTTTTTGTTTTGTTTT,yes,train
29,AGCTGGGCACGTGGCTCACACCTG,no,train
808,TTTTTTTTCTTTTTCTTTTTCTTT,no,train
173,ATTTTTTTTTTTTTTTTTTTTTGA,no,train
87,AGGCTGTTGCTCTGTCACCCAGGA,yes,train
618,TGGCCCGATGCAGTGGCTCATGCC,no,train
306,GACCGGGCGTAGTGGCTCACGCCT,no,train
376,GGCCAGGCTCTGTGACTCACGCCT,yes,train
562,GTTTTTTTCTTTTTCTTTTTGAGA,yes,train
320,GCAGTGGCCCACGCCTGTAATCCC,no,train
445,GGCTGGGCACAGTGGCTCATGCCT,no,train
547,GTTTTGTTTTTCTTTCTTTTTTTT,yes,train
513,GGGTTGGGCACGGTGGCGCATGCC,no,train
739,TTTTGAAATGGAGTTTTGCTCAGT,no,train
366,GGCCAGGCATGGTGGCTCACACCT,no,train
404,GGCCGGGCACGGTGGCTCACCTGT,yes,train
155,ATTTTTTTTTTTTTGAGACAGAGT,no,train
288,CTTTTTTTTTTTTTTTTTTGAGAC,no,train
102,ATTCTTTTTGAGACAGAGTCTCTG,no,train
105,ATTCTTTTTTTTTTTTTGAGATGG,yes,train
33,AGCTGGGCGCAGTGGCTCACGCCT,no,train
710,TTTGTTTGTTTAGAGATAGGATCT,no,train
471,GGCTGGGTGCAATGGCTCACACCT,yes,train
35,AGCTGGGTGCGGTGGCTCACACCT,no,train
731,TTTTCTTTTCTTGTGTGTTTTTTT,no,train
675,TTGTTTTTTGTTTTTTTGTTTTTT,yes,train
835,TTTTTTTTTTTTGAGAGAGTTTTG,no,train
506,GGGCTGGGTGCAGTGCCTCTCGCC,no,train
695,TTTCTTTTCTTTCCTTTCTTTTTT,no,train
684,TTTATTTTTAATTTTATTTTTGAG,yes,train
591,TGCCGAGTGGAGTGGCTCACACCT,no,train
804,TTTTTTTGTTTGTTTTTGAGGCGG,yes,train
124,ATTTTATTTTATTATTTTTTTTTA,yes,train
110,ATTTATTTATTTTTGAGACAGGGT,yes,train
189,CCCAGCCTGGGCAACATAGGGAGA,yes,train
166,ATTTTTTTTTTTTTTTTGAGAGGA,no,train
26,AGCCGGGCGCGGTGGCTCACGCCT,no,train
116,ATTTATTTTTATTTTTATTTTTTT,yes,train
575,TAGTGCAATGGCGCAATCCTGGCT,yes,train
343,GCTGGGCACAATGGTTCACACCTG,no,train
701,TTTCTTTTTTTTTTTTTTTTTTTT,yes,train
372,GGCCAGGCGCGGTGGCTCACGCCT,no,train
280,CTTTTTTTTTTTTTTGAGAGGGAG,no,train
717,TTTTACTTTTTTTTTTTTTTGGGA,no,train
166,ATTTTTTTTTTTTTTTTGAGAGGA,yes,train
350,GGCAAGGCATGGTGGCTCATGCCT,yes,train
752,TTTTGTTTTTTTTTTGTTGTTGTT,no,train
187,CCAGGTGCAGTGGCTCATGCCTGT,no,train
548,GTTTTGTTTTTTGGGGTTTGTTTT,no,train
754,TTTTTATTTAGAGACAAGATCTCA,yes,train
616,TGGCCAGGCGTAGTGGCTCATGCC,yes,train
787,TTTTTTGAGACAAGGTCTTGCTCT,no,train
515,GGTCAGGCACAGTGGCTTACACCT,yes,train
848,TTTTTTTTTTTTTTGAGACAGAGT,yes,train
675,TTGTTTTTTGTTTTTTTGTTTTTT,yes,train
657,TTATTTTTATTTTTATTTTTTATT,no,train
575,TAGTGCAATGGCGCAATCCTGGCT,no,train
858,TTTTTTTTTTTTTTTTGAGACAGG,no,train
171,ATTTTTTTTTTTTTTTTTTTGAGG,no,train
287,CTTTTTTTTTTTTTTTTTTAATTG,yes,train
763,TTTTTCTTTGAGACAGAGTCACTC,no,train
290,CTTTTTTTTTTTTTTTTTTTAATT,no,train
463,GGCTGGGCGCAGTGGCTCATGCCT,yes,train
330,GCCAGGTGTGGTGGCTCACGCCTC,yes,train
731,TTTTCTTTTCTTGTGTGTTTTTTT,yes,train
136,ATTTTTGTATTTTTCCTTTTTTTT,yes,train
666,TTCTTTTTTTTTTTGAGACGGAGT,yes,train
752,TTTTGTTTTTTTTTTGTTGTTGTT,no,train
373,GGCCAGGCGCGGTGGCTCATCCCT,no,train
163,ATTTTTTTTTTTTTTTTCAAGACG,yes,train
383,GGCCAGGTGCAGTGGCTCACATCT,yes,train
737,TTTTCTTTTTTTCTTTTTTGAGAT,yes,train
91,AGGTTGGGCATGGTGGCTCACGCC,no,train
165,ATTTTTTTTTTTTTTTTGAGACAG,yes,train
411,GGCCGGGCGCAGTGGCCCACACCT,yes,train
343,GCTGGGCACAATGGTTCACACCTG,yes,train
584,TCTTGTTTTTTGTTTTTTTTTTGA,yes,train
628,TGGCCGGGCGCGCTGGCTCACGCC,no,train
315,GAGGCTTGCTCTGTCACCCAGACT,no,train
35,AGCTGGGTGCGGTGGCTCACACCT,no,train
754,TTTTTATTTAGAGACAAGATCTCA,yes,train
625,TGGCCGGGCATGGTGGCTCACGCC,no,train
699,TTTCTTTTTTTTTGAGACGGAGTC,no,train
314,GAGACCAGCCTGACCAATATGGAG,yes,train
591,TGCCGAGTGGAGTGGCTCACACCT,no,train
718,TTTTATTCTTTTTTTTTTTTTTTT,no,train
355,GGCCAGACGTGGTGGCTCACGCCT,no,train
460,GGCTGGGCGCAGCGGCTCACGCCT,yes,train
313,GAGACAGTCTTGCTTTGTCGCCAG,no,train
385,GGCCAGGTGCAGTGGCTCATGCTT,no,train
380,GGCCAGGGGCAGTGGTTCATGCCT,no,train
110,ATTTATTTATTTTTGAGACAGGGT,no,train
42,AGGCAGGGTGCAGTGGCTCACGCC,no,train
710,TTTGTTTGTTTAGAGATAGGATCT,no,train
186,CCAGGCGCGGTGGCTCACACCTAT,yes,train
348,GCTGGGTGGGGTGGCTCACACCCG,no,train
145,ATTTTTTTGAGACAGGGTGTCACT,yes,train
776,TTTTTTATTTGTGTTTTTGTTTGT,yes,train
546,GTTTTGTTTTGTTTTTTTTTTTTT,yes,train
560,GTTTTTTTATTTTTATTTTTGGAG,yes,train
700,TTTCTTTTTTTTTTTTTTGAGATG,no,train
14,AGCCAGGCATGGTGGTTCACACCT,yes,train
365,GGCCAGGCACTGTGACTCATACCT,yes,train
464,GGCTGGGCGCGATGGCTCATGTCT,no,train
401,GGCCGGGCACAGTGGCTCATGCCT,no,train
344,GCTGGGCACAGTAGCTCATGCCTG,yes,train
369,GGCCAGGCCCAGTGGCTCACACCT,yes,train
812,TTTTTTTTGTTTGTTTTTTGTTTT,no,train
580,TCCAGGCATGGTGGCTCACATCTG,yes,train
645,TGGCTGGGCGCGGTGGCTCACGCC,no,train
442,GGCTGGGCACAGTGGCTCACACCT,yes,train
618,TGGCCCGATGCAGTGGCTCATGCC,no,train
755,TTTTTATTTTATTTATTTATTTAT,yes,train
580,TCCAGGCATGGTGGCTCACATCTG,no,train
879,TTTTTTTTTTTTTTTTTTTTTTTT,yes,train
500,GGGCTGGGCACGGTGGCTCATGAC,no,train
292,CTTTTTTTTTTTTTTTTTTTTTAC,no,train
780,TTTTTTATTTTTTGAGGTGGAGTC,no,train
254,CTTTTTGAGACGAGGTCTCACTGT,yes,train
439,GGCTGGATGCAGTGGCTCATGCCT,yes,train
544,GTTTTGTTTTGTTTTTTGTTTTGA,yes,train
259,CTTTTTTCTTTATTTTTTTTTAGA,yes,train
31,AGCTGGGCATGGTGGTTCATGCCT,yes,train
875,TTTTTTTTTTTTTTTTTTTTTTTA,yes,train
278,CTTTTTTTTTTTTTTGAGACGGAG,no,train
655,TGTGCAGGGACTCATGACTGTAAT,yes,train
173,ATTTTTTTTTTTTTTTTTTTTTGA,yes,train
254,CTTTTTGAGACGAGGTCTCACTGT,yes,train
79,AGGCTGGGCGTGGTGGCTCACATC,no,train
835,TTTTTTTTTTTTGAGAGAGTTTTG,no,train
290,CTTTTTTTTTTTTTTTTTTTAATT,no,train
801,TTTTTTTGTTTATGTGTTTGTTTT,no,train
714,TTTGTTTTGTTTTTTGTTTTGAGA,yes,train
331,GCCAGTCATGGTGGCTCATGCCTG,yes,train
661,TTCTTTTGTTTTTTTGAGATGGAG,yes,train
200,CGCTGGGTACAGTTGCTTACACCT,yes,train
423,GGCCGGGCGCGGTGGCTCATGCCT,yes,train
768,TTTTTGGTTTTTTTTGTTTTTTTT,yes,train
131,ATTTTGTTGTTGTTATTTGTTTCT,yes,train
147,ATTTTTTTGTTGTTGTTGTGACTG,yes,train
423,GGCCGGGCGCGGTGGCTCATGCCT,yes,train
321,GCAGTGGTTCGCACCTATAAGCCC,no,train
613,TGGCCAGGCATGGTGGCTCACACC,no,train
254,CTTTTTGAGACGAGGTCTCACTGT,yes,train
172,ATTTTTTTTTTTTTTTTTTTGTGA,yes,train
496,GGGCCGGGTGCAGTGACTCACGCC,yes,train
516,GGTCGGGCACGGTGGCTCATGCCT,yes,train
363,GGCCAGGCACGGTGGCTCACGCCT,no,train
672,TTGTTATTTTTTATTTTTATTTTT,yes,train
134,ATTTTTATTTATTATTATTTTTTA,yes,train
373,GGCCAGGCGCGGTGGCTCATCCCT,no,train
545,GTTTTGTTTTGTTTTTTTGAGACA,no,train
278,CTTTTTTTTTTTTTTGAGACGGAG,yes,train
54,AGGCCGGGCACTGTGGCTTACACA,yes,train
779,TTTTTTATTTTTTATTTTATTTTA,yes,train
351,GGCACGGTGGCTCACGCCTGTAAT,no,train
353,GGCCAAACATGGTGCCCCACGCCT,no,train
874,TTTTTTTTTTTTTTTTTTTTTTGA,no,train
737,TTTTCTTTTTTTCTTTTTTGAGAT,yes,train
396,GGCCGAGCGTGATGGCTCACCCCT,yes,train
47,AGGCCAGGCGTGGTGGCTCATGCC,yes,train
83,AGGCTGGGTGCGCTGTGGCTCATG,yes,train
707,TTTGTGGGATGGAGTTTCACTTGT,no,train
457,GGCTGGGCATGGTGGTTCACACCT,yes,train
445,GGCTGGGCACAGTGGCTCATGCCT,no,train
313,GAGACAGTCTTGCTTTGTCGCCAG,yes,train
53,AGGCCGGGCACGGTGGCTCACACC,yes,train
211,CTCACGCCTGTAATCCCAGCACTT,yes,train
608,TGGCCAGGCATAATGGCTTATGCC,no,train
389,GGCCAGGTGGCGGTGGTTCACACC,yes,train
863,TTTTTTTTTTTTTTTTTGAGACAC,no,train
882,TTTTTTTTTTTTTTTTTTTTTTTT,yes,train
451,GGCTGGGCACGGTGGCTCATGCCT,no,train
166,ATTTTTTTTTTTTTTTTGAGAGGA,no,train
414,GGCCGGGCGCAGTGGCTCATGCCT,yes,train
262,CTTTTTTGTTTCGTTGTTTTTCTT,no,train
706,TTTGAGATGGAGTCTTGCTTCATT,yes,train
532,GTTGTTTTGTTTTGTTTTGAGACA,no,train
287,CTTTTTTTTTTTTTTTTTTAATTG,yes,train
580,TCCAGGCATGGTGGCTCACATCTG,no,train
655,TGTGCAGGGACTCATGACTGTAAT,yes,train
99,ATTATTATTATTATTTTATTTTAT,no,train
18,AGCCAGGCGTGGTACGTAGCTCAC,yes,train
737,TTTTCTTTTTTTCTTTTTTGAGAT,yes,train
353,GGCCAAACATGGTGCCCCACGCCT,yes,train
457,GGCTGGGCATGGTGGTTCACACCT,no,train
401,GGCCGGGCACAGTGGCTCATGCCT,no,train
618,TGGCCCGATGCAGTGGCTCATGCC,no,train
767,TTTTTGAGACAGAGTCTCGCTCTT,no,train
670,TTGCCCAGGCTGGAGTGCAGGGCG,yes,train
404,GGCCGGGCACGGTGGCTCACCTGT,yes,train
411,GGCCGGGCGCAGTGGCCCACACCT,yes,train
411,GGCCGGGCGCAGTGGCCCACACCT,yes,train
342,GCTGGATGCGGTGGCTCACGCCTG,no,train
168,ATTTTTTTTTTTTTTTTTTGACGG,no,train
246,CTTTTGTTGTTTTTGAGACGGGGT,no,train
839,TTTTTTTTTTTTTGAGACTCAGGA,yes,train
375,GGCCAGGCGTGGTGGCTCATGCCT,no,train
351,GGCACGGTGGCTCACGCCTGTAAT,yes,train
420,GGCCGGGCGCGGTGGCTCACGCCT,yes,train
397,GGCCGGCAAGGTGGCTCACGCCTG,no,train
628,TGGCCGGGCGCGCTGGCTCACGCC,no,train
61,AGGCCGGGTGCAGTGGATCCCAGC,yes,train
395,GGCCGAGCGCAGTGGCTCACGCCT,yes,train
271,CTTTTTTTTTTTTCGAGACACGGT,no,train
801,TTTTTTTGTTTATGTGTTTGTTTT,no,train
259,CTTTTTTCTTTATTTTTTTTTAGA,no,train
242,CTTTTCTTTTCTTGAGGCAGGGTC,no,train
396,GGCCGAGCGTGATGGCTCACCCCT,no,train
86,AGGCTGGGTGTGGTGGCTCACGCC,no,train
286,CTTTTTTTTTTTTTTTTGAGACAA,yes,train
717,TTTTACTTTTTTTTTTTTTTGGGA,yes,train
326,GCCAGGCATGGTGGCTCATGCCTA,no,train
16,AGCCAGGCGCAGTGGCTCACGCCT,yes,train
240,CTTTTCTCTTTTTTTTTTTTTTTT,yes,train
877,TTTTTTTTTTTTTTTTTTTTTTTT,no,train
823,TTTTTTTTTTTGAGACAATGTCTC,no,train
10,AGATCAGGCATGGTGGCTTACACC,no,train
769,TTTTTGTTTGTTTGTTTGTTTGTT,no,train
12,AGCCAGATGTGGTGACATGAACCA,yes,train
526,GTGGCTCATGCCTGTAATCCCAGC,no,train
176,ATTTTTTTTTTTTTTTTTTTTTTT,no,train
445,GGCTGGGCACAGTGGCTCATGCCT,no,train
49,AGGCCAGGTGTGGTAGCTCACGCC,no,train
292,CTTTTTTTTTTTTTTTTTTTTTAC,no,train
207,CGGCTGGGCACGGTGGCTCACGCC,no,train
291,CTTTTTTTTTTTTTTTTTTTGAGA,no,train
476,GGCTGGGTGCGGTGGCTCACGCCT,no,train
815,TTTTTTTTTCTTTTTTCTTTTTTC,no,train
176,ATTTTTTTTTTTTTTTTTTTTTTT,yes,train
371,GGCCAGGCGCGGTGGCTCACGCCT,yes,train
204,CGGCCGGGCGCGGTGGCTCACGCC,no,train
757,TTTTTATTTTTATTTTATTTTTTA,yes,train
534,GTTTCCTTTTTCTTCATTTCTATT,no,train
431,GGCCGGTCGTGGTGGCTCATGCCT,no,train
435,GGCGGGGTGTGGTGGCTCATGCCT,no,train
355,GGCCAGACGTGGTGGCTCACGCCT,no,train
780,TTTTTTATTTTTTGAGGTGGAGTC,no,train
817,TTTTTTTTTGTTTTAGAAGGAGTT,no,train
412,GGCCGGGCGCAGTGGCTCACACCT,no,train
110,ATTTATTTATTTTTGAGACAGGGT,yes,train
186,CCAGGCGCGGTGGCTCACACCTAT,yes,train
838,TTTTTTTTTTTTTCTTTTTTTCTT,yes,train
277,CTTTTTTTTTTTTTTCTTTTTAAG,no,train
847,TTTTTTTTTTTTTTGAGACACAGT,yes,train
670,TTGCCCAGGCTGGAGTGCAGGGCG,no,train
652,TGGGCACAGTGGCTCATGCCTGTA,yes,train
632,TGGCCGGGCGCGGTGGCTCATGCC,yes,train
83,AGGCTGGGTGCGCTGTGGCTCATG,no,train
626,TGGCCGGGCATGGTGGCTCACGCC,no,train
585,TCTTTTTTTTTTTTTCTTTTTGAG,yes,train
768,TTTTTGGTTTTTTTTGTTTTTTTT,yes,train
431,GGCCGGTCGTGGTGGCTCATGCCT,no,train
733,TTTTCTTTTCTTTTCTTTTTTTTT,yes,train
471,GGCTGGGTGCAATGGCTCACACCT,yes,train
447,GGCTGGGCACGAGGGCTCATGTCT,no,train
428,GGCCGGGTGCAGTGGCTCATGCCT,no,train
357,GGCCAGGCACAATGGCTCACACCT,no,train
414,GGCCGGGCGCAGTGGCTCATGCCT,yes,train
258,CTTTTTTATTTTTATTTTTTTGAG,yes,train
22,AGCCAGGTGCGGTGGCTCATGCCT,no,train
321,GCAGTGGTTCGCACCTATAAGCCC,no,train
547,GTTTTGTTTTTCTTTCTTTTTTTT,yes,train
422,GGCCGGGCGCGGTGGCTCAGGCCT,no,train
315,GAGGCTTGCTCTGTCACCCAGACT,no,train
124,ATTTTATTTTATTATTTTTTTTTA,yes,train
586,TGACAGGGTCTGTCTCTGTCACAC,no,train
159,ATTTTTTTTTTTTTTCTTGGAATG,no,train
685,TTTATTTTTATTTGAGACAGAGTC,no,train
322,GCCAGGCACGGTGGCTCACGCCTG,yes,train
575,TAGTGCAATGGCGCAATCCTGGCT,no,train
468,GGCTGGGCGTGGTGGCTCACGCCT,no,train
28,AGCTGGACGCAGTAGCTAATGCCT,yes,train
211,CTCACGCCTGTAATCCCAGCACTT,no,train
262,CTTTTTTGTTTCGTTGTTTTTCTT,no,train
91,AGGTTGGGCATGGTGGCTCACGCC,yes,train
594,TGCCGGGCATGGTGGCTTGCACCT,yes,train
582,TCTCTCTTTTTTTTTTTTTTGAGA,no,train
527,GTTCTTGTTTTTGTTTTGTTTTTT,yes,train
792,TTTTTTGTTTTGTTTTGTTTGAGA,no,train
835,TTTTTTTTTTTTGAGAGAGTTTTG,yes,train
695,TTTCTTTTCTTTCCTTTCTTTTTT,no,train
162,ATTTTTTTTTTTTTTTGCGATGAA,yes,train
720,TTTTATTTTACTTTATTTTTTTTG,no,train
463,GGCTGGGCGCAGTGGCTCATGCCT,no,train
702,TTTCTTTTTTTTTTTTTTTTTTTT,no,train
505,GGGCTGGGTGCAGTCGCTCACGCC,no,train
105,ATTCTTTTTTTTTTTTTGAGATGG,no,train
739,TTTTGAAATGGAGTTTTGCTCAGT,no,train
643,TGGCTGGGCCCGGTGGCTCATGCC,yes,train
851,TTTTTTTTTTTTTTGAGATGGAGT,no,train
346,GCTGGGCATGGTGGCTCATGCCTG,no,train
258,CTTTTTTATTTTTATTTTTTTGAG,yes,train
515,GGTCAGGCACAGTGGCTTACACCT,yes,train
499,GGGCTGGGCACAGTGGCTTACGCC,no,train
231,CTTTCTTTTTTTTTTTTTTTTTTT,yes,train
661,TTCTTTTGTTTTTTTGAGATGGAG,yes,train
101,ATTCTTTGTTTTTTTTTGAGATGG,yes,train
790,TTTTTTGTTTGTTTTTTGGAGACA,yes,train
506,GGGCTGGGTGCAGTGCCTCTCGCC,yes,train
700,TTTCTTTTTTTTTTTTTTGAGATG,yes,train
444,GGCTGGGCACAGTGGCTCACACCT,no,train
506,GGGCTGGGTGCAGTGCCTCTCGCC,yes,train
531,GTTGTTTGTCTGCTTGTTTGCGAC,yes,train
84,AGGCTGGGTGCTATGGCTCACGTC,no,train
547,GTTTTGTTTTTCTTTCTTTTTTTT,yes,train
357,GGCCAGGCACAATGGCTCACACCT,no,train
651,TGGGAGGCCGAGGCGGGCGGATCA,yes,train
581,TCCTGGCCAACATGGTGAAACCCC,yes,train
332,GCCCAGGTTGGAGTGTACTGCTGC,no,train
287,CTTTTTTTTTTTTTTTTTTAATTG,no,train
231,CTTTCTTTTTTTTTTTTTTTTTTT,no,train
504,GGGCTGGGCGCGGTGGCTCTCGCC,yes,train
532,GTTGTTTTGTTTTGTTTTGAGACA,yes,train
716,TTTGTTTTTTTTGTTTTTTTGACA,yes,train
4,ACAGTGGCTCACACCTTTGATCCC,yes,train
464,GGCTGGGCGCGATGGCTCATGTCT,yes,train
736,TTTTCTTTTTCTTTTTTTTTTTTT,no,train
457,GGCTGGGCATGGTGGTTCACACCT,no,train
545,GTTTTGTTTTGTTTTTTTGAGACA,yes,train
378,GGCCAGGGATGTTGGCTCACATCT,no,train
655,TGTGCAGGGACTCATGACTGTAAT,yes,train
791,TTTTTTGTTTGTTTTTTTGAGACA,no,train
313,GAGACAGTCTTGCTTTGTCGCCAG,no,train
445,GGCTGGGCACAGTGGCTCATGCCT,no,train
423,GGCCGGGCGCGGTGGCTCATGCCT,yes,train
459,GGCTGGGCCCGGTGGCTCATGCCT,no,train
439,GGCTGGATGCAGTGGCTCATGCCT,yes,train
392,GGCCAGGTGTGGTGGCTCACACCT,no,train
309,GACTGGGTGCCATGGCTCATGCCT,yes,train
444,GGCTGGGCACAGTGGCTCACACCT,no,train
509,GGGCTGGGTGCGGTGGCTCACACC,no,train
529,GTTCTTTTTTTTTTAGACAGCGTT,no,train
310,GACTGGGTGCGGTGGCTCATGCCT,no,train
346,GCTGGGCATGGTGGCTCATGCCTG,yes,train
751,TTTTGTTTTTTGTTGTTGTGGTGG,no,train
546,GTTTTGTTTTGTTTTTTTTTTTTT,yes,train
519,GGTTGGGCATGGTAGCTCACACCT,no,train
355,GGCCAGACGTGGTGGCTCACGCCT,no,train
346,GCTGGGCATGGTGGCTCATGCCTG,yes,train
692,TTTCTTTATTTTAATTTTTTTTTT,yes,train
544,GTTTTGTTTTGTTTTTTGTTTTGA,yes,train
281,CTTTTTTTTTTTTTTGAGATGGAG,no,train
174,ATTTTTTTTTTTTTTTTTTTTTTG,yes,train
586,TGACAGGGTCTGTCTCTGTCACAC,no,train
551,GTTTTTGAGGCAGGTCGGTCACCC,yes,train
745,TTTTGTTTTAATATTTTTTTTCTT,yes,train
350,GGCAAGGCATGGTGGCTCATGCCT,no,train
803,TTTTTTTGTTTGTTTGTTTTGAGA,yes,train
839,TTTTTTTTTTTTTGAGACTCAGGA,yes,train
454,GGCTGGGCAGGGTGGCTCACCCCT,yes,train
582,TCTCTCTTTTTTTTTTTTTTGAGA,yes,train
489,GGGCCAGGCGGTGGCTCACGCTTG,no,train
355,GGCCAGACGTGGTGGCTCACGCCT,no,train
771,TTTTTGTTTTTGTTGGAGAAGGAG,no,train
29,AGCTGGGCACGTGGCTCACACCTG,yes,train
264,CTTTTTTTCATTTTTTTTTTTTTT,no,train
792,TTTTTTGTTTTGTTTTGTTTGAGA,no,train
535,GTTTTACTTTTTTTTTTTTTTTTT,yes,train
368,GGCCAGGCATGGTGGTTCACGCCT,yes,train
586,TGACAGGGTCTGTCTCTGTCACAC,no,train
425,GGCCGGGCGTGGTGGCTCACACCT,no,train
710,TTTGTTTGTTTAGAGATAGGATCT,yes,train
414,GGCCGGGCGCAGTGGCTCATGCCT,yes,train
243,CTTTTCTTTTCTTTTCTTTCTTTT,yes,train
344,GCTGGGCACAGTAGCTCATGCCTG,yes,train
626,TGGCCGGGCATGGTGGCTCACGCC,yes,train
675,TTGTTTTTTGTTTTTTTGTTTTTT,yes,train
309,GACTGGGTGCCATGGCTCATGCCT,no,train
825,TTTTTTTTTTTGAGACGGAGTCTC,yes,train
479,GGCTTGGTGCAGTGACGACACACC,no,train
696,TTTCTTTTTTCTAAGACAGAGTCT,no,train
719,TTTTATTTATTTATTTTTTGAGAG,yes,train
688,TTTCCTTTTTTTTTTTTTTCTTTT,yes,train
854,TTTTTTTTTTTTTTTGAGACGGAG,no,train
303,GACCAGGTGCAGTAGCTCATGCTT,yes,train
558,GTTTTTTGTTTGTTTGTTTTTTGA,no,train
357,GGCCAGGCACAATGGCTCACACCT,no,train
877,TTTTTTTTTTTTTTTTTTTTTTTT,yes,train
640,TGGCTGGGCACGGTGGCTCACGCC,yes,train
531,GTTGTTTGTCTGCTTGTTTGCGAC,no,train
381,GGCCAGGTATGGTGGCTCATGCCT,no,train
734,TTTTCTTTTCTTTTTCTTTTTCTT,no,train
632,TGGCCGGGCGCGGTGGCTCATGCC,yes,train
734,TTTTCTTTTCTTTTTCTTTTTCTT,no,train
532,GTTGTTTTGTTTTGTTTTGAGACA,no,train
476,GGCTGGGTGCGGTGGCTCACGCCT,no,train
449,GGCTGGGCACGGTGGCTCATGCCT,no,train
150,ATTTTTTTTTCTTTTTCAGAGTTT,no,train
84,AGGCTGGGTGCTATGGCTCACGTC,yes,train
755,TTTTTATTTTATTTATTTATTTAT,yes,train
771,TTTTTGTTTTTGTTGGAGAAGGAG,yes,train
625,TGGCCGGGCATGGTGGCTCACGCC,no,train
306,GACCGGGCGTAGTGGCTCACGCCT,yes,train
871,TTTTTTTTTTTTTTTTTTTTGAGG,no,train
544,GTTTTGTTTTGTTTTTTGTTTTGA,no,train
130,ATTTTGTATTTATTTATTTATTTA,yes,train
846,TTTTTTTTTTTTTTCTTTTTTTTG,yes,train
792,TTTTTTGTTTTGTTTTGTTTGAGA,no,train
276,CTTTTTTTTTTTTTTCGGACAGAG,no,train
243,CTTTTCTTTTCTTTTCTTTCTTTT,yes,train
245,CTTTTCTTTTTCTTTTCTTTTTTT,yes,train
584,TCTTGTTTTTTGTTTTTTTTTTGA,no,train
386,GGCCAGGTGCAGTGGCTCATTCCT,yes,train
768,TTTTTGGTTTTTTTTGTTTTTTTT,no,train
604,TGGCCAGGCACAGTAACTCCTGCC,no,train
68,AGGCTGGCCATGTTGGCTCACGCT,no,train
344,GCTGGGCACAGTAGCTCATGCCTG,yes,train
816,TTTTTTTTTGTTGTTGTTGAGACG,no,train
387,GGCCAGGTGCGGTGGCTCACACCT,no,train
395,GGCCGAGCGCAGTGGCTCACGCCT,no,train
506,GGGCTGGGTGCAGTGCCTCTCGCC,no,train
676,TTGTTTTTTTTTAATTTTTTAATT,yes,train
545,GTTTTGTTTTGTTTTTTTGAGACA,yes,train
373,GGCCAGGCGCGGTGGCTCATCCCT,no,train
322,GCCAGGCACGGTGGCTCACGCCTG,yes,train
365,GGCCAGGCACTGTGACTCATACCT,no,train
299,CTTTTTTTTTTTTTTTTTTTTTTT,no,train
406,GGCCGGGCACGGTGGCTCACGCCT,yes,train
338,GCGCAGTGGCTCACGCCTGTAATC,yes,train
790,TTTTTTGTTTGTTTTTTGGAGACA,yes,train
98,ATGATGGGCTCTCCTTACATATAT,no,train
718,TTTTATTCTTTTTTTTTTTTTTTT,yes,train
158,ATTTTTTTTTTTTTTAATTTTGTT,no,train
305,GACCCAGTGCGGTGGCTCACGCCT,no,train
591,TGCCGAGTGGAGTGGCTCACACCT,yes,train
449,GGCTGGGCACGGTGGCTCATGCCT,no,train
211,CTCACGCCTGTAATCCCAGCACTT,no,train
13,AGCCAGGCATGGTGGCTCATGCCT,no,train
556,GTTTTTTGTTTGTTTGTTTGTTTT,yes,train
430,GGCCGGTCACGGTGGCTCACGCCT,no,train
163,ATTTTTTTTTTTTTTTTCAAGACG,no,train
330,GCCAGGTGTGGTGGCTCACGCCTC,yes,train
422,GGCCGGGCGCGGTGGCTCAGGCCT,no,train
457,GGCTGGGCATGGTGGTTCACACCT,no,train
776,TTTTTTATTTGTGTTTTTGTTTGT,no,train
403,GGCCGGGCACGGTGACTCATGCCT,no,train
823,TTTTTTTTTTTGAGACAATGTCTC,no,train
201,CGGCCAGGCACAGTGACTTACACC,yes,train
199,CGCTGGGCGCGGTGGCTCACGCCT,no,train
320,GCAGTGGCCCACGCCTGTAATCCC,yes,train
8,AGACTGGGCGTGGTGGCTCACGCC,no,train
747,TTTTGTTTTGTTTTTTTTTTAAGA,yes,train
87,AGGCTGTTGCTCTGTCACCCAGGA,yes,train
271,CTTTTTTTTTTTTCGAGACACGGT,no,train
877,TTTTTTTTTTTTTTTTTTTTTTTT,no,train
378,GGCCAGGGATGTTGGCTCACATCT,yes,train
216,CTGGGCTCAGTGGCTCACACCTGT,yes,train
532,GTTGTTTTGTTTTGTTTTGAGACA,no,train
108,ATTTATTTATTTATTTTTGAGACA,no,train
112,ATTTATTTTATTTTATTTTATTTT,yes,train
718,TTTTATTCTTTTTTTTTTTTTTTT,yes,train
568,GTTTTTTTTTTTGAGACGGAGTCT,yes,train
714,TTTGTTTTGTTTTTTGTTTTGAGA,no,train
780,TTTTTTATTTTTTGAGGTGGAGTC,no,train
99,ATTATTATTATTATTTTATTTTAT,yes,train
790,TTTTTTGTTTGTTTTTTGGAGACA,yes,train
674,TTGTTTGTTGTTTTTGAGACAGAG,yes,train
54,AGGCCGGGCACTGTGGCTTACACA,yes,train
695,TTTCTTTTCTTTCCTTTCTTTTTT,no,train
189,CCCAGCCTGGGCAACATAGGGAGA,no,train
8,AGACTGGGCGTGGTGGCTCACGCC,no,train
14,AGCCAGGCATGGTGGTTCACACCT,yes,train
452,GGCTGGGCACGGTGGCTCGTGCTT,no,train
292,CTTTTTTTTTTTTTTTTTTTTTAC,no,train
563,GTTTTTTTGTTTGTTTTGCTTTTT,yes,train
737,TTTTCTTTTTTTCTTTTTTGAGAT,yes,train
769,TTTTTGTTTGTTTGTTTGTTTGTT,yes,train
669,TTGAGACGGAGTTTCACTGGTTGC,no,train
463,GGCTGGGCGCAGTGGCTCATGCCT,yes,train
862,TTTTTTTTTTTTTTTTGAGATGGA,yes,train
719,TTTTATTTATTTATTTTTTGAGAG,yes,train
56,AGGCCGGGCATGGTGGCTCACGCT,yes,train
460,GGCTGGGCGCAGCGGCTCACGCCT,yes,train
442,GGCTGGGCACAGTGGCTCACACCT,yes,train
699,TTTCTTTTTTTTTGAGACGGAGTC,yes,train
83,AGGCTGGGTGCGCTGTGGCTCATG,yes,train
175,ATTTTTTTTTTTTTTTTTTTTTTG,yes,train
42,AGGCAGGGTGCAGTGGCTCACGCC,no,train
353,GGCCAAACATGGTGCCCCACGCCT,yes,train
613,TGGCCAGGCATGGTGGCTCACACC,no,train
790,TTTTTTGTTTGTTTTTTGGAGACA,no,train
645,TGGCTGGGCGCGGTGGCTCACGCC,yes,train
837,TTTTTTTTTTTTTCCGAGACAGAG,yes,train
466,GGCTGGGCGTAGTGGCTCACACCT,yes,train
368,GGCCAGGCATGGTGGTTCACGCCT,yes,train
211,CTCACGCCTGTAATCCCAGCACTT,no,train
41,AGGCAGGGCGAGGTGGCTCAAACC,yes,train
451,GGCTGGGCACGGTGGCTCATGCCT,yes,train
640,TGGCTGGGCACGGTGGCTCACGCC,no,train
174,ATTTTTTTTTTTTTTTTTTTTTTG,yes,train
277,CTTTTTTTTTTTTTTCTTTTTAAG,no,train
313,GAGACAGTCTTGCTTTGTCGCCAG,no,train
457,GGCTGGGCATGGTGGTTCACACCT,yes,train
509,GGGCTGGGTGCGGTGGCTCACACC,no,train
516,GGTCGGGCACGGTGGCTCATGCCT,yes,train
173,ATTTTTTTTTTTTTTTTTTTTTGA,yes,train
204,CGGCCGGGCGCGGTGGCTCACGCC,yes,train
380,GGCCAGGGGCAGTGGTTCATGCCT,no,train
145,ATTTTTTTGAGACAGGGTGTCACT,no,train
216,CTGGGCTCAGTGGCTCACACCTGT,no,train
168,ATTTTTTTTTTTTTTTTTTGACGG,no,train
716,TTTGTTTTTTTTGTTTTTTTGACA,no,train
445,GGCTGGGCACAGTGGCTCATGCCT,no,train
585,TCTTTTTTTTTTTTTCTTTTTGAG,no,train
417,GGCCGGGCGCGGTGGCTCACACCT,no,train
466,GGCTGGGCGTAGTGGCTCACACCT,yes,train
449,GGCTGGGCACGGTGGCTCATGCCT,yes,train
463,GGCTGGGCGCAGTGGCTCATGCCT,yes,train
544,GTTTTGTTTTGTTTTTTGTTTTGA,yes,train
792,TTTTTTGTTTTGTTTTGTTTGAGA,no,train
744,TTTTGTTTGTTTGTTTGTTTTGAG,yes,train
53,AGGCCGGGCACGGTGGCTCACACC,yes,train
35,AGCTGGGTGCGGTGGCTCACACCT,no,train
734,TTTTCTTTTCTTTTTCTTTTTCTT,no,train
191,CCGGGCACGGTGGCTCACACCTGT,yes,train
36,AGCTGGGTGTGGTGGCTCATACCT,no,train
645,TGGCTGGGCGCGGTGGCTCACGCC,no,train
291,CTTTTTTTTTTTTTTTTTTTGAGA,yes,train
356,GGCCAGAGACTGTGGCTCATGCCT,yes,train
585,TCTTTTTTTTTTTTTCTTTTTGAG,no,train
871,TTTTTTTTTTTTTTTTTTTTGAGG,yes,train
496,GGGCCGGGTGCAGTGACTCACGCC,no,train
330,GCCAGGTGTGGTGGCTCACGCCTC,yes,train
617,TGGCCAGGTGCGGTGGCTCACGCC,no,train
344,GCTGGGCACAGTAGCTCATGCCTG,no,train
505,GGGCTGGGTGCAGTCGCTCACGCC,no,train
380,GGCCAGGGGCAGTGGTTCATGCCT,no,train
839,TTTTTTTTTTTTTGAGACTCAGGA,no,train
467,GGCTGGGCGTGGTGGCCCACGCCT,yes,train
320,GCAGTGGCCCACGCCTGTAATCCC,yes,train
271,CTTTTTTTTTTTTCGAGACACGGT,yes,train
831,TTTTTTTTTTTTCCGAGATGGAAT,no,train
4,ACAGTGGCTCACACCTTTGATCCC,yes,train
130,ATTTTGTATTTATTTATTTATTTA,no,train
43,AGGCCAGACACAATGGCTCATGCT,yes,train
136,ATTTTTGTATTTTTCCTTTTTTTT,yes,train
452,GGCTGGGCACGGTGGCTCGTGCTT,no,train
168,ATTTTTTTTTTTTTTTTTTGACGG,no,train
223,CTTTATTTATTTATTTATTTATGA,yes,train
688,TTTCCTTTTTTTTTTTTTTCTTTT,yes,train
755,TTTTTATTTTATTTATTTATTTAT,no,train
63,AGGCCGGGTGCTGTGGCTCACACC,yes,train
672,TTGTTATTTTTTATTTTTATTTTT,yes,train
443,GGCTGGGCACAGTGGCTCACACCT,yes,train
512,GGGGGCAGAGGTGGGCGGATCACC,yes,train
617,TGGCCAGGTGCGGTGGCTCACGCC,no,train
352,GGCAGGGTGCGGTGGCTCATGCCT,yes,train
678,TTTATTATTATTTTTTGAGATGGA,no,train
515,GGTCAGGCACAGTGGCTTACACCT,yes,train
513,GGGTTGGGCACGGTGGCGCATGCC,yes,train
363,GGCCAGGCACGGTGGCTCACGCCT,no,train
283,CTTTTTTTTTTTTTTTGAGATGGA,yes,train
287,CTTTTTTTTTTTTTTTTTTAATTG,no,train
623,TGGCCGGGCACGGTGGCTCACACC,yes,train
58,AGGCCGGGCGCGGTGGCTCACGCC,yes,train
204,CGGCCGGGCGCGGTGGCTCACGCC,yes,train
144,ATTTTTTTCTTCTTTTTTCCACAG,no,train
287,CTTTTTTTTTTTTTTTTTTAATTG,no,train
79,AGGCTGGGCGTGGTGGCTCACATC,no,train
368,GGCCAGGCATGGTGGTTCACGCCT,yes,train
159,ATTTTTTTTTTTTTTCTTGGAATG,no,train
755,TTTTTATTTTATTTATTTATTTAT,no,train
162,ATTTTTTTTTTTTTTTGCGATGAA,no,train
499,GGGCTGGGCACAGTGGCTTACGCC,yes,train
47,AGGCCAGGCGTGGTGGCTCATGCC,no,train
442,GGCTGGGCACAGTGGCTCACACCT,yes,train
719,TTTTATTTATTTATTTTTTGAGAG,yes,train
535,GTTTTACTTTTTTTTTTTTTTTTT,yes,train
431,GGCCGGTCGTGGTGGCTCATGCCT,no,train
173,ATTTTTTTTTTTTTTTTTTTTTGA,yes,train
755,TTTTTATTTTATTTATTTATTTAT,yes,train
791,TTTTTTGTTTGTTTTTTTGAGACA,no,train
674,TTGTTTGTTGTTTTTGAGACAGAG,yes,train
353,GGCCAAACATGGTGCCCCACGCCT,no,train
617,TGGCCAGGTGCGGTGGCTCACGCC,no,train
479,GGCTTGGTGCAGTGACGACACACC,yes,train
315,GAGGCTTGCTCTGTCACCCAGACT,no,train
291,CTTTTTTTTTTTTTTTTTTTGAGA,no,train
147,ATTTTTTTGTTGTTGTTGTGACTG,yes,train
697,TTTCTTTTTTCTGGAGACGGAGTT,no,train
204,CGGCCGGGCGCGGTGGCTCACGCC,yes,train
87,AGGCTGTTGCTCTGTCACCCAGGA,yes,train
131,ATTTTGTTGTTGTTATTTGTTTCT,yes,train
553,GTTTTTGTTTTGTTGTTTTTTTGA,no,train
192,CCGGGCGCAGTGGCTCATGCCTGT,yes,train
99,ATTATTATTATTATTTTATTTTAT,yes,train
61,AGGCCGGGTGCAGTGGATCCCAGC,no,train
287,CTTTTTTTTTTTTTTTTTTAATTG,yes,train
512,GGGGGCAGAGGTGGGCGGATCACC,no,train
369,GGCCAGGCCCAGTGGCTCACACCT,yes,train
145,ATTTTTTTGAGACAGGGTGTCACT,yes,train
544,GTTTTGTTTTGTTTTTTGTTTTGA,no,train
505,GGGCTGGGTGCAGTCGCTCACGCC,yes,train
422,GGCCGGGCGCGGTGGCTCAGGCCT,no,train
848,TTTTTTTTTTTTTTGAGACAGAGT,yes,train
707,TTTGTGGGATGGAGTTTCACTTGT,no,train
442,GGCTGGGCACAGTGGCTCACACCT,yes,train
747,TTTTGTTTTGTTTTTTTTTTAAGA,no,train
182,CAGTGGCTCACACCTGTAATCCCA,no,train
18,AGCCAGGCGTGGTACGTAGCTCAC,no,train
200,CGCTGGGTACAGTTGCTTACACCT,yes,train
254,CTTTTTGAGACGAGGTCTCACTGT,yes,train
454,GGCTGGGCAGGGTGGCTCACCCCT,yes,train
424,GGCCGGGCGTGGTGGCTCACACCT,no,train
718,TTTTATTCTTTTTTTTTTTTTTTT,yes,train
312,GAGACAGGTTCTTGATCTGTCACT,yes,train
418,GGCCGGGCGCGGTGGCTCACACCT,yes,train
365,GGCCAGGCACTGTGACTCATACCT,yes,train
163,ATTTTTTTTTTTTTTTTCAAGACG,yes,train
753,TTTTTATTATTTTTTTCTTTTTTA,no,train
153,ATTTTTTTTTTTGACAGAGTCTTG,yes,train
757,TTTTTATTTTTATTTTATTTTTTA,yes,train
29,AGCTGGGCACGTGGCTCACACCTG,yes,train
101,ATTCTTTGTTTTTTTTTGAGATGG,yes,train
516,GGTCGGGCACGGTGGCTCATGCCT,yes,train
707,TTTGTGGGATGGAGTTTCACTTGT,no,train
771,TTTTTGTTTTTGTTGGAGAAGGAG,yes,train
466,GGCTGGGCGTAGTGGCTCACACCT,yes,train
594,TGCCGGGCATGGTGGCTTGCACCT,no,train
509,GGGCTGGGTGCGGTGGCTCACACC,yes,train
108,ATTTATTTATTTATTTTTGAGACA,yes,train
505,GGGCTGGGTGCAGTCGCTCACGCC,yes,train
503,GGGCTGGGCCCATTAGCTCACACC,yes,train
791,TTTTTTGTTTGTTTTTTTGAGACA,no,train
519,GGTTGGGCATGGTAGCTCACACCT,no,train
387,GGCCAGGTGCGGTGGCTCACACCT,no,train
848,TTTTTTTTTTTTTTGAGACAGAGT,yes,train
223,CTTTATTTATTTATTTATTTATGA,no,train
623,TGGCCGGGCACGGTGGCTCACACC,yes,train
447,GGCTGGGCACGAGGGCTCATGTCT,no,train
376,GGCCAGGCTCTGTGACTCACGCCT,yes,train
464,GGCTGGGCGCGATGGCTCATGTCT,no,train
452,GGCTGGGCACGGTGGCTCGTGCTT,no,train
238,CTTTTCGTTGTTGTTGAGACAGGG,no,train
747,TTTTGTTTTGTTTTTTTTTTAAGA,no,train
28,AGCTGGACGCAGTAGCTAATGCCT,yes,train
877,TTTTTTTTTTTTTTTTTTTTTTTT,no,train
158,ATTTTTTTTTTTTTTAATTTTGTT,no,train
63,AGGCCGGGTGCTGTGGCTCACACC,no,train
545,GTTTTGTTTTGTTTTTTTGAGACA,yes,train
701,TTTCTTTTTTTTTTTTTTTTTTTT,yes,train
87,AGGCTGTTGCTCTGTCACCCAGGA,yes,train
851,TTTTTTTTTTTTTTGAGATGGAGT,yes,train
420,GGCCGGGCGCGGTGGCTCACGCCT,yes,train
595,TGCCGGGCGCGGTGGCTCACGTCT,yes,train
231,CTTTCTTTTTTTTTTTTTTTTTTT,no,train
346,GCTGGGCATGGTGGCTCATGCCTG,yes,train
136,ATTTTTGTATTTTTCCTTTTTTTT,no,train
110,ATTTATTTATTTTTGAGACAGGGT,yes,train
640,TGGCTGGGCACGGTGGCTCACGCC,yes,train
29,AGCTGGGCACGTGGCTCACACCTG,yes,train
338,GCGCAGTGGCTCACGCCTGTAATC,no,train
8,AGACTGGGCGTGGTGGCTCACGCC,no,train
870,TTTTTTTTTTTTTTTTTTTTGAGA,no,train
24,AGCCGGGCATGGTGGCTCACGCCC,yes,train
652,TGGGCACAGTGGCTCATGCCTGTA,no,train
742,TTTTGTGAGACAGCCTTGCTCTGT,no,train
266,CTTTTTTTGTTTTCTTTTGGTTTT,yes,train
151,ATTTTTTTTTCTTTTTCTTGTTTT,no,train
632,TGGCCGGGCGCGGTGGCTCATGCC,no,train
546,GTTTTGTTTTGTTTTTTTTTTTTT,yes,train
704,TTTGAGACAGAGTTTTGCTCTTAT,yes,train
443,GGCTGGGCACAGTGGCTCACACCT,no,train
837,TTTTTTTTTTTTTCCGAGACAGAG,no,train
224,CTTTATTTTAATTATTATTATTTT,yes,train
369,GGCCAGGCCCAGTGGCTCACACCT,yes,train
500,GGGCTGGGCACGGTGGCTCATGAC,yes,train
456,GGCTGGGCATGGTGGCTCACGCCT,yes,train
623,TGGCCGGGCACGGTGGCTCACACC,no,train
451,GGCTGGGCACGGTGGCTCATGCCT,yes,train
790,TTTTTTGTTTGTTTTTTGGAGACA,yes,train
174,ATTTTTTTTTTTTTTTTTTTTTTG,no,train
442,GGCTGGGCACAGTGGCTCACACCT,yes,train
224,CTTTATTTTAATTATTATTATTTT,no,train
816,TTTTTTTTTGTTGTTGTTGAGACG,no,train
829,TTTTTTTTTTTTAAAGACAGGGTC,no,train
496,GGGCCGGGTGCAGTGACTCACGCC,yes,train
290,CTTTTTTTTTTTTTTTTTTTAATT,no,train
14,AGCCAGGCATGGTGGTTCACACCT,no,train
10,AGATCAGGCATGGTGGCTTACACC,no,train
548,GTTTTGTTTTTTGGGGTTTGTTTT,no,train
76,AGGCTGGGCGCGGTGGCTCACACC,yes,train
338,GCGCAGTGGCTCACGCCTGTAATC,yes,train
410,GGCCGGGCGCAATGGCTCGCGCCT,yes,train
297,CTTTTTTTTTTTTTTTTTTTTTTT,yes,train
191,CCGGGCACGGTGGCTCACACCTGT,no,train
220,CTTCTTTTTTTTTTTTCTTTTGAG,no,train
168,ATTTTTTTTTTTTTTTTTTGACGG,no,train
278,CTTTTTTTTTTTTTTGAGACGGAG,no,train
591,TGCCGAGTGGAGTGGCTCACACCT,no,train
292,CTTTTTTTTTTTTTTTTTTTTTAC,yes,train
199,CGCTGGGCGCGGTGGCTCACGCCT,no,train
471,GGCTGGGTGCAATGGCTCACACCT,yes,train
108,ATTTATTTATTTATTTTTGAGACA,no,train
466,GGCTGGGCGTAGTGGCTCACACCT,no,train
296,CTTTTTTTTTTTTTTTTTTTTTTT,yes,train
296,CTTTTTTTTTTTTTTTTTTTTTTT,yes,train
353,GGCCAAACATGGTGCCCCACGCCT,no,train
173,ATTTTTTTTTTTTTTTTTTTTTGA,yes,train
272,CTTTTTTTTTTTTGAGACAAGGGT,no,train
519,GGTTGGGCATGGTAGCTCACACCT,no,train
734,TTTTCTTTTCTTTTTCTTTTTCTT,no,train
719,TTTTATTTATTTATTTTTTGAGAG,yes,train
108,ATTTATTTATTTATTTTTGAGACA,yes,train
303,GACCAGGTGCAGTAGCTCATGCTT,yes,train
56,AGGCCGGGCATGGTGGCTCACGCT,yes,train
153,ATTTTTTTTTTTGACAGAGTCTTG,yes,train
259,CTTTTTTCTTTATTTTTTTTTAGA,no,train
276,CTTTTTTTTTTTTTTCGGACAGAG,no,train
771,TTTTTGTTTTTGTTGGAGAAGGAG,no,train
563,GTTTTTTTGTTTGTTTTGCTTTTT,no,train
383,GGCCAGGTGCAGTGGCTCACATCT,no,train
355,GGCCAGACGTGGTGGCTCACGCCT,yes,train
395,GGCCGAGCGCAGTGGCTCACGCCT,yes,train
380,GGCCAGGGGCAGTGGTTCATGCCT,no,train
31,AGCTGGGCATGGTGGTTCATGCCT,yes,train
314,GAGACCAGCCTGACCAATATGGAG,yes,train
278,CTTTTTTTTTTTTTTGAGACGGAG,no,train
368,GGCCAGGCATGGTGGTTCACGCCT,no,train
280,CTTTTTTTTTTTTTTGAGAGGGAG,yes,train
9,AGAGTCTCACTTTGTTGCCCAGGC,yes,train
608,TGGCCAGGCATAATGGCTTATGCC,no,train
618,TGGCCCGATGCAGTGGCTCATGCC,no,train
617,TGGCCAGGTGCGGTGGCTCACGCC,no,train
61,AGGCCGGGTGCAGTGGATCCCAGC,yes,train
85,AGGCTGGGTGTGGTGGCTCACGCC,no,train
626,TGGCCGGGCATGGTGGCTCACGCC,no,train
547,GTTTTGTTTTTCTTTCTTTTTTTT,yes,train
875,TTTTTTTTTTTTTTTTTTTTTTTA,yes,train
133,ATTTTGTTTTGTTTTTGTTTTTTG,no,train
272,CTTTTTTTTTTTTGAGACAAGGGT,yes,train
838,TTTTTTTTTTTTTCTTTTTTTCTT,no,train
240,CTTTTCTCTTTTTTTTTTTTTTTT,yes,train
196,CGCAGAGGCAGGCGGATCACTTGA,no,train
715,TTTGTTTTTGTTTTTTTTGTTTTT,no,train
462,GGCTGGGCGCAGTGGCTCACTCCT,yes,train
471,GGCTGGGTGCAATGGCTCACACCT,no,train
216,CTGGGCTCAGTGGCTCACACCTGT,yes,train
172,ATTTTTTTTTTTTTTTTTTTGTGA,yes,train
436,GGCTAGGCGCAGTGGCTCACTCCT,no,train
133,ATTTTGTTTTGTTTTTGTTTTTTG,yes,train
116,ATTTATTTTTATTTTTATTTTTTT,yes,train
457,GGCTGGGCATGGTGGTTCACACCT,no,train
462,GGCTGGGCGCAGTGGCTCACTCCT,no,train
314,GAGACCAGCCTGACCAATATGGAG,no,train
84,AGGCTGGGTGCTATGGCTCACGTC,no,train
568,GTTTTTTTTTTTGAGACGGAGTCT,no,train
815,TTTTTTTTTCTTTTTTCTTTTTTC,no,train
307,GACCGGGTGTGGTGGCTCACACCT,yes,train
700,TTTCTTTTTTTTTTTTTTGAGATG,yes,train
220,CTTCTTTTTTTTTTTTCTTTTGAG,no,train
389,GGCCAGGTGGCGGTGGTTCACACC,yes,train
4,ACAGTGGCTCACACCTTTGATCCC,yes,train
224,CTTTATTTTAATTATTATTATTTT,yes,train
591,TGCCGAGTGGAGTGGCTCACACCT,no,train
452,GGCTGGGCACGGTGGCTCGTGCTT,no,train
838,TTTTTTTTTTTTTCTTTTTTTCTT,no,train
10,AGATCAGGCATGGTGGCTTACACC,yes,train
563,GTTTTTTTGTTTGTTTTGCTTTTT,no,train
314,GAGACCAGCCTGACCAATATGGAG,yes,train
276,CTTTTTTTTTTTTTTCGGACAGAG,yes,train
456,GGCTGGGCATGGTGGCTCACGCCT,yes,train
387,GGCCAGGTGCGGTGGCTCACACCT,no,train
68,AGGCTGGCCATGTTGGCTCACGCT,no,train
134,ATTTTTATTTATTATTATTTTTTA,yes,train
104,ATTCTTTTTTTTTTTCTTCTTTGA,no,train
378,GGCCAGGGATGTTGGCTCACATCT,no,train
245,CTTTTCTTTTTCTTTTCTTTTTTT,yes,train
560,GTTTTTTTATTTTTATTTTTGGAG,yes,train
496,GGGCCGGGTGCAGTGACTCACGCC,yes,train
16,AGCCAGGCGCAGTGGCTCACGCCT,yes,train
132,ATTTTGTTTTGTTTTGGTTTTTTG,yes,train
755,TTTTTATTTTATTTATTTATTTAT,yes,train
79,AGGCTGGGCGTGGTGGCTCACATC,yes,train
752,TTTTGTTTTTTTTTTGTTGTTGTT,no,train
356,GGCCAGAGACTGTGGCTCATGCCT,no,train
351,GGCACGGTGGCTCACGCCTGTAAT,no,train
863,TTTTTTTTTTTTTTTTTGAGACAC,no,train
266,CTTTTTTTGTTTTCTTTTGGTTTT,no,train
430,GGCCGGTCACGGTGGCTCACGCCT,yes,train
535,GTTTTACTTTTTTTTTTTTTTTTT,yes,train
734,TTTTCTTTTCTTTTTCTTTTTCTT,no,train
875,TTTTTTTTTTTTTTTTTTTTTTTA,yes,train
91,AGGTTGGGCATGGTGGCTCACGCC,yes,train
447,GGCTGGGCACGAGGGCTCATGTCT,yes,train
276,CTTTTTTTTTTTTTTCGGACAGAG,no,train
513,GGGTTGGGCACGGTGGCGCATGCC,yes,train
503,GGGCTGGGCCCATTAGCTCACACC,no,train
444,GGCTGGGCACAGTGGCTCACACCT,yes,train
98,ATGATGGGCTCTCCTTACATATAT,yes,train
406,GGCCGGGCACGGTGGCTCACGCCT,yes,train
96,AGTTTGTTTGTTTGTTTGTTTGTT,yes,train
460,GGCTGGGCGCAGCGGCTCACGCCT,no,train
575,TAGTGCAATGGCGCAATCCTGGCT,yes,train
699,TTTCTTTTTTTTTGAGACGGAGTC,yes,train
276,CTTTTTTTTTTTTTTCGGACAGAG,no,train
488,GGGCCAGGCGCTGTGGCTCACACC,no,train
454,GGCTGGGCAGGGTGGCTCACCCCT,yes,train
445,GGCTGGGCACAGTGGCTCATGCCT,no,train
439,GGCTGGATGCAGTGGCTCATGCCT,no,train
563,GTTTTTTTGTTTGTTTTGCTTTTT,no,train
432,GGCCTGGCACAGTGGCTCATGCCT,yes,train
389,GGCCAGGTGGCGGTGGTTCACACC,no,train
312,GAGACAGGTTCTTGATCTGTCACT,yes,train
560,GTTTTTTTATTTTTATTTTTGGAG,yes,train
781,TTTTTTATTTTTTTGAGATGGAGT,no,train
105,ATTCTTTTTTTTTTTTTGAGATGG,yes,train
672,TTGTTATTTTTTATTTTTATTTTT,yes,train
838,TTTTTTTTTTTTTCTTTTTTTCTT,yes,train
346,GCTGGGCATGGTGGCTCATGCCTG,yes,train
553,GTTTTTGTTTTGTTGTTTTTTTGA,no,train
168,ATTTTTTTTTTTTTTTTTTGACGG,no,train
700,TTTCTTTTTTTTTTTTTTGAGATG,yes,train
101,ATTCTTTGTTTTTTTTTGAGATGG,yes,train
684,TTTATTTTTAATTTTATTTTTGAG,yes,train
110,ATTTATTTATTTTTGAGACAGGGT,no,train
79,AGGCTGGGCGTGGTGGCTCACATC,yes,train
510,GGGCTGGGTGTGGTGGCTCATGCC,yes,train
333,GCCGGGCATGGTGGCTCACGCCTG,no,train
846,TTTTTTTTTTTTTTCTTTTTTTTG,yes,train
254,CTTTTTGAGACGAGGTCTCACTGT,yes,train
22,AGCCAGGTGCGGTGGCTCATGCCT,no,train
24,AGCCGGGCATGGTGGCTCACGCCC,no,train
384,GGCCAGGTGCAGTGGCTCACGCCT,no,train
733,TTTTCTTTTCTTTTCTTTTTTTTT,yes,train
105,ATTCTTTTTTTTTTTTTGAGATGG,yes,train
846,TTTTTTTTTTTTTTCTTTTTTTTG,yes,train
303,GACCAGGTGCAGTAGCTCATGCTT,no,train
411,GGCCGGGCGCAGTGGCCCACACCT,yes,train
423,GGCCGGGCGCGGTGGCTCATGCCT,yes,train
463,GGCTGGGCGCAGTGGCTCATGCCT,no,train
277,CTTTTTTTTTTTTTTCTTTTTAAG,no,train
240,CTTTTCTCTTTTTTTTTTTTTTTT,yes,train
124,ATTTTATTTTATTATTTTTTTTTA,yes,train
510,GGGCTGGGTGTGGTGGCTCATGCC,yes,train
375,GGCCAGGCGTGGTGGCTCATGCCT,yes,train
134,ATTTTTATTTATTATTATTTTTTA,no,train
837,TTTTTTTTTTTTTCCGAGACAGAG,yes,train
330,GCCAGGTGTGGTGGCTCACGCCTC,yes,train
581,TCCTGGCCAACATGGTGAAACCCC,no,train
277,CTTTTTTTTTTTTTTCTTTTTAAG,no,train
31,AGCTGGGCATGGTGGTTCATGCCT,no,train
18,AGCCAGGCGTGGTACGTAGCTCAC,yes,train
787,TTTTTTGAGACAAGGTCTTGCTCT,no,train
442,GGCTGGGCACAGTGGCTCACACCT,no,train
26,AGCCGGGCGCGGTGGCTCACGCCT,yes,train
189,CCCAGCCTGGGCAACATAGGGAGA,no,train
216,CTGGGCTCAGTGGCTCACACCTGT,yes,train
245,CTTTTCTTTTTCTTTTCTTTTTTT,yes,train
219,CTTATATTTTATTTACTTACTTAA,yes,train
307,GACCGGGTGTGGTGGCTCACACCT,yes,train
148,ATTTTTTTGTTTTTTGGGATGGAG,no,train
287,CTTTTTTTTTTTTTTTTTTAATTG,no,train
750,TTTTGTTTTTTCGTTTGTTTCTTT,no,train
655,TGTGCAGGGACTCATGACTGTAAT,no,train
199,CGCTGGGCGCGGTGGCTCACGCCT,yes,train
699,TTTCTTTTTTTTTGAGACGGAGTC,yes,train
410,GGCCGGGCGCAATGGCTCGCGCCT,no,train
162,ATTTTTTTTTTTTTTTGCGATGAA,no,train
192,CCGGGCGCAGTGGCTCATGCCTGT,yes,train
755,TTTTTATTTTATTTATTTATTTAT,yes,train
296,CTTTTTTTTTTTTTTTTTTTTTTT,yes,train
443,GGCTGGGCACAGTGGCTCACACCT,yes,train
545,GTTTTGTTTTGTTTTTTTGAGACA,no,train
10,AGATCAGGCATGGTGGCTTACACC,no,train
582,TCTCTCTTTTTTTTTTTTTTGAGA,no,train
14,AGCCAGGCATGGTGGTTCACACCT,no,train
839,TTTTTTTTTTTTTGAGACTCAGGA,yes,train
10,AGATCAGGCATGGTGGCTTACACC,no,train
799,TTTTTTTGGTTTTTGTTTTGTTTT,yes,train
68,AGGCTGGCCATGTTGGCTCACGCT,no,train
168,ATTTTTTTTTTTTTTTTTTGACGG,no,train
651,TGGGAGGCCGAGGCGGGCGGATCA,yes,train
277,CTTTTTTTTTTTTTTCTTTTTAAG,yes,train
246,CTTTTGTTGTTTTTGAGACGGGGT,no,train
678,TTTATTATTATTTTTTGAGATGGA,yes,train
357,GGCCAGGCACAATGGCTCACACCT,no,train
307,GACCGGGTGTGGTGGCTCACACCT,yes,train
13,AGCCAGGCATGGTGGCTCATGCCT,no,train
380,GGCCAGGGGCAGTGGTTCATGCCT,no,train
837,TTTTTTTTTTTTTCCGAGACAGAG,yes,train
187,CCAGGTGCAGTGGCTCATGCCTGT,yes,train
419,GGCCGGGCGCGGTGGCTCACGCCT,yes,train
506,GGGCTGGGTGCAGTGCCTCTCGCC,no,train
718,TTTTATTCTTTTTTTTTTTTTTTT,no,train
865,TTTTTTTTTTTTTTTTTGAGACAG,no,train
134,ATTTTTATTTATTATTATTTTTTA,yes,train
43,AGGCCAGACACAATGGCTCATGCT,no,train
336,GCCGGGCGTGGTGGCTCACGCCTG,yes,train
5,ACTCATGCCTGTAATCCCAGCACT,yes,train
551,GTTTTTGAGGCAGGTCGGTCACCC,no,train
419,GGCCGGGCGCGGTGGCTCACGCCT,no,train
720,TTTTATTTTACTTTATTTTTTTTG,no,train
500,GGGCTGGGCACGGTGGCTCATGAC,no,train
519,GGTTGGGCATGGTAGCTCACACCT,yes,train
49,AGGCCAGGTGTGGTAGCTCACGCC,no,train
790,TTTTTTGTTTGTTTTTTGGAGACA,yes,train
191,CCGGGCACGGTGGCTCACACCTGT,yes,train
163,ATTTTTTTTTTTTTTTTCAAGACG,yes,train
396,GGCCGAGCGTGATGGCTCACCCCT,yes,train
111,ATTTATTTATTTTTTTATTTAGAG,yes,train
717,TTTTACTTTTTTTTTTTTTTGGGA,yes,train
492,GGGCCAGGTGTGGTGGCTCACGCC,no,train
879,TTTTTTTTTTTTTTTTTTTTTTTT,yes,train
12,AGCCAGATGTGGTGACATGAACCA,yes,train
733,TTTTCTTTTCTTTTCTTTTTTTTT,yes,train
42,AGGCAGGGTGCAGTGGCTCACGCC,yes,train
22,AGCCAGGTGCGGTGGCTCATGCCT,no,train
404,GGCCGGGCACGGTGGCTCACCTGT,yes,train
310,GACTGGGTGCGGTGGCTCATGCCT,yes,train
200,CGCTGGGTACAGTTGCTTACACCT,no,train
684,TTTATTTTTAATTTTATTTTTGAG,yes,train
509,GGGCTGGGTGCGGTGGCTCACACC,no,train
428,GGCCGGGTGCAGTGGCTCATGCCT,yes,train
155,ATTTTTTTTTTTTTGAGACAGAGT,yes,train
499,GGGCTGGGCACAGTGGCTTACGCC,yes,train
61,AGGCCGGGTGCAGTGGATCCCAGC,no,train
460,GGCTGGGCGCAGCGGCTCACGCCT,no,train
257,CTTTTTTACTTTATTTATTCTAGA,yes,train
321,GCAGTGGTTCGCACCTATAAGCCC,no,train
793,TTTTTTGTTTTGTTTTTTTTGAGA,no,train
290,CTTTTTTTTTTTTTTTTTTTAATT,no,train
556,GTTTTTTGTTTGTTTGTTTGTTTT,no,train
563,GTTTTTTTGTTTGTTTTGCTTTTT,no,train
760,TTTTTCTTATCTTTTTTTTTTTCC,yes,train
114,ATTTATTTTATTTTTTATTGTTTT,yes,train
390,GGCCAGGTGTAGCGGCCCACACCT,yes,train
595,TGCCGGGCGCGGTGGCTCACGTCT,no,train
706,TTTGAGATGGAGTCTTGCTTCATT,yes,train
146,ATTTTTTTGGACATGGCCTTGCTC,no,train
508,GGGCTGGGTGCCGTGGCTCACGCC,yes,train
829,TTTTTTTTTTTTAAAGACAGGGTC,yes,train
655,TGTGCAGGGACTCATGACTGTAAT,yes,train
61,AGGCCGGGTGCAGTGGATCCCAGC,no,train
626,TGGCCGGGCATGGTGGCTCACGCC,no,train
220,CTTCTTTTTTTTTTTTCTTTTGAG,yes,train
575,TAGTGCAATGGCGCAATCCTGGCT,yes,train
277,CTTTTTTTTTTTTTTCTTTTTAAG,yes,train
150,ATTTTTTTTTCTTTTTCAGAGTTT,no,train
24,AGCCGGGCATGGTGGCTCACGCCC,yes,train
768,TTTTTGGTTTTTTTTGTTTTTTTT,no,train
779,TTTTTTATTTTTTATTTTATTTTA,no,train
384,GGCCAGGTGCAGTGGCTCACGCCT,no,train
701,TTTCTTTTTTTTTTTTTTTTTTTT,yes,train
227,CTTTCTCACTCAGGCTGCAGTGAG,yes,train
420,GGCCGGGCGCGGTGGCTCACGCCT,no,train
781,TTTTTTATTTTTTTGAGATGGAGT,yes,train
580,TCCAGGCATGGTGGCTCACATCTG,yes,train
56,AGGCCGGGCATGGTGGCTCACGCT,no,train
406,GGCCGGGCACGGTGGCTCACGCCT,yes,train
532,GTTGTTTTGTTTTGTTTTGAGACA,no,train
447,GGCTGGGCACGAGGGCTCATGTCT,yes,train
292,CTTTTTTTTTTTTTTTTTTTTTAC,yes,train
699,TTTCTTTTTTTTTGAGACGGAGTC,no,train
162,ATTTTTTTTTTTTTTTGCGATGAA,yes,train
438,GGCTGCGTGCAGTGGCTCACGCCT,yes,train
8,AGACTGGGCGTGGTGGCTCACGCC,yes,train
58,AGGCCGGGCGCGGTGGCTCACGCC,yes,train
376,GGCCAGGCTCTGTGACTCACGCCT,no,train
568,GTTTTTTTTTTTGAGACGGAGTCT,no,train
410,GGCCGGGCGCAATGGCTCGCGCCT,no,train
68,AGGCTGGCCATGTTGGCTCACGCT,no,train
86,AGGCTGGGTGTGGTGGCTCACGCC,no,train
83,AGGCTGGGTGCGCTGTGGCTCATG,yes,train
531,GTTGTTTGTCTGCTTGTTTGCGAC,no,train
714,TTTGTTTTGTTTTTTGTTTTGAGA,no,train
715,TTTGTTTTTGTTTTTTTTGTTTTT,yes,train
199,CGCTGGGCGCGGTGGCTCACGCCT,no,train
42,AGGCAGGGTGCAGTGGCTCACGCC,no,train
775,TTTTTTAGGGATAGGGTCTTGCTG,no,train
439,GGCTGGATGCAGTGGCTCATGCCT,yes,train
231,CTTTCTTTTTTTTTTTTTTTTTTT,yes,train
403,GGCCGGGCACGGTGACTCATGCCT,no,train
807,TTTTTTTTCTTTCTTTTTATTTCT,yes,train
688,TTTCCTTTTTTTTTTTTTTCTTTT,yes,train
488,GGGCCAGGCGCTGTGGCTCACACC,no,train
252,CTTTTTCTTTTTCTTTCTTTCTTT,yes,train
509,GGGCTGGGTGCGGTGGCTCACACC,no,train
305,GACCCAGTGCGGTGGCTCACGCCT,yes,train
701,TTTCTTTTTTTTTTTTTTTTTTTT,yes,train
154,ATTTTTTTTTTTGAGATGGAGTCT,no,train
529,GTTCTTTTTTTTTTAGACAGCGTT,yes,train
851,TTTTTTTTTTTTTTGAGATGGAGT,no,train
695,TTTCTTTTCTTTCCTTTCTTTTTT,no,train
58,AGGCCGGGCGCGGTGGCTCACGCC,no,train
10,AGATCAGGCATGGTGGCTTACACC,no,train
867,TTTTTTTTTTTTTTTTTTTGAGAT,yes,train
451,GGCTGGGCACGGTGGCTCATGCCT,yes,train
163,ATTTTTTTTTTTTTTTTCAAGACG,yes,train
696,TTTCTTTTTTCTAAGACAGAGTCT,no,train
768,TTTTTGGTTTTTTTTGTTTTTTTT,yes,train
16,AGCCAGGCGCAGTGGCTCACGCCT,no,train
256,CTTTTTGATTGATTGTTTGTTATG,no,train
823,TTTTTTTTTTTGAGACAATGTCTC,no,train
688,TTTCCTTTTTTTTTTTTTTCTTTT,no,train
309,GACTGGGTGCCATGGCTCATGCCT,no,train
640,TGGCTGGGCACGGTGGCTCACGCC,no,train
199,CGCTGGGCGCGGTGGCTCACGCCT,yes,train
354,GGCCAAGCATGGTGGCTCACACCT,yes,train
175,ATTTTTTTTTTTTTTTTTTTTTTG,yes,train
527,GTTCTTGTTTTTGTTTTGTTTTTT,yes,train
273,CTTTTTTTTTTTTTGAGACAGAAT,yes,train
248,CTTTTTATTTTATTTTATTCTATT,no,train
304,GACCAGGTGTGGTGGCTCACACCA,yes,train
534,GTTTCCTTTTTCTTCATTTCTATT,no,train
661,TTCTTTTGTTTTTTTGAGATGGAG,yes,train
655,TGTGCAGGGACTCATGACTGTAAT,yes,train
534,GTTTCCTTTTTCTTCATTTCTATT,yes,train
395,GGCCGAGCGCAGTGGCTCACGCCT,yes,train
430,GGCCGGTCACGGTGGCTCACGCCT,yes,train
312,GAGACAGGTTCTTGATCTGTCACT,no,train
684,TTTATTTTTAATTTTATTTTTGAG,yes,train
351,GGCACGGTGGCTCACGCCTGTAAT,no,train
356,GGCCAGAGACTGTGGCTCATGCCT,no,train
623,TGGCCGGGCACGGTGGCTCACACC,yes,train
211,CTCACGCCTGTAATCCCAGCACTT,no,train
496,GGGCCGGGTGCAGTGACTCACGCC,yes,train
18,AGCCAGGCGTGGTACGTAGCTCAC,no,train
344,GCTGGGCACAGTAGCTCATGCCTG,no,train
354,GGCCAAGCATGGTGGCTCACACCT,yes,train
101,ATTCTTTGTTTTTTTTTGAGATGG,yes,train
715,TTTGTTTTTGTTTTTTTTGTTTTT,no,train
436,GGCTAGGCGCAGTGGCTCACTCCT,no,train
661,TTCTTTTGTTTTTTTGAGATGGAG,yes,train
238,CTTTTCGTTGTTGTTGAGACAGGG,no,train
165,ATTTTTTTTTTTTTTTTGAGACAG,yes,train
186,CCAGGCGCGGTGGCTCACACCTAT,yes,train
47,AGGCCAGGCGTGGTGGCTCATGCC,yes,train
364,GGCCAGGCACGGTGGGTCACGCCT,yes,train
173,ATTTTTTTTTTTTTTTTTTTTTGA,yes,train
760,TTTTTCTTATCTTTTTTTTTTTCC,yes,train
409,GGCCGGGCCCAGTGGCTCACACCT,no,train
625,TGGCCGGGCATGGTGGCTCACGCC,no,train
33,AGCTGGGCGCAGTGGCTCACGCCT,yes,train
373,GGCCAGGCGCGGTGGCTCATCCCT,yes,train
881,TTTTTTTTTTTTTTTTTTTTTTTT,no,train
801,TTTTTTTGTTTATGTGTTTGTTTT,yes,train
346,GCTGGGCATGGTGGCTCATGCCTG,yes,train
357,GGCCAGGCACAATGGCTCACACCT,no,train
348,GCTGGGTGGGGTGGCTCACACCCG,no,train
767,TTTTTGAGACAGAGTCTCGCTCTT,no,train
512,GGGGGCAGAGGTGGGCGGATCACC,yes,train
346,GCTGGGCATGGTGGCTCATGCCTG,no,train
277,CTTTTTTTTTTTTTTCTTTTTAAG,yes,train
875,TTTTTTTTTTTTTTTTTTTTTTTA,yes,train
368,GGCCAGGCATGGTGGTTCACGCCT,yes,train
352,GGCAGGGTGCGGTGGCTCATGCCT,no,train
54,AGGCCGGGCACTGTGGCTTACACA,yes,train
243,CTTTTCTTTTCTTTTCTTTCTTTT,no,train
47,AGGCCAGGCGTGGTGGCTCATGCC,no,train
706,TTTGAGATGGAGTCTTGCTTCATT,no,train
716,TTTGTTTTTTTTGTTTTTTTGACA,yes,train
763,TTTTTCTTTGAGACAGAGTCACTC,yes,train
774,TTTTTTAAGATGGAATCTTGCTCT,yes,train
53,AGGCCGGGCACGGTGGCTCACACC,no,train
104,ATTCTTTTTTTTTTTCTTCTTTGA,no,train
660,TTCTTTTATTTTTTTTGAGATGGA,no,train
250,CTTTTTATTTTTTTGAGACAGTCT,no,train
296,CTTTTTTTTTTTTTTTTTTTTTTT,no,train
134,ATTTTTATTTATTATTATTTTTTA,no,train
222,CTTTATTATTTTATTTTTTTTGAG,yes,train
355,GGCCAGACGTGGTGGCTCACGCCT,no,train
368,GGCCAGGCATGGTGGTTCACGCCT,yes,train
601,TGGCCAGACACAGTGGCTCATGCC,no,train
701,TTTCTTTTTTTTTTTTTTTTTTTT,no,train
352,GGCAGGGTGCGGTGGCTCATGCCT,yes,train
787,TTTTTTGAGACAAGGTCTTGCTCT,yes,train
801,TTTTTTTGTTTATGTGTTTGTTTT,yes,train
846,TTTTTTTTTTTTTTCTTTTTTTTG,no,train
344,GCTGGGCACAGTAGCTCATGCCTG,no,train
543,GTTTTGTTTTGTTTTGAAAGAACG,yes,train
625,TGGCCGGGCATGGTGGCTCACGCC,yes,train
346,GCTGGGCATGGTGGCTCATGCCTG,yes,train
322,GCCAGGCACGGTGGCTCACGCCTG,no,train
134,ATTTTTATTTATTATTATTTTTTA,yes,train
774,TTTTTTAAGATGGAATCTTGCTCT,no,train
355,GGCCAGACGTGGTGGCTCACGCCT,yes,train
192,CCGGGCGCAGTGGCTCATGCCTGT,no,train
414,GGCCGGGCGCAGTGGCTCATGCCT,no,train
155,ATTTTTTTTTTTTTGAGACAGAGT,yes,train
655,TGTGCAGGGACTCATGACTGTAAT,yes,train
417,GGCCGGGCGCGGTGGCTCACACCT,yes,train
22,AGCCAGGTGCGGTGGCTCATGCCT,no,train
719,TTTTATTTATTTATTTTTTGAGAG,no,train
146,ATTTTTTTGGACATGGCCTTGCTC,no,train
240,CTTTTCTCTTTTTTTTTTTTTTTT,yes,train
355,GGCCAGACGTGGTGGCTCACGCCT,no,train
98,ATGATGGGCTCTCCTTACATATAT,yes,train
322,GCCAGGCACGGTGGCTCACGCCTG,yes,train
131,ATTTTGTTGTTGTTATTTGTTTCT,yes,train
278,CTTTTTTTTTTTTTTGAGACGGAG,yes,train
346,GCTGGGCATGGTGGCTCATGCCTG,yes,train
676,TTGTTTTTTTTTAATTTTTTAATT,yes,train
717,TTTTACTTTTTTTTTTTTTTGGGA,yes,train
488,GGGCCAGGCGCTGTGGCTCACACC,yes,train
815,TTTTTTTTTCTTTTTTCTTTTTTC,no,train
9,AGAGTCTCACTTTGTTGCCCAGGC,yes,train
161,ATTTTTTTTTTTTTTTAGATGGAG,yes,train
825,TTTTTTTTTTTGAGACGGAGTCTC,no,train
436,GGCTAGGCGCAGTGGCTCACTCCT,no,train
594,TGCCGGGCATGGTGGCTTGCACCT,yes,train
161,ATTTTTTTTTTTTTTTAGATGGAG,no,train
431,GGCCGGTCGTGGTGGCTCATGCCT,no,train
258,CTTTTTTATTTTTATTTTTTTGAG,no,train
643,TGGCTGGGCCCGGTGGCTCATGCC,yes,train
84,AGGCTGGGTGCTATGGCTCACGTC,yes,train
445,GGCTGGGCACAGTGGCTCATGCCT,no,train
661,TTCTTTTGTTTTTTTGAGATGGAG,yes,train
346,GCTGGGCATGGTGGCTCATGCCTG,no,train
582,TCTCTCTTTTTTTTTTTTTTGAGA,no,train
745,TTTTGTTTTAATATTTTTTTTCTT,no,train
580,TCCAGGCATGGTGGCTCACATCTG,yes,train
837,TTTTTTTTTTTTTCCGAGACAGAG,yes,train
496,GGGCCGGGTGCAGTGACTCACGCC,no,train
787,TTTTTTGAGACAAGGTCTTGCTCT,yes,train
734,TTTTCTTTTCTTTTTCTTTTTCTT,no,train
174,ATTTTTTTTTTTTTTTTTTTTTTG,no,train
571,GTTTTTTTTTTTTTTTTTTTAGAT,no,train
336,GCCGGGCGTGGTGGCTCACGCCTG,yes,train
774,TTTTTTAAGATGGAATCTTGCTCT,yes,train
435,GGCGGGGTGTGGTGGCTCATGCCT,no,train
200,CGCTGGGTACAGTTGCTTACACCT,no,train
690,TTTCTGTTTTTTGTTTTTTTTTTT,yes,train
118,ATTTCCTTCTTTTTTTTTTTGAGA,yes,train
585,TCTTTTTTTTTTTTTCTTTTTGAG,yes,train
825,TTTTTTTTTTTGAGACGGAGTCTC,yes,train
594,TGCCGGGCATGGTGGCTTGCACCT,yes,train
500,GGGCTGGGCACGGTGGCTCATGAC,yes,train
780,TTTTTTATTTTTTGAGGTGGAGTC,yes,train
353,GGCCAAACATGGTGCCCCACGCCT,yes,train
376,GGCCAGGCTCTGTGACTCACGCCT,no,train
83,AGGCTGGGTGCGCTGTGGCTCATG,no,train
439,GGCTGGATGCAGTGGCTCATGCCT,no,train
39,AGGACAGGCGCGGTGGCTCACGCC,yes,train
512,GGGGGCAGAGGTGGGCGGATCACC,no,train
248,CTTTTTATTTTATTTTATTCTATT,no,train
176,ATTTTTTTTTTTTTTTTTTTTTTT,no,train
354,GGCCAAGCATGGTGGCTCACACCT,no,train
159,ATTTTTTTTTTTTTTCTTGGAATG,no,train
644,TGGCTGGGCGCGGTGGCTCACGCC,yes,train
47,AGGCCAGGCGTGGTGGCTCATGCC,no,train
17,AGCCAGGCGCGGTGGCTCAAGCCT,no,train
227,CTTTCTCACTCAGGCTGCAGTGAG,no,train
506,GGGCTGGGTGCAGTGCCTCTCGCC,yes,train
5,ACTCATGCCTGTAATCCCAGCACT,yes,train
719,TTTTATTTATTTATTTTTTGAGAG,yes,train
563,GTTTTTTTGTTTGTTTTGCTTTTT,no,train
674,TTGTTTGTTGTTTTTGAGACAGAG,yes,train
468,GGCTGGGCGTGGTGGCTCACGCCT,no,train
333,GCCGGGCATGGTGGCTCACGCCTG,no,train
22,AGCCAGGTGCGGTGGCTCATGCCT,no,train
545,GTTTTGTTTTGTTTTTTTGAGACA,no,train
690,TTTCTGTTTTTTGTTTTTTTTTTT,yes,train
296,CTTTTTTTTTTTTTTTTTTTTTTT,yes,train
504,GGGCTGGGCGCGGTGGCTCTCGCC,yes,train
28,AGCTGGACGCAGTAGCTAATGCCT,yes,train
168,ATTTTTTTTTTTTTTTTTTGACGG,no,train
661,TTCTTTTGTTTTTTTGAGATGGAG,yes,train
632,TGGCCGGGCGCGGTGGCTCATGCC,no,train
553,GTTTTTGTTTTGTTGTTTTTTTGA,yes,train
538,GTTTTCTTTTCTTTTCTTTTTTTT,no,train
160,ATTTTTTTTTTTTTTGAGATGGAG,no,train
488,GGGCCAGGCGCTGTGGCTCACACC,no,train
757,TTTTTATTTTTATTTTATTTTTTA,yes,train
792,TTTTTTGTTTTGTTTTGTTTGAGA,yes,train
124,ATTTTATTTTATTATTTTTTTTTA,yes,train
43,AGGCCAGACACAATGGCTCATGCT,no,train
661,TTCTTTTGTTTTTTTGAGATGGAG,yes,train
515,GGTCAGGCACAGTGGCTTACACCT,no,train
737,TTTTCTTTTTTTCTTTTTTGAGAT,yes,train
582,TCTCTCTTTTTTTTTTTTTTGAGA,yes,train
831,TTTTTTTTTTTTCCGAGATGGAAT,no,train
29,AGCTGGGCACGTGGCTCACACCTG,yes,train
281,CTTTTTTTTTTTTTTGAGATGGAG,yes,train
363,GGCCAGGCACGGTGGCTCACGCCT,yes,train
547,GTTTTGTTTTTCTTTCTTTTTTTT,yes,train
22,AGCCAGGTGCGGTGGCTCATGCCT,no,train
47,AGGCCAGGCGTGGTGGCTCATGCC,no,train
684,TTTATTTTTAATTTTATTTTTGAG,yes,train
280,CTTTTTTTTTTTTTTGAGAGGGAG,no,train
417,GGCCGGGCGCGGTGGCTCACACCT,no,train
468,GGCTGGGCGTGGTGGCTCACGCCT,no,train
124,ATTTTATTTTATTATTTTTTTTTA,no,train
42,AGGCAGGGTGCAGTGGCTCACGCC,yes,train
643,TGGCTGGGCCCGGTGGCTCATGCC,yes,train
397,GGCCGGCAAGGTGGCTCACGCCTG,no,train
516,GGTCGGGCACGGTGGCTCATGCCT,no,train
790,TTTTTTGTTTGTTTTTTGGAGACA,yes,train
479,GGCTTGGTGCAGTGACGACACACC,no,train
640,TGGCTGGGCACGGTGGCTCACGCC,yes,train
755,TTTTTATTTTATTTATTTATTTAT,yes,train
333,GCCGGGCATGGTGGCTCACGCCTG,no,train
16,AGCCAGGCGCAGTGGCTCACGCCT,no,train
338,GCGCAGTGGCTCACGCCTGTAATC,no,train
530,GTTCTTTTTTTTTTTTTTTTTTTC,no,train
847,TTTTTTTTTTTTTTGAGACACAGT,no,train
375,GGCCAGGCGTGGTGGCTCATGCCT,yes,train
118,ATTTCCTTCTTTTTTTTTTTGAGA,yes,train
43,AGGCCAGACACAATGGCTCATGCT,yes,train
211,CTCACGCCTGTAATCCCAGCACTT,no,train
625,TGGCCGGGCATGGTGGCTCACGCC,no,train
130,ATTTTGTATTTATTTATTTATTTA,no,train
186,CCAGGCGCGGTGGCTCACACCTAT,yes,train
338,GCGCAGTGGCTCACGCCTGTAATC,yes,train
243,CTTTTCTTTTCTTTTCTTTCTTTT,no,train
259,CTTTTTTCTTTATTTTTTTTTAGA,no,train
105,ATTCTTTTTTTTTTTTTGAGATGG,no,train
41,AGGCAGGGCGAGGTGGCTCAAACC,no,train
643,TGGCTGGGCCCGGTGGCTCATGCC,no,train
521,GTCGGGCACGGTGGCTCACGCCTG,no,train
701,TTTCTTTTTTTTTTTTTTTTTTTT,yes,train
503,GGGCTGGGCCCATTAGCTCACACC,no,train
301,GACAGAGTCTTGCTCTGTCACCCA,no,train
296,CTTTTTTTTTTTTTTTTTTTTTTT,yes,train
4,ACAGTGGCTCACACCTTTGATCCC,yes,train
404,GGCCGGGCACGGTGGCTCACCTGT,no,train
296,CTTTTTTTTTTTTTTTTTTTTTTT,yes,train
538,GTTTTCTTTTCTTTTCTTTTTTTT,no,train
625,TGGCCGGGCATGGTGGCTCACGCC,no,train
245,CTTTTCTTTTTCTTTTCTTTTTTT,yes,train
616,TGGCCAGGCGTAGTGGCTCATGCC,no,train
186,CCAGGCGCGGTGGCTCACACCTAT,no,train
187,CCAGGTGCAGTGGCTCATGCCTGT,no,train
325,GCCAGGCATGGTGGCTCACACCTG,no,train
531,GTTGTTTGTCTGCTTGTTTGCGAC,yes,train
116,ATTTATTTTTATTTTTATTTTTTT,yes,train
655,TGTGCAGGGACTCATGACTGTAAT,yes,train
380,GGCCAGGGGCAGTGGTTCATGCCT,no,train
575,TAGTGCAATGGCGCAATCCTGGCT,no,train
223,CTTTATTTATTTATTTATTTATGA,no,train
310,GACTGGGTGCGGTGGCTCATGCCT,no,train
392,GGCCAGGTGTGGTGGCTCACACCT,no,train
823,TTTTTTTTTTTGAGACAATGTCTC,no,train
369,GGCCAGGCCCAGTGGCTCACACCT,no,train
252,CTTTTTCTTTTTCTTTCTTTCTTT,yes,train
182,CAGTGGCTCACACCTGTAATCCCA,no,train
731,TTTTCTTTTCTTGTGTGTTTTTTT,no,train
793,TTTTTTGTTTTGTTTTTTTTGAGA,yes,train
199,CGCTGGGCGCGGTGGCTCACGCCT,yes,train
608,TGGCCAGGCATAATGGCTTATGCC,yes,train
79,AGGCTGGGCGTGGTGGCTCACATC,no,train
99,ATTATTATTATTATTTTATTTTAT,yes,train
39,AGGACAGGCGCGGTGGCTCACGCC,yes,train
688,TTTCCTTTTTTTTTTTTTTCTTTT,yes,train
116,ATTTATTTTTATTTTTATTTTTTT,no,train
513,GGGTTGGGCACGGTGGCGCATGCC,yes,train
396,GGCCGAGCGTGATGGCTCACCCCT,no,train
26,AGCCGGGCGCGGTGGCTCACGCCT,no,train
551,GTTTTTGAGGCAGGTCGGTCACCC,no,train
862,TTTTTTTTTTTTTTTTGAGATGGA,no,train
428,GGCCGGGTGCAGTGGCTCATGCCT,no,train
175,ATTTTTTTTTTTTTTTTTTTTTTG,yes,train
586,TGACAGGGTCTGTCTCTGTCACAC,no,train
675,TTGTTTTTTGTTTTTTTGTTTTTT,yes,train
485,GGGCCAGGCGCAGTGGCTCACGCC,yes,train
851,TTTTTTTTTTTTTTGAGATGGAGT,yes,train
430,GGCCGGTCACGGTGGCTCACGCCT,yes,train
623,TGGCCGGGCACGGTGGCTCACACC,yes,train
512,GGGGGCAGAGGTGGGCGGATCACC,yes,train
485,GGGCCAGGCGCAGTGGCTCACGCC,yes,train
254,CTTTTTGAGACGAGGTCTCACTGT,yes,train
584,TCTTGTTTTTTGTTTTTTTTTTGA,yes,train
847,TTTTTTTTTTTTTTGAGACACAGT,yes,train
243,CTTTTCTTTTCTTTTCTTTCTTTT,yes,train
196,CGCAGAGGCAGGCGGATCACTTGA,no,train
512,GGGGGCAGAGGTGGGCGGATCACC,yes,train
320,GCAGTGGCCCACGCCTGTAATCCC,yes,train
131,ATTTTGTTGTTGTTATTTGTTTCT,yes,train
479,GGCTTGGTGCAGTGACGACACACC,no,train
839,TTTTTTTTTTTTTGAGACTCAGGA,yes,train
640,TGGCTGGGCACGGTGGCTCACGCC,yes,train
817,TTTTTTTTTGTTTTAGAAGGAGTT,yes,train
737,TTTTCTTTTTTTCTTTTTTGAGAT,yes,train
807,TTTTTTTTCTTTCTTTTTATTTCT,no,train
322,GCCAGGCACGGTGGCTCACGCCTG,no,train
192,CCGGGCGCAGTGGCTCATGCCTGT,yes,train
85,AGGCTGGGTGTGGTGGCTCACGCC,no,train
623,TGGCCGGGCACGGTGGCTCACACC,yes,train
147,ATTTTTTTGTTGTTGTTGTGACTG,yes,train
737,TTTTCTTTTTTTCTTTTTTGAGAT,yes,train
731,TTTTCTTTTCTTGTGTGTTTTTTT,no,train
718,TTTTATTCTTTTTTTTTTTTTTTT,yes,train
678,TTTATTATTATTTTTTGAGATGGA,no,train
604,TGGCCAGGCACAGTAACTCCTGCC,no,train
847,TTTTTTTTTTTTTTGAGACACAGT,no,train
260,CTTTTTTCTTTCTTTTTTTGAGAT,no,train
182,CAGTGGCTCACACCTGTAATCCCA,no,train
292,CTTTTTTTTTTTTTTTTTTTTTAC,yes,train
862,TTTTTTTTTTTTTTTTGAGATGGA,no,train
375,GGCCAGGCGTGGTGGCTCATGCCT,yes,train
201,CGGCCAGGCACAGTGACTTACACC,no,train
873,TTTTTTTTTTTTTTTTTTTTTGAG,no,train
642,TGGCTGGGCATGGTGGGTGCCTGT,no,train
476,GGCTGGGTGCGGTGGCTCACGCCT,yes,train
257,CTTTTTTACTTTATTTATTCTAGA,no,train
774,TTTTTTAAGATGGAATCTTGCTCT,yes,train
544,GTTTTGTTTTGTTTTTTGTTTTGA,no,train
343,GCTGGGCACAATGGTTCACACCTG,yes,train
617,TGGCCAGGTGCGGTGGCTCACGCC,no,train
264,CTTTTTTTCATTTTTTTTTTTTTT,yes,train
395,GGCCGAGCGCAGTGGCTCACGCCT,yes,train
863,TTTTTTTTTTTTTTTTTGAGACAC,no,train
41,AGGCAGGGCGAGGTGGCTCAAACC,yes,train
375,GGCCAGGCGTGGTGGCTCATGCCT,yes,train
623,TGGCCGGGCACGGTGGCTCACACC,yes,train
354,GGCCAAGCATGGTGGCTCACACCT,yes,train
56,AGGCCGGGCATGGTGGCTCACGCT,yes,train
246,CTTTTGTTGTTTTTGAGACGGGGT,no,train
543,GTTTTGTTTTGTTTTGAAAGAACG,no,train
459,GGCTGGGCCCGGTGGCTCATGCCT,yes,train
854,TTTTTTTTTTTTTTTGAGACGGAG,no,train
218,CTGGGTGCTGTGGCTCATGCTTGT,no,train
207,CGGCTGGGCACGGTGGCTCACGCC,no,train
595,TGCCGGGCGCGGTGGCTCACGTCT,no,train
419,GGCCGGGCGCGGTGGCTCACGCCT,no,train
582,TCTCTCTTTTTTTTTTTTTTGAGA,no,train
199,CGCTGGGCGCGGTGGCTCACGCCT,yes,train
223,CTTTATTTATTTATTTATTTATGA,yes,train
375,GGCCAGGCGTGGTGGCTCATGCCT,yes,train
575,TAGTGCAATGGCGCAATCCTGGCT,yes,train
688,TTTCCTTTTTTTTTTTTTTCTTTT,yes,train
35,AGCTGGGTGCGGTGGCTCACACCT,no,train
532,GTTGTTTTGTTTTGTTTTGAGACA,no,train
357,GGCCAGGCACAATGGCTCACACCT,no,train
201,CGGCCAGGCACAGTGACTTACACC,no,train
257,CTTTTTTACTTTATTTATTCTAGA,no,train
591,TGCCGAGTGGAGTGGCTCACACCT,no,train
544,GTTTTGTTTTGTTTTTTGTTTTGA,yes,train
390,GGCCAGGTGTAGCGGCCCACACCT,no,train
369,GGCCAGGCCCAGTGGCTCACACCT,yes,train
688,TTTCCTTTTTTTTTTTTTTCTTTT,no,train
601,TGGCCAGACACAGTGGCTCATGCC,no,train
591,TGCCGAGTGGAGTGGCTCACACCT,no,train
763,TTTTTCTTTGAGACAGAGTCACTC,no,train
56,AGGCCGGGCATGGTGGCTCACGCT,yes,train
714,TTTGTTTTGTTTTTTGTTTTGAGA,no,train
379,GGCCAGGGGCAGTGGCTCACGCCT,no,train
192,CCGGGCGCAGTGGCTCATGCCTGT,yes,train
363,GGCCAGGCACGGTGGCTCACGCCT,no,train
201,CGGCCAGGCACAGTGACTTACACC,no,train
246,CTTTTGTTGTTTTTGAGACGGGGT,no,train
322,GCCAGGCACGGTGGCTCACGCCTG,yes,train
453,GGCTGGGCACGGTGGCTCTCGCCT,no,train
763,TTTTTCTTTGAGACAGAGTCACTC,yes,train
479,GGCTTGGTGCAGTGACGACACACC,no,train
414,GGCCGGGCGCAGTGGCTCATGCCT,yes,train
227,CTTTCTCACTCAGGCTGCAGTGAG,yes,train
793,TTTTTTGTTTTGTTTTTTTTGAGA,yes,train
355,GGCCAGACGTGGTGGCTCACGCCT,yes,train
499,GGGCTGGGCACAGTGGCTTACGCC,no,train
401,GGCCGGGCACAGTGGCTCATGCCT,no,train
281,CTTTTTTTTTTTTTTGAGATGGAG,no,train
706,TTTGAGATGGAGTCTTGCTTCATT,no,train
320,GCAGTGGCCCACGCCTGTAATCCC,no,train
113,ATTTATTTTATTTTTCTGAGATGG,no,train
591,TGCCGAGTGGAGTGGCTCACACCT,no,train
535,GTTTTACTTTTTTTTTTTTTTTTT,yes,train
807,TTTTTTTTCTTTCTTTTTATTTCT,yes,train
406,GGCCGGGCACGGTGGCTCACGCCT,yes,train
227,CTTTCTCACTCAGGCTGCAGTGAG,yes,train
16,AGCCAGGCGCAGTGGCTCACGCCT,yes,train
254,CTTTTTGAGACGAGGTCTCACTGT,yes,train
14,AGCCAGGCATGGTGGTTCACACCT,yes,train
159,ATTTTTTTTTTTTTTCTTGGAATG,no,train
529,GTTCTTTTTTTTTTAGACAGCGTT,yes,train
176,ATTTTTTTTTTTTTTTTTTTTTTT,yes,train
580,TCCAGGCATGGTGGCTCACATCTG,no,train
754,TTTTTATTTAGAGACAAGATCTCA,no,train
734,TTTTCTTTTCTTTTTCTTTTTCTT,no,train
104,ATTCTTTTTTTTTTTCTTCTTTGA,no,train
774,TTTTTTAAGATGGAATCTTGCTCT,no,train
406,GGCCGGGCACGGTGGCTCACGCCT,yes,train
457,GGCTGGGCATGGTGGTTCACACCT,no,train
719,TTTTATTTATTTATTTTTTGAGAG,yes,train
305,GACCCAGTGCGGTGGCTCACGCCT,no,train
321,GCAGTGGTTCGCACCTATAAGCCC,no,train
699,TTTCTTTTTTTTTGAGACGGAGTC,no,train
235,CTTTGTTTTTGTTTTTGTCTTTTG,no,train
625,TGGCCGGGCATGGTGGCTCACGCC,yes,train
571,GTTTTTTTTTTTTTTTTTTTAGAT,no,train
829,TTTTTTTTTTTTAAAGACAGGGTC,yes,train
332,GCCCAGGTTGGAGTGTACTGCTGC,no,train
669,TTGAGACGGAGTTTCACTGGTTGC,no,train
854,TTTTTTTTTTTTTTTGAGACGGAG,yes,train
837,TTTTTTTTTTTTTCCGAGACAGAG,yes,train
620,TGGCCGGGCACAGTGGCTCACGCC,yes,train
223,CTTTATTTATTTATTTATTTATGA,yes,train
456,GGCTGGGCATGGTGGCTCACGCCT,yes,train
462,GGCTGGGCGCAGTGGCTCACTCCT,no,train
168,ATTTTTTTTTTTTTTTTTTGACGG,no,train
801,TTTTTTTGTTTATGTGTTTGTTTT,yes,train
36,AGCTGGGTGTGGTGGCTCATACCT,no,train
175,ATTTTTTTTTTTTTTTTTTTTTTG,no,train
54,AGGCCGGGCACTGTGGCTTACACA,yes,train
750,TTTTGTTTTTTCGTTTGTTTCTTT,yes,train
781,TTTTTTATTTTTTTGAGATGGAGT,yes,train
522,GTGAGACAGAGTTTCACTCTGTCG,yes,train
161,ATTTTTTTTTTTTTTTAGATGGAG,no,train
544,GTTTTGTTTTGTTTTTTGTTTTGA,no,train
292,CTTTTTTTTTTTTTTTTTTTTTAC,no,train
153,ATTTTTTTTTTTGACAGAGTCTTG,yes,train
16,AGCCAGGCGCAGTGGCTCACGCCT,yes,train
553,GTTTTTGTTTTGTTGTTTTTTTGA,no,train
459,GGCTGGGCCCGGTGGCTCATGCCT,yes,train
134,ATTTTTATTTATTATTATTTTTTA,no,train
496,GGGCCGGGTGCAGTGACTCACGCC,no,train
479,GGCTTGGTGCAGTGACGACACACC,yes,train
827,TTTTTTTTTTTGGAGACGGGCTCT,no,train
787,TTTTTTGAGACAAGGTCTTGCTCT,yes,train
162,ATTTTTTTTTTTTTTTGCGATGAA,yes,train
287,CTTTTTTTTTTTTTTTTTTAATTG,no,train
505,GGGCTGGGTGCAGTCGCTCACGCC,yes,train
330,GCCAGGTGTGGTGGCTCACGCCTC,yes,train
815,TTTTTTTTTCTTTTTTCTTTTTTC,yes,train
322,GCCAGGCACGGTGGCTCACGCCTG,yes,train
42,AGGCAGGGTGCAGTGGCTCACGCC,yes,train
801,TTTTTTTGTTTATGTGTTTGTTTT,no,train
18,AGCCAGGCGTGGTACGTAGCTCAC,yes,train
751,TTTTGTTTTTTGTTGTTGTGGTGG,no,train
124,ATTTTATTTTATTATTTTTTTTTA,yes,train
292,CTTTTTTTTTTTTTTTTTTTTTAC,no,train
462,GGCTGGGCGCAGTGGCTCACTCCT,no,train
516,GGTCGGGCACGGTGGCTCATGCCT,no,train
812,TTTTTTTTGTTTGTTTTTTGTTTT,no,train
851,TTTTTTTTTTTTTTGAGATGGAGT,yes,train
175,ATTTTTTTTTTTTTTTTTTTTTTG,no,train
655,TGTGCAGGGACTCATGACTGTAAT,yes,train
541,GTTTTGCTTTTTTTTTTTTTTTTT,yes,train
276,CTTTTTTTTTTTTTTCGGACAGAG,yes,train
158,ATTTTTTTTTTTTTTAATTTTGTT,no,train
512,GGGGGCAGAGGTGGGCGGATCACC,yes,train
87,AGGCTGTTGCTCTGTCACCCAGGA,no,train
769,TTTTTGTTTGTTTGTTTGTTTGTT,no,train
670,TTGCCCAGGCTGGAGTGCAGGGCG,no,train
105,ATTCTTTTTTTTTTTTTGAGATGG,yes,train
82,AGGCTGGGTGCACTGGCTCACGCC,no,train
527,GTTCTTGTTTTTGTTTTGTTTTTT,yes,train
238,CTTTTCGTTGTTGTTGAGACAGGG,no,train
104,ATTCTTTTTTTTTTTCTTCTTTGA,yes,train
363,GGCCAGGCACGGTGGCTCACGCCT,no,train
676,TTGTTTTTTTTTAATTTTTTAATT,no,train
837,TTTTTTTTTTTTTCCGAGACAGAG,yes,train
499,GGGCTGGGCACAGTGGCTTACGCC,no,train
783,TTTTTTCTTGTTTTTCTTTTTTCT,yes,train
439,GGCTGGATGCAGTGGCTCATGCCT,no,train
595,TGCCGGGCGCGGTGGCTCACGTCT,no,train
85,AGGCTGGGTGTGGTGGCTCACGCC,yes,train
755,TTTTTATTTTATTTATTTATTTAT,no,train
823,TTTTTTTTTTTGAGACAATGTCTC,no,train
675,TTGTTTTTTGTTTTTTTGTTTTTT,yes,train
776,TTTTTTATTTGTGTTTTTGTTTGT,yes,train
418,GGCCGGGCGCGGTGGCTCACACCT,no,train
496,GGGCCGGGTGCAGTGACTCACGCC,yes,train
541,GTTTTGCTTTTTTTTTTTTTTTTT,yes,train
803,TTTTTTTGTTTGTTTGTTTTGAGA,yes,train
439,GGCTGGATGCAGTGGCTCATGCCT,yes,train
299,CTTTTTTTTTTTTTTTTTTTTTTT,no,train
227,CTTTCTCACTCAGGCTGCAGTGAG,no,train
595,TGCCGGGCGCGGTGGCTCACGTCT,yes,train
556,GTTTTTTGTTTGTTTGTTTGTTTT,no,train
286,CTTTTTTTTTTTTTTTTGAGACAA,no,train
423,GGCCGGGCGCGGTGGCTCATGCCT,yes,train
250,CTTTTTATTTTTTTGAGACAGTCT,no,train
280,CTTTTTTTTTTTTTTGAGAGGGAG,no,train
837,TTTTTTTTTTTTTCCGAGACAGAG,yes,train
410,GGCCGGGCGCAATGGCTCGCGCCT,yes,train
246,CTTTTGTTGTTTTTGAGACGGGGT,no,train
410,GGCCGGGCGCAATGGCTCGCGCCT,no,train
716,TTTGTTTTTTTTGTTTTTTTGACA,no,train
730,TTTTCTTTGTTTGTTTGTTTGTTT,yes,train
804,TTTTTTTGTTTGTTTTTGAGGCGG,no,train
496,GGGCCGGGTGCAGTGACTCACGCC,yes,train
182,CAGTGGCTCACACCTGTAATCCCA,no,train
200,CGCTGGGTACAGTTGCTTACACCT,yes,train
865,TTTTTTTTTTTTTTTTTGAGACAG,no,train
326,GCCAGGCATGGTGGCTCATGCCTA,no,train
243,CTTTTCTTTTCTTTTCTTTCTTTT,yes,train
655,TGTGCAGGGACTCATGACTGTAAT,yes,train
347,GCTGGGCGTGGTGGCTCACGCCTA,no,train
508,GGGCTGGGTGCCGTGGCTCACGCC,yes,train
348,GCTGGGTGGGGTGGCTCACACCCG,no,train
571,GTTTTTTTTTTTTTTTTTTTAGAT,no,train
329,GCCAGGTGCGGTGGCTCATGCCTG,no,train
192,CCGGGCGCAGTGGCTCATGCCTGT,yes,train
513,GGGTTGGGCACGGTGGCGCATGCC,yes,train
848,TTTTTTTTTTTTTTGAGACAGAGT,yes,train
22,AGCCAGGTGCGGTGGCTCATGCCT,no,train
379,GGCCAGGGGCAGTGGCTCACGCCT,no,train
330,GCCAGGTGTGGTGGCTCACGCCTC,yes,train
201,CGGCCAGGCACAGTGACTTACACC,no,train
452,GGCTGGGCACGGTGGCTCGTGCTT,no,train
173,ATTTTTTTTTTTTTTTTTTTTTGA,yes,train
531,GTTGTTTGTCTGCTTGTTTGCGAC,yes,train
618,TGGCCCGATGCAGTGGCTCATGCC,no,train
669,TTGAGACGGAGTTTCACTGGTTGC,no,train
35,AGCTGGGTGCGGTGGCTCACACCT,no,train
527,GTTCTTGTTTTTGTTTTGTTTTTT,no,train
336,GCCGGGCGTGGTGGCTCACGCCTG,yes,train
287,CTTTTTTTTTTTTTTTTTTAATTG,yes,train
262,CTTTTTTGTTTCGTTGTTTTTCTT,no,train
462,GGCTGGGCGCAGTGGCTCACTCCT,yes,train
571,GTTTTTTTTTTTTTTTTTTTAGAT,no,train
531,GTTGTTTGTCTGCTTGTTTGCGAC,yes,train
790,TTTTTTGTTTGTTTTTTGGAGACA,no,train
613,TGGCCAGGCATGGTGGCTCACACC,no,train
158,ATTTTTTTTTTTTTTAATTTTGTT,no,train
628,TGGCCGGGCGCGCTGGCTCACGCC,no,train
718,TTTTATTCTTTTTTTTTTTTTTTT,yes,train
158,ATTTTTTTTTTTTTTAATTTTGTT,no,train
706,TTTGAGATGGAGTCTTGCTTCATT,no,train
499,GGGCTGGGCACAGTGGCTTACGCC,no,train
9,AGAGTCTCACTTTGTTGCCCAGGC,yes,train
572,GTTTTTTTTTTTTTTTTTTTTGAG,no,train
245,CTTTTCTTTTTCTTTTCTTTTTTT,no,train
114,ATTTATTTTATTTTTTATTGTTTT,yes,train
326,GCCAGGCATGGTGGCTCATGCCTA,no,train
63,AGGCCGGGTGCTGTGGCTCACACC,no,train
572,GTTTTTTTTTTTTTTTTTTTTGAG,no,train
760,TTTTTCTTATCTTTTTTTTTTTCC,yes,train
525,GTGGCACTATCATAGTTCACTATA,no,train
296,CTTTTTTTTTTTTTTTTTTTTTTT,no,train
601,TGGCCAGACACAGTGGCTCATGCC,no,train
660,TTCTTTTATTTTTTTTGAGATGGA,no,train
314,GAGACCAGCCTGACCAATATGGAG,yes,train
751,TTTTGTTTTTTGTTGTTGTGGTGG,yes,train
707,TTTGTGGGATGGAGTTTCACTTGT,no,train
505,GGGCTGGGTGCAGTCGCTCACGCC,no,train
692,TTTCTTTATTTTAATTTTTTTTTT,no,train
488,GGGCCAGGCGCTGTGGCTCACACC,no,train
411,GGCCGGGCGCAGTGGCCCACACCT,yes,train
23,AGCCGGGCACGGTGGCTCACACCT,no,train
306,GACCGGGCGTAGTGGCTCACGCCT,yes,train
39,AGGACAGGCGCGGTGGCTCACGCC,yes,train
793,TTTTTTGTTTTGTTTTTTTTGAGA,yes,train
280,CTTTTTTTTTTTTTTGAGAGGGAG,no,train
459,GGCTGGGCCCGGTGGCTCATGCCT,no,train
580,TCCAGGCATGGTGGCTCACATCTG,no,train
297,CTTTTTTTTTTTTTTTTTTTTTTT,yes,train
545,GTTTTGTTTTGTTTTTTTGAGACA,no,train
354,GGCCAAGCATGGTGGCTCACACCT,yes,train
168,ATTTTTTTTTTTTTTTTTTGACGG,no,train
570,GTTTTTTTTTTTTTTCTTTAGAGA,no,train
527,GTTCTTGTTTTTGTTTTGTTTTTT,yes,train
146,ATTTTTTTGGACATGGCCTTGCTC,no,train
61,AGGCCGGGTGCAGTGGATCCCAGC,no,train
147,ATTTTTTTGTTGTTGTTGTGACTG,yes,train
808,TTTTTTTTCTTTTTCTTTTTCTTT,no,train
102,ATTCTTTTTGAGACAGAGTCTCTG,no,train
272,CTTTTTTTTTTTTGAGACAAGGGT,yes,train
258,CTTTTTTATTTTTATTTTTTTGAG,no,train
752,TTTTGTTTTTTTTTTGTTGTTGTT,no,train
132,ATTTTGTTTTGTTTTGGTTTTTTG,yes,train
381,GGCCAGGTATGGTGGCTCATGCCT,yes,train
104,ATTCTTTTTTTTTTTCTTCTTTGA,no,train
257,CTTTTTTACTTTATTTATTCTAGA,yes,train
8,AGACTGGGCGTGGTGGCTCACGCC,no,train
730,TTTTCTTTGTTTGTTTGTTTGTTT,yes,train
5,ACTCATGCCTGTAATCCCAGCACT,yes,train
359,GGCCAGGCACAGTGGCTCACACCT,no,train
423,GGCCGGGCGCGGTGGCTCATGCCT,yes,train
312,GAGACAGGTTCTTGATCTGTCACT,no,train
466,GGCTGGGCGTAGTGGCTCACACCT,yes,train
618,TGGCCCGATGCAGTGGCTCATGCC,yes,train
344,GCTGGGCACAGTAGCTCATGCCTG,no,train
350,GGCAAGGCATGGTGGCTCATGCCT,yes,train
801,TTTTTTTGTTTATGTGTTTGTTTT,no,train
16,AGCCAGGCGCAGTGGCTCACGCCT,yes,train
617,TGGCCAGGTGCGGTGGCTCACGCC,yes,train
506,GGGCTGGGTGCAGTGCCTCTCGCC,no,train
546,GTTTTGTTTTGTTTTTTTTTTTTT,yes,train
310,GACTGGGTGCGGTGGCTCATGCCT,no,train
862,TTTTTTTTTTTTTTTTGAGATGGA,yes,train
104,ATTCTTTTTTTTTTTCTTCTTTGA,yes,train
58,AGGCCGGGCGCGGTGGCTCACGCC,yes,train
452,GGCTGGGCACGGTGGCTCGTGCTT,no,train
26,AGCCGGGCGCGGTGGCTCACGCCT,no,train
468,GGCTGGGCGTGGTGGCTCACGCCT,no,train
381,GGCCAGGTATGGTGGCTCATGCCT,yes,train
503,GGGCTGGGCCCATTAGCTCACACC,yes,train
350,GGCAAGGCATGGTGGCTCATGCCT,yes,train
809,TTTTTTTTCTTTTTTTTTCTTTTT,yes,train
779,TTTTTTATTTTTTATTTTATTTTA,yes,train
365,GGCCAGGCACTGTGACTCATACCT,yes,train
8,AGACTGGGCGTGGTGGCTCACGCC,no,train
595,TGCCGGGCGCGGTGGCTCACGTCT,no,train
531,GTTGTTTGTCTGCTTGTTTGCGAC,yes,train
200,CGCTGGGTACAGTTGCTTACACCT,yes,train
661,TTCTTTTGTTTTTTTGAGATGGAG,yes,train
250,CTTTTTATTTTTTTGAGACAGTCT,yes,train
387,GGCCAGGTGCGGTGGCTCACACCT,yes,train
617,TGGCCAGGTGCGGTGGCTCACGCC,no,train
16,AGCCAGGCGCAGTGGCTCACGCCT,yes,train
735,TTTTCTTTTTCTTTTCTTTTTTTT,yes,train
672,TTGTTATTTTTTATTTTTATTTTT,yes,train
159,ATTTTTTTTTTTTTTCTTGGAATG,no,train
424,GGCCGGGCGTGGTGGCTCACACCT,yes,train
829,TTTTTTTTTTTTAAAGACAGGGTC,yes,train
110,ATTTATTTATTTTTGAGACAGGGT,no,train
439,GGCTGGATGCAGTGGCTCATGCCT,yes,train
355,GGCCAGACGTGGTGGCTCACGCCT,yes,train
346,GCTGGGCATGGTGGCTCATGCCTG,no,train
359,GGCCAGGCACAGTGGCTCACACCT,no,train
534,GTTTCCTTTTTCTTCATTTCTATT,no,train
329,GCCAGGTGCGGTGGCTCATGCCTG,no,train
663,TTCTTTTTTCTTTTCTTTTTTTTT,no,train
305,GACCCAGTGCGGTGGCTCACGCCT,yes,train
459,GGCTGGGCCCGGTGGCTCATGCCT,yes,train
783,TTTTTTCTTGTTTTTCTTTTTTCT,yes,train
242,CTTTTCTTTTCTTGAGGCAGGGTC,yes,train
625,TGGCCGGGCATGGTGGCTCACGCC,no,train
105,ATTCTTTTTTTTTTTTTGAGATGG,yes,train
684,TTTATTTTTAATTTTATTTTTGAG,yes,train
238,CTTTTCGTTGTTGTTGAGACAGGG,no,train
581,TCCTGGCCAACATGGTGAAACCCC,no,train
47,AGGCCAGGCGTGGTGGCTCATGCC,no,train
763,TTTTTCTTTGAGACAGAGTCACTC,yes,train
551,GTTTTTGAGGCAGGTCGGTCACCC,no,train
342,GCTGGATGCGGTGGCTCACGCCTG,no,train
120,ATTTCTTTTCTTTTTTTTTTTTTT,no,train
537,GTTTTCTTCTGTTTTCTTATATTT,no,train
369,GGCCAGGCCCAGTGGCTCACACCT,no,train
430,GGCCGGTCACGGTGGCTCACGCCT,yes,train
755,TTTTTATTTTATTTATTTATTTAT,yes,train
161,ATTTTTTTTTTTTTTTAGATGGAG,no,train
632,TGGCCGGGCGCGGTGGCTCATGCC,yes,train
846,TTTTTTTTTTTTTTCTTTTTTTTG,yes,train
75,AGGCTGGGCATGGTGGCTCATGCC,no,train
525,GTGGCACTATCATAGTTCACTATA,yes,train
259,CTTTTTTCTTTATTTTTTTTTAGA,yes,train
378,GGCCAGGGATGTTGGCTCACATCT,no,train
240,CTTTTCTCTTTTTTTTTTTTTTTT,no,train
33,AGCTGGGCGCAGTGGCTCACGCCT,no,train
280,CTTTTTTTTTTTTTTGAGAGGGAG,yes,train
401,GGCCGGGCACAGTGGCTCATGCCT,yes,train
250,CTTTTTATTTTTTTGAGACAGTCT,yes,train
660,TTCTTTTATTTTTTTTGAGATGGA,yes,train
172,ATTTTTTTTTTTTTTTTTTTGTGA,no,train
271,CTTTTTTTTTTTTCGAGACACGGT,yes,train
454,GGCTGGGCAGGGTGGCTCACCCCT,no,train
871,TTTTTTTTTTTTTTTTTTTTGAGG,yes,train
825,TTTTTTTTTTTGAGACGGAGTCTC,yes,train
182,CAGTGGCTCACACCTGTAATCCCA,yes,train
501,GGGCTGGGCATGGTGGCTCACACC,no,train
544,GTTTTGTTTTGTTTTTTGTTTTGA,yes,train
378,GGCCAGGGATGTTGGCTCACATCT,no,train
613,TGGCCAGGCATGGTGGCTCACACC,no,train
543,GTTTTGTTTTGTTTTGAAAGAACG,yes,train
186,CCAGGCGCGGTGGCTCACACCTAT,yes,train
191,CCGGGCACGGTGGCTCACACCTGT,yes,train
49,AGGCCAGGTGTGGTAGCTCACGCC,no,train
643,TGGCTGGGCCCGGTGGCTCATGCC,yes,train
338,GCGCAGTGGCTCACGCCTGTAATC,yes,train
500,GGGCTGGGCACGGTGGCTCATGAC,yes,train
525,GTGGCACTATCATAGTTCACTATA,yes,train
254,CTTTTTGAGACGAGGTCTCACTGT,yes,train
854,TTTTTTTTTTTTTTTGAGACGGAG,no,train
563,GTTTTTTTGTTTGTTTTGCTTTTT,yes,train
43,AGGCCAGACACAATGGCTCATGCT,no,train
571,GTTTTTTTTTTTTTTTTTTTAGAT,no,train
346,GCTGGGCATGGTGGCTCATGCCTG,yes,train
346,GCTGGGCATGGTGGCTCATGCCTG,no,train
277,CTTTTTTTTTTTTTTCTTTTTAAG,yes,train
54,AGGCCGGGCACTGTGGCTTACACA,no,train
451,GGCTGGGCACGGTGGCTCATGCCT,yes,train
280,CTTTTTTTTTTTTTTGAGAGGGAG,no,train
14,AGCCAGGCATGGTGGTTCACACCT,yes,train
98,ATGATGGGCTCTCCTTACATATAT,no,train
580,TCCAGGCATGGTGGCTCACATCTG,yes,train
166,ATTTTTTTTTTTTTTTTGAGAGGA,yes,train
544,GTTTTGTTTTGTTTTTTGTTTTGA,yes,train
326,GCCAGGCATGGTGGCTCATGCCTA,no,train
365,GGCCAGGCACTGTGACTCATACCT,no,train
730,TTTTCTTTGTTTGTTTGTTTGTTT,yes,train
642,TGGCTGGGCATGGTGGGTGCCTGT,no,train
803,TTTTTTTGTTTGTTTGTTTTGAGA,no,train
91,AGGTTGGGCATGGTGGCTCACGCC,no,train
871,TTTTTTTTTTTTTTTTTTTTGAGG,yes,train
760,TTTTTCTTATCTTTTTTTTTTTCC,no,train
49,AGGCCAGGTGTGGTAGCTCACGCC,no,train
397,GGCCGGCAAGGTGGCTCACGCCTG,no,train
837,TTTTTTTTTTTTTCCGAGACAGAG,yes,train
238,CTTTTCGTTGTTGTTGAGACAGGG,no,train
54,AGGCCGGGCACTGTGGCTTACACA,no,train
290,CTTTTTTTTTTTTTTTTTTTAATT,no,train
432,GGCCTGGCACAGTGGCTCATGCCT,no,train
389,GGCCAGGTGGCGGTGGTTCACACC,no,train
397,GGCCGGCAAGGTGGCTCACGCCTG,no,train
862,TTTTTTTTTTTTTTTTGAGATGGA,no,train
201,CGGCCAGGCACAGTGACTTACACC,yes,train
457,GGCTGGGCATGGTGGTTCACACCT,yes,train
695,TTTCTTTTCTTTCCTTTCTTTTTT,no,train
452,GGCTGGGCACGGTGGCTCGTGCTT,no,train
776,TTTTTTATTTGTGTTTTTGTTTGT,yes,train
283,CTTTTTTTTTTTTTTTGAGATGGA,yes,train
35,AGCTGGGTGCGGTGGCTCACACCT,no,train
395,GGCCGAGCGCAGTGGCTCACGCCT,yes,train
209,CGGCTGGGTGCGGTGGCTCACGCC,yes,train
243,CTTTTCTTTTCTTTTCTTTCTTTT,yes,train
535,GTTTTACTTTTTTTTTTTTTTTTT,no,train
124,ATTTTATTTTATTATTTTTTTTTA,yes,train
847,TTTTTTTTTTTTTTGAGACACAGT,yes,train
360,GGCCAGGCACAGTGGCTCACGCCT,no,train
519,GGTTGGGCATGGTAGCTCACACCT,no,train
79,AGGCTGGGCGTGGTGGCTCACATC,no,train
277,CTTTTTTTTTTTTTTCTTTTTAAG,no,train
510,GGGCTGGGTGTGGTGGCTCATGCC,yes,train
254,CTTTTTGAGACGAGGTCTCACTGT,yes,train
551,GTTTTTGAGGCAGGTCGGTCACCC,no,train
385,GGCCAGGTGCAGTGGCTCATGCTT,no,train
755,TTTTTATTTTATTTATTTATTTAT,yes,train
372,GGCCAGGCGCGGTGGCTCACGCCT,no,train
155,ATTTTTTTTTTTTTGAGACAGAGT,no,train
545,GTTTTGTTTTGTTTTTTTGAGACA,no,train
355,GGCCAGACGTGGTGGCTCACGCCT,no,train
330,GCCAGGTGTGGTGGCTCACGCCTC,yes,train
642,TGGCTGGGCATGGTGGGTGCCTGT,no,train
584,TCTTGTTTTTTGTTTTTTTTTTGA,no,train
457,GGCTGGGCATGGTGGTTCACACCT,no,train
389,GGCCAGGTGGCGGTGGTTCACACC,yes,train
256,CTTTTTGATTGATTGTTTGTTATG,no,train
10,AGATCAGGCATGGTGGCTTACACC,no,train
24,AGCCGGGCATGGTGGCTCACGCCC,yes,train
79,AGGCTGGGCGTGGTGGCTCACATC,no,train
817,TTTTTTTTTGTTTTAGAAGGAGTT,yes,train
601,TGGCCAGACACAGTGGCTCATGCC,yes,train
420,GGCCGGGCGCGGTGGCTCACGCCT,no,train
752,TTTTGTTTTTTTTTTGTTGTTGTT,no,train
594,TGCCGGGCATGGTGGCTTGCACCT,yes,train
831,TTTTTTTTTTTTCCGAGATGGAAT,yes,train
423,GGCCGGGCGCGGTGGCTCATGCCT,no,train
207,CGGCTGGGCACGGTGGCTCACGCC,no,train
522,GTGAGACAGAGTTTCACTCTGTCG,yes,train
771,TTTTTGTTTTTGTTGGAGAAGGAG,yes,train
821,TTTTTTTTTTCTTTTTTTTTTTTT,yes,train
281,CTTTTTTTTTTTTTTGAGATGGAG,no,train
101,ATTCTTTGTTTTTTTTTGAGATGG,no,train
158,ATTTTTTTTTTTTTTAATTTTGTT,no,train
343,GCTGGGCACAATGGTTCACACCTG,yes,train
466,GGCTGGGCGTAGTGGCTCACACCT,yes,train
688,TTTCCTTTTTTTTTTTTTTCTTTT,yes,train
620,TGGCCGGGCACAGTGGCTCACGCC,yes,train
182,CAGTGGCTCACACCTGTAATCCCA,no,train
781,TTTTTTATTTTTTTGAGATGGAGT,yes,train
76,AGGCTGGGCGCGGTGGCTCACACC,no,train
163,ATTTTTTTTTTTTTTTTCAAGACG,yes,train
451,GGCTGGGCACGGTGGCTCATGCCT,no,train
509,GGGCTGGGTGCGGTGGCTCACACC,yes,train
696,TTTCTTTTTTCTAAGACAGAGTCT,no,train
192,CCGGGCGCAGTGGCTCATGCCTGT,yes,train
9,AGAGTCTCACTTTGTTGCCCAGGC,yes,train
124,ATTTTATTTTATTATTTTTTTTTA,yes,train
410,GGCCGGGCGCAATGGCTCGCGCCT,yes,train
451,GGCTGGGCACGGTGGCTCATGCCT,yes,train
102,ATTCTTTTTGAGACAGAGTCTCTG,no,train
419,GGCCGGGCGCGGTGGCTCACGCCT,yes,train
162,ATTTTTTTTTTTTTTTGCGATGAA,yes,train
727,TTTTCTTGTTTTGAGACGGAGTCT,no,train
108,ATTTATTTATTTATTTTTGAGACA,yes,train
353,GGCCAAACATGGTGCCCCACGCCT,yes,train
546,GTTTTGTTTTGTTTTTTTTTTTTT,yes,train
706,TTTGAGATGGAGTCTTGCTTCATT,yes,train
166,ATTTTTTTTTTTTTTTTGAGAGGA,yes,train
672,TTGTTATTTTTTATTTTTATTTTT,no,train
660,TTCTTTTATTTTTTTTGAGATGGA,yes,train
568,GTTTTTTTTTTTGAGACGGAGTCT,no,train
457,GGCTGGGCATGGTGGTTCACACCT,yes,train
714,TTTGTTTTGTTTTTTGTTTTGAGA,yes,train
715,TTTGTTTTTGTTTTTTTTGTTTTT,no,train
613,TGGCCAGGCATGGTGGCTCACACC,no,train
240,CTTTTCTCTTTTTTTTTTTTTTTT,no,train
98,ATGATGGGCTCTCCTTACATATAT,no,train
556,GTTTTTTGTTTGTTTGTTTGTTTT,yes,train
333,GCCGGGCATGGTGGCTCACGCCTG,no,train
243,CTTTTCTTTTCTTTTCTTTCTTTT,yes,train
521,GTCGGGCACGGTGGCTCACGCCTG,yes,train
430,GGCCGGTCACGGTGGCTCACGCCT,yes,train
211,CTCACGCCTGTAATCCCAGCACTT,no,train
453,GGCTGGGCACGGTGGCTCTCGCCT,no,train
742,TTTTGTGAGACAGCCTTGCTCTGT,yes,train
325,GCCAGGCATGGTGGCTCACACCTG,no,train
516,GGTCGGGCACGGTGGCTCATGCCT,yes,train
716,TTTGTTTTTTTTGTTTTTTTGACA,no,train
182,CAGTGGCTCACACCTGTAATCCCA,no,train
575,TAGTGCAATGGCGCAATCCTGGCT,no,train
645,TGGCTGGGCGCGGTGGCTCACGCC,yes,train
304,GACCAGGTGTGGTGGCTCACACCA,no,train
522,GTGAGACAGAGTTTCACTCTGTCG,yes,train
642,TGGCTGGGCATGGTGGGTGCCTGT,no,train
846,TTTTTTTTTTTTTTCTTTTTTTTG,yes,train
397,GGCCGGCAAGGTGGCTCACGCCTG,no,train
453,GGCTGGGCACGGTGGCTCTCGCCT,yes,train
390,GGCCAGGTGTAGCGGCCCACACCT,yes,train
105,ATTCTTTTTTTTTTTTTGAGATGG,no,train
870,TTTTTTTTTTTTTTTTTTTTGAGA,no,train
430,GGCCGGTCACGGTGGCTCACGCCT,yes,train
513,GGGTTGGGCACGGTGGCGCATGCC,no,train
38,AGCTGGGTGTTTTGGCTCAGGCCT,yes,train
75,AGGCTGGGCATGGTGGCTCATGCC,no,train
739,TTTTGAAATGGAGTTTTGCTCAGT,no,train
808,TTTTTTTTCTTTTTCTTTTTCTTT,no,train
290,CTTTTTTTTTTTTTTTTTTTAATT,no,train
24,AGCCGGGCATGGTGGCTCACGCCC,no,train
41,AGGCAGGGCGAGGTGGCTCAAACC,yes,train
189,CCCAGCCTGGGCAACATAGGGAGA,no,train
351,GGCACGGTGGCTCACGCCTGTAAT,no,train
506,GGGCTGGGTGCAGTGCCTCTCGCC,no,train
4,ACAGTGGCTCACACCTTTGATCCC,no,train
767,TTTTTGAGACAGAGTCTCGCTCTT,no,train
781,TTTTTTATTTTTTTGAGATGGAGT,yes,train
182,CAGTGGCTCACACCTGTAATCCCA,no,train
45,AGGCCAGGCACAGTGGCTCACGCC,no,train
189,CCCAGCCTGGGCAACATAGGGAGA,no,train
338,GCGCAGTGGCTCACGCCTGTAATC,yes,train
248,CTTTTTATTTTATTTTATTCTATT,no,train
223,CTTTATTTATTTATTTATTTATGA,yes,train
767,TTTTTGAGACAGAGTCTCGCTCTT,no,train
365,GGCCAGGCACTGTGACTCATACCT,no,train
61,AGGCCGGGTGCAGTGGATCCCAGC,no,train
760,TTTTTCTTATCTTTTTTTTTTTCC,yes,train
652,TGGGCACAGTGGCTCATGCCTGTA,no,train
780,TTTTTTATTTTTTGAGGTGGAGTC,no,train
256,CTTTTTGATTGATTGTTTGTTATG,no,train
223,CTTTATTTATTTATTTATTTATGA,yes,train
442,GGCTGGGCACAGTGGCTCACACCT,no,train
541,GTTTTGCTTTTTTTTTTTTTTTTT,yes,train
496,GGGCCGGGTGCAGTGACTCACGCC,no,train
616,TGGCCAGGCGTAGTGGCTCATGCC,yes,train
604,TGGCCAGGCACAGTAACTCCTGCC,no,train
23,AGCCGGGCACGGTGGCTCACACCT,yes,train
700,TTTCTTTTTTTTTTTTTTGAGATG,yes,train
296,CTTTTTTTTTTTTTTTTTTTTTTT,yes,train
616,TGGCCAGGCGTAGTGGCTCATGCC,yes,train
424,GGCCGGGCGTGGTGGCTCACACCT,no,train
604,TGGCCAGGCACAGTAACTCCTGCC,yes,train
252,CTTTTTCTTTTTCTTTCTTTCTTT,yes,train
808,TTTTTTTTCTTTTTCTTTTTCTTT,no,train
332,GCCCAGGTTGGAGTGTACTGCTGC,yes,train
568,GTTTTTTTTTTTGAGACGGAGTCT,yes,train
18,AGCCAGGCGTGGTACGTAGCTCAC,yes,train
719,TTTTATTTATTTATTTTTTGAGAG,yes,train
153,ATTTTTTTTTTTGACAGAGTCTTG,yes,train
24,AGCCGGGCATGGTGGCTCACGCCC,yes,train
423,GGCCGGGCGCGGTGGCTCATGCCT,no,train
793,TTTTTTGTTTTGTTTTTTTTGAGA,no,train
700,TTTCTTTTTTTTTTTTTTGAGATG,yes,train
83,AGGCTGGGTGCGCTGTGGCTCATG,no,train
812,TTTTTTTTGTTTGTTTTTTGTTTT,no,train
38,AGCTGGGTGTTTTGGCTCAGGCCT,yes,train
706,TTTGAGATGGAGTCTTGCTTCATT,no,train
33,AGCTGGGCGCAGTGGCTCACGCCT,yes,train
705,TTTGAGACGGAGTCTCGCTCTATT,yes,train
336,GCCGGGCGTGGTGGCTCACGCCTG,yes,train
527,GTTCTTGTTTTTGTTTTGTTTTTT,yes,train
697,TTTCTTTTTTCTGGAGACGGAGTT,yes,train
130,ATTTTGTATTTATTTATTTATTTA,no,train
734,TTTTCTTTTCTTTTTCTTTTTCTT,no,train
445,GGCTGGGCACAGTGGCTCATGCCT,no,train
248,CTTTTTATTTTATTTTATTCTATT,yes,train
414,GGCCGGGCGCAGTGGCTCATGCCT,yes,train
768,TTTTTGGTTTTTTTTGTTTTTTTT,no,train
23,AGCCGGGCACGGTGGCTCACACCT,yes,train
373,GGCCAGGCGCGGTGGCTCATCCCT,yes,train
581,TCCTGGCCAACATGGTGAAACCCC,yes,train
182,CAGTGGCTCACACCTGTAATCCCA,yes,train
754,TTTTTATTTAGAGACAAGATCTCA,no,train
745,TTTTGTTTTAATATTTTTTTTCTT,no,train
281,CTTTTTTTTTTTTTTGAGATGGAG,yes,train
283,CTTTTTTTTTTTTTTTGAGATGGA,yes,train
532,GTTGTTTTGTTTTGTTTTGAGACA,yes,train
430,GGCCGGTCACGGTGGCTCACGCCT,no,train
509,GGGCTGGGTGCGGTGGCTCACACC,no,train
558,GTTTTTTGTTTGTTTGTTTTTTGA,no,train
510,GGGCTGGGTGTGGTGGCTCATGCC,yes,train
525,GTGGCACTATCATAGTTCACTATA,yes,train
642,TGGCTGGGCATGGTGGGTGCCTGT,no,train
321,GCAGTGGTTCGCACCTATAAGCCC,no,train
684,TTTATTTTTAATTTTATTTTTGAG,no,train
661,TTCTTTTGTTTTTTTGAGATGGAG,yes,train
865,TTTTTTTTTTTTTTTTTGAGACAG,no,train
837,TTTTTTTTTTTTTCCGAGACAGAG,yes,train
98,ATGATGGGCTCTCCTTACATATAT,yes,train
338,GCGCAGTGGCTCACGCCTGTAATC,no,train
877,TTTTTTTTTTTTTTTTTTTTTTTT,no,train
751,TTTTGTTTTTTGTTGTTGTGGTGG,no,train
594,TGCCGGGCATGGTGGCTTGCACCT,yes,train
595,TGCCGGGCGCGGTGGCTCACGTCT,no,train
595,TGCCGGGCGCGGTGGCTCACGTCT,no,train
424,GGCCGGGCGTGGTGGCTCACACCT,yes,train
839,TTTTTTTTTTTTTGAGACTCAGGA,no,train
525,GTGGCACTATCATAGTTCACTATA,no,train
281,CTTTTTTTTTTTTTTGAGATGGAG,no,train
584,TCTTGTTTTTTGTTTTTTTTTTGA,no,train
172,ATTTTTTTTTTTTTTTTTTTGTGA,no,train
201,CGGCCAGGCACAGTGACTTACACC,no,train
661,TTCTTTTGTTTTTTTGAGATGGAG,yes,train
305,GACCCAGTGCGGTGGCTCACGCCT,no,train
729,TTTTCTTTCTTTTTTTTTTTTTTT,no,train
315,GAGGCTTGCTCTGTCACCCAGACT,no,train
835,TTTTTTTTTTTTGAGAGAGTTTTG,yes,train
803,TTTTTTTGTTTGTTTGTTTTGAGA,no,train
616,TGGCCAGGCGTAGTGGCTCATGCC,no,train
389,GGCCAGGTGGCGGTGGTTCACACC,yes,train
515,GGTCAGGCACAGTGGCTTACACCT,yes,train
871,TTTTTTTTTTTTTTTTTTTTGAGG,yes,train
706,TTTGAGATGGAGTCTTGCTTCATT,yes,train
791,TTTTTTGTTTGTTTTTTTGAGACA,no,train
608,TGGCCAGGCATAATGGCTTATGCC,yes,train
384,GGCCAGGTGCAGTGGCTCACGCCT,no,train
410,GGCCGGGCGCAATGGCTCGCGCCT,no,train
31,AGCTGGGCATGGTGGTTCATGCCT,yes,train
535,GTTTTACTTTTTTTTTTTTTTTTT,no,train
422,GGCCGGGCGCGGTGGCTCAGGCCT,no,train
591,TGCCGAGTGGAGTGGCTCACACCT,yes,train
332,GCCCAGGTTGGAGTGTACTGCTGC,no,train
24,AGCCGGGCATGGTGGCTCACGCCC,no,train
425,GGCCGGGCGTGGTGGCTCACACCT,yes,train
404,GGCCGGGCACGGTGGCTCACCTGT,no,train
246,CTTTTGTTGTTTTTGAGACGGGGT,no,train
551,GTTTTTGAGGCAGGTCGGTCACCC,no,train
133,ATTTTGTTTTGTTTTTGTTTTTTG,no,train
562,GTTTTTTTCTTTTTCTTTTTGAGA,no,train
314,GAGACCAGCCTGACCAATATGGAG,yes,train
189,CCCAGCCTGGGCAACATAGGGAGA,no,train
243,CTTTTCTTTTCTTTTCTTTCTTTT,yes,train
666,TTCTTTTTTTTTTTGAGACGGAGT,yes,train
510,GGGCTGGGTGTGGTGGCTCATGCC,yes,train
130,ATTTTGTATTTATTTATTTATTTA,no,train
510,GGGCTGGGTGTGGTGGCTCATGCC,yes,train
816,TTTTTTTTTGTTGTTGTTGAGACG,no,train
733,TTTTCTTTTCTTTTCTTTTTTTTT,yes,train
509,GGGCTGGGTGCGGTGGCTCACACC,yes,train
715,TTTGTTTTTGTTTTTTTTGTTTTT,yes,train
544,GTTTTGTTTTGTTTTTTGTTTTGA,yes,train
464,GGCTGGGCGCGATGGCTCATGTCT,yes,train
321,GCAGTGGTTCGCACCTATAAGCCC,no,train
508,GGGCTGGGTGCCGTGGCTCACGCC,yes,train
31,AGCTGGGCATGGTGGTTCATGCCT,yes,train
133,ATTTTGTTTTGTTTTTGTTTTTTG,yes,train
159,ATTTTTTTTTTTTTTCTTGGAATG,no,train
747,TTTTGTTTTGTTTTTTTTTTAAGA,yes,train
387,GGCCAGGTGCGGTGGCTCACACCT,no,train
20,AGCCAGGTGCAGTGGCTCACGCTT,no,train
254,CTTTTTGAGACGAGGTCTCACTGT,yes,train
354,GGCCAAGCATGGTGGCTCACACCT,yes,train
120,ATTTCTTTTCTTTTTTTTTTTTTT,yes,train
366,GGCCAGGCATGGTGGCTCACACCT,no,train
444,GGCTGGGCACAGTGGCTCACACCT,yes,train
389,GGCCAGGTGGCGGTGGTTCACACC,yes,train
155,ATTTTTTTTTTTTTGAGACAGAGT,yes,train
877,TTTTTTTTTTTTTTTTTTTTTTTT,no,train
676,TTGTTTTTTTTTAATTTTTTAATT,no,train
787,TTTTTTGAGACAAGGTCTTGCTCT,yes,train
201,CGGCCAGGCACAGTGACTTACACC,no,train
655,TGTGCAGGGACTCATGACTGTAAT,no,train
652,TGGGCACAGTGGCTCATGCCTGTA,no,train
259,CTTTTTTCTTTATTTTTTTTTAGA,yes,train
355,GGCCAGACGTGGTGGCTCACGCCT,yes,train
618,TGGCCCGATGCAGTGGCTCATGCC,yes,train
326,GCCAGGCATGGTGGCTCATGCCTA,no,train
506,GGGCTGGGTGCAGTGCCTCTCGCC,no,train
530,GTTCTTTTTTTTTTTTTTTTTTTC,no,train
432,GGCCTGGCACAGTGGCTCATGCCT,yes,train
835,TTTTTTTTTTTTGAGAGAGTTTTG,yes,train
545,GTTTTGTTTTGTTTTTTTGAGACA,yes,train
750,TTTTGTTTTTTCGTTTGTTTCTTT,no,train
320,GCAGTGGCCCACGCCTGTAATCCC,yes,train
351,GGCACGGTGGCTCACGCCTGTAAT,no,train
200,CGCTGGGTACAGTTGCTTACACCT,no,train
848,TTTTTTTTTTTTTTGAGACAGAGT,no,train
306,GACCGGGCGTAGTGGCTCACGCCT,no,train
526,GTGGCTCATGCCTGTAATCCCAGC,no,train
858,TTTTTTTTTTTTTTTTGAGACAGG,yes,train
754,TTTTTATTTAGAGACAAGATCTCA,yes,train
375,GGCCAGGCGTGGTGGCTCATGCCT,yes,train
767,TTTTTGAGACAGAGTCTCGCTCTT,no,train
372,GGCCAGGCGCGGTGGCTCACGCCT,no,train
858,TTTTTTTTTTTTTTTTGAGACAGG,yes,train
513,GGGTTGGGCACGGTGGCGCATGCC,no,train
428,GGCCGGGTGCAGTGGCTCATGCCT,yes,train
10,AGATCAGGCATGGTGGCTTACACC,no,train
86,AGGCTGGGTGTGGTGGCTCACGCC,no,train
243,CTTTTCTTTTCTTTTCTTTCTTTT,yes,train
278,CTTTTTTTTTTTTTTGAGACGGAG,no,train
604,TGGCCAGGCACAGTAACTCCTGCC,no,train
223,CTTTATTTATTTATTTATTTATGA,no,train
305,GACCCAGTGCGGTGGCTCACGCCT,no,train
363,GGCCAGGCACGGTGGCTCACGCCT,yes,train
290,CTTTTTTTTTTTTTTTTTTTAATT,no,train
264,CTTTTTTTCATTTTTTTTTTTTTT,yes,train
165,ATTTTTTTTTTTTTTTTGAGACAG,yes,train
304,GACCAGGTGTGGTGGCTCACACCA,yes,train
804,TTTTTTTGTTTGTTTTTGAGGCGG,no,train
460,GGCTGGGCGCAGCGGCTCACGCCT,yes,train
821,TTTTTTTTTTCTTTTTTTTTTTTT,yes,train
556,GTTTTTTGTTTGTTTGTTTGTTTT,yes,train
91,AGGTTGGGCATGGTGGCTCACGCC,yes,train
530,GTTCTTTTTTTTTTTTTTTTTTTC,yes,train
372,GGCCAGGCGCGGTGGCTCACGCCT,no,train
496,GGGCCGGGTGCAGTGACTCACGCC,no,train
776,TTTTTTATTTGTGTTTTTGTTTGT,yes,train
368,GGCCAGGCATGGTGGTTCACGCCT,no,train
608,TGGCCAGGCATAATGGCTTATGCC,yes,train
501,GGGCTGGGCATGGTGGCTCACACC,no,train
248,CTTTTTATTTTATTTTATTCTATT,no,train
207,CGGCTGGGCACGGTGGCTCACGCC,no,train
63,AGGCCGGGTGCTGTGGCTCACACC,no,train
207,CGGCTGGGCACGGTGGCTCACGCC,no,train
211,CTCACGCCTGTAATCCCAGCACTT,no,train
846,TTTTTTTTTTTTTTCTTTTTTTTG,yes,train
389,GGCCAGGTGGCGGTGGTTCACACC,yes,train
186,CCAGGCGCGGTGGCTCACACCTAT,no,train
365,GGCCAGGCACTGTGACTCATACCT,no,train
297,CTTTTTTTTTTTTTTTTTTTTTTT,no,train
278,CTTTTTTTTTTTTTTGAGACGGAG,no,train
258,CTTTTTTATTTTTATTTTTTTGAG,no,train
551,GTTTTTGAGGCAGGTCGGTCACCC,no,train
38,AGCTGGGTGTTTTGGCTCAGGCCT,yes,train
674,TTGTTTGTTGTTTTTGAGACAGAG,no,train
829,TTTTTTTTTTTTAAAGACAGGGTC,yes,train
155,ATTTTTTTTTTTTTGAGACAGAGT,no,train
351,GGCACGGTGGCTCACGCCTGTAAT,no,train
460,GGCTGGGCGCAGCGGCTCACGCCT,no,train
546,GTTTTGTTTTGTTTTTTTTTTTTT,yes,train
262,CTTTTTTGTTTCGTTGTTTTTCTT,no,train
501,GGGCTGGGCATGGTGGCTCACACC,no,train
131,ATTTTGTTGTTGTTATTTGTTTCT,yes,train
304,GACCAGGTGTGGTGGCTCACACCA,yes,train
594,TGCCGGGCATGGTGGCTTGCACCT,yes,train
325,GCCAGGCATGGTGGCTCACACCTG,no,train
512,GGGGGCAGAGGTGGGCGGATCACC,no,train
223,CTTTATTTATTTATTTATTTATGA,yes,train
505,GGGCTGGGTGCAGTCGCTCACGCC,no,train
688,TTTCCTTTTTTTTTTTTTTCTTTT,yes,train
368,GGCCAGGCATGGTGGTTCACGCCT,yes,train
151,ATTTTTTTTTCTTTTTCTTGTTTT,no,train
173,ATTTTTTTTTTTTTTTTTTTTTGA,no,train
505,GGGCTGGGTGCAGTCGCTCACGCC,yes,train
201,CGGCCAGGCACAGTGACTTACACC,yes,train
460,GGCTGGGCGCAGCGGCTCACGCCT,yes,train
147,ATTTTTTTGTTGTTGTTGTGACTG,yes,train
305,GACCCAGTGCGGTGGCTCACGCCT,yes,train
780,TTTTTTATTTTTTGAGGTGGAGTC,yes,train
696,TTTCTTTTTTCTAAGACAGAGTCT,no,train
378,GGCCAGGGATGTTGGCTCACATCT,yes,train
355,GGCCAGACGTGGTGGCTCACGCCT,yes,train
496,GGGCCGGGTGCAGTGACTCACGCC,yes,train
825,TTTTTTTTTTTGAGACGGAGTCTC,no,train
706,TTTGAGATGGAGTCTTGCTTCATT,yes,train
644,TGGCTGGGCGCGGTGGCTCACGCC,yes,train
264,CTTTTTTTCATTTTTTTTTTTTTT,yes,train
146,ATTTTTTTGGACATGGCCTTGCTC,yes,train
133,ATTTTGTTTTGTTTTTGTTTTTTG,yes,train
881,TTTTTTTTTTTTTTTTTTTTTTTT,no,train
10,AGATCAGGCATGGTGGCTTACACC,no,train
385,GGCCAGGTGCAGTGGCTCATGCTT,yes,train
862,TTTTTTTTTTTTTTTTGAGATGGA,yes,train
548,GTTTTGTTTTTTGGGGTTTGTTTT,yes,train
670,TTGCCCAGGCTGGAGTGCAGGGCG,no,train
333,GCCGGGCATGGTGGCTCACGCCTG,no,train
28,AGCTGGACGCAGTAGCTAATGCCT,no,train
510,GGGCTGGGTGTGGTGGCTCATGCC,yes,train
22,AGCCAGGTGCGGTGGCTCATGCCT,no,train
419,GGCCGGGCGCGGTGGCTCACGCCT,no,train
717,TTTTACTTTTTTTTTTTTTTGGGA,yes,train
410,GGCCGGGCGCAATGGCTCGCGCCT,no,train
541,GTTTTGCTTTTTTTTTTTTTTTTT,yes,train
351,GGCACGGTGGCTCACGCCTGTAAT,no,train
431,GGCCGGTCGTGGTGGCTCATGCCT,no,train
417,GGCCGGGCGCGGTGGCTCACACCT,no,train
9,AGAGTCTCACTTTGTTGCCCAGGC,yes,train
369,GGCCAGGCCCAGTGGCTCACACCT,no,train
223,CTTTATTTATTTATTTATTTATGA,yes,train
146,ATTTTTTTGGACATGGCCTTGCTC,yes,train
651,TGGGAGGCCGAGGCGGGCGGATCA,yes,train
401,GGCCGGGCACAGTGGCTCATGCCT,no,train
736,TTTTCTTTTTCTTTTTTTTTTTTT,no,train
431,GGCCGGTCGTGGTGGCTCATGCCT,no,train
862,TTTTTTTTTTTTTTTTGAGATGGA,yes,train
146,ATTTTTTTGGACATGGCCTTGCTC,no,train
547,GTTTTGTTTTTCTTTCTTTTTTTT,yes,train
464,GGCTGGGCGCGATGGCTCATGTCT,yes,train
22,AGCCAGGTGCGGTGGCTCATGCCT,no,train
451,GGCTGGGCACGGTGGCTCATGCCT,yes,train
545,GTTTTGTTTTGTTTTTTTGAGACA,yes,train
163,ATTTTTTTTTTTTTTTTCAAGACG,yes,train
492,GGGCCAGGTGTGGTGGCTCACGCC,no,train
191,CCGGGCACGGTGGCTCACACCTGT,yes,train
780,TTTTTTATTTTTTGAGGTGGAGTC,no,train
835,TTTTTTTTTTTTGAGAGAGTTTTG,yes,train
801,TTTTTTTGTTTATGTGTTTGTTTT,yes,train
445,GGCTGGGCACAGTGGCTCATGCCT,no,train
543,GTTTTGTTTTGTTTTGAAAGAACG,no,train
532,GTTGTTTTGTTTTGTTTTGAGACA,yes,train
163,ATTTTTTTTTTTTTTTTCAAGACG,yes,train
742,TTTTGTGAGACAGCCTTGCTCTGT,no,train
2,AAGATGGAGTCTTATTCTGTCGCC,yes,train
306,GACCGGGCGTAGTGGCTCACGCCT,yes,train
43,AGGCCAGACACAATGGCTCATGCT,no,train
851,TTTTTTTTTTTTTTGAGATGGAGT,no,train
831,TTTTTTTTTTTTCCGAGATGGAAT,yes,train
342,GCTGGATGCGGTGGCTCACGCCTG,no,train
541,GTTTTGCTTTTTTTTTTTTTTTTT,yes,train
787,TTTTTTGAGACAAGGTCTTGCTCT,no,train
9,AGAGTCTCACTTTGTTGCCCAGGC,no,train
110,ATTTATTTATTTTTGAGACAGGGT,yes,train
61,AGGCCGGGTGCAGTGGATCCCAGC,no,train
816,TTTTTTTTTGTTGTTGTTGAGACG,no,train
672,TTGTTATTTTTTATTTTTATTTTT,yes,train
320,GCAGTGGCCCACGCCTGTAATCCC,yes,train
410,GGCCGGGCGCAATGGCTCGCGCCT,yes,train
643,TGGCTGGGCCCGGTGGCTCATGCC,yes,train
387,GGCCAGGTGCGGTGGCTCACACCT,yes,train
580,TCCAGGCATGGTGGCTCACATCTG,no,train
771,TTTTTGTTTTTGTTGGAGAAGGAG,no,train
560,GTTTTTTTATTTTTATTTTTGGAG,yes,train
79,AGGCTGGGCGTGGTGGCTCACATC,no,train
628,TGGCCGGGCGCGCTGGCTCACGCC,no,train
771,TTTTTGTTTTTGTTGGAGAAGGAG,yes,train
700,TTTCTTTTTTTTTTTTTTGAGATG,yes,train
5,ACTCATGCCTGTAATCCCAGCACT,yes,train
462,GGCTGGGCGCAGTGGCTCACTCCT,yes,train
504,GGGCTGGGCGCGGTGGCTCTCGCC,yes,train
760,TTTTTCTTATCTTTTTTTTTTTCC,yes,train
879,TTTTTTTTTTTTTTTTTTTTTTTT,yes,train
827,TTTTTTTTTTTGGAGACGGGCTCT,no,train
277,CTTTTTTTTTTTTTTCTTTTTAAG,no,train
697,TTTCTTTTTTCTGGAGACGGAGTT,no,train
239,CTTTTCTCTTCTTTTTTCTTTTCT,no,train
274,CTTTTTTTTTTTTTGAGACGGAGT,yes,train
146,ATTTTTTTGGACATGGCCTTGCTC,yes,train
371,GGCCAGGCGCGGTGGCTCACGCCT,yes,train
165,ATTTTTTTTTTTTTTTTGAGACAG,yes,train
568,GTTTTTTTTTTTGAGACGGAGTCT,no,train
124,ATTTTATTTTATTATTTTTTTTTA,no,train
505,GGGCTGGGTGCAGTCGCTCACGCC,no,train
36,AGCTGGGTGTGGTGGCTCATACCT,no,train
98,ATGATGGGCTCTCCTTACATATAT,no,train
704,TTTGAGACAGAGTTTTGCTCTTAT,yes,train
510,GGGCTGGGTGTGGTGGCTCATGCC,yes,train
736,TTTTCTTTTTCTTTTTTTTTTTTT,no,train
28,AGCTGGACGCAGTAGCTAATGCCT,yes,train
403,GGCCGGGCACGGTGACTCATGCCT,yes,train
676,TTGTTTTTTTTTAATTTTTTAATT,yes,train
479,GGCTTGGTGCAGTGACGACACACC,no,train
544,GTTTTGTTTTGTTTTTTGTTTTGA,yes,train
463,GGCTGGGCGCAGTGGCTCATGCCT,no,train
760,TTTTTCTTATCTTTTTTTTTTTCC,no,train
586,TGACAGGGTCTGTCTCTGTCACAC,no,train
225,CTTTATTTTATTTTCATTTTTTGG,no,train
660,TTCTTTTATTTTTTTTGAGATGGA,no,train
444,GGCTGGGCACAGTGGCTCACACCT,yes,train
238,CTTTTCGTTGTTGTTGAGACAGGG,no,train
874,TTTTTTTTTTTTTTTTTTTTTTGA,no,train
378,GGCCAGGGATGTTGGCTCACATCT,no,train
839,TTTTTTTTTTTTTGAGACTCAGGA,yes,train
131,ATTTTGTTGTTGTTATTTGTTTCT,yes,train
676,TTGTTTTTTTTTAATTTTTTAATT,yes,train
371,GGCCAGGCGCGGTGGCTCACGCCT,no,train
237,CTTTTATTGTTTTTTGAGACGGAG,no,train
508,GGGCTGGGTGCCGTGGCTCACGCC,yes,train
707,TTTGTGGGATGGAGTTTCACTTGT,yes,train
594,TGCCGGGCATGGTGGCTTGCACCT,no,train
865,TTTTTTTTTTTTTTTTTGAGACAG,no,train
509,GGGCTGGGTGCGGTGGCTCACACC,no,train
451,GGCTGGGCACGGTGGCTCATGCCT,no,train
604,TGGCCAGGCACAGTAACTCCTGCC,no,train
584,TCTTGTTTTTTGTTTTTTTTTTGA,yes,train
204,CGGCCGGGCGCGGTGGCTCACGCC,yes,train
505,GGGCTGGGTGCAGTCGCTCACGCC,yes,train
580,TCCAGGCATGGTGGCTCACATCTG,no,train
417,GGCCGGGCGCGGTGGCTCACACCT,no,train
793,TTTTTTGTTTTGTTTTTTTTGAGA,yes,train
410,GGCCGGGCGCAATGGCTCGCGCCT,yes,train
336,GCCGGGCGTGGTGGCTCACGCCTG,yes,train
158,ATTTTTTTTTTTTTTAATTTTGTT,no,train
444,GGCTGGGCACAGTGGCTCACACCT,no,train
41,AGGCAGGGCGAGGTGGCTCAAACC,yes,train
727,TTTTCTTGTTTTGAGACGGAGTCT,no,train
168,ATTTTTTTTTTTTTTTTTTGACGG,no,train
83,AGGCTGGGTGCGCTGTGGCTCATG,yes,train
96,AGTTTGTTTGTTTGTTTGTTTGTT,yes,train
771,TTTTTGTTTTTGTTGGAGAAGGAG,yes,train
865,TTTTTTTTTTTTTTTTTGAGACAG,yes,train
155,ATTTTTTTTTTTTTGAGACAGAGT,yes,train
752,TTTTGTTTTTTTTTTGTTGTTGTT,no,train
718,TTTTATTCTTTTTTTTTTTTTTTT,yes,train
320,GCAGTGGCCCACGCCTGTAATCCC,yes,train
444,GGCTGGGCACAGTGGCTCACACCT,no,train
733,TTTTCTTTTCTTTTCTTTTTTTTT,no,train
28,AGCTGGACGCAGTAGCTAATGCCT,no,train
292,CTTTTTTTTTTTTTTTTTTTTTAC,yes,train
642,TGGCTGGGCATGGTGGGTGCCTGT,no,train
75,AGGCTGGGCATGGTGGCTCATGCC,yes,train
734,TTTTCTTTTCTTTTTCTTTTTCTT,no,train
688,TTTCCTTTTTTTTTTTTTTCTTTT,no,train
130,ATTTTGTATTTATTTATTTATTTA,no,train
858,TTTTTTTTTTTTTTTTGAGACAGG,yes,train
133,ATTTTGTTTTGTTTTTGTTTTTTG,no,train
594,TGCCGGGCATGGTGGCTTGCACCT,yes,train
186,CCAGGCGCGGTGGCTCACACCTAT,yes,train
271,CTTTTTTTTTTTTCGAGACACGGT,no,train
13,AGCCAGGCATGGTGGCTCATGCCT,yes,train
369,GGCCAGGCCCAGTGGCTCACACCT,no,train
527,GTTCTTGTTTTTGTTTTGTTTTTT,no,train
452,GGCTGGGCACGGTGGCTCGTGCTT,no,train
527,GTTCTTGTTTTTGTTTTGTTTTTT,yes,train
387,GGCCAGGTGCGGTGGCTCACACCT,yes,train
695,TTTCTTTTCTTTCCTTTCTTTTTT,yes,train
411,GGCCGGGCGCAGTGGCCCACACCT,no,train
252,CTTTTTCTTTTTCTTTCTTTCTTT,yes,train
384,GGCCAGGTGCAGTGGCTCACGCCT,no,train
476,GGCTGGGTGCGGTGGCTCACGCCT,no,train
34,AGCTGGGCGCGGTGGCTCACACCT,no,train
400,GGCCGGGCACAGTGGCTCACGCCT,no,train
763,TTTTTCTTTGAGACAGAGTCACTC,no,train
366,GGCCAGGCATGGTGGCTCACACCT,no,train
272,CTTTTTTTTTTTTGAGACAAGGGT,yes,train
243,CTTTTCTTTTCTTTTCTTTCTTTT,no,train
254,CTTTTTGAGACGAGGTCTCACTGT,no,train
655,TGTGCAGGGACTCATGACTGTAAT,yes,train
625,TGGCCGGGCATGGTGGCTCACGCC,yes,train
333,GCCGGGCATGGTGGCTCACGCCTG,no,train
373,GGCCAGGCGCGGTGGCTCATCCCT,yes,train
632,TGGCCGGGCGCGGTGGCTCATGCC,yes,train
791,TTTTTTGTTTGTTTTTTTGAGACA,no,train
43,AGGCCAGACACAATGGCTCATGCT,no,train
351,GGCACGGTGGCTCACGCCTGTAAT,no,train
303,GACCAGGTGCAGTAGCTCATGCTT,yes,train
351,GGCACGGTGGCTCACGCCTGTAAT,no,train
13,AGCCAGGCATGGTGGCTCATGCCT,yes,train
464,GGCTGGGCGCGATGGCTCATGTCT,no,train
825,TTTTTTTTTTTGAGACGGAGTCTC,yes,train
283,CTTTTTTTTTTTTTTTGAGATGGA,yes,train
581,TCCTGGCCAACATGGTGAAACCCC,no,train
510,GGGCTGGGTGTGGTGGCTCATGCC,yes,train
175,ATTTTTTTTTTTTTTTTTTTTTTG,yes,train
688,TTTCCTTTTTTTTTTTTTTCTTTT,no,train
705,TTTGAGACGGAGTCTCGCTCTATT,yes,train
505,GGGCTGGGTGCAGTCGCTCACGCC,no,train
745,TTTTGTTTTAATATTTTTTTTCTT,no,train
803,TTTTTTTGTTTGTTTGTTTTGAGA,yes,train
314,GAGACCAGCCTGACCAATATGGAG,yes,train
383,GGCCAGGTGCAGTGGCTCACATCT,no,train
310,GACTGGGTGCGGTGGCTCATGCCT,yes,train
838,TTTTTTTTTTTTTCTTTTTTTCTT,yes,train
875,TTTTTTTTTTTTTTTTTTTTTTTA,yes,train
720,TTTTATTTTACTTTATTTTTTTTG,no,train
254,CTTTTTGAGACGAGGTCTCACTGT,no,train
678,TTTATTATTATTTTTTGAGATGGA,yes,train
479,GGCTTGGTGCAGTGACGACACACC,no,train
172,ATTTTTTTTTTTTTTTTTTTGTGA,yes,train
266,CTTTTTTTGTTTTCTTTTGGTTTT,no,train
277,CTTTTTTTTTTTTTTCTTTTTAAG,no,train
338,GCGCAGTGGCTCACGCCTGTAATC,no,train
38,AGCTGGGTGTTTTGGCTCAGGCCT,yes,train
702,TTTCTTTTTTTTTTTTTTTTTTTT,no,train
501,GGGCTGGGCATGGTGGCTCACACC,no,train
769,TTTTTGTTTGTTTGTTTGTTTGTT,yes,train
525,GTGGCACTATCATAGTTCACTATA,yes,train
76,AGGCTGGGCGCGGTGGCTCACACC,yes,train
854,TTTTTTTTTTTTTTTGAGACGGAG,no,train
12,AGCCAGATGTGGTGACATGAACCA,yes,train
5,ACTCATGCCTGTAATCCCAGCACT,no,train
309,GACTGGGTGCCATGGCTCATGCCT,no,train
594,TGCCGGGCATGGTGGCTTGCACCT,yes,train
26,AGCCGGGCGCGGTGGCTCACGCCT,no,train
825,TTTTTTTTTTTGAGACGGAGTCTC,yes,train
84,AGGCTGGGTGCTATGGCTCACGTC,no,train
200,CGCTGGGTACAGTTGCTTACACCT,no,train
613,TGGCCAGGCATGGTGGCTCACACC,no,train
492,GGGCCAGGTGTGGTGGCTCACGCC,no,train
505,GGGCTGGGTGCAGTCGCTCACGCC,yes,train
163,ATTTTTTTTTTTTTTTTCAAGACG,yes,train
525,GTGGCACTATCATAGTTCACTATA,no,train
529,GTTCTTTTTTTTTTAGACAGCGTT,no,train
287,CTTTTTTTTTTTTTTTTTTAATTG,no,train
851,TTTTTTTTTTTTTTGAGATGGAGT,yes,train
763,TTTTTCTTTGAGACAGAGTCACTC,yes,train
238,CTTTTCGTTGTTGTTGAGACAGGG,yes,train
835,TTTTTTTTTTTTGAGAGAGTTTTG,yes,train
608,TGGCCAGGCATAATGGCTTATGCC,no,train
466,GGCTGGGCGTAGTGGCTCACACCT,yes,train
451,GGCTGGGCACGGTGGCTCATGCCT,yes,train
336,GCCGGGCGTGGTGGCTCACGCCTG,yes,train
825,TTTTTTTTTTTGAGACGGAGTCTC,yes,train
460,GGCTGGGCGCAGCGGCTCACGCCT,yes,train
700,TTTCTTTTTTTTTTTTTTGAGATG,no,train
381,GGCCAGGTATGGTGGCTCATGCCT,yes,train
538,GTTTTCTTTTCTTTTCTTTTTTTT,yes,train
525,GTGGCACTATCATAGTTCACTATA,yes,train
768,TTTTTGGTTTTTTTTGTTTTTTTT,yes,train
280,CTTTTTTTTTTTTTTGAGAGGGAG,no,train
204,CGGCCGGGCGCGGTGGCTCACGCC,yes,train
465,GGCTGGGCGCGGTGGCTCTTGCCT,no,train
207,CGGCTGGGCACGGTGGCTCACGCC,no,train
174,ATTTTTTTTTTTTTTTTTTTTTTG,yes,train
56,AGGCCGGGCATGGTGGCTCACGCT,yes,train
13,AGCCAGGCATGGTGGCTCATGCCT,no,train
5,ACTCATGCCTGTAATCCCAGCACT,no,train
781,TTTTTTATTTTTTTGAGATGGAGT,no,train
645,TGGCTGGGCGCGGTGGCTCACGCC,yes,train
350,GGCAAGGCATGGTGGCTCATGCCT,no,train
791,TTTTTTGTTTGTTTTTTTGAGACA,no,train
372,GGCCAGGCGCGGTGGCTCACGCCT,no,train
456,GGCTGGGCATGGTGGCTCACGCCT,yes,train
102,ATTCTTTTTGAGACAGAGTCTCTG,no,train
151,ATTTTTTTTTCTTTTTCTTGTTTT,no,train
163,ATTTTTTTTTTTTTTTTCAAGACG,yes,train
56,AGGCCGGGCATGGTGGCTCACGCT,yes,train
176,ATTTTTTTTTTTTTTTTTTTTTTT,yes,train
409,GGCCGGGCCCAGTGGCTCACACCT,no,train
145,ATTTTTTTGAGACAGGGTGTCACT,yes,train
825,TTTTTTTTTTTGAGACGGAGTCTC,yes,train
464,GGCTGGGCGCGATGGCTCATGTCT,yes,train
690,TTTCTGTTTTTTGTTTTTTTTTTT,yes,train
63,AGGCCGGGTGCTGTGGCTCACACC,no,train
829,TTTTTTTTTTTTAAAGACAGGGTC,yes,train
385,GGCCAGGTGCAGTGGCTCATGCTT,yes,train
108,ATTTATTTATTTATTTTTGAGACA,yes,train
560,GTTTTTTTATTTTTATTTTTGGAG,no,train
53,AGGCCGGGCACGGTGGCTCACACC,yes,train
586,TGACAGGGTCTGTCTCTGTCACAC,no,train
496,GGGCCGGGTGCAGTGACTCACGCC,yes,train
755,TTTTTATTTTATTTATTTATTTAT,no,train
314,GAGACCAGCCTGACCAATATGGAG,yes,train
85,AGGCTGGGTGTGGTGGCTCACGCC,yes,train
186,CCAGGCGCGGTGGCTCACACCTAT,no,train
464,GGCTGGGCGCGATGGCTCATGTCT,yes,train
438,GGCTGCGTGCAGTGGCTCACGCCT,yes,train
706,TTTGAGATGGAGTCTTGCTTCATT,no,train
720,TTTTATTTTACTTTATTTTTTTTG,no,train
505,GGGCTGGGTGCAGTCGCTCACGCC,yes,train
276,CTTTTTTTTTTTTTTCGGACAGAG,no,train
464,GGCTGGGCGCGATGGCTCATGTCT,yes,train
584,TCTTGTTTTTTGTTTTTTTTTTGA,yes,train
158,ATTTTTTTTTTTTTTAATTTTGTT,no,train
278,CTTTTTTTTTTTTTTGAGACGGAG,yes,train
259,CTTTTTTCTTTATTTTTTTTTAGA,no,train
548,GTTTTGTTTTTTGGGGTTTGTTTT,yes,train
175,ATTTTTTTTTTTTTTTTTTTTTTG,yes,train
527,GTTCTTGTTTTTGTTTTGTTTTTT,no,train
389,GGCCAGGTGGCGGTGGTTCACACC,no,train
235,CTTTGTTTTTGTTTTTGTCTTTTG,yes,train
707,TTTGTGGGATGGAGTTTCACTTGT,no,train
380,GGCCAGGGGCAGTGGTTCATGCCT,no,train
531,GTTGTTTGTCTGCTTGTTTGCGAC,no,train
243,CTTTTCTTTTCTTTTCTTTCTTTT,yes,train
196,CGCAGAGGCAGGCGGATCACTTGA,no,train
43,AGGCCAGACACAATGGCTCATGCT,yes,train
96,AGTTTGTTTGTTTGTTTGTTTGTT,yes,train
172,ATTTTTTTTTTTTTTTTTTTGTGA,no,train
260,CTTTTTTCTTTCTTTTTTTGAGAT,yes,train
720,TTTTATTTTACTTTATTTTTTTTG,no,train
359,GGCCAGGCACAGTGGCTCACACCT,no,train
710,TTTGTTTGTTTAGAGATAGGATCT,yes,train
76,AGGCTGGGCGCGGTGGCTCACACC,no,train
313,GAGACAGTCTTGCTTTGTCGCCAG,no,train
237,CTTTTATTGTTTTTTGAGACGGAG,no,train
488,GGGCCAGGCGCTGTGGCTCACACC,yes,train
173,ATTTTTTTTTTTTTTTTTTTTTGA,yes,train
154,ATTTTTTTTTTTGAGATGGAGTCT,yes,train
278,CTTTTTTTTTTTTTTGAGACGGAG,no,train
851,TTTTTTTTTTTTTTGAGATGGAGT,no,train
26,AGCCGGGCGCGGTGGCTCACGCCT,yes,train
623,TGGCCGGGCACGGTGGCTCACACC,yes,train
431,GGCCGGTCGTGGTGGCTCATGCCT,yes,train
420,GGCCGGGCGCGGTGGCTCACGCCT,yes,train
418,GGCCGGGCGCGGTGGCTCACACCT,yes,train
196,CGCAGAGGCAGGCGGATCACTTGA,no,train
307,GACCGGGTGTGGTGGCTCACACCT,yes,train
838,TTTTTTTTTTTTTCTTTTTTTCTT,yes,train
256,CTTTTTGATTGATTGTTTGTTATG,yes,train
815,TTTTTTTTTCTTTTTTCTTTTTTC,yes,train
4,ACAGTGGCTCACACCTTTGATCCC,no,train
729,TTTTCTTTCTTTTTTTTTTTTTTT,no,train
348,GCTGGGTGGGGTGGCTCACACCCG,no,train
541,GTTTTGCTTTTTTTTTTTTTTTTT,yes,train
695,TTTCTTTTCTTTCCTTTCTTTTTT,no,train
700,TTTCTTTTTTTTTTTTTTGAGATG,no,train
286,CTTTTTTTTTTTTTTTTGAGACAA,yes,train
99,ATTATTATTATTATTTTATTTTAT,no,train
108,ATTTATTTATTTATTTTTGAGACA,no,train
525,GTGGCACTATCATAGTTCACTATA,yes,train
739,TTTTGAAATGGAGTTTTGCTCAGT,no,train
516,GGTCGGGCACGGTGGCTCATGCCT,yes,train
695,TTTCTTTTCTTTCCTTTCTTTTTT,yes,train
839,TTTTTTTTTTTTTGAGACTCAGGA,yes,train
632,TGGCCGGGCGCGGTGGCTCATGCC,yes,train
76,AGGCTGGGCGCGGTGGCTCACACC,yes,train
8,AGACTGGGCGTGGTGGCTCACGCC,no,train
211,CTCACGCCTGTAATCCCAGCACTT,no,train
336,GCCGGGCGTGGTGGCTCACGCCTG,yes,train
623,TGGCCGGGCACGGTGGCTCACACC,yes,train
124,ATTTTATTTTATTATTTTTTTTTA,yes,train
172,ATTTTTTTTTTTTTTTTTTTGTGA,yes,train
789,TTTTTTGTGATTTTTTTTTTTTCG,no,train
628,TGGCCGGGCGCGCTGGCTCACGCC,no,train
371,GGCCAGGCGCGGTGGCTCACGCCT,no,train
246,CTTTTGTTGTTTTTGAGACGGGGT,yes,train
835,TTTTTTTTTTTTGAGAGAGTTTTG,yes,train
343,GCTGGGCACAATGGTTCACACCTG,no,train
74,AGGCTGGGCATGGTGGCTCACGCC,no,train
4,ACAGTGGCTCACACCTTTGATCCC,yes,train
158,ATTTTTTTTTTTTTTAATTTTGTT,yes,train
625,TGGCCGGGCATGGTGGCTCACGCC,yes,train
23,AGCCGGGCACGGTGGCTCACACCT,no,train
779,TTTTTTATTTTTTATTTTATTTTA,no,train
54,AGGCCGGGCACTGTGGCTTACACA,no,train
704,TTTGAGACAGAGTTTTGCTCTTAT,yes,train
384,GGCCAGGTGCAGTGGCTCACGCCT,no,train
544,GTTTTGTTTTGTTTTTTGTTTTGA,yes,train
848,TTTTTTTTTTTTTTGAGACAGAGT,yes,train
155,ATTTTTTTTTTTTTGAGACAGAGT,no,train
432,GGCCTGGCACAGTGGCTCATGCCT,no,train
296,CTTTTTTTTTTTTTTTTTTTTTTT,yes,train
23,AGCCGGGCACGGTGGCTCACACCT,no,train
76,AGGCTGGGCGCGGTGGCTCACACC,yes,train
150,ATTTTTTTTTCTTTTTCAGAGTTT,no,train
768,TTTTTGGTTTTTTTTGTTTTTTTT,yes,train
463,GGCTGGGCGCAGTGGCTCATGCCT,yes,train
381,GGCCAGGTATGGTGGCTCATGCCT,no,train
529,GTTCTTTTTTTTTTAGACAGCGTT,yes,train
768,TTTTTGGTTTTTTTTGTTTTTTTT,yes,train
839,TTTTTTTTTTTTTGAGACTCAGGA,yes,train
83,AGGCTGGGTGCGCTGTGGCTCATG,yes,train
290,CTTTTTTTTTTTTTTTTTTTAATT,no,train
254,CTTTTTGAGACGAGGTCTCACTGT,no,train
742,TTTTGTGAGACAGCCTTGCTCTGT,no,train
417,GGCCGGGCGCGGTGGCTCACACCT,yes,train
283,CTTTTTTTTTTTTTTTGAGATGGA,yes,train
42,AGGCAGGGTGCAGTGGCTCACGCC,yes,train
29,AGCTGGGCACGTGGCTCACACCTG,yes,train
716,TTTGTTTTTTTTGTTTTTTTGACA,no,train
227,CTTTCTCACTCAGGCTGCAGTGAG,no,train
191,CCGGGCACGGTGGCTCACACCTGT,no,train
548,GTTTTGTTTTTTGGGGTTTGTTTT,yes,train
527,GTTCTTGTTTTTGTTTTGTTTTTT,no,train
381,GGCCAGGTATGGTGGCTCATGCCT,no,train
586,TGACAGGGTCTGTCTCTGTCACAC,no,train
442,GGCTGGGCACAGTGGCTCACACCT,yes,train
827,TTTTTTTTTTTGGAGACGGGCTCT,no,train
645,TGGCTGGGCGCGGTGGCTCACGCC,no,train
837,TTTTTTTTTTTTTCCGAGACAGAG,no,train
594,TGCCGGGCATGGTGGCTTGCACCT,yes,train
381,GGCCAGGTATGGTGGCTCATGCCT,no,train
776,TTTTTTATTTGTGTTTTTGTTTGT,no,train
309,GACTGGGTGCCATGGCTCATGCCT,no,train
353,GGCCAAACATGGTGCCCCACGCCT,no,train
768,TTTTTGGTTTTTTTTGTTTTTTTT,no,train
581,TCCTGGCCAACATGGTGAAACCCC,yes,train
792,TTTTTTGTTTTGTTTTGTTTGAGA,yes,train
735,TTTTCTTTTTCTTTTCTTTTTTTT,yes,train
675,TTGTTTTTTGTTTTTTTGTTTTTT,yes,train
545,GTTTTGTTTTGTTTTTTTGAGACA,yes,train
562,GTTTTTTTCTTTTTCTTTTTGAGA,no,train
546,GTTTTGTTTTGTTTTTTTTTTTTT,no,train
38,AGCTGGGTGTTTTGGCTCAGGCCT,yes,train
280,CTTTTTTTTTTTTTTGAGAGGGAG,no,train
509,GGGCTGGGTGCGGTGGCTCACACC,no,train
438,GGCTGCGTGCAGTGGCTCACGCCT,no,train
216,CTGGGCTCAGTGGCTCACACCTGT,yes,train
430,GGCCGGTCACGGTGGCTCACGCCT,no,train
365,GGCCAGGCACTGTGACTCATACCT,no,train
706,TTTGAGATGGAGTCTTGCTTCATT,yes,train
351,GGCACGGTGGCTCACGCCTGTAAT,no,train
288,CTTTTTTTTTTTTTTTTTTGAGAC,no,train
439,GGCTGGATGCAGTGGCTCATGCCT,yes,train
657,TTATTTTTATTTTTATTTTTTATT,no,train
227,CTTTCTCACTCAGGCTGCAGTGAG,yes,train
823,TTTTTTTTTTTGAGACAATGTCTC,no,train
49,AGGCCAGGTGTGGTAGCTCACGCC,no,train
548,GTTTTGTTTTTTGGGGTTTGTTTT,yes,train
114,ATTTATTTTATTTTTTATTGTTTT,no,train
182,CAGTGGCTCACACCTGTAATCCCA,yes,train
692,TTTCTTTATTTTAATTTTTTTTTT,yes,train
248,CTTTTTATTTTATTTTATTCTATT,yes,train
354,GGCCAAGCATGGTGGCTCACACCT,yes,train
430,GGCCGGTCACGGTGGCTCACGCCT,no,train
690,TTTCTGTTTTTTGTTTTTTTTTTT,no,train
760,TTTTTCTTATCTTTTTTTTTTTCC,no,train
381,GGCCAGGTATGGTGGCTCATGCCT,no,train
383,GGCCAGGTGCAGTGGCTCACATCT,no,train
700,TTTCTTTTTTTTTTTTTTGAGATG,no,train
572,GTTTTTTTTTTTTTTTTTTTTGAG,no,train
163,ATTTTTTTTTTTTTTTTCAAGACG,no,train
36,AGCTGGGTGTGGTGGCTCATACCT,yes,train
719,TTTTATTTATTTATTTTTTGAGAG,yes,train
322,GCCAGGCACGGTGGCTCACGCCTG,yes,train
401,GGCCGGGCACAGTGGCTCATGCCT,yes,train
623,TGGCCGGGCACGGTGGCTCACACC,yes,train
632,TGGCCGGGCGCGGTGGCTCATGCC,yes,train
428,GGCCGGGTGCAGTGGCTCATGCCT,no,train
28,AGCTGGACGCAGTAGCTAATGCCT,yes,train
436,GGCTAGGCGCAGTGGCTCACTCCT,no,train
804,TTTTTTTGTTTGTTTTTGAGGCGG,yes,train
371,GGCCAGGCGCGGTGGCTCACGCCT,yes,train
808,TTTTTTTTCTTTTTCTTTTTCTTT,no,train
390,GGCCAGGTGTAGCGGCCCACACCT,no,train
430,GGCCGGTCACGGTGGCTCACGCCT,yes,train
130,ATTTTGTATTTATTTATTTATTTA,no,train
23,AGCCGGGCACGGTGGCTCACACCT,no,train
86,AGGCTGGGTGTGGTGGCTCACGCC,no,train
575,TAGTGCAATGGCGCAATCCTGGCT,no,train
704,TTTGAGACAGAGTTTTGCTCTTAT,no,train
882,TTTTTTTTTTTTTTTTTTTTTTTT,no,train
364,GGCCAGGCACGGTGGGTCACGCCT,yes,train
258,CTTTTTTATTTTTATTTTTTTGAG,yes,train
381,GGCCAGGTATGGTGGCTCATGCCT,no,train
365,GGCCAGGCACTGTGACTCATACCT,yes,train
594,TGCCGGGCATGGTGGCTTGCACCT,no,train
325,GCCAGGCATGGTGGCTCACACCTG,no,train
854,TTTTTTTTTTTTTTTGAGACGGAG,yes,train
625,TGGCCGGGCATGGTGGCTCACGCC,yes,train
553,GTTTTTGTTTTGTTGTTTTTTTGA,yes,train
101,ATTCTTTGTTTTTTTTTGAGATGG,yes,train
801,TTTTTTTGTTTATGTGTTTGTTTT,no,train
804,TTTTTTTGTTTGTTTTTGAGGCGG,yes,train
378,GGCCAGGGATGTTGGCTCACATCT,yes,train
530,GTTCTTTTTTTTTTTTTTTTTTTC,yes,train
291,CTTTTTTTTTTTTTTTTTTTGAGA,no,train
146,ATTTTTTTGGACATGGCCTTGCTC,yes,train
252,CTTTTTCTTTTTCTTTCTTTCTTT,yes,train
34,AGCTGGGCGCGGTGGCTCACACCT,yes,train
718,TTTTATTCTTTTTTTTTTTTTTTT,yes,train
705,TTTGAGACGGAGTCTCGCTCTATT,yes,train
68,AGGCTGGCCATGTTGGCTCACGCT,yes,train
254,CTTTTTGAGACGAGGTCTCACTGT,yes,train
799,TTTTTTTGGTTTTTGTTTTGTTTT,no,train
386,GGCCAGGTGCAGTGGCTCATTCCT,no,train
839,TTTTTTTTTTTTTGAGACTCAGGA,yes,train
389,GGCCAGGTGGCGGTGGTTCACACC,yes,train
224,CTTTATTTTAATTATTATTATTTT,yes,train
428,GGCCGGGTGCAGTGGCTCATGCCT,no,train
454,GGCTGGGCAGGGTGGCTCACCCCT,no,train
789,TTTTTTGTGATTTTTTTTTTTTCG,yes,train
243,CTTTTCTTTTCTTTTCTTTCTTTT,yes,train
314,GAGACCAGCCTGACCAATATGGAG,yes,train
344,GCTGGGCACAGTAGCTCATGCCTG,yes,train
545,GTTTTGTTTTGTTTTTTTGAGACA,yes,train
105,ATTCTTTTTTTTTTTTTGAGATGG,yes,train
243,CTTTTCTTTTCTTTTCTTTCTTTT,yes,train
431,GGCCGGTCGTGGTGGCTCATGCCT,no,train
793,TTTTTTGTTTTGTTTTTTTTGAGA,yes,train
479,GGCTTGGTGCAGTGACGACACACC,no,train
838,TTTTTTTTTTTTTCTTTTTTTCTT,no,train
787,TTTTTTGAGACAAGGTCTTGCTCT,yes,train
848,TTTTTTTTTTTTTTGAGACAGAGT,yes,train
110,ATTTATTTATTTTTGAGACAGGGT,no,train
314,GAGACCAGCCTGACCAATATGGAG,no,train
33,AGCTGGGCGCAGTGGCTCACGCCT,yes,train
688,TTTCCTTTTTTTTTTTTTTCTTTT,no,train
286,CTTTTTTTTTTTTTTTTGAGACAA,no,train
245,CTTTTCTTTTTCTTTTCTTTTTTT,yes,train
657,TTATTTTTATTTTTATTTTTTATT,yes,train
238,CTTTTCGTTGTTGTTGAGACAGGG,no,train
618,TGGCCCGATGCAGTGGCTCATGCC,yes,train
626,TGGCCGGGCATGGTGGCTCACGCC,yes,train
643,TGGCTGGGCCCGGTGGCTCATGCC,yes,train
158,ATTTTTTTTTTTTTTAATTTTGTT,no,train
76,AGGCTGGGCGCGGTGGCTCACACC,yes,train
437,GGCTCAGCGTGGTGGCTCATGCCT,no,train
91,AGGTTGGGCATGGTGGCTCACGCC,yes,train
428,GGCCGGGTGCAGTGGCTCATGCCT,yes,train
18,AGCCAGGCGTGGTACGTAGCTCAC,no,train
238,CTTTTCGTTGTTGTTGAGACAGGG,no,train
825,TTTTTTTTTTTGAGACGGAGTCTC,yes,train
390,GGCCAGGTGTAGCGGCCCACACCT,yes,train
130,ATTTTGTATTTATTTATTTATTTA,no,train
26,AGCCGGGCGCGGTGGCTCACGCCT,yes,train
176,ATTTTTTTTTTTTTTTTTTTTTTT,no,train
161,ATTTTTTTTTTTTTTTAGATGGAG,no,train
509,GGGCTGGGTGCGGTGGCTCACACC,no,train
346,GCTGGGCATGGTGGCTCATGCCTG,yes,train
404,GGCCGGGCACGGTGGCTCACCTGT,yes,train
250,CTTTTTATTTTTTTGAGACAGTCT,yes,train
737,TTTTCTTTTTTTCTTTTTTGAGAT,yes,train
371,GGCCAGGCGCGGTGGCTCACGCCT,no,train
243,CTTTTCTTTTCTTTTCTTTCTTTT,yes,train
43,AGGCCAGACACAATGGCTCATGCT,no,train
151,ATTTTTTTTTCTTTTTCTTGTTTT,no,train
105,ATTCTTTTTTTTTTTTTGAGATGG,yes,train
847,TTTTTTTTTTTTTTGAGACACAGT,yes,train
519,GGTTGGGCATGGTAGCTCACACCT,yes,train
757,TTTTTATTTTTATTTTATTTTTTA,yes,train
586,TGACAGGGTCTGTCTCTGTCACAC,no,train
375,GGCCAGGCGTGGTGGCTCATGCCT,yes,train
468,GGCTGGGCGTGGTGGCTCACGCCT,no,train
534,GTTTCCTTTTTCTTCATTTCTATT,yes,train
428,GGCCGGGTGCAGTGGCTCATGCCT,yes,train
803,TTTTTTTGTTTGTTTGTTTTGAGA,yes,train
742,TTTTGTGAGACAGCCTTGCTCTGT,yes,train
239,CTTTTCTCTTCTTTTTTCTTTTCT,no,train
690,TTTCTGTTTTTTGTTTTTTTTTTT,yes,train
717,TTTTACTTTTTTTTTTTTTTGGGA,yes,train
422,GGCCGGGCGCGGTGGCTCAGGCCT,no,train
792,TTTTTTGTTTTGTTTTGTTTGAGA,yes,train
201,CGGCCAGGCACAGTGACTTACACC,no,train
581,TCCTGGCCAACATGGTGAAACCCC,no,train
132,ATTTTGTTTTGTTTTGGTTTTTTG,yes,train
164,ATTTTTTTTTTTTTTTTCTTGAGA,yes,train
733,TTTTCTTTTCTTTTCTTTTTTTTT,yes,train
322,GCCAGGCACGGTGGCTCACGCCTG,no,train
172,ATTTTTTTTTTTTTTTTTTTGTGA,no,train
500,GGGCTGGGCACGGTGGCTCATGAC,no,train
357,GGCCAGGCACAATGGCTCACACCT,no,train
191,CCGGGCACGGTGGCTCACACCTGT,no,train
13,AGCCAGGCATGGTGGCTCATGCCT,no,train
754,TTTTTATTTAGAGACAAGATCTCA,yes,train
719,TTTTATTTATTTATTTTTTGAGAG,no,train
272,CTTTTTTTTTTTTGAGACAAGGGT,yes,train
309,GACTGGGTGCCATGGCTCATGCCT,yes,train
544,GTTTTGTTTTGTTTTTTGTTTTGA,yes,train
560,GTTTTTTTATTTTTATTTTTGGAG,yes,train
865,TTTTTTTTTTTTTTTTTGAGACAG,yes,train
76,AGGCTGGGCGCGGTGGCTCACACC,yes,train
570,GTTTTTTTTTTTTTTCTTTAGAGA,no,train
451,GGCTGGGCACGGTGGCTCATGCCT,yes,train
787,TTTTTTGAGACAAGGTCTTGCTCT,yes,train
42,AGGCAGGGTGCAGTGGCTCACGCC,yes,train
767,TTTTTGAGACAGAGTCTCGCTCTT,yes,train
655,TGTGCAGGGACTCATGACTGTAAT,yes,train
182,CAGTGGCTCACACCTGTAATCCCA,yes,train
262,CTTTTTTGTTTCGTTGTTTTTCTT,no,train
705,TTTGAGACGGAGTCTCGCTCTATT,no,train
165,ATTTTTTTTTTTTTTTTGAGACAG,yes,train
702,TTTCTTTTTTTTTTTTTTTTTTTT,no,train
430,GGCCGGTCACGGTGGCTCACGCCT,no,train
515,GGTCAGGCACAGTGGCTTACACCT,yes,train
508,GGGCTGGGTGCCGTGGCTCACGCC,no,train
442,GGCTGGGCACAGTGGCTCACACCT,yes,train
823,TTTTTTTTTTTGAGACAATGTCTC,no,train
438,GGCTGCGTGCAGTGGCTCACGCCT,no,train
276,CTTTTTTTTTTTTTTCGGACAGAG,yes,train
504,GGGCTGGGCGCGGTGGCTCTCGCC,yes,train
705,TTTGAGACGGAGTCTCGCTCTATT,yes,train
368,GGCCAGGCATGGTGGTTCACGCCT,no,train
389,GGCCAGGTGGCGGTGGTTCACACC,yes,train
68,AGGCTGGCCATGTTGGCTCACGCT,yes,train
347,GCTGGGCGTGGTGGCTCACGCCTA,no,train
168,ATTTTTTTTTTTTTTTTTTGACGG,no,train
13,AGCCAGGCATGGTGGCTCATGCCT,yes,train
116,ATTTATTTTTATTTTTATTTTTTT,no,train
710,TTTGTTTGTTTAGAGATAGGATCT,no,train
879,TTTTTTTTTTTTTTTTTTTTTTTT,yes,train
368,GGCCAGGCATGGTGGTTCACGCCT,yes,train
111,ATTTATTTATTTTTTTATTTAGAG,no,train
29,AGCTGGGCACGTGGCTCACACCTG,yes,train
704,TTTGAGACAGAGTTTTGCTCTTAT,no,train
545,GTTTTGTTTTGTTTTTTTGAGACA,yes,train
204,CGGCCGGGCGCGGTGGCTCACGCC,no,train
243,CTTTTCTTTTCTTTTCTTTCTTTT,no,train
522,GTGAGACAGAGTTTCACTCTGTCG,yes,train
363,GGCCAGGCACGGTGGCTCACGCCT,no,train
879,TTTTTTTTTTTTTTTTTTTTTTTT,yes,train
260,CTTTTTTCTTTCTTTTTTTGAGAT,no,train
363,GGCCAGGCACGGTGGCTCACGCCT,no,train
831,TTTTTTTTTTTTCCGAGATGGAAT,yes,train
660,TTCTTTTATTTTTTTTGAGATGGA,no,train
18,AGCCAGGCGTGGTACGTAGCTCAC,yes,train
621,TGGCCGGGCACAGTGGCTCACGCC,no,train
200,CGCTGGGTACAGTTGCTTACACCT,no,train
776,TTTTTTATTTGTGTTTTTGTTTGT,yes,train
618,TGGCCCGATGCAGTGGCTCATGCC,yes,train
330,GCCAGGTGTGGTGGCTCACGCCTC,yes,train
594,TGCCGGGCATGGTGGCTTGCACCT,no,train
363,GGCCAGGCACGGTGGCTCACGCCT,no,train
496,GGGCCGGGTGCAGTGACTCACGCC,no,train
704,TTTGAGACAGAGTTTTGCTCTTAT,no,train
456,GGCTGGGCATGGTGGCTCACGCCT,no,train
385,GGCCAGGTGCAGTGGCTCATGCTT,no,train
774,TTTTTTAAGATGGAATCTTGCTCT,yes,train
718,TTTTATTCTTTTTTTTTTTTTTTT,yes,train
652,TGGGCACAGTGGCTCATGCCTGTA,yes,train
53,AGGCCGGGCACGGTGGCTCACACC,yes,train
239,CTTTTCTCTTCTTTTTTCTTTTCT,no,train
207,CGGCTGGGCACGGTGGCTCACGCC,no,train
396,GGCCGAGCGTGATGGCTCACCCCT,yes,train
355,GGCCAGACGTGGTGGCTCACGCCT,no,train
74,AGGCTGGGCATGGTGGCTCACGCC,no,train
343,GCTGGGCACAATGGTTCACACCTG,yes,train
670,TTGCCCAGGCTGGAGTGCAGGGCG,no,train
676,TTGTTTTTTTTTAATTTTTTAATT,yes,train
454,GGCTGGGCAGGGTGGCTCACCCCT,no,train
457,GGCTGGGCATGGTGGTTCACACCT,no,train
436,GGCTAGGCGCAGTGGCTCACTCCT,no,train
331,GCCAGTCATGGTGGCTCATGCCTG,no,train
768,TTTTTGGTTTTTTTTGTTTTTTTT,yes,train
237,CTTTTATTGTTTTTTGAGACGGAG,no,train
780,TTTTTTATTTTTTGAGGTGGAGTC,no,train
737,TTTTCTTTTTTTCTTTTTTGAGAT,yes,train
264,CTTTTTTTCATTTTTTTTTTTTTT,yes,train
535,GTTTTACTTTTTTTTTTTTTTTTT,no,train
529,GTTCTTTTTTTTTTAGACAGCGTT,no,train
545,GTTTTGTTTTGTTTTTTTGAGACA,yes,train
714,TTTGTTTTGTTTTTTGTTTTGAGA,no,train
306,GACCGGGCGTAGTGGCTCACGCCT,yes,train
873,TTTTTTTTTTTTTTTTTTTTTGAG,no,train
176,ATTTTTTTTTTTTTTTTTTTTTTT,yes,train
443,GGCTGGGCACAGTGGCTCACACCT,no,train
831,TTTTTTTTTTTTCCGAGATGGAAT,yes,train
730,TTTTCTTTGTTTGTTTGTTTGTTT,no,train
305,GACCCAGTGCGGTGGCTCACGCCT,no,train
509,GGGCTGGGTGCGGTGGCTCACACC,no,train
150,ATTTTTTTTTCTTTTTCAGAGTTT,yes,train
338,GCGCAGTGGCTCACGCCTGTAATC,yes,train
768,TTTTTGGTTTTTTTTGTTTTTTTT,no,train
175,ATTTTTTTTTTTTTTTTTTTTTTG,yes,train
571,GTTTTTTTTTTTTTTTTTTTAGAT,no,train
757,TTTTTATTTTTATTTTATTTTTTA,yes,train
655,TGTGCAGGGACTCATGACTGTAAT,yes,train
663,TTCTTTTTTCTTTTCTTTTTTTTT,no,train
774,TTTTTTAAGATGGAATCTTGCTCT,no,train
522,GTGAGACAGAGTTTCACTCTGTCG,yes,train
839,TTTTTTTTTTTTTGAGACTCAGGA,no,train
38,AGCTGGGTGTTTTGGCTCAGGCCT,no,train
584,TCTTGTTTTTTGTTTTTTTTTTGA,no,train
453,GGCTGGGCACGGTGGCTCTCGCCT,no,train
20,AGCCAGGTGCAGTGGCTCACGCTT,yes,train
439,GGCTGGATGCAGTGGCTCATGCCT,yes,train
702,TTTCTTTTTTTTTTTTTTTTTTTT,no,train
363,GGCCAGGCACGGTGGCTCACGCCT,yes,train
288,CTTTTTTTTTTTTTTTTTTGAGAC,no,train
837,TTTTTTTTTTTTTCCGAGACAGAG,yes,train
259,CTTTTTTCTTTATTTTTTTTTAGA,yes,train
396,GGCCGAGCGTGATGGCTCACCCCT,no,train
102,ATTCTTTTTGAGACAGAGTCTCTG,no,train
560,GTTTTTTTATTTTTATTTTTGGAG,yes,train
165,ATTTTTTTTTTTTTTTTGAGACAG,yes,train
346,GCTGGGCATGGTGGCTCATGCCTG,yes,train
372,GGCCAGGCGCGGTGGCTCACGCCT,yes,train
313,GAGACAGTCTTGCTTTGTCGCCAG,no,train
12,AGCCAGATGTGGTGACATGAACCA,no,train
666,TTCTTTTTTTTTTTGAGACGGAGT,yes,train
182,CAGTGGCTCACACCTGTAATCCCA,no,train
163,ATTTTTTTTTTTTTTTTCAAGACG,yes,train
354,GGCCAAGCATGGTGGCTCACACCT,yes,train
672,TTGTTATTTTTTATTTTTATTTTT,yes,train
522,GTGAGACAGAGTTTCACTCTGTCG,yes,train
41,AGGCAGGGCGAGGTGGCTCAAACC,yes,train
509,GGGCTGGGTGCGGTGGCTCACACC,yes,train
259,CTTTTTTCTTTATTTTTTTTTAGA,no,train
392,GGCCAGGTGTGGTGGCTCACACCT,no,train
150,ATTTTTTTTTCTTTTTCAGAGTTT,yes,train
146,ATTTTTTTGGACATGGCCTTGCTC,yes,train
324,GCCAGGCATGGTGGCTCACACCTG,no,train
644,TGGCTGGGCGCGGTGGCTCACGCC,yes,train
22,AGCCAGGTGCGGTGGCTCATGCCT,no,train
13,AGCCAGGCATGGTGGCTCATGCCT,no,train
846,TTTTTTTTTTTTTTCTTTTTTTTG,no,train
159,ATTTTTTTTTTTTTTCTTGGAATG,no,train
445,GGCTGGGCACAGTGGCTCATGCCT,no,train
865,TTTTTTTTTTTTTTTTTGAGACAG,yes,train
395,GGCCGAGCGCAGTGGCTCACGCCT,yes,train
657,TTATTTTTATTTTTATTTTTTATT,yes,train
543,GTTTTGTTTTGTTTTGAAAGAACG,no,train
790,TTTTTTGTTTGTTTTTTGGAGACA,no,train
545,GTTTTGTTTTGTTTTTTTGAGACA,no,train
626,TGGCCGGGCATGGTGGCTCACGCC,no,train
406,GGCCGGGCACGGTGGCTCACGCCT,yes,train
91,AGGTTGGGCATGGTGGCTCACGCC,yes,train
41,AGGCAGGGCGAGGTGGCTCAAACC,yes,train
116,ATTTATTTTTATTTTTATTTTTTT,yes,train
283,CTTTTTTTTTTTTTTTGAGATGGA,yes,train
516,GGTCGGGCACGGTGGCTCATGCCT,no,train
443,GGCTGGGCACAGTGGCTCACACCT,yes,train
871,TTTTTTTTTTTTTTTTTTTTGAGG,yes,train
175,ATTTTTTTTTTTTTTTTTTTTTTG,yes,train
192,CCGGGCGCAGTGGCTCATGCCTGT,yes,train
87,AGGCTGTTGCTCTGTCACCCAGGA,yes,train
378,GGCCAGGGATGTTGGCTCACATCT,no,train
4,ACAGTGGCTCACACCTTTGATCCC,yes,train
64,AGGCTAGGCGCAGTGGCTCAACCC,no,train
456,GGCTGGGCATGGTGGCTCACGCCT,yes,train
776,TTTTTTATTTGTGTTTTTGTTTGT,yes,train
717,TTTTACTTTTTTTTTTTTTTGGGA,yes,train
669,TTGAGACGGAGTTTCACTGGTTGC,no,train
151,ATTTTTTTTTCTTTTTCTTGTTTT,yes,train
225,CTTTATTTTATTTTCATTTTTTGG,no,train
310,GACTGGGTGCGGTGGCTCATGCCT,no,train
409,GGCCGGGCCCAGTGGCTCACACCT,no,train
466,GGCTGGGCGTAGTGGCTCACACCT,yes,train
45,AGGCCAGGCACAGTGGCTCACGCC,yes,train
38,AGCTGGGTGTTTTGGCTCAGGCCT,yes,train
165,ATTTTTTTTTTTTTTTTGAGACAG,yes,train
562,GTTTTTTTCTTTTTCTTTTTGAGA,yes,train
548,GTTTTGTTTTTTGGGGTTTGTTTT,yes,train
357,GGCCAGGCACAATGGCTCACACCT,no,train
676,TTGTTTTTTTTTAATTTTTTAATT,no,train
787,TTTTTTGAGACAAGGTCTTGCTCT,yes,train
601,TGGCCAGACACAGTGGCTCATGCC,no,train
445,GGCTGGGCACAGTGGCTCATGCCT,no,train
146,ATTTTTTTGGACATGGCCTTGCTC,yes,train
512,GGGGGCAGAGGTGGGCGGATCACC,yes,train
739,TTTTGAAATGGAGTTTTGCTCAGT,no,train
110,ATTTATTTATTTTTGAGACAGGGT,no,train
101,ATTCTTTGTTTTTTTTTGAGATGG,no,train
865,TTTTTTTTTTTTTTTTTGAGACAG,no,train
348,GCTGGGTGGGGTGGCTCACACCCG,yes,train
620,TGGCCGGGCACAGTGGCTCACGCC,yes,train
330,GCCAGGTGTGGTGGCTCACGCCTC,yes,train
594,TGCCGGGCATGGTGGCTTGCACCT,yes,train
418,GGCCGGGCGCGGTGGCTCACACCT,no,train
163,ATTTTTTTTTTTTTTTTCAAGACG,yes,train
53,AGGCCGGGCACGGTGGCTCACACC,no,train
201,CGGCCAGGCACAGTGACTTACACC,yes,train
306,GACCGGGCGTAGTGGCTCACGCCT,yes,train
879,TTTTTTTTTTTTTTTTTTTTTTTT,no,train
369,GGCCAGGCCCAGTGGCTCACACCT,yes,train
582,TCTCTCTTTTTTTTTTTTTTGAGA,yes,train
118,ATTTCCTTCTTTTTTTTTTTGAGA,yes,train
451,GGCTGGGCACGGTGGCTCATGCCT,no,train
737,TTTTCTTTTTTTCTTTTTTGAGAT,yes,train
376,GGCCAGGCTCTGTGACTCACGCCT,no,train
201,CGGCCAGGCACAGTGACTTACACC,yes,train
527,GTTCTTGTTTTTGTTTTGTTTTTT,no,train
751,TTTTGTTTTTTGTTGTTGTGGTGG,yes,train
286,CTTTTTTTTTTTTTTTTGAGACAA,no,train
26,AGCCGGGCGCGGTGGCTCACGCCT,no,train
714,TTTGTTTTGTTTTTTGTTTTGAGA,yes,train
14,AGCCAGGCATGGTGGTTCACACCT,yes,train
543,GTTTTGTTTTGTTTTGAAAGAACG,no,train
291,CTTTTTTTTTTTTTTTTTTTGAGA,no,train
789,TTTTTTGTGATTTTTTTTTTTTCG,yes,train
675,TTGTTTTTTGTTTTTTTGTTTTTT,no,train
240,CTTTTCTCTTTTTTTTTTTTTTTT,yes,train
404,GGCCGGGCACGGTGGCTCACCTGT,yes,train
24,AGCCGGGCATGGTGGCTCACGCCC,yes,train
870,TTTTTTTTTTTTTTTTTTTTGAGA,no,train
529,GTTCTTTTTTTTTTAGACAGCGTT,no,train
68,AGGCTGGCCATGTTGGCTCACGCT,yes,train
854,TTTTTTTTTTTTTTTGAGACGGAG,no,train
144,ATTTTTTTCTTCTTTTTTCCACAG,yes,train
537,GTTTTCTTCTGTTTTCTTATATTT,no,train
312,GAGACAGGTTCTTGATCTGTCACT,no,train
563,GTTTTTTTGTTTGTTTTGCTTTTT,yes,train
196,CGCAGAGGCAGGCGGATCACTTGA,no,train
644,TGGCTGGGCGCGGTGGCTCACGCC,yes,train
191,CCGGGCACGGTGGCTCACACCTGT,no,train
104,ATTCTTTTTTTTTTTCTTCTTTGA,no,train
353,GGCCAAACATGGTGCCCCACGCCT,yes,train
248,CTTTTTATTTTATTTTATTCTATT,no,train
695,TTTCTTTTCTTTCCTTTCTTTTTT,no,train
26,AGCCGGGCGCGGTGGCTCACGCCT,yes,train
320,GCAGTGGCCCACGCCTGTAATCCC,no,train
545,GTTTTGTTTTGTTTTTTTGAGACA,yes,train
145,ATTTTTTTGAGACAGGGTGTCACT,yes,train
438,GGCTGCGTGCAGTGGCTCACGCCT,yes,train
532,GTTGTTTTGTTTTGTTTTGAGACA,no,train
519,GGTTGGGCATGGTAGCTCACACCT,yes,train
347,GCTGGGCGTGGTGGCTCACGCCTA,yes,train
684,TTTATTTTTAATTTTATTTTTGAG,no,train
499,GGGCTGGGCACAGTGGCTTACGCC,no,train
745,TTTTGTTTTAATATTTTTTTTCTT,yes,train
471,GGCTGGGTGCAATGGCTCACACCT,no,train
207,CGGCTGGGCACGGTGGCTCACGCC,no,train
571,GTTTTTTTTTTTTTTTTTTTAGAT,no,train
651,TGGGAGGCCGAGGCGGGCGGATCA,no,train
166,ATTTTTTTTTTTTTTTTGAGAGGA,yes,train
144,ATTTTTTTCTTCTTTTTTCCACAG,no,train
219,CTTATATTTTATTTACTTACTTAA,yes,train
485,GGGCCAGGCGCAGTGGCTCACGCC,no,train
74,AGGCTGGGCATGGTGGCTCACGCC,no,train
372,GGCCAGGCGCGGTGGCTCACGCCT,no,train
23,AGCCGGGCACGGTGGCTCACACCT,no,train
871,TTTTTTTTTTTTTTTTTTTTGAGG,no,train
716,TTTGTTTTTTTTGTTTTTTTGACA,yes,train
594,TGCCGGGCATGGTGGCTTGCACCT,yes,train
488,GGGCCAGGCGCTGTGGCTCACACC,no,train
16,AGCCAGGCGCAGTGGCTCACGCCT,yes,train
807,TTTTTTTTCTTTCTTTTTATTTCT,no,train
368,GGCCAGGCATGGTGGTTCACGCCT,yes,train
504,GGGCTGGGCGCGGTGGCTCTCGCC,no,train
463,GGCTGGGCGCAGTGGCTCATGCCT,yes,train
527,GTTCTTGTTTTTGTTTTGTTTTTT,no,train
742,TTTTGTGAGACAGCCTTGCTCTGT,yes,train
430,GGCCGGTCACGGTGGCTCACGCCT,no,train
496,GGGCCGGGTGCAGTGACTCACGCC,no,train
343,GCTGGGCACAATGGTTCACACCTG,yes,train
428,GGCCGGGTGCAGTGGCTCATGCCT,no,train
172,ATTTTTTTTTTTTTTTTTTTGTGA,no,train
113,ATTTATTTTATTTTTCTGAGATGG,no,train
718,TTTTATTCTTTTTTTTTTTTTTTT,yes,train
437,GGCTCAGCGTGGTGGCTCATGCCT,no,train
488,GGGCCAGGCGCTGTGGCTCACACC,no,train
803,TTTTTTTGTTTGTTTGTTTTGAGA,no,train
216,CTGGGCTCAGTGGCTCACACCTGT,yes,train
102,ATTCTTTTTGAGACAGAGTCTCTG,no,train
456,GGCTGGGCATGGTGGCTCACGCCT,yes,train
296,CTTTTTTTTTTTTTTTTTTTTTTT,yes,train
563,GTTTTTTTGTTTGTTTTGCTTTTT,yes,train
130,ATTTTGTATTTATTTATTTATTTA,no,train
34,AGCTGGGCGCGGTGGCTCACACCT,no,train
113,ATTTATTTTATTTTTCTGAGATGG,no,train
248,CTTTTTATTTTATTTTATTCTATT,no,train
353,GGCCAAACATGGTGCCCCACGCCT,yes,train
674,TTGTTTGTTGTTTTTGAGACAGAG,yes,train
187,CCAGGTGCAGTGGCTCATGCCTGT,yes,train
31,AGCTGGGCATGGTGGTTCATGCCT,yes,train
365,GGCCAGGCACTGTGACTCATACCT,yes,train
368,GGCCAGGCATGGTGGTTCACGCCT,no,train
462,GGCTGGGCGCAGTGGCTCACTCCT,yes,train
661,TTCTTTTGTTTTTTTGAGATGGAG,yes,train
617,TGGCCAGGTGCGGTGGCTCACGCC,no,train
132,ATTTTGTTTTGTTTTGGTTTTTTG,yes,train
385,GGCCAGGTGCAGTGGCTCATGCTT,yes,train
848,TTTTTTTTTTTTTTGAGACAGAGT,yes,train
113,ATTTATTTTATTTTTCTGAGATGG,no,train
110,ATTTATTTATTTTTGAGACAGGGT,no,train
643,TGGCTGGGCCCGGTGGCTCATGCC,no,train
468,GGCTGGGCGTGGTGGCTCACGCCT,no,train
544,GTTTTGTTTTGTTTTTTGTTTTGA,no,train
145,ATTTTTTTGAGACAGGGTGTCACT,no,train
87,AGGCTGTTGCTCTGTCACCCAGGA,yes,train
553,GTTTTTGTTTTGTTGTTTTTTTGA,yes,train
158,ATTTTTTTTTTTTTTAATTTTGTT,no,train
563,GTTTTTTTGTTTGTTTTGCTTTTT,yes,train
454,GGCTGGGCAGGGTGGCTCACCCCT,yes,train
371,GGCCAGGCGCGGTGGCTCACGCCT,no,train
47,AGGCCAGGCGTGGTGGCTCATGCC,yes,train
768,TTTTTGGTTTTTTTTGTTTTTTTT,yes,train
114,ATTTATTTTATTTTTTATTGTTTT,no,train
305,GACCCAGTGCGGTGGCTCACGCCT,no,train
729,TTTTCTTTCTTTTTTTTTTTTTTT,no,train
742,TTTTGTGAGACAGCCTTGCTCTGT,no,train
439,GGCTGGATGCAGTGGCTCATGCCT,no,train
476,GGCTGGGTGCGGTGGCTCACGCCT,no,train
333,GCCGGGCATGGTGGCTCACGCCTG,no,train
623,TGGCCGGGCACGGTGGCTCACACC,yes,train
10,AGATCAGGCATGGTGGCTTACACC,no,train
616,TGGCCAGGCGTAGTGGCTCATGCC,yes,train
13,AGCCAGGCATGGTGGCTCATGCCT,yes,train
340,GCTAGACACAGTGGCTCATGCCTG,yes,train
601,TGGCCAGACACAGTGGCTCATGCC,no,train
191,CCGGGCACGGTGGCTCACACCTGT,no,train
348,GCTGGGTGGGGTGGCTCACACCCG,yes,train
165,ATTTTTTTTTTTTTTTTGAGACAG,yes,train
582,TCTCTCTTTTTTTTTTTTTTGAGA,yes,train
716,TTTGTTTTTTTTGTTTTTTTGACA,yes,train
336,GCCGGGCGTGGTGGCTCACGCCTG,yes,train
812,TTTTTTTTGTTTGTTTTTTGTTTT,no,train
118,ATTTCCTTCTTTTTTTTTTTGAGA,no,train
365,GGCCAGGCACTGTGACTCATACCT,no,train
250,CTTTTTATTTTTTTGAGACAGTCT,yes,train
133,ATTTTGTTTTGTTTTTGTTTTTTG,no,train
153,ATTTTTTTTTTTGACAGAGTCTTG,yes,train
488,GGGCCAGGCGCTGTGGCTCACACC,yes,train
877,TTTTTTTTTTTTTTTTTTTTTTTT,no,train
442,GGCTGGGCACAGTGGCTCACACCT,yes,train
113,ATTTATTTTATTTTTCTGAGATGG,no,train
672,TTGTTATTTTTTATTTTTATTTTT,yes,train
333,GCCGGGCATGGTGGCTCACGCCTG,no,train
288,CTTTTTTTTTTTTTTTTTTGAGAC,no,train
799,TTTTTTTGGTTTTTGTTTTGTTTT,no,train
47,AGGCCAGGCGTGGTGGCTCATGCC,no,train
340,GCTAGACACAGTGGCTCATGCCTG,no,train
445,GGCTGGGCACAGTGGCTCATGCCT,no,train
831,TTTTTTTTTTTTCCGAGATGGAAT,no,train
541,GTTTTGCTTTTTTTTTTTTTTTTT,yes,train
74,AGGCTGGGCATGGTGGCTCACGCC,yes,train
105,ATTCTTTTTTTTTTTTTGAGATGG,no,train
56,AGGCCGGGCATGGTGGCTCACGCT,yes,train
519,GGTTGGGCATGGTAGCTCACACCT,yes,train
424,GGCCGGGCGTGGTGGCTCACACCT,yes,train
216,CTGGGCTCAGTGGCTCACACCTGT,yes,train
471,GGCTGGGTGCAATGGCTCACACCT,no,train
879,TTTTTTTTTTTTTTTTTTTTTTTT,no,train
801,TTTTTTTGTTTATGTGTTTGTTTT,no,train
595,TGCCGGGCGCGGTGGCTCACGTCT,no,train
462,GGCTGGGCGCAGTGGCTCACTCCT,yes,train
445,GGCTGGGCACAGTGGCTCATGCCT,no,train
515,GGTCAGGCACAGTGGCTTACACCT,yes,train
201,CGGCCAGGCACAGTGACTTACACC,no,train
320,GCAGTGGCCCACGCCTGTAATCCC,no,train
453,GGCTGGGCACGGTGGCTCTCGCCT,yes,train
2,AAGATGGAGTCTTATTCTGTCGCC,no,train
562,GTTTTTTTCTTTTTCTTTTTGAGA,no,train
33,AGCTGGGCGCAGTGGCTCACGCCT,yes,train
666,TTCTTTTTTTTTTTGAGACGGAGT,no,train
105,ATTCTTTTTTTTTTTTTGAGATGG,no,train
464,GGCTGGGCGCGATGGCTCATGTCT,yes,train
248,CTTTTTATTTTATTTTATTCTATT,no,train
750,TTTTGTTTTTTCGTTTGTTTCTTT,no,train
4,ACAGTGGCTCACACCTTTGATCCC,yes,train
131,ATTTTGTTGTTGTTATTTGTTTCT,no,train
763,TTTTTCTTTGAGACAGAGTCACTC,no,train
621,TGGCCGGGCACAGTGGCTCACGCC,no,train
463,GGCTGGGCGCAGTGGCTCATGCCT,no,train
879,TTTTTTTTTTTTTTTTTTTTTTTT,yes,train
803,TTTTTTTGTTTGTTTGTTTTGAGA,yes,train
543,GTTTTGTTTTGTTTTGAAAGAACG,no,train
720,TTTTATTTTACTTTATTTTTTTTG,no,train
781,TTTTTTATTTTTTTGAGATGGAGT,yes,train
292,CTTTTTTTTTTTTTTTTTTTTTAC,yes,train
98,ATGATGGGCTCTCCTTACATATAT,yes,train
451,GGCTGGGCACGGTGGCTCATGCCT,yes,train
242,CTTTTCTTTTCTTGAGGCAGGGTC,yes,train
454,GGCTGGGCAGGGTGGCTCACCCCT,yes,train
406,GGCCGGGCACGGTGGCTCACGCCT,no,train
171,ATTTTTTTTTTTTTTTTTTTGAGG,no,train
776,TTTTTTATTTGTGTTTTTGTTTGT,no,train
26,AGCCGGGCGCGGTGGCTCACGCCT,no,train
471,GGCTGGGTGCAATGGCTCACACCT,no,train
846,TTTTTTTTTTTTTTCTTTTTTTTG,yes,train
747,TTTTGTTTTGTTTTTTTTTTAAGA,no,train
306,GACCGGGCGTAGTGGCTCACGCCT,yes,train
801,TTTTTTTGTTTATGTGTTTGTTTT,yes,train
231,CTTTCTTTTTTTTTTTTTTTTTTT,no,train
485,GGGCCAGGCGCAGTGGCTCACGCC,no,train
690,TTTCTGTTTTTTGTTTTTTTTTTT,yes,train
272,CTTTTTTTTTTTTGAGACAAGGGT,yes,train
742,TTTTGTGAGACAGCCTTGCTCTGT,no,train
38,AGCTGGGTGTTTTGGCTCAGGCCT,yes,train
41,AGGCAGGGCGAGGTGGCTCAAACC,yes,train
283,CTTTTTTTTTTTTTTTGAGATGGA,yes,train
527,GTTCTTGTTTTTGTTTTGTTTTTT,no,train
537,GTTTTCTTCTGTTTTCTTATATTT,no,train
314,GAGACCAGCCTGACCAATATGGAG,yes,train
879,TTTTTTTTTTTTTTTTTTTTTTTT,no,train
310,GACTGGGTGCGGTGGCTCATGCCT,no,train
173,ATTTTTTTTTTTTTTTTTTTTTGA,yes,train
256,CTTTTTGATTGATTGTTTGTTATG,yes,train
780,TTTTTTATTTTTTGAGGTGGAGTC,no,train
63,AGGCCGGGTGCTGTGGCTCACACC,no,train
112,ATTTATTTTATTTTATTTTATTTT,yes,train
690,TTTCTGTTTTTTGTTTTTTTTTTT,yes,train
535,GTTTTACTTTTTTTTTTTTTTTTT,yes,train
336,GCCGGGCGTGGTGGCTCACGCCTG,yes,train
543,GTTTTGTTTTGTTTTGAAAGAACG,no,train
245,CTTTTCTTTTTCTTTTCTTTTTTT,no,train
47,AGGCCAGGCGTGGTGGCTCATGCC,no,train
312,GAGACAGGTTCTTGATCTGTCACT,no,train
543,GTTTTGTTTTGTTTTGAAAGAACG,no,train
105,ATTCTTTTTTTTTTTTTGAGATGG,no,train
116,ATTTATTTTTATTTTTATTTTTTT,yes,train
720,TTTTATTTTACTTTATTTTTTTTG,no,train
209,CGGCTGGGTGCGGTGGCTCACGCC,yes,train
632,TGGCCGGGCGCGGTGGCTCATGCC,no,train
346,GCTGGGCATGGTGGCTCATGCCTG,yes,train
257,CTTTTTTACTTTATTTATTCTAGA,yes,train
678,TTTATTATTATTTTTTGAGATGGA,no,train
815,TTTTTTTTTCTTTTTTCTTTTTTC,yes,train
396,GGCCGAGCGTGATGGCTCACCCCT,yes,train
381,GGCCAGGTATGGTGGCTCATGCCT,no,train
553,GTTTTTGTTTTGTTGTTTTTTTGA,no,train
145,ATTTTTTTGAGACAGGGTGTCACT,no,train
734,TTTTCTTTTCTTTTTCTTTTTCTT,no,train
96,AGTTTGTTTGTTTGTTTGTTTGTT,no,train
192,CCGGGCGCAGTGGCTCATGCCTGT,no,train
466,GGCTGGGCGTAGTGGCTCACACCT,yes,train
22,AGCCAGGTGCGGTGGCTCATGCCT,no,train
87,AGGCTGTTGCTCTGTCACCCAGGA,yes,train
508,GGGCTGGGTGCCGTGGCTCACGCC,yes,train
105,ATTCTTTTTTTTTTTTTGAGATGG,yes,train
124,ATTTTATTTTATTATTTTTTTTTA,yes,train
22,AGCCAGGTGCGGTGGCTCATGCCT,no,train
467,GGCTGGGCGTGGTGGCCCACGCCT,no,train
373,GGCCAGGCGCGGTGGCTCATCCCT,no,train
29,AGCTGGGCACGTGGCTCACACCTG,yes,train
31,AGCTGGGCATGGTGGTTCATGCCT,no,train
326,GCCAGGCATGGTGGCTCATGCCTA,no,train
803,TTTTTTTGTTTGTTTGTTTTGAGA,no,train
357,GGCCAGGCACAATGGCTCACACCT,no,train
286,CTTTTTTTTTTTTTTTTGAGACAA,no,train
346,GCTGGGCATGGTGGCTCATGCCTG,yes,train
383,GGCCAGGTGCAGTGGCTCACATCT,yes,train
330,GCCAGGTGTGGTGGCTCACGCCTC,yes,train
829,TTTTTTTTTTTTAAAGACAGGGTC,no,train
176,ATTTTTTTTTTTTTTTTTTTTTTT,no,train
464,GGCTGGGCGCGATGGCTCATGTCT,no,train
532,GTTGTTTTGTTTTGTTTTGAGACA,no,train
242,CTTTTCTTTTCTTGAGGCAGGGTC,no,train
704,TTTGAGACAGAGTTTTGCTCTTAT,no,train
657,TTATTTTTATTTTTATTTTTTATT,yes,train
545,GTTTTGTTTTGTTTTTTTGAGACA,no,train
815,TTTTTTTTTCTTTTTTCTTTTTTC,yes,train
848,TTTTTTTTTTTTTTGAGACAGAGT,yes,train
219,CTTATATTTTATTTACTTACTTAA,yes,train
642,TGGCTGGGCATGGTGGGTGCCTGT,no,train
644,TGGCTGGGCGCGGTGGCTCACGCC,yes,train
58,AGGCCGGGCGCGGTGGCTCACGCC,no,train
769,TTTTTGTTTGTTTGTTTGTTTGTT,no,train
191,CCGGGCACGGTGGCTCACACCTGT,yes,train
47,AGGCCAGGCGTGGTGGCTCATGCC,no,train
780,TTTTTTATTTTTTGAGGTGGAGTC,yes,train
360,GGCCAGGCACAGTGGCTCACGCCT,no,train
63,AGGCCGGGTGCTGTGGCTCACACC,no,train
91,AGGTTGGGCATGGTGGCTCACGCC,yes,train
131,ATTTTGTTGTTGTTATTTGTTTCT,yes,train
717,TTTTACTTTTTTTTTTTTTTGGGA,yes,train
466,GGCTGGGCGTAGTGGCTCACACCT,yes,train
661,TTCTTTTGTTTTTTTGAGATGGAG,yes,train
373,GGCCAGGCGCGGTGGCTCATCCCT,yes,train
182,CAGTGGCTCACACCTGTAATCCCA,yes,train
75,AGGCTGGGCATGGTGGCTCATGCC,no,train
254,CTTTTTGAGACGAGGTCTCACTGT,yes,train
22,AGCCAGGTGCGGTGGCTCATGCCT,no,train
301,GACAGAGTCTTGCTCTGTCACCCA,no,train
848,TTTTTTTTTTTTTTGAGACAGAGT,yes,train
601,TGGCCAGACACAGTGGCTCATGCC,yes,train
594,TGCCGGGCATGGTGGCTTGCACCT,yes,train
554,GTTTTTTCTTTTTTGTTTTTTGTT,no,train
305,GACCCAGTGCGGTGGCTCACGCCT,no,train
182,CAGTGGCTCACACCTGTAATCCCA,no,train
541,GTTTTGCTTTTTTTTTTTTTTTTT,yes,train
825,TTTTTTTTTTTGAGACGGAGTCTC,yes,train
621,TGGCCGGGCACAGTGGCTCACGCC,no,train
592,TGCCGGACGCGTTGGCTCATGCCT,no,train
24,AGCCGGGCATGGTGGCTCACGCCC,yes,train
237,CTTTTATTGTTTTTTGAGACGGAG,no,train
538,GTTTTCTTTTCTTTTCTTTTTTTT,no,train
787,TTTTTTGAGACAAGGTCTTGCTCT,yes,train
359,GGCCAGGCACAGTGGCTCACACCT,no,train
175,ATTTTTTTTTTTTTTTTTTTTTTG,yes,train
617,TGGCCAGGTGCGGTGGCTCACGCC,no,train
617,TGGCCAGGTGCGGTGGCTCACGCC,yes,train
675,TTGTTTTTTGTTTTTTTGTTTTTT,no,train
243,CTTTTCTTTTCTTTTCTTTCTTTT,yes,train
544,GTTTTGTTTTGTTTTTTGTTTTGA,yes,train
223,CTTTATTTATTTATTTATTTATGA,yes,train
411,GGCCGGGCGCAGTGGCCCACACCT,yes,train
417,GGCCGGGCGCGGTGGCTCACACCT,no,train
451,GGCTGGGCACGGTGGCTCATGCCT,no,train
581,TCCTGGCCAACATGGTGAAACCCC,no,train
767,TTTTTGAGACAGAGTCTCGCTCTT,no,train
512,GGGGGCAGAGGTGGGCGGATCACC,no,train
223,CTTTATTTATTTATTTATTTATGA,no,train
808,TTTTTTTTCTTTTTCTTTTTCTTT,no,train
769,TTTTTGTTTGTTTGTTTGTTTGTT,no,train
83,AGGCTGGGTGCGCTGTGGCTCATG,yes,train
390,GGCCAGGTGTAGCGGCCCACACCT,no,train
537,GTTTTCTTCTGTTTTCTTATATTT,no,train
163,ATTTTTTTTTTTTTTTTCAAGACG,no,train
779,TTTTTTATTTTTTATTTTATTTTA,no,train
28,AGCTGGACGCAGTAGCTAATGCCT,yes,train
272,CTTTTTTTTTTTTGAGACAAGGGT,yes,train
235,CTTTGTTTTTGTTTTTGTCTTTTG,yes,train
344,GCTGGGCACAGTAGCTCATGCCTG,yes,train
546,GTTTTGTTTTGTTTTTTTTTTTTT,no,train
380,GGCCAGGGGCAGTGGTTCATGCCT,no,train
755,TTTTTATTTTATTTATTTATTTAT,no,train
102,ATTCTTTTTGAGACAGAGTCTCTG,no,train
33,AGCTGGGCGCAGTGGCTCACGCCT,no,train
303,GACCAGGTGCAGTAGCTCATGCTT,yes,train
449,GGCTGGGCACGGTGGCTCATGCCT,yes,train
24,AGCCGGGCATGGTGGCTCACGCCC,yes,train
342,GCTGGATGCGGTGGCTCACGCCTG,yes,train
173,ATTTTTTTTTTTTTTTTTTTTTGA,yes,train
165,ATTTTTTTTTTTTTTTTGAGACAG,no,train
133,ATTTTGTTTTGTTTTTGTTTTTTG,yes,train
442,GGCTGGGCACAGTGGCTCACACCT,yes,train
816,TTTTTTTTTGTTGTTGTTGAGACG,no,train
626,TGGCCGGGCATGGTGGCTCACGCC,no,train
817,TTTTTTTTTGTTTTAGAAGGAGTT,yes,train
657,TTATTTTTATTTTTATTTTTTATT,no,train
731,TTTTCTTTTCTTGTGTGTTTTTTT,no,train
435,GGCGGGGTGTGGTGGCTCATGCCT,no,train
207,CGGCTGGGCACGGTGGCTCACGCC,no,train
350,GGCAAGGCATGGTGGCTCATGCCT,no,train
403,GGCCGGGCACGGTGACTCATGCCT,no,train
835,TTTTTTTTTTTTGAGAGAGTTTTG,yes,train
220,CTTCTTTTTTTTTTTTCTTTTGAG,yes,train
338,GCGCAGTGGCTCACGCCTGTAATC,yes,train
430,GGCCGGTCACGGTGGCTCACGCCT,yes,train
91,AGGTTGGGCATGGTGGCTCACGCC,no,train
33,AGCTGGGCGCAGTGGCTCACGCCT,yes,train
200,CGCTGGGTACAGTTGCTTACACCT,no,train
223,CTTTATTTATTTATTTATTTATGA,yes,train
342,GCTGGATGCGGTGGCTCACGCCTG,yes,train
10,AGATCAGGCATGGTGGCTTACACC,no,train
582,TCTCTCTTTTTTTTTTTTTTGAGA,yes,train
43,AGGCCAGACACAATGGCTCATGCT,yes,train
292,CTTTTTTTTTTTTTTTTTTTTTAC,yes,train
36,AGCTGGGTGTGGTGGCTCATACCT,yes,train
431,GGCCGGTCGTGGTGGCTCATGCCT,no,train
386,GGCCAGGTGCAGTGGCTCATTCCT,no,train
846,TTTTTTTTTTTTTTCTTTTTTTTG,yes,train
165,ATTTTTTTTTTTTTTTTGAGACAG,no,train
666,TTCTTTTTTTTTTTGAGACGGAGT,yes,train
43,AGGCCAGACACAATGGCTCATGCT,no,train
710,TTTGTTTGTTTAGAGATAGGATCT,no,train
437,GGCTCAGCGTGGTGGCTCATGCCT,no,train
409,GGCCGGGCCCAGTGGCTCACACCT,no,train
68,AGGCTGGCCATGTTGGCTCACGCT,no,train
787,TTTTTTGAGACAAGGTCTTGCTCT,yes,train
851,TTTTTTTTTTTTTTGAGATGGAGT,yes,train
546,GTTTTGTTTTGTTTTTTTTTTTTT,yes,train
207,CGGCTGGGCACGGTGGCTCACGCC,no,train
479,GGCTTGGTGCAGTGACGACACACC,no,train
380,GGCCAGGGGCAGTGGTTCATGCCT,no,train
430,GGCCGGTCACGGTGGCTCACGCCT,yes,train
879,TTTTTTTTTTTTTTTTTTTTTTTT,no,train
280,CTTTTTTTTTTTTTTGAGAGGGAG,no,train
243,CTTTTCTTTTCTTTTCTTTCTTTT,yes,train
216,CTGGGCTCAGTGGCTCACACCTGT,no,train
621,TGGCCGGGCACAGTGGCTCACGCC,yes,train
172,ATTTTTTTTTTTTTTTTTTTGTGA,no,train
835,TTTTTTTTTTTTGAGAGAGTTTTG,no,train
444,GGCTGGGCACAGTGGCTCACACCT,no,train
314,GAGACCAGCCTGACCAATATGGAG,no,train
346,GCTGGGCATGGTGGCTCATGCCTG,no,train
626,TGGCCGGGCATGGTGGCTCACGCC,no,train
410,GGCCGGGCGCAATGGCTCGCGCCT,no,train
239,CTTTTCTCTTCTTTTTTCTTTTCT,no,train
453,GGCTGGGCACGGTGGCTCTCGCCT,no,train
258,CTTTTTTATTTTTATTTTTTTGAG,yes,train
568,GTTTTTTTTTTTGAGACGGAGTCT,yes,train
632,TGGCCGGGCGCGGTGGCTCATGCC,no,train
534,GTTTCCTTTTTCTTCATTTCTATT,no,train
745,TTTTGTTTTAATATTTTTTTTCTT,no,train
464,GGCTGGGCGCGATGGCTCATGTCT,yes,train
526,GTGGCTCATGCCTGTAATCCCAGC,no,train
401,GGCCGGGCACAGTGGCTCATGCCT,yes,train
199,CGCTGGGCGCGGTGGCTCACGCCT,yes,train
763,TTTTTCTTTGAGACAGAGTCACTC,no,train
479,GGCTTGGTGCAGTGACGACACACC,no,train
262,CTTTTTTGTTTCGTTGTTTTTCTT,no,train
717,TTTTACTTTTTTTTTTTTTTGGGA,yes,train
591,TGCCGAGTGGAGTGGCTCACACCT,no,train
272,CTTTTTTTTTTTTGAGACAAGGGT,no,train
586,TGACAGGGTCTGTCTCTGTCACAC,no,train
499,GGGCTGGGCACAGTGGCTTACGCC,no,train
829,TTTTTTTTTTTTAAAGACAGGGTC,yes,train
31,AGCTGGGCATGGTGGTTCATGCCT,yes,train
168,ATTTTTTTTTTTTTTTTTTGACGG,no,train
707,TTTGTGGGATGGAGTTTCACTTGT,no,train
242,CTTTTCTTTTCTTGAGGCAGGGTC,yes,train
397,GGCCGGCAAGGTGGCTCACGCCTG,no,train
538,GTTTTCTTTTCTTTTCTTTTTTTT,yes,train
464,GGCTGGGCGCGATGGCTCATGTCT,no,train
56,AGGCCGGGCATGGTGGCTCACGCT,no,train
271,CTTTTTTTTTTTTCGAGACACGGT,yes,train
258,CTTTTTTATTTTTATTTTTTTGAG,yes,train
632,TGGCCGGGCGCGGTGGCTCATGCC,no,train
846,TTTTTTTTTTTTTTCTTTTTTTTG,yes,train
86,AGGCTGGGTGTGGTGGCTCACGCC,no,train
699,TTTCTTTTTTTTTGAGACGGAGTC,no,train
515,GGTCAGGCACAGTGGCTTACACCT,yes,train
674,TTGTTTGTTGTTTTTGAGACAGAG,no,train
227,CTTTCTCACTCAGGCTGCAGTGAG,no,train
675,TTGTTTTTTGTTTTTTTGTTTTTT,yes,train
613,TGGCCAGGCATGGTGGCTCACACC,no,train
227,CTTTCTCACTCAGGCTGCAGTGAG,no,train
460,GGCTGGGCGCAGCGGCTCACGCCT,no,train
187,CCAGGTGCAGTGGCTCATGCCTGT,yes,train
452,GGCTGGGCACGGTGGCTCGTGCTT,no,train
423,GGCCGGGCGCGGTGGCTCATGCCT,yes,train
734,TTTTCTTTTCTTTTTCTTTTTCTT,no,train
417,GGCCGGGCGCGGTGGCTCACACCT,no,train
405,GGCCGGGCACGGTGGCTCACGCCT,no,train
613,TGGCCAGGCATGGTGGCTCACACC,no,train
556,GTTTTTTGTTTGTTTGTTTGTTTT,no,train
224,CTTTATTTTAATTATTATTATTTT,no,train
396,GGCCGAGCGTGATGGCTCACCCCT,yes,train
431,GGCCGGTCGTGGTGGCTCATGCCT,yes,train
616,TGGCCAGGCGTAGTGGCTCATGCC,yes,train
449,GGCTGGGCACGGTGGCTCATGCCT,no,train
343,GCTGGGCACAATGGTTCACACCTG,yes,train
617,TGGCCAGGTGCGGTGGCTCACGCC,no,train
699,TTTCTTTTTTTTTGAGACGGAGTC,no,train
58,AGGCCGGGCGCGGTGGCTCACGCC,no,train
74,AGGCTGGGCATGGTGGCTCACGCC,no,train
158,ATTTTTTTTTTTTTTAATTTTGTT,no,train
385,GGCCAGGTGCAGTGGCTCATGCTT,no,train
224,CTTTATTTTAATTATTATTATTTT,no,train
508,GGGCTGGGTGCCGTGGCTCACGCC,yes,train
329,GCCAGGTGCGGTGGCTCATGCCTG,no,train
35,AGCTGGGTGCGGTGGCTCACACCT,no,train
207,CGGCTGGGCACGGTGGCTCACGCC,no,train
424,GGCCGGGCGTGGTGGCTCACACCT,yes,train
558,GTTTTTTGTTTGTTTGTTTTTTGA,yes,train
218,CTGGGTGCTGTGGCTCATGCTTGT,no,train
463,GGCTGGGCGCAGTGGCTCATGCCT,no,train
227,CTTTCTCACTCAGGCTGCAGTGAG,no,train
287,CTTTTTTTTTTTTTTTTTTAATTG,yes,train
68,AGGCTGGCCATGTTGGCTCACGCT,no,train
235,CTTTGTTTTTGTTTTTGTCTTTTG,yes,train
28,AGCTGGACGCAGTAGCTAATGCCT,yes,train
515,GGTCAGGCACAGTGGCTTACACCT,yes,train
145,ATTTTTTTGAGACAGGGTGTCACT,yes,train
779,TTTTTTATTTTTTATTTTATTTTA,no,train
718,TTTTATTCTTTTTTTTTTTTTTTT,yes,train
670,TTGCCCAGGCTGGAGTGCAGGGCG,no,train
200,CGCTGGGTACAGTTGCTTACACCT,yes,train
750,TTTTGTTTTTTCGTTTGTTTCTTT,no,train
365,GGCCAGGCACTGTGACTCATACCT,no,train
776,TTTTTTATTTGTGTTTTTGTTTGT,no,train
159,ATTTTTTTTTTTTTTCTTGGAATG,no,train
314,GAGACCAGCCTGACCAATATGGAG,no,train
817,TTTTTTTTTGTTTTAGAAGGAGTT,yes,train
829,TTTTTTTTTTTTAAAGACAGGGTC,yes,train
299,CTTTTTTTTTTTTTTTTTTTTTTT,no,train
9,AGAGTCTCACTTTGTTGCCCAGGC,yes,train
173,ATTTTTTTTTTTTTTTTTTTTTGA,yes,train
53,AGGCCGGGCACGGTGGCTCACACC,yes,train
838,TTTTTTTTTTTTTCTTTTTTTCTT,yes,train
643,TGGCTGGGCCCGGTGGCTCATGCC,yes,train
243,CTTTTCTTTTCTTTTCTTTCTTTT,yes,train
808,TTTTTTTTCTTTTTCTTTTTCTTT,no,train
752,TTTTGTTTTTTTTTTGTTGTTGTT,yes,train
174,ATTTTTTTTTTTTTTTTTTTTTTG,yes,train
227,CTTTCTCACTCAGGCTGCAGTGAG,no,train
676,TTGTTTTTTTTTAATTTTTTAATT,no,train
91,AGGTTGGGCATGGTGGCTCACGCC,no,train
545,GTTTTGTTTTGTTTTTTTGAGACA,yes,train
104,ATTCTTTTTTTTTTTCTTCTTTGA,no,train
200,CGCTGGGTACAGTTGCTTACACCT,yes,train
808,TTTTTTTTCTTTTTCTTTTTCTTT,yes,train
356,GGCCAGAGACTGTGGCTCATGCCT,no,train
41,AGGCAGGGCGAGGTGGCTCAAACC,yes,train
333,GCCGGGCATGGTGGCTCACGCCTG,no,train
108,ATTTATTTATTTATTTTTGAGACA,no,train
320,GCAGTGGCCCACGCCTGTAATCCC,yes,train
299,CTTTTTTTTTTTTTTTTTTTTTTT,no,train
506,GGGCTGGGTGCAGTGCCTCTCGCC,yes,train
512,GGGGGCAGAGGTGGGCGGATCACC,yes,train
42,AGGCAGGGTGCAGTGGCTCACGCC,yes,train
837,TTTTTTTTTTTTTCCGAGACAGAG,yes,train
303,GACCAGGTGCAGTAGCTCATGCTT,no,train
354,GGCCAAGCATGGTGGCTCACACCT,no,train
560,GTTTTTTTATTTTTATTTTTGGAG,yes,train
643,TGGCTGGGCCCGGTGGCTCATGCC,yes,train
368,GGCCAGGCATGGTGGTTCACGCCT,yes,train
99,ATTATTATTATTATTTTATTTTAT,no,train
575,TAGTGCAATGGCGCAATCCTGGCT,no,train
459,GGCTGGGCCCGGTGGCTCATGCCT,no,train
652,TGGGCACAGTGGCTCATGCCTGTA,no,train
815,TTTTTTTTTCTTTTTTCTTTTTTC,yes,train
401,GGCCGGGCACAGTGGCTCATGCCT,yes,train
262,CTTTTTTGTTTCGTTGTTTTTCTT,no,train
543,GTTTTGTTTTGTTTTGAAAGAACG,yes,train
110,ATTTATTTATTTTTGAGACAGGGT,yes,train
848,TTTTTTTTTTTTTTGAGACAGAGT,yes,train
132,ATTTTGTTTTGTTTTGGTTTTTTG,yes,train
31,AGCTGGGCATGGTGGTTCATGCCT,no,train
809,TTTTTTTTCTTTTTTTTTCTTTTT,no,train
512,GGGGGCAGAGGTGGGCGGATCACC,yes,train
387,GGCCAGGTGCGGTGGCTCACACCT,no,train
54,AGGCCGGGCACTGTGGCTTACACA,no,train
18,AGCCAGGCGTGGTACGTAGCTCAC,yes,train
657,TTATTTTTATTTTTATTTTTTATT,no,train
870,TTTTTTTTTTTTTTTTTTTTGAGA,no,train
714,TTTGTTTTGTTTTTTGTTTTGAGA,no,train
61,AGGCCGGGTGCAGTGGATCCCAGC,no,train
262,CTTTTTTGTTTCGTTGTTTTTCTT,no,train
38,AGCTGGGTGTTTTGGCTCAGGCCT,yes,train
790,TTTTTTGTTTGTTTTTTGGAGACA,yes,train
165,ATTTTTTTTTTTTTTTTGAGACAG,yes,train
383,GGCCAGGTGCAGTGGCTCACATCT,no,train
187,CCAGGTGCAGTGGCTCATGCCTGT,no,train
768,TTTTTGGTTTTTTTTGTTTTTTTT,no,train
386,GGCCAGGTGCAGTGGCTCATTCCT,no,train
504,GGGCTGGGCGCGGTGGCTCTCGCC,yes,train
547,GTTTTGTTTTTCTTTCTTTTTTTT,yes,train
278,CTTTTTTTTTTTTTTGAGACGGAG,yes,train
504,GGGCTGGGCGCGGTGGCTCTCGCC,yes,train
403,GGCCGGGCACGGTGACTCATGCCT,yes,train
733,TTTTCTTTTCTTTTCTTTTTTTTT,yes,train
489,GGGCCAGGCGGTGGCTCACGCTTG,no,train
61,AGGCCGGGTGCAGTGGATCCCAGC,yes,train
700,TTTCTTTTTTTTTTTTTTGAGATG,no,train
20,AGCCAGGTGCAGTGGCTCACGCTT,yes,train
525,GTGGCACTATCATAGTTCACTATA,yes,train
471,GGCTGGGTGCAATGGCTCACACCT,yes,train
815,TTTTTTTTTCTTTTTTCTTTTTTC,no,train
548,GTTTTGTTTTTTGGGGTTTGTTTT,no,train
313,GAGACAGTCTTGCTTTGTCGCCAG,yes,train
733,TTTTCTTTTCTTTTCTTTTTTTTT,yes,train
22,AGCCAGGTGCGGTGGCTCATGCCT,no,train
715,TTTGTTTTTGTTTTTTTTGTTTTT,no,train
211,CTCACGCCTGTAATCCCAGCACTT,no,train
452,GGCTGGGCACGGTGGCTCGTGCTT,no,train
551,GTTTTTGAGGCAGGTCGGTCACCC,no,train
227,CTTTCTCACTCAGGCTGCAGTGAG,no,train
767,TTTTTGAGACAGAGTCTCGCTCTT,no,train
835,TTTTTTTTTTTTGAGAGAGTTTTG,no,train
162,ATTTTTTTTTTTTTTTGCGATGAA,yes,train
5,ACTCATGCCTGTAATCCCAGCACT,yes,train
12,AGCCAGATGTGGTGACATGAACCA,yes,train
591,TGCCGAGTGGAGTGGCTCACACCT,yes,train
223,CTTTATTTATTTATTTATTTATGA,no,train
451,GGCTGGGCACGGTGGCTCATGCCT,yes,train
386,GGCCAGGTGCAGTGGCTCATTCCT,yes,train
823,TTTTTTTTTTTGAGACAATGTCTC,no,train
468,GGCTGGGCGTGGTGGCTCACGCCT,no,train
660,TTCTTTTATTTTTTTTGAGATGGA,yes,train
706,TTTGAGATGGAGTCTTGCTTCATT,yes,train
386,GGCCAGGTGCAGTGGCTCATTCCT,no,train
488,GGGCCAGGCGCTGTGGCTCACACC,no,train
130,ATTTTGTATTTATTTATTTATTTA,yes,train
124,ATTTTATTTTATTATTTTTTTTTA,yes,train
182,CAGTGGCTCACACCTGTAATCCCA,no,train
700,TTTCTTTTTTTTTTTTTTGAGATG,yes,train
150,ATTTTTTTTTCTTTTTCAGAGTTT,no,train
372,GGCCAGGCGCGGTGGCTCACGCCT,no,train
356,GGCCAGAGACTGTGGCTCATGCCT,no,train
42,AGGCAGGGTGCAGTGGCTCACGCC,yes,train
847,TTTTTTTTTTTTTTGAGACACAGT,yes,train
652,TGGGCACAGTGGCTCATGCCTGTA,no,train
803,TTTTTTTGTTTGTTTGTTTTGAGA,no,train
292,CTTTTTTTTTTTTTTTTTTTTTAC,yes,train
571,GTTTTTTTTTTTTTTTTTTTAGAT,no,train
625,TGGCCGGGCATGGTGGCTCACGCC,no,train
383,GGCCAGGTGCAGTGGCTCACATCT,yes,train
283,CTTTTTTTTTTTTTTTGAGATGGA,yes,train
354,GGCCAAGCATGGTGGCTCACACCT,yes,train
248,CTTTTTATTTTATTTTATTCTATT,yes,train
404,GGCCGGGCACGGTGGCTCACCTGT,yes,train
227,CTTTCTCACTCAGGCTGCAGTGAG,no,train
620,TGGCCGGGCACAGTGGCTCACGCC,yes,train
23,AGCCGGGCACGGTGGCTCACACCT,no,train
444,GGCTGGGCACAGTGGCTCACACCT,no,train
821,TTTTTTTTTTCTTTTTTTTTTTTT,no,train
466,GGCTGGGCGTAGTGGCTCACACCT,yes,train
330,GCCAGGTGTGGTGGCTCACGCCTC,yes,train
420,GGCCGGGCGCGGTGGCTCACGCCT,no,train
38,AGCTGGGTGTTTTGGCTCAGGCCT,no,train
537,GTTTTCTTCTGTTTTCTTATATTT,no,train
700,TTTCTTTTTTTTTTTTTTGAGATG,no,train
489,GGGCCAGGCGGTGGCTCACGCTTG,no,train
220,CTTCTTTTTTTTTTTTCTTTTGAG,no,train
38,AGCTGGGTGTTTTGGCTCAGGCCT,yes,train
645,TGGCTGGGCGCGGTGGCTCACGCC,no,train
543,GTTTTGTTTTGTTTTGAAAGAACG,no,train
462,GGCTGGGCGCAGTGGCTCACTCCT,yes,train
543,GTTTTGTTTTGTTTTGAAAGAACG,yes,train
390,GGCCAGGTGTAGCGGCCCACACCT,yes,train
192,CCGGGCGCAGTGGCTCATGCCTGT,no,train
49,AGGCCAGGTGTGGTAGCTCACGCC,no,train
837,TTTTTTTTTTTTTCCGAGACAGAG,no,train
432,GGCCTGGCACAGTGGCTCATGCCT,no,train
104,ATTCTTTTTTTTTTTCTTCTTTGA,no,train
882,TTTTTTTTTTTTTTTTTTTTTTTT,yes,train
240,CTTTTCTCTTTTTTTTTTTTTTTT,yes,train
692,TTTCTTTATTTTAATTTTTTTTTT,no,train
568,GTTTTTTTTTTTGAGACGGAGTCT,no,train
58,AGGCCGGGCGCGGTGGCTCACGCC,yes,train
508,GGGCTGGGTGCCGTGGCTCACGCC,yes,train
545,GTTTTGTTTTGTTTTTTTGAGACA,no,train
165,ATTTTTTTTTTTTTTTTGAGACAG,yes,train
29,AGCTGGGCACGTGGCTCACACCTG,yes,train
320,GCAGTGGCCCACGCCTGTAATCCC,no,train
790,TTTTTTGTTTGTTTTTTGGAGACA,yes,train
38,AGCTGGGTGTTTTGGCTCAGGCCT,yes,train
134,ATTTTTATTTATTATTATTTTTTA,no,train
563,GTTTTTTTGTTTGTTTTGCTTTTT,yes,train
816,TTTTTTTTTGTTGTTGTTGAGACG,no,train
821,TTTTTTTTTTCTTTTTTTTTTTTT,yes,train
61,AGGCCGGGTGCAGTGGATCCCAGC,no,train
875,TTTTTTTTTTTTTTTTTTTTTTTA,no,train
584,TCTTGTTTTTTGTTTTTTTTTTGA,yes,train
846,TTTTTTTTTTTTTTCTTTTTTTTG,no,train
104,ATTCTTTTTTTTTTTCTTCTTTGA,no,train
616,TGGCCAGGCGTAGTGGCTCATGCC,yes,train
715,TTTGTTTTTGTTTTTTTTGTTTTT,no,train
254,CTTTTTGAGACGAGGTCTCACTGT,no,train
423,GGCCGGGCGCGGTGGCTCATGCCT,yes,train
400,GGCCGGGCACAGTGGCTCACGCCT,yes,train
733,TTTTCTTTTCTTTTCTTTTTTTTT,no,train
281,CTTTTTTTTTTTTTTGAGATGGAG,yes,train
799,TTTTTTTGGTTTTTGTTTTGTTTT,no,train
592,TGCCGGACGCGTTGGCTCATGCCT,yes,train
43,AGGCCAGACACAATGGCTCATGCT,yes,train
150,ATTTTTTTTTCTTTTTCAGAGTTT,yes,train
120,ATTTCTTTTCTTTTTTTTTTTTTT,yes,train
150,ATTTTTTTTTCTTTTTCAGAGTTT,no,train
858,TTTTTTTTTTTTTTTTGAGACAGG,yes,train
211,CTCACGCCTGTAATCCCAGCACTT,no,train
176,ATTTTTTTTTTTTTTTTTTTTTTT,no,train
684,TTTATTTTTAATTTTATTTTTGAG,yes,train
124,ATTTTATTTTATTATTTTTTTTTA,no,train
438,GGCTGCGTGCAGTGGCTCACGCCT,no,train
535,GTTTTACTTTTTTTTTTTTTTTTT,no,train
428,GGCCGGGTGCAGTGGCTCATGCCT,yes,train
771,TTTTTGTTTTTGTTGGAGAAGGAG,no,train
858,TTTTTTTTTTTTTTTTGAGACAGG,no,train
516,GGTCGGGCACGGTGGCTCATGCCT,no,train
655,TGTGCAGGGACTCATGACTGTAAT,yes,train
149,ATTTTTTTTCTTTTCTTTTTTTTT,yes,train
53,AGGCCGGGCACGGTGGCTCACACC,no,train
261,CTTTTTTCTTTTTCTTTTTCTTTT,no,train
790,TTTTTTGTTTGTTTTTTGGAGACA,yes,train
789,TTTTTTGTGATTTTTTTTTTTTCG,no,train
747,TTTTGTTTTGTTTTTTTTTTAAGA,no,train
505,GGGCTGGGTGCAGTCGCTCACGCC,yes,train
312,GAGACAGGTTCTTGATCTGTCACT,no,train
278,CTTTTTTTTTTTTTTGAGACGGAG,no,train
763,TTTTTCTTTGAGACAGAGTCACTC,no,train
352,GGCAGGGTGCGGTGGCTCATGCCT,no,train
809,TTTTTTTTCTTTTTTTTTCTTTTT,yes,train
145,ATTTTTTTGAGACAGGGTGTCACT,no,train
707,TTTGTGGGATGGAGTTTCACTTGT,no,train
14,AGCCAGGCATGGTGGTTCACACCT,yes,train
747,TTTTGTTTTGTTTTTTTTTTAAGA,yes,train
608,TGGCCAGGCATAATGGCTTATGCC,no,train
173,ATTTTTTTTTTTTTTTTTTTTTGA,yes,train
594,TGCCGGGCATGGTGGCTTGCACCT,yes,train
858,TTTTTTTTTTTTTTTTGAGACAGG,no,train
466,GGCTGGGCGTAGTGGCTCACACCT,yes,train
9,AGAGTCTCACTTTGTTGCCCAGGC,yes,train
165,ATTTTTTTTTTTTTTTTGAGACAG,yes,train
846,TTTTTTTTTTTTTTCTTTTTTTTG,no,train
489,GGGCCAGGCGGTGGCTCACGCTTG,no,train
718,TTTTATTCTTTTTTTTTTTTTTTT,yes,train
305,GACCCAGTGCGGTGGCTCACGCCT,no,train
344,GCTGGGCACAGTAGCTCATGCCTG,yes,train
553,GTTTTTGTTTTGTTGTTTTTTTGA,yes,train
560,GTTTTTTTATTTTTATTTTTGGAG,no,train
672,TTGTTATTTTTTATTTTTATTTTT,no,train
582,TCTCTCTTTTTTTTTTTTTTGAGA,no,train
657,TTATTTTTATTTTTATTTTTTATT,yes,train
463,GGCTGGGCGCAGTGGCTCATGCCT,yes,train
582,TCTCTCTTTTTTTTTTTTTTGAGA,yes,train
38,AGCTGGGTGTTTTGGCTCAGGCCT,yes,train
9,AGAGTCTCACTTTGTTGCCCAGGC,no,train
420,GGCCGGGCGCGGTGGCTCACGCCT,yes,train
839,TTTTTTTTTTTTTGAGACTCAGGA,yes,train
175,ATTTTTTTTTTTTTTTTTTTTTTG,yes,train
351,GGCACGGTGGCTCACGCCTGTAAT,no,train
291,CTTTTTTTTTTTTTTTTTTTGAGA,no,train
684,TTTATTTTTAATTTTATTTTTGAG,no,train
329,GCCAGGTGCGGTGGCTCATGCCTG,no,train
353,GGCCAAACATGGTGCCCCACGCCT,no,train
684,TTTATTTTTAATTTTATTTTTGAG,yes,train
545,GTTTTGTTTTGTTTTTTTGAGACA,yes,train
423,GGCCGGGCGCGGTGGCTCATGCCT,yes,train
258,CTTTTTTATTTTTATTTTTTTGAG,yes,train
438,GGCTGCGTGCAGTGGCTCACGCCT,no,train
858,TTTTTTTTTTTTTTTTGAGACAGG,yes,train
31,AGCTGGGCATGGTGGTTCATGCCT,no,train
527,GTTCTTGTTTTTGTTTTGTTTTTT,no,train
447,GGCTGGGCACGAGGGCTCATGTCT,no,train
501,GGGCTGGGCATGGTGGCTCACACC,no,train
515,GGTCAGGCACAGTGGCTTACACCT,yes,train
436,GGCTAGGCGCAGTGGCTCACTCCT,no,train
730,TTTTCTTTGTTTGTTTGTTTGTTT,yes,train
529,GTTCTTTTTTTTTTAGACAGCGTT,no,train
499,GGGCTGGGCACAGTGGCTTACGCC,yes,train
506,GGGCTGGGTGCAGTGCCTCTCGCC,yes,train
586,TGACAGGGTCTGTCTCTGTCACAC,no,train
645,TGGCTGGGCGCGGTGGCTCACGCC,no,train
537,GTTTTCTTCTGTTTTCTTATATTT,no,train
28,AGCTGGACGCAGTAGCTAATGCCT,yes,train
496,GGGCCGGGTGCAGTGACTCACGCC,no,train
409,GGCCGGGCCCAGTGGCTCACACCT,no,train
835,TTTTTTTTTTTTGAGAGAGTTTTG,no,train
821,TTTTTTTTTTCTTTTTTTTTTTTT,yes,train
383,GGCCAGGTGCAGTGGCTCACATCT,no,train
496,GGGCCGGGTGCAGTGACTCACGCC,yes,train
354,GGCCAAGCATGGTGGCTCACACCT,no,train
355,GGCCAGACGTGGTGGCTCACGCCT,yes,train
661,TTCTTTTGTTTTTTTGAGATGGAG,yes,train
768,TTTTTGGTTTTTTTTGTTTTTTTT,yes,train
248,CTTTTTATTTTATTTTATTCTATT,yes,train
479,GGCTTGGTGCAGTGACGACACACC,no,train
258,CTTTTTTATTTTTATTTTTTTGAG,no,train
551,GTTTTTGAGGCAGGTCGGTCACCC,no,train
512,GGGGGCAGAGGTGGGCGGATCACC,no,train
163,ATTTTTTTTTTTTTTTTCAAGACG,yes,train
793,TTTTTTGTTTTGTTTTTTTTGAGA,yes,train
343,GCTGGGCACAATGGTTCACACCTG,yes,train
53,AGGCCGGGCACGGTGGCTCACACC,yes,train
273,CTTTTTTTTTTTTTGAGACAGAAT,yes,train
817,TTTTTTTTTGTTTTAGAAGGAGTT,no,train
131,ATTTTGTTGTTGTTATTTGTTTCT,yes,train
544,GTTTTGTTTTGTTTTTTGTTTTGA,no,train
9,AGAGTCTCACTTTGTTGCCCAGGC,no,train
43,AGGCCAGACACAATGGCTCATGCT,yes,train
258,CTTTTTTATTTTTATTTTTTTGAG,no,train
779,TTTTTTATTTTTTATTTTATTTTA,yes,train
720,TTTTATTTTACTTTATTTTTTTTG,no,train
871,TTTTTTTTTTTTTTTTTTTTGAGG,yes,train
545,GTTTTGTTTTGTTTTTTTGAGACA,yes,train
538,GTTTTCTTTTCTTTTCTTTTTTTT,no,train
312,GAGACAGGTTCTTGATCTGTCACT,no,train
476,GGCTGGGTGCGGTGGCTCACGCCT,no,train
674,TTGTTTGTTGTTTTTGAGACAGAG,no,train
276,CTTTTTTTTTTTTTTCGGACAGAG,yes,train
601,TGGCCAGACACAGTGGCTCATGCC,yes,train
85,AGGCTGGGTGTGGTGGCTCACGCC,no,train
163,ATTTTTTTTTTTTTTTTCAAGACG,yes,train
355,GGCCAGACGTGGTGGCTCACGCCT,no,train
223,CTTTATTTATTTATTTATTTATGA,yes,train
717,TTTTACTTTTTTTTTTTTTTGGGA,yes,train
801,TTTTTTTGTTTATGTGTTTGTTTT,no,train
76,AGGCTGGGCGCGGTGGCTCACACC,yes,train
353,GGCCAAACATGGTGCCCCACGCCT,no,train
704,TTTGAGACAGAGTTTTGCTCTTAT,no,train
430,GGCCGGTCACGGTGGCTCACGCCT,yes,train
224,CTTTATTTTAATTATTATTATTTT,yes,train
871,TTTTTTTTTTTTTTTTTTTTGAGG,yes,train
509,GGGCTGGGTGCGGTGGCTCACACC,no,train
343,GCTGGGCACAATGGTTCACACCTG,no,train
821,TTTTTTTTTTCTTTTTTTTTTTTT,no,train
558,GTTTTTTGTTTGTTTGTTTTTTGA,no,train
173,ATTTTTTTTTTTTTTTTTTTTTGA,yes,train
346,GCTGGGCATGGTGGCTCATGCCTG,no,train
874,TTTTTTTTTTTTTTTTTTTTTTGA,no,train
707,TTTGTGGGATGGAGTTTCACTTGT,no,train
675,TTGTTTTTTGTTTTTTTGTTTTTT,yes,train
159,ATTTTTTTTTTTTTTCTTGGAATG,no,train
660,TTCTTTTATTTTTTTTGAGATGGA,no,train
74,AGGCTGGGCATGGTGGCTCACGCC,no,train
460,GGCTGGGCGCAGCGGCTCACGCCT,yes,train
435,GGCGGGGTGTGGTGGCTCATGCCT,yes,train
248,CTTTTTATTTTATTTTATTCTATT,no,train
369,GGCCAGGCCCAGTGGCTCACACCT,yes,train
320,GCAGTGGCCCACGCCTGTAATCCC,yes,train
116,ATTTATTTTTATTTTTATTTTTTT,yes,train
882,TTTTTTTTTTTTTTTTTTTTTTTT,no,train
364,GGCCAGGCACGGTGGGTCACGCCT,no,train
808,TTTTTTTTCTTTTTCTTTTTCTTT,no,train
201,CGGCCAGGCACAGTGACTTACACC,yes,train
303,GACCAGGTGCAGTAGCTCATGCTT,no,train
445,GGCTGGGCACAGTGGCTCATGCCT,no,train
560,GTTTTTTTATTTTTATTTTTGGAG,no,train
310,GACTGGGTGCGGTGGCTCATGCCT,no,train
204,CGGCCGGGCGCGGTGGCTCACGCC,no,train
717,TTTTACTTTTTTTTTTTTTTGGGA,yes,train
99,ATTATTATTATTATTTTATTTTAT,no,train
132,ATTTTGTTTTGTTTTGGTTTTTTG,no,train
259,CTTTTTTCTTTATTTTTTTTTAGA,yes,train
530,GTTCTTTTTTTTTTTTTTTTTTTC,no,train
789,TTTTTTGTGATTTTTTTTTTTTCG,no,train
110,ATTTATTTATTTTTGAGACAGGGT,no,train
163,ATTTTTTTTTTTTTTTTCAAGACG,no,train
419,GGCCGGGCGCGGTGGCTCACGCCT,yes,train
463,GGCTGGGCGCAGTGGCTCATGCCT,yes,train
439,GGCTGGATGCAGTGGCTCATGCCT,yes,train
460,GGCTGGGCGCAGCGGCTCACGCCT,no,train
522,GTGAGACAGAGTTTCACTCTGTCG,no,train
870,TTTTTTTTTTTTTTTTTTTTGAGA,no,train
173,ATTTTTTTTTTTTTTTTTTTTTGA,yes,train
510,GGGCTGGGTGTGGTGGCTCATGCC,yes,train
322,GCCAGGCACGGTGGCTCACGCCTG,yes,train
371,GGCCAGGCGCGGTGGCTCACGCCT,no,train
428,GGCCGGGTGCAGTGGCTCATGCCT,yes,train
827,TTTTTTTTTTTGGAGACGGGCTCT,no,train
79,AGGCTGGGCGTGGTGGCTCACATC,no,train
148,ATTTTTTTGTTTTTTGGGATGGAG,no,train
827,TTTTTTTTTTTGGAGACGGGCTCT,no,train
586,TGACAGGGTCTGTCTCTGTCACAC,no,train
258,CTTTTTTATTTTTATTTTTTTGAG,no,train
257,CTTTTTTACTTTATTTATTCTAGA,no,train
389,GGCCAGGTGGCGGTGGTTCACACC,no,train
544,GTTTTGTTTTGTTTTTTGTTTTGA,yes,train
879,TTTTTTTTTTTTTTTTTTTTTTTT,yes,train
752,TTTTGTTTTTTTTTTGTTGTTGTT,no,train
144,ATTTTTTTCTTCTTTTTTCCACAG,no,train
305,GACCCAGTGCGGTGGCTCACGCCT,yes,train
504,GGGCTGGGCGCGGTGGCTCTCGCC,no,train
63,AGGCCGGGTGCTGTGGCTCACACC,no,train
342,GCTGGATGCGGTGGCTCACGCCTG,no,train
47,AGGCCAGGCGTGGTGGCTCATGCC,no,train
42,AGGCAGGGTGCAGTGGCTCACGCC,yes,train
260,CTTTTTTCTTTCTTTTTTTGAGAT,no,train
556,GTTTTTTGTTTGTTTGTTTGTTTT,no,train
41,AGGCAGGGCGAGGTGGCTCAAACC,no,train
464,GGCTGGGCGCGATGGCTCATGTCT,yes,train
735,TTTTCTTTTTCTTTTCTTTTTTTT,no,train
411,GGCCGGGCGCAGTGGCCCACACCT,no,train
378,GGCCAGGGATGTTGGCTCACATCT,yes,train
804,TTTTTTTGTTTGTTTTTGAGGCGG,yes,train
747,TTTTGTTTTGTTTTTTTTTTAAGA,yes,train
163,ATTTTTTTTTTTTTTTTCAAGACG,yes,train
49,AGGCCAGGTGTGGTAGCTCACGCC,no,train
643,TGGCTGGGCCCGGTGGCTCATGCC,yes,train
776,TTTTTTATTTGTGTTTTTGTTTGT,yes,train
158,ATTTTTTTTTTTTTTAATTTTGTT,no,train
276,CTTTTTTTTTTTTTTCGGACAGAG,yes,train
628,TGGCCGGGCGCGCTGGCTCACGCC,yes,train
535,GTTTTACTTTTTTTTTTTTTTTTT,yes,train
287,CTTTTTTTTTTTTTTTTTTAATTG,yes,train
245,CTTTTCTTTTTCTTTTCTTTTTTT,yes,train
846,TTTTTTTTTTTTTTCTTTTTTTTG,no,train
146,ATTTTTTTGGACATGGCCTTGCTC,yes,train
768,TTTTTGGTTTTTTTTGTTTTTTTT,yes,train
628,TGGCCGGGCGCGCTGGCTCACGCC,yes,train
392,GGCCAGGTGTGGTGGCTCACACCT,no,train
651,TGGGAGGCCGAGGCGGGCGGATCA,yes,train
153,ATTTTTTTTTTTGACAGAGTCTTG,yes,train
608,TGGCCAGGCATAATGGCTTATGCC,no,train
173,ATTTTTTTTTTTTTTTTTTTTTGA,yes,train
313,GAGACAGTCTTGCTTTGTCGCCAG,yes,train
10,AGATCAGGCATGGTGGCTTACACC,no,train
120,ATTTCTTTTCTTTTTTTTTTTTTT,no,train
779,TTTTTTATTTTTTATTTTATTTTA,yes,train
168,ATTTTTTTTTTTTTTTTTTGACGG,no,train
176,ATTTTTTTTTTTTTTTTTTTTTTT,no,train
246,CTTTTGTTGTTTTTGAGACGGGGT,no,train
506,GGGCTGGGTGCAGTGCCTCTCGCC,yes,train
705,TTTGAGACGGAGTCTCGCTCTATT,yes,train
383,GGCCAGGTGCAGTGGCTCACATCT,no,train
85,AGGCTGGGTGTGGTGGCTCACGCC,no,train
390,GGCCAGGTGTAGCGGCCCACACCT,no,train
554,GTTTTTTCTTTTTTGTTTTTTGTT,no,train
47,AGGCCAGGCGTGGTGGCTCATGCC,yes,train
114,ATTTATTTTATTTTTTATTGTTTT,no,train
354,GGCCAAGCATGGTGGCTCACACCT,yes,train
779,TTTTTTATTTTTTATTTTATTTTA,no,train
168,ATTTTTTTTTTTTTTTTTTGACGG,no,train
307,GACCGGGTGTGGTGGCTCACACCT,yes,train
314,GAGACCAGCCTGACCAATATGGAG,yes,train
875,TTTTTTTTTTTTTTTTTTTTTTTA,no,train
258,CTTTTTTATTTTTATTTTTTTGAG,yes,train
546,GTTTTGTTTTGTTTTTTTTTTTTT,no,train
548,GTTTTGTTTTTTGGGGTTTGTTTT,yes,train
54,AGGCCGGGCACTGTGGCTTACACA,no,train
389,GGCCAGGTGGCGGTGGTTCACACC,no,train
771,TTTTTGTTTTTGTTGGAGAAGGAG,no,train
734,TTTTCTTTTCTTTTTCTTTTTCTT,no,train
133,ATTTTGTTTTGTTTTTGTTTTTTG,no,train
114,ATTTATTTTATTTTTTATTGTTTT,yes,train
854,TTTTTTTTTTTTTTTGAGACGGAG,yes,train
742,TTTTGTGAGACAGCCTTGCTCTGT,yes,train
131,ATTTTGTTGTTGTTATTTGTTTCT,no,train
79,AGGCTGGGCGTGGTGGCTCACATC,no,train
444,GGCTGGGCACAGTGGCTCACACCT,yes,train
700,TTTCTTTTTTTTTTTTTTGAGATG,no,train
823,TTTTTTTTTTTGAGACAATGTCTC,no,train
355,GGCCAGACGTGGTGGCTCACGCCT,yes,train
365,GGCCAGGCACTGTGACTCATACCT,no,train
258,CTTTTTTATTTTTATTTTTTTGAG,yes,train
666,TTCTTTTTTTTTTTGAGACGGAGT,yes,train
264,CTTTTTTTCATTTTTTTTTTTTTT,yes,train
519,GGTTGGGCATGGTAGCTCACACCT,no,train
54,AGGCCGGGCACTGTGGCTTACACA,no,train
154,ATTTTTTTTTTTGAGATGGAGTCT,yes,train
151,ATTTTTTTTTCTTTTTCTTGTTTT,no,train
342,GCTGGATGCGGTGGCTCACGCCTG,yes,train
546,GTTTTGTTTTGTTTTTTTTTTTTT,yes,train
791,TTTTTTGTTTGTTTTTTTGAGACA,no,train
543,GTTTTGTTTTGTTTTGAAAGAACG,no,train
354,GGCCAAGCATGGTGGCTCACACCT,yes,train
286,CTTTTTTTTTTTTTTTTGAGACAA,no,train
187,CCAGGTGCAGTGGCTCATGCCTGT,yes,train
13,AGCCAGGCATGGTGGCTCATGCCT,no,train
133,ATTTTGTTTTGTTTTTGTTTTTTG,no,train
463,GGCTGGGCGCAGTGGCTCATGCCT,yes,train
61,AGGCCGGGTGCAGTGGATCCCAGC,yes,train
745,TTTTGTTTTAATATTTTTTTTCTT,yes,train
838,TTTTTTTTTTTTTCTTTTTTTCTT,yes,train
133,ATTTTGTTTTGTTTTTGTTTTTTG,yes,train
287,CTTTTTTTTTTTTTTTTTTAATTG,yes,train
306,GACCGGGCGTAGTGGCTCACGCCT,yes,train
715,TTTGTTTTTGTTTTTTTTGTTTTT,no,train
809,TTTTTTTTCTTTTTTTTTCTTTTT,yes,train
547,GTTTTGTTTTTCTTTCTTTTTTTT,yes,train
560,GTTTTTTTATTTTTATTTTTGGAG,yes,train
651,TGGGAGGCCGAGGCGGGCGGATCA,no,train
623,TGGCCGGGCACGGTGGCTCACACC,yes,train
817,TTTTTTTTTGTTTTAGAAGGAGTT,no,train
503,GGGCTGGGCCCATTAGCTCACACC,yes,train
412,GGCCGGGCGCAGTGGCTCACACCT,no,train
513,GGGTTGGGCACGGTGGCGCATGCC,yes,train
757,TTTTTATTTTTATTTTATTTTTTA,yes,train
503,GGGCTGGGCCCATTAGCTCACACC,yes,train
767,TTTTTGAGACAGAGTCTCGCTCTT,no,train
102,ATTCTTTTTGAGACAGAGTCTCTG,no,train
344,GCTGGGCACAGTAGCTCATGCCTG,no,train
420,GGCCGGGCGCGGTGGCTCACGCCT,no,train
49,AGGCCAGGTGTGGTAGCTCACGCC,no,train
56,AGGCCGGGCATGGTGGCTCACGCT,yes,train
534,GTTTCCTTTTTCTTCATTTCTATT,no,train
368,GGCCAGGCATGGTGGTTCACGCCT,no,train
747,TTTTGTTTTGTTTTTTTTTTAAGA,yes,train
278,CTTTTTTTTTTTTTTGAGACGGAG,no,train
114,ATTTATTTTATTTTTTATTGTTTT,yes,train
556,GTTTTTTGTTTGTTTGTTTGTTTT,no,train
5,ACTCATGCCTGTAATCCCAGCACT,yes,train
330,GCCAGGTGTGGTGGCTCACGCCTC,yes,train
515,GGTCAGGCACAGTGGCTTACACCT,no,train
256,CTTTTTGATTGATTGTTTGTTATG,yes,train
313,GAGACAGTCTTGCTTTGTCGCCAG,no,train
755,TTTTTATTTTATTTATTTATTTAT,no,train
655,TGTGCAGGGACTCATGACTGTAAT,yes,train
616,TGGCCAGGCGTAGTGGCTCATGCC,no,train
595,TGCCGGGCGCGGTGGCTCACGTCT,no,train
701,TTTCTTTTTTTTTTTTTTTTTTTT,yes,train
499,GGGCTGGGCACAGTGGCTTACGCC,yes,train
273,CTTTTTTTTTTTTTGAGACAGAAT,no,train
571,GTTTTTTTTTTTTTTTTTTTAGAT,no,train
767,TTTTTGAGACAGAGTCTCGCTCTT,no,train
61,AGGCCGGGTGCAGTGGATCCCAGC,no,train
272,CTTTTTTTTTTTTGAGACAAGGGT,yes,train
701,TTTCTTTTTTTTTTTTTTTTTTTT,yes,train
591,TGCCGAGTGGAGTGGCTCACACCT,yes,train
343,GCTGGGCACAATGGTTCACACCTG,no,train
546,GTTTTGTTTTGTTTTTTTTTTTTT,yes,train
464,GGCTGGGCGCGATGGCTCATGTCT,yes,train
132,ATTTTGTTTTGTTTTGGTTTTTTG,no,train
613,TGGCCAGGCATGGTGGCTCACACC,no,train
457,GGCTGGGCATGGTGGTTCACACCT,no,train
8,AGACTGGGCGTGGTGGCTCACGCC,no,train
56,AGGCCGGGCATGGTGGCTCACGCT,no,train
187,CCAGGTGCAGTGGCTCATGCCTGT,no,train
68,AGGCTGGCCATGTTGGCTCACGCT,no,train
854,TTTTTTTTTTTTTTTGAGACGGAG,no,train
150,ATTTTTTTTTCTTTTTCAGAGTTT,no,train
847,TTTTTTTTTTTTTTGAGACACAGT,no,train
344,GCTGGGCACAGTAGCTCATGCCTG,no,train
453,GGCTGGGCACGGTGGCTCTCGCCT,no,train
58,AGGCCGGGCGCGGTGGCTCACGCC,no,train
544,GTTTTGTTTTGTTTTTTGTTTTGA,yes,train
150,ATTTTTTTTTCTTTTTCAGAGTTT,no,train
364,GGCCAGGCACGGTGGGTCACGCCT,no,train
411,GGCCGGGCGCAGTGGCCCACACCT,yes,train
847,TTTTTTTTTTTTTTGAGACACAGT,yes,train
281,CTTTTTTTTTTTTTTGAGATGGAG,yes,train
192,CCGGGCGCAGTGGCTCATGCCTGT,yes,train
760,TTTTTCTTATCTTTTTTTTTTTCC,yes,train
815,TTTTTTTTTCTTTTTTCTTTTTTC,yes,train
322,GCCAGGCACGGTGGCTCACGCCTG,yes,train
182,CAGTGGCTCACACCTGTAATCCCA,no,train
522,GTGAGACAGAGTTTCACTCTGTCG,no,train
235,CTTTGTTTTTGTTTTTGTCTTTTG,yes,train
737,TTTTCTTTTTTTCTTTTTTGAGAT,no,train
219,CTTATATTTTATTTACTTACTTAA,yes,train
419,GGCCGGGCGCGGTGGCTCACGCCT,yes,train
790,TTTTTTGTTTGTTTTTTGGAGACA,yes,train
38,AGCTGGGTGTTTTGGCTCAGGCCT,yes,train
655,TGTGCAGGGACTCATGACTGTAAT,yes,train
189,CCCAGCCTGGGCAACATAGGGAGA,yes,train
240,CTTTTCTCTTTTTTTTTTTTTTTT,no,train
556,GTTTTTTGTTTGTTTGTTTGTTTT,no,train
401,GGCCGGGCACAGTGGCTCATGCCT,no,train
873,TTTTTTTTTTTTTTTTTTTTTGAG,no,train
326,GCCAGGCATGGTGGCTCATGCCTA,no,train
742,TTTTGTGAGACAGCCTTGCTCTGT,yes,train
623,TGGCCGGGCACGGTGGCTCACACC,yes,train
104,ATTCTTTTTTTTTTTCTTCTTTGA,no,train
617,TGGCCAGGTGCGGTGGCTCACGCC,no,train
227,CTTTCTCACTCAGGCTGCAGTGAG,no,train
643,TGGCTGGGCCCGGTGGCTCATGCC,yes,train
342,GCTGGATGCGGTGGCTCACGCCTG,no,train
400,GGCCGGGCACAGTGGCTCACGCCT,yes,train
359,GGCCAGGCACAGTGGCTCACACCT,no,train
821,TTTTTTTTTTCTTTTTTTTTTTTT,no,train
831,TTTTTTTTTTTTCCGAGATGGAAT,no,train
717,TTTTACTTTTTTTTTTTTTTGGGA,yes,train
110,ATTTATTTATTTTTGAGACAGGGT,yes,train
457,GGCTGGGCATGGTGGTTCACACCT,yes,train
871,TTTTTTTTTTTTTTTTTTTTGAGG,yes,train
136,ATTTTTGTATTTTTCCTTTTTTTT,no,train
862,TTTTTTTTTTTTTTTTGAGATGGA,no,train
700,TTTCTTTTTTTTTTTTTTGAGATG,yes,train
546,GTTTTGTTTTGTTTTTTTTTTTTT,yes,train
256,CTTTTTGATTGATTGTTTGTTATG,yes,train
815,TTTTTTTTTCTTTTTTCTTTTTTC,no,train
719,TTTTATTTATTTATTTTTTGAGAG,yes,train
815,TTTTTTTTTCTTTTTTCTTTTTTC,yes,train
417,GGCCGGGCGCGGTGGCTCACACCT,no,train
792,TTTTTTGTTTTGTTTTGTTTGAGA,yes,train
200,CGCTGGGTACAGTTGCTTACACCT,no,train
165,ATTTTTTTTTTTTTTTTGAGACAG,yes,train
423,GGCCGGGCGCGGTGGCTCATGCCT,no,train
580,TCCAGGCATGGTGGCTCACATCTG,no,train
418,GGCCGGGCGCGGTGGCTCACACCT,no,train
449,GGCTGGGCACGGTGGCTCATGCCT,yes,train
196,CGCAGAGGCAGGCGGATCACTTGA,no,train
846,TTTTTTTTTTTTTTCTTTTTTTTG,yes,train
246,CTTTTGTTGTTTTTGAGACGGGGT,yes,train
219,CTTATATTTTATTTACTTACTTAA,yes,train
192,CCGGGCGCAGTGGCTCATGCCTGT,yes,train
733,TTTTCTTTTCTTTTCTTTTTTTTT,yes,train
332,GCCCAGGTTGGAGTGTACTGCTGC,no,train
187,CCAGGTGCAGTGGCTCATGCCTGT,no,train
767,TTTTTGAGACAGAGTCTCGCTCTT,no,train
369,GGCCAGGCCCAGTGGCTCACACCT,yes,train
825,TTTTTTTTTTTGAGACGGAGTCTC,yes,train
846,TTTTTTTTTTTTTTCTTTTTTTTG,yes,train
351,GGCACGGTGGCTCACGCCTGTAAT,no,train
585,TCTTTTTTTTTTTTTCTTTTTGAG,no,train
516,GGTCGGGCACGGTGGCTCATGCCT,yes,train
544,GTTTTGTTTTGTTTTTTGTTTTGA,no,train
331,GCCAGTCATGGTGGCTCATGCCTG,yes,train
509,GGGCTGGGTGCGGTGGCTCACACC,no,train
543,GTTTTGTTTTGTTTTGAAAGAACG,yes,train
447,GGCTGGGCACGAGGGCTCATGTCT,yes,train
699,TTTCTTTTTTTTTGAGACGGAGTC,yes,train
464,GGCTGGGCGCGATGGCTCATGTCT,no,train
632,TGGCCGGGCGCGGTGGCTCATGCC,no,train
535,GTTTTACTTTTTTTTTTTTTTTTT,yes,train
431,GGCCGGTCGTGGTGGCTCATGCCT,no,train
199,CGCTGGGCGCGGTGGCTCACGCCT,yes,train
83,AGGCTGGGTGCGCTGTGGCTCATG,yes,train
571,GTTTTTTTTTTTTTTTTTTTAGAT,no,train
281,CTTTTTTTTTTTTTTGAGATGGAG,no,train
79,AGGCTGGGCGTGGTGGCTCACATC,no,train
808,TTTTTTTTCTTTTTCTTTTTCTTT,no,train
343,GCTGGGCACAATGGTTCACACCTG,yes,train
287,CTTTTTTTTTTTTTTTTTTAATTG,no,train
192,CCGGGCGCAGTGGCTCATGCCTGT,no,train
14,AGCCAGGCATGGTGGTTCACACCT,no,train
608,TGGCCAGGCATAATGGCTTATGCC,no,train
303,GACCAGGTGCAGTAGCTCATGCTT,no,train
420,GGCCGGGCGCGGTGGCTCACGCCT,yes,train
699,TTTCTTTTTTTTTGAGACGGAGTC,no,train
808,TTTTTTTTCTTTTTCTTTTTCTTT,no,train
479,GGCTTGGTGCAGTGACGACACACC,no,train
734,TTTTCTTTTCTTTTTCTTTTTCTT,no,train
823,TTTTTTTTTTTGAGACAATGTCTC,no,train
657,TTATTTTTATTTTTATTTTTTATT,yes,train
175,ATTTTTTTTTTTTTTTTTTTTTTG,yes,train
314,GAGACCAGCCTGACCAATATGGAG,yes,train
644,TGGCTGGGCGCGGTGGCTCACGCC,yes,train
645,TGGCTGGGCGCGGTGGCTCACGCC,yes,train
331,GCCAGTCATGGTGGCTCATGCCTG,no,train
124,ATTTTATTTTATTATTTTTTTTTA,no,train
628,TGGCCGGGCGCGCTGGCTCACGCC,yes,train
582,TCTCTCTTTTTTTTTTTTTTGAGA,no,train
608,TGGCCAGGCATAATGGCTTATGCC,no,train
396,GGCCGAGCGTGATGGCTCACCCCT,yes,train
272,CTTTTTTTTTTTTGAGACAAGGGT,yes,train
767,TTTTTGAGACAGAGTCTCGCTCTT,no,train
124,ATTTTATTTTATTATTTTTTTTTA,yes,train
307,GACCGGGTGTGGTGGCTCACACCT,no,train
113,ATTTATTTTATTTTTCTGAGATGG,no,train
816,TTTTTTTTTGTTGTTGTTGAGACG,yes,train
508,GGGCTGGGTGCCGTGGCTCACGCC,no,train
644,TGGCTGGGCGCGGTGGCTCACGCC,no,train
776,TTTTTTATTTGTGTTTTTGTTTGT,yes,train
424,GGCCGGGCGTGGTGGCTCACACCT,no,train
739,TTTTGAAATGGAGTTTTGCTCAGT,yes,train
235,CTTTGTTTTTGTTTTTGTCTTTTG,no,train
591,TGCCGAGTGGAGTGGCTCACACCT,no,train
406,GGCCGGGCACGGTGGCTCACGCCT,yes,train
831,TTTTTTTTTTTTCCGAGATGGAAT,no,train
854,TTTTTTTTTTTTTTTGAGACGGAG,yes,train
485,GGGCCAGGCGCAGTGGCTCACGCC,yes,train
632,TGGCCGGGCGCGGTGGCTCATGCC,yes,train
690,TTTCTGTTTTTTGTTTTTTTTTTT,yes,train
439,GGCTGGATGCAGTGGCTCATGCCT,no,train
462,GGCTGGGCGCAGTGGCTCACTCCT,no,train
96,AGTTTGTTTGTTTGTTTGTTTGTT,yes,train
696,TTTCTTTTTTCTAAGACAGAGTCT,no,train
503,GGGCTGGGCCCATTAGCTCACACC,no,train
379,GGCCAGGGGCAGTGGCTCACGCCT,no,train
608,TGGCCAGGCATAATGGCTTATGCC,yes,train
271,CTTTTTTTTTTTTCGAGACACGGT,no,train
386,GGCCAGGTGCAGTGGCTCATTCCT,no,train
204,CGGCCGGGCGCGGTGGCTCACGCC,no,train
645,TGGCTGGGCGCGGTGGCTCACGCC,no,train
496,GGGCCGGGTGCAGTGACTCACGCC,no,train
476,GGCTGGGTGCGGTGGCTCACGCCT,no,train
368,GGCCAGGCATGGTGGTTCACGCCT,no,train
281,CTTTTTTTTTTTTTTGAGATGGAG,yes,train
114,ATTTATTTTATTTTTTATTGTTTT,no,train
276,CTTTTTTTTTTTTTTCGGACAGAG,yes,train
296,CTTTTTTTTTTTTTTTTTTTTTTT,yes,train
110,ATTTATTTATTTTTGAGACAGGGT,no,train
162,ATTTTTTTTTTTTTTTGCGATGAA,yes,train
344,GCTGGGCACAGTAGCTCATGCCTG,no,train
22,AGCCAGGTGCGGTGGCTCATGCCT,no,train
348,GCTGGGTGGGGTGGCTCACACCCG,yes,train
186,CCAGGCGCGGTGGCTCACACCTAT,yes,train
171,ATTTTTTTTTTTTTTTTTTTGAGG,no,train
657,TTATTTTTATTTTTATTTTTTATT,no,train
835,TTTTTTTTTTTTGAGAGAGTTTTG,no,train
116,ATTTATTTTTATTTTTATTTTTTT,no,train
287,CTTTTTTTTTTTTTTTTTTAATTG,yes,train
688,TTTCCTTTTTTTTTTTTTTCTTTT,yes,train
326,GCCAGGCATGGTGGCTCATGCCTA,no,train
544,GTTTTGTTTTGTTTTTTGTTTTGA,no,train
675,TTGTTTTTTGTTTTTTTGTTTTTT,yes,train
380,GGCCAGGGGCAGTGGTTCATGCCT,no,train
618,TGGCCCGATGCAGTGGCTCATGCC,no,train
352,GGCAGGGTGCGGTGGCTCATGCCT,no,train
568,GTTTTTTTTTTTGAGACGGAGTCT,yes,train
256,CTTTTTGATTGATTGTTTGTTATG,no,train
313,GAGACAGTCTTGCTTTGTCGCCAG,yes,train
351,GGCACGGTGGCTCACGCCTGTAAT,no,train
296,CTTTTTTTTTTTTTTTTTTTTTTT,yes,train
678,TTTATTATTATTTTTTGAGATGGA,yes,train
187,CCAGGTGCAGTGGCTCATGCCTGT,no,train
297,CTTTTTTTTTTTTTTTTTTTTTTT,no,train
504,GGGCTGGGCGCGGTGGCTCTCGCC,no,train
460,GGCTGGGCGCAGCGGCTCACGCCT,yes,train
704,TTTGAGACAGAGTTTTGCTCTTAT,yes,train
110,ATTTATTTATTTTTGAGACAGGGT,no,train
719,TTTTATTTATTTATTTTTTGAGAG,no,train
144,ATTTTTTTCTTCTTTTTTCCACAG,no,train
144,ATTTTTTTCTTCTTTTTTCCACAG,yes,train
357,GGCCAGGCACAATGGCTCACACCT,no,train
839,TTTTTTTTTTTTTGAGACTCAGGA,no,train
375,GGCCAGGCGTGGTGGCTCATGCCT,yes,train
745,TTTTGTTTTAATATTTTTTTTCTT,yes,train
714,TTTGTTTTGTTTTTTGTTTTGAGA,no,train
34,AGCTGGGCGCGGTGGCTCACACCT,no,train
114,ATTTATTTTATTTTTTATTGTTTT,no,train
463,GGCTGGGCGCAGTGGCTCATGCCT,no,train
272,CTTTTTTTTTTTTGAGACAAGGGT,yes,train
463,GGCTGGGCGCAGTGGCTCATGCCT,yes,train
200,CGCTGGGTACAGTTGCTTACACCT,yes,train
418,GGCCGGGCGCGGTGGCTCACACCT,no,train
874,TTTTTTTTTTTTTTTTTTTTTTGA,no,train
356,GGCCAGAGACTGTGGCTCATGCCT,no,train
45,AGGCCAGGCACAGTGGCTCACGCC,no,train
755,TTTTTATTTTATTTATTTATTTAT,yes,train
108,ATTTATTTATTTATTTTTGAGACA,no,train
825,TTTTTTTTTTTGAGACGGAGTCTC,yes,train
699,TTTCTTTTTTTTTGAGACGGAGTC,yes,train
823,TTTTTTTTTTTGAGACAATGTCTC,yes,train
447,GGCTGGGCACGAGGGCTCATGTCT,yes,train
264,CTTTTTTTCATTTTTTTTTTTTTT,no,train
465,GGCTGGGCGCGGTGGCTCTTGCCT,no,train
642,TGGCTGGGCATGGTGGGTGCCTGT,yes,train
854,TTTTTTTTTTTTTTTGAGACGGAG,yes,train
706,TTTGAGATGGAGTCTTGCTTCATT,yes,train
688,TTTCCTTTTTTTTTTTTTTCTTTT,no,train
363,GGCCAGGCACGGTGGCTCACGCCT,no,train
863,TTTTTTTTTTTTTTTTTGAGACAC,no,train
373,GGCCAGGCGCGGTGGCTCATCCCT,no,train
719,TTTTATTTATTTATTTTTTGAGAG,no,train
287,CTTTTTTTTTTTTTTTTTTAATTG,no,train
133,ATTTTGTTTTGTTTTTGTTTTTTG,no,train
414,GGCCGGGCGCAGTGGCTCATGCCT,yes,train
464,GGCTGGGCGCGATGGCTCATGTCT,no,train
296,CTTTTTTTTTTTTTTTTTTTTTTT,no,train
847,TTTTTTTTTTTTTTGAGACACAGT,no,train
489,GGGCCAGGCGGTGGCTCACGCTTG,no,train
854,TTTTTTTTTTTTTTTGAGACGGAG,yes,train
261,CTTTTTTCTTTTTCTTTTTCTTTT,no,train
385,GGCCAGGTGCAGTGGCTCATGCTT,yes,train
410,GGCCGGGCGCAATGGCTCGCGCCT,yes,train
750,TTTTGTTTTTTCGTTTGTTTCTTT,no,train
353,GGCCAAACATGGTGCCCCACGCCT,yes,train
165,ATTTTTTTTTTTTTTTTGAGACAG,yes,train
404,GGCCGGGCACGGTGGCTCACCTGT,no,train
430,GGCCGGTCACGGTGGCTCACGCCT,no,train
640,TGGCTGGGCACGGTGGCTCACGCC,yes,train
488,GGGCCAGGCGCTGTGGCTCACACC,no,train
91,AGGTTGGGCATGGTGGCTCACGCC,yes,train
560,GTTTTTTTATTTTTATTTTTGGAG,no,train
751,TTTTGTTTTTTGTTGTTGTGGTGG,yes,train
672,TTGTTATTTTTTATTTTTATTTTT,yes,train
504,GGGCTGGGCGCGGTGGCTCTCGCC,yes,train
776,TTTTTTATTTGTGTTTTTGTTTGT,yes,train
488,GGGCCAGGCGCTGTGGCTCACACC,no,train
678,TTTATTATTATTTTTTGAGATGGA,yes,train
464,GGCTGGGCGCGATGGCTCATGTCT,yes,train
537,GTTTTCTTCTGTTTTCTTATATTT,no,train
101,ATTCTTTGTTTTTTTTTGAGATGG,yes,train
783,TTTTTTCTTGTTTTTCTTTTTTCT,yes,train
449,GGCTGGGCACGGTGGCTCATGCCT,no,train
363,GGCCAGGCACGGTGGCTCACGCCT,no,train
364,GGCCAGGCACGGTGGGTCACGCCT,yes,train
449,GGCTGGGCACGGTGGCTCATGCCT,no,train
172,ATTTTTTTTTTTTTTTTTTTGTGA,yes,train
250,CTTTTTATTTTTTTGAGACAGTCT,yes,train
332,GCCCAGGTTGGAGTGTACTGCTGC,no,train
445,GGCTGGGCACAGTGGCTCATGCCT,no,train
710,TTTGTTTGTTTAGAGATAGGATCT,no,train
817,TTTTTTTTTGTTTTAGAAGGAGTT,no,train
582,TCTCTCTTTTTTTTTTTTTTGAGA,yes,train
729,TTTTCTTTCTTTTTTTTTTTTTTT,no,train
28,AGCTGGACGCAGTAGCTAATGCCT,yes,train
848,TTTTTTTTTTTTTTGAGACAGAGT,no,train
99,ATTATTATTATTATTTTATTTTAT,yes,train
809,TTTTTTTTCTTTTTTTTTCTTTTT,no,train
452,GGCTGGGCACGGTGGCTCGTGCTT,no,train
118,ATTTCCTTCTTTTTTTTTTTGAGA,no,train
488,GGGCCAGGCGCTGTGGCTCACACC,yes,train
453,GGCTGGGCACGGTGGCTCTCGCCT,no,train
303,GACCAGGTGCAGTAGCTCATGCTT,no,train
201,CGGCCAGGCACAGTGACTTACACC,yes,train
865,TTTTTTTTTTTTTTTTTGAGACAG,no,train
280,CTTTTTTTTTTTTTTGAGAGGGAG,yes,train
731,TTTTCTTTTCTTGTGTGTTTTTTT,no,train
189,CCCAGCCTGGGCAACATAGGGAGA,no,train
601,TGGCCAGACACAGTGGCTCATGCC,no,train
620,TGGCCGGGCACAGTGGCTCACGCC,no,train
513,GGGTTGGGCACGGTGGCGCATGCC,no,train
411,GGCCGGGCGCAGTGGCCCACACCT,no,train
456,GGCTGGGCATGGTGGCTCACGCCT,yes,train
320,GCAGTGGCCCACGCCTGTAATCCC,no,train
33,AGCTGGGCGCAGTGGCTCACGCCT,yes,train
435,GGCGGGGTGTGGTGGCTCATGCCT,no,train
456,GGCTGGGCATGGTGGCTCACGCCT,yes,train
224,CTTTATTTTAATTATTATTATTTT,yes,train
61,AGGCCGGGTGCAGTGGATCCCAGC,yes,train
744,TTTTGTTTGTTTGTTTGTTTTGAG,no,train
385,GGCCAGGTGCAGTGGCTCATGCTT,yes,train
432,GGCCTGGCACAGTGGCTCATGCCT,no,train
823,TTTTTTTTTTTGAGACAATGTCTC,no,train
389,GGCCAGGTGGCGGTGGTTCACACC,yes,train
385,GGCCAGGTGCAGTGGCTCATGCTT,yes,train
696,TTTCTTTTTTCTAAGACAGAGTCT,no,train
865,TTTTTTTTTTTTTTTTTGAGACAG,no,train
457,GGCTGGGCATGGTGGTTCACACCT,no,train
354,GGCCAAGCATGGTGGCTCACACCT,no,train
287,CTTTTTTTTTTTTTTTTTTAATTG,yes,train
563,GTTTTTTTGTTTGTTTTGCTTTTT,no,train
790,TTTTTTGTTTGTTTTTTGGAGACA,no,train
22,AGCCAGGTGCGGTGGCTCATGCCT,no,train
831,TTTTTTTTTTTTCCGAGATGGAAT,no,train
410,GGCCGGGCGCAATGGCTCGCGCCT,yes,train
403,GGCCGGGCACGGTGACTCATGCCT,yes,train
801,TTTTTTTGTTTATGTGTTTGTTTT,no,train
808,TTTTTTTTCTTTTTCTTTTTCTTT,no,train
545,GTTTTGTTTTGTTTTTTTGAGACA,yes,train
43,AGGCCAGACACAATGGCTCATGCT,yes,train
464,GGCTGGGCGCGATGGCTCATGTCT,no,train
161,ATTTTTTTTTTTTTTTAGATGGAG,yes,train
132,ATTTTGTTTTGTTTTGGTTTTTTG,no,train
701,TTTCTTTTTTTTTTTTTTTTTTTT,yes,train
365,GGCCAGGCACTGTGACTCATACCT,yes,train
710,TTTGTTTGTTTAGAGATAGGATCT,yes,train
640,TGGCTGGGCACGGTGGCTCACGCC,yes,train
278,CTTTTTTTTTTTTTTGAGACGGAG,yes,train
365,GGCCAGGCACTGTGACTCATACCT,yes,train
102,ATTCTTTTTGAGACAGAGTCTCTG,no,train
661,TTCTTTTGTTTTTTTGAGATGGAG,yes,train
75,AGGCTGGGCATGGTGGCTCATGCC,no,train
512,GGGGGCAGAGGTGGGCGGATCACC,no,train
326,GCCAGGCATGGTGGCTCATGCCTA,no,train
551,GTTTTTGAGGCAGGTCGGTCACCC,no,train
696,TTTCTTTTTTCTAAGACAGAGTCT,yes,train
791,TTTTTTGTTTGTTTTTTTGAGACA,no,train
688,TTTCCTTTTTTTTTTTTTTCTTTT,yes,train
449,GGCTGGGCACGGTGGCTCATGCCT,no,train
791,TTTTTTGTTTGTTTTTTTGAGACA,no,train
110,ATTTATTTATTTTTGAGACAGGGT,no,train
704,TTTGAGACAGAGTTTTGCTCTTAT,yes,train
799,TTTTTTTGGTTTTTGTTTTGTTTT,yes,train
456,GGCTGGGCATGGTGGCTCACGCCT,yes,train
417,GGCCGGGCGCGGTGGCTCACACCT,no,train
501,GGGCTGGGCATGGTGGCTCACACC,no,train
519,GGTTGGGCATGGTAGCTCACACCT,no,train
352,GGCAGGGTGCGGTGGCTCATGCCT,yes,train
258,CTTTTTTATTTTTATTTTTTTGAG,yes,train
464,GGCTGGGCGCGATGGCTCATGTCT,no,train
451,GGCTGGGCACGGTGGCTCATGCCT,yes,train
118,ATTTCCTTCTTTTTTTTTTTGAGA,no,train
547,GTTTTGTTTTTCTTTCTTTTTTTT,no,train
701,TTTCTTTTTTTTTTTTTTTTTTTT,yes,train
527,GTTCTTGTTTTTGTTTTGTTTTTT,yes,train
829,TTTTTTTTTTTTAAAGACAGGGTC,yes,train
224,CTTTATTTTAATTATTATTATTTT,yes,train
500,GGGCTGGGCACGGTGGCTCATGAC,no,train
760,TTTTTCTTATCTTTTTTTTTTTCC,yes,train
231,CTTTCTTTTTTTTTTTTTTTTTTT,yes,train
348,GCTGGGTGGGGTGGCTCACACCCG,no,train
216,CTGGGCTCAGTGGCTCACACCTGT,no,train
846,TTTTTTTTTTTTTTCTTTTTTTTG,yes,train
488,GGGCCAGGCGCTGTGGCTCACACC,no,train
519,GGTTGGGCATGGTAGCTCACACCT,no,train
42,AGGCAGGGTGCAGTGGCTCACGCC,yes,train
568,GTTTTTTTTTTTGAGACGGAGTCT,no,train
336,GCCGGGCGTGGTGGCTCACGCCTG,no,train
201,CGGCCAGGCACAGTGACTTACACC,yes,train
643,TGGCTGGGCCCGGTGGCTCATGCC,no,train
105,ATTCTTTTTTTTTTTTTGAGATGG,no,train
423,GGCCGGGCGCGGTGGCTCATGCCT,no,train
418,GGCCGGGCGCGGTGGCTCACACCT,yes,train
41,AGGCAGGGCGAGGTGGCTCAAACC,no,train
875,TTTTTTTTTTTTTTTTTTTTTTTA,yes,train
831,TTTTTTTTTTTTCCGAGATGGAAT,no,train
150,ATTTTTTTTTCTTTTTCAGAGTTT,no,train
435,GGCGGGGTGTGGTGGCTCATGCCT,no,train
513,GGGTTGGGCACGGTGGCGCATGCC,yes,train
395,GGCCGAGCGCAGTGGCTCACGCCT,no,train
750,TTTTGTTTTTTCGTTTGTTTCTTT,no,train
248,CTTTTTATTTTATTTTATTCTATT,no,train
91,AGGTTGGGCATGGTGGCTCACGCC,no,train
620,TGGCCGGGCACAGTGGCTCACGCC,yes,train
386,GGCCAGGTGCAGTGGCTCATTCCT,yes,train
733,TTTTCTTTTCTTTTCTTTTTTTTT,yes,train
333,GCCGGGCATGGTGGCTCACGCCTG,no,train
541,GTTTTGCTTTTTTTTTTTTTTTTT,yes,train
296,CTTTTTTTTTTTTTTTTTTTTTTT,yes,train
509,GGGCTGGGTGCGGTGGCTCACACC,no,train
571,GTTTTTTTTTTTTTTTTTTTAGAT,no,train
804,TTTTTTTGTTTGTTTTTGAGGCGG,yes,train
375,GGCCAGGCGTGGTGGCTCATGCCT,yes,train
336,GCCGGGCGTGGTGGCTCACGCCTG,yes,train
456,GGCTGGGCATGGTGGCTCACGCCT,yes,train
625,TGGCCGGGCATGGTGGCTCACGCC,no,train
146,ATTTTTTTGGACATGGCCTTGCTC,yes,train
155,ATTTTTTTTTTTTTGAGACAGAGT,yes,train
601,TGGCCAGACACAGTGGCTCATGCC,no,train
101,ATTCTTTGTTTTTTTTTGAGATGG,no,train
47,AGGCCAGGCGTGGTGGCTCATGCC,no,train
568,GTTTTTTTTTTTGAGACGGAGTCT,no,train
254,CTTTTTGAGACGAGGTCTCACTGT,yes,train
655,TGTGCAGGGACTCATGACTGTAAT,yes,train
807,TTTTTTTTCTTTCTTTTTATTTCT,no,train
594,TGCCGGGCATGGTGGCTTGCACCT,yes,train
340,GCTAGACACAGTGGCTCATGCCTG,yes,train
684,TTTATTTTTAATTTTATTTTTGAG,yes,train
286,CTTTTTTTTTTTTTTTTGAGACAA,no,train
463,GGCTGGGCGCAGTGGCTCATGCCT,no,train
751,TTTTGTTTTTTGTTGTTGTGGTGG,no,train
42,AGGCAGGGTGCAGTGGCTCACGCC,no,train
264,CTTTTTTTCATTTTTTTTTTTTTT,yes,train
209,CGGCTGGGTGCGGTGGCTCACGCC,yes,train
500,GGGCTGGGCACGGTGGCTCATGAC,no,train
670,TTGCCCAGGCTGGAGTGCAGGGCG,no,train
68,AGGCTGGCCATGTTGGCTCACGCT,no,train
10,AGATCAGGCATGGTGGCTTACACC,no,train
110,ATTTATTTATTTTTGAGACAGGGT,yes,train
286,CTTTTTTTTTTTTTTTTGAGACAA,no,train
35,AGCTGGGTGCGGTGGCTCACACCT,no,train
283,CTTTTTTTTTTTTTTTGAGATGGA,yes,train
451,GGCTGGGCACGGTGGCTCATGCCT,yes,train
260,CTTTTTTCTTTCTTTTTTTGAGAT,no,train
799,TTTTTTTGGTTTTTGTTTTGTTTT,yes,train
98,ATGATGGGCTCTCCTTACATATAT,yes,train
676,TTGTTTTTTTTTAATTTTTTAATT,yes,train
124,ATTTTATTTTATTATTTTTTTTTA,no,train
572,GTTTTTTTTTTTTTTTTTTTTGAG,yes,train
278,CTTTTTTTTTTTTTTGAGACGGAG,yes,train
678,TTTATTATTATTTTTTGAGATGGA,yes,train
560,GTTTTTTTATTTTTATTTTTGGAG,yes,train
314,GAGACCAGCCTGACCAATATGGAG,no,train
727,TTTTCTTGTTTTGAGACGGAGTCT,no,train
591,TGCCGAGTGGAGTGGCTCACACCT,yes,train
751,TTTTGTTTTTTGTTGTTGTGGTGG,no,train
661,TTCTTTTGTTTTTTTGAGATGGAG,yes,train
397,GGCCGGCAAGGTGGCTCACGCCTG,yes,train
98,ATGATGGGCTCTCCTTACATATAT,no,train
851,TTTTTTTTTTTTTTGAGATGGAGT,yes,train
410,GGCCGGGCGCAATGGCTCGCGCCT,no,train
239,CTTTTCTCTTCTTTTTTCTTTTCT,yes,train
153,ATTTTTTTTTTTGACAGAGTCTTG,no,train
248,CTTTTTATTTTATTTTATTCTATT,no,train
660,TTCTTTTATTTTTTTTGAGATGGA,yes,train
254,CTTTTTGAGACGAGGTCTCACTGT,yes,train
556,GTTTTTTGTTTGTTTGTTTGTTTT,no,train
496,GGGCCGGGTGCAGTGACTCACGCC,no,train
186,CCAGGCGCGGTGGCTCACACCTAT,yes,train
581,TCCTGGCCAACATGGTGAAACCCC,yes,train
519,GGTTGGGCATGGTAGCTCACACCT,no,train
519,GGTTGGGCATGGTAGCTCACACCT,no,train
617,TGGCCAGGTGCGGTGGCTCACGCC,yes,train
375,GGCCAGGCGTGGTGGCTCATGCCT,yes,train
714,TTTGTTTTGTTTTTTGTTTTGAGA,no,train
196,CGCAGAGGCAGGCGGATCACTTGA,no,train
547,GTTTTGTTTTTCTTTCTTTTTTTT,yes,train
757,TTTTTATTTTTATTTTATTTTTTA,no,train
330,GCCAGGTGTGGTGGCTCACGCCTC,no,train
211,CTCACGCCTGTAATCCCAGCACTT,no,train
246,CTTTTGTTGTTTTTGAGACGGGGT,no,train
459,GGCTGGGCCCGGTGGCTCATGCCT,no,train
582,TCTCTCTTTTTTTTTTTTTTGAGA,no,train
541,GTTTTGCTTTTTTTTTTTTTTTTT,yes,train
628,TGGCCGGGCGCGCTGGCTCACGCC,yes,train
645,TGGCTGGGCGCGGTGGCTCACGCC,yes,train
12,AGCCAGATGTGGTGACATGAACCA,yes,train
102,ATTCTTTTTGAGACAGAGTCTCTG,no,train
389,GGCCAGGTGGCGGTGGTTCACACC,yes,train
369,GGCCAGGCCCAGTGGCTCACACCT,no,train
42,AGGCAGGGTGCAGTGGCTCACGCC,no,train
594,TGCCGGGCATGGTGGCTTGCACCT,yes,train
661,TTCTTTTGTTTTTTTGAGATGGAG,yes,train
226,CTTTATTTTTTAATTTTTTTTTTT,yes,train
404,GGCCGGGCACGGTGGCTCACCTGT,no,train
604,TGGCCAGGCACAGTAACTCCTGCC,no,train
645,TGGCTGGGCGCGGTGGCTCACGCC,no,train
545,GTTTTGTTTTGTTTTTTTGAGACA,yes,train
790,TTTTTTGTTTGTTTTTTGGAGACA,yes,train
417,GGCCGGGCGCGGTGGCTCACACCT,no,train
96,AGTTTGTTTGTTTGTTTGTTTGTT,yes,train
24,AGCCGGGCATGGTGGCTCACGCCC,yes,train
623,TGGCCGGGCACGGTGGCTCACACC,yes,train
831,TTTTTTTTTTTTCCGAGATGGAAT,yes,train
632,TGGCCGGGCGCGGTGGCTCATGCC,yes,train
714,TTTGTTTTGTTTTTTGTTTTGAGA,no,train
688,TTTCCTTTTTTTTTTTTTTCTTTT,no,train
91,AGGTTGGGCATGGTGGCTCACGCC,yes,train
276,CTTTTTTTTTTTTTTCGGACAGAG,yes,train
781,TTTTTTATTTTTTTGAGATGGAGT,yes,train
283,CTTTTTTTTTTTTTTTGAGATGGA,yes,train
733,TTTTCTTTTCTTTTCTTTTTTTTT,no,train
618,TGGCCCGATGCAGTGGCTCATGCC,no,train
305,GACCCAGTGCGGTGGCTCACGCCT,no,train
161,ATTTTTTTTTTTTTTTAGATGGAG,no,train
500,GGGCTGGGCACGGTGGCTCATGAC,no,train
297,CTTTTTTTTTTTTTTTTTTTTTTT,no,train
657,TTATTTTTATTTTTATTTTTTATT,yes,train
604,TGGCCAGGCACAGTAACTCCTGCC,no,train
304,GACCAGGTGTGGTGGCTCACACCA,yes,train
79,AGGCTGGGCGTGGTGGCTCACATC,no,train
259,CTTTTTTCTTTATTTTTTTTTAGA,no,train
753,TTTTTATTATTTTTTTCTTTTTTA,no,train
882,TTTTTTTTTTTTTTTTTTTTTTTT,no,train
424,GGCCGGGCGTGGTGGCTCACACCT,no,train
63,AGGCCGGGTGCTGTGGCTCACACC,no,train
731,TTTTCTTTTCTTGTGTGTTTTTTT,no,train
417,GGCCGGGCGCGGTGGCTCACACCT,no,train
519,GGTTGGGCATGGTAGCTCACACCT,yes,train
716,TTTGTTTTTTTTGTTTTTTTGACA,yes,train
512,GGGGGCAGAGGTGGGCGGATCACC,no,train
776,TTTTTTATTTGTGTTTTTGTTTGT,yes,train
257,CTTTTTTACTTTATTTATTCTAGA,yes,train
224,CTTTATTTTAATTATTATTATTTT,yes,train
760,TTTTTCTTATCTTTTTTTTTTTCC,no,train
700,TTTCTTTTTTTTTTTTTTGAGATG,no,train
13,AGCCAGGCATGGTGGCTCATGCCT,no,train
546,GTTTTGTTTTGTTTTTTTTTTTTT,yes,train
747,TTTTGTTTTGTTTTTTTTTTAAGA,yes,train
144,ATTTTTTTCTTCTTTTTTCCACAG,yes,train
412,GGCCGGGCGCAGTGGCTCACACCT,yes,train
216,CTGGGCTCAGTGGCTCACACCTGT,yes,train
804,TTTTTTTGTTTGTTTTTGAGGCGG,yes,train
26,AGCCGGGCGCGGTGGCTCACGCCT,no,train
173,ATTTTTTTTTTTTTTTTTTTTTGA,yes,train
61,AGGCCGGGTGCAGTGGATCCCAGC,yes,train
851,TTTTTTTTTTTTTTGAGATGGAGT,yes,train
288,CTTTTTTTTTTTTTTTTTTGAGAC,no,train
585,TCTTTTTTTTTTTTTCTTTTTGAG,no,train
556,GTTTTTTGTTTGTTTGTTTGTTTT,yes,train
688,TTTCCTTTTTTTTTTTTTTCTTTT,no,train
696,TTTCTTTTTTCTAAGACAGAGTCT,yes,train
467,GGCTGGGCGTGGTGGCCCACGCCT,no,train
174,ATTTTTTTTTTTTTTTTTTTTTTG,yes,train
672,TTGTTATTTTTTATTTTTATTTTT,no,train
56,AGGCCGGGCATGGTGGCTCACGCT,yes,train
116,ATTTATTTTTATTTTTATTTTTTT,yes,train
366,GGCCAGGCATGGTGGCTCACACCT,no,train
618,TGGCCCGATGCAGTGGCTCATGCC,no,train
512,GGGGGCAGAGGTGGGCGGATCACC,yes,train
657,TTATTTTTATTTTTATTTTTTATT,yes,train
58,AGGCCGGGCGCGGTGGCTCACGCC,yes,train
467,GGCTGGGCGTGGTGGCCCACGCCT,yes,train
706,TTTGAGATGGAGTCTTGCTTCATT,no,train
246,CTTTTGTTGTTTTTGAGACGGGGT,no,train
789,TTTTTTGTGATTTTTTTTTTTTCG,no,train
42,AGGCAGGGTGCAGTGGCTCACGCC,yes,train
825,TTTTTTTTTTTGAGACGGAGTCTC,yes,train
404,GGCCGGGCACGGTGGCTCACCTGT,no,train
369,GGCCAGGCCCAGTGGCTCACACCT,no,train
479,GGCTTGGTGCAGTGACGACACACC,no,train
307,GACCGGGTGTGGTGGCTCACACCT,yes,train
642,TGGCTGGGCATGGTGGGTGCCTGT,yes,train
531,GTTGTTTGTCTGCTTGTTTGCGAC,yes,train
688,TTTCCTTTTTTTTTTTTTTCTTTT,yes,train
191,CCGGGCACGGTGGCTCACACCTGT,no,train
240,CTTTTCTCTTTTTTTTTTTTTTTT,no,train
86,AGGCTGGGTGTGGTGGCTCACGCC,no,train
546,GTTTTGTTTTGTTTTTTTTTTTTT,yes,train
148,ATTTTTTTGTTTTTTGGGATGGAG,yes,train
428,GGCCGGGTGCAGTGGCTCATGCCT,no,train
276,CTTTTTTTTTTTTTTCGGACAGAG,no,train
733,TTTTCTTTTCTTTTCTTTTTTTTT,yes,train
254,CTTTTTGAGACGAGGTCTCACTGT,yes,train
752,TTTTGTTTTTTTTTTGTTGTTGTT,no,train
793,TTTTTTGTTTTGTTTTTTTTGAGA,no,train
110,ATTTATTTATTTTTGAGACAGGGT,no,train
297,CTTTTTTTTTTTTTTTTTTTTTTT,yes,train
882,TTTTTTTTTTTTTTTTTTTTTTTT,no,train
739,TTTTGAAATGGAGTTTTGCTCAGT,no,train
245,CTTTTCTTTTTCTTTTCTTTTTTT,yes,train
862,TTTTTTTTTTTTTTTTGAGATGGA,no,train
729,TTTTCTTTCTTTTTTTTTTTTTTT,no,train
642,TGGCTGGGCATGGTGGGTGCCTGT,no,train
734,TTTTCTTTTCTTTTTCTTTTTCTT,no,train
660,TTCTTTTATTTTTTTTGAGATGGA,yes,train
86,AGGCTGGGTGTGGTGGCTCACGCC,no,train
23,AGCCGGGCACGGTGGCTCACACCT,yes,train
617,TGGCCAGGTGCGGTGGCTCACGCC,no,train
553,GTTTTTGTTTTGTTGTTTTTTTGA,no,train
873,TTTTTTTTTTTTTTTTTTTTTGAG,no,train
108,ATTTATTTATTTATTTTTGAGACA,no,train
581,TCCTGGCCAACATGGTGAAACCCC,yes,train
245,CTTTTCTTTTTCTTTTCTTTTTTT,no,train
242,CTTTTCTTTTCTTGAGGCAGGGTC,no,train
817,TTTTTTTTTGTTTTAGAAGGAGTT,yes,train
409,GGCCGGGCCCAGTGGCTCACACCT,no,train
354,GGCCAAGCATGGTGGCTCACACCT,yes,train
745,TTTTGTTTTAATATTTTTTTTCTT,yes,train
259,CTTTTTTCTTTATTTTTTTTTAGA,no,train
240,CTTTTCTCTTTTTTTTTTTTTTTT,no,train
406,GGCCGGGCACGGTGGCTCACGCCT,no,train
144,ATTTTTTTCTTCTTTTTTCCACAG,yes,train
257,CTTTTTTACTTTATTTATTCTAGA,yes,train
165,ATTTTTTTTTTTTTTTTGAGACAG,yes,train
776,TTTTTTATTTGTGTTTTTGTTTGT,no,train
389,GGCCAGGTGGCGGTGGTTCACACC,no,train
854,TTTTTTTTTTTTTTTGAGACGGAG,no,train
699,TTTCTTTTTTTTTGAGACGGAGTC,yes,train
147,ATTTTTTTGTTGTTGTTGTGACTG,no,train
462,GGCTGGGCGCAGTGGCTCACTCCT,yes,train
513,GGGTTGGGCACGGTGGCGCATGCC,yes,train
451,GGCTGGGCACGGTGGCTCATGCCT,yes,train
148,ATTTTTTTGTTTTTTGGGATGGAG,yes,train
124,ATTTTATTTTATTATTTTTTTTTA,no,train
252,CTTTTTCTTTTTCTTTCTTTCTTT,yes,train
56,AGGCCGGGCATGGTGGCTCACGCT,yes,train
83,AGGCTGGGTGCGCTGTGGCTCATG,yes,train
865,TTTTTTTTTTTTTTTTTGAGACAG,yes,train
182,CAGTGGCTCACACCTGTAATCCCA,yes,train
489,GGGCCAGGCGGTGGCTCACGCTTG,no,train
145,ATTTTTTTGAGACAGGGTGTCACT,no,train
485,GGGCCAGGCGCAGTGGCTCACGCC,no,train
541,GTTTTGCTTTTTTTTTTTTTTTTT,yes,train
704,TTTGAGACAGAGTTTTGCTCTTAT,no,train
272,CTTTTTTTTTTTTGAGACAAGGGT,yes,train
510,GGGCTGGGTGTGGTGGCTCATGCC,yes,train
387,GGCCAGGTGCGGTGGCTCACACCT,yes,train
858,TTTTTTTTTTTTTTTTGAGACAGG,no,train
220,CTTCTTTTTTTTTTTTCTTTTGAG,yes,train
877,TTTTTTTTTTTTTTTTTTTTTTTT,no,train
359,GGCCAGGCACAGTGGCTCACACCT,no,train
430,GGCCGGTCACGGTGGCTCACGCCT,yes,train
101,ATTCTTTGTTTTTTTTTGAGATGG,yes,train
771,TTTTTGTTTTTGTTGGAGAAGGAG,no,train
817,TTTTTTTTTGTTTTAGAAGGAGTT,yes,train
763,TTTTTCTTTGAGACAGAGTCACTC,yes,train
644,TGGCTGGGCGCGGTGGCTCACGCC,no,train
243,CTTTTCTTTTCTTTTCTTTCTTTT,yes,train
733,TTTTCTTTTCTTTTCTTTTTTTTT,yes,train
684,TTTATTTTTAATTTTATTTTTGAG,yes,train
697,TTTCTTTTTTCTGGAGACGGAGTT,yes,train
281,CTTTTTTTTTTTTTTGAGATGGAG,no,train
101,ATTCTTTGTTTTTTTTTGAGATGG,yes,train
355,GGCCAGACGTGGTGGCTCACGCCT,no,train
506,GGGCTGGGTGCAGTGCCTCTCGCC,yes,train
620,TGGCCGGGCACAGTGGCTCACGCC,yes,train
389,GGCCAGGTGGCGGTGGTTCACACC,no,train
515,GGTCAGGCACAGTGGCTTACACCT,no,train
355,GGCCAGACGTGGTGGCTCACGCCT,yes,train
451,GGCTGGGCACGGTGGCTCATGCCT,yes,train
858,TTTTTTTTTTTTTTTTGAGACAGG,no,train
182,CAGTGGCTCACACCTGTAATCCCA,yes,train
124,ATTTTATTTTATTATTTTTTTTTA,yes,train
240,CTTTTCTCTTTTTTTTTTTTTTTT,no,train
644,TGGCTGGGCGCGGTGGCTCACGCC,yes,train
163,ATTTTTTTTTTTTTTTTCAAGACG,no,train
767,TTTTTGAGACAGAGTCTCGCTCTT,no,train
42,AGGCAGGGTGCAGTGGCTCACGCC,yes,train
153,ATTTTTTTTTTTGACAGAGTCTTG,yes,train
33,AGCTGGGCGCAGTGGCTCACGCCT,no,train
288,CTTTTTTTTTTTTTTTTTTGAGAC,no,train
460,GGCTGGGCGCAGCGGCTCACGCCT,yes,train
468,GGCTGGGCGTGGTGGCTCACGCCT,no,train
666,TTCTTTTTTTTTTTGAGACGGAGT,yes,train
771,TTTTTGTTTTTGTTGGAGAAGGAG,yes,train
292,CTTTTTTTTTTTTTTTTTTTTTAC,no,train
858,TTTTTTTTTTTTTTTTGAGACAGG,no,train
445,GGCTGGGCACAGTGGCTCATGCCT,no,train
366,GGCCAGGCATGGTGGCTCACACCT,no,train
720,TTTTATTTTACTTTATTTTTTTTG,no,train
18,AGCCAGGCGTGGTACGTAGCTCAC,no,train
747,TTTTGTTTTGTTTTTTTTTTAAGA,yes,train
207,CGGCTGGGCACGGTGGCTCACGCC,no,train
132,ATTTTGTTTTGTTTTGGTTTTTTG,yes,train
513,GGGTTGGGCACGGTGGCGCATGCC,no,train
790,TTTTTTGTTTGTTTTTTGGAGACA,yes,train
372,GGCCAGGCGCGGTGGCTCACGCCT,no,train
63,AGGCCGGGTGCTGTGGCTCACACC,no,train
769,TTTTTGTTTGTTTGTTTGTTTGTT,no,train
53,AGGCCGGGCACGGTGGCTCACACC,yes,train
718,TTTTATTCTTTTTTTTTTTTTTTT,no,train
618,TGGCCCGATGCAGTGGCTCATGCC,no,train
431,GGCCGGTCGTGGTGGCTCATGCCT,no,train
522,GTGAGACAGAGTTTCACTCTGTCG,no,train
63,AGGCCGGGTGCTGTGGCTCACACC,yes,train
351,GGCACGGTGGCTCACGCCTGTAAT,no,train
445,GGCTGGGCACAGTGGCTCATGCCT,no,train
727,TTTTCTTGTTTTGAGACGGAGTCT,no,train
400,GGCCGGGCACAGTGGCTCACGCCT,yes,train
522,GTGAGACAGAGTTTCACTCTGTCG,no,train
676,TTGTTTTTTTTTAATTTTTTAATT,yes,train
431,GGCCGGTCGTGGTGGCTCATGCCT,yes,train
114,ATTTATTTTATTTTTTATTGTTTT,no,train
54,AGGCCGGGCACTGTGGCTTACACA,no,train
110,ATTTATTTATTTTTGAGACAGGGT,no,train
381,GGCCAGGTATGGTGGCTCATGCCT,yes,train
306,GACCGGGCGTAGTGGCTCACGCCT,yes,train
378,GGCCAGGGATGTTGGCTCACATCT,no,train
116,ATTTATTTTTATTTTTATTTTTTT,no,train
575,TAGTGCAATGGCGCAATCCTGGCT,no,train
655,TGTGCAGGGACTCATGACTGTAAT,yes,train
13,AGCCAGGCATGGTGGCTCATGCCT,yes,train
102,ATTCTTTTTGAGACAGAGTCTCTG,no,train
835,TTTTTTTTTTTTGAGAGAGTTTTG,yes,train
519,GGTTGGGCATGGTAGCTCACACCT,no,train
22,AGCCAGGTGCGGTGGCTCATGCCT,no,train
259,CTTTTTTCTTTATTTTTTTTTAGA,no,train
506,GGGCTGGGTGCAGTGCCTCTCGCC,yes,train
278,CTTTTTTTTTTTTTTGAGACGGAG,no,train
187,CCAGGTGCAGTGGCTCATGCCTGT,yes,train
527,GTTCTTGTTTTTGTTTTGTTTTTT,no,train
757,TTTTTATTTTTATTTTATTTTTTA,no,train
423,GGCCGGGCGCGGTGGCTCATGCCT,no,train
717,TTTTACTTTTTTTTTTTTTTGGGA,no,train
783,TTTTTTCTTGTTTTTCTTTTTTCT,yes,train
36,AGCTGGGTGTGGTGGCTCATACCT,no,train
53,AGGCCGGGCACGGTGGCTCACACC,no,train
355,GGCCAGACGTGGTGGCTCACGCCT,no,train
162,ATTTTTTTTTTTTTTTGCGATGAA,yes,train
369,GGCCAGGCCCAGTGGCTCACACCT,no,train
657,TTATTTTTATTTTTATTTTTTATT,no,train
594,TGCCGGGCATGGTGGCTTGCACCT,yes,train
39,AGGACAGGCGCGGTGGCTCACGCC,yes,train
174,ATTTTTTTTTTTTTTTTTTTTTTG,yes,train
346,GCTGGGCATGGTGGCTCATGCCTG,yes,train
873,TTTTTTTTTTTTTTTTTTTTTGAG,no,train
452,GGCTGGGCACGGTGGCTCGTGCTT,no,train
715,TTTGTTTTTGTTTTTTTTGTTTTT,yes,train
356,GGCCAGAGACTGTGGCTCATGCCT,no,train
424,GGCCGGGCGTGGTGGCTCACACCT,no,train
505,GGGCTGGGTGCAGTCGCTCACGCC,no,train
163,ATTTTTTTTTTTTTTTTCAAGACG,yes,train
865,TTTTTTTTTTTTTTTTTGAGACAG,yes,train
538,GTTTTCTTTTCTTTTCTTTTTTTT,yes,train
124,ATTTTATTTTATTATTTTTTTTTA,yes,train
356,GGCCAGAGACTGTGGCTCATGCCT,yes,train
336,GCCGGGCGTGGTGGCTCACGCCTG,yes,train
146,ATTTTTTTGGACATGGCCTTGCTC,yes,train
882,TTTTTTTTTTTTTTTTTTTTTTTT,no,train
672,TTGTTATTTTTTATTTTTATTTTT,yes,train
309,GACTGGGTGCCATGGCTCATGCCT,no,train
871,TTTTTTTTTTTTTTTTTTTTGAGG,no,train
710,TTTGTTTGTTTAGAGATAGGATCT,no,train
700,TTTCTTTTTTTTTTTTTTGAGATG,no,train
608,TGGCCAGGCATAATGGCTTATGCC,yes,train
306,GACCGGGCGTAGTGGCTCACGCCT,yes,train
501,GGGCTGGGCATGGTGGCTCACACC,no,train
24,AGCCGGGCATGGTGGCTCACGCCC,no,train
16,AGCCAGGCGCAGTGGCTCACGCCT,yes,train
376,GGCCAGGCTCTGTGACTCACGCCT,no,train
222,CTTTATTATTTTATTTTTTTTGAG,no,train
36,AGCTGGGTGTGGTGGCTCATACCT,no,train
418,GGCCGGGCGCGGTGGCTCACACCT,yes,train
227,CTTTCTCACTCAGGCTGCAGTGAG,no,train
652,TGGGCACAGTGGCTCATGCCTGTA,yes,train
745,TTTTGTTTTAATATTTTTTTTCTT,no,train
444,GGCTGGGCACAGTGGCTCACACCT,yes,train
364,GGCCAGGCACGGTGGGTCACGCCT,no,train
457,GGCTGGGCATGGTGGTTCACACCT,no,train
572,GTTTTTTTTTTTTTTTTTTTTGAG,yes,train
717,TTTTACTTTTTTTTTTTTTTGGGA,yes,train
4,ACAGTGGCTCACACCTTTGATCCC,yes,train
403,GGCCGGGCACGGTGACTCATGCCT,yes,train
342,GCTGGATGCGGTGGCTCACGCCTG,no,train
632,TGGCCGGGCGCGGTGGCTCATGCC,yes,train
707,TTTGTGGGATGGAGTTTCACTTGT,no,train
23,AGCCGGGCACGGTGGCTCACACCT,no,train
315,GAGGCTTGCTCTGTCACCCAGACT,no,train
781,TTTTTTATTTTTTTGAGATGGAGT,yes,train
829,TTTTTTTTTTTTAAAGACAGGGTC,yes,train
505,GGGCTGGGTGCAGTCGCTCACGCC,no,train
696,TTTCTTTTTTCTAAGACAGAGTCT,no,train
333,GCCGGGCATGGTGGCTCACGCCTG,no,train
369,GGCCAGGCCCAGTGGCTCACACCT,yes,train
760,TTTTTCTTATCTTTTTTTTTTTCC,yes,train
521,GTCGGGCACGGTGGCTCACGCCTG,no,train
400,GGCCGGGCACAGTGGCTCACGCCT,no,train
18,AGCCAGGCGTGGTACGTAGCTCAC,yes,train
510,GGGCTGGGTGTGGTGGCTCATGCC,no,train
660,TTCTTTTATTTTTTTTGAGATGGA,yes,train
719,TTTTATTTATTTATTTTTTGAGAG,yes,train
26,AGCCGGGCGCGGTGGCTCACGCCT,no,train
375,GGCCAGGCGTGGTGGCTCATGCCT,yes,train
309,GACTGGGTGCCATGGCTCATGCCT,no,train
150,ATTTTTTTTTCTTTTTCAGAGTTT,no,train
53,AGGCCGGGCACGGTGGCTCACACC,yes,train
47,AGGCCAGGCGTGGTGGCTCATGCC,yes,train
428,GGCCGGGTGCAGTGGCTCATGCCT,yes,train
146,ATTTTTTTGGACATGGCCTTGCTC,yes,train
166,ATTTTTTTTTTTTTTTTGAGAGGA,no,train
343,GCTGGGCACAATGGTTCACACCTG,no,train
248,CTTTTTATTTTATTTTATTCTATT,no,train
466,GGCTGGGCGTAGTGGCTCACACCT,no,train
601,TGGCCAGACACAGTGGCTCATGCC,yes,train
560,GTTTTTTTATTTTTATTTTTGGAG,yes,train
102,ATTCTTTTTGAGACAGAGTCTCTG,no,train
829,TTTTTTTTTTTTAAAGACAGGGTC,yes,train
383,GGCCAGGTGCAGTGGCTCACATCT,no,train
411,GGCCGGGCGCAGTGGCCCACACCT,yes,train
309,GACTGGGTGCCATGGCTCATGCCT,no,train
496,GGGCCGGGTGCAGTGACTCACGCC,yes,train
36,AGCTGGGTGTGGTGGCTCATACCT,yes,train
148,ATTTTTTTGTTTTTTGGGATGGAG,no,train
874,TTTTTTTTTTTTTTTTTTTTTTGA,no,train
309,GACTGGGTGCCATGGCTCATGCCT,no,train
91,AGGTTGGGCATGGTGGCTCACGCC,no,train
449,GGCTGGGCACGGTGGCTCATGCCT,yes,train
262,CTTTTTTGTTTCGTTGTTTTTCTT,yes,train
242,CTTTTCTTTTCTTGAGGCAGGGTC,yes,train
430,GGCCGGTCACGGTGGCTCACGCCT,yes,train
768,TTTTTGGTTTTTTTTGTTTTTTTT,yes,train
535,GTTTTACTTTTTTTTTTTTTTTTT,yes,train
675,TTGTTTTTTGTTTTTTTGTTTTTT,yes,train
789,TTTTTTGTGATTTTTTTTTTTTCG,yes,train
442,GGCTGGGCACAGTGGCTCACACCT,yes,train
237,CTTTTATTGTTTTTTGAGACGGAG,no,train
329,GCCAGGTGCGGTGGCTCATGCCTG,no,train
395,GGCCGAGCGCAGTGGCTCACGCCT,yes,train
168,ATTTTTTTTTTTTTTTTTTGACGG,no,train
835,TTTTTTTTTTTTGAGAGAGTTTTG,no,train
779,TTTTTTATTTTTTATTTTATTTTA,yes,train
789,TTTTTTGTGATTTTTTTTTTTTCG,no,train
224,CTTTATTTTAATTATTATTATTTT,yes,train
26,AGCCGGGCGCGGTGGCTCACGCCT,no,train
827,TTTTTTTTTTTGGAGACGGGCTCT,no,train
500,GGGCTGGGCACGGTGGCTCATGAC,no,train
505,GGGCTGGGTGCAGTCGCTCACGCC,yes,train
199,CGCTGGGCGCGGTGGCTCACGCCT,no,train
411,GGCCGGGCGCAGTGGCCCACACCT,yes,train
674,TTGTTTGTTGTTTTTGAGACAGAG,no,train
453,GGCTGGGCACGGTGGCTCTCGCCT,no,train
714,TTTGTTTTGTTTTTTGTTTTGAGA,yes,train
752,TTTTGTTTTTTTTTTGTTGTTGTT,no,train
154,ATTTTTTTTTTTGAGATGGAGTCT,no,train
657,TTATTTTTATTTTTATTTTTTATT,yes,train
707,TTTGTGGGATGGAGTTTCACTTGT,no,train
875,TTTTTTTTTTTTTTTTTTTTTTTA,yes,train
519,GGTTGGGCATGGTAGCTCACACCT,yes,train
133,ATTTTGTTTTGTTTTTGTTTTTTG,yes,train
201,CGGCCAGGCACAGTGACTTACACC,yes,train
699,TTTCTTTTTTTTTGAGACGGAGTC,no,train
616,TGGCCAGGCGTAGTGGCTCATGCC,yes,train
645,TGGCTGGGCGCGGTGGCTCACGCC,yes,train
801,TTTTTTTGTTTATGTGTTTGTTTT,no,train
508,GGGCTGGGTGCCGTGGCTCACGCC,no,train
414,GGCCGGGCGCAGTGGCTCATGCCT,yes,train
42,AGGCAGGGTGCAGTGGCTCACGCC,no,train
366,GGCCAGGCATGGTGGCTCACACCT,yes,train
423,GGCCGGGCGCGGTGGCTCATGCCT,yes,train
460,GGCTGGGCGCAGCGGCTCACGCCT,yes,train
739,TTTTGAAATGGAGTTTTGCTCAGT,no,train
453,GGCTGGGCACGGTGGCTCTCGCCT,no,train
76,AGGCTGGGCGCGGTGGCTCACACC,yes,train
803,TTTTTTTGTTTGTTTGTTTTGAGA,no,train
256,CTTTTTGATTGATTGTTTGTTATG,no,train
541,GTTTTGCTTTTTTTTTTTTTTTTT,yes,train
54,AGGCCGGGCACTGTGGCTTACACA,no,train
692,TTTCTTTATTTTAATTTTTTTTTT,yes,train
431,GGCCGGTCGTGGTGGCTCATGCCT,yes,train
344,GCTGGGCACAGTAGCTCATGCCTG,no,train
451,GGCTGGGCACGGTGGCTCATGCCT,yes,train
835,TTTTTTTTTTTTGAGAGAGTTTTG,yes,train
83,AGGCTGGGTGCGCTGTGGCTCATG,yes,train
522,GTGAGACAGAGTTTCACTCTGTCG,yes,train
735,TTTTCTTTTTCTTTTCTTTTTTTT,no,train
529,GTTCTTTTTTTTTTAGACAGCGTT,yes,train
207,CGGCTGGGCACGGTGGCTCACGCC,no,train
145,ATTTTTTTGAGACAGGGTGTCACT,no,train
396,GGCCGAGCGTGATGGCTCACCCCT,yes,train
397,GGCCGGCAAGGTGGCTCACGCCTG,no,train
527,GTTCTTGTTTTTGTTTTGTTTTTT,no,train
516,GGTCGGGCACGGTGGCTCATGCCT,yes,train
168,ATTTTTTTTTTTTTTTTTTGACGG,no,train
379,GGCCAGGGGCAGTGGCTCACGCCT,no,train
278,CTTTTTTTTTTTTTTGAGACGGAG,yes,train
262,CTTTTTTGTTTCGTTGTTTTTCTT,no,train
200,CGCTGGGTACAGTTGCTTACACCT,no,train
873,TTTTTTTTTTTTTTTTTTTTTGAG,no,train
31,AGCTGGGCATGGTGGTTCATGCCT,no,train
108,ATTTATTTATTTATTTTTGAGACA,yes,train
655,TGTGCAGGGACTCATGACTGTAAT,yes,train
755,TTTTTATTTTATTTATTTATTTAT,no,train
479,GGCTTGGTGCAGTGACGACACACC,yes,train
799,TTTTTTTGGTTTTTGTTTTGTTTT,no,train
623,TGGCCGGGCACGGTGGCTCACACC,yes,train
353,GGCCAAACATGGTGCCCCACGCCT,no,train
26,AGCCGGGCGCGGTGGCTCACGCCT,no,train
246,CTTTTGTTGTTTTTGAGACGGGGT,no,train
697,TTTCTTTTTTCTGGAGACGGAGTT,no,train
271,CTTTTTTTTTTTTCGAGACACGGT,no,train
436,GGCTAGGCGCAGTGGCTCACTCCT,no,train
387,GGCCAGGTGCGGTGGCTCACACCT,no,train
120,ATTTCTTTTCTTTTTTTTTTTTTT,yes,train
496,GGGCCGGGTGCAGTGACTCACGCC,no,train
651,TGGGAGGCCGAGGCGGGCGGATCA,yes,train
354,GGCCAAGCATGGTGGCTCACACCT,yes,train
604,TGGCCAGGCACAGTAACTCCTGCC,no,train
870,TTTTTTTTTTTTTTTTTTTTGAGA,yes,train
799,TTTTTTTGGTTTTTGTTTTGTTTT,no,train
273,CTTTTTTTTTTTTTGAGACAGAAT,yes,train
755,TTTTTATTTTATTTATTTATTTAT,no,train
397,GGCCGGCAAGGTGGCTCACGCCTG,no,train
321,GCAGTGGTTCGCACCTATAAGCCC,no,train
456,GGCTGGGCATGGTGGCTCACGCCT,yes,train
737,TTTTCTTTTTTTCTTTTTTGAGAT,yes,train
447,GGCTGGGCACGAGGGCTCATGTCT,yes,train
417,GGCCGGGCGCGGTGGCTCACACCT,no,train
719,TTTTATTTATTTATTTTTTGAGAG,yes,train
280,CTTTTTTTTTTTTTTGAGAGGGAG,yes,train
530,GTTCTTTTTTTTTTTTTTTTTTTC,no,train
376,GGCCAGGCTCTGTGACTCACGCCT,yes,train
163,ATTTTTTTTTTTTTTTTCAAGACG,yes,train
101,ATTCTTTGTTTTTTTTTGAGATGG,no,train
508,GGGCTGGGTGCCGTGGCTCACGCC,no,train
545,GTTTTGTTTTGTTTTTTTGAGACA,no,train
640,TGGCTGGGCACGGTGGCTCACGCC,yes,train
132,ATTTTGTTTTGTTTTGGTTTTTTG,yes,train
385,GGCCAGGTGCAGTGGCTCATGCTT,no,train
445,GGCTGGGCACAGTGGCTCATGCCT,no,train
381,GGCCAGGTATGGTGGCTCATGCCT,yes,train
489,GGGCCAGGCGGTGGCTCACGCTTG,no,train
479,GGCTTGGTGCAGTGACGACACACC,yes,train
108,ATTTATTTATTTATTTTTGAGACA,no,train
447,GGCTGGGCACGAGGGCTCATGTCT,no,train
534,GTTTCCTTTTTCTTCATTTCTATT,no,train
31,AGCTGGGCATGGTGGTTCATGCCT,yes,train
148,ATTTTTTTGTTTTTTGGGATGGAG,no,train
701,TTTCTTTTTTTTTTTTTTTTTTTT,yes,train
591,TGCCGAGTGGAGTGGCTCACACCT,yes,train
734,TTTTCTTTTCTTTTTCTTTTTCTT,no,train
347,GCTGGGCGTGGTGGCTCACGCCTA,yes,train
173,ATTTTTTTTTTTTTTTTTTTTTGA,no,train
851,TTTTTTTTTTTTTTGAGATGGAGT,no,train
706,TTTGAGATGGAGTCTTGCTTCATT,no,train
74,AGGCTGGGCATGGTGGCTCACGCC,yes,train
239,CTTTTCTCTTCTTTTTTCTTTTCT,no,train
8,AGACTGGGCGTGGTGGCTCACGCC,no,train
216,CTGGGCTCAGTGGCTCACACCTGT,no,train
742,TTTTGTGAGACAGCCTTGCTCTGT,yes,train
321,GCAGTGGTTCGCACCTATAAGCCC,no,train
400,GGCCGGGCACAGTGGCTCACGCCT,yes,train
731,TTTTCTTTTCTTGTGTGTTTTTTT,no,train
24,AGCCGGGCATGGTGGCTCACGCCC,yes,train
848,TTTTTTTTTTTTTTGAGACAGAGT,no,train
462,GGCTGGGCGCAGTGGCTCACTCCT,yes,train
617,TGGCCAGGTGCGGTGGCTCACGCC,no,train
304,GACCAGGTGTGGTGGCTCACACCA,no,train
224,CTTTATTTTAATTATTATTATTTT,no,train
827,TTTTTTTTTTTGGAGACGGGCTCT,no,train
313,GAGACAGTCTTGCTTTGTCGCCAG,yes,train
104,ATTCTTTTTTTTTTTCTTCTTTGA,no,train
401,GGCCGGGCACAGTGGCTCATGCCT,yes,train
24,AGCCGGGCATGGTGGCTCACGCCC,yes,train
383,GGCCAGGTGCAGTGGCTCACATCT,yes,train
530,GTTCTTTTTTTTTTTTTTTTTTTC,no,train
705,TTTGAGACGGAGTCTCGCTCTATT,yes,train
745,TTTTGTTTTAATATTTTTTTTCTT,yes,train
196,CGCAGAGGCAGGCGGATCACTTGA,no,train
701,TTTCTTTTTTTTTTTTTTTTTTTT,yes,train
406,GGCCGGGCACGGTGGCTCACGCCT,yes,train
322,GCCAGGCACGGTGGCTCACGCCTG,yes,train
176,ATTTTTTTTTTTTTTTTTTTTTTT,yes,train
873,TTTTTTTTTTTTTTTTTTTTTGAG,no,train
628,TGGCCGGGCGCGCTGGCTCACGCC,no,train
506,GGGCTGGGTGCAGTGCCTCTCGCC,yes,train
201,CGGCCAGGCACAGTGACTTACACC,no,train
451,GGCTGGGCACGGTGGCTCATGCCT,no,train
831,TTTTTTTTTTTTCCGAGATGGAAT,yes,train
839,TTTTTTTTTTTTTGAGACTCAGGA,yes,train
165,ATTTTTTTTTTTTTTTTGAGACAG,no,train
690,TTTCTGTTTTTTGTTTTTTTTTTT,yes,train
196,CGCAGAGGCAGGCGGATCACTTGA,no,train
430,GGCCGGTCACGGTGGCTCACGCCT,yes,train
26,AGCCGGGCGCGGTGGCTCACGCCT,yes,train
672,TTGTTATTTTTTATTTTTATTTTT,yes,train
779,TTTTTTATTTTTTATTTTATTTTA,no,train
548,GTTTTGTTTTTTGGGGTTTGTTTT,yes,train
297,CTTTTTTTTTTTTTTTTTTTTTTT,no,train
829,TTTTTTTTTTTTAAAGACAGGGTC,yes,train
200,CGCTGGGTACAGTTGCTTACACCT,yes,train
877,TTTTTTTTTTTTTTTTTTTTTTTT,no,train
395,GGCCGAGCGCAGTGGCTCACGCCT,yes,train
595,TGCCGGGCGCGGTGGCTCACGTCT,no,train
304,GACCAGGTGTGGTGGCTCACACCA,yes,train
858,TTTTTTTTTTTTTTTTGAGACAGG,yes,train
386,GGCCAGGTGCAGTGGCTCATTCCT,no,train
530,GTTCTTTTTTTTTTTTTTTTTTTC,no,train
16,AGCCAGGCGCAGTGGCTCACGCCT,yes,train
376,GGCCAGGCTCTGTGACTCACGCCT,no,train
153,ATTTTTTTTTTTGACAGAGTCTTG,yes,train
661,TTCTTTTGTTTTTTTGAGATGGAG,yes,train
882,TTTTTTTTTTTTTTTTTTTTTTTT,no,train
561,GTTTTTTTCTTTTCTAATTGAGAC,no,train
41,AGGCAGGGCGAGGTGGCTCAAACC,yes,train
145,ATTTTTTTGAGACAGGGTGTCACT,yes,train
492,GGGCCAGGTGTGGTGGCTCACGCC,no,train
401,GGCCGGGCACAGTGGCTCATGCCT,no,train
881,TTTTTTTTTTTTTTTTTTTTTTTT,no,train
504,GGGCTGGGCGCGGTGGCTCTCGCC,no,train
256,CTTTTTGATTGATTGTTTGTTATG,yes,train
781,TTTTTTATTTTTTTGAGATGGAGT,no,train
216,CTGGGCTCAGTGGCTCACACCTGT,yes,train
674,TTGTTTGTTGTTTTTGAGACAGAG,no,train
33,AGCTGGGCGCAGTGGCTCACGCCT,yes,train
315,GAGGCTTGCTCTGTCACCCAGACT,yes,train
238,CTTTTCGTTGTTGTTGAGACAGGG,no,train
848,TTTTTTTTTTTTTTGAGACAGAGT,no,train
715,TTTGTTTTTGTTTTTTTTGTTTTT,yes,train
460,GGCTGGGCGCAGCGGCTCACGCCT,yes,train
219,CTTATATTTTATTTACTTACTTAA,yes,train
155,ATTTTTTTTTTTTTGAGACAGAGT,yes,train
189,CCCAGCCTGGGCAACATAGGGAGA,yes,train
718,TTTTATTCTTTTTTTTTTTTTTTT,yes,train
376,GGCCAGGCTCTGTGACTCACGCCT,no,train
499,GGGCTGGGCACAGTGGCTTACGCC,yes,train
459,GGCTGGGCCCGGTGGCTCATGCCT,yes,train
144,ATTTTTTTCTTCTTTTTTCCACAG,no,train
363,GGCCAGGCACGGTGGCTCACGCCT,yes,train
235,CTTTGTTTTTGTTTTTGTCTTTTG,yes,train
118,ATTTCCTTCTTTTTTTTTTTGAGA,no,train
594,TGCCGGGCATGGTGGCTTGCACCT,yes,train
235,CTTTGTTTTTGTTTTTGTCTTTTG,yes,train
23,AGCCGGGCACGGTGGCTCACACCT,no,train
705,TTTGAGACGGAGTCTCGCTCTATT,yes,train
357,GGCCAGGCACAATGGCTCACACCT,no,train
209,CGGCTGGGTGCGGTGGCTCACGCC,yes,train
538,GTTTTCTTTTCTTTTCTTTTTTTT,no,train
239,CTTTTCTCTTCTTTTTTCTTTTCT,no,train
404,GGCCGGGCACGGTGGCTCACCTGT,no,train
250,CTTTTTATTTTTTTGAGACAGTCT,no,train
237,CTTTTATTGTTTTTTGAGACGGAG,no,train
854,TTTTTTTTTTTTTTTGAGACGGAG,no,train
258,CTTTTTTATTTTTATTTTTTTGAG,yes,train
400,GGCCGGGCACAGTGGCTCACGCCT,no,train
580,TCCAGGCATGGTGGCTCACATCTG,yes,train
366,GGCCAGGCATGGTGGCTCACACCT,no,train
223,CTTTATTTATTTATTTATTTATGA,no,train
464,GGCTGGGCGCGATGGCTCATGTCT,yes,train
504,GGGCTGGGCGCGGTGGCTCTCGCC,yes,train
568,GTTTTTTTTTTTGAGACGGAGTCT,yes,train
752,TTTTGTTTTTTTTTTGTTGTTGTT,no,train
623,TGGCCGGGCACGGTGGCTCACACC,yes,train
42,AGGCAGGGTGCAGTGGCTCACGCC,yes,train
479,GGCTTGGTGCAGTGACGACACACC,no,train
688,TTTCCTTTTTTTTTTTTTTCTTTT,yes,train
162,ATTTTTTTTTTTTTTTGCGATGAA,yes,train
102,ATTCTTTTTGAGACAGAGTCTCTG,no,train
525,GTGGCACTATCATAGTTCACTATA,no,train
445,GGCTGGGCACAGTGGCTCATGCCT,no,train
463,GGCTGGGCGCAGTGGCTCATGCCT,no,train
165,ATTTTTTTTTTTTTTTTGAGACAG,yes,train
568,GTTTTTTTTTTTGAGACGGAGTCT,no,train
675,TTGTTTTTTGTTTTTTTGTTTTTT,yes,train
162,ATTTTTTTTTTTTTTTGCGATGAA,yes,train
506,GGGCTGGGTGCAGTGCCTCTCGCC,no,train
10,AGATCAGGCATGGTGGCTTACACC,no,train
544,GTTTTGTTTTGTTTTTTGTTTTGA,no,train
161,ATTTTTTTTTTTTTTTAGATGGAG,yes,train
640,TGGCTGGGCACGGTGGCTCACGCC,yes,train
571,GTTTTTTTTTTTTTTTTTTTAGAT,no,train
428,GGCCGGGTGCAGTGGCTCATGCCT,no,train
207,CGGCTGGGCACGGTGGCTCACGCC,no,train
305,GACCCAGTGCGGTGGCTCACGCCT,yes,train
163,ATTTTTTTTTTTTTTTTCAAGACG,yes,train
356,GGCCAGAGACTGTGGCTCATGCCT,no,train
763,TTTTTCTTTGAGACAGAGTCACTC,yes,train
751,TTTTGTTTTTTGTTGTTGTGGTGG,yes,train
131,ATTTTGTTGTTGTTATTTGTTTCT,no,train
623,TGGCCGGGCACGGTGGCTCACACC,yes,train
616,TGGCCAGGCGTAGTGGCTCATGCC,no,train
553,GTTTTTGTTTTGTTGTTTTTTTGA,yes,train
277,CTTTTTTTTTTTTTTCTTTTTAAG,no,train
451,GGCTGGGCACGGTGGCTCATGCCT,no,train
260,CTTTTTTCTTTCTTTTTTTGAGAT,no,train
42,AGGCAGGGTGCAGTGGCTCACGCC,yes,train
545,GTTTTGTTTTGTTTTTTTGAGACA,yes,train
91,AGGTTGGGCATGGTGGCTCACGCC,yes,train
353,GGCCAAACATGGTGCCCCACGCCT,no,train
768,TTTTTGGTTTTTTTTGTTTTTTTT,no,train
715,TTTGTTTTTGTTTTTTTTGTTTTT,no,train
466,GGCTGGGCGTAGTGGCTCACACCT,yes,train
254,CTTTTTGAGACGAGGTCTCACTGT,yes,train
113,ATTTATTTTATTTTTCTGAGATGG,no,train
460,GGCTGGGCGCAGCGGCTCACGCCT,yes,train
799,TTTTTTTGGTTTTTGTTTTGTTTT,no,train
261,CTTTTTTCTTTTTCTTTTTCTTTT,no,train
745,TTTTGTTTTAATATTTTTTTTCTT,no,train
799,TTTTTTTGGTTTTTGTTTTGTTTT,yes,train
200,CGCTGGGTACAGTTGCTTACACCT,yes,train
159,ATTTTTTTTTTTTTTCTTGGAATG,no,train
719,TTTTATTTATTTATTTTTTGAGAG,no,train
508,GGGCTGGGTGCCGTGGCTCACGCC,yes,train
354,GGCCAAGCATGGTGGCTCACACCT,no,train
386,GGCCAGGTGCAGTGGCTCATTCCT,no,train
675,TTGTTTTTTGTTTTTTTGTTTTTT,yes,train
848,TTTTTTTTTTTTTTGAGACAGAGT,yes,train
299,CTTTTTTTTTTTTTTTTTTTTTTT,no,train
505,GGGCTGGGTGCAGTCGCTCACGCC,no,train
535,GTTTTACTTTTTTTTTTTTTTTTT,yes,train
696,TTTCTTTTTTCTAAGACAGAGTCT,yes,train
660,TTCTTTTATTTTTTTTGAGATGGA,yes,train
116,ATTTATTTTTATTTTTATTTTTTT,yes,train
53,AGGCCGGGCACGGTGGCTCACACC,no,train
462,GGCTGGGCGCAGTGGCTCACTCCT,no,train
209,CGGCTGGGTGCGGTGGCTCACGCC,no,train
553,GTTTTTGTTTTGTTGTTTTTTTGA,no,train
96,AGTTTGTTTGTTTGTTTGTTTGTT,no,train
571,GTTTTTTTTTTTTTTTTTTTAGAT,no,train
846,TTTTTTTTTTTTTTCTTTTTTTTG,yes,train
459,GGCTGGGCCCGGTGGCTCATGCCT,yes,train
365,GGCCAGGCACTGTGACTCATACCT,yes,train
333,GCCGGGCATGGTGGCTCACGCCTG,yes,train
414,GGCCGGGCGCAGTGGCTCATGCCT,yes,train
501,GGGCTGGGCATGGTGGCTCACACC,no,train
305,GACCCAGTGCGGTGGCTCACGCCT,yes,train
515,GGTCAGGCACAGTGGCTTACACCT,no,train
76,AGGCTGGGCGCGGTGGCTCACACC,yes,train
541,GTTTTGCTTTTTTTTTTTTTTTTT,yes,train
527,GTTCTTGTTTTTGTTTTGTTTTTT,no,train
326,GCCAGGCATGGTGGCTCATGCCTA,yes,train
616,TGGCCAGGCGTAGTGGCTCATGCC,yes,train
706,TTTGAGATGGAGTCTTGCTTCATT,yes,train
548,GTTTTGTTTTTTGGGGTTTGTTTT,no,train
201,CGGCCAGGCACAGTGACTTACACC,yes,train
430,GGCCGGTCACGGTGGCTCACGCCT,yes,train
113,ATTTATTTTATTTTTCTGAGATGG,no,train
733,TTTTCTTTTCTTTTCTTTTTTTTT,yes,train
347,GCTGGGCGTGGTGGCTCACGCCTA,no,train
792,TTTTTTGTTTTGTTTTGTTTGAGA,no,train
375,GGCCAGGCGTGGTGGCTCATGCCT,no,train
160,ATTTTTTTTTTTTTTGAGATGGAG,no,train
250,CTTTTTATTTTTTTGAGACAGTCT,no,train
538,GTTTTCTTTTCTTTTCTTTTTTTT,no,train
261,CTTTTTTCTTTTTCTTTTTCTTTT,no,train
657,TTATTTTTATTTTTATTTTTTATT,no,train
781,TTTTTTATTTTTTTGAGATGGAGT,yes,train
451,GGCTGGGCACGGTGGCTCATGCCT,yes,train
91,AGGTTGGGCATGGTGGCTCACGCC,yes,train
280,CTTTTTTTTTTTTTTGAGAGGGAG,yes,train
2,AAGATGGAGTCTTATTCTGTCGCC,no,train
204,CGGCCGGGCGCGGTGGCTCACGCC,yes,train
306,GACCGGGCGTAGTGGCTCACGCCT,no,train
783,TTTTTTCTTGTTTTTCTTTTTTCT,yes,train
466,GGCTGGGCGTAGTGGCTCACACCT,yes,train
787,TTTTTTGAGACAAGGTCTTGCTCT,yes,train
387,GGCCAGGTGCGGTGGCTCACACCT,no,train
164,ATTTTTTTTTTTTTTTTCTTGAGA,yes,train
580,TCCAGGCATGGTGGCTCACATCTG,no,train
595,TGCCGGGCGCGGTGGCTCACGTCT,yes,train
252,CTTTTTCTTTTTCTTTCTTTCTTT,yes,train
747,TTTTGTTTTGTTTTTTTTTTAAGA,yes,train
769,TTTTTGTTTGTTTGTTTGTTTGTT,no,train
445,GGCTGGGCACAGTGGCTCATGCCT,no,train
640,TGGCTGGGCACGGTGGCTCACGCC,yes,train
146,ATTTTTTTGGACATGGCCTTGCTC,yes,train
581,TCCTGGCCAACATGGTGAAACCCC,no,train
314,GAGACCAGCCTGACCAATATGGAG,yes,train
191,CCGGGCACGGTGGCTCACACCTGT,yes,train
642,TGGCTGGGCATGGTGGGTGCCTGT,no,train
278,CTTTTTTTTTTTTTTGAGACGGAG,no,train
163,ATTTTTTTTTTTTTTTTCAAGACG,yes,train
304,GACCAGGTGTGGTGGCTCACACCA,yes,train
409,GGCCGGGCCCAGTGGCTCACACCT,no,train
665,TTCTTTTTTTTTCTTTTGAGACGG,no,train
537,GTTTTCTTCTGTTTTCTTATATTT,no,train
326,GCCAGGCATGGTGGCTCATGCCTA,no,train
548,GTTTTGTTTTTTGGGGTTTGTTTT,no,train
815,TTTTTTTTTCTTTTTTCTTTTTTC,yes,train
276,CTTTTTTTTTTTTTTCGGACAGAG,no,train
503,GGGCTGGGCCCATTAGCTCACACC,no,train
351,GGCACGGTGGCTCACGCCTGTAAT,no,train
701,TTTCTTTTTTTTTTTTTTTTTTTT,yes,train
105,ATTCTTTTTTTTTTTTTGAGATGG,yes,train
312,GAGACAGGTTCTTGATCTGTCACT,no,train
296,CTTTTTTTTTTTTTTTTTTTTTTT,yes,train
243,CTTTTCTTTTCTTTTCTTTCTTTT,yes,train
182,CAGTGGCTCACACCTGTAATCCCA,yes,train
254,CTTTTTGAGACGAGGTCTCACTGT,yes,train
851,TTTTTTTTTTTTTTGAGATGGAGT,yes,train
286,CTTTTTTTTTTTTTTTTGAGACAA,no,train
346,GCTGGGCATGGTGGCTCATGCCTG,no,train
353,GGCCAAACATGGTGCCCCACGCCT,yes,train
823,TTTTTTTTTTTGAGACAATGTCTC,no,train
839,TTTTTTTTTTTTTGAGACTCAGGA,yes,train
250,CTTTTTATTTTTTTGAGACAGTCT,yes,train
755,TTTTTATTTTATTTATTTATTTAT,yes,train
750,TTTTGTTTTTTCGTTTGTTTCTTT,no,train
774,TTTTTTAAGATGGAATCTTGCTCT,yes,train
223,CTTTATTTATTTATTTATTTATGA,no,train
246,CTTTTGTTGTTTTTGAGACGGGGT,no,train
672,TTGTTATTTTTTATTTTTATTTTT,yes,train
131,ATTTTGTTGTTGTTATTTGTTTCT,no,train
406,GGCCGGGCACGGTGGCTCACGCCT,no,train
501,GGGCTGGGCATGGTGGCTCACACC,no,train
124,ATTTTATTTTATTATTTTTTTTTA,yes,train
747,TTTTGTTTTGTTTTTTTTTTAAGA,yes,train
750,TTTTGTTTTTTCGTTTGTTTCTTT,no,train
260,CTTTTTTCTTTCTTTTTTTGAGAT,no,train
479,GGCTTGGTGCAGTGACGACACACC,yes,train
847,TTTTTTTTTTTTTTGAGACACAGT,yes,train
825,TTTTTTTTTTTGAGACGGAGTCTC,yes,train
661,TTCTTTTGTTTTTTTGAGATGGAG,yes,train
551,GTTTTTGAGGCAGGTCGGTCACCC,no,train
769,TTTTTGTTTGTTTGTTTGTTTGTT,no,train
280,CTTTTTTTTTTTTTTGAGAGGGAG,no,train
191,CCGGGCACGGTGGCTCACACCTGT,no,train
543,GTTTTGTTTTGTTTTGAAAGAACG,yes,train
558,GTTTTTTGTTTGTTTGTTTTTTGA,no,train
780,TTTTTTATTTTTTGAGGTGGAGTC,yes,train
823,TTTTTTTTTTTGAGACAATGTCTC,no,train
445,GGCTGGGCACAGTGGCTCATGCCT,no,train
168,ATTTTTTTTTTTTTTTTTTGACGG,no,train
10,AGATCAGGCATGGTGGCTTACACC,no,train
383,GGCCAGGTGCAGTGGCTCACATCT,no,train
851,TTTTTTTTTTTTTTGAGATGGAGT,no,train
670,TTGCCCAGGCTGGAGTGCAGGGCG,no,train
584,TCTTGTTTTTTGTTTTTTTTTTGA,no,train
297,CTTTTTTTTTTTTTTTTTTTTTTT,yes,train
168,ATTTTTTTTTTTTTTTTTTGACGG,no,train
29,AGCTGGGCACGTGGCTCACACCTG,yes,train
200,CGCTGGGTACAGTTGCTTACACCT,yes,train
375,GGCCAGGCGTGGTGGCTCATGCCT,yes,train
582,TCTCTCTTTTTTTTTTTTTTGAGA,yes,train
153,ATTTTTTTTTTTGACAGAGTCTTG,no,train
657,TTATTTTTATTTTTATTTTTTATT,yes,train
428,GGCCGGGTGCAGTGGCTCATGCCT,no,train
99,ATTATTATTATTATTTTATTTTAT,yes,train
456,GGCTGGGCATGGTGGCTCACGCCT,yes,train
168,ATTTTTTTTTTTTTTTTTTGACGG,no,train
676,TTGTTTTTTTTTAATTTTTTAATT,yes,train
133,ATTTTGTTTTGTTTTTGTTTTTTG,yes,train
346,GCTGGGCATGGTGGCTCATGCCTG,no,train
556,GTTTTTTGTTTGTTTGTTTGTTTT,no,train
373,GGCCAGGCGCGGTGGCTCATCCCT,yes,train
5,ACTCATGCCTGTAATCCCAGCACT,yes,train
737,TTTTCTTTTTTTCTTTTTTGAGAT,no,train
476,GGCTGGGTGCGGTGGCTCACGCCT,yes,train
457,GGCTGGGCATGGTGGTTCACACCT,yes,train
505,GGGCTGGGTGCAGTCGCTCACGCC,no,train
144,ATTTTTTTCTTCTTTTTTCCACAG,no,train
503,GGGCTGGGCCCATTAGCTCACACC,no,train
789,TTTTTTGTGATTTTTTTTTTTTCG,yes,train
83,AGGCTGGGTGCGCTGTGGCTCATG,no,train
618,TGGCCCGATGCAGTGGCTCATGCC,no,train
714,TTTGTTTTGTTTTTTGTTTTGAGA,no,train
827,TTTTTTTTTTTGGAGACGGGCTCT,no,train
616,TGGCCAGGCGTAGTGGCTCATGCC,yes,train
652,TGGGCACAGTGGCTCATGCCTGTA,no,train
628,TGGCCGGGCGCGCTGGCTCACGCC,yes,train
76,AGGCTGGGCGCGGTGGCTCACACC,yes,train
153,ATTTTTTTTTTTGACAGAGTCTTG,no,train
789,TTTTTTGTGATTTTTTTTTTTTCG,no,train
356,GGCCAGAGACTGTGGCTCATGCCT,yes,train
245,CTTTTCTTTTTCTTTTCTTTTTTT,no,train
260,CTTTTTTCTTTCTTTTTTTGAGAT,no,train
330,GCCAGGTGTGGTGGCTCACGCCTC,yes,train
804,TTTTTTTGTTTGTTTTTGAGGCGG,yes,train
456,GGCTGGGCATGGTGGCTCACGCCT,no,train
737,TTTTCTTTTTTTCTTTTTTGAGAT,yes,train
322,GCCAGGCACGGTGGCTCACGCCTG,yes,train
496,GGGCCGGGTGCAGTGACTCACGCC,no,train
560,GTTTTTTTATTTTTATTTTTGGAG,yes,train
808,TTTTTTTTCTTTTTCTTTTTCTTT,no,train
870,TTTTTTTTTTTTTTTTTTTTGAGA,no,train
530,GTTCTTTTTTTTTTTTTTTTTTTC,yes,train
321,GCAGTGGTTCGCACCTATAAGCCC,no,train
626,TGGCCGGGCATGGTGGCTCACGCC,no,train
512,GGGGGCAGAGGTGGGCGGATCACC,yes,train
537,GTTTTCTTCTGTTTTCTTATATTT,no,train
258,CTTTTTTATTTTTATTTTTTTGAG,yes,train
404,GGCCGGGCACGGTGGCTCACCTGT,no,train
237,CTTTTATTGTTTTTTGAGACGGAG,no,train
31,AGCTGGGCATGGTGGTTCATGCCT,yes,train
223,CTTTATTTATTTATTTATTTATGA,yes,train
418,GGCCGGGCGCGGTGGCTCACACCT,yes,train
404,GGCCGGGCACGGTGGCTCACCTGT,no,train
372,GGCCAGGCGCGGTGGCTCACGCCT,no,train
182,CAGTGGCTCACACCTGTAATCCCA,yes,train
174,ATTTTTTTTTTTTTTTTTTTTTTG,yes,train
136,ATTTTTGTATTTTTCCTTTTTTTT,yes,train
4,ACAGTGGCTCACACCTTTGATCCC,yes,train
591,TGCCGAGTGGAGTGGCTCACACCT,no,train
771,TTTTTGTTTTTGTTGGAGAAGGAG,yes,train
146,ATTTTTTTGGACATGGCCTTGCTC,no,train
445,GGCTGGGCACAGTGGCTCATGCCT,no,train
592,TGCCGGACGCGTTGGCTCATGCCT,no,train
105,ATTCTTTTTTTTTTTTTGAGATGG,yes,train
460,GGCTGGGCGCAGCGGCTCACGCCT,yes,train
466,GGCTGGGCGTAGTGGCTCACACCT,yes,train
47,AGGCCAGGCGTGGTGGCTCATGCC,no,train
444,GGCTGGGCACAGTGGCTCACACCT,no,train
204,CGGCCGGGCGCGGTGGCTCACGCC,no,train
16,AGCCAGGCGCAGTGGCTCACGCCT,no,train
360,GGCCAGGCACAGTGGCTCACGCCT,no,train
881,TTTTTTTTTTTTTTTTTTTTTTTT,yes,train
532,GTTGTTTTGTTTTGTTTTGAGACA,no,train
4,ACAGTGGCTCACACCTTTGATCCC,no,train
172,ATTTTTTTTTTTTTTTTTTTGTGA,yes,train
43,AGGCCAGACACAATGGCTCATGCT,yes,train
645,TGGCTGGGCGCGGTGGCTCACGCC,yes,train
13,AGCCAGGCATGGTGGCTCATGCCT,no,train
352,GGCAGGGTGCGGTGGCTCATGCCT,yes,train
422,GGCCGGGCGCGGTGGCTCAGGCCT,no,train
14,AGCCAGGCATGGTGGTTCACACCT,no,train
825,TTTTTTTTTTTGAGACGGAGTCTC,yes,train
383,GGCCAGGTGCAGTGGCTCACATCT,no,train
9,AGAGTCTCACTTTGTTGCCCAGGC,no,train
835,TTTTTTTTTTTTGAGAGAGTTTTG,no,train
28,AGCTGGACGCAGTAGCTAATGCCT,yes,train
707,TTTGTGGGATGGAGTTTCACTTGT,no,train
283,CTTTTTTTTTTTTTTTGAGATGGA,yes,train
874,TTTTTTTTTTTTTTTTTTTTTTGA,no,train
105,ATTCTTTTTTTTTTTTTGAGATGG,yes,train
12,AGCCAGATGTGGTGACATGAACCA,yes,train
560,GTTTTTTTATTTTTATTTTTGGAG,no,train
838,TTTTTTTTTTTTTCTTTTTTTCTT,yes,train
243,CTTTTCTTTTCTTTTCTTTCTTTT,yes,train
16,AGCCAGGCGCAGTGGCTCACGCCT,no,train
747,TTTTGTTTTGTTTTTTTTTTAAGA,yes,train
645,TGGCTGGGCGCGGTGGCTCACGCC,no,train
28,AGCTGGACGCAGTAGCTAATGCCT,no,train
83,AGGCTGGGTGCGCTGTGGCTCATG,yes,train
431,GGCCGGTCGTGGTGGCTCATGCCT,no,train
201,CGGCCAGGCACAGTGACTTACACC,no,train
581,TCCTGGCCAACATGGTGAAACCCC,no,train
768,TTTTTGGTTTTTTTTGTTTTTTTT,yes,train
68,AGGCTGGCCATGTTGGCTCACGCT,no,train
96,AGTTTGTTTGTTTGTTTGTTTGTT,no,train
120,ATTTCTTTTCTTTTTTTTTTTTTT,no,train
604,TGGCCAGGCACAGTAACTCCTGCC,no,train
829,TTTTTTTTTTTTAAAGACAGGGTC,no,train
237,CTTTTATTGTTTTTTGAGACGGAG,no,train
783,TTTTTTCTTGTTTTTCTTTTTTCT,yes,train
29,AGCTGGGCACGTGGCTCACACCTG,no,train
42,AGGCAGGGTGCAGTGGCTCACGCC,yes,train
851,TTTTTTTTTTTTTTGAGATGGAGT,yes,train
102,ATTCTTTTTGAGACAGAGTCTCTG,no,train
513,GGGTTGGGCACGGTGGCGCATGCC,yes,train
209,CGGCTGGGTGCGGTGGCTCACGCC,yes,train
146,ATTTTTTTGGACATGGCCTTGCTC,no,train
580,TCCAGGCATGGTGGCTCACATCTG,no,train
151,ATTTTTTTTTCTTTTTCTTGTTTT,no,train
449,GGCTGGGCACGGTGGCTCATGCCT,no,train
558,GTTTTTTGTTTGTTTGTTTTTTGA,yes,train
363,GGCCAGGCACGGTGGCTCACGCCT,no,train
292,CTTTTTTTTTTTTTTTTTTTTTAC,no,train
424,GGCCGGGCGTGGTGGCTCACACCT,no,train
113,ATTTATTTTATTTTTCTGAGATGG,no,train
224,CTTTATTTTAATTATTATTATTTT,yes,train
272,CTTTTTTTTTTTTGAGACAAGGGT,yes,train
616,TGGCCAGGCGTAGTGGCTCATGCC,yes,train
403,GGCCGGGCACGGTGACTCATGCCT,yes,train
395,GGCCGAGCGCAGTGGCTCACGCCT,yes,train
459,GGCTGGGCCCGGTGGCTCATGCCT,no,train
628,TGGCCGGGCGCGCTGGCTCACGCC,yes,train
553,GTTTTTGTTTTGTTGTTTTTTTGA,no,train
292,CTTTTTTTTTTTTTTTTTTTTTAC,no,train
754,TTTTTATTTAGAGACAAGATCTCA,yes,train
110,ATTTATTTATTTTTGAGACAGGGT,no,train
661,TTCTTTTGTTTTTTTGAGATGGAG,no,train
591,TGCCGAGTGGAGTGGCTCACACCT,yes,train
159,ATTTTTTTTTTTTTTCTTGGAATG,no,train
260,CTTTTTTCTTTCTTTTTTTGAGAT,no,train
715,TTTGTTTTTGTTTTTTTTGTTTTT,no,train
368,GGCCAGGCATGGTGGTTCACGCCT,yes,train
792,TTTTTTGTTTTGTTTTGTTTGAGA,yes,train
8,AGACTGGGCGTGGTGGCTCACGCC,no,train
41,AGGCAGGGCGAGGTGGCTCAAACC,yes,train
61,AGGCCGGGTGCAGTGGATCCCAGC,yes,train
248,CTTTTTATTTTATTTTATTCTATT,no,train
36,AGCTGGGTGTGGTGGCTCATACCT,no,train
848,TTTTTTTTTTTTTTGAGACAGAGT,yes,train
86,AGGCTGGGTGTGGTGGCTCACGCC,no,train
787,TTTTTTGAGACAAGGTCTTGCTCT,no,train
489,GGGCCAGGCGGTGGCTCACGCTTG,no,train
531,GTTGTTTGTCTGCTTGTTTGCGAC,no,train
220,CTTCTTTTTTTTTTTTCTTTTGAG,no,train
454,GGCTGGGCAGGGTGGCTCACCCCT,yes,train
776,TTTTTTATTTGTGTTTTTGTTTGT,yes,train
105,ATTCTTTTTTTTTTTTTGAGATGG,yes,train
660,TTCTTTTATTTTTTTTGAGATGGA,yes,train
419,GGCCGGGCGCGGTGGCTCACGCCT,yes,train
604,TGGCCAGGCACAGTAACTCCTGCC,yes,train
643,TGGCTGGGCCCGGTGGCTCATGCC,yes,train
187,CCAGGTGCAGTGGCTCATGCCTGT,yes,train
231,CTTTCTTTTTTTTTTTTTTTTTTT,no,train
313,GAGACAGTCTTGCTTTGTCGCCAG,no,train
512,GGGGGCAGAGGTGGGCGGATCACC,yes,train
245,CTTTTCTTTTTCTTTTCTTTTTTT,yes,train
410,GGCCGGGCGCAATGGCTCGCGCCT,no,train
34,AGCTGGGCGCGGTGGCTCACACCT,yes,train
13,AGCCAGGCATGGTGGCTCATGCCT,yes,train
348,GCTGGGTGGGGTGGCTCACACCCG,no,train
874,TTTTTTTTTTTTTTTTTTTTTTGA,no,train
277,CTTTTTTTTTTTTTTCTTTTTAAG,no,train
545,GTTTTGTTTTGTTTTTTTGAGACA,yes,train
330,GCCAGGTGTGGTGGCTCACGCCTC,yes,train
447,GGCTGGGCACGAGGGCTCATGTCT,no,train
168,ATTTTTTTTTTTTTTTTTTGACGG,no,train
628,TGGCCGGGCGCGCTGGCTCACGCC,yes,train
645,TGGCTGGGCGCGGTGGCTCACGCC,yes,train
879,TTTTTTTTTTTTTTTTTTTTTTTT,yes,train
400,GGCCGGGCACAGTGGCTCACGCCT,no,train
74,AGGCTGGGCATGGTGGCTCACGCC,no,train
500,GGGCTGGGCACGGTGGCTCATGAC,no,train
801,TTTTTTTGTTTATGTGTTTGTTTT,yes,train
10,AGATCAGGCATGGTGGCTTACACC,no,train
189,CCCAGCCTGGGCAACATAGGGAGA,yes,train
350,GGCAAGGCATGGTGGCTCATGCCT,no,train
24,AGCCGGGCATGGTGGCTCACGCCC,no,train
17,AGCCAGGCGCGGTGGCTCAAGCCT,yes,train
297,CTTTTTTTTTTTTTTTTTTTTTTT,yes,train
31,AGCTGGGCATGGTGGTTCATGCCT,no,train
91,AGGTTGGGCATGGTGGCTCACGCC,yes,train
744,TTTTGTTTGTTTGTTTGTTTTGAG,yes,train
545,GTTTTGTTTTGTTTTTTTGAGACA,yes,train
644,TGGCTGGGCGCGGTGGCTCACGCC,yes,train
510,GGGCTGGGTGTGGTGGCTCATGCC,no,train
529,GTTCTTTTTTTTTTAGACAGCGTT,yes,train
793,TTTTTTGTTTTGTTTTTTTTGAGA,yes,train
23,AGCCGGGCACGGTGGCTCACACCT,no,train
733,TTTTCTTTTCTTTTCTTTTTTTTT,no,train
146,ATTTTTTTGGACATGGCCTTGCTC,yes,train
468,GGCTGGGCGTGGTGGCTCACGCCT,no,train
365,GGCCAGGCACTGTGACTCATACCT,yes,train
674,TTGTTTGTTGTTTTTGAGACAGAG,yes,train
780,TTTTTTATTTTTTGAGGTGGAGTC,no,train
61,AGGCCGGGTGCAGTGGATCCCAGC,no,train
216,CTGGGCTCAGTGGCTCACACCTGT,yes,train
29,AGCTGGGCACGTGGCTCACACCTG,no,train
373,GGCCAGGCGCGGTGGCTCATCCCT,no,train
182,CAGTGGCTCACACCTGTAATCCCA,no,train
674,TTGTTTGTTGTTTTTGAGACAGAG,no,train
227,CTTTCTCACTCAGGCTGCAGTGAG,yes,train
124,ATTTTATTTTATTATTTTTTTTTA,yes,train
584,TCTTGTTTTTTGTTTTTTTTTTGA,no,train
838,TTTTTTTTTTTTTCTTTTTTTCTT,no,train
383,GGCCAGGTGCAGTGGCTCACATCT,no,train
541,GTTTTGCTTTTTTTTTTTTTTTTT,yes,train
306,GACCGGGCGTAGTGGCTCACGCCT,yes,train
113,ATTTATTTTATTTTTCTGAGATGG,no,train
731,TTTTCTTTTCTTGTGTGTTTTTTT,yes,train
780,TTTTTTATTTTTTGAGGTGGAGTC,no,train
835,TTTTTTTTTTTTGAGAGAGTTTTG,no,train
273,CTTTTTTTTTTTTTGAGACAGAAT,no,train
85,AGGCTGGGTGTGGTGGCTCACGCC,yes,train
678,TTTATTATTATTTTTTGAGATGGA,yes,train
804,TTTTTTTGTTTGTTTTTGAGGCGG,yes,train
879,TTTTTTTTTTTTTTTTTTTTTTTT,no,train
479,GGCTTGGTGCAGTGACGACACACC,no,train
288,CTTTTTTTTTTTTTTTTTTGAGAC,no,train
644,TGGCTGGGCGCGGTGGCTCACGCC,no,train
632,TGGCCGGGCGCGGTGGCTCATGCC,yes,train
320,GCAGTGGCCCACGCCTGTAATCCC,yes,train
363,GGCCAGGCACGGTGGCTCACGCCT,no,train
684,TTTATTTTTAATTTTATTTTTGAG,no,train
28,AGCTGGACGCAGTAGCTAATGCCT,no,train
29,AGCTGGGCACGTGGCTCACACCTG,no,train
563,GTTTTTTTGTTTGTTTTGCTTTTT,yes,train
718,TTTTATTCTTTTTTTTTTTTTTTT,yes,train
801,TTTTTTTGTTTATGTGTTTGTTTT,no,train
151,ATTTTTTTTTCTTTTTCTTGTTTT,no,train
264,CTTTTTTTCATTTTTTTTTTTTTT,yes,train
363,GGCCAGGCACGGTGGCTCACGCCT,yes,train
616,TGGCCAGGCGTAGTGGCTCATGCC,no,train
306,GACCGGGCGTAGTGGCTCACGCCT,yes,train
150,ATTTTTTTTTCTTTTTCAGAGTTT,yes,train
801,TTTTTTTGTTTATGTGTTTGTTTT,yes,train
351,GGCACGGTGGCTCACGCCTGTAAT,no,train
525,GTGGCACTATCATAGTTCACTATA,no,train
99,ATTATTATTATTATTTTATTTTAT,yes,train
695,TTTCTTTTCTTTCCTTTCTTTTTT,no,train
131,ATTTTGTTGTTGTTATTTGTTTCT,yes,train
130,ATTTTGTATTTATTTATTTATTTA,no,train
700,TTTCTTTTTTTTTTTTTTGAGATG,no,train
76,AGGCTGGGCGCGGTGGCTCACACC,yes,train
447,GGCTGGGCACGAGGGCTCATGTCT,no,train
453,GGCTGGGCACGGTGGCTCTCGCCT,no,train
632,TGGCCGGGCGCGGTGGCTCATGCC,yes,train
757,TTTTTATTTTTATTTTATTTTTTA,yes,train
815,TTTTTTTTTCTTTTTTCTTTTTTC,yes,train
817,TTTTTTTTTGTTTTAGAAGGAGTT,yes,train
467,GGCTGGGCGTGGTGGCCCACGCCT,no,train
710,TTTGTTTGTTTAGAGATAGGATCT,yes,train
14,AGCCAGGCATGGTGGTTCACACCT,no,train
386,GGCCAGGTGCAGTGGCTCATTCCT,no,train
283,CTTTTTTTTTTTTTTTGAGATGGA,yes,train
594,TGCCGGGCATGGTGGCTTGCACCT,no,train
879,TTTTTTTTTTTTTTTTTTTTTTTT,yes,train
626,TGGCCGGGCATGGTGGCTCACGCC,no,train
218,CTGGGTGCTGTGGCTCATGCTTGT,no,train
286,CTTTTTTTTTTTTTTTTGAGACAA,yes,train
515,GGTCAGGCACAGTGGCTTACACCT,no,train
515,GGTCAGGCACAGTGGCTTACACCT,yes,train
456,GGCTGGGCATGGTGGCTCACGCCT,yes,train
224,CTTTATTTTAATTATTATTATTTT,no,train
133,ATTTTGTTTTGTTTTTGTTTTTTG,no,train
5,ACTCATGCCTGTAATCCCAGCACT,no,train
424,GGCCGGGCGTGGTGGCTCACACCT,no,train
562,GTTTTTTTCTTTTTCTTTTTGAGA,no,train
431,GGCCGGTCGTGGTGGCTCATGCCT,yes,train
204,CGGCCGGGCGCGGTGGCTCACGCC,no,train
793,TTTTTTGTTTTGTTTTTTTTGAGA,no,train
829,TTTTTTTTTTTTAAAGACAGGGTC,no,train
672,TTGTTATTTTTTATTTTTATTTTT,yes,train
187,CCAGGTGCAGTGGCTCATGCCTGT,no,train
553,GTTTTTGTTTTGTTGTTTTTTTGA,no,train
763,TTTTTCTTTGAGACAGAGTCACTC,no,train
768,TTTTTGGTTTTTTTTGTTTTTTTT,yes,train
411,GGCCGGGCGCAGTGGCCCACACCT,no,train
747,TTTTGTTTTGTTTTTTTTTTAAGA,no,train
729,TTTTCTTTCTTTTTTTTTTTTTTT,no,train
505,GGGCTGGGTGCAGTCGCTCACGCC,yes,train
595,TGCCGGGCGCGGTGGCTCACGTCT,no,train
767,TTTTTGAGACAGAGTCTCGCTCTT,no,train
33,AGCTGGGCGCAGTGGCTCACGCCT,no,train
41,AGGCAGGGCGAGGTGGCTCAAACC,yes,train
338,GCGCAGTGGCTCACGCCTGTAATC,no,train
582,TCTCTCTTTTTTTTTTTTTTGAGA,yes,train
239,CTTTTCTCTTCTTTTTTCTTTTCT,yes,train
781,TTTTTTATTTTTTTGAGATGGAGT,yes,train
405,GGCCGGGCACGGTGGCTCACGCCT,yes,train
280,CTTTTTTTTTTTTTTGAGAGGGAG,no,train
344,GCTGGGCACAGTAGCTCATGCCTG,no,train
862,TTTTTTTTTTTTTTTTGAGATGGA,no,train
534,GTTTCCTTTTTCTTCATTTCTATT,no,train
354,GGCCAAGCATGGTGGCTCACACCT,no,train
264,CTTTTTTTCATTTTTTTTTTTTTT,no,train
29,AGCTGGGCACGTGGCTCACACCTG,no,train
304,GACCAGGTGTGGTGGCTCACACCA,yes,train
162,ATTTTTTTTTTTTTTTGCGATGAA,no,train
101,ATTCTTTGTTTTTTTTTGAGATGG,no,train
670,TTGCCCAGGCTGGAGTGCAGGGCG,no,train
243,CTTTTCTTTTCTTTTCTTTCTTTT,yes,train
608,TGGCCAGGCATAATGGCTTATGCC,yes,train
397,GGCCGGCAAGGTGGCTCACGCCTG,no,train
258,CTTTTTTATTTTTATTTTTTTGAG,yes,train
675,TTGTTTTTTGTTTTTTTGTTTTTT,yes,train
527,GTTCTTGTTTTTGTTTTGTTTTTT,yes,train
14,AGCCAGGCATGGTGGTTCACACCT,yes,train
750,TTTTGTTTTTTCGTTTGTTTCTTT,no,train
519,GGTTGGGCATGGTAGCTCACACCT,no,train
389,GGCCAGGTGGCGGTGGTTCACACC,no,train
672,TTGTTATTTTTTATTTTTATTTTT,yes,train
560,GTTTTTTTATTTTTATTTTTGGAG,yes,train
799,TTTTTTTGGTTTTTGTTTTGTTTT,no,train
488,GGGCCAGGCGCTGTGGCTCACACC,no,train
459,GGCTGGGCCCGGTGGCTCATGCCT,yes,train
531,GTTGTTTGTCTGCTTGTTTGCGAC,yes,train
409,GGCCGGGCCCAGTGGCTCACACCT,no,train
428,GGCCGGGTGCAGTGGCTCATGCCT,yes,train
500,GGGCTGGGCACGGTGGCTCATGAC,no,train
133,ATTTTGTTTTGTTTTTGTTTTTTG,no,train
848,TTTTTTTTTTTTTTGAGACAGAGT,no,train
696,TTTCTTTTTTCTAAGACAGAGTCT,no,train
338,GCGCAGTGGCTCACGCCTGTAATC,no,train
513,GGGTTGGGCACGGTGGCGCATGCC,no,train
36,AGCTGGGTGTGGTGGCTCATACCT,no,train
875,TTTTTTTTTTTTTTTTTTTTTTTA,yes,train
776,TTTTTTATTTGTGTTTTTGTTTGT,no,train
752,TTTTGTTTTTTTTTTGTTGTTGTT,no,train
503,GGGCTGGGCCCATTAGCTCACACC,yes,train
410,GGCCGGGCGCAATGGCTCGCGCCT,no,train
130,ATTTTGTATTTATTTATTTATTTA,no,train
375,GGCCAGGCGTGGTGGCTCATGCCT,no,train
192,CCGGGCGCAGTGGCTCATGCCTGT,no,train
457,GGCTGGGCATGGTGGTTCACACCT,no,train
510,GGGCTGGGTGTGGTGGCTCATGCC,no,train
563,GTTTTTTTGTTTGTTTTGCTTTTT,no,train
43,AGGCCAGACACAATGGCTCATGCT,no,train
445,GGCTGGGCACAGTGGCTCATGCCT,no,train
527,GTTCTTGTTTTTGTTTTGTTTTTT,yes,train
803,TTTTTTTGTTTGTTTGTTTTGAGA,no,train
513,GGGTTGGGCACGGTGGCGCATGCC,yes,train
702,TTTCTTTTTTTTTTTTTTTTTTTT,no,train
200,CGCTGGGTACAGTTGCTTACACCT,yes,train
264,CTTTTTTTCATTTTTTTTTTTTTT,no,train
38,AGCTGGGTGTTTTGGCTCAGGCCT,no,train
854,TTTTTTTTTTTTTTTGAGACGGAG,yes,train
76,AGGCTGGGCGCGGTGGCTCACACC,no,train
604,TGGCCAGGCACAGTAACTCCTGCC,no,train
808,TTTTTTTTCTTTTTCTTTTTCTTT,no,train
84,AGGCTGGGTGCTATGGCTCACGTC,no,train
519,GGTTGGGCATGGTAGCTCACACCT,no,train
496,GGGCCGGGTGCAGTGACTCACGCC,yes,train
353,GGCCAAACATGGTGCCCCACGCCT,yes,train
457,GGCTGGGCATGGTGGTTCACACCT,no,train
310,GACTGGGTGCGGTGGCTCATGCCT,no,train
76,AGGCTGGGCGCGGTGGCTCACACC,no,train
68,AGGCTGGCCATGTTGGCTCACGCT,no,train
235,CTTTGTTTTTGTTTTTGTCTTTTG,yes,train
173,ATTTTTTTTTTTTTTTTTTTTTGA,yes,train
292,CTTTTTTTTTTTTTTTTTTTTTAC,no,train
159,ATTTTTTTTTTTTTTCTTGGAATG,no,train
846,TTTTTTTTTTTTTTCTTTTTTTTG,yes,train
333,GCCGGGCATGGTGGCTCACGCCTG,no,train
807,TTTTTTTTCTTTCTTTTTATTTCT,no,train
716,TTTGTTTTTTTTGTTTTTTTGACA,yes,train
174,ATTTTTTTTTTTTTTTTTTTTTTG,yes,train
803,TTTTTTTGTTTGTTTGTTTTGAGA,yes,train
375,GGCCAGGCGTGGTGGCTCATGCCT,yes,train
320,GCAGTGGCCCACGCCTGTAATCCC,no,train
676,TTGTTTTTTTTTAATTTTTTAATT,no,train
161,ATTTTTTTTTTTTTTTAGATGGAG,yes,train
570,GTTTTTTTTTTTTTTCTTTAGAGA,no,train
42,AGGCAGGGTGCAGTGGCTCACGCC,yes,train
529,GTTCTTTTTTTTTTAGACAGCGTT,no,train
360,GGCCAGGCACAGTGGCTCACGCCT,yes,train
751,TTTTGTTTTTTGTTGTTGTGGTGG,no,train
4,ACAGTGGCTCACACCTTTGATCCC,yes,train
283,CTTTTTTTTTTTTTTTGAGATGGA,yes,train
130,ATTTTGTATTTATTTATTTATTTA,no,train
396,GGCCGAGCGTGATGGCTCACCCCT,yes,train
258,CTTTTTTATTTTTATTTTTTTGAG,no,train
733,TTTTCTTTTCTTTTCTTTTTTTTT,no,train
700,TTTCTTTTTTTTTTTTTTGAGATG,yes,train
645,TGGCTGGGCGCGGTGGCTCACGCC,no,train
718,TTTTATTCTTTTTTTTTTTTTTTT,no,train
33,AGCTGGGCGCAGTGGCTCACGCCT,yes,train
548,GTTTTGTTTTTTGGGGTTTGTTTT,yes,train
96,AGTTTGTTTGTTTGTTTGTTTGTT,no,train
277,CTTTTTTTTTTTTTTCTTTTTAAG,no,train
613,TGGCCAGGCATGGTGGCTCACACC,no,train
544,GTTTTGTTTTGTTTTTTGTTTTGA,yes,train
240,CTTTTCTCTTTTTTTTTTTTTTTT,no,train
783,TTTTTTCTTGTTTTTCTTTTTTCT,yes,train
881,TTTTTTTTTTTTTTTTTTTTTTTT,yes,train
277,CTTTTTTTTTTTTTTCTTTTTAAG,no,train
150,ATTTTTTTTTCTTTTTCAGAGTTT,yes,train
710,TTTGTTTGTTTAGAGATAGGATCT,no,train
744,TTTTGTTTGTTTGTTTGTTTTGAG,yes,train
763,TTTTTCTTTGAGACAGAGTCACTC,no,train
594,TGCCGGGCATGGTGGCTTGCACCT,yes,train
737,TTTTCTTTTTTTCTTTTTTGAGAT,yes,train
132,ATTTTGTTTTGTTTTGGTTTTTTG,no,train
163,ATTTTTTTTTTTTTTTTCAAGACG,no,train
556,GTTTTTTGTTTGTTTGTTTGTTTT,no,train
10,AGATCAGGCATGGTGGCTTACACC,no,train
130,ATTTTGTATTTATTTATTTATTTA,no,train
657,TTATTTTTATTTTTATTTTTTATT,yes,train
752,TTTTGTTTTTTTTTTGTTGTTGTT,no,train
23,AGCCGGGCACGGTGGCTCACACCT,no,train
755,TTTTTATTTTATTTATTTATTTAT,no,train
390,GGCCAGGTGTAGCGGCCCACACCT,yes,train
248,CTTTTTATTTTATTTTATTCTATT,no,train
471,GGCTGGGTGCAATGGCTCACACCT,yes,train
13,AGCCAGGCATGGTGGCTCATGCCT,no,train
343,GCTGGGCACAATGGTTCACACCTG,yes,train
504,GGGCTGGGCGCGGTGGCTCTCGCC,yes,train
34,AGCTGGGCGCGGTGGCTCACACCT,yes,train
297,CTTTTTTTTTTTTTTTTTTTTTTT,yes,train
731,TTTTCTTTTCTTGTGTGTTTTTTT,no,train
243,CTTTTCTTTTCTTTTCTTTCTTTT,yes,train
459,GGCTGGGCCCGGTGGCTCATGCCT,no,train
114,ATTTATTTTATTTTTTATTGTTTT,no,train
742,TTTTGTGAGACAGCCTTGCTCTGT,no,train
424,GGCCGGGCGTGGTGGCTCACACCT,no,train
527,GTTCTTGTTTTTGTTTTGTTTTTT,no,train
846,TTTTTTTTTTTTTTCTTTTTTTTG,no,train
505,GGGCTGGGTGCAGTCGCTCACGCC,yes,train
28,AGCTGGACGCAGTAGCTAATGCCT,no,train
674,TTGTTTGTTGTTTTTGAGACAGAG,yes,train
512,GGGGGCAGAGGTGGGCGGATCACC,yes,train
592,TGCCGGACGCGTTGGCTCATGCCT,yes,train
133,ATTTTGTTTTGTTTTTGTTTTTTG,yes,train
76,AGGCTGGGCGCGGTGGCTCACACC,yes,train
192,CCGGGCGCAGTGGCTCATGCCTGT,yes,train
718,TTTTATTCTTTTTTTTTTTTTTTT,no,train
36,AGCTGGGTGTGGTGGCTCATACCT,no,train
378,GGCCAGGGATGTTGGCTCACATCT,no,train
406,GGCCGGGCACGGTGGCTCACGCCT,yes,train
315,GAGGCTTGCTCTGTCACCCAGACT,yes,train
466,GGCTGGGCGTAGTGGCTCACACCT,yes,train
757,TTTTTATTTTTATTTTATTTTTTA,no,train
816,TTTTTTTTTGTTGTTGTTGAGACG,no,train
874,TTTTTTTTTTTTTTTTTTTTTTGA,no,train
717,TTTTACTTTTTTTTTTTTTTGGGA,yes,train
815,TTTTTTTTTCTTTTTTCTTTTTTC,yes,train
675,TTGTTTTTTGTTTTTTTGTTTTTT,yes,train
439,GGCTGGATGCAGTGGCTCATGCCT,no,train
617,TGGCCAGGTGCGGTGGCTCACGCC,yes,train
321,GCAGTGGTTCGCACCTATAAGCCC,no,train
519,GGTTGGGCATGGTAGCTCACACCT,yes,train
168,ATTTTTTTTTTTTTTTTTTGACGG,no,train
182,CAGTGGCTCACACCTGTAATCCCA,yes,train
584,TCTTGTTTTTTGTTTTTTTTTTGA,no,train
68,AGGCTGGCCATGTTGGCTCACGCT,no,train
356,GGCCAGAGACTGTGGCTCATGCCT,no,train
755,TTTTTATTTTATTTATTTATTTAT,no,train
464,GGCTGGGCGCGATGGCTCATGTCT,no,train
307,GACCGGGTGTGGTGGCTCACACCT,no,train
277,CTTTTTTTTTTTTTTCTTTTTAAG,no,train
554,GTTTTTTCTTTTTTGTTTTTTGTT,no,train
8,AGACTGGGCGTGGTGGCTCACGCC,yes,train
720,TTTTATTTTACTTTATTTTTTTTG,no,train
130,ATTTTGTATTTATTTATTTATTTA,no,train
87,AGGCTGTTGCTCTGTCACCCAGGA,yes,train
881,TTTTTTTTTTTTTTTTTTTTTTTT,no,train
871,TTTTTTTTTTTTTTTTTTTTGAGG,no,train
47,AGGCCAGGCGTGGTGGCTCATGCC,no,train
260,CTTTTTTCTTTCTTTTTTTGAGAT,no,train
150,ATTTTTTTTTCTTTTTCAGAGTTT,no,train
445,GGCTGGGCACAGTGGCTCATGCCT,no,train
717,TTTTACTTTTTTTTTTTTTTGGGA,yes,train
750,TTTTGTTTTTTCGTTTGTTTCTTT,yes,train
553,GTTTTTGTTTTGTTGTTTTTTTGA,yes,train
854,TTTTTTTTTTTTTTTGAGACGGAG,yes,train
132,ATTTTGTTTTGTTTTGGTTTTTTG,no,train
365,GGCCAGGCACTGTGACTCATACCT,no,train
543,GTTTTGTTTTGTTTTGAAAGAACG,no,train
755,TTTTTATTTTATTTATTTATTTAT,yes,train
672,TTGTTATTTTTTATTTTTATTTTT,no,train
381,GGCCAGGTATGGTGGCTCATGCCT,no,train
779,TTTTTTATTTTTTATTTTATTTTA,no,train
774,TTTTTTAAGATGGAATCTTGCTCT,yes,train
705,TTTGAGACGGAGTCTCGCTCTATT,yes,train
562,GTTTTTTTCTTTTTCTTTTTGAGA,no,train
348,GCTGGGTGGGGTGGCTCACACCCG,no,train
846,TTTTTTTTTTTTTTCTTTTTTTTG,yes,train
541,GTTTTGCTTTTTTTTTTTTTTTTT,yes,train
299,CTTTTTTTTTTTTTTTTTTTTTTT,yes,train
245,CTTTTCTTTTTCTTTTCTTTTTTT,no,train
745,TTTTGTTTTAATATTTTTTTTCTT,yes,train
216,CTGGGCTCAGTGGCTCACACCTGT,no,train
835,TTTTTTTTTTTTGAGAGAGTTTTG,yes,train
424,GGCCGGGCGTGGTGGCTCACACCT,yes,train
582,TCTCTCTTTTTTTTTTTTTTGAGA,no,train
829,TTTTTTTTTTTTAAAGACAGGGTC,no,train
133,ATTTTGTTTTGTTTTTGTTTTTTG,no,train
82,AGGCTGGGTGCACTGGCTCACGCC,yes,train
120,ATTTCTTTTCTTTTTTTTTTTTTT,no,train
4,ACAGTGGCTCACACCTTTGATCCC,yes,train
670,TTGCCCAGGCTGGAGTGCAGGGCG,no,train
39,AGGACAGGCGCGGTGGCTCACGCC,yes,train
288,CTTTTTTTTTTTTTTTTTTGAGAC,no,train
720,TTTTATTTTACTTTATTTTTTTTG,no,train
29,AGCTGGGCACGTGGCTCACACCTG,yes,train
628,TGGCCGGGCGCGCTGGCTCACGCC,no,train
397,GGCCGGCAAGGTGGCTCACGCCTG,no,train
816,TTTTTTTTTGTTGTTGTTGAGACG,no,train
515,GGTCAGGCACAGTGGCTTACACCT,yes,train
684,TTTATTTTTAATTTTATTTTTGAG,yes,train
451,GGCTGGGCACGGTGGCTCATGCCT,no,train
697,TTTCTTTTTTCTGGAGACGGAGTT,no,train
525,GTGGCACTATCATAGTTCACTATA,no,train
42,AGGCAGGGTGCAGTGGCTCACGCC,yes,train
120,ATTTCTTTTCTTTTTTTTTTTTTT,yes,train
510,GGGCTGGGTGTGGTGGCTCATGCC,no,train
835,TTTTTTTTTTTTGAGAGAGTTTTG,yes,train
543,GTTTTGTTTTGTTTTGAAAGAACG,yes,train
31,AGCTGGGCATGGTGGTTCATGCCT,yes,train
529,GTTCTTTTTTTTTTAGACAGCGTT,yes,train
510,GGGCTGGGTGTGGTGGCTCATGCC,yes,train
571,GTTTTTTTTTTTTTTTTTTTAGAT,no,train
105,ATTCTTTTTTTTTTTTTGAGATGG,no,train
260,CTTTTTTCTTTCTTTTTTTGAGAT,yes,train
753,TTTTTATTATTTTTTTCTTTTTTA,no,train
227,CTTTCTCACTCAGGCTGCAGTGAG,yes,train
376,GGCCAGGCTCTGTGACTCACGCCT,no,train
124,ATTTTATTTTATTATTTTTTTTTA,yes,train
347,GCTGGGCGTGGTGGCTCACGCCTA,no,train
133,ATTTTGTTTTGTTTTTGTTTTTTG,no,train
442,GGCTGGGCACAGTGGCTCACACCT,yes,train
144,ATTTTTTTCTTCTTTTTTCCACAG,yes,train
164,ATTTTTTTTTTTTTTTTCTTGAGA,yes,train
281,CTTTTTTTTTTTTTTGAGATGGAG,yes,train
714,TTTGTTTTGTTTTTTGTTTTGAGA,no,train
837,TTTTTTTTTTTTTCCGAGACAGAG,no,train
449,GGCTGGGCACGGTGGCTCATGCCT,no,train
113,ATTTATTTTATTTTTCTGAGATGG,no,train
61,AGGCCGGGTGCAGTGGATCCCAGC,no,train
643,TGGCTGGGCCCGGTGGCTCATGCC,no,train
389,GGCCAGGTGGCGGTGGTTCACACC,yes,train
535,GTTTTACTTTTTTTTTTTTTTTTT,no,train
35,AGCTGGGTGCGGTGGCTCACACCT,yes,train
512,GGGGGCAGAGGTGGGCGGATCACC,no,train
575,TAGTGCAATGGCGCAATCCTGGCT,no,train
676,TTGTTTTTTTTTAATTTTTTAATT,yes,train
380,GGCCAGGGGCAGTGGTTCATGCCT,no,train
111,ATTTATTTATTTTTTTATTTAGAG,no,train
676,TTGTTTTTTTTTAATTTTTTAATT,yes,train
825,TTTTTTTTTTTGAGACGGAGTCTC,no,train
314,GAGACCAGCCTGACCAATATGGAG,yes,train
133,ATTTTGTTTTGTTTTTGTTTTTTG,no,train
731,TTTTCTTTTCTTGTGTGTTTTTTT,yes,train
779,TTTTTTATTTTTTATTTTATTTTA,yes,train
322,GCCAGGCACGGTGGCTCACGCCTG,yes,train
344,GCTGGGCACAGTAGCTCATGCCTG,no,train
582,TCTCTCTTTTTTTTTTTTTTGAGA,yes,train
24,AGCCGGGCATGGTGGCTCACGCCC,yes,train
616,TGGCCAGGCGTAGTGGCTCATGCC,yes,train
165,ATTTTTTTTTTTTTTTTGAGACAG,yes,train
562,GTTTTTTTCTTTTTCTTTTTGAGA,no,train
352,GGCAGGGTGCGGTGGCTCATGCCT,no,train
737,TTTTCTTTTTTTCTTTTTTGAGAT,yes,train
150,ATTTTTTTTTCTTTTTCAGAGTTT,no,train
91,AGGTTGGGCATGGTGGCTCACGCC,yes,train
336,GCCGGGCGTGGTGGCTCACGCCTG,no,train
848,TTTTTTTTTTTTTTGAGACAGAGT,yes,train
663,TTCTTTTTTCTTTTCTTTTTTTTT,no,train
200,CGCTGGGTACAGTTGCTTACACCT,no,train
278,CTTTTTTTTTTTTTTGAGACGGAG,yes,train
787,TTTTTTGAGACAAGGTCTTGCTCT,yes,train
243,CTTTTCTTTTCTTTTCTTTCTTTT,no,train
672,TTGTTATTTTTTATTTTTATTTTT,no,train
381,GGCCAGGTATGGTGGCTCATGCCT,no,train
851,TTTTTTTTTTTTTTGAGATGGAGT,yes,train
530,GTTCTTTTTTTTTTTTTTTTTTTC,no,train
310,GACTGGGTGCGGTGGCTCATGCCT,no,train
41,AGGCAGGGCGAGGTGGCTCAAACC,yes,train
38,AGCTGGGTGTTTTGGCTCAGGCCT,no,train
678,TTTATTATTATTTTTTGAGATGGA,yes,train
644,TGGCTGGGCGCGGTGGCTCACGCC,yes,train
506,GGGCTGGGTGCAGTGCCTCTCGCC,yes,train
757,TTTTTATTTTTATTTTATTTTTTA,yes,train
594,TGCCGGGCATGGTGGCTTGCACCT,no,train
299,CTTTTTTTTTTTTTTTTTTTTTTT,no,train
172,ATTTTTTTTTTTTTTTTTTTGTGA,no,train
870,TTTTTTTTTTTTTTTTTTTTGAGA,yes,train
292,CTTTTTTTTTTTTTTTTTTTTTAC,yes,train
160,ATTTTTTTTTTTTTTGAGATGGAG,yes,train
378,GGCCAGGGATGTTGGCTCACATCT,no,train
594,TGCCGGGCATGGTGGCTTGCACCT,yes,train
793,TTTTTTGTTTTGTTTTTTTTGAGA,no,train
769,TTTTTGTTTGTTTGTTTGTTTGTT,no,train
871,TTTTTTTTTTTTTTTTTTTTGAGG,no,train
166,ATTTTTTTTTTTTTTTTGAGAGGA,yes,train
501,GGGCTGGGCATGGTGGCTCACACC,no,train
530,GTTCTTTTTTTTTTTTTTTTTTTC,no,train
790,TTTTTTGTTTGTTTTTTGGAGACA,yes,train
418,GGCCGGGCGCGGTGGCTCACACCT,no,train
791,TTTTTTGTTTGTTTTTTTGAGACA,no,train
879,TTTTTTTTTTTTTTTTTTTTTTTT,yes,train
754,TTTTTATTTAGAGACAAGATCTCA,no,train
326,GCCAGGCATGGTGGCTCATGCCTA,no,train
803,TTTTTTTGTTTGTTTGTTTTGAGA,yes,train
406,GGCCGGGCACGGTGGCTCACGCCT,yes,train
101,ATTCTTTGTTTTTTTTTGAGATGG,no,train
28,AGCTGGACGCAGTAGCTAATGCCT,no,train
428,GGCCGGGTGCAGTGGCTCATGCCT,no,train
730,TTTTCTTTGTTTGTTTGTTTGTTT,yes,train
719,TTTTATTTATTTATTTTTTGAGAG,no,train
162,ATTTTTTTTTTTTTTTGCGATGAA,yes,train
503,GGGCTGGGCCCATTAGCTCACACC,yes,train
33,AGCTGGGCGCAGTGGCTCACGCCT,yes,train
305,GACCCAGTGCGGTGGCTCACGCCT,yes,train
655,TGTGCAGGGACTCATGACTGTAAT,yes,train
670,TTGCCCAGGCTGGAGTGCAGGGCG,no,train
763,TTTTTCTTTGAGACAGAGTCACTC,no,train
224,CTTTATTTTAATTATTATTATTTT,no,train
572,GTTTTTTTTTTTTTTTTTTTTGAG,yes,train
851,TTTTTTTTTTTTTTGAGATGGAGT,no,train
707,TTTGTGGGATGGAGTTTCACTTGT,no,train
812,TTTTTTTTGTTTGTTTTTTGTTTT,no,train
365,GGCCAGGCACTGTGACTCATACCT,no,train
403,GGCCGGGCACGGTGACTCATGCCT,yes,train
124,ATTTTATTTTATTATTTTTTTTTA,yes,train
83,AGGCTGGGTGCGCTGTGGCTCATG,no,train
254,CTTTTTGAGACGAGGTCTCACTGT,yes,train
688,TTTCCTTTTTTTTTTTTTTCTTTT,yes,train
451,GGCTGGGCACGGTGGCTCATGCCT,yes,train
791,TTTTTTGTTTGTTTTTTTGAGACA,no,train
23,AGCCGGGCACGGTGGCTCACACCT,yes,train
558,GTTTTTTGTTTGTTTGTTTTTTGA,yes,train
531,GTTGTTTGTCTGCTTGTTTGCGAC,no,train
418,GGCCGGGCGCGGTGGCTCACACCT,no,train
754,TTTTTATTTAGAGACAAGATCTCA,yes,train
158,ATTTTTTTTTTTTTTAATTTTGTT,no,train
371,GGCCAGGCGCGGTGGCTCACGCCT,yes,train
175,ATTTTTTTTTTTTTTTTTTTTTTG,no,train
333,GCCGGGCATGGTGGCTCACGCCTG,no,train
594,TGCCGGGCATGGTGGCTTGCACCT,yes,train
147,ATTTTTTTGTTGTTGTTGTGACTG,yes,train
296,CTTTTTTTTTTTTTTTTTTTTTTT,yes,train
245,CTTTTCTTTTTCTTTTCTTTTTTT,yes,train
273,CTTTTTTTTTTTTTGAGACAGAAT,yes,train
85,AGGCTGGGTGTGGTGGCTCACGCC,yes,train
47,AGGCCAGGCGTGGTGGCTCATGCC,no,train
134,ATTTTTATTTATTATTATTTTTTA,no,train
858,TTTTTTTTTTTTTTTTGAGACAGG,no,train
395,GGCCGAGCGCAGTGGCTCACGCCT,yes,train
14,AGCCAGGCATGGTGGTTCACACCT,no,train
223,CTTTATTTATTTATTTATTTATGA,yes,train
120,ATTTCTTTTCTTTTTTTTTTTTTT,yes,train
479,GGCTTGGTGCAGTGACGACACACC,no,train
803,TTTTTTTGTTTGTTTGTTTTGAGA,no,train
817,TTTTTTTTTGTTTTAGAAGGAGTT,yes,train
278,CTTTTTTTTTTTTTTGAGACGGAG,yes,train
20,AGCCAGGTGCAGTGGCTCACGCTT,yes,train
68,AGGCTGGCCATGTTGGCTCACGCT,no,train
280,CTTTTTTTTTTTTTTGAGAGGGAG,no,train
519,GGTTGGGCATGGTAGCTCACACCT,no,train
304,GACCAGGTGTGGTGGCTCACACCA,yes,train
747,TTTTGTTTTGTTTTTTTTTTAAGA,no,train
155,ATTTTTTTTTTTTTGAGACAGAGT,no,train
29,AGCTGGGCACGTGGCTCACACCTG,no,train
700,TTTCTTTTTTTTTTTTTTGAGATG,yes,train
799,TTTTTTTGGTTTTTGTTTTGTTTT,yes,train
715,TTTGTTTTTGTTTTTTTTGTTTTT,no,train
33,AGCTGGGCGCAGTGGCTCACGCCT,no,train
260,CTTTTTTCTTTCTTTTTTTGAGAT,no,train
792,TTTTTTGTTTTGTTTTGTTTGAGA,yes,train
360,GGCCAGGCACAGTGGCTCACGCCT,yes,train
91,AGGTTGGGCATGGTGGCTCACGCC,yes,train
531,GTTGTTTGTCTGCTTGTTTGCGAC,yes,train
363,GGCCAGGCACGGTGGCTCACGCCT,no,train
245,CTTTTCTTTTTCTTTTCTTTTTTT,no,train
871,TTTTTTTTTTTTTTTTTTTTGAGG,yes,train
175,ATTTTTTTTTTTTTTTTTTTTTTG,no,train
769,TTTTTGTTTGTTTGTTTGTTTGTT,no,train
23,AGCCGGGCACGGTGGCTCACACCT,no,train
451,GGCTGGGCACGGTGGCTCATGCCT,yes,train
286,CTTTTTTTTTTTTTTTTGAGACAA,no,train
432,GGCCTGGCACAGTGGCTCATGCCT,no,train
290,CTTTTTTTTTTTTTTTTTTTAATT,no,train
456,GGCTGGGCATGGTGGCTCACGCCT,yes,train
463,GGCTGGGCGCAGTGGCTCATGCCT,yes,train
696,TTTCTTTTTTCTAAGACAGAGTCT,yes,train
299,CTTTTTTTTTTTTTTTTTTTTTTT,yes,train
242,CTTTTCTTTTCTTGAGGCAGGGTC,yes,train
591,TGCCGAGTGGAGTGGCTCACACCT,no,train
245,CTTTTCTTTTTCTTTTCTTTTTTT,yes,train
91,AGGTTGGGCATGGTGGCTCACGCC,yes,train
535,GTTTTACTTTTTTTTTTTTTTTTT,no,train
734,TTTTCTTTTCTTTTTCTTTTTCTT,no,train
715,TTTGTTTTTGTTTTTTTTGTTTTT,yes,train
757,TTTTTATTTTTATTTTATTTTTTA,no,train
700,TTTCTTTTTTTTTTTTTTGAGATG,yes,train
61,AGGCCGGGTGCAGTGGATCCCAGC,no,train
504,GGGCTGGGCGCGGTGGCTCTCGCC,no,train
807,TTTTTTTTCTTTCTTTTTATTTCT,no,train
18,AGCCAGGCGTGGTACGTAGCTCAC,no,train
435,GGCGGGGTGTGGTGGCTCATGCCT,no,train
85,AGGCTGGGTGTGGTGGCTCACGCC,yes,train
144,ATTTTTTTCTTCTTTTTTCCACAG,yes,train
742,TTTTGTGAGACAGCCTTGCTCTGT,yes,train
26,AGCCGGGCGCGGTGGCTCACGCCT,no,train
666,TTCTTTTTTTTTTTGAGACGGAGT,yes,train
838,TTTTTTTTTTTTTCTTTTTTTCTT,no,train
199,CGCTGGGCGCGGTGGCTCACGCCT,yes,train
336,GCCGGGCGTGGTGGCTCACGCCTG,yes,train
42,AGGCAGGGTGCAGTGGCTCACGCC,yes,train
278,CTTTTTTTTTTTTTTGAGACGGAG,no,train
632,TGGCCGGGCGCGGTGGCTCATGCC,yes,train
200,CGCTGGGTACAGTTGCTTACACCT,yes,train
616,TGGCCAGGCGTAGTGGCTCATGCC,yes,train
737,TTTTCTTTTTTTCTTTTTTGAGAT,no,train
13,AGCCAGGCATGGTGGCTCATGCCT,no,train
314,GAGACCAGCCTGACCAATATGGAG,yes,train
642,TGGCTGGGCATGGTGGGTGCCTGT,no,train
563,GTTTTTTTGTTTGTTTTGCTTTTT,no,train
672,TTGTTATTTTTTATTTTTATTTTT,yes,train
757,TTTTTATTTTTATTTTATTTTTTA,yes,train
342,GCTGGATGCGGTGGCTCACGCCTG,no,train
527,GTTCTTGTTTTTGTTTTGTTTTTT,yes,train
808,TTTTTTTTCTTTTTCTTTTTCTTT,no,train
562,GTTTTTTTCTTTTTCTTTTTGAGA,yes,train
544,GTTTTGTTTTGTTTTTTGTTTTGA,yes,train
353,GGCCAAACATGGTGCCCCACGCCT,no,train
191,CCGGGCACGGTGGCTCACACCTGT,no,train
346,GCTGGGCATGGTGGCTCATGCCTG,no,train
838,TTTTTTTTTTTTTCTTTTTTTCTT,no,train
304,GACCAGGTGTGGTGGCTCACACCA,no,train
155,ATTTTTTTTTTTTTGAGACAGAGT,yes,train
500,GGGCTGGGCACGGTGGCTCATGAC,no,train
389,GGCCAGGTGGCGGTGGTTCACACC,yes,train
690,TTTCTGTTTTTTGTTTTTTTTTTT,yes,train
260,CTTTTTTCTTTCTTTTTTTGAGAT,no,train
815,TTTTTTTTTCTTTTTTCTTTTTTC,yes,train
281,CTTTTTTTTTTTTTTGAGATGGAG,yes,train
848,TTTTTTTTTTTTTTGAGACAGAGT,yes,train
535,GTTTTACTTTTTTTTTTTTTTTTT,no,train
468,GGCTGGGCGTGGTGGCTCACGCCT,no,train
626,TGGCCGGGCATGGTGGCTCACGCC,no,train
91,AGGTTGGGCATGGTGGCTCACGCC,yes,train
186,CCAGGCGCGGTGGCTCACACCTAT,yes,train
870,TTTTTTTTTTTTTTTTTTTTGAGA,yes,train
454,GGCTGGGCAGGGTGGCTCACCCCT,yes,train
191,CCGGGCACGGTGGCTCACACCTGT,no,train
28,AGCTGGACGCAGTAGCTAATGCCT,no,train
717,TTTTACTTTTTTTTTTTTTTGGGA,no,train
385,GGCCAGGTGCAGTGGCTCATGCTT,no,train
506,GGGCTGGGTGCAGTGCCTCTCGCC,no,train
444,GGCTGGGCACAGTGGCTCACACCT,yes,train
858,TTTTTTTTTTTTTTTTGAGACAGG,yes,train
595,TGCCGGGCGCGGTGGCTCACGTCT,no,train
196,CGCAGAGGCAGGCGGATCACTTGA,no,train
411,GGCCGGGCGCAGTGGCCCACACCT,yes,train
74,AGGCTGGGCATGGTGGCTCACGCC,no,train
645,TGGCTGGGCGCGGTGGCTCACGCC,yes,train
538,GTTTTCTTTTCTTTTCTTTTTTTT,yes,train
671,TTGGGAGGCCGACCTGGGTGGATC,no,train
452,GGCTGGGCACGGTGGCTCGTGCTT,no,train
201,CGGCCAGGCACAGTGACTTACACC,yes,train
159,ATTTTTTTTTTTTTTCTTGGAATG,no,train
159,ATTTTTTTTTTTTTTCTTGGAATG,no,train
676,TTGTTTTTTTTTAATTTTTTAATT,yes,train
120,ATTTCTTTTCTTTTTTTTTTTTTT,yes,train
435,GGCGGGGTGTGGTGGCTCATGCCT,no,train
283,CTTTTTTTTTTTTTTTGAGATGGA,yes,train
696,TTTCTTTTTTCTAAGACAGAGTCT,no,train
707,TTTGTGGGATGGAGTTTCACTTGT,no,train
617,TGGCCAGGTGCGGTGGCTCACGCC,yes,train
527,GTTCTTGTTTTTGTTTTGTTTTTT,yes,train
444,GGCTGGGCACAGTGGCTCACACCT,yes,train
266,CTTTTTTTGTTTTCTTTTGGTTTT,no,train
618,TGGCCCGATGCAGTGGCTCATGCC,no,train
166,ATTTTTTTTTTTTTTTTGAGAGGA,yes,train
276,CTTTTTTTTTTTTTTCGGACAGAG,no,train
616,TGGCCAGGCGTAGTGGCTCATGCC,no,train
186,CCAGGCGCGGTGGCTCACACCTAT,yes,train
430,GGCCGGTCACGGTGGCTCACGCCT,yes,train
453,GGCTGGGCACGGTGGCTCTCGCCT,no,train
303,GACCAGGTGCAGTAGCTCATGCTT,no,train
545,GTTTTGTTTTGTTTTTTTGAGACA,no,train
815,TTTTTTTTTCTTTTTTCTTTTTTC,yes,train
419,GGCCGGGCGCGGTGGCTCACGCCT,yes,train
776,TTTTTTATTTGTGTTTTTGTTTGT,no,train
419,GGCCGGGCGCGGTGGCTCACGCCT,yes,train
499,GGGCTGGGCACAGTGGCTTACGCC,yes,train
781,TTTTTTATTTTTTTGAGATGGAGT,yes,train
83,AGGCTGGGTGCGCTGTGGCTCATG,yes,train
417,GGCCGGGCGCGGTGGCTCACACCT,yes,train
254,CTTTTTGAGACGAGGTCTCACTGT,no,train
774,TTTTTTAAGATGGAATCTTGCTCT,yes,train
344,GCTGGGCACAGTAGCTCATGCCTG,yes,train
411,GGCCGGGCGCAGTGGCCCACACCT,yes,train
14,AGCCAGGCATGGTGGTTCACACCT,yes,train
113,ATTTATTTTATTTTTCTGAGATGG,no,train
209,CGGCTGGGTGCGGTGGCTCACGCC,no,train
326,GCCAGGCATGGTGGCTCATGCCTA,no,train
459,GGCTGGGCCCGGTGGCTCATGCCT,no,train
375,GGCCAGGCGTGGTGGCTCATGCCT,no,train
292,CTTTTTTTTTTTTTTTTTTTTTAC,yes,train
191,CCGGGCACGGTGGCTCACACCTGT,yes,train
353,GGCCAAACATGGTGCCCCACGCCT,no,train
645,TGGCTGGGCGCGGTGGCTCACGCC,yes,train
418,GGCCGGGCGCGGTGGCTCACACCT,no,train
821,TTTTTTTTTTCTTTTTTTTTTTTT,yes,train
108,ATTTATTTATTTATTTTTGAGACA,yes,train
617,TGGCCAGGTGCGGTGGCTCACGCC,yes,train
351,GGCACGGTGGCTCACGCCTGTAAT,no,train
333,GCCGGGCATGGTGGCTCACGCCTG,no,train
18,AGCCAGGCGTGGTACGTAGCTCAC,no,train
136,ATTTTTGTATTTTTCCTTTTTTTT,yes,train
846,TTTTTTTTTTTTTTCTTTTTTTTG,yes,train
322,GCCAGGCACGGTGGCTCACGCCTG,no,train
812,TTTTTTTTGTTTGTTTTTTGTTTT,no,train
571,GTTTTTTTTTTTTTTTTTTTAGAT,no,train
144,ATTTTTTTCTTCTTTTTTCCACAG,yes,train
186,CCAGGCGCGGTGGCTCACACCTAT,yes,train
817,TTTTTTTTTGTTTTAGAAGGAGTT,yes,train
643,TGGCTGGGCCCGGTGGCTCATGCC,yes,train
875,TTTTTTTTTTTTTTTTTTTTTTTA,no,train
99,ATTATTATTATTATTTTATTTTAT,yes,train
428,GGCCGGGTGCAGTGGCTCATGCCT,yes,train
720,TTTTATTTTACTTTATTTTTTTTG,no,train
47,AGGCCAGGCGTGGTGGCTCATGCC,yes,train
365,GGCCAGGCACTGTGACTCATACCT,yes,train
248,CTTTTTATTTTATTTTATTCTATT,yes,train
501,GGGCTGGGCATGGTGGCTCACACC,no,train
839,TTTTTTTTTTTTTGAGACTCAGGA,yes,train
787,TTTTTTGAGACAAGGTCTTGCTCT,no,train
735,TTTTCTTTTTCTTTTCTTTTTTTT,yes,train
240,CTTTTCTCTTTTTTTTTTTTTTTT,no,train
216,CTGGGCTCAGTGGCTCACACCTGT,yes,train
684,TTTATTTTTAATTTTATTTTTGAG,yes,train
791,TTTTTTGTTTGTTTTTTTGAGACA,no,train
31,AGCTGGGCATGGTGGTTCATGCCT,no,train
314,GAGACCAGCCTGACCAATATGGAG,no,train
120,ATTTCTTTTCTTTTTTTTTTTTTT,yes,train
666,TTCTTTTTTTTTTTGAGACGGAGT,yes,train
211,CTCACGCCTGTAATCCCAGCACTT,yes,train
312,GAGACAGGTTCTTGATCTGTCACT,no,train
406,GGCCGGGCACGGTGGCTCACGCCT,yes,train
352,GGCAGGGTGCGGTGGCTCATGCCT,no,train
608,TGGCCAGGCATAATGGCTTATGCC,no,train
531,GTTGTTTGTCTGCTTGTTTGCGAC,yes,train
79,AGGCTGGGCGTGGTGGCTCACATC,no,train
821,TTTTTTTTTTCTTTTTTTTTTTTT,no,train
541,GTTTTGCTTTTTTTTTTTTTTTTT,yes,train
456,GGCTGGGCATGGTGGCTCACGCCT,yes,train
444,GGCTGGGCACAGTGGCTCACACCT,yes,train
854,TTTTTTTTTTTTTTTGAGACGGAG,yes,train
655,TGTGCAGGGACTCATGACTGTAAT,yes,train
432,GGCCTGGCACAGTGGCTCATGCCT,yes,train
877,TTTTTTTTTTTTTTTTTTTTTTTT,no,train
422,GGCCGGGCGCGGTGGCTCAGGCCT,no,train
351,GGCACGGTGGCTCACGCCTGTAAT,no,train
454,GGCTGGGCAGGGTGGCTCACCCCT,no,train
545,GTTTTGTTTTGTTTTTTTGAGACA,yes,train
155,ATTTTTTTTTTTTTGAGACAGAGT,yes,train
386,GGCCAGGTGCAGTGGCTCATTCCT,no,train
314,GAGACCAGCCTGACCAATATGGAG,yes,train
701,TTTCTTTTTTTTTTTTTTTTTTTT,yes,train
697,TTTCTTTTTTCTGGAGACGGAGTT,no,train
161,ATTTTTTTTTTTTTTTAGATGGAG,no,train
356,GGCCAGAGACTGTGGCTCATGCCT,no,train
130,ATTTTGTATTTATTTATTTATTTA,yes,train
452,GGCTGGGCACGGTGGCTCGTGCTT,no,train
288,CTTTTTTTTTTTTTTTTTTGAGAC,no,train
747,TTTTGTTTTGTTTTTTTTTTAAGA,no,train
147,ATTTTTTTGTTGTTGTTGTGACTG,no,train
661,TTCTTTTGTTTTTTTGAGATGGAG,yes,train
838,TTTTTTTTTTTTTCTTTTTTTCTT,yes,train
322,GCCAGGCACGGTGGCTCACGCCTG,no,train
692,TTTCTTTATTTTAATTTTTTTTTT,yes,train
684,TTTATTTTTAATTTTATTTTTGAG,yes,train
839,TTTTTTTTTTTTTGAGACTCAGGA,no,train
613,TGGCCAGGCATGGTGGCTCACACC,no,train
601,TGGCCAGACACAGTGGCTCATGCC,yes,train
547,GTTTTGTTTTTCTTTCTTTTTTTT,no,train
695,TTTCTTTTCTTTCCTTTCTTTTTT,yes,train
695,TTTCTTTTCTTTCCTTTCTTTTTT,yes,train
75,AGGCTGGGCATGGTGGCTCATGCC,yes,train
695,TTTCTTTTCTTTCCTTTCTTTTTT,no,train
848,TTTTTTTTTTTTTTGAGACAGAGT,yes,train
133,ATTTTGTTTTGTTTTTGTTTTTTG,no,train
449,GGCTGGGCACGGTGGCTCATGCCT,yes,train
594,TGCCGGGCATGGTGGCTTGCACCT,yes,train
118,ATTTCCTTCTTTTTTTTTTTGAGA,yes,train
256,CTTTTTGATTGATTGTTTGTTATG,no,train
354,GGCCAAGCATGGTGGCTCACACCT,yes,train
38,AGCTGGGTGTTTTGGCTCAGGCCT,yes,train
457,GGCTGGGCATGGTGGTTCACACCT,yes,train
227,CTTTCTCACTCAGGCTGCAGTGAG,no,train
305,GACCCAGTGCGGTGGCTCACGCCT,yes,train
114,ATTTATTTTATTTTTTATTGTTTT,no,train
280,CTTTTTTTTTTTTTTGAGAGGGAG,no,train
189,CCCAGCCTGGGCAACATAGGGAGA,no,train
499,GGGCTGGGCACAGTGGCTTACGCC,no,train
580,TCCAGGCATGGTGGCTCACATCTG,no,train
199,CGCTGGGCGCGGTGGCTCACGCCT,yes,train
297,CTTTTTTTTTTTTTTTTTTTTTTT,yes,train
499,GGGCTGGGCACAGTGGCTTACGCC,yes,train
333,GCCGGGCATGGTGGCTCACGCCTG,yes,train
329,GCCAGGTGCGGTGGCTCATGCCTG,no,train
365,GGCCAGGCACTGTGACTCATACCT,yes,train
252,CTTTTTCTTTTTCTTTCTTTCTTT,no,train
453,GGCTGGGCACGGTGGCTCTCGCCT,no,train
204,CGGCCGGGCGCGGTGGCTCACGCC,no,train
547,GTTTTGTTTTTCTTTCTTTTTTTT,yes,train
101,ATTCTTTGTTTTTTTTTGAGATGG,yes,train
541,GTTTTGCTTTTTTTTTTTTTTTTT,yes,train
816,TTTTTTTTTGTTGTTGTTGAGACG,no,train
526,GTGGCTCATGCCTGTAATCCCAGC,no,train
531,GTTGTTTGTCTGCTTGTTTGCGAC,yes,train
547,GTTTTGTTTTTCTTTCTTTTTTTT,yes,train
881,TTTTTTTTTTTTTTTTTTTTTTTT,no,train
414,GGCCGGGCGCAGTGGCTCATGCCT,yes,train
171,ATTTTTTTTTTTTTTTTTTTGAGG,no,train
660,TTCTTTTATTTTTTTTGAGATGGA,yes,train
113,ATTTATTTTATTTTTCTGAGATGG,no,train
706,TTTGAGATGGAGTCTTGCTTCATT,no,train
242,CTTTTCTTTTCTTGAGGCAGGGTC,no,train
695,TTTCTTTTCTTTCCTTTCTTTTTT,yes,train
781,TTTTTTATTTTTTTGAGATGGAGT,yes,train
165,ATTTTTTTTTTTTTTTTGAGACAG,yes,train
220,CTTCTTTTTTTTTTTTCTTTTGAG,yes,train
313,GAGACAGTCTTGCTTTGTCGCCAG,no,train
799,TTTTTTTGGTTTTTGTTTTGTTTT,yes,train
510,GGGCTGGGTGTGGTGGCTCATGCC,yes,train
373,GGCCAGGCGCGGTGGCTCATCCCT,yes,train
513,GGGTTGGGCACGGTGGCGCATGCC,no,train
825,TTTTTTTTTTTGAGACGGAGTCTC,yes,train
449,GGCTGGGCACGGTGGCTCATGCCT,no,train
56,AGGCCGGGCATGGTGGCTCACGCT,yes,train
562,GTTTTTTTCTTTTTCTTTTTGAGA,yes,train
396,GGCCGAGCGTGATGGCTCACCCCT,yes,train
83,AGGCTGGGTGCGCTGTGGCTCATG,no,train
779,TTTTTTATTTTTTATTTTATTTTA,no,train
799,TTTTTTTGGTTTTTGTTTTGTTTT,yes,train
354,GGCCAAGCATGGTGGCTCACACCT,yes,train
42,AGGCAGGGTGCAGTGGCTCACGCC,yes,train
102,ATTCTTTTTGAGACAGAGTCTCTG,no,train
116,ATTTATTTTTATTTTTATTTTTTT,no,train
700,TTTCTTTTTTTTTTTTTTGAGATG,yes,train
757,TTTTTATTTTTATTTTATTTTTTA,no,train
102,ATTCTTTTTGAGACAGAGTCTCTG,no,train
445,GGCTGGGCACAGTGGCTCATGCCT,no,train
655,TGTGCAGGGACTCATGACTGTAAT,yes,train
61,AGGCCGGGTGCAGTGGATCCCAGC,yes,train
789,TTTTTTGTGATTTTTTTTTTTTCG,yes,train
354,GGCCAAGCATGGTGGCTCACACCT,no,train
551,GTTTTTGAGGCAGGTCGGTCACCC,no,train
132,ATTTTGTTTTGTTTTGGTTTTTTG,no,train
397,GGCCGGCAAGGTGGCTCACGCCTG,no,train
684,TTTATTTTTAATTTTATTTTTGAG,yes,train
47,AGGCCAGGCGTGGTGGCTCATGCC,yes,train
505,GGGCTGGGTGCAGTCGCTCACGCC,no,train
572,GTTTTTTTTTTTTTTTTTTTTGAG,yes,train
147,ATTTTTTTGTTGTTGTTGTGACTG,no,train
674,TTGTTTGTTGTTTTTGAGACAGAG,no,train
851,TTTTTTTTTTTTTTGAGATGGAGT,yes,train
355,GGCCAGACGTGGTGGCTCACGCCT,no,train
449,GGCTGGGCACGGTGGCTCATGCCT,yes,train
594,TGCCGGGCATGGTGGCTTGCACCT,yes,train
509,GGGCTGGGTGCGGTGGCTCACACC,no,train
102,ATTCTTTTTGAGACAGAGTCTCTG,no,train
411,GGCCGGGCGCAGTGGCCCACACCT,yes,train
42,AGGCAGGGTGCAGTGGCTCACGCC,yes,train
570,GTTTTTTTTTTTTTTCTTTAGAGA,no,train
585,TCTTTTTTTTTTTTTCTTTTTGAG,yes,train
696,TTTCTTTTTTCTAAGACAGAGTCT,yes,train
146,ATTTTTTTGGACATGGCCTTGCTC,no,train
462,GGCTGGGCGCAGTGGCTCACTCCT,yes,train
336,GCCGGGCGTGGTGGCTCACGCCTG,yes,train
222,CTTTATTATTTTATTTTTTTTGAG,yes,train
278,CTTTTTTTTTTTTTTGAGACGGAG,no,train
792,TTTTTTGTTTTGTTTTGTTTGAGA,no,train
305,GACCCAGTGCGGTGGCTCACGCCT,yes,train
451,GGCTGGGCACGGTGGCTCATGCCT,yes,train
174,ATTTTTTTTTTTTTTTTTTTTTTG,yes,train
192,CCGGGCGCAGTGGCTCATGCCTGT,no,train
243,CTTTTCTTTTCTTTTCTTTCTTTT,yes,train
657,TTATTTTTATTTTTATTTTTTATT,yes,train
527,GTTCTTGTTTTTGTTTTGTTTTTT,no,train
684,TTTATTTTTAATTTTATTTTTGAG,yes,train
454,GGCTGGGCAGGGTGGCTCACCCCT,no,train
148,ATTTTTTTGTTTTTTGGGATGGAG,no,train
804,TTTTTTTGTTTGTTTTTGAGGCGG,yes,train
464,GGCTGGGCGCGATGGCTCATGTCT,no,train
281,CTTTTTTTTTTTTTTGAGATGGAG,no,train
372,GGCCAGGCGCGGTGGCTCACGCCT,no,train
315,GAGGCTTGCTCTGTCACCCAGACT,yes,train
351,GGCACGGTGGCTCACGCCTGTAAT,no,train
385,GGCCAGGTGCAGTGGCTCATGCTT,yes,train
291,CTTTTTTTTTTTTTTTTTTTGAGA,no,train
591,TGCCGAGTGGAGTGGCTCACACCT,no,train
144,ATTTTTTTCTTCTTTTTTCCACAG,yes,train
330,GCCAGGTGTGGTGGCTCACGCCTC,yes,train
2,AAGATGGAGTCTTATTCTGTCGCC,no,train
479,GGCTTGGTGCAGTGACGACACACC,no,train
874,TTTTTTTTTTTTTTTTTTTTTTGA,no,train
346,GCTGGGCATGGTGGCTCATGCCTG,yes,train
701,TTTCTTTTTTTTTTTTTTTTTTTT,yes,train
432,GGCCTGGCACAGTGGCTCATGCCT,yes,train
699,TTTCTTTTTTTTTGAGACGGAGTC,no,train
16,AGCCAGGCGCAGTGGCTCACGCCT,yes,train
237,CTTTTATTGTTTTTTGAGACGGAG,no,train
41,AGGCAGGGCGAGGTGGCTCAAACC,yes,train
271,CTTTTTTTTTTTTCGAGACACGGT,no,train
616,TGGCCAGGCGTAGTGGCTCATGCC,no,train
280,CTTTTTTTTTTTTTTGAGAGGGAG,no,train
548,GTTTTGTTTTTTGGGGTTTGTTTT,yes,train
503,GGGCTGGGCCCATTAGCTCACACC,yes,train
534,GTTTCCTTTTTCTTCATTTCTATT,no,train
568,GTTTTTTTTTTTGAGACGGAGTCT,yes,train
187,CCAGGTGCAGTGGCTCATGCCTGT,no,train
447,GGCTGGGCACGAGGGCTCATGTCT,no,train
354,GGCCAAGCATGGTGGCTCACACCT,no,train
304,GACCAGGTGTGGTGGCTCACACCA,yes,train
397,GGCCGGCAAGGTGGCTCACGCCTG,no,train
303,GACCAGGTGCAGTAGCTCATGCTT,no,train
118,ATTTCCTTCTTTTTTTTTTTGAGA,no,train
264,CTTTTTTTCATTTTTTTTTTTTTT,yes,train
714,TTTGTTTTGTTTTTTGTTTTGAGA,no,train
116,ATTTATTTTTATTTTTATTTTTTT,yes,train
292,CTTTTTTTTTTTTTTTTTTTTTAC,yes,train
246,CTTTTGTTGTTTTTGAGACGGGGT,yes,train
716,TTTGTTTTTTTTGTTTTTTTGACA,yes,train
28,AGCTGGACGCAGTAGCTAATGCCT,yes,train
556,GTTTTTTGTTTGTTTGTTTGTTTT,yes,train
625,TGGCCGGGCATGGTGGCTCACGCC,no,train
423,GGCCGGGCGCGGTGGCTCATGCCT,yes,train
586,TGACAGGGTCTGTCTCTGTCACAC,no,train
456,GGCTGGGCATGGTGGCTCACGCCT,yes,train
519,GGTTGGGCATGGTAGCTCACACCT,no,train
288,CTTTTTTTTTTTTTTTTTTGAGAC,no,train
42,AGGCAGGGTGCAGTGGCTCACGCC,yes,train
42,AGGCAGGGTGCAGTGGCTCACGCC,yes,train
96,AGTTTGTTTGTTTGTTTGTTTGTT,yes,train
793,TTTTTTGTTTTGTTTTTTTTGAGA,yes,train
432,GGCCTGGCACAGTGGCTCATGCCT,no,train
541,GTTTTGCTTTTTTTTTTTTTTTTT,yes,train
496,GGGCCGGGTGCAGTGACTCACGCC,no,train
16,AGCCAGGCGCAGTGGCTCACGCCT,yes,train
451,GGCTGGGCACGGTGGCTCATGCCT,yes,train
18,AGCCAGGCGTGGTACGTAGCTCAC,yes,train
321,GCAGTGGTTCGCACCTATAAGCCC,no,train
663,TTCTTTTTTCTTTTCTTTTTTTTT,no,train
791,TTTTTTGTTTGTTTTTTTGAGACA,no,train
291,CTTTTTTTTTTTTTTTTTTTGAGA,yes,train
742,TTTTGTGAGACAGCCTTGCTCTGT,yes,train
404,GGCCGGGCACGGTGGCTCACCTGT,yes,train
186,CCAGGCGCGGTGGCTCACACCTAT,yes,train
13,AGCCAGGCATGGTGGCTCATGCCT,yes,train
276,CTTTTTTTTTTTTTTCGGACAGAG,yes,train
697,TTTCTTTTTTCTGGAGACGGAGTT,yes,train
389,GGCCAGGTGGCGGTGGTTCACACC,yes,train
754,TTTTTATTTAGAGACAAGATCTCA,no,train
623,TGGCCGGGCACGGTGGCTCACACC,yes,train
503,GGGCTGGGCCCATTAGCTCACACC,yes,train
463,GGCTGGGCGCAGTGGCTCATGCCT,no,train
449,GGCTGGGCACGGTGGCTCATGCCT,no,train
144,ATTTTTTTCTTCTTTTTTCCACAG,yes,train
354,GGCCAAGCATGGTGGCTCACACCT,yes,train
112,ATTTATTTTATTTTATTTTATTTT,no,train
331,GCCAGTCATGGTGGCTCATGCCTG,yes,train
644,TGGCTGGGCGCGGTGGCTCACGCC,yes,train
262,CTTTTTTGTTTCGTTGTTTTTCTT,no,train
98,ATGATGGGCTCTCCTTACATATAT,no,train
186,CCAGGCGCGGTGGCTCACACCTAT,yes,train
168,ATTTTTTTTTTTTTTTTTTGACGG,no,train
701,TTTCTTTTTTTTTTTTTTTTTTTT,yes,train
239,CTTTTCTCTTCTTTTTTCTTTTCT,no,train
272,CTTTTTTTTTTTTGAGACAAGGGT,yes,train
804,TTTTTTTGTTTGTTTTTGAGGCGG,no,train
768,TTTTTGGTTTTTTTTGTTTTTTTT,yes,train
313,GAGACAGTCTTGCTTTGTCGCCAG,yes,train
789,TTTTTTGTGATTTTTTTTTTTTCG,yes,train
369,GGCCAGGCCCAGTGGCTCACACCT,no,train
387,GGCCAGGTGCGGTGGCTCACACCT,yes,train
620,TGGCCGGGCACAGTGGCTCACGCC,no,train
14,AGCCAGGCATGGTGGTTCACACCT,no,train
854,TTTTTTTTTTTTTTTGAGACGGAG,no,train
809,TTTTTTTTCTTTTTTTTTCTTTTT,no,train
224,CTTTATTTTAATTATTATTATTTT,no,train
320,GCAGTGGCCCACGCCTGTAATCCC,yes,train
357,GGCCAGGCACAATGGCTCACACCT,no,train
435,GGCGGGGTGTGGTGGCTCATGCCT,no,train
410,GGCCGGGCGCAATGGCTCGCGCCT,yes,train
38,AGCTGGGTGTTTTGGCTCAGGCCT,yes,train
521,GTCGGGCACGGTGGCTCACGCCTG,yes,train
545,GTTTTGTTTTGTTTTTTTGAGACA,yes,train
571,GTTTTTTTTTTTTTTTTTTTAGAT,no,train
381,GGCCAGGTATGGTGGCTCATGCCT,no,train
678,TTTATTATTATTTTTTGAGATGGA,no,train
420,GGCCGGGCGCGGTGGCTCACGCCT,yes,train
618,TGGCCCGATGCAGTGGCTCATGCC,no,train
322,GCCAGGCACGGTGGCTCACGCCTG,no,train
684,TTTATTTTTAATTTTATTTTTGAG,no,train
248,CTTTTTATTTTATTTTATTCTATT,yes,train
510,GGGCTGGGTGTGGTGGCTCATGCC,yes,train
445,GGCTGGGCACAGTGGCTCATGCCT,no,train
545,GTTTTGTTTTGTTTTTTTGAGACA,no,train
131,ATTTTGTTGTTGTTATTTGTTTCT,no,train
865,TTTTTTTTTTTTTTTTTGAGACAG,yes,train
877,TTTTTTTTTTTTTTTTTTTTTTTT,yes,train
829,TTTTTTTTTTTTAAAGACAGGGTC,yes,train
531,GTTGTTTGTCTGCTTGTTTGCGAC,yes,train
118,ATTTCCTTCTTTTTTTTTTTGAGA,yes,train
76,AGGCTGGGCGCGGTGGCTCACACC,yes,train
553,GTTTTTGTTTTGTTGTTTTTTTGA,yes,train
200,CGCTGGGTACAGTTGCTTACACCT,yes,train
616,TGGCCAGGCGTAGTGGCTCATGCC,no,train
280,CTTTTTTTTTTTTTTGAGAGGGAG,no,train
862,TTTTTTTTTTTTTTTTGAGATGGA,no,train
355,GGCCAGACGTGGTGGCTCACGCCT,yes,train
553,GTTTTTGTTTTGTTGTTTTTTTGA,no,train
104,ATTCTTTTTTTTTTTCTTCTTTGA,no,train
231,CTTTCTTTTTTTTTTTTTTTTTTT,no,train
774,TTTTTTAAGATGGAATCTTGCTCT,yes,train
182,CAGTGGCTCACACCTGTAATCCCA,yes,train
666,TTCTTTTTTTTTTTGAGACGGAGT,no,train
330,GCCAGGTGTGGTGGCTCACGCCTC,yes,train
291,CTTTTTTTTTTTTTTTTTTTGAGA,no,train
134,ATTTTTATTTATTATTATTTTTTA,no,train
292,CTTTTTTTTTTTTTTTTTTTTTAC,no,train
437,GGCTCAGCGTGGTGGCTCATGCCT,no,train
879,TTTTTTTTTTTTTTTTTTTTTTTT,yes,train
373,GGCCAGGCGCGGTGGCTCATCCCT,yes,train
164,ATTTTTTTTTTTTTTTTCTTGAGA,no,train
851,TTTTTTTTTTTTTTGAGATGGAGT,no,train
207,CGGCTGGGCACGGTGGCTCACGCC,no,train
235,CTTTGTTTTTGTTTTTGTCTTTTG,yes,train
306,GACCGGGCGTAGTGGCTCACGCCT,yes,train
312,GAGACAGGTTCTTGATCTGTCACT,yes,train
124,ATTTTATTTTATTATTTTTTTTTA,yes,train
699,TTTCTTTTTTTTTGAGACGGAGTC,yes,train
423,GGCCGGGCGCGGTGGCTCATGCCT,yes,train
75,AGGCTGGGCATGGTGGCTCATGCC,no,train
432,GGCCTGGCACAGTGGCTCATGCCT,no,train
506,GGGCTGGGTGCAGTGCCTCTCGCC,yes,train
312,GAGACAGGTTCTTGATCTGTCACT,yes,train
38,AGCTGGGTGTTTTGGCTCAGGCCT,yes,train
364,GGCCAGGCACGGTGGGTCACGCCT,no,train
584,TCTTGTTTTTTGTTTTTTTTTTGA,yes,train
261,CTTTTTTCTTTTTCTTTTTCTTTT,no,train
161,ATTTTTTTTTTTTTTTAGATGGAG,yes,train
510,GGGCTGGGTGTGGTGGCTCATGCC,yes,train
779,TTTTTTATTTTTTATTTTATTTTA,no,train
20,AGCCAGGTGCAGTGGCTCACGCTT,yes,train
303,GACCAGGTGCAGTAGCTCATGCTT,yes,train
242,CTTTTCTTTTCTTGAGGCAGGGTC,no,train
83,AGGCTGGGTGCGCTGTGGCTCATG,yes,train
817,TTTTTTTTTGTTTTAGAAGGAGTT,no,train
322,GCCAGGCACGGTGGCTCACGCCTG,no,train
804,TTTTTTTGTTTGTTTTTGAGGCGG,no,train
751,TTTTGTTTTTTGTTGTTGTGGTGG,yes,train
628,TGGCCGGGCGCGCTGGCTCACGCC,yes,train
733,TTTTCTTTTCTTTTCTTTTTTTTT,no,train
196,CGCAGAGGCAGGCGGATCACTTGA,no,train
595,TGCCGGGCGCGGTGGCTCACGTCT,no,train
86,AGGCTGGGTGTGGTGGCTCACGCC,no,train
385,GGCCAGGTGCAGTGGCTCATGCTT,yes,train
173,ATTTTTTTTTTTTTTTTTTTTTGA,yes,train
306,GACCGGGCGTAGTGGCTCACGCCT,no,train
744,TTTTGTTTGTTTGTTTGTTTTGAG,no,train
299,CTTTTTTTTTTTTTTTTTTTTTTT,no,train
457,GGCTGGGCATGGTGGTTCACACCT,yes,train
783,TTTTTTCTTGTTTTTCTTTTTTCT,no,train
769,TTTTTGTTTGTTTGTTTGTTTGTT,no,train
442,GGCTGGGCACAGTGGCTCACACCT,yes,train
837,TTTTTTTTTTTTTCCGAGACAGAG,yes,train
479,GGCTTGGTGCAGTGACGACACACC,no,train
763,TTTTTCTTTGAGACAGAGTCACTC,no,train
86,AGGCTGGGTGTGGTGGCTCACGCC,no,train
837,TTTTTTTTTTTTTCCGAGACAGAG,yes,train
288,CTTTTTTTTTTTTTTTTTTGAGAC,no,train
464,GGCTGGGCGCGATGGCTCATGTCT,no,train
410,GGCCGGGCGCAATGGCTCGCGCCT,yes,train
463,GGCTGGGCGCAGTGGCTCATGCCT,yes,train
272,CTTTTTTTTTTTTGAGACAAGGGT,yes,train
133,ATTTTGTTTTGTTTTTGTTTTTTG,yes,train
146,ATTTTTTTGGACATGGCCTTGCTC,yes,train
423,GGCCGGGCGCGGTGGCTCATGCCT,no,train
331,GCCAGTCATGGTGGCTCATGCCTG,no,train
729,TTTTCTTTCTTTTTTTTTTTTTTT,no,train
165,ATTTTTTTTTTTTTTTTGAGACAG,no,train
163,ATTTTTTTTTTTTTTTTCAAGACG,no,train
332,GCCCAGGTTGGAGTGTACTGCTGC,no,train
580,TCCAGGCATGGTGGCTCACATCTG,no,train
406,GGCCGGGCACGGTGGCTCACGCCT,no,train
363,GGCCAGGCACGGTGGCTCACGCCT,no,train
162,ATTTTTTTTTTTTTTTGCGATGAA,yes,train
432,GGCCTGGCACAGTGGCTCATGCCT,yes,train
171,ATTTTTTTTTTTTTTTTTTTGAGG,yes,train
430,GGCCGGTCACGGTGGCTCACGCCT,no,train
456,GGCTGGGCATGGTGGCTCACGCCT,yes,train
791,TTTTTTGTTTGTTTTTTTGAGACA,no,train
700,TTTCTTTTTTTTTTTTTTGAGATG,yes,train
548,GTTTTGTTTTTTGGGGTTTGTTTT,yes,train
755,TTTTTATTTTATTTATTTATTTAT,no,train
714,TTTGTTTTGTTTTTTGTTTTGAGA,yes,train
75,AGGCTGGGCATGGTGGCTCATGCC,yes,train
380,GGCCAGGGGCAGTGGTTCATGCCT,no,train
519,GGTTGGGCATGGTAGCTCACACCT,yes,train
314,GAGACCAGCCTGACCAATATGGAG,yes,train
585,TCTTTTTTTTTTTTTCTTTTTGAG,no,train
329,GCCAGGTGCGGTGGCTCATGCCTG,no,train
835,TTTTTTTTTTTTGAGAGAGTTTTG,yes,train
642,TGGCTGGGCATGGTGGGTGCCTGT,no,train
854,TTTTTTTTTTTTTTTGAGACGGAG,yes,train
410,GGCCGGGCGCAATGGCTCGCGCCT,no,train
827,TTTTTTTTTTTGGAGACGGGCTCT,no,train
696,TTTCTTTTTTCTAAGACAGAGTCT,no,train
38,AGCTGGGTGTTTTGGCTCAGGCCT,yes,train
854,TTTTTTTTTTTTTTTGAGACGGAG,yes,train
9,AGAGTCTCACTTTGTTGCCCAGGC,yes,train
31,AGCTGGGCATGGTGGTTCATGCCT,no,train
330,GCCAGGTGTGGTGGCTCACGCCTC,yes,train
363,GGCCAGGCACGGTGGCTCACGCCT,yes,train
414,GGCCGGGCGCAGTGGCTCATGCCT,yes,train
729,TTTTCTTTCTTTTTTTTTTTTTTT,no,train
829,TTTTTTTTTTTTAAAGACAGGGTC,no,train
812,TTTTTTTTGTTTGTTTTTTGTTTT,no,train
96,AGTTTGTTTGTTTGTTTGTTTGTT,yes,train
56,AGGCCGGGCATGGTGGCTCACGCT,no,train
368,GGCCAGGCATGGTGGTTCACGCCT,no,train
392,GGCCAGGTGTGGTGGCTCACACCT,no,train
166,ATTTTTTTTTTTTTTTTGAGAGGA,no,train
776,TTTTTTATTTGTGTTTTTGTTTGT,yes,train
5,ACTCATGCCTGTAATCCCAGCACT,yes,train
187,CCAGGTGCAGTGGCTCATGCCTGT,no,train
124,ATTTTATTTTATTATTTTTTTTTA,yes,train
196,CGCAGAGGCAGGCGGATCACTTGA,no,train
556,GTTTTTTGTTTGTTTGTTTGTTTT,no,train
22,AGCCAGGTGCGGTGGCTCATGCCT,no,train
283,CTTTTTTTTTTTTTTTGAGATGGA,yes,train
35,AGCTGGGTGCGGTGGCTCACACCT,no,train
496,GGGCCGGGTGCAGTGACTCACGCC,yes,train
277,CTTTTTTTTTTTTTTCTTTTTAAG,no,train
75,AGGCTGGGCATGGTGGCTCATGCC,no,train
306,GACCGGGCGTAGTGGCTCACGCCT,yes,train
877,TTTTTTTTTTTTTTTTTTTTTTTT,no,train
29,AGCTGGGCACGTGGCTCACACCTG,yes,train
53,AGGCCGGGCACGGTGGCTCACACC,no,train
112,ATTTATTTTATTTTATTTTATTTT,no,train
8,AGACTGGGCGTGGTGGCTCACGCC,no,train
781,TTTTTTATTTTTTTGAGATGGAGT,yes,train
731,TTTTCTTTTCTTGTGTGTTTTTTT,no,train
462,GGCTGGGCGCAGTGGCTCACTCCT,yes,train
488,GGGCCAGGCGCTGTGGCTCACACC,no,train
464,GGCTGGGCGCGATGGCTCATGTCT,no,train
792,TTTTTTGTTTTGTTTTGTTTGAGA,no,train
392,GGCCAGGTGTGGTGGCTCACACCT,no,train
645,TGGCTGGGCGCGGTGGCTCACGCC,no,train
705,TTTGAGACGGAGTCTCGCTCTATT,no,train
696,TTTCTTTTTTCTAAGACAGAGTCT,yes,train
509,GGGCTGGGTGCGGTGGCTCACACC,yes,train
799,TTTTTTTGGTTTTTGTTTTGTTTT,no,train
442,GGCTGGGCACAGTGGCTCACACCT,yes,train
322,GCCAGGCACGGTGGCTCACGCCTG,yes,train
347,GCTGGGCGTGGTGGCTCACGCCTA,no,train
501,GGGCTGGGCATGGTGGCTCACACC,no,train
201,CGGCCAGGCACAGTGACTTACACC,yes,train
684,TTTATTTTTAATTTTATTTTTGAG,yes,train
375,GGCCAGGCGTGGTGGCTCATGCCT,yes,train
508,GGGCTGGGTGCCGTGGCTCACGCC,yes,train
26,AGCCGGGCGCGGTGGCTCACGCCT,yes,train
16,AGCCAGGCGCAGTGGCTCACGCCT,no,train
456,GGCTGGGCATGGTGGCTCACGCCT,yes,train
676,TTGTTTTTTTTTAATTTTTTAATT,yes,train
464,GGCTGGGCGCGATGGCTCATGTCT,yes,train
224,CTTTATTTTAATTATTATTATTTT,yes,train
571,GTTTTTTTTTTTTTTTTTTTAGAT,no,train
617,TGGCCAGGTGCGGTGGCTCACGCC,yes,train
225,CTTTATTTTATTTTCATTTTTTGG,no,train
714,TTTGTTTTGTTTTTTGTTTTGAGA,no,train
304,GACCAGGTGTGGTGGCTCACACCA,yes,train
717,TTTTACTTTTTTTTTTTTTTGGGA,yes,train
457,GGCTGGGCATGGTGGTTCACACCT,no,train
431,GGCCGGTCGTGGTGGCTCATGCCT,no,train
171,ATTTTTTTTTTTTTTTTTTTGAGG,no,train
375,GGCCAGGCGTGGTGGCTCATGCCT,yes,train
562,GTTTTTTTCTTTTTCTTTTTGAGA,no,train
581,TCCTGGCCAACATGGTGAAACCCC,no,train
580,TCCAGGCATGGTGGCTCACATCTG,no,train
101,ATTCTTTGTTTTTTTTTGAGATGG,no,train
799,TTTTTTTGGTTTTTGTTTTGTTTT,no,train
790,TTTTTTGTTTGTTTTTTGGAGACA,yes,train
745,TTTTGTTTTAATATTTTTTTTCTT,no,train
456,GGCTGGGCATGGTGGCTCACGCCT,yes,train
521,GTCGGGCACGGTGGCTCACGCCTG,yes,train
807,TTTTTTTTCTTTCTTTTTATTTCT,no,train
131,ATTTTGTTGTTGTTATTTGTTTCT,no,train
242,CTTTTCTTTTCTTGAGGCAGGGTC,no,train
171,ATTTTTTTTTTTTTTTTTTTGAGG,no,train
488,GGGCCAGGCGCTGTGGCTCACACC,no,train
508,GGGCTGGGTGCCGTGGCTCACGCC,yes,train
865,TTTTTTTTTTTTTTTTTGAGACAG,no,train
113,ATTTATTTTATTTTTCTGAGATGG,no,train
506,GGGCTGGGTGCAGTGCCTCTCGCC,yes,train
783,TTTTTTCTTGTTTTTCTTTTTTCT,yes,train
431,GGCCGGTCGTGGTGGCTCATGCCT,no,train
28,AGCTGGACGCAGTAGCTAATGCCT,yes,train
87,AGGCTGTTGCTCTGTCACCCAGGA,no,train
755,TTTTTATTTTATTTATTTATTTAT,no,train
303,GACCAGGTGCAGTAGCTCATGCTT,no,train
239,CTTTTCTCTTCTTTTTTCTTTTCT,yes,train
187,CCAGGTGCAGTGGCTCATGCCTGT,no,train
561,GTTTTTTTCTTTTCTAATTGAGAC,no,train
31,AGCTGGGCATGGTGGTTCATGCCT,no,train
17,AGCCAGGCGCGGTGGCTCAAGCCT,no,train
449,GGCTGGGCACGGTGGCTCATGCCT,yes,train
173,ATTTTTTTTTTTTTTTTTTTTTGA,yes,train
16,AGCCAGGCGCAGTGGCTCACGCCT,yes,train
543,GTTTTGTTTTGTTTTGAAAGAACG,no,train
792,TTTTTTGTTTTGTTTTGTTTGAGA,yes,train
246,CTTTTGTTGTTTTTGAGACGGGGT,no,train
14,AGCCAGGCATGGTGGTTCACACCT,yes,train
701,TTTCTTTTTTTTTTTTTTTTTTTT,yes,train
445,GGCTGGGCACAGTGGCTCATGCCT,no,train
674,TTGTTTGTTGTTTTTGAGACAGAG,yes,train
704,TTTGAGACAGAGTTTTGCTCTTAT,yes,train
652,TGGGCACAGTGGCTCATGCCTGTA,yes,train
863,TTTTTTTTTTTTTTTTTGAGACAC,no,train
688,TTTCCTTTTTTTTTTTTTTCTTTT,yes,train
281,CTTTTTTTTTTTTTTGAGATGGAG,yes,train
10,AGATCAGGCATGGTGGCTTACACC,no,train
411,GGCCGGGCGCAGTGGCCCACACCT,no,train
671,TTGGGAGGCCGACCTGGGTGGATC,no,train
49,AGGCCAGGTGTGGTAGCTCACGCC,no,train
392,GGCCAGGTGTGGTGGCTCACACCT,no,train
541,GTTTTGCTTTTTTTTTTTTTTTTT,no,train
290,CTTTTTTTTTTTTTTTTTTTAATT,no,train
47,AGGCCAGGCGTGGTGGCTCATGCC,no,train
760,TTTTTCTTATCTTTTTTTTTTTCC,no,train
29,AGCTGGGCACGTGGCTCACACCTG,no,train
420,GGCCGGGCGCGGTGGCTCACGCCT,no,train
392,GGCCAGGTGTGGTGGCTCACACCT,no,train
516,GGTCGGGCACGGTGGCTCATGCCT,no,train
519,GGTTGGGCATGGTAGCTCACACCT,no,train
418,GGCCGGGCGCGGTGGCTCACACCT,yes,train
529,GTTCTTTTTTTTTTAGACAGCGTT,yes,train
544,GTTTTGTTTTGTTTTTTGTTTTGA,yes,train
760,TTTTTCTTATCTTTTTTTTTTTCC,yes,train
747,TTTTGTTTTGTTTTTTTTTTAAGA,no,train
817,TTTTTTTTTGTTTTAGAAGGAGTT,yes,train
99,ATTATTATTATTATTTTATTTTAT,yes,train
36,AGCTGGGTGTGGTGGCTCATACCT,no,train
315,GAGGCTTGCTCTGTCACCCAGACT,yes,train
476,GGCTGGGTGCGGTGGCTCACGCCT,no,train
224,CTTTATTTTAATTATTATTATTTT,yes,train
509,GGGCTGGGTGCGGTGGCTCACACC,no,train
24,AGCCGGGCATGGTGGCTCACGCCC,no,train
53,AGGCCGGGCACGGTGGCTCACACC,no,train
363,GGCCAGGCACGGTGGCTCACGCCT,yes,train
272,CTTTTTTTTTTTTGAGACAAGGGT,yes,train
168,ATTTTTTTTTTTTTTTTTTGACGG,no,train
471,GGCTGGGTGCAATGGCTCACACCT,yes,train
431,GGCCGGTCGTGGTGGCTCATGCCT,yes,train
625,TGGCCGGGCATGGTGGCTCACGCC,no,train
456,GGCTGGGCATGGTGGCTCACGCCT,yes,train
346,GCTGGGCATGGTGGCTCATGCCTG,no,train
720,TTTTATTTTACTTTATTTTTTTTG,no,train
260,CTTTTTTCTTTCTTTTTTTGAGAT,no,train
747,TTTTGTTTTGTTTTTTTTTTAAGA,no,train
373,GGCCAGGCGCGGTGGCTCATCCCT,yes,train
492,GGGCCAGGTGTGGTGGCTCACGCC,no,train
365,GGCCAGGCACTGTGACTCATACCT,yes,train
625,TGGCCGGGCATGGTGGCTCACGCC,no,train
489,GGGCCAGGCGGTGGCTCACGCTTG,no,train
509,GGGCTGGGTGCGGTGGCTCACACC,yes,train
28,AGCTGGACGCAGTAGCTAATGCCT,no,train
68,AGGCTGGCCATGTTGGCTCACGCT,yes,train
386,GGCCAGGTGCAGTGGCTCATTCCT,no,train
530,GTTCTTTTTTTTTTTTTTTTTTTC,no,train
120,ATTTCTTTTCTTTTTTTTTTTTTT,no,train
387,GGCCAGGTGCGGTGGCTCACACCT,no,train
348,GCTGGGTGGGGTGGCTCACACCCG,yes,train
718,TTTTATTCTTTTTTTTTTTTTTTT,yes,train
621,TGGCCGGGCACAGTGGCTCACGCC,no,train
643,TGGCTGGGCCCGGTGGCTCATGCC,yes,train
431,GGCCGGTCGTGGTGGCTCATGCCT,yes,train
330,GCCAGGTGTGGTGGCTCACGCCTC,yes,train
38,AGCTGGGTGTTTTGGCTCAGGCCT,yes,train
628,TGGCCGGGCGCGCTGGCTCACGCC,yes,train
368,GGCCAGGCATGGTGGTTCACGCCT,yes,train
187,CCAGGTGCAGTGGCTCATGCCTGT,no,train
384,GGCCAGGTGCAGTGGCTCACGCCT,no,train
443,GGCTGGGCACAGTGGCTCACACCT,no,train
189,CCCAGCCTGGGCAACATAGGGAGA,yes,train
304,GACCAGGTGTGGTGGCTCACACCA,yes,train
378,GGCCAGGGATGTTGGCTCACATCT,yes,train
871,TTTTTTTTTTTTTTTTTTTTGAGG,no,train
879,TTTTTTTTTTTTTTTTTTTTTTTT,no,train
568,GTTTTTTTTTTTGAGACGGAGTCT,yes,train
690,TTTCTGTTTTTTGTTTTTTTTTTT,yes,train
503,GGGCTGGGCCCATTAGCTCACACC,yes,train
424,GGCCGGGCGTGGTGGCTCACACCT,no,train
793,TTTTTTGTTTTGTTTTTTTTGAGA,no,train
527,GTTCTTGTTTTTGTTTTGTTTTTT,yes,train
17,AGCCAGGCGCGGTGGCTCAAGCCT,no,train
666,TTCTTTTTTTTTTTGAGACGGAGT,yes,train
159,ATTTTTTTTTTTTTTCTTGGAATG,no,train
424,GGCCGGGCGTGGTGGCTCACACCT,no,train
707,TTTGTGGGATGGAGTTTCACTTGT,no,train
735,TTTTCTTTTTCTTTTCTTTTTTTT,yes,train
83,AGGCTGGGTGCGCTGTGGCTCATG,yes,train
465,GGCTGGGCGCGGTGGCTCTTGCCT,no,train
96,AGTTTGTTTGTTTGTTTGTTTGTT,yes,train
383,GGCCAGGTGCAGTGGCTCACATCT,yes,train
716,TTTGTTTTTTTTGTTTTTTTGACA,no,train
134,ATTTTTATTTATTATTATTTTTTA,yes,train
58,AGGCCGGGCGCGGTGGCTCACGCC,no,train
643,TGGCTGGGCCCGGTGGCTCATGCC,yes,train
420,GGCCGGGCGCGGTGGCTCACGCCT,yes,train
504,GGGCTGGGCGCGGTGGCTCTCGCC,yes,train
431,GGCCGGTCGTGGTGGCTCATGCCT,no,train
396,GGCCGAGCGTGATGGCTCACCCCT,yes,train
346,GCTGGGCATGGTGGCTCATGCCTG,yes,train
750,TTTTGTTTTTTCGTTTGTTTCTTT,yes,train
435,GGCGGGGTGTGGTGGCTCATGCCT,no,train
617,TGGCCAGGTGCGGTGGCTCACGCC,no,train
645,TGGCTGGGCGCGGTGGCTCACGCC,no,train
442,GGCTGGGCACAGTGGCTCACACCT,yes,train
575,TAGTGCAATGGCGCAATCCTGGCT,yes,train
280,CTTTTTTTTTTTTTTGAGAGGGAG,yes,train
787,TTTTTTGAGACAAGGTCTTGCTCT,yes,train
9,AGAGTCTCACTTTGTTGCCCAGGC,no,train
273,CTTTTTTTTTTTTTGAGACAGAAT,no,train
173,ATTTTTTTTTTTTTTTTTTTTTGA,yes,train
831,TTTTTTTTTTTTCCGAGATGGAAT,no,train
780,TTTTTTATTTTTTGAGGTGGAGTC,no,train
807,TTTTTTTTCTTTCTTTTTATTTCT,no,train
512,GGGGGCAGAGGTGGGCGGATCACC,yes,train
82,AGGCTGGGTGCACTGGCTCACGCC,no,train
452,GGCTGGGCACGGTGGCTCGTGCTT,no,train
702,TTTCTTTTTTTTTTTTTTTTTTTT,no,train
376,GGCCAGGCTCTGTGACTCACGCCT,no,train
584,TCTTGTTTTTTGTTTTTTTTTTGA,yes,train
586,TGACAGGGTCTGTCTCTGTCACAC,no,train
442,GGCTGGGCACAGTGGCTCACACCT,yes,train
522,GTGAGACAGAGTTTCACTCTGTCG,yes,train
699,TTTCTTTTTTTTTGAGACGGAGTC,no,train
616,TGGCCAGGCGTAGTGGCTCATGCC,no,train
192,CCGGGCGCAGTGGCTCATGCCTGT,no,train
643,TGGCTGGGCCCGGTGGCTCATGCC,yes,train
43,AGGCCAGACACAATGGCTCATGCT,no,train
303,GACCAGGTGCAGTAGCTCATGCTT,yes,train
451,GGCTGGGCACGGTGGCTCATGCCT,no,train
563,GTTTTTTTGTTTGTTTTGCTTTTT,no,train
780,TTTTTTATTTTTTGAGGTGGAGTC,yes,train
672,TTGTTATTTTTTATTTTTATTTTT,no,train
113,ATTTATTTTATTTTTCTGAGATGG,no,train
595,TGCCGGGCGCGGTGGCTCACGTCT,no,train
462,GGCTGGGCGCAGTGGCTCACTCCT,yes,train
423,GGCCGGGCGCGGTGGCTCATGCCT,no,train
26,AGCCGGGCGCGGTGGCTCACGCCT,yes,train
468,GGCTGGGCGTGGTGGCTCACGCCT,no,train
63,AGGCCGGGTGCTGTGGCTCACACC,yes,train
790,TTTTTTGTTTGTTTTTTGGAGACA,yes,train
409,GGCCGGGCCCAGTGGCTCACACCT,no,train
608,TGGCCAGGCATAATGGCTTATGCC,no,train
527,GTTCTTGTTTTTGTTTTGTTTTTT,no,train
24,AGCCGGGCATGGTGGCTCACGCCC,no,train
466,GGCTGGGCGTAGTGGCTCACACCT,yes,train
176,ATTTTTTTTTTTTTTTTTTTTTTT,no,train
572,GTTTTTTTTTTTTTTTTTTTTGAG,no,train
273,CTTTTTTTTTTTTTGAGACAGAAT,yes,train
258,CTTTTTTATTTTTATTTTTTTGAG,yes,train
747,TTTTGTTTTGTTTTTTTTTTAAGA,no,train
742,TTTTGTGAGACAGCCTTGCTCTGT,yes,train
774,TTTTTTAAGATGGAATCTTGCTCT,no,train
352,GGCAGGGTGCGGTGGCTCATGCCT,yes,train
672,TTGTTATTTTTTATTTTTATTTTT,no,train
530,GTTCTTTTTTTTTTTTTTTTTTTC,yes,train
632,TGGCCGGGCGCGGTGGCTCATGCC,no,train
336,GCCGGGCGTGGTGGCTCACGCCTG,no,train
187,CCAGGTGCAGTGGCTCATGCCTGT,no,train
435,GGCGGGGTGTGGTGGCTCATGCCT,no,train
505,GGGCTGGGTGCAGTCGCTCACGCC,no,train
783,TTTTTTCTTGTTTTTCTTTTTTCT,yes,train
430,GGCCGGTCACGGTGGCTCACGCCT,yes,train
700,TTTCTTTTTTTTTTTTTTGAGATG,no,train
503,GGGCTGGGCCCATTAGCTCACACC,yes,train
322,GCCAGGCACGGTGGCTCACGCCTG,yes,train
165,ATTTTTTTTTTTTTTTTGAGACAG,yes,train
781,TTTTTTATTTTTTTGAGATGGAGT,no,train
768,TTTTTGGTTTTTTTTGTTTTTTTT,yes,train
452,GGCTGGGCACGGTGGCTCGTGCTT,no,train
526,GTGGCTCATGCCTGTAATCCCAGC,no,train
99,ATTATTATTATTATTTTATTTTAT,yes,train
801,TTTTTTTGTTTATGTGTTTGTTTT,yes,train
821,TTTTTTTTTTCTTTTTTTTTTTTT,yes,train
346,GCTGGGCATGGTGGCTCATGCCTG,yes,train
24,AGCCGGGCATGGTGGCTCACGCCC,no,train
250,CTTTTTATTTTTTTGAGACAGTCT,yes,train
804,TTTTTTTGTTTGTTTTTGAGGCGG,yes,train
396,GGCCGAGCGTGATGGCTCACCCCT,yes,train
159,ATTTTTTTTTTTTTTCTTGGAATG,no,train
91,AGGTTGGGCATGGTGGCTCACGCC,yes,train
380,GGCCAGGGGCAGTGGTTCATGCCT,no,train
768,TTTTTGGTTTTTTTTGTTTTTTTT,no,train
616,TGGCCAGGCGTAGTGGCTCATGCC,yes,train
315,GAGGCTTGCTCTGTCACCCAGACT,yes,train
134,ATTTTTATTTATTATTATTTTTTA,yes,train
504,GGGCTGGGCGCGGTGGCTCTCGCC,yes,train
584,TCTTGTTTTTTGTTTTTTTTTTGA,no,train
272,CTTTTTTTTTTTTGAGACAAGGGT,no,train
584,TCTTGTTTTTTGTTTTTTTTTTGA,no,train
273,CTTTTTTTTTTTTTGAGACAGAAT,no,train
315,GAGGCTTGCTCTGTCACCCAGACT,no,train
580,TCCAGGCATGGTGGCTCACATCTG,no,train
462,GGCTGGGCGCAGTGGCTCACTCCT,no,train
303,GACCAGGTGCAGTAGCTCATGCTT,yes,train
186,CCAGGCGCGGTGGCTCACACCTAT,yes,train
532,GTTGTTTTGTTTTGTTTTGAGACA,no,train
22,AGCCAGGTGCGGTGGCTCATGCCT,no,train
83,AGGCTGGGTGCGCTGTGGCTCATG,yes,train
753,TTTTTATTATTTTTTTCTTTTTTA,no,train
767,TTTTTGAGACAGAGTCTCGCTCTT,no,train
303,GACCAGGTGCAGTAGCTCATGCTT,no,train
821,TTTTTTTTTTCTTTTTTTTTTTTT,yes,train
387,GGCCAGGTGCGGTGGCTCACACCT,no,train
396,GGCCGAGCGTGATGGCTCACCCCT,no,train
164,ATTTTTTTTTTTTTTTTCTTGAGA,no,train
172,ATTTTTTTTTTTTTTTTTTTGTGA,no,train
396,GGCCGAGCGTGATGGCTCACCCCT,no,train
237,CTTTTATTGTTTTTTGAGACGGAG,no,train
837,TTTTTTTTTTTTTCCGAGACAGAG,yes,train
120,ATTTCTTTTCTTTTTTTTTTTTTT,no,train
452,GGCTGGGCACGGTGGCTCGTGCTT,no,train
580,TCCAGGCATGGTGGCTCACATCTG,no,train
745,TTTTGTTTTAATATTTTTTTTCTT,no,train
666,TTCTTTTTTTTTTTGAGACGGAGT,no,train
608,TGGCCAGGCATAATGGCTTATGCC,yes,train
808,TTTTTTTTCTTTTTCTTTTTCTTT,yes,train
175,ATTTTTTTTTTTTTTTTTTTTTTG,yes,train
158,ATTTTTTTTTTTTTTAATTTTGTT,no,train
854,TTTTTTTTTTTTTTTGAGACGGAG,yes,train
131,ATTTTGTTGTTGTTATTTGTTTCT,no,train
837,TTTTTTTTTTTTTCCGAGACAGAG,no,train
58,AGGCCGGGCGCGGTGGCTCACGCC,no,train
825,TTTTTTTTTTTGAGACGGAGTCTC,yes,train
715,TTTGTTTTTGTTTTTTTTGTTTTT,yes,train
133,ATTTTGTTTTGTTTTTGTTTTTTG,yes,train
133,ATTTTGTTTTGTTTTTGTTTTTTG,no,train
114,ATTTATTTTATTTTTTATTGTTTT,no,train
568,GTTTTTTTTTTTGAGACGGAGTCT,yes,train
380,GGCCAGGGGCAGTGGTTCATGCCT,no,train
862,TTTTTTTTTTTTTTTTGAGATGGA,no,train
411,GGCCGGGCGCAGTGGCCCACACCT,yes,train
5,ACTCATGCCTGTAATCCCAGCACT,yes,train
760,TTTTTCTTATCTTTTTTTTTTTCC,yes,train
439,GGCTGGATGCAGTGGCTCATGCCT,no,train
306,GACCGGGCGTAGTGGCTCACGCCT,yes,train
451,GGCTGGGCACGGTGGCTCATGCCT,yes,train
595,TGCCGGGCGCGGTGGCTCACGTCT,no,train
172,ATTTTTTTTTTTTTTTTTTTGTGA,no,train
321,GCAGTGGTTCGCACCTATAAGCCC,no,train
258,CTTTTTTATTTTTATTTTTTTGAG,yes,train
529,GTTCTTTTTTTTTTAGACAGCGTT,yes,train
91,AGGTTGGGCATGGTGGCTCACGCC,yes,train
333,GCCGGGCATGGTGGCTCACGCCTG,no,train
821,TTTTTTTTTTCTTTTTTTTTTTTT,yes,train
332,GCCCAGGTTGGAGTGTACTGCTGC,yes,train
238,CTTTTCGTTGTTGTTGAGACAGGG,no,train
153,ATTTTTTTTTTTGACAGAGTCTTG,yes,train
381,GGCCAGGTATGGTGGCTCATGCCT,yes,train
751,TTTTGTTTTTTGTTGTTGTGGTGG,no,train
366,GGCCAGGCATGGTGGCTCACACCT,yes,train
104,ATTCTTTTTTTTTTTCTTCTTTGA,yes,train
500,GGGCTGGGCACGGTGGCTCATGAC,no,train
243,CTTTTCTTTTCTTTTCTTTCTTTT,yes,train
865,TTTTTTTTTTTTTTTTTGAGACAG,no,train
804,TTTTTTTGTTTGTTTTTGAGGCGG,yes,train
124,ATTTTATTTTATTATTTTTTTTTA,no,train
111,ATTTATTTATTTTTTTATTTAGAG,no,train
245,CTTTTCTTTTTCTTTTCTTTTTTT,yes,train
464,GGCTGGGCGCGATGGCTCATGTCT,no,train
38,AGCTGGGTGTTTTGGCTCAGGCCT,no,train
13,AGCCAGGCATGGTGGCTCATGCCT,yes,train
344,GCTGGGCACAGTAGCTCATGCCTG,yes,train
704,TTTGAGACAGAGTTTTGCTCTTAT,no,train
401,GGCCGGGCACAGTGGCTCATGCCT,yes,train
278,CTTTTTTTTTTTTTTGAGACGGAG,no,train
745,TTTTGTTTTAATATTTTTTTTCTT,yes,train
580,TCCAGGCATGGTGGCTCACATCTG,no,train
110,ATTTATTTATTTTTGAGACAGGGT,no,train
506,GGGCTGGGTGCAGTGCCTCTCGCC,no,train
562,GTTTTTTTCTTTTTCTTTTTGAGA,no,train
258,CTTTTTTATTTTTATTTTTTTGAG,yes,train
397,GGCCGGCAAGGTGGCTCACGCCTG,no,train
347,GCTGGGCGTGGTGGCTCACGCCTA,yes,train
330,GCCAGGTGTGGTGGCTCACGCCTC,no,train
376,GGCCAGGCTCTGTGACTCACGCCT,yes,train
505,GGGCTGGGTGCAGTCGCTCACGCC,no,train
642,TGGCTGGGCATGGTGGGTGCCTGT,yes,train
456,GGCTGGGCATGGTGGCTCACGCCT,yes,train
623,TGGCCGGGCACGGTGGCTCACACC,yes,train
817,TTTTTTTTTGTTTTAGAAGGAGTT,yes,train
705,TTTGAGACGGAGTCTCGCTCTATT,yes,train
261,CTTTTTTCTTTTTCTTTTTCTTTT,no,train
410,GGCCGGGCGCAATGGCTCGCGCCT,yes,train
476,GGCTGGGTGCGGTGGCTCACGCCT,no,train
733,TTTTCTTTTCTTTTCTTTTTTTTT,no,train
774,TTTTTTAAGATGGAATCTTGCTCT,no,train
276,CTTTTTTTTTTTTTTCGGACAGAG,yes,train
250,CTTTTTATTTTTTTGAGACAGTCT,yes,train
63,AGGCCGGGTGCTGTGGCTCACACC,yes,train
17,AGCCAGGCGCGGTGGCTCAAGCCT,yes,train
38,AGCTGGGTGTTTTGGCTCAGGCCT,yes,train
674,TTGTTTGTTGTTTTTGAGACAGAG,yes,train
575,TAGTGCAATGGCGCAATCCTGGCT,no,train
645,TGGCTGGGCGCGGTGGCTCACGCC,yes,train
120,ATTTCTTTTCTTTTTTTTTTTTTT,yes,train
431,GGCCGGTCGTGGTGGCTCATGCCT,yes,train
835,TTTTTTTTTTTTGAGAGAGTTTTG,no,train
780,TTTTTTATTTTTTGAGGTGGAGTC,no,train
68,AGGCTGGCCATGTTGGCTCACGCT,yes,train
14,AGCCAGGCATGGTGGTTCACACCT,no,train
779,TTTTTTATTTTTTATTTTATTTTA,no,train
305,GACCCAGTGCGGTGGCTCACGCCT,no,train
35,AGCTGGGTGCGGTGGCTCACACCT,yes,train
315,GAGGCTTGCTCTGTCACCCAGACT,no,train
817,TTTTTTTTTGTTTTAGAAGGAGTT,no,train
196,CGCAGAGGCAGGCGGATCACTTGA,no,train
273,CTTTTTTTTTTTTTGAGACAGAAT,yes,train
360,GGCCAGGCACAGTGGCTCACGCCT,no,train
752,TTTTGTTTTTTTTTTGTTGTTGTT,no,train
240,CTTTTCTCTTTTTTTTTTTTTTTT,yes,train
496,GGGCCGGGTGCAGTGACTCACGCC,yes,train
604,TGGCCAGGCACAGTAACTCCTGCC,yes,train
297,CTTTTTTTTTTTTTTTTTTTTTTT,no,train
684,TTTATTTTTAATTTTATTTTTGAG,no,train
155,ATTTTTTTTTTTTTGAGACAGAGT,yes,train
496,GGGCCGGGTGCAGTGACTCACGCC,yes,train
368,GGCCAGGCATGGTGGTTCACGCCT,yes,train
831,TTTTTTTTTTTTCCGAGATGGAAT,no,train
131,ATTTTGTTGTTGTTATTTGTTTCT,yes,train
733,TTTTCTTTTCTTTTCTTTTTTTTT,yes,train
438,GGCTGCGTGCAGTGGCTCACGCCT,no,train
489,GGGCCAGGCGGTGGCTCACGCTTG,no,train
821,TTTTTTTTTTCTTTTTTTTTTTTT,yes,train
526,GTGGCTCATGCCTGTAATCCCAGC,no,train
690,TTTCTGTTTTTTGTTTTTTTTTTT,yes,train
655,TGTGCAGGGACTCATGACTGTAAT,no,train
151,ATTTTTTTTTCTTTTTCTTGTTTT,yes,train
767,TTTTTGAGACAGAGTCTCGCTCTT,no,train
642,TGGCTGGGCATGGTGGGTGCCTGT,yes,train
543,GTTTTGTTTTGTTTTGAAAGAACG,no,train
390,GGCCAGGTGTAGCGGCCCACACCT,no,train
307,GACCGGGTGTGGTGGCTCACACCT,no,train
296,CTTTTTTTTTTTTTTTTTTTTTTT,yes,train
704,TTTGAGACAGAGTTTTGCTCTTAT,yes,train
54,AGGCCGGGCACTGTGGCTTACACA,no,train
390,GGCCAGGTGTAGCGGCCCACACCT,yes,train
877,TTTTTTTTTTTTTTTTTTTTTTTT,yes,train
264,CTTTTTTTCATTTTTTTTTTTTTT,yes,train
252,CTTTTTCTTTTTCTTTCTTTCTTT,yes,train
825,TTTTTTTTTTTGAGACGGAGTCTC,yes,train
548,GTTTTGTTTTTTGGGGTTTGTTTT,yes,train
31,AGCTGGGCATGGTGGTTCATGCCT,no,train
239,CTTTTCTCTTCTTTTTTCTTTTCT,yes,train
744,TTTTGTTTGTTTGTTTGTTTTGAG,yes,train
151,ATTTTTTTTTCTTTTTCTTGTTTT,no,train
644,TGGCTGGGCGCGGTGGCTCACGCC,yes,train
706,TTTGAGATGGAGTCTTGCTTCATT,no,train
9,AGAGTCTCACTTTGTTGCCCAGGC,no,train
535,GTTTTACTTTTTTTTTTTTTTTTT,no,train
375,GGCCAGGCGTGGTGGCTCATGCCT,yes,train
389,GGCCAGGTGGCGGTGGTTCACACC,yes,train
783,TTTTTTCTTGTTTTTCTTTTTTCT,yes,train
601,TGGCCAGACACAGTGGCTCATGCC,no,train
817,TTTTTTTTTGTTTTAGAAGGAGTT,no,train
364,GGCCAGGCACGGTGGGTCACGCCT,no,train
439,GGCTGGATGCAGTGGCTCATGCCT,yes,train
61,AGGCCGGGTGCAGTGGATCCCAGC,no,train
151,ATTTTTTTTTCTTTTTCTTGTTTT,yes,train
551,GTTTTTGAGGCAGGTCGGTCACCC,no,train
763,TTTTTCTTTGAGACAGAGTCACTC,yes,train
803,TTTTTTTGTTTGTTTGTTTTGAGA,yes,train
678,TTTATTATTATTTTTTGAGATGGA,no,train
237,CTTTTATTGTTTTTTGAGACGGAG,yes,train
392,GGCCAGGTGTGGTGGCTCACACCT,no,train
297,CTTTTTTTTTTTTTTTTTTTTTTT,no,train
496,GGGCCGGGTGCAGTGACTCACGCC,yes,train
26,AGCCGGGCGCGGTGGCTCACGCCT,no,train
717,TTTTACTTTTTTTTTTTTTTGGGA,no,train
530,GTTCTTTTTTTTTTTTTTTTTTTC,yes,train
75,AGGCTGGGCATGGTGGCTCATGCC,no,train
118,ATTTCCTTCTTTTTTTTTTTGAGA,yes,train
479,GGCTTGGTGCAGTGACGACACACC,no,train
792,TTTTTTGTTTTGTTTTGTTTGAGA,yes,train
286,CTTTTTTTTTTTTTTTTGAGACAA,no,train
231,CTTTCTTTTTTTTTTTTTTTTTTT,no,train
375,GGCCAGGCGTGGTGGCTCATGCCT,yes,train
350,GGCAAGGCATGGTGGCTCATGCCT,no,train
411,GGCCGGGCGCAGTGGCCCACACCT,no,train
817,TTTTTTTTTGTTTTAGAAGGAGTT,yes,train
817,TTTTTTTTTGTTTTAGAAGGAGTT,yes,train
793,TTTTTTGTTTTGTTTTTTTTGAGA,no,train
364,GGCCAGGCACGGTGGGTCACGCCT,yes,train
453,GGCTGGGCACGGTGGCTCTCGCCT,yes,train
661,TTCTTTTGTTTTTTTGAGATGGAG,yes,train
643,TGGCTGGGCCCGGTGGCTCATGCC,yes,train
809,TTTTTTTTCTTTTTTTTTCTTTTT,no,train
829,TTTTTTTTTTTTAAAGACAGGGTC,yes,train
242,CTTTTCTTTTCTTGAGGCAGGGTC,no,train
13,AGCCAGGCATGGTGGCTCATGCCT,yes,train
304,GACCAGGTGTGGTGGCTCACACCA,no,train
58,AGGCCGGGCGCGGTGGCTCACGCC,yes,train
303,GACCAGGTGCAGTAGCTCATGCTT,no,train
663,TTCTTTTTTCTTTTCTTTTTTTTT,no,train
351,GGCACGGTGGCTCACGCCTGTAAT,no,train
643,TGGCTGGGCCCGGTGGCTCATGCC,yes,train
870,TTTTTTTTTTTTTTTTTTTTGAGA,no,train
661,TTCTTTTGTTTTTTTGAGATGGAG,yes,train
617,TGGCCAGGTGCGGTGGCTCACGCC,yes,train
410,GGCCGGGCGCAATGGCTCGCGCCT,yes,train
438,GGCTGCGTGCAGTGGCTCACGCCT,yes,train
173,ATTTTTTTTTTTTTTTTTTTTTGA,yes,train
730,TTTTCTTTGTTTGTTTGTTTGTTT,yes,train
134,ATTTTTATTTATTATTATTTTTTA,no,train
464,GGCTGGGCGCGATGGCTCATGTCT,no,train
313,GAGACAGTCTTGCTTTGTCGCCAG,no,train
718,TTTTATTCTTTTTTTTTTTTTTTT,yes,train
320,GCAGTGGCCCACGCCTGTAATCCC,yes,train
825,TTTTTTTTTTTGAGACGGAGTCTC,yes,train
305,GACCCAGTGCGGTGGCTCACGCCT,no,train
76,AGGCTGGGCGCGGTGGCTCACACC,no,train
29,AGCTGGGCACGTGGCTCACACCTG,no,train
451,GGCTGGGCACGGTGGCTCATGCCT,no,train
35,AGCTGGGTGCGGTGGCTCACACCT,yes,train
626,TGGCCGGGCATGGTGGCTCACGCC,yes,train
108,ATTTATTTATTTATTTTTGAGACA,yes,train
5,ACTCATGCCTGTAATCCCAGCACT,yes,train
376,GGCCAGGCTCTGTGACTCACGCCT,yes,train
201,CGGCCAGGCACAGTGACTTACACC,yes,train
705,TTTGAGACGGAGTCTCGCTCTATT,no,train
496,GGGCCGGGTGCAGTGACTCACGCC,no,train
699,TTTCTTTTTTTTTGAGACGGAGTC,no,train
503,GGGCTGGGCCCATTAGCTCACACC,yes,train
9,AGAGTCTCACTTTGTTGCCCAGGC,yes,train
380,GGCCAGGGGCAGTGGTTCATGCCT,no,train
780,TTTTTTATTTTTTGAGGTGGAGTC,yes,train
277,CTTTTTTTTTTTTTTCTTTTTAAG,no,train
116,ATTTATTTTTATTTTTATTTTTTT,yes,train
256,CTTTTTGATTGATTGTTTGTTATG,yes,train
586,TGACAGGGTCTGTCTCTGTCACAC,no,train
546,GTTTTGTTTTGTTTTTTTTTTTTT,no,train
277,CTTTTTTTTTTTTTTCTTTTTAAG,no,train
204,CGGCCGGGCGCGGTGGCTCACGCC,yes,train
336,GCCGGGCGTGGTGGCTCACGCCTG,yes,train
153,ATTTTTTTTTTTGACAGAGTCTTG,yes,train
53,AGGCCGGGCACGGTGGCTCACACC,no,train
791,TTTTTTGTTTGTTTTTTTGAGACA,no,train
207,CGGCTGGGCACGGTGGCTCACGCC,no,train
245,CTTTTCTTTTTCTTTTCTTTTTTT,no,train
305,GACCCAGTGCGGTGGCTCACGCCT,yes,train
22,AGCCAGGTGCGGTGGCTCATGCCT,no,train
858,TTTTTTTTTTTTTTTTGAGACAGG,yes,train
153,ATTTTTTTTTTTGACAGAGTCTTG,no,train
36,AGCTGGGTGTGGTGGCTCATACCT,yes,train
821,TTTTTTTTTTCTTTTTTTTTTTTT,yes,train
130,ATTTTGTATTTATTTATTTATTTA,no,train
503,GGGCTGGGCCCATTAGCTCACACC,yes,train
754,TTTTTATTTAGAGACAAGATCTCA,yes,train
535,GTTTTACTTTTTTTTTTTTTTTTT,yes,train
4,ACAGTGGCTCACACCTTTGATCCC,yes,train
512,GGGGGCAGAGGTGGGCGGATCACC,yes,train
655,TGTGCAGGGACTCATGACTGTAAT,yes,train
36,AGCTGGGTGTGGTGGCTCATACCT,yes,train
309,GACTGGGTGCCATGGCTCATGCCT,yes,train
16,AGCCAGGCGCAGTGGCTCACGCCT,no,train
42,AGGCAGGGTGCAGTGGCTCACGCC,no,train
182,CAGTGGCTCACACCTGTAATCCCA,yes,train
406,GGCCGGGCACGGTGGCTCACGCCT,yes,train
690,TTTCTGTTTTTTGTTTTTTTTTTT,yes,train
666,TTCTTTTTTTTTTTGAGACGGAGT,yes,train
403,GGCCGGGCACGGTGACTCATGCCT,yes,train
240,CTTTTCTCTTTTTTTTTTTTTTTT,no,train
530,GTTCTTTTTTTTTTTTTTTTTTTC,no,train
848,TTTTTTTTTTTTTTGAGACAGAGT,no,train
781,TTTTTTATTTTTTTGAGATGGAGT,no,train
499,GGGCTGGGCACAGTGGCTTACGCC,no,train
871,TTTTTTTTTTTTTTTTTTTTGAGG,no,train
575,TAGTGCAATGGCGCAATCCTGGCT,yes,train
459,GGCTGGGCCCGGTGGCTCATGCCT,yes,train
196,CGCAGAGGCAGGCGGATCACTTGA,no,train
717,TTTTACTTTTTTTTTTTTTTGGGA,no,train
283,CTTTTTTTTTTTTTTTGAGATGGA,no,train
715,TTTGTTTTTGTTTTTTTTGTTTTT,yes,train
400,GGCCGGGCACAGTGGCTCACGCCT,yes,train
309,GACTGGGTGCCATGGCTCATGCCT,no,train
54,AGGCCGGGCACTGTGGCTTACACA,no,train
419,GGCCGGGCGCGGTGGCTCACGCCT,yes,train
378,GGCCAGGGATGTTGGCTCACATCT,yes,train
456,GGCTGGGCATGGTGGCTCACGCCT,yes,train
538,GTTTTCTTTTCTTTTCTTTTTTTT,yes,train
364,GGCCAGGCACGGTGGGTCACGCCT,yes,train
863,TTTTTTTTTTTTTTTTTGAGACAC,no,train
645,TGGCTGGGCGCGGTGGCTCACGCC,yes,train
582,TCTCTCTTTTTTTTTTTTTTGAGA,yes,train
24,AGCCGGGCATGGTGGCTCACGCCC,no,train
466,GGCTGGGCGTAGTGGCTCACACCT,yes,train
751,TTTTGTTTTTTGTTGTTGTGGTGG,yes,train
466,GGCTGGGCGTAGTGGCTCACACCT,no,train
331,GCCAGTCATGGTGGCTCATGCCTG,no,train
260,CTTTTTTCTTTCTTTTTTTGAGAT,no,train
174,ATTTTTTTTTTTTTTTTTTTTTTG,yes,train
161,ATTTTTTTTTTTTTTTAGATGGAG,yes,train
18,AGCCAGGCGTGGTACGTAGCTCAC,no,train
287,CTTTTTTTTTTTTTTTTTTAATTG,yes,train
108,ATTTATTTATTTATTTTTGAGACA,yes,train
396,GGCCGAGCGTGATGGCTCACCCCT,yes,train
315,GAGGCTTGCTCTGTCACCCAGACT,no,train
56,AGGCCGGGCATGGTGGCTCACGCT,yes,train
187,CCAGGTGCAGTGGCTCATGCCTGT,yes,train
695,TTTCTTTTCTTTCCTTTCTTTTTT,no,train
783,TTTTTTCTTGTTTTTCTTTTTTCT,yes,train
851,TTTTTTTTTTTTTTGAGATGGAGT,no,train
363,GGCCAGGCACGGTGGCTCACGCCT,yes,train
752,TTTTGTTTTTTTTTTGTTGTTGTT,no,train
707,TTTGTGGGATGGAGTTTCACTTGT,no,train
165,ATTTTTTTTTTTTTTTTGAGACAG,no,train
544,GTTTTGTTTTGTTTTTTGTTTTGA,yes,train
527,GTTCTTGTTTTTGTTTTGTTTTTT,yes,train
235,CTTTGTTTTTGTTTTTGTCTTTTG,yes,train
744,TTTTGTTTGTTTGTTTGTTTTGAG,yes,train
586,TGACAGGGTCTGTCTCTGTCACAC,no,train
439,GGCTGGATGCAGTGGCTCATGCCT,yes,train
660,TTCTTTTATTTTTTTTGAGATGGA,no,train
386,GGCCAGGTGCAGTGGCTCATTCCT,no,train
561,GTTTTTTTCTTTTCTAATTGAGAC,no,train
807,TTTTTTTTCTTTCTTTTTATTTCT,no,train
676,TTGTTTTTTTTTAATTTTTTAATT,yes,train
715,TTTGTTTTTGTTTTTTTTGTTTTT,yes,train
530,GTTCTTTTTTTTTTTTTTTTTTTC,no,train
463,GGCTGGGCGCAGTGGCTCATGCCT,no,train
304,GACCAGGTGTGGTGGCTCACACCA,yes,train
197,CGCCACGTGTAGTGGCTCATGCCT,no,train
816,TTTTTTTTTGTTGTTGTTGAGACG,no,train
42,AGGCAGGGTGCAGTGGCTCACGCC,yes,train
731,TTTTCTTTTCTTGTGTGTTTTTTT,no,train
28,AGCTGGACGCAGTAGCTAATGCCT,no,train
690,TTTCTGTTTTTTGTTTTTTTTTTT,yes,train
535,GTTTTACTTTTTTTTTTTTTTTTT,no,train
83,AGGCTGGGTGCGCTGTGGCTCATG,no,train
189,CCCAGCCTGGGCAACATAGGGAGA,no,train
836,TTTTTTTTTTTTTAGACAGAGTCT,yes,train
543,GTTTTGTTTTGTTTTGAAAGAACG,no,train
314,GAGACCAGCCTGACCAATATGGAG,no,train
238,CTTTTCGTTGTTGTTGAGACAGGG,no,train
768,TTTTTGGTTTTTTTTGTTTTTTTT,yes,train
471,GGCTGGGTGCAATGGCTCACACCT,yes,train
186,CCAGGCGCGGTGGCTCACACCTAT,no,train
240,CTTTTCTCTTTTTTTTTTTTTTTT,no,train
333,GCCGGGCATGGTGGCTCACGCCTG,no,train
13,AGCCAGGCATGGTGGCTCATGCCT,yes,train
148,ATTTTTTTGTTTTTTGGGATGGAG,no,train
264,CTTTTTTTCATTTTTTTTTTTTTT,no,train
409,GGCCGGGCCCAGTGGCTCACACCT,no,train
17,AGCCAGGCGCGGTGGCTCAAGCCT,no,train
705,TTTGAGACGGAGTCTCGCTCTATT,no,train
277,CTTTTTTTTTTTTTTCTTTTTAAG,no,train
706,TTTGAGATGGAGTCTTGCTTCATT,yes,train
280,CTTTTTTTTTTTTTTGAGAGGGAG,no,train
443,GGCTGGGCACAGTGGCTCACACCT,yes,train
175,ATTTTTTTTTTTTTTTTTTTTTTG,yes,train
401,GGCCGGGCACAGTGGCTCATGCCT,yes,train
42,AGGCAGGGTGCAGTGGCTCACGCC,yes,train
499,GGGCTGGGCACAGTGGCTTACGCC,yes,train
582,TCTCTCTTTTTTTTTTTTTTGAGA,yes,train
774,TTTTTTAAGATGGAATCTTGCTCT,yes,train
22,AGCCAGGTGCGGTGGCTCATGCCT,no,train
258,CTTTTTTATTTTTATTTTTTTGAG,yes,train
310,GACTGGGTGCGGTGGCTCATGCCT,no,train
258,CTTTTTTATTTTTATTTTTTTGAG,no,train
373,GGCCAGGCGCGGTGGCTCATCCCT,no,train
209,CGGCTGGGTGCGGTGGCTCACGCC,no,train
817,TTTTTTTTTGTTTTAGAAGGAGTT,no,train
76,AGGCTGGGCGCGGTGGCTCACACC,yes,train
42,AGGCAGGGTGCAGTGGCTCACGCC,yes,train
20,AGCCAGGTGCAGTGGCTCACGCTT,yes,train
364,GGCCAGGCACGGTGGGTCACGCCT,no,train
199,CGCTGGGCGCGGTGGCTCACGCCT,no,train
131,ATTTTGTTGTTGTTATTTGTTTCT,no,train
28,AGCTGGACGCAGTAGCTAATGCCT,yes,train
858,TTTTTTTTTTTTTTTTGAGACAGG,no,train
767,TTTTTGAGACAGAGTCTCGCTCTT,no,train
171,ATTTTTTTTTTTTTTTTTTTGAGG,no,train
91,AGGTTGGGCATGGTGGCTCACGCC,no,train
41,AGGCAGGGCGAGGTGGCTCAAACC,yes,train
87,AGGCTGTTGCTCTGTCACCCAGGA,yes,train
366,GGCCAGGCATGGTGGCTCACACCT,yes,train
522,GTGAGACAGAGTTTCACTCTGTCG,yes,train
104,ATTCTTTTTTTTTTTCTTCTTTGA,yes,train
28,AGCTGGACGCAGTAGCTAATGCCT,yes,train
425,GGCCGGGCGTGGTGGCTCACACCT,yes,train
91,AGGTTGGGCATGGTGGCTCACGCC,no,train
120,ATTTCTTTTCTTTTTTTTTTTTTT,yes,train
661,TTCTTTTGTTTTTTTGAGATGGAG,yes,train
731,TTTTCTTTTCTTGTGTGTTTTTTT,no,train
695,TTTCTTTTCTTTCCTTTCTTTTTT,no,train
435,GGCGGGGTGTGGTGGCTCATGCCT,no,train
506,GGGCTGGGTGCAGTGCCTCTCGCC,no,train
466,GGCTGGGCGTAGTGGCTCACACCT,yes,train
91,AGGTTGGGCATGGTGGCTCACGCC,yes,train
529,GTTCTTTTTTTTTTAGACAGCGTT,yes,train
35,AGCTGGGTGCGGTGGCTCACACCT,yes,train
351,GGCACGGTGGCTCACGCCTGTAAT,no,train
166,ATTTTTTTTTTTTTTTTGAGAGGA,no,train
837,TTTTTTTTTTTTTCCGAGACAGAG,yes,train
618,TGGCCCGATGCAGTGGCTCATGCC,no,train
684,TTTATTTTTAATTTTATTTTTGAG,no,train
357,GGCCAGGCACAATGGCTCACACCT,no,train
131,ATTTTGTTGTTGTTATTTGTTTCT,yes,train
572,GTTTTTTTTTTTTTTTTTTTTGAG,no,train
400,GGCCGGGCACAGTGGCTCACGCCT,no,train
85,AGGCTGGGTGTGGTGGCTCACGCC,no,train
594,TGCCGGGCATGGTGGCTTGCACCT,yes,train
871,TTTTTTTTTTTTTTTTTTTTGAGG,no,train
642,TGGCTGGGCATGGTGGGTGCCTGT,yes,train
626,TGGCCGGGCATGGTGGCTCACGCC,no,train
701,TTTCTTTTTTTTTTTTTTTTTTTT,yes,train
13,AGCCAGGCATGGTGGCTCATGCCT,yes,train
199,CGCTGGGCGCGGTGGCTCACGCCT,yes,train
459,GGCTGGGCCCGGTGGCTCATGCCT,no,train
547,GTTTTGTTTTTCTTTCTTTTTTTT,yes,train
146,ATTTTTTTGGACATGGCCTTGCTC,yes,train
428,GGCCGGGTGCAGTGGCTCATGCCT,no,train
613,TGGCCAGGCATGGTGGCTCACACC,no,train
101,ATTCTTTGTTTTTTTTTGAGATGG,no,train
368,GGCCAGGCATGGTGGTTCACGCCT,yes,train
75,AGGCTGGGCATGGTGGCTCATGCC,no,train
151,ATTTTTTTTTCTTTTTCTTGTTTT,no,train
443,GGCTGGGCACAGTGGCTCACACCT,yes,train
779,TTTTTTATTTTTTATTTTATTTTA,yes,train
462,GGCTGGGCGCAGTGGCTCACTCCT,no,train
617,TGGCCAGGTGCGGTGGCTCACGCC,no,train
291,CTTTTTTTTTTTTTTTTTTTGAGA,no,train
163,ATTTTTTTTTTTTTTTTCAAGACG,yes,train
161,ATTTTTTTTTTTTTTTAGATGGAG,no,train
858,TTTTTTTTTTTTTTTTGAGACAGG,yes,train
173,ATTTTTTTTTTTTTTTTTTTTTGA,yes,train
192,CCGGGCGCAGTGGCTCATGCCTGT,yes,train
867,TTTTTTTTTTTTTTTTTTTGAGAT,yes,train
695,TTTCTTTTCTTTCCTTTCTTTTTT,yes,train
243,CTTTTCTTTTCTTTTCTTTCTTTT,yes,train
809,TTTTTTTTCTTTTTTTTTCTTTTT,yes,train
74,AGGCTGGGCATGGTGGCTCACGCC,no,train
118,ATTTCCTTCTTTTTTTTTTTGAGA,no,train
735,TTTTCTTTTTCTTTTCTTTTTTTT,yes,train
85,AGGCTGGGTGTGGTGGCTCACGCC,no,train
529,GTTCTTTTTTTTTTAGACAGCGTT,yes,train
449,GGCTGGGCACGGTGGCTCATGCCT,no,train
211,CTCACGCCTGTAATCCCAGCACTT,no,train
31,AGCTGGGCATGGTGGTTCATGCCT,yes,train
873,TTTTTTTTTTTTTTTTTTTTTGAG,no,train
444,GGCTGGGCACAGTGGCTCACACCT,no,train
158,ATTTTTTTTTTTTTTAATTTTGTT,no,train
733,TTTTCTTTTCTTTTCTTTTTTTTT,yes,train
488,GGGCCAGGCGCTGTGGCTCACACC,no,train
699,TTTCTTTTTTTTTGAGACGGAGTC,yes,train
375,GGCCAGGCGTGGTGGCTCATGCCT,yes,train
546,GTTTTGTTTTGTTTTTTTTTTTTT,yes,train
655,TGTGCAGGGACTCATGACTGTAAT,no,train
400,GGCCGGGCACAGTGGCTCACGCCT,no,train
290,CTTTTTTTTTTTTTTTTTTTAATT,no,train
675,TTGTTTTTTGTTTTTTTGTTTTTT,yes,train
752,TTTTGTTTTTTTTTTGTTGTTGTT,no,train
245,CTTTTCTTTTTCTTTTCTTTTTTT,no,train
742,TTTTGTGAGACAGCCTTGCTCTGT,yes,train
200,CGCTGGGTACAGTTGCTTACACCT,no,train
733,TTTTCTTTTCTTTTCTTTTTTTTT,yes,train
543,GTTTTGTTTTGTTTTGAAAGAACG,no,train
560,GTTTTTTTATTTTTATTTTTGGAG,yes,train
187,CCAGGTGCAGTGGCTCATGCCTGT,no,train
675,TTGTTTTTTGTTTTTTTGTTTTTT,yes,train
688,TTTCCTTTTTTTTTTTTTTCTTTT,yes,train
403,GGCCGGGCACGGTGACTCATGCCT,no,train
854,TTTTTTTTTTTTTTTGAGACGGAG,no,train
553,GTTTTTGTTTTGTTGTTTTTTTGA,yes,train
13,AGCCAGGCATGGTGGCTCATGCCT,no,train
672,TTGTTATTTTTTATTTTTATTTTT,no,train
801,TTTTTTTGTTTATGTGTTTGTTTT,yes,train
468,GGCTGGGCGTGGTGGCTCACGCCT,no,train
158,ATTTTTTTTTTTTTTAATTTTGTT,no,train
368,GGCCAGGCATGGTGGTTCACGCCT,yes,train
571,GTTTTTTTTTTTTTTTTTTTAGAT,no,train
102,ATTCTTTTTGAGACAGAGTCTCTG,no,train
368,GGCCAGGCATGGTGGTTCACGCCT,no,train
754,TTTTTATTTAGAGACAAGATCTCA,yes,train
882,TTTTTTTTTTTTTTTTTTTTTTTT,no,train
146,ATTTTTTTGGACATGGCCTTGCTC,yes,train
26,AGCCGGGCGCGGTGGCTCACGCCT,no,train
33,AGCTGGGCGCAGTGGCTCACGCCT,yes,train
763,TTTTTCTTTGAGACAGAGTCACTC,no,train
286,CTTTTTTTTTTTTTTTTGAGACAA,no,train
428,GGCCGGGTGCAGTGGCTCATGCCT,no,train
9,AGAGTCTCACTTTGTTGCCCAGGC,yes,train
575,TAGTGCAATGGCGCAATCCTGGCT,no,train
702,TTTCTTTTTTTTTTTTTTTTTTTT,no,train
76,AGGCTGGGCGCGGTGGCTCACACC,yes,train
36,AGCTGGGTGTGGTGGCTCATACCT,no,train
779,TTTTTTATTTTTTATTTTATTTTA,no,train
105,ATTCTTTTTTTTTTTTTGAGATGG,yes,train
699,TTTCTTTTTTTTTGAGACGGAGTC,no,train
510,GGGCTGGGTGTGGTGGCTCATGCC,no,train
404,GGCCGGGCACGGTGGCTCACCTGT,yes,train
99,ATTATTATTATTATTTTATTTTAT,no,train
41,AGGCAGGGCGAGGTGGCTCAAACC,yes,train
281,CTTTTTTTTTTTTTTGAGATGGAG,yes,train
403,GGCCGGGCACGGTGACTCATGCCT,yes,train
717,TTTTACTTTTTTTTTTTTTTGGGA,yes,train
120,ATTTCTTTTCTTTTTTTTTTTTTT,yes,train
355,GGCCAGACGTGGTGGCTCACGCCT,yes,train
331,GCCAGTCATGGTGGCTCATGCCTG,yes,train
767,TTTTTGAGACAGAGTCTCGCTCTT,no,train
544,GTTTTGTTTTGTTTTTTGTTTTGA,yes,train
146,ATTTTTTTGGACATGGCCTTGCTC,yes,train
353,GGCCAAACATGGTGCCCCACGCCT,no,train
24,AGCCGGGCATGGTGGCTCACGCCC,yes,train
690,TTTCTGTTTTTTGTTTTTTTTTTT,yes,train
499,GGGCTGGGCACAGTGGCTTACGCC,yes,train
39,AGGACAGGCGCGGTGGCTCACGCC,yes,train
558,GTTTTTTGTTTGTTTGTTTTTTGA,no,train
165,ATTTTTTTTTTTTTTTTGAGACAG,yes,train
2,AAGATGGAGTCTTATTCTGTCGCC,no,train
373,GGCCAGGCGCGGTGGCTCATCCCT,yes,train
145,ATTTTTTTGAGACAGGGTGTCACT,no,train
675,TTGTTTTTTGTTTTTTTGTTTTTT,yes,train
696,TTTCTTTTTTCTAAGACAGAGTCT,yes,train
259,CTTTTTTCTTTATTTTTTTTTAGA,no,train
626,TGGCCGGGCATGGTGGCTCACGCC,no,train
737,TTTTCTTTTTTTCTTTTTTGAGAT,yes,train
835,TTTTTTTTTTTTGAGAGAGTTTTG,yes,train
604,TGGCCAGGCACAGTAACTCCTGCC,no,train
423,GGCCGGGCGCGGTGGCTCATGCCT,yes,train
684,TTTATTTTTAATTTTATTTTTGAG,yes,train
532,GTTGTTTTGTTTTGTTTTGAGACA,no,train
865,TTTTTTTTTTTTTTTTTGAGACAG,yes,train
385,GGCCAGGTGCAGTGGCTCATGCTT,yes,train
829,TTTTTTTTTTTTAAAGACAGGGTC,yes,train
423,GGCCGGGCGCGGTGGCTCATGCCT,yes,train
283,CTTTTTTTTTTTTTTTGAGATGGA,yes,train
580,TCCAGGCATGGTGGCTCACATCTG,no,train
315,GAGGCTTGCTCTGTCACCCAGACT,yes,train
809,TTTTTTTTCTTTTTTTTTCTTTTT,yes,train
387,GGCCAGGTGCGGTGGCTCACACCT,yes,train
336,GCCGGGCGTGGTGGCTCACGCCTG,no,train
783,TTTTTTCTTGTTTTTCTTTTTTCT,yes,train
423,GGCCGGGCGCGGTGGCTCATGCCT,no,train
342,GCTGGATGCGGTGGCTCACGCCTG,no,train
769,TTTTTGTTTGTTTGTTTGTTTGTT,no,train
670,TTGCCCAGGCTGGAGTGCAGGGCG,no,train
676,TTGTTTTTTTTTAATTTTTTAATT,yes,train
752,TTTTGTTTTTTTTTTGTTGTTGTT,no,train
355,GGCCAGACGTGGTGGCTCACGCCT,yes,train
375,GGCCAGGCGTGGTGGCTCATGCCT,yes,train
342,GCTGGATGCGGTGGCTCACGCCTG,no,train
343,GCTGGGCACAATGGTTCACACCTG,yes,train
406,GGCCGGGCACGGTGGCTCACGCCT,yes,train
176,ATTTTTTTTTTTTTTTTTTTTTTT,yes,train
537,GTTTTCTTCTGTTTTCTTATATTT,no,train
120,ATTTCTTTTCTTTTTTTTTTTTTT,no,train
447,GGCTGGGCACGAGGGCTCATGTCT,no,train
414,GGCCGGGCGCAGTGGCTCATGCCT,no,train
406,GGCCGGGCACGGTGGCTCACGCCT,yes,train
456,GGCTGGGCATGGTGGCTCACGCCT,yes,train
706,TTTGAGATGGAGTCTTGCTTCATT,no,train
96,AGTTTGTTTGTTTGTTTGTTTGTT,yes,train
718,TTTTATTCTTTTTTTTTTTTTTTT,no,train
733,TTTTCTTTTCTTTTCTTTTTTTTT,no,train
146,ATTTTTTTGGACATGGCCTTGCTC,yes,train
91,AGGTTGGGCATGGTGGCTCACGCC,yes,train
851,TTTTTTTTTTTTTTGAGATGGAGT,yes,train
326,GCCAGGCATGGTGGCTCATGCCTA,no,train
879,TTTTTTTTTTTTTTTTTTTTTTTT,yes,train
661,TTCTTTTGTTTTTTTGAGATGGAG,yes,train
283,CTTTTTTTTTTTTTTTGAGATGGA,yes,train
835,TTTTTTTTTTTTGAGAGAGTTTTG,yes,train
854,TTTTTTTTTTTTTTTGAGACGGAG,no,train
628,TGGCCGGGCGCGCTGGCTCACGCC,yes,train
204,CGGCCGGGCGCGGTGGCTCACGCC,yes,train
877,TTTTTTTTTTTTTTTTTTTTTTTT,no,train
496,GGGCCGGGTGCAGTGACTCACGCC,no,train
754,TTTTTATTTAGAGACAAGATCTCA,yes,train
29,AGCTGGGCACGTGGCTCACACCTG,no,train
389,GGCCAGGTGGCGGTGGTTCACACC,yes,train
618,TGGCCCGATGCAGTGGCTCATGCC,no,train
665,TTCTTTTTTTTTCTTTTGAGACGG,no,train
191,CCGGGCACGGTGGCTCACACCTGT,yes,train
742,TTTTGTGAGACAGCCTTGCTCTGT,yes,train
424,GGCCGGGCGTGGTGGCTCACACCT,yes,train
431,GGCCGGTCGTGGTGGCTCATGCCT,yes,train
355,GGCCAGACGTGGTGGCTCACGCCT,yes,train
404,GGCCGGGCACGGTGGCTCACCTGT,yes,train
237,CTTTTATTGTTTTTTGAGACGGAG,no,train
132,ATTTTGTTTTGTTTTGGTTTTTTG,no,train
384,GGCCAGGTGCAGTGGCTCACGCCT,no,train
643,TGGCTGGGCCCGGTGGCTCATGCC,no,train
309,GACTGGGTGCCATGGCTCATGCCT,yes,train
640,TGGCTGGGCACGGTGGCTCACGCC,yes,train
248,CTTTTTATTTTATTTTATTCTATT,yes,train
594,TGCCGGGCATGGTGGCTTGCACCT,yes,train
873,TTTTTTTTTTTTTTTTTTTTTGAG,no,train
809,TTTTTTTTCTTTTTTTTTCTTTTT,yes,train
182,CAGTGGCTCACACCTGTAATCCCA,no,train
809,TTTTTTTTCTTTTTTTTTCTTTTT,yes,train
823,TTTTTTTTTTTGAGACAATGTCTC,no,train
283,CTTTTTTTTTTTTTTTGAGATGGA,yes,train
186,CCAGGCGCGGTGGCTCACACCTAT,yes,train
430,GGCCGGTCACGGTGGCTCACGCCT,yes,train
262,CTTTTTTGTTTCGTTGTTTTTCTT,no,train
42,AGGCAGGGTGCAGTGGCTCACGCC,yes,train
509,GGGCTGGGTGCGGTGGCTCACACC,no,train
803,TTTTTTTGTTTGTTTGTTTTGAGA,yes,train
571,GTTTTTTTTTTTTTTTTTTTAGAT,no,train
359,GGCCAGGCACAGTGGCTCACACCT,no,train
292,CTTTTTTTTTTTTTTTTTTTTTAC,yes,train
400,GGCCGGGCACAGTGGCTCACGCCT,yes,train
63,AGGCCGGGTGCTGTGGCTCACACC,yes,train
751,TTTTGTTTTTTGTTGTTGTGGTGG,yes,train
529,GTTCTTTTTTTTTTAGACAGCGTT,no,train
496,GGGCCGGGTGCAGTGACTCACGCC,yes,train
305,GACCCAGTGCGGTGGCTCACGCCT,yes,train
645,TGGCTGGGCGCGGTGGCTCACGCC,yes,train
242,CTTTTCTTTTCTTGAGGCAGGGTC,yes,train
259,CTTTTTTCTTTATTTTTTTTTAGA,yes,train
617,TGGCCAGGTGCGGTGGCTCACGCC,no,train
563,GTTTTTTTGTTTGTTTTGCTTTTT,yes,train
503,GGGCTGGGCCCATTAGCTCACACC,no,train
330,GCCAGGTGTGGTGGCTCACGCCTC,no,train
351,GGCACGGTGGCTCACGCCTGTAAT,no,train
442,GGCTGGGCACAGTGGCTCACACCT,yes,train
430,GGCCGGTCACGGTGGCTCACGCCT,yes,train
371,GGCCAGGCGCGGTGGCTCACGCCT,yes,train
201,CGGCCAGGCACAGTGACTTACACC,yes,train
790,TTTTTTGTTTGTTTTTTGGAGACA,yes,train
113,ATTTATTTTATTTTTCTGAGATGG,no,train
780,TTTTTTATTTTTTGAGGTGGAGTC,yes,train
801,TTTTTTTGTTTATGTGTTTGTTTT,no,train
710,TTTGTTTGTTTAGAGATAGGATCT,yes,train
584,TCTTGTTTTTTGTTTTTTTTTTGA,no,train
697,TTTCTTTTTTCTGGAGACGGAGTT,yes,train
760,TTTTTCTTATCTTTTTTTTTTTCC,no,train
670,TTGCCCAGGCTGGAGTGCAGGGCG,no,train
120,ATTTCTTTTCTTTTTTTTTTTTTT,yes,train
742,TTTTGTGAGACAGCCTTGCTCTGT,yes,train
854,TTTTTTTTTTTTTTTGAGACGGAG,no,train
369,GGCCAGGCCCAGTGGCTCACACCT,yes,train
661,TTCTTTTGTTTTTTTGAGATGGAG,yes,train
256,CTTTTTGATTGATTGTTTGTTATG,no,train
512,GGGGGCAGAGGTGGGCGGATCACC,no,train
176,ATTTTTTTTTTTTTTTTTTTTTTT,yes,train
272,CTTTTTTTTTTTTGAGACAAGGGT,no,train
224,CTTTATTTTAATTATTATTATTTT,no,train
256,CTTTTTGATTGATTGTTTGTTATG,no,train
211,CTCACGCCTGTAATCCCAGCACTT,no,train
200,CGCTGGGTACAGTTGCTTACACCT,no,train
379,GGCCAGGGGCAGTGGCTCACGCCT,no,train
736,TTTTCTTTTTCTTTTTTTTTTTTT,no,train
36,AGCTGGGTGTGGTGGCTCATACCT,no,train
700,TTTCTTTTTTTTTTTTTTGAGATG,yes,train
719,TTTTATTTATTTATTTTTTGAGAG,no,train
33,AGCTGGGCGCAGTGGCTCACGCCT,no,train
396,GGCCGAGCGTGATGGCTCACCCCT,yes,train
58,AGGCCGGGCGCGGTGGCTCACGCC,no,train
737,TTTTCTTTTTTTCTTTTTTGAGAT,no,train
326,GCCAGGCATGGTGGCTCATGCCTA,yes,train
705,TTTGAGACGGAGTCTCGCTCTATT,yes,train
882,TTTTTTTTTTTTTTTTTTTTTTTT,no,train
346,GCTGGGCATGGTGGCTCATGCCTG,yes,train
807,TTTTTTTTCTTTCTTTTTATTTCT,no,train
460,GGCTGGGCGCAGCGGCTCACGCCT,yes,train
560,GTTTTTTTATTTTTATTTTTGGAG,yes,train
373,GGCCAGGCGCGGTGGCTCATCCCT,no,train
775,TTTTTTAGGGATAGGGTCTTGCTG,no,train
660,TTCTTTTATTTTTTTTGAGATGGA,yes,train
120,ATTTCTTTTCTTTTTTTTTTTTTT,no,train
420,GGCCGGGCGCGGTGGCTCACGCCT,yes,train
560,GTTTTTTTATTTTTATTTTTGGAG,yes,train
509,GGGCTGGGTGCGGTGGCTCACACC,yes,train
209,CGGCTGGGTGCGGTGGCTCACGCC,no,train
585,TCTTTTTTTTTTTTTCTTTTTGAG,no,train
527,GTTCTTGTTTTTGTTTTGTTTTTT,yes,train
406,GGCCGGGCACGGTGGCTCACGCCT,yes,train
403,GGCCGGGCACGGTGACTCATGCCT,yes,train
104,ATTCTTTTTTTTTTTCTTCTTTGA,no,train
801,TTTTTTTGTTTATGTGTTTGTTTT,yes,train
771,TTTTTGTTTTTGTTGGAGAAGGAG,yes,train
508,GGGCTGGGTGCCGTGGCTCACGCC,no,train
715,TTTGTTTTTGTTTTTTTTGTTTTT,no,train
114,ATTTATTTTATTTTTTATTGTTTT,yes,train
395,GGCCGAGCGCAGTGGCTCACGCCT,yes,train
101,ATTCTTTGTTTTTTTTTGAGATGG,yes,train
701,TTTCTTTTTTTTTTTTTTTTTTTT,yes,train
225,CTTTATTTTATTTTCATTTTTTGG,no,train
750,TTTTGTTTTTTCGTTTGTTTCTTT,no,train
479,GGCTTGGTGCAGTGACGACACACC,yes,train
428,GGCCGGGTGCAGTGGCTCATGCCT,yes,train
133,ATTTTGTTTTGTTTTTGTTTTTTG,no,train
444,GGCTGGGCACAGTGGCTCACACCT,yes,train
516,GGTCGGGCACGGTGGCTCATGCCT,yes,train
35,AGCTGGGTGCGGTGGCTCACACCT,no,train
652,TGGGCACAGTGGCTCATGCCTGTA,yes,train
287,CTTTTTTTTTTTTTTTTTTAATTG,yes,train
753,TTTTTATTATTTTTTTCTTTTTTA,no,train
672,TTGTTATTTTTTATTTTTATTTTT,yes,train
423,GGCCGGGCGCGGTGGCTCATGCCT,yes,train
131,ATTTTGTTGTTGTTATTTGTTTCT,no,train
417,GGCCGGGCGCGGTGGCTCACACCT,no,train
8,AGACTGGGCGTGGTGGCTCACGCC,no,train
314,GAGACCAGCCTGACCAATATGGAG,yes,train
812,TTTTTTTTGTTTGTTTTTTGTTTT,no,train
655,TGTGCAGGGACTCATGACTGTAAT,yes,train
699,TTTCTTTTTTTTTGAGACGGAGTC,yes,train
851,TTTTTTTTTTTTTTGAGATGGAGT,no,train
439,GGCTGGATGCAGTGGCTCATGCCT,no,train
76,AGGCTGGGCGCGGTGGCTCACACC,yes,train
787,TTTTTTGAGACAAGGTCTTGCTCT,no,train
235,CTTTGTTTTTGTTTTTGTCTTTTG,yes,train
757,TTTTTATTTTTATTTTATTTTTTA,yes,train
825,TTTTTTTTTTTGAGACGGAGTCTC,no,train
385,GGCCAGGTGCAGTGGCTCATGCTT,yes,train
304,GACCAGGTGTGGTGGCTCACACCA,yes,train
767,TTTTTGAGACAGAGTCTCGCTCTT,no,train
224,CTTTATTTTAATTATTATTATTTT,yes,train
801,TTTTTTTGTTTATGTGTTTGTTTT,yes,train
500,GGGCTGGGCACGGTGGCTCATGAC,yes,train
714,TTTGTTTTGTTTTTTGTTTTGAGA,yes,train
787,TTTTTTGAGACAAGGTCTTGCTCT,yes,train
351,GGCACGGTGGCTCACGCCTGTAAT,no,train
757,TTTTTATTTTTATTTTATTTTTTA,yes,train
466,GGCTGGGCGTAGTGGCTCACACCT,yes,train
644,TGGCTGGGCGCGGTGGCTCACGCC,no,train
503,GGGCTGGGCCCATTAGCTCACACC,yes,train
368,GGCCAGGCATGGTGGTTCACGCCT,yes,train
24,AGCCGGGCATGGTGGCTCACGCCC,yes,train
396,GGCCGAGCGTGATGGCTCACCCCT,yes,train
643,TGGCTGGGCCCGGTGGCTCATGCC,yes,train
396,GGCCGAGCGTGATGGCTCACCCCT,yes,train
375,GGCCAGGCGTGGTGGCTCATGCCT,yes,train
750,TTTTGTTTTTTCGTTTGTTTCTTT,no,train
575,TAGTGCAATGGCGCAATCCTGGCT,no,train
720,TTTTATTTTACTTTATTTTTTTTG,no,train
102,ATTCTTTTTGAGACAGAGTCTCTG,no,train
220,CTTCTTTTTTTTTTTTCTTTTGAG,no,train
704,TTTGAGACAGAGTTTTGCTCTTAT,yes,train
584,TCTTGTTTTTTGTTTTTTTTTTGA,no,train
501,GGGCTGGGCATGGTGGCTCACACC,no,train
509,GGGCTGGGTGCGGTGGCTCACACC,yes,train
509,GGGCTGGGTGCGGTGGCTCACACC,no,train
443,GGCTGGGCACAGTGGCTCACACCT,yes,train
220,CTTCTTTTTTTTTTTTCTTTTGAG,yes,train
396,GGCCGAGCGTGATGGCTCACCCCT,no,train
383,GGCCAGGTGCAGTGGCTCACATCT,no,train
451,GGCTGGGCACGGTGGCTCATGCCT,yes,train
858,TTTTTTTTTTTTTTTTGAGACAGG,no,train
160,ATTTTTTTTTTTTTTGAGATGGAG,no,train
348,GCTGGGTGGGGTGGCTCACACCCG,no,train
74,AGGCTGGGCATGGTGGCTCACGCC,no,train
383,GGCCAGGTGCAGTGGCTCACATCT,yes,train
757,TTTTTATTTTTATTTTATTTTTTA,no,train
130,ATTTTGTATTTATTTATTTATTTA,no,train
684,TTTATTTTTAATTTTATTTTTGAG,yes,train
560,GTTTTTTTATTTTTATTTTTGGAG,yes,train
91,AGGTTGGGCATGGTGGCTCACGCC,no,train
783,TTTTTTCTTGTTTTTCTTTTTTCT,yes,train
594,TGCCGGGCATGGTGGCTTGCACCT,no,train
825,TTTTTTTTTTTGAGACGGAGTCTC,no,train
661,TTCTTTTGTTTTTTTGAGATGGAG,yes,train
260,CTTTTTTCTTTCTTTTTTTGAGAT,no,train
5,ACTCATGCCTGTAATCCCAGCACT,yes,train
737,TTTTCTTTTTTTCTTTTTTGAGAT,no,train
704,TTTGAGACAGAGTTTTGCTCTTAT,yes,train
817,TTTTTTTTTGTTTTAGAAGGAGTT,no,train
424,GGCCGGGCGTGGTGGCTCACACCT,no,train
817,TTTTTTTTTGTTTTAGAAGGAGTT,no,train
531,GTTGTTTGTCTGCTTGTTTGCGAC,no,train
527,GTTCTTGTTTTTGTTTTGTTTTTT,no,train
561,GTTTTTTTCTTTTCTAATTGAGAC,yes,train
333,GCCGGGCATGGTGGCTCACGCCTG,yes,train
526,GTGGCTCATGCCTGTAATCCCAGC,no,train
465,GGCTGGGCGCGGTGGCTCTTGCCT,yes,train
644,TGGCTGGGCGCGGTGGCTCACGCC,yes,train
355,GGCCAGACGTGGTGGCTCACGCCT,yes,train
547,GTTTTGTTTTTCTTTCTTTTTTTT,yes,train
355,GGCCAGACGTGGTGGCTCACGCCT,yes,train
105,ATTCTTTTTTTTTTTTTGAGATGG,yes,train
496,GGGCCGGGTGCAGTGACTCACGCC,yes,train
829,TTTTTTTTTTTTAAAGACAGGGTC,yes,train
591,TGCCGAGTGGAGTGGCTCACACCT,no,train
505,GGGCTGGGTGCAGTCGCTCACGCC,yes,train
460,GGCTGGGCGCAGCGGCTCACGCCT,yes,train
258,CTTTTTTATTTTTATTTTTTTGAG,no,train
791,TTTTTTGTTTGTTTTTTTGAGACA,no,train
737,TTTTCTTTTTTTCTTTTTTGAGAT,yes,train
347,GCTGGGCGTGGTGGCTCACGCCTA,no,train
582,TCTCTCTTTTTTTTTTTTTTGAGA,yes,train
456,GGCTGGGCATGGTGGCTCACGCCT,yes,train
379,GGCCAGGGGCAGTGGCTCACGCCT,no,train
313,GAGACAGTCTTGCTTTGTCGCCAG,yes,train
862,TTTTTTTTTTTTTTTTGAGATGGA,no,train
363,GGCCAGGCACGGTGGCTCACGCCT,yes,train
420,GGCCGGGCGCGGTGGCTCACGCCT,yes,train
365,GGCCAGGCACTGTGACTCATACCT,no,train
365,GGCCAGGCACTGTGACTCATACCT,no,train
742,TTTTGTGAGACAGCCTTGCTCTGT,yes,train
790,TTTTTTGTTTGTTTTTTGGAGACA,no,train
509,GGGCTGGGTGCGGTGGCTCACACC,no,train
439,GGCTGGATGCAGTGGCTCATGCCT,no,train
411,GGCCGGGCGCAGTGGCCCACACCT,no,train
669,TTGAGACGGAGTTTCACTGGTTGC,no,train
54,AGGCCGGGCACTGTGGCTTACACA,no,train
684,TTTATTTTTAATTTTATTTTTGAG,no,train
344,GCTGGGCACAGTAGCTCATGCCTG,no,train
699,TTTCTTTTTTTTTGAGACGGAGTC,no,train
240,CTTTTCTCTTTTTTTTTTTTTTTT,no,train
582,TCTCTCTTTTTTTTTTTTTTGAGA,yes,train
33,AGCTGGGCGCAGTGGCTCACGCCT,yes,train
256,CTTTTTGATTGATTGTTTGTTATG,yes,train
116,ATTTATTTTTATTTTTATTTTTTT,yes,train
714,TTTGTTTTGTTTTTTGTTTTGAGA,no,train
457,GGCTGGGCATGGTGGTTCACACCT,yes,train
479,GGCTTGGTGCAGTGACGACACACC,no,train
118,ATTTCCTTCTTTTTTTTTTTGAGA,no,train
862,TTTTTTTTTTTTTTTTGAGATGGA,no,train
26,AGCCGGGCGCGGTGGCTCACGCCT,yes,train
29,AGCTGGGCACGTGGCTCACACCTG,yes,train
870,TTTTTTTTTTTTTTTTTTTTGAGA,no,train
61,AGGCCGGGTGCAGTGGATCCCAGC,yes,train
499,GGGCTGGGCACAGTGGCTTACGCC,no,train
348,GCTGGGTGGGGTGGCTCACACCCG,no,train
68,AGGCTGGCCATGTTGGCTCACGCT,yes,train
519,GGTTGGGCATGGTAGCTCACACCT,no,train
406,GGCCGGGCACGGTGGCTCACGCCT,no,train
541,GTTTTGCTTTTTTTTTTTTTTTTT,yes,train
173,ATTTTTTTTTTTTTTTTTTTTTGA,yes,train
626,TGGCCGGGCATGGTGGCTCACGCC,yes,train
742,TTTTGTGAGACAGCCTTGCTCTGT,yes,train
428,GGCCGGGTGCAGTGGCTCATGCCT,no,train
821,TTTTTTTTTTCTTTTTTTTTTTTT,no,train
640,TGGCTGGGCACGGTGGCTCACGCC,yes,train
389,GGCCAGGTGGCGGTGGTTCACACC,yes,train
571,GTTTTTTTTTTTTTTTTTTTAGAT,no,train
174,ATTTTTTTTTTTTTTTTTTTTTTG,no,train
360,GGCCAGGCACAGTGGCTCACGCCT,yes,train
151,ATTTTTTTTTCTTTTTCTTGTTTT,no,train
503,GGGCTGGGCCCATTAGCTCACACC,yes,train
754,TTTTTATTTAGAGACAAGATCTCA,yes,train
292,CTTTTTTTTTTTTTTTTTTTTTAC,no,train
348,GCTGGGTGGGGTGGCTCACACCCG,no,train
467,GGCTGGGCGTGGTGGCCCACGCCT,no,train
283,CTTTTTTTTTTTTTTTGAGATGGA,yes,train
789,TTTTTTGTGATTTTTTTTTTTTCG,no,train
116,ATTTATTTTTATTTTTATTTTTTT,yes,train
387,GGCCAGGTGCGGTGGCTCACACCT,no,train
172,ATTTTTTTTTTTTTTTTTTTGTGA,no,train
618,TGGCCCGATGCAGTGGCTCATGCC,no,train
837,TTTTTTTTTTTTTCCGAGACAGAG,yes,train
5,ACTCATGCCTGTAATCCCAGCACT,yes,train
827,TTTTTTTTTTTGGAGACGGGCTCT,no,train
752,TTTTGTTTTTTTTTTGTTGTTGTT,no,train
343,GCTGGGCACAATGGTTCACACCTG,yes,train
113,ATTTATTTTATTTTTCTGAGATGG,no,train
356,GGCCAGAGACTGTGGCTCATGCCT,no,train
837,TTTTTTTTTTTTTCCGAGACAGAG,yes,train
108,ATTTATTTATTTATTTTTGAGACA,no,train
385,GGCCAGGTGCAGTGGCTCATGCTT,no,train
661,TTCTTTTGTTTTTTTGAGATGGAG,yes,train
258,CTTTTTTATTTTTATTTTTTTGAG,yes,train
499,GGGCTGGGCACAGTGGCTTACGCC,yes,train
246,CTTTTGTTGTTTTTGAGACGGGGT,no,train
752,TTTTGTTTTTTTTTTGTTGTTGTT,no,train
808,TTTTTTTTCTTTTTCTTTTTCTTT,no,train
58,AGGCCGGGCGCGGTGGCTCACGCC,no,train
620,TGGCCGGGCACAGTGGCTCACGCC,yes,train
224,CTTTATTTTAATTATTATTATTTT,yes,train
479,GGCTTGGTGCAGTGACGACACACC,no,train
23,AGCCGGGCACGGTGGCTCACACCT,yes,train
161,ATTTTTTTTTTTTTTTAGATGGAG,yes,train
292,CTTTTTTTTTTTTTTTTTTTTTAC,no,train
774,TTTTTTAAGATGGAATCTTGCTCT,yes,train
847,TTTTTTTTTTTTTTGAGACACAGT,yes,train
176,ATTTTTTTTTTTTTTTTTTTTTTT,no,train
742,TTTTGTGAGACAGCCTTGCTCTGT,no,train
568,GTTTTTTTTTTTGAGACGGAGTCT,no,train
406,GGCCGGGCACGGTGGCTCACGCCT,yes,train
696,TTTCTTTTTTCTAAGACAGAGTCT,no,train
522,GTGAGACAGAGTTTCACTCTGTCG,yes,train
176,ATTTTTTTTTTTTTTTTTTTTTTT,no,train
492,GGGCCAGGTGTGGTGGCTCACGCC,no,train
31,AGCTGGGCATGGTGGTTCATGCCT,no,train
199,CGCTGGGCGCGGTGGCTCACGCCT,yes,train
87,AGGCTGTTGCTCTGTCACCCAGGA,no,train
817,TTTTTTTTTGTTTTAGAAGGAGTT,no,train
297,CTTTTTTTTTTTTTTTTTTTTTTT,no,train
305,GACCCAGTGCGGTGGCTCACGCCT,yes,train
875,TTTTTTTTTTTTTTTTTTTTTTTA,no,train
163,ATTTTTTTTTTTTTTTTCAAGACG,yes,train
865,TTTTTTTTTTTTTTTTTGAGACAG,no,train
403,GGCCGGGCACGGTGACTCATGCCT,no,train
808,TTTTTTTTCTTTTTCTTTTTCTTT,no,train
315,GAGGCTTGCTCTGTCACCCAGACT,no,train
443,GGCTGGGCACAGTGGCTCACACCT,yes,train
406,GGCCGGGCACGGTGGCTCACGCCT,yes,train
49,AGGCCAGGTGTGGTAGCTCACGCC,no,train
430,GGCCGGTCACGGTGGCTCACGCCT,yes,train
130,ATTTTGTATTTATTTATTTATTTA,yes,train
359,GGCCAGGCACAGTGGCTCACACCT,no,train
75,AGGCTGGGCATGGTGGCTCATGCC,yes,train
96,AGTTTGTTTGTTTGTTTGTTTGTT,yes,train
716,TTTGTTTTTTTTGTTTTTTTGACA,yes,train
196,CGCAGAGGCAGGCGGATCACTTGA,no,train
443,GGCTGGGCACAGTGGCTCACACCT,yes,train
545,GTTTTGTTTTGTTTTTTTGAGACA,yes,train
368,GGCCAGGCATGGTGGTTCACGCCT,yes,train
389,GGCCAGGTGGCGGTGGTTCACACC,yes,train
400,GGCCGGGCACAGTGGCTCACGCCT,no,train
102,ATTCTTTTTGAGACAGAGTCTCTG,no,train
272,CTTTTTTTTTTTTGAGACAAGGGT,no,train
231,CTTTCTTTTTTTTTTTTTTTTTTT,no,train
671,TTGGGAGGCCGACCTGGGTGGATC,no,train
248,CTTTTTATTTTATTTTATTCTATT,yes,train
620,TGGCCGGGCACAGTGGCTCACGCC,yes,train
280,CTTTTTTTTTTTTTTGAGAGGGAG,no,train
45,AGGCCAGGCACAGTGGCTCACGCC,no,train
655,TGTGCAGGGACTCATGACTGTAAT,yes,train
809,TTTTTTTTCTTTTTTTTTCTTTTT,yes,train
512,GGGGGCAGAGGTGGGCGGATCACC,yes,train
160,ATTTTTTTTTTTTTTGAGATGGAG,yes,train
401,GGCCGGGCACAGTGGCTCATGCCT,yes,train
8,AGACTGGGCGTGGTGGCTCACGCC,no,train
35,AGCTGGGTGCGGTGGCTCACACCT,yes,train
757,TTTTTATTTTTATTTTATTTTTTA,no,train
383,GGCCAGGTGCAGTGGCTCACATCT,no,train
200,CGCTGGGTACAGTTGCTTACACCT,yes,train
443,GGCTGGGCACAGTGGCTCACACCT,yes,train
8,AGACTGGGCGTGGTGGCTCACGCC,no,train
113,ATTTATTTTATTTTTCTGAGATGG,no,train
124,ATTTTATTTTATTATTTTTTTTTA,yes,train
381,GGCCAGGTATGGTGGCTCATGCCT,yes,train
837,TTTTTTTTTTTTTCCGAGACAGAG,no,train
33,AGCTGGGCGCAGTGGCTCACGCCT,no,train
83,AGGCTGGGTGCGCTGTGGCTCATG,no,train
688,TTTCCTTTTTTTTTTTTTTCTTTT,yes,train
444,GGCTGGGCACAGTGGCTCACACCT,yes,train
352,GGCAGGGTGCGGTGGCTCATGCCT,no,train
264,CTTTTTTTCATTTTTTTTTTTTTT,yes,train
513,GGGTTGGGCACGGTGGCGCATGCC,yes,train
575,TAGTGCAATGGCGCAATCCTGGCT,yes,train
118,ATTTCCTTCTTTTTTTTTTTGAGA,no,train
737,TTTTCTTTTTTTCTTTTTTGAGAT,yes,train
545,GTTTTGTTTTGTTTTTTTGAGACA,yes,train
534,GTTTCCTTTTTCTTCATTTCTATT,yes,train
397,GGCCGGCAAGGTGGCTCACGCCTG,no,train
147,ATTTTTTTGTTGTTGTTGTGACTG,no,train
105,ATTCTTTTTTTTTTTTTGAGATGG,yes,train
506,GGGCTGGGTGCAGTGCCTCTCGCC,yes,train
675,TTGTTTTTTGTTTTTTTGTTTTTT,yes,train
338,GCGCAGTGGCTCACGCCTGTAATC,yes,train
384,GGCCAGGTGCAGTGGCTCACGCCT,no,train
851,TTTTTTTTTTTTTTGAGATGGAGT,no,train
608,TGGCCAGGCATAATGGCTTATGCC,yes,train
545,GTTTTGTTTTGTTTTTTTGAGACA,yes,train
376,GGCCAGGCTCTGTGACTCACGCCT,no,train
283,CTTTTTTTTTTTTTTTGAGATGGA,no,train
529,GTTCTTTTTTTTTTAGACAGCGTT,yes,train
359,GGCCAGGCACAGTGGCTCACACCT,no,train
742,TTTTGTGAGACAGCCTTGCTCTGT,no,train
396,GGCCGAGCGTGATGGCTCACCCCT,no,train
411,GGCCGGGCGCAGTGGCCCACACCT,no,train
237,CTTTTATTGTTTTTTGAGACGGAG,yes,train
454,GGCTGGGCAGGGTGGCTCACCCCT,yes,train
453,GGCTGGGCACGGTGGCTCTCGCCT,no,train
166,ATTTTTTTTTTTTTTTTGAGAGGA,yes,train
733,TTTTCTTTTCTTTTCTTTTTTTTT,no,train
286,CTTTTTTTTTTTTTTTTGAGACAA,yes,train
131,ATTTTGTTGTTGTTATTTGTTTCT,yes,train
757,TTTTTATTTTTATTTTATTTTTTA,yes,train
531,GTTGTTTGTCTGCTTGTTTGCGAC,yes,train
297,CTTTTTTTTTTTTTTTTTTTTTTT,no,train
443,GGCTGGGCACAGTGGCTCACACCT,yes,train
353,GGCCAAACATGGTGCCCCACGCCT,yes,train
792,TTTTTTGTTTTGTTTTGTTTGAGA,no,train
551,GTTTTTGAGGCAGGTCGGTCACCC,no,train
87,AGGCTGTTGCTCTGTCACCCAGGA,yes,train
309,GACTGGGTGCCATGGCTCATGCCT,no,train
608,TGGCCAGGCATAATGGCTTATGCC,yes,train
595,TGCCGGGCGCGGTGGCTCACGTCT,no,train
406,GGCCGGGCACGGTGGCTCACGCCT,no,train
13,AGCCAGGCATGGTGGCTCATGCCT,no,train
357,GGCCAGGCACAATGGCTCACACCT,no,train
363,GGCCAGGCACGGTGGCTCACGCCT,yes,train
717,TTTTACTTTTTTTTTTTTTTGGGA,yes,train
256,CTTTTTGATTGATTGTTTGTTATG,yes,train
865,TTTTTTTTTTTTTTTTTGAGACAG,no,train
504,GGGCTGGGCGCGGTGGCTCTCGCC,yes,train
838,TTTTTTTTTTTTTCTTTTTTTCTT,no,train
420,GGCCGGGCGCGGTGGCTCACGCCT,yes,train
186,CCAGGCGCGGTGGCTCACACCTAT,yes,train
541,GTTTTGCTTTTTTTTTTTTTTTTT,yes,train
310,GACTGGGTGCGGTGGCTCATGCCT,no,train
351,GGCACGGTGGCTCACGCCTGTAAT,no,train
846,TTTTTTTTTTTTTTCTTTTTTTTG,yes,train
368,GGCCAGGCATGGTGGTTCACGCCT,yes,train
191,CCGGGCACGGTGGCTCACACCTGT,no,train
130,ATTTTGTATTTATTTATTTATTTA,no,train
595,TGCCGGGCGCGGTGGCTCACGTCT,no,train
392,GGCCAGGTGTGGTGGCTCACACCT,no,train
114,ATTTATTTTATTTTTTATTGTTTT,no,train
768,TTTTTGGTTTTTTTTGTTTTTTTT,no,train
147,ATTTTTTTGTTGTTGTTGTGACTG,yes,train
657,TTATTTTTATTTTTATTTTTTATT,yes,train
201,CGGCCAGGCACAGTGACTTACACC,no,train
281,CTTTTTTTTTTTTTTGAGATGGAG,yes,train
260,CTTTTTTCTTTCTTTTTTTGAGAT,no,train
715,TTTGTTTTTGTTTTTTTTGTTTTT,no,train
42,AGGCAGGGTGCAGTGGCTCACGCC,yes,train
543,GTTTTGTTTTGTTTTGAAAGAACG,no,train
808,TTTTTTTTCTTTTTCTTTTTCTTT,no,train
353,GGCCAAACATGGTGCCCCACGCCT,yes,train
245,CTTTTCTTTTTCTTTTCTTTTTTT,yes,train
387,GGCCAGGTGCGGTGGCTCACACCT,yes,train
26,AGCCGGGCGCGGTGGCTCACGCCT,no,train
354,GGCCAAGCATGGTGGCTCACACCT,no,train
414,GGCCGGGCGCAGTGGCTCATGCCT,yes,train
35,AGCTGGGTGCGGTGGCTCACACCT,no,train
715,TTTGTTTTTGTTTTTTTTGTTTTT,no,train
779,TTTTTTATTTTTTATTTTATTTTA,no,train
456,GGCTGGGCATGGTGGCTCACGCCT,yes,train
463,GGCTGGGCGCAGTGGCTCATGCCT,yes,train
29,AGCTGGGCACGTGGCTCACACCTG,yes,train
315,GAGGCTTGCTCTGTCACCCAGACT,yes,train
243,CTTTTCTTTTCTTTTCTTTCTTTT,yes,train
447,GGCTGGGCACGAGGGCTCATGTCT,yes,train
702,TTTCTTTTTTTTTTTTTTTTTTTT,no,train
745,TTTTGTTTTAATATTTTTTTTCTT,no,train
354,GGCCAAGCATGGTGGCTCACACCT,yes,train
628,TGGCCGGGCGCGCTGGCTCACGCC,yes,train
104,ATTCTTTTTTTTTTTCTTCTTTGA,no,train
793,TTTTTTGTTTTGTTTTTTTTGAGA,yes,train
626,TGGCCGGGCATGGTGGCTCACGCC,no,train
2,AAGATGGAGTCTTATTCTGTCGCC,no,train
259,CTTTTTTCTTTATTTTTTTTTAGA,no,train
189,CCCAGCCTGGGCAACATAGGGAGA,yes,train
865,TTTTTTTTTTTTTTTTTGAGACAG,no,train
661,TTCTTTTGTTTTTTTGAGATGGAG,no,train
809,TTTTTTTTCTTTTTTTTTCTTTTT,yes,train
543,GTTTTGTTTTGTTTTGAAAGAACG,no,train
414,GGCCGGGCGCAGTGGCTCATGCCT,no,train
246,CTTTTGTTGTTTTTGAGACGGGGT,no,train
192,CCGGGCGCAGTGGCTCATGCCTGT,no,train
306,GACCGGGCGTAGTGGCTCACGCCT,yes,train
835,TTTTTTTTTTTTGAGAGAGTTTTG,yes,train
839,TTTTTTTTTTTTTGAGACTCAGGA,no,train
162,ATTTTTTTTTTTTTTTGCGATGAA,no,train
12,AGCCAGATGTGGTGACATGAACCA,no,train
522,GTGAGACAGAGTTTCACTCTGTCG,yes,train
162,ATTTTTTTTTTTTTTTGCGATGAA,yes,train
700,TTTCTTTTTTTTTTTTTTGAGATG,no,train
56,AGGCCGGGCATGGTGGCTCACGCT,yes,train
5,ACTCATGCCTGTAATCCCAGCACT,yes,train
224,CTTTATTTTAATTATTATTATTTT,yes,train
657,TTATTTTTATTTTTATTTTTTATT,no,train
310,GACTGGGTGCGGTGGCTCATGCCT,no,train
61,AGGCCGGGTGCAGTGGATCCCAGC,yes,train
41,AGGCAGGGCGAGGTGGCTCAAACC,yes,train
417,GGCCGGGCGCGGTGGCTCACACCT,no,train
120,ATTTCTTTTCTTTTTTTTTTTTTT,yes,train
640,TGGCTGGGCACGGTGGCTCACGCC,yes,train
417,GGCCGGGCGCGGTGGCTCACACCT,no,train
526,GTGGCTCATGCCTGTAATCCCAGC,no,train
102,ATTCTTTTTGAGACAGAGTCTCTG,no,train
172,ATTTTTTTTTTTTTTTTTTTGTGA,yes,train
821,TTTTTTTTTTCTTTTTTTTTTTTT,no,train
779,TTTTTTATTTTTTATTTTATTTTA,yes,train
357,GGCCAGGCACAATGGCTCACACCT,no,train
767,TTTTTGAGACAGAGTCTCGCTCTT,no,train
189,CCCAGCCTGGGCAACATAGGGAGA,yes,train
352,GGCAGGGTGCGGTGGCTCATGCCT,no,train
61,AGGCCGGGTGCAGTGGATCCCAGC,yes,train
454,GGCTGGGCAGGGTGGCTCACCCCT,yes,train
76,AGGCTGGGCGCGGTGGCTCACACC,yes,train
315,GAGGCTTGCTCTGTCACCCAGACT,no,train
9,AGAGTCTCACTTTGTTGCCCAGGC,no,train
865,TTTTTTTTTTTTTTTTTGAGACAG,yes,train
245,CTTTTCTTTTTCTTTTCTTTTTTT,yes,train
24,AGCCGGGCATGGTGGCTCACGCCC,yes,train
532,GTTGTTTTGTTTTGTTTTGAGACA,yes,train
242,CTTTTCTTTTCTTGAGGCAGGGTC,yes,train
387,GGCCAGGTGCGGTGGCTCACACCT,no,train
804,TTTTTTTGTTTGTTTTTGAGGCGG,yes,train
755,TTTTTATTTTATTTATTTATTTAT,no,train
443,GGCTGGGCACAGTGGCTCACACCT,yes,train
43,AGGCCAGACACAATGGCTCATGCT,yes,train
411,GGCCGGGCGCAGTGGCCCACACCT,yes,train
742,TTTTGTGAGACAGCCTTGCTCTGT,yes,train
390,GGCCAGGTGTAGCGGCCCACACCT,yes,train
359,GGCCAGGCACAGTGGCTCACACCT,no,train
742,TTTTGTGAGACAGCCTTGCTCTGT,yes,train
432,GGCCTGGCACAGTGGCTCATGCCT,no,train
160,ATTTTTTTTTTTTTTGAGATGGAG,yes,train
372,GGCCAGGCGCGGTGGCTCACGCCT,no,train
594,TGCCGGGCATGGTGGCTTGCACCT,yes,train
838,TTTTTTTTTTTTTCTTTTTTTCTT,yes,train
116,ATTTATTTTTATTTTTATTTTTTT,no,train
87,AGGCTGTTGCTCTGTCACCCAGGA,no,train
632,TGGCCGGGCGCGGTGGCTCATGCC,yes,train
186,CCAGGCGCGGTGGCTCACACCTAT,yes,train
561,GTTTTTTTCTTTTCTAATTGAGAC,no,train
745,TTTTGTTTTAATATTTTTTTTCTT,no,train
707,TTTGTGGGATGGAGTTTCACTTGT,no,train
344,GCTGGGCACAGTAGCTCATGCCTG,no,train
182,CAGTGGCTCACACCTGTAATCCCA,no,train
219,CTTATATTTTATTTACTTACTTAA,no,train
443,GGCTGGGCACAGTGGCTCACACCT,no,train
330,GCCAGGTGTGGTGGCTCACGCCTC,no,train
189,CCCAGCCTGGGCAACATAGGGAGA,yes,train
148,ATTTTTTTGTTTTTTGGGATGGAG,no,train
601,TGGCCAGACACAGTGGCTCATGCC,no,train
768,TTTTTGGTTTTTTTTGTTTTTTTT,yes,train
243,CTTTTCTTTTCTTTTCTTTCTTTT,yes,train
53,AGGCCGGGCACGGTGGCTCACACC,yes,train
617,TGGCCAGGTGCGGTGGCTCACGCC,no,train
162,ATTTTTTTTTTTTTTTGCGATGAA,yes,train
807,TTTTTTTTCTTTCTTTTTATTTCT,no,train
33,AGCTGGGCGCAGTGGCTCACGCCT,yes,train
153,ATTTTTTTTTTTGACAGAGTCTTG,no,train
281,CTTTTTTTTTTTTTTGAGATGGAG,yes,train
836,TTTTTTTTTTTTTAGACAGAGTCT,no,train
488,GGGCCAGGCGCTGTGGCTCACACC,no,train
351,GGCACGGTGGCTCACGCCTGTAAT,no,train
848,TTTTTTTTTTTTTTGAGACAGAGT,yes,train
182,CAGTGGCTCACACCTGTAATCCCA,no,train
522,GTGAGACAGAGTTTCACTCTGTCG,yes,train
144,ATTTTTTTCTTCTTTTTTCCACAG,no,train
803,TTTTTTTGTTTGTTTGTTTTGAGA,yes,train
124,ATTTTATTTTATTATTTTTTTTTA,no,train
436,GGCTAGGCGCAGTGGCTCACTCCT,no,train
442,GGCTGGGCACAGTGGCTCACACCT,no,train
153,ATTTTTTTTTTTGACAGAGTCTTG,yes,train
594,TGCCGGGCATGGTGGCTTGCACCT,no,train
401,GGCCGGGCACAGTGGCTCATGCCT,no,train
684,TTTATTTTTAATTTTATTTTTGAG,yes,train
547,GTTTTGTTTTTCTTTCTTTTTTTT,yes,train
418,GGCCGGGCGCGGTGGCTCACACCT,no,train
618,TGGCCCGATGCAGTGGCTCATGCC,no,train
801,TTTTTTTGTTTATGTGTTTGTTTT,yes,train
383,GGCCAGGTGCAGTGGCTCACATCT,yes,train
553,GTTTTTGTTTTGTTGTTTTTTTGA,yes,train
755,TTTTTATTTTATTTATTTATTTAT,no,train
538,GTTTTCTTTTCTTTTCTTTTTTTT,yes,train
378,GGCCAGGGATGTTGGCTCACATCT,no,train
276,CTTTTTTTTTTTTTTCGGACAGAG,no,train
661,TTCTTTTGTTTTTTTGAGATGGAG,yes,train
23,AGCCGGGCACGGTGGCTCACACCT,no,train
471,GGCTGGGTGCAATGGCTCACACCT,no,train
53,AGGCCGGGCACGGTGGCTCACACC,no,train
134,ATTTTTATTTATTATTATTTTTTA,no,train
83,AGGCTGGGTGCGCTGTGGCTCATG,no,train
804,TTTTTTTGTTTGTTTTTGAGGCGG,yes,train
774,TTTTTTAAGATGGAATCTTGCTCT,yes,train
790,TTTTTTGTTTGTTTTTTGGAGACA,yes,train
877,TTTTTTTTTTTTTTTTTTTTTTTT,no,train
716,TTTGTTTTTTTTGTTTTTTTGACA,yes,train
734,TTTTCTTTTCTTTTTCTTTTTCTT,no,train
144,ATTTTTTTCTTCTTTTTTCCACAG,yes,train
243,CTTTTCTTTTCTTTTCTTTCTTTT,yes,train
16,AGCCAGGCGCAGTGGCTCACGCCT,no,train
61,AGGCCGGGTGCAGTGGATCCCAGC,no,train
47,AGGCCAGGCGTGGTGGCTCATGCC,no,train
99,ATTATTATTATTATTTTATTTTAT,no,train
453,GGCTGGGCACGGTGGCTCTCGCCT,no,train
882,TTTTTTTTTTTTTTTTTTTTTTTT,no,train
411,GGCCGGGCGCAGTGGCCCACACCT,yes,train
676,TTGTTTTTTTTTAATTTTTTAATT,no,train
175,ATTTTTTTTTTTTTTTTTTTTTTG,yes,train
379,GGCCAGGGGCAGTGGCTCACGCCT,no,train
541,GTTTTGCTTTTTTTTTTTTTTTTT,yes,train
512,GGGGGCAGAGGTGGGCGGATCACC,yes,train
527,GTTCTTGTTTTTGTTTTGTTTTTT,no,train
644,TGGCTGGGCGCGGTGGCTCACGCC,yes,train
506,GGGCTGGGTGCAGTGCCTCTCGCC,yes,train
192,CCGGGCGCAGTGGCTCATGCCTGT,yes,train
204,CGGCCGGGCGCGGTGGCTCACGCC,no,train
449,GGCTGGGCACGGTGGCTCATGCCT,no,train
768,TTTTTGGTTTTTTTTGTTTTTTTT,yes,train
513,GGGTTGGGCACGGTGGCGCATGCC,no,train
159,ATTTTTTTTTTTTTTCTTGGAATG,no,train
8,AGACTGGGCGTGGTGGCTCACGCC,no,train
342,GCTGGATGCGGTGGCTCACGCCTG,yes,train
586,TGACAGGGTCTGTCTCTGTCACAC,no,train
42,AGGCAGGGTGCAGTGGCTCACGCC,yes,train
53,AGGCCGGGCACGGTGGCTCACACC,no,train
173,ATTTTTTTTTTTTTTTTTTTTTGA,yes,train
18,AGCCAGGCGTGGTACGTAGCTCAC,yes,train
767,TTTTTGAGACAGAGTCTCGCTCTT,yes,train
670,TTGCCCAGGCTGGAGTGCAGGGCG,yes,train
506,GGGCTGGGTGCAGTGCCTCTCGCC,yes,train
146,ATTTTTTTGGACATGGCCTTGCTC,yes,train
792,TTTTTTGTTTTGTTTTGTTTGAGA,no,train
643,TGGCTGGGCCCGGTGGCTCATGCC,yes,train
14,AGCCAGGCATGGTGGTTCACACCT,yes,train
676,TTGTTTTTTTTTAATTTTTTAATT,no,train
26,AGCCGGGCGCGGTGGCTCACGCCT,no,train
227,CTTTCTCACTCAGGCTGCAGTGAG,no,train
787,TTTTTTGAGACAAGGTCTTGCTCT,yes,train
730,TTTTCTTTGTTTGTTTGTTTGTTT,yes,train
357,GGCCAGGCACAATGGCTCACACCT,no,train
601,TGGCCAGACACAGTGGCTCATGCC,yes,train
531,GTTGTTTGTCTGCTTGTTTGCGAC,yes,train
53,AGGCCGGGCACGGTGGCTCACACC,no,train
432,GGCCTGGCACAGTGGCTCATGCCT,no,train
396,GGCCGAGCGTGATGGCTCACCCCT,no,train
821,TTTTTTTTTTCTTTTTTTTTTTTT,no,train
409,GGCCGGGCCCAGTGGCTCACACCT,no,train
530,GTTCTTTTTTTTTTTTTTTTTTTC,no,train
258,CTTTTTTATTTTTATTTTTTTGAG,no,train
551,GTTTTTGAGGCAGGTCGGTCACCC,no,train
809,TTTTTTTTCTTTTTTTTTCTTTTT,no,train
43,AGGCCAGACACAATGGCTCATGCT,no,train
534,GTTTCCTTTTTCTTCATTTCTATT,no,train
171,ATTTTTTTTTTTTTTTTTTTGAGG,no,train
163,ATTTTTTTTTTTTTTTTCAAGACG,yes,train
376,GGCCAGGCTCTGTGACTCACGCCT,no,train
881,TTTTTTTTTTTTTTTTTTTTTTTT,yes,train
837,TTTTTTTTTTTTTCCGAGACAGAG,yes,train
8,AGACTGGGCGTGGTGGCTCACGCC,no,train
865,TTTTTTTTTTTTTTTTTGAGACAG,yes,train
803,TTTTTTTGTTTGTTTGTTTTGAGA,no,train
695,TTTCTTTTCTTTCCTTTCTTTTTT,yes,train
378,GGCCAGGGATGTTGGCTCACATCT,yes,train
264,CTTTTTTTCATTTTTTTTTTTTTT,yes,train
628,TGGCCGGGCGCGCTGGCTCACGCC,no,train
239,CTTTTCTCTTCTTTTTTCTTTTCT,no,train
397,GGCCGGCAAGGTGGCTCACGCCTG,no,train
144,ATTTTTTTCTTCTTTTTTCCACAG,no,train
757,TTTTTATTTTTATTTTATTTTTTA,no,train
467,GGCTGGGCGTGGTGGCCCACGCCT,no,train
823,TTTTTTTTTTTGAGACAATGTCTC,no,train
257,CTTTTTTACTTTATTTATTCTAGA,no,train
182,CAGTGGCTCACACCTGTAATCCCA,no,train
63,AGGCCGGGTGCTGTGGCTCACACC,yes,train
168,ATTTTTTTTTTTTTTTTTTGACGG,no,train
739,TTTTGAAATGGAGTTTTGCTCAGT,no,train
91,AGGTTGGGCATGGTGGCTCACGCC,no,train
278,CTTTTTTTTTTTTTTGAGACGGAG,no,train
172,ATTTTTTTTTTTTTTTTTTTGTGA,no,train
336,GCCGGGCGTGGTGGCTCACGCCTG,yes,train
35,AGCTGGGTGCGGTGGCTCACACCT,yes,train
471,GGCTGGGTGCAATGGCTCACACCT,yes,train
35,AGCTGGGTGCGGTGGCTCACACCT,no,train
544,GTTTTGTTTTGTTTTTTGTTTTGA,no,train
395,GGCCGAGCGCAGTGGCTCACGCCT,yes,train
96,AGTTTGTTTGTTTGTTTGTTTGTT,yes,train
321,GCAGTGGTTCGCACCTATAAGCCC,no,train
581,TCCTGGCCAACATGGTGAAACCCC,no,train
354,GGCCAAGCATGGTGGCTCACACCT,yes,train
513,GGGTTGGGCACGGTGGCGCATGCC,yes,train
655,TGTGCAGGGACTCATGACTGTAAT,yes,train
675,TTGTTTTTTGTTTTTTTGTTTTTT,yes,train
504,GGGCTGGGCGCGGTGGCTCTCGCC,yes,train
817,TTTTTTTTTGTTTTAGAAGGAGTT,yes,train
508,GGGCTGGGTGCCGTGGCTCACGCC,yes,train
757,TTTTTATTTTTATTTTATTTTTTA,no,train
242,CTTTTCTTTTCTTGAGGCAGGGTC,yes,train
751,TTTTGTTTTTTGTTGTTGTGGTGG,no,train
239,CTTTTCTCTTCTTTTTTCTTTTCT,yes,train
545,GTTTTGTTTTGTTTTTTTGAGACA,yes,train
227,CTTTCTCACTCAGGCTGCAGTGAG,no,train
655,TGTGCAGGGACTCATGACTGTAAT,no,train
789,TTTTTTGTGATTTTTTTTTTTTCG,no,train
423,GGCCGGGCGCGGTGGCTCATGCCT,no,train
451,GGCTGGGCACGGTGGCTCATGCCT,yes,train
260,CTTTTTTCTTTCTTTTTTTGAGAT,no,train
707,TTTGTGGGATGGAGTTTCACTTGT,no,train
33,AGCTGGGCGCAGTGGCTCACGCCT,no,train
430,GGCCGGTCACGGTGGCTCACGCCT,yes,train
240,CTTTTCTCTTTTTTTTTTTTTTTT,no,train
553,GTTTTTGTTTTGTTGTTTTTTTGA,no,train
701,TTTCTTTTTTTTTTTTTTTTTTTT,yes,train
839,TTTTTTTTTTTTTGAGACTCAGGA,yes,train
58,AGGCCGGGCGCGGTGGCTCACGCC,no,train
162,ATTTTTTTTTTTTTTTGCGATGAA,yes,train
460,GGCTGGGCGCAGCGGCTCACGCCT,yes,train
584,TCTTGTTTTTTGTTTTTTTTTTGA,yes,train
556,GTTTTTTGTTTGTTTGTTTGTTTT,yes,train
556,GTTTTTTGTTTGTTTGTTTGTTTT,no,train
105,ATTCTTTTTTTTTTTTTGAGATGG,no,train
237,CTTTTATTGTTTTTTGAGACGGAG,no,train
154,ATTTTTTTTTTTGAGATGGAGTCT,yes,train
104,ATTCTTTTTTTTTTTCTTCTTTGA,no,train
499,GGGCTGGGCACAGTGGCTTACGCC,no,train
76,AGGCTGGGCGCGGTGGCTCACACC,yes,train
153,ATTTTTTTTTTTGACAGAGTCTTG,yes,train
262,CTTTTTTGTTTCGTTGTTTTTCTT,no,train
707,TTTGTGGGATGGAGTTTCACTTGT,no,train
33,AGCTGGGCGCAGTGGCTCACGCCT,no,train
29,AGCTGGGCACGTGGCTCACACCTG,no,train
250,CTTTTTATTTTTTTGAGACAGTCT,yes,train
16,AGCCAGGCGCAGTGGCTCACGCCT,yes,train
695,TTTCTTTTCTTTCCTTTCTTTTTT,yes,train
608,TGGCCAGGCATAATGGCTTATGCC,no,train
260,CTTTTTTCTTTCTTTTTTTGAGAT,no,train
49,AGGCCAGGTGTGGTAGCTCACGCC,no,train
848,TTTTTTTTTTTTTTGAGACAGAGT,no,train
75,AGGCTGGGCATGGTGGCTCATGCC,yes,train
684,TTTATTTTTAATTTTATTTTTGAG,yes,train
299,CTTTTTTTTTTTTTTTTTTTTTTT,yes,train
204,CGGCCGGGCGCGGTGGCTCACGCC,no,train
442,GGCTGGGCACAGTGGCTCACACCT,yes,train
858,TTTTTTTTTTTTTTTTGAGACAGG,yes,train
684,TTTATTTTTAATTTTATTTTTGAG,no,train
661,TTCTTTTGTTTTTTTGAGATGGAG,no,train
304,GACCAGGTGTGGTGGCTCACACCA,yes,train
150,ATTTTTTTTTCTTTTTCAGAGTTT,yes,train
847,TTTTTTTTTTTTTTGAGACACAGT,yes,train
75,AGGCTGGGCATGGTGGCTCATGCC,yes,train
447,GGCTGGGCACGAGGGCTCATGTCT,yes,train
303,GACCAGGTGCAGTAGCTCATGCTT,yes,train
201,CGGCCAGGCACAGTGACTTACACC,no,train
211,CTCACGCCTGTAATCCCAGCACTT,no,train
76,AGGCTGGGCGCGGTGGCTCACACC,yes,train
102,ATTCTTTTTGAGACAGAGTCTCTG,no,train
854,TTTTTTTTTTTTTTTGAGACGGAG,yes,train
172,ATTTTTTTTTTTTTTTTTTTGTGA,yes,train
451,GGCTGGGCACGGTGGCTCATGCCT,yes,train
451,GGCTGGGCACGGTGGCTCATGCCT,yes,train
781,TTTTTTATTTTTTTGAGATGGAGT,yes,train
254,CTTTTTGAGACGAGGTCTCACTGT,yes,train
776,TTTTTTATTTGTGTTTTTGTTTGT,yes,train
403,GGCCGGGCACGGTGACTCATGCCT,yes,train
792,TTTTTTGTTTTGTTTTGTTTGAGA,no,train
239,CTTTTCTCTTCTTTTTTCTTTTCT,yes,train
385,GGCCAGGTGCAGTGGCTCATGCTT,no,train
580,TCCAGGCATGGTGGCTCACATCTG,yes,train
338,GCGCAGTGGCTCACGCCTGTAATC,yes,train
522,GTGAGACAGAGTTTCACTCTGTCG,yes,train
404,GGCCGGGCACGGTGGCTCACCTGT,yes,train
102,ATTCTTTTTGAGACAGAGTCTCTG,no,train
369,GGCCAGGCCCAGTGGCTCACACCT,no,train
707,TTTGTGGGATGGAGTTTCACTTGT,no,train
158,ATTTTTTTTTTTTTTAATTTTGTT,no,train
439,GGCTGGATGCAGTGGCTCATGCCT,yes,train
508,GGGCTGGGTGCCGTGGCTCACGCC,yes,train
211,CTCACGCCTGTAATCCCAGCACTT,no,train
506,GGGCTGGGTGCAGTGCCTCTCGCC,yes,train
466,GGCTGGGCGTAGTGGCTCACACCT,yes,train
312,GAGACAGGTTCTTGATCTGTCACT,no,train
428,GGCCGGGTGCAGTGGCTCATGCCT,no,train
231,CTTTCTTTTTTTTTTTTTTTTTTT,no,train
310,GACTGGGTGCGGTGGCTCATGCCT,no,train
730,TTTTCTTTGTTTGTTTGTTTGTTT,no,train
882,TTTTTTTTTTTTTTTTTTTTTTTT,no,train
38,AGCTGGGTGTTTTGGCTCAGGCCT,yes,train
223,CTTTATTTATTTATTTATTTATGA,no,train
151,ATTTTTTTTTCTTTTTCTTGTTTT,no,train
239,CTTTTCTCTTCTTTTTTCTTTTCT,no,train
182,CAGTGGCTCACACCTGTAATCCCA,yes,train
535,GTTTTACTTTTTTTTTTTTTTTTT,no,train
801,TTTTTTTGTTTATGTGTTTGTTTT,no,train
792,TTTTTTGTTTTGTTTTGTTTGAGA,no,train
737,TTTTCTTTTTTTCTTTTTTGAGAT,yes,train
133,ATTTTGTTTTGTTTTTGTTTTTTG,no,train
581,TCCTGGCCAACATGGTGAAACCCC,no,train
525,GTGGCACTATCATAGTTCACTATA,yes,train
546,GTTTTGTTTTGTTTTTTTTTTTTT,yes,train
674,TTGTTTGTTGTTTTTGAGACAGAG,no,train
159,ATTTTTTTTTTTTTTCTTGGAATG,no,train
695,TTTCTTTTCTTTCCTTTCTTTTTT,no,train
411,GGCCGGGCGCAGTGGCCCACACCT,no,train
780,TTTTTTATTTTTTGAGGTGGAGTC,yes,train
211,CTCACGCCTGTAATCCCAGCACTT,no,train
145,ATTTTTTTGAGACAGGGTGTCACT,no,train
148,ATTTTTTTGTTTTTTGGGATGGAG,no,train
389,GGCCAGGTGGCGGTGGTTCACACC,no,train
779,TTTTTTATTTTTTATTTTATTTTA,no,train
321,GCAGTGGTTCGCACCTATAAGCCC,no,train
381,GGCCAGGTATGGTGGCTCATGCCT,no,train
488,GGGCCAGGCGCTGTGGCTCACACC,no,train
114,ATTTATTTTATTTTTTATTGTTTT,no,train
386,GGCCAGGTGCAGTGGCTCATTCCT,no,train
264,CTTTTTTTCATTTTTTTTTTTTTT,yes,train
411,GGCCGGGCGCAGTGGCCCACACCT,yes,train
468,GGCTGGGCGTGGTGGCTCACGCCT,no,train
804,TTTTTTTGTTTGTTTTTGAGGCGG,yes,train
24,AGCCGGGCATGGTGGCTCACGCCC,no,train
283,CTTTTTTTTTTTTTTTGAGATGGA,yes,train
192,CCGGGCGCAGTGGCTCATGCCTGT,no,train
243,CTTTTCTTTTCTTTTCTTTCTTTT,yes,train
409,GGCCGGGCCCAGTGGCTCACACCT,no,train
389,GGCCAGGTGGCGGTGGTTCACACC,yes,train
873,TTTTTTTTTTTTTTTTTTTTTGAG,no,train
848,TTTTTTTTTTTTTTGAGACAGAGT,yes,train
496,GGGCCGGGTGCAGTGACTCACGCC,no,train
737,TTTTCTTTTTTTCTTTTTTGAGAT,no,train
626,TGGCCGGGCATGGTGGCTCACGCC,no,train
442,GGCTGGGCACAGTGGCTCACACCT,yes,train
397,GGCCGGCAAGGTGGCTCACGCCTG,no,train
158,ATTTTTTTTTTTTTTAATTTTGTT,no,train
570,GTTTTTTTTTTTTTTCTTTAGAGA,yes,train
390,GGCCAGGTGTAGCGGCCCACACCT,no,train
547,GTTTTGTTTTTCTTTCTTTTTTTT,no,train
303,GACCAGGTGCAGTAGCTCATGCTT,yes,train
28,AGCTGGACGCAGTAGCTAATGCCT,yes,train
727,TTTTCTTGTTTTGAGACGGAGTCT,yes,train
438,GGCTGCGTGCAGTGGCTCACGCCT,yes,train
675,TTGTTTTTTGTTTTTTTGTTTTTT,yes,train
161,ATTTTTTTTTTTTTTTAGATGGAG,no,train
364,GGCCAGGCACGGTGGGTCACGCCT,yes,train
444,GGCTGGGCACAGTGGCTCACACCT,no,train
763,TTTTTCTTTGAGACAGAGTCACTC,no,train
666,TTCTTTTTTTTTTTGAGACGGAGT,yes,train
768,TTTTTGGTTTTTTTTGTTTTTTTT,no,train
363,GGCCAGGCACGGTGGCTCACGCCT,no,train
488,GGGCCAGGCGCTGTGGCTCACACC,no,train
175,ATTTTTTTTTTTTTTTTTTTTTTG,yes,train
699,TTTCTTTTTTTTTGAGACGGAGTC,no,train
199,CGCTGGGCGCGGTGGCTCACGCCT,yes,train
568,GTTTTTTTTTTTGAGACGGAGTCT,no,train
160,ATTTTTTTTTTTTTTGAGATGGAG,yes,train
476,GGCTGGGTGCGGTGGCTCACGCCT,yes,train
17,AGCCAGGCGCGGTGGCTCAAGCCT,yes,train
378,GGCCAGGGATGTTGGCTCACATCT,yes,train
464,GGCTGGGCGCGATGGCTCATGTCT,yes,train
18,AGCCAGGCGTGGTACGTAGCTCAC,yes,train
816,TTTTTTTTTGTTGTTGTTGAGACG,no,train
305,GACCCAGTGCGGTGGCTCACGCCT,yes,train
353,GGCCAAACATGGTGCCCCACGCCT,yes,train
735,TTTTCTTTTTCTTTTCTTTTTTTT,yes,train
661,TTCTTTTGTTTTTTTGAGATGGAG,yes,train
562,GTTTTTTTCTTTTTCTTTTTGAGA,no,train
414,GGCCGGGCGCAGTGGCTCATGCCT,no,train
297,CTTTTTTTTTTTTTTTTTTTTTTT,no,train
449,GGCTGGGCACGGTGGCTCATGCCT,yes,train
9,AGAGTCTCACTTTGTTGCCCAGGC,yes,train
563,GTTTTTTTGTTTGTTTTGCTTTTT,yes,train
595,TGCCGGGCGCGGTGGCTCACGTCT,no,train
774,TTTTTTAAGATGGAATCTTGCTCT,yes,train
519,GGTTGGGCATGGTAGCTCACACCT,yes,train
418,GGCCGGGCGCGGTGGCTCACACCT,no,train
42,AGGCAGGGTGCAGTGGCTCACGCC,yes,train
414,GGCCGGGCGCAGTGGCTCATGCCT,yes,train
321,GCAGTGGTTCGCACCTATAAGCCC,no,train
690,TTTCTGTTTTTTGTTTTTTTTTTT,yes,train
799,TTTTTTTGGTTTTTGTTTTGTTTT,no,train
829,TTTTTTTTTTTTAAAGACAGGGTC,no,train
560,GTTTTTTTATTTTTATTTTTGGAG,yes,train
516,GGTCGGGCACGGTGGCTCATGCCT,yes,train
580,TCCAGGCATGGTGGCTCACATCTG,yes,train
417,GGCCGGGCGCGGTGGCTCACACCT,no,train
675,TTGTTTTTTGTTTTTTTGTTTTTT,yes,train
326,GCCAGGCATGGTGGCTCATGCCTA,no,train
246,CTTTTGTTGTTTTTGAGACGGGGT,no,train
315,GAGGCTTGCTCTGTCACCCAGACT,no,train
372,GGCCAGGCGCGGTGGCTCACGCCT,no,train
63,AGGCCGGGTGCTGTGGCTCACACC,yes,train
445,GGCTGGGCACAGTGGCTCATGCCT,no,train
401,GGCCGGGCACAGTGGCTCATGCCT,no,train
338,GCGCAGTGGCTCACGCCTGTAATC,yes,train
688,TTTCCTTTTTTTTTTTTTTCTTTT,no,train
556,GTTTTTTGTTTGTTTGTTTGTTTT,no,train
695,TTTCTTTTCTTTCCTTTCTTTTTT,yes,train
825,TTTTTTTTTTTGAGACGGAGTCTC,no,train
837,TTTTTTTTTTTTTCCGAGACAGAG,yes,train
623,TGGCCGGGCACGGTGGCTCACACC,yes,train
168,ATTTTTTTTTTTTTTTTTTGACGG,no,train
504,GGGCTGGGCGCGGTGGCTCTCGCC,no,train
281,CTTTTTTTTTTTTTTGAGATGGAG,no,train
489,GGGCCAGGCGGTGGCTCACGCTTG,no,train
9,AGAGTCTCACTTTGTTGCCCAGGC,no,train
632,TGGCCGGGCGCGGTGGCTCATGCC,yes,train
314,GAGACCAGCCTGACCAATATGGAG,yes,train
154,ATTTTTTTTTTTGAGATGGAGTCT,yes,train
347,GCTGGGCGTGGTGGCTCACGCCTA,no,train
690,TTTCTGTTTTTTGTTTTTTTTTTT,yes,train
562,GTTTTTTTCTTTTTCTTTTTGAGA,no,train
816,TTTTTTTTTGTTGTTGTTGAGACG,no,train
145,ATTTTTTTGAGACAGGGTGTCACT,no,train
136,ATTTTTGTATTTTTCCTTTTTTTT,yes,train
176,ATTTTTTTTTTTTTTTTTTTTTTT,no,train
104,ATTCTTTTTTTTTTTCTTCTTTGA,no,train
501,GGGCTGGGCATGGTGGCTCACACC,yes,train
439,GGCTGGATGCAGTGGCTCATGCCT,no,train
283,CTTTTTTTTTTTTTTTGAGATGGA,yes,train
858,TTTTTTTTTTTTTTTTGAGACAGG,yes,train
83,AGGCTGGGTGCGCTGTGGCTCATG,no,train
237,CTTTTATTGTTTTTTGAGACGGAG,no,train
47,AGGCCAGGCGTGGTGGCTCATGCC,no,train
848,TTTTTTTTTTTTTTGAGACAGAGT,yes,train
700,TTTCTTTTTTTTTTTTTTGAGATG,yes,train
871,TTTTTTTTTTTTTTTTTTTTGAGG,no,train
787,TTTTTTGAGACAAGGTCTTGCTCT,no,train
644,TGGCTGGGCGCGGTGGCTCACGCC,yes,train
505,GGGCTGGGTGCAGTCGCTCACGCC,no,train
839,TTTTTTTTTTTTTGAGACTCAGGA,yes,train
716,TTTGTTTTTTTTGTTTTTTTGACA,yes,train
371,GGCCAGGCGCGGTGGCTCACGCCT,no,train
816,TTTTTTTTTGTTGTTGTTGAGACG,no,train
541,GTTTTGCTTTTTTTTTTTTTTTTT,yes,train
378,GGCCAGGGATGTTGGCTCACATCT,yes,train
660,TTCTTTTATTTTTTTTGAGATGGA,yes,train
162,ATTTTTTTTTTTTTTTGCGATGAA,yes,train
452,GGCTGGGCACGGTGGCTCGTGCTT,no,train
258,CTTTTTTATTTTTATTTTTTTGAG,yes,train
492,GGGCCAGGTGTGGTGGCTCACGCC,no,train
343,GCTGGGCACAATGGTTCACACCTG,yes,train
368,GGCCAGGCATGGTGGTTCACGCCT,no,train
547,GTTTTGTTTTTCTTTCTTTTTTTT,no,train
297,CTTTTTTTTTTTTTTTTTTTTTTT,yes,train
354,GGCCAAGCATGGTGGCTCACACCT,yes,train
347,GCTGGGCGTGGTGGCTCACGCCTA,no,train
182,CAGTGGCTCACACCTGTAATCCCA,yes,train
436,GGCTAGGCGCAGTGGCTCACTCCT,no,train
755,TTTTTATTTTATTTATTTATTTAT,yes,train
620,TGGCCGGGCACAGTGGCTCACGCC,yes,train
835,TTTTTTTTTTTTGAGAGAGTTTTG,no,train
789,TTTTTTGTGATTTTTTTTTTTTCG,yes,train
851,TTTTTTTTTTTTTTGAGATGGAGT,no,train
187,CCAGGTGCAGTGGCTCATGCCTGT,yes,train
503,GGGCTGGGCCCATTAGCTCACACC,yes,train
787,TTTTTTGAGACAAGGTCTTGCTCT,no,train
827,TTTTTTTTTTTGGAGACGGGCTCT,no,train
463,GGCTGGGCGCAGTGGCTCATGCCT,yes,train
591,TGCCGAGTGGAGTGGCTCACACCT,yes,train
105,ATTCTTTTTTTTTTTTTGAGATGG,no,train
242,CTTTTCTTTTCTTGAGGCAGGGTC,no,train
381,GGCCAGGTATGGTGGCTCATGCCT,yes,train
452,GGCTGGGCACGGTGGCTCGTGCTT,no,train
838,TTTTTTTTTTTTTCTTTTTTTCTT,no,train
839,TTTTTTTTTTTTTGAGACTCAGGA,yes,train
730,TTTTCTTTGTTTGTTTGTTTGTTT,yes,train
789,TTTTTTGTGATTTTTTTTTTTTCG,yes,train
882,TTTTTTTTTTTTTTTTTTTTTTTT,no,train
246,CTTTTGTTGTTTTTGAGACGGGGT,no,train
787,TTTTTTGAGACAAGGTCTTGCTCT,yes,train
875,TTTTTTTTTTTTTTTTTTTTTTTA,yes,train
200,CGCTGGGTACAGTTGCTTACACCT,no,train
582,TCTCTCTTTTTTTTTTTTTTGAGA,no,train
509,GGGCTGGGTGCGGTGGCTCACACC,no,train
601,TGGCCAGACACAGTGGCTCATGCC,no,train
105,ATTCTTTTTTTTTTTTTGAGATGG,yes,train
133,ATTTTGTTTTGTTTTTGTTTTTTG,no,train
431,GGCCGGTCGTGGTGGCTCATGCCT,yes,train
453,GGCTGGGCACGGTGGCTCTCGCCT,no,train
401,GGCCGGGCACAGTGGCTCATGCCT,yes,train
760,TTTTTCTTATCTTTTTTTTTTTCC,yes,train
660,TTCTTTTATTTTTTTTGAGATGGA,yes,train
601,TGGCCAGACACAGTGGCTCATGCC,yes,train
575,TAGTGCAATGGCGCAATCCTGGCT,no,train
154,ATTTTTTTTTTTGAGATGGAGTCT,yes,train
460,GGCTGGGCGCAGCGGCTCACGCCT,yes,train
779,TTTTTTATTTTTTATTTTATTTTA,yes,train
116,ATTTATTTTTATTTTTATTTTTTT,yes,train
145,ATTTTTTTGAGACAGGGTGTCACT,no,train
238,CTTTTCGTTGTTGTTGAGACAGGG,no,train
696,TTTCTTTTTTCTAAGACAGAGTCT,yes,train
56,AGGCCGGGCATGGTGGCTCACGCT,yes,train
696,TTTCTTTTTTCTAAGACAGAGTCT,yes,train
676,TTGTTTTTTTTTAATTTTTTAATT,no,train
9,AGAGTCTCACTTTGTTGCCCAGGC,no,train
456,GGCTGGGCATGGTGGCTCACGCCT,no,train
385,GGCCAGGTGCAGTGGCTCATGCTT,yes,train
516,GGTCGGGCACGGTGGCTCATGCCT,yes,train
17,AGCCAGGCGCGGTGGCTCAAGCCT,no,train
522,GTGAGACAGAGTTTCACTCTGTCG,yes,train
53,AGGCCGGGCACGGTGGCTCACACC,yes,train
479,GGCTTGGTGCAGTGACGACACACC,yes,train
87,AGGCTGTTGCTCTGTCACCCAGGA,yes,train
423,GGCCGGGCGCGGTGGCTCATGCCT,no,train
159,ATTTTTTTTTTTTTTCTTGGAATG,no,train
145,ATTTTTTTGAGACAGGGTGTCACT,yes,train
617,TGGCCAGGTGCGGTGGCTCACGCC,no,train
751,TTTTGTTTTTTGTTGTTGTGGTGG,no,train
369,GGCCAGGCCCAGTGGCTCACACCT,no,train
499,GGGCTGGGCACAGTGGCTTACGCC,no,train
134,ATTTTTATTTATTATTATTTTTTA,no,train
774,TTTTTTAAGATGGAATCTTGCTCT,yes,train
306,GACCGGGCGTAGTGGCTCACGCCT,yes,train
380,GGCCAGGGGCAGTGGTTCATGCCT,no,train
245,CTTTTCTTTTTCTTTTCTTTTTTT,yes,train
717,TTTTACTTTTTTTTTTTTTTGGGA,yes,train
699,TTTCTTTTTTTTTGAGACGGAGTC,no,train
287,CTTTTTTTTTTTTTTTTTTAATTG,yes,train
858,TTTTTTTTTTTTTTTTGAGACAGG,yes,train
865,TTTTTTTTTTTTTTTTTGAGACAG,no,train
406,GGCCGGGCACGGTGGCTCACGCCT,no,train
5,ACTCATGCCTGTAATCCCAGCACT,no,train
793,TTTTTTGTTTTGTTTTTTTTGAGA,yes,train
363,GGCCAGGCACGGTGGCTCACGCCT,yes,train
715,TTTGTTTTTGTTTTTTTTGTTTTT,no,train
400,GGCCGGGCACAGTGGCTCACGCCT,no,train
443,GGCTGGGCACAGTGGCTCACACCT,no,train
767,TTTTTGAGACAGAGTCTCGCTCTT,no,train
410,GGCCGGGCGCAATGGCTCGCGCCT,yes,train
457,GGCTGGGCATGGTGGTTCACACCT,yes,train
739,TTTTGAAATGGAGTTTTGCTCAGT,no,train
547,GTTTTGTTTTTCTTTCTTTTTTTT,yes,train
757,TTTTTATTTTTATTTTATTTTTTA,yes,train
467,GGCTGGGCGTGGTGGCCCACGCCT,no,train
39,AGGACAGGCGCGGTGGCTCACGCC,yes,train
702,TTTCTTTTTTTTTTTTTTTTTTTT,no,train
389,GGCCAGGTGGCGGTGGTTCACACC,yes,train
582,TCTCTCTTTTTTTTTTTTTTGAGA,yes,train
347,GCTGGGCGTGGTGGCTCACGCCTA,yes,train
460,GGCTGGGCGCAGCGGCTCACGCCT,yes,train
112,ATTTATTTTATTTTATTTTATTTT,no,train
428,GGCCGGGTGCAGTGGCTCATGCCT,no,train
700,TTTCTTTTTTTTTTTTTTGAGATG,yes,train
76,AGGCTGGGCGCGGTGGCTCACACC,yes,train
462,GGCTGGGCGCAGTGGCTCACTCCT,no,train
729,TTTTCTTTCTTTTTTTTTTTTTTT,no,train
276,CTTTTTTTTTTTTTTCGGACAGAG,yes,train
485,GGGCCAGGCGCAGTGGCTCACGCC,yes,train
655,TGTGCAGGGACTCATGACTGTAAT,yes,train
618,TGGCCCGATGCAGTGGCTCATGCC,yes,train
879,TTTTTTTTTTTTTTTTTTTTTTTT,yes,train
124,ATTTTATTTTATTATTTTTTTTTA,no,train
870,TTTTTTTTTTTTTTTTTTTTGAGA,yes,train
29,AGCTGGGCACGTGGCTCACACCTG,yes,train
466,GGCTGGGCGTAGTGGCTCACACCT,yes,train
159,ATTTTTTTTTTTTTTCTTGGAATG,no,train
403,GGCCGGGCACGGTGACTCATGCCT,no,train
513,GGGTTGGGCACGGTGGCGCATGCC,yes,train
96,AGTTTGTTTGTTTGTTTGTTTGTT,yes,train
655,TGTGCAGGGACTCATGACTGTAAT,no,train
160,ATTTTTTTTTTTTTTGAGATGGAG,yes,train
468,GGCTGGGCGTGGTGGCTCACGCCT,no,train
544,GTTTTGTTTTGTTTTTTGTTTTGA,yes,train
363,GGCCAGGCACGGTGGCTCACGCCT,no,train
144,ATTTTTTTCTTCTTTTTTCCACAG,yes,train
96,AGTTTGTTTGTTTGTTTGTTTGTT,no,train
745,TTTTGTTTTAATATTTTTTTTCTT,yes,train
568,GTTTTTTTTTTTGAGACGGAGTCT,yes,train
877,TTTTTTTTTTTTTTTTTTTTTTTT,no,train
499,GGGCTGGGCACAGTGGCTTACGCC,yes,train
508,GGGCTGGGTGCCGTGGCTCACGCC,no,train
563,GTTTTTTTGTTTGTTTTGCTTTTT,no,train
671,TTGGGAGGCCGACCTGGGTGGATC,yes,train
158,ATTTTTTTTTTTTTTAATTTTGTT,no,train
466,GGCTGGGCGTAGTGGCTCACACCT,no,train
380,GGCCAGGGGCAGTGGTTCATGCCT,no,train
684,TTTATTTTTAATTTTATTTTTGAG,yes,train
24,AGCCGGGCATGGTGGCTCACGCCC,yes,train
401,GGCCGGGCACAGTGGCTCATGCCT,no,train
108,ATTTATTTATTTATTTTTGAGACA,yes,train
652,TGGGCACAGTGGCTCATGCCTGTA,no,train
410,GGCCGGGCGCAATGGCTCGCGCCT,no,train
423,GGCCGGGCGCGGTGGCTCATGCCT,yes,train
525,GTGGCACTATCATAGTTCACTATA,yes,train
604,TGGCCAGGCACAGTAACTCCTGCC,yes,train
457,GGCTGGGCATGGTGGTTCACACCT,yes,train
541,GTTTTGCTTTTTTTTTTTTTTTTT,yes,train
879,TTTTTTTTTTTTTTTTTTTTTTTT,yes,train
874,TTTTTTTTTTTTTTTTTTTTTTGA,no,train
462,GGCTGGGCGCAGTGGCTCACTCCT,no,train
419,GGCCGGGCGCGGTGGCTCACGCCT,yes,train
2,AAGATGGAGTCTTATTCTGTCGCC,no,train
825,TTTTTTTTTTTGAGACGGAGTCTC,yes,train
676,TTGTTTTTTTTTAATTTTTTAATT,no,train
238,CTTTTCGTTGTTGTTGAGACAGGG,yes,train
420,GGCCGGGCGCGGTGGCTCACGCCT,no,train
829,TTTTTTTTTTTTAAAGACAGGGTC,no,train
452,GGCTGGGCACGGTGGCTCGTGCTT,no,train
254,CTTTTTGAGACGAGGTCTCACTGT,no,train
56,AGGCCGGGCATGGTGGCTCACGCT,yes,train
742,TTTTGTGAGACAGCCTTGCTCTGT,yes,train
790,TTTTTTGTTTGTTTTTTGGAGACA,yes,train
760,TTTTTCTTATCTTTTTTTTTTTCC,yes,train
731,TTTTCTTTTCTTGTGTGTTTTTTT,yes,train
460,GGCTGGGCGCAGCGGCTCACGCCT,no,train
375,GGCCAGGCGTGGTGGCTCATGCCT,yes,train
801,TTTTTTTGTTTATGTGTTTGTTTT,no,train
512,GGGGGCAGAGGTGGGCGGATCACC,yes,train
538,GTTTTCTTTTCTTTTCTTTTTTTT,no,train
146,ATTTTTTTGGACATGGCCTTGCTC,yes,train
304,GACCAGGTGTGGTGGCTCACACCA,yes,train
519,GGTTGGGCATGGTAGCTCACACCT,yes,train
346,GCTGGGCATGGTGGCTCATGCCTG,yes,train
779,TTTTTTATTTTTTATTTTATTTTA,yes,train
562,GTTTTTTTCTTTTTCTTTTTGAGA,no,train
799,TTTTTTTGGTTTTTGTTTTGTTTT,no,train
783,TTTTTTCTTGTTTTTCTTTTTTCT,yes,train
847,TTTTTTTTTTTTTTGAGACACAGT,yes,train
715,TTTGTTTTTGTTTTTTTTGTTTTT,no,train
701,TTTCTTTTTTTTTTTTTTTTTTTT,yes,train
243,CTTTTCTTTTCTTTTCTTTCTTTT,yes,train
131,ATTTTGTTGTTGTTATTTGTTTCT,yes,train
527,GTTCTTGTTTTTGTTTTGTTTTTT,yes,train
155,ATTTTTTTTTTTTTGAGACAGAGT,yes,train
839,TTTTTTTTTTTTTGAGACTCAGGA,no,train
719,TTTTATTTATTTATTTTTTGAGAG,no,train
780,TTTTTTATTTTTTGAGGTGGAGTC,no,train
626,TGGCCGGGCATGGTGGCTCACGCC,yes,train
351,GGCACGGTGGCTCACGCCTGTAAT,no,train
312,GAGACAGGTTCTTGATCTGTCACT,yes,train
819,TTTTTTTTTTCCTTTTTTTTTTTT,no,train
10,AGATCAGGCATGGTGGCTTACACC,yes,train
338,GCGCAGTGGCTCACGCCTGTAATC,yes,train
838,TTTTTTTTTTTTTCTTTTTTTCTT,yes,train
879,TTTTTTTTTTTTTTTTTTTTTTTT,yes,train
867,TTTTTTTTTTTTTTTTTTTGAGAT,yes,train
355,GGCCAGACGTGGTGGCTCACGCCT,yes,train
737,TTTTCTTTTTTTCTTTTTTGAGAT,yes,train
575,TAGTGCAATGGCGCAATCCTGGCT,yes,train
585,TCTTTTTTTTTTTTTCTTTTTGAG,no,train
410,GGCCGGGCGCAATGGCTCGCGCCT,no,train
301,GACAGAGTCTTGCTCTGTCACCCA,yes,train
529,GTTCTTTTTTTTTTAGACAGCGTT,yes,train
837,TTTTTTTTTTTTTCCGAGACAGAG,no,train
804,TTTTTTTGTTTGTTTTTGAGGCGG,yes,train
346,GCTGGGCATGGTGGCTCATGCCTG,no,train
787,TTTTTTGAGACAAGGTCTTGCTCT,no,train
31,AGCTGGGCATGGTGGTTCATGCCT,yes,train
643,TGGCTGGGCCCGGTGGCTCATGCC,yes,train
548,GTTTTGTTTTTTGGGGTTTGTTTT,yes,train
224,CTTTATTTTAATTATTATTATTTT,yes,train
366,GGCCAGGCATGGTGGCTCACACCT,yes,train
159,ATTTTTTTTTTTTTTCTTGGAATG,no,train
304,GACCAGGTGTGGTGGCTCACACCA,no,train
443,GGCTGGGCACAGTGGCTCACACCT,yes,train
467,GGCTGGGCGTGGTGGCCCACGCCT,yes,train
608,TGGCCAGGCATAATGGCTTATGCC,no,train
696,TTTCTTTTTTCTAAGACAGAGTCT,no,train
801,TTTTTTTGTTTATGTGTTTGTTTT,no,train
204,CGGCCGGGCGCGGTGGCTCACGCC,no,train
715,TTTGTTTTTGTTTTTTTTGTTTTT,yes,train
321,GCAGTGGTTCGCACCTATAAGCCC,no,train
396,GGCCGAGCGTGATGGCTCACCCCT,yes,train
760,TTTTTCTTATCTTTTTTTTTTTCC,no,train
373,GGCCAGGCGCGGTGGCTCATCCCT,yes,train
452,GGCTGGGCACGGTGGCTCGTGCTT,no,train
467,GGCTGGGCGTGGTGGCCCACGCCT,no,train
447,GGCTGGGCACGAGGGCTCATGTCT,no,train
49,AGGCCAGGTGTGGTAGCTCACGCC,no,train
580,TCCAGGCATGGTGGCTCACATCTG,yes,train
783,TTTTTTCTTGTTTTTCTTTTTTCT,yes,train
310,GACTGGGTGCGGTGGCTCATGCCT,no,train
717,TTTTACTTTTTTTTTTTTTTGGGA,yes,train
451,GGCTGGGCACGGTGGCTCATGCCT,yes,train
581,TCCTGGCCAACATGGTGAAACCCC,no,train
165,ATTTTTTTTTTTTTTTTGAGACAG,yes,train
354,GGCCAAGCATGGTGGCTCACACCT,yes,train
529,GTTCTTTTTTTTTTAGACAGCGTT,yes,train
467,GGCTGGGCGTGGTGGCCCACGCCT,no,train
695,TTTCTTTTCTTTCCTTTCTTTTTT,yes,train
250,CTTTTTATTTTTTTGAGACAGTCT,yes,train
747,TTTTGTTTTGTTTTTTTTTTAAGA,no,train
410,GGCCGGGCGCAATGGCTCGCGCCT,no,train
376,GGCCAGGCTCTGTGACTCACGCCT,yes,train
372,GGCCAGGCGCGGTGGCTCACGCCT,no,train
237,CTTTTATTGTTTTTTGAGACGGAG,no,train
105,ATTCTTTTTTTTTTTTTGAGATGG,yes,train
783,TTTTTTCTTGTTTTTCTTTTTTCT,no,train
560,GTTTTTTTATTTTTATTTTTGGAG,no,train
644,TGGCTGGGCGCGGTGGCTCACGCC,yes,train
124,ATTTTATTTTATTATTTTTTTTTA,yes,train
675,TTGTTTTTTGTTTTTTTGTTTTTT,no,train
357,GGCCAGGCACAATGGCTCACACCT,no,train
594,TGCCGGGCATGGTGGCTTGCACCT,yes,train
757,TTTTTATTTTTATTTTATTTTTTA,yes,train
322,GCCAGGCACGGTGGCTCACGCCTG,yes,train
204,CGGCCGGGCGCGGTGGCTCACGCC,no,train
5,ACTCATGCCTGTAATCCCAGCACT,yes,train
287,CTTTTTTTTTTTTTTTTTTAATTG,no,train
466,GGCTGGGCGTAGTGGCTCACACCT,yes,train
303,GACCAGGTGCAGTAGCTCATGCTT,yes,train
243,CTTTTCTTTTCTTTTCTTTCTTTT,yes,train
411,GGCCGGGCGCAGTGGCCCACACCT,yes,train
742,TTTTGTGAGACAGCCTTGCTCTGT,yes,train
56,AGGCCGGGCATGGTGGCTCACGCT,yes,train
508,GGGCTGGGTGCCGTGGCTCACGCC,no,train
390,GGCCAGGTGTAGCGGCCCACACCT,no,train
436,GGCTAGGCGCAGTGGCTCACTCCT,no,train
340,GCTAGACACAGTGGCTCATGCCTG,yes,train
386,GGCCAGGTGCAGTGGCTCATTCCT,yes,train
411,GGCCGGGCGCAGTGGCCCACACCT,no,train
191,CCGGGCACGGTGGCTCACACCTGT,no,train
701,TTTCTTTTTTTTTTTTTTTTTTTT,no,train
779,TTTTTTATTTTTTATTTTATTTTA,no,train
488,GGGCCAGGCGCTGTGGCTCACACC,no,train
41,AGGCAGGGCGAGGTGGCTCAAACC,no,train
201,CGGCCAGGCACAGTGACTTACACC,yes,train
191,CCGGGCACGGTGGCTCACACCTGT,no,train
688,TTTCCTTTTTTTTTTTTTTCTTTT,yes,train
276,CTTTTTTTTTTTTTTCGGACAGAG,yes,train
14,AGCCAGGCATGGTGGTTCACACCT,no,train
36,AGCTGGGTGTGGTGGCTCATACCT,yes,train
76,AGGCTGGGCGCGGTGGCTCACACC,no,train
363,GGCCAGGCACGGTGGCTCACGCCT,no,train
28,AGCTGGACGCAGTAGCTAATGCCT,yes,train
776,TTTTTTATTTGTGTTTTTGTTTGT,yes,train
165,ATTTTTTTTTTTTTTTTGAGACAG,yes,train
286,CTTTTTTTTTTTTTTTTGAGACAA,yes,train
428,GGCCGGGTGCAGTGGCTCATGCCT,no,train
751,TTTTGTTTTTTGTTGTTGTGGTGG,yes,train
862,TTTTTTTTTTTTTTTTGAGATGGA,no,train
506,GGGCTGGGTGCAGTGCCTCTCGCC,yes,train
706,TTTGAGATGGAGTCTTGCTTCATT,no,train
376,GGCCAGGCTCTGTGACTCACGCCT,yes,train
742,TTTTGTGAGACAGCCTTGCTCTGT,yes,train
513,GGGTTGGGCACGGTGGCGCATGCC,no,train
460,GGCTGGGCGCAGCGGCTCACGCCT,yes,train
531,GTTGTTTGTCTGCTTGTTTGCGAC,no,train
548,GTTTTGTTTTTTGGGGTTTGTTTT,yes,train
330,GCCAGGTGTGGTGGCTCACGCCTC,yes,train
431,GGCCGGTCGTGGTGGCTCATGCCT,no,train
338,GCGCAGTGGCTCACGCCTGTAATC,no,train
344,GCTGGGCACAGTAGCTCATGCCTG,yes,train
400,GGCCGGGCACAGTGGCTCACGCCT,yes,train
83,AGGCTGGGTGCGCTGTGGCTCATG,yes,train
33,AGCTGGGCGCAGTGGCTCACGCCT,no,train
835,TTTTTTTTTTTTGAGAGAGTTTTG,yes,train
763,TTTTTCTTTGAGACAGAGTCACTC,yes,train
471,GGCTGGGTGCAATGGCTCACACCT,yes,train
525,GTGGCACTATCATAGTTCACTATA,yes,train
174,ATTTTTTTTTTTTTTTTTTTTTTG,no,train
83,AGGCTGGGTGCGCTGTGGCTCATG,yes,train
38,AGCTGGGTGTTTTGGCTCAGGCCT,yes,train
201,CGGCCAGGCACAGTGACTTACACC,yes,train
563,GTTTTTTTGTTTGTTTTGCTTTTT,yes,train
581,TCCTGGCCAACATGGTGAAACCCC,no,train
344,GCTGGGCACAGTAGCTCATGCCTG,no,train
114,ATTTATTTTATTTTTTATTGTTTT,no,train
313,GAGACAGTCTTGCTTTGTCGCCAG,yes,train
246,CTTTTGTTGTTTTTGAGACGGGGT,yes,train
43,AGGCCAGACACAATGGCTCATGCT,yes,train
368,GGCCAGGCATGGTGGTTCACGCCT,yes,train
831,TTTTTTTTTTTTCCGAGATGGAAT,no,train
414,GGCCGGGCGCAGTGGCTCATGCCT,yes,train
534,GTTTCCTTTTTCTTCATTTCTATT,no,train
401,GGCCGGGCACAGTGGCTCATGCCT,no,train
404,GGCCGGGCACGGTGGCTCACCTGT,no,train
696,TTTCTTTTTTCTAAGACAGAGTCT,no,train
24,AGCCGGGCATGGTGGCTCACGCCC,no,train
385,GGCCAGGTGCAGTGGCTCATGCTT,yes,train
356,GGCCAGAGACTGTGGCTCATGCCT,no,train
666,TTCTTTTTTTTTTTGAGACGGAGT,yes,train
581,TCCTGGCCAACATGGTGAAACCCC,no,train
227,CTTTCTCACTCAGGCTGCAGTGAG,yes,train
437,GGCTCAGCGTGGTGGCTCATGCCT,no,train
182,CAGTGGCTCACACCTGTAATCCCA,yes,train
707,TTTGTGGGATGGAGTTTCACTTGT,no,train
173,ATTTTTTTTTTTTTTTTTTTTTGA,yes,train
556,GTTTTTTGTTTGTTTGTTTGTTTT,no,train
16,AGCCAGGCGCAGTGGCTCACGCCT,no,train
359,GGCCAGGCACAGTGGCTCACACCT,no,train
306,GACCGGGCGTAGTGGCTCACGCCT,yes,train
881,TTTTTTTTTTTTTTTTTTTTTTTT,yes,train
752,TTTTGTTTTTTTTTTGTTGTTGTT,no,train
582,TCTCTCTTTTTTTTTTTTTTGAGA,no,train
101,ATTCTTTGTTTTTTTTTGAGATGG,no,train
439,GGCTGGATGCAGTGGCTCATGCCT,no,train
305,GACCCAGTGCGGTGGCTCACGCCT,yes,train
854,TTTTTTTTTTTTTTTGAGACGGAG,no,train
663,TTCTTTTTTCTTTTCTTTTTTTTT,no,train
258,CTTTTTTATTTTTATTTTTTTGAG,yes,train
829,TTTTTTTTTTTTAAAGACAGGGTC,yes,train
54,AGGCCGGGCACTGTGGCTTACACA,no,train
354,GGCCAAGCATGGTGGCTCACACCT,no,train
373,GGCCAGGCGCGGTGGCTCATCCCT,no,train
22,AGCCAGGTGCGGTGGCTCATGCCT,no,train
306,GACCGGGCGTAGTGGCTCACGCCT,no,train
108,ATTTATTTATTTATTTTTGAGACA,no,train
390,GGCCAGGTGTAGCGGCCCACACCT,no,train
75,AGGCTGGGCATGGTGGCTCATGCC,no,train
503,GGGCTGGGCCCATTAGCTCACACC,yes,train
488,GGGCCAGGCGCTGTGGCTCACACC,no,train
714,TTTGTTTTGTTTTTTGTTTTGAGA,no,train
196,CGCAGAGGCAGGCGGATCACTTGA,no,train
364,GGCCAGGCACGGTGGGTCACGCCT,no,train
423,GGCCGGGCGCGGTGGCTCATGCCT,no,train
118,ATTTCCTTCTTTTTTTTTTTGAGA,no,train
200,CGCTGGGTACAGTTGCTTACACCT,yes,train
47,AGGCCAGGCGTGGTGGCTCATGCC,no,train
640,TGGCTGGGCACGGTGGCTCACGCC,yes,train
376,GGCCAGGCTCTGTGACTCACGCCT,no,train
730,TTTTCTTTGTTTGTTTGTTTGTTT,no,train
642,TGGCTGGGCATGGTGGGTGCCTGT,no,train
839,TTTTTTTTTTTTTGAGACTCAGGA,yes,train
182,CAGTGGCTCACACCTGTAATCCCA,yes,train
801,TTTTTTTGTTTATGTGTTTGTTTT,no,train
313,GAGACAGTCTTGCTTTGTCGCCAG,yes,train
14,AGCCAGGCATGGTGGTTCACACCT,yes,train
837,TTTTTTTTTTTTTCCGAGACAGAG,yes,train
591,TGCCGAGTGGAGTGGCTCACACCT,yes,train
28,AGCTGGACGCAGTAGCTAATGCCT,yes,train
718,TTTTATTCTTTTTTTTTTTTTTTT,no,train
271,CTTTTTTTTTTTTCGAGACACGGT,no,train
162,ATTTTTTTTTTTTTTTGCGATGAA,yes,train
124,ATTTTATTTTATTATTTTTTTTTA,yes,train
510,GGGCTGGGTGTGGTGGCTCATGCC,yes,train
808,TTTTTTTTCTTTTTCTTTTTCTTT,no,train
219,CTTATATTTTATTTACTTACTTAA,yes,train
56,AGGCCGGGCATGGTGGCTCACGCT,yes,train
809,TTTTTTTTCTTTTTTTTTCTTTTT,yes,train
313,GAGACAGTCTTGCTTTGTCGCCAG,yes,train
192,CCGGGCGCAGTGGCTCATGCCTGT,yes,train
660,TTCTTTTATTTTTTTTGAGATGGA,no,train
457,GGCTGGGCATGGTGGTTCACACCT,yes,train
321,GCAGTGGTTCGCACCTATAAGCCC,no,train
76,AGGCTGGGCGCGGTGGCTCACACC,yes,train
779,TTTTTTATTTTTTATTTTATTTTA,yes,train
173,ATTTTTTTTTTTTTTTTTTTTTGA,yes,train
333,GCCGGGCATGGTGGCTCACGCCTG,no,train
730,TTTTCTTTGTTTGTTTGTTTGTTT,yes,train
277,CTTTTTTTTTTTTTTCTTTTTAAG,yes,train
453,GGCTGGGCACGGTGGCTCTCGCCT,no,train
346,GCTGGGCATGGTGGCTCATGCCTG,yes,train
529,GTTCTTTTTTTTTTAGACAGCGTT,yes,train
838,TTTTTTTTTTTTTCTTTTTTTCTT,yes,train
742,TTTTGTGAGACAGCCTTGCTCTGT,no,train
23,AGCCGGGCACGGTGGCTCACACCT,no,train
13,AGCCAGGCATGGTGGCTCATGCCT,yes,train
672,TTGTTATTTTTTATTTTTATTTTT,no,train
116,ATTTATTTTTATTTTTATTTTTTT,yes,train
875,TTTTTTTTTTTTTTTTTTTTTTTA,no,train
817,TTTTTTTTTGTTTTAGAAGGAGTT,yes,train
146,ATTTTTTTGGACATGGCCTTGCTC,yes,train
442,GGCTGGGCACAGTGGCTCACACCT,yes,train
747,TTTTGTTTTGTTTTTTTTTTAAGA,yes,train
718,TTTTATTCTTTTTTTTTTTTTTTT,no,train
376,GGCCAGGCTCTGTGACTCACGCCT,no,train
676,TTGTTTTTTTTTAATTTTTTAATT,no,train
545,GTTTTGTTTTGTTTTTTTGAGACA,no,train
364,GGCCAGGCACGGTGGGTCACGCCT,yes,train
343,GCTGGGCACAATGGTTCACACCTG,no,train
47,AGGCCAGGCGTGGTGGCTCATGCC,no,train
256,CTTTTTGATTGATTGTTTGTTATG,no,train
547,GTTTTGTTTTTCTTTCTTTTTTTT,no,train
378,GGCCAGGGATGTTGGCTCACATCT,no,train
825,TTTTTTTTTTTGAGACGGAGTCTC,no,train
136,ATTTTTGTATTTTTCCTTTTTTTT,yes,train
793,TTTTTTGTTTTGTTTTTTTTGAGA,yes,train
192,CCGGGCGCAGTGGCTCATGCCTGT,yes,train
751,TTTTGTTTTTTGTTGTTGTGGTGG,yes,train
541,GTTTTGCTTTTTTTTTTTTTTTTT,yes,train
660,TTCTTTTATTTTTTTTGAGATGGA,yes,train
131,ATTTTGTTGTTGTTATTTGTTTCT,no,train
371,GGCCAGGCGCGGTGGCTCACGCCT,no,train
532,GTTGTTTTGTTTTGTTTTGAGACA,no,train
16,AGCCAGGCGCAGTGGCTCACGCCT,yes,train
562,GTTTTTTTCTTTTTCTTTTTGAGA,no,train
710,TTTGTTTGTTTAGAGATAGGATCT,yes,train
307,GACCGGGTGTGGTGGCTCACACCT,yes,train
506,GGGCTGGGTGCAGTGCCTCTCGCC,yes,train
768,TTTTTGGTTTTTTTTGTTTTTTTT,no,train
9,AGAGTCTCACTTTGTTGCCCAGGC,yes,train
280,CTTTTTTTTTTTTTTGAGAGGGAG,no,train
628,TGGCCGGGCGCGCTGGCTCACGCC,no,train
31,AGCTGGGCATGGTGGTTCATGCCT,no,train
575,TAGTGCAATGGCGCAATCCTGGCT,yes,train
529,GTTCTTTTTTTTTTAGACAGCGTT,yes,train
355,GGCCAGACGTGGTGGCTCACGCCT,no,train
464,GGCTGGGCGCGATGGCTCATGTCT,yes,train
763,TTTTTCTTTGAGACAGAGTCACTC,no,train
182,CAGTGGCTCACACCTGTAATCCCA,no,train
755,TTTTTATTTTATTTATTTATTTAT,yes,train
87,AGGCTGTTGCTCTGTCACCCAGGA,yes,train
541,GTTTTGCTTTTTTTTTTTTTTTTT,yes,train
643,TGGCTGGGCCCGGTGGCTCATGCC,no,train
591,TGCCGAGTGGAGTGGCTCACACCT,yes,train
617,TGGCCAGGTGCGGTGGCTCACGCC,no,train
807,TTTTTTTTCTTTCTTTTTATTTCT,no,train
424,GGCCGGGCGTGGTGGCTCACACCT,yes,train
719,TTTTATTTATTTATTTTTTGAGAG,no,train
231,CTTTCTTTTTTTTTTTTTTTTTTT,yes,train
623,TGGCCGGGCACGGTGGCTCACACC,yes,train
411,GGCCGGGCGCAGTGGCCCACACCT,yes,train
227,CTTTCTCACTCAGGCTGCAGTGAG,no,train
769,TTTTTGTTTGTTTGTTTGTTTGTT,no,train
163,ATTTTTTTTTTTTTTTTCAAGACG,yes,train
690,TTTCTGTTTTTTGTTTTTTTTTTT,yes,train
63,AGGCCGGGTGCTGTGGCTCACACC,no,train
545,GTTTTGTTTTGTTTTTTTGAGACA,yes,train
512,GGGGGCAGAGGTGGGCGGATCACC,yes,train
395,GGCCGAGCGCAGTGGCTCACGCCT,yes,train
10,AGATCAGGCATGGTGGCTTACACC,no,train
655,TGTGCAGGGACTCATGACTGTAAT,yes,train
237,CTTTTATTGTTTTTTGAGACGGAG,no,train
404,GGCCGGGCACGGTGGCTCACCTGT,yes,train
243,CTTTTCTTTTCTTTTCTTTCTTTT,yes,train
264,CTTTTTTTCATTTTTTTTTTTTTT,no,train
623,TGGCCGGGCACGGTGGCTCACACC,yes,train
763,TTTTTCTTTGAGACAGAGTCACTC,no,train
84,AGGCTGGGTGCTATGGCTCACGTC,no,train
752,TTTTGTTTTTTTTTTGTTGTTGTT,no,train
561,GTTTTTTTCTTTTCTAATTGAGAC,no,train
831,TTTTTTTTTTTTCCGAGATGGAAT,no,train
277,CTTTTTTTTTTTTTTCTTTTTAAG,no,train
385,GGCCAGGTGCAGTGGCTCATGCTT,no,train
330,GCCAGGTGTGGTGGCTCACGCCTC,no,train
862,TTTTTTTTTTTTTTTTGAGATGGA,yes,train
655,TGTGCAGGGACTCATGACTGTAAT,no,train
862,TTTTTTTTTTTTTTTTGAGATGGA,no,train
158,ATTTTTTTTTTTTTTAATTTTGTT,no,train
508,GGGCTGGGTGCCGTGGCTCACGCC,no,train
701,TTTCTTTTTTTTTTTTTTTTTTTT,yes,train
771,TTTTTGTTTTTGTTGGAGAAGGAG,no,train
199,CGCTGGGCGCGGTGGCTCACGCCT,yes,train
454,GGCTGGGCAGGGTGGCTCACCCCT,yes,train
390,GGCCAGGTGTAGCGGCCCACACCT,yes,train
688,TTTCCTTTTTTTTTTTTTTCTTTT,no,train
760,TTTTTCTTATCTTTTTTTTTTTCC,yes,train
260,CTTTTTTCTTTCTTTTTTTGAGAT,no,train
371,GGCCAGGCGCGGTGGCTCACGCCT,no,train
807,TTTTTTTTCTTTCTTTTTATTTCT,no,train
405,GGCCGGGCACGGTGGCTCACGCCT,yes,train
699,TTTCTTTTTTTTTGAGACGGAGTC,yes,train
120,ATTTCTTTTCTTTTTTTTTTTTTT,no,train
695,TTTCTTTTCTTTCCTTTCTTTTTT,no,train
76,AGGCTGGGCGCGGTGGCTCACACC,yes,train
150,ATTTTTTTTTCTTTTTCAGAGTTT,no,train
674,TTGTTTGTTGTTTTTGAGACAGAG,yes,train
423,GGCCGGGCGCGGTGGCTCATGCCT,no,train
12,AGCCAGATGTGGTGACATGAACCA,no,train
344,GCTGGGCACAGTAGCTCATGCCTG,yes,train
96,AGTTTGTTTGTTTGTTTGTTTGTT,no,train
96,AGTTTGTTTGTTTGTTTGTTTGTT,yes,train
462,GGCTGGGCGCAGTGGCTCACTCCT,yes,train
463,GGCTGGGCGCAGTGGCTCATGCCT,yes,train
442,GGCTGGGCACAGTGGCTCACACCT,yes,train
110,ATTTATTTATTTTTGAGACAGGGT,no,train
403,GGCCGGGCACGGTGACTCATGCCT,yes,train
643,TGGCTGGGCCCGGTGGCTCATGCC,no,train
419,GGCCGGGCGCGGTGGCTCACGCCT,yes,train
165,ATTTTTTTTTTTTTTTTGAGACAG,yes,train
201,CGGCCAGGCACAGTGACTTACACC,yes,train
438,GGCTGCGTGCAGTGGCTCACGCCT,yes,train
344,GCTGGGCACAGTAGCTCATGCCTG,yes,train
755,TTTTTATTTTATTTATTTATTTAT,yes,train
776,TTTTTTATTTGTGTTTTTGTTTGT,yes,train
671,TTGGGAGGCCGACCTGGGTGGATC,yes,train
870,TTTTTTTTTTTTTTTTTTTTGAGA,yes,train
835,TTTTTTTTTTTTGAGAGAGTTTTG,no,train
351,GGCACGGTGGCTCACGCCTGTAAT,no,train
525,GTGGCACTATCATAGTTCACTATA,yes,train
116,ATTTATTTTTATTTTTATTTTTTT,yes,train
790,TTTTTTGTTTGTTTTTTGGAGACA,yes,train
835,TTTTTTTTTTTTGAGAGAGTTTTG,no,train
535,GTTTTACTTTTTTTTTTTTTTTTT,yes,train
499,GGGCTGGGCACAGTGGCTTACGCC,yes,train
101,ATTCTTTGTTTTTTTTTGAGATGG,no,train
439,GGCTGGATGCAGTGGCTCATGCCT,no,train
41,AGGCAGGGCGAGGTGGCTCAAACC,no,train
604,TGGCCAGGCACAGTAACTCCTGCC,no,train
296,CTTTTTTTTTTTTTTTTTTTTTTT,yes,train
453,GGCTGGGCACGGTGGCTCTCGCCT,no,train
464,GGCTGGGCGCGATGGCTCATGTCT,yes,train
568,GTTTTTTTTTTTGAGACGGAGTCT,yes,train
238,CTTTTCGTTGTTGTTGAGACAGGG,no,train
113,ATTTATTTTATTTTTCTGAGATGG,no,train
457,GGCTGGGCATGGTGGTTCACACCT,yes,train
136,ATTTTTGTATTTTTCCTTTTTTTT,yes,train
804,TTTTTTTGTTTGTTTTTGAGGCGG,no,train
400,GGCCGGGCACAGTGGCTCACGCCT,no,train
39,AGGACAGGCGCGGTGGCTCACGCC,no,train
575,TAGTGCAATGGCGCAATCCTGGCT,yes,train
347,GCTGGGCGTGGTGGCTCACGCCTA,yes,train
804,TTTTTTTGTTTGTTTTTGAGGCGG,yes,train
240,CTTTTCTCTTTTTTTTTTTTTTTT,yes,train
144,ATTTTTTTCTTCTTTTTTCCACAG,no,train
355,GGCCAGACGTGGTGGCTCACGCCT,no,train
531,GTTGTTTGTCTGCTTGTTTGCGAC,yes,train
690,TTTCTGTTTTTTGTTTTTTTTTTT,yes,train
168,ATTTTTTTTTTTTTTTTTTGACGG,no,train
113,ATTTATTTTATTTTTCTGAGATGG,no,train
734,TTTTCTTTTCTTTTTCTTTTTCTT,no,train
747,TTTTGTTTTGTTTTTTTTTTAAGA,yes,train
346,GCTGGGCATGGTGGCTCATGCCTG,yes,train
586,TGACAGGGTCTGTCTCTGTCACAC,no,train
91,AGGTTGGGCATGGTGGCTCACGCC,yes,train
875,TTTTTTTTTTTTTTTTTTTTTTTA,no,train
404,GGCCGGGCACGGTGGCTCACCTGT,yes,train
164,ATTTTTTTTTTTTTTTTCTTGAGA,yes,train
153,ATTTTTTTTTTTGACAGAGTCTTG,yes,train
239,CTTTTCTCTTCTTTTTTCTTTTCT,yes,train
848,TTTTTTTTTTTTTTGAGACAGAGT,yes,train
163,ATTTTTTTTTTTTTTTTCAAGACG,yes,train
168,ATTTTTTTTTTTTTTTTTTGACGG,no,train
306,GACCGGGCGTAGTGGCTCACGCCT,yes,train
696,TTTCTTTTTTCTAAGACAGAGTCT,no,train
442,GGCTGGGCACAGTGGCTCACACCT,yes,train
175,ATTTTTTTTTTTTTTTTTTTTTTG,yes,train
591,TGCCGAGTGGAGTGGCTCACACCT,yes,train
506,GGGCTGGGTGCAGTGCCTCTCGCC,yes,train
133,ATTTTGTTTTGTTTTTGTTTTTTG,yes,train
678,TTTATTATTATTTTTTGAGATGGA,yes,train
449,GGCTGGGCACGGTGGCTCATGCCT,yes,train
821,TTTTTTTTTTCTTTTTTTTTTTTT,yes,train
396,GGCCGAGCGTGATGGCTCACCCCT,no,train
431,GGCCGGTCGTGGTGGCTCATGCCT,yes,train
769,TTTTTGTTTGTTTGTTTGTTTGTT,no,train
870,TTTTTTTTTTTTTTTTTTTTGAGA,yes,train
531,GTTGTTTGTCTGCTTGTTTGCGAC,yes,train
76,AGGCTGGGCGCGGTGGCTCACACC,no,train
515,GGTCAGGCACAGTGGCTTACACCT,yes,train
553,GTTTTTGTTTTGTTGTTTTTTTGA,no,train
456,GGCTGGGCATGGTGGCTCACGCCT,no,train
537,GTTTTCTTCTGTTTTCTTATATTT,no,train
838,TTTTTTTTTTTTTCTTTTTTTCTT,no,train
273,CTTTTTTTTTTTTTGAGACAGAAT,no,train
546,GTTTTGTTTTGTTTTTTTTTTTTT,yes,train
488,GGGCCAGGCGCTGTGGCTCACACC,no,train
31,AGCTGGGCATGGTGGTTCATGCCT,no,train
789,TTTTTTGTGATTTTTTTTTTTTCG,no,train
644,TGGCTGGGCGCGGTGGCTCACGCC,yes,train
365,GGCCAGGCACTGTGACTCATACCT,yes,train
79,AGGCTGGGCGTGGTGGCTCACATC,yes,train
417,GGCCGGGCGCGGTGGCTCACACCT,no,train
387,GGCCAGGTGCGGTGGCTCACACCT,yes,train
196,CGCAGAGGCAGGCGGATCACTTGA,yes,train
26,AGCCGGGCGCGGTGGCTCACGCCT,yes,train
829,TTTTTTTTTTTTAAAGACAGGGTC,yes,train
809,TTTTTTTTCTTTTTTTTTCTTTTT,no,train
742,TTTTGTGAGACAGCCTTGCTCTGT,yes,train
363,GGCCAGGCACGGTGGCTCACGCCT,no,train
671,TTGGGAGGCCGACCTGGGTGGATC,yes,train
261,CTTTTTTCTTTTTCTTTTTCTTTT,no,train
354,GGCCAAGCATGGTGGCTCACACCT,no,train
543,GTTTTGTTTTGTTTTGAAAGAACG,no,train
623,TGGCCGGGCACGGTGGCTCACACC,yes,train
189,CCCAGCCTGGGCAACATAGGGAGA,yes,train
720,TTTTATTTTACTTTATTTTTTTTG,no,train
594,TGCCGGGCATGGTGGCTTGCACCT,no,train
186,CCAGGCGCGGTGGCTCACACCTAT,yes,train
801,TTTTTTTGTTTATGTGTTTGTTTT,no,train
862,TTTTTTTTTTTTTTTTGAGATGGA,no,train
628,TGGCCGGGCGCGCTGGCTCACGCC,yes,train
258,CTTTTTTATTTTTATTTTTTTGAG,yes,train
299,CTTTTTTTTTTTTTTTTTTTTTTT,no,train
336,GCCGGGCGTGGTGGCTCACGCCTG,no,train
575,TAGTGCAATGGCGCAATCCTGGCT,yes,train
804,TTTTTTTGTTTGTTTTTGAGGCGG,yes,train
38,AGCTGGGTGTTTTGGCTCAGGCCT,yes,train
186,CCAGGCGCGGTGGCTCACACCTAT,no,train
283,CTTTTTTTTTTTTTTTGAGATGGA,yes,train
466,GGCTGGGCGTAGTGGCTCACACCT,yes,train
754,TTTTTATTTAGAGACAAGATCTCA,yes,train
260,CTTTTTTCTTTCTTTTTTTGAGAT,no,train
661,TTCTTTTGTTTTTTTGAGATGGAG,no,train
531,GTTGTTTGTCTGCTTGTTTGCGAC,yes,train
168,ATTTTTTTTTTTTTTTTTTGACGG,no,train
412,GGCCGGGCGCAGTGGCTCACACCT,no,train
463,GGCTGGGCGCAGTGGCTCATGCCT,no,train
835,TTTTTTTTTTTTGAGAGAGTTTTG,yes,train
854,TTTTTTTTTTTTTTTGAGACGGAG,no,train
272,CTTTTTTTTTTTTGAGACAAGGGT,yes,train
240,CTTTTCTCTTTTTTTTTTTTTTTT,no,train
54,AGGCCGGGCACTGTGGCTTACACA,no,train
714,TTTGTTTTGTTTTTTGTTTTGAGA,no,train
466,GGCTGGGCGTAGTGGCTCACACCT,yes,train
200,CGCTGGGTACAGTTGCTTACACCT,yes,train
16,AGCCAGGCGCAGTGGCTCACGCCT,yes,train
479,GGCTTGGTGCAGTGACGACACACC,yes,train
791,TTTTTTGTTTGTTTTTTTGAGACA,no,train
201,CGGCCAGGCACAGTGACTTACACC,yes,train
537,GTTTTCTTCTGTTTTCTTATATTT,no,train
660,TTCTTTTATTTTTTTTGAGATGGA,yes,train
264,CTTTTTTTCATTTTTTTTTTTTTT,no,train
420,GGCCGGGCGCGGTGGCTCACGCCT,yes,train
776,TTTTTTATTTGTGTTTTTGTTTGT,no,train
283,CTTTTTTTTTTTTTTTGAGATGGA,yes,train
695,TTTCTTTTCTTTCCTTTCTTTTTT,no,train
347,GCTGGGCGTGGTGGCTCACGCCTA,no,train
829,TTTTTTTTTTTTAAAGACAGGGTC,yes,train
499,GGGCTGGGCACAGTGGCTTACGCC,yes,train
364,GGCCAGGCACGGTGGGTCACGCCT,no,train
674,TTGTTTGTTGTTTTTGAGACAGAG,no,train
321,GCAGTGGTTCGCACCTATAAGCCC,no,train
676,TTGTTTTTTTTTAATTTTTTAATT,no,train
64,AGGCTAGGCGCAGTGGCTCAACCC,yes,train
34,AGCTGGGCGCGGTGGCTCACACCT,no,train
378,GGCCAGGGATGTTGGCTCACATCT,no,train
231,CTTTCTTTTTTTTTTTTTTTTTTT,no,train
171,ATTTTTTTTTTTTTTTTTTTGAGG,no,train
357,GGCCAGGCACAATGGCTCACACCT,no,train
544,GTTTTGTTTTGTTTTTTGTTTTGA,no,train
780,TTTTTTATTTTTTGAGGTGGAGTC,no,train
730,TTTTCTTTGTTTGTTTGTTTGTTT,yes,train
400,GGCCGGGCACAGTGGCTCACGCCT,yes,train
531,GTTGTTTGTCTGCTTGTTTGCGAC,no,train
466,GGCTGGGCGTAGTGGCTCACACCT,yes,train
357,GGCCAGGCACAATGGCTCACACCT,no,train
199,CGCTGGGCGCGGTGGCTCACGCCT,yes,train
496,GGGCCGGGTGCAGTGACTCACGCC,yes,train
831,TTTTTTTTTTTTCCGAGATGGAAT,no,train
584,TCTTGTTTTTTGTTTTTTTTTTGA,yes,train
512,GGGGGCAGAGGTGGGCGGATCACC,yes,train
791,TTTTTTGTTTGTTTTTTTGAGACA,no,train
425,GGCCGGGCGTGGTGGCTCACACCT,yes,train
350,GGCAAGGCATGGTGGCTCATGCCT,yes,train
563,GTTTTTTTGTTTGTTTTGCTTTTT,yes,train
670,TTGCCCAGGCTGGAGTGCAGGGCG,no,train
807,TTTTTTTTCTTTCTTTTTATTTCT,no,train
768,TTTTTGGTTTTTTTTGTTTTTTTT,yes,train
449,GGCTGGGCACGGTGGCTCATGCCT,no,train
256,CTTTTTGATTGATTGTTTGTTATG,yes,train
660,TTCTTTTATTTTTTTTGAGATGGA,no,train
101,ATTCTTTGTTTTTTTTTGAGATGG,no,train
36,AGCTGGGTGTGGTGGCTCATACCT,no,train
380,GGCCAGGGGCAGTGGTTCATGCCT,no,train
776,TTTTTTATTTGTGTTTTTGTTTGT,yes,train
618,TGGCCCGATGCAGTGGCTCATGCC,no,train
118,ATTTCCTTCTTTTTTTTTTTGAGA,yes,train
133,ATTTTGTTTTGTTTTTGTTTTTTG,yes,train
823,TTTTTTTTTTTGAGACAATGTCTC,yes,train
160,ATTTTTTTTTTTTTTGAGATGGAG,no,train
804,TTTTTTTGTTTGTTTTTGAGGCGG,yes,train
158,ATTTTTTTTTTTTTTAATTTTGTT,no,train
365,GGCCAGGCACTGTGACTCATACCT,yes,train
462,GGCTGGGCGCAGTGGCTCACTCCT,no,train
875,TTTTTTTTTTTTTTTTTTTTTTTA,yes,train
734,TTTTCTTTTCTTTTTCTTTTTCTT,no,train
791,TTTTTTGTTTGTTTTTTTGAGACA,no,train
531,GTTGTTTGTCTGCTTGTTTGCGAC,no,train
488,GGGCCAGGCGCTGTGGCTCACACC,no,train
134,ATTTTTATTTATTATTATTTTTTA,yes,train
375,GGCCAGGCGTGGTGGCTCATGCCT,no,train
303,GACCAGGTGCAGTAGCTCATGCTT,no,train
287,CTTTTTTTTTTTTTTTTTTAATTG,yes,train
315,GAGGCTTGCTCTGTCACCCAGACT,yes,train
522,GTGAGACAGAGTTTCACTCTGTCG,no,train
418,GGCCGGGCGCGGTGGCTCACACCT,no,train
273,CTTTTTTTTTTTTTGAGACAGAAT,no,train
357,GGCCAGGCACAATGGCTCACACCT,no,train
312,GAGACAGGTTCTTGATCTGTCACT,no,train
479,GGCTTGGTGCAGTGACGACACACC,yes,train
76,AGGCTGGGCGCGGTGGCTCACACC,no,train
41,AGGCAGGGCGAGGTGGCTCAAACC,yes,train
134,ATTTTTATTTATTATTATTTTTTA,yes,train
366,GGCCAGGCATGGTGGCTCACACCT,yes,train
879,TTTTTTTTTTTTTTTTTTTTTTTT,no,train
161,ATTTTTTTTTTTTTTTAGATGGAG,no,train
144,ATTTTTTTCTTCTTTTTTCCACAG,yes,train
645,TGGCTGGGCGCGGTGGCTCACGCC,yes,train
256,CTTTTTGATTGATTGTTTGTTATG,yes,train
848,TTTTTTTTTTTTTTGAGACAGAGT,no,train
719,TTTTATTTATTTATTTTTTGAGAG,no,train
669,TTGAGACGGAGTTTCACTGGTTGC,no,train
182,CAGTGGCTCACACCTGTAATCCCA,yes,train
162,ATTTTTTTTTTTTTTTGCGATGAA,yes,train
702,TTTCTTTTTTTTTTTTTTTTTTTT,no,train
376,GGCCAGGCTCTGTGACTCACGCCT,no,train
531,GTTGTTTGTCTGCTTGTTTGCGAC,no,train
134,ATTTTTATTTATTATTATTTTTTA,no,train
608,TGGCCAGGCATAATGGCTTATGCC,yes,train
16,AGCCAGGCGCAGTGGCTCACGCCT,yes,train
460,GGCTGGGCGCAGCGGCTCACGCCT,no,train
344,GCTGGGCACAGTAGCTCATGCCTG,no,train
17,AGCCAGGCGCGGTGGCTCAAGCCT,no,train
363,GGCCAGGCACGGTGGCTCACGCCT,no,train
548,GTTTTGTTTTTTGGGGTTTGTTTT,yes,train
752,TTTTGTTTTTTTTTTGTTGTTGTT,no,train
771,TTTTTGTTTTTGTTGGAGAAGGAG,no,train
720,TTTTATTTTACTTTATTTTTTTTG,no,train
313,GAGACAGTCTTGCTTTGTCGCCAG,no,train
376,GGCCAGGCTCTGTGACTCACGCCT,yes,train
259,CTTTTTTCTTTATTTTTTTTTAGA,yes,train
823,TTTTTTTTTTTGAGACAATGTCTC,no,train
380,GGCCAGGGGCAGTGGTTCATGCCT,no,train
817,TTTTTTTTTGTTTTAGAAGGAGTT,yes,train
113,ATTTATTTTATTTTTCTGAGATGG,no,train
825,TTTTTTTTTTTGAGACGGAGTCTC,yes,train
235,CTTTGTTTTTGTTTTTGTCTTTTG,yes,train
809,TTTTTTTTCTTTTTTTTTCTTTTT,yes,train
731,TTTTCTTTTCTTGTGTGTTTTTTT,no,train
392,GGCCAGGTGTGGTGGCTCACACCT,no,train
16,AGCCAGGCGCAGTGGCTCACGCCT,no,train
620,TGGCCGGGCACAGTGGCTCACGCC,yes,train
666,TTCTTTTTTTTTTTGAGACGGAGT,yes,train
159,ATTTTTTTTTTTTTTCTTGGAATG,no,train
47,AGGCCAGGCGTGGTGGCTCATGCC,yes,train
628,TGGCCGGGCGCGCTGGCTCACGCC,no,train
5,ACTCATGCCTGTAATCCCAGCACT,yes,train
245,CTTTTCTTTTTCTTTTCTTTTTTT,no,train
674,TTGTTTGTTGTTTTTGAGACAGAG,no,train
281,CTTTTTTTTTTTTTTGAGATGGAG,yes,train
779,TTTTTTATTTTTTATTTTATTTTA,yes,train
706,TTTGAGATGGAGTCTTGCTTCATT,no,train
171,ATTTTTTTTTTTTTTTTTTTGAGG,no,train
309,GACTGGGTGCCATGGCTCATGCCT,yes,train
451,GGCTGGGCACGGTGGCTCATGCCT,yes,train
22,AGCCAGGTGCGGTGGCTCATGCCT,no,train
628,TGGCCGGGCGCGCTGGCTCACGCC,yes,train
168,ATTTTTTTTTTTTTTTTTTGACGG,no,train
2,AAGATGGAGTCTTATTCTGTCGCC,no,train
91,AGGTTGGGCATGGTGGCTCACGCC,yes,train
430,GGCCGGTCACGGTGGCTCACGCCT,yes,train
774,TTTTTTAAGATGGAATCTTGCTCT,yes,train
35,AGCTGGGTGCGGTGGCTCACACCT,yes,train
488,GGGCCAGGCGCTGTGGCTCACACC,no,train
38,AGCTGGGTGTTTTGGCTCAGGCCT,yes,train
186,CCAGGCGCGGTGGCTCACACCTAT,yes,train
527,GTTCTTGTTTTTGTTTTGTTTTTT,no,train
79,AGGCTGGGCGTGGTGGCTCACATC,no,train
760,TTTTTCTTATCTTTTTTTTTTTCC,no,train
186,CCAGGCGCGGTGGCTCACACCTAT,no,train
134,ATTTTTATTTATTATTATTTTTTA,yes,train
790,TTTTTTGTTTGTTTTTTGGAGACA,no,train
755,TTTTTATTTTATTTATTTATTTAT,no,train
430,GGCCGGTCACGGTGGCTCACGCCT,yes,train
500,GGGCTGGGCACGGTGGCTCATGAC,no,train
423,GGCCGGGCGCGGTGGCTCATGCCT,no,train
717,TTTTACTTTTTTTTTTTTTTGGGA,yes,train
505,GGGCTGGGTGCAGTCGCTCACGCC,yes,train
222,CTTTATTATTTTATTTTTTTTGAG,yes,train
847,TTTTTTTTTTTTTTGAGACACAGT,no,train
385,GGCCAGGTGCAGTGGCTCATGCTT,no,train
873,TTTTTTTTTTTTTTTTTTTTTGAG,yes,train
220,CTTCTTTTTTTTTTTTCTTTTGAG,yes,train
851,TTTTTTTTTTTTTTGAGATGGAGT,yes,train
532,GTTGTTTTGTTTTGTTTTGAGACA,no,train
617,TGGCCAGGTGCGGTGGCTCACGCC,no,train
303,GACCAGGTGCAGTAGCTCATGCTT,yes,train
825,TTTTTTTTTTTGAGACGGAGTCTC,yes,train
541,GTTTTGCTTTTTTTTTTTTTTTTT,yes,train
675,TTGTTTTTTGTTTTTTTGTTTTTT,yes,train
231,CTTTCTTTTTTTTTTTTTTTTTTT,yes,train
43,AGGCCAGACACAATGGCTCATGCT,no,train
875,TTTTTTTTTTTTTTTTTTTTTTTA,yes,train
14,AGCCAGGCATGGTGGTTCACACCT,yes,train
297,CTTTTTTTTTTTTTTTTTTTTTTT,yes,train
153,ATTTTTTTTTTTGACAGAGTCTTG,yes,train
383,GGCCAGGTGCAGTGGCTCACATCT,yes,train
684,TTTATTTTTAATTTTATTTTTGAG,no,train
684,TTTATTTTTAATTTTATTTTTGAG,no,train
625,TGGCCGGGCATGGTGGCTCACGCC,no,train
291,CTTTTTTTTTTTTTTTTTTTGAGA,no,train
342,GCTGGATGCGGTGGCTCACGCCTG,no,train
20,AGCCAGGTGCAGTGGCTCACGCTT,yes,train
755,TTTTTATTTTATTTATTTATTTAT,yes,train
451,GGCTGGGCACGGTGGCTCATGCCT,yes,train
219,CTTATATTTTATTTACTTACTTAA,yes,train
29,AGCTGGGCACGTGGCTCACACCTG,yes,train
854,TTTTTTTTTTTTTTTGAGACGGAG,yes,train
260,CTTTTTTCTTTCTTTTTTTGAGAT,no,train
196,CGCAGAGGCAGGCGGATCACTTGA,no,train
22,AGCCAGGTGCGGTGGCTCATGCCT,no,train
199,CGCTGGGCGCGGTGGCTCACGCCT,no,train
505,GGGCTGGGTGCAGTCGCTCACGCC,no,train
56,AGGCCGGGCATGGTGGCTCACGCT,yes,train
329,GCCAGGTGCGGTGGCTCATGCCTG,no,train
644,TGGCTGGGCGCGGTGGCTCACGCC,no,train
561,GTTTTTTTCTTTTCTAATTGAGAC,no,train
38,AGCTGGGTGTTTTGGCTCAGGCCT,yes,train
457,GGCTGGGCATGGTGGTTCACACCT,yes,train
618,TGGCCCGATGCAGTGGCTCATGCC,no,train
442,GGCTGGGCACAGTGGCTCACACCT,yes,train
163,ATTTTTTTTTTTTTTTTCAAGACG,yes,train
625,TGGCCGGGCATGGTGGCTCACGCC,yes,train
547,GTTTTGTTTTTCTTTCTTTTTTTT,no,train
676,TTGTTTTTTTTTAATTTTTTAATT,yes,train
580,TCCAGGCATGGTGGCTCACATCTG,yes,train
717,TTTTACTTTTTTTTTTTTTTGGGA,no,train
352,GGCAGGGTGCGGTGGCTCATGCCT,no,train
858,TTTTTTTTTTTTTTTTGAGACAGG,yes,train
387,GGCCAGGTGCGGTGGCTCACACCT,no,train
288,CTTTTTTTTTTTTTTTTTTGAGAC,no,train
273,CTTTTTTTTTTTTTGAGACAGAAT,yes,train
271,CTTTTTTTTTTTTCGAGACACGGT,yes,train
793,TTTTTTGTTTTGTTTTTTTTGAGA,no,train
153,ATTTTTTTTTTTGACAGAGTCTTG,no,train
582,TCTCTCTTTTTTTTTTTTTTGAGA,no,train
365,GGCCAGGCACTGTGACTCATACCT,no,train
655,TGTGCAGGGACTCATGACTGTAAT,yes,train
688,TTTCCTTTTTTTTTTTTTTCTTTT,yes,train
204,CGGCCGGGCGCGGTGGCTCACGCC,yes,train
153,ATTTTTTTTTTTGACAGAGTCTTG,yes,train
790,TTTTTTGTTTGTTTTTTGGAGACA,yes,train
171,ATTTTTTTTTTTTTTTTTTTGAGG,no,train
145,ATTTTTTTGAGACAGGGTGTCACT,no,train
789,TTTTTTGTGATTTTTTTTTTTTCG,no,train
719,TTTTATTTATTTATTTTTTGAGAG,yes,train
535,GTTTTACTTTTTTTTTTTTTTTTT,yes,train
771,TTTTTGTTTTTGTTGGAGAAGGAG,no,train
306,GACCGGGCGTAGTGGCTCACGCCT,yes,train
305,GACCCAGTGCGGTGGCTCACGCCT,yes,train
807,TTTTTTTTCTTTCTTTTTATTTCT,no,train
701,TTTCTTTTTTTTTTTTTTTTTTTT,yes,train
522,GTGAGACAGAGTTTCACTCTGTCG,yes,train
546,GTTTTGTTTTGTTTTTTTTTTTTT,yes,train
760,TTTTTCTTATCTTTTTTTTTTTCC,yes,train
56,AGGCCGGGCATGGTGGCTCACGCT,no,train
862,TTTTTTTTTTTTTTTTGAGATGGA,no,train
697,TTTCTTTTTTCTGGAGACGGAGTT,yes,train
436,GGCTAGGCGCAGTGGCTCACTCCT,no,train
96,AGTTTGTTTGTTTGTTTGTTTGTT,yes,train
333,GCCGGGCATGGTGGCTCACGCCTG,no,train
116,ATTTATTTTTATTTTTATTTTTTT,yes,train
613,TGGCCAGGCATGGTGGCTCACACC,no,train
47,AGGCCAGGCGTGGTGGCTCATGCC,no,train
306,GACCGGGCGTAGTGGCTCACGCCT,yes,train
719,TTTTATTTATTTATTTTTTGAGAG,yes,train
661,TTCTTTTGTTTTTTTGAGATGGAG,no,train
879,TTTTTTTTTTTTTTTTTTTTTTTT,yes,train
675,TTGTTTTTTGTTTTTTTGTTTTTT,yes,train
105,ATTCTTTTTTTTTTTTTGAGATGG,yes,train
61,AGGCCGGGTGCAGTGGATCCCAGC,yes,train
666,TTCTTTTTTTTTTTGAGACGGAGT,no,train
661,TTCTTTTGTTTTTTTGAGATGGAG,no,train
160,ATTTTTTTTTTTTTTGAGATGGAG,no,train
553,GTTTTTGTTTTGTTGTTTTTTTGA,yes,train
13,AGCCAGGCATGGTGGCTCATGCCT,yes,train
652,TGGGCACAGTGGCTCATGCCTGTA,yes,train
431,GGCCGGTCGTGGTGGCTCATGCCT,no,train
553,GTTTTTGTTTTGTTGTTTTTTTGA,yes,train
870,TTTTTTTTTTTTTTTTTTTTGAGA,yes,train
705,TTTGAGACGGAGTCTCGCTCTATT,yes,train
529,GTTCTTTTTTTTTTAGACAGCGTT,no,train
532,GTTGTTTTGTTTTGTTTTGAGACA,no,train
504,GGGCTGGGCGCGGTGGCTCTCGCC,yes,train
235,CTTTGTTTTTGTTTTTGTCTTTTG,yes,train
719,TTTTATTTATTTATTTTTTGAGAG,no,train
476,GGCTGGGTGCGGTGGCTCACGCCT,no,train
120,ATTTCTTTTCTTTTTTTTTTTTTT,no,train
707,TTTGTGGGATGGAGTTTCACTTGT,no,train
258,CTTTTTTATTTTTATTTTTTTGAG,yes,train
737,TTTTCTTTTTTTCTTTTTTGAGAT,yes,train
145,ATTTTTTTGAGACAGGGTGTCACT,yes,train
799,TTTTTTTGGTTTTTGTTTTGTTTT,no,train
278,CTTTTTTTTTTTTTTGAGACGGAG,yes,train
790,TTTTTTGTTTGTTTTTTGGAGACA,no,train
501,GGGCTGGGCATGGTGGCTCACACC,no,train
739,TTTTGAAATGGAGTTTTGCTCAGT,no,train
613,TGGCCAGGCATGGTGGCTCACACC,no,train
296,CTTTTTTTTTTTTTTTTTTTTTTT,yes,train
508,GGGCTGGGTGCCGTGGCTCACGCC,yes,train
560,GTTTTTTTATTTTTATTTTTGGAG,yes,train
617,TGGCCAGGTGCGGTGGCTCACGCC,yes,train
881,TTTTTTTTTTTTTTTTTTTTTTTT,yes,train
38,AGCTGGGTGTTTTGGCTCAGGCCT,yes,train
313,GAGACAGTCTTGCTTTGTCGCCAG,yes,train
580,TCCAGGCATGGTGGCTCACATCTG,no,train
718,TTTTATTCTTTTTTTTTTTTTTTT,yes,train
38,AGCTGGGTGTTTTGGCTCAGGCCT,yes,train
272,CTTTTTTTTTTTTGAGACAAGGGT,yes,train
56,AGGCCGGGCATGGTGGCTCACGCT,yes,train
273,CTTTTTTTTTTTTTGAGACAGAAT,yes,train
755,TTTTTATTTTATTTATTTATTTAT,no,train
371,GGCCAGGCGCGGTGGCTCACGCCT,yes,train
424,GGCCGGGCGTGGTGGCTCACACCT,no,train
821,TTTTTTTTTTCTTTTTTTTTTTTT,no,train
134,ATTTTTATTTATTATTATTTTTTA,no,train
259,CTTTTTTCTTTATTTTTTTTTAGA,no,train
862,TTTTTTTTTTTTTTTTGAGATGGA,no,train
525,GTGGCACTATCATAGTTCACTATA,yes,train
714,TTTGTTTTGTTTTTTGTTTTGAGA,no,train
411,GGCCGGGCGCAGTGGCCCACACCT,yes,train
61,AGGCCGGGTGCAGTGGATCCCAGC,yes,train
594,TGCCGGGCATGGTGGCTTGCACCT,no,train
368,GGCCAGGCATGGTGGTTCACGCCT,no,train
175,ATTTTTTTTTTTTTTTTTTTTTTG,yes,train
457,GGCTGGGCATGGTGGTTCACACCT,no,train
144,ATTTTTTTCTTCTTTTTTCCACAG,yes,train
558,GTTTTTTGTTTGTTTGTTTTTTGA,yes,train
257,CTTTTTTACTTTATTTATTCTAGA,no,train
468,GGCTGGGCGTGGTGGCTCACGCCT,no,train
821,TTTTTTTTTTCTTTTTTTTTTTTT,yes,train
281,CTTTTTTTTTTTTTTGAGATGGAG,yes,train
196,CGCAGAGGCAGGCGGATCACTTGA,no,train
381,GGCCAGGTATGGTGGCTCATGCCT,yes,train
617,TGGCCAGGTGCGGTGGCTCACGCC,yes,train
414,GGCCGGGCGCAGTGGCTCATGCCT,yes,train
396,GGCCGAGCGTGATGGCTCACCCCT,yes,train
10,AGATCAGGCATGGTGGCTTACACC,no,train
344,GCTGGGCACAGTAGCTCATGCCTG,yes,train
768,TTTTTGGTTTTTTTTGTTTTTTTT,no,train
381,GGCCAGGTATGGTGGCTCATGCCT,yes,train
313,GAGACAGTCTTGCTTTGTCGCCAG,no,train
161,ATTTTTTTTTTTTTTTAGATGGAG,no,train
118,ATTTCCTTCTTTTTTTTTTTGAGA,yes,train
411,GGCCGGGCGCAGTGGCCCACACCT,yes,train
86,AGGCTGGGTGTGGTGGCTCACGCC,no,train
102,ATTCTTTTTGAGACAGAGTCTCTG,no,train
224,CTTTATTTTAATTATTATTATTTT,yes,train
204,CGGCCGGGCGCGGTGGCTCACGCC,yes,train
24,AGCCGGGCATGGTGGCTCACGCCC,no,train
224,CTTTATTTTAATTATTATTATTTT,yes,train
281,CTTTTTTTTTTTTTTGAGATGGAG,yes,train
329,GCCAGGTGCGGTGGCTCATGCCTG,no,train
297,CTTTTTTTTTTTTTTTTTTTTTTT,yes,train
645,TGGCTGGGCGCGGTGGCTCACGCC,no,train
688,TTTCCTTTTTTTTTTTTTTCTTTT,yes,train
825,TTTTTTTTTTTGAGACGGAGTCTC,yes,train
256,CTTTTTGATTGATTGTTTGTTATG,yes,train
346,GCTGGGCATGGTGGCTCATGCCTG,yes,train
163,ATTTTTTTTTTTTTTTTCAAGACG,yes,train
875,TTTTTTTTTTTTTTTTTTTTTTTA,no,train
353,GGCCAAACATGGTGCCCCACGCCT,yes,train
385,GGCCAGGTGCAGTGGCTCATGCTT,no,train
273,CTTTTTTTTTTTTTGAGACAGAAT,yes,train
375,GGCCAGGCGTGGTGGCTCATGCCT,no,train
476,GGCTGGGTGCGGTGGCTCACGCCT,no,train
871,TTTTTTTTTTTTTTTTTTTTGAGG,yes,train
385,GGCCAGGTGCAGTGGCTCATGCTT,no,train
26,AGCCGGGCGCGGTGGCTCACGCCT,no,train
47,AGGCCAGGCGTGGTGGCTCATGCC,no,train
585,TCTTTTTTTTTTTTTCTTTTTGAG,no,train
91,AGGTTGGGCATGGTGGCTCACGCC,yes,train
239,CTTTTCTCTTCTTTTTTCTTTTCT,yes,train
747,TTTTGTTTTGTTTTTTTTTTAAGA,yes,train
306,GACCGGGCGTAGTGGCTCACGCCT,yes,train
789,TTTTTTGTGATTTTTTTTTTTTCG,no,train
303,GACCAGGTGCAGTAGCTCATGCTT,no,train
225,CTTTATTTTATTTTCATTTTTTGG,no,train
854,TTTTTTTTTTTTTTTGAGACGGAG,yes,train
239,CTTTTCTCTTCTTTTTTCTTTTCT,no,train
439,GGCTGGATGCAGTGGCTCATGCCT,no,train
459,GGCTGGGCCCGGTGGCTCATGCCT,yes,train
661,TTCTTTTGTTTTTTTGAGATGGAG,yes,train
239,CTTTTCTCTTCTTTTTTCTTTTCT,yes,train
96,AGTTTGTTTGTTTGTTTGTTTGTT,yes,train
688,TTTCCTTTTTTTTTTTTTTCTTTT,yes,train
419,GGCCGGGCGCGGTGGCTCACGCCT,yes,train
131,ATTTTGTTGTTGTTATTTGTTTCT,yes,train
547,GTTTTGTTTTTCTTTCTTTTTTTT,no,train
101,ATTCTTTGTTTTTTTTTGAGATGG,no,train
305,GACCCAGTGCGGTGGCTCACGCCT,yes,train
675,TTGTTTTTTGTTTTTTTGTTTTTT,yes,train
617,TGGCCAGGTGCGGTGGCTCACGCC,yes,train
385,GGCCAGGTGCAGTGGCTCATGCTT,yes,train
87,AGGCTGTTGCTCTGTCACCCAGGA,yes,train
154,ATTTTTTTTTTTGAGATGGAGTCT,no,train
535,GTTTTACTTTTTTTTTTTTTTTTT,yes,train
628,TGGCCGGGCGCGCTGGCTCACGCC,yes,train
457,GGCTGGGCATGGTGGTTCACACCT,yes,train
219,CTTATATTTTATTTACTTACTTAA,yes,train
699,TTTCTTTTTTTTTGAGACGGAGTC,no,train
420,GGCCGGGCGCGGTGGCTCACGCCT,yes,train
342,GCTGGATGCGGTGGCTCACGCCTG,no,train
326,GCCAGGCATGGTGGCTCATGCCTA,yes,train
36,AGCTGGGTGTGGTGGCTCATACCT,no,train
460,GGCTGGGCGCAGCGGCTCACGCCT,yes,train
443,GGCTGGGCACAGTGGCTCACACCT,yes,train
321,GCAGTGGTTCGCACCTATAAGCCC,no,train
105,ATTCTTTTTTTTTTTTTGAGATGG,yes,train
196,CGCAGAGGCAGGCGGATCACTTGA,no,train
432,GGCCTGGCACAGTGGCTCATGCCT,yes,train
718,TTTTATTCTTTTTTTTTTTTTTTT,yes,train
38,AGCTGGGTGTTTTGGCTCAGGCCT,yes,train
500,GGGCTGGGCACGGTGGCTCATGAC,yes,train
254,CTTTTTGAGACGAGGTCTCACTGT,yes,train
13,AGCCAGGCATGGTGGCTCATGCCT,yes,train
307,GACCGGGTGTGGTGGCTCACACCT,yes,train
428,GGCCGGGTGCAGTGGCTCATGCCT,yes,train
460,GGCTGGGCGCAGCGGCTCACGCCT,yes,train
136,ATTTTTGTATTTTTCCTTTTTTTT,yes,train
303,GACCAGGTGCAGTAGCTCATGCTT,yes,train
591,TGCCGAGTGGAGTGGCTCACACCT,no,train
671,TTGGGAGGCCGACCTGGGTGGATC,yes,train
132,ATTTTGTTTTGTTTTGGTTTTTTG,no,train
396,GGCCGAGCGTGATGGCTCACCCCT,yes,train
207,CGGCTGGGCACGGTGGCTCACGCC,no,train
31,AGCTGGGCATGGTGGTTCATGCCT,yes,train
821,TTTTTTTTTTCTTTTTTTTTTTTT,no,train
306,GACCGGGCGTAGTGGCTCACGCCT,yes,train
389,GGCCAGGTGGCGGTGGTTCACACC,yes,train
296,CTTTTTTTTTTTTTTTTTTTTTTT,yes,train
816,TTTTTTTTTGTTGTTGTTGAGACG,no,train
531,GTTGTTTGTCTGCTTGTTTGCGAC,yes,train
207,CGGCTGGGCACGGTGGCTCACGCC,no,train
176,ATTTTTTTTTTTTTTTTTTTTTTT,yes,train
22,AGCCAGGTGCGGTGGCTCATGCCT,no,train
776,TTTTTTATTTGTGTTTTTGTTTGT,no,train
442,GGCTGGGCACAGTGGCTCACACCT,yes,train
161,ATTTTTTTTTTTTTTTAGATGGAG,no,train
431,GGCCGGTCGTGGTGGCTCATGCCT,yes,train
879,TTTTTTTTTTTTTTTTTTTTTTTT,yes,train
655,TGTGCAGGGACTCATGACTGTAAT,yes,train
751,TTTTGTTTTTTGTTGTTGTGGTGG,yes,train
685,TTTATTTTTATTTGAGACAGAGTC,no,train
522,GTGAGACAGAGTTTCACTCTGTCG,yes,train
546,GTTTTGTTTTGTTTTTTTTTTTTT,no,train
16,AGCCAGGCGCAGTGGCTCACGCCT,no,train
459,GGCTGGGCCCGGTGGCTCATGCCT,no,train
688,TTTCCTTTTTTTTTTTTTTCTTTT,yes,train
466,GGCTGGGCGTAGTGGCTCACACCT,yes,train
644,TGGCTGGGCGCGGTGGCTCACGCC,no,train
39,AGGACAGGCGCGGTGGCTCACGCC,no,train
404,GGCCGGGCACGGTGGCTCACCTGT,yes,train
2,AAGATGGAGTCTTATTCTGTCGCC,no,train
485,GGGCCAGGCGCAGTGGCTCACGCC,no,train
601,TGGCCAGACACAGTGGCTCATGCC,yes,train
351,GGCACGGTGGCTCACGCCTGTAAT,no,train
807,TTTTTTTTCTTTCTTTTTATTTCT,no,train
296,CTTTTTTTTTTTTTTTTTTTTTTT,yes,train
287,CTTTTTTTTTTTTTTTTTTAATTG,no,train
696,TTTCTTTTTTCTAAGACAGAGTCT,yes,train
17,AGCCAGGCGCGGTGGCTCAAGCCT,no,train
817,TTTTTTTTTGTTTTAGAAGGAGTT,yes,train
199,CGCTGGGCGCGGTGGCTCACGCCT,yes,train
812,TTTTTTTTGTTTGTTTTTTGTTTT,no,train
369,GGCCAGGCCCAGTGGCTCACACCT,yes,train
84,AGGCTGGGTGCTATGGCTCACGTC,no,train
699,TTTCTTTTTTTTTGAGACGGAGTC,no,train
383,GGCCAGGTGCAGTGGCTCACATCT,yes,train
116,ATTTATTTTTATTTTTATTTTTTT,yes,train
435,GGCGGGGTGTGGTGGCTCATGCCT,no,train
535,GTTTTACTTTTTTTTTTTTTTTTT,yes,train
750,TTTTGTTTTTTCGTTTGTTTCTTT,no,train
456,GGCTGGGCATGGTGGCTCACGCCT,yes,train
378,GGCCAGGGATGTTGGCTCACATCT,no,train
2,AAGATGGAGTCTTATTCTGTCGCC,no,train
704,TTTGAGACAGAGTTTTGCTCTTAT,no,train
835,TTTTTTTTTTTTGAGAGAGTTTTG,yes,train
660,TTCTTTTATTTTTTTTGAGATGGA,yes,train
431,GGCCGGTCGTGGTGGCTCATGCCT,no,train
847,TTTTTTTTTTTTTTGAGACACAGT,no,train
779,TTTTTTATTTTTTATTTTATTTTA,no,train
548,GTTTTGTTTTTTGGGGTTTGTTTT,yes,train
414,GGCCGGGCGCAGTGGCTCATGCCT,yes,train
570,GTTTTTTTTTTTTTTCTTTAGAGA,no,train
839,TTTTTTTTTTTTTGAGACTCAGGA,yes,train
543,GTTTTGTTTTGTTTTGAAAGAACG,yes,train
661,TTCTTTTGTTTTTTTGAGATGGAG,no,train
381,GGCCAGGTATGGTGGCTCATGCCT,no,train
595,TGCCGGGCGCGGTGGCTCACGTCT,no,train
717,TTTTACTTTTTTTTTTTTTTGGGA,no,train
424,GGCCGGGCGTGGTGGCTCACACCT,yes,train
28,AGCTGGACGCAGTAGCTAATGCCT,yes,train
618,TGGCCCGATGCAGTGGCTCATGCC,yes,train
383,GGCCAGGTGCAGTGGCTCACATCT,no,train
660,TTCTTTTATTTTTTTTGAGATGGA,no,train
744,TTTTGTTTGTTTGTTTGTTTTGAG,yes,train
182,CAGTGGCTCACACCTGTAATCCCA,yes,train
645,TGGCTGGGCGCGGTGGCTCACGCC,no,train
54,AGGCCGGGCACTGTGGCTTACACA,no,train
829,TTTTTTTTTTTTAAAGACAGGGTC,no,train
594,TGCCGGGCATGGTGGCTTGCACCT,yes,train
678,TTTATTATTATTTTTTGAGATGGA,no,train
154,ATTTTTTTTTTTGAGATGGAGTCT,yes,train
283,CTTTTTTTTTTTTTTTGAGATGGA,no,train
313,GAGACAGTCTTGCTTTGTCGCCAG,yes,train
26,AGCCGGGCGCGGTGGCTCACGCCT,no,train
877,TTTTTTTTTTTTTTTTTTTTTTTT,no,train
329,GCCAGGTGCGGTGGCTCATGCCTG,no,train
791,TTTTTTGTTTGTTTTTTTGAGACA,no,train
678,TTTATTATTATTTTTTGAGATGGA,no,train
189,CCCAGCCTGGGCAACATAGGGAGA,yes,train
410,GGCCGGGCGCAATGGCTCGCGCCT,yes,train
821,TTTTTTTTTTCTTTTTTTTTTTTT,no,train
364,GGCCAGGCACGGTGGGTCACGCCT,yes,train
258,CTTTTTTATTTTTATTTTTTTGAG,yes,train
330,GCCAGGTGTGGTGGCTCACGCCTC,yes,train
623,TGGCCGGGCACGGTGGCTCACACC,yes,train
161,ATTTTTTTTTTTTTTTAGATGGAG,no,train
582,TCTCTCTTTTTTTTTTTTTTGAGA,no,train
745,TTTTGTTTTAATATTTTTTTTCTT,yes,train
871,TTTTTTTTTTTTTTTTTTTTGAGG,yes,train
173,ATTTTTTTTTTTTTTTTTTTTTGA,yes,train
560,GTTTTTTTATTTTTATTTTTGGAG,no,train
744,TTTTGTTTGTTTGTTTGTTTTGAG,yes,train
292,CTTTTTTTTTTTTTTTTTTTTTAC,no,train
63,AGGCCGGGTGCTGTGGCTCACACC,yes,train
49,AGGCCAGGTGTGGTAGCTCACGCC,yes,train
791,TTTTTTGTTTGTTTTTTTGAGACA,no,train
464,GGCTGGGCGCGATGGCTCATGTCT,yes,train
825,TTTTTTTTTTTGAGACGGAGTCTC,yes,train
821,TTTTTTTTTTCTTTTTTTTTTTTT,yes,train
38,AGCTGGGTGTTTTGGCTCAGGCCT,no,train
847,TTTTTTTTTTTTTTGAGACACAGT,yes,train
643,TGGCTGGGCCCGGTGGCTCATGCC,yes,train
837,TTTTTTTTTTTTTCCGAGACAGAG,yes,train
150,ATTTTTTTTTCTTTTTCAGAGTTT,no,train
355,GGCCAGACGTGGTGGCTCACGCCT,yes,train
684,TTTATTTTTAATTTTATTTTTGAG,yes,train
812,TTTTTTTTGTTTGTTTTTTGTTTT,no,train
516,GGTCGGGCACGGTGGCTCATGCCT,no,train
642,TGGCTGGGCATGGTGGGTGCCTGT,no,train
836,TTTTTTTTTTTTTAGACAGAGTCT,yes,train
787,TTTTTTGAGACAAGGTCTTGCTCT,yes,train
551,GTTTTTGAGGCAGGTCGGTCACCC,no,train
172,ATTTTTTTTTTTTTTTTTTTGTGA,no,train
739,TTTTGAAATGGAGTTTTGCTCAGT,no,train
620,TGGCCGGGCACAGTGGCTCACGCC,yes,train
281,CTTTTTTTTTTTTTTGAGATGGAG,no,train
779,TTTTTTATTTTTTATTTTATTTTA,no,train
809,TTTTTTTTCTTTTTTTTTCTTTTT,no,train
356,GGCCAGAGACTGTGGCTCATGCCT,no,train
41,AGGCAGGGCGAGGTGGCTCAAACC,yes,train
355,GGCCAGACGTGGTGGCTCACGCCT,yes,train
389,GGCCAGGTGGCGGTGGTTCACACC,yes,train
858,TTTTTTTTTTTTTTTTGAGACAGG,no,train
671,TTGGGAGGCCGACCTGGGTGGATC,yes,train
104,ATTCTTTTTTTTTTTCTTCTTTGA,yes,train
322,GCCAGGCACGGTGGCTCACGCCTG,yes,train
58,AGGCCGGGCGCGGTGGCTCACGCC,yes,train
145,ATTTTTTTGAGACAGGGTGTCACT,no,train
385,GGCCAGGTGCAGTGGCTCATGCTT,yes,train
31,AGCTGGGCATGGTGGTTCATGCCT,yes,train
447,GGCTGGGCACGAGGGCTCATGTCT,no,train
47,AGGCCAGGCGTGGTGGCTCATGCC,no,train
442,GGCTGGGCACAGTGGCTCACACCT,yes,train
53,AGGCCGGGCACGGTGGCTCACACC,yes,train
804,TTTTTTTGTTTGTTTTTGAGGCGG,yes,train
454,GGCTGGGCAGGGTGGCTCACCCCT,yes,train
642,TGGCTGGGCATGGTGGGTGCCTGT,no,train
503,GGGCTGGGCCCATTAGCTCACACC,yes,train
506,GGGCTGGGTGCAGTGCCTCTCGCC,no,train
312,GAGACAGGTTCTTGATCTGTCACT,no,train
250,CTTTTTATTTTTTTGAGACAGTCT,no,train
356,GGCCAGAGACTGTGGCTCATGCCT,yes,train
387,GGCCAGGTGCGGTGGCTCACACCT,yes,train
310,GACTGGGTGCGGTGGCTCATGCCT,no,train
387,GGCCAGGTGCGGTGGCTCACACCT,no,train
476,GGCTGGGTGCGGTGGCTCACGCCT,no,train
688,TTTCCTTTTTTTTTTTTTTCTTTT,no,train
501,GGGCTGGGCATGGTGGCTCACACC,no,train
219,CTTATATTTTATTTACTTACTTAA,no,train
231,CTTTCTTTTTTTTTTTTTTTTTTT,no,train
24,AGCCGGGCATGGTGGCTCACGCCC,yes,train
116,ATTTATTTTTATTTTTATTTTTTT,no,train
468,GGCTGGGCGTGGTGGCTCACGCCT,no,train
322,GCCAGGCACGGTGGCTCACGCCTG,no,train
510,GGGCTGGGTGTGGTGGCTCATGCC,yes,train
821,TTTTTTTTTTCTTTTTTTTTTTTT,yes,train
9,AGAGTCTCACTTTGTTGCCCAGGC,yes,train
471,GGCTGGGTGCAATGGCTCACACCT,no,train
428,GGCCGGGTGCAGTGGCTCATGCCT,no,train
655,TGTGCAGGGACTCATGACTGTAAT,yes,train
176,ATTTTTTTTTTTTTTTTTTTTTTT,yes,train
34,AGCTGGGCGCGGTGGCTCACACCT,no,train
534,GTTTCCTTTTTCTTCATTTCTATT,yes,train
336,GCCGGGCGTGGTGGCTCACGCCTG,yes,train
320,GCAGTGGCCCACGCCTGTAATCCC,yes,train
466,GGCTGGGCGTAGTGGCTCACACCT,yes,train
248,CTTTTTATTTTATTTTATTCTATT,yes,train
847,TTTTTTTTTTTTTTGAGACACAGT,no,train
626,TGGCCGGGCATGGTGGCTCACGCC,no,train
36,AGCTGGGTGTGGTGGCTCATACCT,no,train
18,AGCCAGGCGTGGTACGTAGCTCAC,no,train
42,AGGCAGGGTGCAGTGGCTCACGCC,yes,train
404,GGCCGGGCACGGTGGCTCACCTGT,yes,train
471,GGCTGGGTGCAATGGCTCACACCT,yes,train
551,GTTTTTGAGGCAGGTCGGTCACCC,no,train
176,ATTTTTTTTTTTTTTTTTTTTTTT,yes,train
568,GTTTTTTTTTTTGAGACGGAGTCT,yes,train
690,TTTCTGTTTTTTGTTTTTTTTTTT,no,train
313,GAGACAGTCTTGCTTTGTCGCCAG,no,train
780,TTTTTTATTTTTTGAGGTGGAGTC,no,train
35,AGCTGGGTGCGGTGGCTCACACCT,no,train
532,GTTGTTTTGTTTTGTTTTGAGACA,yes,train
628,TGGCCGGGCGCGCTGGCTCACGCC,yes,train
496,GGGCCGGGTGCAGTGACTCACGCC,no,train
666,TTCTTTTTTTTTTTGAGACGGAGT,no,train
447,GGCTGGGCACGAGGGCTCATGTCT,no,train
207,CGGCTGGGCACGGTGGCTCACGCC,no,train
586,TGACAGGGTCTGTCTCTGTCACAC,no,train
790,TTTTTTGTTTGTTTTTTGGAGACA,yes,train
288,CTTTTTTTTTTTTTTTTTTGAGAC,no,train
570,GTTTTTTTTTTTTTTCTTTAGAGA,no,train
404,GGCCGGGCACGGTGGCTCACCTGT,no,train
632,TGGCCGGGCGCGGTGGCTCATGCC,no,train
601,TGGCCAGACACAGTGGCTCATGCC,no,train
452,GGCTGGGCACGGTGGCTCGTGCTT,no,train
527,GTTCTTGTTTTTGTTTTGTTTTTT,yes,train
751,TTTTGTTTTTTGTTGTTGTGGTGG,yes,train
604,TGGCCAGGCACAGTAACTCCTGCC,no,train
5,ACTCATGCCTGTAATCCCAGCACT,yes,train
534,GTTTCCTTTTTCTTCATTTCTATT,yes,train
297,CTTTTTTTTTTTTTTTTTTTTTTT,yes,train
410,GGCCGGGCGCAATGGCTCGCGCCT,no,train
817,TTTTTTTTTGTTTTAGAAGGAGTT,yes,train
235,CTTTGTTTTTGTTTTTGTCTTTTG,yes,train
556,GTTTTTTGTTTGTTTGTTTGTTTT,yes,train
515,GGTCAGGCACAGTGGCTTACACCT,no,train
854,TTTTTTTTTTTTTTTGAGACGGAG,no,train
444,GGCTGGGCACAGTGGCTCACACCT,yes,train
456,GGCTGGGCATGGTGGCTCACGCCT,no,train
124,ATTTTATTTTATTATTTTTTTTTA,no,train
338,GCGCAGTGGCTCACGCCTGTAATC,no,train
373,GGCCAGGCGCGGTGGCTCATCCCT,no,train
165,ATTTTTTTTTTTTTTTTGAGACAG,no,train
488,GGGCCAGGCGCTGTGGCTCACACC,no,train
616,TGGCCAGGCGTAGTGGCTCATGCC,no,train
787,TTTTTTGAGACAAGGTCTTGCTCT,no,train
163,ATTTTTTTTTTTTTTTTCAAGACG,yes,train
640,TGGCTGGGCACGGTGGCTCACGCC,yes,train
870,TTTTTTTTTTTTTTTTTTTTGAGA,no,train
250,CTTTTTATTTTTTTGAGACAGTCT,yes,train
176,ATTTTTTTTTTTTTTTTTTTTTTT,yes,train
411,GGCCGGGCGCAGTGGCCCACACCT,no,train
47,AGGCCAGGCGTGGTGGCTCATGCC,no,train
881,TTTTTTTTTTTTTTTTTTTTTTTT,yes,train
672,TTGTTATTTTTTATTTTTATTTTT,no,train
768,TTTTTGGTTTTTTTTGTTTTTTTT,no,train
68,AGGCTGGCCATGTTGGCTCACGCT,no,train
580,TCCAGGCATGGTGGCTCACATCTG,no,train
24,AGCCGGGCATGGTGGCTCACGCCC,no,train
305,GACCCAGTGCGGTGGCTCACGCCT,yes,train
383,GGCCAGGTGCAGTGGCTCACATCT,yes,train
405,GGCCGGGCACGGTGGCTCACGCCT,yes,train
466,GGCTGGGCGTAGTGGCTCACACCT,yes,train
848,TTTTTTTTTTTTTTGAGACAGAGT,no,train
363,GGCCAGGCACGGTGGCTCACGCCT,yes,train
706,TTTGAGATGGAGTCTTGCTTCATT,no,train
108,ATTTATTTATTTATTTTTGAGACA,no,train
690,TTTCTGTTTTTTGTTTTTTTTTTT,yes,train
16,AGCCAGGCGCAGTGGCTCACGCCT,yes,train
218,CTGGGTGCTGTGGCTCATGCTTGT,yes,train
537,GTTTTCTTCTGTTTTCTTATATTT,no,train
717,TTTTACTTTTTTTTTTTTTTGGGA,no,train
406,GGCCGGGCACGGTGGCTCACGCCT,yes,train
336,GCCGGGCGTGGTGGCTCACGCCTG,yes,train
154,ATTTTTTTTTTTGAGATGGAGTCT,yes,train
246,CTTTTGTTGTTTTTGAGACGGGGT,yes,train
28,AGCTGGACGCAGTAGCTAATGCCT,yes,train
272,CTTTTTTTTTTTTGAGACAAGGGT,yes,train
760,TTTTTCTTATCTTTTTTTTTTTCC,yes,train
348,GCTGGGTGGGGTGGCTCACACCCG,yes,train
471,GGCTGGGTGCAATGGCTCACACCT,yes,train
729,TTTTCTTTCTTTTTTTTTTTTTTT,no,train
464,GGCTGGGCGCGATGGCTCATGTCT,no,train
384,GGCCAGGTGCAGTGGCTCACGCCT,no,train
445,GGCTGGGCACAGTGGCTCATGCCT,no,train
376,GGCCAGGCTCTGTGACTCACGCCT,no,train
718,TTTTATTCTTTTTTTTTTTTTTTT,yes,train
851,TTTTTTTTTTTTTTGAGATGGAGT,no,train
74,AGGCTGGGCATGGTGGCTCACGCC,no,train
515,GGTCAGGCACAGTGGCTTACACCT,no,train
623,TGGCCGGGCACGGTGGCTCACACC,yes,train
235,CTTTGTTTTTGTTTTTGTCTTTTG,no,train
666,TTCTTTTTTTTTTTGAGACGGAGT,no,train
350,GGCAAGGCATGGTGGCTCATGCCT,yes,train
442,GGCTGGGCACAGTGGCTCACACCT,yes,train
277,CTTTTTTTTTTTTTTCTTTTTAAG,yes,train
499,GGGCTGGGCACAGTGGCTTACGCC,yes,train
592,TGCCGGACGCGTTGGCTCATGCCT,yes,train
240,CTTTTCTCTTTTTTTTTTTTTTTT,no,train
351,GGCACGGTGGCTCACGCCTGTAAT,no,train
175,ATTTTTTTTTTTTTTTTTTTTTTG,yes,train
769,TTTTTGTTTGTTTGTTTGTTTGTT,yes,train
33,AGCTGGGCGCAGTGGCTCACGCCT,yes,train
793,TTTTTTGTTTTGTTTTTTTTGAGA,yes,train
848,TTTTTTTTTTTTTTGAGACAGAGT,no,train
704,TTTGAGACAGAGTTTTGCTCTTAT,no,train
768,TTTTTGGTTTTTTTTGTTTTTTTT,no,train
31,AGCTGGGCATGGTGGTTCATGCCT,yes,train
192,CCGGGCGCAGTGGCTCATGCCTGT,no,train
43,AGGCCAGACACAATGGCTCATGCT,no,train
443,GGCTGGGCACAGTGGCTCACACCT,yes,train
522,GTGAGACAGAGTTTCACTCTGTCG,yes,train
444,GGCTGGGCACAGTGGCTCACACCT,no,train
435,GGCGGGGTGTGGTGGCTCATGCCT,no,train
192,CCGGGCGCAGTGGCTCATGCCTGT,no,train
768,TTTTTGGTTTTTTTTGTTTTTTTT,no,train
76,AGGCTGGGCGCGGTGGCTCACACC,yes,train
464,GGCTGGGCGCGATGGCTCATGTCT,no,train
223,CTTTATTTATTTATTTATTTATGA,no,train
532,GTTGTTTTGTTTTGTTTTGAGACA,no,train
390,GGCCAGGTGTAGCGGCCCACACCT,yes,train
401,GGCCGGGCACAGTGGCTCATGCCT,yes,train
632,TGGCCGGGCGCGGTGGCTCATGCC,yes,train
757,TTTTTATTTTTATTTTATTTTTTA,no,train
424,GGCCGGGCGTGGTGGCTCACACCT,yes,train
420,GGCCGGGCGCGGTGGCTCACGCCT,yes,train
604,TGGCCAGGCACAGTAACTCCTGCC,no,train
727,TTTTCTTGTTTTGAGACGGAGTCT,yes,train
47,AGGCCAGGCGTGGTGGCTCATGCC,no,train
364,GGCCAGGCACGGTGGGTCACGCCT,yes,train
541,GTTTTGCTTTTTTTTTTTTTTTTT,yes,train
389,GGCCAGGTGGCGGTGGTTCACACC,no,train
280,CTTTTTTTTTTTTTTGAGAGGGAG,no,train
386,GGCCAGGTGCAGTGGCTCATTCCT,no,train
643,TGGCTGGGCCCGGTGGCTCATGCC,yes,train
383,GGCCAGGTGCAGTGGCTCACATCT,yes,train
594,TGCCGGGCATGGTGGCTTGCACCT,no,train
459,GGCTGGGCCCGGTGGCTCATGCCT,yes,train
503,GGGCTGGGCCCATTAGCTCACACC,no,train
846,TTTTTTTTTTTTTTCTTTTTTTTG,yes,train
652,TGGGCACAGTGGCTCATGCCTGTA,no,train
500,GGGCTGGGCACGGTGGCTCATGAC,no,train
676,TTGTTTTTTTTTAATTTTTTAATT,yes,train
582,TCTCTCTTTTTTTTTTTTTTGAGA,no,train
485,GGGCCAGGCGCAGTGGCTCACGCC,yes,train
460,GGCTGGGCGCAGCGGCTCACGCCT,no,train
364,GGCCAGGCACGGTGGGTCACGCCT,no,train
757,TTTTTATTTTTATTTTATTTTTTA,no,train
506,GGGCTGGGTGCAGTGCCTCTCGCC,yes,train
454,GGCTGGGCAGGGTGGCTCACCCCT,no,train
519,GGTTGGGCATGGTAGCTCACACCT,yes,train
807,TTTTTTTTCTTTCTTTTTATTTCT,no,train
414,GGCCGGGCGCAGTGGCTCATGCCT,no,train
781,TTTTTTATTTTTTTGAGATGGAGT,yes,train
36,AGCTGGGTGTGGTGGCTCATACCT,yes,train
283,CTTTTTTTTTTTTTTTGAGATGGA,yes,train
134,ATTTTTATTTATTATTATTTTTTA,no,train
644,TGGCTGGGCGCGGTGGCTCACGCC,yes,train
846,TTTTTTTTTTTTTTCTTTTTTTTG,no,train
688,TTTCCTTTTTTTTTTTTTTCTTTT,yes,train
499,GGGCTGGGCACAGTGGCTTACGCC,yes,train
272,CTTTTTTTTTTTTGAGACAAGGGT,yes,train
454,GGCTGGGCAGGGTGGCTCACCCCT,yes,train
168,ATTTTTTTTTTTTTTTTTTGACGG,no,train
867,TTTTTTTTTTTTTTTTTTTGAGAT,no,train
669,TTGAGACGGAGTTTCACTGGTTGC,no,train
489,GGGCCAGGCGGTGGCTCACGCTTG,no,train
733,TTTTCTTTTCTTTTCTTTTTTTTT,yes,train
423,GGCCGGGCGCGGTGGCTCATGCCT,yes,train
35,AGCTGGGTGCGGTGGCTCACACCT,no,train
439,GGCTGGATGCAGTGGCTCATGCCT,no,train
333,GCCGGGCATGGTGGCTCACGCCTG,no,train
168,ATTTTTTTTTTTTTTTTTTGACGG,no,train
750,TTTTGTTTTTTCGTTTGTTTCTTT,no,train
661,TTCTTTTGTTTTTTTGAGATGGAG,yes,train
803,TTTTTTTGTTTGTTTGTTTTGAGA,yes,train
595,TGCCGGGCGCGGTGGCTCACGTCT,no,train
858,TTTTTTTTTTTTTTTTGAGACAGG,yes,train
102,ATTCTTTTTGAGACAGAGTCTCTG,no,train
554,GTTTTTTCTTTTTTGTTTTTTGTT,no,train
447,GGCTGGGCACGAGGGCTCATGTCT,yes,train
42,AGGCAGGGTGCAGTGGCTCACGCC,yes,train
503,GGGCTGGGCCCATTAGCTCACACC,no,train
235,CTTTGTTTTTGTTTTTGTCTTTTG,yes,train
331,GCCAGTCATGGTGGCTCATGCCTG,no,train
644,TGGCTGGGCGCGGTGGCTCACGCC,yes,train
643,TGGCTGGGCCCGGTGGCTCATGCC,yes,train
488,GGGCCAGGCGCTGTGGCTCACACC,no,train
620,TGGCCGGGCACAGTGGCTCACGCC,no,train
406,GGCCGGGCACGGTGGCTCACGCCT,yes,train
424,GGCCGGGCGTGGTGGCTCACACCT,no,train
471,GGCTGGGTGCAATGGCTCACACCT,no,train
26,AGCCGGGCGCGGTGGCTCACGCCT,no,train
527,GTTCTTGTTTTTGTTTTGTTTTTT,yes,train
262,CTTTTTTGTTTCGTTGTTTTTCTT,yes,train
675,TTGTTTTTTGTTTTTTTGTTTTTT,yes,train
372,GGCCAGGCGCGGTGGCTCACGCCT,no,train
411,GGCCGGGCGCAGTGGCCCACACCT,no,train
173,ATTTTTTTTTTTTTTTTTTTTTGA,yes,train
499,GGGCTGGGCACAGTGGCTTACGCC,no,train
83,AGGCTGGGTGCGCTGTGGCTCATG,yes,train
389,GGCCAGGTGGCGGTGGTTCACACC,no,train
47,AGGCCAGGCGTGGTGGCTCATGCC,no,train
375,GGCCAGGCGTGGTGGCTCATGCCT,no,train
304,GACCAGGTGTGGTGGCTCACACCA,yes,train
695,TTTCTTTTCTTTCCTTTCTTTTTT,yes,train
594,TGCCGGGCATGGTGGCTTGCACCT,yes,train
91,AGGTTGGGCATGGTGGCTCACGCC,no,train
617,TGGCCAGGTGCGGTGGCTCACGCC,no,train
739,TTTTGAAATGGAGTTTTGCTCAGT,yes,train
207,CGGCTGGGCACGGTGGCTCACGCC,no,train
697,TTTCTTTTTTCTGGAGACGGAGTT,no,train
387,GGCCAGGTGCGGTGGCTCACACCT,yes,train
531,GTTGTTTGTCTGCTTGTTTGCGAC,no,train
546,GTTTTGTTTTGTTTTTTTTTTTTT,yes,train
256,CTTTTTGATTGATTGTTTGTTATG,yes,train
283,CTTTTTTTTTTTTTTTGAGATGGA,no,train
291,CTTTTTTTTTTTTTTTTTTTGAGA,no,train
714,TTTGTTTTGTTTTTTGTTTTGAGA,no,train
508,GGGCTGGGTGCCGTGGCTCACGCC,no,train
655,TGTGCAGGGACTCATGACTGTAAT,yes,train
86,AGGCTGGGTGTGGTGGCTCACGCC,yes,train
628,TGGCCGGGCGCGCTGGCTCACGCC,no,train
454,GGCTGGGCAGGGTGGCTCACCCCT,yes,train
16,AGCCAGGCGCAGTGGCTCACGCCT,yes,train
75,AGGCTGGGCATGGTGGCTCATGCC,no,train
196,CGCAGAGGCAGGCGGATCACTTGA,no,train
716,TTTGTTTTTTTTGTTTTTTTGACA,no,train
264,CTTTTTTTCATTTTTTTTTTTTTT,yes,train
381,GGCCAGGTATGGTGGCTCATGCCT,no,train
116,ATTTATTTTTATTTTTATTTTTTT,no,train
742,TTTTGTGAGACAGCCTTGCTCTGT,yes,train
252,CTTTTTCTTTTTCTTTCTTTCTTT,yes,train
737,TTTTCTTTTTTTCTTTTTTGAGAT,no,train
543,GTTTTGTTTTGTTTTGAAAGAACG,no,train
665,TTCTTTTTTTTTCTTTTGAGACGG,no,train
503,GGGCTGGGCCCATTAGCTCACACC,no,train
531,GTTGTTTGTCTGCTTGTTTGCGAC,yes,train
451,GGCTGGGCACGGTGGCTCATGCCT,yes,train
56,AGGCCGGGCATGGTGGCTCACGCT,yes,train
675,TTGTTTTTTGTTTTTTTGTTTTTT,yes,train
296,CTTTTTTTTTTTTTTTTTTTTTTT,yes,train
771,TTTTTGTTTTTGTTGGAGAAGGAG,yes,train
254,CTTTTTGAGACGAGGTCTCACTGT,no,train
287,CTTTTTTTTTTTTTTTTTTAATTG,yes,train
479,GGCTTGGTGCAGTGACGACACACC,yes,train
617,TGGCCAGGTGCGGTGGCTCACGCC,no,train
14,AGCCAGGCATGGTGGTTCACACCT,no,train
752,TTTTGTTTTTTTTTTGTTGTTGTT,no,train
200,CGCTGGGTACAGTTGCTTACACCT,no,train
175,ATTTTTTTTTTTTTTTTTTTTTTG,yes,train
201,CGGCCAGGCACAGTGACTTACACC,no,train
201,CGGCCAGGCACAGTGACTTACACC,yes,train
744,TTTTGTTTGTTTGTTTGTTTTGAG,yes,train
571,GTTTTTTTTTTTTTTTTTTTAGAT,no,train
829,TTTTTTTTTTTTAAAGACAGGGTC,no,train
763,TTTTTCTTTGAGACAGAGTCACTC,yes,train
739,TTTTGAAATGGAGTTTTGCTCAGT,no,train
739,TTTTGAAATGGAGTTTTGCTCAGT,yes,train
835,TTTTTTTTTTTTGAGAGAGTTTTG,yes,train
353,GGCCAAACATGGTGCCCCACGCCT,yes,train
742,TTTTGTGAGACAGCCTTGCTCTGT,yes,train
304,GACCAGGTGTGGTGGCTCACACCA,no,train
222,CTTTATTATTTTATTTTTTTTGAG,yes,train
96,AGTTTGTTTGTTTGTTTGTTTGTT,no,train
110,ATTTATTTATTTTTGAGACAGGGT,no,train
306,GACCGGGCGTAGTGGCTCACGCCT,no,train
43,AGGCCAGACACAATGGCTCATGCT,no,train
154,ATTTTTTTTTTTGAGATGGAGTCT,no,train
283,CTTTTTTTTTTTTTTTGAGATGGA,no,train
527,GTTCTTGTTTTTGTTTTGTTTTTT,yes,train
259,CTTTTTTCTTTATTTTTTTTTAGA,yes,train
443,GGCTGGGCACAGTGGCTCACACCT,yes,train
432,GGCCTGGCACAGTGGCTCATGCCT,no,train
124,ATTTTATTTTATTATTTTTTTTTA,no,train
271,CTTTTTTTTTTTTCGAGACACGGT,no,train
331,GCCAGTCATGGTGGCTCATGCCTG,no,train
369,GGCCAGGCCCAGTGGCTCACACCT,yes,train
24,AGCCGGGCATGGTGGCTCACGCCC,no,train
620,TGGCCGGGCACAGTGGCTCACGCC,yes,train
98,ATGATGGGCTCTCCTTACATATAT,no,train
867,TTTTTTTTTTTTTTTTTTTGAGAT,yes,train
114,ATTTATTTTATTTTTTATTGTTTT,no,train
854,TTTTTTTTTTTTTTTGAGACGGAG,no,train
387,GGCCAGGTGCGGTGGCTCACACCT,yes,train
43,AGGCCAGACACAATGGCTCATGCT,yes,train
642,TGGCTGGGCATGGTGGGTGCCTGT,yes,train
715,TTTGTTTTTGTTTTTTTTGTTTTT,yes,train
716,TTTGTTTTTTTTGTTTTTTTGACA,no,train
558,GTTTTTTGTTTGTTTGTTTTTTGA,no,train
500,GGGCTGGGCACGGTGGCTCATGAC,no,train
38,AGCTGGGTGTTTTGGCTCAGGCCT,yes,train
623,TGGCCGGGCACGGTGGCTCACACC,yes,train
642,TGGCTGGGCATGGTGGGTGCCTGT,no,train
521,GTCGGGCACGGTGGCTCACGCCTG,no,train
437,GGCTCAGCGTGGTGGCTCATGCCT,no,train
768,TTTTTGGTTTTTTTTGTTTTTTTT,no,train
531,GTTGTTTGTCTGCTTGTTTGCGAC,yes,train
418,GGCCGGGCGCGGTGGCTCACACCT,yes,train
608,TGGCCAGGCATAATGGCTTATGCC,no,train
848,TTTTTTTTTTTTTTGAGACAGAGT,yes,train
688,TTTCCTTTTTTTTTTTTTTCTTTT,yes,train
454,GGCTGGGCAGGGTGGCTCACCCCT,yes,train
690,TTTCTGTTTTTTGTTTTTTTTTTT,yes,train
769,TTTTTGTTTGTTTGTTTGTTTGTT,no,train
98,ATGATGGGCTCTCCTTACATATAT,yes,train
371,GGCCAGGCGCGGTGGCTCACGCCT,yes,train
246,CTTTTGTTGTTTTTGAGACGGGGT,no,train
793,TTTTTTGTTTTGTTTTTTTTGAGA,no,train
804,TTTTTTTGTTTGTTTTTGAGGCGG,yes,train
242,CTTTTCTTTTCTTGAGGCAGGGTC,no,train
710,TTTGTTTGTTTAGAGATAGGATCT,yes,train
387,GGCCAGGTGCGGTGGCTCACACCT,no,train
430,GGCCGGTCACGGTGGCTCACGCCT,no,train
108,ATTTATTTATTTATTTTTGAGACA,no,train
420,GGCCGGGCGCGGTGGCTCACGCCT,yes,train
846,TTTTTTTTTTTTTTCTTTTTTTTG,yes,train
16,AGCCAGGCGCAGTGGCTCACGCCT,no,train
462,GGCTGGGCGCAGTGGCTCACTCCT,no,train
854,TTTTTTTTTTTTTTTGAGACGGAG,yes,train
676,TTGTTTTTTTTTAATTTTTTAATT,no,train
104,ATTCTTTTTTTTTTTCTTCTTTGA,yes,train
809,TTTTTTTTCTTTTTTTTTCTTTTT,yes,train
165,ATTTTTTTTTTTTTTTTGAGACAG,yes,train
406,GGCCGGGCACGGTGGCTCACGCCT,yes,train
435,GGCGGGGTGTGGTGGCTCATGCCT,no,train
116,ATTTATTTTTATTTTTATTTTTTT,yes,train
623,TGGCCGGGCACGGTGGCTCACACC,no,train
660,TTCTTTTATTTTTTTTGAGATGGA,no,train
290,CTTTTTTTTTTTTTTTTTTTAATT,yes,train
706,TTTGAGATGGAGTCTTGCTTCATT,no,train
387,GGCCAGGTGCGGTGGCTCACACCT,yes,train
235,CTTTGTTTTTGTTTTTGTCTTTTG,yes,train
372,GGCCAGGCGCGGTGGCTCACGCCT,no,train
256,CTTTTTGATTGATTGTTTGTTATG,yes,train
870,TTTTTTTTTTTTTTTTTTTTGAGA,no,train
628,TGGCCGGGCGCGCTGGCTCACGCC,yes,train
102,ATTCTTTTTGAGACAGAGTCTCTG,no,train
12,AGCCAGATGTGGTGACATGAACCA,no,train
571,GTTTTTTTTTTTTTTTTTTTAGAT,no,train
644,TGGCTGGGCGCGGTGGCTCACGCC,yes,train
457,GGCTGGGCATGGTGGTTCACACCT,no,train
660,TTCTTTTATTTTTTTTGAGATGGA,no,train
406,GGCCGGGCACGGTGGCTCACGCCT,yes,train
359,GGCCAGGCACAGTGGCTCACACCT,no,train
454,GGCTGGGCAGGGTGGCTCACCCCT,yes,train
87,AGGCTGTTGCTCTGTCACCCAGGA,no,train
406,GGCCGGGCACGGTGGCTCACGCCT,yes,train
13,AGCCAGGCATGGTGGCTCATGCCT,yes,train
168,ATTTTTTTTTTTTTTTTTTGACGG,no,train
186,CCAGGCGCGGTGGCTCACACCTAT,yes,train
116,ATTTATTTTTATTTTTATTTTTTT,yes,train
479,GGCTTGGTGCAGTGACGACACACC,no,train
676,TTGTTTTTTTTTAATTTTTTAATT,no,train
739,TTTTGAAATGGAGTTTTGCTCAGT,yes,train
535,GTTTTACTTTTTTTTTTTTTTTTT,no,train
132,ATTTTGTTTTGTTTTGGTTTTTTG,yes,train
801,TTTTTTTGTTTATGTGTTTGTTTT,no,train
854,TTTTTTTTTTTTTTTGAGACGGAG,yes,train
697,TTTCTTTTTTCTGGAGACGGAGTT,no,train
858,TTTTTTTTTTTTTTTTGAGACAGG,yes,train
752,TTTTGTTTTTTTTTTGTTGTTGTT,no,train
779,TTTTTTATTTTTTATTTTATTTTA,no,train
457,GGCTGGGCATGGTGGTTCACACCT,yes,train
531,GTTGTTTGTCTGCTTGTTTGCGAC,no,train
144,ATTTTTTTCTTCTTTTTTCCACAG,yes,train
672,TTGTTATTTTTTATTTTTATTTTT,yes,train
608,TGGCCAGGCATAATGGCTTATGCC,yes,train
585,TCTTTTTTTTTTTTTCTTTTTGAG,no,train
591,TGCCGAGTGGAGTGGCTCACACCT,no,train
670,TTGCCCAGGCTGGAGTGCAGGGCG,yes,train
278,CTTTTTTTTTTTTTTGAGACGGAG,no,train
755,TTTTTATTTTATTTATTTATTTAT,yes,train
16,AGCCAGGCGCAGTGGCTCACGCCT,no,train
173,ATTTTTTTTTTTTTTTTTTTTTGA,no,train
87,AGGCTGTTGCTCTGTCACCCAGGA,yes,train
114,ATTTATTTTATTTTTTATTGTTTT,no,train
305,GACCCAGTGCGGTGGCTCACGCCT,no,train
28,AGCTGGACGCAGTAGCTAATGCCT,yes,train
754,TTTTTATTTAGAGACAAGATCTCA,yes,train
280,CTTTTTTTTTTTTTTGAGAGGGAG,no,train
403,GGCCGGGCACGGTGACTCATGCCT,no,train
707,TTTGTGGGATGGAGTTTCACTTGT,no,train
509,GGGCTGGGTGCGGTGGCTCACACC,no,train
525,GTGGCACTATCATAGTTCACTATA,no,train
91,AGGTTGGGCATGGTGGCTCACGCC,no,train
47,AGGCCAGGCGTGGTGGCTCATGCC,yes,train
529,GTTCTTTTTTTTTTAGACAGCGTT,no,train
739,TTTTGAAATGGAGTTTTGCTCAGT,no,train
381,GGCCAGGTATGGTGGCTCATGCCT,no,train
99,ATTATTATTATTATTTTATTTTAT,yes,train
558,GTTTTTTGTTTGTTTGTTTTTTGA,yes,train
116,ATTTATTTTTATTTTTATTTTTTT,no,train
825,TTTTTTTTTTTGAGACGGAGTCTC,no,train
580,TCCAGGCATGGTGGCTCACATCTG,no,train
464,GGCTGGGCGCGATGGCTCATGTCT,yes,train
343,GCTGGGCACAATGGTTCACACCTG,yes,train
417,GGCCGGGCGCGGTGGCTCACACCT,no,train
463,GGCTGGGCGCAGTGGCTCATGCCT,yes,train
582,TCTCTCTTTTTTTTTTTTTTGAGA,no,train
395,GGCCGAGCGCAGTGGCTCACGCCT,yes,train
763,TTTTTCTTTGAGACAGAGTCACTC,no,train
513,GGGTTGGGCACGGTGGCGCATGCC,no,train
678,TTTATTATTATTTTTTGAGATGGA,no,train
171,ATTTTTTTTTTTTTTTTTTTGAGG,no,train
330,GCCAGGTGTGGTGGCTCACGCCTC,no,train
742,TTTTGTGAGACAGCCTTGCTCTGT,yes,train
406,GGCCGGGCACGGTGGCTCACGCCT,yes,train
701,TTTCTTTTTTTTTTTTTTTTTTTT,yes,train
287,CTTTTTTTTTTTTTTTTTTAATTG,yes,train
807,TTTTTTTTCTTTCTTTTTATTTCT,no,train
626,TGGCCGGGCATGGTGGCTCACGCC,no,train
503,GGGCTGGGCCCATTAGCTCACACC,no,train
165,ATTTTTTTTTTTTTTTTGAGACAG,yes,train
146,ATTTTTTTGGACATGGCCTTGCTC,no,train
304,GACCAGGTGTGGTGGCTCACACCA,yes,train
747,TTTTGTTTTGTTTTTTTTTTAAGA,yes,train
99,ATTATTATTATTATTTTATTTTAT,no,train
347,GCTGGGCGTGGTGGCTCACGCCTA,no,train
336,GCCGGGCGTGGTGGCTCACGCCTG,no,train
819,TTTTTTTTTTCCTTTTTTTTTTTT,no,train
333,GCCGGGCATGGTGGCTCACGCCTG,yes,train
288,CTTTTTTTTTTTTTTTTTTGAGAC,no,train
344,GCTGGGCACAGTAGCTCATGCCTG,yes,train
531,GTTGTTTGTCTGCTTGTTTGCGAC,no,train
591,TGCCGAGTGGAGTGGCTCACACCT,no,train
291,CTTTTTTTTTTTTTTTTTTTGAGA,yes,train
237,CTTTTATTGTTTTTTGAGACGGAG,no,train
734,TTTTCTTTTCTTTTTCTTTTTCTT,no,train
54,AGGCCGGGCACTGTGGCTTACACA,yes,train
389,GGCCAGGTGGCGGTGGTTCACACC,yes,train
575,TAGTGCAATGGCGCAATCCTGGCT,no,train
259,CTTTTTTCTTTATTTTTTTTTAGA,no,train
676,TTGTTTTTTTTTAATTTTTTAATT,yes,train
262,CTTTTTTGTTTCGTTGTTTTTCTT,yes,train
353,GGCCAAACATGGTGCCCCACGCCT,no,train
431,GGCCGGTCGTGGTGGCTCATGCCT,yes,train
28,AGCTGGACGCAGTAGCTAATGCCT,yes,train
704,TTTGAGACAGAGTTTTGCTCTTAT,no,train
154,ATTTTTTTTTTTGAGATGGAGTCT,no,train
353,GGCCAAACATGGTGCCCCACGCCT,yes,train
505,GGGCTGGGTGCAGTCGCTCACGCC,yes,train
151,ATTTTTTTTTCTTTTTCTTGTTTT,no,train
314,GAGACCAGCCTGACCAATATGGAG,yes,train
392,GGCCAGGTGTGGTGGCTCACACCT,no,train
591,TGCCGAGTGGAGTGGCTCACACCT,no,train
47,AGGCCAGGCGTGGTGGCTCATGCC,no,train
305,GACCCAGTGCGGTGGCTCACGCCT,yes,train
423,GGCCGGGCGCGGTGGCTCATGCCT,yes,train
734,TTTTCTTTTCTTTTTCTTTTTCTT,no,train
36,AGCTGGGTGTGGTGGCTCATACCT,yes,train
310,GACTGGGTGCGGTGGCTCATGCCT,no,train
131,ATTTTGTTGTTGTTATTTGTTTCT,yes,train
714,TTTGTTTTGTTTTTTGTTTTGAGA,yes,train
227,CTTTCTCACTCAGGCTGCAGTGAG,no,train
672,TTGTTATTTTTTATTTTTATTTTT,yes,train
695,TTTCTTTTCTTTCCTTTCTTTTTT,no,train
161,ATTTTTTTTTTTTTTTAGATGGAG,yes,train
406,GGCCGGGCACGGTGGCTCACGCCT,no,train
31,AGCTGGGCATGGTGGTTCATGCCT,yes,train
252,CTTTTTCTTTTTCTTTCTTTCTTT,no,train
503,GGGCTGGGCCCATTAGCTCACACC,no,train
336,GCCGGGCGTGGTGGCTCACGCCTG,no,train
519,GGTTGGGCATGGTAGCTCACACCT,no,train
387,GGCCAGGTGCGGTGGCTCACACCT,yes,train
387,GGCCAGGTGCGGTGGCTCACACCT,yes,train
870,TTTTTTTTTTTTTTTTTTTTGAGA,no,train
204,CGGCCGGGCGCGGTGGCTCACGCC,yes,train
54,AGGCCGGGCACTGTGGCTTACACA,no,train
378,GGCCAGGGATGTTGGCTCACATCT,no,train
430,GGCCGGTCACGGTGGCTCACGCCT,yes,train
313,GAGACAGTCTTGCTTTGTCGCCAG,yes,train
438,GGCTGCGTGCAGTGGCTCACGCCT,no,train
351,GGCACGGTGGCTCACGCCTGTAAT,yes,train
447,GGCTGGGCACGAGGGCTCATGTCT,no,train
356,GGCCAGAGACTGTGGCTCATGCCT,yes,train
18,AGCCAGGCGTGGTACGTAGCTCAC,yes,train
238,CTTTTCGTTGTTGTTGAGACAGGG,no,train
812,TTTTTTTTGTTTGTTTTTTGTTTT,no,train
280,CTTTTTTTTTTTTTTGAGAGGGAG,no,train
307,GACCGGGTGTGGTGGCTCACACCT,yes,train
175,ATTTTTTTTTTTTTTTTTTTTTTG,yes,train
386,GGCCAGGTGCAGTGGCTCATTCCT,no,train
809,TTTTTTTTCTTTTTTTTTCTTTTT,no,train
688,TTTCCTTTTTTTTTTTTTTCTTTT,yes,train
101,ATTCTTTGTTTTTTTTTGAGATGG,yes,train
541,GTTTTGCTTTTTTTTTTTTTTTTT,no,train
355,GGCCAGACGTGGTGGCTCACGCCT,no,train
846,TTTTTTTTTTTTTTCTTTTTTTTG,no,train
801,TTTTTTTGTTTATGTGTTTGTTTT,no,train
546,GTTTTGTTTTGTTTTTTTTTTTTT,no,train
672,TTGTTATTTTTTATTTTTATTTTT,yes,train
28,AGCTGGACGCAGTAGCTAATGCCT,yes,train
731,TTTTCTTTTCTTGTGTGTTTTTTT,no,train
172,ATTTTTTTTTTTTTTTTTTTGTGA,no,train
192,CCGGGCGCAGTGGCTCATGCCTGT,no,train
661,TTCTTTTGTTTTTTTGAGATGGAG,yes,train
452,GGCTGGGCACGGTGGCTCGTGCTT,no,train
378,GGCCAGGGATGTTGGCTCACATCT,yes,train
387,GGCCAGGTGCGGTGGCTCACACCT,yes,train
290,CTTTTTTTTTTTTTTTTTTTAATT,yes,train
799,TTTTTTTGGTTTTTGTTTTGTTTT,yes,train
47,AGGCCAGGCGTGGTGGCTCATGCC,no,train
158,ATTTTTTTTTTTTTTAATTTTGTT,no,train
33,AGCTGGGCGCAGTGGCTCACGCCT,no,train
136,ATTTTTGTATTTTTCCTTTTTTTT,yes,train
815,TTTTTTTTTCTTTTTTCTTTTTTC,no,train
136,ATTTTTGTATTTTTCCTTTTTTTT,yes,train
582,TCTCTCTTTTTTTTTTTTTTGAGA,yes,train
737,TTTTCTTTTTTTCTTTTTTGAGAT,yes,train
373,GGCCAGGCGCGGTGGCTCATCCCT,no,train
652,TGGGCACAGTGGCTCATGCCTGTA,no,train
674,TTGTTTGTTGTTTTTGAGACAGAG,yes,train
338,GCGCAGTGGCTCACGCCTGTAATC,no,train
466,GGCTGGGCGTAGTGGCTCACACCT,yes,train
372,GGCCAGGCGCGGTGGCTCACGCCT,no,train
147,ATTTTTTTGTTGTTGTTGTGACTG,no,train
385,GGCCAGGTGCAGTGGCTCATGCTT,yes,train
522,GTGAGACAGAGTTTCACTCTGTCG,yes,train
243,CTTTTCTTTTCTTTTCTTTCTTTT,yes,train
792,TTTTTTGTTTTGTTTTGTTTGAGA,no,train
468,GGCTGGGCGTGGTGGCTCACGCCT,no,train
454,GGCTGGGCAGGGTGGCTCACCCCT,yes,train
731,TTTTCTTTTCTTGTGTGTTTTTTT,no,train
192,CCGGGCGCAGTGGCTCATGCCTGT,no,train
463,GGCTGGGCGCAGTGGCTCATGCCT,yes,train
871,TTTTTTTTTTTTTTTTTTTTGAGG,no,train
53,AGGCCGGGCACGGTGGCTCACACC,yes,train
670,TTGCCCAGGCTGGAGTGCAGGGCG,no,train
53,AGGCCGGGCACGGTGGCTCACACC,yes,train
464,GGCTGGGCGCGATGGCTCATGTCT,yes,train
760,TTTTTCTTATCTTTTTTTTTTTCC,yes,train
535,GTTTTACTTTTTTTTTTTTTTTTT,yes,train
96,AGTTTGTTTGTTTGTTTGTTTGTT,no,train
112,ATTTATTTTATTTTATTTTATTTT,yes,train
49,AGGCCAGGTGTGGTAGCTCACGCC,yes,train
200,CGCTGGGTACAGTTGCTTACACCT,yes,train
411,GGCCGGGCGCAGTGGCCCACACCT,yes,train
571,GTTTTTTTTTTTTTTTTTTTAGAT,no,train
410,GGCCGGGCGCAATGGCTCGCGCCT,no,train
571,GTTTTTTTTTTTTTTTTTTTAGAT,no,train
527,GTTCTTGTTTTTGTTTTGTTTTTT,yes,train
153,ATTTTTTTTTTTGACAGAGTCTTG,yes,train
101,ATTCTTTGTTTTTTTTTGAGATGG,no,train
411,GGCCGGGCGCAGTGGCCCACACCT,no,train
54,AGGCCGGGCACTGTGGCTTACACA,no,train
660,TTCTTTTATTTTTTTTGAGATGGA,yes,train
150,ATTTTTTTTTCTTTTTCAGAGTTT,yes,train
79,AGGCTGGGCGTGGTGGCTCACATC,yes,train
541,GTTTTGCTTTTTTTTTTTTTTTTT,yes,train
781,TTTTTTATTTTTTTGAGATGGAGT,yes,train
617,TGGCCAGGTGCGGTGGCTCACGCC,yes,train
375,GGCCAGGCGTGGTGGCTCATGCCT,yes,train
527,GTTCTTGTTTTTGTTTTGTTTTTT,yes,train
166,ATTTTTTTTTTTTTTTTGAGAGGA,no,train
509,GGGCTGGGTGCGGTGGCTCACACC,yes,train
531,GTTGTTTGTCTGCTTGTTTGCGAC,yes,train
695,TTTCTTTTCTTTCCTTTCTTTTTT,no,train
626,TGGCCGGGCATGGTGGCTCACGCC,yes,train
715,TTTGTTTTTGTTTTTTTTGTTTTT,yes,train
24,AGCCGGGCATGGTGGCTCACGCCC,no,train
436,GGCTAGGCGCAGTGGCTCACTCCT,no,train
854,TTTTTTTTTTTTTTTGAGACGGAG,yes,train
333,GCCGGGCATGGTGGCTCACGCCTG,no,train
5,ACTCATGCCTGTAATCCCAGCACT,no,train
199,CGCTGGGCGCGGTGGCTCACGCCT,no,train
13,AGCCAGGCATGGTGGCTCATGCCT,yes,train
543,GTTTTGTTTTGTTTTGAAAGAACG,no,train
116,ATTTATTTTTATTTTTATTTTTTT,no,train
271,CTTTTTTTTTTTTCGAGACACGGT,no,train
858,TTTTTTTTTTTTTTTTGAGACAGG,no,train
700,TTTCTTTTTTTTTTTTTTGAGATG,yes,train
163,ATTTTTTTTTTTTTTTTCAAGACG,no,train
851,TTTTTTTTTTTTTTGAGATGGAGT,yes,train
463,GGCTGGGCGCAGTGGCTCATGCCT,no,train
342,GCTGGATGCGGTGGCTCACGCCTG,yes,train
397,GGCCGGCAAGGTGGCTCACGCCTG,no,train
305,GACCCAGTGCGGTGGCTCACGCCT,yes,train
41,AGGCAGGGCGAGGTGGCTCAAACC,yes,train
227,CTTTCTCACTCAGGCTGCAGTGAG,yes,train
86,AGGCTGGGTGTGGTGGCTCACGCC,no,train
76,AGGCTGGGCGCGGTGGCTCACACC,no,train
774,TTTTTTAAGATGGAATCTTGCTCT,no,train
41,AGGCAGGGCGAGGTGGCTCAAACC,yes,train
98,ATGATGGGCTCTCCTTACATATAT,no,train
283,CTTTTTTTTTTTTTTTGAGATGGA,yes,train
684,TTTATTTTTAATTTTATTTTTGAG,yes,train
821,TTTTTTTTTTCTTTTTTTTTTTTT,no,train
546,GTTTTGTTTTGTTTTTTTTTTTTT,yes,train
201,CGGCCAGGCACAGTGACTTACACC,no,train
28,AGCTGGACGCAGTAGCTAATGCCT,no,train
165,ATTTTTTTTTTTTTTTTGAGACAG,yes,train
182,CAGTGGCTCACACCTGTAATCCCA,yes,train
444,GGCTGGGCACAGTGGCTCACACCT,no,train
447,GGCTGGGCACGAGGGCTCATGTCT,yes,train
42,AGGCAGGGTGCAGTGGCTCACGCC,yes,train
790,TTTTTTGTTTGTTTTTTGGAGACA,no,train
768,TTTTTGGTTTTTTTTGTTTTTTTT,yes,train
397,GGCCGGCAAGGTGGCTCACGCCTG,no,train
522,GTGAGACAGAGTTTCACTCTGTCG,yes,train
608,TGGCCAGGCATAATGGCTTATGCC,yes,train
176,ATTTTTTTTTTTTTTTTTTTTTTT,no,train
330,GCCAGGTGTGGTGGCTCACGCCTC,yes,train
582,TCTCTCTTTTTTTTTTTTTTGAGA,no,train
351,GGCACGGTGGCTCACGCCTGTAAT,no,train
162,ATTTTTTTTTTTTTTTGCGATGAA,yes,train
2,AAGATGGAGTCTTATTCTGTCGCC,no,train
5,ACTCATGCCTGTAATCCCAGCACT,yes,train
182,CAGTGGCTCACACCTGTAATCCCA,yes,train
527,GTTCTTGTTTTTGTTTTGTTTTTT,yes,train
355,GGCCAGACGTGGTGGCTCACGCCT,yes,train
464,GGCTGGGCGCGATGGCTCATGTCT,yes,train
551,GTTTTTGAGGCAGGTCGGTCACCC,no,train
516,GGTCGGGCACGGTGGCTCATGCCT,yes,train
20,AGCCAGGTGCAGTGGCTCACGCTT,yes,train
173,ATTTTTTTTTTTTTTTTTTTTTGA,yes,train
457,GGCTGGGCATGGTGGTTCACACCT,yes,train
530,GTTCTTTTTTTTTTTTTTTTTTTC,no,train
436,GGCTAGGCGCAGTGGCTCACTCCT,no,train
286,CTTTTTTTTTTTTTTTTGAGACAA,no,train
435,GGCGGGGTGTGGTGGCTCATGCCT,no,train
675,TTGTTTTTTGTTTTTTTGTTTTTT,yes,train
396,GGCCGAGCGTGATGGCTCACCCCT,yes,train
560,GTTTTTTTATTTTTATTTTTGGAG,no,train
547,GTTTTGTTTTTCTTTCTTTTTTTT,yes,train
273,CTTTTTTTTTTTTTGAGACAGAAT,yes,train
862,TTTTTTTTTTTTTTTTGAGATGGA,no,train
865,TTTTTTTTTTTTTTTTTGAGACAG,no,train
260,CTTTTTTCTTTCTTTTTTTGAGAT,no,train
608,TGGCCAGGCATAATGGCTTATGCC,yes,train
488,GGGCCAGGCGCTGTGGCTCACACC,no,train
411,GGCCGGGCGCAGTGGCCCACACCT,no,train
43,AGGCCAGACACAATGGCTCATGCT,no,train
176,ATTTTTTTTTTTTTTTTTTTTTTT,yes,train
326,GCCAGGCATGGTGGCTCATGCCTA,no,train
527,GTTCTTGTTTTTGTTTTGTTTTTT,yes,train
745,TTTTGTTTTAATATTTTTTTTCTT,no,train
640,TGGCTGGGCACGGTGGCTCACGCC,yes,train
201,CGGCCAGGCACAGTGACTTACACC,yes,train
396,GGCCGAGCGTGATGGCTCACCCCT,yes,train
396,GGCCGAGCGTGATGGCTCACCCCT,no,train
136,ATTTTTGTATTTTTCCTTTTTTTT,yes,train
246,CTTTTGTTGTTTTTGAGACGGGGT,no,train
199,CGCTGGGCGCGGTGGCTCACGCCT,yes,train
321,GCAGTGGTTCGCACCTATAAGCCC,no,train
791,TTTTTTGTTTGTTTTTTTGAGACA,no,train
456,GGCTGGGCATGGTGGCTCACGCCT,no,train
696,TTTCTTTTTTCTAAGACAGAGTCT,no,train
165,ATTTTTTTTTTTTTTTTGAGACAG,yes,train
757,TTTTTATTTTTATTTTATTTTTTA,yes,train
373,GGCCAGGCGCGGTGGCTCATCCCT,yes,train
453,GGCTGGGCACGGTGGCTCTCGCCT,no,train
29,AGCTGGGCACGTGGCTCACACCTG,yes,train
313,GAGACAGTCTTGCTTTGTCGCCAG,yes,train
305,GACCCAGTGCGGTGGCTCACGCCT,yes,train
199,CGCTGGGCGCGGTGGCTCACGCCT,yes,train
406,GGCCGGGCACGGTGGCTCACGCCT,yes,train
84,AGGCTGGGTGCTATGGCTCACGTC,no,train
488,GGGCCAGGCGCTGTGGCTCACACC,no,train
510,GGGCTGGGTGTGGTGGCTCATGCC,yes,train
829,TTTTTTTTTTTTAAAGACAGGGTC,yes,train
278,CTTTTTTTTTTTTTTGAGACGGAG,no,train
753,TTTTTATTATTTTTTTCTTTTTTA,no,train
538,GTTTTCTTTTCTTTTCTTTTTTTT,no,train
453,GGCTGGGCACGGTGGCTCTCGCCT,no,train
431,GGCCGGTCGTGGTGGCTCATGCCT,no,train
505,GGGCTGGGTGCAGTCGCTCACGCC,yes,train
42,AGGCAGGGTGCAGTGGCTCACGCC,no,train
291,CTTTTTTTTTTTTTTTTTTTGAGA,yes,train
823,TTTTTTTTTTTGAGACAATGTCTC,no,train
355,GGCCAGACGTGGTGGCTCACGCCT,no,train
548,GTTTTGTTTTTTGGGGTTTGTTTT,yes,train
767,TTTTTGAGACAGAGTCTCGCTCTT,no,train
825,TTTTTTTTTTTGAGACGGAGTCTC,yes,train
343,GCTGGGCACAATGGTTCACACCTG,yes,train
409,GGCCGGGCCCAGTGGCTCACACCT,no,train
623,TGGCCGGGCACGGTGGCTCACACC,yes,train
29,AGCTGGGCACGTGGCTCACACCTG,no,train
369,GGCCAGGCCCAGTGGCTCACACCT,yes,train
657,TTATTTTTATTTTTATTTTTTATT,yes,train
333,GCCGGGCATGGTGGCTCACGCCTG,no,train
789,TTTTTTGTGATTTTTTTTTTTTCG,no,train
663,TTCTTTTTTCTTTTCTTTTTTTTT,no,train
801,TTTTTTTGTTTATGTGTTTGTTTT,no,train
464,GGCTGGGCGCGATGGCTCATGTCT,yes,train
397,GGCCGGCAAGGTGGCTCACGCCTG,no,train
243,CTTTTCTTTTCTTTTCTTTCTTTT,yes,train
734,TTTTCTTTTCTTTTTCTTTTTCTT,no,train
535,GTTTTACTTTTTTTTTTTTTTTTT,yes,train
320,GCAGTGGCCCACGCCTGTAATCCC,yes,train
330,GCCAGGTGTGGTGGCTCACGCCTC,yes,train
548,GTTTTGTTTTTTGGGGTTTGTTTT,no,train
476,GGCTGGGTGCGGTGGCTCACGCCT,no,train
390,GGCCAGGTGTAGCGGCCCACACCT,no,train
273,CTTTTTTTTTTTTTGAGACAGAAT,yes,train
831,TTTTTTTTTTTTCCGAGATGGAAT,yes,train
414,GGCCGGGCGCAGTGGCTCATGCCT,yes,train
286,CTTTTTTTTTTTTTTTTGAGACAA,yes,train
572,GTTTTTTTTTTTTTTTTTTTTGAG,yes,train
608,TGGCCAGGCATAATGGCTTATGCC,no,train
704,TTTGAGACAGAGTTTTGCTCTTAT,no,train
191,CCGGGCACGGTGGCTCACACCTGT,no,train
628,TGGCCGGGCGCGCTGGCTCACGCC,no,train
750,TTTTGTTTTTTCGTTTGTTTCTTT,no,train
505,GGGCTGGGTGCAGTCGCTCACGCC,no,train
568,GTTTTTTTTTTTGAGACGGAGTCT,no,train
420,GGCCGGGCGCGGTGGCTCACGCCT,no,train
835,TTTTTTTTTTTTGAGAGAGTTTTG,no,train
5,ACTCATGCCTGTAATCCCAGCACT,yes,train
438,GGCTGCGTGCAGTGGCTCACGCCT,no,train
562,GTTTTTTTCTTTTTCTTTTTGAGA,no,train
225,CTTTATTTTATTTTCATTTTTTGG,no,train
133,ATTTTGTTTTGTTTTTGTTTTTTG,no,train
548,GTTTTGTTTTTTGGGGTTTGTTTT,yes,train
344,GCTGGGCACAGTAGCTCATGCCTG,yes,train
688,TTTCCTTTTTTTTTTTTTTCTTTT,yes,train
248,CTTTTTATTTTATTTTATTCTATT,yes,train
879,TTTTTTTTTTTTTTTTTTTTTTTT,yes,train
204,CGGCCGGGCGCGGTGGCTCACGCC,yes,train
821,TTTTTTTTTTCTTTTTTTTTTTTT,yes,train
333,GCCGGGCATGGTGGCTCACGCCTG,no,train
147,ATTTTTTTGTTGTTGTTGTGACTG,no,train
368,GGCCAGGCATGGTGGTTCACGCCT,no,train
4,ACAGTGGCTCACACCTTTGATCCC,yes,train
23,AGCCGGGCACGGTGGCTCACACCT,no,train
604,TGGCCAGGCACAGTAACTCCTGCC,no,train
189,CCCAGCCTGGGCAACATAGGGAGA,no,train
625,TGGCCGGGCATGGTGGCTCACGCC,no,train
790,TTTTTTGTTTGTTTTTTGGAGACA,yes,train
501,GGGCTGGGCATGGTGGCTCACACC,no,train
774,TTTTTTAAGATGGAATCTTGCTCT,yes,train
118,ATTTCCTTCTTTTTTTTTTTGAGA,no,train
113,ATTTATTTTATTTTTCTGAGATGG,no,train
594,TGCCGGGCATGGTGGCTTGCACCT,yes,train
752,TTTTGTTTTTTTTTTGTTGTTGTT,no,train
854,TTTTTTTTTTTTTTTGAGACGGAG,yes,train
464,GGCTGGGCGCGATGGCTCATGTCT,no,train
671,TTGGGAGGCCGACCTGGGTGGATC,yes,train
768,TTTTTGGTTTTTTTTGTTTTTTTT,no,train
158,ATTTTTTTTTTTTTTAATTTTGTT,no,train
248,CTTTTTATTTTATTTTATTCTATT,yes,train
744,TTTTGTTTGTTTGTTTGTTTTGAG,no,train
651,TGGGAGGCCGAGGCGGGCGGATCA,yes,train
847,TTTTTTTTTTTTTTGAGACACAGT,no,train
375,GGCCAGGCGTGGTGGCTCATGCCT,yes,train
771,TTTTTGTTTTTGTTGGAGAAGGAG,yes,train
10,AGATCAGGCATGGTGGCTTACACC,no,train
182,CAGTGGCTCACACCTGTAATCCCA,no,train
368,GGCCAGGCATGGTGGTTCACGCCT,yes,train
854,TTTTTTTTTTTTTTTGAGACGGAG,yes,train
873,TTTTTTTTTTTTTTTTTTTTTGAG,no,train
254,CTTTTTGAGACGAGGTCTCACTGT,no,train
779,TTTTTTATTTTTTATTTTATTTTA,yes,train
410,GGCCGGGCGCAATGGCTCGCGCCT,yes,train
443,GGCTGGGCACAGTGGCTCACACCT,yes,train
353,GGCCAAACATGGTGCCCCACGCCT,yes,train
314,GAGACCAGCCTGACCAATATGGAG,yes,train
292,CTTTTTTTTTTTTTTTTTTTTTAC,yes,train
865,TTTTTTTTTTTTTTTTTGAGACAG,no,train
257,CTTTTTTACTTTATTTATTCTAGA,no,train
733,TTTTCTTTTCTTTTCTTTTTTTTT,yes,train
571,GTTTTTTTTTTTTTTTTTTTAGAT,no,train
299,CTTTTTTTTTTTTTTTTTTTTTTT,yes,train
488,GGGCCAGGCGCTGTGGCTCACACC,no,train
757,TTTTTATTTTTATTTTATTTTTTA,yes,train
5,ACTCATGCCTGTAATCCCAGCACT,yes,train
258,CTTTTTTATTTTTATTTTTTTGAG,no,train
124,ATTTTATTTTATTATTTTTTTTTA,yes,train
280,CTTTTTTTTTTTTTTGAGAGGGAG,no,train
348,GCTGGGTGGGGTGGCTCACACCCG,no,train
846,TTTTTTTTTTTTTTCTTTTTTTTG,yes,train
431,GGCCGGTCGTGGTGGCTCATGCCT,yes,train
763,TTTTTCTTTGAGACAGAGTCACTC,no,train
671,TTGGGAGGCCGACCTGGGTGGATC,yes,train
414,GGCCGGGCGCAGTGGCTCATGCCT,yes,train
231,CTTTCTTTTTTTTTTTTTTTTTTT,no,train
26,AGCCGGGCGCGGTGGCTCACGCCT,yes,train
175,ATTTTTTTTTTTTTTTTTTTTTTG,yes,train
439,GGCTGGATGCAGTGGCTCATGCCT,yes,train
575,TAGTGCAATGGCGCAATCCTGGCT,yes,train
846,TTTTTTTTTTTTTTCTTTTTTTTG,yes,train
571,GTTTTTTTTTTTTTTTTTTTAGAT,no,train
710,TTTGTTTGTTTAGAGATAGGATCT,no,train
752,TTTTGTTTTTTTTTTGTTGTTGTT,no,train
201,CGGCCAGGCACAGTGACTTACACC,yes,train
306,GACCGGGCGTAGTGGCTCACGCCT,no,train
414,GGCCGGGCGCAGTGGCTCATGCCT,yes,train
310,GACTGGGTGCGGTGGCTCATGCCT,no,train
272,CTTTTTTTTTTTTGAGACAAGGGT,yes,train
423,GGCCGGGCGCGGTGGCTCATGCCT,no,train
571,GTTTTTTTTTTTTTTTTTTTAGAT,no,train
460,GGCTGGGCGCAGCGGCTCACGCCT,yes,train
747,TTTTGTTTTGTTTTTTTTTTAAGA,yes,train
504,GGGCTGGGCGCGGTGGCTCTCGCC,yes,train
227,CTTTCTCACTCAGGCTGCAGTGAG,yes,train
182,CAGTGGCTCACACCTGTAATCCCA,yes,train
505,GGGCTGGGTGCAGTCGCTCACGCC,no,train
809,TTTTTTTTCTTTTTTTTTCTTTTT,yes,train
320,GCAGTGGCCCACGCCTGTAATCCC,no,train
9,AGAGTCTCACTTTGTTGCCCAGGC,yes,train
297,CTTTTTTTTTTTTTTTTTTTTTTT,yes,train
751,TTTTGTTTTTTGTTGTTGTGGTGG,no,train
769,TTTTTGTTTGTTTGTTTGTTTGTT,no,train
553,GTTTTTGTTTTGTTGTTTTTTTGA,yes,train
161,ATTTTTTTTTTTTTTTAGATGGAG,no,train
281,CTTTTTTTTTTTTTTGAGATGGAG,no,train
104,ATTCTTTTTTTTTTTCTTCTTTGA,no,train
457,GGCTGGGCATGGTGGTTCACACCT,yes,train
276,CTTTTTTTTTTTTTTCGGACAGAG,yes,train
545,GTTTTGTTTTGTTTTTTTGAGACA,yes,train
231,CTTTCTTTTTTTTTTTTTTTTTTT,no,train
226,CTTTATTTTTTAATTTTTTTTTTT,no,train
471,GGCTGGGTGCAATGGCTCACACCT,yes,train
200,CGCTGGGTACAGTTGCTTACACCT,yes,train
714,TTTGTTTTGTTTTTTGTTTTGAGA,no,train
690,TTTCTGTTTTTTGTTTTTTTTTTT,yes,train
463,GGCTGGGCGCAGTGGCTCATGCCT,yes,train
102,ATTCTTTTTGAGACAGAGTCTCTG,no,train
879,TTTTTTTTTTTTTTTTTTTTTTTT,no,train
847,TTTTTTTTTTTTTTGAGACACAGT,yes,train
375,GGCCAGGCGTGGTGGCTCATGCCT,yes,train
24,AGCCGGGCATGGTGGCTCACGCCC,yes,train
465,GGCTGGGCGCGGTGGCTCTTGCCT,yes,train
120,ATTTCTTTTCTTTTTTTTTTTTTT,yes,train
700,TTTCTTTTTTTTTTTTTTGAGATG,yes,train
556,GTTTTTTGTTTGTTTGTTTGTTTT,yes,train
162,ATTTTTTTTTTTTTTTGCGATGAA,yes,train
665,TTCTTTTTTTTTCTTTTGAGACGG,yes,train
604,TGGCCAGGCACAGTAACTCCTGCC,no,train
49,AGGCCAGGTGTGGTAGCTCACGCC,no,train
224,CTTTATTTTAATTATTATTATTTT,yes,train
397,GGCCGGCAAGGTGGCTCACGCCTG,no,train
504,GGGCTGGGCGCGGTGGCTCTCGCC,no,train
403,GGCCGGGCACGGTGACTCATGCCT,yes,train
351,GGCACGGTGGCTCACGCCTGTAAT,no,train
793,TTTTTTGTTTTGTTTTTTTTGAGA,yes,train
509,GGGCTGGGTGCGGTGGCTCACACC,no,train
299,CTTTTTTTTTTTTTTTTTTTTTTT,yes,train
245,CTTTTCTTTTTCTTTTCTTTTTTT,yes,train
496,GGGCCGGGTGCAGTGACTCACGCC,no,train
357,GGCCAGGCACAATGGCTCACACCT,no,train
714,TTTGTTTTGTTTTTTGTTTTGAGA,no,train
360,GGCCAGGCACAGTGGCTCACGCCT,yes,train
380,GGCCAGGGGCAGTGGTTCATGCCT,no,train
532,GTTGTTTTGTTTTGTTTTGAGACA,no,train
350,GGCAAGGCATGGTGGCTCATGCCT,yes,train
246,CTTTTGTTGTTTTTGAGACGGGGT,no,train
158,ATTTTTTTTTTTTTTAATTTTGTT,no,train
343,GCTGGGCACAATGGTTCACACCTG,no,train
309,GACTGGGTGCCATGGCTCATGCCT,no,train
342,GCTGGATGCGGTGGCTCACGCCTG,no,train
809,TTTTTTTTCTTTTTTTTTCTTTTT,no,train
260,CTTTTTTCTTTCTTTTTTTGAGAT,no,train
613,TGGCCAGGCATGGTGGCTCACACC,no,train
655,TGTGCAGGGACTCATGACTGTAAT,yes,train
745,TTTTGTTTTAATATTTTTTTTCTT,yes,train
296,CTTTTTTTTTTTTTTTTTTTTTTT,yes,train
768,TTTTTGGTTTTTTTTGTTTTTTTT,yes,train
338,GCGCAGTGGCTCACGCCTGTAATC,no,train
378,GGCCAGGGATGTTGGCTCACATCT,yes,train
243,CTTTTCTTTTCTTTTCTTTCTTTT,no,train
389,GGCCAGGTGGCGGTGGTTCACACC,yes,train
344,GCTGGGCACAGTAGCTCATGCCTG,yes,train
168,ATTTTTTTTTTTTTTTTTTGACGG,no,train
438,GGCTGCGTGCAGTGGCTCACGCCT,yes,train
396,GGCCGAGCGTGATGGCTCACCCCT,no,train
430,GGCCGGTCACGGTGGCTCACGCCT,yes,train
699,TTTCTTTTTTTTTGAGACGGAGTC,yes,train
558,GTTTTTTGTTTGTTTGTTTTTTGA,no,train
380,GGCCAGGGGCAGTGGTTCATGCCT,no,train
437,GGCTCAGCGTGGTGGCTCATGCCT,no,train
735,TTTTCTTTTTCTTTTCTTTTTTTT,yes,train
431,GGCCGGTCGTGGTGGCTCATGCCT,no,train
136,ATTTTTGTATTTTTCCTTTTTTTT,yes,train
406,GGCCGGGCACGGTGGCTCACGCCT,yes,train
675,TTGTTTTTTGTTTTTTTGTTTTTT,yes,train
789,TTTTTTGTGATTTTTTTTTTTTCG,no,train
730,TTTTCTTTGTTTGTTTGTTTGTTT,yes,train
250,CTTTTTATTTTTTTGAGACAGTCT,yes,train
661,TTCTTTTGTTTTTTTGAGATGGAG,yes,train
296,CTTTTTTTTTTTTTTTTTTTTTTT,no,train
757,TTTTTATTTTTATTTTATTTTTTA,yes,train
10,AGATCAGGCATGGTGGCTTACACC,no,train
640,TGGCTGGGCACGGTGGCTCACGCC,yes,train
4,ACAGTGGCTCACACCTTTGATCCC,yes,train
854,TTTTTTTTTTTTTTTGAGACGGAG,yes,train
420,GGCCGGGCGCGGTGGCTCACGCCT,yes,train
617,TGGCCAGGTGCGGTGGCTCACGCC,no,train
670,TTGCCCAGGCTGGAGTGCAGGGCG,no,train
718,TTTTATTCTTTTTTTTTTTTTTTT,yes,train
96,AGTTTGTTTGTTTGTTTGTTTGTT,no,train
449,GGCTGGGCACGGTGGCTCATGCCT,no,train
359,GGCCAGGCACAGTGGCTCACACCT,no,train
453,GGCTGGGCACGGTGGCTCTCGCCT,no,train
547,GTTTTGTTTTTCTTTCTTTTTTTT,no,train
829,TTTTTTTTTTTTAAAGACAGGGTC,no,train
735,TTTTCTTTTTCTTTTCTTTTTTTT,no,train
320,GCAGTGGCCCACGCCTGTAATCCC,yes,train
315,GAGGCTTGCTCTGTCACCCAGACT,yes,train
499,GGGCTGGGCACAGTGGCTTACGCC,yes,train
199,CGCTGGGCGCGGTGGCTCACGCCT,yes,train
133,ATTTTGTTTTGTTTTTGTTTTTTG,yes,train
163,ATTTTTTTTTTTTTTTTCAAGACG,no,train
753,TTTTTATTATTTTTTTCTTTTTTA,no,train
348,GCTGGGTGGGGTGGCTCACACCCG,no,train
454,GGCTGGGCAGGGTGGCTCACCCCT,no,train
200,CGCTGGGTACAGTTGCTTACACCT,yes,train
790,TTTTTTGTTTGTTTTTTGGAGACA,no,train
29,AGCTGGGCACGTGGCTCACACCTG,yes,train
245,CTTTTCTTTTTCTTTTCTTTTTTT,yes,train
515,GGTCAGGCACAGTGGCTTACACCT,no,train
243,CTTTTCTTTTCTTTTCTTTCTTTT,yes,train
745,TTTTGTTTTAATATTTTTTTTCTT,yes,train
343,GCTGGGCACAATGGTTCACACCTG,yes,train
437,GGCTCAGCGTGGTGGCTCATGCCT,no,train
456,GGCTGGGCATGGTGGCTCACGCCT,yes,train
174,ATTTTTTTTTTTTTTTTTTTTTTG,yes,train
783,TTTTTTCTTGTTTTTCTTTTTTCT,yes,train
283,CTTTTTTTTTTTTTTTGAGATGGA,yes,train
618,TGGCCCGATGCAGTGGCTCATGCC,no,train
454,GGCTGGGCAGGGTGGCTCACCCCT,no,train
224,CTTTATTTTAATTATTATTATTTT,yes,train
529,GTTCTTTTTTTTTTAGACAGCGTT,no,train
351,GGCACGGTGGCTCACGCCTGTAAT,no,train
174,ATTTTTTTTTTTTTTTTTTTTTTG,no,train
751,TTTTGTTTTTTGTTGTTGTGGTGG,yes,train
454,GGCTGGGCAGGGTGGCTCACCCCT,yes,train
839,TTTTTTTTTTTTTGAGACTCAGGA,yes,train
730,TTTTCTTTGTTTGTTTGTTTGTTT,yes,train
355,GGCCAGACGTGGTGGCTCACGCCT,no,train
41,AGGCAGGGCGAGGTGGCTCAAACC,yes,train
737,TTTTCTTTTTTTCTTTTTTGAGAT,yes,train
755,TTTTTATTTTATTTATTTATTTAT,no,train
508,GGGCTGGGTGCCGTGGCTCACGCC,yes,train
264,CTTTTTTTCATTTTTTTTTTTTTT,yes,train
174,ATTTTTTTTTTTTTTTTTTTTTTG,no,train
563,GTTTTTTTGTTTGTTTTGCTTTTT,no,train
411,GGCCGGGCGCAGTGGCCCACACCT,yes,train
790,TTTTTTGTTTGTTTTTTGGAGACA,yes,train
409,GGCCGGGCCCAGTGGCTCACACCT,no,train
815,TTTTTTTTTCTTTTTTCTTTTTTC,yes,train
252,CTTTTTCTTTTTCTTTCTTTCTTT,yes,train
669,TTGAGACGGAGTTTCACTGGTTGC,no,train
457,GGCTGGGCATGGTGGTTCACACCT,yes,train
14,AGCCAGGCATGGTGGTTCACACCT,yes,train
33,AGCTGGGCGCAGTGGCTCACGCCT,yes,train
670,TTGCCCAGGCTGGAGTGCAGGGCG,no,train
315,GAGGCTTGCTCTGTCACCCAGACT,yes,train
68,AGGCTGGCCATGTTGGCTCACGCT,yes,train
527,GTTCTTGTTTTTGTTTTGTTTTTT,no,train
34,AGCTGGGCGCGGTGGCTCACACCT,yes,train
200,CGCTGGGTACAGTTGCTTACACCT,yes,train
496,GGGCCGGGTGCAGTGACTCACGCC,no,train
512,GGGGGCAGAGGTGGGCGGATCACC,yes,train
453,GGCTGGGCACGGTGGCTCTCGCCT,no,train
717,TTTTACTTTTTTTTTTTTTTGGGA,yes,train
476,GGCTGGGTGCGGTGGCTCACGCCT,no,train
387,GGCCAGGTGCGGTGGCTCACACCT,no,train
33,AGCTGGGCGCAGTGGCTCACGCCT,no,train
531,GTTGTTTGTCTGCTTGTTTGCGAC,yes,train
513,GGGTTGGGCACGGTGGCGCATGCC,yes,train
211,CTCACGCCTGTAATCCCAGCACTT,yes,train
838,TTTTTTTTTTTTTCTTTTTTTCTT,no,train
865,TTTTTTTTTTTTTTTTTGAGACAG,yes,train
163,ATTTTTTTTTTTTTTTTCAAGACG,yes,train
812,TTTTTTTTGTTTGTTTTTTGTTTT,no,train
31,AGCTGGGCATGGTGGTTCATGCCT,yes,train
342,GCTGGATGCGGTGGCTCACGCCTG,yes,train
191,CCGGGCACGGTGGCTCACACCTGT,no,train
858,TTTTTTTTTTTTTTTTGAGACAGG,yes,train
153,ATTTTTTTTTTTGACAGAGTCTTG,yes,train
532,GTTGTTTTGTTTTGTTTTGAGACA,no,train
256,CTTTTTGATTGATTGTTTGTTATG,yes,train
357,GGCCAGGCACAATGGCTCACACCT,no,train
24,AGCCGGGCATGGTGGCTCACGCCC,no,train
468,GGCTGGGCGTGGTGGCTCACGCCT,no,train
696,TTTCTTTTTTCTAAGACAGAGTCT,yes,train
789,TTTTTTGTGATTTTTTTTTTTTCG,yes,train
459,GGCTGGGCCCGGTGGCTCATGCCT,yes,train
657,TTATTTTTATTTTTATTTTTTATT,yes,train
560,GTTTTTTTATTTTTATTTTTGGAG,yes,train
375,GGCCAGGCGTGGTGGCTCATGCCT,no,train
346,GCTGGGCATGGTGGCTCATGCCTG,no,train
754,TTTTTATTTAGAGACAAGATCTCA,yes,train
534,GTTTCCTTTTTCTTCATTTCTATT,yes,train
563,GTTTTTTTGTTTGTTTTGCTTTTT,no,train
61,AGGCCGGGTGCAGTGGATCCCAGC,no,train
459,GGCTGGGCCCGGTGGCTCATGCCT,no,train
449,GGCTGGGCACGGTGGCTCATGCCT,no,train
488,GGGCCAGGCGCTGTGGCTCACACC,yes,train
632,TGGCCGGGCGCGGTGGCTCATGCC,yes,train
585,TCTTTTTTTTTTTTTCTTTTTGAG,no,train
43,AGGCCAGACACAATGGCTCATGCT,no,train
35,AGCTGGGTGCGGTGGCTCACACCT,no,train
846,TTTTTTTTTTTTTTCTTTTTTTTG,no,train
821,TTTTTTTTTTCTTTTTTTTTTTTT,yes,train
75,AGGCTGGGCATGGTGGCTCATGCC,no,train
462,GGCTGGGCGCAGTGGCTCACTCCT,no,train
116,ATTTATTTTTATTTTTATTTTTTT,yes,train
75,AGGCTGGGCATGGTGGCTCATGCC,no,train
601,TGGCCAGACACAGTGGCTCATGCC,yes,train
617,TGGCCAGGTGCGGTGGCTCACGCC,yes,train
28,AGCTGGACGCAGTAGCTAATGCCT,yes,train
400,GGCCGGGCACAGTGGCTCACGCCT,yes,train
102,ATTCTTTTTGAGACAGAGTCTCTG,no,train
172,ATTTTTTTTTTTTTTTTTTTGTGA,no,train
347,GCTGGGCGTGGTGGCTCACGCCTA,yes,train
191,CCGGGCACGGTGGCTCACACCTGT,no,train
837,TTTTTTTTTTTTTCCGAGACAGAG,yes,train
655,TGTGCAGGGACTCATGACTGTAAT,yes,train
617,TGGCCAGGTGCGGTGGCTCACGCC,yes,train
809,TTTTTTTTCTTTTTTTTTCTTTTT,yes,train
546,GTTTTGTTTTGTTTTTTTTTTTTT,yes,train
623,TGGCCGGGCACGGTGGCTCACACC,yes,train
47,AGGCCAGGCGTGGTGGCTCATGCC,no,train
250,CTTTTTATTTTTTTGAGACAGTCT,no,train
329,GCCAGGTGCGGTGGCTCATGCCTG,no,train
120,ATTTCTTTTCTTTTTTTTTTTTTT,no,train
767,TTTTTGAGACAGAGTCTCGCTCTT,no,train
404,GGCCGGGCACGGTGGCTCACCTGT,yes,train
862,TTTTTTTTTTTTTTTTGAGATGGA,no,train
386,GGCCAGGTGCAGTGGCTCATTCCT,no,train
146,ATTTTTTTGGACATGGCCTTGCTC,yes,train
877,TTTTTTTTTTTTTTTTTTTTTTTT,yes,train
23,AGCCGGGCACGGTGGCTCACACCT,no,train
231,CTTTCTTTTTTTTTTTTTTTTTTT,no,train
286,CTTTTTTTTTTTTTTTTGAGACAA,yes,train
642,TGGCTGGGCATGGTGGGTGCCTGT,no,train
485,GGGCCAGGCGCAGTGGCTCACGCC,no,train
428,GGCCGGGTGCAGTGGCTCATGCCT,no,train
616,TGGCCAGGCGTAGTGGCTCATGCC,yes,train
586,TGACAGGGTCTGTCTCTGTCACAC,no,train
336,GCCGGGCGTGGTGGCTCACGCCTG,no,train
189,CCCAGCCTGGGCAACATAGGGAGA,yes,train
187,CCAGGTGCAGTGGCTCATGCCTGT,yes,train
882,TTTTTTTTTTTTTTTTTTTTTTTT,yes,train
162,ATTTTTTTTTTTTTTTGCGATGAA,yes,train
151,ATTTTTTTTTCTTTTTCTTGTTTT,no,train
309,GACTGGGTGCCATGGCTCATGCCT,yes,train
16,AGCCAGGCGCAGTGGCTCACGCCT,yes,train
38,AGCTGGGTGTTTTGGCTCAGGCCT,no,train
534,GTTTCCTTTTTCTTCATTTCTATT,no,train
332,GCCCAGGTTGGAGTGTACTGCTGC,no,train
159,ATTTTTTTTTTTTTTCTTGGAATG,no,train
108,ATTTATTTATTTATTTTTGAGACA,no,train
496,GGGCCGGGTGCAGTGACTCACGCC,no,train
182,CAGTGGCTCACACCTGTAATCCCA,no,train
454,GGCTGGGCAGGGTGGCTCACCCCT,yes,train
846,TTTTTTTTTTTTTTCTTTTTTTTG,yes,train
715,TTTGTTTTTGTTTTTTTTGTTTTT,yes,train
324,GCCAGGCATGGTGGCTCACACCTG,no,train
479,GGCTTGGTGCAGTGACGACACACC,no,train
568,GTTTTTTTTTTTGAGACGGAGTCT,no,train
220,CTTCTTTTTTTTTTTTCTTTTGAG,yes,train
509,GGGCTGGGTGCGGTGGCTCACACC,yes,train
383,GGCCAGGTGCAGTGGCTCACATCT,no,train
390,GGCCAGGTGTAGCGGCCCACACCT,no,train
150,ATTTTTTTTTCTTTTTCAGAGTTT,no,train
182,CAGTGGCTCACACCTGTAATCCCA,no,train
545,GTTTTGTTTTGTTTTTTTGAGACA,no,train
545,GTTTTGTTTTGTTTTTTTGAGACA,no,train
428,GGCCGGGTGCAGTGGCTCATGCCT,no,train
75,AGGCTGGGCATGGTGGCTCATGCC,yes,train
623,TGGCCGGGCACGGTGGCTCACACC,yes,train
432,GGCCTGGCACAGTGGCTCATGCCT,yes,train
563,GTTTTTTTGTTTGTTTTGCTTTTT,no,train
608,TGGCCAGGCATAATGGCTTATGCC,no,train
84,AGGCTGGGTGCTATGGCTCACGTC,no,train
625,TGGCCGGGCATGGTGGCTCACGCC,no,train
235,CTTTGTTTTTGTTTTTGTCTTTTG,yes,train
666,TTCTTTTTTTTTTTGAGACGGAGT,no,train
397,GGCCGGCAAGGTGGCTCACGCCTG,no,train
801,TTTTTTTGTTTATGTGTTTGTTTT,no,train
254,CTTTTTGAGACGAGGTCTCACTGT,no,train
657,TTATTTTTATTTTTATTTTTTATT,no,train
575,TAGTGCAATGGCGCAATCCTGGCT,yes,train
718,TTTTATTCTTTTTTTTTTTTTTTT,yes,train
529,GTTCTTTTTTTTTTAGACAGCGTT,no,train
162,ATTTTTTTTTTTTTTTGCGATGAA,yes,train
751,TTTTGTTTTTTGTTGTTGTGGTGG,yes,train
396,GGCCGAGCGTGATGGCTCACCCCT,yes,train
734,TTTTCTTTTCTTTTTCTTTTTCTT,no,train
645,TGGCTGGGCGCGGTGGCTCACGCC,yes,train
655,TGTGCAGGGACTCATGACTGTAAT,yes,train
321,GCAGTGGTTCGCACCTATAAGCCC,no,train
297,CTTTTTTTTTTTTTTTTTTTTTTT,no,train
858,TTTTTTTTTTTTTTTTGAGACAGG,no,train
286,CTTTTTTTTTTTTTTTTGAGACAA,no,train
560,GTTTTTTTATTTTTATTTTTGGAG,no,train
192,CCGGGCGCAGTGGCTCATGCCTGT,yes,train
829,TTTTTTTTTTTTAAAGACAGGGTC,no,train
305,GACCCAGTGCGGTGGCTCACGCCT,yes,train
644,TGGCTGGGCGCGGTGGCTCACGCC,no,train
338,GCGCAGTGGCTCACGCCTGTAATC,yes,train
299,CTTTTTTTTTTTTTTTTTTTTTTT,yes,train
322,GCCAGGCACGGTGGCTCACGCCTG,no,train
161,ATTTTTTTTTTTTTTTAGATGGAG,yes,train
616,TGGCCAGGCGTAGTGGCTCATGCC,yes,train
372,GGCCAGGCGCGGTGGCTCACGCCT,no,train
730,TTTTCTTTGTTTGTTTGTTTGTTT,yes,train
454,GGCTGGGCAGGGTGGCTCACCCCT,yes,train
735,TTTTCTTTTTCTTTTCTTTTTTTT,yes,train
384,GGCCAGGTGCAGTGGCTCACGCCT,no,train
111,ATTTATTTATTTTTTTATTTAGAG,no,train
586,TGACAGGGTCTGTCTCTGTCACAC,no,train
827,TTTTTTTTTTTGGAGACGGGCTCT,no,train
134,ATTTTTATTTATTATTATTTTTTA,no,train
242,CTTTTCTTTTCTTGAGGCAGGGTC,no,train
858,TTTTTTTTTTTTTTTTGAGACAGG,yes,train
417,GGCCGGGCGCGGTGGCTCACACCT,no,train
151,ATTTTTTTTTCTTTTTCTTGTTTT,no,train
454,GGCTGGGCAGGGTGGCTCACCCCT,yes,train
200,CGCTGGGTACAGTTGCTTACACCT,no,train
49,AGGCCAGGTGTGGTAGCTCACGCC,no,train
781,TTTTTTATTTTTTTGAGATGGAGT,yes,train
389,GGCCAGGTGGCGGTGGTTCACACC,yes,train
219,CTTATATTTTATTTACTTACTTAA,yes,train
430,GGCCGGTCACGGTGGCTCACGCCT,yes,train
172,ATTTTTTTTTTTTTTTTTTTGTGA,yes,train
546,GTTTTGTTTTGTTTTTTTTTTTTT,no,train
56,AGGCCGGGCATGGTGGCTCACGCT,no,train
101,ATTCTTTGTTTTTTTTTGAGATGG,no,train
755,TTTTTATTTTATTTATTTATTTAT,yes,train
411,GGCCGGGCGCAGTGGCCCACACCT,yes,train
509,GGGCTGGGTGCGGTGGCTCACACC,no,train
791,TTTTTTGTTTGTTTTTTTGAGACA,no,train
585,TCTTTTTTTTTTTTTCTTTTTGAG,no,train
467,GGCTGGGCGTGGTGGCCCACGCCT,yes,train
305,GACCCAGTGCGGTGGCTCACGCCT,no,train
736,TTTTCTTTTTCTTTTTTTTTTTTT,no,train
616,TGGCCAGGCGTAGTGGCTCATGCC,no,train
414,GGCCGGGCGCAGTGGCTCATGCCT,no,train
504,GGGCTGGGCGCGGTGGCTCTCGCC,yes,train
13,AGCCAGGCATGGTGGCTCATGCCT,no,train
378,GGCCAGGGATGTTGGCTCACATCT,no,train
223,CTTTATTTATTTATTTATTTATGA,yes,train
22,AGCCAGGTGCGGTGGCTCATGCCT,no,train
644,TGGCTGGGCGCGGTGGCTCACGCC,yes,train
817,TTTTTTTTTGTTTTAGAAGGAGTT,no,train
346,GCTGGGCATGGTGGCTCATGCCTG,yes,train
501,GGGCTGGGCATGGTGGCTCACACC,no,train
219,CTTATATTTTATTTACTTACTTAA,yes,train
628,TGGCCGGGCGCGCTGGCTCACGCC,no,train
704,TTTGAGACAGAGTTTTGCTCTTAT,no,train
111,ATTTATTTATTTTTTTATTTAGAG,no,train
560,GTTTTTTTATTTTTATTTTTGGAG,yes,train
110,ATTTATTTATTTTTGAGACAGGGT,no,train
504,GGGCTGGGCGCGGTGGCTCTCGCC,yes,train
767,TTTTTGAGACAGAGTCTCGCTCTT,no,train
705,TTTGAGACGGAGTCTCGCTCTATT,no,train
428,GGCCGGGTGCAGTGGCTCATGCCT,no,train
111,ATTTATTTATTTTTTTATTTAGAG,no,train
292,CTTTTTTTTTTTTTTTTTTTTTAC,yes,train
146,ATTTTTTTGGACATGGCCTTGCTC,yes,train
56,AGGCCGGGCATGGTGGCTCACGCT,yes,train
243,CTTTTCTTTTCTTTTCTTTCTTTT,yes,train
499,GGGCTGGGCACAGTGGCTTACGCC,yes,train
672,TTGTTATTTTTTATTTTTATTTTT,yes,train
110,ATTTATTTATTTTTGAGACAGGGT,no,train
372,GGCCAGGCGCGGTGGCTCACGCCT,no,train
697,TTTCTTTTTTCTGGAGACGGAGTT,no,train
264,CTTTTTTTCATTTTTTTTTTTTTT,no,train
882,TTTTTTTTTTTTTTTTTTTTTTTT,yes,train
632,TGGCCGGGCGCGGTGGCTCATGCC,no,train
410,GGCCGGGCGCAATGGCTCGCGCCT,yes,train
197,CGCCACGTGTAGTGGCTCATGCCT,yes,train
592,TGCCGGACGCGTTGGCTCATGCCT,yes,train
53,AGGCCGGGCACGGTGGCTCACACC,yes,train
586,TGACAGGGTCTGTCTCTGTCACAC,no,train
692,TTTCTTTATTTTAATTTTTTTTTT,yes,train
163,ATTTTTTTTTTTTTTTTCAAGACG,yes,train
224,CTTTATTTTAATTATTATTATTTT,yes,train
879,TTTTTTTTTTTTTTTTTTTTTTTT,yes,train
809,TTTTTTTTCTTTTTTTTTCTTTTT,no,train
546,GTTTTGTTTTGTTTTTTTTTTTTT,yes,train
321,GCAGTGGTTCGCACCTATAAGCCC,no,train
368,GGCCAGGCATGGTGGTTCACGCCT,no,train
837,TTTTTTTTTTTTTCCGAGACAGAG,yes,train
387,GGCCAGGTGCGGTGGCTCACACCT,no,train
280,CTTTTTTTTTTTTTTGAGAGGGAG,yes,train
459,GGCTGGGCCCGGTGGCTCATGCCT,no,train
714,TTTGTTTTGTTTTTTGTTTTGAGA,yes,train
632,TGGCCGGGCGCGGTGGCTCATGCC,no,train
161,ATTTTTTTTTTTTTTTAGATGGAG,no,train
769,TTTTTGTTTGTTTGTTTGTTTGTT,no,train
556,GTTTTTTGTTTGTTTGTTTGTTTT,no,train
462,GGCTGGGCGCAGTGGCTCACTCCT,yes,train
365,GGCCAGGCACTGTGACTCATACCT,no,train
617,TGGCCAGGTGCGGTGGCTCACGCC,no,train
877,TTTTTTTTTTTTTTTTTTTTTTTT,yes,train
17,AGCCAGGCGCGGTGGCTCAAGCCT,no,train
14,AGCCAGGCATGGTGGTTCACACCT,yes,train
560,GTTTTTTTATTTTTATTTTTGGAG,no,train
716,TTTGTTTTTTTTGTTTTTTTGACA,yes,train
389,GGCCAGGTGGCGGTGGTTCACACC,no,train
456,GGCTGGGCATGGTGGCTCACGCCT,yes,train
710,TTTGTTTGTTTAGAGATAGGATCT,yes,train
42,AGGCAGGGTGCAGTGGCTCACGCC,yes,train
571,GTTTTTTTTTTTTTTTTTTTAGAT,no,train
36,AGCTGGGTGTGGTGGCTCATACCT,no,train
355,GGCCAGACGTGGTGGCTCACGCCT,yes,train
551,GTTTTTGAGGCAGGTCGGTCACCC,no,train
153,ATTTTTTTTTTTGACAGAGTCTTG,yes,train
471,GGCTGGGTGCAATGGCTCACACCT,yes,train
53,AGGCCGGGCACGGTGGCTCACACC,no,train
74,AGGCTGGGCATGGTGGCTCACGCC,no,train
541,GTTTTGCTTTTTTTTTTTTTTTTT,yes,train
218,CTGGGTGCTGTGGCTCATGCTTGT,no,train
862,TTTTTTTTTTTTTTTTGAGATGGA,no,train
168,ATTTTTTTTTTTTTTTTTTGACGG,no,train
83,AGGCTGGGTGCGCTGTGGCTCATG,yes,train
459,GGCTGGGCCCGGTGGCTCATGCCT,yes,train
209,CGGCTGGGTGCGGTGGCTCACGCC,no,train
225,CTTTATTTTATTTTCATTTTTTGG,no,train
671,TTGGGAGGCCGACCTGGGTGGATC,yes,train
675,TTGTTTTTTGTTTTTTTGTTTTTT,yes,train
63,AGGCCGGGTGCTGTGGCTCACACC,no,train
871,TTTTTTTTTTTTTTTTTTTTGAGG,no,train
163,ATTTTTTTTTTTTTTTTCAAGACG,no,train
865,TTTTTTTTTTTTTTTTTGAGACAG,no,train
617,TGGCCAGGTGCGGTGGCTCACGCC,no,train
35,AGCTGGGTGCGGTGGCTCACACCT,yes,train
752,TTTTGTTTTTTTTTTGTTGTTGTT,no,train
401,GGCCGGGCACAGTGGCTCATGCCT,yes,train
508,GGGCTGGGTGCCGTGGCTCACGCC,yes,train
504,GGGCTGGGCGCGGTGGCTCTCGCC,yes,train
547,GTTTTGTTTTTCTTTCTTTTTTTT,yes,train
465,GGCTGGGCGCGGTGGCTCTTGCCT,no,train
280,CTTTTTTTTTTTTTTGAGAGGGAG,yes,train
875,TTTTTTTTTTTTTTTTTTTTTTTA,no,train
675,TTGTTTTTTGTTTTTTTGTTTTTT,yes,train
56,AGGCCGGGCATGGTGGCTCACGCT,no,train
618,TGGCCCGATGCAGTGGCTCATGCC,no,train
618,TGGCCCGATGCAGTGGCTCATGCC,yes,train
22,AGCCAGGTGCGGTGGCTCATGCCT,no,train
363,GGCCAGGCACGGTGGCTCACGCCT,no,train
655,TGTGCAGGGACTCATGACTGTAAT,yes,train
254,CTTTTTGAGACGAGGTCTCACTGT,no,train
572,GTTTTTTTTTTTTTTTTTTTTGAG,no,train
151,ATTTTTTTTTCTTTTTCTTGTTTT,no,train
63,AGGCCGGGTGCTGTGGCTCACACC,yes,train
503,GGGCTGGGCCCATTAGCTCACACC,no,train
632,TGGCCGGGCGCGGTGGCTCATGCC,no,train
200,CGCTGGGTACAGTTGCTTACACCT,yes,train
313,GAGACAGTCTTGCTTTGTCGCCAG,no,train
414,GGCCGGGCGCAGTGGCTCATGCCT,no,train
364,GGCCAGGCACGGTGGGTCACGCCT,yes,train
310,GACTGGGTGCGGTGGCTCATGCCT,yes,train
186,CCAGGCGCGGTGGCTCACACCTAT,yes,train
720,TTTTATTTTACTTTATTTTTTTTG,no,train
332,GCCCAGGTTGGAGTGTACTGCTGC,yes,train
568,GTTTTTTTTTTTGAGACGGAGTCT,yes,train
389,GGCCAGGTGGCGGTGGTTCACACC,yes,train
176,ATTTTTTTTTTTTTTTTTTTTTTT,yes,train
547,GTTTTGTTTTTCTTTCTTTTTTTT,no,train
303,GACCAGGTGCAGTAGCTCATGCTT,no,train
839,TTTTTTTTTTTTTGAGACTCAGGA,yes,train
556,GTTTTTTGTTTGTTTGTTTGTTTT,yes,train
118,ATTTCCTTCTTTTTTTTTTTGAGA,yes,train
75,AGGCTGGGCATGGTGGCTCATGCC,no,train
875,TTTTTTTTTTTTTTTTTTTTTTTA,no,train
8,AGACTGGGCGTGGTGGCTCACGCC,no,train
509,GGGCTGGGTGCGGTGGCTCACACC,no,train
644,TGGCTGGGCGCGGTGGCTCACGCC,yes,train
86,AGGCTGGGTGTGGTGGCTCACGCC,no,train
401,GGCCGGGCACAGTGGCTCATGCCT,yes,train
124,ATTTTATTTTATTATTTTTTTTTA,yes,train
23,AGCCGGGCACGGTGGCTCACACCT,no,train
504,GGGCTGGGCGCGGTGGCTCTCGCC,no,train
534,GTTTCCTTTTTCTTCATTTCTATT,no,train
31,AGCTGGGCATGGTGGTTCATGCCT,yes,train
151,ATTTTTTTTTCTTTTTCTTGTTTT,no,train
238,CTTTTCGTTGTTGTTGAGACAGGG,no,train
243,CTTTTCTTTTCTTTTCTTTCTTTT,no,train
430,GGCCGGTCACGGTGGCTCACGCCT,no,train
29,AGCTGGGCACGTGGCTCACACCTG,yes,train
144,ATTTTTTTCTTCTTTTTTCCACAG,no,train
632,TGGCCGGGCGCGGTGGCTCATGCC,no,train
715,TTTGTTTTTGTTTTTTTTGTTTTT,no,train
85,AGGCTGGGTGTGGTGGCTCACGCC,yes,train
13,AGCCAGGCATGGTGGCTCATGCCT,yes,train
710,TTTGTTTGTTTAGAGATAGGATCT,yes,train
43,AGGCCAGACACAATGGCTCATGCT,yes,train
601,TGGCCAGACACAGTGGCTCATGCC,yes,train
259,CTTTTTTCTTTATTTTTTTTTAGA,no,train
272,CTTTTTTTTTTTTGAGACAAGGGT,yes,train
56,AGGCCGGGCATGGTGGCTCACGCT,yes,train
56,AGGCCGGGCATGGTGGCTCACGCT,no,train
91,AGGTTGGGCATGGTGGCTCACGCC,yes,train
696,TTTCTTTTTTCTAAGACAGAGTCT,yes,train
136,ATTTTTGTATTTTTCCTTTTTTTT,yes,train
671,TTGGGAGGCCGACCTGGGTGGATC,yes,train
546,GTTTTGTTTTGTTTTTTTTTTTTT,yes,train
200,CGCTGGGTACAGTTGCTTACACCT,yes,train
392,GGCCAGGTGTGGTGGCTCACACCT,no,train
321,GCAGTGGTTCGCACCTATAAGCCC,no,train
439,GGCTGGATGCAGTGGCTCATGCCT,no,train
815,TTTTTTTTTCTTTTTTCTTTTTTC,yes,train
543,GTTTTGTTTTGTTTTGAAAGAACG,yes,train
329,GCCAGGTGCGGTGGCTCATGCCTG,no,train
290,CTTTTTTTTTTTTTTTTTTTAATT,no,train
256,CTTTTTGATTGATTGTTTGTTATG,no,train
224,CTTTATTTTAATTATTATTATTTT,yes,train
191,CCGGGCACGGTGGCTCACACCTGT,no,train
79,AGGCTGGGCGTGGTGGCTCACATC,no,train
42,AGGCAGGGTGCAGTGGCTCACGCC,yes,train
734,TTTTCTTTTCTTTTTCTTTTTCTT,no,train
435,GGCGGGGTGTGGTGGCTCATGCCT,no,train
354,GGCCAAGCATGGTGGCTCACACCT,yes,train
755,TTTTTATTTTATTTATTTATTTAT,yes,train
831,TTTTTTTTTTTTCCGAGATGGAAT,no,train
223,CTTTATTTATTTATTTATTTATGA,no,train
182,CAGTGGCTCACACCTGTAATCCCA,yes,train
161,ATTTTTTTTTTTTTTTAGATGGAG,yes,train
575,TAGTGCAATGGCGCAATCCTGGCT,no,train
506,GGGCTGGGTGCAGTGCCTCTCGCC,yes,train
297,CTTTTTTTTTTTTTTTTTTTTTTT,yes,train
837,TTTTTTTTTTTTTCCGAGACAGAG,no,train
848,TTTTTTTTTTTTTTGAGACAGAGT,yes,train
343,GCTGGGCACAATGGTTCACACCTG,yes,train
392,GGCCAGGTGTGGTGGCTCACACCT,no,train
496,GGGCCGGGTGCAGTGACTCACGCC,yes,train
313,GAGACAGTCTTGCTTTGTCGCCAG,no,train
291,CTTTTTTTTTTTTTTTTTTTGAGA,no,train
515,GGTCAGGCACAGTGGCTTACACCT,yes,train
387,GGCCAGGTGCGGTGGCTCACACCT,no,train
467,GGCTGGGCGTGGTGGCCCACGCCT,yes,train
376,GGCCAGGCTCTGTGACTCACGCCT,no,train
219,CTTATATTTTATTTACTTACTTAA,no,train
562,GTTTTTTTCTTTTTCTTTTTGAGA,yes,train
751,TTTTGTTTTTTGTTGTTGTGGTGG,no,train
704,TTTGAGACAGAGTTTTGCTCTTAT,no,train
545,GTTTTGTTTTGTTTTTTTGAGACA,yes,train
53,AGGCCGGGCACGGTGGCTCACACC,no,train
182,CAGTGGCTCACACCTGTAATCCCA,yes,train
136,ATTTTTGTATTTTTCCTTTTTTTT,no,train
373,GGCCAGGCGCGGTGGCTCATCCCT,no,train
585,TCTTTTTTTTTTTTTCTTTTTGAG,no,train
36,AGCTGGGTGTGGTGGCTCATACCT,no,train
793,TTTTTTGTTTTGTTTTTTTTGAGA,yes,train
231,CTTTCTTTTTTTTTTTTTTTTTTT,no,train
696,TTTCTTTTTTCTAAGACAGAGTCT,no,train
812,TTTTTTTTGTTTGTTTTTTGTTTT,no,train
292,CTTTTTTTTTTTTTTTTTTTTTAC,no,train
644,TGGCTGGGCGCGGTGGCTCACGCC,yes,train
201,CGGCCAGGCACAGTGACTTACACC,yes,train
558,GTTTTTTGTTTGTTTGTTTTTTGA,no,train
767,TTTTTGAGACAGAGTCTCGCTCTT,no,train
594,TGCCGGGCATGGTGGCTTGCACCT,yes,train
803,TTTTTTTGTTTGTTTGTTTTGAGA,yes,train
751,TTTTGTTTTTTGTTGTTGTGGTGG,no,train
553,GTTTTTGTTTTGTTGTTTTTTTGA,yes,train
417,GGCCGGGCGCGGTGGCTCACACCT,no,train
83,AGGCTGGGTGCGCTGTGGCTCATG,yes,train
435,GGCGGGGTGTGGTGGCTCATGCCT,no,train
144,ATTTTTTTCTTCTTTTTTCCACAG,no,train
839,TTTTTTTTTTTTTGAGACTCAGGA,no,train
704,TTTGAGACAGAGTTTTGCTCTTAT,no,train
837,TTTTTTTTTTTTTCCGAGACAGAG,yes,train
696,TTTCTTTTTTCTAAGACAGAGTCT,yes,train
223,CTTTATTTATTTATTTATTTATGA,no,train
280,CTTTTTTTTTTTTTTGAGAGGGAG,no,train
365,GGCCAGGCACTGTGACTCATACCT,yes,train
618,TGGCCCGATGCAGTGGCTCATGCC,no,train
286,CTTTTTTTTTTTTTTTTGAGACAA,no,train
695,TTTCTTTTCTTTCCTTTCTTTTTT,yes,train
623,TGGCCGGGCACGGTGGCTCACACC,yes,train
558,GTTTTTTGTTTGTTTGTTTTTTGA,no,train
173,ATTTTTTTTTTTTTTTTTTTTTGA,yes,train
296,CTTTTTTTTTTTTTTTTTTTTTTT,yes,train
102,ATTCTTTTTGAGACAGAGTCTCTG,no,train
10,AGATCAGGCATGGTGGCTTACACC,no,train
144,ATTTTTTTCTTCTTTTTTCCACAG,yes,train
42,AGGCAGGGTGCAGTGGCTCACGCC,yes,train
485,GGGCCAGGCGCAGTGGCTCACGCC,yes,train
38,AGCTGGGTGTTTTGGCTCAGGCCT,yes,train
33,AGCTGGGCGCAGTGGCTCACGCCT,yes,train
336,GCCGGGCGTGGTGGCTCACGCCTG,yes,train
357,GGCCAGGCACAATGGCTCACACCT,no,train
476,GGCTGGGTGCGGTGGCTCACGCCT,yes,train
9,AGAGTCTCACTTTGTTGCCCAGGC,yes,train
767,TTTTTGAGACAGAGTCTCGCTCTT,no,train
688,TTTCCTTTTTTTTTTTTTTCTTTT,yes,train
266,CTTTTTTTGTTTTCTTTTGGTTTT,yes,train
200,CGCTGGGTACAGTTGCTTACACCT,no,train
791,TTTTTTGTTTGTTTTTTTGAGACA,no,train
684,TTTATTTTTAATTTTATTTTTGAG,yes,train
563,GTTTTTTTGTTTGTTTTGCTTTTT,yes,train
752,TTTTGTTTTTTTTTTGTTGTTGTT,no,train
376,GGCCAGGCTCTGTGACTCACGCCT,yes,train
617,TGGCCAGGTGCGGTGGCTCACGCC,yes,train
28,AGCTGGACGCAGTAGCTAATGCCT,no,train
246,CTTTTGTTGTTTTTGAGACGGGGT,no,train
99,ATTATTATTATTATTTTATTTTAT,no,train
278,CTTTTTTTTTTTTTTGAGACGGAG,yes,train
865,TTTTTTTTTTTTTTTTTGAGACAG,no,train
54,AGGCCGGGCACTGTGGCTTACACA,no,train
527,GTTCTTGTTTTTGTTTTGTTTTTT,yes,train
186,CCAGGCGCGGTGGCTCACACCTAT,no,train
348,GCTGGGTGGGGTGGCTCACACCCG,no,train
623,TGGCCGGGCACGGTGGCTCACACC,yes,train
652,TGGGCACAGTGGCTCATGCCTGTA,no,train
581,TCCTGGCCAACATGGTGAAACCCC,yes,train
706,TTTGAGATGGAGTCTTGCTTCATT,yes,train
283,CTTTTTTTTTTTTTTTGAGATGGA,yes,train
355,GGCCAGACGTGGTGGCTCACGCCT,no,train
49,AGGCCAGGTGTGGTAGCTCACGCC,no,train
264,CTTTTTTTCATTTTTTTTTTTTTT,yes,train
336,GCCGGGCGTGGTGGCTCACGCCTG,no,train
403,GGCCGGGCACGGTGACTCATGCCT,no,train
509,GGGCTGGGTGCGGTGGCTCACACC,no,train
823,TTTTTTTTTTTGAGACAATGTCTC,no,train
410,GGCCGGGCGCAATGGCTCGCGCCT,no,train
383,GGCCAGGTGCAGTGGCTCACATCT,no,train
381,GGCCAGGTATGGTGGCTCATGCCT,no,train
865,TTTTTTTTTTTTTTTTTGAGACAG,yes,train
173,ATTTTTTTTTTTTTTTTTTTTTGA,yes,train
760,TTTTTCTTATCTTTTTTTTTTTCC,yes,train
632,TGGCCGGGCGCGGTGGCTCATGCC,yes,train
825,TTTTTTTTTTTGAGACGGAGTCTC,yes,train
625,TGGCCGGGCATGGTGGCTCACGCC,no,train
645,TGGCTGGGCGCGGTGGCTCACGCC,no,train
321,GCAGTGGTTCGCACCTATAAGCCC,no,train
262,CTTTTTTGTTTCGTTGTTTTTCTT,no,train
403,GGCCGGGCACGGTGACTCATGCCT,yes,train
173,ATTTTTTTTTTTTTTTTTTTTTGA,yes,train
333,GCCGGGCATGGTGGCTCACGCCTG,no,train
839,TTTTTTTTTTTTTGAGACTCAGGA,yes,train
276,CTTTTTTTTTTTTTTCGGACAGAG,yes,train
747,TTTTGTTTTGTTTTTTTTTTAAGA,yes,train
512,GGGGGCAGAGGTGGGCGGATCACC,no,train
392,GGCCAGGTGTGGTGGCTCACACCT,no,train
504,GGGCTGGGCGCGGTGGCTCTCGCC,yes,train
572,GTTTTTTTTTTTTTTTTTTTTGAG,no,train
99,ATTATTATTATTATTTTATTTTAT,no,train
661,TTCTTTTGTTTTTTTGAGATGGAG,no,train
707,TTTGTGGGATGGAGTTTCACTTGT,no,train
790,TTTTTTGTTTGTTTTTTGGAGACA,yes,train
161,ATTTTTTTTTTTTTTTAGATGGAG,no,train
877,TTTTTTTTTTTTTTTTTTTTTTTT,yes,train
35,AGCTGGGTGCGGTGGCTCACACCT,no,train
804,TTTTTTTGTTTGTTTTTGAGGCGG,no,train
862,TTTTTTTTTTTTTTTTGAGATGGA,no,train
685,TTTATTTTTATTTGAGACAGAGTC,yes,train
793,TTTTTTGTTTTGTTTTTTTTGAGA,no,train
245,CTTTTCTTTTTCTTTTCTTTTTTT,yes,train
10,AGATCAGGCATGGTGGCTTACACC,no,train
330,GCCAGGTGTGGTGGCTCACGCCTC,no,train
101,ATTCTTTGTTTTTTTTTGAGATGG,yes,train
75,AGGCTGGGCATGGTGGCTCATGCC,no,train
41,AGGCAGGGCGAGGTGGCTCAAACC,yes,train
36,AGCTGGGTGTGGTGGCTCATACCT,yes,train
250,CTTTTTATTTTTTTGAGACAGTCT,no,train
375,GGCCAGGCGTGGTGGCTCATGCCT,no,train
16,AGCCAGGCGCAGTGGCTCACGCCT,yes,train
467,GGCTGGGCGTGGTGGCCCACGCCT,no,train
423,GGCCGGGCGCGGTGGCTCATGCCT,no,train
752,TTTTGTTTTTTTTTTGTTGTTGTT,no,train
839,TTTTTTTTTTTTTGAGACTCAGGA,yes,train
245,CTTTTCTTTTTCTTTTCTTTTTTT,yes,train
443,GGCTGGGCACAGTGGCTCACACCT,yes,train
877,TTTTTTTTTTTTTTTTTTTTTTTT,no,train
192,CCGGGCGCAGTGGCTCATGCCTGT,yes,train
389,GGCCAGGTGGCGGTGGTTCACACC,yes,train
199,CGCTGGGCGCGGTGGCTCACGCCT,yes,train
451,GGCTGGGCACGGTGGCTCATGCCT,no,train
695,TTTCTTTTCTTTCCTTTCTTTTTT,no,train
553,GTTTTTGTTTTGTTGTTTTTTTGA,yes,train
718,TTTTATTCTTTTTTTTTTTTTTTT,no,train
500,GGGCTGGGCACGGTGGCTCATGAC,no,train
439,GGCTGGATGCAGTGGCTCATGCCT,yes,train
9,AGAGTCTCACTTTGTTGCCCAGGC,no,train
76,AGGCTGGGCGCGGTGGCTCACACC,yes,train
144,ATTTTTTTCTTCTTTTTTCCACAG,no,train
674,TTGTTTGTTGTTTTTGAGACAGAG,yes,train
378,GGCCAGGGATGTTGGCTCACATCT,no,train
310,GACTGGGTGCGGTGGCTCATGCCT,no,train
815,TTTTTTTTTCTTTTTTCTTTTTTC,no,train
548,GTTTTGTTTTTTGGGGTTTGTTTT,yes,train
348,GCTGGGTGGGGTGGCTCACACCCG,no,train
355,GGCCAGACGTGGTGGCTCACGCCT,no,train
787,TTTTTTGAGACAAGGTCTTGCTCT,yes,train
76,AGGCTGGGCGCGGTGGCTCACACC,yes,train
315,GAGGCTTGCTCTGTCACCCAGACT,yes,train
162,ATTTTTTTTTTTTTTTGCGATGAA,yes,train
838,TTTTTTTTTTTTTCTTTTTTTCTT,no,train
865,TTTTTTTTTTTTTTTTTGAGACAG,yes,train
338,GCGCAGTGGCTCACGCCTGTAATC,no,train
459,GGCTGGGCCCGGTGGCTCATGCCT,no,train
575,TAGTGCAATGGCGCAATCCTGGCT,no,train
330,GCCAGGTGTGGTGGCTCACGCCTC,yes,train
652,TGGGCACAGTGGCTCATGCCTGTA,no,train
584,TCTTGTTTTTTGTTTTTTTTTTGA,no,train
43,AGGCCAGACACAATGGCTCATGCT,yes,train
281,CTTTTTTTTTTTTTTGAGATGGAG,yes,train
390,GGCCAGGTGTAGCGGCCCACACCT,no,train
200,CGCTGGGTACAGTTGCTTACACCT,yes,train
375,GGCCAGGCGTGGTGGCTCATGCCT,yes,train
825,TTTTTTTTTTTGAGACGGAGTCTC,yes,train
790,TTTTTTGTTTGTTTTTTGGAGACA,yes,train
454,GGCTGGGCAGGGTGGCTCACCCCT,yes,train
760,TTTTTCTTATCTTTTTTTTTTTCC,no,train
41,AGGCAGGGCGAGGTGGCTCAAACC,yes,train
381,GGCCAGGTATGGTGGCTCATGCCT,no,train
854,TTTTTTTTTTTTTTTGAGACGGAG,yes,train
867,TTTTTTTTTTTTTTTTTTTGAGAT,yes,train
430,GGCCGGTCACGGTGGCTCACGCCT,yes,train
338,GCGCAGTGGCTCACGCCTGTAATC,yes,train
757,TTTTTATTTTTATTTTATTTTTTA,yes,train
862,TTTTTTTTTTTTTTTTGAGATGGA,yes,train
704,TTTGAGACAGAGTTTTGCTCTTAT,no,train
512,GGGGGCAGAGGTGGGCGGATCACC,yes,train
250,CTTTTTATTTTTTTGAGACAGTCT,yes,train
200,CGCTGGGTACAGTTGCTTACACCT,no,train
147,ATTTTTTTGTTGTTGTTGTGACTG,yes,train
522,GTGAGACAGAGTTTCACTCTGTCG,yes,train
136,ATTTTTGTATTTTTCCTTTTTTTT,no,train
322,GCCAGGCACGGTGGCTCACGCCTG,yes,train
118,ATTTCCTTCTTTTTTTTTTTGAGA,no,train
363,GGCCAGGCACGGTGGCTCACGCCT,no,train
755,TTTTTATTTTATTTATTTATTTAT,no,train
39,AGGACAGGCGCGGTGGCTCACGCC,no,train
250,CTTTTTATTTTTTTGAGACAGTCT,no,train
357,GGCCAGGCACAATGGCTCACACCT,no,train
39,AGGACAGGCGCGGTGGCTCACGCC,yes,train
688,TTTCCTTTTTTTTTTTTTTCTTTT,yes,train
163,ATTTTTTTTTTTTTTTTCAAGACG,no,train
737,TTTTCTTTTTTTCTTTTTTGAGAT,yes,train
737,TTTTCTTTTTTTCTTTTTTGAGAT,yes,train
503,GGGCTGGGCCCATTAGCTCACACC,no,train
553,GTTTTTGTTTTGTTGTTTTTTTGA,no,train
447,GGCTGGGCACGAGGGCTCATGTCT,yes,train
881,TTTTTTTTTTTTTTTTTTTTTTTT,no,train
871,TTTTTTTTTTTTTTTTTTTTGAGG,no,train
747,TTTTGTTTTGTTTTTTTTTTAAGA,no,train
560,GTTTTTTTATTTTTATTTTTGGAG,yes,train
31,AGCTGGGCATGGTGGTTCATGCCT,no,train
488,GGGCCAGGCGCTGTGGCTCACACC,no,train
522,GTGAGACAGAGTTTCACTCTGTCG,yes,train
665,TTCTTTTTTTTTCTTTTGAGACGG,no,train
411,GGCCGGGCGCAGTGGCCCACACCT,yes,train
774,TTTTTTAAGATGGAATCTTGCTCT,yes,train
684,TTTATTTTTAATTTTATTTTTGAG,no,train
665,TTCTTTTTTTTTCTTTTGAGACGG,no,train
575,TAGTGCAATGGCGCAATCCTGGCT,yes,train
273,CTTTTTTTTTTTTTGAGACAGAAT,no,train
304,GACCAGGTGTGGTGGCTCACACCA,yes,train
670,TTGCCCAGGCTGGAGTGCAGGGCG,yes,train
400,GGCCGGGCACAGTGGCTCACGCCT,yes,train
113,ATTTATTTTATTTTTCTGAGATGG,no,train
581,TCCTGGCCAACATGGTGAAACCCC,yes,train
187,CCAGGTGCAGTGGCTCATGCCTGT,no,train
551,GTTTTTGAGGCAGGTCGGTCACCC,yes,train
733,TTTTCTTTTCTTTTCTTTTTTTTT,yes,train
226,CTTTATTTTTTAATTTTTTTTTTT,no,train
675,TTGTTTTTTGTTTTTTTGTTTTTT,yes,train
499,GGGCTGGGCACAGTGGCTTACGCC,no,train
419,GGCCGGGCGCGGTGGCTCACGCCT,yes,train
757,TTTTTATTTTTATTTTATTTTTTA,yes,train
436,GGCTAGGCGCAGTGGCTCACTCCT,no,train
512,GGGGGCAGAGGTGGGCGGATCACC,no,train
18,AGCCAGGCGTGGTACGTAGCTCAC,no,train
742,TTTTGTGAGACAGCCTTGCTCTGT,yes,train
821,TTTTTTTTTTCTTTTTTTTTTTTT,yes,train
503,GGGCTGGGCCCATTAGCTCACACC,yes,train
417,GGCCGGGCGCGGTGGCTCACACCT,no,train
862,TTTTTTTTTTTTTTTTGAGATGGA,yes,train
464,GGCTGGGCGCGATGGCTCATGTCT,yes,train
322,GCCAGGCACGGTGGCTCACGCCTG,yes,train
817,TTTTTTTTTGTTTTAGAAGGAGTT,no,train
733,TTTTCTTTTCTTTTCTTTTTTTTT,yes,train
642,TGGCTGGGCATGGTGGGTGCCTGT,no,train
621,TGGCCGGGCACAGTGGCTCACGCC,no,train
503,GGGCTGGGCCCATTAGCTCACACC,no,train
365,GGCCAGGCACTGTGACTCATACCT,yes,train
315,GAGGCTTGCTCTGTCACCCAGACT,yes,train
320,GCAGTGGCCCACGCCTGTAATCCC,no,train
396,GGCCGAGCGTGATGGCTCACCCCT,yes,train
259,CTTTTTTCTTTATTTTTTTTTAGA,no,train
309,GACTGGGTGCCATGGCTCATGCCT,no,train
49,AGGCCAGGTGTGGTAGCTCACGCC,no,train
133,ATTTTGTTTTGTTTTTGTTTTTTG,no,train
31,AGCTGGGCATGGTGGTTCATGCCT,yes,train
259,CTTTTTTCTTTATTTTTTTTTAGA,no,train
701,TTTCTTTTTTTTTTTTTTTTTTTT,yes,train
87,AGGCTGTTGCTCTGTCACCCAGGA,no,train
608,TGGCCAGGCATAATGGCTTATGCC,yes,train
506,GGGCTGGGTGCAGTGCCTCTCGCC,yes,train
186,CCAGGCGCGGTGGCTCACACCTAT,no,train
760,TTTTTCTTATCTTTTTTTTTTTCC,yes,train
372,GGCCAGGCGCGGTGGCTCACGCCT,no,train
5,ACTCATGCCTGTAATCCCAGCACT,yes,train
420,GGCCGGGCGCGGTGGCTCACGCCT,yes,train
776,TTTTTTATTTGTGTTTTTGTTTGT,yes,train
581,TCCTGGCCAACATGGTGAAACCCC,no,train
875,TTTTTTTTTTTTTTTTTTTTTTTA,yes,train
216,CTGGGCTCAGTGGCTCACACCTGT,no,train
14,AGCCAGGCATGGTGGTTCACACCT,no,train
235,CTTTGTTTTTGTTTTTGTCTTTTG,yes,train
350,GGCAAGGCATGGTGGCTCATGCCT,no,train
674,TTGTTTGTTGTTTTTGAGACAGAG,yes,train
401,GGCCGGGCACAGTGGCTCATGCCT,yes,train
854,TTTTTTTTTTTTTTTGAGACGGAG,yes,train
718,TTTTATTCTTTTTTTTTTTTTTTT,no,train
120,ATTTCTTTTCTTTTTTTTTTTTTT,no,train
496,GGGCCGGGTGCAGTGACTCACGCC,no,train
242,CTTTTCTTTTCTTGAGGCAGGGTC,no,train
563,GTTTTTTTGTTTGTTTTGCTTTTT,no,train
823,TTTTTTTTTTTGAGACAATGTCTC,no,train
465,GGCTGGGCGCGGTGGCTCTTGCCT,yes,train
306,GACCGGGCGTAGTGGCTCACGCCT,yes,train
457,GGCTGGGCATGGTGGTTCACACCT,yes,train
336,GCCGGGCGTGGTGGCTCACGCCTG,no,train
643,TGGCTGGGCCCGGTGGCTCATGCC,yes,train
305,GACCCAGTGCGGTGGCTCACGCCT,yes,train
10,AGATCAGGCATGGTGGCTTACACC,no,train
530,GTTCTTTTTTTTTTTTTTTTTTTC,yes,train
83,AGGCTGGGTGCGCTGTGGCTCATG,yes,train
273,CTTTTTTTTTTTTTGAGACAGAAT,yes,train
378,GGCCAGGGATGTTGGCTCACATCT,no,train
28,AGCTGGACGCAGTAGCTAATGCCT,yes,train
432,GGCCTGGCACAGTGGCTCATGCCT,yes,train
730,TTTTCTTTGTTTGTTTGTTTGTTT,yes,train
733,TTTTCTTTTCTTTTCTTTTTTTTT,yes,train
386,GGCCAGGTGCAGTGGCTCATTCCT,yes,train
684,TTTATTTTTAATTTTATTTTTGAG,yes,train
760,TTTTTCTTATCTTTTTTTTTTTCC,yes,train
787,TTTTTTGAGACAAGGTCTTGCTCT,yes,train
146,ATTTTTTTGGACATGGCCTTGCTC,no,train
353,GGCCAAACATGGTGCCCCACGCCT,no,train
34,AGCTGGGCGCGGTGGCTCACACCT,no,train
33,AGCTGGGCGCAGTGGCTCACGCCT,no,train
254,CTTTTTGAGACGAGGTCTCACTGT,no,train
332,GCCCAGGTTGGAGTGTACTGCTGC,no,train
305,GACCCAGTGCGGTGGCTCACGCCT,no,train
371,GGCCAGGCGCGGTGGCTCACGCCT,no,train
879,TTTTTTTTTTTTTTTTTTTTTTTT,no,train
250,CTTTTTATTTTTTTGAGACAGTCT,yes,train
175,ATTTTTTTTTTTTTTTTTTTTTTG,yes,train
376,GGCCAGGCTCTGTGACTCACGCCT,no,train
793,TTTTTTGTTTTGTTTTTTTTGAGA,no,train
678,TTTATTATTATTTTTTGAGATGGA,yes,train
133,ATTTTGTTTTGTTTTTGTTTTTTG,no,train
531,GTTGTTTGTCTGCTTGTTTGCGAC,yes,train
343,GCTGGGCACAATGGTTCACACCTG,no,train
541,GTTTTGCTTTTTTTTTTTTTTTTT,yes,train
848,TTTTTTTTTTTTTTGAGACAGAGT,no,train
162,ATTTTTTTTTTTTTTTGCGATGAA,no,train
717,TTTTACTTTTTTTTTTTTTTGGGA,yes,train
56,AGGCCGGGCATGGTGGCTCACGCT,yes,train
380,GGCCAGGGGCAGTGGTTCATGCCT,no,train
418,GGCCGGGCGCGGTGGCTCACACCT,yes,train
380,GGCCAGGGGCAGTGGTTCATGCCT,no,train
581,TCCTGGCCAACATGGTGAAACCCC,no,train
260,CTTTTTTCTTTCTTTTTTTGAGAT,no,train
419,GGCCGGGCGCGGTGGCTCACGCCT,yes,train
632,TGGCCGGGCGCGGTGGCTCATGCC,yes,train
134,ATTTTTATTTATTATTATTTTTTA,yes,train
172,ATTTTTTTTTTTTTTTTTTTGTGA,no,train
105,ATTCTTTTTTTTTTTTTGAGATGG,yes,train
286,CTTTTTTTTTTTTTTTTGAGACAA,yes,train
110,ATTTATTTATTTTTGAGACAGGGT,no,train
116,ATTTATTTTTATTTTTATTTTTTT,yes,train
781,TTTTTTATTTTTTTGAGATGGAGT,yes,train
424,GGCCGGGCGTGGTGGCTCACACCT,no,train
531,GTTGTTTGTCTGCTTGTTTGCGAC,yes,train
47,AGGCCAGGCGTGGTGGCTCATGCC,yes,train
545,GTTTTGTTTTGTTTTTTTGAGACA,yes,train
821,TTTTTTTTTTCTTTTTTTTTTTTT,no,train
250,CTTTTTATTTTTTTGAGACAGTCT,no,train
790,TTTTTTGTTTGTTTTTTGGAGACA,no,train
411,GGCCGGGCGCAGTGGCCCACACCT,no,train
505,GGGCTGGGTGCAGTCGCTCACGCC,no,train
200,CGCTGGGTACAGTTGCTTACACCT,yes,train
676,TTGTTTTTTTTTAATTTTTTAATT,yes,train
312,GAGACAGGTTCTTGATCTGTCACT,no,train
714,TTTGTTTTGTTTTTTGTTTTGAGA,yes,train
801,TTTTTTTGTTTATGTGTTTGTTTT,yes,train
755,TTTTTATTTTATTTATTTATTTAT,yes,train
595,TGCCGGGCGCGGTGGCTCACGTCT,no,train
545,GTTTTGTTTTGTTTTTTTGAGACA,yes,train
38,AGCTGGGTGTTTTGGCTCAGGCCT,no,train
608,TGGCCAGGCATAATGGCTTATGCC,no,train
584,TCTTGTTTTTTGTTTTTTTTTTGA,no,train
496,GGGCCGGGTGCAGTGACTCACGCC,no,train
716,TTTGTTTTTTTTGTTTTTTTGACA,no,train
479,GGCTTGGTGCAGTGACGACACACC,no,train
420,GGCCGGGCGCGGTGGCTCACGCCT,yes,train
720,TTTTATTTTACTTTATTTTTTTTG,no,train
368,GGCCAGGCATGGTGGTTCACGCCT,no,train
173,ATTTTTTTTTTTTTTTTTTTTTGA,no,train
601,TGGCCAGACACAGTGGCTCATGCC,yes,train
755,TTTTTATTTTATTTATTTATTTAT,no,train
31,AGCTGGGCATGGTGGTTCATGCCT,no,train
400,GGCCGGGCACAGTGGCTCACGCCT,yes,train
457,GGCTGGGCATGGTGGTTCACACCT,yes,train
525,GTGGCACTATCATAGTTCACTATA,no,train
585,TCTTTTTTTTTTTTTCTTTTTGAG,yes,train
278,CTTTTTTTTTTTTTTGAGACGGAG,yes,train
508,GGGCTGGGTGCCGTGGCTCACGCC,no,train
632,TGGCCGGGCGCGGTGGCTCATGCC,no,train
585,TCTTTTTTTTTTTTTCTTTTTGAG,no,train
283,CTTTTTTTTTTTTTTTGAGATGGA,yes,train
548,GTTTTGTTTTTTGGGGTTTGTTTT,yes,train
340,GCTAGACACAGTGGCTCATGCCTG,yes,train
354,GGCCAAGCATGGTGGCTCACACCT,yes,train
304,GACCAGGTGTGGTGGCTCACACCA,no,train
581,TCCTGGCCAACATGGTGAAACCCC,yes,train
733,TTTTCTTTTCTTTTCTTTTTTTTT,no,train
45,AGGCCAGGCACAGTGGCTCACGCC,no,train
99,ATTATTATTATTATTTTATTTTAT,yes,train
116,ATTTATTTTTATTTTTATTTTTTT,yes,train
575,TAGTGCAATGGCGCAATCCTGGCT,no,train
417,GGCCGGGCGCGGTGGCTCACACCT,no,train
47,AGGCCAGGCGTGGTGGCTCATGCC,no,train
347,GCTGGGCGTGGTGGCTCACGCCTA,no,train
431,GGCCGGTCGTGGTGGCTCATGCCT,no,train
696,TTTCTTTTTTCTAAGACAGAGTCT,no,train
858,TTTTTTTTTTTTTTTTGAGACAGG,no,train
750,TTTTGTTTTTTCGTTTGTTTCTTT,yes,train
424,GGCCGGGCGTGGTGGCTCACACCT,no,train
858,TTTTTTTTTTTTTTTTGAGACAGG,no,train
771,TTTTTGTTTTTGTTGGAGAAGGAG,yes,train
867,TTTTTTTTTTTTTTTTTTTGAGAT,yes,train
354,GGCCAAGCATGGTGGCTCACACCT,no,train
442,GGCTGGGCACAGTGGCTCACACCT,yes,train
338,GCGCAGTGGCTCACGCCTGTAATC,no,train
747,TTTTGTTTTGTTTTTTTTTTAAGA,yes,train
313,GAGACAGTCTTGCTTTGTCGCCAG,yes,train
447,GGCTGGGCACGAGGGCTCATGTCT,no,train
75,AGGCTGGGCATGGTGGCTCATGCC,yes,train
674,TTGTTTGTTGTTTTTGAGACAGAG,no,train
305,GACCCAGTGCGGTGGCTCACGCCT,no,train
447,GGCTGGGCACGAGGGCTCATGTCT,yes,train
5,ACTCATGCCTGTAATCCCAGCACT,yes,train
131,ATTTTGTTGTTGTTATTTGTTTCT,yes,train
453,GGCTGGGCACGGTGGCTCTCGCCT,no,train
254,CTTTTTGAGACGAGGTCTCACTGT,yes,train
332,GCCCAGGTTGGAGTGTACTGCTGC,no,train
237,CTTTTATTGTTTTTTGAGACGGAG,no,train
581,TCCTGGCCAACATGGTGAAACCCC,yes,train
333,GCCGGGCATGGTGGCTCACGCCTG,no,train
207,CGGCTGGGCACGGTGGCTCACGCC,no,train
739,TTTTGAAATGGAGTTTTGCTCAGT,yes,train
617,TGGCCAGGTGCGGTGGCTCACGCC,yes,train
98,ATGATGGGCTCTCCTTACATATAT,no,train
344,GCTGGGCACAGTAGCTCATGCCTG,yes,train
733,TTTTCTTTTCTTTTCTTTTTTTTT,yes,train
211,CTCACGCCTGTAATCCCAGCACTT,no,train
879,TTTTTTTTTTTTTTTTTTTTTTTT,no,train
719,TTTTATTTATTTATTTTTTGAGAG,no,train
504,GGGCTGGGCGCGGTGGCTCTCGCC,no,train
817,TTTTTTTTTGTTTTAGAAGGAGTT,yes,train
754,TTTTTATTTAGAGACAAGATCTCA,no,train
546,GTTTTGTTTTGTTTTTTTTTTTTT,no,train
410,GGCCGGGCGCAATGGCTCGCGCCT,yes,train
343,GCTGGGCACAATGGTTCACACCTG,yes,train
303,GACCAGGTGCAGTAGCTCATGCTT,yes,train
675,TTGTTTTTTGTTTTTTTGTTTTTT,no,train
264,CTTTTTTTCATTTTTTTTTTTTTT,no,train
419,GGCCGGGCGCGGTGGCTCACGCCT,no,train
306,GACCGGGCGTAGTGGCTCACGCCT,yes,train
508,GGGCTGGGTGCCGTGGCTCACGCC,yes,train
435,GGCGGGGTGTGGTGGCTCATGCCT,yes,train
837,TTTTTTTTTTTTTCCGAGACAGAG,no,train
18,AGCCAGGCGTGGTACGTAGCTCAC,yes,train
8,AGACTGGGCGTGGTGGCTCACGCC,yes,train
535,GTTTTACTTTTTTTTTTTTTTTTT,yes,train
672,TTGTTATTTTTTATTTTTATTTTT,yes,train
297,CTTTTTTTTTTTTTTTTTTTTTTT,no,train
338,GCGCAGTGGCTCACGCCTGTAATC,yes,train
124,ATTTTATTTTATTATTTTTTTTTA,yes,train
846,TTTTTTTTTTTTTTCTTTTTTTTG,yes,train
543,GTTTTGTTTTGTTTTGAAAGAACG,no,train
601,TGGCCAGACACAGTGGCTCATGCC,no,train
775,TTTTTTAGGGATAGGGTCTTGCTG,no,train
466,GGCTGGGCGTAGTGGCTCACACCT,yes,train
105,ATTCTTTTTTTTTTTTTGAGATGG,no,train
501,GGGCTGGGCATGGTGGCTCACACC,no,train
173,ATTTTTTTTTTTTTTTTTTTTTGA,yes,train
410,GGCCGGGCGCAATGGCTCGCGCCT,no,train
532,GTTGTTTTGTTTTGTTTTGAGACA,no,train
642,TGGCTGGGCATGGTGGGTGCCTGT,no,train
96,AGTTTGTTTGTTTGTTTGTTTGTT,no,train
445,GGCTGGGCACAGTGGCTCATGCCT,no,train
717,TTTTACTTTTTTTTTTTTTTGGGA,no,train
460,GGCTGGGCGCAGCGGCTCACGCCT,no,train
544,GTTTTGTTTTGTTTTTTGTTTTGA,yes,train
332,GCCCAGGTTGGAGTGTACTGCTGC,no,train
613,TGGCCAGGCATGGTGGCTCACACC,no,train
581,TCCTGGCCAACATGGTGAAACCCC,yes,train
451,GGCTGGGCACGGTGGCTCATGCCT,yes,train
575,TAGTGCAATGGCGCAATCCTGGCT,no,train
280,CTTTTTTTTTTTTTTGAGAGGGAG,no,train
527,GTTCTTGTTTTTGTTTTGTTTTTT,yes,train
551,GTTTTTGAGGCAGGTCGGTCACCC,no,train
452,GGCTGGGCACGGTGGCTCGTGCTT,no,train
164,ATTTTTTTTTTTTTTTTCTTGAGA,yes,train
582,TCTCTCTTTTTTTTTTTTTTGAGA,yes,train
401,GGCCGGGCACAGTGGCTCATGCCT,no,train
292,CTTTTTTTTTTTTTTTTTTTTTAC,no,train
815,TTTTTTTTTCTTTTTTCTTTTTTC,yes,train
102,ATTCTTTTTGAGACAGAGTCTCTG,no,train
510,GGGCTGGGTGTGGTGGCTCATGCC,yes,train
96,AGTTTGTTTGTTTGTTTGTTTGTT,yes,train
363,GGCCAGGCACGGTGGCTCACGCCT,no,train
243,CTTTTCTTTTCTTTTCTTTCTTTT,yes,train
644,TGGCTGGGCGCGGTGGCTCACGCC,no,train
4,ACAGTGGCTCACACCTTTGATCCC,yes,train
376,GGCCAGGCTCTGTGACTCACGCCT,no,train
747,TTTTGTTTTGTTTTTTTTTTAAGA,yes,train
204,CGGCCGGGCGCGGTGGCTCACGCC,no,train
220,CTTCTTTTTTTTTTTTCTTTTGAG,yes,train
652,TGGGCACAGTGGCTCATGCCTGTA,no,train
701,TTTCTTTTTTTTTTTTTTTTTTTT,no,train
243,CTTTTCTTTTCTTTTCTTTCTTTT,yes,train
439,GGCTGGATGCAGTGGCTCATGCCT,yes,train
839,TTTTTTTTTTTTTGAGACTCAGGA,yes,train
620,TGGCCGGGCACAGTGGCTCACGCC,no,train
277,CTTTTTTTTTTTTTTCTTTTTAAG,yes,train
373,GGCCAGGCGCGGTGGCTCATCCCT,no,train
91,AGGTTGGGCATGGTGGCTCACGCC,yes,train
737,TTTTCTTTTTTTCTTTTTTGAGAT,yes,train
608,TGGCCAGGCATAATGGCTTATGCC,yes,train
541,GTTTTGCTTTTTTTTTTTTTTTTT,yes,train
153,ATTTTTTTTTTTGACAGAGTCTTG,no,train
699,TTTCTTTTTTTTTGAGACGGAGTC,yes,train
854,TTTTTTTTTTTTTTTGAGACGGAG,no,train
871,TTTTTTTTTTTTTTTTTTTTGAGG,no,train
320,GCAGTGGCCCACGCCTGTAATCCC,no,train
101,ATTCTTTGTTTTTTTTTGAGATGG,no,train
580,TCCAGGCATGGTGGCTCACATCTG,no,train
710,TTTGTTTGTTTAGAGATAGGATCT,no,train
792,TTTTTTGTTTTGTTTTGTTTGAGA,no,train
551,GTTTTTGAGGCAGGTCGGTCACCC,no,train
701,TTTCTTTTTTTTTTTTTTTTTTTT,no,train
688,TTTCCTTTTTTTTTTTTTTCTTTT,yes,train
105,ATTCTTTTTTTTTTTTTGAGATGG,yes,train
392,GGCCAGGTGTGGTGGCTCACACCT,no,train
248,CTTTTTATTTTATTTTATTCTATT,yes,train
108,ATTTATTTATTTATTTTTGAGACA,no,train
237,CTTTTATTGTTTTTTGAGACGGAG,no,train
200,CGCTGGGTACAGTTGCTTACACCT,no,train
307,GACCGGGTGTGGTGGCTCACACCT,yes,train
124,ATTTTATTTTATTATTTTTTTTTA,no,train
870,TTTTTTTTTTTTTTTTTTTTGAGA,yes,train
848,TTTTTTTTTTTTTTGAGACAGAGT,yes,train
404,GGCCGGGCACGGTGGCTCACCTGT,no,train
111,ATTTATTTATTTTTTTATTTAGAG,no,train
451,GGCTGGGCACGGTGGCTCATGCCT,no,train
459,GGCTGGGCCCGGTGGCTCATGCCT,no,train
695,TTTCTTTTCTTTCCTTTCTTTTTT,no,train
144,ATTTTTTTCTTCTTTTTTCCACAG,yes,train
571,GTTTTTTTTTTTTTTTTTTTAGAT,no,train
575,TAGTGCAATGGCGCAATCCTGGCT,no,train
445,GGCTGGGCACAGTGGCTCATGCCT,no,train
376,GGCCAGGCTCTGTGACTCACGCCT,yes,train
525,GTGGCACTATCATAGTTCACTATA,yes,train
734,TTTTCTTTTCTTTTTCTTTTTCTT,no,train
110,ATTTATTTATTTTTGAGACAGGGT,yes,train
547,GTTTTGTTTTTCTTTCTTTTTTTT,yes,train
663,TTCTTTTTTCTTTTCTTTTTTTTT,no,train
592,TGCCGGACGCGTTGGCTCATGCCT,yes,train
4,ACAGTGGCTCACACCTTTGATCCC,yes,train
276,CTTTTTTTTTTTTTTCGGACAGAG,yes,train
799,TTTTTTTGGTTTTTGTTTTGTTTT,no,train
466,GGCTGGGCGTAGTGGCTCACACCT,no,train
582,TCTCTCTTTTTTTTTTTTTTGAGA,yes,train
793,TTTTTTGTTTTGTTTTTTTTGAGA,yes,train
537,GTTTTCTTCTGTTTTCTTATATTT,no,train
10,AGATCAGGCATGGTGGCTTACACC,no,train
155,ATTTTTTTTTTTTTGAGACAGAGT,yes,train
858,TTTTTTTTTTTTTTTTGAGACAGG,no,train
838,TTTTTTTTTTTTTCTTTTTTTCTT,yes,train
525,GTGGCACTATCATAGTTCACTATA,no,train
423,GGCCGGGCGCGGTGGCTCATGCCT,no,train
424,GGCCGGGCGTGGTGGCTCACACCT,no,train
701,TTTCTTTTTTTTTTTTTTTTTTTT,no,train
258,CTTTTTTATTTTTATTTTTTTGAG,yes,train
792,TTTTTTGTTTTGTTTTGTTTGAGA,yes,train
312,GAGACAGGTTCTTGATCTGTCACT,no,train
245,CTTTTCTTTTTCTTTTCTTTTTTT,yes,train
467,GGCTGGGCGTGGTGGCCCACGCCT,yes,train
545,GTTTTGTTTTGTTTTTTTGAGACA,no,train
510,GGGCTGGGTGTGGTGGCTCATGCC,no,train
150,ATTTTTTTTTCTTTTTCAGAGTTT,no,train
410,GGCCGGGCGCAATGGCTCGCGCCT,no,train
351,GGCACGGTGGCTCACGCCTGTAAT,no,train
675,TTGTTTTTTGTTTTTTTGTTTTTT,no,train
164,ATTTTTTTTTTTTTTTTCTTGAGA,yes,train
617,TGGCCAGGTGCGGTGGCTCACGCC,no,train
248,CTTTTTATTTTATTTTATTCTATT,yes,train
176,ATTTTTTTTTTTTTTTTTTTTTTT,yes,train
276,CTTTTTTTTTTTTTTCGGACAGAG,yes,train
585,TCTTTTTTTTTTTTTCTTTTTGAG,no,train
616,TGGCCAGGCGTAGTGGCTCATGCC,yes,train
572,GTTTTTTTTTTTTTTTTTTTTGAG,no,train
451,GGCTGGGCACGGTGGCTCATGCCT,no,train
24,AGCCGGGCATGGTGGCTCACGCCC,yes,train
462,GGCTGGGCGCAGTGGCTCACTCCT,no,train
675,TTGTTTTTTGTTTTTTTGTTTTTT,yes,train
560,GTTTTTTTATTTTTATTTTTGGAG,yes,train
254,CTTTTTGAGACGAGGTCTCACTGT,no,train
835,TTTTTTTTTTTTGAGAGAGTTTTG,no,train
132,ATTTTGTTTTGTTTTGGTTTTTTG,yes,train
344,GCTGGGCACAGTAGCTCATGCCTG,yes,train
144,ATTTTTTTCTTCTTTTTTCCACAG,yes,train
767,TTTTTGAGACAGAGTCTCGCTCTT,no,train
815,TTTTTTTTTCTTTTTTCTTTTTTC,yes,train
780,TTTTTTATTTTTTGAGGTGGAGTC,yes,train
250,CTTTTTATTTTTTTGAGACAGTCT,yes,train
439,GGCTGGATGCAGTGGCTCATGCCT,no,train
423,GGCCGGGCGCGGTGGCTCATGCCT,no,train
625,TGGCCGGGCATGGTGGCTCACGCC,no,train
24,AGCCGGGCATGGTGGCTCACGCCC,yes,train
613,TGGCCAGGCATGGTGGCTCACACC,no,train
670,TTGCCCAGGCTGGAGTGCAGGGCG,no,train
584,TCTTGTTTTTTGTTTTTTTTTTGA,no,train
351,GGCACGGTGGCTCACGCCTGTAAT,no,train
276,CTTTTTTTTTTTTTTCGGACAGAG,yes,train
281,CTTTTTTTTTTTTTTGAGATGGAG,yes,train
224,CTTTATTTTAATTATTATTATTTT,yes,train
877,TTTTTTTTTTTTTTTTTTTTTTTT,no,train
657,TTATTTTTATTTTTATTTTTTATT,yes,train
862,TTTTTTTTTTTTTTTTGAGATGGA,yes,train
33,AGCTGGGCGCAGTGGCTCACGCCT,yes,train
14,AGCCAGGCATGGTGGTTCACACCT,no,train
159,ATTTTTTTTTTTTTTCTTGGAATG,no,train
779,TTTTTTATTTTTTATTTTATTTTA,no,train
292,CTTTTTTTTTTTTTTTTTTTTTAC,no,train
751,TTTTGTTTTTTGTTGTTGTGGTGG,yes,train
87,AGGCTGTTGCTCTGTCACCCAGGA,yes,train
235,CTTTGTTTTTGTTTTTGTCTTTTG,no,train
401,GGCCGGGCACAGTGGCTCATGCCT,yes,train
410,GGCCGGGCGCAATGGCTCGCGCCT,yes,train
452,GGCTGGGCACGGTGGCTCGTGCTT,no,train
91,AGGTTGGGCATGGTGGCTCACGCC,yes,train
496,GGGCCGGGTGCAGTGACTCACGCC,yes,train
258,CTTTTTTATTTTTATTTTTTTGAG,yes,train
879,TTTTTTTTTTTTTTTTTTTTTTTT,yes,train
568,GTTTTTTTTTTTGAGACGGAGTCT,no,train
436,GGCTAGGCGCAGTGGCTCACTCCT,no,train
745,TTTTGTTTTAATATTTTTTTTCTT,no,train
346,GCTGGGCATGGTGGCTCATGCCTG,no,train
200,CGCTGGGTACAGTTGCTTACACCT,yes,train
29,AGCTGGGCACGTGGCTCACACCTG,yes,train
717,TTTTACTTTTTTTTTTTTTTGGGA,yes,train
273,CTTTTTTTTTTTTTGAGACAGAAT,yes,train
558,GTTTTTTGTTTGTTTGTTTTTTGA,no,train
803,TTTTTTTGTTTGTTTGTTTTGAGA,no,train
763,TTTTTCTTTGAGACAGAGTCACTC,no,train
187,CCAGGTGCAGTGGCTCATGCCTGT,yes,train
877,TTTTTTTTTTTTTTTTTTTTTTTT,yes,train
383,GGCCAGGTGCAGTGGCTCACATCT,yes,train
272,CTTTTTTTTTTTTGAGACAAGGGT,no,train
250,CTTTTTATTTTTTTGAGACAGTCT,yes,train
757,TTTTTATTTTTATTTTATTTTTTA,yes,train
192,CCGGGCGCAGTGGCTCATGCCTGT,yes,train
172,ATTTTTTTTTTTTTTTTTTTGTGA,no,train
303,GACCAGGTGCAGTAGCTCATGCTT,no,train
368,GGCCAGGCATGGTGGTTCACGCCT,no,train
63,AGGCCGGGTGCTGTGGCTCACACC,no,train
500,GGGCTGGGCACGGTGGCTCATGAC,yes,train
457,GGCTGGGCATGGTGGTTCACACCT,yes,train
678,TTTATTATTATTTTTTGAGATGGA,no,train
288,CTTTTTTTTTTTTTTTTTTGAGAC,no,train
736,TTTTCTTTTTCTTTTTTTTTTTTT,no,train
281,CTTTTTTTTTTTTTTGAGATGGAG,yes,train
182,CAGTGGCTCACACCTGTAATCCCA,yes,train
333,GCCGGGCATGGTGGCTCACGCCTG,no,train
343,GCTGGGCACAATGGTTCACACCTG,no,train
344,GCTGGGCACAGTAGCTCATGCCTG,yes,train
816,TTTTTTTTTGTTGTTGTTGAGACG,no,train
10,AGATCAGGCATGGTGGCTTACACC,no,train
751,TTTTGTTTTTTGTTGTTGTGGTGG,yes,train
297,CTTTTTTTTTTTTTTTTTTTTTTT,no,train
348,GCTGGGTGGGGTGGCTCACACCCG,yes,train
24,AGCCGGGCATGGTGGCTCACGCCC,yes,train
535,GTTTTACTTTTTTTTTTTTTTTTT,yes,train
742,TTTTGTGAGACAGCCTTGCTCTGT,yes,train
745,TTTTGTTTTAATATTTTTTTTCTT,no,train
43,AGGCCAGACACAATGGCTCATGCT,no,train
499,GGGCTGGGCACAGTGGCTTACGCC,no,train
451,GGCTGGGCACGGTGGCTCATGCCT,yes,train
547,GTTTTGTTTTTCTTTCTTTTTTTT,yes,train
245,CTTTTCTTTTTCTTTTCTTTTTTT,yes,train
396,GGCCGAGCGTGATGGCTCACCCCT,yes,train
419,GGCCGGGCGCGGTGGCTCACGCCT,no,train
41,AGGCAGGGCGAGGTGGCTCAAACC,yes,train
105,ATTCTTTTTTTTTTTTTGAGATGG,no,train
503,GGGCTGGGCCCATTAGCTCACACC,yes,train
755,TTTTTATTTTATTTATTTATTTAT,yes,train
804,TTTTTTTGTTTGTTTTTGAGGCGG,yes,train
118,ATTTCCTTCTTTTTTTTTTTGAGA,no,train
736,TTTTCTTTTTCTTTTTTTTTTTTT,no,train
623,TGGCCGGGCACGGTGGCTCACACC,yes,train
714,TTTGTTTTGTTTTTTGTTTTGAGA,no,train
594,TGCCGGGCATGGTGGCTTGCACCT,no,train
163,ATTTTTTTTTTTTTTTTCAAGACG,yes,train
227,CTTTCTCACTCAGGCTGCAGTGAG,yes,train
580,TCCAGGCATGGTGGCTCACATCTG,yes,train
278,CTTTTTTTTTTTTTTGAGACGGAG,yes,train
296,CTTTTTTTTTTTTTTTTTTTTTTT,no,train
395,GGCCGAGCGCAGTGGCTCACGCCT,yes,train
418,GGCCGGGCGCGGTGGCTCACACCT,no,train
322,GCCAGGCACGGTGGCTCACGCCTG,no,train
371,GGCCAGGCGCGGTGGCTCACGCCT,yes,train
68,AGGCTGGCCATGTTGGCTCACGCT,no,train
151,ATTTTTTTTTCTTTTTCTTGTTTT,yes,train
246,CTTTTGTTGTTTTTGAGACGGGGT,no,train
286,CTTTTTTTTTTTTTTTTGAGACAA,yes,train
428,GGCCGGGTGCAGTGGCTCATGCCT,no,train
145,ATTTTTTTGAGACAGGGTGTCACT,yes,train
278,CTTTTTTTTTTTTTTGAGACGGAG,no,train
101,ATTCTTTGTTTTTTTTTGAGATGG,no,train
676,TTGTTTTTTTTTAATTTTTTAATT,yes,train
243,CTTTTCTTTTCTTTTCTTTCTTTT,yes,train
617,TGGCCAGGTGCGGTGGCTCACGCC,no,train
821,TTTTTTTTTTCTTTTTTTTTTTTT,yes,train
350,GGCAAGGCATGGTGGCTCATGCCT,yes,train
359,GGCCAGGCACAGTGGCTCACACCT,no,train
509,GGGCTGGGTGCGGTGGCTCACACC,no,train
780,TTTTTTATTTTTTGAGGTGGAGTC,yes,train
661,TTCTTTTGTTTTTTTGAGATGGAG,yes,train
879,TTTTTTTTTTTTTTTTTTTTTTTT,yes,train
220,CTTCTTTTTTTTTTTTCTTTTGAG,yes,train
745,TTTTGTTTTAATATTTTTTTTCTT,no,train
594,TGCCGGGCATGGTGGCTTGCACCT,yes,train
385,GGCCAGGTGCAGTGGCTCATGCTT,no,train
760,TTTTTCTTATCTTTTTTTTTTTCC,no,train
655,TGTGCAGGGACTCATGACTGTAAT,yes,train
24,AGCCGGGCATGGTGGCTCACGCCC,yes,train
515,GGTCAGGCACAGTGGCTTACACCT,no,train
449,GGCTGGGCACGGTGGCTCATGCCT,yes,train
652,TGGGCACAGTGGCTCATGCCTGTA,no,train
430,GGCCGGTCACGGTGGCTCACGCCT,yes,train
464,GGCTGGGCGCGATGGCTCATGTCT,yes,train
575,TAGTGCAATGGCGCAATCCTGGCT,no,train
342,GCTGGATGCGGTGGCTCACGCCTG,no,train
357,GGCCAGGCACAATGGCTCACACCT,no,train
85,AGGCTGGGTGTGGTGGCTCACGCC,no,train
414,GGCCGGGCGCAGTGGCTCATGCCT,no,train
865,TTTTTTTTTTTTTTTTTGAGACAG,yes,train
33,AGCTGGGCGCAGTGGCTCACGCCT,no,train
287,CTTTTTTTTTTTTTTTTTTAATTG,no,train
224,CTTTATTTTAATTATTATTATTTT,yes,train
582,TCTCTCTTTTTTTTTTTTTTGAGA,no,train
86,AGGCTGGGTGTGGTGGCTCACGCC,no,train
369,GGCCAGGCCCAGTGGCTCACACCT,yes,train
684,TTTATTTTTAATTTTATTTTTGAG,no,train
243,CTTTTCTTTTCTTTTCTTTCTTTT,yes,train
875,TTTTTTTTTTTTTTTTTTTTTTTA,no,train
632,TGGCCGGGCGCGGTGGCTCATGCC,no,train
357,GGCCAGGCACAATGGCTCACACCT,no,train
386,GGCCAGGTGCAGTGGCTCATTCCT,yes,train
595,TGCCGGGCGCGGTGGCTCACGTCT,yes,train
688,TTTCCTTTTTTTTTTTTTTCTTTT,yes,train
548,GTTTTGTTTTTTGGGGTTTGTTTT,no,train
310,GACTGGGTGCGGTGGCTCATGCCT,no,train
457,GGCTGGGCATGGTGGTTCACACCT,no,train
411,GGCCGGGCGCAGTGGCCCACACCT,no,train
175,ATTTTTTTTTTTTTTTTTTTTTTG,no,train
369,GGCCAGGCCCAGTGGCTCACACCT,no,train
131,ATTTTGTTGTTGTTATTTGTTTCT,no,train
561,GTTTTTTTCTTTTCTAATTGAGAC,no,train
385,GGCCAGGTGCAGTGGCTCATGCTT,no,train
804,TTTTTTTGTTTGTTTTTGAGGCGG,no,train
192,CCGGGCGCAGTGGCTCATGCCTGT,no,train
216,CTGGGCTCAGTGGCTCACACCTGT,yes,train
661,TTCTTTTGTTTTTTTGAGATGGAG,yes,train
336,GCCGGGCGTGGTGGCTCACGCCTG,no,train
364,GGCCAGGCACGGTGGGTCACGCCT,no,train
38,AGCTGGGTGTTTTGGCTCAGGCCT,no,train
2,AAGATGGAGTCTTATTCTGTCGCC,no,train
623,TGGCCGGGCACGGTGGCTCACACC,yes,train
307,GACCGGGTGTGGTGGCTCACACCT,yes,train
291,CTTTTTTTTTTTTTTTTTTTGAGA,no,train
110,ATTTATTTATTTTTGAGACAGGGT,yes,train
375,GGCCAGGCGTGGTGGCTCATGCCT,yes,train
808,TTTTTTTTCTTTTTCTTTTTCTTT,yes,train
699,TTTCTTTTTTTTTGAGACGGAGTC,no,train
839,TTTTTTTTTTTTTGAGACTCAGGA,yes,train
8,AGACTGGGCGTGGTGGCTCACGCC,yes,train
43,AGGCCAGACACAATGGCTCATGCT,no,train
281,CTTTTTTTTTTTTTTGAGATGGAG,yes,train
873,TTTTTTTTTTTTTTTTTTTTTGAG,no,train
376,GGCCAGGCTCTGTGACTCACGCCT,yes,train
601,TGGCCAGACACAGTGGCTCATGCC,no,train
443,GGCTGGGCACAGTGGCTCACACCT,yes,train
130,ATTTTGTATTTATTTATTTATTTA,no,train
456,GGCTGGGCATGGTGGCTCACGCCT,yes,train
410,GGCCGGGCGCAATGGCTCGCGCCT,yes,train
239,CTTTTCTCTTCTTTTTTCTTTTCT,yes,train
632,TGGCCGGGCGCGGTGGCTCATGCC,yes,train
18,AGCCAGGCGTGGTACGTAGCTCAC,no,train
837,TTTTTTTTTTTTTCCGAGACAGAG,no,train
47,AGGCCAGGCGTGGTGGCTCATGCC,yes,train
401,GGCCGGGCACAGTGGCTCATGCCT,yes,train
617,TGGCCAGGTGCGGTGGCTCACGCC,no,train
803,TTTTTTTGTTTGTTTGTTTTGAGA,no,train
287,CTTTTTTTTTTTTTTTTTTAATTG,yes,train
396,GGCCGAGCGTGATGGCTCACCCCT,yes,train
182,CAGTGGCTCACACCTGTAATCCCA,yes,train
582,TCTCTCTTTTTTTTTTTTTTGAGA,yes,train
503,GGGCTGGGCCCATTAGCTCACACC,no,train
731,TTTTCTTTTCTTGTGTGTTTTTTT,yes,train
310,GACTGGGTGCGGTGGCTCATGCCT,no,train
428,GGCCGGGTGCAGTGGCTCATGCCT,no,train
182,CAGTGGCTCACACCTGTAATCCCA,no,train
809,TTTTTTTTCTTTTTTTTTCTTTTT,yes,train
264,CTTTTTTTCATTTTTTTTTTTTTT,no,train
560,GTTTTTTTATTTTTATTTTTGGAG,no,train
111,ATTTATTTATTTTTTTATTTAGAG,no,train
821,TTTTTTTTTTCTTTTTTTTTTTTT,yes,train
101,ATTCTTTGTTTTTTTTTGAGATGG,yes,train
39,AGGACAGGCGCGGTGGCTCACGCC,yes,train
875,TTTTTTTTTTTTTTTTTTTTTTTA,yes,train
272,CTTTTTTTTTTTTGAGACAAGGGT,yes,train
108,ATTTATTTATTTATTTTTGAGACA,no,train
386,GGCCAGGTGCAGTGGCTCATTCCT,no,train
510,GGGCTGGGTGTGGTGGCTCATGCC,yes,train
4,ACAGTGGCTCACACCTTTGATCCC,yes,train
601,TGGCCAGACACAGTGGCTCATGCC,no,train
706,TTTGAGATGGAGTCTTGCTTCATT,yes,train
595,TGCCGGGCGCGGTGGCTCACGTCT,yes,train
162,ATTTTTTTTTTTTTTTGCGATGAA,yes,train
676,TTGTTTTTTTTTAATTTTTTAATT,no,train
581,TCCTGGCCAACATGGTGAAACCCC,no,train
727,TTTTCTTGTTTTGAGACGGAGTCT,no,train
430,GGCCGGTCACGGTGGCTCACGCCT,yes,train
332,GCCCAGGTTGGAGTGTACTGCTGC,no,train
116,ATTTATTTTTATTTTTATTTTTTT,yes,train
381,GGCCAGGTATGGTGGCTCATGCCT,yes,train
53,AGGCCGGGCACGGTGGCTCACACC,no,train
343,GCTGGGCACAATGGTTCACACCTG,yes,train
150,ATTTTTTTTTCTTTTTCAGAGTTT,no,train
858,TTTTTTTTTTTTTTTTGAGACAGG,no,train
661,TTCTTTTGTTTTTTTGAGATGGAG,yes,train
348,GCTGGGTGGGGTGGCTCACACCCG,yes,train
299,CTTTTTTTTTTTTTTTTTTTTTTT,no,train
348,GCTGGGTGGGGTGGCTCACACCCG,yes,train
280,CTTTTTTTTTTTTTTGAGAGGGAG,no,train
657,TTATTTTTATTTTTATTTTTTATT,yes,train
54,AGGCCGGGCACTGTGGCTTACACA,yes,train
451,GGCTGGGCACGGTGGCTCATGCCT,yes,train
235,CTTTGTTTTTGTTTTTGTCTTTTG,yes,train
623,TGGCCGGGCACGGTGGCTCACACC,yes,train
173,ATTTTTTTTTTTTTTTTTTTTTGA,yes,train
258,CTTTTTTATTTTTATTTTTTTGAG,no,train
381,GGCCAGGTATGGTGGCTCATGCCT,yes,train
303,GACCAGGTGCAGTAGCTCATGCTT,yes,train
246,CTTTTGTTGTTTTTGAGACGGGGT,no,train
389,GGCCAGGTGGCGGTGGTTCACACC,yes,train
595,TGCCGGGCGCGGTGGCTCACGTCT,no,train
492,GGGCCAGGTGTGGTGGCTCACGCC,no,train
488,GGGCCAGGCGCTGTGGCTCACACC,no,train
443,GGCTGGGCACAGTGGCTCACACCT,no,train
799,TTTTTTTGGTTTTTGTTTTGTTTT,yes,train
684,TTTATTTTTAATTTTATTTTTGAG,no,train
505,GGGCTGGGTGCAGTCGCTCACGCC,yes,train
209,CGGCTGGGTGCGGTGGCTCACGCC,no,train
359,GGCCAGGCACAGTGGCTCACACCT,no,train
287,CTTTTTTTTTTTTTTTTTTAATTG,no,train
186,CCAGGCGCGGTGGCTCACACCTAT,yes,train
719,TTTTATTTATTTATTTTTTGAGAG,yes,train
133,ATTTTGTTTTGTTTTTGTTTTTTG,no,train
460,GGCTGGGCGCAGCGGCTCACGCCT,no,train
462,GGCTGGGCGCAGTGGCTCACTCCT,no,train
26,AGCCGGGCGCGGTGGCTCACGCCT,no,train
763,TTTTTCTTTGAGACAGAGTCACTC,yes,train
176,ATTTTTTTTTTTTTTTTTTTTTTT,yes,train
808,TTTTTTTTCTTTTTCTTTTTCTTT,no,train
819,TTTTTTTTTTCCTTTTTTTTTTTT,no,train
354,GGCCAAGCATGGTGGCTCACACCT,no,train
84,AGGCTGGGTGCTATGGCTCACGTC,no,train
124,ATTTTATTTTATTATTTTTTTTTA,yes,train
690,TTTCTGTTTTTTGTTTTTTTTTTT,yes,train
326,GCCAGGCATGGTGGCTCATGCCTA,no,train
424,GGCCGGGCGTGGTGGCTCACACCT,yes,train
174,ATTTTTTTTTTTTTTTTTTTTTTG,yes,train
120,ATTTCTTTTCTTTTTTTTTTTTTT,yes,train
168,ATTTTTTTTTTTTTTTTTTGACGG,no,train
792,TTTTTTGTTTTGTTTTGTTTGAGA,no,train
200,CGCTGGGTACAGTTGCTTACACCT,yes,train
411,GGCCGGGCGCAGTGGCCCACACCT,yes,train
745,TTTTGTTTTAATATTTTTTTTCTT,yes,train
161,ATTTTTTTTTTTTTTTAGATGGAG,yes,train
321,GCAGTGGTTCGCACCTATAAGCCC,no,train
453,GGCTGGGCACGGTGGCTCTCGCCT,yes,train
105,ATTCTTTTTTTTTTTTTGAGATGG,yes,train
364,GGCCAGGCACGGTGGGTCACGCCT,yes,train
130,ATTTTGTATTTATTTATTTATTTA,yes,train
187,CCAGGTGCAGTGGCTCATGCCTGT,no,train
666,TTCTTTTTTTTTTTGAGACGGAGT,no,train
496,GGGCCGGGTGCAGTGACTCACGCC,yes,train
829,TTTTTTTTTTTTAAAGACAGGGTC,yes,train
259,CTTTTTTCTTTATTTTTTTTTAGA,yes,train
312,GAGACAGGTTCTTGATCTGTCACT,no,train
781,TTTTTTATTTTTTTGAGATGGAGT,yes,train
264,CTTTTTTTCATTTTTTTTTTTTTT,yes,train
18,AGCCAGGCGTGGTACGTAGCTCAC,yes,train
556,GTTTTTTGTTTGTTTGTTTGTTTT,no,train
476,GGCTGGGTGCGGTGGCTCACGCCT,no,train
54,AGGCCGGGCACTGTGGCTTACACA,no,train
781,TTTTTTATTTTTTTGAGATGGAGT,yes,train
136,ATTTTTGTATTTTTCCTTTTTTTT,yes,train
453,GGCTGGGCACGGTGGCTCTCGCCT,yes,train
146,ATTTTTTTGGACATGGCCTTGCTC,no,train
620,TGGCCGGGCACAGTGGCTCACGCC,yes,train
799,TTTTTTTGGTTTTTGTTTTGTTTT,yes,train
815,TTTTTTTTTCTTTTTTCTTTTTTC,yes,train
223,CTTTATTTATTTATTTATTTATGA,no,train
76,AGGCTGGGCGCGGTGGCTCACACC,yes,train
101,ATTCTTTGTTTTTTTTTGAGATGG,no,train
96,AGTTTGTTTGTTTGTTTGTTTGTT,no,train
168,ATTTTTTTTTTTTTTTTTTGACGG,no,train
632,TGGCCGGGCGCGGTGGCTCATGCC,yes,train
847,TTTTTTTTTTTTTTGAGACACAGT,yes,train
733,TTTTCTTTTCTTTTCTTTTTTTTT,yes,train
315,GAGGCTTGCTCTGTCACCCAGACT,yes,train
13,AGCCAGGCATGGTGGCTCATGCCT,no,train
373,GGCCAGGCGCGGTGGCTCATCCCT,no,train
532,GTTGTTTTGTTTTGTTTTGAGACA,no,train
4,ACAGTGGCTCACACCTTTGATCCC,yes,train
401,GGCCGGGCACAGTGGCTCATGCCT,yes,train
420,GGCCGGGCGCGGTGGCTCACGCCT,yes,train
325,GCCAGGCATGGTGGCTCACACCTG,no,train
163,ATTTTTTTTTTTTTTTTCAAGACG,yes,train
242,CTTTTCTTTTCTTGAGGCAGGGTC,no,train
116,ATTTATTTTTATTTTTATTTTTTT,no,train
787,TTTTTTGAGACAAGGTCTTGCTCT,yes,train
505,GGGCTGGGTGCAGTCGCTCACGCC,yes,train
385,GGCCAGGTGCAGTGGCTCATGCTT,no,train
252,CTTTTTCTTTTTCTTTCTTTCTTT,yes,train
380,GGCCAGGGGCAGTGGTTCATGCCT,no,train
22,AGCCAGGTGCGGTGGCTCATGCCT,no,train
751,TTTTGTTTTTTGTTGTTGTGGTGG,yes,train
837,TTTTTTTTTTTTTCCGAGACAGAG,yes,train
449,GGCTGGGCACGGTGGCTCATGCCT,no,train
175,ATTTTTTTTTTTTTTTTTTTTTTG,yes,train
808,TTTTTTTTCTTTTTCTTTTTCTTT,no,train
675,TTGTTTTTTGTTTTTTTGTTTTTT,yes,train
601,TGGCCAGACACAGTGGCTCATGCC,yes,train
305,GACCCAGTGCGGTGGCTCACGCCT,no,train
54,AGGCCGGGCACTGTGGCTTACACA,no,train
281,CTTTTTTTTTTTTTTGAGATGGAG,no,train
9,AGAGTCTCACTTTGTTGCCCAGGC,no,train
747,TTTTGTTTTGTTTTTTTTTTAAGA,no,train
353,GGCCAAACATGGTGCCCCACGCCT,yes,train
342,GCTGGATGCGGTGGCTCACGCCTG,no,train
792,TTTTTTGTTTTGTTTTGTTTGAGA,yes,train
296,CTTTTTTTTTTTTTTTTTTTTTTT,yes,train
10,AGATCAGGCATGGTGGCTTACACC,no,train
173,ATTTTTTTTTTTTTTTTTTTTTGA,yes,train
256,CTTTTTGATTGATTGTTTGTTATG,yes,train
745,TTTTGTTTTAATATTTTTTTTCTT,yes,train
690,TTTCTGTTTTTTGTTTTTTTTTTT,yes,train
449,GGCTGGGCACGGTGGCTCATGCCT,yes,train
617,TGGCCAGGTGCGGTGGCTCACGCC,yes,train
519,GGTTGGGCATGGTAGCTCACACCT,yes,train
264,CTTTTTTTCATTTTTTTTTTTTTT,no,train
99,ATTATTATTATTATTTTATTTTAT,no,train
560,GTTTTTTTATTTTTATTTTTGGAG,no,train
428,GGCCGGGTGCAGTGGCTCATGCCT,no,train
336,GCCGGGCGTGGTGGCTCACGCCTG,no,train
456,GGCTGGGCATGGTGGCTCACGCCT,yes,train
863,TTTTTTTTTTTTTTTTTGAGACAC,no,train
314,GAGACCAGCCTGACCAATATGGAG,no,train
678,TTTATTATTATTTTTTGAGATGGA,yes,train
535,GTTTTACTTTTTTTTTTTTTTTTT,yes,train
74,AGGCTGGGCATGGTGGCTCACGCC,no,train
742,TTTTGTGAGACAGCCTTGCTCTGT,yes,train
791,TTTTTTGTTTGTTTTTTTGAGACA,no,train
699,TTTCTTTTTTTTTGAGACGGAGTC,yes,train
397,GGCCGGCAAGGTGGCTCACGCCTG,no,train
575,TAGTGCAATGGCGCAATCCTGGCT,no,train
133,ATTTTGTTTTGTTTTTGTTTTTTG,yes,train
102,ATTCTTTTTGAGACAGAGTCTCTG,no,train
312,GAGACAGGTTCTTGATCTGTCACT,no,train
306,GACCGGGCGTAGTGGCTCACGCCT,yes,train
608,TGGCCAGGCATAATGGCTTATGCC,yes,train
36,AGCTGGGTGTGGTGGCTCATACCT,yes,train
162,ATTTTTTTTTTTTTTTGCGATGAA,yes,train
396,GGCCGAGCGTGATGGCTCACCCCT,yes,train
146,ATTTTTTTGGACATGGCCTTGCTC,yes,train
847,TTTTTTTTTTTTTTGAGACACAGT,yes,train
342,GCTGGATGCGGTGGCTCACGCCTG,yes,train
412,GGCCGGGCGCAGTGGCTCACACCT,yes,train
505,GGGCTGGGTGCAGTCGCTCACGCC,yes,train
847,TTTTTTTTTTTTTTGAGACACAGT,no,train
116,ATTTATTTTTATTTTTATTTTTTT,yes,train
546,GTTTTGTTTTGTTTTTTTTTTTTT,yes,train
204,CGGCCGGGCGCGGTGGCTCACGCC,yes,train
272,CTTTTTTTTTTTTGAGACAAGGGT,yes,train
160,ATTTTTTTTTTTTTTGAGATGGAG,yes,train
400,GGCCGGGCACAGTGGCTCACGCCT,no,train
556,GTTTTTTGTTTGTTTGTTTGTTTT,yes,train
146,ATTTTTTTGGACATGGCCTTGCTC,yes,train
697,TTTCTTTTTTCTGGAGACGGAGTT,no,train
546,GTTTTGTTTTGTTTTTTTTTTTTT,no,train
38,AGCTGGGTGTTTTGGCTCAGGCCT,yes,train
207,CGGCTGGGCACGGTGGCTCACGCC,no,train
199,CGCTGGGCGCGGTGGCTCACGCCT,yes,train
68,AGGCTGGCCATGTTGGCTCACGCT,no,train
755,TTTTTATTTTATTTATTTATTTAT,yes,train
837,TTTTTTTTTTTTTCCGAGACAGAG,yes,train
290,CTTTTTTTTTTTTTTTTTTTAATT,yes,train
829,TTTTTTTTTTTTAAAGACAGGGTC,yes,train
54,AGGCCGGGCACTGTGGCTTACACA,no,train
816,TTTTTTTTTGTTGTTGTTGAGACG,no,train
862,TTTTTTTTTTTTTTTTGAGATGGA,no,train
68,AGGCTGGCCATGTTGGCTCACGCT,yes,train
643,TGGCTGGGCCCGGTGGCTCATGCC,no,train
548,GTTTTGTTTTTTGGGGTTTGTTTT,no,train
18,AGCCAGGCGTGGTACGTAGCTCAC,no,train
525,GTGGCACTATCATAGTTCACTATA,yes,train
154,ATTTTTTTTTTTGAGATGGAGTCT,yes,train
563,GTTTTTTTGTTTGTTTTGCTTTTT,no,train
312,GAGACAGGTTCTTGATCTGTCACT,yes,train
760,TTTTTCTTATCTTTTTTTTTTTCC,no,train
535,GTTTTACTTTTTTTTTTTTTTTTT,no,train
817,TTTTTTTTTGTTTTAGAAGGAGTT,yes,train
36,AGCTGGGTGTGGTGGCTCATACCT,yes,train
314,GAGACCAGCCTGACCAATATGGAG,no,train
575,TAGTGCAATGGCGCAATCCTGGCT,no,train
113,ATTTATTTTATTTTTCTGAGATGG,no,train
848,TTTTTTTTTTTTTTGAGACAGAGT,no,train
342,GCTGGATGCGGTGGCTCACGCCTG,yes,train
22,AGCCAGGTGCGGTGGCTCATGCCT,no,train
405,GGCCGGGCACGGTGGCTCACGCCT,no,train
64,AGGCTAGGCGCAGTGGCTCAACCC,no,train
839,TTTTTTTTTTTTTGAGACTCAGGA,no,train
134,ATTTTTATTTATTATTATTTTTTA,yes,train
173,ATTTTTTTTTTTTTTTTTTTTTGA,yes,train
224,CTTTATTTTAATTATTATTATTTT,no,train
406,GGCCGGGCACGGTGGCTCACGCCT,no,train
750,TTTTGTTTTTTCGTTTGTTTCTTT,yes,train
701,TTTCTTTTTTTTTTTTTTTTTTTT,yes,train
595,TGCCGGGCGCGGTGGCTCACGTCT,no,train
144,ATTTTTTTCTTCTTTTTTCCACAG,yes,train
604,TGGCCAGGCACAGTAACTCCTGCC,no,train
389,GGCCAGGTGGCGGTGGTTCACACC,no,train
544,GTTTTGTTTTGTTTTTTGTTTTGA,no,train
751,TTTTGTTTTTTGTTGTTGTGGTGG,no,train
161,ATTTTTTTTTTTTTTTAGATGGAG,no,train
580,TCCAGGCATGGTGGCTCACATCTG,yes,train
592,TGCCGGACGCGTTGGCTCATGCCT,no,train
201,CGGCCAGGCACAGTGACTTACACC,no,train
644,TGGCTGGGCGCGGTGGCTCACGCC,yes,train
562,GTTTTTTTCTTTTTCTTTTTGAGA,yes,train
406,GGCCGGGCACGGTGGCTCACGCCT,yes,train
237,CTTTTATTGTTTTTTGAGACGGAG,no,train
22,AGCCAGGTGCGGTGGCTCATGCCT,no,train
344,GCTGGGCACAGTAGCTCATGCCTG,no,train
488,GGGCCAGGCGCTGTGGCTCACACC,yes,train
865,TTTTTTTTTTTTTTTTTGAGACAG,no,train
18,AGCCAGGCGTGGTACGTAGCTCAC,yes,train
160,ATTTTTTTTTTTTTTGAGATGGAG,yes,train
354,GGCCAAGCATGGTGGCTCACACCT,no,train
768,TTTTTGGTTTTTTTTGTTTTTTTT,yes,train
560,GTTTTTTTATTTTTATTTTTGGAG,no,train
626,TGGCCGGGCATGGTGGCTCACGCC,yes,train
363,GGCCAGGCACGGTGGCTCACGCCT,yes,train
837,TTTTTTTTTTTTTCCGAGACAGAG,yes,train
104,ATTCTTTTTTTTTTTCTTCTTTGA,yes,train
655,TGTGCAGGGACTCATGACTGTAAT,yes,train
851,TTTTTTTTTTTTTTGAGATGGAGT,yes,train
790,TTTTTTGTTTGTTTTTTGGAGACA,no,train
254,CTTTTTGAGACGAGGTCTCACTGT,yes,train
134,ATTTTTATTTATTATTATTTTTTA,yes,train
381,GGCCAGGTATGGTGGCTCATGCCT,no,train
451,GGCTGGGCACGGTGGCTCATGCCT,no,train
734,TTTTCTTTTCTTTTTCTTTTTCTT,no,train
570,GTTTTTTTTTTTTTTCTTTAGAGA,no,train
838,TTTTTTTTTTTTTCTTTTTTTCTT,no,train
404,GGCCGGGCACGGTGGCTCACCTGT,no,train
453,GGCTGGGCACGGTGGCTCTCGCCT,no,train
144,ATTTTTTTCTTCTTTTTTCCACAG,yes,train
4,ACAGTGGCTCACACCTTTGATCCC,yes,train
124,ATTTTATTTTATTATTTTTTTTTA,no,train
657,TTATTTTTATTTTTATTTTTTATT,yes,train
276,CTTTTTTTTTTTTTTCGGACAGAG,yes,train
678,TTTATTATTATTTTTTGAGATGGA,yes,train
594,TGCCGGGCATGGTGGCTTGCACCT,no,train
825,TTTTTTTTTTTGAGACGGAGTCTC,no,train
727,TTTTCTTGTTTTGAGACGGAGTCT,no,train
512,GGGGGCAGAGGTGGGCGGATCACC,yes,train
237,CTTTTATTGTTTTTTGAGACGGAG,no,train
187,CCAGGTGCAGTGGCTCATGCCTGT,no,train
264,CTTTTTTTCATTTTTTTTTTTTTT,yes,train
789,TTTTTTGTGATTTTTTTTTTTTCG,yes,train
651,TGGGAGGCCGAGGCGGGCGGATCA,yes,train
368,GGCCAGGCATGGTGGTTCACGCCT,yes,train
87,AGGCTGTTGCTCTGTCACCCAGGA,yes,train
406,GGCCGGGCACGGTGGCTCACGCCT,no,train
101,ATTCTTTGTTTTTTTTTGAGATGG,yes,train
292,CTTTTTTTTTTTTTTTTTTTTTAC,no,train
499,GGGCTGGGCACAGTGGCTTACGCC,no,train
710,TTTGTTTGTTTAGAGATAGGATCT,no,train
231,CTTTCTTTTTTTTTTTTTTTTTTT,no,train
535,GTTTTACTTTTTTTTTTTTTTTTT,yes,train
704,TTTGAGACAGAGTTTTGCTCTTAT,yes,train
508,GGGCTGGGTGCCGTGGCTCACGCC,no,train
666,TTCTTTTTTTTTTTGAGACGGAGT,yes,train
672,TTGTTATTTTTTATTTTTATTTTT,no,train
534,GTTTCCTTTTTCTTCATTTCTATT,yes,train
562,GTTTTTTTCTTTTTCTTTTTGAGA,no,train
312,GAGACAGGTTCTTGATCTGTCACT,no,train
617,TGGCCAGGTGCGGTGGCTCACGCC,no,train
304,GACCAGGTGTGGTGGCTCACACCA,yes,train
546,GTTTTGTTTTGTTTTTTTTTTTTT,no,train
562,GTTTTTTTCTTTTTCTTTTTGAGA,no,train
787,TTTTTTGAGACAAGGTCTTGCTCT,no,train
390,GGCCAGGTGTAGCGGCCCACACCT,yes,train
465,GGCTGGGCGCGGTGGCTCTTGCCT,yes,train
172,ATTTTTTTTTTTTTTTTTTTGTGA,yes,train
595,TGCCGGGCGCGGTGGCTCACGTCT,yes,train
154,ATTTTTTTTTTTGAGATGGAGTCT,no,train
272,CTTTTTTTTTTTTGAGACAAGGGT,no,train
438,GGCTGCGTGCAGTGGCTCACGCCT,no,train
42,AGGCAGGGTGCAGTGGCTCACGCC,yes,train
371,GGCCAGGCGCGGTGGCTCACGCCT,no,train
4,ACAGTGGCTCACACCTTTGATCCC,no,train
591,TGCCGAGTGGAGTGGCTCACACCT,yes,train
144,ATTTTTTTCTTCTTTTTTCCACAG,no,train
133,ATTTTGTTTTGTTTTTGTTTTTTG,yes,train
643,TGGCTGGGCCCGGTGGCTCATGCC,yes,train
390,GGCCAGGTGTAGCGGCCCACACCT,yes,train
240,CTTTTCTCTTTTTTTTTTTTTTTT,no,train
858,TTTTTTTTTTTTTTTTGAGACAGG,no,train
471,GGCTGGGTGCAATGGCTCACACCT,no,train
134,ATTTTTATTTATTATTATTTTTTA,yes,train
793,TTTTTTGTTTTGTTTTTTTTGAGA,no,train
201,CGGCCAGGCACAGTGACTTACACC,no,train
660,TTCTTTTATTTTTTTTGAGATGGA,yes,train
776,TTTTTTATTTGTGTTTTTGTTTGT,yes,train
145,ATTTTTTTGAGACAGGGTGTCACT,no,train
823,TTTTTTTTTTTGAGACAATGTCTC,no,train
145,ATTTTTTTGAGACAGGGTGTCACT,yes,train
632,TGGCCGGGCGCGGTGGCTCATGCC,no,train
801,TTTTTTTGTTTATGTGTTTGTTTT,yes,train
163,ATTTTTTTTTTTTTTTTCAAGACG,yes,train
389,GGCCAGGTGGCGGTGGTTCACACC,yes,train
556,GTTTTTTGTTTGTTTGTTTGTTTT,yes,train
165,ATTTTTTTTTTTTTTTTGAGACAG,yes,train
750,TTTTGTTTTTTCGTTTGTTTCTTT,no,train
790,TTTTTTGTTTGTTTTTTGGAGACA,yes,train
187,CCAGGTGCAGTGGCTCATGCCTGT,yes,train
174,ATTTTTTTTTTTTTTTTTTTTTTG,no,train
381,GGCCAGGTATGGTGGCTCATGCCT,no,train
751,TTTTGTTTTTTGTTGTTGTGGTGG,no,train
527,GTTCTTGTTTTTGTTTTGTTTTTT,yes,train
792,TTTTTTGTTTTGTTTTGTTTGAGA,no,train
406,GGCCGGGCACGGTGGCTCACGCCT,no,train
618,TGGCCCGATGCAGTGGCTCATGCC,yes,train
684,TTTATTTTTAATTTTATTTTTGAG,yes,train
346,GCTGGGCATGGTGGCTCATGCCTG,no,train
297,CTTTTTTTTTTTTTTTTTTTTTTT,no,train
131,ATTTTGTTGTTGTTATTTGTTTCT,yes,train
551,GTTTTTGAGGCAGGTCGGTCACCC,no,train
670,TTGCCCAGGCTGGAGTGCAGGGCG,no,train
731,TTTTCTTTTCTTGTGTGTTTTTTT,no,train
168,ATTTTTTTTTTTTTTTTTTGACGG,no,train
292,CTTTTTTTTTTTTTTTTTTTTTAC,no,train
304,GACCAGGTGTGGTGGCTCACACCA,yes,train
780,TTTTTTATTTTTTGAGGTGGAGTC,yes,train
4,ACAGTGGCTCACACCTTTGATCCC,no,train
604,TGGCCAGGCACAGTAACTCCTGCC,no,train
297,CTTTTTTTTTTTTTTTTTTTTTTT,yes,train
165,ATTTTTTTTTTTTTTTTGAGACAG,yes,train
560,GTTTTTTTATTTTTATTTTTGGAG,yes,train
790,TTTTTTGTTTGTTTTTTGGAGACA,yes,train
264,CTTTTTTTCATTTTTTTTTTTTTT,yes,train
26,AGCCGGGCGCGGTGGCTCACGCCT,yes,train
414,GGCCGGGCGCAGTGGCTCATGCCT,yes,train
278,CTTTTTTTTTTTTTTGAGACGGAG,no,train
354,GGCCAAGCATGGTGGCTCACACCT,yes,train
466,GGCTGGGCGTAGTGGCTCACACCT,no,train
243,CTTTTCTTTTCTTTTCTTTCTTTT,yes,train
882,TTTTTTTTTTTTTTTTTTTTTTTT,no,train
837,TTTTTTTTTTTTTCCGAGACAGAG,yes,train
259,CTTTTTTCTTTATTTTTTTTTAGA,no,train
22,AGCCAGGTGCGGTGGCTCATGCCT,no,train
271,CTTTTTTTTTTTTCGAGACACGGT,yes,train
780,TTTTTTATTTTTTGAGGTGGAGTC,no,train
644,TGGCTGGGCGCGGTGGCTCACGCC,no,train
467,GGCTGGGCGTGGTGGCCCACGCCT,no,train
591,TGCCGAGTGGAGTGGCTCACACCT,yes,train
449,GGCTGGGCACGGTGGCTCATGCCT,no,train
871,TTTTTTTTTTTTTTTTTTTTGAGG,yes,train
364,GGCCAGGCACGGTGGGTCACGCCT,yes,train
262,CTTTTTTGTTTCGTTGTTTTTCTT,yes,train
675,TTGTTTTTTGTTTTTTTGTTTTTT,no,train
38,AGCTGGGTGTTTTGGCTCAGGCCT,no,train
804,TTTTTTTGTTTGTTTTTGAGGCGG,yes,train
541,GTTTTGCTTTTTTTTTTTTTTTTT,yes,train
774,TTTTTTAAGATGGAATCTTGCTCT,yes,train
801,TTTTTTTGTTTATGTGTTTGTTTT,yes,train
548,GTTTTGTTTTTTGGGGTTTGTTTT,yes,train
186,CCAGGCGCGGTGGCTCACACCTAT,yes,train
865,TTTTTTTTTTTTTTTTTGAGACAG,no,train
642,TGGCTGGGCATGGTGGGTGCCTGT,no,train
538,GTTTTCTTTTCTTTTCTTTTTTTT,yes,train
53,AGGCCGGGCACGGTGGCTCACACC,yes,train
801,TTTTTTTGTTTATGTGTTTGTTTT,yes,train
406,GGCCGGGCACGGTGGCTCACGCCT,yes,train
443,GGCTGGGCACAGTGGCTCACACCT,yes,train
110,ATTTATTTATTTTTGAGACAGGGT,no,train
165,ATTTTTTTTTTTTTTTTGAGACAG,yes,train
839,TTTTTTTTTTTTTGAGACTCAGGA,yes,train
412,GGCCGGGCGCAGTGGCTCACACCT,no,train
145,ATTTTTTTGAGACAGGGTGTCACT,no,train
527,GTTCTTGTTTTTGTTTTGTTTTTT,yes,train
879,TTTTTTTTTTTTTTTTTTTTTTTT,yes,train
392,GGCCAGGTGTGGTGGCTCACACCT,no,train
750,TTTTGTTTTTTCGTTTGTTTCTTT,yes,train
223,CTTTATTTATTTATTTATTTATGA,yes,train
734,TTTTCTTTTCTTTTTCTTTTTCTT,no,train
246,CTTTTGTTGTTTTTGAGACGGGGT,no,train
33,AGCTGGGCGCAGTGGCTCACGCCT,no,train
750,TTTTGTTTTTTCGTTTGTTTCTTT,no,train
801,TTTTTTTGTTTATGTGTTTGTTTT,no,train
204,CGGCCGGGCGCGGTGGCTCACGCC,yes,train
660,TTCTTTTATTTTTTTTGAGATGGA,no,train
330,GCCAGGTGTGGTGGCTCACGCCTC,yes,train
506,GGGCTGGGTGCAGTGCCTCTCGCC,yes,train
837,TTTTTTTTTTTTTCCGAGACAGAG,yes,train
716,TTTGTTTTTTTTGTTTTTTTGACA,no,train
644,TGGCTGGGCGCGGTGGCTCACGCC,yes,train
751,TTTTGTTTTTTGTTGTTGTGGTGG,no,train
304,GACCAGGTGTGGTGGCTCACACCA,no,train
85,AGGCTGGGTGTGGTGGCTCACGCC,yes,train
783,TTTTTTCTTGTTTTTCTTTTTTCT,yes,train
443,GGCTGGGCACAGTGGCTCACACCT,yes,train
719,TTTTATTTATTTATTTTTTGAGAG,no,train
346,GCTGGGCATGGTGGCTCATGCCTG,yes,train
751,TTTTGTTTTTTGTTGTTGTGGTGG,yes,train
831,TTTTTTTTTTTTCCGAGATGGAAT,no,train
355,GGCCAGACGTGGTGGCTCACGCCT,no,train
225,CTTTATTTTATTTTCATTTTTTGG,no,train
525,GTGGCACTATCATAGTTCACTATA,yes,train
281,CTTTTTTTTTTTTTTGAGATGGAG,no,train
385,GGCCAGGTGCAGTGGCTCATGCTT,yes,train
744,TTTTGTTTGTTTGTTTGTTTTGAG,yes,train
297,CTTTTTTTTTTTTTTTTTTTTTTT,yes,train
464,GGCTGGGCGCGATGGCTCATGTCT,yes,train
531,GTTGTTTGTCTGCTTGTTTGCGAC,yes,train
248,CTTTTTATTTTATTTTATTCTATT,no,train
838,TTTTTTTTTTTTTCTTTTTTTCTT,yes,train
153,ATTTTTTTTTTTGACAGAGTCTTG,yes,train
20,AGCCAGGTGCAGTGGCTCACGCTT,yes,train
525,GTGGCACTATCATAGTTCACTATA,yes,train
326,GCCAGGCATGGTGGCTCATGCCTA,no,train
365,GGCCAGGCACTGTGACTCATACCT,no,train
769,TTTTTGTTTGTTTGTTTGTTTGTT,no,train
503,GGGCTGGGCCCATTAGCTCACACC,no,train
16,AGCCAGGCGCAGTGGCTCACGCCT,yes,train
414,GGCCGGGCGCAGTGGCTCATGCCT,yes,train
75,AGGCTGGGCATGGTGGCTCATGCC,no,train
425,GGCCGGGCGTGGTGGCTCACACCT,yes,train
350,GGCAAGGCATGGTGGCTCATGCCT,no,train
595,TGCCGGGCGCGGTGGCTCACGTCT,no,train
243,CTTTTCTTTTCTTTTCTTTCTTTT,yes,train
99,ATTATTATTATTATTTTATTTTAT,yes,train
642,TGGCTGGGCATGGTGGGTGCCTGT,yes,train
817,TTTTTTTTTGTTTTAGAAGGAGTT,yes,train
254,CTTTTTGAGACGAGGTCTCACTGT,yes,train
847,TTTTTTTTTTTTTTGAGACACAGT,yes,train
628,TGGCCGGGCGCGCTGGCTCACGCC,no,train
792,TTTTTTGTTTTGTTTTGTTTGAGA,no,train
707,TTTGTGGGATGGAGTTTCACTTGT,no,train
789,TTTTTTGTGATTTTTTTTTTTTCG,no,train
521,GTCGGGCACGGTGGCTCACGCCTG,yes,train
763,TTTTTCTTTGAGACAGAGTCACTC,yes,train
657,TTATTTTTATTTTTATTTTTTATT,yes,train
385,GGCCAGGTGCAGTGGCTCATGCTT,yes,train
716,TTTGTTTTTTTTGTTTTTTTGACA,yes,train
326,GCCAGGCATGGTGGCTCATGCCTA,no,train
336,GCCGGGCGTGGTGGCTCACGCCTG,no,train
105,ATTCTTTTTTTTTTTTTGAGATGG,no,train
882,TTTTTTTTTTTTTTTTTTTTTTTT,no,train
601,TGGCCAGACACAGTGGCTCATGCC,no,train
132,ATTTTGTTTTGTTTTGGTTTTTTG,yes,train
297,CTTTTTTTTTTTTTTTTTTTTTTT,no,train
618,TGGCCCGATGCAGTGGCTCATGCC,no,train
326,GCCAGGCATGGTGGCTCATGCCTA,yes,train
387,GGCCAGGTGCGGTGGCTCACACCT,yes,train
347,GCTGGGCGTGGTGGCTCACGCCTA,yes,train
22,AGCCAGGTGCGGTGGCTCATGCCT,no,train
707,TTTGTGGGATGGAGTTTCACTTGT,no,train
752,TTTTGTTTTTTTTTTGTTGTTGTT,no,train
655,TGTGCAGGGACTCATGACTGTAAT,yes,train
881,TTTTTTTTTTTTTTTTTTTTTTTT,no,train
538,GTTTTCTTTTCTTTTCTTTTTTTT,no,train
760,TTTTTCTTATCTTTTTTTTTTTCC,yes,train
130,ATTTTGTATTTATTTATTTATTTA,yes,train
804,TTTTTTTGTTTGTTTTTGAGGCGG,yes,train
431,GGCCGGTCGTGGTGGCTCATGCCT,no,train
752,TTTTGTTTTTTTTTTGTTGTTGTT,no,train
331,GCCAGTCATGGTGGCTCATGCCTG,yes,train
133,ATTTTGTTTTGTTTTTGTTTTTTG,yes,train
551,GTTTTTGAGGCAGGTCGGTCACCC,no,train
161,ATTTTTTTTTTTTTTTAGATGGAG,yes,train
699,TTTCTTTTTTTTTGAGACGGAGTC,no,train
204,CGGCCGGGCGCGGTGGCTCACGCC,no,train
85,AGGCTGGGTGTGGTGGCTCACGCC,yes,train
745,TTTTGTTTTAATATTTTTTTTCTT,no,train
227,CTTTCTCACTCAGGCTGCAGTGAG,no,train
373,GGCCAGGCGCGGTGGCTCATCCCT,no,train
755,TTTTTATTTTATTTATTTATTTAT,no,train
371,GGCCAGGCGCGGTGGCTCACGCCT,no,train
148,ATTTTTTTGTTTTTTGGGATGGAG,no,train
200,CGCTGGGTACAGTTGCTTACACCT,yes,train
882,TTTTTTTTTTTTTTTTTTTTTTTT,yes,train
562,GTTTTTTTCTTTTTCTTTTTGAGA,yes,train
733,TTTTCTTTTCTTTTCTTTTTTTTT,yes,train
354,GGCCAAGCATGGTGGCTCACACCT,yes,train
406,GGCCGGGCACGGTGGCTCACGCCT,yes,train
356,GGCCAGAGACTGTGGCTCATGCCT,no,train
292,CTTTTTTTTTTTTTTTTTTTTTAC,no,train
688,TTTCCTTTTTTTTTTTTTTCTTTT,yes,train
199,CGCTGGGCGCGGTGGCTCACGCCT,yes,train
720,TTTTATTTTACTTTATTTTTTTTG,no,train
257,CTTTTTTACTTTATTTATTCTAGA,yes,train
159,ATTTTTTTTTTTTTTCTTGGAATG,no,train
286,CTTTTTTTTTTTTTTTTGAGACAA,no,train
431,GGCCGGTCGTGGTGGCTCATGCCT,no,train
616,TGGCCAGGCGTAGTGGCTCATGCC,no,train
506,GGGCTGGGTGCAGTGCCTCTCGCC,yes,train
161,ATTTTTTTTTTTTTTTAGATGGAG,yes,train
216,CTGGGCTCAGTGGCTCACACCTGT,yes,train
781,TTTTTTATTTTTTTGAGATGGAGT,yes,train
548,GTTTTGTTTTTTGGGGTTTGTTTT,no,train
16,AGCCAGGCGCAGTGGCTCACGCCT,no,train
113,ATTTATTTTATTTTTCTGAGATGG,no,train
582,TCTCTCTTTTTTTTTTTTTTGAGA,yes,train
266,CTTTTTTTGTTTTCTTTTGGTTTT,no,train
865,TTTTTTTTTTTTTTTTTGAGACAG,no,train
303,GACCAGGTGCAGTAGCTCATGCTT,no,train
438,GGCTGCGTGCAGTGGCTCACGCCT,no,train
113,ATTTATTTTATTTTTCTGAGATGG,no,train
280,CTTTTTTTTTTTTTTGAGAGGGAG,yes,train
545,GTTTTGTTTTGTTTTTTTGAGACA,yes,train
543,GTTTTGTTTTGTTTTGAAAGAACG,no,train
376,GGCCAGGCTCTGTGACTCACGCCT,no,train
620,TGGCCGGGCACAGTGGCTCACGCC,no,train
513,GGGTTGGGCACGGTGGCGCATGCC,yes,train
172,ATTTTTTTTTTTTTTTTTTTGTGA,no,train
640,TGGCTGGGCACGGTGGCTCACGCC,yes,train
231,CTTTCTTTTTTTTTTTTTTTTTTT,yes,train
357,GGCCAGGCACAATGGCTCACACCT,no,train
462,GGCTGGGCGCAGTGGCTCACTCCT,no,train
751,TTTTGTTTTTTGTTGTTGTGGTGG,no,train
418,GGCCGGGCGCGGTGGCTCACACCT,no,train
675,TTGTTTTTTGTTTTTTTGTTTTTT,yes,train
315,GAGGCTTGCTCTGTCACCCAGACT,yes,train
41,AGGCAGGGCGAGGTGGCTCAAACC,yes,train
336,GCCGGGCGTGGTGGCTCACGCCTG,no,train
83,AGGCTGGGTGCGCTGTGGCTCATG,no,train
657,TTATTTTTATTTTTATTTTTTATT,yes,train
644,TGGCTGGGCGCGGTGGCTCACGCC,yes,train
10,AGATCAGGCATGGTGGCTTACACC,no,train
322,GCCAGGCACGGTGGCTCACGCCTG,yes,train
79,AGGCTGGGCGTGGTGGCTCACATC,yes,train
696,TTTCTTTTTTCTAAGACAGAGTCT,yes,train
309,GACTGGGTGCCATGGCTCATGCCT,no,train
256,CTTTTTGATTGATTGTTTGTTATG,no,train
36,AGCTGGGTGTGGTGGCTCATACCT,no,train
500,GGGCTGGGCACGGTGGCTCATGAC,no,train
187,CCAGGTGCAGTGGCTCATGCCTGT,no,train
488,GGGCCAGGCGCTGTGGCTCACACC,yes,train
397,GGCCGGCAAGGTGGCTCACGCCTG,no,train
525,GTGGCACTATCATAGTTCACTATA,yes,train
338,GCGCAGTGGCTCACGCCTGTAATC,yes,train
186,CCAGGCGCGGTGGCTCACACCTAT,yes,train
49,AGGCCAGGTGTGGTAGCTCACGCC,no,train
83,AGGCTGGGTGCGCTGTGGCTCATG,yes,train
409,GGCCGGGCCCAGTGGCTCACACCT,no,train
760,TTTTTCTTATCTTTTTTTTTTTCC,no,train
174,ATTTTTTTTTTTTTTTTTTTTTTG,yes,train
235,CTTTGTTTTTGTTTTTGTCTTTTG,yes,train
133,ATTTTGTTTTGTTTTTGTTTTTTG,no,train
297,CTTTTTTTTTTTTTTTTTTTTTTT,yes,train
464,GGCTGGGCGCGATGGCTCATGTCT,yes,train
466,GGCTGGGCGTAGTGGCTCACACCT,yes,train
755,TTTTTATTTTATTTATTTATTTAT,yes,train
430,GGCCGGTCACGGTGGCTCACGCCT,yes,train
837,TTTTTTTTTTTTTCCGAGACAGAG,yes,train
780,TTTTTTATTTTTTGAGGTGGAGTC,no,train
395,GGCCGAGCGCAGTGGCTCACGCCT,yes,train
396,GGCCGAGCGTGATGGCTCACCCCT,yes,train
357,GGCCAGGCACAATGGCTCACACCT,no,train
79,AGGCTGGGCGTGGTGGCTCACATC,no,train
700,TTTCTTTTTTTTTTTTTTGAGATG,yes,train
304,GACCAGGTGTGGTGGCTCACACCA,no,train
219,CTTATATTTTATTTACTTACTTAA,yes,train
640,TGGCTGGGCACGGTGGCTCACGCC,no,train
515,GGTCAGGCACAGTGGCTTACACCT,no,train
250,CTTTTTATTTTTTTGAGACAGTCT,yes,train
780,TTTTTTATTTTTTGAGGTGGAGTC,no,train
312,GAGACAGGTTCTTGATCTGTCACT,no,train
346,GCTGGGCATGGTGGCTCATGCCTG,yes,train
24,AGCCGGGCATGGTGGCTCACGCCC,no,train
131,ATTTTGTTGTTGTTATTTGTTTCT,yes,train
525,GTGGCACTATCATAGTTCACTATA,yes,train
525,GTGGCACTATCATAGTTCACTATA,yes,train
543,GTTTTGTTTTGTTTTGAAAGAACG,no,train
541,GTTTTGCTTTTTTTTTTTTTTTTT,yes,train
867,TTTTTTTTTTTTTTTTTTTGAGAT,no,train
231,CTTTCTTTTTTTTTTTTTTTTTTT,no,train
697,TTTCTTTTTTCTGGAGACGGAGTT,yes,train
541,GTTTTGCTTTTTTTTTTTTTTTTT,no,train
312,GAGACAGGTTCTTGATCTGTCACT,yes,train
5,ACTCATGCCTGTAATCCCAGCACT,yes,train
86,AGGCTGGGTGTGGTGGCTCACGCC,no,train
22,AGCCAGGTGCGGTGGCTCATGCCT,no,train
799,TTTTTTTGGTTTTTGTTTTGTTTT,no,train
342,GCTGGATGCGGTGGCTCACGCCTG,yes,train
532,GTTGTTTTGTTTTGTTTTGAGACA,no,train
705,TTTGAGACGGAGTCTCGCTCTATT,yes,train
336,GCCGGGCGTGGTGGCTCACGCCTG,no,train
479,GGCTTGGTGCAGTGACGACACACC,no,train
716,TTTGTTTTTTTTGTTTTTTTGACA,yes,train
321,GCAGTGGTTCGCACCTATAAGCCC,no,train
201,CGGCCAGGCACAGTGACTTACACC,yes,train
875,TTTTTTTTTTTTTTTTTTTTTTTA,yes,train
248,CTTTTTATTTTATTTTATTCTATT,yes,train
527,GTTCTTGTTTTTGTTTTGTTTTTT,yes,train
172,ATTTTTTTTTTTTTTTTTTTGTGA,yes,train
101,ATTCTTTGTTTTTTTTTGAGATGG,no,train
755,TTTTTATTTTATTTATTTATTTAT,yes,train
389,GGCCAGGTGGCGGTGGTTCACACC,yes,train
124,ATTTTATTTTATTATTTTTTTTTA,yes,train
201,CGGCCAGGCACAGTGACTTACACC,yes,train
745,TTTTGTTTTAATATTTTTTTTCTT,yes,train
881,TTTTTTTTTTTTTTTTTTTTTTTT,no,train
12,AGCCAGATGTGGTGACATGAACCA,yes,train
716,TTTGTTTTTTTTGTTTTTTTGACA,yes,train
675,TTGTTTTTTGTTTTTTTGTTTTTT,no,train
763,TTTTTCTTTGAGACAGAGTCACTC,no,train
545,GTTTTGTTTTGTTTTTTTGAGACA,no,train
768,TTTTTGGTTTTTTTTGTTTTTTTT,no,train
315,GAGGCTTGCTCTGTCACCCAGACT,no,train
165,ATTTTTTTTTTTTTTTTGAGACAG,no,train
809,TTTTTTTTCTTTTTTTTTCTTTTT,yes,train
144,ATTTTTTTCTTCTTTTTTCCACAG,yes,train
719,TTTTATTTATTTATTTTTTGAGAG,no,train
105,ATTCTTTTTTTTTTTTTGAGATGG,yes,train
642,TGGCTGGGCATGGTGGGTGCCTGT,no,train
86,AGGCTGGGTGTGGTGGCTCACGCC,no,train
720,TTTTATTTTACTTTATTTTTTTTG,no,train
381,GGCCAGGTATGGTGGCTCATGCCT,yes,train
496,GGGCCGGGTGCAGTGACTCACGCC,yes,train
443,GGCTGGGCACAGTGGCTCACACCT,yes,train
395,GGCCGAGCGCAGTGGCTCACGCCT,yes,train
750,TTTTGTTTTTTCGTTTGTTTCTTT,no,train
670,TTGCCCAGGCTGGAGTGCAGGGCG,yes,train
733,TTTTCTTTTCTTTTCTTTTTTTTT,no,train
675,TTGTTTTTTGTTTTTTTGTTTTTT,yes,train
768,TTTTTGGTTTTTTTTGTTTTTTTT,no,train
510,GGGCTGGGTGTGGTGGCTCATGCC,yes,train
353,GGCCAAACATGGTGCCCCACGCCT,no,train
560,GTTTTTTTATTTTTATTTTTGGAG,yes,train
462,GGCTGGGCGCAGTGGCTCACTCCT,no,train
360,GGCCAGGCACAGTGGCTCACGCCT,no,train
459,GGCTGGGCCCGGTGGCTCATGCCT,no,train
530,GTTCTTTTTTTTTTTTTTTTTTTC,no,train
521,GTCGGGCACGGTGGCTCACGCCTG,no,train
18,AGCCAGGCGTGGTACGTAGCTCAC,yes,train
742,TTTTGTGAGACAGCCTTGCTCTGT,yes,train
727,TTTTCTTGTTTTGAGACGGAGTCT,yes,train
114,ATTTATTTTATTTTTTATTGTTTT,no,train
116,ATTTATTTTTATTTTTATTTTTTT,yes,train
522,GTGAGACAGAGTTTCACTCTGTCG,no,train
242,CTTTTCTTTTCTTGAGGCAGGGTC,no,train
365,GGCCAGGCACTGTGACTCATACCT,no,train
690,TTTCTGTTTTTTGTTTTTTTTTTT,yes,train
105,ATTCTTTTTTTTTTTTTGAGATGG,no,train
74,AGGCTGGGCATGGTGGCTCACGCC,no,train
171,ATTTTTTTTTTTTTTTTTTTGAGG,no,train
459,GGCTGGGCCCGGTGGCTCATGCCT,no,train
747,TTTTGTTTTGTTTTTTTTTTAAGA,yes,train
411,GGCCGGGCGCAGTGGCCCACACCT,yes,train
281,CTTTTTTTTTTTTTTGAGATGGAG,yes,train
697,TTTCTTTTTTCTGGAGACGGAGTT,no,train
216,CTGGGCTCAGTGGCTCACACCTGT,yes,train
278,CTTTTTTTTTTTTTTGAGACGGAG,no,train
395,GGCCGAGCGCAGTGGCTCACGCCT,yes,train
354,GGCCAAGCATGGTGGCTCACACCT,yes,train
305,GACCCAGTGCGGTGGCTCACGCCT,yes,train
42,AGGCAGGGTGCAGTGGCTCACGCC,yes,train
792,TTTTTTGTTTTGTTTTGTTTGAGA,no,train
791,TTTTTTGTTTGTTTTTTTGAGACA,no,train
541,GTTTTGCTTTTTTTTTTTTTTTTT,yes,train
29,AGCTGGGCACGTGGCTCACACCTG,no,train
467,GGCTGGGCGTGGTGGCCCACGCCT,yes,train
575,TAGTGCAATGGCGCAATCCTGGCT,yes,train
751,TTTTGTTTTTTGTTGTTGTGGTGG,no,train
237,CTTTTATTGTTTTTTGAGACGGAG,no,train
496,GGGCCGGGTGCAGTGACTCACGCC,no,train
877,TTTTTTTTTTTTTTTTTTTTTTTT,no,train
132,ATTTTGTTTTGTTTTGGTTTTTTG,yes,train
162,ATTTTTTTTTTTTTTTGCGATGAA,no,train
671,TTGGGAGGCCGACCTGGGTGGATC,yes,train
560,GTTTTTTTATTTTTATTTTTGGAG,no,train
283,CTTTTTTTTTTTTTTTGAGATGGA,yes,train
239,CTTTTCTCTTCTTTTTTCTTTTCT,yes,train
260,CTTTTTTCTTTCTTTTTTTGAGAT,no,train
858,TTTTTTTTTTTTTTTTGAGACAGG,no,train
303,GACCAGGTGCAGTAGCTCATGCTT,no,train
63,AGGCCGGGTGCTGTGGCTCACACC,no,train
787,TTTTTTGAGACAAGGTCTTGCTCT,yes,train
256,CTTTTTGATTGATTGTTTGTTATG,yes,train
449,GGCTGGGCACGGTGGCTCATGCCT,no,train
642,TGGCTGGGCATGGTGGGTGCCTGT,no,train
336,GCCGGGCGTGGTGGCTCACGCCTG,no,train
136,ATTTTTGTATTTTTCCTTTTTTTT,no,train
503,GGGCTGGGCCCATTAGCTCACACC,no,train
451,GGCTGGGCACGGTGGCTCATGCCT,no,train
400,GGCCGGGCACAGTGGCTCACGCCT,yes,train
165,ATTTTTTTTTTTTTTTTGAGACAG,yes,train
385,GGCCAGGTGCAGTGGCTCATGCTT,no,train
753,TTTTTATTATTTTTTTCTTTTTTA,no,train
877,TTTTTTTTTTTTTTTTTTTTTTTT,no,train
245,CTTTTCTTTTTCTTTTCTTTTTTT,no,train
718,TTTTATTCTTTTTTTTTTTTTTTT,yes,train
132,ATTTTGTTTTGTTTTGGTTTTTTG,yes,train
519,GGTTGGGCATGGTAGCTCACACCT,no,train
525,GTGGCACTATCATAGTTCACTATA,no,train
13,AGCCAGGCATGGTGGCTCATGCCT,no,train
661,TTCTTTTGTTTTTTTGAGATGGAG,yes,train
719,TTTTATTTATTTATTTTTTGAGAG,no,train
714,TTTGTTTTGTTTTTTGTTTTGAGA,yes,train
838,TTTTTTTTTTTTTCTTTTTTTCTT,yes,train
837,TTTTTTTTTTTTTCCGAGACAGAG,yes,train
496,GGGCCGGGTGCAGTGACTCACGCC,no,train
162,ATTTTTTTTTTTTTTTGCGATGAA,yes,train
8,AGACTGGGCGTGGTGGCTCACGCC,no,train
9,AGAGTCTCACTTTGTTGCCCAGGC,yes,train
338,GCGCAGTGGCTCACGCCTGTAATC,yes,train
4,ACAGTGGCTCACACCTTTGATCCC,yes,train
516,GGTCGGGCACGGTGGCTCATGCCT,no,train
9,AGAGTCTCACTTTGTTGCCCAGGC,no,train
684,TTTATTTTTAATTTTATTTTTGAG,yes,train
827,TTTTTTTTTTTGGAGACGGGCTCT,no,train
41,AGGCAGGGCGAGGTGGCTCAAACC,no,train
98,ATGATGGGCTCTCCTTACATATAT,no,train
875,TTTTTTTTTTTTTTTTTTTTTTTA,yes,train
459,GGCTGGGCCCGGTGGCTCATGCCT,yes,train
371,GGCCAGGCGCGGTGGCTCACGCCT,yes,train
645,TGGCTGGGCGCGGTGGCTCACGCC,no,train
313,GAGACAGTCTTGCTTTGTCGCCAG,no,train
79,AGGCTGGGCGTGGTGGCTCACATC,yes,train
344,GCTGGGCACAGTAGCTCATGCCTG,yes,train
674,TTGTTTGTTGTTTTTGAGACAGAG,yes,train
348,GCTGGGTGGGGTGGCTCACACCCG,yes,train
258,CTTTTTTATTTTTATTTTTTTGAG,yes,train
9,AGAGTCTCACTTTGTTGCCCAGGC,no,train
348,GCTGGGTGGGGTGGCTCACACCCG,yes,train
463,GGCTGGGCGCAGTGGCTCATGCCT,yes,train
338,GCGCAGTGGCTCACGCCTGTAATC,yes,train
435,GGCGGGGTGTGGTGGCTCATGCCT,no,train
451,GGCTGGGCACGGTGGCTCATGCCT,yes,train
200,CGCTGGGTACAGTTGCTTACACCT,yes,train
717,TTTTACTTTTTTTTTTTTTTGGGA,yes,train
10,AGATCAGGCATGGTGGCTTACACC,no,train
175,ATTTTTTTTTTTTTTTTTTTTTTG,yes,train
216,CTGGGCTCAGTGGCTCACACCTGT,yes,train
803,TTTTTTTGTTTGTTTGTTTTGAGA,no,train
54,AGGCCGGGCACTGTGGCTTACACA,no,train
527,GTTCTTGTTTTTGTTTTGTTTTTT,yes,train
290,CTTTTTTTTTTTTTTTTTTTAATT,no,train
389,GGCCAGGTGGCGGTGGTTCACACC,yes,train
307,GACCGGGTGTGGTGGCTCACACCT,yes,train
515,GGTCAGGCACAGTGGCTTACACCT,no,train
504,GGGCTGGGCGCGGTGGCTCTCGCC,no,train
364,GGCCAGGCACGGTGGGTCACGCCT,no,train
586,TGACAGGGTCTGTCTCTGTCACAC,no,train
102,ATTCTTTTTGAGACAGAGTCTCTG,no,train
443,GGCTGGGCACAGTGGCTCACACCT,no,train
846,TTTTTTTTTTTTTTCTTTTTTTTG,yes,train
277,CTTTTTTTTTTTTTTCTTTTTAAG,no,train
381,GGCCAGGTATGGTGGCTCATGCCT,no,train
823,TTTTTTTTTTTGAGACAATGTCTC,no,train
431,GGCCGGTCGTGGTGGCTCATGCCT,yes,train
260,CTTTTTTCTTTCTTTTTTTGAGAT,no,train
226,CTTTATTTTTTAATTTTTTTTTTT,no,train
871,TTTTTTTTTTTTTTTTTTTTGAGG,yes,train
372,GGCCAGGCGCGGTGGCTCACGCCT,no,train
231,CTTTCTTTTTTTTTTTTTTTTTTT,no,train
400,GGCCGGGCACAGTGGCTCACGCCT,yes,train
527,GTTCTTGTTTTTGTTTTGTTTTTT,yes,train
330,GCCAGGTGTGGTGGCTCACGCCTC,no,train
717,TTTTACTTTTTTTTTTTTTTGGGA,yes,train
330,GCCAGGTGTGGTGGCTCACGCCTC,yes,train
238,CTTTTCGTTGTTGTTGAGACAGGG,no,train
403,GGCCGGGCACGGTGACTCATGCCT,yes,train
149,ATTTTTTTTCTTTTCTTTTTTTTT,no,train
150,ATTTTTTTTTCTTTTTCAGAGTTT,no,train
812,TTTTTTTTGTTTGTTTTTTGTTTT,no,train
547,GTTTTGTTTTTCTTTCTTTTTTTT,no,train
368,GGCCAGGCATGGTGGTTCACGCCT,yes,train
585,TCTTTTTTTTTTTTTCTTTTTGAG,yes,train
280,CTTTTTTTTTTTTTTGAGAGGGAG,no,train
546,GTTTTGTTTTGTTTTTTTTTTTTT,yes,train
281,CTTTTTTTTTTTTTTGAGATGGAG,yes,train
793,TTTTTTGTTTTGTTTTTTTTGAGA,no,train
33,AGCTGGGCGCAGTGGCTCACGCCT,no,train
322,GCCAGGCACGGTGGCTCACGCCTG,yes,train
848,TTTTTTTTTTTTTTGAGACAGAGT,no,train
130,ATTTTGTATTTATTTATTTATTTA,no,train
527,GTTCTTGTTTTTGTTTTGTTTTTT,yes,train
499,GGGCTGGGCACAGTGGCTTACGCC,yes,train
457,GGCTGGGCATGGTGGTTCACACCT,yes,train
363,GGCCAGGCACGGTGGCTCACGCCT,no,train
216,CTGGGCTCAGTGGCTCACACCTGT,yes,train
250,CTTTTTATTTTTTTGAGACAGTCT,yes,train
281,CTTTTTTTTTTTTTTGAGATGGAG,yes,train
134,ATTTTTATTTATTATTATTTTTTA,no,train
592,TGCCGGACGCGTTGGCTCATGCCT,yes,train
223,CTTTATTTATTTATTTATTTATGA,yes,train
734,TTTTCTTTTCTTTTTCTTTTTCTT,no,train
585,TCTTTTTTTTTTTTTCTTTTTGAG,yes,train
767,TTTTTGAGACAGAGTCTCGCTCTT,yes,train
116,ATTTATTTTTATTTTTATTTTTTT,no,train
159,ATTTTTTTTTTTTTTCTTGGAATG,no,train
467,GGCTGGGCGTGGTGGCCCACGCCT,yes,train
134,ATTTTTATTTATTATTATTTTTTA,no,train
428,GGCCGGGTGCAGTGGCTCATGCCT,yes,train
74,AGGCTGGGCATGGTGGCTCACGCC,no,train
471,GGCTGGGTGCAATGGCTCACACCT,no,train
392,GGCCAGGTGTGGTGGCTCACACCT,no,train
36,AGCTGGGTGTGGTGGCTCATACCT,yes,train
831,TTTTTTTTTTTTCCGAGATGGAAT,no,train
288,CTTTTTTTTTTTTTTTTTTGAGAC,no,train
381,GGCCAGGTATGGTGGCTCATGCCT,no,train
604,TGGCCAGGCACAGTAACTCCTGCC,no,train
702,TTTCTTTTTTTTTTTTTTTTTTTT,no,train
314,GAGACCAGCCTGACCAATATGGAG,no,train
584,TCTTGTTTTTTGTTTTTTTTTTGA,no,train
5,ACTCATGCCTGTAATCCCAGCACT,yes,train
657,TTATTTTTATTTTTATTTTTTATT,yes,train
737,TTTTCTTTTTTTCTTTTTTGAGAT,yes,train
720,TTTTATTTTACTTTATTTTTTTTG,no,train
163,ATTTTTTTTTTTTTTTTCAAGACG,yes,train
544,GTTTTGTTTTGTTTTTTGTTTTGA,no,train
742,TTTTGTGAGACAGCCTTGCTCTGT,yes,train
695,TTTCTTTTCTTTCCTTTCTTTTTT,no,train
290,CTTTTTTTTTTTTTTTTTTTAATT,yes,train
414,GGCCGGGCGCAGTGGCTCATGCCT,yes,train
625,TGGCCGGGCATGGTGGCTCACGCC,yes,train
547,GTTTTGTTTTTCTTTCTTTTTTTT,no,train
383,GGCCAGGTGCAGTGGCTCACATCT,yes,train
640,TGGCTGGGCACGGTGGCTCACGCC,yes,train
248,CTTTTTATTTTATTTTATTCTATT,no,train
471,GGCTGGGTGCAATGGCTCACACCT,yes,train
385,GGCCAGGTGCAGTGGCTCATGCTT,yes,train
541,GTTTTGCTTTTTTTTTTTTTTTTT,yes,train
116,ATTTATTTTTATTTTTATTTTTTT,yes,train
875,TTTTTTTTTTTTTTTTTTTTTTTA,yes,train
744,TTTTGTTTGTTTGTTTGTTTTGAG,no,train
453,GGCTGGGCACGGTGGCTCTCGCCT,no,train
464,GGCTGGGCGCGATGGCTCATGTCT,no,train
303,GACCAGGTGCAGTAGCTCATGCTT,yes,train
531,GTTGTTTGTCTGCTTGTTTGCGAC,yes,train
676,TTGTTTTTTTTTAATTTTTTAATT,yes,train
164,ATTTTTTTTTTTTTTTTCTTGAGA,yes,train
537,GTTTTCTTCTGTTTTCTTATATTT,no,train
774,TTTTTTAAGATGGAATCTTGCTCT,no,train
643,TGGCTGGGCCCGGTGGCTCATGCC,yes,train
688,TTTCCTTTTTTTTTTTTTTCTTTT,yes,train
320,GCAGTGGCCCACGCCTGTAATCCC,no,train
312,GAGACAGGTTCTTGATCTGTCACT,no,train
406,GGCCGGGCACGGTGGCTCACGCCT,yes,train
547,GTTTTGTTTTTCTTTCTTTTTTTT,no,train
439,GGCTGGATGCAGTGGCTCATGCCT,no,train
751,TTTTGTTTTTTGTTGTTGTGGTGG,yes,train
527,GTTCTTGTTTTTGTTTTGTTTTTT,yes,train
586,TGACAGGGTCTGTCTCTGTCACAC,no,train
462,GGCTGGGCGCAGTGGCTCACTCCT,yes,train
176,ATTTTTTTTTTTTTTTTTTTTTTT,no,train
346,GCTGGGCATGGTGGCTCATGCCTG,yes,train
330,GCCAGGTGTGGTGGCTCACGCCTC,yes,train
173,ATTTTTTTTTTTTTTTTTTTTTGA,yes,train
707,TTTGTGGGATGGAGTTTCACTTGT,no,train
344,GCTGGGCACAGTAGCTCATGCCTG,no,train
601,TGGCCAGACACAGTGGCTCATGCC,no,train
108,ATTTATTTATTTATTTTTGAGACA,no,train
865,TTTTTTTTTTTTTTTTTGAGACAG,no,train
585,TCTTTTTTTTTTTTTCTTTTTGAG,no,train
751,TTTTGTTTTTTGTTGTTGTGGTGG,no,train
436,GGCTAGGCGCAGTGGCTCACTCCT,no,train
8,AGACTGGGCGTGGTGGCTCACGCC,no,train
561,GTTTTTTTCTTTTCTAATTGAGAC,yes,train
297,CTTTTTTTTTTTTTTTTTTTTTTT,no,train
453,GGCTGGGCACGGTGGCTCTCGCCT,yes,train
124,ATTTTATTTTATTATTTTTTTTTA,yes,train
245,CTTTTCTTTTTCTTTTCTTTTTTT,yes,train
500,GGGCTGGGCACGGTGGCTCATGAC,no,train
854,TTTTTTTTTTTTTTTGAGACGGAG,no,train
763,TTTTTCTTTGAGACAGAGTCACTC,yes,train
776,TTTTTTATTTGTGTTTTTGTTTGT,yes,train
643,TGGCTGGGCCCGGTGGCTCATGCC,yes,train
657,TTATTTTTATTTTTATTTTTTATT,yes,train
254,CTTTTTGAGACGAGGTCTCACTGT,yes,train
873,TTTTTTTTTTTTTTTTTTTTTGAG,no,train
532,GTTGTTTTGTTTTGTTTTGAGACA,no,train
580,TCCAGGCATGGTGGCTCACATCTG,yes,train
695,TTTCTTTTCTTTCCTTTCTTTTTT,no,train
306,GACCGGGCGTAGTGGCTCACGCCT,no,train
617,TGGCCAGGTGCGGTGGCTCACGCC,no,train
348,GCTGGGTGGGGTGGCTCACACCCG,no,train
645,TGGCTGGGCGCGGTGGCTCACGCC,no,train
838,TTTTTTTTTTTTTCTTTTTTTCTT,no,train
147,ATTTTTTTGTTGTTGTTGTGACTG,no,train
296,CTTTTTTTTTTTTTTTTTTTTTTT,yes,train
460,GGCTGGGCGCAGCGGCTCACGCCT,yes,train
306,GACCGGGCGTAGTGGCTCACGCCT,yes,train
439,GGCTGGATGCAGTGGCTCATGCCT,no,train
116,ATTTATTTTTATTTTTATTTTTTT,yes,train
586,TGACAGGGTCTGTCTCTGTCACAC,no,train
304,GACCAGGTGTGGTGGCTCACACCA,no,train
789,TTTTTTGTGATTTTTTTTTTTTCG,yes,train
839,TTTTTTTTTTTTTGAGACTCAGGA,yes,train
297,CTTTTTTTTTTTTTTTTTTTTTTT,yes,train
376,GGCCAGGCTCTGTGACTCACGCCT,no,train
223,CTTTATTTATTTATTTATTTATGA,no,train
322,GCCAGGCACGGTGGCTCACGCCTG,yes,train
264,CTTTTTTTCATTTTTTTTTTTTTT,no,train
307,GACCGGGTGTGGTGGCTCACACCT,yes,train
320,GCAGTGGCCCACGCCTGTAATCCC,no,train
182,CAGTGGCTCACACCTGTAATCCCA,yes,train
745,TTTTGTTTTAATATTTTTTTTCTT,yes,train
503,GGGCTGGGCCCATTAGCTCACACC,no,train
2,AAGATGGAGTCTTATTCTGTCGCC,no,train
246,CTTTTGTTGTTTTTGAGACGGGGT,no,train
729,TTTTCTTTCTTTTTTTTTTTTTTT,no,train
717,TTTTACTTTTTTTTTTTTTTGGGA,no,train
707,TTTGTGGGATGGAGTTTCACTTGT,yes,train
642,TGGCTGGGCATGGTGGGTGCCTGT,no,train
209,CGGCTGGGTGCGGTGGCTCACGCC,yes,train
479,GGCTTGGTGCAGTGACGACACACC,no,train
644,TGGCTGGGCGCGGTGGCTCACGCC,no,train
503,GGGCTGGGCCCATTAGCTCACACC,yes,train
671,TTGGGAGGCCGACCTGGGTGGATC,yes,train
515,GGTCAGGCACAGTGGCTTACACCT,yes,train
133,ATTTTGTTTTGTTTTTGTTTTTTG,yes,train
701,TTTCTTTTTTTTTTTTTTTTTTTT,yes,train
678,TTTATTATTATTTTTTGAGATGGA,yes,train
292,CTTTTTTTTTTTTTTTTTTTTTAC,yes,train
745,TTTTGTTTTAATATTTTTTTTCTT,yes,train
330,GCCAGGTGTGGTGGCTCACGCCTC,yes,train
591,TGCCGAGTGGAGTGGCTCACACCT,yes,train
287,CTTTTTTTTTTTTTTTTTTAATTG,no,train
510,GGGCTGGGTGTGGTGGCTCATGCC,yes,train
616,TGGCCAGGCGTAGTGGCTCATGCC,no,train
264,CTTTTTTTCATTTTTTTTTTTTTT,no,train
467,GGCTGGGCGTGGTGGCCCACGCCT,yes,train
24,AGCCGGGCATGGTGGCTCACGCCC,yes,train
792,TTTTTTGTTTTGTTTTGTTTGAGA,yes,train
466,GGCTGGGCGTAGTGGCTCACACCT,yes,train
26,AGCCGGGCGCGGTGGCTCACGCCT,no,train
277,CTTTTTTTTTTTTTTCTTTTTAAG,yes,train
343,GCTGGGCACAATGGTTCACACCTG,yes,train
821,TTTTTTTTTTCTTTTTTTTTTTTT,no,train
53,AGGCCGGGCACGGTGGCTCACACC,yes,train
527,GTTCTTGTTTTTGTTTTGTTTTTT,yes,train
245,CTTTTCTTTTTCTTTTCTTTTTTT,yes,train
224,CTTTATTTTAATTATTATTATTTT,yes,train
790,TTTTTTGTTTGTTTTTTGGAGACA,yes,train
406,GGCCGGGCACGGTGGCTCACGCCT,yes,train
153,ATTTTTTTTTTTGACAGAGTCTTG,yes,train
359,GGCCAGGCACAGTGGCTCACACCT,no,train
537,GTTTTCTTCTGTTTTCTTATATTT,no,train
755,TTTTTATTTTATTTATTTATTTAT,yes,train
162,ATTTTTTTTTTTTTTTGCGATGAA,no,train
163,ATTTTTTTTTTTTTTTTCAAGACG,yes,train
444,GGCTGGGCACAGTGGCTCACACCT,no,train
575,TAGTGCAATGGCGCAATCCTGGCT,yes,train
133,ATTTTGTTTTGTTTTTGTTTTTTG,no,train
105,ATTCTTTTTTTTTTTTTGAGATGG,no,train
124,ATTTTATTTTATTATTTTTTTTTA,yes,train
568,GTTTTTTTTTTTGAGACGGAGTCT,yes,train
154,ATTTTTTTTTTTGAGATGGAGTCT,no,train
310,GACTGGGTGCGGTGGCTCATGCCT,no,train
522,GTGAGACAGAGTTTCACTCTGTCG,yes,train
733,TTTTCTTTTCTTTTCTTTTTTTTT,yes,train
445,GGCTGGGCACAGTGGCTCATGCCT,no,train
29,AGCTGGGCACGTGGCTCACACCTG,no,train
831,TTTTTTTTTTTTCCGAGATGGAAT,yes,train
124,ATTTTATTTTATTATTTTTTTTTA,yes,train
262,CTTTTTTGTTTCGTTGTTTTTCTT,no,train
16,AGCCAGGCGCAGTGGCTCACGCCT,no,train
755,TTTTTATTTTATTTATTTATTTAT,no,train
56,AGGCCGGGCATGGTGGCTCACGCT,no,train
768,TTTTTGGTTTTTTTTGTTTTTTTT,no,train
862,TTTTTTTTTTTTTTTTGAGATGGA,yes,train
428,GGCCGGGTGCAGTGGCTCATGCCT,no,train
807,TTTTTTTTCTTTCTTTTTATTTCT,no,train
791,TTTTTTGTTTGTTTTTTTGAGACA,no,train
281,CTTTTTTTTTTTTTTGAGATGGAG,no,train
817,TTTTTTTTTGTTTTAGAAGGAGTT,yes,train
18,AGCCAGGCGTGGTACGTAGCTCAC,yes,train
453,GGCTGGGCACGGTGGCTCTCGCCT,no,train
262,CTTTTTTGTTTCGTTGTTTTTCTT,no,train
191,CCGGGCACGGTGGCTCACACCTGT,no,train
330,GCCAGGTGTGGTGGCTCACGCCTC,yes,train
91,AGGTTGGGCATGGTGGCTCACGCC,yes,train
363,GGCCAGGCACGGTGGCTCACGCCT,no,train
111,ATTTATTTATTTTTTTATTTAGAG,no,train
273,CTTTTTTTTTTTTTGAGACAGAAT,yes,train
760,TTTTTCTTATCTTTTTTTTTTTCC,no,train
173,ATTTTTTTTTTTTTTTTTTTTTGA,yes,train
131,ATTTTGTTGTTGTTATTTGTTTCT,yes,train
847,TTTTTTTTTTTTTTGAGACACAGT,no,train
353,GGCCAAACATGGTGCCCCACGCCT,no,train
389,GGCCAGGTGGCGGTGGTTCACACC,yes,train
625,TGGCCGGGCATGGTGGCTCACGCC,no,train
110,ATTTATTTATTTTTGAGACAGGGT,no,train
875,TTTTTTTTTTTTTTTTTTTTTTTA,yes,train
563,GTTTTTTTGTTTGTTTTGCTTTTT,yes,train
425,GGCCGGGCGTGGTGGCTCACACCT,no,train
462,GGCTGGGCGCAGTGGCTCACTCCT,no,train
751,TTTTGTTTTTTGTTGTTGTGGTGG,no,train
672,TTGTTATTTTTTATTTTTATTTTT,no,train
463,GGCTGGGCGCAGTGGCTCATGCCT,yes,train
799,TTTTTTTGGTTTTTGTTTTGTTTT,yes,train
10,AGATCAGGCATGGTGGCTTACACC,no,train
375,GGCCAGGCGTGGTGGCTCATGCCT,yes,train
791,TTTTTTGTTTGTTTTTTTGAGACA,no,train
513,GGGTTGGGCACGGTGGCGCATGCC,yes,train
290,CTTTTTTTTTTTTTTTTTTTAATT,no,train
626,TGGCCGGGCATGGTGGCTCACGCC,yes,train
790,TTTTTTGTTTGTTTTTTGGAGACA,no,train
199,CGCTGGGCGCGGTGGCTCACGCCT,yes,train
312,GAGACAGGTTCTTGATCTGTCACT,no,train
260,CTTTTTTCTTTCTTTTTTTGAGAT,no,train
321,GCAGTGGTTCGCACCTATAAGCCC,no,train
591,TGCCGAGTGGAGTGGCTCACACCT,no,train
163,ATTTTTTTTTTTTTTTTCAAGACG,yes,train
417,GGCCGGGCGCGGTGGCTCACACCT,yes,train
290,CTTTTTTTTTTTTTTTTTTTAATT,no,train
816,TTTTTTTTTGTTGTTGTTGAGACG,no,train
99,ATTATTATTATTATTTTATTTTAT,no,train
41,AGGCAGGGCGAGGTGGCTCAAACC,yes,train
321,GCAGTGGTTCGCACCTATAAGCCC,no,train
22,AGCCAGGTGCGGTGGCTCATGCCT,no,train
2,AAGATGGAGTCTTATTCTGTCGCC,no,train
700,TTTCTTTTTTTTTTTTTTGAGATG,yes,train
165,ATTTTTTTTTTTTTTTTGAGACAG,yes,train
42,AGGCAGGGTGCAGTGGCTCACGCC,yes,train
231,CTTTCTTTTTTTTTTTTTTTTTTT,yes,train
580,TCCAGGCATGGTGGCTCACATCTG,no,train
809,TTTTTTTTCTTTTTTTTTCTTTTT,yes,train
315,GAGGCTTGCTCTGTCACCCAGACT,no,train
548,GTTTTGTTTTTTGGGGTTTGTTTT,yes,train
383,GGCCAGGTGCAGTGGCTCACATCT,no,train
831,TTTTTTTTTTTTCCGAGATGGAAT,yes,train
443,GGCTGGGCACAGTGGCTCACACCT,yes,train
114,ATTTATTTTATTTTTTATTGTTTT,no,train
224,CTTTATTTTAATTATTATTATTTT,yes,train
527,GTTCTTGTTTTTGTTTTGTTTTTT,no,train
101,ATTCTTTGTTTTTTTTTGAGATGG,no,train
547,GTTTTGTTTTTCTTTCTTTTTTTT,yes,train
541,GTTTTGCTTTTTTTTTTTTTTTTT,yes,train
43,AGGCCAGACACAATGGCTCATGCT,yes,train
248,CTTTTTATTTTATTTTATTCTATT,no,train
858,TTTTTTTTTTTTTTTTGAGACAGG,yes,train
438,GGCTGCGTGCAGTGGCTCACGCCT,yes,train
231,CTTTCTTTTTTTTTTTTTTTTTTT,no,train
252,CTTTTTCTTTTTCTTTCTTTCTTT,yes,train
701,TTTCTTTTTTTTTTTTTTTTTTTT,no,train
877,TTTTTTTTTTTTTTTTTTTTTTTT,yes,train
571,GTTTTTTTTTTTTTTTTTTTAGAT,no,train
85,AGGCTGGGTGTGGTGGCTCACGCC,yes,train
403,GGCCGGGCACGGTGACTCATGCCT,no,train
41,AGGCAGGGCGAGGTGGCTCAAACC,no,train
252,CTTTTTCTTTTTCTTTCTTTCTTT,yes,train
451,GGCTGGGCACGGTGGCTCATGCCT,no,train
657,TTATTTTTATTTTTATTTTTTATT,no,train
604,TGGCCAGGCACAGTAACTCCTGCC,no,train
821,TTTTTTTTTTCTTTTTTTTTTTTT,yes,train
847,TTTTTTTTTTTTTTGAGACACAGT,no,train
96,AGTTTGTTTGTTTGTTTGTTTGTT,yes,train
452,GGCTGGGCACGGTGGCTCGTGCTT,yes,train
258,CTTTTTTATTTTTATTTTTTTGAG,yes,train
790,TTTTTTGTTTGTTTTTTGGAGACA,no,train
283,CTTTTTTTTTTTTTTTGAGATGGA,yes,train
660,TTCTTTTATTTTTTTTGAGATGGA,yes,train
742,TTTTGTGAGACAGCCTTGCTCTGT,yes,train
160,ATTTTTTTTTTTTTTGAGATGGAG,yes,train
790,TTTTTTGTTTGTTTTTTGGAGACA,no,train
684,TTTATTTTTAATTTTATTTTTGAG,yes,train
346,GCTGGGCATGGTGGCTCATGCCTG,yes,train
453,GGCTGGGCACGGTGGCTCTCGCCT,no,train
763,TTTTTCTTTGAGACAGAGTCACTC,no,train
515,GGTCAGGCACAGTGGCTTACACCT,yes,train
435,GGCGGGGTGTGGTGGCTCATGCCT,yes,train
608,TGGCCAGGCATAATGGCTTATGCC,yes,train
68,AGGCTGGCCATGTTGGCTCACGCT,yes,train
83,AGGCTGGGTGCGCTGTGGCTCATG,yes,train
431,GGCCGGTCGTGGTGGCTCATGCCT,yes,train
626,TGGCCGGGCATGGTGGCTCACGCC,yes,train
781,TTTTTTATTTTTTTGAGATGGAGT,yes,train
98,ATGATGGGCTCTCCTTACATATAT,no,train
504,GGGCTGGGCGCGGTGGCTCTCGCC,yes,train
24,AGCCGGGCATGGTGGCTCACGCCC,yes,train
509,GGGCTGGGTGCGGTGGCTCACACC,no,train
621,TGGCCGGGCACAGTGGCTCACGCC,yes,train
260,CTTTTTTCTTTCTTTTTTTGAGAT,no,train
707,TTTGTGGGATGGAGTTTCACTTGT,no,train
162,ATTTTTTTTTTTTTTTGCGATGAA,no,train
305,GACCCAGTGCGGTGGCTCACGCCT,no,train
428,GGCCGGGTGCAGTGGCTCATGCCT,no,train
240,CTTTTCTCTTTTTTTTTTTTTTTT,yes,train
803,TTTTTTTGTTTGTTTGTTTTGAGA,no,train
453,GGCTGGGCACGGTGGCTCTCGCCT,no,train
369,GGCCAGGCCCAGTGGCTCACACCT,yes,train
519,GGTTGGGCATGGTAGCTCACACCT,no,train
171,ATTTTTTTTTTTTTTTTTTTGAGG,yes,train
755,TTTTTATTTTATTTATTTATTTAT,no,train
380,GGCCAGGGGCAGTGGTTCATGCCT,no,train
56,AGGCCGGGCATGGTGGCTCACGCT,no,train
505,GGGCTGGGTGCAGTCGCTCACGCC,yes,train
373,GGCCAGGCGCGGTGGCTCATCCCT,yes,train
186,CCAGGCGCGGTGGCTCACACCTAT,no,train
560,GTTTTTTTATTTTTATTTTTGGAG,no,train
745,TTTTGTTTTAATATTTTTTTTCTT,yes,train
110,ATTTATTTATTTTTGAGACAGGGT,no,train
155,ATTTTTTTTTTTTTGAGACAGAGT,yes,train
460,GGCTGGGCGCAGCGGCTCACGCCT,no,train
875,TTTTTTTTTTTTTTTTTTTTTTTA,yes,train
444,GGCTGGGCACAGTGGCTCACACCT,yes,train
348,GCTGGGTGGGGTGGCTCACACCCG,no,train
243,CTTTTCTTTTCTTTTCTTTCTTTT,yes,train
754,TTTTTATTTAGAGACAAGATCTCA,yes,train
618,TGGCCCGATGCAGTGGCTCATGCC,yes,train
108,ATTTATTTATTTATTTTTGAGACA,no,train
757,TTTTTATTTTTATTTTATTTTTTA,no,train
10,AGATCAGGCATGGTGGCTTACACC,no,train
510,GGGCTGGGTGTGGTGGCTCATGCC,no,train
24,AGCCGGGCATGGTGGCTCACGCCC,yes,train
199,CGCTGGGCGCGGTGGCTCACGCCT,yes,train
227,CTTTCTCACTCAGGCTGCAGTGAG,yes,train
531,GTTGTTTGTCTGCTTGTTTGCGAC,yes,train
464,GGCTGGGCGCGATGGCTCATGTCT,no,train
390,GGCCAGGTGTAGCGGCCCACACCT,yes,train
449,GGCTGGGCACGGTGGCTCATGCCT,no,train
456,GGCTGGGCATGGTGGCTCACGCCT,yes,train
174,ATTTTTTTTTTTTTTTTTTTTTTG,yes,train
460,GGCTGGGCGCAGCGGCTCACGCCT,yes,train
245,CTTTTCTTTTTCTTTTCTTTTTTT,yes,train
715,TTTGTTTTTGTTTTTTTTGTTTTT,yes,train
617,TGGCCAGGTGCGGTGGCTCACGCC,yes,train
515,GGTCAGGCACAGTGGCTTACACCT,no,train
791,TTTTTTGTTTGTTTTTTTGAGACA,no,train
816,TTTTTTTTTGTTGTTGTTGAGACG,no,train
516,GGTCGGGCACGGTGGCTCATGCCT,yes,train
527,GTTCTTGTTTTTGTTTTGTTTTTT,yes,train
804,TTTTTTTGTTTGTTTTTGAGGCGG,yes,train
134,ATTTTTATTTATTATTATTTTTTA,no,train
26,AGCCGGGCGCGGTGGCTCACGCCT,yes,train
754,TTTTTATTTAGAGACAAGATCTCA,no,train
359,GGCCAGGCACAGTGGCTCACACCT,no,train
519,GGTTGGGCATGGTAGCTCACACCT,yes,train
551,GTTTTTGAGGCAGGTCGGTCACCC,no,train
568,GTTTTTTTTTTTGAGACGGAGTCT,no,train
136,ATTTTTGTATTTTTCCTTTTTTTT,yes,train
381,GGCCAGGTATGGTGGCTCATGCCT,no,train
452,GGCTGGGCACGGTGGCTCGTGCTT,no,train
848,TTTTTTTTTTTTTTGAGACAGAGT,yes,train
825,TTTTTTTTTTTGAGACGGAGTCTC,no,train
745,TTTTGTTTTAATATTTTTTTTCTT,no,train
718,TTTTATTCTTTTTTTTTTTTTTTT,no,train
496,GGGCCGGGTGCAGTGACTCACGCC,no,train
400,GGCCGGGCACAGTGGCTCACGCCT,no,train
404,GGCCGGGCACGGTGGCTCACCTGT,yes,train
306,GACCGGGCGTAGTGGCTCACGCCT,yes,train
595,TGCCGGGCGCGGTGGCTCACGTCT,no,train
865,TTTTTTTTTTTTTTTTTGAGACAG,yes,train
506,GGGCTGGGTGCAGTGCCTCTCGCC,yes,train
858,TTTTTTTTTTTTTTTTGAGACAGG,yes,train
505,GGGCTGGGTGCAGTCGCTCACGCC,no,train
410,GGCCGGGCGCAATGGCTCGCGCCT,yes,train
515,GGTCAGGCACAGTGGCTTACACCT,yes,train
359,GGCCAGGCACAGTGGCTCACACCT,no,train
272,CTTTTTTTTTTTTGAGACAAGGGT,yes,train
742,TTTTGTGAGACAGCCTTGCTCTGT,no,train
256,CTTTTTGATTGATTGTTTGTTATG,yes,train
640,TGGCTGGGCACGGTGGCTCACGCC,yes,train
245,CTTTTCTTTTTCTTTTCTTTTTTT,yes,train
79,AGGCTGGGCGTGGTGGCTCACATC,no,train
848,TTTTTTTTTTTTTTGAGACAGAGT,no,train
418,GGCCGGGCGCGGTGGCTCACACCT,no,train
823,TTTTTTTTTTTGAGACAATGTCTC,no,train
690,TTTCTGTTTTTTGTTTTTTTTTTT,yes,train
582,TCTCTCTTTTTTTTTTTTTTGAGA,no,train
815,TTTTTTTTTCTTTTTTCTTTTTTC,yes,train
239,CTTTTCTCTTCTTTTTTCTTTTCT,yes,train
674,TTGTTTGTTGTTTTTGAGACAGAG,no,train
131,ATTTTGTTGTTGTTATTTGTTTCT,yes,train
116,ATTTATTTTTATTTTTATTTTTTT,no,train
676,TTGTTTTTTTTTAATTTTTTAATT,yes,train
264,CTTTTTTTCATTTTTTTTTTTTTT,yes,train
601,TGGCCAGACACAGTGGCTCATGCC,yes,train
660,TTCTTTTATTTTTTTTGAGATGGA,yes,train
684,TTTATTTTTAATTTTATTTTTGAG,yes,train
352,GGCAGGGTGCGGTGGCTCATGCCT,yes,train
58,AGGCCGGGCGCGGTGGCTCACGCC,yes,train
505,GGGCTGGGTGCAGTCGCTCACGCC,yes,train
468,GGCTGGGCGTGGTGGCTCACGCCT,no,train
365,GGCCAGGCACTGTGACTCATACCT,yes,train
763,TTTTTCTTTGAGACAGAGTCACTC,yes,train
670,TTGCCCAGGCTGGAGTGCAGGGCG,no,train
672,TTGTTATTTTTTATTTTTATTTTT,no,train
424,GGCCGGGCGTGGTGGCTCACACCT,no,train
49,AGGCCAGGTGTGGTAGCTCACGCC,no,train
665,TTCTTTTTTTTTCTTTTGAGACGG,yes,train
439,GGCTGGATGCAGTGGCTCATGCCT,yes,train
854,TTTTTTTTTTTTTTTGAGACGGAG,yes,train
456,GGCTGGGCATGGTGGCTCACGCCT,yes,train
380,GGCCAGGGGCAGTGGTTCATGCCT,no,train
397,GGCCGGCAAGGTGGCTCACGCCTG,yes,train
404,GGCCGGGCACGGTGGCTCACCTGT,yes,train
621,TGGCCGGGCACAGTGGCTCACGCC,yes,train
717,TTTTACTTTTTTTTTTTTTTGGGA,yes,train
823,TTTTTTTTTTTGAGACAATGTCTC,yes,train
451,GGCTGGGCACGGTGGCTCATGCCT,no,train
879,TTTTTTTTTTTTTTTTTTTTTTTT,no,train
420,GGCCGGGCGCGGTGGCTCACGCCT,no,train
155,ATTTTTTTTTTTTTGAGACAGAGT,no,train
207,CGGCTGGGCACGGTGGCTCACGCC,no,train
104,ATTCTTTTTTTTTTTCTTCTTTGA,yes,train
240,CTTTTCTCTTTTTTTTTTTTTTTT,no,train
359,GGCCAGGCACAGTGGCTCACACCT,no,train
417,GGCCGGGCGCGGTGGCTCACACCT,no,train
617,TGGCCAGGTGCGGTGGCTCACGCC,yes,train
33,AGCTGGGCGCAGTGGCTCACGCCT,yes,train
381,GGCCAGGTATGGTGGCTCATGCCT,no,train
42,AGGCAGGGTGCAGTGGCTCACGCC,yes,train
847,TTTTTTTTTTTTTTGAGACACAGT,yes,train
513,GGGTTGGGCACGGTGGCGCATGCC,no,train
256,CTTTTTGATTGATTGTTTGTTATG,yes,train
256,CTTTTTGATTGATTGTTTGTTATG,yes,train
544,GTTTTGTTTTGTTTTTTGTTTTGA,yes,train
562,GTTTTTTTCTTTTTCTTTTTGAGA,no,train
105,ATTCTTTTTTTTTTTTTGAGATGG,yes,train
676,TTGTTTTTTTTTAATTTTTTAATT,no,train
186,CCAGGCGCGGTGGCTCACACCTAT,yes,train
701,TTTCTTTTTTTTTTTTTTTTTTTT,no,train
303,GACCAGGTGCAGTAGCTCATGCTT,yes,train
164,ATTTTTTTTTTTTTTTTCTTGAGA,no,train
56,AGGCCGGGCATGGTGGCTCACGCT,no,train
336,GCCGGGCGTGGTGGCTCACGCCTG,yes,train
225,CTTTATTTTATTTTCATTTTTTGG,no,train
825,TTTTTTTTTTTGAGACGGAGTCTC,yes,train
53,AGGCCGGGCACGGTGGCTCACACC,yes,train
16,AGCCAGGCGCAGTGGCTCACGCCT,yes,train
406,GGCCGGGCACGGTGGCTCACGCCT,no,train
575,TAGTGCAATGGCGCAATCCTGGCT,no,train
572,GTTTTTTTTTTTTTTTTTTTTGAG,yes,train
130,ATTTTGTATTTATTTATTTATTTA,yes,train
246,CTTTTGTTGTTTTTGAGACGGGGT,yes,train
304,GACCAGGTGTGGTGGCTCACACCA,no,train
344,GCTGGGCACAGTAGCTCATGCCTG,no,train
529,GTTCTTTTTTTTTTAGACAGCGTT,yes,train
706,TTTGAGATGGAGTCTTGCTTCATT,no,train
175,ATTTTTTTTTTTTTTTTTTTTTTG,yes,train
532,GTTGTTTTGTTTTGTTTTGAGACA,no,train
254,CTTTTTGAGACGAGGTCTCACTGT,no,train
873,TTTTTTTTTTTTTTTTTTTTTGAG,no,train
674,TTGTTTGTTGTTTTTGAGACAGAG,no,train
620,TGGCCGGGCACAGTGGCTCACGCC,yes,train
53,AGGCCGGGCACGGTGGCTCACACC,no,train
146,ATTTTTTTGGACATGGCCTTGCTC,no,train
176,ATTTTTTTTTTTTTTTTTTTTTTT,no,train
303,GACCAGGTGCAGTAGCTCATGCTT,no,train
623,TGGCCGGGCACGGTGGCTCACACC,yes,train
231,CTTTCTTTTTTTTTTTTTTTTTTT,no,train
558,GTTTTTTGTTTGTTTGTTTTTTGA,no,train
492,GGGCCAGGTGTGGTGGCTCACGCC,no,train
558,GTTTTTTGTTTGTTTGTTTTTTGA,yes,train
674,TTGTTTGTTGTTTTTGAGACAGAG,no,train
780,TTTTTTATTTTTTGAGGTGGAGTC,no,train
465,GGCTGGGCGCGGTGGCTCTTGCCT,yes,train
695,TTTCTTTTCTTTCCTTTCTTTTTT,no,train
608,TGGCCAGGCATAATGGCTTATGCC,yes,train
34,AGCTGGGCGCGGTGGCTCACACCT,no,train
808,TTTTTTTTCTTTTTCTTTTTCTTT,no,train
642,TGGCTGGGCATGGTGGGTGCCTGT,no,train
809,TTTTTTTTCTTTTTTTTTCTTTTT,yes,train
854,TTTTTTTTTTTTTTTGAGACGGAG,no,train
164,ATTTTTTTTTTTTTTTTCTTGAGA,yes,train
571,GTTTTTTTTTTTTTTTTTTTAGAT,no,train
804,TTTTTTTGTTTGTTTTTGAGGCGG,yes,train
344,GCTGGGCACAGTAGCTCATGCCTG,yes,train
144,ATTTTTTTCTTCTTTTTTCCACAG,yes,train
237,CTTTTATTGTTTTTTGAGACGGAG,yes,train
753,TTTTTATTATTTTTTTCTTTTTTA,no,train
509,GGGCTGGGTGCGGTGGCTCACACC,no,train
278,CTTTTTTTTTTTTTTGAGACGGAG,no,train
260,CTTTTTTCTTTCTTTTTTTGAGAT,no,train
525,GTGGCACTATCATAGTTCACTATA,yes,train
132,ATTTTGTTTTGTTTTGGTTTTTTG,no,train
467,GGCTGGGCGTGGTGGCCCACGCCT,no,train
715,TTTGTTTTTGTTTTTTTTGTTTTT,no,train
851,TTTTTTTTTTTTTTGAGATGGAGT,no,train
61,AGGCCGGGTGCAGTGGATCCCAGC,no,train
351,GGCACGGTGGCTCACGCCTGTAAT,no,train
463,GGCTGGGCGCAGTGGCTCATGCCT,yes,train
231,CTTTCTTTTTTTTTTTTTTTTTTT,no,train
651,TGGGAGGCCGAGGCGGGCGGATCA,yes,train
134,ATTTTTATTTATTATTATTTTTTA,no,train
601,TGGCCAGACACAGTGGCTCATGCC,yes,train
823,TTTTTTTTTTTGAGACAATGTCTC,no,train
792,TTTTTTGTTTTGTTTTGTTTGAGA,yes,train
105,ATTCTTTTTTTTTTTTTGAGATGG,no,train
113,ATTTATTTTATTTTTCTGAGATGG,no,train
752,TTTTGTTTTTTTTTTGTTGTTGTT,no,train
173,ATTTTTTTTTTTTTTTTTTTTTGA,yes,train
321,GCAGTGGTTCGCACCTATAAGCCC,no,train
235,CTTTGTTTTTGTTTTTGTCTTTTG,yes,train
601,TGGCCAGACACAGTGGCTCATGCC,no,train
387,GGCCAGGTGCGGTGGCTCACACCT,yes,train
541,GTTTTGCTTTTTTTTTTTTTTTTT,yes,train
336,GCCGGGCGTGGTGGCTCACGCCTG,yes,train
771,TTTTTGTTTTTGTTGGAGAAGGAG,no,train
286,CTTTTTTTTTTTTTTTTGAGACAA,no,train
545,GTTTTGTTTTGTTTTTTTGAGACA,yes,train
423,GGCCGGGCGCGGTGGCTCATGCCT,yes,train
336,GCCGGGCGTGGTGGCTCACGCCTG,no,train
303,GACCAGGTGCAGTAGCTCATGCTT,no,train
176,ATTTTTTTTTTTTTTTTTTTTTTT,yes,train
291,CTTTTTTTTTTTTTTTTTTTGAGA,no,train
101,ATTCTTTGTTTTTTTTTGAGATGG,no,train
373,GGCCAGGCGCGGTGGCTCATCCCT,yes,train
381,GGCCAGGTATGGTGGCTCATGCCT,yes,train
512,GGGGGCAGAGGTGGGCGGATCACC,yes,train
503,GGGCTGGGCCCATTAGCTCACACC,no,train
287,CTTTTTTTTTTTTTTTTTTAATTG,no,train
720,TTTTATTTTACTTTATTTTTTTTG,no,train
467,GGCTGGGCGTGGTGGCCCACGCCT,yes,train
671,TTGGGAGGCCGACCTGGGTGGATC,yes,train
783,TTTTTTCTTGTTTTTCTTTTTTCT,yes,train
513,GGGTTGGGCACGGTGGCGCATGCC,no,train
847,TTTTTTTTTTTTTTGAGACACAGT,yes,train
385,GGCCAGGTGCAGTGGCTCATGCTT,yes,train
537,GTTTTCTTCTGTTTTCTTATATTT,no,train
163,ATTTTTTTTTTTTTTTTCAAGACG,no,train
460,GGCTGGGCGCAGCGGCTCACGCCT,no,train
449,GGCTGGGCACGGTGGCTCATGCCT,no,train
881,TTTTTTTTTTTTTTTTTTTTTTTT,no,train
729,TTTTCTTTCTTTTTTTTTTTTTTT,no,train
235,CTTTGTTTTTGTTTTTGTCTTTTG,yes,train
287,CTTTTTTTTTTTTTTTTTTAATTG,yes,train
601,TGGCCAGACACAGTGGCTCATGCC,no,train
594,TGCCGGGCATGGTGGCTTGCACCT,yes,train
809,TTTTTTTTCTTTTTTTTTCTTTTT,no,train
353,GGCCAAACATGGTGCCCCACGCCT,yes,train
49,AGGCCAGGTGTGGTAGCTCACGCC,no,train
801,TTTTTTTGTTTATGTGTTTGTTTT,no,train
320,GCAGTGGCCCACGCCTGTAATCCC,no,train
365,GGCCAGGCACTGTGACTCATACCT,no,train
425,GGCCGGGCGTGGTGGCTCACACCT,no,train
787,TTTTTTGAGACAAGGTCTTGCTCT,no,train
626,TGGCCGGGCATGGTGGCTCACGCC,no,train
837,TTTTTTTTTTTTTCCGAGACAGAG,yes,train
365,GGCCAGGCACTGTGACTCATACCT,yes,train
369,GGCCAGGCCCAGTGGCTCACACCT,no,train
674,TTGTTTGTTGTTTTTGAGACAGAG,no,train
543,GTTTTGTTTTGTTTTGAAAGAACG,yes,train
24,AGCCGGGCATGGTGGCTCACGCCC,yes,train
260,CTTTTTTCTTTCTTTTTTTGAGAT,no,train
118,ATTTCCTTCTTTTTTTTTTTGAGA,no,train
271,CTTTTTTTTTTTTCGAGACACGGT,no,train
510,GGGCTGGGTGTGGTGGCTCATGCC,no,train
546,GTTTTGTTTTGTTTTTTTTTTTTT,yes,train
744,TTTTGTTTGTTTGTTTGTTTTGAG,yes,train
124,ATTTTATTTTATTATTTTTTTTTA,yes,train
91,AGGTTGGGCATGGTGGCTCACGCC,yes,train
239,CTTTTCTCTTCTTTTTTCTTTTCT,no,train
701,TTTCTTTTTTTTTTTTTTTTTTTT,yes,train
620,TGGCCGGGCACAGTGGCTCACGCC,no,train
105,ATTCTTTTTTTTTTTTTGAGATGG,yes,train
835,TTTTTTTTTTTTGAGAGAGTTTTG,no,train
595,TGCCGGGCGCGGTGGCTCACGTCT,no,train
386,GGCCAGGTGCAGTGGCTCATTCCT,yes,train
783,TTTTTTCTTGTTTTTCTTTTTTCT,yes,train
661,TTCTTTTGTTTTTTTGAGATGGAG,yes,train
442,GGCTGGGCACAGTGGCTCACACCT,no,train
657,TTATTTTTATTTTTATTTTTTATT,yes,train
548,GTTTTGTTTTTTGGGGTTTGTTTT,yes,train
359,GGCCAGGCACAGTGGCTCACACCT,no,train
509,GGGCTGGGTGCGGTGGCTCACACC,no,train
431,GGCCGGTCGTGGTGGCTCATGCCT,yes,train
114,ATTTATTTTATTTTTTATTGTTTT,no,train
189,CCCAGCCTGGGCAACATAGGGAGA,yes,train
846,TTTTTTTTTTTTTTCTTTTTTTTG,no,train
8,AGACTGGGCGTGGTGGCTCACGCC,no,train
297,CTTTTTTTTTTTTTTTTTTTTTTT,yes,train
757,TTTTTATTTTTATTTTATTTTTTA,yes,train
420,GGCCGGGCGCGGTGGCTCACGCCT,yes,train
111,ATTTATTTATTTTTTTATTTAGAG,yes,train
220,CTTCTTTTTTTTTTTTCTTTTGAG,yes,train
751,TTTTGTTTTTTGTTGTTGTGGTGG,yes,train
745,TTTTGTTTTAATATTTTTTTTCTT,no,train
801,TTTTTTTGTTTATGTGTTTGTTTT,no,train
76,AGGCTGGGCGCGGTGGCTCACACC,no,train
790,TTTTTTGTTTGTTTTTTGGAGACA,no,train
172,ATTTTTTTTTTTTTTTTTTTGTGA,yes,train
74,AGGCTGGGCATGGTGGCTCACGCC,no,train
16,AGCCAGGCGCAGTGGCTCACGCCT,yes,train
451,GGCTGGGCACGGTGGCTCATGCCT,yes,train
134,ATTTTTATTTATTATTATTTTTTA,yes,train
807,TTTTTTTTCTTTCTTTTTATTTCT,no,train
108,ATTTATTTATTTATTTTTGAGACA,no,train
783,TTTTTTCTTGTTTTTCTTTTTTCT,yes,train
807,TTTTTTTTCTTTCTTTTTATTTCT,no,train
839,TTTTTTTTTTTTTGAGACTCAGGA,yes,train
558,GTTTTTTGTTTGTTTGTTTTTTGA,no,train
529,GTTCTTTTTTTTTTAGACAGCGTT,yes,train
286,CTTTTTTTTTTTTTTTTGAGACAA,yes,train
661,TTCTTTTGTTTTTTTGAGATGGAG,yes,train
354,GGCCAAGCATGGTGGCTCACACCT,yes,train
655,TGTGCAGGGACTCATGACTGTAAT,yes,train
83,AGGCTGGGTGCGCTGTGGCTCATG,yes,train
124,ATTTTATTTTATTATTTTTTTTTA,yes,train
745,TTTTGTTTTAATATTTTTTTTCTT,no,train
124,ATTTTATTTTATTATTTTTTTTTA,yes,train
237,CTTTTATTGTTTTTTGAGACGGAG,no,train
108,ATTTATTTATTTATTTTTGAGACA,yes,train
134,ATTTTTATTTATTATTATTTTTTA,yes,train
83,AGGCTGGGTGCGCTGTGGCTCATG,no,train
454,GGCTGGGCAGGGTGGCTCACCCCT,yes,train
825,TTTTTTTTTTTGAGACGGAGTCTC,yes,train
42,AGGCAGGGTGCAGTGGCTCACGCC,yes,train
296,CTTTTTTTTTTTTTTTTTTTTTTT,no,train
172,ATTTTTTTTTTTTTTTTTTTGTGA,yes,train
548,GTTTTGTTTTTTGGGGTTTGTTTT,yes,train
383,GGCCAGGTGCAGTGGCTCACATCT,yes,train
676,TTGTTTTTTTTTAATTTTTTAATT,yes,train
626,TGGCCGGGCATGGTGGCTCACGCC,no,train
452,GGCTGGGCACGGTGGCTCGTGCTT,no,train
553,GTTTTTGTTTTGTTGTTTTTTTGA,no,train
660,TTCTTTTATTTTTTTTGAGATGGA,no,train
151,ATTTTTTTTTCTTTTTCTTGTTTT,no,train
444,GGCTGGGCACAGTGGCTCACACCT,no,train
305,GACCCAGTGCGGTGGCTCACGCCT,no,train
176,ATTTTTTTTTTTTTTTTTTTTTTT,yes,train
291,CTTTTTTTTTTTTTTTTTTTGAGA,no,train
512,GGGGGCAGAGGTGGGCGGATCACC,yes,train
176,ATTTTTTTTTTTTTTTTTTTTTTT,no,train
201,CGGCCAGGCACAGTGACTTACACC,no,train
196,CGCAGAGGCAGGCGGATCACTTGA,no,train
303,GACCAGGTGCAGTAGCTCATGCTT,yes,train
153,ATTTTTTTTTTTGACAGAGTCTTG,yes,train
357,GGCCAGGCACAATGGCTCACACCT,no,train
357,GGCCAGGCACAATGGCTCACACCT,no,train
390,GGCCAGGTGTAGCGGCCCACACCT,no,train
216,CTGGGCTCAGTGGCTCACACCTGT,yes,train
410,GGCCGGGCGCAATGGCTCGCGCCT,yes,train
286,CTTTTTTTTTTTTTTTTGAGACAA,no,train
290,CTTTTTTTTTTTTTTTTTTTAATT,yes,train
86,AGGCTGGGTGTGGTGGCTCACGCC,no,train
150,ATTTTTTTTTCTTTTTCAGAGTTT,no,train
676,TTGTTTTTTTTTAATTTTTTAATT,yes,train
575,TAGTGCAATGGCGCAATCCTGGCT,yes,train
2,AAGATGGAGTCTTATTCTGTCGCC,yes,train
558,GTTTTTTGTTTGTTTGTTTTTTGA,no,train
541,GTTTTGCTTTTTTTTTTTTTTTTT,yes,train
846,TTTTTTTTTTTTTTCTTTTTTTTG,yes,train
116,ATTTATTTTTATTTTTATTTTTTT,no,train
739,TTTTGAAATGGAGTTTTGCTCAGT,no,train
13,AGCCAGGCATGGTGGCTCATGCCT,no,train
739,TTTTGAAATGGAGTTTTGCTCAGT,no,train
674,TTGTTTGTTGTTTTTGAGACAGAG,no,train
774,TTTTTTAAGATGGAATCTTGCTCT,yes,train
258,CTTTTTTATTTTTATTTTTTTGAG,no,train
397,GGCCGGCAAGGTGGCTCACGCCTG,yes,train
618,TGGCCCGATGCAGTGGCTCATGCC,yes,train
297,CTTTTTTTTTTTTTTTTTTTTTTT,yes,train
79,AGGCTGGGCGTGGTGGCTCACATC,no,train
35,AGCTGGGTGCGGTGGCTCACACCT,no,train
776,TTTTTTATTTGTGTTTTTGTTTGT,no,train
266,CTTTTTTTGTTTTCTTTTGGTTTT,yes,train
452,GGCTGGGCACGGTGGCTCGTGCTT,no,train
571,GTTTTTTTTTTTTTTTTTTTAGAT,no,train
808,TTTTTTTTCTTTTTCTTTTTCTTT,no,train
846,TTTTTTTTTTTTTTCTTTTTTTTG,yes,train
276,CTTTTTTTTTTTTTTCGGACAGAG,yes,train
105,ATTCTTTTTTTTTTTTTGAGATGG,yes,train
207,CGGCTGGGCACGGTGGCTCACGCC,no,train
675,TTGTTTTTTGTTTTTTTGTTTTTT,yes,train
672,TTGTTATTTTTTATTTTTATTTTT,no,train
591,TGCCGAGTGGAGTGGCTCACACCT,no,train
512,GGGGGCAGAGGTGGGCGGATCACC,no,train
101,ATTCTTTGTTTTTTTTTGAGATGG,yes,train
529,GTTCTTTTTTTTTTAGACAGCGTT,yes,train
616,TGGCCAGGCGTAGTGGCTCATGCC,yes,train
344,GCTGGGCACAGTAGCTCATGCCTG,no,train
146,ATTTTTTTGGACATGGCCTTGCTC,no,train
396,GGCCGAGCGTGATGGCTCACCCCT,no,train
199,CGCTGGGCGCGGTGGCTCACGCCT,no,train
601,TGGCCAGACACAGTGGCTCATGCC,no,train
176,ATTTTTTTTTTTTTTTTTTTTTTT,no,train
745,TTTTGTTTTAATATTTTTTTTCTT,yes,train
699,TTTCTTTTTTTTTGAGACGGAGTC,no,train
837,TTTTTTTTTTTTTCCGAGACAGAG,no,train
838,TTTTTTTTTTTTTCTTTTTTTCTT,no,train
381,GGCCAGGTATGGTGGCTCATGCCT,no,train
468,GGCTGGGCGTGGTGGCTCACGCCT,no,train
163,ATTTTTTTTTTTTTTTTCAAGACG,yes,train
79,AGGCTGGGCGTGGTGGCTCACATC,no,train
707,TTTGTGGGATGGAGTTTCACTTGT,no,train
423,GGCCGGGCGCGGTGGCTCATGCCT,yes,train
462,GGCTGGGCGCAGTGGCTCACTCCT,yes,train
196,CGCAGAGGCAGGCGGATCACTTGA,no,train
22,AGCCAGGTGCGGTGGCTCATGCCT,no,train
385,GGCCAGGTGCAGTGGCTCATGCTT,yes,train
562,GTTTTTTTCTTTTTCTTTTTGAGA,no,train
660,TTCTTTTATTTTTTTTGAGATGGA,yes,train
423,GGCCGGGCGCGGTGGCTCATGCCT,yes,train
453,GGCTGGGCACGGTGGCTCTCGCCT,yes,train
529,GTTCTTTTTTTTTTAGACAGCGTT,no,train
392,GGCCAGGTGTGGTGGCTCACACCT,no,train
558,GTTTTTTGTTTGTTTGTTTTTTGA,no,train
707,TTTGTGGGATGGAGTTTCACTTGT,no,train
428,GGCCGGGTGCAGTGGCTCATGCCT,no,train
336,GCCGGGCGTGGTGGCTCACGCCTG,yes,train
272,CTTTTTTTTTTTTGAGACAAGGGT,no,train
563,GTTTTTTTGTTTGTTTTGCTTTTT,yes,train
105,ATTCTTTTTTTTTTTTTGAGATGG,yes,train
243,CTTTTCTTTTCTTTTCTTTCTTTT,yes,train
791,TTTTTTGTTTGTTTTTTTGAGACA,no,train
56,AGGCCGGGCATGGTGGCTCACGCT,yes,train
87,AGGCTGTTGCTCTGTCACCCAGGA,yes,train
12,AGCCAGATGTGGTGACATGAACCA,no,train
23,AGCCGGGCACGGTGGCTCACACCT,no,train
839,TTTTTTTTTTTTTGAGACTCAGGA,yes,train
105,ATTCTTTTTTTTTTTTTGAGATGG,yes,train
5,ACTCATGCCTGTAATCCCAGCACT,no,train
35,AGCTGGGTGCGGTGGCTCACACCT,no,train
704,TTTGAGACAGAGTTTTGCTCTTAT,no,train
444,GGCTGGGCACAGTGGCTCACACCT,no,train
312,GAGACAGGTTCTTGATCTGTCACT,no,train
296,CTTTTTTTTTTTTTTTTTTTTTTT,yes,train
404,GGCCGGGCACGGTGGCTCACCTGT,yes,train
848,TTTTTTTTTTTTTTGAGACAGAGT,no,train
131,ATTTTGTTGTTGTTATTTGTTTCT,yes,train
42,AGGCAGGGTGCAGTGGCTCACGCC,yes,train
42,AGGCAGGGTGCAGTGGCTCACGCC,yes,train
165,ATTTTTTTTTTTTTTTTGAGACAG,yes,train
760,TTTTTCTTATCTTTTTTTTTTTCC,yes,train
755,TTTTTATTTTATTTATTTATTTAT,no,train
570,GTTTTTTTTTTTTTTCTTTAGAGA,no,train
747,TTTTGTTTTGTTTTTTTTTTAAGA,yes,train
355,GGCCAGACGTGGTGGCTCACGCCT,no,train
315,GAGGCTTGCTCTGTCACCCAGACT,yes,train
675,TTGTTTTTTGTTTTTTTGTTTTTT,no,train
695,TTTCTTTTCTTTCCTTTCTTTTTT,no,train
365,GGCCAGGCACTGTGACTCATACCT,no,train
145,ATTTTTTTGAGACAGGGTGTCACT,no,train
56,AGGCCGGGCATGGTGGCTCACGCT,yes,train
809,TTTTTTTTCTTTTTTTTTCTTTTT,no,train
237,CTTTTATTGTTTTTTGAGACGGAG,yes,train
24,AGCCGGGCATGGTGGCTCACGCCC,yes,train
744,TTTTGTTTGTTTGTTTGTTTTGAG,no,train
476,GGCTGGGTGCGGTGGCTCACGCCT,no,train
28,AGCTGGACGCAGTAGCTAATGCCT,yes,train
216,CTGGGCTCAGTGGCTCACACCTGT,yes,train
76,AGGCTGGGCGCGGTGGCTCACACC,no,train
8,AGACTGGGCGTGGTGGCTCACGCC,no,train
186,CCAGGCGCGGTGGCTCACACCTAT,no,train
716,TTTGTTTTTTTTGTTTTTTTGACA,yes,train
584,TCTTGTTTTTTGTTTTTTTTTTGA,no,train
575,TAGTGCAATGGCGCAATCCTGGCT,yes,train
162,ATTTTTTTTTTTTTTTGCGATGAA,yes,train
592,TGCCGGACGCGTTGGCTCATGCCT,yes,train
350,GGCAAGGCATGGTGGCTCATGCCT,yes,train
163,ATTTTTTTTTTTTTTTTCAAGACG,yes,train
411,GGCCGGGCGCAGTGGCCCACACCT,yes,train
114,ATTTATTTTATTTTTTATTGTTTT,no,train
488,GGGCCAGGCGCTGTGGCTCACACC,no,train
500,GGGCTGGGCACGGTGGCTCATGAC,no,train
608,TGGCCAGGCATAATGGCTTATGCC,no,train
774,TTTTTTAAGATGGAATCTTGCTCT,no,train
432,GGCCTGGCACAGTGGCTCATGCCT,yes,train
825,TTTTTTTTTTTGAGACGGAGTCTC,no,train
147,ATTTTTTTGTTGTTGTTGTGACTG,yes,train
501,GGGCTGGGCATGGTGGCTCACACC,no,train
5,ACTCATGCCTGTAATCCCAGCACT,yes,train
558,GTTTTTTGTTTGTTTGTTTTTTGA,yes,train
628,TGGCCGGGCGCGCTGGCTCACGCC,yes,train
192,CCGGGCGCAGTGGCTCATGCCTGT,no,train
273,CTTTTTTTTTTTTTGAGACAGAAT,yes,train
809,TTTTTTTTCTTTTTTTTTCTTTTT,yes,train
176,ATTTTTTTTTTTTTTTTTTTTTTT,no,train
223,CTTTATTTATTTATTTATTTATGA,yes,train
332,GCCCAGGTTGGAGTGTACTGCTGC,no,train
560,GTTTTTTTATTTTTATTTTTGGAG,yes,train
403,GGCCGGGCACGGTGACTCATGCCT,yes,train
49,AGGCCAGGTGTGGTAGCTCACGCC,no,train
131,ATTTTGTTGTTGTTATTTGTTTCT,yes,train
690,TTTCTGTTTTTTGTTTTTTTTTTT,yes,train
430,GGCCGGTCACGGTGGCTCACGCCT,yes,train
340,GCTAGACACAGTGGCTCATGCCTG,yes,train
363,GGCCAGGCACGGTGGCTCACGCCT,no,train
435,GGCGGGGTGTGGTGGCTCATGCCT,no,train
465,GGCTGGGCGCGGTGGCTCTTGCCT,no,train
591,TGCCGAGTGGAGTGGCTCACACCT,no,train
580,TCCAGGCATGGTGGCTCACATCTG,no,train
661,TTCTTTTGTTTTTTTGAGATGGAG,yes,train
207,CGGCTGGGCACGGTGGCTCACGCC,no,train
242,CTTTTCTTTTCTTGAGGCAGGGTC,yes,train
264,CTTTTTTTCATTTTTTTTTTTTTT,yes,train
283,CTTTTTTTTTTTTTTTGAGATGGA,no,train
571,GTTTTTTTTTTTTTTTTTTTAGAT,no,train
43,AGGCCAGACACAATGGCTCATGCT,no,train
174,ATTTTTTTTTTTTTTTTTTTTTTG,yes,train
779,TTTTTTATTTTTTATTTTATTTTA,yes,train
430,GGCCGGTCACGGTGGCTCACGCCT,yes,train
512,GGGGGCAGAGGTGGGCGGATCACC,no,train
431,GGCCGGTCGTGGTGGCTCATGCCT,no,train
9,AGAGTCTCACTTTGTTGCCCAGGC,yes,train
747,TTTTGTTTTGTTTTTTTTTTAAGA,yes,train
431,GGCCGGTCGTGGTGGCTCATGCCT,no,train
739,TTTTGAAATGGAGTTTTGCTCAGT,no,train
238,CTTTTCGTTGTTGTTGAGACAGGG,no,train
500,GGGCTGGGCACGGTGGCTCATGAC,yes,train
192,CCGGGCGCAGTGGCTCATGCCTGT,no,train
747,TTTTGTTTTGTTTTTTTTTTAAGA,yes,train
655,TGTGCAGGGACTCATGACTGTAAT,yes,train
41,AGGCAGGGCGAGGTGGCTCAAACC,yes,train
333,GCCGGGCATGGTGGCTCACGCCTG,no,train
310,GACTGGGTGCGGTGGCTCATGCCT,no,train
243,CTTTTCTTTTCTTTTCTTTCTTTT,no,train
706,TTTGAGATGGAGTCTTGCTTCATT,yes,train
705,TTTGAGACGGAGTCTCGCTCTATT,yes,train
146,ATTTTTTTGGACATGGCCTTGCTC,yes,train
383,GGCCAGGTGCAGTGGCTCACATCT,no,train
357,GGCCAGGCACAATGGCTCACACCT,no,train
586,TGACAGGGTCTGTCTCTGTCACAC,no,train
729,TTTTCTTTCTTTTTTTTTTTTTTT,no,train
781,TTTTTTATTTTTTTGAGATGGAGT,yes,train
829,TTTTTTTTTTTTAAAGACAGGGTC,no,train
423,GGCCGGGCGCGGTGGCTCATGCCT,yes,train
9,AGAGTCTCACTTTGTTGCCCAGGC,no,train
390,GGCCAGGTGTAGCGGCCCACACCT,no,train
466,GGCTGGGCGTAGTGGCTCACACCT,no,train
568,GTTTTTTTTTTTGAGACGGAGTCT,no,train
383,GGCCAGGTGCAGTGGCTCACATCT,no,train
652,TGGGCACAGTGGCTCATGCCTGTA,no,train
793,TTTTTTGTTTTGTTTTTTTTGAGA,no,train
585,TCTTTTTTTTTTTTTCTTTTTGAG,no,train
571,GTTTTTTTTTTTTTTTTTTTAGAT,no,train
118,ATTTCCTTCTTTTTTTTTTTGAGA,no,train
245,CTTTTCTTTTTCTTTTCTTTTTTT,no,train
492,GGGCCAGGTGTGGTGGCTCACGCC,no,train
881,TTTTTTTTTTTTTTTTTTTTTTTT,no,train
628,TGGCCGGGCGCGCTGGCTCACGCC,yes,train
816,TTTTTTTTTGTTGTTGTTGAGACG,yes,train
346,GCTGGGCATGGTGGCTCATGCCTG,yes,train
504,GGGCTGGGCGCGGTGGCTCTCGCC,yes,train
379,GGCCAGGGGCAGTGGCTCACGCCT,yes,train
309,GACTGGGTGCCATGGCTCATGCCT,yes,train
563,GTTTTTTTGTTTGTTTTGCTTTTT,no,train
38,AGCTGGGTGTTTTGGCTCAGGCCT,yes,train
130,ATTTTGTATTTATTTATTTATTTA,yes,train
745,TTTTGTTTTAATATTTTTTTTCTT,yes,train
858,TTTTTTTTTTTTTTTTGAGACAGG,yes,train
314,GAGACCAGCCTGACCAATATGGAG,no,train
243,CTTTTCTTTTCTTTTCTTTCTTTT,yes,train
118,ATTTCCTTCTTTTTTTTTTTGAGA,yes,train
322,GCCAGGCACGGTGGCTCACGCCTG,no,train
506,GGGCTGGGTGCAGTGCCTCTCGCC,no,train
286,CTTTTTTTTTTTTTTTTGAGACAA,no,train
306,GACCGGGCGTAGTGGCTCACGCCT,yes,train
423,GGCCGGGCGCGGTGGCTCATGCCT,no,train
28,AGCTGGACGCAGTAGCTAATGCCT,yes,train
675,TTGTTTTTTGTTTTTTTGTTTTTT,yes,train
98,ATGATGGGCTCTCCTTACATATAT,yes,train
742,TTTTGTGAGACAGCCTTGCTCTGT,yes,train
645,TGGCTGGGCGCGGTGGCTCACGCC,yes,train
406,GGCCGGGCACGGTGGCTCACGCCT,no,train
369,GGCCAGGCCCAGTGGCTCACACCT,yes,train
91,AGGTTGGGCATGGTGGCTCACGCC,yes,train
124,ATTTTATTTTATTATTTTTTTTTA,yes,train
39,AGGACAGGCGCGGTGGCTCACGCC,yes,train
146,ATTTTTTTGGACATGGCCTTGCTC,yes,train
28,AGCTGGACGCAGTAGCTAATGCCT,yes,train
61,AGGCCGGGTGCAGTGGATCCCAGC,no,train
739,TTTTGAAATGGAGTTTTGCTCAGT,yes,train
248,CTTTTTATTTTATTTTATTCTATT,yes,train
760,TTTTTCTTATCTTTTTTTTTTTCC,yes,train
789,TTTTTTGTGATTTTTTTTTTTTCG,yes,train
563,GTTTTTTTGTTTGTTTTGCTTTTT,no,train
120,ATTTCTTTTCTTTTTTTTTTTTTT,no,train
459,GGCTGGGCCCGGTGGCTCATGCCT,yes,train
436,GGCTAGGCGCAGTGGCTCACTCCT,no,train
114,ATTTATTTTATTTTTTATTGTTTT,no,train
534,GTTTCCTTTTTCTTCATTTCTATT,no,train
108,ATTTATTTATTTATTTTTGAGACA,no,train
870,TTTTTTTTTTTTTTTTTTTTGAGA,no,train
532,GTTGTTTTGTTTTGTTTTGAGACA,yes,train
488,GGGCCAGGCGCTGTGGCTCACACC,yes,train
657,TTATTTTTATTTTTATTTTTTATT,yes,train
545,GTTTTGTTTTGTTTTTTTGAGACA,no,train
273,CTTTTTTTTTTTTTGAGACAGAAT,no,train
717,TTTTACTTTTTTTTTTTTTTGGGA,yes,train
401,GGCCGGGCACAGTGGCTCATGCCT,no,train
239,CTTTTCTCTTCTTTTTTCTTTTCT,no,train
705,TTTGAGACGGAGTCTCGCTCTATT,yes,train
262,CTTTTTTGTTTCGTTGTTTTTCTT,no,train
793,TTTTTTGTTTTGTTTTTTTTGAGA,no,train
562,GTTTTTTTCTTTTTCTTTTTGAGA,yes,train
827,TTTTTTTTTTTGGAGACGGGCTCT,no,train
175,ATTTTTTTTTTTTTTTTTTTTTTG,yes,train
346,GCTGGGCATGGTGGCTCATGCCTG,no,train
332,GCCCAGGTTGGAGTGTACTGCTGC,no,train
745,TTTTGTTTTAATATTTTTTTTCTT,no,train
684,TTTATTTTTAATTTTATTTTTGAG,no,train
672,TTGTTATTTTTTATTTTTATTTTT,yes,train
91,AGGTTGGGCATGGTGGCTCACGCC,yes,train
336,GCCGGGCGTGGTGGCTCACGCCTG,yes,train
248,CTTTTTATTTTATTTTATTCTATT,yes,train
553,GTTTTTGTTTTGTTGTTTTTTTGA,yes,train
750,TTTTGTTTTTTCGTTTGTTTCTTT,yes,train
643,TGGCTGGGCCCGGTGGCTCATGCC,yes,train
793,TTTTTTGTTTTGTTTTTTTTGAGA,no,train
371,GGCCAGGCGCGGTGGCTCACGCCT,yes,train
41,AGGCAGGGCGAGGTGGCTCAAACC,no,train
404,GGCCGGGCACGGTGGCTCACCTGT,yes,train
366,GGCCAGGCATGGTGGCTCACACCT,no,train
264,CTTTTTTTCATTTTTTTTTTTTTT,no,train
867,TTTTTTTTTTTTTTTTTTTGAGAT,yes,train
829,TTTTTTTTTTTTAAAGACAGGGTC,no,train
227,CTTTCTCACTCAGGCTGCAGTGAG,no,train
199,CGCTGGGCGCGGTGGCTCACGCCT,yes,train
771,TTTTTGTTTTTGTTGGAGAAGGAG,yes,train
380,GGCCAGGGGCAGTGGTTCATGCCT,no,train
209,CGGCTGGGTGCGGTGGCTCACGCC,no,train
657,TTATTTTTATTTTTATTTTTTATT,no,train
571,GTTTTTTTTTTTTTTTTTTTAGAT,no,train
516,GGTCGGGCACGGTGGCTCATGCCT,yes,train
608,TGGCCAGGCATAATGGCTTATGCC,yes,train
276,CTTTTTTTTTTTTTTCGGACAGAG,yes,train
674,TTGTTTGTTGTTTTTGAGACAGAG,no,train
731,TTTTCTTTTCTTGTGTGTTTTTTT,yes,train
390,GGCCAGGTGTAGCGGCCCACACCT,yes,train
815,TTTTTTTTTCTTTTTTCTTTTTTC,yes,train
742,TTTTGTGAGACAGCCTTGCTCTGT,yes,train
821,TTTTTTTTTTCTTTTTTTTTTTTT,yes,train
87,AGGCTGTTGCTCTGTCACCCAGGA,yes,train
456,GGCTGGGCATGGTGGCTCACGCCT,no,train
803,TTTTTTTGTTTGTTTGTTTTGAGA,yes,train
355,GGCCAGACGTGGTGGCTCACGCCT,no,train
688,TTTCCTTTTTTTTTTTTTTCTTTT,no,train
273,CTTTTTTTTTTTTTGAGACAGAAT,yes,train
821,TTTTTTTTTTCTTTTTTTTTTTTT,yes,train
99,ATTATTATTATTATTTTATTTTAT,no,train
584,TCTTGTTTTTTGTTTTTTTTTTGA,no,train
527,GTTCTTGTTTTTGTTTTGTTTTTT,no,train
548,GTTTTGTTTTTTGGGGTTTGTTTT,yes,train
489,GGGCCAGGCGGTGGCTCACGCTTG,no,train
299,CTTTTTTTTTTTTTTTTTTTTTTT,no,train
464,GGCTGGGCGCGATGGCTCATGTCT,no,train
660,TTCTTTTATTTTTTTTGAGATGGA,yes,train
64,AGGCTAGGCGCAGTGGCTCAACCC,no,train
420,GGCCGGGCGCGGTGGCTCACGCCT,yes,train
643,TGGCTGGGCCCGGTGGCTCATGCC,yes,train
336,GCCGGGCGTGGTGGCTCACGCCTG,yes,train
717,TTTTACTTTTTTTTTTTTTTGGGA,yes,train
485,GGGCCAGGCGCAGTGGCTCACGCC,yes,train
439,GGCTGGATGCAGTGGCTCATGCCT,no,train
744,TTTTGTTTGTTTGTTTGTTTTGAG,yes,train
581,TCCTGGCCAACATGGTGAAACCCC,yes,train
661,TTCTTTTGTTTTTTTGAGATGGAG,yes,train
260,CTTTTTTCTTTCTTTTTTTGAGAT,no,train
146,ATTTTTTTGGACATGGCCTTGCTC,yes,train
563,GTTTTTTTGTTTGTTTTGCTTTTT,no,train
657,TTATTTTTATTTTTATTTTTTATT,yes,train
163,ATTTTTTTTTTTTTTTTCAAGACG,yes,train
26,AGCCGGGCGCGGTGGCTCACGCCT,yes,train
410,GGCCGGGCGCAATGGCTCGCGCCT,no,train
98,ATGATGGGCTCTCCTTACATATAT,no,train
161,ATTTTTTTTTTTTTTTAGATGGAG,no,train
346,GCTGGGCATGGTGGCTCATGCCTG,yes,train
423,GGCCGGGCGCGGTGGCTCATGCCT,yes,train
674,TTGTTTGTTGTTTTTGAGACAGAG,yes,train
457,GGCTGGGCATGGTGGTTCACACCT,yes,train
344,GCTGGGCACAGTAGCTCATGCCTG,yes,train
688,TTTCCTTTTTTTTTTTTTTCTTTT,no,train
211,CTCACGCCTGTAATCCCAGCACTT,no,train
85,AGGCTGGGTGTGGTGGCTCACGCC,no,train
101,ATTCTTTGTTTTTTTTTGAGATGG,no,train
582,TCTCTCTTTTTTTTTTTTTTGAGA,no,train
509,GGGCTGGGTGCGGTGGCTCACACC,no,train
435,GGCGGGGTGTGGTGGCTCATGCCT,no,train
33,AGCTGGGCGCAGTGGCTCACGCCT,no,train
118,ATTTCCTTCTTTTTTTTTTTGAGA,no,train
616,TGGCCAGGCGTAGTGGCTCATGCC,yes,train
454,GGCTGGGCAGGGTGGCTCACCCCT,yes,train
581,TCCTGGCCAACATGGTGAAACCCC,yes,train
547,GTTTTGTTTTTCTTTCTTTTTTTT,yes,train
96,AGTTTGTTTGTTTGTTTGTTTGTT,no,train
870,TTTTTTTTTTTTTTTTTTTTGAGA,yes,train
527,GTTCTTGTTTTTGTTTTGTTTTTT,yes,train
510,GGGCTGGGTGTGGTGGCTCATGCC,no,train
865,TTTTTTTTTTTTTTTTTGAGACAG,yes,train
83,AGGCTGGGTGCGCTGTGGCTCATG,yes,train
755,TTTTTATTTTATTTATTTATTTAT,yes,train
499,GGGCTGGGCACAGTGGCTTACGCC,yes,train
24,AGCCGGGCATGGTGGCTCACGCCC,yes,train
243,CTTTTCTTTTCTTTTCTTTCTTTT,yes,train
144,ATTTTTTTCTTCTTTTTTCCACAG,yes,train
326,GCCAGGCATGGTGGCTCATGCCTA,no,train
204,CGGCCGGGCGCGGTGGCTCACGCC,yes,train
258,CTTTTTTATTTTTATTTTTTTGAG,yes,train
28,AGCTGGACGCAGTAGCTAATGCCT,no,train
700,TTTCTTTTTTTTTTTTTTGAGATG,yes,train
23,AGCCGGGCACGGTGGCTCACACCT,yes,train
546,GTTTTGTTTTGTTTTTTTTTTTTT,yes,train
862,TTTTTTTTTTTTTTTTGAGATGGA,no,train
499,GGGCTGGGCACAGTGGCTTACGCC,yes,train
155,ATTTTTTTTTTTTTGAGACAGAGT,yes,train
309,GACTGGGTGCCATGGCTCATGCCT,no,train
459,GGCTGGGCCCGGTGGCTCATGCCT,no,train
835,TTTTTTTTTTTTGAGAGAGTTTTG,no,train
395,GGCCGAGCGCAGTGGCTCACGCCT,yes,train
366,GGCCAGGCATGGTGGCTCACACCT,yes,train
462,GGCTGGGCGCAGTGGCTCACTCCT,no,train
547,GTTTTGTTTTTCTTTCTTTTTTTT,no,train
466,GGCTGGGCGTAGTGGCTCACACCT,yes,train
595,TGCCGGGCGCGGTGGCTCACGTCT,yes,train
375,GGCCAGGCGTGGTGGCTCATGCCT,yes,train
608,TGGCCAGGCATAATGGCTTATGCC,yes,train
379,GGCCAGGGGCAGTGGCTCACGCCT,no,train
376,GGCCAGGCTCTGTGACTCACGCCT,yes,train
522,GTGAGACAGAGTTTCACTCTGTCG,yes,train
201,CGGCCAGGCACAGTGACTTACACC,no,train
510,GGGCTGGGTGTGGTGGCTCATGCC,no,train
717,TTTTACTTTTTTTTTTTTTTGGGA,yes,train
776,TTTTTTATTTGTGTTTTTGTTTGT,yes,train
264,CTTTTTTTCATTTTTTTTTTTTTT,no,train
877,TTTTTTTTTTTTTTTTTTTTTTTT,yes,train
435,GGCGGGGTGTGGTGGCTCATGCCT,no,train
862,TTTTTTTTTTTTTTTTGAGATGGA,no,train
387,GGCCAGGTGCGGTGGCTCACACCT,no,train
546,GTTTTGTTTTGTTTTTTTTTTTTT,no,train
173,ATTTTTTTTTTTTTTTTTTTTTGA,yes,train
879,TTTTTTTTTTTTTTTTTTTTTTTT,yes,train
676,TTGTTTTTTTTTAATTTTTTAATT,no,train
235,CTTTGTTTTTGTTTTTGTCTTTTG,no,train
200,CGCTGGGTACAGTTGCTTACACCT,no,train
835,TTTTTTTTTTTTGAGAGAGTTTTG,yes,train
717,TTTTACTTTTTTTTTTTTTTGGGA,yes,train
513,GGGTTGGGCACGGTGGCGCATGCC,yes,train
387,GGCCAGGTGCGGTGGCTCACACCT,yes,train
488,GGGCCAGGCGCTGTGGCTCACACC,no,train
519,GGTTGGGCATGGTAGCTCACACCT,no,train
568,GTTTTTTTTTTTGAGACGGAGTCT,no,train
91,AGGTTGGGCATGGTGGCTCACGCC,yes,train
745,TTTTGTTTTAATATTTTTTTTCTT,yes,train
643,TGGCTGGGCCCGGTGGCTCATGCC,no,train
145,ATTTTTTTGAGACAGGGTGTCACT,no,train
378,GGCCAGGGATGTTGGCTCACATCT,no,train
99,ATTATTATTATTATTTTATTTTAT,no,train
503,GGGCTGGGCCCATTAGCTCACACC,no,train
489,GGGCCAGGCGGTGGCTCACGCTTG,no,train
41,AGGCAGGGCGAGGTGGCTCAAACC,yes,train
747,TTTTGTTTTGTTTTTTTTTTAAGA,no,train
608,TGGCCAGGCATAATGGCTTATGCC,yes,train
39,AGGACAGGCGCGGTGGCTCACGCC,no,train
803,TTTTTTTGTTTGTTTGTTTTGAGA,no,train
36,AGCTGGGTGTGGTGGCTCATACCT,no,train
657,TTATTTTTATTTTTATTTTTTATT,no,train
292,CTTTTTTTTTTTTTTTTTTTTTAC,yes,train
146,ATTTTTTTGGACATGGCCTTGCTC,yes,train
131,ATTTTGTTGTTGTTATTTGTTTCT,yes,train
162,ATTTTTTTTTTTTTTTGCGATGAA,yes,train
132,ATTTTGTTTTGTTTTGGTTTTTTG,no,train
871,TTTTTTTTTTTTTTTTTTTTGAGG,yes,train
385,GGCCAGGTGCAGTGGCTCATGCTT,no,train
702,TTTCTTTTTTTTTTTTTTTTTTTT,no,train
400,GGCCGGGCACAGTGGCTCACGCCT,no,train
623,TGGCCGGGCACGGTGGCTCACACC,yes,train
858,TTTTTTTTTTTTTTTTGAGACAGG,yes,train
562,GTTTTTTTCTTTTTCTTTTTGAGA,no,train
216,CTGGGCTCAGTGGCTCACACCTGT,yes,train
776,TTTTTTATTTGTGTTTTTGTTTGT,no,train
670,TTGCCCAGGCTGGAGTGCAGGGCG,no,train
192,CCGGGCGCAGTGGCTCATGCCTGT,no,train
688,TTTCCTTTTTTTTTTTTTTCTTTT,yes,train
787,TTTTTTGAGACAAGGTCTTGCTCT,yes,train
456,GGCTGGGCATGGTGGCTCACGCCT,yes,train
347,GCTGGGCGTGGTGGCTCACGCCTA,no,train
336,GCCGGGCGTGGTGGCTCACGCCTG,yes,train
359,GGCCAGGCACAGTGGCTCACACCT,no,train
462,GGCTGGGCGCAGTGGCTCACTCCT,yes,train
780,TTTTTTATTTTTTGAGGTGGAGTC,no,train
272,CTTTTTTTTTTTTGAGACAAGGGT,yes,train
827,TTTTTTTTTTTGGAGACGGGCTCT,no,train
18,AGCCAGGCGTGGTACGTAGCTCAC,no,train
9,AGAGTCTCACTTTGTTGCCCAGGC,no,train
347,GCTGGGCGTGGTGGCTCACGCCTA,no,train
789,TTTTTTGTGATTTTTTTTTTTTCG,no,train
380,GGCCAGGGGCAGTGGTTCATGCCT,no,train
537,GTTTTCTTCTGTTTTCTTATATTT,no,train
356,GGCCAGAGACTGTGGCTCATGCCT,no,train
368,GGCCAGGCATGGTGGTTCACGCCT,yes,train
85,AGGCTGGGTGTGGTGGCTCACGCC,no,train
130,ATTTTGTATTTATTTATTTATTTA,no,train
449,GGCTGGGCACGGTGGCTCATGCCT,yes,train
336,GCCGGGCGTGGTGGCTCACGCCTG,yes,train
385,GGCCAGGTGCAGTGGCTCATGCTT,no,train
414,GGCCGGGCGCAGTGGCTCATGCCT,yes,train
364,GGCCAGGCACGGTGGGTCACGCCT,yes,train
719,TTTTATTTATTTATTTTTTGAGAG,yes,train
737,TTTTCTTTTTTTCTTTTTTGAGAT,yes,train
595,TGCCGGGCGCGGTGGCTCACGTCT,yes,train
575,TAGTGCAATGGCGCAATCCTGGCT,no,train
823,TTTTTTTTTTTGAGACAATGTCTC,no,train
359,GGCCAGGCACAGTGGCTCACACCT,no,train
13,AGCCAGGCATGGTGGCTCATGCCT,yes,train
582,TCTCTCTTTTTTTTTTTTTTGAGA,yes,train
306,GACCGGGCGTAGTGGCTCACGCCT,no,train
672,TTGTTATTTTTTATTTTTATTTTT,yes,train
397,GGCCGGCAAGGTGGCTCACGCCTG,yes,train
401,GGCCGGGCACAGTGGCTCATGCCT,yes,train
245,CTTTTCTTTTTCTTTTCTTTTTTT,yes,train
453,GGCTGGGCACGGTGGCTCTCGCCT,no,train
163,ATTTTTTTTTTTTTTTTCAAGACG,no,train
688,TTTCCTTTTTTTTTTTTTTCTTTT,no,train
430,GGCCGGTCACGGTGGCTCACGCCT,yes,train
359,GGCCAGGCACAGTGGCTCACACCT,no,train
420,GGCCGGGCGCGGTGGCTCACGCCT,yes,train
134,ATTTTTATTTATTATTATTTTTTA,no,train
734,TTTTCTTTTCTTTTTCTTTTTCTT,no,train
120,ATTTCTTTTCTTTTTTTTTTTTTT,yes,train
336,GCCGGGCGTGGTGGCTCACGCCTG,yes,train
530,GTTCTTTTTTTTTTTTTTTTTTTC,yes,train
532,GTTGTTTTGTTTTGTTTTGAGACA,no,train
116,ATTTATTTTTATTTTTATTTTTTT,yes,train
522,GTGAGACAGAGTTTCACTCTGTCG,yes,train
815,TTTTTTTTTCTTTTTTCTTTTTTC,yes,train
700,TTTCTTTTTTTTTTTTTTGAGATG,yes,train
548,GTTTTGTTTTTTGGGGTTTGTTTT,yes,train
423,GGCCGGGCGCGGTGGCTCATGCCT,no,train
389,GGCCAGGTGGCGGTGGTTCACACC,yes,train
321,GCAGTGGTTCGCACCTATAAGCCC,no,train
320,GCAGTGGCCCACGCCTGTAATCCC,yes,train
443,GGCTGGGCACAGTGGCTCACACCT,yes,train
753,TTTTTATTATTTTTTTCTTTTTTA,no,train
41,AGGCAGGGCGAGGTGGCTCAAACC,no,train
871,TTTTTTTTTTTTTTTTTTTTGAGG,no,train
26,AGCCGGGCGCGGTGGCTCACGCCT,no,train
532,GTTGTTTTGTTTTGTTTTGAGACA,no,train
306,GACCGGGCGTAGTGGCTCACGCCT,no,train
10,AGATCAGGCATGGTGGCTTACACC,no,train
718,TTTTATTCTTTTTTTTTTTTTTTT,yes,train
513,GGGTTGGGCACGGTGGCGCATGCC,yes,train
666,TTCTTTTTTTTTTTGAGACGGAGT,yes,train
714,TTTGTTTTGTTTTTTGTTTTGAGA,no,train
801,TTTTTTTGTTTATGTGTTTGTTTT,yes,train
114,ATTTATTTTATTTTTTATTGTTTT,no,train
676,TTGTTTTTTTTTAATTTTTTAATT,no,train
742,TTTTGTGAGACAGCCTTGCTCTGT,no,train
751,TTTTGTTTTTTGTTGTTGTGGTGG,no,train
821,TTTTTTTTTTCTTTTTTTTTTTTT,yes,train
760,TTTTTCTTATCTTTTTTTTTTTCC,yes,train
24,AGCCGGGCATGGTGGCTCACGCCC,yes,train
809,TTTTTTTTCTTTTTTTTTCTTTTT,no,train
510,GGGCTGGGTGTGGTGGCTCATGCC,yes,train
61,AGGCCGGGTGCAGTGGATCCCAGC,yes,train
617,TGGCCAGGTGCGGTGGCTCACGCC,yes,train
176,ATTTTTTTTTTTTTTTTTTTTTTT,no,train
20,AGCCAGGTGCAGTGGCTCACGCTT,no,train
617,TGGCCAGGTGCGGTGGCTCACGCC,no,train
515,GGTCAGGCACAGTGGCTTACACCT,yes,train
287,CTTTTTTTTTTTTTTTTTTAATTG,yes,train
862,TTTTTTTTTTTTTTTTGAGATGGA,no,train
560,GTTTTTTTATTTTTATTTTTGGAG,no,train
561,GTTTTTTTCTTTTCTAATTGAGAC,no,train
381,GGCCAGGTATGGTGGCTCATGCCT,no,train
428,GGCCGGGTGCAGTGGCTCATGCCT,no,train
561,GTTTTTTTCTTTTCTAATTGAGAC,yes,train
674,TTGTTTGTTGTTTTTGAGACAGAG,no,train
2,AAGATGGAGTCTTATTCTGTCGCC,no,train
812,TTTTTTTTGTTTGTTTTTTGTTTT,no,train
281,CTTTTTTTTTTTTTTGAGATGGAG,no,train
154,ATTTTTTTTTTTGAGATGGAGTCT,yes,train
231,CTTTCTTTTTTTTTTTTTTTTTTT,no,train
862,TTTTTTTTTTTTTTTTGAGATGGA,no,train
551,GTTTTTGAGGCAGGTCGGTCACCC,no,train
696,TTTCTTTTTTCTAAGACAGAGTCT,yes,train
733,TTTTCTTTTCTTTTCTTTTTTTTT,yes,train
825,TTTTTTTTTTTGAGACGGAGTCTC,yes,train
56,AGGCCGGGCATGGTGGCTCACGCT,yes,train
501,GGGCTGGGCATGGTGGCTCACACC,no,train
287,CTTTTTTTTTTTTTTTTTTAATTG,yes,train
291,CTTTTTTTTTTTTTTTTTTTGAGA,no,train
151,ATTTTTTTTTCTTTTTCTTGTTTT,no,train
108,ATTTATTTATTTATTTTTGAGACA,no,train
134,ATTTTTATTTATTATTATTTTTTA,yes,train
312,GAGACAGGTTCTTGATCTGTCACT,no,train
801,TTTTTTTGTTTATGTGTTTGTTTT,no,train
252,CTTTTTCTTTTTCTTTCTTTCTTT,yes,train
644,TGGCTGGGCGCGGTGGCTCACGCC,yes,train
283,CTTTTTTTTTTTTTTTGAGATGGA,yes,train
715,TTTGTTTTTGTTTTTTTTGTTTTT,yes,train
389,GGCCAGGTGGCGGTGGTTCACACC,yes,train
734,TTTTCTTTTCTTTTTCTTTTTCTT,no,train
173,ATTTTTTTTTTTTTTTTTTTTTGA,yes,train
315,GAGGCTTGCTCTGTCACCCAGACT,yes,train
445,GGCTGGGCACAGTGGCTCATGCCT,no,train
330,GCCAGGTGTGGTGGCTCACGCCTC,yes,train
591,TGCCGAGTGGAGTGGCTCACACCT,no,train
226,CTTTATTTTTTAATTTTTTTTTTT,no,train
320,GCAGTGGCCCACGCCTGTAATCCC,no,train
343,GCTGGGCACAATGGTTCACACCTG,yes,train
515,GGTCAGGCACAGTGGCTTACACCT,yes,train
162,ATTTTTTTTTTTTTTTGCGATGAA,yes,train
24,AGCCGGGCATGGTGGCTCACGCCC,no,train
200,CGCTGGGTACAGTTGCTTACACCT,yes,train
422,GGCCGGGCGCGGTGGCTCAGGCCT,no,train
695,TTTCTTTTCTTTCCTTTCTTTTTT,no,train
489,GGGCCAGGCGGTGGCTCACGCTTG,no,train
242,CTTTTCTTTTCTTGAGGCAGGGTC,yes,train
283,CTTTTTTTTTTTTTTTGAGATGGA,no,train
879,TTTTTTTTTTTTTTTTTTTTTTTT,no,train
554,GTTTTTTCTTTTTTGTTTTTTGTT,no,train
86,AGGCTGGGTGTGGTGGCTCACGCC,no,train
488,GGGCCAGGCGCTGTGGCTCACACC,yes,train
99,ATTATTATTATTATTTTATTTTAT,yes,train
96,AGTTTGTTTGTTTGTTTGTTTGTT,yes,train
660,TTCTTTTATTTTTTTTGAGATGGA,yes,train
688,TTTCCTTTTTTTTTTTTTTCTTTT,yes,train
623,TGGCCGGGCACGGTGGCTCACACC,yes,train
882,TTTTTTTTTTTTTTTTTTTTTTTT,no,train
131,ATTTTGTTGTTGTTATTTGTTTCT,yes,train
165,ATTTTTTTTTTTTTTTTGAGACAG,yes,train
572,GTTTTTTTTTTTTTTTTTTTTGAG,no,train
286,CTTTTTTTTTTTTTTTTGAGACAA,no,train
239,CTTTTCTCTTCTTTTTTCTTTTCT,yes,train
344,GCTGGGCACAGTAGCTCATGCCTG,yes,train
411,GGCCGGGCGCAGTGGCCCACACCT,yes,train
688,TTTCCTTTTTTTTTTTTTTCTTTT,yes,train
704,TTTGAGACAGAGTTTTGCTCTTAT,yes,train
521,GTCGGGCACGGTGGCTCACGCCTG,no,train
442,GGCTGGGCACAGTGGCTCACACCT,no,train
252,CTTTTTCTTTTTCTTTCTTTCTTT,yes,train
874,TTTTTTTTTTTTTTTTTTTTTTGA,yes,train
525,GTGGCACTATCATAGTTCACTATA,no,train
755,TTTTTATTTTATTTATTTATTTAT,yes,train
676,TTGTTTTTTTTTAATTTTTTAATT,yes,train
131,ATTTTGTTGTTGTTATTTGTTTCT,yes,train
330,GCCAGGTGTGGTGGCTCACGCCTC,yes,train
699,TTTCTTTTTTTTTGAGACGGAGTC,yes,train
715,TTTGTTTTTGTTTTTTTTGTTTTT,no,train
519,GGTTGGGCATGGTAGCTCACACCT,no,train
697,TTTCTTTTTTCTGGAGACGGAGTT,no,train
85,AGGCTGGGTGTGGTGGCTCACGCC,no,train
163,ATTTTTTTTTTTTTTTTCAAGACG,yes,train
645,TGGCTGGGCGCGGTGGCTCACGCC,no,train
568,GTTTTTTTTTTTGAGACGGAGTCT,yes,train
604,TGGCCAGGCACAGTAACTCCTGCC,yes,train
672,TTGTTATTTTTTATTTTTATTTTT,no,train
18,AGCCAGGCGTGGTACGTAGCTCAC,no,train
281,CTTTTTTTTTTTTTTGAGATGGAG,yes,train
83,AGGCTGGGTGCGCTGTGGCTCATG,no,train
101,ATTCTTTGTTTTTTTTTGAGATGG,no,train
640,TGGCTGGGCACGGTGGCTCACGCC,no,train
386,GGCCAGGTGCAGTGGCTCATTCCT,yes,train
5,ACTCATGCCTGTAATCCCAGCACT,yes,train
661,TTCTTTTGTTTTTTTGAGATGGAG,yes,train
272,CTTTTTTTTTTTTGAGACAAGGGT,yes,train
616,TGGCCAGGCGTAGTGGCTCATGCC,no,train
535,GTTTTACTTTTTTTTTTTTTTTTT,yes,train
510,GGGCTGGGTGTGGTGGCTCATGCC,no,train
390,GGCCAGGTGTAGCGGCCCACACCT,yes,train
527,GTTCTTGTTTTTGTTTTGTTTTTT,yes,train
369,GGCCAGGCCCAGTGGCTCACACCT,no,train
617,TGGCCAGGTGCGGTGGCTCACGCC,yes,train
604,TGGCCAGGCACAGTAACTCCTGCC,no,train
879,TTTTTTTTTTTTTTTTTTTTTTTT,yes,train
661,TTCTTTTGTTTTTTTGAGATGGAG,yes,train
369,GGCCAGGCCCAGTGGCTCACACCT,yes,train
425,GGCCGGGCGTGGTGGCTCACACCT,yes,train
572,GTTTTTTTTTTTTTTTTTTTTGAG,yes,train
165,ATTTTTTTTTTTTTTTTGAGACAG,no,train
378,GGCCAGGGATGTTGGCTCACATCT,no,train
33,AGCTGGGCGCAGTGGCTCACGCCT,no,train
49,AGGCCAGGTGTGGTAGCTCACGCC,no,train
733,TTTTCTTTTCTTTTCTTTTTTTTT,yes,train
584,TCTTGTTTTTTGTTTTTTTTTTGA,no,train
510,GGGCTGGGTGTGGTGGCTCATGCC,yes,train
544,GTTTTGTTTTGTTTTTTGTTTTGA,no,train
527,GTTCTTGTTTTTGTTTTGTTTTTT,yes,train
544,GTTTTGTTTTGTTTTTTGTTTTGA,yes,train
776,TTTTTTATTTGTGTTTTTGTTTGT,yes,train
492,GGGCCAGGTGTGGTGGCTCACGCC,no,train
347,GCTGGGCGTGGTGGCTCACGCCTA,yes,train
608,TGGCCAGGCATAATGGCTTATGCC,no,train
792,TTTTTTGTTTTGTTTTGTTTGAGA,no,train
769,TTTTTGTTTGTTTGTTTGTTTGTT,no,train
204,CGGCCGGGCGCGGTGGCTCACGCC,yes,train
581,TCCTGGCCAACATGGTGAAACCCC,no,train
131,ATTTTGTTGTTGTTATTTGTTTCT,yes,train
369,GGCCAGGCCCAGTGGCTCACACCT,no,train
87,AGGCTGTTGCTCTGTCACCCAGGA,yes,train
509,GGGCTGGGTGCGGTGGCTCACACC,yes,train
717,TTTTACTTTTTTTTTTTTTTGGGA,no,train
277,CTTTTTTTTTTTTTTCTTTTTAAG,no,train
674,TTGTTTGTTGTTTTTGAGACAGAG,no,train
672,TTGTTATTTTTTATTTTTATTTTT,no,train
292,CTTTTTTTTTTTTTTTTTTTTTAC,yes,train
175,ATTTTTTTTTTTTTTTTTTTTTTG,yes,train
696,TTTCTTTTTTCTAAGACAGAGTCT,no,train
525,GTGGCACTATCATAGTTCACTATA,yes,train
554,GTTTTTTCTTTTTTGTTTTTTGTT,no,train
553,GTTTTTGTTTTGTTGTTTTTTTGA,no,train
390,GGCCAGGTGTAGCGGCCCACACCT,no,train
881,TTTTTTTTTTTTTTTTTTTTTTTT,no,train
375,GGCCAGGCGTGGTGGCTCATGCCT,yes,train
150,ATTTTTTTTTCTTTTTCAGAGTTT,no,train
700,TTTCTTTTTTTTTTTTTTGAGATG,yes,train
303,GACCAGGTGCAGTAGCTCATGCTT,yes,train
330,GCCAGGTGTGGTGGCTCACGCCTC,no,train
803,TTTTTTTGTTTGTTTGTTTTGAGA,yes,train
471,GGCTGGGTGCAATGGCTCACACCT,yes,train
817,TTTTTTTTTGTTTTAGAAGGAGTT,yes,train
110,ATTTATTTATTTTTGAGACAGGGT,yes,train
355,GGCCAGACGTGGTGGCTCACGCCT,yes,train
535,GTTTTACTTTTTTTTTTTTTTTTT,yes,train
871,TTTTTTTTTTTTTTTTTTTTGAGG,no,train
131,ATTTTGTTGTTGTTATTTGTTTCT,yes,train
101,ATTCTTTGTTTTTTTTTGAGATGG,no,train
718,TTTTATTCTTTTTTTTTTTTTTTT,yes,train
108,ATTTATTTATTTATTTTTGAGACA,no,train
201,CGGCCAGGCACAGTGACTTACACC,no,train
471,GGCTGGGTGCAATGGCTCACACCT,no,train
403,GGCCGGGCACGGTGACTCATGCCT,yes,train
464,GGCTGGGCGCGATGGCTCATGTCT,yes,train
632,TGGCCGGGCGCGGTGGCTCATGCC,no,train
678,TTTATTATTATTTTTTGAGATGGA,yes,train
10,AGATCAGGCATGGTGGCTTACACC,no,train
200,CGCTGGGTACAGTTGCTTACACCT,yes,train
379,GGCCAGGGGCAGTGGCTCACGCCT,no,train
351,GGCACGGTGGCTCACGCCTGTAAT,no,train
535,GTTTTACTTTTTTTTTTTTTTTTT,yes,train
136,ATTTTTGTATTTTTCCTTTTTTTT,yes,train
351,GGCACGGTGGCTCACGCCTGTAAT,no,train
558,GTTTTTTGTTTGTTTGTTTTTTGA,no,train
534,GTTTCCTTTTTCTTCATTTCTATT,no,train
4,ACAGTGGCTCACACCTTTGATCCC,yes,train
136,ATTTTTGTATTTTTCCTTTTTTTT,yes,train
874,TTTTTTTTTTTTTTTTTTTTTTGA,no,train
752,TTTTGTTTTTTTTTTGTTGTTGTT,no,train
309,GACTGGGTGCCATGGCTCATGCCT,no,train
464,GGCTGGGCGCGATGGCTCATGTCT,yes,train
250,CTTTTTATTTTTTTGAGACAGTCT,yes,train
544,GTTTTGTTTTGTTTTTTGTTTTGA,yes,train
594,TGCCGGGCATGGTGGCTTGCACCT,no,train
111,ATTTATTTATTTTTTTATTTAGAG,no,train
168,ATTTTTTTTTTTTTTTTTTGACGG,no,train
313,GAGACAGTCTTGCTTTGTCGCCAG,no,train
544,GTTTTGTTTTGTTTTTTGTTTTGA,no,train
456,GGCTGGGCATGGTGGCTCACGCCT,no,train
801,TTTTTTTGTTTATGTGTTTGTTTT,no,train
292,CTTTTTTTTTTTTTTTTTTTTTAC,yes,train
839,TTTTTTTTTTTTTGAGACTCAGGA,yes,train
61,AGGCCGGGTGCAGTGGATCCCAGC,no,train
102,ATTCTTTTTGAGACAGAGTCTCTG,no,train
96,AGTTTGTTTGTTTGTTTGTTTGTT,yes,train
442,GGCTGGGCACAGTGGCTCACACCT,yes,train
120,ATTTCTTTTCTTTTTTTTTTTTTT,no,train
248,CTTTTTATTTTATTTTATTCTATT,yes,train
242,CTTTTCTTTTCTTGAGGCAGGGTC,no,train
162,ATTTTTTTTTTTTTTTGCGATGAA,no,train
83,AGGCTGGGTGCGCTGTGGCTCATG,no,train
454,GGCTGGGCAGGGTGGCTCACCCCT,yes,train
718,TTTTATTCTTTTTTTTTTTTTTTT,yes,train
489,GGGCCAGGCGGTGGCTCACGCTTG,no,train
192,CCGGGCGCAGTGGCTCATGCCTGT,no,train
304,GACCAGGTGTGGTGGCTCACACCA,no,train
84,AGGCTGGGTGCTATGGCTCACGTC,no,train
410,GGCCGGGCGCAATGGCTCGCGCCT,no,train
76,AGGCTGGGCGCGGTGGCTCACACC,yes,train
858,TTTTTTTTTTTTTTTTGAGACAGG,yes,train
837,TTTTTTTTTTTTTCCGAGACAGAG,yes,train
506,GGGCTGGGTGCAGTGCCTCTCGCC,no,train
276,CTTTTTTTTTTTTTTCGGACAGAG,yes,train
79,AGGCTGGGCGTGGTGGCTCACATC,no,train
870,TTTTTTTTTTTTTTTTTTTTGAGA,no,train
459,GGCTGGGCCCGGTGGCTCATGCCT,yes,train
355,GGCCAGACGTGGTGGCTCACGCCT,no,train
314,GAGACCAGCCTGACCAATATGGAG,no,train
774,TTTTTTAAGATGGAATCTTGCTCT,yes,train
829,TTTTTTTTTTTTAAAGACAGGGTC,yes,train
63,AGGCCGGGTGCTGTGGCTCACACC,yes,train
410,GGCCGGGCGCAATGGCTCGCGCCT,no,train
417,GGCCGGGCGCGGTGGCTCACACCT,yes,train
739,TTTTGAAATGGAGTTTTGCTCAGT,no,train
515,GGTCAGGCACAGTGGCTTACACCT,no,train
787,TTTTTTGAGACAAGGTCTTGCTCT,yes,train
563,GTTTTTTTGTTTGTTTTGCTTTTT,yes,train
791,TTTTTTGTTTGTTTTTTTGAGACA,no,train
792,TTTTTTGTTTTGTTTTGTTTGAGA,no,train
134,ATTTTTATTTATTATTATTTTTTA,no,train
792,TTTTTTGTTTTGTTTTGTTTGAGA,no,train
585,TCTTTTTTTTTTTTTCTTTTTGAG,yes,train
848,TTTTTTTTTTTTTTGAGACAGAGT,no,train
701,TTTCTTTTTTTTTTTTTTTTTTTT,no,train
526,GTGGCTCATGCCTGTAATCCCAGC,no,train
330,GCCAGGTGTGGTGGCTCACGCCTC,no,train
613,TGGCCAGGCATGGTGGCTCACACC,no,train
172,ATTTTTTTTTTTTTTTTTTTGTGA,no,train
108,ATTTATTTATTTATTTTTGAGACA,no,train
189,CCCAGCCTGGGCAACATAGGGAGA,no,train
584,TCTTGTTTTTTGTTTTTTTTTTGA,yes,train
729,TTTTCTTTCTTTTTTTTTTTTTTT,no,train
290,CTTTTTTTTTTTTTTTTTTTAATT,yes,train
259,CTTTTTTCTTTATTTTTTTTTAGA,no,train
313,GAGACAGTCTTGCTTTGTCGCCAG,yes,train
525,GTGGCACTATCATAGTTCACTATA,no,train
516,GGTCGGGCACGGTGGCTCATGCCT,no,train
310,GACTGGGTGCGGTGGCTCATGCCT,no,train
56,AGGCCGGGCATGGTGGCTCACGCT,yes,train
551,GTTTTTGAGGCAGGTCGGTCACCC,no,train
124,ATTTTATTTTATTATTTTTTTTTA,no,train
604,TGGCCAGGCACAGTAACTCCTGCC,no,train
333,GCCGGGCATGGTGGCTCACGCCTG,yes,train
187,CCAGGTGCAGTGGCTCATGCCTGT,no,train
248,CTTTTTATTTTATTTTATTCTATT,yes,train
165,ATTTTTTTTTTTTTTTTGAGACAG,yes,train
380,GGCCAGGGGCAGTGGTTCATGCCT,no,train
509,GGGCTGGGTGCGGTGGCTCACACC,yes,train
626,TGGCCGGGCATGGTGGCTCACGCC,yes,train
250,CTTTTTATTTTTTTGAGACAGTCT,no,train
675,TTGTTTTTTGTTTTTTTGTTTTTT,yes,train
175,ATTTTTTTTTTTTTTTTTTTTTTG,no,train
719,TTTTATTTATTTATTTTTTGAGAG,yes,train
865,TTTTTTTTTTTTTTTTTGAGACAG,no,train
815,TTTTTTTTTCTTTTTTCTTTTTTC,yes,train
351,GGCACGGTGGCTCACGCCTGTAAT,no,train
164,ATTTTTTTTTTTTTTTTCTTGAGA,no,train
186,CCAGGCGCGGTGGCTCACACCTAT,no,train
428,GGCCGGGTGCAGTGGCTCATGCCT,no,train
747,TTTTGTTTTGTTTTTTTTTTAAGA,yes,train
68,AGGCTGGCCATGTTGGCTCACGCT,no,train
34,AGCTGGGCGCGGTGGCTCACACCT,no,train
562,GTTTTTTTCTTTTTCTTTTTGAGA,yes,train
546,GTTTTGTTTTGTTTTTTTTTTTTT,yes,train
375,GGCCAGGCGTGGTGGCTCATGCCT,yes,train
365,GGCCAGGCACTGTGACTCATACCT,no,train
733,TTTTCTTTTCTTTTCTTTTTTTTT,no,train
22,AGCCAGGTGCGGTGGCTCATGCCT,no,train
344,GCTGGGCACAGTAGCTCATGCCTG,yes,train
113,ATTTATTTTATTTTTCTGAGATGG,no,train
31,AGCTGGGCATGGTGGTTCATGCCT,yes,train
33,AGCTGGGCGCAGTGGCTCACGCCT,yes,train
38,AGCTGGGTGTTTTGGCTCAGGCCT,no,train
538,GTTTTCTTTTCTTTTCTTTTTTTT,no,train
621,TGGCCGGGCACAGTGGCTCACGCC,no,train
53,AGGCCGGGCACGGTGGCTCACACC,yes,train
401,GGCCGGGCACAGTGGCTCATGCCT,yes,train
136,ATTTTTGTATTTTTCCTTTTTTTT,no,train
82,AGGCTGGGTGCACTGGCTCACGCC,yes,train
835,TTTTTTTTTTTTGAGAGAGTTTTG,no,train
116,ATTTATTTTTATTTTTATTTTTTT,yes,train
401,GGCCGGGCACAGTGGCTCATGCCT,no,train
276,CTTTTTTTTTTTTTTCGGACAGAG,no,train
688,TTTCCTTTTTTTTTTTTTTCTTTT,no,train
767,TTTTTGAGACAGAGTCTCGCTCTT,no,train
371,GGCCAGGCGCGGTGGCTCACGCCT,no,train
543,GTTTTGTTTTGTTTTGAAAGAACG,no,train
68,AGGCTGGCCATGTTGGCTCACGCT,yes,train
8,AGACTGGGCGTGGTGGCTCACGCC,yes,train
159,ATTTTTTTTTTTTTTCTTGGAATG,no,train
544,GTTTTGTTTTGTTTTTTGTTTTGA,yes,train
439,GGCTGGATGCAGTGGCTCATGCCT,no,train
352,GGCAGGGTGCGGTGGCTCATGCCT,yes,train
829,TTTTTTTTTTTTAAAGACAGGGTC,yes,train
616,TGGCCAGGCGTAGTGGCTCATGCC,no,train
875,TTTTTTTTTTTTTTTTTTTTTTTA,no,train
386,GGCCAGGTGCAGTGGCTCATTCCT,no,train
54,AGGCCGGGCACTGTGGCTTACACA,yes,train
211,CTCACGCCTGTAATCCCAGCACTT,no,train
277,CTTTTTTTTTTTTTTCTTTTTAAG,no,train
105,ATTCTTTTTTTTTTTTTGAGATGG,yes,train
239,CTTTTCTCTTCTTTTTTCTTTTCT,no,train
174,ATTTTTTTTTTTTTTTTTTTTTTG,yes,train
554,GTTTTTTCTTTTTTGTTTTTTGTT,no,train
116,ATTTATTTTTATTTTTATTTTTTT,yes,train
410,GGCCGGGCGCAATGGCTCGCGCCT,no,train
760,TTTTTCTTATCTTTTTTTTTTTCC,yes,train
547,GTTTTGTTTTTCTTTCTTTTTTTT,yes,train
410,GGCCGGGCGCAATGGCTCGCGCCT,no,train
735,TTTTCTTTTTCTTTTCTTTTTTTT,yes,train
696,TTTCTTTTTTCTAAGACAGAGTCT,no,train
28,AGCTGGACGCAGTAGCTAATGCCT,no,train
5,ACTCATGCCTGTAATCCCAGCACT,yes,train
582,TCTCTCTTTTTTTTTTTTTTGAGA,no,train
592,TGCCGGACGCGTTGGCTCATGCCT,no,train
454,GGCTGGGCAGGGTGGCTCACCCCT,yes,train
201,CGGCCAGGCACAGTGACTTACACC,yes,train
262,CTTTTTTGTTTCGTTGTTTTTCTT,no,train
410,GGCCGGGCGCAATGGCTCGCGCCT,yes,train
719,TTTTATTTATTTATTTTTTGAGAG,yes,train
410,GGCCGGGCGCAATGGCTCGCGCCT,no,train
351,GGCACGGTGGCTCACGCCTGTAAT,no,train
223,CTTTATTTATTTATTTATTTATGA,no,train
158,ATTTTTTTTTTTTTTAATTTTGTT,no,train
400,GGCCGGGCACAGTGGCTCACGCCT,no,train
305,GACCCAGTGCGGTGGCTCACGCCT,no,train
457,GGCTGGGCATGGTGGTTCACACCT,yes,train
312,GAGACAGGTTCTTGATCTGTCACT,no,train
737,TTTTCTTTTTTTCTTTTTTGAGAT,yes,train
423,GGCCGGGCGCGGTGGCTCATGCCT,no,train
563,GTTTTTTTGTTTGTTTTGCTTTTT,no,train
150,ATTTTTTTTTCTTTTTCAGAGTTT,yes,train
837,TTTTTTTTTTTTTCCGAGACAGAG,yes,train
442,GGCTGGGCACAGTGGCTCACACCT,no,train
383,GGCCAGGTGCAGTGGCTCACATCT,no,train
881,TTTTTTTTTTTTTTTTTTTTTTTT,no,train
562,GTTTTTTTCTTTTTCTTTTTGAGA,no,train
776,TTTTTTATTTGTGTTTTTGTTTGT,yes,train
165,ATTTTTTTTTTTTTTTTGAGACAG,no,train
41,AGGCAGGGCGAGGTGGCTCAAACC,yes,train
781,TTTTTTATTTTTTTGAGATGGAGT,yes,train
242,CTTTTCTTTTCTTGAGGCAGGGTC,no,train
776,TTTTTTATTTGTGTTTTTGTTTGT,yes,train
259,CTTTTTTCTTTATTTTTTTTTAGA,no,train
809,TTTTTTTTCTTTTTTTTTCTTTTT,no,train
102,ATTCTTTTTGAGACAGAGTCTCTG,no,train
297,CTTTTTTTTTTTTTTTTTTTTTTT,yes,train
333,GCCGGGCATGGTGGCTCACGCCTG,no,train
290,CTTTTTTTTTTTTTTTTTTTAATT,no,train
809,TTTTTTTTCTTTTTTTTTCTTTTT,yes,train
442,GGCTGGGCACAGTGGCTCACACCT,yes,train
525,GTGGCACTATCATAGTTCACTATA,no,train
245,CTTTTCTTTTTCTTTTCTTTTTTT,yes,train
376,GGCCAGGCTCTGTGACTCACGCCT,yes,train
706,TTTGAGATGGAGTCTTGCTTCATT,no,train
763,TTTTTCTTTGAGACAGAGTCACTC,yes,train
742,TTTTGTGAGACAGCCTTGCTCTGT,yes,train
731,TTTTCTTTTCTTGTGTGTTTTTTT,no,train
760,TTTTTCTTATCTTTTTTTTTTTCC,yes,train
145,ATTTTTTTGAGACAGGGTGTCACT,no,train
617,TGGCCAGGTGCGGTGGCTCACGCC,no,train
56,AGGCCGGGCATGGTGGCTCACGCT,yes,train
838,TTTTTTTTTTTTTCTTTTTTTCTT,no,train
882,TTTTTTTTTTTTTTTTTTTTTTTT,no,train
825,TTTTTTTTTTTGAGACGGAGTCTC,yes,train
541,GTTTTGCTTTTTTTTTTTTTTTTT,yes,train
655,TGTGCAGGGACTCATGACTGTAAT,yes,train
369,GGCCAGGCCCAGTGGCTCACACCT,yes,train
43,AGGCCAGACACAATGGCTCATGCT,no,train
113,ATTTATTTTATTTTTCTGAGATGG,no,train
684,TTTATTTTTAATTTTATTTTTGAG,yes,train
291,CTTTTTTTTTTTTTTTTTTTGAGA,no,train
18,AGCCAGGCGTGGTACGTAGCTCAC,yes,train
799,TTTTTTTGGTTTTTGTTTTGTTTT,no,train
716,TTTGTTTTTTTTGTTTTTTTGACA,no,train
296,CTTTTTTTTTTTTTTTTTTTTTTT,yes,train
462,GGCTGGGCGCAGTGGCTCACTCCT,yes,train
186,CCAGGCGCGGTGGCTCACACCTAT,yes,train
303,GACCAGGTGCAGTAGCTCATGCTT,yes,train
744,TTTTGTTTGTTTGTTTGTTTTGAG,no,train
858,TTTTTTTTTTTTTTTTGAGACAGG,yes,train
529,GTTCTTTTTTTTTTAGACAGCGTT,no,train
808,TTTTTTTTCTTTTTCTTTTTCTTT,no,train
303,GACCAGGTGCAGTAGCTCATGCTT,no,train
601,TGGCCAGACACAGTGGCTCATGCC,no,train
385,GGCCAGGTGCAGTGGCTCATGCTT,no,train
288,CTTTTTTTTTTTTTTTTTTGAGAC,no,train
739,TTTTGAAATGGAGTTTTGCTCAGT,no,train
273,CTTTTTTTTTTTTTGAGACAGAAT,yes,train
355,GGCCAGACGTGGTGGCTCACGCCT,no,train
733,TTTTCTTTTCTTTTCTTTTTTTTT,yes,train
411,GGCCGGGCGCAGTGGCCCACACCT,no,train
154,ATTTTTTTTTTTGAGATGGAGTCT,yes,train
424,GGCCGGGCGTGGTGGCTCACACCT,no,train
737,TTTTCTTTTTTTCTTTTTTGAGAT,no,train
442,GGCTGGGCACAGTGGCTCACACCT,yes,train
747,TTTTGTTTTGTTTTTTTTTTAAGA,yes,train
243,CTTTTCTTTTCTTTTCTTTCTTTT,yes,train
581,TCCTGGCCAACATGGTGAAACCCC,yes,train
336,GCCGGGCGTGGTGGCTCACGCCTG,yes,train
431,GGCCGGTCGTGGTGGCTCATGCCT,no,train
158,ATTTTTTTTTTTTTTAATTTTGTT,no,train
452,GGCTGGGCACGGTGGCTCGTGCTT,no,train
296,CTTTTTTTTTTTTTTTTTTTTTTT,yes,train
571,GTTTTTTTTTTTTTTTTTTTAGAT,no,train
182,CAGTGGCTCACACCTGTAATCCCA,yes,train
79,AGGCTGGGCGTGGTGGCTCACATC,no,train
162,ATTTTTTTTTTTTTTTGCGATGAA,yes,train
330,GCCAGGTGTGGTGGCTCACGCCTC,no,train
516,GGTCGGGCACGGTGGCTCATGCCT,no,train
742,TTTTGTGAGACAGCCTTGCTCTGT,yes,train
54,AGGCCGGGCACTGTGGCTTACACA,no,train
506,GGGCTGGGTGCAGTGCCTCTCGCC,no,train
420,GGCCGGGCGCGGTGGCTCACGCCT,yes,train
22,AGCCAGGTGCGGTGGCTCATGCCT,no,train
330,GCCAGGTGTGGTGGCTCACGCCTC,yes,train
547,GTTTTGTTTTTCTTTCTTTTTTTT,yes,train
443,GGCTGGGCACAGTGGCTCACACCT,no,train
676,TTGTTTTTTTTTAATTTTTTAATT,yes,train
248,CTTTTTATTTTATTTTATTCTATT,no,train
287,CTTTTTTTTTTTTTTTTTTAATTG,yes,train
144,ATTTTTTTCTTCTTTTTTCCACAG,yes,train
120,ATTTCTTTTCTTTTTTTTTTTTTT,yes,train
875,TTTTTTTTTTTTTTTTTTTTTTTA,no,train
527,GTTCTTGTTTTTGTTTTGTTTTTT,yes,train
768,TTTTTGGTTTTTTTTGTTTTTTTT,yes,train
363,GGCCAGGCACGGTGGCTCACGCCT,no,train
817,TTTTTTTTTGTTTTAGAAGGAGTT,no,train
719,TTTTATTTATTTATTTTTTGAGAG,no,train
431,GGCCGGTCGTGGTGGCTCATGCCT,no,train
519,GGTTGGGCATGGTAGCTCACACCT,yes,train
18,AGCCAGGCGTGGTACGTAGCTCAC,yes,train
510,GGGCTGGGTGTGGTGGCTCATGCC,yes,train
326,GCCAGGCATGGTGGCTCATGCCTA,yes,train
752,TTTTGTTTTTTTTTTGTTGTTGTT,no,train
453,GGCTGGGCACGGTGGCTCTCGCCT,yes,train
626,TGGCCGGGCATGGTGGCTCACGCC,yes,train
787,TTTTTTGAGACAAGGTCTTGCTCT,yes,train
643,TGGCTGGGCCCGGTGGCTCATGCC,yes,train
246,CTTTTGTTGTTTTTGAGACGGGGT,no,train
704,TTTGAGACAGAGTTTTGCTCTTAT,yes,train
791,TTTTTTGTTTGTTTTTTTGAGACA,no,train
148,ATTTTTTTGTTTTTTGGGATGGAG,no,train
363,GGCCAGGCACGGTGGCTCACGCCT,no,train
243,CTTTTCTTTTCTTTTCTTTCTTTT,yes,train
414,GGCCGGGCGCAGTGGCTCATGCCT,yes,train
124,ATTTTATTTTATTATTTTTTTTTA,no,train
447,GGCTGGGCACGAGGGCTCATGTCT,no,train
342,GCTGGATGCGGTGGCTCACGCCTG,yes,train
865,TTTTTTTTTTTTTTTTTGAGACAG,no,train
562,GTTTTTTTCTTTTTCTTTTTGAGA,no,train
419,GGCCGGGCGCGGTGGCTCACGCCT,no,train
225,CTTTATTTTATTTTCATTTTTTGG,no,train
632,TGGCCGGGCGCGGTGGCTCATGCC,no,train
644,TGGCTGGGCGCGGTGGCTCACGCC,yes,train
13,AGCCAGGCATGGTGGCTCATGCCT,yes,train
219,CTTATATTTTATTTACTTACTTAA,yes,train
751,TTTTGTTTTTTGTTGTTGTGGTGG,yes,train
541,GTTTTGCTTTTTTTTTTTTTTTTT,yes,train
344,GCTGGGCACAGTAGCTCATGCCTG,yes,train
529,GTTCTTTTTTTTTTAGACAGCGTT,no,train
199,CGCTGGGCGCGGTGGCTCACGCCT,no,train
344,GCTGGGCACAGTAGCTCATGCCTG,no,train
742,TTTTGTGAGACAGCCTTGCTCTGT,no,train
781,TTTTTTATTTTTTTGAGATGGAGT,no,train
697,TTTCTTTTTTCTGGAGACGGAGTT,yes,train
312,GAGACAGGTTCTTGATCTGTCACT,no,train
165,ATTTTTTTTTTTTTTTTGAGACAG,yes,train
254,CTTTTTGAGACGAGGTCTCACTGT,yes,train
33,AGCTGGGCGCAGTGGCTCACGCCT,no,train
291,CTTTTTTTTTTTTTTTTTTTGAGA,no,train
500,GGGCTGGGCACGGTGGCTCATGAC,yes,train
290,CTTTTTTTTTTTTTTTTTTTAATT,no,train
412,GGCCGGGCGCAGTGGCTCACACCT,yes,train
10,AGATCAGGCATGGTGGCTTACACC,no,train
417,GGCCGGGCGCGGTGGCTCACACCT,no,train
155,ATTTTTTTTTTTTTGAGACAGAGT,no,train
199,CGCTGGGCGCGGTGGCTCACGCCT,no,train
326,GCCAGGCATGGTGGCTCATGCCTA,no,train
875,TTTTTTTTTTTTTTTTTTTTTTTA,yes,train
245,CTTTTCTTTTTCTTTTCTTTTTTT,yes,train
733,TTTTCTTTTCTTTTCTTTTTTTTT,yes,train
601,TGGCCAGACACAGTGGCTCATGCC,no,train
102,ATTCTTTTTGAGACAGAGTCTCTG,no,train
543,GTTTTGTTTTGTTTTGAAAGAACG,no,train
767,TTTTTGAGACAGAGTCTCGCTCTT,no,train
733,TTTTCTTTTCTTTTCTTTTTTTTT,yes,train
821,TTTTTTTTTTCTTTTTTTTTTTTT,yes,train
661,TTCTTTTGTTTTTTTGAGATGGAG,yes,train
405,GGCCGGGCACGGTGGCTCACGCCT,no,train
506,GGGCTGGGTGCAGTGCCTCTCGCC,yes,train
280,CTTTTTTTTTTTTTTGAGAGGGAG,no,train
545,GTTTTGTTTTGTTTTTTTGAGACA,no,train
409,GGCCGGGCCCAGTGGCTCACACCT,no,train
454,GGCTGGGCAGGGTGGCTCACCCCT,yes,train
839,TTTTTTTTTTTTTGAGACTCAGGA,yes,train
166,ATTTTTTTTTTTTTTTTGAGAGGA,no,train
465,GGCTGGGCGCGGTGGCTCTTGCCT,no,train
674,TTGTTTGTTGTTTTTGAGACAGAG,yes,train
29,AGCTGGGCACGTGGCTCACACCTG,yes,train
411,GGCCGGGCGCAGTGGCCCACACCT,yes,train
572,GTTTTTTTTTTTTTTTTTTTTGAG,no,train
29,AGCTGGGCACGTGGCTCACACCTG,yes,train
336,GCCGGGCGTGGTGGCTCACGCCTG,yes,train
56,AGGCCGGGCATGGTGGCTCACGCT,yes,train
563,GTTTTTTTGTTTGTTTTGCTTTTT,yes,train
626,TGGCCGGGCATGGTGGCTCACGCC,no,train
400,GGCCGGGCACAGTGGCTCACGCCT,no,train
672,TTGTTATTTTTTATTTTTATTTTT,no,train
720,TTTTATTTTACTTTATTTTTTTTG,no,train
410,GGCCGGGCGCAATGGCTCGCGCCT,no,train
501,GGGCTGGGCATGGTGGCTCACACC,no,train
113,ATTTATTTTATTTTTCTGAGATGG,no,train
747,TTTTGTTTTGTTTTTTTTTTAAGA,yes,train
584,TCTTGTTTTTTGTTTTTTTTTTGA,yes,train
594,TGCCGGGCATGGTGGCTTGCACCT,yes,train
791,TTTTTTGTTTGTTTTTTTGAGACA,no,train
718,TTTTATTCTTTTTTTTTTTTTTTT,yes,train
330,GCCAGGTGTGGTGGCTCACGCCTC,no,train
131,ATTTTGTTGTTGTTATTTGTTTCT,no,train
254,CTTTTTGAGACGAGGTCTCACTGT,yes,train
572,GTTTTTTTTTTTTTTTTTTTTGAG,no,train
360,GGCCAGGCACAGTGGCTCACGCCT,no,train
546,GTTTTGTTTTGTTTTTTTTTTTTT,yes,train
86,AGGCTGGGTGTGGTGGCTCACGCC,no,train
825,TTTTTTTTTTTGAGACGGAGTCTC,yes,train
737,TTTTCTTTTTTTCTTTTTTGAGAT,yes,train
697,TTTCTTTTTTCTGGAGACGGAGTT,no,train
547,GTTTTGTTTTTCTTTCTTTTTTTT,yes,train
733,TTTTCTTTTCTTTTCTTTTTTTTT,yes,train
625,TGGCCGGGCATGGTGGCTCACGCC,no,train
444,GGCTGGGCACAGTGGCTCACACCT,no,train
133,ATTTTGTTTTGTTTTTGTTTTTTG,yes,train
403,GGCCGGGCACGGTGACTCATGCCT,yes,train
166,ATTTTTTTTTTTTTTTTGAGAGGA,yes,train
776,TTTTTTATTTGTGTTTTTGTTTGT,no,train
306,GACCGGGCGTAGTGGCTCACGCCT,yes,train
644,TGGCTGGGCGCGGTGGCTCACGCC,yes,train
716,TTTGTTTTTTTTGTTTTTTTGACA,yes,train
5,ACTCATGCCTGTAATCCCAGCACT,yes,train
85,AGGCTGGGTGTGGTGGCTCACGCC,no,train
719,TTTTATTTATTTATTTTTTGAGAG,no,train
776,TTTTTTATTTGTGTTTTTGTTTGT,yes,train
626,TGGCCGGGCATGGTGGCTCACGCC,no,train
595,TGCCGGGCGCGGTGGCTCACGTCT,no,train
22,AGCCAGGTGCGGTGGCTCATGCCT,no,train
204,CGGCCGGGCGCGGTGGCTCACGCC,yes,train
781,TTTTTTATTTTTTTGAGATGGAGT,yes,train
104,ATTCTTTTTTTTTTTCTTCTTTGA,no,train
443,GGCTGGGCACAGTGGCTCACACCT,yes,train
292,CTTTTTTTTTTTTTTTTTTTTTAC,yes,train
245,CTTTTCTTTTTCTTTTCTTTTTTT,no,train
144,ATTTTTTTCTTCTTTTTTCCACAG,yes,train
515,GGTCAGGCACAGTGGCTTACACCT,no,train
291,CTTTTTTTTTTTTTTTTTTTGAGA,yes,train
789,TTTTTTGTGATTTTTTTTTTTTCG,no,train
581,TCCTGGCCAACATGGTGAAACCCC,no,train
353,GGCCAAACATGGTGCCCCACGCCT,yes,train
364,GGCCAGGCACGGTGGGTCACGCCT,no,train
47,AGGCCAGGCGTGGTGGCTCATGCC,no,train
220,CTTCTTTTTTTTTTTTCTTTTGAG,no,train
719,TTTTATTTATTTATTTTTTGAGAG,yes,train
643,TGGCTGGGCCCGGTGGCTCATGCC,yes,train
801,TTTTTTTGTTTATGTGTTTGTTTT,yes,train
378,GGCCAGGGATGTTGGCTCACATCT,yes,train
462,GGCTGGGCGCAGTGGCTCACTCCT,yes,train
436,GGCTAGGCGCAGTGGCTCACTCCT,no,train
231,CTTTCTTTTTTTTTTTTTTTTTTT,no,train
727,TTTTCTTGTTTTGAGACGGAGTCT,yes,train
575,TAGTGCAATGGCGCAATCCTGGCT,yes,train
242,CTTTTCTTTTCTTGAGGCAGGGTC,yes,train
571,GTTTTTTTTTTTTTTTTTTTAGAT,no,train
175,ATTTTTTTTTTTTTTTTTTTTTTG,no,train
243,CTTTTCTTTTCTTTTCTTTCTTTT,yes,train
423,GGCCGGGCGCGGTGGCTCATGCCT,no,train
79,AGGCTGGGCGTGGTGGCTCACATC,yes,train
371,GGCCAGGCGCGGTGGCTCACGCCT,no,train
595,TGCCGGGCGCGGTGGCTCACGTCT,no,train
223,CTTTATTTATTTATTTATTTATGA,yes,train
787,TTTTTTGAGACAAGGTCTTGCTCT,yes,train
690,TTTCTGTTTTTTGTTTTTTTTTTT,yes,train
760,TTTTTCTTATCTTTTTTTTTTTCC,yes,train
584,TCTTGTTTTTTGTTTTTTTTTTGA,no,train
418,GGCCGGGCGCGGTGGCTCACACCT,no,train
191,CCGGGCACGGTGGCTCACACCTGT,no,train
312,GAGACAGGTTCTTGATCTGTCACT,no,train
313,GAGACAGTCTTGCTTTGTCGCCAG,no,train
306,GACCGGGCGTAGTGGCTCACGCCT,yes,train
736,TTTTCTTTTTCTTTTTTTTTTTTT,no,train
430,GGCCGGTCACGGTGGCTCACGCCT,yes,train
158,ATTTTTTTTTTTTTTAATTTTGTT,no,train
423,GGCCGGGCGCGGTGGCTCATGCCT,yes,train
31,AGCTGGGCATGGTGGTTCATGCCT,no,train
248,CTTTTTATTTTATTTTATTCTATT,no,train
277,CTTTTTTTTTTTTTTCTTTTTAAG,no,train
780,TTTTTTATTTTTTGAGGTGGAGTC,no,train
292,CTTTTTTTTTTTTTTTTTTTTTAC,yes,train
108,ATTTATTTATTTATTTTTGAGACA,yes,train
385,GGCCAGGTGCAGTGGCTCATGCTT,yes,train
720,TTTTATTTTACTTTATTTTTTTTG,no,train
719,TTTTATTTATTTATTTTTTGAGAG,yes,train
621,TGGCCGGGCACAGTGGCTCACGCC,no,train
175,ATTTTTTTTTTTTTTTTTTTTTTG,no,train
290,CTTTTTTTTTTTTTTTTTTTAATT,no,train
669,TTGAGACGGAGTTTCACTGGTTGC,no,train
445,GGCTGGGCACAGTGGCTCATGCCT,no,train
793,TTTTTTGTTTTGTTTTTTTTGAGA,yes,train
283,CTTTTTTTTTTTTTTTGAGATGGA,yes,train
744,TTTTGTTTGTTTGTTTGTTTTGAG,no,train
779,TTTTTTATTTTTTATTTTATTTTA,no,train
556,GTTTTTTGTTTGTTTGTTTGTTTT,yes,train
821,TTTTTTTTTTCTTTTTTTTTTTTT,yes,train
684,TTTATTTTTAATTTTATTTTTGAG,no,train
383,GGCCAGGTGCAGTGGCTCACATCT,yes,train
296,CTTTTTTTTTTTTTTTTTTTTTTT,yes,train
287,CTTTTTTTTTTTTTTTTTTAATTG,no,train
147,ATTTTTTTGTTGTTGTTGTGACTG,yes,train
489,GGGCCAGGCGGTGGCTCACGCTTG,no,train
444,GGCTGGGCACAGTGGCTCACACCT,no,train
133,ATTTTGTTTTGTTTTTGTTTTTTG,no,train
753,TTTTTATTATTTTTTTCTTTTTTA,no,train
586,TGACAGGGTCTGTCTCTGTCACAC,no,train
580,TCCAGGCATGGTGGCTCACATCTG,no,train
297,CTTTTTTTTTTTTTTTTTTTTTTT,no,train
161,ATTTTTTTTTTTTTTTAGATGGAG,yes,train
752,TTTTGTTTTTTTTTTGTTGTTGTT,no,train
42,AGGCAGGGTGCAGTGGCTCACGCC,yes,train
56,AGGCCGGGCATGGTGGCTCACGCT,yes,train
343,GCTGGGCACAATGGTTCACACCTG,no,train
865,TTTTTTTTTTTTTTTTTGAGACAG,no,train
36,AGCTGGGTGTGGTGGCTCATACCT,yes,train
466,GGCTGGGCGTAGTGGCTCACACCT,yes,train
457,GGCTGGGCATGGTGGTTCACACCT,yes,train
735,TTTTCTTTTTCTTTTCTTTTTTTT,yes,train
466,GGCTGGGCGTAGTGGCTCACACCT,no,train
373,GGCCAGGCGCGGTGGCTCATCCCT,no,train
343,GCTGGGCACAATGGTTCACACCTG,yes,train
272,CTTTTTTTTTTTTGAGACAAGGGT,yes,train
660,TTCTTTTATTTTTTTTGAGATGGA,yes,train
696,TTTCTTTTTTCTAAGACAGAGTCT,no,train
290,CTTTTTTTTTTTTTTTTTTTAATT,no,train
38,AGCTGGGTGTTTTGGCTCAGGCCT,yes,train
829,TTTTTTTTTTTTAAAGACAGGGTC,yes,train
780,TTTTTTATTTTTTGAGGTGGAGTC,no,train
504,GGGCTGGGCGCGGTGGCTCTCGCC,no,train
817,TTTTTTTTTGTTTTAGAAGGAGTT,yes,train
560,GTTTTTTTATTTTTATTTTTGGAG,yes,train
320,GCAGTGGCCCACGCCTGTAATCCC,no,train
216,CTGGGCTCAGTGGCTCACACCTGT,yes,train
666,TTCTTTTTTTTTTTGAGACGGAGT,yes,train
113,ATTTATTTTATTTTTCTGAGATGG,no,train
10,AGATCAGGCATGGTGGCTTACACC,no,train
526,GTGGCTCATGCCTGTAATCCCAGC,no,train
396,GGCCGAGCGTGATGGCTCACCCCT,yes,train
18,AGCCAGGCGTGGTACGTAGCTCAC,no,train
742,TTTTGTGAGACAGCCTTGCTCTGT,yes,train
200,CGCTGGGTACAGTTGCTTACACCT,no,train
670,TTGCCCAGGCTGGAGTGCAGGGCG,yes,train
283,CTTTTTTTTTTTTTTTGAGATGGA,yes,train
24,AGCCGGGCATGGTGGCTCACGCCC,no,train
75,AGGCTGGGCATGGTGGCTCATGCC,no,train
53,AGGCCGGGCACGGTGGCTCACACC,yes,train
675,TTGTTTTTTGTTTTTTTGTTTTTT,yes,train
543,GTTTTGTTTTGTTTTGAAAGAACG,no,train
153,ATTTTTTTTTTTGACAGAGTCTTG,yes,train
452,GGCTGGGCACGGTGGCTCGTGCTT,no,train
661,TTCTTTTGTTTTTTTGAGATGGAG,no,train
348,GCTGGGTGGGGTGGCTCACACCCG,yes,train
155,ATTTTTTTTTTTTTGAGACAGAGT,yes,train
43,AGGCCAGACACAATGGCTCATGCT,no,train
271,CTTTTTTTTTTTTCGAGACACGGT,no,train
54,AGGCCGGGCACTGTGGCTTACACA,no,train
871,TTTTTTTTTTTTTTTTTTTTGAGG,no,train
13,AGCCAGGCATGGTGGCTCATGCCT,yes,train
585,TCTTTTTTTTTTTTTCTTTTTGAG,no,train
343,GCTGGGCACAATGGTTCACACCTG,no,train
132,ATTTTGTTTTGTTTTGGTTTTTTG,yes,train
386,GGCCAGGTGCAGTGGCTCATTCCT,no,train
696,TTTCTTTTTTCTAAGACAGAGTCT,yes,train
