species,region_id,source_row_id,label,split,Chr,Position,Strand,Local_Position,EditingLevel,source_file
Octopus,KQ423286:+:77406:77847,48344,no,train,KQ423286,77455,+,62,0,Octopus_prebalancing.csv.gz
Octopus,KQ420776:-:126654:127969,36510,yes,train,KQ420776,126828,-,379,0.1651376146788991,Octopus_prebalancing.csv.gz
Octopus,KQ424114:+:62091:63803,51388,yes,train,KQ424114,62256,+,107,0.1578947368421052,Octopus_prebalancing.csv.gz
Octopus,KQ419904:+:185913:188166,30612,no,train,KQ419904,186219,+,91,0,Octopus_prebalancing.csv.gz
Octopus,KQ419333:-:48712:50653,28400,yes,train,KQ419333,48960,-,285,0.8795430944963655,Octopus_prebalancing.csv.gz
Octopus,KQ417300:+:2429385:2432147,13790,yes,train,KQ417300,2430309,+,200,0.4470588235294118,Octopus_prebalancing.csv.gz
Octopus,KQ417824:+:996158:998152,17939,no,train,KQ417824,996739,+,81,0,Octopus_prebalancing.csv.gz
Octopus,KQ428492:-:1282:4024,60364,yes,train,KQ428492,2604,-,350,0.4745762711864407,Octopus_prebalancing.csv.gz
Octopus,KQ423868:-:105653:108514,50876,no,train,KQ423868,106654,-,178,0,Octopus_prebalancing.csv.gz
Octopus,KQ421754:+:100818:101846,42319,no,train,KQ421754,101107,+,24,0,Octopus_prebalancing.csv.gz
Octopus,KQ416447:+:102891:107608,7277,yes,train,KQ416447,106762,+,86,0.9305019305019304,Octopus_prebalancing.csv.gz
Octopus,KQ417981:+:533430:537772,19289,no,train,KQ417981,535933,+,251,0,Octopus_prebalancing.csv.gz
Octopus,KQ420814:-:214427:225131,36965,no,train,KQ420814,223623,-,114,0,Octopus_prebalancing.csv.gz
Octopus,KQ415952:-:300894:302128,3656,yes,train,KQ415952,300954,-,149,0.7007042253521126,Octopus_prebalancing.csv.gz
Octopus,KQ416745:-:302420:302572,10065,no,train,KQ416745,302447,-,160,0,Octopus_prebalancing.csv.gz
Octopus,KQ418296:-:383881:384204,22234,no,train,KQ418296,384212,-,10,0,Octopus_prebalancing.csv.gz
Octopus,KQ420017:+:341685:342236,31412,no,train,KQ420017,341763,+,29,0,Octopus_prebalancing.csv.gz
Octopus,KQ418240:+:141891:142491,21861,no,train,KQ418240,142183,+,239,0,Octopus_prebalancing.csv.gz
Octopus,KQ420157:+:154445:155503,32801,yes,train,KQ420157,154657,+,197,0.4213381555153707,Octopus_prebalancing.csv.gz
Octopus,KQ426725:-:15091:29138,57380,yes,train,KQ426725,22625,-,223,0.4682539682539682,Octopus_prebalancing.csv.gz
Octopus,KQ420442:-:26593:27410,34273,no,train,KQ420442,26705,-,242,0,Octopus_prebalancing.csv.gz
Octopus,KQ416478:-:33961:35095,7538,no,train,KQ416478,34389,-,249,0,Octopus_prebalancing.csv.gz
Octopus,KQ428115:+:154085:163627,59935,yes,train,KQ428115,156752,+,209,0.3495934959349593,Octopus_prebalancing.csv.gz
Octopus,KQ417981:+:533430:537772,19297,no,train,KQ417981,535975,+,293,0,Octopus_prebalancing.csv.gz
Octopus,KQ423780:-:930629:943739,50492,yes,train,KQ423780,939202,-,73,0.3706004140786749,Octopus_prebalancing.csv.gz
Octopus,KQ422211:-:118854:119123,44441,yes,train,KQ422211,118911,-,227,0.3853383458646616,Octopus_prebalancing.csv.gz
Octopus,KQ424114:+:62091:63803,51420,no,train,KQ424114,62328,+,179,0,Octopus_prebalancing.csv.gz
Octopus,KQ416839:+:123127:129250,10810,no,train,KQ416839,125169,+,174,0,Octopus_prebalancing.csv.gz
Octopus,KQ430889:-:120538:121611,62623,yes,train,KQ430889,121565,-,13,0.3977746870653685,Octopus_prebalancing.csv.gz
Octopus,KQ419175:-:3377:3779,27462,no,train,KQ419175,3607,-,120,0,Octopus_prebalancing.csv.gz
Octopus,KQ416524:+:12270:12515,7777,no,train,KQ416524,12413,+,199,0,Octopus_prebalancing.csv.gz
Octopus,KQ417318:-:474342:477099,14081,yes,train,KQ417318,476133,-,361,0.5098039215686274,Octopus_prebalancing.csv.gz
Octopus,KQ420126:+:474219:480496,32187,yes,train,KQ420126,478926,+,31,0.2543554006968641,Octopus_prebalancing.csv.gz
Octopus,KQ416454:-:22401:23502,7409,yes,train,KQ416454,23118,-,49,0.6442048517520216,Octopus_prebalancing.csv.gz
Octopus,KQ426499:-:175674:176165,56739,no,train,KQ426499,175741,-,205,0,Octopus_prebalancing.csv.gz
Octopus,KQ417538:+:78848:83461,15542,no,train,KQ417538,82558,+,33,0,Octopus_prebalancing.csv.gz
Octopus,KQ421356:-:55274:57599,40213,no,train,KQ421356,56246,-,26,0,Octopus_prebalancing.csv.gz
Octopus,KQ418520:-:135456:135922,24051,no,train,KQ418520,135722,-,131,0,Octopus_prebalancing.csv.gz
Octopus,KQ428115:+:154085:163627,59941,yes,train,KQ428115,156775,+,232,1,Octopus_prebalancing.csv.gz
Octopus,KQ423634:+:264513:265719,50296,yes,train,KQ423634,264539,+,65,0.16875,Octopus_prebalancing.csv.gz
Octopus,KQ431041:-:72960:75607,62790,yes,train,KQ431041,74829,-,32,0.331578947368421,Octopus_prebalancing.csv.gz
Octopus,KQ419326:-:650273:654129,28333,no,train,KQ419326,652945,-,95,0,Octopus_prebalancing.csv.gz
Octopus,KQ419640:-:151391:151719,30084,no,train,KQ419640,151733,-,2,0,Octopus_prebalancing.csv.gz
Octopus,KQ430889:-:120538:121611,62534,no,train,KQ430889,121103,-,272,0,Octopus_prebalancing.csv.gz
Octopus,KQ416092:+:321624:324839,4489,yes,train,KQ416092,322933,+,239,0.2874251497005988,Octopus_prebalancing.csv.gz
Octopus,KQ426505:-:176528:177288,57062,no,train,KQ426505,176609,-,208,0,Octopus_prebalancing.csv.gz
Octopus,KQ417977:+:400516:401523,19082,no,train,KQ417977,401058,+,3,0,Octopus_prebalancing.csv.gz
Octopus,KQ423677:+:105301:111458,50365,no,train,KQ423677,110636,+,4,0,Octopus_prebalancing.csv.gz
Octopus,KQ425784:-:3323:3828,55856,yes,train,KQ425784,3672,-,63,0.9938837920489296,Octopus_prebalancing.csv.gz
Octopus,KQ418873:+:627338:632183,26139,yes,train,KQ418873,629042,+,284,0.5752688172043011,Octopus_prebalancing.csv.gz
Octopus,KQ418545:+:60899:66262,24482,no,train,KQ418545,61308,+,115,0,Octopus_prebalancing.csv.gz
Octopus,KQ421411:+:481404:484595,40950,yes,train,KQ421411,484474,+,482,0.5336134453781513,Octopus_prebalancing.csv.gz
Octopus,KQ417318:-:213492:213693,14051,no,train,KQ417318,213725,-,10,0,Octopus_prebalancing.csv.gz
Octopus,KQ423069:+:40459:43239,47506,yes,train,KQ423069,42017,+,89,0.6476190476190476,Octopus_prebalancing.csv.gz
Octopus,KQ418370:+:163018:164778,23107,no,train,KQ418370,164267,+,46,0,Octopus_prebalancing.csv.gz
Octopus,KQ425492:+:127950:131947,55038,no,train,KQ425492,128035,+,171,0,Octopus_prebalancing.csv.gz
Octopus,KQ419333:-:48712:50653,28397,yes,train,KQ419333,48953,-,292,0.912962962962963,Octopus_prebalancing.csv.gz
Octopus,KQ416738:+:179376:181420,10020,no,train,KQ416738,181323,+,137,0,Octopus_prebalancing.csv.gz
Octopus,KQ416338:-:608611:614029,7002,no,train,KQ416338,612160,-,71,0,Octopus_prebalancing.csv.gz
Octopus,KQ415932:-:635916:641977,3237,yes,train,KQ415932,637773,-,153,0.2396694214876033,Octopus_prebalancing.csv.gz
Octopus,KQ426843:-:39691:51826,57706,no,train,KQ426843,41244,-,282,0,Octopus_prebalancing.csv.gz
Octopus,KQ423831:+:6585:13257,50600,no,train,KQ423831,7562,+,7,0,Octopus_prebalancing.csv.gz
Octopus,KQ420776:-:126654:127969,36598,yes,train,KQ420776,127253,-,78,0.8682634730538922,Octopus_prebalancing.csv.gz
Octopus,KQ427945:-:16056:18765,59737,yes,train,KQ427945,17931,-,146,0.2195121951219512,Octopus_prebalancing.csv.gz
Octopus,KQ420776:-:126654:127969,36617,no,train,KQ420776,127320,-,11,0,Octopus_prebalancing.csv.gz
Octopus,KQ421638:+:30744:34531,41546,no,train,KQ421638,32671,+,311,0,Octopus_prebalancing.csv.gz
Octopus,KQ423217:+:221921:225946,48049,no,train,KQ423217,225695,+,319,0,Octopus_prebalancing.csv.gz
Octopus,KQ422024:-:86095:88285,43847,yes,train,KQ422024,86699,-,115,0.2619047619047619,Octopus_prebalancing.csv.gz
Octopus,KQ415951:+:107290:108224,3622,yes,train,KQ415951,108055,+,264,0.8208955223880597,Octopus_prebalancing.csv.gz
Octopus,KQ417318:-:474342:477099,14067,no,train,KQ417318,476097,-,397,0,Octopus_prebalancing.csv.gz
Octopus,KQ422557:+:3215:3432,46064,yes,train,KQ422557,3341,+,130,0.8670694864048338,Octopus_prebalancing.csv.gz
Octopus,KQ416235:-:90868:101227,5850,yes,train,KQ416235,94613,-,523,0.7049180327868853,Octopus_prebalancing.csv.gz
Octopus,KQ424629:-:128331:133319,52730,yes,train,KQ424629,130616,-,9,0.1666666666666666,Octopus_prebalancing.csv.gz
Octopus,KQ418711:+:1001297:1002273,25235,no,train,KQ418711,1001287,+,4,0,Octopus_prebalancing.csv.gz
Octopus,KQ415902:+:342156:348792,2667,no,train,KQ415902,345138,+,178,0,Octopus_prebalancing.csv.gz
Octopus,KQ420673:+:337736:338163,35739,no,train,KQ420673,337727,+,21,0,Octopus_prebalancing.csv.gz
Octopus,KQ420157:+:154445:155503,32752,no,train,KQ420157,154479,+,19,0,Octopus_prebalancing.csv.gz
Octopus,KQ425188:-:53630:54936,53883,no,train,KQ425188,54164,-,150,0,Octopus_prebalancing.csv.gz
Octopus,KQ422033:-:18330:23008,44127,yes,train,KQ422033,20401,-,70,0.4969325153374233,Octopus_prebalancing.csv.gz
Octopus,KQ419593:-:1573:3918,29968,no,train,KQ419593,3096,-,58,0,Octopus_prebalancing.csv.gz
Octopus,KQ422138:+:334200:339109,44343,no,train,KQ422138,336632,+,258,0,Octopus_prebalancing.csv.gz
Octopus,KQ422245:+:81496:84013,44818,yes,train,KQ422245,82197,+,443,0.2736535662299854,Octopus_prebalancing.csv.gz
Octopus,KQ424745:+:14972:15648,53042,no,train,KQ424745,15175,+,92,0,Octopus_prebalancing.csv.gz
Octopus,KQ417819:+:73313:77380,17901,yes,train,KQ417819,77225,+,469,0.8217054263565892,Octopus_prebalancing.csv.gz
Octopus,KQ423286:+:77406:77847,48360,no,train,KQ423286,77515,+,122,0,Octopus_prebalancing.csv.gz
Octopus,KQ423069:+:40459:43239,47696,no,train,KQ423069,42711,+,786,0,Octopus_prebalancing.csv.gz
Octopus,KQ427011:+:44729:52161,58142,no,train,KQ427011,48116,+,33,0,Octopus_prebalancing.csv.gz
Octopus,KQ415932:-:635916:641977,3143,no,train,KQ415932,637010,-,496,0,Octopus_prebalancing.csv.gz
Octopus,KQ420690:-:166278:172996,36221,no,train,KQ420690,170745,-,224,0,Octopus_prebalancing.csv.gz
Octopus,KQ416694:-:792688:795938,9551,yes,train,KQ416694,795697,-,260,0.3529411764705882,Octopus_prebalancing.csv.gz
Octopus,KQ417062:+:126881:128514,11999,yes,train,KQ417062,128339,+,255,0.3620689655172414,Octopus_prebalancing.csv.gz
Octopus,KQ418873:+:627338:632183,26196,no,train,KQ418873,629329,+,490,0,Octopus_prebalancing.csv.gz
Octopus,KQ418194:+:1474491:1484481,21376,no,train,KQ418194,1474563,+,42,0,Octopus_prebalancing.csv.gz
Octopus,KQ420439:-:206479:216794,34154,yes,train,KQ420439,214111,-,335,0.3994169096209912,Octopus_prebalancing.csv.gz
Octopus,KQ420690:-:166278:172996,36200,no,train,KQ420690,166972,-,288,0,Octopus_prebalancing.csv.gz
Octopus,KQ422521:-:282473:284879,46041,no,train,KQ422521,283877,-,27,0,Octopus_prebalancing.csv.gz
Octopus,KQ432038:+:338791:339606,63329,yes,train,KQ432038,338904,+,52,0.4245283018867924,Octopus_prebalancing.csv.gz
Octopus,KQ416404:-:273714:275131,7239,yes,train,KQ416404,274659,-,17,0.56353591160221,Octopus_prebalancing.csv.gz
Octopus,KQ421150:-:83423:84625,39338,no,train,KQ421150,83418,-,190,0,Octopus_prebalancing.csv.gz
Octopus,KQ417847:-:1095310:1097869,18072,yes,train,KQ417847,1096199,-,15,0.6974789915966386,Octopus_prebalancing.csv.gz
Octopus,KQ418194:+:1474491:1484481,21387,no,train,KQ418194,1474614,+,93,0,Octopus_prebalancing.csv.gz
Octopus,KQ418328:+:566027:566284,22638,no,train,KQ418328,566241,+,186,0,Octopus_prebalancing.csv.gz
Octopus,KQ418420:-:72827:73422,23423,no,train,KQ418420,73312,-,127,0,Octopus_prebalancing.csv.gz
Octopus,KQ428036:-:63183:64283,59856,no,train,KQ428036,64070,-,224,0,Octopus_prebalancing.csv.gz
Octopus,KQ421356:-:55274:57599,40209,yes,train,KQ421356,56235,-,37,0.2651515151515151,Octopus_prebalancing.csv.gz
Octopus,KQ416235:-:90868:101227,5816,no,train,KQ416235,94494,-,642,0,Octopus_prebalancing.csv.gz
Octopus,KQ419376:+:613064:619101,28626,no,train,KQ419376,614036,+,268,0,Octopus_prebalancing.csv.gz
Octopus,KQ420639:-:761470:762620,35359,no,train,KQ420639,762577,-,70,0,Octopus_prebalancing.csv.gz
Octopus,KQ416447:+:102891:107608,7323,no,train,KQ416447,106936,+,266,0,Octopus_prebalancing.csv.gz
Octopus,KQ420776:+:373017:378761,36673,yes,train,KQ420776,377411,+,119,0.3893034825870646,Octopus_prebalancing.csv.gz
Octopus,KQ422889:+:586795:590174,47125,no,train,KQ422889,589581,+,246,0,Octopus_prebalancing.csv.gz
Octopus,KQ416616:-:2448886:2456080,8846,yes,train,KQ416616,2452931,-,250,0.4417177914110429,Octopus_prebalancing.csv.gz
Octopus,KQ416188:+:304409:307535,5174,no,train,KQ416188,307229,+,106,0,Octopus_prebalancing.csv.gz
Octopus,KQ416839:+:123127:129250,10800,no,train,KQ416839,125138,+,143,0,Octopus_prebalancing.csv.gz
Octopus,KQ416235:-:90868:101227,5952,yes,train,KQ416235,95033,-,97,0.3529411764705882,Octopus_prebalancing.csv.gz
Octopus,KQ428115:+:154085:163627,59953,yes,train,KQ428115,156806,+,263,0.2071428571428571,Octopus_prebalancing.csv.gz
Octopus,KQ422263:-:237976:240872,45076,yes,train,KQ422263,238943,-,61,0.8888888888888888,Octopus_prebalancing.csv.gz
Octopus,KQ422658:+:192535:194721,46253,no,train,KQ422658,193037,+,211,0,Octopus_prebalancing.csv.gz
Octopus,KQ419605:-:241267:241449,29984,yes,train,KQ419605,241449,-,24,0.5958904109589042,Octopus_prebalancing.csv.gz
Octopus,KQ417233:+:10478:14651,12859,yes,train,KQ417233,11219,+,153,0.5958904109589042,Octopus_prebalancing.csv.gz
Octopus,KQ430226:+:39098:42554,61934,no,train,KQ430226,39495,+,278,0,Octopus_prebalancing.csv.gz
Octopus,KQ422024:-:86095:88285,43871,yes,train,KQ422024,86768,-,46,0.4383954154727794,Octopus_prebalancing.csv.gz
Octopus,KQ417497:-:841461:844909,15395,no,train,KQ417497,844660,-,30,0,Octopus_prebalancing.csv.gz
Octopus,KQ427587:+:206953:208278,59263,yes,train,KQ427587,208258,+,174,0.4134897360703812,Octopus_prebalancing.csv.gz
Octopus,KQ424265:+:36818:40887,52140,no,train,KQ424265,38697,+,259,0,Octopus_prebalancing.csv.gz
Octopus,KQ419936:+:194439:199406,30756,no,train,KQ419936,195158,+,59,0,Octopus_prebalancing.csv.gz
Octopus,KQ421638:+:30744:34531,41548,no,train,KQ421638,32674,+,314,0,Octopus_prebalancing.csv.gz
Octopus,KQ415659:+:531021:534837,4,no,train,KQ415659,531572,+,8,0,Octopus_prebalancing.csv.gz
Octopus,KQ417540:+:31885:32817,15629,no,train,KQ417540,31756,+,8,0,Octopus_prebalancing.csv.gz
Octopus,KQ420550:-:94093:103027,35010,no,train,KQ420550,102578,-,59,0,Octopus_prebalancing.csv.gz
Octopus,KQ421593:+:127708:132553,41397,yes,train,KQ421593,129849,+,86,0.5989010989010989,Octopus_prebalancing.csv.gz
Octopus,KQ417318:-:474342:477099,14172,yes,train,KQ417318,477012,-,20,0.237851662404092,Octopus_prebalancing.csv.gz
Octopus,KQ416929:+:777857:781590,11219,yes,train,KQ416929,778726,+,351,0.1528662420382165,Octopus_prebalancing.csv.gz
Octopus,KQ425000:-:95535:96095,53282,no,train,KQ425000,95547,-,194,0,Octopus_prebalancing.csv.gz
Octopus,KQ431895:+:3872:10596,63154,yes,train,KQ431895,10175,+,587,0.8219895287958116,Octopus_prebalancing.csv.gz
Octopus,KQ422437:-:1471:5030,45425,no,train,KQ422437,2755,-,141,0,Octopus_prebalancing.csv.gz
Octopus,KQ421523:-:1031217:1031576,41307,no,train,KQ421523,1031421,-,171,0,Octopus_prebalancing.csv.gz
Octopus,KQ422458:-:98826:101081,45491,yes,train,KQ422458,99728,-,360,0.1701680672268907,Octopus_prebalancing.csv.gz
Octopus,KQ420595:+:432507:442232,35255,yes,train,KQ420595,438429,+,258,0.2666666666666666,Octopus_prebalancing.csv.gz
Octopus,KQ423384:-:323447:334825,48522,yes,train,KQ423384,324585,-,182,0.4664764621968616,Octopus_prebalancing.csv.gz
Octopus,KQ423638:-:194426:197345,50346,no,train,KQ423638,196413,-,75,0,Octopus_prebalancing.csv.gz
Octopus,KQ419936:+:194439:199406,30764,no,train,KQ419936,195174,+,75,0,Octopus_prebalancing.csv.gz
Octopus,KQ420017:+:341685:342236,31437,no,train,KQ420017,341839,+,105,0,Octopus_prebalancing.csv.gz
Octopus,KQ418173:+:55052:55599,20884,no,train,KQ418173,55036,+,11,0,Octopus_prebalancing.csv.gz
Octopus,KQ417620:-:314872:315736,16071,no,train,KQ417620,315648,-,99,0,Octopus_prebalancing.csv.gz
Octopus,KQ416152:+:431359:432163,4806,no,train,KQ416152,432140,+,164,0,Octopus_prebalancing.csv.gz
Octopus,KQ420776:+:373017:378761,36731,yes,train,KQ420776,377594,+,306,0.779050736497545,Octopus_prebalancing.csv.gz
Octopus,KQ423069:+:80845:85639,47765,yes,train,KQ423069,81578,+,12,0.3106796116504854,Octopus_prebalancing.csv.gz
Octopus,KQ421638:+:482367:484785,41713,no,train,KQ421638,484289,+,189,0,Octopus_prebalancing.csv.gz
Octopus,KQ423677:+:105301:111458,50448,yes,train,KQ423677,111452,+,424,0.8,Octopus_prebalancing.csv.gz
Octopus,KQ419281:+:554403:559442,28080,no,train,KQ419281,556496,+,145,0,Octopus_prebalancing.csv.gz
Octopus,KQ423574:-:83008:86955,49785,no,train,KQ423574,83694,-,3,0,Octopus_prebalancing.csv.gz
Octopus,KQ419593:-:1573:3918,29951,no,train,KQ419593,3023,-,131,0,Octopus_prebalancing.csv.gz
Octopus,KQ417497:-:841461:844909,15393,no,train,KQ417497,844653,-,37,0,Octopus_prebalancing.csv.gz
Octopus,KQ417245:+:359507:360722,13270,yes,train,KQ417245,360170,+,569,1,Octopus_prebalancing.csv.gz
Octopus,KQ420409:-:382365:396926,33891,yes,train,KQ420409,386376,-,304,0.6370757180156658,Octopus_prebalancing.csv.gz
Octopus,KQ418525:-:269185:270140,24162,no,train,KQ418525,269304,-,120,0,Octopus_prebalancing.csv.gz
Octopus,KQ417245:+:359507:360722,13140,yes,train,KQ417245,359595,+,98,0.1538461538461538,Octopus_prebalancing.csv.gz
Octopus,KQ425412:-:23488:31286,54872,yes,train,KQ425412,24127,-,38,0.4638906961613533,Octopus_prebalancing.csv.gz
Octopus,KQ415674:-:864176:867443,529,no,train,KQ415674,864629,-,325,0,Octopus_prebalancing.csv.gz
Octopus,KQ416478:-:33961:35095,7528,yes,train,KQ416478,34367,-,271,0.2404371584699453,Octopus_prebalancing.csv.gz
Octopus,KQ427059:+:265359:268626,58333,no,train,KQ427059,265735,+,5,0,Octopus_prebalancing.csv.gz
Octopus,KQ418475:+:151074:154011,23826,yes,train,KQ418475,151617,+,91,0.5041322314049587,Octopus_prebalancing.csv.gz
Octopus,KQ420299:-:531133:532105,33297,no,train,KQ420299,531747,-,147,0,Octopus_prebalancing.csv.gz
Octopus,KQ417482:+:378219:384475,15158,yes,train,KQ417482,380257,+,95,0.1777777777777777,Octopus_prebalancing.csv.gz
Octopus,KQ415687:+:621295:623555,1033,no,train,KQ415687,623444,+,158,0,Octopus_prebalancing.csv.gz
Octopus,KQ416087:-:494228:496857,4329,yes,train,KQ416087,495844,-,124,0.168,Octopus_prebalancing.csv.gz
Octopus,KQ425434:-:144233:145366,54921,no,train,KQ425434,144580,-,23,0,Octopus_prebalancing.csv.gz
Octopus,KQ418475:+:151074:154011,23852,yes,train,KQ418475,151702,+,176,0.9807692307692308,Octopus_prebalancing.csv.gz
Octopus,KQ420796:-:186152:188342,36785,yes,train,KQ420796,187190,-,266,0.8656126482213439,Octopus_prebalancing.csv.gz
Octopus,KQ418190:+:14761:17774,21244,yes,train,KQ418190,17296,+,124,0.4327323162274618,Octopus_prebalancing.csv.gz
Octopus,KQ416788:-:74481:75947,10356,yes,train,KQ416788,74665,-,426,0.5679012345679012,Octopus_prebalancing.csv.gz
Octopus,KQ418580:+:701924:705836,24863,no,train,KQ418580,703332,+,156,0,Octopus_prebalancing.csv.gz
Octopus,KQ416235:-:90868:101227,5863,yes,train,KQ416235,94662,-,474,0.2892561983471074,Octopus_prebalancing.csv.gz
Octopus,KQ423507:-:29672:30101,49109,yes,train,KQ423507,29924,-,159,0.424,Octopus_prebalancing.csv.gz
Octopus,KQ417620:-:314872:315736,16003,yes,train,KQ417620,315219,-,396,0.8937728937728938,Octopus_prebalancing.csv.gz
Octopus,KQ431895:+:3872:10596,63237,yes,train,KQ431895,10395,+,807,0.8923076923076924,Octopus_prebalancing.csv.gz
Octopus,KQ416338:-:608611:614029,7001,no,train,KQ416338,612153,-,78,0,Octopus_prebalancing.csv.gz
Octopus,KQ431895:+:3872:10596,63122,yes,train,KQ431895,10070,+,482,0.71280276816609,Octopus_prebalancing.csv.gz
Octopus,KQ416941:+:13686:14479,11230,yes,train,KQ416941,14040,+,250,0.4952380952380952,Octopus_prebalancing.csv.gz
Octopus,KQ430572:+:128019:128398,62147,yes,train,KQ430572,128292,+,235,0.5038461538461538,Octopus_prebalancing.csv.gz
Octopus,KQ415916:+:257044:260762,2901,no,train,KQ415916,257164,+,153,0,Octopus_prebalancing.csv.gz
Octopus,KQ427174:-:5830:9422,58852,yes,train,KQ427174,7889,-,160,0.3544303797468354,Octopus_prebalancing.csv.gz
Octopus,KQ423001:-:465023:468835,47274,no,train,KQ423001,467359,-,182,0,Octopus_prebalancing.csv.gz
Octopus,KQ418194:+:1474491:1484481,21395,no,train,KQ418194,1474653,+,132,0,Octopus_prebalancing.csv.gz
Octopus,KQ430226:+:39098:42554,61861,no,train,KQ430226,39246,+,27,0,Octopus_prebalancing.csv.gz
Octopus,KQ421375:-:86931:88834,40637,yes,train,KQ421375,88103,-,40,0.1538461538461538,Octopus_prebalancing.csv.gz
Octopus,KQ420505:-:309677:312029,34788,yes,train,KQ420505,311412,-,237,0.1796875,Octopus_prebalancing.csv.gz
Octopus,KQ421853:+:890022:894608,43473,yes,train,KQ421853,894263,+,209,0.8237476808905381,Octopus_prebalancing.csv.gz
Octopus,KQ421143:+:354283:363501,39295,no,train,KQ421143,360609,+,118,0,Octopus_prebalancing.csv.gz
Octopus,KQ416694:+:2524832:2531725,9677,yes,train,KQ416694,2525003,+,28,0.432,Octopus_prebalancing.csv.gz
Octopus,KQ419098:-:224612:226065,27124,yes,train,KQ419098,225879,-,25,0.4076433121019108,Octopus_prebalancing.csv.gz
Octopus,KQ421117:+:1266315:1274800,39009,yes,train,KQ421117,1272761,+,122,0.6846153846153846,Octopus_prebalancing.csv.gz
Octopus,KQ427174:-:5830:9422,58812,yes,train,KQ427174,6563,-,323,0.1540983606557377,Octopus_prebalancing.csv.gz
Octopus,KQ428981:-:169360:173915,61219,no,train,KQ428981,172875,-,118,0,Octopus_prebalancing.csv.gz
Octopus,KQ426725:-:15091:29138,57347,no,train,KQ426725,22542,-,306,0,Octopus_prebalancing.csv.gz
Octopus,KQ424997:-:24557:25090,53220,no,train,KQ424997,24701,-,151,0,Octopus_prebalancing.csv.gz
Octopus,KQ426505:+:1446:1695,56797,yes,train,KQ426505,1604,+,195,0.5761904761904761,Octopus_prebalancing.csv.gz
Octopus,KQ422437:-:1471:5030,45410,no,train,KQ422437,2683,-,219,0,Octopus_prebalancing.csv.gz
Octopus,KQ415907:+:346698:348754,2739,yes,train,KQ415907,348435,+,166,0.8991596638655462,Octopus_prebalancing.csv.gz
Octopus,KQ428863:+:98024:102390,61044,no,train,KQ428863,100136,+,191,0,Octopus_prebalancing.csv.gz
Octopus,KQ420660:+:206788:209565,35594,no,train,KQ420660,207884,+,409,0,Octopus_prebalancing.csv.gz
Octopus,KQ426215:+:29905:30045,56286,no,train,KQ426215,29887,+,41,0,Octopus_prebalancing.csv.gz
Octopus,KQ425067:-:59117:68620,53711,yes,train,KQ425067,64282,-,107,0.3043478260869565,Octopus_prebalancing.csv.gz
Octopus,KQ416765:+:257582:260724,10158,yes,train,KQ416765,259756,+,67,0.9338842975206612,Octopus_prebalancing.csv.gz
Octopus,KQ425304:+:77679:80253,54716,yes,train,KQ425304,78559,+,202,0.1533923303834808,Octopus_prebalancing.csv.gz
Octopus,KQ415684:+:1795785:1804292,808,yes,train,KQ415684,1803154,+,282,0.2429906542056074,Octopus_prebalancing.csv.gz
Octopus,KQ418190:+:14761:17774,21260,yes,train,KQ418190,17454,+,181,0.2674418604651162,Octopus_prebalancing.csv.gz
Octopus,KQ415863:-:106598:111978,2335,no,train,KQ415863,107211,-,20,0,Octopus_prebalancing.csv.gz
Octopus,KQ433284:-:17319:18995,63728,no,train,KQ433284,18608,-,140,0,Octopus_prebalancing.csv.gz
Octopus,KQ426988:+:12305:13448,57906,no,train,KQ426988,12301,+,24,0,Octopus_prebalancing.csv.gz
Octopus,KQ425344:-:44324:44490,54785,no,train,KQ425344,44566,-,6,0,Octopus_prebalancing.csv.gz
Octopus,KQ417620:-:314872:315736,16019,yes,train,KQ417620,315428,-,319,0.680672268907563,Octopus_prebalancing.csv.gz
Octopus,KQ423509:-:57830:68774,49193,yes,train,KQ423509,62581,-,55,0.2784810126582278,Octopus_prebalancing.csv.gz
Octopus,KQ432638:+:110684:118491,63567,no,train,KQ432638,116560,+,178,0,Octopus_prebalancing.csv.gz
Octopus,KQ416738:+:179376:181420,10046,no,train,KQ416738,181394,+,208,0,Octopus_prebalancing.csv.gz
Octopus,KQ417620:-:314872:315736,15922,yes,train,KQ417620,314992,-,623,0.44,Octopus_prebalancing.csv.gz
Octopus,KQ427812:-:11379:11735,59551,yes,train,KQ427812,11648,-,49,0.5387596899224806,Octopus_prebalancing.csv.gz
Octopus,KQ420157:+:154445:155503,32759,no,train,KQ420157,154496,+,36,0,Octopus_prebalancing.csv.gz
Octopus,KQ420828:-:1590008:1590392,37215,yes,train,KQ420828,1590030,-,310,0.93,Octopus_prebalancing.csv.gz
Octopus,KQ430889:-:120538:121611,62532,no,train,KQ430889,121099,-,276,0,Octopus_prebalancing.csv.gz
Octopus,KQ422866:-:193298:197038,47016,yes,train,KQ422866,194598,-,255,0.9230769230769232,Octopus_prebalancing.csv.gz
Octopus,KQ417847:-:1095310:1097869,18031,yes,train,KQ417847,1095530,-,213,0.4615384615384615,Octopus_prebalancing.csv.gz
Octopus,KQ418240:+:141891:142491,21839,no,train,KQ418240,142130,+,186,0,Octopus_prebalancing.csv.gz
Octopus,KQ416678:-:507714:508728,9262,no,train,KQ416678,507700,-,400,0,Octopus_prebalancing.csv.gz
Octopus,KQ416193:-:197697:199660,5309,no,train,KQ416193,199337,-,45,0,Octopus_prebalancing.csv.gz
Octopus,KQ418173:+:55052:55599,20947,no,train,KQ418173,55426,+,234,0,Octopus_prebalancing.csv.gz
Octopus,KQ420017:+:341685:342236,31404,no,train,KQ420017,341743,+,9,0,Octopus_prebalancing.csv.gz
Octopus,KQ433284:-:17319:18995,63744,yes,train,KQ433284,18653,-,95,0.1587982832618025,Octopus_prebalancing.csv.gz
Octopus,KQ427095:+:93081:95140,58537,no,train,KQ427095,94501,+,40,0,Octopus_prebalancing.csv.gz
Octopus,KQ428118:-:8307:9238,60045,yes,train,KQ428118,9206,-,44,0.2372881355932203,Octopus_prebalancing.csv.gz
Octopus,KQ416193:-:197697:199660,5325,no,train,KQ416193,199373,-,9,0,Octopus_prebalancing.csv.gz
Octopus,KQ419376:+:613064:619101,28615,no,train,KQ419376,613990,+,222,0,Octopus_prebalancing.csv.gz
Octopus,KQ428036:-:63183:64283,59835,yes,train,KQ428036,63823,-,368,0.9620253164556962,Octopus_prebalancing.csv.gz
Octopus,KQ424997:-:24557:25090,53209,yes,train,KQ424997,24610,-,248,0.261744966442953,Octopus_prebalancing.csv.gz
Octopus,KQ422794:+:34599:36340,46651,yes,train,KQ422794,34917,+,37,0.3737864077669903,Octopus_prebalancing.csv.gz
Octopus,KQ417917:+:343392:344664,18680,yes,train,KQ417917,344549,+,188,0.6272727272727273,Octopus_prebalancing.csv.gz
Octopus,KQ420776:-:126654:127969,36512,yes,train,KQ420776,126836,-,371,0.980544747081712,Octopus_prebalancing.csv.gz
Octopus,KQ420932:-:15469:17233,37784,no,train,KQ420932,15687,-,182,0,Octopus_prebalancing.csv.gz
Octopus,KQ415777:+:48820:51281,1522,yes,train,KQ415777,49298,+,47,0.2679738562091503,Octopus_prebalancing.csv.gz
Octopus,KQ418296:-:383881:384204,22230,no,train,KQ418296,384198,-,24,0,Octopus_prebalancing.csv.gz
Octopus,KQ418336:+:64516:66047,22693,no,train,KQ418336,66060,+,131,0,Octopus_prebalancing.csv.gz
Octopus,KQ417245:+:359507:360722,13227,yes,train,KQ417245,360035,+,434,0.34375,Octopus_prebalancing.csv.gz
Octopus,KQ433339:+:27883:36851,63856,yes,train,KQ433339,28294,+,243,0.9702380952380952,Octopus_prebalancing.csv.gz
Octopus,KQ416188:+:304409:307535,5201,no,train,KQ416188,307531,+,227,0,Octopus_prebalancing.csv.gz
Octopus,KQ420776:-:126654:127969,36538,yes,train,KQ420776,127089,-,242,0.632258064516129,Octopus_prebalancing.csv.gz
Octopus,KQ420932:-:15469:17233,37828,yes,train,KQ420932,16343,-,57,0.4,Octopus_prebalancing.csv.gz
Octopus,KQ418545:+:60899:66262,24508,no,train,KQ418545,61411,+,222,0,Octopus_prebalancing.csv.gz
Octopus,KQ415902:+:342156:348792,2648,yes,train,KQ415902,344871,+,75,0.1972477064220183,Octopus_prebalancing.csv.gz
Octopus,KQ430918:+:43280:45094,62631,yes,train,KQ430918,44998,+,297,0.4457831325301205,Octopus_prebalancing.csv.gz
Octopus,KQ421638:+:30744:34531,41440,yes,train,KQ421638,32097,+,48,0.1676646706586826,Octopus_prebalancing.csv.gz
Octopus,KQ421638:+:30744:34531,41509,yes,train,KQ421638,32257,+,208,0.7108433734939759,Octopus_prebalancing.csv.gz
Octopus,KQ430889:-:120538:121611,62493,yes,train,KQ430889,120935,-,440,0.2847533632286995,Octopus_prebalancing.csv.gz
Octopus,KQ421217:-:75990:76821,39675,no,train,KQ421217,76734,-,148,0,Octopus_prebalancing.csv.gz
Octopus,KQ420348:-:79805:80375,33730,no,train,KQ420348,79903,-,251,0,Octopus_prebalancing.csv.gz
Octopus,KQ428863:+:79951:89848,60945,no,train,KQ428863,82439,+,273,0,Octopus_prebalancing.csv.gz
Octopus,KQ420902:-:23907:28446,37439,yes,train,KQ420902,25049,-,299,0.8785046728971962,Octopus_prebalancing.csv.gz
Octopus,KQ420512:-:24848:32731,34828,yes,train,KQ420512,25859,-,141,0.7129629629629629,Octopus_prebalancing.csv.gz
Octopus,KQ417981:+:533430:537772,19287,no,train,KQ417981,535927,+,245,0,Octopus_prebalancing.csv.gz
Octopus,KQ425434:-:144233:145366,54894,no,train,KQ425434,144510,-,93,0,Octopus_prebalancing.csv.gz
Octopus,KQ419333:-:48712:50653,28375,yes,train,KQ419333,48882,-,363,0.8434343434343434,Octopus_prebalancing.csv.gz
Octopus,KQ422500:-:203047:204525,45815,yes,train,KQ422500,204148,-,54,0.4166666666666667,Octopus_prebalancing.csv.gz
Octopus,KQ416616:-:2448886:2456080,8854,yes,train,KQ416616,2452943,-,238,0.6729559748427673,Octopus_prebalancing.csv.gz
Octopus,KQ417911:+:922659:922975,18561,no,train,KQ417911,922865,+,190,0,Octopus_prebalancing.csv.gz
Octopus,KQ423069:+:40459:43239,47581,yes,train,KQ423069,42180,+,252,0.9612903225806452,Octopus_prebalancing.csv.gz
Octopus,KQ417147:+:190594:198342,12645,no,train,KQ417147,193166,+,339,0,Octopus_prebalancing.csv.gz
Octopus,KQ422311:+:25303:26176,45216,no,train,KQ422311,26034,+,237,0,Octopus_prebalancing.csv.gz
Octopus,KQ416694:-:1415717:1418452,9662,yes,train,KQ416694,1418356,-,67,0.1709401709401709,Octopus_prebalancing.csv.gz
Octopus,KQ415775:-:404717:412300,1455,no,train,KQ415775,410397,-,310,0,Octopus_prebalancing.csv.gz
Octopus,KQ417354:-:61387:68824,14511,no,train,KQ417354,61725,-,148,0,Octopus_prebalancing.csv.gz
Octopus,KQ421638:+:30744:34531,41435,yes,train,KQ421638,32080,+,31,0.3489583333333333,Octopus_prebalancing.csv.gz
Octopus,KQ416582:+:69166:70237,8167,yes,train,KQ416582,69546,+,88,0.9106487148102816,Octopus_prebalancing.csv.gz
Octopus,KQ418295:+:256001:257099,22150,yes,train,KQ418295,256906,+,435,0.2619047619047619,Octopus_prebalancing.csv.gz
Octopus,KQ419199:+:17614:19923,27781,yes,train,KQ419199,18722,+,309,0.5393700787401575,Octopus_prebalancing.csv.gz
Octopus,KQ425946:-:28543:30688,56064,no,train,KQ425946,29333,-,231,0,Octopus_prebalancing.csv.gz
Octopus,KQ419936:+:194439:199406,30743,no,train,KQ419936,195110,+,11,0,Octopus_prebalancing.csv.gz
Octopus,KQ417917:+:915183:924930,18749,no,train,KQ417917,924890,+,159,0,Octopus_prebalancing.csv.gz
Octopus,KQ428109:+:9813:13964,59887,no,train,KQ428109,10834,+,115,0,Octopus_prebalancing.csv.gz
Octopus,KQ418355:-:185490:188365,22790,yes,train,KQ418355,185832,-,282,0.9946236559139784,Octopus_prebalancing.csv.gz
Octopus,KQ418636:+:32090:35874,24927,yes,train,KQ418636,34714,+,29,0.2515337423312883,Octopus_prebalancing.csv.gz
Octopus,KQ426567:+:210652:218594,57222,yes,train,KQ426567,213225,+,380,0.5714285714285714,Octopus_prebalancing.csv.gz
Octopus,KQ426259:+:186651:188364,56343,yes,train,KQ426259,186697,+,56,0.3563829787234042,Octopus_prebalancing.csv.gz
Octopus,KQ423506:-:23827:27807,49040,no,train,KQ423506,25818,-,183,0,Octopus_prebalancing.csv.gz
Octopus,KQ417497:-:841461:844909,15363,no,train,KQ417497,844052,-,162,0,Octopus_prebalancing.csv.gz
Octopus,KQ422211:-:118854:119123,44476,no,train,KQ422211,119020,-,116,0,Octopus_prebalancing.csv.gz
Octopus,KQ419409:+:573761:574041,28837,no,train,KQ419409,573830,+,141,0,Octopus_prebalancing.csv.gz
Octopus,KQ417482:+:378219:384475,15161,yes,train,KQ417482,380268,+,106,0.4539007092198581,Octopus_prebalancing.csv.gz
Octopus,KQ415672:+:529983:538841,425,yes,train,KQ415672,538022,+,44,0.2119565217391304,Octopus_prebalancing.csv.gz
Octopus,KQ417353:-:42503:47060,14483,no,train,KQ417353,43849,-,4,0,Octopus_prebalancing.csv.gz
Octopus,KQ416175:+:888719:895874,4928,no,train,KQ416175,894681,+,209,0,Octopus_prebalancing.csv.gz
Octopus,KQ430702:-:8638:10120,62469,no,train,KQ430702,9980,-,16,0,Octopus_prebalancing.csv.gz
Octopus,KQ421289:+:29589:31706,39936,no,train,KQ421289,30575,+,5,0,Octopus_prebalancing.csv.gz
Octopus,KQ420428:-:122164:124440,34111,no,train,KQ420428,123832,-,92,0,Octopus_prebalancing.csv.gz
Octopus,KQ417497:-:841461:844909,15348,yes,train,KQ417497,844011,-,203,0.381294964028777,Octopus_prebalancing.csv.gz
Octopus,KQ420409:-:382365:396926,33883,yes,train,KQ420409,386345,-,335,0.657608695652174,Octopus_prebalancing.csv.gz
Octopus,KQ417802:+:7487:10153,17823,yes,train,KQ417802,9887,+,113,0.1793478260869565,Octopus_prebalancing.csv.gz
Octopus,KQ420270:-:30694:31959,33194,yes,train,KQ420270,31612,-,270,0.1611374407582938,Octopus_prebalancing.csv.gz
Octopus,KQ416274:-:836144:838134,6395,no,train,KQ416274,838140,-,30,0,Octopus_prebalancing.csv.gz
Octopus,KQ423069:+:80845:85639,47788,yes,train,KQ423069,81662,+,96,0.1726190476190476,Octopus_prebalancing.csv.gz
Octopus,KQ416594:-:25583:31375,8374,yes,train,KQ416594,29657,-,73,0.2763157894736842,Octopus_prebalancing.csv.gz
Octopus,KQ422211:-:118854:119123,44461,no,train,KQ422211,118975,-,163,0,Octopus_prebalancing.csv.gz
Octopus,KQ417012:-:62616:66743,11693,no,train,KQ417012,62651,-,162,0,Octopus_prebalancing.csv.gz
Octopus,KQ416454:-:22401:23502,7400,yes,train,KQ416454,23098,-,69,0.6033057851239669,Octopus_prebalancing.csv.gz
Octopus,KQ418336:+:64516:66047,22716,no,train,KQ418336,66110,+,181,0,Octopus_prebalancing.csv.gz
Octopus,KQ425190:+:25307:28048,54005,no,train,KQ425190,25993,+,203,0,Octopus_prebalancing.csv.gz
Octopus,KQ422261:-:60561:67208,44849,no,train,KQ422261,60941,-,265,0,Octopus_prebalancing.csv.gz
Octopus,KQ420270:-:30694:31959,33243,no,train,KQ420270,31865,-,109,0,Octopus_prebalancing.csv.gz
Octopus,KQ426339:-:30414:32503,56513,yes,train,KQ426339,32205,-,44,0.4338842975206611,Octopus_prebalancing.csv.gz
Octopus,KQ421411:+:481404:484595,40936,no,train,KQ421411,484432,+,440,0,Octopus_prebalancing.csv.gz
Octopus,KQ417911:+:922659:922975,18608,no,train,KQ417911,922980,+,305,0,Octopus_prebalancing.csv.gz
Octopus,KQ419106:-:26920:31560,27306,no,train,KQ419106,30612,-,207,0,Octopus_prebalancing.csv.gz
Octopus,KQ428460:-:15526:18845,60300,no,train,KQ428460,16268,-,191,0,Octopus_prebalancing.csv.gz
Octopus,KQ421638:-:32070:32852,41543,no,train,KQ421638,32667,-,208,0,Octopus_prebalancing.csv.gz
Octopus,KQ416929:+:777857:781590,11211,yes,train,KQ416929,778698,+,323,0.4016393442622951,Octopus_prebalancing.csv.gz
Octopus,KQ417417:+:216380:216457,15116,yes,train,KQ417417,216426,+,206,0.9155844155844156,Octopus_prebalancing.csv.gz
Octopus,KQ421493:-:53586:55159,41129,yes,train,KQ421493,54574,-,99,0.2692307692307692,Octopus_prebalancing.csv.gz
Octopus,KQ419333:-:48712:50653,28377,yes,train,KQ419333,48888,-,357,0.8058823529411765,Octopus_prebalancing.csv.gz
Octopus,KQ419413:-:54882:56621,28884,yes,train,KQ419413,55532,-,378,0.6007194244604317,Octopus_prebalancing.csv.gz
Octopus,KQ416811:+:273090:273937,10690,yes,train,KQ416811,273884,+,267,0.3534482758620689,Octopus_prebalancing.csv.gz
Octopus,KQ417851:+:581475:582766,18233,no,train,KQ417851,581541,+,92,0,Octopus_prebalancing.csv.gz
Octopus,KQ418900:-:420808:421676,26344,no,train,KQ418900,421174,-,195,0,Octopus_prebalancing.csv.gz
Octopus,KQ415916:+:253400:255443,2862,yes,train,KQ415916,255403,+,304,0.4491525423728814,Octopus_prebalancing.csv.gz
Octopus,KQ420690:-:166278:172996,36199,no,train,KQ420690,166969,-,291,0,Octopus_prebalancing.csv.gz
Octopus,KQ418523:-:372169:373200,24107,no,train,KQ418523,372693,-,53,0,Octopus_prebalancing.csv.gz
Octopus,KQ419199:+:17614:19923,27761,no,train,KQ419199,18648,+,235,0,Octopus_prebalancing.csv.gz
Octopus,KQ420992:-:72392:77664,38278,no,train,KQ420992,73384,-,379,0,Octopus_prebalancing.csv.gz
Octopus,KQ419366:+:211929:213548,28482,no,train,KQ419366,213160,+,11,0,Octopus_prebalancing.csv.gz
Octopus,KQ420828:-:1590008:1590392,37233,yes,train,KQ420828,1590261,-,75,0.2389380530973451,Octopus_prebalancing.csv.gz
Octopus,KQ417538:+:78848:83461,15587,no,train,KQ417538,82964,+,191,0,Octopus_prebalancing.csv.gz
Octopus,KQ417353:-:42503:47060,14473,yes,train,KQ417353,43814,-,39,0.1884816753926701,Octopus_prebalancing.csv.gz
Octopus,KQ417636:-:68657:71640,16386,no,train,KQ417636,69585,-,155,0,Octopus_prebalancing.csv.gz
Octopus,KQ424168:+:169950:179441,51707,no,train,KQ424168,174536,+,18,0,Octopus_prebalancing.csv.gz
Octopus,KQ426154:-:133824:136253,56217,no,train,KQ426154,136197,-,114,0,Octopus_prebalancing.csv.gz
Octopus,KQ423780:-:930629:943739,50501,no,train,KQ423780,939219,-,56,0,Octopus_prebalancing.csv.gz
Octopus,KQ421493:-:53586:55159,41138,yes,train,KQ421493,54594,-,79,0.6201550387596899,Octopus_prebalancing.csv.gz
Octopus,KQ420442:-:26593:27410,34343,no,train,KQ420442,26924,-,24,0,Octopus_prebalancing.csv.gz
Octopus,KQ417012:-:62616:66743,11709,no,train,KQ417012,63240,-,112,0,Octopus_prebalancing.csv.gz
Octopus,KQ423069:+:40459:43239,47577,yes,train,KQ423069,42169,+,241,0.218551461245235,Octopus_prebalancing.csv.gz
Octopus,KQ430702:-:8638:10120,62468,no,train,KQ430702,9975,-,21,0,Octopus_prebalancing.csv.gz
Octopus,KQ419432:+:166590:169288,28970,no,train,KQ419432,168621,+,1,0,Octopus_prebalancing.csv.gz
Octopus,KQ417911:+:922659:922975,18572,yes,train,KQ417911,922893,+,218,0.3977900552486187,Octopus_prebalancing.csv.gz
Octopus,KQ416235:-:90868:101227,5864,yes,train,KQ416235,94663,-,473,0.5,Octopus_prebalancing.csv.gz
Octopus,KQ427011:+:44729:52161,58174,yes,train,KQ427011,48230,+,147,0.3037037037037037,Octopus_prebalancing.csv.gz
Octopus,KQ419366:+:211929:213548,28511,no,train,KQ419366,213294,+,145,0,Octopus_prebalancing.csv.gz
Octopus,KQ418194:+:2647469:2647998,21604,no,train,KQ418194,2647754,+,173,0,Octopus_prebalancing.csv.gz
Octopus,KQ415775:-:404717:412300,1478,no,train,KQ415775,410503,-,204,0,Octopus_prebalancing.csv.gz
Octopus,KQ420261:+:1151455:1153527,33057,no,train,KQ420261,1153405,+,335,0,Octopus_prebalancing.csv.gz
Octopus,KQ420409:-:382365:396926,33924,yes,train,KQ420409,386449,-,231,0.8296089385474861,Octopus_prebalancing.csv.gz
Octopus,KQ426828:-:129659:129678,57619,no,train,KQ426828,129694,-,163,0,Octopus_prebalancing.csv.gz
Octopus,KQ426567:+:210652:218594,57220,yes,train,KQ426567,213220,+,375,0.2685185185185185,Octopus_prebalancing.csv.gz
Octopus,KQ421325:+:176374:181342,39977,yes,train,KQ421325,177444,+,49,0.5043478260869565,Octopus_prebalancing.csv.gz
Octopus,KQ428371:+:59208:62064,60077,no,train,KQ428371,61274,+,47,0,Octopus_prebalancing.csv.gz
Octopus,KQ420477:-:12030:15635,34594,no,train,KQ420477,15521,-,129,0,Octopus_prebalancing.csv.gz
Octopus,KQ419432:+:166590:169288,28971,no,train,KQ419432,168625,+,5,0,Octopus_prebalancing.csv.gz
Octopus,KQ420157:+:154445:155503,32835,no,train,KQ420157,155331,+,317,0,Octopus_prebalancing.csv.gz
Octopus,KQ415672:+:529983:538841,413,yes,train,KQ415672,537981,+,3,0.6530612244897959,Octopus_prebalancing.csv.gz
Octopus,KQ416279:-:193873:195330,6450,yes,train,KQ416279,194471,-,37,0.38544474393531,Octopus_prebalancing.csv.gz
Octopus,KQ417540:+:31885:32817,15659,no,train,KQ417540,31855,+,107,0,Octopus_prebalancing.csv.gz
Octopus,KQ418571:+:564763:566766,24724,no,train,KQ418571,565436,+,87,0,Octopus_prebalancing.csv.gz
Octopus,KQ416338:-:608611:614029,7024,no,train,KQ416338,612215,-,16,0,Octopus_prebalancing.csv.gz
Octopus,KQ417482:+:378219:384475,15199,yes,train,KQ417482,381550,+,313,0.553030303030303,Octopus_prebalancing.csv.gz
Octopus,KQ420428:-:114306:115147,34040,yes,train,KQ420428,114323,-,179,0.4769230769230769,Octopus_prebalancing.csv.gz
Octopus,KQ431609:+:48196:48847,63016,yes,train,KQ431609,48356,+,171,0.8108108108108109,Octopus_prebalancing.csv.gz
Octopus,KQ425078:-:12006:28313,53754,yes,train,KQ425078,25846,-,168,0.1764705882352941,Octopus_prebalancing.csv.gz
Octopus,KQ417417:-:19359:26595,15033,no,train,KQ417417,19548,-,182,0,Octopus_prebalancing.csv.gz
Octopus,KQ418873:+:627338:632183,26096,yes,train,KQ418873,628860,+,102,0.6414141414141414,Octopus_prebalancing.csv.gz
Octopus,KQ420512:-:24848:32731,34827,yes,train,KQ420512,25858,-,142,0.925925925925926,Octopus_prebalancing.csv.gz
Octopus,KQ416877:-:1243348:1252014,11039,yes,train,KQ416877,1247844,-,22,0.3787878787878788,Octopus_prebalancing.csv.gz
Octopus,KQ423631:-:133207:139083,49990,no,train,KQ423631,137922,-,291,0,Octopus_prebalancing.csv.gz
Octopus,KQ418636:+:32090:35874,24944,yes,train,KQ418636,34774,+,89,0.4122137404580153,Octopus_prebalancing.csv.gz
Octopus,KQ417931:+:57253:58998,18810,no,train,KQ417931,58754,+,76,0,Octopus_prebalancing.csv.gz
Octopus,KQ417090:-:1525730:1527393,12075,no,train,KQ417090,1527373,-,33,0,Octopus_prebalancing.csv.gz
Octopus,KQ418389:+:17619:20483,23146,no,train,KQ418389,19036,+,41,0,Octopus_prebalancing.csv.gz
Octopus,KQ421758:+:1719155:1723789,42959,yes,train,KQ421758,1722719,+,153,0.375,Octopus_prebalancing.csv.gz
Octopus,KQ423286:+:77406:77847,48323,no,train,KQ423286,77402,+,9,0,Octopus_prebalancing.csv.gz
Octopus,KQ417763:+:397070:401152,17466,yes,train,KQ417763,400736,+,162,0.2303030303030303,Octopus_prebalancing.csv.gz
Octopus,KQ430251:+:13943:16469,62008,no,train,KQ430251,15158,+,2,0,Octopus_prebalancing.csv.gz
Octopus,KQ421085:-:230032:232559,38775,no,train,KQ421085,230585,-,644,0,Octopus_prebalancing.csv.gz
Octopus,KQ421593:+:127708:132553,41376,yes,train,KQ421593,129799,+,36,0.7070063694267515,Octopus_prebalancing.csv.gz
Octopus,KQ418040:-:357576:360646,19782,no,train,KQ418040,358101,-,78,0,Octopus_prebalancing.csv.gz
Octopus,KQ420157:+:154445:155503,32773,no,train,KQ420157,154561,+,101,0,Octopus_prebalancing.csv.gz
Octopus,KQ421758:+:240289:242289,42427,no,train,KQ421758,241469,+,134,0,Octopus_prebalancing.csv.gz
Octopus,KQ417917:-:145066:150944,18671,yes,train,KQ417917,147690,-,139,0.238095238095238,Octopus_prebalancing.csv.gz
Octopus,KQ422595:-:182014:185348,46151,no,train,KQ422595,183857,-,76,0,Octopus_prebalancing.csv.gz
Octopus,KQ416929:+:777857:781590,11121,yes,train,KQ416929,778016,+,25,0.8780487804878049,Octopus_prebalancing.csv.gz
Octopus,KQ418094:-:30300:36557,20331,yes,train,KQ418094,31274,-,101,0.85,Octopus_prebalancing.csv.gz
Octopus,KQ419394:+:110216:111141,28636,yes,train,KQ419394,110916,+,30,0.7142857142857143,Octopus_prebalancing.csv.gz
Octopus,KQ417354:-:61387:68824,14518,no,train,KQ417354,61737,-,136,0,Octopus_prebalancing.csv.gz
Octopus,KQ421375:-:86931:88834,40644,yes,train,KQ421375,88121,-,22,0.3680297397769517,Octopus_prebalancing.csv.gz
Octopus,KQ424168:+:169950:179441,51721,no,train,KQ424168,174593,+,75,0,Octopus_prebalancing.csv.gz
Octopus,KQ420009:+:182821:186225,31355,no,train,KQ420009,185792,+,118,0,Octopus_prebalancing.csv.gz
Octopus,KQ420660:+:206788:209565,35513,no,train,KQ420660,207491,+,15,0,Octopus_prebalancing.csv.gz
Octopus,KQ422658:-:262328:262919,46322,yes,train,KQ422658,262361,-,134,0.4681818181818182,Octopus_prebalancing.csv.gz
Octopus,KQ427753:+:65163:68127,59485,no,train,KQ427753,67197,+,448,0,Octopus_prebalancing.csv.gz
Octopus,KQ415873:+:120365:136981,2383,yes,train,KQ415873,120763,+,39,0.21875,Octopus_prebalancing.csv.gz
Octopus,KQ426505:-:176528:177288,57087,yes,train,KQ426505,176780,-,33,0.3937007874015748,Octopus_prebalancing.csv.gz
Octopus,KQ417497:-:841461:844909,15364,no,train,KQ417497,844053,-,161,0,Octopus_prebalancing.csv.gz
Octopus,KQ416124:+:327085:328418,4528,no,train,KQ416124,327311,+,121,0,Octopus_prebalancing.csv.gz
Octopus,KQ418327:-:34317:35329,22523,no,train,KQ418327,34583,-,109,0,Octopus_prebalancing.csv.gz
Octopus,KQ417417:-:19359:26595,15061,yes,train,KQ417417,23769,-,74,0.1637931034482758,Octopus_prebalancing.csv.gz
Octopus,KQ415932:-:635916:641977,3238,yes,train,KQ415932,637777,-,149,0.168,Octopus_prebalancing.csv.gz
Octopus,KQ420118:+:33531:34392,32129,no,train,KQ420118,34412,+,428,0,Octopus_prebalancing.csv.gz
Octopus,KQ422794:+:34599:36340,46690,yes,train,KQ422794,35308,+,176,0.2636363636363636,Octopus_prebalancing.csv.gz
Octopus,KQ417198:+:95697:99377,12783,yes,train,KQ417198,97377,+,199,0.1589958158995816,Octopus_prebalancing.csv.gz
Octopus,KQ420690:-:106079:111818,36070,yes,train,KQ420690,107213,-,199,0.4980620155038759,Octopus_prebalancing.csv.gz
Octopus,KQ416941:+:13686:14479,11224,yes,train,KQ416941,14014,+,224,0.4857142857142857,Octopus_prebalancing.csv.gz
Octopus,KQ431609:+:48196:48847,63012,yes,train,KQ431609,48346,+,161,0.9357798165137616,Octopus_prebalancing.csv.gz
Octopus,KQ418355:-:185490:188365,22826,yes,train,KQ418355,186194,-,79,0.5328947368421053,Octopus_prebalancing.csv.gz
Octopus,KQ421206:-:489842:494429,39584,no,train,KQ421206,493015,-,197,0,Octopus_prebalancing.csv.gz
Octopus,KQ419858:+:187601:189009,30493,no,train,KQ419858,188325,+,213,0,Octopus_prebalancing.csv.gz
Octopus,KQ416766:-:4974:6044,10288,yes,train,KQ416766,5624,-,342,0.1694915254237288,Octopus_prebalancing.csv.gz
Octopus,KQ416694:-:1415717:1418452,9646,yes,train,KQ416694,1417937,-,174,0.2328042328042328,Octopus_prebalancing.csv.gz
Octopus,KQ430702:-:8638:10120,62439,no,train,KQ430702,9766,-,230,0,Octopus_prebalancing.csv.gz
Octopus,KQ418336:+:64516:66047,22702,no,train,KQ418336,66082,+,153,0,Octopus_prebalancing.csv.gz
Octopus,KQ419921:+:87549:87971,30731,no,train,KQ419921,87961,+,280,0,Octopus_prebalancing.csv.gz
Octopus,KQ421684:+:36731:41102,41903,yes,train,KQ421684,38139,+,69,0.2302631578947368,Octopus_prebalancing.csv.gz
Octopus,KQ416602:+:583030:590328,8475,yes,train,KQ416602,588032,+,121,0.3426966292134831,Octopus_prebalancing.csv.gz
Octopus,KQ427892:-:28679:32678,59682,yes,train,KQ427892,31603,-,25,0.2885714285714286,Octopus_prebalancing.csv.gz
Octopus,KQ422521:-:282473:284879,46014,yes,train,KQ422521,283816,-,88,0.3274336283185841,Octopus_prebalancing.csv.gz
Octopus,KQ417802:+:7487:10153,17803,yes,train,KQ417802,8232,+,21,0.1558441558441558,Octopus_prebalancing.csv.gz
Octopus,KQ430572:+:128019:128398,62158,no,train,KQ430572,128342,+,285,0,Octopus_prebalancing.csv.gz
Octopus,KQ422458:-:98826:101081,45474,no,train,KQ422458,99691,-,397,0,Octopus_prebalancing.csv.gz
Octopus,KQ428981:-:169360:173915,61221,no,train,KQ428981,172877,-,116,0,Octopus_prebalancing.csv.gz
Octopus,KQ419141:-:70913:74788,27399,yes,train,KQ419141,72468,-,60,0.1792452830188679,Octopus_prebalancing.csv.gz
Octopus,KQ418370:+:163018:164778,23103,no,train,KQ418370,164258,+,37,0,Octopus_prebalancing.csv.gz
Octopus,KQ420639:-:761470:762620,35339,no,train,KQ420639,762509,-,145,0,Octopus_prebalancing.csv.gz
Octopus,KQ417198:+:95697:99377,12735,yes,train,KQ417198,97229,+,49,0.3780487804878049,Octopus_prebalancing.csv.gz
Octopus,KQ427812:-:11379:11735,59534,yes,train,KQ427812,11615,-,82,0.2556053811659193,Octopus_prebalancing.csv.gz
Octopus,KQ415865:+:859282:860749,2369,yes,train,KQ415865,860535,+,266,0.219047619047619,Octopus_prebalancing.csv.gz
Octopus,KQ417847:-:1095310:1097869,18021,yes,train,KQ417847,1095487,-,256,0.2857142857142857,Octopus_prebalancing.csv.gz
Octopus,KQ422458:-:98826:101081,45509,yes,train,KQ422458,99774,-,314,0.1996197718631178,Octopus_prebalancing.csv.gz
Octopus,KQ431041:-:72960:75607,62774,yes,train,KQ431041,74772,-,89,0.388646288209607,Octopus_prebalancing.csv.gz
Octopus,KQ415873:+:120365:136981,2448,no,train,KQ415873,120925,+,201,0,Octopus_prebalancing.csv.gz
Octopus,KQ419376:+:613064:619101,28617,no,train,KQ419376,613995,+,227,0,Octopus_prebalancing.csv.gz
Octopus,KQ422500:-:203047:204525,45732,yes,train,KQ422500,203507,-,367,0.2580645161290322,Octopus_prebalancing.csv.gz
Octopus,KQ425066:-:282179:287501,53568,yes,train,KQ425066,286023,-,51,0.4968944099378882,Octopus_prebalancing.csv.gz
Octopus,KQ423248:-:278570:280112,48240,yes,train,KQ423248,279274,-,217,0.6470588235294118,Octopus_prebalancing.csv.gz
Octopus,KQ418873:+:627338:632183,26187,yes,train,KQ418873,629302,+,463,0.2006172839506173,Octopus_prebalancing.csv.gz
Octopus,KQ418295:+:256001:257099,22143,yes,train,KQ418295,256885,+,414,0.577639751552795,Octopus_prebalancing.csv.gz
Octopus,KQ421758:+:240289:242289,42458,no,train,KQ421758,241567,+,232,0,Octopus_prebalancing.csv.gz
Octopus,KQ426567:-:66580:68911,57150,yes,train,KQ426567,68645,-,37,0.1800327332242225,Octopus_prebalancing.csv.gz
Octopus,KQ420690:-:166278:172996,36220,no,train,KQ420690,170742,-,227,0,Octopus_prebalancing.csv.gz
Octopus,KQ417980:+:232521:234469,19227,no,train,KQ417980,233746,+,253,0,Octopus_prebalancing.csv.gz
Octopus,KQ416839:+:123127:129250,10853,yes,train,KQ416839,126664,+,321,0.6476190476190476,Octopus_prebalancing.csv.gz
Octopus,KQ422738:-:37291:40054,46572,no,train,KQ422738,39048,-,45,0,Octopus_prebalancing.csv.gz
Octopus,KQ419413:-:54882:56621,28876,yes,train,KQ419413,55509,-,401,0.2514792899408284,Octopus_prebalancing.csv.gz
Octopus,KQ426215:+:29905:30045,56299,no,train,KQ426215,29912,+,66,0,Octopus_prebalancing.csv.gz
Octopus,KQ420690:-:166278:172996,36210,no,train,KQ420690,170721,-,248,0,Octopus_prebalancing.csv.gz
Octopus,KQ423217:+:221921:225946,48048,yes,train,KQ423217,225689,+,313,0.2160804020100502,Octopus_prebalancing.csv.gz
Octopus,KQ416877:-:1243348:1252014,11020,yes,train,KQ416877,1247651,-,219,0.972093023255814,Octopus_prebalancing.csv.gz
Octopus,KQ421758:-:260871:261476,42555,yes,train,KQ421758,261351,-,163,0.9620390455531452,Octopus_prebalancing.csv.gz
Octopus,KQ416766:-:4974:6044,10287,yes,train,KQ416766,5621,-,345,0.2436974789915966,Octopus_prebalancing.csv.gz
Octopus,KQ417538:+:78848:83461,15595,no,train,KQ417538,82976,+,203,0,Octopus_prebalancing.csv.gz
Octopus,KQ422268:-:114991:116252,45141,no,train,KQ422268,116174,-,111,0,Octopus_prebalancing.csv.gz
Octopus,KQ416491:-:495583:498599,7637,yes,train,KQ416491,495662,-,215,0.3358778625954198,Octopus_prebalancing.csv.gz
Octopus,KQ420126:+:474219:480496,32307,no,train,KQ420126,479379,+,406,0,Octopus_prebalancing.csv.gz
Octopus,KQ423069:+:40459:43239,47656,yes,train,KQ423069,42431,+,506,0.2933333333333333,Octopus_prebalancing.csv.gz
Octopus,KQ422889:+:586795:590174,47109,yes,train,KQ422889,589551,+,216,0.2666666666666666,Octopus_prebalancing.csv.gz
Octopus,KQ423014:-:35418:36161,47434,yes,train,KQ423014,36011,-,97,0.6774193548387096,Octopus_prebalancing.csv.gz
Octopus,KQ417620:-:1821494:1830342,16188,yes,train,KQ417620,1821916,-,165,0.492744860943168,Octopus_prebalancing.csv.gz
Octopus,KQ416198:+:234142:234783,5491,yes,train,KQ416198,234227,+,62,0.996524761077324,Octopus_prebalancing.csv.gz
Octopus,KQ417678:-:52261:52558,16850,no,train,KQ417678,52380,-,178,0,Octopus_prebalancing.csv.gz
Octopus,KQ416929:+:777857:781590,11126,yes,train,KQ416929,778040,+,49,0.8423423423423423,Octopus_prebalancing.csv.gz
Octopus,KQ415775:-:404717:412300,1461,yes,train,KQ415775,410423,-,284,0.8384615384615385,Octopus_prebalancing.csv.gz
Octopus,KQ420909:-:58461:62439,37540,yes,train,KQ420909,61020,-,338,0.5886075949367089,Octopus_prebalancing.csv.gz
Octopus,KQ428863:+:98024:102390,61009,no,train,KQ428863,100002,+,51,0,Octopus_prebalancing.csv.gz
Octopus,KQ416274:-:836144:838134,6400,no,train,KQ416274,838157,-,13,0,Octopus_prebalancing.csv.gz
Octopus,KQ422500:-:203047:204525,45753,yes,train,KQ422500,203587,-,287,0.5537190082644629,Octopus_prebalancing.csv.gz
Octopus,KQ419039:-:20865:22420,26745,yes,train,KQ419039,21971,-,175,0.7985074626865671,Octopus_prebalancing.csv.gz
Octopus,KQ420525:+:196723:199829,34843,yes,train,KQ420525,197128,+,81,0.2831858407079646,Octopus_prebalancing.csv.gz
Octopus,KQ415952:-:300894:302128,3676,yes,train,KQ415952,301087,-,75,0.2158469945355191,Octopus_prebalancing.csv.gz
Octopus,KQ427892:-:28679:32678,59680,no,train,KQ427892,31589,-,39,0,Octopus_prebalancing.csv.gz
Octopus,KQ427059:-:274873:282821,58398,yes,train,KQ427059,280739,-,204,0.152317880794702,Octopus_prebalancing.csv.gz
Octopus,KQ418355:-:185490:188365,22835,no,train,KQ418355,186249,-,24,0,Octopus_prebalancing.csv.gz
Octopus,KQ417112:-:598933:605464,12337,yes,train,KQ417112,604309,-,391,0.3877551020408163,Octopus_prebalancing.csv.gz
Octopus,KQ420126:+:474219:480496,32315,no,train,KQ420126,479403,+,430,0,Octopus_prebalancing.csv.gz
Octopus,KQ421117:+:1266315:1274800,39042,yes,train,KQ421117,1273833,+,468,0.3055555555555556,Octopus_prebalancing.csv.gz
Octopus,KQ416198:-:342313:344617,5569,yes,train,KQ416198,343565,-,150,0.5,Octopus_prebalancing.csv.gz
Octopus,KQ421593:+:127708:132553,41422,yes,train,KQ421593,129955,+,193,0.4758064516129032,Octopus_prebalancing.csv.gz
Octopus,KQ421800:+:115671:129740,43068,yes,train,KQ421800,123275,+,233,0.2749244712990936,Octopus_prebalancing.csv.gz
Octopus,KQ421117:-:1800705:1801920,39116,no,train,KQ421117,1801163,-,205,0,Octopus_prebalancing.csv.gz
Octopus,KQ419152:+:116969:126313,27427,yes,train,KQ419152,117211,+,260,0.1862745098039215,Octopus_prebalancing.csv.gz
Octopus,KQ421638:+:30744:34531,41495,yes,train,KQ421638,32203,+,154,0.2694610778443114,Octopus_prebalancing.csv.gz
Octopus,KQ417110:+:99458:100489,12212,no,train,KQ417110,99543,+,100,0,Octopus_prebalancing.csv.gz
Octopus,KQ425262:-:63008:70787,54374,no,train,KQ425262,68548,-,418,0,Octopus_prebalancing.csv.gz
Octopus,KQ416694:-:792688:795938,9611,yes,train,KQ416694,795884,-,67,0.6989528795811518,Octopus_prebalancing.csv.gz
Octopus,KQ424997:-:24557:25090,53264,no,train,KQ424997,24833,-,19,0,Octopus_prebalancing.csv.gz
Octopus,KQ423839:+:304491:306021,50658,yes,train,KQ423839,305907,+,427,0.3,Octopus_prebalancing.csv.gz
Octopus,KQ417112:-:598933:605464,12417,yes,train,KQ417112,604573,-,121,0.4678068410462777,Octopus_prebalancing.csv.gz
Octopus,KQ423217:+:221921:225946,48017,yes,train,KQ423217,225589,+,213,0.2982456140350877,Octopus_prebalancing.csv.gz
Octopus,KQ417701:-:269740:272982,17009,yes,train,KQ417701,269775,-,321,0.976,Octopus_prebalancing.csv.gz
Octopus,KQ416235:-:90868:101227,5927,yes,train,KQ416235,94908,-,222,0.3722627737226277,Octopus_prebalancing.csv.gz
Octopus,KQ416694:-:792688:795938,9540,no,train,KQ416694,795660,-,297,0,Octopus_prebalancing.csv.gz
Octopus,KQ419743:+:60073:75818,30243,yes,train,KQ419743,75619,+,209,0.5,Octopus_prebalancing.csv.gz
Octopus,KQ418094:-:30300:36557,20333,yes,train,KQ418094,31281,-,94,1,Octopus_prebalancing.csv.gz
Octopus,KQ423001:-:465023:468835,47238,no,train,KQ423001,465341,-,336,0,Octopus_prebalancing.csv.gz
Octopus,KQ417802:+:7487:10153,17844,yes,train,KQ417802,9939,+,165,0.2020547945205479,Octopus_prebalancing.csv.gz
Octopus,KQ419098:-:224612:226065,27044,no,train,KQ419098,225615,-,293,0,Octopus_prebalancing.csv.gz
Octopus,KQ422738:-:37291:40054,46499,yes,train,KQ422738,38729,-,368,0.7027027027027027,Octopus_prebalancing.csv.gz
Octopus,KQ421758:-:260871:261476,42586,no,train,KQ421758,261474,-,33,0,Octopus_prebalancing.csv.gz
Octopus,KQ431376:-:41596:43687,62984,no,train,KQ431376,42221,-,56,0,Octopus_prebalancing.csv.gz
Octopus,KQ421206:-:489842:494429,39602,no,train,KQ421206,493052,-,160,0,Octopus_prebalancing.csv.gz
Octopus,KQ418644:+:598199:603528,25153,yes,train,KQ418644,601556,+,252,0.7204968944099379,Octopus_prebalancing.csv.gz
Octopus,KQ430572:+:128019:128398,62092,yes,train,KQ430572,128021,+,24,0.2410958904109589,Octopus_prebalancing.csv.gz
Octopus,KQ419904:+:185913:188166,30587,no,train,KQ419904,186156,+,28,0,Octopus_prebalancing.csv.gz
Octopus,KQ420439:-:206479:216794,34179,no,train,KQ420439,214225,-,221,0,Octopus_prebalancing.csv.gz
Octopus,KQ431376:-:41596:43687,62986,no,train,KQ431376,42229,-,48,0,Octopus_prebalancing.csv.gz
Octopus,KQ420992:-:72392:77664,38289,no,train,KQ420992,73423,-,340,0,Octopus_prebalancing.csv.gz
Octopus,KQ416175:+:888719:895874,4888,no,train,KQ416175,889874,+,39,0,Octopus_prebalancing.csv.gz
Octopus,KQ423506:-:150904:151936,49060,no,train,KQ423506,151557,-,329,0,Octopus_prebalancing.csv.gz
Octopus,KQ417670:+:110587:114416,16699,yes,train,KQ417670,113900,+,317,0.5422993492407809,Octopus_prebalancing.csv.gz
Octopus,KQ427426:+:9727:13486,59058,no,train,KQ427426,12512,+,27,0,Octopus_prebalancing.csv.gz
Octopus,KQ415777:+:48820:51281,1514,yes,train,KQ415777,49259,+,8,0.3480392156862745,Octopus_prebalancing.csv.gz
Octopus,KQ420261:+:1151455:1153527,33029,yes,train,KQ420261,1152257,+,132,0.5363636363636364,Octopus_prebalancing.csv.gz
Octopus,KQ421085:-:230032:232559,38796,no,train,KQ421085,230647,-,582,0,Octopus_prebalancing.csv.gz
Octopus,KQ416399:-:386544:387746,7079,no,train,KQ416399,387554,-,201,0,Octopus_prebalancing.csv.gz
Octopus,KQ421375:-:86931:88834,40566,yes,train,KQ421375,87235,-,245,0.5220588235294118,Octopus_prebalancing.csv.gz
Octopus,KQ416399:-:386544:387746,7085,no,train,KQ416399,387564,-,191,0,Octopus_prebalancing.csv.gz
Octopus,KQ417538:+:78848:83461,15533,no,train,KQ417538,82527,+,2,0,Octopus_prebalancing.csv.gz
Octopus,KQ418545:+:60899:66262,24535,yes,train,KQ418545,61520,+,331,0.3698630136986301,Octopus_prebalancing.csv.gz
Octopus,KQ426505:-:69232:70896,56814,yes,train,KQ426505,69327,-,453,0.7261146496815286,Octopus_prebalancing.csv.gz
Octopus,KQ415902:+:342156:348792,2630,no,train,KQ415902,344821,+,25,0,Octopus_prebalancing.csv.gz
Octopus,KQ424157:+:280452:292949,51646,yes,train,KQ424157,288186,+,374,0.7079646017699115,Octopus_prebalancing.csv.gz
Octopus,KQ417540:+:31885:32817,15675,no,train,KQ417540,31903,+,155,0,Octopus_prebalancing.csv.gz
Octopus,KQ416594:+:77063:82058,8390,yes,train,KQ416594,77650,+,88,0.6320754716981132,Octopus_prebalancing.csv.gz
Octopus,KQ422889:+:586795:590174,47088,no,train,KQ422889,589489,+,154,0,Octopus_prebalancing.csv.gz
Octopus,KQ424168:+:169950:179441,51732,no,train,KQ424168,174646,+,134,0,Octopus_prebalancing.csv.gz
Octopus,KQ426505:-:74479:75813,56962,no,train,KQ426505,75135,-,180,0,Octopus_prebalancing.csv.gz
Octopus,KQ416765:+:75169:77439,10103,no,train,KQ416765,75251,+,131,0,Octopus_prebalancing.csv.gz
Octopus,KQ425946:-:28543:30688,56062,no,train,KQ425946,29324,-,240,0,Octopus_prebalancing.csv.gz
Octopus,KQ428115:+:154085:163627,59936,yes,train,KQ428115,156767,+,224,0.7734375,Octopus_prebalancing.csv.gz
Octopus,KQ419039:-:20865:22420,26733,yes,train,KQ419039,21938,-,208,0.4739583333333333,Octopus_prebalancing.csv.gz
Octopus,KQ428115:+:154085:163627,59944,yes,train,KQ428115,156784,+,241,0.4326241134751773,Octopus_prebalancing.csv.gz
Octopus,KQ423069:+:40459:43239,47662,yes,train,KQ423069,42453,+,528,0.2974137931034483,Octopus_prebalancing.csv.gz
Octopus,KQ419141:-:70913:74788,27397,yes,train,KQ419141,72462,-,66,0.1666666666666666,Octopus_prebalancing.csv.gz
Octopus,KQ416454:-:210630:218397,7497,no,train,KQ416454,218328,-,73,0,Octopus_prebalancing.csv.gz
Octopus,KQ424114:+:62091:63803,51518,no,train,KQ424114,63554,+,444,0,Octopus_prebalancing.csv.gz
Octopus,KQ420545:+:140681:144446,34921,yes,train,KQ420545,141480,+,108,0.4213836477987421,Octopus_prebalancing.csv.gz
Octopus,KQ417678:-:52261:52558,16841,no,train,KQ417678,52357,-,201,0,Octopus_prebalancing.csv.gz
Octopus,KQ422500:-:203047:204525,45733,yes,train,KQ422500,203511,-,363,0.4888392857142857,Octopus_prebalancing.csv.gz
Octopus,KQ417824:+:996158:998152,18009,yes,train,KQ417824,996987,+,335,0.2366666666666666,Octopus_prebalancing.csv.gz
Octopus,KQ421754:+:100818:101846,42341,no,train,KQ421754,101179,+,96,0,Octopus_prebalancing.csv.gz
Octopus,KQ418059:+:563471:564576,19962,no,train,KQ418059,563833,+,236,0,Octopus_prebalancing.csv.gz
Octopus,KQ415684:+:1795785:1804292,762,no,train,KQ415684,1802998,+,120,0,Octopus_prebalancing.csv.gz
Octopus,KQ418535:-:294754:296669,24405,yes,train,KQ418535,294975,-,108,0.7083333333333334,Octopus_prebalancing.csv.gz
Octopus,KQ415804:-:490764:497803,1832,yes,train,KQ415804,490947,-,93,0.8099173553719008,Octopus_prebalancing.csv.gz
Octopus,KQ416999:-:955994:958894,11530,no,train,KQ416999,957649,-,211,0,Octopus_prebalancing.csv.gz
Octopus,KQ426843:-:39691:51826,57697,no,train,KQ426843,41213,-,313,0,Octopus_prebalancing.csv.gz
Octopus,KQ425304:+:77679:80253,54675,yes,train,KQ425304,78085,+,75,0.2047244094488189,Octopus_prebalancing.csv.gz
Octopus,KQ426791:-:413779:417331,57439,no,train,KQ426791,414291,-,206,0,Octopus_prebalancing.csv.gz
Octopus,KQ424157:+:280452:292949,51594,yes,train,KQ424157,287402,+,103,0.5426356589147286,Octopus_prebalancing.csv.gz
Octopus,KQ420992:-:72392:77664,38317,no,train,KQ420992,76586,-,161,0,Octopus_prebalancing.csv.gz
Octopus,KQ420662:+:220790:222380,35703,no,train,KQ420662,221629,+,254,0,Octopus_prebalancing.csv.gz
Octopus,KQ420153:-:20390:23631,32715,yes,train,KQ420153,22455,-,101,0.168103448275862,Octopus_prebalancing.csv.gz
Octopus,KQ416955:-:484828:485261,11278,no,train,KQ416955,484820,-,191,0,Octopus_prebalancing.csv.gz
Octopus,KQ421117:-:1800705:1801920,39129,yes,train,KQ421117,1801197,-,166,0.2555066079295154,Octopus_prebalancing.csv.gz
Octopus,KQ428863:+:98024:102390,61020,yes,train,KQ428863,100054,+,103,0.2361516034985422,Octopus_prebalancing.csv.gz
Octopus,KQ421721:-:695890:699523,42127,yes,train,KQ421721,696522,-,290,0.5,Octopus_prebalancing.csv.gz
Octopus,KQ433284:-:17319:18995,63726,no,train,KQ433284,18582,-,155,0,Octopus_prebalancing.csv.gz
Octopus,KQ421085:-:230032:232559,38818,no,train,KQ421085,230744,-,485,0,Octopus_prebalancing.csv.gz
Octopus,KQ417980:+:232521:234469,19216,no,train,KQ417980,233725,+,232,0,Octopus_prebalancing.csv.gz
Octopus,KQ416568:-:106474:107971,7959,no,train,KQ416568,107392,-,148,0,Octopus_prebalancing.csv.gz
Octopus,KQ420442:-:26593:27410,34281,no,train,KQ420442,26723,-,224,0,Octopus_prebalancing.csv.gz
Octopus,KQ417620:-:314872:315736,16023,no,train,KQ417620,315450,-,297,0,Octopus_prebalancing.csv.gz
Octopus,KQ421758:-:260871:261476,42539,no,train,KQ421758,261312,-,202,0,Octopus_prebalancing.csv.gz
Octopus,KQ417980:+:232521:234469,19160,yes,train,KQ417980,232541,+,27,0.3945578231292517,Octopus_prebalancing.csv.gz
Octopus,KQ416087:-:497971:503844,4386,yes,train,KQ416087,499160,-,323,0.2774193548387096,Octopus_prebalancing.csv.gz
Octopus,KQ423069:+:40459:43239,47659,yes,train,KQ423069,42439,+,514,0.8455538221528861,Octopus_prebalancing.csv.gz
Octopus,KQ425304:+:77679:80253,54715,no,train,KQ425304,78554,+,197,0,Octopus_prebalancing.csv.gz
Octopus,KQ416616:+:2452476:2453097,8810,no,train,KQ416616,2452615,+,272,0,Octopus_prebalancing.csv.gz
Octopus,KQ428371:-:65206:71009,60129,yes,train,KQ428371,69988,-,419,0.4396551724137931,Octopus_prebalancing.csv.gz
Octopus,KQ426495:+:180934:181576,56633,no,train,KQ426495,181608,+,263,0,Octopus_prebalancing.csv.gz
Octopus,KQ421638:+:30744:34531,41472,yes,train,KQ421638,32147,+,98,0.4563758389261745,Octopus_prebalancing.csv.gz
Octopus,KQ417353:-:42503:47060,14437,no,train,KQ417353,43679,-,180,0,Octopus_prebalancing.csv.gz
Octopus,KQ421724:+:261169:261574,42198,no,train,KQ421724,261547,+,229,0,Octopus_prebalancing.csv.gz
Octopus,KQ425538:-:3678:20206,55286,yes,train,KQ425538,16981,-,301,0.4862385321100917,Octopus_prebalancing.csv.gz
Octopus,KQ416616:-:2448886:2456080,8842,yes,train,KQ416616,2452917,-,264,1,Octopus_prebalancing.csv.gz
Octopus,KQ419574:-:312670:313004,29641,no,train,KQ419574,312699,-,153,0,Octopus_prebalancing.csv.gz
Octopus,KQ422263:-:237976:240872,45058,yes,train,KQ422263,238880,-,124,0.6037735849056604,Octopus_prebalancing.csv.gz
Octopus,KQ416616:-:2448886:2456080,8829,no,train,KQ416616,2452886,-,295,0,Octopus_prebalancing.csv.gz
Octopus,KQ417678:-:52261:52558,16806,no,train,KQ417678,52285,-,273,0,Octopus_prebalancing.csv.gz
Octopus,KQ423432:-:121344:123030,48722,yes,train,KQ423432,121693,-,12,0.3079019073569482,Octopus_prebalancing.csv.gz
Octopus,KQ420593:-:2370:9432,35114,yes,train,KQ420593,2834,-,30,0.8746666666666667,Octopus_prebalancing.csv.gz
Octopus,KQ421338:-:574795:575471,40060,no,train,KQ421338,575169,-,153,0,Octopus_prebalancing.csv.gz
Octopus,KQ422036:+:963421:964986,44159,yes,train,KQ422036,963613,+,47,0.3701657458563536,Octopus_prebalancing.csv.gz
Octopus,KQ421356:-:55274:57599,40163,no,train,KQ421356,55462,-,205,0,Octopus_prebalancing.csv.gz
Octopus,KQ418190:+:14761:17774,21223,yes,train,KQ418190,17194,+,22,0.8104575163398693,Octopus_prebalancing.csv.gz
Octopus,KQ420299:-:531133:532105,33306,yes,train,KQ420299,531988,-,105,0.4017094017094017,Octopus_prebalancing.csv.gz
Octopus,KQ415686:+:382591:392360,976,no,train,KQ415686,386612,+,237,0,Octopus_prebalancing.csv.gz
Octopus,KQ415768:+:611061:629134,1405,yes,train,KQ415768,619049,+,402,0.3278688524590163,Octopus_prebalancing.csv.gz
Octopus,KQ430069:+:5459:6074,61696,no,train,KQ430069,5855,+,65,0,Octopus_prebalancing.csv.gz
Octopus,KQ417719:+:79119:82120,17277,yes,train,KQ417719,81093,+,149,0.2920353982300885,Octopus_prebalancing.csv.gz
Octopus,KQ417281:-:592255:592458,13744,yes,train,KQ417281,592372,-,183,1,Octopus_prebalancing.csv.gz
Octopus,KQ417510:-:35515:40949,15447,yes,train,KQ417510,39477,-,22,0.3941605839416058,Octopus_prebalancing.csv.gz
Octopus,KQ421368:+:6794:7620,40375,yes,train,KQ421368,7584,+,177,0.2285714285714285,Octopus_prebalancing.csv.gz
Octopus,KQ420488:-:111130:114963,34711,no,train,KQ420488,111632,-,49,0,Octopus_prebalancing.csv.gz
Octopus,KQ416478:-:33961:35095,7570,yes,train,KQ416478,35024,-,79,0.5606060606060606,Octopus_prebalancing.csv.gz
Octopus,KQ418420:-:72827:73422,23434,no,train,KQ418420,73349,-,90,0,Octopus_prebalancing.csv.gz
Octopus,KQ423831:+:6585:13257,50622,no,train,KQ423831,7644,+,89,0,Octopus_prebalancing.csv.gz
Octopus,KQ416765:+:75169:77439,10130,no,train,KQ416765,75321,+,201,0,Octopus_prebalancing.csv.gz
Octopus,KQ426567:-:66580:68911,57159,yes,train,KQ426567,68672,-,10,0.3705799151343705,Octopus_prebalancing.csv.gz
Octopus,KQ428118:-:8307:9238,59969,no,train,KQ428118,8937,-,319,0,Octopus_prebalancing.csv.gz
Octopus,KQ419500:+:684975:695320,29337,yes,train,KQ419500,686977,+,74,0.2,Octopus_prebalancing.csv.gz
Octopus,KQ420313:-:692964:694535,33624,no,train,KQ420313,693717,-,14,0,Octopus_prebalancing.csv.gz
Octopus,KQ420080:+:468005:470274,31792,no,train,KQ420080,468744,+,108,0,Octopus_prebalancing.csv.gz
Octopus,KQ416454:-:22401:23502,7372,no,train,KQ416454,22671,-,173,0,Octopus_prebalancing.csv.gz
Octopus,KQ417245:+:359507:360722,13204,yes,train,KQ417245,359974,+,373,0.3872340425531915,Octopus_prebalancing.csv.gz
Octopus,KQ422223:-:16837:20430,44651,no,train,KQ422223,20327,-,118,0,Octopus_prebalancing.csv.gz
Octopus,KQ425344:-:44324:44490,54749,no,train,KQ425344,44467,-,105,0,Octopus_prebalancing.csv.gz
Octopus,KQ428863:+:79951:89848,60933,yes,train,KQ428863,82406,+,240,0.2307692307692307,Octopus_prebalancing.csv.gz
Octopus,KQ424114:+:62091:63803,51439,yes,train,KQ424114,63359,+,249,0.4911504424778761,Octopus_prebalancing.csv.gz
Octopus,KQ420690:-:106079:111818,36125,no,train,KQ420690,107439,-,13,0,Octopus_prebalancing.csv.gz
Octopus,KQ421638:+:30744:34531,41544,yes,train,KQ421638,32668,+,308,0.976,Octopus_prebalancing.csv.gz
Octopus,KQ418525:-:269185:270140,24138,yes,train,KQ418525,269256,-,168,0.9929577464788732,Octopus_prebalancing.csv.gz
Octopus,KQ421758:-:1453493:1454390,42915,no,train,KQ421758,1454357,-,49,0,Octopus_prebalancing.csv.gz
Octopus,KQ416279:-:193873:195330,6404,no,train,KQ416279,193890,-,214,0,Octopus_prebalancing.csv.gz
Octopus,KQ419413:-:54882:56621,28874,yes,train,KQ419413,55505,-,405,0.3564954682779456,Octopus_prebalancing.csv.gz
Octopus,KQ426567:-:66580:68911,57132,yes,train,KQ426567,68590,-,92,0.1528301886792452,Octopus_prebalancing.csv.gz
Octopus,KQ416225:+:147973:148329,5651,no,train,KQ416225,148315,+,135,0,Octopus_prebalancing.csv.gz
Octopus,KQ419973:+:575758:577898,30903,no,train,KQ419973,575921,+,25,0,Octopus_prebalancing.csv.gz
Octopus,KQ423014:-:35418:36161,47389,yes,train,KQ423014,35581,-,343,0.6851851851851852,Octopus_prebalancing.csv.gz
Octopus,KQ420593:-:2370:9432,35120,no,train,KQ420593,2857,-,7,0,Octopus_prebalancing.csv.gz
Octopus,KQ415669:+:30162:32210,378,no,train,KQ415669,31484,+,277,0,Octopus_prebalancing.csv.gz
Octopus,KQ417482:+:378219:384475,15205,yes,train,KQ417482,381569,+,332,0.5797101449275363,Octopus_prebalancing.csv.gz
Octopus,KQ415863:-:106598:111978,2318,no,train,KQ415863,107177,-,54,0,Octopus_prebalancing.csv.gz
Octopus,KQ433487:+:62929:63906,63951,no,train,KQ433487,63293,+,322,0,Octopus_prebalancing.csv.gz
Octopus,KQ417731:+:297906:298634,17391,yes,train,KQ417731,298551,+,144,0.3646833013435701,Octopus_prebalancing.csv.gz
Octopus,KQ423677:+:105301:111458,50398,no,train,KQ423677,110776,+,144,0,Octopus_prebalancing.csv.gz
Octopus,KQ417977:+:400516:401523,19099,yes,train,KQ417977,401099,+,44,0.7982062780269058,Octopus_prebalancing.csv.gz
Octopus,KQ425412:-:23488:31286,54802,no,train,KQ425412,23760,-,239,0,Octopus_prebalancing.csv.gz
Octopus,KQ426567:+:210652:218594,57204,no,train,KQ426567,213121,+,276,0,Octopus_prebalancing.csv.gz
Octopus,KQ416198:+:234142:234783,5502,no,train,KQ416198,234301,+,141,0,Octopus_prebalancing.csv.gz
Octopus,KQ421638:+:482367:484785,41703,yes,train,KQ421638,484259,+,159,0.5021097046413502,Octopus_prebalancing.csv.gz
Octopus,KQ416594:-:25583:31375,8330,yes,train,KQ416594,29477,-,258,0.6127659574468085,Octopus_prebalancing.csv.gz
Octopus,KQ417538:+:78848:83461,15573,yes,train,KQ417538,82919,+,146,0.7702407002188184,Octopus_prebalancing.csv.gz
Octopus,KQ418240:+:141891:142491,21838,yes,train,KQ418240,142128,+,184,0.156794425087108,Octopus_prebalancing.csv.gz
Octopus,KQ416738:+:179376:181420,10013,no,train,KQ416738,181286,+,103,0,Octopus_prebalancing.csv.gz
Octopus,KQ418194:+:1176195:1176917,21347,no,train,KQ418194,1176239,+,81,0,Octopus_prebalancing.csv.gz
Octopus,KQ417636:-:68657:71640,16375,no,train,KQ417636,69546,-,194,0,Octopus_prebalancing.csv.gz
Octopus,KQ416788:-:74481:75947,10394,yes,train,KQ416788,74762,-,329,0.5027027027027027,Octopus_prebalancing.csv.gz
Octopus,KQ417877:-:367901:377631,18276,yes,train,KQ417877,374186,-,133,0.2907488986784141,Octopus_prebalancing.csv.gz
Octopus,KQ421206:-:489842:494429,39591,no,train,KQ421206,493032,-,180,0,Octopus_prebalancing.csv.gz
Octopus,KQ416198:+:234142:234783,5518,yes,train,KQ416198,234351,+,191,0.990034093889326,Octopus_prebalancing.csv.gz
Octopus,KQ419432:+:166590:169288,29003,no,train,KQ419432,168708,+,88,0,Octopus_prebalancing.csv.gz
Octopus,KQ419175:-:3377:3779,27434,no,train,KQ419175,3514,-,213,0,Octopus_prebalancing.csv.gz
Octopus,KQ427949:-:158012:164712,59785,yes,train,KQ427949,163781,-,47,0.25,Octopus_prebalancing.csv.gz
Octopus,KQ428118:-:8307:9238,60053,yes,train,KQ428118,9223,-,27,0.4881516587677725,Octopus_prebalancing.csv.gz
Octopus,KQ417620:+:315416:315565,16038,yes,train,KQ417620,315484,+,444,0.3111111111111111,Octopus_prebalancing.csv.gz
Octopus,KQ418525:-:269185:270140,24151,no,train,KQ418525,269282,-,142,0,Octopus_prebalancing.csv.gz
Octopus,KQ420126:+:474219:480496,32184,yes,train,KQ420126,478914,+,19,0.2607260726072607,Octopus_prebalancing.csv.gz
Octopus,KQ425289:-:310152:313829,54625,no,train,KQ425289,313328,-,50,0,Octopus_prebalancing.csv.gz
Octopus,KQ422521:-:282473:284879,46015,yes,train,KQ422521,283817,-,87,0.1909090909090909,Octopus_prebalancing.csv.gz
Octopus,KQ422458:-:98826:101081,45505,no,train,KQ422458,99766,-,322,0,Octopus_prebalancing.csv.gz
Octopus,KQ421638:+:482367:484785,41685,no,train,KQ421638,484193,+,87,0,Octopus_prebalancing.csv.gz
Octopus,KQ420690:-:106079:111818,36104,yes,train,KQ420690,107390,-,62,0.2520775623268698,Octopus_prebalancing.csv.gz
Octopus,KQ417620:+:1325507:1327799,16133,no,train,KQ417620,1326693,+,65,0,Octopus_prebalancing.csv.gz
Octopus,KQ421593:+:127708:132553,41387,yes,train,KQ421593,129822,+,59,0.2086330935251798,Octopus_prebalancing.csv.gz
Octopus,KQ421638:-:32070:32852,41488,yes,train,KQ421638,32169,-,404,0.3831168831168831,Octopus_prebalancing.csv.gz
Octopus,KQ420409:-:382365:396926,33888,yes,train,KQ420409,386360,-,320,0.4894179894179894,Octopus_prebalancing.csv.gz
Octopus,KQ427095:+:93081:95140,58585,no,train,KQ427095,94661,+,198,0,Octopus_prebalancing.csv.gz
Octopus,KQ427700:-:77255:85328,59408,yes,train,KQ427700,81151,-,68,0.3183279742765273,Octopus_prebalancing.csv.gz
Octopus,KQ415873:+:120365:136981,2477,yes,train,KQ415873,123095,+,301,0.1615120274914089,Octopus_prebalancing.csv.gz
Octopus,KQ419743:+:60073:75818,30239,yes,train,KQ419743,75604,+,194,0.4449339207048458,Octopus_prebalancing.csv.gz
Octopus,KQ433284:-:17319:18995,63756,yes,train,KQ433284,18682,-,66,0.1649484536082474,Octopus_prebalancing.csv.gz
Octopus,KQ425344:-:44324:44490,54740,no,train,KQ425344,44446,-,126,0,Octopus_prebalancing.csv.gz
Octopus,KQ417198:+:95697:99377,12736,yes,train,KQ417198,97230,+,50,0.3588235294117647,Octopus_prebalancing.csv.gz
Octopus,KQ421085:-:230032:232559,38832,no,train,KQ421085,230791,-,438,0,Octopus_prebalancing.csv.gz
Octopus,KQ417620:-:1821494:1830342,16163,yes,train,KQ417620,1821845,-,236,0.1943462897526501,Octopus_prebalancing.csv.gz
Octopus,KQ421356:-:55274:57599,40145,yes,train,KQ421356,55406,-,261,0.6211180124223602,Octopus_prebalancing.csv.gz
Octopus,KQ416454:-:210630:218397,7447,yes,train,KQ416454,217613,-,253,0.7326732673267327,Octopus_prebalancing.csv.gz
Octopus,KQ423631:-:133207:139083,50069,no,train,KQ423631,138594,-,81,0,Octopus_prebalancing.csv.gz
Octopus,KQ415893:-:1375228:1379337,2618,no,train,KQ415893,1376518,-,200,0,Octopus_prebalancing.csv.gz
Octopus,KQ417062:+:126881:128514,11981,yes,train,KQ417062,128302,+,218,0.1521739130434782,Octopus_prebalancing.csv.gz
Octopus,KQ416955:-:484828:485261,11302,yes,train,KQ416955,484878,-,133,0.1514285714285714,Octopus_prebalancing.csv.gz
Octopus,KQ421638:+:482367:484785,41669,yes,train,KQ421638,484154,+,48,0.2786885245901639,Octopus_prebalancing.csv.gz
Octopus,KQ420828:-:2067280:2068719,37280,yes,train,KQ420828,2068689,-,63,0.2761904761904762,Octopus_prebalancing.csv.gz
Octopus,KQ418580:+:701924:705836,24870,no,train,KQ418580,703348,+,172,0,Octopus_prebalancing.csv.gz
Octopus,KQ416087:-:497971:503844,4379,yes,train,KQ416087,499136,-,347,0.3240223463687151,Octopus_prebalancing.csv.gz
Octopus,KQ415907:+:346698:348754,2704,yes,train,KQ415907,348305,+,40,0.9924242424242424,Octopus_prebalancing.csv.gz
Octopus,KQ420673:+:337736:338163,35761,yes,train,KQ420673,337795,+,89,0.8454545454545455,Octopus_prebalancing.csv.gz
Octopus,KQ421085:-:230032:232559,38849,no,train,KQ421085,230843,-,386,0,Octopus_prebalancing.csv.gz
Octopus,KQ425067:-:59117:68620,53669,no,train,KQ425067,64176,-,213,0,Octopus_prebalancing.csv.gz
Octopus,KQ423634:+:264513:265719,50303,yes,train,KQ423634,264619,+,145,0.3565891472868217,Octopus_prebalancing.csv.gz
Octopus,KQ420660:+:206788:209565,35630,no,train,KQ420660,207976,+,501,0,Octopus_prebalancing.csv.gz
Octopus,KQ428371:+:59208:62064,60083,no,train,KQ428371,61299,+,72,0,Octopus_prebalancing.csv.gz
Octopus,KQ421684:+:36731:41102,41912,no,train,KQ421684,38164,+,94,0,Octopus_prebalancing.csv.gz
Octopus,KQ415876:-:1905721:1908779,2532,yes,train,KQ415876,1908647,-,101,0.5608695652173913,Octopus_prebalancing.csv.gz
Octopus,KQ417819:+:73313:77380,17898,yes,train,KQ417819,77211,+,455,0.7952755905511811,Octopus_prebalancing.csv.gz
Octopus,KQ420642:-:200769:201948,35414,no,train,KQ420642,201030,-,265,0,Octopus_prebalancing.csv.gz
Octopus,KQ425655:-:319821:321341,55648,yes,train,KQ425655,320931,-,183,0.7593582887700535,Octopus_prebalancing.csv.gz
Octopus,KQ415952:-:300894:302128,3651,yes,train,KQ415952,300944,-,159,0.40625,Octopus_prebalancing.csv.gz
Octopus,KQ420776:+:373017:378761,36701,no,train,KQ420776,377473,+,181,0,Octopus_prebalancing.csv.gz
Octopus,KQ427892:-:28679:32678,59686,yes,train,KQ427892,31613,-,15,0.7129909365558912,Octopus_prebalancing.csv.gz
Octopus,KQ423069:+:80845:85639,47789,yes,train,KQ423069,81665,+,99,0.9044776119402984,Octopus_prebalancing.csv.gz
Octopus,KQ430226:+:39098:42554,61857,no,train,KQ430226,39222,+,3,0,Octopus_prebalancing.csv.gz
Octopus,KQ421078:+:255142:259013,38732,yes,train,KQ421078,255665,+,190,0.990909090909091,Octopus_prebalancing.csv.gz
Octopus,KQ420444:+:439486:443984,34435,yes,train,KQ420444,443060,+,321,0.4263322884012539,Octopus_prebalancing.csv.gz
Octopus,KQ419432:+:166590:169288,29014,no,train,KQ419432,169122,+,151,0,Octopus_prebalancing.csv.gz
Octopus,KQ426505:-:69232:70896,56861,yes,train,KQ426505,69482,-,298,0.1760154738878143,Octopus_prebalancing.csv.gz
Octopus,KQ417112:-:598933:605464,12290,yes,train,KQ417112,604182,-,518,0.9957805907172996,Octopus_prebalancing.csv.gz
Octopus,KQ417245:+:359507:360722,13228,yes,train,KQ417245,360039,+,438,0.3846153846153846,Octopus_prebalancing.csv.gz
Octopus,KQ417245:+:359507:360722,13160,yes,train,KQ417245,359690,+,193,0.7166666666666667,Octopus_prebalancing.csv.gz
Octopus,KQ428413:+:18316:20220,60220,yes,train,KQ428413,19958,+,93,0.1578947368421052,Octopus_prebalancing.csv.gz
Octopus,KQ428863:+:79951:89848,60914,yes,train,KQ428863,81552,+,99,0.2079207920792079,Octopus_prebalancing.csv.gz
Octopus,KQ432252:+:241773:242193,63482,no,train,KQ432252,241935,+,119,0,Octopus_prebalancing.csv.gz
Octopus,KQ416839:+:123127:129250,10786,no,train,KQ416839,125081,+,86,0,Octopus_prebalancing.csv.gz
Octopus,KQ421638:-:32070:32852,41627,yes,train,KQ421638,32801,-,74,0.1775700934579439,Octopus_prebalancing.csv.gz
Octopus,KQ416929:+:777857:781590,11210,yes,train,KQ416929,778692,+,317,0.643652561247216,Octopus_prebalancing.csv.gz
Octopus,KQ420545:+:140681:144446,34896,no,train,KQ420545,141388,+,16,0,Octopus_prebalancing.csv.gz
Octopus,KQ433284:-:17319:18995,63746,yes,train,KQ433284,18655,-,93,0.7966804979253111,Octopus_prebalancing.csv.gz
Octopus,KQ423384:-:323447:334825,48562,yes,train,KQ423384,325891,-,56,0.3564814814814814,Octopus_prebalancing.csv.gz
Octopus,KQ417851:+:581475:582766,18195,no,train,KQ417851,581462,+,13,0,Octopus_prebalancing.csv.gz
Octopus,KQ417062:+:126881:128514,11927,no,train,KQ417062,128100,+,9,0,Octopus_prebalancing.csv.gz
Octopus,KQ418296:-:383881:384204,22199,yes,train,KQ418296,383956,-,160,0.2180851063829787,Octopus_prebalancing.csv.gz
Octopus,KQ422208:-:431838:432631,44414,no,train,KQ422208,432398,-,4,0,Octopus_prebalancing.csv.gz
Octopus,KQ425188:-:53630:54936,53851,no,train,KQ425188,53753,-,262,0,Octopus_prebalancing.csv.gz
Octopus,KQ426567:+:210652:218594,57190,no,train,KQ426567,212855,+,184,0,Octopus_prebalancing.csv.gz
Octopus,KQ416260:-:512908:516363,6187,no,train,KQ416260,514642,-,171,0,Octopus_prebalancing.csv.gz
Octopus,KQ416582:+:69166:70237,8162,yes,train,KQ416582,69539,+,81,0.9835873388042204,Octopus_prebalancing.csv.gz
Octopus,KQ424157:+:280452:292949,51628,yes,train,KQ424157,288140,+,328,0.8,Octopus_prebalancing.csv.gz
Octopus,KQ428118:-:8307:9238,60048,yes,train,KQ428118,9209,-,41,0.7142857142857143,Octopus_prebalancing.csv.gz
Octopus,KQ424265:+:36818:40887,52080,no,train,KQ424265,36905,+,63,0,Octopus_prebalancing.csv.gz
Octopus,KQ430889:-:120538:121611,62559,yes,train,KQ430889,121399,-,179,0.2084367245657568,Octopus_prebalancing.csv.gz
Octopus,KQ425510:-:43575:44964,55158,no,train,KQ425510,43628,-,235,0,Octopus_prebalancing.csv.gz
Octopus,KQ415672:+:529983:538841,421,yes,train,KQ415672,538012,+,34,0.8238636363636364,Octopus_prebalancing.csv.gz
Octopus,KQ431376:-:41596:43687,62958,no,train,KQ431376,42036,-,179,0,Octopus_prebalancing.csv.gz
Octopus,KQ423846:+:124969:125801,50808,no,train,KQ423846,125034,+,93,0,Octopus_prebalancing.csv.gz
Octopus,KQ420442:-:26593:27410,34341,no,train,KQ420442,26915,-,33,0,Octopus_prebalancing.csv.gz
Octopus,KQ430572:+:128019:128398,62101,yes,train,KQ430572,128045,+,48,0.1908127208480565,Octopus_prebalancing.csv.gz
Octopus,KQ423069:+:80845:85639,47809,yes,train,KQ423069,81921,+,200,0.6372549019607843,Octopus_prebalancing.csv.gz
Octopus,KQ416839:-:149278:151954,10890,yes,train,KQ416839,149282,-,283,0.7342995169082126,Octopus_prebalancing.csv.gz
Octopus,KQ421638:+:30744:34531,41633,yes,train,KQ421638,32817,+,457,0.6745562130177515,Octopus_prebalancing.csv.gz
Octopus,KQ421117:+:1266315:1274800,39016,yes,train,KQ421117,1272809,+,170,0.4026845637583892,Octopus_prebalancing.csv.gz
Octopus,KQ421758:+:240289:242289,42513,no,train,KQ421758,241770,+,430,0,Octopus_prebalancing.csv.gz
Octopus,KQ416087:-:494228:496857,4330,no,train,KQ416087,495845,-,123,0,Octopus_prebalancing.csv.gz
Octopus,KQ427700:-:77255:85328,59368,yes,train,KQ427700,78736,-,222,0.215311004784689,Octopus_prebalancing.csv.gz
Octopus,KQ417691:-:246566:251749,16913,no,train,KQ417691,251037,-,124,0,Octopus_prebalancing.csv.gz
Octopus,KQ420828:-:2067280:2068719,37279,yes,train,KQ420828,2068686,-,66,0.4415584415584415,Octopus_prebalancing.csv.gz
Octopus,KQ418296:-:383881:384204,22210,no,train,KQ418296,383988,-,128,0,Octopus_prebalancing.csv.gz
Octopus,KQ416788:-:74481:75947,10457,no,train,KQ416788,74962,-,125,0,Octopus_prebalancing.csv.gz
Octopus,KQ417824:+:996158:998152,18004,yes,train,KQ417824,996974,+,322,0.431237721021611,Octopus_prebalancing.csv.gz
Octopus,KQ415841:-:345434:348457,1974,no,train,KQ415841,347038,-,300,0,Octopus_prebalancing.csv.gz
Octopus,KQ416839:-:149278:151954,10883,no,train,KQ416839,149262,-,303,0,Octopus_prebalancing.csv.gz
Octopus,KQ415992:-:623620:628666,3856,yes,train,KQ415992,624938,-,180,0.211864406779661,Octopus_prebalancing.csv.gz
Octopus,KQ423677:+:105301:111458,50403,no,train,KQ423677,110819,+,187,0,Octopus_prebalancing.csv.gz
Octopus,KQ422889:+:586795:590174,47129,no,train,KQ422889,589590,+,255,0,Octopus_prebalancing.csv.gz
Octopus,KQ417802:+:7487:10153,17831,no,train,KQ417802,9913,+,139,0,Octopus_prebalancing.csv.gz
Octopus,KQ423001:-:465023:468835,47284,no,train,KQ423001,467390,-,151,0,Octopus_prebalancing.csv.gz
Octopus,KQ416766:-:4974:6044,10275,yes,train,KQ416766,5582,-,384,0.42,Octopus_prebalancing.csv.gz
Octopus,KQ422245:+:81496:84013,44726,yes,train,KQ422245,81777,+,145,0.3808139534883721,Octopus_prebalancing.csv.gz
Octopus,KQ416491:-:495583:498599,7680,no,train,KQ416491,497190,-,30,0,Octopus_prebalancing.csv.gz
Octopus,KQ421368:+:6794:7620,40320,no,train,KQ421368,6778,+,2,0,Octopus_prebalancing.csv.gz
Octopus,KQ422261:-:60561:67208,44835,yes,train,KQ422261,60917,-,289,0.5243243243243243,Octopus_prebalancing.csv.gz
Octopus,KQ418336:+:64516:66047,22728,no,train,KQ418336,66134,+,205,0,Octopus_prebalancing.csv.gz
Octopus,KQ415960:+:45558:53429,3789,no,train,KQ415960,49407,+,322,0,Octopus_prebalancing.csv.gz
Octopus,KQ430702:-:8638:10120,62406,yes,train,KQ430702,9109,-,338,0.6548672566371682,Octopus_prebalancing.csv.gz
Octopus,KQ422036:+:963421:964986,44157,yes,train,KQ422036,963606,+,40,0.1910112359550561,Octopus_prebalancing.csv.gz
Octopus,KQ420690:-:106079:111818,36060,yes,train,KQ420690,107180,-,232,0.9205020920502092,Octopus_prebalancing.csv.gz
Octopus,KQ421143:+:354283:363501,39330,no,train,KQ421143,360706,+,215,0,Octopus_prebalancing.csv.gz
Octopus,KQ415659:+:1944407:1946585,153,yes,train,KQ415659,1945870,+,284,0.986046511627907,Octopus_prebalancing.csv.gz
Octopus,KQ416197:-:1270:2182,5427,no,train,KQ416197,2071,-,101,0,Octopus_prebalancing.csv.gz
Octopus,KQ418296:-:383881:384204,22171,no,train,KQ418296,383912,-,204,0,Octopus_prebalancing.csv.gz
Octopus,KQ419092:+:247062:248393,26909,no,train,KQ419092,247254,+,206,0,Octopus_prebalancing.csv.gz
Octopus,KQ426988:+:12305:13448,57912,yes,train,KQ426988,12319,+,42,0.1824817518248175,Octopus_prebalancing.csv.gz
Octopus,KQ416272:+:352882:357866,6336,no,train,KQ416272,357380,+,104,0,Octopus_prebalancing.csv.gz
Octopus,KQ419593:-:1573:3918,29958,yes,train,KQ419593,3053,-,101,0.2175572519083969,Octopus_prebalancing.csv.gz
Octopus,KQ426215:+:29905:30045,56279,no,train,KQ426215,29870,+,24,0,Octopus_prebalancing.csv.gz
Octopus,KQ420902:-:23907:28446,37456,yes,train,KQ420902,25077,-,271,0.6666666666666666,Octopus_prebalancing.csv.gz
Octopus,KQ421758:-:260871:261476,42554,yes,train,KQ421758,261350,-,164,0.6891747052518756,Octopus_prebalancing.csv.gz
Octopus,KQ417670:+:106541:109344,16541,yes,train,KQ417670,107818,+,74,0.5185185185185185,Octopus_prebalancing.csv.gz
Octopus,KQ415960:+:45558:53429,3748,yes,train,KQ415960,47466,+,140,0.2692307692307692,Octopus_prebalancing.csv.gz
Octopus,KQ417300:+:2429385:2432147,13794,no,train,KQ417300,2430321,+,212,0,Octopus_prebalancing.csv.gz
Octopus,KQ426339:-:30414:32503,56489,no,train,KQ426339,32121,-,123,0,Octopus_prebalancing.csv.gz
Octopus,KQ428883:-:245716:247637,61127,no,train,KQ428883,246479,-,222,0,Octopus_prebalancing.csv.gz
Octopus,KQ428109:+:9813:13964,59912,no,train,KQ428109,10912,+,193,0,Octopus_prebalancing.csv.gz
Octopus,KQ416745:-:302420:302572,10060,no,train,KQ416745,302430,-,177,0,Octopus_prebalancing.csv.gz
Octopus,KQ420660:+:206788:209565,35537,yes,train,KQ420660,207687,+,211,0.1581395348837209,Octopus_prebalancing.csv.gz
Octopus,KQ423069:+:40459:43239,47509,yes,train,KQ423069,42025,+,97,0.8215613382899628,Octopus_prebalancing.csv.gz
Octopus,KQ416225:+:147973:148329,5633,no,train,KQ416225,148253,+,70,0,Octopus_prebalancing.csv.gz
Octopus,KQ419092:+:247062:248393,26902,yes,train,KQ419092,247231,+,183,0.3490909090909091,Octopus_prebalancing.csv.gz
Octopus,KQ415960:+:45558:53429,3769,no,train,KQ415960,49327,+,242,0,Octopus_prebalancing.csv.gz
Octopus,KQ416765:+:257582:260724,10138,no,train,KQ416765,259691,+,2,0,Octopus_prebalancing.csv.gz
Octopus,KQ420059:+:435878:444482,31703,yes,train,KQ420059,436018,+,177,0.9590909090909092,Octopus_prebalancing.csv.gz
Octopus,KQ418328:-:252137:255667,22579,no,train,KQ418328,255049,-,10,0,Octopus_prebalancing.csv.gz
Octopus,KQ415916:+:253400:255443,2821,yes,train,KQ415916,255193,+,88,0.203125,Octopus_prebalancing.csv.gz
Octopus,KQ418327:-:34317:35329,22512,no,train,KQ418327,34549,-,143,0,Octopus_prebalancing.csv.gz
Octopus,KQ433487:+:62929:63906,63921,yes,train,KQ433487,63230,+,259,0.9738372093023256,Octopus_prebalancing.csv.gz
Octopus,KQ423574:-:83008:86955,49711,no,train,KQ423574,83130,-,229,0,Octopus_prebalancing.csv.gz
Octopus,KQ417796:+:458790:459137,17653,yes,train,KQ417796,458892,+,124,0.7094017094017094,Octopus_prebalancing.csv.gz
Octopus,KQ416524:+:12270:12515,7760,no,train,KQ416524,12359,+,145,0,Octopus_prebalancing.csv.gz
Octopus,KQ422263:-:237976:240872,45014,yes,train,KQ422263,238177,-,272,0.6441947565543071,Octopus_prebalancing.csv.gz
Octopus,KQ417620:-:314872:315736,15983,yes,train,KQ417620,315171,-,444,0.3394160583941605,Octopus_prebalancing.csv.gz
Octopus,KQ417847:-:1095310:1097869,18058,no,train,KQ417847,1096121,-,93,0,Octopus_prebalancing.csv.gz
Octopus,KQ423780:-:930629:943739,50506,no,train,KQ423780,939227,-,48,0,Octopus_prebalancing.csv.gz
Octopus,KQ428863:+:79951:89848,60952,no,train,KQ428863,82466,+,300,0,Octopus_prebalancing.csv.gz
Octopus,KQ416087:-:494228:496857,4362,yes,train,KQ416087,495929,-,39,0.308411214953271,Octopus_prebalancing.csv.gz
Octopus,KQ416197:-:1270:2182,5396,no,train,KQ416197,1742,-,220,0,Octopus_prebalancing.csv.gz
Octopus,KQ421800:+:115671:129740,43057,yes,train,KQ421800,123239,+,197,0.1798512508451656,Octopus_prebalancing.csv.gz
Octopus,KQ419973:+:575758:577898,30892,no,train,KQ419973,575898,+,2,0,Octopus_prebalancing.csv.gz
Octopus,KQ421375:-:86931:88834,40640,yes,train,KQ421375,88113,-,30,0.9618320610687024,Octopus_prebalancing.csv.gz
Octopus,KQ418194:+:2647469:2647998,21568,yes,train,KQ418194,2647613,+,26,0.2285714285714285,Octopus_prebalancing.csv.gz
Octopus,KQ418269:+:155193:156609,22019,yes,train,KQ418269,156534,+,362,0.2772277227722772,Octopus_prebalancing.csv.gz
Octopus,KQ418190:+:14761:17774,21237,yes,train,KQ418190,17269,+,97,0.1541984732824427,Octopus_prebalancing.csv.gz
Octopus,KQ417538:+:78848:83461,15606,no,train,KQ417538,82999,+,226,0,Octopus_prebalancing.csv.gz
Octopus,KQ420909:-:58461:62439,37530,yes,train,KQ420909,60996,-,362,0.7804878048780488,Octopus_prebalancing.csv.gz
Octopus,KQ424203:-:62623:63173,51880,yes,train,KQ424203,62701,-,293,0.3708333333333333,Octopus_prebalancing.csv.gz
Octopus,KQ421758:-:534257:537309,42647,no,train,KQ421758,534419,-,201,0,Octopus_prebalancing.csv.gz
Octopus,KQ425067:-:59117:68620,53725,no,train,KQ425067,64312,-,77,0,Octopus_prebalancing.csv.gz
Octopus,KQ417824:+:996158:998152,17956,no,train,KQ417824,996809,+,151,0,Octopus_prebalancing.csv.gz
Octopus,KQ415854:+:473174:474021,2177,no,train,KQ415854,473400,+,18,0,Octopus_prebalancing.csv.gz
Octopus,KQ420660:-:87245:89350,35458,yes,train,KQ420660,89024,-,291,0.2052401746724891,Octopus_prebalancing.csv.gz
Octopus,KQ423217:-:284791:286709,48078,no,train,KQ423217,284808,-,278,0,Octopus_prebalancing.csv.gz
Octopus,KQ415827:+:58324:68210,1898,yes,train,KQ415827,59815,+,99,0.3235294117647059,Octopus_prebalancing.csv.gz
Octopus,KQ415674:-:864176:867443,605,no,train,KQ415674,865278,-,106,0,Octopus_prebalancing.csv.gz
Octopus,KQ424429:+:66277:79095,52187,yes,train,KQ424429,73557,+,151,1,Octopus_prebalancing.csv.gz
Octopus,KQ416235:-:90868:101227,5858,yes,train,KQ416235,94645,-,491,0.1904761904761904,Octopus_prebalancing.csv.gz
Octopus,KQ420444:+:439486:443984,34501,no,train,KQ420444,443242,+,503,0,Octopus_prebalancing.csv.gz
Octopus,KQ420265:+:467471:471849,33153,no,train,KQ420265,471001,+,60,0,Octopus_prebalancing.csv.gz
Octopus,KQ417245:+:359507:360722,13180,yes,train,KQ417245,359770,+,273,0.9899497487437184,Octopus_prebalancing.csv.gz
Octopus,KQ420265:+:467471:471849,33161,no,train,KQ420265,471185,+,108,0,Octopus_prebalancing.csv.gz
Octopus,KQ418576:+:292927:299323,24820,yes,train,KQ418576,299240,+,200,0.3311258278145695,Octopus_prebalancing.csv.gz
Octopus,KQ417300:+:2429385:2432147,13823,yes,train,KQ417300,2430405,+,296,0.9310344827586208,Octopus_prebalancing.csv.gz
Octopus,KQ415951:+:107290:108224,3559,yes,train,KQ415951,107343,+,27,0.6461538461538462,Octopus_prebalancing.csv.gz
Octopus,KQ416683:-:56517:57031,9426,yes,train,KQ416683,56611,-,192,0.9734513274336284,Octopus_prebalancing.csv.gz
Octopus,KQ420639:-:761470:762620,35340,no,train,KQ420639,762512,-,142,0,Octopus_prebalancing.csv.gz
Octopus,KQ416152:+:431359:432163,4780,yes,train,KQ416152,431863,+,56,0.390728476821192,Octopus_prebalancing.csv.gz
Octopus,KQ422033:-:18330:23008,44076,yes,train,KQ422033,20193,-,241,0.5825242718446602,Octopus_prebalancing.csv.gz
Octopus,KQ418483:+:416342:421470,23918,no,train,KQ418483,419468,+,210,0,Octopus_prebalancing.csv.gz
Octopus,KQ416953:-:552964:567285,11270,no,train,KQ416953,554429,-,154,0,Octopus_prebalancing.csv.gz
Octopus,KQ422033:-:18330:23008,44142,no,train,KQ422033,20465,-,6,0,Octopus_prebalancing.csv.gz
Octopus,KQ420126:+:474219:480496,32253,no,train,KQ420126,479115,+,220,0,Octopus_prebalancing.csv.gz
Octopus,KQ420828:-:1590008:1590392,37240,yes,train,KQ420828,1590275,-,61,0.8828125,Octopus_prebalancing.csv.gz
Octopus,KQ420477:-:12030:15635,34596,no,train,KQ420477,15534,-,116,0,Octopus_prebalancing.csv.gz
Octopus,KQ416194:-:389223:393444,5329,no,train,KQ416194,389301,-,191,0,Octopus_prebalancing.csv.gz
Octopus,KQ417670:+:110587:114416,16697,yes,train,KQ417670,113896,+,313,0.2179775280898876,Octopus_prebalancing.csv.gz
Octopus,KQ422500:-:203047:204525,45770,no,train,KQ422500,203631,-,243,0,Octopus_prebalancing.csv.gz
Octopus,KQ417280:-:322030:322671,13739,yes,train,KQ417280,322372,-,92,0.6363636363636364,Octopus_prebalancing.csv.gz
Octopus,KQ416235:-:90868:101227,5919,no,train,KQ416235,94884,-,246,0,Octopus_prebalancing.csv.gz
Octopus,KQ433487:+:62929:63906,63883,yes,train,KQ433487,63153,+,182,1,Octopus_prebalancing.csv.gz
Octopus,KQ417012:-:60820:61575,11650,no,train,KQ417012,61465,-,142,0,Octopus_prebalancing.csv.gz
Octopus,KQ417354:-:61387:68824,14544,no,train,KQ417354,62256,-,25,0,Octopus_prebalancing.csv.gz
Octopus,KQ427587:+:206953:208278,59231,no,train,KQ427587,208076,+,41,0,Octopus_prebalancing.csv.gz
Octopus,KQ415686:+:382591:392360,984,no,train,KQ415686,386631,+,256,0,Octopus_prebalancing.csv.gz
Octopus,KQ418336:+:64516:66047,22688,no,train,KQ418336,66050,+,121,0,Octopus_prebalancing.csv.gz
Octopus,KQ421593:+:127708:132553,41381,yes,train,KQ421593,129810,+,47,0.9477124183006536,Octopus_prebalancing.csv.gz
Octopus,KQ422521:-:248600:250319,45916,no,train,KQ422521,249053,-,126,0,Octopus_prebalancing.csv.gz
Octopus,KQ425511:+:26007:27441,55227,yes,train,KQ425511,26065,+,79,0.4952380952380952,Octopus_prebalancing.csv.gz
Octopus,KQ426505:-:69232:70896,56890,yes,train,KQ426505,69685,-,192,0.8384146341463414,Octopus_prebalancing.csv.gz
Octopus,KQ427011:+:44729:52161,58167,yes,train,KQ427011,48205,+,122,0.2307692307692307,Octopus_prebalancing.csv.gz
Octopus,KQ422033:-:18330:23008,44144,no,train,KQ422033,20467,-,4,0,Octopus_prebalancing.csv.gz
Octopus,KQ422208:-:431838:432631,44397,yes,train,KQ422208,432352,-,50,0.392156862745098,Octopus_prebalancing.csv.gz
Octopus,KQ417379:+:13062:14141,14791,yes,train,KQ417379,13241,+,196,0.3219178082191781,Octopus_prebalancing.csv.gz
Octopus,KQ417851:+:581475:582766,18225,yes,train,KQ417851,581528,+,79,0.2908251586843624,Octopus_prebalancing.csv.gz
Octopus,KQ420776:-:126654:127969,36503,yes,train,KQ420776,126808,-,399,0.971264367816092,Octopus_prebalancing.csv.gz
Octopus,KQ419904:+:185913:188166,30601,no,train,KQ419904,186189,+,61,0,Octopus_prebalancing.csv.gz
Octopus,KQ419577:-:319986:321103,29771,yes,train,KQ419577,320597,-,208,0.2484848484848484,Octopus_prebalancing.csv.gz
Octopus,KQ417062:+:126881:128514,12002,yes,train,KQ417062,128345,+,261,0.188034188034188,Octopus_prebalancing.csv.gz
Octopus,KQ432252:+:241773:242193,63458,no,train,KQ432252,241840,+,25,0,Octopus_prebalancing.csv.gz
Octopus,KQ417300:+:2429385:2432147,13828,yes,train,KQ417300,2430414,+,305,0.9923076923076924,Octopus_prebalancing.csv.gz
Octopus,KQ418545:+:60899:66262,24487,no,train,KQ418545,61344,+,151,0,Octopus_prebalancing.csv.gz
Octopus,KQ417620:-:1821494:1830342,16168,yes,train,KQ417620,1821860,-,221,0.4658536585365854,Octopus_prebalancing.csv.gz
Octopus,KQ421758:+:240289:242289,42393,yes,train,KQ421758,241340,+,5,0.1937984496124031,Octopus_prebalancing.csv.gz
Octopus,KQ417623:+:62387:68207,16233,yes,train,KQ417623,63581,+,27,0.4077669902912621,Octopus_prebalancing.csv.gz
Octopus,KQ423574:-:83008:86955,49710,no,train,KQ423574,83126,-,233,0,Octopus_prebalancing.csv.gz
Octopus,KQ416745:-:302420:302572,10052,no,train,KQ416745,302406,-,201,0,Octopus_prebalancing.csv.gz
Octopus,KQ417763:+:397070:401152,17485,yes,train,KQ417763,400780,+,206,0.4885496183206106,Octopus_prebalancing.csv.gz
Octopus,KQ420796:-:186152:188342,36831,yes,train,KQ420796,187562,-,112,0.4526748971193415,Octopus_prebalancing.csv.gz
Octopus,KQ421593:+:127708:132553,41414,yes,train,KQ421593,129940,+,178,0.2322274881516587,Octopus_prebalancing.csv.gz
Octopus,KQ430702:-:8638:10120,62404,yes,train,KQ430702,9100,-,347,0.6916666666666667,Octopus_prebalancing.csv.gz
Octopus,KQ426010:-:18354:19844,56133,yes,train,KQ426010,19734,-,116,0.22,Octopus_prebalancing.csv.gz
Octopus,KQ423286:+:77406:77847,48362,no,train,KQ423286,77520,+,127,0,Octopus_prebalancing.csv.gz
Octopus,KQ416491:-:495583:498599,7673,no,train,KQ416491,497168,-,52,0,Octopus_prebalancing.csv.gz
Octopus,KQ420814:-:214427:225131,37002,yes,train,KQ420814,223720,-,17,0.1728971962616822,Octopus_prebalancing.csv.gz
Octopus,KQ417112:-:598933:605464,12459,yes,train,KQ417112,604666,-,28,0.7727272727272727,Octopus_prebalancing.csv.gz
Octopus,KQ419593:-:1573:3918,29955,no,train,KQ419593,3045,-,109,0,Octopus_prebalancing.csv.gz
Octopus,KQ426505:-:74479:75813,56940,yes,train,KQ426505,75069,-,246,1,Octopus_prebalancing.csv.gz
Octopus,KQ416678:-:507714:508728,9340,no,train,KQ416678,508048,-,98,0,Octopus_prebalancing.csv.gz
Octopus,KQ423248:-:278570:280112,48269,yes,train,KQ423248,279554,-,105,0.4369747899159664,Octopus_prebalancing.csv.gz
Octopus,KQ415768:+:611061:629134,1390,yes,train,KQ415768,618964,+,317,0.287037037037037,Octopus_prebalancing.csv.gz
Octopus,KQ423926:-:46014:47147,51256,no,train,KQ423926,46195,-,202,0,Octopus_prebalancing.csv.gz
Octopus,KQ415932:-:635916:641977,3277,yes,train,KQ415932,637915,-,11,0.308695652173913,Octopus_prebalancing.csv.gz
Octopus,KQ430889:-:120538:121611,62510,yes,train,KQ430889,121000,-,375,0.1611785095320624,Octopus_prebalancing.csv.gz
Octopus,KQ418336:+:64516:66047,22666,no,train,KQ418336,65364,+,14,0,Octopus_prebalancing.csv.gz
Octopus,KQ425188:-:53630:54936,53913,yes,train,KQ425188,54235,-,79,0.3036649214659686,Octopus_prebalancing.csv.gz
Octopus,KQ423868:-:105653:108514,50847,yes,train,KQ423868,106581,-,251,0.2357142857142857,Octopus_prebalancing.csv.gz
Octopus,KQ417701:-:269740:272982,17035,no,train,KQ417701,269890,-,206,0,Octopus_prebalancing.csv.gz
Octopus,KQ422658:+:192535:194721,46298,no,train,KQ422658,193175,+,349,0,Octopus_prebalancing.csv.gz
Octopus,KQ418420:-:72827:73422,23438,no,train,KQ418420,73371,-,68,0,Octopus_prebalancing.csv.gz
Octopus,KQ425262:+:23720:24872,54335,yes,train,KQ425262,24823,+,179,0.256140350877193,Octopus_prebalancing.csv.gz
Octopus,KQ417731:+:297906:298634,17409,yes,train,KQ417731,298600,+,193,0.1617021276595744,Octopus_prebalancing.csv.gz
Octopus,KQ433942:-:4310:10973,63956,yes,train,KQ433942,10595,-,169,0.238095238095238,Octopus_prebalancing.csv.gz
Octopus,KQ425227:+:188459:189054,54093,no,train,KQ425227,188450,+,138,0,Octopus_prebalancing.csv.gz
Octopus,KQ427059:-:52045:60905,58291,no,train,KQ427059,60447,-,135,0,Octopus_prebalancing.csv.gz
Octopus,KQ417379:+:13062:14141,14759,yes,train,KQ417379,13121,+,72,0.24,Octopus_prebalancing.csv.gz
Octopus,KQ431895:+:3872:10596,63216,yes,train,KQ431895,10311,+,723,0.9230769230769232,Octopus_prebalancing.csv.gz
Octopus,KQ424629:-:128331:133319,52702,no,train,KQ424629,130531,-,94,0,Octopus_prebalancing.csv.gz
Octopus,KQ426567:-:66580:68911,57116,yes,train,KQ426567,67342,-,139,0.5065666041275797,Octopus_prebalancing.csv.gz
Octopus,KQ415827:+:58324:68210,1879,no,train,KQ415827,59751,+,35,0,Octopus_prebalancing.csv.gz
Octopus,KQ420409:-:382365:396926,33942,no,train,KQ420409,386499,-,181,0,Octopus_prebalancing.csv.gz
Octopus,KQ415686:+:382591:392360,956,no,train,KQ415686,386576,+,201,0,Octopus_prebalancing.csv.gz
Octopus,KQ424569:-:187612:189652,52372,yes,train,KQ424569,188474,-,78,0.7062937062937062,Octopus_prebalancing.csv.gz
Octopus,KQ420902:-:23907:28446,37455,yes,train,KQ420902,25074,-,274,0.4078947368421052,Octopus_prebalancing.csv.gz
Octopus,KQ430572:-:129875:131303,62192,yes,train,KQ430572,131120,-,481,0.2673267326732673,Octopus_prebalancing.csv.gz
Octopus,KQ419175:-:3377:3779,27476,no,train,KQ419175,3754,-,78,0,Octopus_prebalancing.csv.gz
Octopus,KQ416678:-:507714:508728,9304,yes,train,KQ416678,507870,-,230,0.8274582560296846,Octopus_prebalancing.csv.gz
Octopus,KQ415907:+:346698:348754,2746,yes,train,KQ415907,348463,+,194,0.6113989637305699,Octopus_prebalancing.csv.gz
Octopus,KQ422658:+:192535:194721,46209,yes,train,KQ422658,192877,+,47,0.3519553072625698,Octopus_prebalancing.csv.gz
Octopus,KQ418873:+:627338:632183,26177,no,train,KQ418873,629272,+,433,0,Octopus_prebalancing.csv.gz
Octopus,KQ416188:+:304409:307535,5147,yes,train,KQ416188,307155,+,32,0.4346153846153846,Octopus_prebalancing.csv.gz
Octopus,KQ418040:-:368521:375250,19837,no,train,KQ418040,368668,-,311,0,Octopus_prebalancing.csv.gz
Octopus,KQ416811:+:273090:273937,10710,no,train,KQ416811,273948,+,331,0,Octopus_prebalancing.csv.gz
Octopus,KQ416999:-:955994:958894,11522,no,train,KQ416999,957625,-,235,0,Octopus_prebalancing.csv.gz
Octopus,KQ416152:+:431359:432163,4772,no,train,KQ416152,431844,+,37,0,Octopus_prebalancing.csv.gz
Octopus,KQ416738:+:179376:181420,10032,yes,train,KQ416738,181361,+,175,0.7557603686635944,Octopus_prebalancing.csv.gz
Octopus,KQ416766:-:4974:6044,10255,no,train,KQ416766,5334,-,638,0,Octopus_prebalancing.csv.gz
Octopus,KQ417719:+:79119:82120,17245,no,train,KQ417719,80969,+,19,0,Octopus_prebalancing.csv.gz
Octopus,KQ420593:-:2370:9432,35066,yes,train,KQ420593,2674,-,159,0.91148115687993,Octopus_prebalancing.csv.gz
Octopus,KQ421754:+:100818:101846,42329,no,train,KQ421754,101146,+,63,0,Octopus_prebalancing.csv.gz
Octopus,KQ416338:-:608611:614029,6973,no,train,KQ416338,609531,-,203,0,Octopus_prebalancing.csv.gz
Octopus,KQ419574:+:872589:876091,29722,no,train,KQ419574,873250,+,129,0,Octopus_prebalancing.csv.gz
Octopus,KQ421042:+:166510:169239,38546,no,train,KQ421042,168061,+,24,0,Octopus_prebalancing.csv.gz
Octopus,KQ420157:+:154445:155503,32818,no,train,KQ420157,155274,+,260,0,Octopus_prebalancing.csv.gz
Octopus,KQ422033:-:18330:23008,44135,no,train,KQ422033,20454,-,17,0,Octopus_prebalancing.csv.gz
Octopus,KQ424114:+:62091:63803,51487,yes,train,KQ424114,63503,+,393,0.2111801242236025,Octopus_prebalancing.csv.gz
Octopus,KQ427011:+:44729:52161,58143,no,train,KQ427011,48118,+,35,0,Octopus_prebalancing.csv.gz
Octopus,KQ417678:-:52261:52558,16884,no,train,KQ417678,52578,-,28,0,Octopus_prebalancing.csv.gz
Octopus,KQ422351:+:87673:90036,45268,no,train,KQ422351,88293,+,14,0,Octopus_prebalancing.csv.gz
Octopus,KQ415876:-:937156:938952,2522,yes,train,KQ415876,938572,-,66,0.6635514018691588,Octopus_prebalancing.csv.gz
Octopus,KQ422521:-:282473:284879,46009,no,train,KQ422521,283807,-,97,0,Octopus_prebalancing.csv.gz
Octopus,KQ417012:+:210056:215133,11772,no,train,KQ417012,212453,+,141,0,Octopus_prebalancing.csv.gz
Octopus,KQ419534:-:177028:177777,29539,no,train,KQ419534,177769,-,33,0,Octopus_prebalancing.csv.gz
Octopus,KQ416002:+:145389:145843,4008,yes,train,KQ416002,145832,+,238,0.9848484848484848,Octopus_prebalancing.csv.gz
Octopus,KQ420126:-:422501:423261,32141,no,train,KQ420126,422621,-,135,0,Octopus_prebalancing.csv.gz
Octopus,KQ416491:+:671680:671851,7689,no,train,KQ416491,671780,+,129,0,Octopus_prebalancing.csv.gz
Octopus,KQ419697:-:120738:124519,30215,no,train,KQ419697,122435,-,54,0,Octopus_prebalancing.csv.gz
Octopus,KQ421906:+:426581:427321,43626,no,train,KQ421906,426544,+,148,0,Octopus_prebalancing.csv.gz
Octopus,KQ417701:-:269740:272982,17021,no,train,KQ417701,269805,-,291,0,Octopus_prebalancing.csv.gz
Octopus,KQ415775:-:404717:412300,1471,yes,train,KQ415775,410481,-,226,0.6445783132530121,Octopus_prebalancing.csv.gz
Octopus,KQ426791:-:665939:667169,57511,no,train,KQ426791,666098,-,175,0,Octopus_prebalancing.csv.gz
Octopus,KQ420261:+:1151455:1153527,33066,no,train,KQ420261,1153438,+,368,0,Octopus_prebalancing.csv.gz
Octopus,KQ416002:+:145389:145843,4006,yes,train,KQ416002,145830,+,236,0.7022900763358778,Octopus_prebalancing.csv.gz
Octopus,KQ416231:+:98010:100052,5733,no,train,KQ416231,99733,+,23,0,Octopus_prebalancing.csv.gz
Octopus,KQ420442:-:26593:27410,34316,no,train,KQ420442,26844,-,104,0,Octopus_prebalancing.csv.gz
Octopus,KQ425850:-:284737:296046,55885,yes,train,KQ425850,293418,-,38,0.3185185185185185,Octopus_prebalancing.csv.gz
Octopus,KQ416087:-:494228:496857,4278,yes,train,KQ416087,495124,-,270,0.3101851851851852,Octopus_prebalancing.csv.gz
Octopus,KQ420348:-:79805:80375,33671,no,train,KQ420348,79782,-,372,0,Octopus_prebalancing.csv.gz
Octopus,KQ420126:+:474219:480496,32254,no,train,KQ420126,479117,+,222,0,Octopus_prebalancing.csv.gz
Octopus,KQ421593:+:127708:132553,41392,yes,train,KQ421593,129839,+,76,0.9515151515151516,Octopus_prebalancing.csv.gz
Octopus,KQ420313:-:692964:694535,33603,yes,train,KQ420313,693656,-,75,0.9157303370786516,Octopus_prebalancing.csv.gz
Octopus,KQ422261:-:60561:67208,44866,yes,train,KQ422261,60980,-,226,0.4536489151873767,Octopus_prebalancing.csv.gz
Octopus,KQ420270:-:30694:31959,33191,no,train,KQ420270,31607,-,275,0,Octopus_prebalancing.csv.gz
Octopus,KQ426505:-:74479:75813,57005,yes,train,KQ426505,75283,-,32,0.2827225130890052,Octopus_prebalancing.csv.gz
Octopus,KQ415684:+:1795785:1804292,767,no,train,KQ415684,1803012,+,134,0,Octopus_prebalancing.csv.gz
Octopus,KQ416681:+:123800:125409,9407,yes,train,KQ416681,125363,+,203,0.3669724770642202,Octopus_prebalancing.csv.gz
Octopus,KQ426505:-:69232:70896,56836,yes,train,KQ426505,69380,-,400,0.775330396475771,Octopus_prebalancing.csv.gz
Octopus,KQ417796:+:458790:459137,17672,yes,train,KQ417796,458945,+,177,0.5504322766570605,Octopus_prebalancing.csv.gz
Octopus,KQ419640:-:151391:151719,30058,yes,train,KQ419640,151661,-,74,0.9464285714285714,Octopus_prebalancing.csv.gz
Octopus,KQ427812:-:11379:11735,59533,yes,train,KQ427812,11611,-,86,0.4096916299559471,Octopus_prebalancing.csv.gz
Octopus,KQ423631:-:133207:139083,50085,yes,train,KQ423631,138668,-,7,0.4796747967479675,Octopus_prebalancing.csv.gz
Octopus,KQ421721:-:299835:300483,42081,no,train,KQ421721,300279,-,133,0,Octopus_prebalancing.csv.gz
Octopus,KQ419904:+:185913:188166,30605,no,train,KQ419904,186198,+,70,0,Octopus_prebalancing.csv.gz
Octopus,KQ423494:+:335164:341254,48839,no,train,KQ423494,341112,+,168,0,Octopus_prebalancing.csv.gz
Octopus,KQ416678:-:507714:508728,9283,no,train,KQ416678,507792,-,308,0,Octopus_prebalancing.csv.gz
Octopus,KQ423839:+:304491:306021,50674,yes,train,KQ423839,305962,+,482,0.3394495412844037,Octopus_prebalancing.csv.gz
Octopus,KQ420409:-:382365:396926,33932,no,train,KQ420409,386472,-,208,0,Octopus_prebalancing.csv.gz
Octopus,KQ420261:+:1151455:1153527,33049,yes,train,KQ420261,1153369,+,299,0.2803738317757009,Octopus_prebalancing.csv.gz
Octopus,KQ422866:-:193298:197038,47056,no,train,KQ422866,194879,-,110,0,Octopus_prebalancing.csv.gz
Octopus,KQ420690:-:106079:111818,36063,yes,train,KQ420690,107196,-,216,0.2132701421800948,Octopus_prebalancing.csv.gz
Octopus,KQ422024:-:86095:88285,43819,yes,train,KQ422024,86154,-,221,0.5138121546961326,Octopus_prebalancing.csv.gz
Octopus,KQ431895:+:3872:10596,63201,yes,train,KQ431895,10281,+,693,0.8794326241134752,Octopus_prebalancing.csv.gz
Octopus,KQ419199:+:17614:19923,27797,yes,train,KQ419199,18767,+,354,0.4569536423841059,Octopus_prebalancing.csv.gz
Octopus,KQ418194:+:2647469:2647998,21591,no,train,KQ418194,2647680,+,93,0,Octopus_prebalancing.csv.gz
Octopus,KQ415907:+:346698:348754,2711,yes,train,KQ415907,348327,+,62,1,Octopus_prebalancing.csv.gz
Octopus,KQ418535:-:294754:296669,24376,yes,train,KQ418535,294820,-,196,0.3320754716981132,Octopus_prebalancing.csv.gz
Octopus,KQ420690:-:166278:172996,36259,yes,train,KQ420690,170853,-,116,0.75,Octopus_prebalancing.csv.gz
Octopus,KQ415674:-:864176:867443,561,no,train,KQ415674,864702,-,252,0,Octopus_prebalancing.csv.gz
Octopus,KQ415674:-:864176:867443,570,no,train,KQ415674,864728,-,226,0,Octopus_prebalancing.csv.gz
Octopus,KQ417417:-:19359:26595,14994,no,train,KQ417417,19425,-,305,0,Octopus_prebalancing.csv.gz
Octopus,KQ420690:-:166278:172996,36201,no,train,KQ420690,166975,-,285,0,Octopus_prebalancing.csv.gz
Octopus,KQ423014:-:35418:36161,47346,yes,train,KQ423014,35454,-,470,0.1764705882352941,Octopus_prebalancing.csv.gz
Octopus,KQ421758:-:534257:537309,42675,no,train,KQ421758,534505,-,109,0,Octopus_prebalancing.csv.gz
Octopus,KQ417538:+:78848:83461,15568,no,train,KQ417538,82912,+,139,0,Octopus_prebalancing.csv.gz
Octopus,KQ415768:+:611061:629134,1408,yes,train,KQ415768,619068,+,421,0.2260869565217391,Octopus_prebalancing.csv.gz
Octopus,KQ417678:-:52261:52558,16832,no,train,KQ417678,52336,-,222,0,Octopus_prebalancing.csv.gz
Octopus,KQ419333:-:48712:50653,28402,yes,train,KQ419333,48966,-,279,0.2990249187432286,Octopus_prebalancing.csv.gz
Octopus,KQ425188:-:155463:161972,53942,no,train,KQ425188,161265,-,96,0,Octopus_prebalancing.csv.gz
Octopus,KQ415932:-:635916:641977,3256,yes,train,KQ415932,637829,-,97,0.2061068702290076,Octopus_prebalancing.csv.gz
Octopus,KQ416745:-:302420:302572,10077,no,train,KQ416745,302478,-,129,0,Octopus_prebalancing.csv.gz
Octopus,KQ416478:-:33961:35095,7577,no,train,KQ416478,35060,-,43,0,Octopus_prebalancing.csv.gz
Octopus,KQ416765:+:75169:77439,10113,yes,train,KQ416765,75287,+,167,0.2052980132450331,Octopus_prebalancing.csv.gz
Octopus,KQ419432:+:166590:169288,29025,no,train,KQ419432,169156,+,185,0,Octopus_prebalancing.csv.gz
Octopus,KQ425492:+:127950:131947,55020,no,train,KQ425492,127963,+,99,0,Octopus_prebalancing.csv.gz
Octopus,KQ425262:-:63008:70787,54379,yes,train,KQ425262,68605,-,361,0.3688524590163934,Octopus_prebalancing.csv.gz
Octopus,KQ416788:-:74481:75947,10352,yes,train,KQ416788,74660,-,431,0.985632183908046,Octopus_prebalancing.csv.gz
Octopus,KQ425262:+:23720:24872,54343,no,train,KQ425262,24843,+,199,0,Octopus_prebalancing.csv.gz
Octopus,KQ430572:+:128019:128398,62166,no,train,KQ430572,128364,+,307,0,Octopus_prebalancing.csv.gz
Octopus,KQ423069:+:40459:43239,47606,yes,train,KQ423069,42247,+,319,0.7416267942583732,Octopus_prebalancing.csv.gz
Octopus,KQ416719:-:823120:824259,9903,no,train,KQ416719,823488,-,40,0,Octopus_prebalancing.csv.gz
Octopus,KQ418173:+:55052:55599,20957,no,train,KQ418173,55455,+,263,0,Octopus_prebalancing.csv.gz
Octopus,KQ422866:-:193298:197038,47024,yes,train,KQ422866,194631,-,222,0.4472573839662447,Octopus_prebalancing.csv.gz
Octopus,KQ423507:-:29672:30101,49096,yes,train,KQ423507,29877,-,206,0.8703703703703703,Octopus_prebalancing.csv.gz
Octopus,KQ430918:+:43280:45094,62635,yes,train,KQ430918,45013,+,312,0.2598870056497175,Octopus_prebalancing.csv.gz
Octopus,KQ422223:-:16837:20430,44655,no,train,KQ422223,20334,-,111,0,Octopus_prebalancing.csv.gz
Octopus,KQ420690:-:166278:172996,36219,no,train,KQ420690,170739,-,230,0,Octopus_prebalancing.csv.gz
Octopus,KQ417620:-:314872:315736,15923,yes,train,KQ417620,314993,-,622,0.7163120567375887,Octopus_prebalancing.csv.gz
Octopus,KQ418900:-:420808:421676,26340,no,train,KQ418900,421166,-,203,0,Octopus_prebalancing.csv.gz
Octopus,KQ417620:-:1821494:1830342,16221,yes,train,KQ417620,1825746,-,63,0.3382352941176471,Octopus_prebalancing.csv.gz
Octopus,KQ427700:-:77255:85328,59410,yes,train,KQ427700,81155,-,64,0.191044776119403,Octopus_prebalancing.csv.gz
Octopus,KQ423069:+:44699:48554,47731,no,train,KQ423069,47078,+,115,0,Octopus_prebalancing.csv.gz
Octopus,KQ426215:+:29905:30045,56281,no,train,KQ426215,29875,+,29,0,Octopus_prebalancing.csv.gz
Octopus,KQ415659:+:1944407:1946585,172,yes,train,KQ415659,1945917,+,331,0.5454545454545454,Octopus_prebalancing.csv.gz
Octopus,KQ416678:-:507714:508728,9350,no,train,KQ416678,508076,-,70,0,Octopus_prebalancing.csv.gz
Octopus,KQ418328:-:252137:255667,22534,yes,train,KQ418328,254890,-,171,0.955665024630542,Octopus_prebalancing.csv.gz
Octopus,KQ415777:+:48820:51281,1603,yes,train,KQ415777,49662,+,331,0.811965811965812,Octopus_prebalancing.csv.gz
Octopus,KQ422261:-:60561:67208,44851,no,train,KQ422261,60943,-,263,0,Octopus_prebalancing.csv.gz
Octopus,KQ419500:+:684975:695320,29321,no,train,KQ419500,686931,+,28,0,Octopus_prebalancing.csv.gz
Octopus,KQ416839:+:123127:129250,10819,yes,train,KQ416839,126559,+,216,0.4063400576368876,Octopus_prebalancing.csv.gz
Octopus,KQ420428:-:122164:124440,34112,no,train,KQ420428,123834,-,90,0,Octopus_prebalancing.csv.gz
Octopus,KQ420942:+:253753:260737,37859,no,train,KQ420942,254793,+,30,0,Octopus_prebalancing.csv.gz
Octopus,KQ416432:+:16441:19210,7245,yes,train,KQ416432,18717,+,263,0.1858407079646017,Octopus_prebalancing.csv.gz
Octopus,KQ415907:+:346698:348754,2755,yes,train,KQ415907,348490,+,221,0.3142857142857143,Octopus_prebalancing.csv.gz
Octopus,KQ420909:-:58461:62439,37578,yes,train,KQ420909,61145,-,207,1,Octopus_prebalancing.csv.gz
Octopus,KQ426499:-:175674:176165,56721,yes,train,KQ426499,175681,-,265,0.4012345679012346,Octopus_prebalancing.csv.gz
Octopus,KQ416719:-:823120:824259,9809,no,train,KQ416719,823186,-,348,0,Octopus_prebalancing.csv.gz
Octopus,KQ418571:+:564763:566766,24705,no,train,KQ418571,565381,+,32,0,Octopus_prebalancing.csv.gz
Octopus,KQ424203:-:62623:63173,51885,yes,train,KQ424203,62710,-,284,0.9803921568627452,Octopus_prebalancing.csv.gz
Octopus,KQ415863:-:106598:111978,2301,no,train,KQ415863,107141,-,90,0,Octopus_prebalancing.csv.gz
Octopus,KQ420444:+:439486:443984,34393,yes,train,KQ420444,442424,+,163,0.8348214285714286,Octopus_prebalancing.csv.gz
Octopus,KQ416616:+:2452476:2453097,8799,no,train,KQ416616,2452595,+,252,0,Octopus_prebalancing.csv.gz
Octopus,KQ421338:-:574795:575471,40108,no,train,KQ421338,575299,-,16,0,Octopus_prebalancing.csv.gz
Octopus,KQ416839:-:149278:151954,10929,no,train,KQ416839,149868,-,131,0,Octopus_prebalancing.csv.gz
Octopus,KQ422033:-:18330:23008,44043,yes,train,KQ422033,20083,-,351,0.4890510948905109,Octopus_prebalancing.csv.gz
Octopus,KQ421206:-:489842:494429,39596,no,train,KQ421206,493038,-,174,0,Octopus_prebalancing.csv.gz
Octopus,KQ427174:-:5830:9422,58776,yes,train,KQ427174,6460,-,426,0.2125984251968504,Octopus_prebalancing.csv.gz
Octopus,KQ417198:+:95697:99377,12745,yes,train,KQ417198,97253,+,73,0.8201438848920863,Octopus_prebalancing.csv.gz
Octopus,KQ421906:+:426581:427321,43635,no,train,KQ421906,426563,+,167,0,Octopus_prebalancing.csv.gz
Octopus,KQ419640:-:151391:151719,30067,yes,train,KQ419640,151689,-,46,0.2086330935251798,Octopus_prebalancing.csv.gz
Octopus,KQ422502:+:30727:33827,45848,no,train,KQ422502,30870,+,81,0,Octopus_prebalancing.csv.gz
Octopus,KQ427426:+:9727:13486,59087,no,train,KQ427426,12646,+,167,0,Octopus_prebalancing.csv.gz
Octopus,KQ420153:-:20390:23631,32717,yes,train,KQ420153,22461,-,95,0.8391304347826087,Octopus_prebalancing.csv.gz
Octopus,KQ416788:-:74481:75947,10434,yes,train,KQ416788,74883,-,204,0.9953917050691244,Octopus_prebalancing.csv.gz
Octopus,KQ420126:+:474219:480496,32232,no,train,KQ420126,479044,+,149,0,Octopus_prebalancing.csv.gz
Octopus,KQ430069:+:5459:6074,61682,no,train,KQ430069,5801,+,11,0,Octopus_prebalancing.csv.gz
Octopus,KQ422923:-:139939:140915,47175,no,train,KQ422923,140816,-,78,0,Octopus_prebalancing.csv.gz
Octopus,KQ416877:-:1243348:1252014,11009,yes,train,KQ416877,1247626,-,244,0.2203947368421052,Octopus_prebalancing.csv.gz
Octopus,KQ424168:+:169950:179441,51726,no,train,KQ424168,174617,+,99,0,Octopus_prebalancing.csv.gz
Octopus,KQ419203:-:39965:40712,27815,yes,train,KQ419203,40146,-,397,0.3941176470588235,Octopus_prebalancing.csv.gz
Octopus,KQ421206:-:489842:494429,39574,no,train,KQ421206,492989,-,223,0,Octopus_prebalancing.csv.gz
Octopus,KQ419199:+:17614:19923,27795,yes,train,KQ419199,18759,+,346,0.912280701754386,Octopus_prebalancing.csv.gz
Octopus,KQ417280:-:322030:322671,13732,yes,train,KQ417280,322351,-,113,0.1893939393939394,Octopus_prebalancing.csv.gz
Octopus,KQ421217:-:75990:76821,39683,no,train,KQ421217,76748,-,134,0,Octopus_prebalancing.csv.gz
Octopus,KQ423677:+:105301:111458,50367,no,train,KQ423677,110639,+,7,0,Octopus_prebalancing.csv.gz
Octopus,KQ417233:+:10478:14651,12845,yes,train,KQ417233,11189,+,123,0.6666666666666666,Octopus_prebalancing.csv.gz
Octopus,KQ417847:-:1389485:1395088,18114,no,train,KQ417847,1391861,-,645,0,Octopus_prebalancing.csv.gz
Octopus,KQ423507:-:29672:30101,49103,yes,train,KQ423507,29905,-,178,0.6879432624113475,Octopus_prebalancing.csv.gz
Octopus,KQ430572:+:128019:128398,62107,yes,train,KQ430572,128082,+,85,0.864406779661017,Octopus_prebalancing.csv.gz
Octopus,KQ426505:-:69232:70896,56891,yes,train,KQ426505,69690,-,187,0.6059602649006622,Octopus_prebalancing.csv.gz
Octopus,KQ423926:-:48986:56304,51287,no,train,KQ423926,51627,-,234,0,Octopus_prebalancing.csv.gz
Octopus,KQ417977:+:400516:401523,19150,no,train,KQ417977,401314,+,205,0,Octopus_prebalancing.csv.gz
Octopus,KQ426130:+:279248:281552,56135,yes,train,KQ426130,281542,+,331,0.2524271844660194,Octopus_prebalancing.csv.gz
Octopus,KQ415873:+:120365:136981,2501,no,train,KQ415873,123156,+,362,0,Octopus_prebalancing.csv.gz
Octopus,KQ420313:-:692964:694535,33585,no,train,KQ420313,693606,-,125,0,Octopus_prebalancing.csv.gz
Octopus,KQ416839:-:149278:151954,10899,yes,train,KQ416839,149305,-,260,0.9314285714285714,Octopus_prebalancing.csv.gz
Octopus,KQ417670:+:106541:109344,16550,yes,train,KQ417670,107831,+,87,0.3253012048192771,Octopus_prebalancing.csv.gz
Octopus,KQ425946:-:28543:30688,56067,no,train,KQ425946,29338,-,226,0,Octopus_prebalancing.csv.gz
Octopus,KQ415854:+:473174:474021,2210,yes,train,KQ415854,473509,+,130,0.5096359743040685,Octopus_prebalancing.csv.gz
Octopus,KQ416002:+:145389:145843,4018,no,train,KQ416002,145869,+,275,0,Octopus_prebalancing.csv.gz
Octopus,KQ415684:+:1795785:1804292,769,no,train,KQ415684,1803021,+,143,0,Octopus_prebalancing.csv.gz
Octopus,KQ421758:-:534257:537309,42695,no,train,KQ421758,534562,-,52,0,Octopus_prebalancing.csv.gz
Octopus,KQ416002:+:145389:145843,3976,no,train,KQ416002,145757,+,163,0,Octopus_prebalancing.csv.gz
Octopus,KQ416272:+:352882:357866,6308,no,train,KQ416272,357309,+,33,0,Octopus_prebalancing.csv.gz
Octopus,KQ416745:-:302420:302572,10051,no,train,KQ416745,302404,-,203,0,Octopus_prebalancing.csv.gz
Octopus,KQ419432:+:166590:169288,29015,yes,train,KQ419432,169125,+,154,0.504950495049505,Octopus_prebalancing.csv.gz
Octopus,KQ420261:+:1151455:1153527,33084,no,train,KQ420261,1153497,+,427,0,Octopus_prebalancing.csv.gz
Octopus,KQ417245:+:359507:360722,13179,yes,train,KQ417245,359765,+,268,0.9587155963302753,Octopus_prebalancing.csv.gz
Octopus,KQ431895:+:3872:10596,63195,yes,train,KQ431895,10272,+,684,0.2649572649572649,Octopus_prebalancing.csv.gz
Octopus,KQ433339:+:27883:36851,63803,yes,train,KQ433339,28116,+,59,0.584,Octopus_prebalancing.csv.gz
Octopus,KQ430069:+:5459:6074,61727,yes,train,KQ430069,6023,+,171,0.5258620689655172,Octopus_prebalancing.csv.gz
Octopus,KQ431895:+:3872:10596,63233,no,train,KQ431895,10369,+,781,0,Octopus_prebalancing.csv.gz
Octopus,KQ425758:+:17266:20569,55751,no,train,KQ425758,18894,+,139,0,Octopus_prebalancing.csv.gz
Octopus,KQ422351:+:87673:90036,45265,no,train,KQ422351,88286,+,7,0,Octopus_prebalancing.csv.gz
Octopus,KQ420409:-:382365:396926,33958,yes,train,KQ420409,386633,-,109,0.5263157894736842,Octopus_prebalancing.csv.gz
Octopus,KQ415672:+:529983:538841,506,yes,train,KQ415672,538726,+,380,0.8348623853211009,Octopus_prebalancing.csv.gz
Octopus,KQ427174:-:5830:9422,58817,no,train,KQ427174,6576,-,310,0,Octopus_prebalancing.csv.gz
Octopus,KQ421265:-:217835:220132,39898,no,train,KQ421265,219978,-,108,0,Octopus_prebalancing.csv.gz
Octopus,KQ419141:-:70913:74788,27415,yes,train,KQ419141,72519,-,9,0.1551724137931034,Octopus_prebalancing.csv.gz
Octopus,KQ416491:-:495583:498599,7618,no,train,KQ416491,495603,-,274,0,Octopus_prebalancing.csv.gz
Octopus,KQ421754:+:100818:101846,42323,no,train,KQ421754,101122,+,39,0,Octopus_prebalancing.csv.gz
Octopus,KQ422033:-:18330:23008,44049,yes,train,KQ422033,20094,-,340,0.4693877551020408,Octopus_prebalancing.csv.gz
Octopus,KQ421375:-:86931:88834,40540,yes,train,KQ421375,87118,-,362,1,Octopus_prebalancing.csv.gz
Octopus,KQ425067:-:59117:68620,53683,yes,train,KQ425067,64203,-,186,0.3217054263565891,Octopus_prebalancing.csv.gz
Octopus,KQ415902:+:342156:348792,2678,no,train,KQ415902,345170,+,210,0,Octopus_prebalancing.csv.gz
Octopus,KQ421368:+:6794:7620,40373,no,train,KQ421368,7582,+,175,0,Octopus_prebalancing.csv.gz
Octopus,KQ417198:+:95697:99377,12746,yes,train,KQ417198,97254,+,74,0.7021276595744681,Octopus_prebalancing.csv.gz
Octopus,KQ417847:-:1095310:1097869,18069,yes,train,KQ417847,1096191,-,23,1,Octopus_prebalancing.csv.gz
Octopus,KQ420828:-:2067280:2068719,37248,yes,train,KQ420828,2068517,-,241,0.2442748091603053,Octopus_prebalancing.csv.gz
Octopus,KQ419366:+:211929:213548,28501,yes,train,KQ419366,213235,+,86,0.5985401459854015,Octopus_prebalancing.csv.gz
Octopus,KQ420313:-:692964:694535,33574,no,train,KQ420313,693577,-,154,0,Octopus_prebalancing.csv.gz
Octopus,KQ421356:-:55274:57599,40154,yes,train,KQ421356,55438,-,229,0.2419354838709677,Octopus_prebalancing.csv.gz
Octopus,KQ423550:+:18573:19792,49687,no,train,KQ423550,19776,+,249,0,Octopus_prebalancing.csv.gz
Octopus,KQ421800:+:115671:129740,43071,yes,train,KQ421800,123294,+,252,0.1617715617715617,Octopus_prebalancing.csv.gz
Octopus,KQ431895:+:3872:10596,63172,yes,train,KQ431895,10212,+,624,0.4161490683229814,Octopus_prebalancing.csv.gz
Octopus,KQ416955:-:484828:485261,11318,no,train,KQ416955,485211,-,78,0,Octopus_prebalancing.csv.gz
Octopus,KQ420166:-:246576:253851,32914,no,train,KQ420166,247698,-,166,0,Octopus_prebalancing.csv.gz
Octopus,KQ425492:+:127950:131947,55011,no,train,KQ425492,127919,+,55,0,Octopus_prebalancing.csv.gz
Octopus,KQ419203:-:39965:40712,27937,yes,train,KQ419203,40706,-,14,0.8466453674121406,Octopus_prebalancing.csv.gz
Octopus,KQ421368:+:6794:7620,40332,no,train,KQ421368,6806,+,30,0,Octopus_prebalancing.csv.gz
Octopus,KQ431895:+:3872:10596,63151,yes,train,KQ431895,10159,+,571,1,Octopus_prebalancing.csv.gz
Octopus,KQ418240:+:141891:142491,21851,no,train,KQ418240,142155,+,211,0,Octopus_prebalancing.csv.gz
Octopus,KQ423494:+:335164:341254,48822,yes,train,KQ423494,340709,+,75,0.8002773925104022,Octopus_prebalancing.csv.gz
Octopus,KQ416626:+:246193:257235,8980,yes,train,KQ416626,252991,+,190,0.2342342342342342,Octopus_prebalancing.csv.gz
Octopus,KQ417763:+:397070:401152,17429,yes,train,KQ417763,400551,+,13,0.4573643410852713,Octopus_prebalancing.csv.gz
Octopus,KQ426505:-:69232:70896,56811,yes,train,KQ426505,69321,-,459,0.3904109589041096,Octopus_prebalancing.csv.gz
Octopus,KQ417763:+:397070:401152,17463,yes,train,KQ417763,400729,+,155,0.9209039548022598,Octopus_prebalancing.csv.gz
Octopus,KQ427426:+:9727:13486,59080,no,train,KQ427426,12618,+,133,0,Octopus_prebalancing.csv.gz
Octopus,KQ419574:-:312670:313004,29618,no,train,KQ419574,312642,-,210,0,Octopus_prebalancing.csv.gz
Octopus,KQ417819:+:73313:77380,17897,yes,train,KQ417819,77208,+,452,0.2368421052631578,Octopus_prebalancing.csv.gz
Octopus,KQ417112:-:598933:605464,12416,yes,train,KQ417112,604570,-,124,0.2339357429718875,Octopus_prebalancing.csv.gz
Octopus,KQ416197:-:1270:2182,5459,no,train,KQ416197,2142,-,30,0,Octopus_prebalancing.csv.gz
Octopus,KQ428118:-:8307:9238,60047,yes,train,KQ428118,9208,-,42,0.6441281138790036,Octopus_prebalancing.csv.gz
Octopus,KQ427812:-:11379:11735,59542,yes,train,KQ427812,11631,-,66,0.5454545454545454,Octopus_prebalancing.csv.gz
Octopus,KQ417670:+:281609:283762,16747,no,train,KQ417670,281667,+,76,0,Octopus_prebalancing.csv.gz
Octopus,KQ428492:-:1282:4024,60404,yes,train,KQ428492,2920,-,32,0.3557692307692308,Octopus_prebalancing.csv.gz
Octopus,KQ420080:+:468005:470274,31828,no,train,KQ420080,468857,+,228,0,Octopus_prebalancing.csv.gz
Octopus,KQ427892:-:28679:32678,59659,yes,train,KQ427892,31489,-,143,0.1760797342192691,Octopus_prebalancing.csv.gz
Octopus,KQ420814:-:214427:225131,36962,no,train,KQ420814,223619,-,118,0,Octopus_prebalancing.csv.gz
Octopus,KQ426505:-:69232:70896,56833,yes,train,KQ426505,69374,-,406,0.2242152466367713,Octopus_prebalancing.csv.gz
Octopus,KQ419098:-:224612:226065,27057,no,train,KQ419098,225684,-,220,0,Octopus_prebalancing.csv.gz
Octopus,KQ422015:+:60856:61622,43737,no,train,KQ422015,61225,+,95,0,Octopus_prebalancing.csv.gz
Octopus,KQ417763:+:397070:401152,17488,yes,train,KQ417763,400787,+,213,0.3846153846153846,Octopus_prebalancing.csv.gz
Octopus,KQ422738:-:37291:40054,46524,yes,train,KQ422738,38854,-,239,0.6889763779527559,Octopus_prebalancing.csv.gz
Octopus,KQ417911:+:82295:90861,18487,yes,train,KQ417911,84042,+,76,0.2565789473684211,Octopus_prebalancing.csv.gz
Octopus,KQ419763:+:125372:126247,30361,yes,train,KQ419763,125682,+,318,0.3713188220230474,Octopus_prebalancing.csv.gz
Octopus,KQ423260:+:283584:296700,48295,yes,train,KQ423260,289320,+,115,0.5420560747663551,Octopus_prebalancing.csv.gz
Octopus,KQ423912:+:27184:28834,51199,no,train,KQ423912,28089,+,199,0,Octopus_prebalancing.csv.gz
Octopus,KQ419009:+:45447:45868,26673,no,train,KQ419009,45537,+,178,0,Octopus_prebalancing.csv.gz
Octopus,KQ422658:-:262328:262919,46307,no,train,KQ422658,262296,-,199,0,Octopus_prebalancing.csv.gz
Octopus,KQ417233:+:10478:14651,12858,yes,train,KQ417233,11217,+,151,0.2153846153846154,Octopus_prebalancing.csv.gz
Octopus,KQ420017:+:341685:342236,31447,no,train,KQ420017,341870,+,136,0,Octopus_prebalancing.csv.gz
Octopus,KQ421261:+:347111:347311,39853,no,train,KQ421261,347327,+,224,0,Octopus_prebalancing.csv.gz
Octopus,KQ417062:+:126881:128514,11930,yes,train,KQ417062,128119,+,28,0.1952380952380952,Octopus_prebalancing.csv.gz
Octopus,KQ430251:+:13943:16469,62026,yes,train,KQ430251,15190,+,34,0.3940677966101695,Octopus_prebalancing.csv.gz
Octopus,KQ419763:+:125372:126247,30281,yes,train,KQ419763,125458,+,92,0.4280821917808219,Octopus_prebalancing.csv.gz
Octopus,KQ415932:-:635916:641977,3259,yes,train,KQ415932,637848,-,78,0.2044609665427509,Octopus_prebalancing.csv.gz
Octopus,KQ417911:+:82295:90861,18466,yes,train,KQ417911,84001,+,35,0.2882882882882883,Octopus_prebalancing.csv.gz
Octopus,KQ418420:-:72827:73422,23391,no,train,KQ418420,73224,-,215,0,Octopus_prebalancing.csv.gz
Octopus,KQ424656:+:92579:93354,52755,no,train,KQ424656,92674,+,126,0,Octopus_prebalancing.csv.gz
Octopus,KQ419333:-:48712:50653,28395,yes,train,KQ419333,48937,-,308,0.2076648841354723,Octopus_prebalancing.csv.gz
Octopus,KQ417719:+:79119:82120,17249,yes,train,KQ417719,80975,+,25,0.3115942028985507,Octopus_prebalancing.csv.gz
Octopus,KQ423507:-:29672:30101,49108,yes,train,KQ423507,29919,-,164,0.2121212121212121,Octopus_prebalancing.csv.gz
Octopus,KQ420942:+:522955:524648,37965,yes,train,KQ420942,524603,+,151,0.3831168831168831,Octopus_prebalancing.csv.gz
Octopus,KQ417482:+:378219:384475,15180,yes,train,KQ417482,381480,+,243,0.1988636363636363,Octopus_prebalancing.csv.gz
Octopus,KQ421638:+:30744:34531,41454,yes,train,KQ421638,32117,+,68,0.2628205128205128,Octopus_prebalancing.csv.gz
Octopus,KQ418295:+:256001:257099,22119,yes,train,KQ418295,256845,+,374,0.6120689655172413,Octopus_prebalancing.csv.gz
Octopus,KQ419574:+:872589:876091,29750,yes,train,KQ419574,875847,+,252,0.5678191489361702,Octopus_prebalancing.csv.gz
Octopus,KQ422866:-:193298:197038,47038,yes,train,KQ422866,194667,-,186,0.9767441860465116,Octopus_prebalancing.csv.gz
Octopus,KQ420776:-:126654:127969,36613,no,train,KQ420776,127314,-,17,0,Octopus_prebalancing.csv.gz
Octopus,KQ416766:-:4974:6044,10245,no,train,KQ416766,5258,-,714,0,Octopus_prebalancing.csv.gz
Octopus,KQ420126:+:474219:480496,32282,no,train,KQ420126,479289,+,316,0,Octopus_prebalancing.csv.gz
Octopus,KQ420992:-:72392:77664,38297,no,train,KQ420992,73463,-,300,0,Octopus_prebalancing.csv.gz
Octopus,KQ417112:-:598933:605464,12309,yes,train,KQ417112,604235,-,465,0.9886480908152736,Octopus_prebalancing.csv.gz
Octopus,KQ426259:+:186651:188364,56407,no,train,KQ426259,186896,+,243,0,Octopus_prebalancing.csv.gz
Octopus,KQ423916:-:14509:21900,51229,yes,train,KQ423916,16379,-,51,0.7403846153846154,Octopus_prebalancing.csv.gz
Octopus,KQ426567:-:66580:68911,57148,yes,train,KQ426567,68640,-,42,0.2937181663837012,Octopus_prebalancing.csv.gz
Octopus,KQ420157:+:154445:155503,32884,no,train,KQ420157,155486,+,472,0,Octopus_prebalancing.csv.gz
Octopus,KQ419895:-:32039:34241,30578,no,train,KQ419895,33257,-,137,0,Octopus_prebalancing.csv.gz
Octopus,KQ417678:-:52261:52558,16823,yes,train,KQ417678,52314,-,244,0.4519230769230769,Octopus_prebalancing.csv.gz
Octopus,KQ418525:-:269185:270140,24153,no,train,KQ418525,269287,-,137,0,Octopus_prebalancing.csv.gz
Octopus,KQ418475:+:151074:154011,23831,yes,train,KQ418475,151625,+,99,0.4714285714285714,Octopus_prebalancing.csv.gz
Octopus,KQ417012:+:210056:215133,11763,no,train,KQ417012,212406,+,94,0,Octopus_prebalancing.csv.gz
Octopus,KQ433487:+:62929:63906,63879,no,train,KQ433487,63144,+,173,0,Octopus_prebalancing.csv.gz
Octopus,KQ419574:-:312670:313004,29622,no,train,KQ419574,312648,-,204,0,Octopus_prebalancing.csv.gz
Octopus,KQ419376:+:613064:619101,28616,no,train,KQ419376,613992,+,224,0,Octopus_prebalancing.csv.gz
Octopus,KQ422036:+:963421:964986,44153,no,train,KQ422036,963594,+,28,0,Octopus_prebalancing.csv.gz
Octopus,KQ427587:+:206953:208278,59235,yes,train,KQ427587,208117,+,82,0.4558823529411764,Octopus_prebalancing.csv.gz
Octopus,KQ422794:+:34599:36340,46668,yes,train,KQ422794,34976,+,96,0.653179190751445,Octopus_prebalancing.csv.gz
Octopus,KQ421368:+:6794:7620,40376,no,train,KQ421368,7586,+,179,0,Octopus_prebalancing.csv.gz
Octopus,KQ422081:-:162843:169565,44258,no,train,KQ422081,167161,-,318,0,Octopus_prebalancing.csv.gz
Octopus,KQ417824:+:996158:998152,17936,no,train,KQ417824,996730,+,72,0,Octopus_prebalancing.csv.gz
Octopus,KQ420662:+:220790:222380,35659,yes,train,KQ420662,221075,+,77,0.3078470824949698,Octopus_prebalancing.csv.gz
Octopus,KQ421758:-:534257:537309,42701,no,train,KQ421758,534591,-,23,0,Octopus_prebalancing.csv.gz
Octopus,KQ422223:-:16837:20430,44646,no,train,KQ422223,20316,-,129,0,Octopus_prebalancing.csv.gz
Octopus,KQ433339:+:27883:36851,63860,yes,train,KQ433339,28301,+,250,0.4444444444444444,Octopus_prebalancing.csv.gz
Octopus,KQ420409:-:382365:396926,33913,yes,train,KQ420409,386421,-,259,0.9627906976744186,Octopus_prebalancing.csv.gz
Octopus,KQ419300:-:740355:741888,28203,no,train,KQ419300,740926,-,50,0,Octopus_prebalancing.csv.gz
Octopus,KQ426567:-:66580:68911,57137,no,train,KQ426567,68604,-,78,0,Octopus_prebalancing.csv.gz
Octopus,KQ423912:+:27184:28834,51186,yes,train,KQ423912,28052,+,162,0.3620689655172414,Octopus_prebalancing.csv.gz
Octopus,KQ425067:-:59117:68620,53699,no,train,KQ425067,64242,-,147,0,Octopus_prebalancing.csv.gz
Octopus,KQ416724:-:64536:68690,9920,no,train,KQ416724,67060,-,185,0,Octopus_prebalancing.csv.gz
Octopus,KQ417945:-:626288:629791,19062,no,train,KQ417945,629229,-,192,0,Octopus_prebalancing.csv.gz
Octopus,KQ417245:+:359507:360722,13224,yes,train,KQ417245,360026,+,425,0.1619433198380566,Octopus_prebalancing.csv.gz
Octopus,KQ419921:+:87549:87971,30730,no,train,KQ419921,87960,+,279,0,Octopus_prebalancing.csv.gz
Octopus,KQ418094:-:30300:36557,20275,no,train,KQ418094,30998,-,381,0,Octopus_prebalancing.csv.gz
Octopus,KQ415669:+:30162:32210,389,no,train,KQ415669,31548,+,341,0,Octopus_prebalancing.csv.gz
Octopus,KQ428118:-:8307:9238,60046,yes,train,KQ428118,9207,-,43,0.5463917525773195,Octopus_prebalancing.csv.gz
Octopus,KQ425227:+:188459:189054,54106,no,train,KQ425227,188480,+,168,0,Octopus_prebalancing.csv.gz
Octopus,KQ418535:-:294754:296669,24433,no,train,KQ418535,295064,-,19,0,Octopus_prebalancing.csv.gz
Octopus,KQ425262:-:63008:70787,54421,no,train,KQ425262,69479,-,209,0,Octopus_prebalancing.csv.gz
Octopus,KQ422794:+:34599:36340,46707,no,train,KQ422794,35341,+,209,0,Octopus_prebalancing.csv.gz
Octopus,KQ421853:+:890022:894608,43451,yes,train,KQ421853,894199,+,145,0.5022900763358779,Octopus_prebalancing.csv.gz
Octopus,KQ418295:+:256001:257099,22083,yes,train,KQ418295,256721,+,250,0.282798833819242,Octopus_prebalancing.csv.gz
Octopus,KQ426659:+:67219:73481,57340,yes,train,KQ426659,72124,+,420,0.2388059701492537,Octopus_prebalancing.csv.gz
Octopus,KQ415932:-:635916:641977,3276,yes,train,KQ415932,637906,-,20,0.2290748898678414,Octopus_prebalancing.csv.gz
Octopus,KQ424114:+:62091:63803,51366,yes,train,KQ424114,62204,+,55,0.3540372670807453,Octopus_prebalancing.csv.gz
Octopus,KQ430572:+:128019:128398,62115,yes,train,KQ430572,128122,+,125,0.919093851132686,Octopus_prebalancing.csv.gz
Octopus,KQ417917:-:145066:150944,18627,yes,train,KQ417917,147054,-,376,0.6261682242990654,Octopus_prebalancing.csv.gz
Octopus,KQ425227:+:188459:189054,54081,no,train,KQ425227,188424,+,112,0,Octopus_prebalancing.csv.gz
Octopus,KQ425946:-:28543:30688,56106,yes,train,KQ425946,30487,-,67,0.422077922077922,Octopus_prebalancing.csv.gz
Octopus,KQ416612:+:1466743:1468899,8663,yes,train,KQ416612,1468484,+,182,0.7114914425427873,Octopus_prebalancing.csv.gz
Octopus,KQ417620:-:1821494:1830342,16166,yes,train,KQ417620,1821854,-,227,0.3736654804270463,Octopus_prebalancing.csv.gz
Octopus,KQ418431:-:1036370:1040092,23535,yes,train,KQ418431,1037701,-,228,0.5681063122923588,Octopus_prebalancing.csv.gz
Octopus,KQ421821:-:123302:127577,43231,no,train,KQ421821,125396,-,287,0,Octopus_prebalancing.csv.gz
Octopus,KQ428492:-:1282:4024,60386,no,train,KQ428492,2716,-,238,0,Octopus_prebalancing.csv.gz
Octopus,KQ420593:-:2370:9432,35074,yes,train,KQ420593,2702,-,131,0.205521472392638,Octopus_prebalancing.csv.gz
Octopus,KQ421338:-:574795:575471,40075,no,train,KQ421338,575227,-,88,0,Octopus_prebalancing.csv.gz
Octopus,KQ423574:-:83008:86955,49721,no,train,KQ423574,83172,-,187,0,Octopus_prebalancing.csv.gz
Octopus,KQ416594:-:25583:31375,8355,no,train,KQ416594,29560,-,175,0,Octopus_prebalancing.csv.gz
Octopus,KQ426567:-:66580:68911,57146,yes,train,KQ426567,68635,-,47,0.1758241758241758,Octopus_prebalancing.csv.gz
Octopus,KQ415841:-:345434:348457,1952,no,train,KQ415841,346967,-,371,0,Octopus_prebalancing.csv.gz
Octopus,KQ419640:-:151391:151719,30017,yes,train,KQ419640,151430,-,296,0.968503937007874,Octopus_prebalancing.csv.gz
Octopus,KQ423831:+:6585:13257,50654,no,train,KQ423831,8387,+,190,0,Octopus_prebalancing.csv.gz
Octopus,KQ417620:-:314872:315736,16096,yes,train,KQ417620,315722,-,25,0.2235294117647059,Octopus_prebalancing.csv.gz
Octopus,KQ422223:-:16837:20430,44612,no,train,KQ422223,20215,-,230,0,Octopus_prebalancing.csv.gz
Octopus,KQ419904:+:185913:188166,30581,no,train,KQ419904,186140,+,12,0,Octopus_prebalancing.csv.gz
Octopus,KQ420017:+:341685:342236,31422,no,train,KQ420017,341789,+,55,0,Octopus_prebalancing.csv.gz
Octopus,KQ420660:+:206788:209565,35604,yes,train,KQ420660,207907,+,432,0.5795454545454546,Octopus_prebalancing.csv.gz
Octopus,KQ420117:+:1509985:1514039,32021,yes,train,KQ420117,1510170,+,103,1,Octopus_prebalancing.csv.gz
Octopus,KQ415949:+:90071:94630,3523,yes,train,KQ415949,93724,+,312,0.4778761061946903,Octopus_prebalancing.csv.gz
Octopus,KQ417112:-:598933:605464,12285,yes,train,KQ417112,604163,-,537,0.7629382303839732,Octopus_prebalancing.csv.gz
Octopus,KQ433339:+:27883:36851,63805,yes,train,KQ433339,28125,+,68,0.3013100436681222,Octopus_prebalancing.csv.gz
Octopus,KQ420126:+:474219:480496,32249,yes,train,KQ420126,479097,+,202,0.5314861460957179,Octopus_prebalancing.csv.gz
Octopus,KQ416616:-:2448886:2456080,8905,no,train,KQ416616,2453151,-,30,0,Octopus_prebalancing.csv.gz
Octopus,KQ416612:+:1466743:1468899,8635,no,train,KQ416612,1468382,+,80,0,Octopus_prebalancing.csv.gz
Octopus,KQ420439:-:206479:216794,34173,no,train,KQ420439,214198,-,248,0,Octopus_prebalancing.csv.gz
Octopus,KQ416193:-:197697:199660,5303,no,train,KQ416193,199327,-,55,0,Octopus_prebalancing.csv.gz
Octopus,KQ423260:+:283584:296700,48318,yes,train,KQ423260,291195,+,534,0.1904761904761904,Octopus_prebalancing.csv.gz
Octopus,KQ425067:-:59117:68620,53658,yes,train,KQ425067,64128,-,261,0.1581395348837209,Octopus_prebalancing.csv.gz
Octopus,KQ419787:-:9867:18612,30441,yes,train,KQ419787,12449,-,213,0.3529411764705882,Octopus_prebalancing.csv.gz
Octopus,KQ416197:-:1270:2182,5441,no,train,KQ416197,2101,-,71,0,Octopus_prebalancing.csv.gz
Octopus,KQ419106:-:26920:31560,27321,no,train,KQ419106,30666,-,153,0,Octopus_prebalancing.csv.gz
Octopus,KQ415777:+:48820:51281,1600,yes,train,KQ415777,49658,+,327,0.7794117647058824,Octopus_prebalancing.csv.gz
Octopus,KQ415659:+:531021:534837,20,yes,train,KQ415659,531624,+,60,0.2204444444444444,Octopus_prebalancing.csv.gz
Octopus,KQ428842:-:120425:122108,60911,yes,train,KQ428842,121823,-,12,0.3740458015267175,Octopus_prebalancing.csv.gz
Octopus,KQ430702:-:8638:10120,62432,yes,train,KQ430702,9175,-,272,0.4777777777777778,Octopus_prebalancing.csv.gz
Octopus,KQ433487:+:62929:63906,63915,yes,train,KQ433487,63219,+,248,0.7032258064516129,Octopus_prebalancing.csv.gz
Octopus,KQ425262:-:63008:70787,54394,no,train,KQ425262,68652,-,314,0,Octopus_prebalancing.csv.gz
Octopus,KQ417147:+:190594:198342,12651,yes,train,KQ417147,193191,+,364,0.879746835443038,Octopus_prebalancing.csv.gz
Octopus,KQ428863:+:79951:89848,60977,no,train,KQ428863,82533,+,367,0,Octopus_prebalancing.csv.gz
Octopus,KQ417980:+:232521:234469,19158,no,train,KQ417980,232533,+,19,0,Octopus_prebalancing.csv.gz
Octopus,KQ418545:+:60899:66262,24449,yes,train,KQ418545,61210,+,17,0.1851851851851851,Octopus_prebalancing.csv.gz
Octopus,KQ419152:+:116969:126313,27420,yes,train,KQ419152,117198,+,247,0.2884615384615384,Octopus_prebalancing.csv.gz
Octopus,KQ431041:-:72960:75607,62739,no,train,KQ431041,74527,-,224,0,Octopus_prebalancing.csv.gz
Octopus,KQ426259:+:186651:188364,56341,no,train,KQ426259,186693,+,52,0,Octopus_prebalancing.csv.gz
Octopus,KQ415854:+:99135:104952,2153,no,train,KQ415854,104902,+,209,0,Octopus_prebalancing.csv.gz
Octopus,KQ417540:+:31885:32817,15716,no,train,KQ417540,32038,+,296,0,Octopus_prebalancing.csv.gz
Octopus,KQ427812:-:11379:11735,59506,no,train,KQ427812,11517,-,176,0,Octopus_prebalancing.csv.gz
Octopus,KQ433339:+:27883:36851,63854,yes,train,KQ433339,28290,+,239,0.2613636363636363,Octopus_prebalancing.csv.gz
Octopus,KQ421800:+:115671:129740,43034,yes,train,KQ421800,116816,+,141,0.2430555555555555,Octopus_prebalancing.csv.gz
Octopus,KQ418483:+:416342:421470,23864,yes,train,KQ418483,418664,+,36,0.2624212736179146,Octopus_prebalancing.csv.gz
Octopus,KQ427059:-:274873:282821,58439,no,train,KQ427059,282552,-,60,0,Octopus_prebalancing.csv.gz
Octopus,KQ430251:+:13943:16469,62038,yes,train,KQ430251,15215,+,59,0.766497461928934,Octopus_prebalancing.csv.gz
Octopus,KQ415777:+:48820:51281,1528,yes,train,KQ415777,49319,+,68,0.3305785123966942,Octopus_prebalancing.csv.gz
Octopus,KQ416002:+:145389:145843,4016,no,train,KQ416002,145858,+,264,0,Octopus_prebalancing.csv.gz
Octopus,KQ416694:-:792688:795938,9632,yes,train,KQ416694,795931,-,20,0.266839378238342,Octopus_prebalancing.csv.gz
Octopus,KQ416087:-:497971:503844,4374,yes,train,KQ416087,499122,-,361,0.3064516129032258,Octopus_prebalancing.csv.gz
Octopus,KQ424168:+:169950:179441,51742,yes,train,KQ424168,174677,+,165,0.390728476821192,Octopus_prebalancing.csv.gz
Octopus,KQ419500:+:684975:695320,29392,no,train,KQ419500,687169,+,272,0,Octopus_prebalancing.csv.gz
Octopus,KQ416678:-:507714:508728,9342,no,train,KQ416678,508053,-,93,0,Octopus_prebalancing.csv.gz
Octopus,KQ425412:-:23488:31286,54846,yes,train,KQ425412,24074,-,91,0.1520172910662824,Octopus_prebalancing.csv.gz
Octopus,KQ429290:+:59031:63727,61284,no,train,KQ429290,59586,+,6,0,Octopus_prebalancing.csv.gz
Octopus,KQ417540:+:31885:32817,15635,no,train,KQ417540,31789,+,41,0,Octopus_prebalancing.csv.gz
Octopus,KQ421638:+:30744:34531,41639,yes,train,KQ421638,32833,+,473,0.9090909090909092,Octopus_prebalancing.csv.gz
Octopus,KQ430572:+:128019:128398,62114,yes,train,KQ430572,128114,+,117,0.3901515151515151,Octopus_prebalancing.csv.gz
Octopus,KQ417112:-:598933:605464,12295,yes,train,KQ417112,604200,-,500,0.2940360610263522,Octopus_prebalancing.csv.gz
Octopus,KQ421375:-:86931:88834,40612,yes,train,KQ421375,88054,-,89,0.2338308457711442,Octopus_prebalancing.csv.gz
Octopus,KQ415768:+:611061:629134,1406,yes,train,KQ415768,619050,+,403,0.525,Octopus_prebalancing.csv.gz
Octopus,KQ426567:-:66580:68911,57160,yes,train,KQ426567,68673,-,9,0.3739495798319328,Octopus_prebalancing.csv.gz
Octopus,KQ417213:+:306344:316084,12805,yes,train,KQ417213,309028,+,302,0.7730496453900709,Octopus_prebalancing.csv.gz
Octopus,KQ425946:-:28543:30688,56097,yes,train,KQ425946,30457,-,97,0.1587301587301587,Octopus_prebalancing.csv.gz
Octopus,KQ431895:+:3872:10596,63137,yes,train,KQ431895,10111,+,523,0.606694560669456,Octopus_prebalancing.csv.gz
Octopus,KQ417245:+:359507:360722,13237,yes,train,KQ417245,360076,+,475,0.1625,Octopus_prebalancing.csv.gz
Octopus,KQ418644:+:541431:543535,25071,no,train,KQ418644,543158,+,183,0,Octopus_prebalancing.csv.gz
Octopus,KQ416681:+:123800:125409,9380,yes,train,KQ416681,125019,+,43,0.7049180327868853,Octopus_prebalancing.csv.gz
Octopus,KQ432038:+:338791:339606,63350,no,train,KQ432038,339229,+,127,0,Octopus_prebalancing.csv.gz
Octopus,KQ421638:+:30744:34531,41551,no,train,KQ421638,32677,+,317,0,Octopus_prebalancing.csv.gz
Octopus,KQ418545:+:60899:66262,24454,no,train,KQ418545,61221,+,28,0,Octopus_prebalancing.csv.gz
Octopus,KQ416499:-:257027:258284,7719,no,train,KQ416499,257310,-,189,0,Octopus_prebalancing.csv.gz
Octopus,KQ416447:+:102891:107608,7283,no,train,KQ416447,106776,+,100,0,Octopus_prebalancing.csv.gz
Octopus,KQ430251:+:13943:16469,62007,no,train,KQ430251,15157,+,1,0,Octopus_prebalancing.csv.gz
Octopus,KQ421150:-:83423:84625,39372,no,train,KQ421150,83500,-,108,0,Octopus_prebalancing.csv.gz
Octopus,KQ421638:+:30744:34531,41615,yes,train,KQ421638,32780,+,420,0.964467005076142,Octopus_prebalancing.csv.gz
Octopus,KQ418459:+:176850:178358,23788,yes,train,KQ418459,177621,+,156,0.345703125,Octopus_prebalancing.csv.gz
Octopus,KQ424659:+:227171:231163,52769,no,train,KQ424659,228471,+,59,0,Octopus_prebalancing.csv.gz
Octopus,KQ420595:+:432507:442232,35231,yes,train,KQ420595,437698,+,152,0.967391304347826,Octopus_prebalancing.csv.gz
Octopus,KQ420439:-:206479:216794,34186,no,train,KQ420439,214753,-,171,0,Octopus_prebalancing.csv.gz
Octopus,KQ423494:+:335164:341254,48854,yes,train,KQ423494,341151,+,207,0.1694915254237288,Octopus_prebalancing.csv.gz
Octopus,KQ425758:+:17266:20569,55740,yes,train,KQ425758,18859,+,104,0.5778635778635779,Octopus_prebalancing.csv.gz
Octopus,KQ423631:-:204154:208384,50123,no,train,KQ423631,205393,-,96,0,Octopus_prebalancing.csv.gz
Octopus,KQ416235:-:90868:101227,5884,no,train,KQ416235,94743,-,393,0,Octopus_prebalancing.csv.gz
Octopus,KQ417567:-:129462:130077,15810,no,train,KQ417567,130108,-,41,0,Octopus_prebalancing.csv.gz
Octopus,KQ420444:+:439486:443984,34450,no,train,KQ420444,443115,+,376,0,Octopus_prebalancing.csv.gz
Octopus,KQ424048:-:87869:88552,51346,yes,train,KQ424048,88390,-,13,0.4095238095238095,Octopus_prebalancing.csv.gz
Octopus,KQ423069:+:40459:43239,47660,yes,train,KQ423069,42451,+,526,0.7655601659751037,Octopus_prebalancing.csv.gz
Octopus,KQ421638:+:30744:34531,41605,yes,train,KQ421638,32765,+,405,0.5,Octopus_prebalancing.csv.gz
Octopus,KQ419199:+:17614:19923,27780,yes,train,KQ419199,18721,+,308,0.2645914396887159,Octopus_prebalancing.csv.gz
Octopus,KQ422245:+:81496:84013,44705,no,train,KQ422245,81691,+,59,0,Octopus_prebalancing.csv.gz
Octopus,KQ430226:+:39098:42554,61936,yes,train,KQ430226,39500,+,283,0.3278688524590163,Octopus_prebalancing.csv.gz
Octopus,KQ422138:+:334200:339109,44296,no,train,KQ422138,336445,+,65,0,Octopus_prebalancing.csv.gz
Octopus,KQ417538:+:78848:83461,15539,no,train,KQ417538,82552,+,27,0,Octopus_prebalancing.csv.gz
Octopus,KQ416197:-:1270:2182,5423,no,train,KQ416197,1841,-,121,0,Octopus_prebalancing.csv.gz
Octopus,KQ418900:-:485296:490211,26435,yes,train,KQ418900,486895,-,620,0.32,Octopus_prebalancing.csv.gz
Octopus,KQ427011:+:44729:52161,58251,yes,train,KQ427011,49632,+,413,0.3441860465116279,Octopus_prebalancing.csv.gz
Octopus,KQ421721:-:299835:300483,42061,no,train,KQ421721,300227,-,185,0,Octopus_prebalancing.csv.gz
Octopus,KQ418535:-:294754:296669,24427,no,train,KQ418535,295042,-,41,0,Octopus_prebalancing.csv.gz
Octopus,KQ416602:+:583030:590328,8503,yes,train,KQ416602,589147,+,243,0.2191780821917808,Octopus_prebalancing.csv.gz
Octopus,KQ421192:-:109579:115398,39516,yes,train,KQ421192,109598,-,203,0.1603053435114503,Octopus_prebalancing.csv.gz
Octopus,KQ416087:-:497971:503844,4421,no,train,KQ416087,502266,-,124,0,Octopus_prebalancing.csv.gz
Octopus,KQ421638:+:30744:34531,41477,yes,train,KQ421638,32154,+,105,0.6598639455782312,Octopus_prebalancing.csv.gz
Octopus,KQ416087:-:494228:496857,4282,yes,train,KQ416087,495140,-,254,0.3256880733944954,Octopus_prebalancing.csv.gz
Octopus,KQ422024:-:86095:88285,43875,yes,train,KQ422024,86788,-,26,0.1725239616613418,Octopus_prebalancing.csv.gz
Octopus,KQ418355:-:185490:188365,22840,yes,train,KQ418355,186256,-,17,0.3925925925925926,Octopus_prebalancing.csv.gz
Octopus,KQ422211:-:118854:119123,44428,yes,train,KQ422211,118876,-,262,0.1730474732006125,Octopus_prebalancing.csv.gz
Octopus,KQ425946:-:28543:30688,56124,yes,train,KQ425946,30539,-,15,0.3481012658227848,Octopus_prebalancing.csv.gz
Octopus,KQ432655:+:16767:18619,63606,no,train,KQ432655,17419,+,374,0,Octopus_prebalancing.csv.gz
Octopus,KQ418545:+:60899:66262,24500,yes,train,KQ418545,61378,+,189,0.1634615384615384,Octopus_prebalancing.csv.gz
Octopus,KQ421684:+:36731:41102,41894,no,train,KQ421684,38104,+,34,0,Octopus_prebalancing.csv.gz
Octopus,KQ416839:+:123127:129250,10835,no,train,KQ416839,126607,+,264,0,Octopus_prebalancing.csv.gz
Octopus,KQ427812:-:11379:11735,59560,no,train,KQ427812,11665,-,32,0,Octopus_prebalancing.csv.gz
Octopus,KQ420488:-:111130:114963,34655,no,train,KQ420488,111471,-,215,0,Octopus_prebalancing.csv.gz
Octopus,KQ420444:+:439486:443984,34500,no,train,KQ420444,443241,+,502,0,Octopus_prebalancing.csv.gz
Octopus,KQ423001:-:465023:468835,47258,no,train,KQ423001,465417,-,260,0,Octopus_prebalancing.csv.gz
Octopus,KQ419413:-:54882:56621,28962,yes,train,KQ419413,55885,-,43,0.5485714285714286,Octopus_prebalancing.csv.gz
Octopus,KQ426505:-:74479:75813,56999,no,train,KQ426505,75264,-,51,0,Octopus_prebalancing.csv.gz
Octopus,KQ420828:-:2067280:2068719,37285,no,train,KQ420828,2068715,-,37,0,Octopus_prebalancing.csv.gz
Octopus,KQ424114:+:62091:63803,51395,yes,train,KQ424114,62274,+,125,0.4791666666666667,Octopus_prebalancing.csv.gz
Octopus,KQ420828:-:1590008:1590392,37242,yes,train,KQ420828,1590283,-,53,0.3828125,Octopus_prebalancing.csv.gz
Octopus,KQ422889:+:586795:590174,47095,no,train,KQ422889,589510,+,175,0,Octopus_prebalancing.csv.gz
Octopus,KQ422500:-:203047:204525,45824,yes,train,KQ422500,204169,-,33,0.473551637279597,Octopus_prebalancing.csv.gz
Octopus,KQ426791:-:665939:667169,57518,no,train,KQ426791,666126,-,147,0,Octopus_prebalancing.csv.gz
Octopus,KQ423509:-:57830:68774,49169,yes,train,KQ423509,62372,-,179,0.6302083333333334,Octopus_prebalancing.csv.gz
Octopus,KQ423591:-:165345:167675,49894,yes,train,KQ423591,165477,-,58,0.8128654970760234,Octopus_prebalancing.csv.gz
Octopus,KQ415841:-:345434:348457,1976,no,train,KQ415841,347042,-,296,0,Octopus_prebalancing.csv.gz
Octopus,KQ420009:+:182821:186225,31378,yes,train,KQ420009,185840,+,166,0.4594594594594595,Octopus_prebalancing.csv.gz
Octopus,KQ416279:-:193873:195330,6447,no,train,KQ416279,194460,-,48,0,Octopus_prebalancing.csv.gz
Octopus,KQ423631:-:133207:139083,50000,no,train,KQ423631,137951,-,262,0,Octopus_prebalancing.csv.gz
Octopus,KQ421758:-:534257:537309,42683,no,train,KQ421758,534525,-,89,0,Octopus_prebalancing.csv.gz
Octopus,KQ418636:+:32090:35874,25004,yes,train,KQ418636,35213,+,379,0.3644067796610169,Octopus_prebalancing.csv.gz
Octopus,KQ431609:+:48196:48847,63010,yes,train,KQ431609,48341,+,156,0.9,Octopus_prebalancing.csv.gz
Octopus,KQ415951:+:107290:108224,3569,yes,train,KQ415951,107366,+,50,0.8928571428571429,Octopus_prebalancing.csv.gz
Octopus,KQ421638:+:30744:34531,41512,yes,train,KQ421638,32266,+,217,0.8544303797468354,Octopus_prebalancing.csv.gz
Octopus,KQ415674:-:864176:867443,634,no,train,KQ415674,865368,-,16,0,Octopus_prebalancing.csv.gz
Octopus,KQ416694:-:792688:795938,9569,yes,train,KQ416694,795744,-,213,0.298932384341637,Octopus_prebalancing.csv.gz
Octopus,KQ417300:+:2429385:2432147,13810,yes,train,KQ417300,2430375,+,266,0.4195402298850574,Octopus_prebalancing.csv.gz
Octopus,KQ418355:-:185490:188365,22800,yes,train,KQ418355,185864,-,250,0.2325581395348837,Octopus_prebalancing.csv.gz
Octopus,KQ418120:+:513388:519478,20535,no,train,KQ418120,518575,+,240,0,Octopus_prebalancing.csv.gz
Octopus,KQ428863:+:98024:102390,60992,no,train,KQ428863,99954,+,3,0,Octopus_prebalancing.csv.gz
Octopus,KQ420512:-:24848:32731,34826,yes,train,KQ420512,25857,-,143,0.9545454545454546,Octopus_prebalancing.csv.gz
Octopus,KQ417719:+:79119:82120,17269,no,train,KQ417719,81042,+,92,0,Octopus_prebalancing.csv.gz
Octopus,KQ423926:-:48986:56304,51292,no,train,KQ423926,51678,-,183,0,Octopus_prebalancing.csv.gz
Octopus,KQ419394:+:110216:111141,28648,no,train,KQ419394,110965,+,79,0,Octopus_prebalancing.csv.gz
Octopus,KQ421085:-:230032:232559,38782,no,train,KQ421085,230609,-,620,0,Octopus_prebalancing.csv.gz
Octopus,KQ426505:+:1446:1695,56777,yes,train,KQ426505,1538,+,129,0.7064220183486238,Octopus_prebalancing.csv.gz
Octopus,KQ420313:-:692964:694535,33621,yes,train,KQ420313,693709,-,22,0.3579335793357933,Octopus_prebalancing.csv.gz
Octopus,KQ420992:-:72392:77664,38306,no,train,KQ420992,73537,-,226,0,Octopus_prebalancing.csv.gz
Octopus,KQ424629:+:75663:78810,52582,no,train,KQ424629,78342,+,183,0,Octopus_prebalancing.csv.gz
Octopus,KQ421265:-:217835:220132,39887,no,train,KQ421265,219309,-,144,0,Octopus_prebalancing.csv.gz
Octopus,KQ426505:-:74479:75813,56992,no,train,KQ426505,75232,-,83,0,Octopus_prebalancing.csv.gz
Octopus,KQ426505:+:1446:1695,56786,yes,train,KQ426505,1579,+,170,0.9691629955947136,Octopus_prebalancing.csv.gz
Octopus,KQ417620:-:314872:315736,15963,yes,train,KQ417620,315122,-,493,0.4363636363636363,Octopus_prebalancing.csv.gz
Octopus,KQ417620:-:314872:315736,16005,yes,train,KQ417620,315222,-,393,0.241635687732342,Octopus_prebalancing.csv.gz
Octopus,KQ426499:-:175674:176165,56749,yes,train,KQ426499,175777,-,169,0.9236641221374046,Octopus_prebalancing.csv.gz
Octopus,KQ416582:+:69166:70237,8192,yes,train,KQ416582,70143,+,175,0.4767441860465116,Octopus_prebalancing.csv.gz
Octopus,KQ426499:-:175674:176165,56738,no,train,KQ426499,175735,-,211,0,Octopus_prebalancing.csv.gz
Octopus,KQ419333:-:48712:50653,28426,yes,train,KQ419333,49051,-,192,0.5412429378531074,Octopus_prebalancing.csv.gz
Octopus,KQ428118:-:8307:9238,59979,no,train,KQ428118,8993,-,263,0,Octopus_prebalancing.csv.gz
Octopus,KQ420055:+:851865:852098,31654,no,train,KQ420055,851882,+,25,0,Octopus_prebalancing.csv.gz
Octopus,KQ424656:+:92579:93354,52748,no,train,KQ424656,92591,+,43,0,Octopus_prebalancing.csv.gz
Octopus,KQ418059:+:563471:564576,19977,no,train,KQ418059,563856,+,259,0,Octopus_prebalancing.csv.gz
Octopus,KQ417300:+:2429385:2432147,13795,yes,train,KQ417300,2430322,+,213,0.2321428571428571,Octopus_prebalancing.csv.gz
Octopus,KQ421758:-:260871:261476,42598,no,train,KQ421758,261499,-,8,0,Octopus_prebalancing.csv.gz
Octopus,KQ420696:-:253030:256282,36300,no,train,KQ420696,253164,-,354,0,Octopus_prebalancing.csv.gz
Octopus,KQ417540:+:31885:32817,15643,no,train,KQ417540,31809,+,61,0,Octopus_prebalancing.csv.gz
Octopus,KQ422024:-:86095:88285,43873,no,train,KQ422024,86775,-,39,0,Octopus_prebalancing.csv.gz
Octopus,KQ423638:-:194426:197345,50332,yes,train,KQ423638,196286,-,153,0.2679558011049723,Octopus_prebalancing.csv.gz
Octopus,KQ419300:-:740355:741888,28184,no,train,KQ419300,740756,-,140,0,Octopus_prebalancing.csv.gz
Octopus,KQ425784:-:3323:3828,55864,no,train,KQ425784,3698,-,37,0,Octopus_prebalancing.csv.gz
Octopus,KQ416616:-:2448886:2456080,8886,yes,train,KQ416616,2453049,-,132,0.946969696969697,Octopus_prebalancing.csv.gz
Octopus,KQ419366:+:211929:213548,28534,yes,train,KQ419366,213512,+,266,0.3677419354838709,Octopus_prebalancing.csv.gz
Octopus,KQ420265:+:467471:471849,33147,no,train,KQ420265,470985,+,44,0,Octopus_prebalancing.csv.gz
Octopus,KQ428036:-:63183:64283,59855,no,train,KQ428036,64062,-,232,0,Octopus_prebalancing.csv.gz
Octopus,KQ420313:-:692964:694535,33570,no,train,KQ420313,693565,-,166,0,Octopus_prebalancing.csv.gz
Octopus,KQ417931:+:57253:58998,18802,no,train,KQ417931,58736,+,58,0,Octopus_prebalancing.csv.gz
Octopus,KQ424429:+:66277:79095,52201,yes,train,KQ424429,73610,+,204,0.90625,Octopus_prebalancing.csv.gz
Octopus,KQ423014:-:35418:36161,47357,yes,train,KQ423014,35486,-,438,0.4262820512820512,Octopus_prebalancing.csv.gz
Octopus,KQ417112:-:598933:605464,12319,yes,train,KQ417112,604263,-,437,0.5175983436853002,Octopus_prebalancing.csv.gz
Octopus,KQ431895:+:3872:10596,63167,yes,train,KQ431895,10200,+,612,0.902097902097902,Octopus_prebalancing.csv.gz
Octopus,KQ420942:+:522955:524648,37967,yes,train,KQ420942,524606,+,154,0.85,Octopus_prebalancing.csv.gz
Octopus,KQ419640:-:151391:151719,30038,no,train,KQ419640,151577,-,158,0,Octopus_prebalancing.csv.gz
Octopus,KQ420814:-:214427:225131,36953,yes,train,KQ420814,223563,-,167,0.3472222222222222,Octopus_prebalancing.csv.gz
Octopus,KQ426215:+:29905:30045,56282,no,train,KQ426215,29876,+,30,0,Octopus_prebalancing.csv.gz
Octopus,KQ416235:-:90868:101227,5872,yes,train,KQ416235,94686,-,450,0.5785714285714286,Octopus_prebalancing.csv.gz
Octopus,KQ415951:+:107290:108224,3582,yes,train,KQ415951,107429,+,113,0.5126050420168067,Octopus_prebalancing.csv.gz
Octopus,KQ417245:+:359507:360722,13176,yes,train,KQ417245,359759,+,262,0.2066115702479339,Octopus_prebalancing.csv.gz
Octopus,KQ416839:-:149278:151954,10952,yes,train,KQ416839,149948,-,51,0.4113475177304964,Octopus_prebalancing.csv.gz
Octopus,KQ417824:+:996158:998152,18008,yes,train,KQ417824,996986,+,334,0.2595356550580431,Octopus_prebalancing.csv.gz
Octopus,KQ418336:+:64516:66047,22695,no,train,KQ418336,66068,+,139,0,Octopus_prebalancing.csv.gz
Octopus,KQ433339:+:27883:36851,63872,yes,train,KQ433339,28350,+,299,0.92,Octopus_prebalancing.csv.gz
Octopus,KQ418322:-:535563:541280,22486,yes,train,KQ418322,540335,-,43,0.1510791366906475,Octopus_prebalancing.csv.gz
Octopus,KQ417623:+:62387:68207,16281,yes,train,KQ417623,63777,+,213,0.4174757281553398,Octopus_prebalancing.csv.gz
Octopus,KQ420261:+:1151455:1153527,33035,no,train,KQ420261,1153326,+,256,0,Octopus_prebalancing.csv.gz
Octopus,KQ416260:-:512908:516363,6220,no,train,KQ416260,514760,-,73,0,Octopus_prebalancing.csv.gz
Octopus,KQ420909:-:58461:62439,37584,yes,train,KQ420909,61169,-,183,0.1510791366906475,Octopus_prebalancing.csv.gz
Octopus,KQ423494:+:335164:341254,48857,yes,train,KQ423494,341162,+,218,0.8232931726907631,Octopus_prebalancing.csv.gz
Octopus,KQ426725:-:15091:29138,57363,yes,train,KQ426725,22579,-,269,0.5625,Octopus_prebalancing.csv.gz
Octopus,KQ425066:-:282179:287501,53539,yes,train,KQ425066,285885,-,194,0.3684210526315789,Octopus_prebalancing.csv.gz
Octopus,KQ432638:+:110684:118491,63531,no,train,KQ432638,116036,+,64,0,Octopus_prebalancing.csv.gz
Octopus,KQ425758:+:17266:20569,55760,no,train,KQ425758,18935,+,185,0,Octopus_prebalancing.csv.gz
Octopus,KQ417917:-:145066:150944,18649,yes,train,KQ417917,147160,-,270,0.7154471544715447,Octopus_prebalancing.csv.gz
Octopus,KQ415674:-:864176:867443,527,no,train,KQ415674,864625,-,329,0,Octopus_prebalancing.csv.gz
Octopus,KQ417112:-:598933:605464,12291,yes,train,KQ417112,604183,-,517,0.3224893917963224,Octopus_prebalancing.csv.gz
Octopus,KQ419763:+:125372:126247,30344,no,train,KQ419763,125643,+,279,0,Octopus_prebalancing.csv.gz
Octopus,KQ417763:+:397070:401152,17479,yes,train,KQ417763,400769,+,195,0.4375,Octopus_prebalancing.csv.gz
Octopus,KQ418900:-:485296:490211,26409,no,train,KQ418900,486767,-,748,0,Octopus_prebalancing.csv.gz
Octopus,KQ418535:-:294754:296669,24361,no,train,KQ418535,294776,-,240,0,Octopus_prebalancing.csv.gz
Octopus,KQ421078:+:255142:259013,38730,yes,train,KQ421078,255662,+,187,0.1794871794871795,Octopus_prebalancing.csv.gz
Octopus,KQ429244:+:90234:91216,61251,no,train,KQ429244,91186,+,138,0,Octopus_prebalancing.csv.gz
Octopus,KQ421758:-:534257:537309,42642,no,train,KQ421758,534410,-,210,0,Octopus_prebalancing.csv.gz
Octopus,KQ419763:+:125372:126247,30317,yes,train,KQ419763,125601,+,237,0.2171314741035856,Octopus_prebalancing.csv.gz
Octopus,KQ416491:-:495583:498599,7668,no,train,KQ416491,497129,-,91,0,Octopus_prebalancing.csv.gz
Octopus,KQ420902:-:23907:28446,37438,yes,train,KQ420902,25048,-,300,0.9622641509433962,Octopus_prebalancing.csv.gz
Octopus,KQ422033:-:18330:23008,44099,no,train,KQ422033,20311,-,160,0,Octopus_prebalancing.csv.gz
Octopus,KQ426843:-:39691:51826,57776,no,train,KQ426843,49785,-,11,0,Octopus_prebalancing.csv.gz
Octopus,KQ426791:-:665939:667169,57505,no,train,KQ426791,666085,-,188,0,Octopus_prebalancing.csv.gz
Octopus,KQ431609:+:48196:48847,63018,yes,train,KQ431609,48358,+,173,0.24,Octopus_prebalancing.csv.gz
Octopus,KQ418420:-:72827:73422,23416,no,train,KQ418420,73290,-,149,0,Octopus_prebalancing.csv.gz
Octopus,KQ418322:-:535563:541280,22434,no,train,KQ418322,540167,-,217,0,Octopus_prebalancing.csv.gz
Octopus,KQ416260:-:512908:516363,6225,no,train,KQ416260,514790,-,43,0,Octopus_prebalancing.csv.gz
Octopus,KQ425188:-:53630:54936,53925,yes,train,KQ425188,54270,-,44,0.3,Octopus_prebalancing.csv.gz
Octopus,KQ418711:+:1001297:1002273,25280,no,train,KQ418711,1001486,+,209,0,Octopus_prebalancing.csv.gz
Octopus,KQ419593:-:1573:3918,29967,no,train,KQ419593,3091,-,63,0,Octopus_prebalancing.csv.gz
Octopus,KQ420409:-:382365:396926,33906,yes,train,KQ420409,386402,-,278,0.5271493212669683,Octopus_prebalancing.csv.gz
Octopus,KQ418459:+:176850:178358,23819,no,train,KQ418459,177703,+,238,0,Octopus_prebalancing.csv.gz
Octopus,KQ428413:+:18316:20220,60259,no,train,KQ428413,20103,+,240,0,Octopus_prebalancing.csv.gz
Octopus,KQ426659:+:67219:73481,57327,no,train,KQ426659,72087,+,383,0,Octopus_prebalancing.csv.gz
Octopus,KQ417819:+:73313:77380,17894,yes,train,KQ417819,77193,+,437,0.4952380952380952,Octopus_prebalancing.csv.gz
Octopus,KQ416193:-:197697:199660,5319,no,train,KQ416193,199361,-,21,0,Octopus_prebalancing.csv.gz
Octopus,KQ415907:+:346698:348754,2760,yes,train,KQ415907,348506,+,237,0.6379310344827587,Octopus_prebalancing.csv.gz
Octopus,KQ417670:+:110587:114416,16693,no,train,KQ417670,113886,+,303,0,Octopus_prebalancing.csv.gz
Octopus,KQ415686:+:382591:392360,926,yes,train,KQ415686,386050,+,76,0.217391304347826,Octopus_prebalancing.csv.gz
Octopus,KQ420909:-:58461:62439,37606,yes,train,KQ420909,61277,-,75,0.9602272727272728,Octopus_prebalancing.csv.gz
Octopus,KQ421656:-:287924:292121,41736,yes,train,KQ421656,289764,-,422,0.2697674418604651,Octopus_prebalancing.csv.gz
Octopus,KQ423574:-:83008:86955,49712,no,train,KQ423574,83133,-,226,0,Octopus_prebalancing.csv.gz
Octopus,KQ421638:+:30744:34531,41515,no,train,KQ421638,32293,+,244,0,Octopus_prebalancing.csv.gz
Octopus,KQ423868:-:105653:108514,50882,no,train,KQ423868,106682,-,150,0,Octopus_prebalancing.csv.gz
Octopus,KQ430572:+:128019:128398,62164,yes,train,KQ430572,128360,+,303,0.1833910034602076,Octopus_prebalancing.csv.gz
Octopus,KQ416602:+:583030:590328,8474,yes,train,KQ416602,588029,+,118,0.2383720930232558,Octopus_prebalancing.csv.gz
Octopus,KQ423260:+:283584:296700,48307,yes,train,KQ423260,289367,+,162,0.54,Octopus_prebalancing.csv.gz
Octopus,KQ420877:-:1840:10211,37302,no,train,KQ420877,10129,-,94,0,Octopus_prebalancing.csv.gz
Octopus,KQ422889:+:586795:590174,47102,no,train,KQ422889,589534,+,199,0,Octopus_prebalancing.csv.gz
Octopus,KQ430251:+:13943:16469,62048,no,train,KQ430251,15244,+,88,0,Octopus_prebalancing.csv.gz
Octopus,KQ415863:-:106598:111978,2272,no,train,KQ415863,107075,-,156,0,Octopus_prebalancing.csv.gz
Octopus,KQ431895:+:3872:10596,63225,yes,train,KQ431895,10330,+,742,0.4482758620689655,Octopus_prebalancing.csv.gz
Octopus,KQ424265:+:36818:40887,52115,yes,train,KQ424265,38625,+,187,0.2002861230329041,Octopus_prebalancing.csv.gz
Octopus,KQ418173:+:55052:55599,20949,no,train,KQ418173,55435,+,243,0,Octopus_prebalancing.csv.gz
Octopus,KQ418200:+:61525:63624,21708,yes,train,KQ418200,61830,+,16,0.7611940298507462,Octopus_prebalancing.csv.gz
Octopus,KQ423286:+:77406:77847,48393,no,train,KQ423286,77808,+,215,0,Octopus_prebalancing.csv.gz
Octopus,KQ426988:+:12305:13448,57911,yes,train,KQ426988,12317,+,40,0.2388059701492537,Octopus_prebalancing.csv.gz
Octopus,KQ420909:-:58461:62439,37519,yes,train,KQ420909,60967,-,391,0.24832214765100671,Octopus_prebalancing.csv.gz
Octopus,KQ421143:+:354283:363501,39279,yes,train,KQ421143,359433,+,34,0.3048780487804878,Octopus_prebalancing.csv.gz
Octopus,KQ421493:-:53586:55159,41146,no,train,KQ421493,54615,-,58,0,Octopus_prebalancing.csv.gz
Octopus,KQ420442:-:26593:27410,34302,no,train,KQ420442,26791,-,156,0,Octopus_prebalancing.csv.gz
Octopus,KQ415960:+:38870:43628,3710,yes,train,KQ415960,40021,+,187,0.3167701863354037,Octopus_prebalancing.csv.gz
Octopus,KQ424203:-:62623:63173,51844,yes,train,KQ424203,62651,-,343,0.7357512953367875,Octopus_prebalancing.csv.gz
Octopus,KQ427892:-:28679:32678,59670,no,train,KQ427892,31515,-,117,0,Octopus_prebalancing.csv.gz
Octopus,KQ418296:-:383881:384204,22159,no,train,KQ418296,383884,-,232,0,Octopus_prebalancing.csv.gz
Octopus,KQ416188:+:304409:307535,5198,yes,train,KQ416188,307519,+,215,0.6617915904936015,Octopus_prebalancing.csv.gz
Octopus,KQ423069:+:80845:85639,47824,no,train,KQ423069,81983,+,262,0,Octopus_prebalancing.csv.gz
Octopus,KQ426499:-:175674:176165,56775,yes,train,KQ426499,175934,-,8,0.1949685534591195,Octopus_prebalancing.csv.gz
Octopus,KQ422894:-:438294:440558,47144,no,train,KQ422894,439242,-,222,0,Octopus_prebalancing.csv.gz
Octopus,KQ415804:-:490764:497803,1860,yes,train,KQ415804,491023,-,17,0.2732732732732733,Octopus_prebalancing.csv.gz
Octopus,KQ423001:-:465023:468835,47276,no,train,KQ423001,467363,-,178,0,Octopus_prebalancing.csv.gz
Octopus,KQ419640:-:151391:151719,30075,no,train,KQ419640,151709,-,26,0,Octopus_prebalancing.csv.gz
Octopus,KQ423995:+:182446:188836,51324,no,train,KQ423995,187678,+,88,0,Octopus_prebalancing.csv.gz
Octopus,KQ422245:+:81496:84013,44783,yes,train,KQ422245,82089,+,335,0.99438202247191,Octopus_prebalancing.csv.gz
Octopus,KQ416193:-:197697:199660,5316,yes,train,KQ416193,199353,-,29,0.6044624746450304,Octopus_prebalancing.csv.gz
Octopus,KQ417417:-:216243:216577,15073,yes,train,KQ417417,216270,-,175,0.8525345622119815,Octopus_prebalancing.csv.gz
Octopus,KQ418623:-:41147:47971,24909,no,train,KQ418623,46442,-,195,0,Octopus_prebalancing.csv.gz
Octopus,KQ416683:-:56517:57031,9462,no,train,KQ416683,56764,-,34,0,Octopus_prebalancing.csv.gz
Octopus,KQ417921:+:373216:378991,18775,yes,train,KQ417921,376056,+,34,0.2181818181818181,Octopus_prebalancing.csv.gz
Octopus,KQ423069:+:40459:43239,47698,no,train,KQ423069,42721,+,796,0,Octopus_prebalancing.csv.gz
Octopus,KQ416771:-:1461700:1466793,10330,no,train,KQ416771,1462605,-,193,0,Octopus_prebalancing.csv.gz
Octopus,KQ418900:-:485296:490211,26436,yes,train,KQ418900,486904,-,611,0.930635838150289,Octopus_prebalancing.csv.gz
Octopus,KQ416524:+:12270:12515,7751,no,train,KQ416524,12334,+,120,0,Octopus_prebalancing.csv.gz
Octopus,KQ419039:-:20865:22420,26738,no,train,KQ419039,21949,-,197,0,Octopus_prebalancing.csv.gz
Octopus,KQ417300:+:2429385:2432147,13773,no,train,KQ417300,2430231,+,131,0,Octopus_prebalancing.csv.gz
Octopus,KQ417567:-:129462:130077,15768,no,train,KQ417567,129947,-,204,0,Octopus_prebalancing.csv.gz
Octopus,KQ416811:+:273090:273937,10687,no,train,KQ416811,273830,+,213,0,Octopus_prebalancing.csv.gz
Octopus,KQ416602:+:583030:590328,8455,yes,train,KQ416602,587978,+,67,0.3424657534246575,Octopus_prebalancing.csv.gz
Octopus,KQ417318:-:474342:477099,14160,yes,train,KQ417318,476964,-,68,0.9611111111111112,Octopus_prebalancing.csv.gz
Octopus,KQ422263:-:237976:240872,45050,yes,train,KQ422263,238268,-,181,0.585635359116022,Octopus_prebalancing.csv.gz
Octopus,KQ419281:+:554403:559442,28129,yes,train,KQ419281,556607,+,256,0.2727272727272727,Octopus_prebalancing.csv.gz
Octopus,KQ421206:-:489842:494429,39618,no,train,KQ421206,493141,-,66,0,Octopus_prebalancing.csv.gz
Octopus,KQ427174:-:5830:9422,58839,yes,train,KQ427174,6624,-,262,0.3097345132743362,Octopus_prebalancing.csv.gz
Octopus,KQ418120:+:513388:519478,20541,no,train,KQ418120,518588,+,253,0,Octopus_prebalancing.csv.gz
Octopus,KQ419098:-:224612:226065,27052,no,train,KQ419098,225668,-,236,0,Octopus_prebalancing.csv.gz
Octopus,KQ418571:+:564763:566766,24736,no,train,KQ418571,565486,+,138,0,Octopus_prebalancing.csv.gz
Octopus,KQ417112:-:598933:605464,12269,yes,train,KQ417112,604116,-,584,0.9612518628912072,Octopus_prebalancing.csv.gz
Octopus,KQ431895:+:3872:10596,63170,yes,train,KQ431895,10210,+,622,0.4382716049382716,Octopus_prebalancing.csv.gz
Octopus,KQ417510:-:35515:40949,15412,yes,train,KQ417510,39331,-,138,0.2312138728323699,Octopus_prebalancing.csv.gz
Octopus,KQ415804:+:320500:322018,1821,no,train,KQ415804,320554,+,77,0,Octopus_prebalancing.csv.gz
Octopus,KQ426499:-:175674:176165,56745,no,train,KQ426499,175763,-,183,0,Octopus_prebalancing.csv.gz
Octopus,KQ420595:+:432507:442232,35232,yes,train,KQ420595,437702,+,156,0.6141304347826086,Octopus_prebalancing.csv.gz
Octopus,KQ422866:-:193298:197038,47019,yes,train,KQ422866,194612,-,241,0.171945701357466,Octopus_prebalancing.csv.gz
Octopus,KQ420593:-:2370:9432,35054,yes,train,KQ420593,2617,-,216,0.2975778546712803,Octopus_prebalancing.csv.gz
Octopus,KQ416724:-:64536:68690,9932,no,train,KQ416724,67091,-,154,0,Octopus_prebalancing.csv.gz
Octopus,KQ417620:-:314872:315736,16027,no,train,KQ417620,315466,-,281,0,Octopus_prebalancing.csv.gz
Octopus,KQ422738:-:37291:40054,46533,yes,train,KQ422738,38900,-,193,0.6551724137931034,Octopus_prebalancing.csv.gz
Octopus,KQ415672:+:529983:538841,463,yes,train,KQ415672,538189,+,211,0.5934959349593496,Octopus_prebalancing.csv.gz
Octopus,KQ421411:+:481404:484595,40922,yes,train,KQ421411,484379,+,387,0.6209386281588448,Octopus_prebalancing.csv.gz
Octopus,KQ428863:+:98024:102390,61010,yes,train,KQ428863,100004,+,53,0.9539473684210528,Octopus_prebalancing.csv.gz
Octopus,KQ415841:-:345434:348457,1948,no,train,KQ415841,346956,-,382,0,Octopus_prebalancing.csv.gz
Octopus,KQ422738:-:37291:40054,46537,yes,train,KQ422738,38918,-,175,0.15625,Octopus_prebalancing.csv.gz
Octopus,KQ419640:-:151391:151719,30029,yes,train,KQ419640,151483,-,243,0.8195121951219512,Octopus_prebalancing.csv.gz
Octopus,KQ418420:-:72827:73422,23446,no,train,KQ418420,73402,-,37,0,Octopus_prebalancing.csv.gz
Octopus,KQ418296:-:383881:384204,22184,no,train,KQ418296,383934,-,182,0,Octopus_prebalancing.csv.gz
Octopus,KQ416602:+:583030:590328,8439,yes,train,KQ416602,587936,+,25,0.1549295774647887,Octopus_prebalancing.csv.gz
Octopus,KQ419300:-:740355:741888,28186,yes,train,KQ419300,740759,-,137,0.332312404287902,Octopus_prebalancing.csv.gz
Octopus,KQ425066:-:282179:287501,53532,no,train,KQ425066,285858,-,221,0,Octopus_prebalancing.csv.gz
Octopus,KQ420157:+:154445:155503,32768,no,train,KQ420157,154531,+,71,0,Octopus_prebalancing.csv.gz
Octopus,KQ427949:-:158012:164712,59740,no,train,KQ427949,160829,-,205,0,Octopus_prebalancing.csv.gz
Octopus,KQ425188:-:53630:54936,53877,yes,train,KQ425188,54151,-,163,0.5166666666666667,Octopus_prebalancing.csv.gz
Octopus,KQ419300:-:740355:741888,28207,yes,train,KQ419300,740936,-,40,0.6901408450704225,Octopus_prebalancing.csv.gz
Octopus,KQ425066:-:282179:287501,53562,yes,train,KQ425066,286009,-,65,0.6433566433566433,Octopus_prebalancing.csv.gz
Octopus,KQ419973:+:575758:577898,30937,no,train,KQ419973,576497,+,143,0,Octopus_prebalancing.csv.gz
Octopus,KQ420776:-:126654:127969,36504,yes,train,KQ420776,126809,-,398,0.16,Octopus_prebalancing.csv.gz
Octopus,KQ418370:+:163018:164778,23115,no,train,KQ418370,164284,+,63,0,Octopus_prebalancing.csv.gz
Octopus,KQ418295:+:256001:257099,22157,no,train,KQ418295,256925,+,454,0,Octopus_prebalancing.csv.gz
Octopus,KQ417012:-:60820:61575,11666,no,train,KQ417012,61497,-,110,0,Octopus_prebalancing.csv.gz
Octopus,KQ421638:-:32070:32852,41520,no,train,KQ421638,32625,-,250,0,Octopus_prebalancing.csv.gz
Octopus,KQ416839:+:123127:129250,10824,yes,train,KQ416839,126566,+,223,0.2813370473537604,Octopus_prebalancing.csv.gz
Octopus,KQ416738:+:179376:181420,10022,yes,train,KQ416738,181326,+,140,0.3926701570680628,Octopus_prebalancing.csv.gz
Octopus,KQ423677:+:105301:111458,50395,no,train,KQ423677,110765,+,133,0,Octopus_prebalancing.csv.gz
Octopus,KQ421656:-:287924:292121,41761,yes,train,KQ421656,289818,-,368,0.4855072463768116,Octopus_prebalancing.csv.gz
Octopus,KQ416188:+:304409:307535,5142,no,train,KQ416188,307144,+,21,0,Octopus_prebalancing.csv.gz
Octopus,KQ417620:-:314872:315736,15974,yes,train,KQ417620,315140,-,475,0.4626865671641791,Octopus_prebalancing.csv.gz
Octopus,KQ417980:+:232521:234469,19238,no,train,KQ417980,233782,+,289,0,Octopus_prebalancing.csv.gz
Octopus,KQ418873:+:627338:632183,26102,yes,train,KQ418873,628879,+,121,0.3534883720930232,Octopus_prebalancing.csv.gz
Octopus,KQ422658:+:192535:194721,46271,yes,train,KQ422658,193102,+,276,0.3985507246376811,Octopus_prebalancing.csv.gz
Octopus,KQ417482:+:378219:384475,15237,no,train,KQ417482,381661,+,424,0,Octopus_prebalancing.csv.gz
Octopus,KQ421117:-:1800705:1801920,39133,no,train,KQ421117,1801234,-,129,0,Octopus_prebalancing.csv.gz
Octopus,KQ419574:+:872589:876091,29711,yes,train,KQ419574,873209,+,88,0.1575492341356674,Octopus_prebalancing.csv.gz
Octopus,KQ427426:+:9727:13486,59096,yes,train,KQ427426,12675,+,196,0.2510121457489878,Octopus_prebalancing.csv.gz
Octopus,KQ416771:-:1461700:1466793,10314,no,train,KQ416771,1462487,-,311,0,Octopus_prebalancing.csv.gz
Octopus,KQ421375:-:86931:88834,40579,yes,train,KQ421375,87975,-,168,0.6845425867507886,Octopus_prebalancing.csv.gz
Octopus,KQ418431:-:1036370:1040092,23547,yes,train,KQ418431,1037730,-,199,0.3137254901960784,Octopus_prebalancing.csv.gz
Octopus,KQ415873:+:120365:136981,2403,no,train,KQ415873,120818,+,94,0,Octopus_prebalancing.csv.gz
Octopus,KQ421217:-:75990:76821,39639,no,train,KQ421217,76262,-,279,0,Octopus_prebalancing.csv.gz
Octopus,KQ431376:-:41596:43687,62961,yes,train,KQ431376,42039,-,176,0.4469026548672566,Octopus_prebalancing.csv.gz
Octopus,KQ433284:-:17319:18995,63758,yes,train,KQ433284,18686,-,62,0.6655290102389079,Octopus_prebalancing.csv.gz
Octopus,KQ428883:-:245716:247637,61193,no,train,KQ428883,246681,-,13,0,Octopus_prebalancing.csv.gz
Octopus,KQ428036:-:63183:64283,59867,yes,train,KQ428036,64143,-,151,0.8917748917748918,Octopus_prebalancing.csv.gz
Octopus,KQ416594:-:25583:31375,8324,yes,train,KQ416594,29448,-,287,0.5642633228840125,Octopus_prebalancing.csv.gz
Octopus,KQ422894:-:438294:440558,47137,no,train,KQ422894,439217,-,247,0,Octopus_prebalancing.csv.gz
Octopus,KQ418328:-:252137:255667,22538,no,train,KQ418328,254910,-,151,0,Octopus_prebalancing.csv.gz
Octopus,KQ421754:+:100818:101846,42340,no,train,KQ421754,101177,+,94,0,Octopus_prebalancing.csv.gz
Octopus,KQ417538:+:78848:83461,15545,no,train,KQ417538,82574,+,49,0,Octopus_prebalancing.csv.gz
Octopus,KQ428118:-:8307:9238,60033,yes,train,KQ428118,9183,-,67,0.8545454545454545,Octopus_prebalancing.csv.gz
Octopus,KQ428460:-:15526:18845,60327,yes,train,KQ428460,17098,-,69,0.635593220338983,Octopus_prebalancing.csv.gz
Octopus,KQ420444:+:439486:443984,34481,yes,train,KQ420444,443188,+,449,0.4150326797385621,Octopus_prebalancing.csv.gz
Octopus,KQ416678:-:507714:508728,9312,no,train,KQ416678,507900,-,200,0,Octopus_prebalancing.csv.gz
Octopus,KQ415674:-:864176:867443,541,no,train,KQ415674,864665,-,289,0,Octopus_prebalancing.csv.gz
Octopus,KQ428371:-:65206:71009,60110,yes,train,KQ428371,69942,-,465,0.6810344827586207,Octopus_prebalancing.csv.gz
Octopus,KQ432252:+:241773:242193,63457,no,train,KQ432252,241838,+,23,0,Octopus_prebalancing.csv.gz
Octopus,KQ417917:-:145066:150944,18642,yes,train,KQ417917,147139,-,291,0.284313725490196,Octopus_prebalancing.csv.gz
Octopus,KQ416616:+:2452476:2453097,8750,no,train,KQ416616,2452429,+,86,0,Octopus_prebalancing.csv.gz
Octopus,KQ421493:-:53586:55159,41123,no,train,KQ421493,54536,-,137,0,Octopus_prebalancing.csv.gz
Octopus,KQ420132:-:753148:758140,32449,yes,train,KQ420132,756320,-,12,0.4846153846153846,Octopus_prebalancing.csv.gz
Octopus,KQ417670:+:106541:109344,16545,yes,train,KQ417670,107823,+,79,0.9030303030303032,Octopus_prebalancing.csv.gz
Octopus,KQ420579:+:292710:297325,35034,yes,train,KQ420579,296504,+,159,0.6416666666666667,Octopus_prebalancing.csv.gz
Octopus,KQ419199:+:17614:19923,27711,no,train,KQ419199,18060,+,86,0,Octopus_prebalancing.csv.gz
Octopus,KQ417245:+:359507:360722,13271,yes,train,KQ417245,360176,+,575,0.8421052631578947,Octopus_prebalancing.csv.gz
Octopus,KQ415684:+:1795785:1804292,792,yes,train,KQ415684,1803108,+,236,0.7425149700598802,Octopus_prebalancing.csv.gz
Octopus,KQ420642:-:200769:201948,35430,no,train,KQ420642,201085,-,210,0,Octopus_prebalancing.csv.gz
Octopus,KQ417245:+:359507:360722,13286,yes,train,KQ417245,360208,+,607,0.8535031847133758,Octopus_prebalancing.csv.gz
Octopus,KQ423069:+:40459:43239,47598,yes,train,KQ423069,42223,+,295,0.2645429362880886,Octopus_prebalancing.csv.gz
Octopus,KQ421853:+:890022:894608,43439,yes,train,KQ421853,894151,+,90,0.207070707070707,Octopus_prebalancing.csv.gz
Octopus,KQ419281:+:554403:559442,28127,yes,train,KQ419281,556601,+,250,0.75,Octopus_prebalancing.csv.gz
Octopus,KQ420828:-:2067280:2068719,37272,no,train,KQ420828,2068663,-,89,0,Octopus_prebalancing.csv.gz
Octopus,KQ416684:-:407347:407907,9492,no,train,KQ416684,407398,-,175,0,Octopus_prebalancing.csv.gz
Octopus,KQ431895:+:3872:10596,63187,yes,train,KQ431895,10260,+,672,0.2272727272727272,Octopus_prebalancing.csv.gz
Octopus,KQ421523:-:1031217:1031576,41309,no,train,KQ421523,1031426,-,166,0,Octopus_prebalancing.csv.gz
Octopus,KQ427174:-:5830:9422,58868,yes,train,KQ427174,8025,-,24,0.2101910828025477,Octopus_prebalancing.csv.gz
Octopus,KQ422777:+:281544:283547,46584,yes,train,KQ422777,283151,+,13,0.205607476635514,Octopus_prebalancing.csv.gz
Octopus,KQ416235:-:90868:101227,5979,no,train,KQ416235,95119,-,11,0,Octopus_prebalancing.csv.gz
Octopus,KQ423509:-:57830:68774,49142,yes,train,KQ423509,62301,-,250,0.3553719008264462,Octopus_prebalancing.csv.gz
Octopus,KQ417796:+:458790:459137,17685,yes,train,KQ417796,458987,+,219,0.1650485436893204,Octopus_prebalancing.csv.gz
Octopus,KQ422794:+:34599:36340,46676,yes,train,KQ422794,35265,+,133,0.2105263157894736,Octopus_prebalancing.csv.gz
Octopus,KQ416274:-:836144:838134,6379,yes,train,KQ416274,837974,-,196,0.2051282051282051,Octopus_prebalancing.csv.gz
Octopus,KQ417620:-:314872:315736,15985,yes,train,KQ417620,315175,-,440,0.3115942028985507,Octopus_prebalancing.csv.gz
Octopus,KQ423384:-:323447:334825,48571,no,train,KQ423384,325918,-,29,0,Octopus_prebalancing.csv.gz
Octopus,KQ421638:+:30744:34531,41513,yes,train,KQ421638,32275,+,226,1,Octopus_prebalancing.csv.gz
Octopus,KQ418420:-:72827:73422,23408,no,train,KQ418420,73275,-,164,0,Octopus_prebalancing.csv.gz
Octopus,KQ425850:-:284737:296046,55879,yes,train,KQ425850,293406,-,50,0.4956521739130435,Octopus_prebalancing.csv.gz
Octopus,KQ422263:-:237976:240872,45008,yes,train,KQ422263,238170,-,279,0.7021276595744681,Octopus_prebalancing.csv.gz
Octopus,KQ416274:-:836144:838134,6370,no,train,KQ416274,837950,-,220,0,Octopus_prebalancing.csv.gz
Octopus,KQ417012:-:62616:66743,11704,no,train,KQ417012,62675,-,138,0,Octopus_prebalancing.csv.gz
Octopus,KQ416235:-:90868:101227,5910,no,train,KQ416235,94850,-,280,0,Octopus_prebalancing.csv.gz
Octopus,KQ422223:-:16837:20430,44599,no,train,KQ422223,19968,-,291,0,Octopus_prebalancing.csv.gz
Octopus,KQ417567:-:129462:130077,15823,no,train,KQ417567,130136,-,13,0,Octopus_prebalancing.csv.gz
Octopus,KQ425262:-:63008:70787,54427,no,train,KQ425262,69492,-,196,0,Octopus_prebalancing.csv.gz
Octopus,KQ415907:+:346698:348754,2716,yes,train,KQ415907,348343,+,78,0.5974025974025974,Octopus_prebalancing.csv.gz
Octopus,KQ418194:-:124504:126428,21324,yes,train,KQ418194,125063,-,22,0.1543209876543209,Octopus_prebalancing.csv.gz
Octopus,KQ422500:-:203047:204525,45745,no,train,KQ422500,203564,-,310,0,Octopus_prebalancing.csv.gz
Octopus,KQ421638:+:482367:484785,41673,yes,train,KQ421638,484160,+,54,0.4489795918367347,Octopus_prebalancing.csv.gz
Octopus,KQ417510:-:35515:40949,15448,yes,train,KQ417510,39484,-,15,0.3125,Octopus_prebalancing.csv.gz
Octopus,KQ422223:-:16837:20430,44635,yes,train,KQ422223,20284,-,161,0.312280701754386,Octopus_prebalancing.csv.gz
Octopus,KQ415804:+:320500:322018,1817,no,train,KQ415804,320544,+,67,0,Octopus_prebalancing.csv.gz
Octopus,KQ417318:-:213492:213693,14027,yes,train,KQ417318,213662,-,73,0.1598746081504702,Octopus_prebalancing.csv.gz
Octopus,KQ415932:-:635916:641977,3179,yes,train,KQ415932,637164,-,342,0.1784140969162995,Octopus_prebalancing.csv.gz
Octopus,KQ418520:-:135456:135922,24006,yes,train,KQ418520,135478,-,296,0.8259860788863109,Octopus_prebalancing.csv.gz
Octopus,KQ417300:+:2429385:2432147,13815,yes,train,KQ417300,2430386,+,277,0.4772727272727273,Octopus_prebalancing.csv.gz
Octopus,KQ416745:-:302420:302572,10078,no,train,KQ416745,302480,-,127,0,Octopus_prebalancing.csv.gz
Octopus,KQ418900:-:485296:490211,26478,no,train,KQ418900,487126,-,389,0,Octopus_prebalancing.csv.gz
Octopus,KQ416188:+:304409:307535,5141,yes,train,KQ416188,307140,+,17,0.5739495798319327,Octopus_prebalancing.csv.gz
Octopus,KQ421754:+:100818:101846,42363,no,train,KQ421754,101241,+,159,0,Octopus_prebalancing.csv.gz
Octopus,KQ432638:+:110684:118491,63542,no,train,KQ432638,116488,+,106,0,Octopus_prebalancing.csv.gz
Octopus,KQ423638:-:194426:197345,50338,no,train,KQ423638,196380,-,108,0,Octopus_prebalancing.csv.gz
Octopus,KQ425067:-:59117:68620,53598,yes,train,KQ425067,60760,-,488,0.4812030075187969,Octopus_prebalancing.csv.gz
Octopus,KQ415932:-:635916:641977,3144,no,train,KQ415932,637013,-,493,0,Octopus_prebalancing.csv.gz
Octopus,KQ428371:-:65206:71009,60108,yes,train,KQ428371,69939,-,468,0.6057692307692307,Octopus_prebalancing.csv.gz
Octopus,KQ417670:+:106541:109344,16544,yes,train,KQ417670,107822,+,78,0.3926380368098159,Octopus_prebalancing.csv.gz
Octopus,KQ419763:+:125372:126247,30289,yes,train,KQ419763,125487,+,121,0.5728643216080402,Octopus_prebalancing.csv.gz
Octopus,KQ415952:-:300894:302128,3660,yes,train,KQ415952,300968,-,135,0.4140350877192982,Octopus_prebalancing.csv.gz
Octopus,KQ428492:-:1282:4024,60361,yes,train,KQ428492,2600,-,354,0.2307692307692307,Octopus_prebalancing.csv.gz
Octopus,KQ421265:-:217835:220132,39894,no,train,KQ421265,219325,-,128,0,Octopus_prebalancing.csv.gz
Octopus,KQ417300:+:2429385:2432147,13832,yes,train,KQ417300,2430420,+,311,0.8666666666666667,Octopus_prebalancing.csv.gz
Octopus,KQ418523:-:372169:373200,24103,no,train,KQ418523,372683,-,63,0,Octopus_prebalancing.csv.gz
Octopus,KQ426312:-:18028:24376,56426,yes,train,KQ426312,20267,-,156,0.2054794520547945,Octopus_prebalancing.csv.gz
Octopus,KQ419376:+:613064:619101,28568,no,train,KQ419376,613736,+,51,0,Octopus_prebalancing.csv.gz
Octopus,KQ419333:-:48712:50653,28449,yes,train,KQ419333,49129,-,114,0.1633835457705678,Octopus_prebalancing.csv.gz
Octopus,KQ423703:-:321001:322179,50454,yes,train,KQ423703,321818,-,196,0.3831775700934579,Octopus_prebalancing.csv.gz
Octopus,KQ431609:+:48196:48847,62996,yes,train,KQ431609,48255,+,64,0.2115384615384615,Octopus_prebalancing.csv.gz
Octopus,KQ418545:+:60899:66262,24510,yes,train,KQ418545,61422,+,233,0.2465753424657534,Octopus_prebalancing.csv.gz
Octopus,KQ418094:-:30300:36557,20263,no,train,KQ418094,30974,-,405,0,Octopus_prebalancing.csv.gz
Octopus,KQ427059:+:265359:268626,58364,no,train,KQ427059,265843,+,113,0,Octopus_prebalancing.csv.gz
Octopus,KQ418545:+:60899:66262,24522,no,train,KQ418545,61467,+,278,0,Octopus_prebalancing.csv.gz
Octopus,KQ417670:+:106541:109344,16597,no,train,KQ417670,107963,+,219,0,Octopus_prebalancing.csv.gz
Octopus,KQ416478:-:33961:35095,7553,yes,train,KQ416478,34475,-,163,0.2897196261682243,Octopus_prebalancing.csv.gz
Octopus,KQ421523:-:736020:739894,41277,yes,train,KQ421523,738744,-,48,0.915929203539823,Octopus_prebalancing.csv.gz
Octopus,KQ417112:-:598933:605464,12450,yes,train,KQ417112,604651,-,43,0.4382022471910112,Octopus_prebalancing.csv.gz
Octopus,KQ422015:+:60856:61622,43704,no,train,KQ422015,61131,+,1,0,Octopus_prebalancing.csv.gz
Octopus,KQ418900:-:485296:490211,26456,no,train,KQ418900,486976,-,539,0,Octopus_prebalancing.csv.gz
Octopus,KQ420796:-:186152:188342,36846,no,train,KQ420796,187616,-,58,0,Octopus_prebalancing.csv.gz
Octopus,KQ415854:+:473174:474021,2181,no,train,KQ415854,473410,+,28,0,Octopus_prebalancing.csv.gz
Octopus,KQ421656:-:287924:292121,41826,no,train,KQ421656,290092,-,89,0,Octopus_prebalancing.csv.gz
Octopus,KQ433487:+:62929:63906,63903,yes,train,KQ433487,63197,+,226,0.1780415430267062,Octopus_prebalancing.csv.gz
Octopus,KQ419300:-:740355:741888,28192,yes,train,KQ419300,740870,-,106,0.704225352112676,Octopus_prebalancing.csv.gz
Octopus,KQ425067:-:59117:68620,53583,no,train,KQ425067,60691,-,557,0,Octopus_prebalancing.csv.gz
Octopus,KQ415686:+:382591:392360,918,yes,train,KQ415686,386037,+,63,0.6533333333333333,Octopus_prebalancing.csv.gz
Octopus,KQ416454:-:22401:23502,7339,yes,train,KQ416454,22551,-,293,0.2735938989513822,Octopus_prebalancing.csv.gz
Octopus,KQ420442:-:26593:27410,34300,no,train,KQ420442,26787,-,160,0,Octopus_prebalancing.csv.gz
Octopus,KQ427587:+:206953:208278,59229,no,train,KQ427587,208069,+,34,0,Octopus_prebalancing.csv.gz
Octopus,KQ420157:+:154445:155503,32767,yes,train,KQ420157,154517,+,57,0.6954545454545454,Octopus_prebalancing.csv.gz
Octopus,KQ416124:+:327085:328418,4510,yes,train,KQ416124,327244,+,54,0.2206185567010309,Octopus_prebalancing.csv.gz
Octopus,KQ424114:+:62091:63803,51453,yes,train,KQ424114,63404,+,294,0.1550802139037433,Octopus_prebalancing.csv.gz
Octopus,KQ431041:-:72960:75607,62773,no,train,KQ431041,74771,-,90,0,Octopus_prebalancing.csv.gz
Octopus,KQ420690:-:166278:172996,36207,no,train,KQ420690,170712,-,257,0,Octopus_prebalancing.csv.gz
Octopus,KQ422437:-:1471:5030,45394,yes,train,KQ422437,2632,-,270,0.1932367149758454,Octopus_prebalancing.csv.gz
Octopus,KQ416788:-:74481:75947,10375,yes,train,KQ416788,74724,-,367,0.2547770700636942,Octopus_prebalancing.csv.gz
Octopus,KQ421117:+:1266315:1274800,39038,yes,train,KQ421117,1273820,+,455,0.8365384615384616,Octopus_prebalancing.csv.gz
Octopus,KQ417620:-:314872:315736,15933,yes,train,KQ417620,315034,-,581,0.8108108108108109,Octopus_prebalancing.csv.gz
Octopus,KQ422658:+:192535:194721,46251,yes,train,KQ422658,193029,+,203,0.2608695652173913,Octopus_prebalancing.csv.gz
Octopus,KQ420662:+:220790:222380,35727,yes,train,KQ420662,221712,+,337,0.1881533101045296,Octopus_prebalancing.csv.gz
Octopus,KQ418433:+:243912:249954,23611,no,train,KQ418433,247653,+,149,0,Octopus_prebalancing.csv.gz
Octopus,KQ416771:-:1461700:1466793,10298,no,train,KQ416771,1462442,-,356,0,Octopus_prebalancing.csv.gz
Octopus,KQ422595:-:182014:185348,46110,yes,train,KQ422595,183691,-,244,0.5374449339207048,Octopus_prebalancing.csv.gz
Octopus,KQ418741:-:126757:127904,25350,no,train,KQ418741,127577,-,80,0,Octopus_prebalancing.csv.gz
Octopus,KQ419401:-:21786:22080,28742,no,train,KQ419401,22007,-,85,0,Octopus_prebalancing.csv.gz
Octopus,KQ417110:+:99458:100489,12240,no,train,KQ417110,99635,+,190,0,Octopus_prebalancing.csv.gz
Octopus,KQ428460:-:15526:18845,60308,yes,train,KQ428460,17038,-,129,0.6752411575562701,Octopus_prebalancing.csv.gz
Octopus,KQ425067:-:59117:68620,53640,no,train,KQ425067,60923,-,325,0,Octopus_prebalancing.csv.gz
Octopus,KQ415669:+:30162:32210,375,no,train,KQ415669,31474,+,267,0,Octopus_prebalancing.csv.gz
Octopus,KQ426828:-:129659:129678,57617,no,train,KQ426828,129688,-,169,0,Octopus_prebalancing.csv.gz
Octopus,KQ419394:+:110216:111141,28638,yes,train,KQ419394,110922,+,36,0.2095238095238095,Octopus_prebalancing.csv.gz
Octopus,KQ415854:+:99135:104952,2142,no,train,KQ415854,104847,+,154,0,Octopus_prebalancing.csv.gz
Octopus,KQ419199:+:17614:19923,27705,yes,train,KQ419199,18043,+,69,0.5251396648044693,Octopus_prebalancing.csv.gz
Octopus,KQ418094:-:30300:36557,20272,yes,train,KQ418094,30987,-,392,0.1742424242424242,Octopus_prebalancing.csv.gz
Octopus,KQ415841:-:345434:348457,2026,no,train,KQ415841,347576,-,82,0,Octopus_prebalancing.csv.gz
Octopus,KQ417280:-:322030:322671,13713,yes,train,KQ417280,322088,-,259,0.9814814814814816,Octopus_prebalancing.csv.gz
Octopus,KQ416188:+:304409:307535,5148,yes,train,KQ416188,307156,+,33,0.5230536659108088,Octopus_prebalancing.csv.gz
Octopus,KQ418431:-:530014:534701,23515,yes,train,KQ418431,530768,-,233,0.1636363636363636,Octopus_prebalancing.csv.gz
Octopus,KQ425188:-:53630:54936,53919,yes,train,KQ425188,54249,-,65,0.2277777777777777,Octopus_prebalancing.csv.gz
Octopus,KQ416616:+:2452476:2453097,8780,yes,train,KQ416616,2452512,+,169,0.9785714285714284,Octopus_prebalancing.csv.gz
Octopus,KQ416499:-:257027:258284,7714,no,train,KQ416499,257303,-,196,0,Octopus_prebalancing.csv.gz
Octopus,KQ424114:+:62091:63803,51452,yes,train,KQ424114,63402,+,292,0.8808290155440415,Octopus_prebalancing.csv.gz
Octopus,KQ428371:+:59208:62064,60090,no,train,KQ428371,61363,+,136,0,Octopus_prebalancing.csv.gz
Octopus,KQ418240:+:141891:142491,21846,no,train,KQ418240,142142,+,198,0,Octopus_prebalancing.csv.gz
Octopus,KQ426567:-:66580:68911,57115,yes,train,KQ426567,67338,-,143,0.2674418604651162,Octopus_prebalancing.csv.gz
Octopus,KQ432038:+:338791:339606,63378,no,train,KQ432038,339312,+,210,0,Octopus_prebalancing.csv.gz
Octopus,KQ420593:-:2370:9432,35086,yes,train,KQ420593,2773,-,91,0.2902182700080841,Octopus_prebalancing.csv.gz
Octopus,KQ425188:-:155463:161972,53968,yes,train,KQ425188,161322,-,39,0.3622291021671827,Octopus_prebalancing.csv.gz
Octopus,KQ424629:+:75663:78810,52545,yes,train,KQ424629,78221,+,56,0.1810699588477366,Octopus_prebalancing.csv.gz
Octopus,KQ416953:-:552964:567285,11258,no,train,KQ416953,554397,-,186,0,Octopus_prebalancing.csv.gz
Octopus,KQ420642:-:200769:201948,35412,yes,train,KQ420642,201024,-,271,0.2857142857142857,Octopus_prebalancing.csv.gz
Octopus,KQ420444:+:439486:443984,34437,yes,train,KQ420444,443067,+,328,0.5227963525835866,Octopus_prebalancing.csv.gz
Octopus,KQ416719:-:823120:824259,9790,no,train,KQ416719,823141,-,393,0,Octopus_prebalancing.csv.gz
Octopus,KQ419534:-:177028:177777,29502,no,train,KQ419534,177036,-,187,0,Octopus_prebalancing.csv.gz
Octopus,KQ419366:+:211929:213548,28502,yes,train,KQ419366,213237,+,88,0.4596774193548387,Octopus_prebalancing.csv.gz
Octopus,KQ422839:-:170755:175591,46817,yes,train,KQ422839,172169,-,131,0.7522935779816514,Octopus_prebalancing.csv.gz
Octopus,KQ421325:+:176374:181342,39979,yes,train,KQ421325,177447,+,52,0.168141592920354,Octopus_prebalancing.csv.gz
Octopus,KQ425131:-:97410:99923,53819,no,train,KQ425131,99977,-,15,0,Octopus_prebalancing.csv.gz
Octopus,KQ420660:+:206788:209565,35538,no,train,KQ420660,207694,+,218,0,Octopus_prebalancing.csv.gz
Octopus,KQ417319:-:108803:112920,14185,no,train,KQ417319,111497,-,193,0,Octopus_prebalancing.csv.gz
Octopus,KQ420444:+:439486:443984,34434,yes,train,KQ420444,443051,+,312,0.2446043165467626,Octopus_prebalancing.csv.gz
Octopus,KQ417300:+:2429385:2432147,13762,yes,train,KQ417300,2430169,+,69,0.5575221238938053,Octopus_prebalancing.csv.gz
Octopus,KQ422521:-:248600:250319,45921,no,train,KQ422521,249069,-,110,0,Octopus_prebalancing.csv.gz
Octopus,KQ428460:-:15526:18845,60278,yes,train,KQ428460,16169,-,290,0.1606714628297362,Octopus_prebalancing.csv.gz
Octopus,KQ419395:+:135166:136256,28665,no,train,KQ419395,135397,+,168,0,Octopus_prebalancing.csv.gz
Octopus,KQ425188:-:53630:54936,53924,yes,train,KQ425188,54269,-,45,0.7368421052631579,Octopus_prebalancing.csv.gz
Octopus,KQ418173:+:55052:55599,20920,yes,train,KQ418173,55344,+,152,0.488235294117647,Octopus_prebalancing.csv.gz
Octopus,KQ419281:+:554403:559442,28082,yes,train,KQ419281,556502,+,151,0.810126582278481,Octopus_prebalancing.csv.gz
Octopus,KQ426659:+:67219:73481,57332,yes,train,KQ426659,72100,+,396,0.25,Octopus_prebalancing.csv.gz
Octopus,KQ430702:-:8638:10120,62389,yes,train,KQ430702,9075,-,372,0.9142857142857144,Octopus_prebalancing.csv.gz
Octopus,KQ416616:+:2452476:2453097,8751,no,train,KQ416616,2452430,+,87,0,Octopus_prebalancing.csv.gz
Octopus,KQ419413:-:54882:56621,28961,yes,train,KQ419413,55884,-,44,0.5280898876404494,Octopus_prebalancing.csv.gz
Octopus,KQ421721:-:299835:300483,42065,no,train,KQ421721,300239,-,173,0,Octopus_prebalancing.csv.gz
Octopus,KQ425262:+:23720:24872,54341,no,train,KQ425262,24841,+,197,0,Octopus_prebalancing.csv.gz
Octopus,KQ428118:-:8307:9238,59988,no,train,KQ428118,9067,-,189,0,Octopus_prebalancing.csv.gz
Octopus,KQ419409:+:573761:574041,28840,yes,train,KQ419409,573843,+,154,0.4856115107913669,Octopus_prebalancing.csv.gz
Octopus,KQ420059:+:435878:444482,31696,yes,train,KQ420059,435993,+,152,0.6690647482014388,Octopus_prebalancing.csv.gz
Octopus,KQ415684:+:1795785:1804292,795,yes,train,KQ415684,1803121,+,249,0.2738853503184713,Octopus_prebalancing.csv.gz
Octopus,KQ423780:-:930629:943739,50496,yes,train,KQ423780,939213,-,62,0.2844827586206896,Octopus_prebalancing.csv.gz
Octopus,KQ423384:-:323447:334825,48535,no,train,KQ423384,325820,-,127,0,Octopus_prebalancing.csv.gz
Octopus,KQ425067:-:59117:68620,53634,yes,train,KQ425067,60898,-,350,0.2115384615384615,Octopus_prebalancing.csv.gz
Octopus,KQ430069:+:5459:6074,61721,yes,train,KQ430069,6013,+,161,0.9645390070921984,Octopus_prebalancing.csv.gz
Octopus,KQ423631:-:133207:139083,49978,no,train,KQ423631,137892,-,321,0,Octopus_prebalancing.csv.gz
Octopus,KQ417112:-:598933:605464,12402,yes,train,KQ417112,604538,-,156,0.2717291857273559,Octopus_prebalancing.csv.gz
Octopus,KQ417620:+:315416:315565,16043,yes,train,KQ417620,315494,+,454,0.9708029197080292,Octopus_prebalancing.csv.gz
Octopus,KQ433284:-:17319:18995,63710,yes,train,KQ433284,18529,-,208,0.6061320754716981,Octopus_prebalancing.csv.gz
Octopus,KQ416738:+:179376:181420,10016,yes,train,KQ416738,181311,+,125,0.1595092024539877,Octopus_prebalancing.csv.gz
Octopus,KQ419333:-:48712:50653,28403,yes,train,KQ419333,48968,-,277,0.7046908315565032,Octopus_prebalancing.csv.gz
Octopus,KQ418194:+:1474491:1484481,21383,no,train,KQ418194,1474598,+,77,0,Octopus_prebalancing.csv.gz
Octopus,KQ419640:-:151391:151719,30071,no,train,KQ419640,151702,-,33,0,Octopus_prebalancing.csv.gz
Octopus,KQ421758:-:1453493:1454390,42883,no,train,KQ421758,1453833,-,156,0,Octopus_prebalancing.csv.gz
Octopus,KQ415775:-:404717:412300,1495,yes,train,KQ415775,411934,-,115,0.4586466165413533,Octopus_prebalancing.csv.gz
Octopus,KQ418545:+:60899:66262,24471,yes,train,KQ418545,61260,+,67,0.5705521472392638,Octopus_prebalancing.csv.gz
Octopus,KQ416124:+:327085:328418,4568,no,train,KQ416124,327470,+,266,0,Octopus_prebalancing.csv.gz
Octopus,KQ417847:-:1389485:1395088,18107,no,train,KQ417847,1391833,-,673,0,Octopus_prebalancing.csv.gz
Octopus,KQ419858:+:187601:189009,30516,yes,train,KQ419858,188423,+,311,0.4388185654008439,Octopus_prebalancing.csv.gz
Octopus,KQ420477:-:12030:15635,34604,no,train,KQ420477,15551,-,99,0,Octopus_prebalancing.csv.gz
Octopus,KQ432038:+:338791:339606,63336,yes,train,KQ432038,338919,+,67,0.2592592592592592,Octopus_prebalancing.csv.gz
Octopus,KQ419098:-:224612:226065,26993,yes,train,KQ419098,225426,-,482,0.6676923076923077,Octopus_prebalancing.csv.gz
Octopus,KQ418328:+:566027:566284,22637,yes,train,KQ418328,566239,+,184,0.1926605504587156,Octopus_prebalancing.csv.gz
Octopus,KQ420444:+:439486:443984,34489,yes,train,KQ420444,443211,+,472,0.7448275862068966,Octopus_prebalancing.csv.gz
Octopus,KQ416719:-:823120:824259,9870,no,train,KQ416719,823388,-,140,0,Octopus_prebalancing.csv.gz
Octopus,KQ427812:-:11379:11735,59497,yes,train,KQ427812,11493,-,200,0.1589506172839506,Octopus_prebalancing.csv.gz
Octopus,KQ417417:-:19359:26595,15030,no,train,KQ417417,19526,-,204,0,Octopus_prebalancing.csv.gz
Octopus,KQ431108:+:80994:85495,62817,yes,train,KQ431108,84439,+,43,0.2428343949044586,Octopus_prebalancing.csv.gz
Octopus,KQ420009:+:182821:186225,31367,yes,train,KQ420009,185815,+,141,0.2171428571428571,Octopus_prebalancing.csv.gz
Octopus,KQ423846:+:124969:125801,50776,no,train,KQ423846,124945,+,4,0,Octopus_prebalancing.csv.gz
Octopus,KQ420909:-:58461:62439,37496,yes,train,KQ420909,60903,-,455,0.8703703703703703,Octopus_prebalancing.csv.gz
Octopus,KQ416197:-:1270:2182,5456,no,train,KQ416197,2134,-,38,0,Octopus_prebalancing.csv.gz
Octopus,KQ417911:+:82295:90861,18483,yes,train,KQ417911,84038,+,72,0.1568627450980392,Octopus_prebalancing.csv.gz
Octopus,KQ418900:-:120417:121639,26301,yes,train,KQ418900,121461,-,163,0.9090909090909092,Octopus_prebalancing.csv.gz
Octopus,KQ427059:-:52045:60905,58312,no,train,KQ427059,60499,-,83,0,Octopus_prebalancing.csv.gz
Octopus,KQ421086:-:320128:320950,38881,no,train,KQ421086,320718,-,55,0,Octopus_prebalancing.csv.gz
Octopus,KQ417110:+:99458:100489,12213,no,train,KQ417110,99559,+,114,0,Octopus_prebalancing.csv.gz
Octopus,KQ417911:+:93484:94946,18499,no,train,KQ417911,94926,+,136,0,Octopus_prebalancing.csv.gz
Octopus,KQ425784:-:3323:3828,55830,no,train,KQ425784,3514,-,173,0,Octopus_prebalancing.csv.gz
Octopus,KQ423069:+:80845:85639,47768,yes,train,KQ423069,81583,+,17,0.1851851851851851,Octopus_prebalancing.csv.gz
Octopus,KQ422658:+:192535:194721,46261,no,train,KQ422658,193055,+,229,0,Octopus_prebalancing.csv.gz
Octopus,KQ423846:+:124969:125801,50834,no,train,KQ423846,125447,+,189,0,Octopus_prebalancing.csv.gz
Octopus,KQ418420:-:72827:73422,23387,no,train,KQ418420,73201,-,238,0,Octopus_prebalancing.csv.gz
Octopus,KQ419574:+:872589:876091,29720,no,train,KQ419574,873241,+,120,0,Octopus_prebalancing.csv.gz
Octopus,KQ423926:-:48986:56304,51279,no,train,KQ423926,51589,-,272,0,Octopus_prebalancing.csv.gz
Octopus,KQ421721:-:299835:300483,42103,no,train,KQ421721,300397,-,11,0,Octopus_prebalancing.csv.gz
Octopus,KQ424476:-:16733:20188,52316,no,train,KQ424476,20149,-,64,0,Octopus_prebalancing.csv.gz
Octopus,KQ425131:-:97410:99923,53805,no,train,KQ425131,99942,-,50,0,Octopus_prebalancing.csv.gz
Octopus,KQ418269:+:155193:156609,22032,no,train,KQ418269,156614,+,442,0,Octopus_prebalancing.csv.gz
Octopus,KQ420348:-:79805:80375,33740,no,train,KQ420348,79924,-,230,0,Octopus_prebalancing.csv.gz
Octopus,KQ421265:-:217835:220132,39872,yes,train,KQ421265,219264,-,189,0.1539888682745825,Octopus_prebalancing.csv.gz
Octopus,KQ417877:-:367901:377631,18247,yes,train,KQ417877,373861,-,257,0.6181818181818182,Octopus_prebalancing.csv.gz
Octopus,KQ415951:+:107290:108224,3554,yes,train,KQ415951,107320,+,4,0.5416666666666666,Octopus_prebalancing.csv.gz
Octopus,KQ416765:+:257582:260724,10182,no,train,KQ416765,259852,+,167,0,Octopus_prebalancing.csv.gz
Octopus,KQ417110:+:99458:100489,12190,yes,train,KQ417110,99473,+,30,0.1621621621621621,Octopus_prebalancing.csv.gz
Octopus,KQ422794:+:34599:36340,46648,no,train,KQ422794,34913,+,33,0,Octopus_prebalancing.csv.gz
Octopus,KQ418739:+:750233:751167,25315,yes,train,KQ418739,751096,+,137,0.1941309255079006,Octopus_prebalancing.csv.gz
Octopus,KQ426505:-:69232:70896,56841,yes,train,KQ426505,69401,-,379,0.8327137546468402,Octopus_prebalancing.csv.gz
Octopus,KQ423286:+:77406:77847,48328,no,train,KQ423286,77412,+,19,0,Octopus_prebalancing.csv.gz
Octopus,KQ417763:+:397070:401152,17469,yes,train,KQ417763,400747,+,173,0.9683544303797468,Octopus_prebalancing.csv.gz
Octopus,KQ417245:+:359507:360722,13265,yes,train,KQ417245,360156,+,555,0.7431693989071039,Octopus_prebalancing.csv.gz
Octopus,KQ421724:+:261169:261574,42191,no,train,KQ421724,261523,+,205,0,Octopus_prebalancing.csv.gz
Octopus,KQ416194:-:389223:393444,5334,no,train,KQ416194,389321,-,171,0,Octopus_prebalancing.csv.gz
Octopus,KQ431895:+:3872:10596,63174,yes,train,KQ431895,10219,+,631,0.1578947368421052,Octopus_prebalancing.csv.gz
Octopus,KQ423591:-:165345:167675,49868,yes,train,KQ423591,165373,-,166,0.6567164179104478,Octopus_prebalancing.csv.gz
Octopus,KQ420660:+:206788:209565,35617,no,train,KQ420660,207946,+,471,0,Octopus_prebalancing.csv.gz
Octopus,KQ420313:-:692964:694535,33606,yes,train,KQ420313,693665,-,66,0.6756756756756757,Octopus_prebalancing.csv.gz
Octopus,KQ422521:-:282473:284879,45984,no,train,KQ422521,283699,-,203,0,Octopus_prebalancing.csv.gz
Octopus,KQ421356:-:55274:57599,40155,yes,train,KQ421356,55439,-,228,0.1925133689839572,Octopus_prebalancing.csv.gz
Octopus,KQ417147:+:190594:198342,12574,yes,train,KQ417147,192905,+,75,0.3770491803278688,Octopus_prebalancing.csv.gz
Octopus,KQ424659:+:227171:231163,52802,no,train,KQ424659,230878,+,187,0,Octopus_prebalancing.csv.gz
Octopus,KQ420118:+:33531:34392,32122,no,train,KQ420118,34339,+,355,0,Octopus_prebalancing.csv.gz
Octopus,KQ417620:-:314872:315736,15939,yes,train,KQ417620,315051,-,564,0.2657342657342657,Octopus_prebalancing.csv.gz
Octopus,KQ419593:-:1573:3918,29969,no,train,KQ419593,3099,-,55,0,Octopus_prebalancing.csv.gz
Octopus,KQ418059:+:563471:564576,19947,yes,train,KQ418059,563785,+,188,0.7874396135265701,Octopus_prebalancing.csv.gz
Octopus,KQ415672:+:529983:538841,456,yes,train,KQ415672,538163,+,185,0.7596899224806202,Octopus_prebalancing.csv.gz
Octopus,KQ417719:+:79119:82120,17281,yes,train,KQ417719,81104,+,160,0.2162162162162162,Octopus_prebalancing.csv.gz
Octopus,KQ417911:+:93484:94946,18507,no,train,KQ417911,94944,+,154,0,Octopus_prebalancing.csv.gz
Octopus,KQ424168:+:169950:179441,51713,yes,train,KQ424168,174549,+,31,0.5263157894736842,Octopus_prebalancing.csv.gz
Octopus,KQ421192:-:109579:115398,39522,no,train,KQ421192,109615,-,186,0,Octopus_prebalancing.csv.gz
Octopus,KQ428981:+:74813:76008,61199,yes,train,KQ428981,75978,+,181,0.3365384615384615,Octopus_prebalancing.csv.gz
Octopus,KQ427011:+:44729:52161,58223,no,train,KQ427011,49534,+,315,0,Octopus_prebalancing.csv.gz
Octopus,KQ428883:-:245716:247637,61150,no,train,KQ428883,246540,-,161,0,Octopus_prebalancing.csv.gz
Octopus,KQ417620:-:1821494:1830342,16220,yes,train,KQ417620,1825744,-,65,0.2847222222222222,Octopus_prebalancing.csv.gz
Octopus,KQ423912:+:27184:28834,51144,no,train,KQ423912,27778,+,15,0,Octopus_prebalancing.csv.gz
Octopus,KQ425262:+:23720:24872,54300,no,train,KQ425262,24486,+,78,0,Octopus_prebalancing.csv.gz
Octopus,KQ418636:+:32090:35874,24943,yes,train,KQ418636,34773,+,88,0.1748251748251748,Octopus_prebalancing.csv.gz
Octopus,KQ425188:-:53630:54936,53931,no,train,KQ425188,54295,-,19,0,Octopus_prebalancing.csv.gz
Octopus,KQ418420:-:72827:73422,23452,no,train,KQ418420,73432,-,7,0,Octopus_prebalancing.csv.gz
Octopus,KQ418355:-:185490:188365,22829,yes,train,KQ418355,186222,-,51,0.8955223880597015,Octopus_prebalancing.csv.gz
Octopus,KQ421085:+:144467:144685,38747,yes,train,KQ421085,144641,+,186,0.5069444444444444,Octopus_prebalancing.csv.gz
Octopus,KQ433339:+:27883:36851,63809,yes,train,KQ433339,28133,+,76,0.4831932773109244,Octopus_prebalancing.csv.gz
Octopus,KQ425262:-:63008:70787,54414,no,train,KQ425262,69456,-,232,0,Octopus_prebalancing.csv.gz
Octopus,KQ426215:+:29905:30045,56302,no,train,KQ426215,29916,+,70,0,Octopus_prebalancing.csv.gz
Octopus,KQ425511:+:26007:27441,55238,yes,train,KQ425511,26111,+,125,0.5428571428571428,Octopus_prebalancing.csv.gz
Octopus,KQ419098:-:224612:226065,27054,no,train,KQ419098,225673,-,231,0,Octopus_prebalancing.csv.gz
Octopus,KQ416568:-:106474:107971,7925,no,train,KQ416568,107226,-,320,0,Octopus_prebalancing.csv.gz
Octopus,KQ418429:+:134516:135452,23457,yes,train,KQ418429,135232,+,166,0.3116883116883117,Octopus_prebalancing.csv.gz
Octopus,KQ422033:-:18330:23008,44096,yes,train,KQ422033,20305,-,166,0.1605839416058394,Octopus_prebalancing.csv.gz
Octopus,KQ421638:+:482367:484785,41679,yes,train,KQ421638,484182,+,76,0.3066037735849056,Octopus_prebalancing.csv.gz
Octopus,KQ430702:-:8638:10120,62391,yes,train,KQ430702,9078,-,369,0.926605504587156,Octopus_prebalancing.csv.gz
Octopus,KQ423591:-:158064:163878,49847,yes,train,KQ423591,159597,-,45,0.1808510638297872,Octopus_prebalancing.csv.gz
Octopus,KQ433339:+:27883:36851,63861,yes,train,KQ433339,28302,+,251,0.3,Octopus_prebalancing.csv.gz
Octopus,KQ418545:+:60899:66262,24529,no,train,KQ418545,61497,+,308,0,Octopus_prebalancing.csv.gz
Octopus,KQ422268:-:114991:116252,45133,no,train,KQ422268,116155,-,130,0,Octopus_prebalancing.csv.gz
Octopus,KQ423217:+:221921:225946,48060,yes,train,KQ423217,225730,+,354,0.5420875420875421,Octopus_prebalancing.csv.gz
Octopus,KQ422866:-:193298:197038,47030,yes,train,KQ422866,194648,-,205,0.4699453551912568,Octopus_prebalancing.csv.gz
Octopus,KQ418636:+:32090:35874,25008,no,train,KQ418636,35226,+,392,0,Octopus_prebalancing.csv.gz
Octopus,KQ418883:-:95289:97496,26268,yes,train,KQ418883,96303,-,12,0.46,Octopus_prebalancing.csv.gz
Octopus,KQ417980:+:232521:234469,19163,no,train,KQ417980,232562,+,48,0,Octopus_prebalancing.csv.gz
Octopus,KQ421217:-:75990:76821,39646,no,train,KQ421217,76278,-,263,0,Octopus_prebalancing.csv.gz
Octopus,KQ417497:-:841461:844909,15377,yes,train,KQ417497,844093,-,121,0.5771971496437055,Octopus_prebalancing.csv.gz
Octopus,KQ417670:+:106541:109344,16640,no,train,KQ417670,108180,+,442,0,Octopus_prebalancing.csv.gz
Octopus,KQ422351:+:87673:90036,45294,no,train,KQ422351,88382,+,103,0,Octopus_prebalancing.csv.gz
Octopus,KQ422521:-:282473:284879,46019,no,train,KQ422521,283826,-,78,0,Octopus_prebalancing.csv.gz
Octopus,KQ417354:-:61387:68824,14508,no,train,KQ417354,61721,-,152,0,Octopus_prebalancing.csv.gz
Octopus,KQ420932:-:15469:17233,37797,yes,train,KQ420932,15714,-,155,0.7175438596491228,Octopus_prebalancing.csv.gz
Octopus,KQ421042:+:166510:169239,38591,no,train,KQ421042,168262,+,156,0,Octopus_prebalancing.csv.gz
Octopus,KQ421721:-:299835:300483,42091,no,train,KQ421721,300343,-,65,0,Octopus_prebalancing.csv.gz
Octopus,KQ427753:+:65163:68127,59479,no,train,KQ427753,67179,+,430,0,Octopus_prebalancing.csv.gz
Octopus,KQ416788:-:74481:75947,10391,yes,train,KQ416788,74757,-,334,0.2222222222222222,Octopus_prebalancing.csv.gz
Octopus,KQ416877:-:1243348:1252014,11018,yes,train,KQ416877,1247642,-,228,0.4274193548387097,Octopus_prebalancing.csv.gz
Octopus,KQ425758:+:17266:20569,55788,yes,train,KQ425758,19042,+,292,0.8630742049469965,Octopus_prebalancing.csv.gz
Octopus,KQ418336:+:64516:66047,22712,no,train,KQ418336,66102,+,173,0,Octopus_prebalancing.csv.gz
Octopus,KQ430918:+:43280:45094,62630,yes,train,KQ430918,44997,+,296,0.8545454545454545,Octopus_prebalancing.csv.gz
Octopus,KQ415907:+:346698:348754,2696,yes,train,KQ415907,348274,+,9,0.4764705882352941,Octopus_prebalancing.csv.gz
Octopus,KQ416999:-:955994:958894,11509,no,train,KQ416999,957579,-,281,0,Octopus_prebalancing.csv.gz
Octopus,KQ419223:+:220633:230566,27981,no,train,KQ419223,227385,+,151,0,Octopus_prebalancing.csv.gz
Octopus,KQ426791:-:413779:417331,57449,no,train,KQ426791,414327,-,170,0,Octopus_prebalancing.csv.gz
Octopus,KQ426505:-:69232:70896,56930,no,train,KQ426505,69873,-,4,0,Octopus_prebalancing.csv.gz
Octopus,KQ423846:+:124969:125801,50797,no,train,KQ423846,125005,+,64,0,Octopus_prebalancing.csv.gz
Octopus,KQ418240:+:141891:142491,21826,no,train,KQ418240,142096,+,152,0,Octopus_prebalancing.csv.gz
Octopus,KQ420442:-:26593:27410,34342,no,train,KQ420442,26921,-,27,0,Octopus_prebalancing.csv.gz
Octopus,KQ419106:-:26920:31560,27339,yes,train,KQ419106,30922,-,20,0.3271028037383177,Octopus_prebalancing.csv.gz
Octopus,KQ420942:+:253753:260737,37885,no,train,KQ420942,254858,+,95,0,Octopus_prebalancing.csv.gz
Octopus,KQ419574:-:312670:313004,29623,no,train,KQ419574,312651,-,201,0,Octopus_prebalancing.csv.gz
Octopus,KQ421493:-:53586:55159,41117,no,train,KQ421493,54509,-,164,0,Octopus_prebalancing.csv.gz
Octopus,KQ415687:+:621295:623555,1040,yes,train,KQ415687,623480,+,194,0.4331210191082802,Octopus_prebalancing.csv.gz
Octopus,KQ418295:+:256001:257099,22155,no,train,KQ418295,256923,+,452,0,Octopus_prebalancing.csv.gz
Octopus,KQ415841:-:345434:348457,1971,no,train,KQ415841,347032,-,306,0,Octopus_prebalancing.csv.gz
Octopus,KQ417497:-:841461:844909,15380,no,train,KQ417497,844591,-,99,0,Octopus_prebalancing.csv.gz
Octopus,KQ420909:-:58461:62439,37576,yes,train,KQ420909,61129,-,223,0.1826086956521739,Octopus_prebalancing.csv.gz
Octopus,KQ417731:+:297906:298634,17418,no,train,KQ417731,298636,+,229,0,Octopus_prebalancing.csv.gz
Octopus,KQ426499:-:175674:176165,56767,yes,train,KQ426499,175898,-,44,0.1900826446280991,Octopus_prebalancing.csv.gz
Octopus,KQ415777:+:48820:51281,1541,yes,train,KQ415777,49421,+,170,0.1776649746192893,Octopus_prebalancing.csv.gz
Octopus,KQ420126:+:474219:480496,32260,yes,train,KQ420126,479141,+,246,0.6353711790393013,Octopus_prebalancing.csv.gz
Octopus,KQ420550:-:94093:103027,35011,no,train,KQ420550,102581,-,56,0,Octopus_prebalancing.csv.gz
Octopus,KQ419607:+:761426:764220,29999,no,train,KQ419607,764247,+,183,0,Octopus_prebalancing.csv.gz
Octopus,KQ423069:+:40459:43239,47646,yes,train,KQ423069,42392,+,467,0.5873544093178037,Octopus_prebalancing.csv.gz
Octopus,KQ422658:+:192535:194721,46287,yes,train,KQ422658,193146,+,320,0.815068493150685,Octopus_prebalancing.csv.gz
Octopus,KQ419366:+:211929:213548,28493,yes,train,KQ419366,213190,+,41,0.6541353383458647,Octopus_prebalancing.csv.gz
Octopus,KQ416616:+:2452476:2453097,8756,no,train,KQ416616,2452440,+,97,0,Octopus_prebalancing.csv.gz
Octopus,KQ419577:-:319986:321103,29803,no,train,KQ419577,321051,-,107,0,Octopus_prebalancing.csv.gz
Octopus,KQ418483:+:416342:421470,23882,yes,train,KQ418483,418715,+,87,0.8561620322691383,Octopus_prebalancing.csv.gz
Octopus,KQ419648:+:147236:149270,30158,no,train,KQ419648,149275,+,194,0,Octopus_prebalancing.csv.gz
Octopus,KQ415916:+:253400:255443,2850,yes,train,KQ415916,255350,+,251,0.2,Octopus_prebalancing.csv.gz
Octopus,KQ420428:-:122164:124440,34128,no,train,KQ420428,123874,-,50,0,Octopus_prebalancing.csv.gz
Octopus,KQ415916:+:257044:260762,2899,no,train,KQ415916,257148,+,133,0,Octopus_prebalancing.csv.gz
Octopus,KQ419500:+:684975:695320,29370,yes,train,KQ419500,687103,+,206,0.3359173126614987,Octopus_prebalancing.csv.gz
Octopus,KQ415960:+:45558:53429,3779,no,train,KQ415960,49361,+,276,0,Octopus_prebalancing.csv.gz
Octopus,KQ420579:+:292710:297325,35039,yes,train,KQ420579,296533,+,188,0.6875,Octopus_prebalancing.csv.gz
Octopus,KQ417318:-:213492:213693,14048,no,train,KQ417318,213719,-,16,0,Octopus_prebalancing.csv.gz
Octopus,KQ425262:+:23720:24872,54297,yes,train,KQ425262,24476,+,68,0.2441860465116279,Octopus_prebalancing.csv.gz
Octopus,KQ416499:-:257027:258284,7728,no,train,KQ416499,257344,-,155,0,Octopus_prebalancing.csv.gz
Octopus,KQ425412:-:23488:31286,54849,yes,train,KQ425412,24080,-,85,0.3484251968503937,Octopus_prebalancing.csv.gz
Octopus,KQ423069:+:44699:48554,47719,yes,train,KQ423069,47024,+,55,0.4121621621621621,Octopus_prebalancing.csv.gz
Octopus,KQ424476:-:16733:20188,52290,yes,train,KQ424476,19912,-,159,0.8737864077669902,Octopus_prebalancing.csv.gz
Octopus,KQ428118:-:8307:9238,60022,yes,train,KQ428118,9160,-,90,0.1616161616161616,Octopus_prebalancing.csv.gz
Octopus,KQ423217:-:284791:286709,48121,no,train,KQ423217,286271,-,76,0,Octopus_prebalancing.csv.gz
Octopus,KQ415951:+:107290:108224,3628,no,train,KQ415951,108073,+,282,0,Octopus_prebalancing.csv.gz
Octopus,KQ427174:-:5830:9422,58829,yes,train,KQ427174,6609,-,277,0.180327868852459,Octopus_prebalancing.csv.gz
Octopus,KQ417620:-:314872:315736,15930,yes,train,KQ417620,315020,-,595,0.7547169811320755,Octopus_prebalancing.csv.gz
Octopus,KQ430702:-:8638:10120,62453,no,train,KQ430702,9849,-,147,0,Octopus_prebalancing.csv.gz
Octopus,KQ418355:-:185490:188365,22771,yes,train,KQ418355,185764,-,350,0.8480392156862745,Octopus_prebalancing.csv.gz
Octopus,KQ422866:-:193298:197038,47027,no,train,KQ422866,194639,-,214,0,Octopus_prebalancing.csv.gz
Octopus,KQ426659:+:67219:73481,57275,yes,train,KQ426659,68270,+,90,0.1967213114754098,Octopus_prebalancing.csv.gz
Octopus,KQ419409:+:573761:574041,28806,no,train,KQ419409,573733,+,52,0,Octopus_prebalancing.csv.gz
Octopus,KQ418322:-:535563:541280,22442,no,train,KQ418322,540189,-,195,0,Octopus_prebalancing.csv.gz
Octopus,KQ420909:-:58461:62439,37545,yes,train,KQ420909,61027,-,331,0.2840236686390532,Octopus_prebalancing.csv.gz
Octopus,KQ421143:+:354283:363501,39321,no,train,KQ421143,360675,+,184,0,Octopus_prebalancing.csv.gz
Octopus,KQ420696:-:253030:256282,36306,no,train,KQ420696,253184,-,334,0,Octopus_prebalancing.csv.gz
Octopus,KQ420660:+:206788:209565,35621,no,train,KQ420660,207954,+,479,0,Octopus_prebalancing.csv.gz
Octopus,KQ420153:-:20390:23631,32744,yes,train,KQ420153,22549,-,7,0.2507122507122507,Octopus_prebalancing.csv.gz
Octopus,KQ418200:+:61525:63624,21711,yes,train,KQ418200,61844,+,30,0.8376068376068376,Octopus_prebalancing.csv.gz
Octopus,KQ420796:-:186152:188342,36823,no,train,KQ420796,187302,-,154,0,Octopus_prebalancing.csv.gz
Octopus,KQ420348:-:79805:80375,33651,no,train,KQ420348,79722,-,432,0,Octopus_prebalancing.csv.gz
Octopus,KQ419858:+:187601:189009,30483,no,train,KQ419858,187755,+,165,0,Octopus_prebalancing.csv.gz
Octopus,KQ425655:-:319821:321341,55640,no,train,KQ425655,320910,-,204,0,Octopus_prebalancing.csv.gz
Octopus,KQ433339:+:27883:36851,63866,yes,train,KQ433339,28318,+,267,0.8863636363636364,Octopus_prebalancing.csv.gz
Octopus,KQ416188:+:304409:307535,5150,yes,train,KQ416188,307159,+,36,0.7296037296037297,Octopus_prebalancing.csv.gz
Octopus,KQ419203:-:39965:40712,27819,yes,train,KQ419203,40157,-,386,0.976878612716763,Octopus_prebalancing.csv.gz
Octopus,KQ426154:-:133824:136253,56262,no,train,KQ426154,136296,-,15,0,Octopus_prebalancing.csv.gz
Octopus,KQ422738:-:37291:40054,46560,yes,train,KQ422738,39007,-,86,0.9032258064516128,Octopus_prebalancing.csv.gz
Octopus,KQ420505:-:309677:312029,34787,yes,train,KQ420505,311406,-,243,0.1911764705882352,Octopus_prebalancing.csv.gz
Octopus,KQ421906:+:426581:427321,43624,no,train,KQ421906,426534,+,138,0,Octopus_prebalancing.csv.gz
Octopus,KQ421724:+:261169:261574,42179,no,train,KQ421724,261483,+,165,0,Octopus_prebalancing.csv.gz
Octopus,KQ421217:-:75990:76821,39643,no,train,KQ421217,76272,-,269,0,Octopus_prebalancing.csv.gz
Octopus,KQ419098:-:224612:226065,27079,yes,train,KQ419098,225746,-,158,0.8157894736842105,Octopus_prebalancing.csv.gz
Octopus,KQ422794:+:191198:193984,46718,yes,train,KQ422794,191990,+,338,1,Octopus_prebalancing.csv.gz
Octopus,KQ415659:+:1944407:1946585,146,no,train,KQ415659,1945845,+,259,0,Octopus_prebalancing.csv.gz
Octopus,KQ420439:-:206479:216794,34224,yes,train,KQ420439,214870,-,54,0.4183266932270916,Octopus_prebalancing.csv.gz
Octopus,KQ423432:-:121344:123030,48723,yes,train,KQ423432,121694,-,11,0.3967828418230563,Octopus_prebalancing.csv.gz
Octopus,KQ426495:+:180934:181576,56625,no,train,KQ426495,181582,+,237,0,Octopus_prebalancing.csv.gz
Octopus,KQ425946:-:28543:30688,56103,no,train,KQ425946,30472,-,82,0,Octopus_prebalancing.csv.gz
Octopus,KQ418900:-:420808:421676,26369,no,train,KQ418900,421250,-,119,0,Octopus_prebalancing.csv.gz
Octopus,KQ429470:-:172102:172709,61412,yes,train,KQ429470,172709,-,8,0.4303030303030303,Octopus_prebalancing.csv.gz
Octopus,KQ415669:+:30162:32210,352,no,train,KQ415669,31402,+,189,0,Octopus_prebalancing.csv.gz
Octopus,KQ420902:-:23907:28446,37446,yes,train,KQ420902,25063,-,285,0.9285714285714286,Octopus_prebalancing.csv.gz
Octopus,KQ419326:+:326078:326759,28274,yes,train,KQ419326,326697,+,220,0.9364161849710982,Octopus_prebalancing.csv.gz
Octopus,KQ426339:-:30414:32503,56518,no,train,KQ426339,32221,-,28,0,Octopus_prebalancing.csv.gz
Octopus,KQ423631:-:133207:139083,50086,yes,train,KQ423631,138669,-,6,0.2622950819672131,Octopus_prebalancing.csv.gz
Octopus,KQ418900:-:420808:421676,26362,no,train,KQ418900,421222,-,147,0,Octopus_prebalancing.csv.gz
Octopus,KQ416194:-:389223:393444,5379,no,train,KQ416194,389850,-,37,0,Octopus_prebalancing.csv.gz
Octopus,KQ422521:-:282473:284879,46025,no,train,KQ422521,283848,-,56,0,Octopus_prebalancing.csv.gz
Octopus,KQ420545:+:140681:144446,34945,yes,train,KQ420545,141608,+,243,0.1553398058252427,Octopus_prebalancing.csv.gz
Octopus,KQ421375:-:86931:88834,40632,yes,train,KQ421375,88093,-,50,0.6813725490196079,Octopus_prebalancing.csv.gz
Octopus,KQ419973:+:575758:577898,30921,no,train,KQ419973,575969,+,73,0,Octopus_prebalancing.csv.gz
Octopus,KQ418459:+:176850:178358,23807,no,train,KQ418459,177666,+,201,0,Octopus_prebalancing.csv.gz
Octopus,KQ421117:+:1266315:1274800,39034,yes,train,KQ421117,1272890,+,251,0.9801980198019802,Octopus_prebalancing.csv.gz
Octopus,KQ417819:+:73313:77380,17908,yes,train,KQ417819,77235,+,479,0.3893805309734513,Octopus_prebalancing.csv.gz
Octopus,KQ430226:+:39098:42554,61885,yes,train,KQ430226,39316,+,97,0.5207547169811321,Octopus_prebalancing.csv.gz
Octopus,KQ423069:+:44699:48554,47706,no,train,KQ423069,46986,+,17,0,Octopus_prebalancing.csv.gz
Octopus,KQ421338:-:574795:575471,40065,no,train,KQ421338,575190,-,125,0,Octopus_prebalancing.csv.gz
Octopus,KQ418535:-:294754:296669,24359,no,train,KQ418535,294769,-,247,0,Octopus_prebalancing.csv.gz
Octopus,KQ421724:+:261169:261574,42170,no,train,KQ421724,261467,+,149,0,Octopus_prebalancing.csv.gz
Octopus,KQ420909:-:58461:62439,37589,yes,train,KQ420909,61193,-,159,0.6865671641791045,Octopus_prebalancing.csv.gz
Octopus,KQ426659:+:67219:73481,57286,yes,train,KQ426659,68340,+,160,0.888,Octopus_prebalancing.csv.gz
Octopus,KQ430251:+:13943:16469,62027,yes,train,KQ430251,15191,+,35,0.9347826086956522,Octopus_prebalancing.csv.gz
Octopus,KQ416765:+:257582:260724,10164,no,train,KQ416765,259779,+,90,0,Octopus_prebalancing.csv.gz
Octopus,KQ417540:+:31885:32817,15704,no,train,KQ417540,32004,+,262,0,Octopus_prebalancing.csv.gz
Octopus,KQ421824:+:10936:13182,43297,no,train,KQ421824,12454,+,178,0,Octopus_prebalancing.csv.gz
Octopus,KQ419009:+:45447:45868,26711,no,train,KQ419009,45655,+,296,0,Octopus_prebalancing.csv.gz
Octopus,KQ415854:+:99135:104952,2141,no,train,KQ415854,104845,+,152,0,Octopus_prebalancing.csv.gz
Octopus,KQ416616:+:2452476:2453097,8759,no,train,KQ416616,2452444,+,101,0,Octopus_prebalancing.csv.gz
Octopus,KQ416454:-:210630:218397,7428,no,train,KQ416454,217539,-,327,0,Octopus_prebalancing.csv.gz
Octopus,KQ415669:+:30162:32210,338,no,train,KQ415669,31374,+,161,0,Octopus_prebalancing.csv.gz
Octopus,KQ416491:-:495583:498599,7626,yes,train,KQ416491,495625,-,252,0.6673306772908366,Octopus_prebalancing.csv.gz
Octopus,KQ420776:+:373017:378761,36689,no,train,KQ420776,377445,+,153,0,Octopus_prebalancing.csv.gz
Octopus,KQ424157:+:280452:292949,51573,yes,train,KQ424157,287343,+,44,0.361344537815126,Octopus_prebalancing.csv.gz
Octopus,KQ424476:-:16733:20188,52280,yes,train,KQ424476,19851,-,220,0.175,Octopus_prebalancing.csv.gz
Octopus,KQ423912:+:27184:28834,51190,yes,train,KQ423912,28063,+,173,0.9714285714285714,Octopus_prebalancing.csv.gz
Octopus,KQ421217:-:75990:76821,39691,no,train,KQ421217,76763,-,119,0,Octopus_prebalancing.csv.gz
Octopus,KQ427922:+:53789:55100,59711,no,train,KQ427922,54958,+,72,0,Octopus_prebalancing.csv.gz
Octopus,KQ419574:-:312670:313004,29659,no,train,KQ419574,312949,-,87,0,Octopus_prebalancing.csv.gz
Octopus,KQ428460:-:15526:18845,60309,yes,train,KQ428460,17044,-,123,0.9475524475524476,Octopus_prebalancing.csv.gz
Octopus,KQ427587:+:206953:208278,59279,no,train,KQ427587,208294,+,210,0,Octopus_prebalancing.csv.gz
Octopus,KQ417303:-:32605:35670,13973,yes,train,KQ417303,33907,-,37,0.775840597758406,Octopus_prebalancing.csv.gz
Octopus,KQ423574:-:83008:86955,49725,yes,train,KQ423574,83177,-,182,0.6007326007326007,Octopus_prebalancing.csv.gz
Octopus,KQ425412:-:23488:31286,54828,yes,train,KQ425412,24036,-,129,0.3081081081081081,Octopus_prebalancing.csv.gz
Octopus,KQ427949:-:158012:164712,59782,no,train,KQ427949,163773,-,55,0,Octopus_prebalancing.csv.gz
Octopus,KQ416788:-:74481:75947,10347,yes,train,KQ416788,74649,-,442,0.7801418439716312,Octopus_prebalancing.csv.gz
Octopus,KQ421217:-:75990:76821,39673,no,train,KQ421217,76732,-,150,0,Octopus_prebalancing.csv.gz
Octopus,KQ423069:+:40459:43239,47615,yes,train,KQ423069,42271,+,343,0.7819025522041764,Octopus_prebalancing.csv.gz
Octopus,KQ419199:+:17614:19923,27801,yes,train,KQ419199,18784,+,371,0.6633663366336634,Octopus_prebalancing.csv.gz
Octopus,KQ417763:+:397070:401152,17433,yes,train,KQ417763,400561,+,23,1,Octopus_prebalancing.csv.gz
Octopus,KQ421758:+:240289:242289,42408,yes,train,KQ421758,241384,+,49,0.352,Octopus_prebalancing.csv.gz
Octopus,KQ423868:-:105653:108514,50846,yes,train,KQ423868,106578,-,254,0.4014084507042254,Octopus_prebalancing.csv.gz
Octopus,KQ420909:-:58461:62439,37577,yes,train,KQ420909,61142,-,210,0.9910714285714286,Octopus_prebalancing.csv.gz
Octopus,KQ416171:+:192715:198630,4823,no,train,KQ416171,194733,+,47,0,Octopus_prebalancing.csv.gz
Octopus,KQ415777:+:48820:51281,1618,no,train,KQ415777,49694,+,363,0,Octopus_prebalancing.csv.gz
Octopus,KQ416738:+:179376:181420,9999,no,train,KQ416738,181252,+,69,0,Octopus_prebalancing.csv.gz
Octopus,KQ415949:+:90071:94630,3529,yes,train,KQ415949,93751,+,339,0.8450704225352113,Octopus_prebalancing.csv.gz
Octopus,KQ416478:-:33961:35095,7541,yes,train,KQ416478,34395,-,243,0.2616822429906542,Octopus_prebalancing.csv.gz
Octopus,KQ427059:+:265359:268626,58354,no,train,KQ427059,265818,+,88,0,Octopus_prebalancing.csv.gz
Octopus,KQ425262:-:63008:70787,54403,yes,train,KQ425262,68693,-,273,0.1512605042016806,Octopus_prebalancing.csv.gz
Octopus,KQ417062:+:126881:128514,12019,no,train,KQ417062,128389,+,305,0,Octopus_prebalancing.csv.gz
Octopus,KQ416766:-:4974:6044,10215,no,train,KQ416766,5051,-,921,0,Octopus_prebalancing.csv.gz
Octopus,KQ416338:-:608611:614029,6969,no,train,KQ416338,609523,-,211,0,Octopus_prebalancing.csv.gz
Octopus,KQ425067:-:59117:68620,53644,no,train,KQ425067,60935,-,313,0,Octopus_prebalancing.csv.gz
Octopus,KQ420942:+:253753:260737,37877,no,train,KQ420942,254842,+,79,0,Octopus_prebalancing.csv.gz
Octopus,KQ417636:-:68657:71640,16366,no,train,KQ417636,69508,-,232,0,Octopus_prebalancing.csv.gz
Octopus,KQ423217:-:284791:286709,48079,no,train,KQ423217,284814,-,272,0,Octopus_prebalancing.csv.gz
Octopus,KQ423069:+:80845:85639,47782,yes,train,KQ423069,81642,+,76,0.4505494505494505,Octopus_prebalancing.csv.gz
Octopus,KQ419973:+:575758:577898,30905,no,train,KQ419973,575927,+,31,0,Octopus_prebalancing.csv.gz
Octopus,KQ422502:+:30727:33827,45895,no,train,KQ422502,32225,+,215,0,Octopus_prebalancing.csv.gz
Octopus,KQ420776:+:373017:378761,36670,yes,train,KQ420776,377406,+,114,0.9296296296296296,Octopus_prebalancing.csv.gz
Octopus,KQ419593:-:1573:3918,29973,yes,train,KQ419593,3112,-,42,0.3959390862944162,Octopus_prebalancing.csv.gz
Octopus,KQ420439:-:206479:216794,34230,yes,train,KQ420439,214902,-,22,0.2541666666666666,Octopus_prebalancing.csv.gz
Octopus,KQ423248:-:278570:280112,48229,no,train,KQ423248,279244,-,247,0,Octopus_prebalancing.csv.gz
Octopus,KQ423509:-:57830:68774,49150,no,train,KQ423509,62324,-,227,0,Octopus_prebalancing.csv.gz
Octopus,KQ420261:+:1151455:1153527,33074,no,train,KQ420261,1153456,+,386,0,Octopus_prebalancing.csv.gz
Octopus,KQ427812:-:11379:11735,59550,yes,train,KQ427812,11644,-,53,0.3661417322834646,Octopus_prebalancing.csv.gz
Octopus,KQ426659:+:67219:73481,57334,yes,train,KQ426659,72106,+,402,0.2671232876712329,Octopus_prebalancing.csv.gz
Octopus,KQ416194:-:389223:393444,5385,no,train,KQ416194,389863,-,24,0,Octopus_prebalancing.csv.gz
Octopus,KQ423069:+:40459:43239,47503,yes,train,KQ423069,42012,+,84,0.3736526946107784,Octopus_prebalancing.csv.gz
Octopus,KQ425946:-:28543:30688,56093,no,train,KQ425946,30445,-,109,0,Octopus_prebalancing.csv.gz
Octopus,KQ426505:-:69232:70896,56852,yes,train,KQ426505,69432,-,348,0.7990654205607477,Octopus_prebalancing.csv.gz
Octopus,KQ423384:-:323447:334825,48532,no,train,KQ423384,325809,-,138,0,Octopus_prebalancing.csv.gz
Octopus,KQ423069:+:80845:85639,47793,yes,train,KQ423069,81681,+,115,0.1633165829145728,Octopus_prebalancing.csv.gz
Octopus,KQ417300:+:2429385:2432147,13788,no,train,KQ417300,2430307,+,198,0,Octopus_prebalancing.csv.gz
Octopus,KQ420348:-:79805:80375,33681,no,train,KQ420348,79809,-,345,0,Octopus_prebalancing.csv.gz
Octopus,KQ416235:-:90868:101227,5974,no,train,KQ416235,95101,-,29,0,Octopus_prebalancing.csv.gz
Octopus,KQ418571:+:564763:566766,24696,no,train,KQ418571,565364,+,15,0,Octopus_prebalancing.csv.gz
Octopus,KQ417300:+:2429385:2432147,13818,yes,train,KQ417300,2430398,+,289,0.8121212121212121,Octopus_prebalancing.csv.gz
Octopus,KQ421493:-:53586:55159,41110,no,train,KQ421493,54485,-,188,0,Octopus_prebalancing.csv.gz
Octopus,KQ421265:-:217835:220132,39875,no,train,KQ421265,219278,-,175,0,Octopus_prebalancing.csv.gz
Octopus,KQ416766:-:4974:6044,10208,yes,train,KQ416766,5014,-,958,0.7348484848484849,Octopus_prebalancing.csv.gz
Octopus,KQ422245:+:81496:84013,44742,yes,train,KQ422245,81827,+,195,0.324582338902148,Octopus_prebalancing.csv.gz
Octopus,KQ415775:-:404717:412300,1456,no,train,KQ415775,410400,-,307,0,Octopus_prebalancing.csv.gz
Octopus,KQ419648:+:147236:149270,30123,no,train,KQ419648,149187,+,106,0,Octopus_prebalancing.csv.gz
Octopus,KQ432638:+:110684:118491,63562,no,train,KQ432638,116542,+,160,0,Octopus_prebalancing.csv.gz
Octopus,KQ417636:-:68657:71640,16385,no,train,KQ417636,69577,-,163,0,Octopus_prebalancing.csv.gz
Octopus,KQ417062:+:126881:128514,12006,yes,train,KQ417062,128350,+,266,0.8333333333333334,Octopus_prebalancing.csv.gz
Octopus,KQ422658:+:192535:194721,46292,yes,train,KQ422658,193158,+,332,0.6717557251908397,Octopus_prebalancing.csv.gz
Octopus,KQ425289:-:310152:313829,54638,yes,train,KQ425289,313357,-,21,0.3178807947019867,Octopus_prebalancing.csv.gz
Octopus,KQ418900:-:485296:490211,26439,yes,train,KQ418900,486913,-,602,0.3312883435582822,Octopus_prebalancing.csv.gz
Octopus,KQ420153:-:20390:23631,32689,no,train,KQ420153,22286,-,217,0,Octopus_prebalancing.csv.gz
Octopus,KQ417824:+:996158:998152,17946,no,train,KQ417824,996769,+,111,0,Octopus_prebalancing.csv.gz
Octopus,KQ422502:+:30727:33827,45838,no,train,KQ422502,30825,+,36,0,Octopus_prebalancing.csv.gz
Octopus,KQ417917:-:145066:150944,18635,yes,train,KQ417917,147100,-,330,0.8888888888888888,Octopus_prebalancing.csv.gz
Octopus,KQ420932:-:15469:17233,37845,yes,train,KQ420932,16389,-,11,0.3395225464190981,Octopus_prebalancing.csv.gz
Octopus,KQ426259:+:186651:188364,56348,yes,train,KQ426259,186702,+,61,0.4759358288770053,Octopus_prebalancing.csv.gz
Octopus,KQ418156:+:278001:279695,20652,no,train,KQ418156,278704,+,174,0,Octopus_prebalancing.csv.gz
Octopus,KQ417945:-:626288:629791,19067,no,train,KQ417945,629244,-,177,0,Octopus_prebalancing.csv.gz
Octopus,KQ422268:-:114991:116252,45122,yes,train,KQ422268,116119,-,172,0.3067226890756303,Octopus_prebalancing.csv.gz
Octopus,KQ416766:-:4974:6044,10224,no,train,KQ416766,5145,-,827,0,Octopus_prebalancing.csv.gz
Octopus,KQ428413:+:18316:20220,60212,no,train,KQ428413,19925,+,60,0,Octopus_prebalancing.csv.gz
Octopus,KQ417731:+:297906:298634,17379,yes,train,KQ417731,298503,+,90,0.3683083511777302,Octopus_prebalancing.csv.gz
Octopus,KQ417538:+:78848:83461,15621,no,train,KQ417538,83034,+,261,0,Octopus_prebalancing.csv.gz
Octopus,KQ430889:-:120538:121611,62517,yes,train,KQ430889,121039,-,336,0.2946175637393767,Octopus_prebalancing.csv.gz
Octopus,KQ421265:-:217835:220132,39911,no,train,KQ421265,220014,-,72,0,Octopus_prebalancing.csv.gz
Octopus,KQ421988:-:89381:94206,43660,no,train,KQ421988,90437,-,198,0,Octopus_prebalancing.csv.gz
Octopus,KQ415863:-:106598:111978,2282,no,train,KQ415863,107097,-,134,0,Octopus_prebalancing.csv.gz
Octopus,KQ418900:-:485296:490211,26450,no,train,KQ418900,486957,-,558,0,Octopus_prebalancing.csv.gz
Octopus,KQ419413:-:54882:56621,28887,yes,train,KQ419413,55541,-,369,0.2881944444444444,Octopus_prebalancing.csv.gz
Octopus,KQ428371:-:65206:71009,60145,yes,train,KQ428371,70036,-,371,0.7704918032786885,Octopus_prebalancing.csv.gz
Octopus,KQ425758:+:17266:20569,55763,no,train,KQ425758,18941,+,191,0,Octopus_prebalancing.csv.gz
Octopus,KQ416839:-:149278:151954,10884,no,train,KQ416839,149263,-,302,0,Octopus_prebalancing.csv.gz
Octopus,KQ421117:-:1800705:1801920,39071,yes,train,KQ421117,1801048,-,320,0.2203856749311294,Octopus_prebalancing.csv.gz
Octopus,KQ426505:-:69232:70896,56804,yes,train,KQ426505,69296,-,484,0.5673076923076923,Octopus_prebalancing.csv.gz
Octopus,KQ416929:+:777857:781590,11179,yes,train,KQ416929,778571,+,196,0.3568627450980392,Octopus_prebalancing.csv.gz
Octopus,KQ417877:-:367901:377631,18301,no,train,KQ417877,374275,-,44,0,Octopus_prebalancing.csv.gz
Octopus,KQ416171:+:192715:198630,4841,no,train,KQ416171,197536,+,135,0,Octopus_prebalancing.csv.gz
Octopus,KQ420776:-:126654:127969,36566,yes,train,KQ420776,127148,-,183,0.2850318471337579,Octopus_prebalancing.csv.gz
Octopus,KQ416929:+:777857:781590,11207,yes,train,KQ416929,778675,+,300,0.2035225048923679,Octopus_prebalancing.csv.gz
Octopus,KQ422138:+:334200:339109,44320,no,train,KQ422138,336535,+,161,0,Octopus_prebalancing.csv.gz
Octopus,KQ416616:+:2452476:2453097,8738,no,train,KQ416616,2452406,+,63,0,Octopus_prebalancing.csv.gz
Octopus,KQ417110:+:99458:100489,12224,no,train,KQ417110,99588,+,143,0,Octopus_prebalancing.csv.gz
Octopus,KQ418644:+:598199:603528,25130,no,train,KQ418644,601485,+,181,0,Octopus_prebalancing.csv.gz
Octopus,KQ417238:+:79035:88341,12960,no,train,KQ417238,86598,+,42,0,Octopus_prebalancing.csv.gz
Octopus,KQ420055:+:851865:852098,31648,no,train,KQ420055,851868,+,11,0,Octopus_prebalancing.csv.gz
Octopus,KQ417620:-:314872:315736,15962,yes,train,KQ417620,315121,-,494,0.2926829268292683,Octopus_prebalancing.csv.gz
Octopus,KQ418873:+:627338:632183,26173,yes,train,KQ418873,629257,+,418,0.5144508670520231,Octopus_prebalancing.csv.gz
Octopus,KQ421375:-:86931:88834,40578,yes,train,KQ421375,87974,-,169,0.4222972972972973,Octopus_prebalancing.csv.gz
Octopus,KQ416582:+:69166:70237,8129,no,train,KQ416582,69467,+,9,0,Octopus_prebalancing.csv.gz
Octopus,KQ417245:+:359507:360722,13283,yes,train,KQ417245,360204,+,603,0.4451612903225806,Octopus_prebalancing.csv.gz
Octopus,KQ424476:-:16733:20188,52279,yes,train,KQ424476,19849,-,222,0.1964285714285714,Octopus_prebalancing.csv.gz
Octopus,KQ418200:+:61525:63624,21719,yes,train,KQ418200,61879,+,65,0.4267515923566879,Octopus_prebalancing.csv.gz
Octopus,KQ419092:+:247062:248393,26932,yes,train,KQ419092,248248,+,274,0.3272490221642764,Octopus_prebalancing.csv.gz
Octopus,KQ417636:-:68657:71640,16425,no,train,KQ417636,69827,-,33,0,Octopus_prebalancing.csv.gz
Octopus,KQ416616:-:2448886:2456080,8848,yes,train,KQ416616,2452933,-,248,0.3421052631578947,Octopus_prebalancing.csv.gz
Octopus,KQ417620:-:314872:315736,15919,yes,train,KQ417620,314983,-,632,0.1939163498098859,Octopus_prebalancing.csv.gz
Octopus,KQ418636:+:32090:35874,24937,yes,train,KQ418636,34755,+,70,0.2054794520547945,Octopus_prebalancing.csv.gz
Octopus,KQ420690:-:166278:172996,36202,no,train,KQ420690,166978,-,282,0,Octopus_prebalancing.csv.gz
Octopus,KQ420992:-:72392:77664,38336,yes,train,KQ420992,76634,-,113,0.2024390243902439,Octopus_prebalancing.csv.gz
Octopus,KQ423069:+:80845:85639,47830,no,train,KQ423069,82008,+,287,0,Octopus_prebalancing.csv.gz
Octopus,KQ417303:-:32605:35670,13923,yes,train,KQ417303,33717,-,233,0.7971698113207547,Octopus_prebalancing.csv.gz
Octopus,KQ416594:-:25583:31375,8329,yes,train,KQ416594,29476,-,259,0.9145299145299144,Octopus_prebalancing.csv.gz
Octopus,KQ420166:-:246576:253851,32913,no,train,KQ420166,247697,-,167,0,Octopus_prebalancing.csv.gz
Octopus,KQ419098:-:224612:226065,27117,yes,train,KQ419098,225857,-,47,0.4691943127962085,Octopus_prebalancing.csv.gz
Octopus,KQ421824:+:10936:13182,43280,no,train,KQ421824,12284,+,8,0,Octopus_prebalancing.csv.gz
Octopus,KQ421656:-:287924:292121,41772,yes,train,KQ421656,289854,-,332,0.1564625850340136,Octopus_prebalancing.csv.gz
Octopus,KQ423384:-:323447:334825,48534,no,train,KQ423384,325817,-,130,0,Octopus_prebalancing.csv.gz
Octopus,KQ426567:+:210652:218594,57189,no,train,KQ426567,212852,+,181,0,Octopus_prebalancing.csv.gz
Octopus,KQ416616:+:2452476:2453097,8745,no,train,KQ416616,2452423,+,80,0,Octopus_prebalancing.csv.gz
Octopus,KQ416002:+:145389:145843,3959,yes,train,KQ416002,145463,+,83,0.4472049689440994,Octopus_prebalancing.csv.gz
Octopus,KQ420828:-:1590008:1590392,37227,yes,train,KQ420828,1590249,-,87,0.8403361344537815,Octopus_prebalancing.csv.gz
Octopus,KQ417911:+:93484:94946,18518,no,train,KQ417911,94978,+,188,0,Octopus_prebalancing.csv.gz
Octopus,KQ420690:-:166278:172996,36244,yes,train,KQ420690,170813,-,156,0.2480620155038759,Octopus_prebalancing.csv.gz
Octopus,KQ419199:+:17614:19923,27726,no,train,KQ419199,18115,+,141,0,Octopus_prebalancing.csv.gz
Octopus,KQ421721:-:695890:699523,42133,yes,train,KQ421721,696536,-,276,0.4158415841584158,Octopus_prebalancing.csv.gz
Octopus,KQ424629:-:128331:133319,52715,yes,train,KQ424629,130575,-,50,0.1983471074380165,Octopus_prebalancing.csv.gz
Octopus,KQ428981:-:169360:173915,61236,no,train,KQ428981,172983,-,10,0,Octopus_prebalancing.csv.gz
Octopus,KQ429763:+:224888:229203,61456,no,train,KQ429763,224808,+,31,0,Octopus_prebalancing.csv.gz
Octopus,KQ421338:-:574795:575471,40040,no,train,KQ421338,575046,-,276,0,Octopus_prebalancing.csv.gz
Octopus,KQ419409:+:573761:574041,28863,no,train,KQ419409,573901,+,212,0,Octopus_prebalancing.csv.gz
Octopus,KQ418336:+:64516:66047,22700,no,train,KQ418336,66078,+,149,0,Octopus_prebalancing.csv.gz
Octopus,KQ417112:-:598933:605464,12454,yes,train,KQ417112,604655,-,39,0.8031319910514542,Octopus_prebalancing.csv.gz
Octopus,KQ420642:-:200769:201948,35411,yes,train,KQ420642,201023,-,272,0.25625,Octopus_prebalancing.csv.gz
Octopus,KQ423069:+:40459:43239,47593,no,train,KQ423069,42218,+,290,0,Octopus_prebalancing.csv.gz
Octopus,KQ416602:+:583030:590328,8518,yes,train,KQ416602,589231,+,327,0.1618497109826589,Octopus_prebalancing.csv.gz
Octopus,KQ421638:+:482367:484785,41695,yes,train,KQ421638,484232,+,132,0.1564885496183206,Octopus_prebalancing.csv.gz
Octopus,KQ419326:-:650273:654129,28339,no,train,KQ419326,653023,-,17,0,Octopus_prebalancing.csv.gz
Octopus,KQ419640:-:151391:151719,30083,no,train,KQ419640,151732,-,3,0,Octopus_prebalancing.csv.gz
Octopus,KQ427174:-:5830:9422,58822,no,train,KQ427174,6600,-,286,0,Octopus_prebalancing.csv.gz
Octopus,KQ416198:-:342313:344617,5573,no,train,KQ416198,343590,-,125,0,Octopus_prebalancing.csv.gz
Octopus,KQ421638:+:30744:34531,41428,no,train,KQ421638,32053,+,4,0,Octopus_prebalancing.csv.gz
Octopus,KQ419366:+:211929:213548,28508,yes,train,KQ419366,213275,+,126,0.2663934426229508,Octopus_prebalancing.csv.gz
Octopus,KQ423868:-:105653:108514,50912,yes,train,KQ423868,106819,-,18,0.2061068702290076,Octopus_prebalancing.csv.gz
Octopus,KQ418094:-:30300:36557,20312,no,train,KQ418094,31143,-,236,0,Octopus_prebalancing.csv.gz
Octopus,KQ420776:+:373017:378761,36671,no,train,KQ420776,377408,+,116,0,Octopus_prebalancing.csv.gz
Octopus,KQ421758:-:260871:261476,42548,yes,train,KQ421758,261334,-,180,0.4586538461538461,Octopus_prebalancing.csv.gz
Octopus,KQ418370:+:78568:78724,23082,no,train,KQ418370,78737,+,244,0,Octopus_prebalancing.csv.gz
Octopus,KQ426259:+:186651:188364,56372,yes,train,KQ426259,186740,+,99,0.3221153846153846,Octopus_prebalancing.csv.gz
Octopus,KQ418040:-:368521:375250,19817,yes,train,KQ418040,368622,-,357,0.2352941176470588,Octopus_prebalancing.csv.gz
Octopus,KQ419333:-:48712:50653,28357,no,train,KQ419333,48826,-,419,0,Octopus_prebalancing.csv.gz
Octopus,KQ420696:-:253030:256282,36324,no,train,KQ420696,253272,-,246,0,Octopus_prebalancing.csv.gz
Octopus,KQ422595:-:182014:185348,46129,no,train,KQ422595,183748,-,187,0,Octopus_prebalancing.csv.gz
Octopus,KQ417670:+:106541:109344,16616,yes,train,KQ417670,108032,+,294,0.3835616438356164,Octopus_prebalancing.csv.gz
Octopus,KQ416404:-:273714:275131,7196,yes,train,KQ416404,274509,-,174,0.7739130434782608,Octopus_prebalancing.csv.gz
Octopus,KQ420690:-:106079:111818,36055,yes,train,KQ420690,107171,-,241,0.7761194029850746,Octopus_prebalancing.csv.gz
Octopus,KQ425344:-:44324:44490,54777,no,train,KQ425344,44543,-,29,0,Octopus_prebalancing.csv.gz
Octopus,KQ425262:+:23720:24872,54325,yes,train,KQ425262,24806,+,162,0.2660550458715596,Octopus_prebalancing.csv.gz
Octopus,KQ415916:+:253400:255443,2863,yes,train,KQ415916,255404,+,305,0.5210084033613446,Octopus_prebalancing.csv.gz
Octopus,KQ416582:+:69166:70237,8133,no,train,KQ416582,69478,+,20,0,Octopus_prebalancing.csv.gz
Octopus,KQ415952:-:300894:302128,3650,yes,train,KQ415952,300943,-,160,0.9543859649122808,Octopus_prebalancing.csv.gz
Octopus,KQ420080:+:468005:470274,31768,no,train,KQ420080,468645,+,9,0,Octopus_prebalancing.csv.gz
Octopus,KQ419281:+:554403:559442,28123,yes,train,KQ419281,556594,+,243,0.2314814814814814,Octopus_prebalancing.csv.gz
Octopus,KQ417620:+:1325507:1327799,16108,no,train,KQ417620,1326641,+,13,0,Octopus_prebalancing.csv.gz
Octopus,KQ418900:-:485296:490211,26480,no,train,KQ418900,487134,-,381,0,Octopus_prebalancing.csv.gz
Octopus,KQ419413:-:54882:56621,28945,yes,train,KQ419413,55836,-,92,0.6792452830188679,Octopus_prebalancing.csv.gz
Octopus,KQ422036:+:963421:964986,44227,no,train,KQ422036,964776,+,279,0,Octopus_prebalancing.csv.gz
Octopus,KQ422521:-:282473:284879,46003,no,train,KQ422521,283786,-,118,0,Octopus_prebalancing.csv.gz
Octopus,KQ432655:+:16767:18619,63597,no,train,KQ432655,17388,+,343,0,Octopus_prebalancing.csv.gz
Octopus,KQ420642:-:200769:201948,35415,yes,train,KQ420642,201033,-,262,0.240506329113924,Octopus_prebalancing.csv.gz
Octopus,KQ420776:+:373017:378761,36711,yes,train,KQ420776,377538,+,250,0.5623678646934461,Octopus_prebalancing.csv.gz
Octopus,KQ418420:-:72827:73422,23382,yes,train,KQ418420,72944,-,363,0.3672316384180791,Octopus_prebalancing.csv.gz
Octopus,KQ422458:-:98826:101081,45535,yes,train,KQ422458,99858,-,230,0.2173076923076923,Octopus_prebalancing.csv.gz
Octopus,KQ425538:-:3678:20206,55350,no,train,KQ425538,17718,-,6,0,Octopus_prebalancing.csv.gz
Octopus,KQ428118:-:8307:9238,59989,no,train,KQ428118,9069,-,187,0,Octopus_prebalancing.csv.gz
Octopus,KQ421638:+:30744:34531,41628,yes,train,KQ421638,32810,+,450,0.4152046783625731,Octopus_prebalancing.csv.gz
Octopus,KQ415916:+:257044:260762,2877,yes,train,KQ415916,257046,+,31,0.3697478991596639,Octopus_prebalancing.csv.gz
Octopus,KQ423248:-:278570:280112,48235,no,train,KQ423248,279258,-,233,0,Octopus_prebalancing.csv.gz
Octopus,KQ416582:+:69166:70237,8165,yes,train,KQ416582,69544,+,86,0.631336405529954,Octopus_prebalancing.csv.gz
Octopus,KQ416152:+:431359:432163,4777,no,train,KQ416152,431857,+,50,0,Octopus_prebalancing.csv.gz
Octopus,KQ415960:+:38870:43628,3708,yes,train,KQ415960,40017,+,183,0.1764705882352941,Octopus_prebalancing.csv.gz
Octopus,KQ425344:-:44324:44490,54763,no,train,KQ425344,44520,-,52,0,Octopus_prebalancing.csv.gz
Octopus,KQ426725:-:15091:29138,57378,yes,train,KQ426725,22618,-,230,0.4098360655737705,Octopus_prebalancing.csv.gz
Octopus,KQ424629:-:128331:133319,52696,yes,train,KQ424629,130365,-,127,0.492063492063492,Octopus_prebalancing.csv.gz
Octopus,KQ415935:+:167453:169867,3310,yes,train,KQ415935,168643,+,246,0.9902912621359224,Octopus_prebalancing.csv.gz
Octopus,KQ423868:-:105653:108514,50872,no,train,KQ423868,106647,-,185,0,Octopus_prebalancing.csv.gz
Octopus,KQ419895:-:32039:34241,30555,yes,train,KQ419895,33170,-,224,0.67,Octopus_prebalancing.csv.gz
Octopus,KQ417540:+:31885:32817,15705,no,train,KQ417540,32005,+,263,0,Octopus_prebalancing.csv.gz
Octopus,KQ422223:-:16837:20430,44517,yes,train,KQ422223,19746,-,513,0.2304776345716452,Octopus_prebalancing.csv.gz
Octopus,KQ417417:-:19359:26595,15027,no,train,KQ417417,19519,-,211,0,Octopus_prebalancing.csv.gz
Octopus,KQ416765:+:75169:77439,10117,yes,train,KQ416765,75299,+,179,0.2054054054054054,Octopus_prebalancing.csv.gz
Octopus,KQ423494:+:335164:341254,48814,yes,train,KQ423494,340683,+,49,0.2375757575757575,Octopus_prebalancing.csv.gz
Octopus,KQ420166:-:246576:253851,32945,no,train,KQ420166,252992,-,51,0,Octopus_prebalancing.csv.gz
Octopus,KQ421638:-:32070:32852,41485,yes,train,KQ421638,32166,-,407,0.3785310734463277,Octopus_prebalancing.csv.gz
Octopus,KQ417763:+:397070:401152,17490,no,train,KQ417763,400797,+,223,0,Octopus_prebalancing.csv.gz
Octopus,KQ417497:-:841461:844909,15351,no,train,KQ417497,844024,-,190,0,Octopus_prebalancing.csv.gz
Octopus,KQ421853:+:890022:894608,43431,yes,train,KQ421853,894127,+,66,0.5338028169014084,Octopus_prebalancing.csv.gz
Octopus,KQ426725:-:15091:29138,57364,yes,train,KQ426725,22583,-,265,0.6639344262295082,Octopus_prebalancing.csv.gz
Octopus,KQ423069:+:80845:85639,47839,no,train,KQ423069,82031,+,310,0,Octopus_prebalancing.csv.gz
Octopus,KQ422263:-:237976:240872,45049,no,train,KQ422263,238264,-,185,0,Octopus_prebalancing.csv.gz
Octopus,KQ431895:+:3872:10596,63209,yes,train,KQ431895,10291,+,703,0.5630252100840336,Octopus_prebalancing.csv.gz
Octopus,KQ425078:-:12006:28313,53743,yes,train,KQ425078,25789,-,225,0.1881188118811881,Octopus_prebalancing.csv.gz
Octopus,KQ416235:-:90868:101227,5944,yes,train,KQ416235,95005,-,125,0.9272727272727272,Octopus_prebalancing.csv.gz
Octopus,KQ419333:-:48712:50653,28362,yes,train,KQ419333,48845,-,400,0.6176100628930817,Octopus_prebalancing.csv.gz
Octopus,KQ417147:+:190594:198342,12640,yes,train,KQ417147,193144,+,317,0.5447154471544715,Octopus_prebalancing.csv.gz
Octopus,KQ416260:-:512908:516363,6182,yes,train,KQ416260,514629,-,184,0.2116788321167883,Octopus_prebalancing.csv.gz
Octopus,KQ417851:+:581475:582766,18211,no,train,KQ417851,581502,+,53,0,Octopus_prebalancing.csv.gz
Octopus,KQ417538:+:78848:83461,15555,no,train,KQ417538,82607,+,82,0,Octopus_prebalancing.csv.gz
Octopus,KQ426505:-:69232:70896,56838,yes,train,KQ426505,69386,-,394,0.7111111111111111,Octopus_prebalancing.csv.gz
Octopus,KQ416399:-:386544:387746,7086,no,train,KQ416399,387568,-,187,0,Octopus_prebalancing.csv.gz
Octopus,KQ420153:-:20390:23631,32673,yes,train,KQ420153,22243,-,260,0.9903846153846154,Octopus_prebalancing.csv.gz
Octopus,KQ419921:+:87549:87971,30702,no,train,KQ419921,87859,+,178,0,Octopus_prebalancing.csv.gz
Octopus,KQ424629:-:128331:133319,52698,no,train,KQ424629,130378,-,114,0,Octopus_prebalancing.csv.gz
Octopus,KQ416040:+:502414:503677,4168,no,train,KQ416040,503146,+,204,0,Octopus_prebalancing.csv.gz
Octopus,KQ416338:-:608611:614029,6990,no,train,KQ416338,609603,-,131,0,Octopus_prebalancing.csv.gz
Octopus,KQ420439:-:206479:216794,34209,no,train,KQ420439,214830,-,94,0,Octopus_prebalancing.csv.gz
Octopus,KQ416839:+:123127:129250,10794,no,train,KQ416839,125099,+,104,0,Octopus_prebalancing.csv.gz
Octopus,KQ424629:+:75663:78810,52538,yes,train,KQ424629,78208,+,43,0.7037037037037037,Octopus_prebalancing.csv.gz
Octopus,KQ416188:+:304409:307535,5173,no,train,KQ416188,307227,+,104,0,Octopus_prebalancing.csv.gz
Octopus,KQ418900:-:120417:121639,26300,yes,train,KQ418900,121460,-,164,0.9547325102880658,Octopus_prebalancing.csv.gz
Octopus,KQ426259:+:186651:188364,56400,no,train,KQ426259,186879,+,226,0,Octopus_prebalancing.csv.gz
Octopus,KQ423384:-:323447:334825,48568,no,train,KQ423384,325903,-,44,0,Octopus_prebalancing.csv.gz
Octopus,KQ415854:+:99135:104952,2143,no,train,KQ415854,104854,+,161,0,Octopus_prebalancing.csv.gz
Octopus,KQ422024:+:84140:87335,43755,no,train,KQ422024,84117,+,3,0,Octopus_prebalancing.csv.gz
Octopus,KQ420439:-:206479:216794,34212,no,train,KQ420439,214836,-,88,0,Octopus_prebalancing.csv.gz
Octopus,KQ427922:+:53789:55100,59726,no,train,KQ427922,54988,+,102,0,Octopus_prebalancing.csv.gz
Octopus,KQ418094:-:30300:36557,20278,yes,train,KQ418094,31007,-,372,0.2363636363636363,Octopus_prebalancing.csv.gz
Octopus,KQ428115:+:154085:163627,59949,yes,train,KQ428115,156793,+,250,0.2949640287769784,Octopus_prebalancing.csv.gz
Octopus,KQ426659:+:67219:73481,57271,yes,train,KQ426659,68255,+,75,0.2015503875968992,Octopus_prebalancing.csv.gz
Octopus,KQ421724:+:261169:261574,42206,yes,train,KQ421724,261574,+,256,0.3116279069767442,Octopus_prebalancing.csv.gz
Octopus,KQ426154:-:133824:136253,56241,yes,train,KQ426154,136253,-,58,0.1705006765899864,Octopus_prebalancing.csv.gz
Octopus,KQ415932:-:635916:641977,3186,yes,train,KQ415932,637192,-,314,0.2653061224489796,Octopus_prebalancing.csv.gz
Octopus,KQ423069:+:40459:43239,47587,yes,train,KQ423069,42194,+,266,0.1805054151624548,Octopus_prebalancing.csv.gz
Octopus,KQ422268:-:114991:116252,45162,yes,train,KQ422268,116208,-,77,0.3363636363636363,Octopus_prebalancing.csv.gz
Octopus,KQ419648:+:147236:149270,30127,yes,train,KQ419648,149193,+,112,0.1666666666666666,Octopus_prebalancing.csv.gz
Octopus,KQ420662:+:220790:222380,35679,yes,train,KQ420662,221135,+,137,0.7321063394683026,Octopus_prebalancing.csv.gz
Octopus,KQ422437:-:1471:5030,45378,no,train,KQ422437,2597,-,305,0,Octopus_prebalancing.csv.gz
Octopus,KQ422024:-:86095:88285,43844,yes,train,KQ422024,86687,-,127,0.3476482617586912,Octopus_prebalancing.csv.gz
Octopus,KQ431609:+:48196:48847,63024,no,train,KQ431609,48378,+,193,0,Octopus_prebalancing.csv.gz
Octopus,KQ426154:-:133824:136253,56245,no,train,KQ426154,136260,-,51,0,Octopus_prebalancing.csv.gz
Octopus,KQ431108:+:80994:85495,62810,yes,train,KQ431108,84413,+,17,0.468013468013468,Octopus_prebalancing.csv.gz
Octopus,KQ421523:-:736020:739894,41270,no,train,KQ421523,738714,-,78,0,Octopus_prebalancing.csv.gz
Octopus,KQ423069:+:40459:43239,47473,yes,train,KQ423069,41931,+,3,0.2614879649890591,Octopus_prebalancing.csv.gz
Octopus,KQ422866:-:193298:197038,47048,yes,train,KQ422866,194849,-,140,0.5201342281879194,Octopus_prebalancing.csv.gz
Octopus,KQ427700:-:77255:85328,59371,no,train,KQ427700,78743,-,215,0,Octopus_prebalancing.csv.gz
Octopus,KQ416235:-:90868:101227,5867,yes,train,KQ416235,94675,-,461,0.4418604651162791,Octopus_prebalancing.csv.gz
Octopus,KQ418355:-:185490:188365,22787,yes,train,KQ418355,185821,-,293,0.2368421052631578,Octopus_prebalancing.csv.gz
Octopus,KQ421117:-:1800705:1801920,39115,yes,train,KQ421117,1801162,-,206,0.2152974504249291,Octopus_prebalancing.csv.gz
Octopus,KQ421758:-:534257:537309,42699,no,train,KQ421758,534578,-,36,0,Octopus_prebalancing.csv.gz
Octopus,KQ424203:-:62623:63173,51811,no,train,KQ424203,62602,-,392,0,Octopus_prebalancing.csv.gz
Octopus,KQ416788:-:74481:75947,10355,yes,train,KQ416788,74664,-,427,0.5588235294117647,Octopus_prebalancing.csv.gz
Octopus,KQ425188:-:53630:54936,53889,no,train,KQ425188,54172,-,142,0,Octopus_prebalancing.csv.gz
Octopus,KQ433284:-:17319:18995,63688,yes,train,KQ433284,18480,-,257,0.7518248175182481,Octopus_prebalancing.csv.gz
Octopus,KQ417198:+:95697:99377,12778,yes,train,KQ417198,97363,+,185,0.2788104089219331,Octopus_prebalancing.csv.gz
Octopus,KQ419500:+:684975:695320,29349,no,train,KQ419500,687031,+,128,0,Octopus_prebalancing.csv.gz
Octopus,KQ416193:-:197697:199660,5317,no,train,KQ416193,199359,-,23,0,Octopus_prebalancing.csv.gz
Octopus,KQ416839:+:123127:129250,10828,no,train,KQ416839,126582,+,239,0,Octopus_prebalancing.csv.gz
Octopus,KQ416582:+:69166:70237,8203,no,train,KQ416582,70183,+,215,0,Octopus_prebalancing.csv.gz
Octopus,KQ417802:+:7487:10153,17852,no,train,KQ417802,9972,+,198,0,Octopus_prebalancing.csv.gz
Octopus,KQ427095:+:93081:95140,58582,yes,train,KQ427095,94647,+,184,0.7105263157894737,Octopus_prebalancing.csv.gz
Octopus,KQ418059:+:563471:564576,19976,no,train,KQ418059,563855,+,258,0,Octopus_prebalancing.csv.gz
Octopus,KQ422502:+:30727:33827,45839,no,train,KQ422502,30827,+,38,0,Octopus_prebalancing.csv.gz
Octopus,KQ417112:-:598933:605464,12395,yes,train,KQ417112,604503,-,191,0.8728813559322034,Octopus_prebalancing.csv.gz
Octopus,KQ421117:-:1800705:1801920,39074,yes,train,KQ421117,1801063,-,305,0.7125890736342043,Octopus_prebalancing.csv.gz
Octopus,KQ416839:-:149278:151954,10923,no,train,KQ416839,149856,-,143,0,Octopus_prebalancing.csv.gz
Octopus,KQ423014:-:35418:36161,47371,yes,train,KQ423014,35527,-,397,0.2964601769911504,Octopus_prebalancing.csv.gz
Octopus,KQ417977:+:400516:401523,19136,no,train,KQ417977,401271,+,162,0,Octopus_prebalancing.csv.gz
Octopus,KQ419577:-:319986:321103,29817,yes,train,KQ419577,321102,-,56,0.5093457943925234,Octopus_prebalancing.csv.gz
Octopus,KQ416399:-:386544:387746,7074,no,train,KQ416399,387545,-,210,0,Octopus_prebalancing.csv.gz
Octopus,KQ416225:+:147973:148329,5617,no,train,KQ416225,148200,+,17,0,Octopus_prebalancing.csv.gz
Octopus,KQ416087:-:494228:496857,4307,no,train,KQ416087,495777,-,191,0,Octopus_prebalancing.csv.gz
Octopus,KQ425188:-:155463:161972,53973,no,train,KQ425188,161342,-,19,0,Octopus_prebalancing.csv.gz
Octopus,KQ420261:+:1151455:1153527,33067,no,train,KQ420261,1153439,+,369,0,Octopus_prebalancing.csv.gz
Octopus,KQ417796:+:458790:459137,17658,yes,train,KQ417796,458906,+,138,0.2014563106796116,Octopus_prebalancing.csv.gz
Octopus,KQ416877:-:1243348:1252014,11007,yes,train,KQ416877,1247623,-,247,0.2256097560975609,Octopus_prebalancing.csv.gz
Octopus,KQ420776:+:373017:378761,36726,yes,train,KQ420776,377581,+,293,0.7548387096774194,Octopus_prebalancing.csv.gz
Octopus,KQ428842:-:120425:122108,60883,yes,train,KQ428842,121745,-,90,0.358974358974359,Octopus_prebalancing.csv.gz
Octopus,KQ423868:-:105653:108514,50863,no,train,KQ423868,106627,-,205,0,Octopus_prebalancing.csv.gz
Octopus,KQ432038:+:338791:339606,63323,no,train,KQ432038,338874,+,22,0,Octopus_prebalancing.csv.gz
Octopus,KQ416811:+:273090:273937,10662,yes,train,KQ416811,273567,+,92,0.832258064516129,Octopus_prebalancing.csv.gz
Octopus,KQ417300:+:2429385:2432147,13807,yes,train,KQ417300,2430363,+,254,0.9150943396226416,Octopus_prebalancing.csv.gz
Octopus,KQ416171:+:192715:198630,4856,yes,train,KQ416171,197591,+,190,0.1879310344827586,Octopus_prebalancing.csv.gz
Octopus,KQ425289:-:310152:313829,54604,no,train,KQ425289,313286,-,92,0,Octopus_prebalancing.csv.gz
Octopus,KQ415907:+:346698:348754,2709,yes,train,KQ415907,348322,+,57,0.3473053892215569,Octopus_prebalancing.csv.gz
Octopus,KQ415659:+:1944407:1946585,170,yes,train,KQ415659,1945911,+,325,0.4137931034482758,Octopus_prebalancing.csv.gz
Octopus,KQ431895:+:3872:10596,63227,yes,train,KQ431895,10334,+,746,0.8275862068965517,Octopus_prebalancing.csv.gz
Octopus,KQ418295:+:256001:257099,22094,no,train,KQ418295,256755,+,284,0,Octopus_prebalancing.csv.gz
Octopus,KQ426505:-:69232:70896,56910,no,train,KQ426505,69759,-,118,0,Octopus_prebalancing.csv.gz
Octopus,KQ430251:+:13943:16469,62073,yes,train,KQ430251,15331,+,177,0.5238095238095238,Octopus_prebalancing.csv.gz
Octopus,KQ422521:-:248600:250319,45900,no,train,KQ422521,249007,-,172,0,Octopus_prebalancing.csv.gz
Octopus,KQ415777:+:48820:51281,1595,yes,train,KQ415777,49651,+,320,0.8943661971830986,Octopus_prebalancing.csv.gz
Octopus,KQ427949:-:158012:164712,59746,no,train,KQ427949,160847,-,187,0,Octopus_prebalancing.csv.gz
Octopus,KQ417877:-:367901:377631,18295,yes,train,KQ417877,374253,-,66,0.348993288590604,Octopus_prebalancing.csv.gz
Octopus,KQ420595:+:432507:442232,35259,yes,train,KQ420595,438440,+,269,0.2587412587412587,Octopus_prebalancing.csv.gz
Octopus,KQ422033:-:18330:23008,44034,yes,train,KQ422033,20057,-,377,0.558974358974359,Octopus_prebalancing.csv.gz
Octopus,KQ415951:+:107290:108224,3560,yes,train,KQ415951,107344,+,28,0.6484375,Octopus_prebalancing.csv.gz
Octopus,KQ420776:+:373017:378761,36710,no,train,KQ420776,377524,+,236,0,Octopus_prebalancing.csv.gz
Octopus,KQ420409:-:382365:396926,33960,yes,train,KQ420409,386637,-,105,0.7972027972027972,Octopus_prebalancing.csv.gz
Octopus,KQ425078:-:12006:28313,53750,yes,train,KQ425078,25812,-,202,1,Octopus_prebalancing.csv.gz
Octopus,KQ420828:-:1590008:1590392,37231,yes,train,KQ420828,1590256,-,80,0.1875,Octopus_prebalancing.csv.gz
Octopus,KQ426567:+:210652:218594,57174,yes,train,KQ426567,212778,+,107,0.7821782178217822,Octopus_prebalancing.csv.gz
Octopus,KQ420690:-:166278:172996,36192,no,train,KQ420690,166952,-,308,0,Octopus_prebalancing.csv.gz
Octopus,KQ416788:-:74481:75947,10467,yes,train,KQ416788,75014,-,73,0.987603305785124,Octopus_prebalancing.csv.gz
Octopus,KQ417238:+:79035:88341,13056,no,train,KQ417238,87928,+,348,0,Octopus_prebalancing.csv.gz
Octopus,KQ419199:+:17614:19923,27680,no,train,KQ419199,17975,+,1,0,Octopus_prebalancing.csv.gz
Octopus,KQ416694:+:2524832:2531725,9705,yes,train,KQ416694,2526078,+,219,0.1588785046728972,Octopus_prebalancing.csv.gz
Octopus,KQ419326:+:326078:326759,28250,no,train,KQ419326,326249,+,118,0,Octopus_prebalancing.csv.gz
Octopus,KQ415687:+:621295:623555,1002,no,train,KQ415687,623332,+,47,0,Octopus_prebalancing.csv.gz
Octopus,KQ431895:+:3872:10596,63164,yes,train,KQ431895,10195,+,607,0.3493975903614458,Octopus_prebalancing.csv.gz
Octopus,KQ423831:+:6585:13257,50613,yes,train,KQ423831,7612,+,57,0.3083333333333333,Octopus_prebalancing.csv.gz
Octopus,KQ416788:-:74481:75947,10409,yes,train,KQ416788,74789,-,302,0.3846153846153846,Octopus_prebalancing.csv.gz
Octopus,KQ428413:+:18316:20220,60192,no,train,KQ428413,19882,+,17,0,Octopus_prebalancing.csv.gz
Octopus,KQ418739:+:750233:751167,25320,yes,train,KQ418739,751109,+,150,0.5760649087221096,Octopus_prebalancing.csv.gz
Octopus,KQ416124:+:327085:328418,4536,no,train,KQ416124,327342,+,152,0,Octopus_prebalancing.csv.gz
Octopus,KQ420439:-:206479:216794,34211,no,train,KQ420439,214835,-,89,0,Octopus_prebalancing.csv.gz
Octopus,KQ422866:-:193298:197038,47018,yes,train,KQ422866,194611,-,242,0.7954545454545454,Octopus_prebalancing.csv.gz
Octopus,KQ421758:-:534257:537309,42660,no,train,KQ421758,534466,-,148,0,Octopus_prebalancing.csv.gz
Octopus,KQ423631:-:133207:139083,50019,yes,train,KQ423631,138002,-,211,0.2045454545454545,Octopus_prebalancing.csv.gz
Octopus,KQ420348:-:79805:80375,33718,no,train,KQ420348,79883,-,271,0,Octopus_prebalancing.csv.gz
Octopus,KQ416447:+:102891:107608,7265,no,train,KQ416447,106717,+,41,0,Octopus_prebalancing.csv.gz
Octopus,KQ425188:-:53630:54936,53922,no,train,KQ425188,54256,-,58,0,Octopus_prebalancing.csv.gz
Octopus,KQ427431:+:37400:37546,59184,no,train,KQ427431,37531,+,195,0,Octopus_prebalancing.csv.gz
Octopus,KQ416877:-:1243348:1252014,11041,yes,train,KQ416877,1247853,-,13,0.7935483870967742,Octopus_prebalancing.csv.gz
Octopus,KQ421638:+:30744:34531,41528,yes,train,KQ421638,32638,+,278,0.4505928853754941,Octopus_prebalancing.csv.gz
Octopus,KQ421638:+:30744:34531,41453,yes,train,KQ421638,32115,+,66,0.93125,Octopus_prebalancing.csv.gz
Octopus,KQ417567:-:129462:130077,15801,no,train,KQ417567,130094,-,55,0,Octopus_prebalancing.csv.gz
Octopus,KQ423069:+:40459:43239,47625,yes,train,KQ423069,42310,+,382,0.3291139240506329,Octopus_prebalancing.csv.gz
Octopus,KQ416002:+:145389:145843,4015,no,train,KQ416002,145856,+,262,0,Octopus_prebalancing.csv.gz
Octopus,KQ420639:-:761470:762620,35350,no,train,KQ420639,762552,-,95,0,Octopus_prebalancing.csv.gz
Octopus,KQ423384:-:323447:334825,48555,no,train,KQ423384,325871,-,76,0,Octopus_prebalancing.csv.gz
Octopus,KQ421042:+:166510:169239,38581,no,train,KQ421042,168154,+,117,0,Octopus_prebalancing.csv.gz
Octopus,KQ418739:+:750233:751167,25304,yes,train,KQ418739,751024,+,74,0.9659090909090908,Octopus_prebalancing.csv.gz
Octopus,KQ421261:+:347111:347311,39833,no,train,KQ421261,347279,+,176,0,Octopus_prebalancing.csv.gz
Octopus,KQ424265:+:36818:40887,52116,yes,train,KQ424265,38635,+,197,0.3462068965517241,Octopus_prebalancing.csv.gz
Octopus,KQ420828:-:1590008:1590392,37235,yes,train,KQ420828,1590263,-,73,1,Octopus_prebalancing.csv.gz
Octopus,KQ421724:+:261169:261574,42184,no,train,KQ421724,261493,+,175,0,Octopus_prebalancing.csv.gz
Octopus,KQ423677:+:105301:111458,50431,no,train,KQ423677,111337,+,309,0,Octopus_prebalancing.csv.gz
Octopus,KQ415686:+:382591:392360,906,no,train,KQ415686,385977,+,3,0,Octopus_prebalancing.csv.gz
Octopus,KQ423001:-:465023:468835,47252,no,train,KQ423001,465375,-,302,0,Octopus_prebalancing.csv.gz
Octopus,KQ416454:-:210630:218397,7492,yes,train,KQ416454,218310,-,91,0.73,Octopus_prebalancing.csv.gz
Octopus,KQ425344:-:44324:44490,54741,no,train,KQ425344,44448,-,124,0,Octopus_prebalancing.csv.gz
Octopus,KQ423912:+:27184:28834,51156,yes,train,KQ423912,27808,+,45,0.3243847874720358,Octopus_prebalancing.csv.gz
Octopus,KQ421338:-:574795:575471,40039,no,train,KQ421338,575042,-,280,0,Octopus_prebalancing.csv.gz
Octopus,KQ431895:+:3872:10596,63111,yes,train,KQ431895,10028,+,440,0.583969465648855,Octopus_prebalancing.csv.gz
Octopus,KQ420126:+:474219:480496,32245,yes,train,KQ420126,479089,+,194,0.4397905759162304,Octopus_prebalancing.csv.gz
Octopus,KQ415684:+:1795785:1804292,765,no,train,KQ415684,1803008,+,130,0,Octopus_prebalancing.csv.gz
Octopus,KQ424114:+:62091:63803,51412,yes,train,KQ424114,62311,+,162,0.5348837209302325,Octopus_prebalancing.csv.gz
Octopus,KQ427949:-:158012:164712,59747,no,train,KQ427949,160852,-,182,0,Octopus_prebalancing.csv.gz
Octopus,KQ422658:+:192535:194721,46203,no,train,KQ422658,192853,+,23,0,Octopus_prebalancing.csv.gz
Octopus,KQ419432:+:166590:169288,29004,no,train,KQ419432,168711,+,91,0,Octopus_prebalancing.csv.gz
Octopus,KQ422658:+:192535:194721,46246,no,train,KQ422658,193011,+,181,0,Octopus_prebalancing.csv.gz
Octopus,KQ425850:-:284737:296046,55888,yes,train,KQ425850,293425,-,31,0.9263803680981596,Octopus_prebalancing.csv.gz
Octopus,KQ422223:-:16837:20430,44524,no,train,KQ422223,19769,-,490,0,Octopus_prebalancing.csv.gz
Octopus,KQ420828:-:1590008:1590392,37232,yes,train,KQ420828,1590257,-,79,0.2767857142857143,Octopus_prebalancing.csv.gz
Octopus,KQ428492:-:1282:4024,60401,no,train,KQ428492,2743,-,211,0,Octopus_prebalancing.csv.gz
Octopus,KQ421758:+:1719155:1723789,42940,yes,train,KQ421758,1722654,+,88,0.5523809523809524,Octopus_prebalancing.csv.gz
Octopus,KQ416705:+:1130706:1133458,9728,yes,train,KQ416705,1130897,+,228,0.4705882352941176,Octopus_prebalancing.csv.gz
Octopus,KQ416616:+:2452476:2453097,8775,yes,train,KQ416616,2452497,+,154,0.2905405405405405,Octopus_prebalancing.csv.gz
Octopus,KQ416839:-:149278:151954,10910,yes,train,KQ416839,149357,-,208,0.5131578947368421,Octopus_prebalancing.csv.gz
Octopus,KQ431895:+:3872:10596,63230,yes,train,KQ431895,10337,+,749,0.4653465346534653,Octopus_prebalancing.csv.gz
Octopus,KQ417670:+:106541:109344,16585,no,train,KQ417670,107924,+,180,0,Octopus_prebalancing.csv.gz
Octopus,KQ418483:+:416342:421470,23929,no,train,KQ418483,419514,+,256,0,Octopus_prebalancing.csv.gz
Octopus,KQ417538:+:78848:83461,15581,no,train,KQ417538,82951,+,178,0,Octopus_prebalancing.csv.gz
Octopus,KQ416491:-:495583:498599,7662,no,train,KQ416491,497101,-,119,0,Octopus_prebalancing.csv.gz
Octopus,KQ419326:+:326078:326759,28232,yes,train,KQ419326,326203,+,72,0.9635627530364372,Octopus_prebalancing.csv.gz
Octopus,KQ422263:-:237976:240872,45032,yes,train,KQ422263,238224,-,225,0.8236775818639799,Octopus_prebalancing.csv.gz
Octopus,KQ425188:-:53630:54936,53855,no,train,KQ425188,53762,-,253,0,Octopus_prebalancing.csv.gz
Octopus,KQ433487:+:62929:63906,63900,yes,train,KQ433487,63193,+,222,0.3553008595988539,Octopus_prebalancing.csv.gz
Octopus,KQ419413:-:54882:56621,28943,yes,train,KQ419413,55827,-,101,0.7120418848167539,Octopus_prebalancing.csv.gz
Octopus,KQ421368:+:6794:7620,40367,no,train,KQ421368,7567,+,160,0,Octopus_prebalancing.csv.gz
Octopus,KQ418296:-:383881:384204,22208,no,train,KQ418296,383983,-,133,0,Octopus_prebalancing.csv.gz
Octopus,KQ421338:-:574795:575471,40114,no,train,KQ421338,575307,-,8,0,Octopus_prebalancing.csv.gz
Octopus,KQ420132:-:753148:758140,32432,no,train,KQ420132,756233,-,99,0,Octopus_prebalancing.csv.gz
Octopus,KQ422245:+:81496:84013,44756,no,train,KQ422245,82011,+,257,0,Octopus_prebalancing.csv.gz
Octopus,KQ426725:-:15091:29138,57362,yes,train,KQ426725,22578,-,270,0.4414414414414414,Octopus_prebalancing.csv.gz
Octopus,KQ416766:-:4974:6044,10256,no,train,KQ416766,5341,-,631,0,Octopus_prebalancing.csv.gz
Octopus,KQ426312:-:18028:24376,56455,no,train,KQ426312,20379,-,41,0,Octopus_prebalancing.csv.gz
Octopus,KQ417112:-:598933:605464,12262,yes,train,KQ417112,604089,-,611,0.2862823061630218,Octopus_prebalancing.csv.gz
Octopus,KQ422777:+:281544:283547,46580,no,train,KQ422777,283139,+,1,0,Octopus_prebalancing.csv.gz
Octopus,KQ425344:-:44324:44490,54775,no,train,KQ425344,44535,-,37,0,Octopus_prebalancing.csv.gz
Octopus,KQ420639:-:761470:762620,35317,no,train,KQ420639,762447,-,207,0,Octopus_prebalancing.csv.gz
Octopus,KQ421085:-:230032:232559,38776,no,train,KQ421085,230588,-,641,0,Octopus_prebalancing.csv.gz
Octopus,KQ418322:-:535563:541280,22466,no,train,KQ418322,540262,-,122,0,Octopus_prebalancing.csv.gz
Octopus,KQ422024:-:86095:88285,43863,no,train,KQ422024,86745,-,69,0,Octopus_prebalancing.csv.gz
Octopus,KQ416404:-:273714:275131,7211,no,train,KQ416404,274591,-,85,0,Octopus_prebalancing.csv.gz
Octopus,KQ418636:+:32090:35874,24926,yes,train,KQ418636,34713,+,28,0.6280487804878049,Octopus_prebalancing.csv.gz
Octopus,KQ415876:-:1905721:1908779,2571,no,train,KQ415876,1908739,-,9,0,Octopus_prebalancing.csv.gz
Octopus,KQ420639:-:761470:762620,35356,no,train,KQ420639,762566,-,81,0,Octopus_prebalancing.csv.gz
Octopus,KQ416491:+:671680:671851,7710,no,train,KQ416491,671861,+,210,0,Octopus_prebalancing.csv.gz
Octopus,KQ418576:+:292927:299323,24817,yes,train,KQ418576,299235,+,195,0.8059701492537313,Octopus_prebalancing.csv.gz
Octopus,KQ415863:-:106598:111978,2306,no,train,KQ415863,107153,-,78,0,Octopus_prebalancing.csv.gz
Octopus,KQ422223:-:16837:20430,44634,yes,train,KQ422223,20276,-,169,0.492063492063492,Octopus_prebalancing.csv.gz
Octopus,KQ415687:+:621295:623555,1001,yes,train,KQ415687,623330,+,45,0.1678321678321678,Octopus_prebalancing.csv.gz
Octopus,KQ416694:-:1415717:1418452,9648,yes,train,KQ416694,1417939,-,172,0.2979797979797979,Octopus_prebalancing.csv.gz
Octopus,KQ421117:-:1800705:1801920,39156,no,train,KQ421117,1801356,-,7,0,Octopus_prebalancing.csv.gz
Octopus,KQ423509:-:57830:68774,49127,yes,train,KQ423509,62259,-,292,0.1567164179104477,Octopus_prebalancing.csv.gz
Octopus,KQ417112:-:598933:605464,12255,yes,train,KQ417112,604063,-,637,0.3028846153846153,Octopus_prebalancing.csv.gz
Octopus,KQ417877:-:367901:377631,18283,yes,train,KQ417877,374210,-,109,0.24,Octopus_prebalancing.csv.gz
Octopus,KQ426505:-:69232:70896,56839,yes,train,KQ426505,69395,-,385,0.336322869955157,Octopus_prebalancing.csv.gz
Octopus,KQ422138:+:334200:339109,44305,no,train,KQ422138,336479,+,99,0,Octopus_prebalancing.csv.gz
Octopus,KQ416188:+:304409:307535,5165,yes,train,KQ416188,307200,+,77,0.4187550525464834,Octopus_prebalancing.csv.gz
Octopus,KQ416929:+:777857:781590,11168,yes,train,KQ416929,778144,+,153,0.6534446764091858,Octopus_prebalancing.csv.gz
Octopus,KQ419895:-:32039:34241,30557,yes,train,KQ419895,33173,-,221,0.1568627450980392,Octopus_prebalancing.csv.gz
Octopus,KQ427095:+:93081:95140,58590,no,train,KQ427095,94673,+,210,0,Octopus_prebalancing.csv.gz
Octopus,KQ420776:-:126654:127969,36597,yes,train,KQ420776,127252,-,79,0.4457831325301205,Octopus_prebalancing.csv.gz
Octopus,KQ427660:+:24777:32766,59335,no,train,KQ427660,31258,+,172,0,Octopus_prebalancing.csv.gz
Octopus,KQ419534:-:177028:177777,29489,no,train,KQ419534,176996,-,227,0,Octopus_prebalancing.csv.gz
Octopus,KQ417636:-:68657:71640,16384,yes,train,KQ417636,69576,-,164,0.2969924812030075,Octopus_prebalancing.csv.gz
Octopus,KQ415674:-:864176:867443,584,no,train,KQ415674,864762,-,192,0,Octopus_prebalancing.csv.gz
Octopus,KQ423014:-:35418:36161,47375,yes,train,KQ423014,35542,-,382,0.7466666666666667,Octopus_prebalancing.csv.gz
Octopus,KQ416839:+:123127:129250,10878,no,train,KQ416839,126726,+,383,0,Octopus_prebalancing.csv.gz
Octopus,KQ420299:-:531133:532105,33313,yes,train,KQ420299,532003,-,90,0.85,Octopus_prebalancing.csv.gz
Octopus,KQ417379:+:13062:14141,14797,yes,train,KQ417379,13252,+,207,0.8551859099804305,Octopus_prebalancing.csv.gz
Octopus,KQ417763:+:397070:401152,17434,yes,train,KQ417763,400565,+,27,0.6532258064516129,Octopus_prebalancing.csv.gz
Octopus,KQ425188:-:53630:54936,53821,no,train,KQ425188,53622,-,393,0,Octopus_prebalancing.csv.gz
Octopus,KQ416694:-:792688:795938,9533,no,train,KQ416694,795635,-,322,0,Octopus_prebalancing.csv.gz
Octopus,KQ423916:-:14509:21900,51237,yes,train,KQ423916,16401,-,29,0.6293706293706294,Octopus_prebalancing.csv.gz
Octopus,KQ427174:-:5830:9422,58766,no,train,KQ427174,6428,-,458,0,Octopus_prebalancing.csv.gz
Octopus,KQ422738:-:37291:40054,46496,yes,train,KQ422738,38718,-,379,0.5047619047619047,Octopus_prebalancing.csv.gz
Octopus,KQ427059:-:294373:300501,58464,no,train,KQ427059,299662,-,324,0,Octopus_prebalancing.csv.gz
Octopus,KQ422223:-:16837:20430,44668,yes,train,KQ422223,20377,-,68,0.3760445682451253,Octopus_prebalancing.csv.gz
Octopus,KQ423069:+:80845:85639,47775,yes,train,KQ423069,81601,+,35,0.1870967741935484,Octopus_prebalancing.csv.gz
Octopus,KQ417623:+:62387:68207,16258,no,train,KQ417623,63682,+,128,0,Octopus_prebalancing.csv.gz
Octopus,KQ423631:-:204154:208384,50154,no,train,KQ423631,205472,-,17,0,Octopus_prebalancing.csv.gz
Octopus,KQ430251:+:13943:16469,62010,no,train,KQ430251,15163,+,7,0,Octopus_prebalancing.csv.gz
Octopus,KQ418420:-:72827:73422,23383,yes,train,KQ418420,72949,-,358,0.3351063829787234,Octopus_prebalancing.csv.gz
Octopus,KQ420877:-:1840:10211,37320,no,train,KQ420877,10181,-,42,0,Octopus_prebalancing.csv.gz
Octopus,KQ418355:-:185490:188365,22763,yes,train,KQ418355,185741,-,373,1,Octopus_prebalancing.csv.gz
Octopus,KQ419092:+:247062:248393,26930,no,train,KQ419092,248244,+,270,0,Octopus_prebalancing.csv.gz
Octopus,KQ425262:+:23720:24872,54308,no,train,KQ425262,24511,+,103,0,Octopus_prebalancing.csv.gz
Octopus,KQ416092:+:321624:324839,4442,yes,train,KQ416092,322710,+,10,0.3430656934306569,Octopus_prebalancing.csv.gz
Octopus,KQ423069:+:80845:85639,47814,yes,train,KQ423069,81930,+,209,0.732484076433121,Octopus_prebalancing.csv.gz
Octopus,KQ416616:-:1091702:1091906,8709,yes,train,KQ416616,1091715,-,231,0.2156862745098039,Octopus_prebalancing.csv.gz
Octopus,KQ417112:-:598933:605464,12356,no,train,KQ417112,604356,-,344,0,Octopus_prebalancing.csv.gz
Octopus,KQ417245:+:359507:360722,13257,yes,train,KQ417245,360124,+,523,0.8324873096446701,Octopus_prebalancing.csv.gz
Octopus,KQ423286:+:77406:77847,48397,no,train,KQ423286,77819,+,226,0,Octopus_prebalancing.csv.gz
Octopus,KQ419009:+:45447:45868,26715,no,train,KQ419009,45670,+,311,0,Octopus_prebalancing.csv.gz
Octopus,KQ422500:-:203047:204525,45802,yes,train,KQ422500,204114,-,88,0.1656441717791411,Octopus_prebalancing.csv.gz
Octopus,KQ433339:+:27883:36851,63870,yes,train,KQ433339,28341,+,290,0.3228346456692913,Octopus_prebalancing.csv.gz
Octopus,KQ422033:-:18330:23008,44121,yes,train,KQ422033,20387,-,84,0.2033898305084746,Octopus_prebalancing.csv.gz
Octopus,KQ416612:+:1466743:1468899,8645,no,train,KQ416612,1468411,+,109,0,Octopus_prebalancing.csv.gz
Octopus,KQ421758:-:260871:261476,42581,yes,train,KQ421758,261451,-,56,0.2821428571428571,Octopus_prebalancing.csv.gz
Octopus,KQ416694:-:792688:795938,9558,yes,train,KQ416694,795716,-,241,0.6727272727272727,Octopus_prebalancing.csv.gz
Octopus,KQ425784:-:3323:3828,55818,no,train,KQ425784,3481,-,206,0,Octopus_prebalancing.csv.gz
Octopus,KQ422437:-:1471:5030,45395,no,train,KQ422437,2633,-,269,0,Octopus_prebalancing.csv.gz
Octopus,KQ423006:-:114124:115197,47328,yes,train,KQ423006,114421,-,25,0.4659685863874345,Octopus_prebalancing.csv.gz
Octopus,KQ420909:-:58461:62439,37497,yes,train,KQ420909,60904,-,454,0.4077669902912621,Octopus_prebalancing.csv.gz
Octopus,KQ421724:+:261169:261574,42172,no,train,KQ421724,261469,+,151,0,Octopus_prebalancing.csv.gz
Octopus,KQ426988:+:12305:13448,57908,yes,train,KQ426988,12306,+,29,0.2244897959183673,Octopus_prebalancing.csv.gz
Octopus,KQ416447:+:102891:107608,7308,no,train,KQ416447,106879,+,209,0,Octopus_prebalancing.csv.gz
Octopus,KQ424157:+:280452:292949,51605,yes,train,KQ424157,287458,+,159,0.3515625,Octopus_prebalancing.csv.gz
Octopus,KQ417538:+:78848:83461,15593,no,train,KQ417538,82974,+,201,0,Octopus_prebalancing.csv.gz
Octopus,KQ427174:-:5830:9422,58831,yes,train,KQ427174,6612,-,274,0.2260869565217391,Octopus_prebalancing.csv.gz
Octopus,KQ419500:+:684975:695320,29327,no,train,KQ419500,686941,+,38,0,Octopus_prebalancing.csv.gz
Octopus,KQ418580:+:701924:705836,24892,no,train,KQ418580,703412,+,236,0,Octopus_prebalancing.csv.gz
Octopus,KQ421356:-:55274:57599,40178,no,train,KQ421356,55496,-,171,0,Octopus_prebalancing.csv.gz
Octopus,KQ417691:-:246566:251749,16896,no,train,KQ417691,247871,-,221,0,Octopus_prebalancing.csv.gz
Octopus,KQ417796:+:458790:459137,17684,yes,train,KQ417796,458986,+,218,0.5,Octopus_prebalancing.csv.gz
Octopus,KQ418355:-:185490:188365,22797,yes,train,KQ418355,185853,-,261,0.9572192513368984,Octopus_prebalancing.csv.gz
Octopus,KQ417303:-:32605:35670,13915,yes,train,KQ417303,33700,-,250,0.9923195084485408,Octopus_prebalancing.csv.gz
Octopus,KQ417701:-:269740:272982,17011,yes,train,KQ417701,269777,-,319,0.2419354838709677,Octopus_prebalancing.csv.gz
Octopus,KQ418873:+:627338:632183,26255,no,train,KQ418873,629515,+,676,0,Octopus_prebalancing.csv.gz
Octopus,KQ416454:-:210630:218397,7458,yes,train,KQ416454,217646,-,220,0.2666666666666666,Octopus_prebalancing.csv.gz
Octopus,KQ417819:+:73313:77380,17902,yes,train,KQ417819,77226,+,470,0.5078125,Octopus_prebalancing.csv.gz
Octopus,KQ423631:-:204154:208384,50095,no,train,KQ423631,204986,-,217,0,Octopus_prebalancing.csv.gz
Octopus,KQ419333:-:48712:50653,28453,yes,train,KQ419333,49144,-,99,0.7260956175298805,Octopus_prebalancing.csv.gz
Octopus,KQ423574:-:83008:86955,49703,no,train,KQ423574,83102,-,257,0,Octopus_prebalancing.csv.gz
Octopus,KQ423217:-:284791:286709,48127,no,train,KQ423217,286305,-,42,0,Octopus_prebalancing.csv.gz
Octopus,KQ417620:-:314872:315736,15911,yes,train,KQ417620,314966,-,649,0.6272727272727273,Octopus_prebalancing.csv.gz
Octopus,KQ420313:-:692964:694535,33569,no,train,KQ420313,693564,-,167,0,Octopus_prebalancing.csv.gz
Octopus,KQ418420:-:72827:73422,23424,no,train,KQ418420,73320,-,119,0,Octopus_prebalancing.csv.gz
Octopus,KQ416719:-:823120:824259,9896,no,train,KQ416719,823481,-,47,0,Octopus_prebalancing.csv.gz
Octopus,KQ430889:-:120538:121611,62571,yes,train,KQ430889,121422,-,156,0.3317757009345794,Octopus_prebalancing.csv.gz
Octopus,KQ416678:-:507714:508728,9353,yes,train,KQ416678,508080,-,66,0.4798994974874372,Octopus_prebalancing.csv.gz
Octopus,KQ421117:-:1800705:1801920,39125,no,train,KQ421117,1801181,-,187,0,Octopus_prebalancing.csv.gz
Octopus,KQ426791:-:413779:417331,57472,no,train,KQ426791,415582,-,80,0,Octopus_prebalancing.csv.gz
Octopus,KQ416738:+:179376:181420,10017,no,train,KQ416738,181313,+,127,0,Octopus_prebalancing.csv.gz
Octopus,KQ419413:-:54882:56621,28950,yes,train,KQ419413,55849,-,79,0.5798319327731093,Octopus_prebalancing.csv.gz
Octopus,KQ418576:+:292927:299323,24848,no,train,KQ418576,299339,+,299,0,Octopus_prebalancing.csv.gz
Octopus,KQ419366:+:211929:213548,28544,yes,train,KQ419366,213535,+,289,0.6614583333333334,Octopus_prebalancing.csv.gz
Octopus,KQ415659:+:531021:534837,45,no,train,KQ415659,531674,+,110,0,Octopus_prebalancing.csv.gz
Octopus,KQ426505:-:69232:70896,56812,yes,train,KQ426505,69324,-,456,0.2333333333333333,Octopus_prebalancing.csv.gz
Octopus,KQ422211:-:118854:119123,44484,yes,train,KQ422211,119049,-,87,0.3343949044585987,Octopus_prebalancing.csv.gz
Octopus,KQ417620:-:1821494:1830342,16200,yes,train,KQ417620,1825699,-,110,0.2064896755162241,Octopus_prebalancing.csv.gz
Octopus,KQ416719:-:823120:824259,9833,no,train,KQ416719,823264,-,270,0,Octopus_prebalancing.csv.gz
Octopus,KQ420428:-:122164:124440,34106,no,train,KQ420428,123816,-,108,0,Octopus_prebalancing.csv.gz
Octopus,KQ428842:-:120425:122108,60884,no,train,KQ428842,121746,-,89,0,Octopus_prebalancing.csv.gz
Octopus,KQ421143:+:354283:363501,39270,no,train,KQ421143,359412,+,13,0,Octopus_prebalancing.csv.gz
Octopus,KQ418741:-:126757:127904,25339,no,train,KQ418741,127534,-,123,0,Octopus_prebalancing.csv.gz
Octopus,KQ421853:+:890022:894608,43465,yes,train,KQ421853,894238,+,184,0.3982905982905982,Octopus_prebalancing.csv.gz
Octopus,KQ417917:-:145066:150944,18644,yes,train,KQ417917,147145,-,285,0.2416666666666666,Octopus_prebalancing.csv.gz
Octopus,KQ417379:+:13062:14141,14736,no,train,KQ417379,13058,+,9,0,Octopus_prebalancing.csv.gz
Octopus,KQ415902:+:342156:348792,2660,no,train,KQ415902,345087,+,127,0,Octopus_prebalancing.csv.gz
Octopus,KQ416771:-:1461700:1466793,10319,no,train,KQ416771,1462522,-,276,0,Octopus_prebalancing.csv.gz
Octopus,KQ422794:+:34599:36340,46642,no,train,KQ422794,34889,+,9,0,Octopus_prebalancing.csv.gz
Octopus,KQ420153:-:20390:23631,32681,yes,train,KQ420153,22265,-,238,0.925438596491228,Octopus_prebalancing.csv.gz
Octopus,KQ417567:-:129462:130077,15784,no,train,KQ417567,130053,-,96,0,Octopus_prebalancing.csv.gz
Octopus,KQ420153:-:20390:23631,32726,yes,train,KQ420153,22474,-,82,0.2904761904761905,Octopus_prebalancing.csv.gz
Octopus,KQ418296:-:383881:384204,22188,no,train,KQ418296,383941,-,175,0,Octopus_prebalancing.csv.gz
Octopus,KQ421085:-:230032:232559,38828,no,train,KQ421085,230782,-,447,0,Octopus_prebalancing.csv.gz
Octopus,KQ416694:-:792688:795938,9612,yes,train,KQ416694,795885,-,66,0.9947368421052633,Octopus_prebalancing.csv.gz
Octopus,KQ416765:+:75169:77439,10116,no,train,KQ416765,75298,+,178,0,Octopus_prebalancing.csv.gz
Octopus,KQ421593:+:127708:132553,41419,yes,train,KQ421593,129951,+,189,0.4354430379746835,Octopus_prebalancing.csv.gz
Octopus,KQ417300:+:2429385:2432147,13830,yes,train,KQ417300,2430418,+,309,0.5603448275862069,Octopus_prebalancing.csv.gz
Octopus,KQ417110:+:99458:100489,12249,no,train,KQ417110,99658,+,213,0,Octopus_prebalancing.csv.gz
Octopus,KQ418355:-:185490:188365,22830,yes,train,KQ418355,186225,-,48,0.2442748091603053,Octopus_prebalancing.csv.gz
Octopus,KQ418328:+:566027:566284,22642,yes,train,KQ418328,566248,+,193,0.7304347826086957,Octopus_prebalancing.csv.gz
Octopus,KQ431108:+:80994:85495,62846,yes,train,KQ431108,84597,+,131,0.7460526315789474,Octopus_prebalancing.csv.gz
Octopus,KQ419895:-:32039:34241,30565,no,train,KQ419895,33219,-,175,0,Octopus_prebalancing.csv.gz
Octopus,KQ426567:+:210652:218594,57228,no,train,KQ426567,213305,+,460,0,Octopus_prebalancing.csv.gz
Octopus,KQ418190:+:14761:17774,21275,yes,train,KQ418190,17487,+,214,0.982824427480916,Octopus_prebalancing.csv.gz
Octopus,KQ415777:+:48820:51281,1607,yes,train,KQ415777,49672,+,341,0.5045045045045045,Octopus_prebalancing.csv.gz
Octopus,KQ426843:-:39691:51826,57772,no,train,KQ426843,49776,-,20,0,Octopus_prebalancing.csv.gz
Octopus,KQ421638:+:30744:34531,41500,yes,train,KQ421638,32228,+,179,0.25,Octopus_prebalancing.csv.gz
Octopus,KQ417980:+:232521:234469,19205,no,train,KQ417980,232701,+,187,0,Octopus_prebalancing.csv.gz
Octopus,KQ417482:+:378219:384475,15202,yes,train,KQ417482,381561,+,324,0.2272727272727272,Octopus_prebalancing.csv.gz
Octopus,KQ421758:+:240289:242289,42449,no,train,KQ421758,241554,+,219,0,Octopus_prebalancing.csv.gz
Octopus,KQ417802:+:7487:10153,17847,yes,train,KQ417802,9952,+,178,0.2126245847176079,Octopus_prebalancing.csv.gz
Octopus,KQ425758:+:17266:20569,55718,yes,train,KQ425758,18779,+,24,0.2235294117647059,Octopus_prebalancing.csv.gz
Octopus,KQ415952:-:300894:302128,3640,no,train,KQ415952,300887,-,216,0,Octopus_prebalancing.csv.gz
Octopus,KQ424203:-:62623:63173,51854,yes,train,KQ424203,62664,-,330,0.8967254408060453,Octopus_prebalancing.csv.gz
Octopus,KQ424114:+:62091:63803,51467,no,train,KQ424114,63446,+,336,0,Octopus_prebalancing.csv.gz
Octopus,KQ420126:+:474219:480496,32320,no,train,KQ420126,479416,+,443,0,Octopus_prebalancing.csv.gz
Octopus,KQ419413:-:54882:56621,28964,yes,train,KQ419413,55892,-,36,0.9430379746835444,Octopus_prebalancing.csv.gz
Octopus,KQ420902:-:23907:28446,37466,yes,train,KQ420902,25106,-,242,0.3046875,Octopus_prebalancing.csv.gz
Octopus,KQ424114:+:62091:63803,51427,yes,train,KQ424114,62344,+,195,0.2575757575757575,Octopus_prebalancing.csv.gz
Octopus,KQ418200:+:61525:63624,21717,yes,train,KQ418200,61875,+,61,0.5290322580645161,Octopus_prebalancing.csv.gz
Octopus,KQ417981:+:533430:537772,19293,no,train,KQ417981,535965,+,283,0,Octopus_prebalancing.csv.gz
Octopus,KQ422794:+:34599:36340,46681,yes,train,KQ422794,35280,+,148,0.2151898734177215,Octopus_prebalancing.csv.gz
Octopus,KQ418571:+:564763:566766,24713,no,train,KQ418571,565398,+,49,0,Octopus_prebalancing.csv.gz
Octopus,KQ431895:+:3872:10596,63203,yes,train,KQ431895,10283,+,695,0.5217391304347826,Octopus_prebalancing.csv.gz
Octopus,KQ416765:+:257582:260724,10170,no,train,KQ416765,259815,+,130,0,Octopus_prebalancing.csv.gz
Octopus,KQ424265:+:36818:40887,52076,no,train,KQ424265,36878,+,36,0,Octopus_prebalancing.csv.gz
Octopus,KQ417645:+:341394:346353,16464,yes,train,KQ417645,345066,+,64,0.3643724696356275,Octopus_prebalancing.csv.gz
Octopus,KQ425946:-:28543:30688,56098,no,train,KQ425946,30458,-,96,0,Octopus_prebalancing.csv.gz
Octopus,KQ416616:+:2452476:2453097,8787,no,train,KQ416616,2452565,+,222,0,Octopus_prebalancing.csv.gz
Octopus,KQ417931:+:57253:58998,18786,yes,train,KQ417931,58688,+,10,0.4698375870069605,Octopus_prebalancing.csv.gz
Octopus,KQ417670:+:106541:109344,16527,yes,train,KQ417670,107789,+,45,0.2826086956521739,Octopus_prebalancing.csv.gz
Octopus,KQ417303:-:32605:35670,13938,no,train,KQ417303,33761,-,189,0,Octopus_prebalancing.csv.gz
Octopus,KQ421356:-:55274:57599,40219,no,train,KQ421356,56265,-,7,0,Octopus_prebalancing.csv.gz
Octopus,KQ419577:-:319986:321103,29802,no,train,KQ419577,321049,-,109,0,Octopus_prebalancing.csv.gz
Octopus,KQ428842:-:120425:122108,60889,yes,train,KQ428842,121761,-,74,0.7551020408163265,Octopus_prebalancing.csv.gz
Octopus,KQ416955:-:484828:485261,11283,yes,train,KQ416955,484836,-,175,0.2236842105263158,Octopus_prebalancing.csv.gz
Octopus,KQ420796:-:186152:188342,36795,no,train,KQ420796,187225,-,231,0,Octopus_prebalancing.csv.gz
Octopus,KQ420776:+:373017:378761,36649,no,train,KQ420776,377345,+,53,0,Octopus_prebalancing.csv.gz
Octopus,KQ421758:+:240289:242289,42398,no,train,KQ421758,241357,+,22,0,Octopus_prebalancing.csv.gz
Octopus,KQ421684:+:36731:41102,41904,no,train,KQ421684,38144,+,74,0,Octopus_prebalancing.csv.gz
Octopus,KQ419763:+:125372:126247,30337,no,train,KQ419763,125631,+,267,0,Octopus_prebalancing.csv.gz
Octopus,KQ422794:+:34599:36340,46678,no,train,KQ422794,35271,+,139,0,Octopus_prebalancing.csv.gz
Octopus,KQ417824:+:996158:998152,17912,no,train,KQ417824,996667,+,9,0,Octopus_prebalancing.csv.gz
Octopus,KQ417911:+:922659:922975,18595,no,train,KQ417911,922945,+,270,0,Octopus_prebalancing.csv.gz
Octopus,KQ416738:+:179376:181420,9987,yes,train,KQ416738,181218,+,35,0.901840490797546,Octopus_prebalancing.csv.gz
Octopus,KQ422521:-:282473:284879,46016,no,train,KQ422521,283818,-,86,0,Octopus_prebalancing.csv.gz
Octopus,KQ423591:-:158064:163878,49829,yes,train,KQ423591,159538,-,104,0.2571428571428571,Octopus_prebalancing.csv.gz
Octopus,KQ420512:-:24848:32731,34822,yes,train,KQ420512,25844,-,156,0.408695652173913,Octopus_prebalancing.csv.gz
Octopus,KQ422208:-:431838:432631,44395,yes,train,KQ422208,432342,-,60,0.5894039735099338,Octopus_prebalancing.csv.gz
Octopus,KQ426495:+:180934:181576,56630,no,train,KQ426495,181601,+,256,0,Octopus_prebalancing.csv.gz
Octopus,KQ418443:-:17588:18968,23655,yes,train,KQ418443,17708,-,411,0.9734513274336284,Octopus_prebalancing.csv.gz
Octopus,KQ419574:+:872589:876091,29693,yes,train,KQ419574,873160,+,39,0.3036750483558994,Octopus_prebalancing.csv.gz
Octopus,KQ422866:-:193298:197038,47021,yes,train,KQ422866,194620,-,233,0.4178403755868544,Octopus_prebalancing.csv.gz
Octopus,KQ418580:+:701924:705836,24869,no,train,KQ418580,703346,+,170,0,Octopus_prebalancing.csv.gz
Octopus,KQ419333:-:48712:50653,28445,yes,train,KQ419333,49119,-,124,0.4132231404958678,Octopus_prebalancing.csv.gz
Octopus,KQ421758:-:534257:537309,42670,no,train,KQ421758,534495,-,119,0,Octopus_prebalancing.csv.gz
Octopus,KQ418644:+:598199:603528,25139,yes,train,KQ418644,601511,+,207,0.2981366459627329,Octopus_prebalancing.csv.gz
Octopus,KQ420776:-:126654:127969,36612,no,train,KQ420776,127313,-,18,0,Octopus_prebalancing.csv.gz
Octopus,KQ423703:-:321001:322179,50455,yes,train,KQ423703,321820,-,194,0.8,Octopus_prebalancing.csv.gz
Octopus,KQ416092:+:321624:324839,4484,yes,train,KQ416092,322918,+,224,0.9946524064171124,Octopus_prebalancing.csv.gz
Octopus,KQ430702:-:8638:10120,62403,yes,train,KQ430702,9097,-,350,0.3333333333333333,Octopus_prebalancing.csv.gz
Octopus,KQ418900:-:120417:121639,26285,no,train,KQ418900,121418,-,206,0,Octopus_prebalancing.csv.gz
Octopus,KQ422245:+:81496:84013,44737,yes,train,KQ422245,81814,+,182,0.4424552429667519,Octopus_prebalancing.csv.gz
Octopus,KQ416683:-:56517:57031,9466,yes,train,KQ416683,56773,-,25,0.9925373134328358,Octopus_prebalancing.csv.gz
Octopus,KQ416594:+:77063:82058,8411,no,train,KQ416594,78195,+,242,0,Octopus_prebalancing.csv.gz
Octopus,KQ415674:-:864176:867443,623,no,train,KQ415674,865347,-,37,0,Octopus_prebalancing.csv.gz
Octopus,KQ431376:-:41596:43687,62935,yes,train,KQ431376,41978,-,237,0.654054054054054,Octopus_prebalancing.csv.gz
Octopus,KQ428109:+:9813:13964,59892,no,train,KQ428109,10856,+,137,0,Octopus_prebalancing.csv.gz
Octopus,KQ420477:-:12030:15635,34598,no,train,KQ420477,15539,-,111,0,Octopus_prebalancing.csv.gz
Octopus,KQ425434:-:144233:145366,54926,no,train,KQ425434,144597,-,6,0,Octopus_prebalancing.csv.gz
Octopus,KQ416839:-:149278:151954,10905,yes,train,KQ416839,149329,-,236,0.4802631578947368,Octopus_prebalancing.csv.gz
Octopus,KQ416788:-:74481:75947,10413,yes,train,KQ416788,74803,-,288,0.9897959183673468,Octopus_prebalancing.csv.gz
Octopus,KQ421375:-:86931:88834,40576,yes,train,KQ421375,87972,-,171,0.3063973063973064,Octopus_prebalancing.csv.gz
Octopus,KQ417670:+:106541:109344,16568,no,train,KQ417670,107889,+,145,0,Octopus_prebalancing.csv.gz
Octopus,KQ415672:+:529983:538841,433,yes,train,KQ415672,538051,+,73,0.2261904761904762,Octopus_prebalancing.csv.gz
Octopus,KQ418194:+:1176195:1176917,21362,no,train,KQ418194,1176355,+,197,0,Octopus_prebalancing.csv.gz
Octopus,KQ422521:-:282473:284879,46035,no,train,KQ422521,283868,-,36,0,Octopus_prebalancing.csv.gz
Octopus,KQ433284:-:17319:18995,63750,no,train,KQ433284,18662,-,86,0,Octopus_prebalancing.csv.gz
Octopus,KQ416568:-:106474:107971,7935,yes,train,KQ416568,107259,-,287,0.3008130081300813,Octopus_prebalancing.csv.gz
Octopus,KQ418355:-:185490:188365,22805,yes,train,KQ418355,186053,-,220,0.9953917050691244,Octopus_prebalancing.csv.gz
Octopus,KQ415854:+:473174:474021,2194,no,train,KQ415854,473452,+,70,0,Octopus_prebalancing.csv.gz
Octopus,KQ416738:+:179376:181420,10003,no,train,KQ416738,181257,+,74,0,Octopus_prebalancing.csv.gz
Octopus,KQ421338:-:574795:575471,40078,no,train,KQ421338,575236,-,79,0,Octopus_prebalancing.csv.gz
Octopus,KQ422777:+:281544:283547,46611,no,train,KQ422777,283241,+,103,0,Octopus_prebalancing.csv.gz
Octopus,KQ419904:+:185913:188166,30632,no,train,KQ419904,187275,+,171,0,Octopus_prebalancing.csv.gz
Octopus,KQ421085:+:144467:144685,38766,no,train,KQ421085,144724,+,269,0,Octopus_prebalancing.csv.gz
Octopus,KQ419098:-:224612:226065,27112,yes,train,KQ419098,225844,-,60,0.3784860557768924,Octopus_prebalancing.csv.gz
Octopus,KQ416447:+:102891:107608,7318,no,train,KQ416447,106913,+,243,0,Octopus_prebalancing.csv.gz
Octopus,KQ419326:+:326078:326759,28284,no,train,KQ419326,326720,+,243,0,Octopus_prebalancing.csv.gz
Octopus,KQ422024:-:86095:88285,43835,yes,train,KQ422024,86206,-,169,0.1816770186335403,Octopus_prebalancing.csv.gz
Octopus,KQ425067:-:59117:68620,53737,no,train,KQ425067,64373,-,16,0,Octopus_prebalancing.csv.gz
Octopus,KQ420909:-:58461:62439,37516,yes,train,KQ420909,60958,-,400,0.5390625,Octopus_prebalancing.csv.gz
Octopus,KQ417318:-:474342:477099,14071,yes,train,KQ417318,476104,-,390,0.5446985446985447,Octopus_prebalancing.csv.gz
Octopus,KQ416040:+:502414:503677,4176,no,train,KQ416040,503179,+,237,0,Octopus_prebalancing.csv.gz
Octopus,KQ416002:+:145389:145843,3994,yes,train,KQ416002,145809,+,215,0.2033898305084746,Octopus_prebalancing.csv.gz
Octopus,KQ423248:-:278570:280112,48272,no,train,KQ423248,279564,-,95,0,Octopus_prebalancing.csv.gz
Octopus,KQ423509:-:57830:68774,49117,yes,train,KQ423509,62227,-,324,0.4972677595628415,Octopus_prebalancing.csv.gz
Octopus,KQ425289:-:310152:313829,54627,yes,train,KQ425289,313330,-,48,0.3253012048192771,Octopus_prebalancing.csv.gz
Octopus,KQ418900:-:120417:121639,26313,no,train,KQ418900,121529,-,116,0,Octopus_prebalancing.csv.gz
Octopus,KQ418355:-:185490:188365,22817,yes,train,KQ418355,186152,-,121,0.49375,Octopus_prebalancing.csv.gz
Octopus,KQ415907:+:346698:348754,2736,yes,train,KQ415907,348428,+,159,0.359375,Octopus_prebalancing.csv.gz
Octopus,KQ423014:-:35418:36161,47358,yes,train,KQ423014,35487,-,437,0.526813880126183,Octopus_prebalancing.csv.gz
Octopus,KQ418900:-:485296:490211,26420,yes,train,KQ418900,486833,-,682,0.3571428571428571,Octopus_prebalancing.csv.gz
Octopus,KQ426505:-:74479:75813,56984,no,train,KQ426505,75211,-,104,0,Octopus_prebalancing.csv.gz
Octopus,KQ423384:-:323447:334825,48519,yes,train,KQ423384,324579,-,188,0.1725601131541725,Octopus_prebalancing.csv.gz
Octopus,KQ420348:-:79805:80375,33737,no,train,KQ420348,79920,-,234,0,Octopus_prebalancing.csv.gz
Octopus,KQ422263:-:237976:240872,45010,no,train,KQ422263,238172,-,277,0,Octopus_prebalancing.csv.gz
Octopus,KQ418840:+:1648955:1650762,25951,no,train,KQ418840,1649864,+,184,0,Octopus_prebalancing.csv.gz
Octopus,KQ425655:-:319821:321341,55706,yes,train,KQ425655,321341,-,17,0.5513307984790875,Octopus_prebalancing.csv.gz
Octopus,KQ420796:-:186152:188342,36830,yes,train,KQ420796,187559,-,115,0.6706349206349206,Octopus_prebalancing.csv.gz
Octopus,KQ416929:+:777857:781590,11175,yes,train,KQ416929,778562,+,187,0.3330179754020814,Octopus_prebalancing.csv.gz
Octopus,KQ415951:+:107290:108224,3626,no,train,KQ415951,108071,+,280,0,Octopus_prebalancing.csv.gz
Octopus,KQ416197:-:1270:2182,5452,no,train,KQ416197,2124,-,48,0,Octopus_prebalancing.csv.gz
Octopus,KQ422138:+:334200:339109,44342,no,train,KQ422138,336631,+,257,0,Octopus_prebalancing.csv.gz
Octopus,KQ423631:-:133207:139083,50083,yes,train,KQ423631,138662,-,13,0.4592592592592592,Octopus_prebalancing.csv.gz
Octopus,KQ420126:+:474219:480496,32360,no,train,KQ420126,479528,+,555,0,Octopus_prebalancing.csv.gz
Octopus,KQ418580:+:701924:705836,24883,no,train,KQ418580,703392,+,216,0,Octopus_prebalancing.csv.gz
Octopus,KQ423868:-:105653:108514,50850,no,train,KQ423868,106595,-,237,0,Octopus_prebalancing.csv.gz
Octopus,KQ420444:+:439486:443984,34397,yes,train,KQ420444,442445,+,184,0.3205128205128205,Octopus_prebalancing.csv.gz
Octopus,KQ426499:-:175674:176165,56725,yes,train,KQ426499,175693,-,253,0.875,Octopus_prebalancing.csv.gz
Octopus,KQ425227:+:188459:189054,54090,no,train,KQ425227,188442,+,130,0,Octopus_prebalancing.csv.gz
Octopus,KQ415777:+:48820:51281,1521,yes,train,KQ415777,49297,+,46,0.5032679738562091,Octopus_prebalancing.csv.gz
Octopus,KQ421721:-:299835:300483,42086,no,train,KQ421721,300327,-,81,0,Octopus_prebalancing.csv.gz
Octopus,KQ415669:+:30162:32210,317,yes,train,KQ415669,31310,+,97,0.6916666666666667,Octopus_prebalancing.csv.gz
Octopus,KQ426791:-:413779:417331,57492,no,train,KQ426791,415639,-,23,0,Octopus_prebalancing.csv.gz
Octopus,KQ425758:+:17266:20569,55772,yes,train,KQ425758,18972,+,222,0.972972972972973,Octopus_prebalancing.csv.gz
Octopus,KQ423069:+:40459:43239,47675,no,train,KQ423069,42507,+,582,0,Octopus_prebalancing.csv.gz
Octopus,KQ427011:+:44729:52161,58187,yes,train,KQ427011,48271,+,188,0.2352941176470588,Octopus_prebalancing.csv.gz
Octopus,KQ416999:-:955994:958894,11569,yes,train,KQ416999,958690,-,22,0.1571428571428571,Octopus_prebalancing.csv.gz
Octopus,KQ415951:+:107290:108224,3610,no,train,KQ415951,108018,+,227,0,Octopus_prebalancing.csv.gz
Octopus,KQ416594:-:25583:31375,8325,yes,train,KQ416594,29452,-,283,0.6305732484076433,Octopus_prebalancing.csv.gz
Octopus,KQ417112:-:598933:605464,12426,yes,train,KQ417112,604598,-,96,0.6106060606060606,Octopus_prebalancing.csv.gz
Octopus,KQ416616:+:2452476:2453097,8758,no,train,KQ416616,2452442,+,99,0,Octopus_prebalancing.csv.gz
Octopus,KQ426659:+:67219:73481,57287,yes,train,KQ426659,68343,+,163,0.1512605042016806,Octopus_prebalancing.csv.gz
Octopus,KQ421824:+:10936:13182,43291,no,train,KQ421824,12375,+,99,0,Octopus_prebalancing.csv.gz
Octopus,KQ426791:-:665939:667169,57536,no,train,KQ426791,666975,-,91,0,Octopus_prebalancing.csv.gz
Octopus,KQ425262:-:63008:70787,54437,yes,train,KQ425262,69514,-,174,0.256544502617801,Octopus_prebalancing.csv.gz
Octopus,KQ419395:+:135166:136256,28683,no,train,KQ419395,135467,+,238,0,Octopus_prebalancing.csv.gz
Octopus,KQ419199:+:17614:19923,27728,no,train,KQ419199,18117,+,143,0,Octopus_prebalancing.csv.gz
Octopus,KQ421523:-:736020:739894,41245,yes,train,KQ421523,738617,-,181,0.1694915254237288,Octopus_prebalancing.csv.gz
Octopus,KQ419743:+:60073:75818,30247,yes,train,KQ419743,75630,+,220,0.3089005235602094,Octopus_prebalancing.csv.gz
Octopus,KQ416929:+:777857:781590,11122,yes,train,KQ416929,778023,+,32,0.8529411764705882,Octopus_prebalancing.csv.gz
Octopus,KQ431895:+:3872:10596,63190,yes,train,KQ431895,10265,+,677,0.7894736842105263,Octopus_prebalancing.csv.gz
Octopus,KQ416152:+:431359:432163,4812,no,train,KQ416152,432175,+,199,0,Octopus_prebalancing.csv.gz
Octopus,KQ415876:-:1905721:1908779,2568,no,train,KQ415876,1908732,-,16,0,Octopus_prebalancing.csv.gz
Octopus,KQ418523:-:372169:373200,24097,no,train,KQ418523,372670,-,76,0,Octopus_prebalancing.csv.gz
Octopus,KQ419607:+:761426:764220,30000,no,train,KQ419607,764249,+,185,0,Octopus_prebalancing.csv.gz
Octopus,KQ416582:+:69166:70237,8159,yes,train,KQ416582,69530,+,72,0.4865951742627346,Octopus_prebalancing.csv.gz
Octopus,KQ417701:-:269740:272982,17038,no,train,KQ417701,269904,-,192,0,Octopus_prebalancing.csv.gz
Octopus,KQ418420:-:72827:73422,23395,no,train,KQ418420,73231,-,208,0,Octopus_prebalancing.csv.gz
Octopus,KQ419409:+:573761:574041,28830,no,train,KQ419409,573792,+,111,0,Octopus_prebalancing.csv.gz
Octopus,KQ420270:-:30694:31959,33197,yes,train,KQ420270,31618,-,264,0.3915094339622642,Octopus_prebalancing.csv.gz
Octopus,KQ428115:+:154085:163627,59940,yes,train,KQ428115,156774,+,231,0.6382978723404256,Octopus_prebalancing.csv.gz
Octopus,KQ425492:+:133132:139452,55090,no,train,KQ425492,136882,+,320,0,Octopus_prebalancing.csv.gz
Octopus,KQ416788:-:74481:75947,10430,yes,train,KQ416788,74869,-,218,0.3257575757575757,Octopus_prebalancing.csv.gz
Octopus,KQ420642:-:200769:201948,35397,yes,train,KQ420642,200974,-,321,0.3916666666666666,Octopus_prebalancing.csv.gz
Octopus,KQ416612:+:1466743:1468899,8642,no,train,KQ416612,1468392,+,90,0,Octopus_prebalancing.csv.gz
Octopus,KQ417112:-:598933:605464,12324,yes,train,KQ417112,604273,-,427,0.7358101135190919,Octopus_prebalancing.csv.gz
Octopus,KQ423839:+:304491:306021,50659,yes,train,KQ423839,305915,+,435,0.4070796460176991,Octopus_prebalancing.csv.gz
Octopus,KQ431041:-:72960:75607,62748,no,train,KQ431041,74563,-,188,0,Octopus_prebalancing.csv.gz
Octopus,KQ422033:-:18330:23008,44101,yes,train,KQ422033,20320,-,151,0.2894736842105263,Octopus_prebalancing.csv.gz
Octopus,KQ416811:+:273090:273937,10712,no,train,KQ416811,273951,+,334,0,Octopus_prebalancing.csv.gz
Octopus,KQ427095:+:93081:95140,58561,no,train,KQ427095,94582,+,119,0,Octopus_prebalancing.csv.gz
Octopus,KQ426505:+:1446:1695,56793,yes,train,KQ426505,1591,+,182,0.6019417475728155,Octopus_prebalancing.csv.gz
Octopus,KQ418576:+:292927:299323,24811,yes,train,KQ418576,299213,+,173,0.5189873417721519,Octopus_prebalancing.csv.gz
Octopus,KQ421638:+:30744:34531,41536,yes,train,KQ421638,32653,+,293,0.6607929515418502,Octopus_prebalancing.csv.gz
Octopus,KQ418194:+:2647469:2647998,21570,no,train,KQ418194,2647621,+,34,0,Octopus_prebalancing.csv.gz
Octopus,KQ418711:+:1001297:1002273,25254,no,train,KQ418711,1001364,+,81,0,Octopus_prebalancing.csv.gz
Octopus,KQ418040:-:357576:360646,19750,yes,train,KQ418040,357747,-,214,0.2634730538922156,Octopus_prebalancing.csv.gz
Octopus,KQ426659:+:67219:73481,57344,no,train,KQ426659,72135,+,431,0,Octopus_prebalancing.csv.gz
Octopus,KQ418644:+:541431:543535,25091,no,train,KQ418644,543204,+,229,0,Octopus_prebalancing.csv.gz
Octopus,KQ419432:+:166590:169288,29029,no,train,KQ419432,169162,+,191,0,Octopus_prebalancing.csv.gz
Octopus,KQ418483:+:416342:421470,23919,no,train,KQ418483,419469,+,211,0,Octopus_prebalancing.csv.gz
Octopus,KQ422500:-:203047:204525,45739,yes,train,KQ422500,203551,-,323,0.7009966777408638,Octopus_prebalancing.csv.gz
Octopus,KQ420828:-:1590008:1590392,37223,yes,train,KQ420828,1590244,-,92,0.4049586776859504,Octopus_prebalancing.csv.gz
Octopus,KQ427587:+:206953:208278,59277,no,train,KQ427587,208291,+,207,0,Octopus_prebalancing.csv.gz
Octopus,KQ420409:-:382365:396926,33983,yes,train,KQ420409,386705,-,37,1,Octopus_prebalancing.csv.gz
Octopus,KQ423506:-:150904:151936,49080,no,train,KQ423506,151638,-,248,0,Octopus_prebalancing.csv.gz
Octopus,KQ415952:-:300894:302128,3695,yes,train,KQ415952,301135,-,27,0.5714285714285714,Octopus_prebalancing.csv.gz
Octopus,KQ419648:+:147236:149270,30163,no,train,KQ419648,149286,+,205,0,Octopus_prebalancing.csv.gz
Octopus,KQ415659:+:1944407:1946585,169,yes,train,KQ415659,1945910,+,324,0.6078431372549019,Octopus_prebalancing.csv.gz
Octopus,KQ421638:+:482367:484785,41688,no,train,KQ421638,484197,+,91,0,Octopus_prebalancing.csv.gz
Octopus,KQ417620:+:1325507:1327799,16134,no,train,KQ417620,1326695,+,67,0,Octopus_prebalancing.csv.gz
Octopus,KQ426495:+:180934:181576,56636,no,train,KQ426495,181626,+,281,0,Octopus_prebalancing.csv.gz
Octopus,KQ424168:+:169950:179441,51736,yes,train,KQ424168,174656,+,144,0.4438502673796791,Octopus_prebalancing.csv.gz
Octopus,KQ422521:-:248600:250319,45932,no,train,KQ422521,249103,-,70,0,Octopus_prebalancing.csv.gz
Octopus,KQ420909:-:58461:62439,37572,no,train,KQ420909,61117,-,235,0,Octopus_prebalancing.csv.gz
Octopus,KQ415916:+:253400:255443,2833,no,train,KQ415916,255284,+,185,0,Octopus_prebalancing.csv.gz
Octopus,KQ420942:+:522955:524648,37933,yes,train,KQ420942,524379,+,14,0.4,Octopus_prebalancing.csv.gz
Octopus,KQ420055:+:851865:852098,31688,no,train,KQ420055,851962,+,105,0,Octopus_prebalancing.csv.gz
Octopus,KQ417245:+:359507:360722,13173,yes,train,KQ417245,359740,+,243,0.1967871485943775,Octopus_prebalancing.csv.gz
Octopus,KQ418520:-:135456:135922,24014,no,train,KQ418520,135501,-,273,0,Octopus_prebalancing.csv.gz
Octopus,KQ432638:+:110684:118491,63521,no,train,KQ432638,116006,+,34,0,Octopus_prebalancing.csv.gz
Octopus,KQ420017:+:341685:342236,31469,no,train,KQ420017,341951,+,217,0,Octopus_prebalancing.csv.gz
Octopus,KQ418355:-:185490:188365,22768,yes,train,KQ418355,185755,-,359,0.3788546255506608,Octopus_prebalancing.csv.gz
Octopus,KQ419500:+:684975:695320,29330,no,train,KQ419500,686949,+,46,0,Octopus_prebalancing.csv.gz
Octopus,KQ419333:-:48712:50653,28442,yes,train,KQ419333,49103,-,140,0.1931567328918322,Octopus_prebalancing.csv.gz
Octopus,KQ421143:+:354283:363501,39268,no,train,KQ421143,359407,+,8,0,Octopus_prebalancing.csv.gz
Octopus,KQ415722:+:39339:39606,1255,no,train,KQ415722,39568,+,251,0,Octopus_prebalancing.csv.gz
Octopus,KQ416197:-:1270:2182,5432,no,train,KQ416197,2081,-,91,0,Octopus_prebalancing.csv.gz
Octopus,KQ421338:-:574795:575471,40052,no,train,KQ421338,575127,-,195,0,Octopus_prebalancing.csv.gz
Octopus,KQ415659:+:1944407:1946585,151,yes,train,KQ415659,1945862,+,276,0.9955156950672646,Octopus_prebalancing.csv.gz
Octopus,KQ421638:-:32070:32852,41451,yes,train,KQ421638,32113,-,460,0.4824561403508772,Octopus_prebalancing.csv.gz
Octopus,KQ415960:+:45558:53429,3747,yes,train,KQ415960,47465,+,139,0.4033898305084746,Octopus_prebalancing.csv.gz
Octopus,KQ425067:-:59117:68620,53707,yes,train,KQ425067,64265,-,124,0.3926701570680628,Octopus_prebalancing.csv.gz
Octopus,KQ428115:+:154085:163627,59937,yes,train,KQ428115,156768,+,225,0.4296875,Octopus_prebalancing.csv.gz
Octopus,KQ416568:-:106474:107971,8004,no,train,KQ416568,107531,-,9,0,Octopus_prebalancing.csv.gz
Octopus,KQ421217:-:75990:76821,39688,no,train,KQ421217,76757,-,125,0,Octopus_prebalancing.csv.gz
Octopus,KQ426499:-:175674:176165,56753,yes,train,KQ426499,175784,-,162,0.9333333333333332,Octopus_prebalancing.csv.gz
Octopus,KQ417062:+:126881:128514,12005,yes,train,KQ417062,128349,+,265,0.3865546218487395,Octopus_prebalancing.csv.gz
Octopus,KQ421206:-:489842:494429,39588,no,train,KQ421206,493025,-,187,0,Octopus_prebalancing.csv.gz
Octopus,KQ417847:-:1095310:1097869,18019,yes,train,KQ417847,1095484,-,259,0.2647058823529412,Octopus_prebalancing.csv.gz
Octopus,KQ417540:+:31885:32817,15657,no,train,KQ417540,31851,+,103,0,Octopus_prebalancing.csv.gz
Octopus,KQ416188:+:304409:307535,5144,yes,train,KQ416188,307146,+,23,0.6377759607522485,Octopus_prebalancing.csv.gz
Octopus,KQ420488:-:111130:114963,34722,no,train,KQ420488,111664,-,17,0,Octopus_prebalancing.csv.gz
Octopus,KQ427700:-:77255:85328,59401,yes,train,KQ427700,81122,-,97,0.1578947368421052,Octopus_prebalancing.csv.gz
Octopus,KQ419376:+:613064:619101,28557,yes,train,KQ419376,613703,+,18,0.2647058823529412,Octopus_prebalancing.csv.gz
Octopus,KQ417620:-:314872:315736,15987,yes,train,KQ417620,315179,-,436,0.3680781758957654,Octopus_prebalancing.csv.gz
Octopus,KQ416594:-:25583:31375,8338,yes,train,KQ416594,29507,-,228,0.3796992481203007,Octopus_prebalancing.csv.gz
Octopus,KQ416524:+:12270:12515,7753,no,train,KQ416524,12339,+,125,0,Octopus_prebalancing.csv.gz
Octopus,KQ420299:-:531133:532105,33280,no,train,KQ420299,531700,-,194,0,Octopus_prebalancing.csv.gz
Octopus,KQ422777:+:281544:283547,46602,yes,train,KQ422777,283215,+,77,0.3846153846153846,Octopus_prebalancing.csv.gz
Octopus,KQ416092:+:321624:324839,4449,yes,train,KQ416092,322738,+,38,0.5420560747663551,Octopus_prebalancing.csv.gz
Octopus,KQ416454:-:22401:23502,7350,yes,train,KQ416454,22589,-,255,0.1693635382955771,Octopus_prebalancing.csv.gz
Octopus,KQ417417:-:19359:26595,14997,no,train,KQ417417,19437,-,293,0,Octopus_prebalancing.csv.gz
Octopus,KQ426259:+:186651:188364,56404,no,train,KQ426259,186890,+,237,0,Octopus_prebalancing.csv.gz
Octopus,KQ415952:-:300894:302128,3702,no,train,KQ415952,301154,-,8,0,Octopus_prebalancing.csv.gz
Octopus,KQ416454:-:210630:218397,7454,yes,train,KQ416454,217633,-,233,0.875,Octopus_prebalancing.csv.gz
Octopus,KQ417012:-:60820:61575,11642,no,train,KQ417012,61434,-,173,0,Octopus_prebalancing.csv.gz
Octopus,KQ416612:+:1466743:1468899,8656,no,train,KQ416612,1468446,+,144,0,Octopus_prebalancing.csv.gz
Octopus,KQ420166:-:246576:253851,32943,no,train,KQ420166,252984,-,59,0,Octopus_prebalancing.csv.gz
Octopus,KQ418429:+:134516:135452,23475,no,train,KQ418429,135298,+,232,0,Octopus_prebalancing.csv.gz
Octopus,KQ420313:-:692964:694535,33529,no,train,KQ420313,693153,-,289,0,Octopus_prebalancing.csv.gz
Octopus,KQ418355:-:185490:188365,22792,yes,train,KQ418355,185838,-,276,0.9792746113989638,Octopus_prebalancing.csv.gz
Octopus,KQ419973:+:575758:577898,30918,no,train,KQ419973,575961,+,65,0,Octopus_prebalancing.csv.gz
Octopus,KQ416171:+:192715:198630,4840,no,train,KQ416171,197534,+,133,0,Octopus_prebalancing.csv.gz
Octopus,KQ417670:+:106541:109344,16576,no,train,KQ417670,107911,+,167,0,Octopus_prebalancing.csv.gz
Octopus,KQ422263:-:237976:240872,45040,yes,train,KQ422263,238246,-,203,0.964968152866242,Octopus_prebalancing.csv.gz
Octopus,KQ419098:-:224612:226065,27056,no,train,KQ419098,225680,-,224,0,Octopus_prebalancing.csv.gz
Octopus,KQ418545:+:60899:66262,24479,no,train,KQ418545,61299,+,106,0,Octopus_prebalancing.csv.gz
Octopus,KQ420776:+:373017:378761,36729,yes,train,KQ420776,377589,+,301,0.925217391304348,Octopus_prebalancing.csv.gz
Octopus,KQ418900:-:485296:490211,26447,yes,train,KQ418900,486940,-,575,0.943502824858757,Octopus_prebalancing.csv.gz
Octopus,KQ416279:-:193873:195330,6408,no,train,KQ416279,193894,-,210,0,Octopus_prebalancing.csv.gz
Octopus,KQ416491:+:671680:671851,7690,no,train,KQ416491,671781,+,130,0,Octopus_prebalancing.csv.gz
Octopus,KQ420126:+:474219:480496,32330,yes,train,KQ420126,479446,+,473,0.5027624309392266,Octopus_prebalancing.csv.gz
Octopus,KQ421638:+:30744:34531,41601,yes,train,KQ421638,32760,+,400,0.4832535885167464,Octopus_prebalancing.csv.gz
Octopus,KQ420444:+:439486:443984,34414,no,train,KQ420444,442497,+,236,0,Octopus_prebalancing.csv.gz
Octopus,KQ416447:+:102891:107608,7301,yes,train,KQ416447,106863,+,193,0.6188118811881188,Octopus_prebalancing.csv.gz
Octopus,KQ419203:-:39965:40712,27891,no,train,KQ419203,40585,-,135,0,Octopus_prebalancing.csv.gz
Octopus,KQ420166:-:246576:253851,32937,no,train,KQ420166,252956,-,87,0,Octopus_prebalancing.csv.gz
Octopus,KQ417796:+:458790:459137,17645,yes,train,KQ417796,458843,+,69,0.2068965517241379,Octopus_prebalancing.csv.gz
Octopus,KQ430572:-:129875:131303,62233,no,train,KQ430572,131287,-,314,0,Octopus_prebalancing.csv.gz
Octopus,KQ430572:+:128019:128398,62171,yes,train,KQ430572,128379,+,322,0.4347826086956521,Octopus_prebalancing.csv.gz
Octopus,KQ422024:-:86095:88285,43862,no,train,KQ422024,86740,-,74,0,Octopus_prebalancing.csv.gz
Octopus,KQ433339:+:27883:36851,63831,yes,train,KQ433339,28206,+,149,0.1508771929824561,Octopus_prebalancing.csv.gz
Octopus,KQ420153:-:20390:23631,32691,yes,train,KQ420153,22295,-,208,0.9154929577464788,Octopus_prebalancing.csv.gz
Octopus,KQ428492:-:1282:4024,60380,no,train,KQ428492,2692,-,262,0,Octopus_prebalancing.csv.gz
Octopus,KQ419648:+:147236:149270,30149,no,train,KQ419648,149236,+,155,0,Octopus_prebalancing.csv.gz
Octopus,KQ416788:-:74481:75947,10341,yes,train,KQ416788,74632,-,459,0.3368055555555556,Octopus_prebalancing.csv.gz
Octopus,KQ420550:-:94093:103027,34985,no,train,KQ420550,102489,-,148,0,Octopus_prebalancing.csv.gz
Octopus,KQ425289:-:310152:313829,54631,yes,train,KQ425289,313343,-,35,0.8115942028985508,Octopus_prebalancing.csv.gz
Octopus,KQ423912:+:27184:28834,51196,yes,train,KQ423912,28075,+,185,0.1971830985915492,Octopus_prebalancing.csv.gz
Octopus,KQ427011:+:44729:52161,58157,yes,train,KQ427011,48174,+,91,0.2483660130718954,Octopus_prebalancing.csv.gz
Octopus,KQ416040:+:502414:503677,4110,no,train,KQ416040,502969,+,21,0,Octopus_prebalancing.csv.gz
Octopus,KQ420595:+:432507:442232,35294,yes,train,KQ420595,438521,+,350,0.275,Octopus_prebalancing.csv.gz
Octopus,KQ417318:-:213492:213693,14015,no,train,KQ417318,213581,-,149,0,Octopus_prebalancing.csv.gz
Octopus,KQ426659:+:67219:73481,57333,yes,train,KQ426659,72103,+,399,0.3265306122448979,Octopus_prebalancing.csv.gz
Octopus,KQ426505:-:176528:177288,57058,yes,train,KQ426505,176540,-,277,0.925,Octopus_prebalancing.csv.gz
Octopus,KQ416612:+:1466743:1468899,8655,no,train,KQ416612,1468444,+,142,0,Octopus_prebalancing.csv.gz
Octopus,KQ418873:+:627338:632183,26161,no,train,KQ418873,629200,+,361,0,Octopus_prebalancing.csv.gz
Octopus,KQ418336:+:64516:66047,22680,yes,train,KQ418336,65429,+,79,0.1735537190082644,Octopus_prebalancing.csv.gz
Octopus,KQ420690:-:166278:172996,36137,no,train,KQ420690,166743,-,517,0,Octopus_prebalancing.csv.gz
Octopus,KQ416568:-:106474:107971,7954,no,train,KQ416568,107363,-,183,0,Octopus_prebalancing.csv.gz
Octopus,KQ420505:-:309677:312029,34780,yes,train,KQ420505,311368,-,281,0.2539682539682539,Octopus_prebalancing.csv.gz
Octopus,KQ416694:+:2524832:2531725,9691,yes,train,KQ416694,2526046,+,187,0.6666666666666666,Octopus_prebalancing.csv.gz
Octopus,KQ426215:+:29905:30045,56306,no,train,KQ426215,29926,+,80,0,Octopus_prebalancing.csv.gz
Octopus,KQ421411:+:481404:484595,40874,yes,train,KQ421411,484165,+,169,0.1907894736842105,Octopus_prebalancing.csv.gz
Octopus,KQ416454:-:22401:23502,7331,yes,train,KQ416454,22522,-,322,0.2548076923076923,Octopus_prebalancing.csv.gz
Octopus,KQ416235:-:90868:101227,5852,no,train,KQ416235,94617,-,519,0,Octopus_prebalancing.csv.gz
Octopus,KQ433339:+:27883:36851,63791,yes,train,KQ433339,28094,+,37,0.8489795918367347,Octopus_prebalancing.csv.gz
Octopus,KQ425066:-:282179:287501,53567,yes,train,KQ425066,286022,-,52,0.189873417721519,Octopus_prebalancing.csv.gz
Octopus,KQ415722:+:39339:39606,1221,no,train,KQ415722,39467,+,143,0,Octopus_prebalancing.csv.gz
Octopus,KQ424659:+:227171:231163,52784,no,train,KQ424659,230842,+,151,0,Octopus_prebalancing.csv.gz
Octopus,KQ416404:-:273714:275131,7238,yes,train,KQ416404,274654,-,22,0.8364779874213837,Octopus_prebalancing.csv.gz
Octopus,KQ415952:-:300894:302128,3704,no,train,KQ415952,301157,-,5,0,Octopus_prebalancing.csv.gz
Octopus,KQ423591:-:165345:167675,49890,no,train,KQ423591,165464,-,71,0,Octopus_prebalancing.csv.gz
Octopus,KQ415672:+:529983:538841,473,no,train,KQ415672,538209,+,231,0,Octopus_prebalancing.csv.gz
Octopus,KQ416681:+:123800:125409,9393,no,train,KQ416681,125077,+,101,0,Octopus_prebalancing.csv.gz
Octopus,KQ421523:-:1031217:1031576,41291,no,train,KQ421523,1031358,-,234,0,Octopus_prebalancing.csv.gz
Octopus,KQ416694:+:2524832:2531725,9680,yes,train,KQ416694,2525017,+,42,0.2342342342342342,Octopus_prebalancing.csv.gz
Octopus,KQ419326:-:650273:654129,28338,no,train,KQ419326,653020,-,20,0,Octopus_prebalancing.csv.gz
Octopus,KQ427922:+:53789:55100,59723,no,train,KQ427922,54980,+,94,0,Octopus_prebalancing.csv.gz
Octopus,KQ419593:-:1573:3918,29939,no,train,KQ419593,2995,-,159,0,Octopus_prebalancing.csv.gz
Octopus,KQ417931:+:57253:58998,18809,no,train,KQ417931,58752,+,74,0,Octopus_prebalancing.csv.gz
Octopus,KQ428118:-:8307:9238,60024,yes,train,KQ428118,9162,-,88,0.1772151898734177,Octopus_prebalancing.csv.gz
Octopus,KQ417931:+:57253:58998,18829,yes,train,KQ417931,58930,+,135,0.5941520467836258,Octopus_prebalancing.csv.gz
Octopus,KQ430572:-:129875:131303,62240,no,train,KQ430572,131309,-,292,0,Octopus_prebalancing.csv.gz
Octopus,KQ418431:-:1036370:1040092,23576,no,train,KQ418431,1039154,-,92,0,Octopus_prebalancing.csv.gz
Octopus,KQ421758:-:260871:261476,42574,yes,train,KQ421758,261421,-,86,0.5898520084566596,Octopus_prebalancing.csv.gz
Octopus,KQ418194:+:2647469:2647998,21605,yes,train,KQ418194,2647756,+,175,0.2838709677419355,Octopus_prebalancing.csv.gz
Octopus,KQ421117:-:1800705:1801920,39118,no,train,KQ421117,1801167,-,201,0,Octopus_prebalancing.csv.gz
Octopus,KQ416087:-:494228:496857,4276,yes,train,KQ416087,495115,-,279,0.6330645161290323,Octopus_prebalancing.csv.gz
Octopus,KQ417090:-:1525730:1527393,12036,no,train,KQ417090,1527237,-,171,0,Octopus_prebalancing.csv.gz
Octopus,KQ423868:-:105653:108514,50849,yes,train,KQ423868,106593,-,239,0.1617647058823529,Octopus_prebalancing.csv.gz
Octopus,KQ418459:+:176850:178358,23799,no,train,KQ418459,177647,+,182,0,Octopus_prebalancing.csv.gz
Octopus,KQ420512:-:24848:32731,34825,yes,train,KQ420512,25854,-,146,0.174757281553398,Octopus_prebalancing.csv.gz
Octopus,KQ420157:+:154445:155503,32828,no,train,KQ420157,155310,+,296,0,Octopus_prebalancing.csv.gz
Octopus,KQ430069:+:5459:6074,61701,yes,train,KQ430069,5885,+,95,0.9197080291970804,Octopus_prebalancing.csv.gz
Octopus,KQ416766:-:4974:6044,10231,no,train,KQ416766,5196,-,776,0,Octopus_prebalancing.csv.gz
Octopus,KQ419500:+:684975:695320,29334,no,train,KQ419500,686969,+,66,0,Octopus_prebalancing.csv.gz
Octopus,KQ431895:+:3872:10596,63142,yes,train,KQ431895,10137,+,549,0.60546875,Octopus_prebalancing.csv.gz
Octopus,KQ423069:+:40459:43239,47579,yes,train,KQ423069,42178,+,250,0.4141935483870967,Octopus_prebalancing.csv.gz
Octopus,KQ422658:+:192535:194721,46289,yes,train,KQ422658,193151,+,325,0.4676258992805755,Octopus_prebalancing.csv.gz
Octopus,KQ427949:-:158012:164712,59754,no,train,KQ427949,160864,-,170,0,Octopus_prebalancing.csv.gz
Octopus,KQ431895:+:3872:10596,63158,yes,train,KQ431895,10187,+,599,0.6420454545454546,Octopus_prebalancing.csv.gz
Octopus,KQ421338:-:574795:575471,40056,no,train,KQ421338,575157,-,165,0,Octopus_prebalancing.csv.gz
Octopus,KQ424265:+:36818:40887,52071,yes,train,KQ424265,36861,+,19,0.3333333333333333,Octopus_prebalancing.csv.gz
Octopus,KQ420595:+:432507:442232,35272,no,train,KQ420595,438469,+,298,0,Octopus_prebalancing.csv.gz
Octopus,KQ430702:-:8638:10120,62435,yes,train,KQ430702,9181,-,266,0.4285714285714285,Octopus_prebalancing.csv.gz
Octopus,KQ427812:-:11379:11735,59529,yes,train,KQ427812,11598,-,99,0.3312101910828025,Octopus_prebalancing.csv.gz
Octopus,KQ421150:-:83423:84625,39364,no,train,KQ421150,83485,-,123,0,Octopus_prebalancing.csv.gz
Octopus,KQ420902:-:23907:28446,37445,yes,train,KQ420902,25060,-,288,0.7652173913043478,Octopus_prebalancing.csv.gz
Octopus,KQ417245:+:359507:360722,13184,yes,train,KQ417245,359791,+,294,0.7986577181208053,Octopus_prebalancing.csv.gz
Octopus,KQ421656:-:287924:292121,41808,yes,train,KQ421656,289976,-,205,0.3728813559322034,Octopus_prebalancing.csv.gz
Octopus,KQ420444:+:439486:443984,34355,yes,train,KQ420444,442285,+,24,0.5585106382978723,Octopus_prebalancing.csv.gz
Octopus,KQ420660:-:87245:89350,35503,yes,train,KQ420660,89245,-,68,0.3451327433628318,Octopus_prebalancing.csv.gz
Octopus,KQ421638:+:482367:484785,41705,no,train,KQ421638,484269,+,169,0,Octopus_prebalancing.csv.gz
Octopus,KQ416811:+:273090:273937,10689,no,train,KQ416811,273882,+,265,0,Octopus_prebalancing.csv.gz
Octopus,KQ421117:+:1266315:1274800,39005,yes,train,KQ421117,1272743,+,104,0.9785714285714284,Octopus_prebalancing.csv.gz
Octopus,KQ420942:+:253753:260737,37876,no,train,KQ420942,254840,+,77,0,Octopus_prebalancing.csv.gz
Octopus,KQ419593:-:1573:3918,29976,yes,train,KQ419593,3125,-,29,0.5542168674698795,Octopus_prebalancing.csv.gz
Octopus,KQ421800:+:115671:129740,43102,yes,train,KQ421800,123379,+,337,0.4412032816773017,Octopus_prebalancing.csv.gz
Octopus,KQ416338:-:608611:614029,6970,no,train,KQ416338,609525,-,209,0,Octopus_prebalancing.csv.gz
Octopus,KQ419574:-:312670:313004,29654,no,train,KQ419574,312939,-,97,0,Octopus_prebalancing.csv.gz
Octopus,KQ421638:-:32070:32852,41620,yes,train,KQ421638,32791,-,84,0.8699186991869918,Octopus_prebalancing.csv.gz
Octopus,KQ421724:+:261169:261574,42162,no,train,KQ421724,261264,+,114,0,Octopus_prebalancing.csv.gz
Octopus,KQ419281:+:554403:559442,28116,no,train,KQ419281,556575,+,224,0,Octopus_prebalancing.csv.gz
Octopus,KQ418355:-:185490:188365,22750,yes,train,KQ418355,185705,-,409,0.73125,Octopus_prebalancing.csv.gz
Octopus,KQ426988:+:12305:13448,57896,no,train,KQ426988,12282,+,5,0,Octopus_prebalancing.csv.gz
Octopus,KQ417917:+:343392:344664,18697,yes,train,KQ417917,344649,+,288,0.4890510948905109,Octopus_prebalancing.csv.gz
Octopus,KQ420595:+:432507:442232,35253,yes,train,KQ420595,438426,+,255,0.5138888888888888,Octopus_prebalancing.csv.gz
Octopus,KQ417945:-:2814:6425,18942,no,train,KQ417945,5062,-,145,0,Octopus_prebalancing.csv.gz
Octopus,KQ417238:+:79035:88341,13040,yes,train,KQ417238,87893,+,313,0.5906735751295337,Octopus_prebalancing.csv.gz
Octopus,KQ418190:+:14761:17774,21224,yes,train,KQ418190,17198,+,26,1,Octopus_prebalancing.csv.gz
Octopus,KQ415907:+:346698:348754,2734,yes,train,KQ415907,348425,+,156,0.3306451612903225,Octopus_prebalancing.csv.gz
Octopus,KQ421656:-:287924:292121,41769,yes,train,KQ421656,289847,-,339,0.8326996197718631,Octopus_prebalancing.csv.gz
Octopus,KQ420009:+:182821:186225,31399,no,train,KQ420009,185878,+,204,0,Octopus_prebalancing.csv.gz
Octopus,KQ420126:-:422501:423261,32137,yes,train,KQ420126,422555,-,205,0.35,Octopus_prebalancing.csv.gz
Octopus,KQ419787:-:9867:18612,30442,yes,train,KQ419787,12453,-,209,0.3363636363636363,Octopus_prebalancing.csv.gz
Octopus,KQ421356:-:55274:57599,40205,yes,train,KQ421356,56213,-,59,0.1851851851851851,Octopus_prebalancing.csv.gz
Octopus,KQ422245:+:81496:84013,44702,no,train,KQ422245,81685,+,53,0,Octopus_prebalancing.csv.gz
Octopus,KQ423831:+:6585:13257,50603,yes,train,KQ423831,7571,+,16,0.4025157232704403,Octopus_prebalancing.csv.gz
Octopus,KQ417731:+:297906:298634,17401,yes,train,KQ417731,298579,+,172,0.2666666666666666,Octopus_prebalancing.csv.gz
Octopus,KQ416738:+:179376:181420,10034,yes,train,KQ416738,181371,+,185,0.7787610619469026,Octopus_prebalancing.csv.gz
Octopus,KQ418370:+:163018:164778,23096,no,train,KQ418370,164246,+,25,0,Octopus_prebalancing.csv.gz
Octopus,KQ423509:-:57830:68774,49161,yes,train,KQ423509,62355,-,196,1,Octopus_prebalancing.csv.gz
Octopus,KQ420444:+:439486:443984,34445,yes,train,KQ420444,443100,+,361,0.2993827160493827,Octopus_prebalancing.csv.gz
Octopus,KQ421724:+:261169:261574,42137,no,train,KQ421724,261160,+,10,0,Octopus_prebalancing.csv.gz
Octopus,KQ422738:-:37291:40054,46507,yes,train,KQ422738,38752,-,345,0.7463768115942029,Octopus_prebalancing.csv.gz
Octopus,KQ433942:-:4310:10973,63958,yes,train,KQ433942,10603,-,161,0.18,Octopus_prebalancing.csv.gz
Octopus,KQ422311:+:25303:26176,45220,no,train,KQ422311,26042,+,245,0,Octopus_prebalancing.csv.gz
Octopus,KQ419333:-:48712:50653,28450,yes,train,KQ419333,49135,-,108,0.630184331797235,Octopus_prebalancing.csv.gz
Octopus,KQ424997:-:24557:25090,53240,yes,train,KQ424997,24757,-,95,0.5990783410138248,Octopus_prebalancing.csv.gz
Octopus,KQ420690:-:106079:111818,36114,yes,train,KQ420690,107421,-,31,0.9513888888888888,Octopus_prebalancing.csv.gz
Octopus,KQ422351:+:87673:90036,45291,no,train,KQ422351,88378,+,99,0,Octopus_prebalancing.csv.gz
Octopus,KQ417945:-:2814:6425,18936,yes,train,KQ417945,5002,-,205,0.2777777777777778,Octopus_prebalancing.csv.gz
Octopus,KQ425758:+:17266:20569,55781,yes,train,KQ425758,19021,+,271,0.7732732732732732,Octopus_prebalancing.csv.gz
Octopus,KQ416678:-:507714:508728,9325,no,train,KQ416678,507987,-,159,0,Octopus_prebalancing.csv.gz
Octopus,KQ425850:-:284737:296046,55896,yes,train,KQ425850,293444,-,12,0.379746835443038,Octopus_prebalancing.csv.gz
Octopus,KQ420525:+:196723:199829,34881,yes,train,KQ420525,199080,+,274,0.1583333333333333,Octopus_prebalancing.csv.gz
Octopus,KQ420261:+:1151455:1153527,33055,no,train,KQ420261,1153403,+,333,0,Octopus_prebalancing.csv.gz
Octopus,KQ427753:+:65163:68127,59433,no,train,KQ427753,67014,+,265,0,Octopus_prebalancing.csv.gz
Octopus,KQ430702:-:8638:10120,62440,yes,train,KQ430702,9768,-,228,0.3676470588235294,Octopus_prebalancing.csv.gz
Octopus,KQ430702:-:8638:10120,62426,yes,train,KQ430702,9167,-,280,0.4207317073170731,Octopus_prebalancing.csv.gz
Octopus,KQ420126:+:474219:480496,32323,yes,train,KQ420126,479423,+,450,0.5086505190311419,Octopus_prebalancing.csv.gz
Octopus,KQ417353:-:42503:47060,14481,no,train,KQ417353,43843,-,10,0,Octopus_prebalancing.csv.gz
Octopus,KQ421638:+:30744:34531,41511,yes,train,KQ421638,32263,+,214,0.8048780487804879,Octopus_prebalancing.csv.gz
Octopus,KQ429244:+:90234:91216,61244,no,train,KQ429244,91157,+,109,0,Octopus_prebalancing.csv.gz
Octopus,KQ419199:+:17614:19923,27799,yes,train,KQ419199,18775,+,362,0.7699115044247787,Octopus_prebalancing.csv.gz
Octopus,KQ415659:+:1944407:1946585,88,yes,train,KQ415659,1944524,+,82,0.2231404958677686,Octopus_prebalancing.csv.gz
Octopus,KQ430251:+:13943:16469,62083,no,train,KQ430251,15388,+,234,0,Octopus_prebalancing.csv.gz
Octopus,KQ421411:+:481404:484595,40912,yes,train,KQ421411,484353,+,361,0.2007575757575757,Octopus_prebalancing.csv.gz
Octopus,KQ428036:-:63183:64283,59846,no,train,KQ428036,63891,-,300,0,Octopus_prebalancing.csv.gz
Octopus,KQ433284:-:17319:18995,63689,yes,train,KQ433284,18481,-,256,0.4569288389513108,Octopus_prebalancing.csv.gz
Octopus,KQ426659:+:67219:73481,57343,no,train,KQ426659,72133,+,429,0,Octopus_prebalancing.csv.gz
Octopus,KQ422794:+:34599:36340,46667,no,train,KQ422794,34973,+,93,0,Octopus_prebalancing.csv.gz
Octopus,KQ429763:+:224888:229203,61474,no,train,KQ429763,224869,+,92,0,Octopus_prebalancing.csv.gz
Octopus,KQ420126:+:474219:480496,32281,no,train,KQ420126,479287,+,314,0,Octopus_prebalancing.csv.gz
Octopus,KQ416684:-:407347:407907,9502,yes,train,KQ416684,407440,-,133,0.3195876288659793,Octopus_prebalancing.csv.gz
Octopus,KQ416478:-:33961:35095,7583,yes,train,KQ416478,35091,-,12,0.6707818930041153,Octopus_prebalancing.csv.gz
Octopus,KQ418644:+:541431:543535,25113,no,train,KQ418644,543270,+,295,0,Octopus_prebalancing.csv.gz
Octopus,KQ427892:-:28679:32678,59655,yes,train,KQ427892,31476,-,156,0.4026845637583892,Octopus_prebalancing.csv.gz
Octopus,KQ418520:-:135456:135922,24017,no,train,KQ418520,135511,-,263,0,Octopus_prebalancing.csv.gz
Octopus,KQ417354:-:61387:68824,14504,no,train,KQ417354,61708,-,165,0,Octopus_prebalancing.csv.gz
Octopus,KQ419366:+:211929:213548,28547,yes,train,KQ419366,213539,+,293,0.1567567567567567,Octopus_prebalancing.csv.gz
Octopus,KQ420932:-:15469:17233,37833,no,train,KQ420932,16350,-,50,0,Octopus_prebalancing.csv.gz
Octopus,KQ415687:+:621295:623555,1038,yes,train,KQ415687,623465,+,179,0.7214285714285714,Octopus_prebalancing.csv.gz
Octopus,KQ416193:-:197697:199660,5298,no,train,KQ416193,199309,-,73,0,Octopus_prebalancing.csv.gz
Octopus,KQ422245:+:81496:84013,44715,no,train,KQ422245,81734,+,102,0,Octopus_prebalancing.csv.gz
Octopus,KQ419574:-:312670:313004,29619,no,train,KQ419574,312643,-,209,0,Octopus_prebalancing.csv.gz
Octopus,KQ423550:+:18573:19792,49635,yes,train,KQ423550,19571,+,44,0.681214421252372,Octopus_prebalancing.csv.gz
Octopus,KQ427059:-:274873:282821,58382,yes,train,KQ427059,280665,-,278,0.4743243243243243,Octopus_prebalancing.csv.gz
Octopus,KQ416524:+:12270:12515,7749,no,train,KQ416524,12332,+,118,0,Octopus_prebalancing.csv.gz
Octopus,KQ417417:+:216380:216457,15114,yes,train,KQ417417,216424,+,204,0.6496815286624203,Octopus_prebalancing.csv.gz
Octopus,KQ423912:+:27184:28834,51158,yes,train,KQ423912,27812,+,49,0.9625292740046838,Octopus_prebalancing.csv.gz
Octopus,KQ420690:-:106079:111818,36116,yes,train,KQ420690,107424,-,28,0.850187265917603,Octopus_prebalancing.csv.gz
Octopus,KQ416188:+:304409:307535,5162,yes,train,KQ416188,307193,+,70,0.673469387755102,Octopus_prebalancing.csv.gz
Octopus,KQ416745:-:302420:302572,10053,no,train,KQ416745,302409,-,198,0,Octopus_prebalancing.csv.gz
Octopus,KQ420814:-:214427:225131,36987,yes,train,KQ420814,223688,-,49,0.1607142857142857,Octopus_prebalancing.csv.gz
Octopus,KQ420776:-:126654:127969,36489,yes,train,KQ420776,126772,-,435,0.5714285714285714,Octopus_prebalancing.csv.gz
Octopus,KQ423755:-:51338:54839,50460,yes,train,KQ423755,53530,-,14,0.3177570093457944,Octopus_prebalancing.csv.gz
Octopus,KQ422521:-:248600:250319,45942,no,train,KQ422521,249126,-,47,0,Octopus_prebalancing.csv.gz
Octopus,KQ425946:-:28543:30688,56077,no,train,KQ425946,29394,-,170,0,Octopus_prebalancing.csv.gz
Octopus,KQ420593:-:2370:9432,35085,yes,train,KQ420593,2772,-,92,0.9049153908138596,Octopus_prebalancing.csv.gz
Octopus,KQ419763:+:125372:126247,30303,yes,train,KQ419763,125550,+,186,0.4375,Octopus_prebalancing.csv.gz
Octopus,KQ416626:+:246193:257235,8989,no,train,KQ416626,253025,+,224,0,Octopus_prebalancing.csv.gz
Octopus,KQ423286:+:77406:77847,48401,yes,train,KQ423286,77827,+,234,0.3617886178861789,Octopus_prebalancing.csv.gz
Octopus,KQ417318:-:474342:477099,14101,yes,train,KQ417318,476187,-,307,0.9471428571428572,Octopus_prebalancing.csv.gz
Octopus,KQ418711:+:1001297:1002273,25259,no,train,KQ418711,1001398,+,121,0,Octopus_prebalancing.csv.gz
Octopus,KQ432655:+:16767:18619,63616,no,train,KQ432655,17484,+,439,0,Octopus_prebalancing.csv.gz
Octopus,KQ421192:-:109579:115398,39524,no,train,KQ421192,109619,-,182,0,Octopus_prebalancing.csv.gz
Octopus,KQ431376:-:41596:43687,62943,yes,train,KQ431376,41994,-,221,0.1655629139072847,Octopus_prebalancing.csv.gz
Octopus,KQ416447:+:102891:107608,7315,no,train,KQ416447,106906,+,236,0,Octopus_prebalancing.csv.gz
Octopus,KQ423638:-:194426:197345,50358,no,train,KQ423638,196482,-,6,0,Octopus_prebalancing.csv.gz
Octopus,KQ419098:-:224612:226065,27121,no,train,KQ419098,225870,-,34,0,Octopus_prebalancing.csv.gz
Octopus,KQ424157:+:280452:292949,51623,yes,train,KQ424157,288121,+,309,0.2035398230088495,Octopus_prebalancing.csv.gz
Octopus,KQ421265:-:217835:220132,39905,no,train,KQ421265,219995,-,91,0,Octopus_prebalancing.csv.gz
Octopus,KQ423286:+:77406:77847,48336,yes,train,KQ423286,77427,+,34,0.227891156462585,Octopus_prebalancing.csv.gz
Octopus,KQ418571:+:564763:566766,24697,no,train,KQ418571,565367,+,18,0,Octopus_prebalancing.csv.gz
Octopus,KQ423217:+:221921:225946,48052,yes,train,KQ423217,225715,+,339,0.1972318339100346,Octopus_prebalancing.csv.gz
Octopus,KQ417980:+:232521:234469,19209,no,train,KQ417980,233709,+,216,0,Octopus_prebalancing.csv.gz
Octopus,KQ416719:-:823120:824259,9812,no,train,KQ416719,823190,-,344,0,Octopus_prebalancing.csv.gz
Octopus,KQ426339:-:30414:32503,56516,no,train,KQ426339,32216,-,33,0,Octopus_prebalancing.csv.gz
Octopus,KQ427011:+:44729:52161,58220,yes,train,KQ427011,49528,+,309,0.3113207547169811,Octopus_prebalancing.csv.gz
Octopus,KQ419763:+:125372:126247,30355,yes,train,KQ419763,125667,+,303,0.309328968903437,Octopus_prebalancing.csv.gz
Octopus,KQ428842:-:120425:122108,60894,yes,train,KQ428842,121779,-,56,0.6015037593984962,Octopus_prebalancing.csv.gz
Octopus,KQ426215:+:29905:30045,56308,no,train,KQ426215,29928,+,82,0,Octopus_prebalancing.csv.gz
Octopus,KQ425412:-:23488:31286,54843,yes,train,KQ425412,24066,-,99,0.4859611231101511,Octopus_prebalancing.csv.gz
Octopus,KQ419697:-:120738:124519,30183,no,train,KQ419697,122302,-,189,0,Octopus_prebalancing.csv.gz
Octopus,KQ418173:+:55052:55599,20905,yes,train,KQ418173,55118,+,93,0.8414634146341463,Octopus_prebalancing.csv.gz
Octopus,KQ423912:+:27184:28834,51160,yes,train,KQ423912,27816,+,53,0.2178899082568807,Octopus_prebalancing.csv.gz
Octopus,KQ419141:-:70913:74788,27412,no,train,KQ419141,72510,-,18,0,Octopus_prebalancing.csv.gz
Octopus,KQ416719:-:823120:824259,9862,no,train,KQ416719,823345,-,183,0,Octopus_prebalancing.csv.gz
Octopus,KQ416260:-:512908:516363,6183,no,train,KQ416260,514634,-,179,0,Octopus_prebalancing.csv.gz
Octopus,KQ415804:-:490764:497803,1853,yes,train,KQ415804,491008,-,32,0.8625,Octopus_prebalancing.csv.gz
Octopus,KQ422211:-:118854:119123,44481,yes,train,KQ422211,119033,-,103,0.1616915422885572,Octopus_prebalancing.csv.gz
Octopus,KQ420313:-:692964:694535,33619,no,train,KQ420313,693702,-,29,0,Octopus_prebalancing.csv.gz
Octopus,KQ415777:+:48820:51281,1596,yes,train,KQ415777,49652,+,321,0.3857142857142857,Octopus_prebalancing.csv.gz
Octopus,KQ417482:+:378219:384475,15157,yes,train,KQ417482,380256,+,94,0.2627737226277372,Octopus_prebalancing.csv.gz
Octopus,KQ418173:+:55052:55599,20939,yes,train,KQ418173,55409,+,217,0.9225806451612903,Octopus_prebalancing.csv.gz
Octopus,KQ423591:-:158064:163878,49819,yes,train,KQ423591,159376,-,153,0.4503105590062112,Octopus_prebalancing.csv.gz
Octopus,KQ418459:+:176850:178358,23821,no,train,KQ418459,177706,+,241,0,Octopus_prebalancing.csv.gz
Octopus,KQ419281:+:554403:559442,28092,no,train,KQ419281,556524,+,173,0,Octopus_prebalancing.csv.gz
Octopus,KQ416454:-:22401:23502,7395,no,train,KQ416454,23082,-,85,0,Octopus_prebalancing.csv.gz
Octopus,KQ417062:+:126881:128514,11979,yes,train,KQ417062,128300,+,216,0.1942446043165467,Octopus_prebalancing.csv.gz
Octopus,KQ423069:+:40459:43239,47674,yes,train,KQ423069,42501,+,576,0.5769230769230769,Octopus_prebalancing.csv.gz
Octopus,KQ417645:+:341394:346353,16499,no,train,KQ417645,345970,+,219,0,Octopus_prebalancing.csv.gz
Octopus,KQ419593:-:1573:3918,29907,yes,train,KQ419593,2885,-,271,0.3033707865168539,Octopus_prebalancing.csv.gz
Octopus,KQ417980:+:232521:234469,19197,no,train,KQ417980,232672,+,158,0,Octopus_prebalancing.csv.gz
Octopus,KQ419141:-:70913:74788,27400,no,train,KQ419141,72471,-,57,0,Octopus_prebalancing.csv.gz
Octopus,KQ422658:+:192535:194721,46226,yes,train,KQ422658,192918,+,88,0.9424460431654677,Octopus_prebalancing.csv.gz
Octopus,KQ418431:-:530014:534701,23530,yes,train,KQ418431,530824,-,177,0.2967032967032967,Octopus_prebalancing.csv.gz
Octopus,KQ424157:+:280452:292949,51650,yes,train,KQ424157,288199,+,387,0.1551724137931034,Octopus_prebalancing.csv.gz
Octopus,KQ421150:-:83423:84625,39344,no,train,KQ421150,83428,-,180,0,Octopus_prebalancing.csv.gz
Octopus,KQ423217:-:284791:286709,48102,no,train,KQ423217,286211,-,136,0,Octopus_prebalancing.csv.gz
Octopus,KQ417567:-:129462:130077,15798,no,train,KQ417567,130089,-,60,0,Octopus_prebalancing.csv.gz
Octopus,KQ420992:-:72392:77664,38275,no,train,KQ420992,73378,-,385,0,Octopus_prebalancing.csv.gz
Octopus,KQ426828:-:129659:129678,57616,no,train,KQ426828,129685,-,172,0,Octopus_prebalancing.csv.gz
Octopus,KQ423069:+:40459:43239,47620,yes,train,KQ423069,42290,+,362,0.8489932885906041,Octopus_prebalancing.csv.gz
Octopus,KQ422211:-:118854:119123,44491,no,train,KQ422211,119067,-,69,0,Octopus_prebalancing.csv.gz
Octopus,KQ420299:-:531133:532105,33295,yes,train,KQ420299,531738,-,156,0.2482758620689655,Octopus_prebalancing.csv.gz
Octopus,KQ417645:+:341394:346353,16503,no,train,KQ417645,345977,+,226,0,Octopus_prebalancing.csv.gz
Octopus,KQ417567:-:129462:130077,15797,no,train,KQ417567,130087,-,62,0,Octopus_prebalancing.csv.gz
Octopus,KQ424745:+:14972:15648,53020,yes,train,KQ424745,15122,+,39,0.1572052401746725,Octopus_prebalancing.csv.gz
Octopus,KQ418873:+:627338:632183,26248,no,train,KQ418873,629491,+,652,0,Octopus_prebalancing.csv.gz
Octopus,KQ422557:+:3215:3432,46090,no,train,KQ422557,3425,+,214,0,Octopus_prebalancing.csv.gz
Octopus,KQ416175:+:888719:895874,4885,no,train,KQ416175,889863,+,28,0,Octopus_prebalancing.csv.gz
Octopus,KQ417670:+:106541:109344,16543,yes,train,KQ417670,107820,+,76,0.8544303797468354,Octopus_prebalancing.csv.gz
Octopus,KQ423995:+:182446:188836,51303,no,train,KQ423995,187594,+,4,0,Octopus_prebalancing.csv.gz
Octopus,KQ417851:+:581475:582766,18206,no,train,KQ417851,581488,+,39,0,Octopus_prebalancing.csv.gz
Octopus,KQ417245:+:359507:360722,13154,yes,train,KQ417245,359681,+,184,0.2888888888888888,Octopus_prebalancing.csv.gz
Octopus,KQ417911:+:93484:94946,18523,no,train,KQ417911,94988,+,198,0,Octopus_prebalancing.csv.gz
Octopus,KQ420639:-:761470:762620,35371,no,train,KQ420639,762610,-,37,0,Octopus_prebalancing.csv.gz
Octopus,KQ422458:-:98826:101081,45480,no,train,KQ422458,99707,-,381,0,Octopus_prebalancing.csv.gz
Octopus,KQ421265:-:217835:220132,39871,no,train,KQ421265,219258,-,195,0,Octopus_prebalancing.csv.gz
Octopus,KQ416197:-:1270:2182,5433,no,train,KQ416197,2083,-,89,0,Octopus_prebalancing.csv.gz
Octopus,KQ424476:-:16733:20188,52293,yes,train,KQ424476,19930,-,141,0.5283018867924528,Octopus_prebalancing.csv.gz
Octopus,KQ420488:-:111130:114963,34724,no,train,KQ420488,111668,-,13,0,Octopus_prebalancing.csv.gz
Octopus,KQ428036:-:63183:64283,59832,yes,train,KQ428036,63809,-,382,0.5375,Octopus_prebalancing.csv.gz
Octopus,KQ417623:+:62387:68207,16271,yes,train,KQ417623,63742,+,178,0.5690376569037657,Octopus_prebalancing.csv.gz
Octopus,KQ425946:-:28543:30688,56119,no,train,KQ425946,30532,-,22,0,Octopus_prebalancing.csv.gz
Octopus,KQ422036:+:963421:964986,44148,no,train,KQ422036,963584,+,18,0,Octopus_prebalancing.csv.gz
Octopus,KQ416194:-:389223:393444,5384,no,train,KQ416194,389857,-,30,0,Octopus_prebalancing.csv.gz
Octopus,KQ417147:+:190594:198342,12568,yes,train,KQ417147,192895,+,65,0.4310344827586206,Octopus_prebalancing.csv.gz
Octopus,KQ423677:+:105301:111458,50451,no,train,KQ423677,111459,+,431,0,Octopus_prebalancing.csv.gz
Octopus,KQ415960:+:45558:53429,3712,yes,train,KQ415960,47328,+,2,0.1505791505791505,Octopus_prebalancing.csv.gz
Octopus,KQ423069:+:80845:85639,47762,yes,train,KQ423069,81574,+,8,0.2169811320754717,Octopus_prebalancing.csv.gz
Octopus,KQ424157:+:280452:292949,51617,yes,train,KQ424157,288092,+,280,0.2857142857142857,Octopus_prebalancing.csv.gz
Octopus,KQ417719:+:79119:82120,17243,no,train,KQ417719,80967,+,17,0,Octopus_prebalancing.csv.gz
Octopus,KQ419763:+:125372:126247,30335,no,train,KQ419763,125628,+,264,0,Octopus_prebalancing.csv.gz
Octopus,KQ427431:+:37400:37546,59210,no,train,KQ427431,37578,+,242,0,Octopus_prebalancing.csv.gz
Octopus,KQ426215:+:29905:30045,56310,no,train,KQ426215,29932,+,86,0,Octopus_prebalancing.csv.gz
Octopus,KQ424168:+:169950:179441,51720,yes,train,KQ424168,174586,+,68,0.6082949308755761,Octopus_prebalancing.csv.gz
Octopus,KQ419640:-:151391:151719,30016,yes,train,KQ419640,151429,-,297,0.7322834645669292,Octopus_prebalancing.csv.gz
Octopus,KQ420444:+:439486:443984,34399,yes,train,KQ420444,442449,+,188,0.1666666666666666,Octopus_prebalancing.csv.gz
Octopus,KQ421493:-:53586:55159,41139,yes,train,KQ421493,54595,-,78,0.5681818181818182,Octopus_prebalancing.csv.gz
Octopus,KQ416002:+:145389:145843,3955,yes,train,KQ416002,145449,+,69,0.228,Octopus_prebalancing.csv.gz
Octopus,KQ420157:+:154445:155503,32841,no,train,KQ420157,155344,+,330,0,Octopus_prebalancing.csv.gz
Octopus,KQ428460:-:15526:18845,60336,no,train,KQ428460,17161,-,6,0,Octopus_prebalancing.csv.gz
Octopus,KQ422351:+:87673:90036,45298,yes,train,KQ422351,88416,+,136,0.2,Octopus_prebalancing.csv.gz
Octopus,KQ427587:+:206953:208278,59284,no,train,KQ427587,208304,+,220,0,Octopus_prebalancing.csv.gz
Octopus,KQ425067:-:59117:68620,53667,yes,train,KQ425067,64171,-,218,0.1531531531531531,Octopus_prebalancing.csv.gz
Octopus,KQ425067:-:59117:68620,53726,no,train,KQ425067,64316,-,73,0,Octopus_prebalancing.csv.gz
Octopus,KQ420348:-:79805:80375,33736,no,train,KQ420348,79919,-,235,0,Octopus_prebalancing.csv.gz
Octopus,KQ423014:-:35418:36161,47440,yes,train,KQ423014,36046,-,62,0.9722222222222222,Octopus_prebalancing.csv.gz
Octopus,KQ417318:-:474342:477099,14139,yes,train,KQ417318,476882,-,150,0.515,Octopus_prebalancing.csv.gz
Octopus,KQ417245:+:359507:360722,13288,yes,train,KQ417245,360210,+,609,0.8562091503267973,Octopus_prebalancing.csv.gz
Octopus,KQ416678:-:507714:508728,9269,yes,train,KQ416678,507723,-,377,0.1737193763919821,Octopus_prebalancing.csv.gz
Octopus,KQ422866:-:193298:197038,47042,yes,train,KQ422866,194675,-,178,0.6402116402116402,Octopus_prebalancing.csv.gz
Octopus,KQ424168:+:169950:179441,51735,no,train,KQ424168,174655,+,143,0,Octopus_prebalancing.csv.gz
Octopus,KQ422223:-:16837:20430,44598,no,train,KQ422223,19967,-,292,0,Octopus_prebalancing.csv.gz
Octopus,KQ419199:+:17614:19923,27787,yes,train,KQ419199,18739,+,326,0.8761467889908257,Octopus_prebalancing.csv.gz
Octopus,KQ421523:-:736020:739894,41257,yes,train,KQ421523,738643,-,155,0.4120603015075377,Octopus_prebalancing.csv.gz
Octopus,KQ417670:+:110587:114416,16650,yes,train,KQ417670,113471,+,163,0.3887733887733888,Octopus_prebalancing.csv.gz
Octopus,KQ421117:-:1800705:1801920,39076,no,train,KQ421117,1801069,-,299,0,Octopus_prebalancing.csv.gz
Octopus,KQ422458:-:98826:101081,45501,yes,train,KQ422458,99752,-,336,0.1990846681922196,Octopus_prebalancing.csv.gz
Octopus,KQ418269:+:155193:156609,22011,no,train,KQ418269,156510,+,338,0,Octopus_prebalancing.csv.gz
Octopus,KQ419098:-:224612:226065,26996,no,train,KQ419098,225441,-,467,0,Octopus_prebalancing.csv.gz
Octopus,KQ416877:-:1243348:1252014,11023,no,train,KQ416877,1247655,-,215,0,Octopus_prebalancing.csv.gz
Octopus,KQ416719:-:823120:824259,9872,no,train,KQ416719,823396,-,132,0,Octopus_prebalancing.csv.gz
Octopus,KQ420776:-:126654:127969,36587,yes,train,KQ420776,127229,-,102,0.4145299145299145,Octopus_prebalancing.csv.gz
Octopus,KQ420660:+:206788:209565,35523,yes,train,KQ420660,207568,+,92,0.5936254980079682,Octopus_prebalancing.csv.gz
Octopus,KQ427426:+:9727:13486,59082,no,train,KQ427426,12632,+,153,0,Octopus_prebalancing.csv.gz
Octopus,KQ419141:-:70913:74788,27379,no,train,KQ419141,71912,-,141,0,Octopus_prebalancing.csv.gz
Octopus,KQ419640:-:151391:151719,30030,yes,train,KQ419640,151485,-,241,0.7383177570093458,Octopus_prebalancing.csv.gz
Octopus,KQ425412:-:23488:31286,54814,no,train,KQ425412,23798,-,201,0,Octopus_prebalancing.csv.gz
Octopus,KQ415674:-:864176:867443,599,no,train,KQ415674,865259,-,125,0,Octopus_prebalancing.csv.gz
Octopus,KQ418040:-:357576:360646,19791,no,train,KQ418040,358134,-,45,0,Octopus_prebalancing.csv.gz
Octopus,KQ424157:+:280452:292949,51577,yes,train,KQ424157,287369,+,70,0.1603053435114503,Octopus_prebalancing.csv.gz
Octopus,KQ418431:-:530014:534701,23521,yes,train,KQ418431,530788,-,213,0.8518518518518519,Octopus_prebalancing.csv.gz
Octopus,KQ419098:-:224612:226065,27123,yes,train,KQ419098,225876,-,28,0.1780821917808219,Octopus_prebalancing.csv.gz
Octopus,KQ416719:-:823120:824259,9866,no,train,KQ416719,823370,-,158,0,Octopus_prebalancing.csv.gz
Octopus,KQ431895:+:3872:10596,63042,yes,train,KQ431895,9677,+,166,0.5987261146496815,Octopus_prebalancing.csv.gz
Octopus,KQ426843:-:39691:51826,57771,no,train,KQ426843,49770,-,26,0,Octopus_prebalancing.csv.gz
Octopus,KQ417353:-:42503:47060,14425,no,train,KQ417353,43657,-,202,0,Octopus_prebalancing.csv.gz
Octopus,KQ421758:+:240289:242289,42450,no,train,KQ421758,241555,+,220,0,Octopus_prebalancing.csv.gz
Octopus,KQ426215:+:29905:30045,56316,no,train,KQ426215,29941,+,95,0,Octopus_prebalancing.csv.gz
Octopus,KQ420488:-:111130:114963,34666,no,train,KQ420488,111498,-,188,0,Octopus_prebalancing.csv.gz
Octopus,KQ423506:-:23827:27807,49036,no,train,KQ423506,25812,-,189,0,Octopus_prebalancing.csv.gz
Octopus,KQ425262:-:63008:70787,54404,yes,train,KQ425262,68699,-,267,0.1914893617021276,Octopus_prebalancing.csv.gz
Octopus,KQ427892:-:28679:32678,59667,no,train,KQ427892,31508,-,124,0,Octopus_prebalancing.csv.gz
Octopus,KQ425188:-:53630:54936,53905,yes,train,KQ425188,54207,-,107,0.1666666666666666,Octopus_prebalancing.csv.gz
Octopus,KQ421375:-:86931:88834,40608,yes,train,KQ421375,88040,-,103,0.5305164319248826,Octopus_prebalancing.csv.gz
Octopus,KQ418355:-:185490:188365,22773,yes,train,KQ418355,185775,-,339,0.966824644549763,Octopus_prebalancing.csv.gz
Octopus,KQ430226:+:39098:42554,61868,yes,train,KQ430226,39259,+,40,0.1904761904761904,Octopus_prebalancing.csv.gz
Octopus,KQ427892:-:28679:32678,59665,no,train,KQ427892,31503,-,129,0,Octopus_prebalancing.csv.gz
Octopus,KQ420444:+:439486:443984,34405,yes,train,KQ420444,442459,+,198,0.83984375,Octopus_prebalancing.csv.gz
Octopus,KQ421724:+:261169:261574,42142,no,train,KQ421724,261177,+,27,0,Octopus_prebalancing.csv.gz
Octopus,KQ417318:-:474342:477099,14174,yes,train,KQ417318,477015,-,17,0.3782383419689119,Octopus_prebalancing.csv.gz
Octopus,KQ418370:+:163018:164778,23120,no,train,KQ418370,164293,+,72,0,Octopus_prebalancing.csv.gz
Octopus,KQ417303:-:32605:35670,13906,no,train,KQ417303,33671,-,279,0,Octopus_prebalancing.csv.gz
Octopus,KQ416432:+:16441:19210,7243,yes,train,KQ416432,18715,+,261,0.9646017699115044,Octopus_prebalancing.csv.gz
Octopus,KQ416274:-:836144:838134,6367,yes,train,KQ416274,837795,-,258,0.7948717948717948,Octopus_prebalancing.csv.gz
Octopus,KQ428863:+:79951:89848,60975,no,train,KQ428863,82523,+,357,0,Octopus_prebalancing.csv.gz
Octopus,KQ418040:-:357576:360646,19766,yes,train,KQ418040,358040,-,139,0.6733668341708543,Octopus_prebalancing.csv.gz
Octopus,KQ416197:-:1270:2182,5410,no,train,KQ416197,1786,-,176,0,Octopus_prebalancing.csv.gz
Octopus,KQ416684:-:407347:407907,9500,yes,train,KQ416684,407430,-,143,0.4084507042253521,Octopus_prebalancing.csv.gz
Octopus,KQ418194:+:1474491:1484481,21398,no,train,KQ418194,1474659,+,138,0,Octopus_prebalancing.csv.gz
Octopus,KQ423494:+:335164:341254,48837,no,train,KQ423494,340764,+,130,0,Octopus_prebalancing.csv.gz
Octopus,KQ425289:-:310152:313829,54621,yes,train,KQ425289,313321,-,57,0.8404907975460123,Octopus_prebalancing.csv.gz
Octopus,KQ426505:-:176528:177288,57080,yes,train,KQ426505,176752,-,61,0.8921568627450981,Octopus_prebalancing.csv.gz
Octopus,KQ425758:+:17266:20569,55712,yes,train,KQ425758,18759,+,4,0.3584699453551913,Octopus_prebalancing.csv.gz
Octopus,KQ420828:-:2067280:2068719,37255,yes,train,KQ420828,2068538,-,220,0.6466165413533834,Octopus_prebalancing.csv.gz
Octopus,KQ422351:+:87673:90036,45306,no,train,KQ422351,88458,+,178,0,Octopus_prebalancing.csv.gz
Octopus,KQ419199:+:17614:19923,27696,yes,train,KQ419199,18014,+,40,0.4727272727272727,Octopus_prebalancing.csv.gz
Octopus,KQ430226:+:39098:42554,61892,no,train,KQ430226,39327,+,108,0,Octopus_prebalancing.csv.gz
Octopus,KQ425188:-:53630:54936,53843,yes,train,KQ425188,53716,-,299,0.9872773536895676,Octopus_prebalancing.csv.gz
Octopus,KQ425078:-:12006:28313,53744,yes,train,KQ425078,25793,-,221,0.2857142857142857,Octopus_prebalancing.csv.gz
Octopus,KQ420776:+:373017:378761,36656,yes,train,KQ420776,377363,+,71,0.5087310826542492,Octopus_prebalancing.csv.gz
Octopus,KQ425262:-:63008:70787,54440,no,train,KQ425262,69519,-,169,0,Octopus_prebalancing.csv.gz
Octopus,KQ421758:+:240289:242289,42395,no,train,KQ421758,241349,+,14,0,Octopus_prebalancing.csv.gz
Octopus,KQ416002:+:145389:145843,4004,yes,train,KQ416002,145828,+,234,0.9402985074626866,Octopus_prebalancing.csv.gz
Octopus,KQ418094:-:30300:36557,20311,no,train,KQ418094,31128,-,251,0,Octopus_prebalancing.csv.gz
Octopus,KQ427095:+:93081:95140,58579,no,train,KQ427095,94641,+,178,0,Octopus_prebalancing.csv.gz
Octopus,KQ419366:+:211929:213548,28478,no,train,KQ419366,213150,+,1,0,Octopus_prebalancing.csv.gz
Octopus,KQ417482:+:378219:384475,15211,yes,train,KQ417482,381587,+,350,0.5849056603773585,Octopus_prebalancing.csv.gz
Octopus,KQ415722:+:39339:39606,1267,no,train,KQ415722,39612,+,295,0,Octopus_prebalancing.csv.gz
Octopus,KQ420488:-:111130:114963,34699,no,train,KQ420488,111596,-,85,0,Octopus_prebalancing.csv.gz
Octopus,KQ417300:+:2429385:2432147,13793,yes,train,KQ417300,2430318,+,209,0.7261146496815286,Octopus_prebalancing.csv.gz
Octopus,KQ419098:-:224612:226065,27118,yes,train,KQ419098,225863,-,41,0.4069767441860465,Octopus_prebalancing.csv.gz
Octopus,KQ427059:-:274873:282821,58432,yes,train,KQ427059,282539,-,73,0.1731843575418994,Octopus_prebalancing.csv.gz
Octopus,KQ419577:-:319986:321103,29816,yes,train,KQ419577,321101,-,57,0.4744186046511628,Octopus_prebalancing.csv.gz
Octopus,KQ421638:+:30744:34531,41557,no,train,KQ421638,32691,+,331,0,Octopus_prebalancing.csv.gz
Octopus,KQ422024:+:84140:87335,43796,no,train,KQ422024,84254,+,140,0,Octopus_prebalancing.csv.gz
Octopus,KQ427431:+:37400:37546,59148,yes,train,KQ427431,37406,+,73,0.6133333333333333,Octopus_prebalancing.csv.gz
Octopus,KQ420662:+:220790:222380,35728,no,train,KQ420662,221718,+,343,0,Octopus_prebalancing.csv.gz
Octopus,KQ416454:-:210630:218397,7455,yes,train,KQ416454,217635,-,231,0.2956521739130435,Octopus_prebalancing.csv.gz
Octopus,KQ421988:-:89381:94206,43683,no,train,KQ421988,90482,-,153,0,Octopus_prebalancing.csv.gz
Octopus,KQ426312:-:18028:24376,56444,no,train,KQ426312,20340,-,80,0,Octopus_prebalancing.csv.gz
Octopus,KQ426988:+:12305:13448,57957,no,train,KQ426988,12708,+,340,0,Octopus_prebalancing.csv.gz
Octopus,KQ416478:-:33961:35095,7562,no,train,KQ416478,34971,-,132,0,Octopus_prebalancing.csv.gz
Octopus,KQ419199:+:17614:19923,27712,no,train,KQ419199,18062,+,88,0,Octopus_prebalancing.csv.gz
Octopus,KQ419607:+:761426:764220,29985,no,train,KQ419607,764175,+,111,0,Octopus_prebalancing.csv.gz
Octopus,KQ418355:-:185490:188365,22784,yes,train,KQ418355,185815,-,299,0.2872340425531915,Octopus_prebalancing.csv.gz
Octopus,KQ417482:+:378219:384475,15191,no,train,KQ417482,381518,+,281,0,Octopus_prebalancing.csv.gz
Octopus,KQ415854:+:99135:104952,2170,no,train,KQ415854,104954,+,261,0,Octopus_prebalancing.csv.gz
Octopus,KQ420080:+:468005:470274,31777,no,train,KQ420080,468707,+,71,0,Octopus_prebalancing.csv.gz
Octopus,KQ422015:+:60856:61622,43753,yes,train,KQ422015,61622,+,263,0.2314814814814814,Octopus_prebalancing.csv.gz
Octopus,KQ418296:-:383881:384204,22187,no,train,KQ418296,383937,-,179,0,Octopus_prebalancing.csv.gz
Octopus,KQ421758:-:260871:261476,42552,no,train,KQ421758,261339,-,175,0,Octopus_prebalancing.csv.gz
Octopus,KQ420909:-:58461:62439,37535,yes,train,KQ420909,61010,-,348,0.9325153374233128,Octopus_prebalancing.csv.gz
Octopus,KQ423001:-:465023:468835,47239,no,train,KQ423001,465342,-,335,0,Octopus_prebalancing.csv.gz
Octopus,KQ420932:-:15469:17233,37846,yes,train,KQ420932,16390,-,10,0.511049723756906,Octopus_prebalancing.csv.gz
Octopus,KQ421656:-:287924:292121,41838,no,train,KQ421656,290171,-,10,0,Octopus_prebalancing.csv.gz
Octopus,KQ417280:-:322030:322671,13741,yes,train,KQ417280,322431,-,33,0.2277227722772277,Octopus_prebalancing.csv.gz
Octopus,KQ415949:+:90071:94630,3511,no,train,KQ415949,93590,+,173,0,Octopus_prebalancing.csv.gz
Octopus,KQ422658:+:192535:194721,46258,yes,train,KQ422658,193047,+,221,0.3543307086614173,Octopus_prebalancing.csv.gz
Octopus,KQ422208:-:431838:432631,44362,yes,train,KQ422208,431868,-,179,0.7547169811320755,Octopus_prebalancing.csv.gz
Octopus,KQ420442:-:26593:27410,34268,no,train,KQ420442,26695,-,252,0,Octopus_prebalancing.csv.gz
Octopus,KQ424114:+:62091:63803,51460,yes,train,KQ424114,63422,+,312,0.3930348258706467,Octopus_prebalancing.csv.gz
Octopus,KQ419401:-:21786:22080,28736,no,train,KQ419401,21984,-,108,0,Octopus_prebalancing.csv.gz
Octopus,KQ421523:-:736020:739894,41251,yes,train,KQ421523,738630,-,168,0.2835051546391752,Octopus_prebalancing.csv.gz
Octopus,KQ424265:+:36818:40887,52129,no,train,KQ424265,38661,+,223,0,Octopus_prebalancing.csv.gz
Octopus,KQ421217:-:75990:76821,39721,no,train,KQ421217,76841,-,41,0,Octopus_prebalancing.csv.gz
Octopus,KQ417645:+:341394:346353,16498,no,train,KQ417645,345967,+,216,0,Octopus_prebalancing.csv.gz
Octopus,KQ421338:-:574795:575471,40099,yes,train,KQ421338,575275,-,40,0.2275449101796407,Octopus_prebalancing.csv.gz
Octopus,KQ416582:+:69166:70237,8175,yes,train,KQ416582,69569,+,111,0.2066985645933014,Octopus_prebalancing.csv.gz
Octopus,KQ421758:-:534257:537309,42606,no,train,KQ421758,534250,-,370,0,Octopus_prebalancing.csv.gz
Octopus,KQ415674:-:864176:867443,594,no,train,KQ415674,865248,-,136,0,Octopus_prebalancing.csv.gz
Octopus,KQ415854:+:473174:474021,2172,no,train,KQ415854,473387,+,5,0,Octopus_prebalancing.csv.gz
Octopus,KQ422839:-:170755:175591,46822,yes,train,KQ422839,172181,-,119,0.2075471698113207,Octopus_prebalancing.csv.gz
Octopus,KQ416235:-:90868:101227,5916,no,train,KQ416235,94877,-,253,0,Octopus_prebalancing.csv.gz
Octopus,KQ427011:+:44729:52161,58163,yes,train,KQ427011,48188,+,105,0.2518518518518518,Octopus_prebalancing.csv.gz
Octopus,KQ416765:+:257582:260724,10151,no,train,KQ416765,259724,+,35,0,Octopus_prebalancing.csv.gz
Octopus,KQ417620:+:1325507:1327799,16116,no,train,KQ417620,1326662,+,34,0,Octopus_prebalancing.csv.gz
Octopus,KQ417147:+:190594:198342,12589,yes,train,KQ417147,192965,+,135,0.8709677419354839,Octopus_prebalancing.csv.gz
Octopus,KQ416929:+:777857:781590,11156,yes,train,KQ416929,778114,+,123,0.3741935483870968,Octopus_prebalancing.csv.gz
Octopus,KQ416929:+:777857:781590,11113,yes,train,KQ416929,777996,+,5,0.6397058823529411,Octopus_prebalancing.csv.gz
Octopus,KQ421117:-:1800705:1801920,39067,yes,train,KQ421117,1801039,-,329,0.1706586826347305,Octopus_prebalancing.csv.gz
Octopus,KQ418200:+:61525:63624,21713,yes,train,KQ418200,61850,+,36,0.4869565217391304,Octopus_prebalancing.csv.gz
Octopus,KQ419763:+:125372:126247,30273,yes,train,KQ419763,125422,+,56,0.3705722070844686,Octopus_prebalancing.csv.gz
Octopus,KQ416616:-:2448886:2456080,8860,yes,train,KQ416616,2452956,-,225,0.7222222222222222,Octopus_prebalancing.csv.gz
Octopus,KQ416447:+:102891:107608,7304,yes,train,KQ416447,106869,+,199,0.1968085106382978,Octopus_prebalancing.csv.gz
Octopus,KQ430069:+:5459:6074,61685,no,train,KQ430069,5807,+,17,0,Octopus_prebalancing.csv.gz
Octopus,KQ421289:+:29589:31706,39937,no,train,KQ421289,30578,+,8,0,Octopus_prebalancing.csv.gz
Octopus,KQ424629:+:75663:78810,52567,no,train,KQ424629,78284,+,125,0,Octopus_prebalancing.csv.gz
Octopus,KQ416626:+:246193:257235,8965,no,train,KQ416626,250385,+,131,0,Octopus_prebalancing.csv.gz
Octopus,KQ419500:+:684975:695320,29356,no,train,KQ419500,687075,+,178,0,Octopus_prebalancing.csv.gz
Octopus,KQ421150:-:83423:84625,39387,yes,train,KQ421150,83602,-,45,0.2041392285983067,Octopus_prebalancing.csv.gz
Octopus,KQ417678:-:52261:52558,16815,yes,train,KQ417678,52299,-,259,0.2837837837837837,Octopus_prebalancing.csv.gz
Octopus,KQ421656:-:287924:292121,41725,yes,train,KQ421656,289736,-,450,0.2418032786885245,Octopus_prebalancing.csv.gz
Octopus,KQ416404:-:273714:275131,7207,no,train,KQ416404,274575,-,101,0,Octopus_prebalancing.csv.gz
Octopus,KQ421338:-:574795:575471,40085,no,train,KQ421338,575251,-,64,0,Octopus_prebalancing.csv.gz
Octopus,KQ415687:+:621295:623555,1067,no,train,KQ415687,623561,+,275,0,Octopus_prebalancing.csv.gz
Octopus,KQ423631:-:204154:208384,50092,yes,train,KQ423631,204983,-,220,0.5018867924528302,Octopus_prebalancing.csv.gz
Octopus,KQ426505:-:69232:70896,56819,yes,train,KQ426505,69354,-,426,0.7165775401069518,Octopus_prebalancing.csv.gz
Octopus,KQ417112:-:598933:605464,12300,yes,train,KQ417112,604214,-,486,0.2602377807133421,Octopus_prebalancing.csv.gz
Octopus,KQ416279:-:193873:195330,6434,no,train,KQ416279,193975,-,129,0,Octopus_prebalancing.csv.gz
Octopus,KQ428863:+:98024:102390,60994,no,train,KQ428863,99961,+,10,0,Octopus_prebalancing.csv.gz
Octopus,KQ415916:+:257044:260762,2954,no,train,KQ415916,257290,+,279,0,Octopus_prebalancing.csv.gz
Octopus,KQ416839:-:149278:151954,10888,yes,train,KQ416839,149279,-,286,0.2524752475247525,Octopus_prebalancing.csv.gz
Octopus,KQ419593:-:1573:3918,29886,no,train,KQ419593,2834,-,322,0,Octopus_prebalancing.csv.gz
Octopus,KQ415992:-:623620:628666,3846,yes,train,KQ415992,624898,-,220,0.4455445544554455,Octopus_prebalancing.csv.gz
Octopus,KQ421656:-:287924:292121,41770,yes,train,KQ421656,289849,-,337,0.6433823529411765,Octopus_prebalancing.csv.gz
Octopus,KQ419904:+:185913:188166,30593,no,train,KQ419904,186169,+,41,0,Octopus_prebalancing.csv.gz
Octopus,KQ416602:+:583030:590328,8482,yes,train,KQ416602,588057,+,146,0.2171428571428571,Octopus_prebalancing.csv.gz
Octopus,KQ420409:-:382365:396926,33966,yes,train,KQ420409,386649,-,93,0.9047619047619048,Octopus_prebalancing.csv.gz
Octopus,KQ423069:+:40459:43239,47492,yes,train,KQ423069,41970,+,42,0.8535031847133758,Octopus_prebalancing.csv.gz
Octopus,KQ420409:-:382365:396926,33935,yes,train,KQ420409,386482,-,198,0.4510739856801909,Octopus_prebalancing.csv.gz
Octopus,KQ417620:-:314872:315736,16049,no,train,KQ417620,315511,-,236,0,Octopus_prebalancing.csv.gz
Octopus,KQ417877:-:367901:377631,18254,no,train,KQ417877,373887,-,231,0,Octopus_prebalancing.csv.gz
Octopus,KQ419895:-:32039:34241,30553,yes,train,KQ419895,33167,-,227,0.2589285714285714,Octopus_prebalancing.csv.gz
Octopus,KQ419648:+:147236:149270,30132,no,train,KQ419648,149205,+,124,0,Octopus_prebalancing.csv.gz
Octopus,KQ417198:+:95697:99377,12744,yes,train,KQ417198,97252,+,72,0.4460431654676259,Octopus_prebalancing.csv.gz
Octopus,KQ422261:-:60561:67208,44915,no,train,KQ422261,61196,-,6,0,Octopus_prebalancing.csv.gz
Octopus,KQ426791:-:413779:417331,57440,no,train,KQ426791,414292,-,205,0,Octopus_prebalancing.csv.gz
Octopus,KQ423001:-:465023:468835,47271,yes,train,KQ423001,465471,-,206,0.4728682170542636,Octopus_prebalancing.csv.gz
Octopus,KQ420444:+:439486:443984,34388,yes,train,KQ420444,442409,+,148,0.7233009708737864,Octopus_prebalancing.csv.gz
Octopus,KQ420444:+:439486:443984,34453,yes,train,KQ420444,443119,+,380,0.5941558441558441,Octopus_prebalancing.csv.gz
Octopus,KQ420428:-:122164:124440,34107,no,train,KQ420428,123817,-,107,0,Octopus_prebalancing.csv.gz
Octopus,KQ418200:+:61525:63624,21726,no,train,KQ418200,61908,+,94,0,Octopus_prebalancing.csv.gz
Octopus,KQ420593:-:2370:9432,35063,yes,train,KQ420593,2663,-,170,0.953757225433526,Octopus_prebalancing.csv.gz
Octopus,KQ425304:+:77679:80253,54711,yes,train,KQ425304,78531,+,174,0.9666666666666668,Octopus_prebalancing.csv.gz
Octopus,KQ420488:-:111130:114963,34714,yes,train,KQ420488,111644,-,37,0.5221238938053098,Octopus_prebalancing.csv.gz
Octopus,KQ418094:-:30300:36557,20337,yes,train,KQ418094,31299,-,76,0.5689655172413793,Octopus_prebalancing.csv.gz
Octopus,KQ421192:-:109579:115398,39533,no,train,KQ421192,109654,-,147,0,Octopus_prebalancing.csv.gz
Octopus,KQ425758:+:17266:20569,55770,yes,train,KQ425758,18967,+,217,0.981450252951096,Octopus_prebalancing.csv.gz
Octopus,KQ417701:-:269740:272982,17032,no,train,KQ417701,269886,-,210,0,Octopus_prebalancing.csv.gz
Octopus,KQ425066:-:282179:287501,53574,yes,train,KQ425066,286043,-,31,0.505,Octopus_prebalancing.csv.gz
Octopus,KQ420157:+:154445:155503,32775,no,train,KQ420157,154564,+,104,0,Octopus_prebalancing.csv.gz
Octopus,KQ416724:-:64536:68690,9927,no,train,KQ416724,67075,-,170,0,Octopus_prebalancing.csv.gz
Octopus,KQ417645:+:341394:346353,16508,no,train,KQ417645,345989,+,238,0,Octopus_prebalancing.csv.gz
Octopus,KQ430702:-:8638:10120,62466,no,train,KQ430702,9962,-,34,0,Octopus_prebalancing.csv.gz
Octopus,KQ416877:-:1243348:1252014,11027,yes,train,KQ416877,1247664,-,206,0.3809523809523809,Octopus_prebalancing.csv.gz
Octopus,KQ420313:-:692964:694535,33494,yes,train,KQ420313,693027,-,415,0.1838235294117647,Octopus_prebalancing.csv.gz
Octopus,KQ418535:-:294754:296669,24344,no,train,KQ418535,294741,-,275,0,Octopus_prebalancing.csv.gz
Octopus,KQ415777:+:48820:51281,1534,yes,train,KQ415777,49351,+,100,0.994413407821229,Octopus_prebalancing.csv.gz
Octopus,KQ423550:+:18573:19792,49624,yes,train,KQ423550,19542,+,15,0.3912133891213389,Octopus_prebalancing.csv.gz
Octopus,KQ423677:+:105301:111458,50428,yes,train,KQ423677,111323,+,295,0.8148148148148148,Octopus_prebalancing.csv.gz
Octopus,KQ417980:+:232521:234469,19155,yes,train,KQ417980,232522,+,8,0.3534482758620689,Octopus_prebalancing.csv.gz
Octopus,KQ415777:+:48820:51281,1517,yes,train,KQ415777,49268,+,17,0.877906976744186,Octopus_prebalancing.csv.gz
Octopus,KQ420130:-:858834:865504,32381,no,train,KQ420130,860303,-,180,0,Octopus_prebalancing.csv.gz
Octopus,KQ420690:-:166278:172996,36158,no,train,KQ420690,166807,-,453,0,Octopus_prebalancing.csv.gz
Octopus,KQ421853:+:890022:894608,43468,no,train,KQ421853,894252,+,198,0,Octopus_prebalancing.csv.gz
Octopus,KQ417620:-:1821494:1830342,16227,yes,train,KQ417620,1825755,-,54,0.1682242990654205,Octopus_prebalancing.csv.gz
Octopus,KQ419092:+:247062:248393,26923,yes,train,KQ419092,248228,+,254,0.3056379821958457,Octopus_prebalancing.csv.gz
Octopus,KQ422521:-:282473:284879,45975,no,train,KQ422521,283682,-,220,0,Octopus_prebalancing.csv.gz
Octopus,KQ417090:-:1525730:1527393,12083,no,train,KQ417090,1527404,-,2,0,Octopus_prebalancing.csv.gz
Octopus,KQ420902:-:23907:28446,37444,yes,train,KQ420902,25059,-,289,0.2347826086956521,Octopus_prebalancing.csv.gz
Octopus,KQ430889:-:120538:121611,62583,yes,train,KQ430889,121453,-,125,0.2463465553235908,Octopus_prebalancing.csv.gz
Octopus,KQ421217:-:75990:76821,39702,no,train,KQ421217,76793,-,89,0,Octopus_prebalancing.csv.gz
Octopus,KQ423509:-:57830:68774,49192,yes,train,KQ423509,62580,-,56,0.8300653594771242,Octopus_prebalancing.csv.gz
Octopus,KQ417497:-:841461:844909,15346,no,train,KQ417497,844007,-,207,0,Octopus_prebalancing.csv.gz
Octopus,KQ418900:-:120417:121639,26335,yes,train,KQ418900,121635,-,10,0.5425709515859767,Octopus_prebalancing.csv.gz
Octopus,KQ420348:-:79805:80375,33653,no,train,KQ420348,79737,-,417,0,Octopus_prebalancing.csv.gz
Octopus,KQ418535:-:294754:296669,24428,no,train,KQ418535,295051,-,32,0,Octopus_prebalancing.csv.gz
Octopus,KQ417623:+:62387:68207,16249,no,train,KQ417623,63667,+,113,0,Octopus_prebalancing.csv.gz
Octopus,KQ419763:+:125372:126247,30339,no,train,KQ419763,125634,+,270,0,Octopus_prebalancing.csv.gz
Octopus,KQ416766:-:4974:6044,10225,no,train,KQ416766,5155,-,817,0,Octopus_prebalancing.csv.gz
Octopus,KQ415951:+:107290:108224,3601,no,train,KQ415951,107993,+,202,0,Octopus_prebalancing.csv.gz
Octopus,KQ420776:-:126654:127969,36601,yes,train,KQ420776,127263,-,68,0.847682119205298,Octopus_prebalancing.csv.gz
Octopus,KQ419175:-:3377:3779,27453,no,train,KQ419175,3574,-,153,0,Octopus_prebalancing.csv.gz
Octopus,KQ421117:+:1266315:1274800,39039,yes,train,KQ421117,1273821,+,456,0.9166666666666666,Octopus_prebalancing.csv.gz
Octopus,KQ417763:+:397070:401152,17448,yes,train,KQ417763,400621,+,83,0.2941176470588235,Octopus_prebalancing.csv.gz
Octopus,KQ416454:-:22401:23502,7397,yes,train,KQ416454,23092,-,75,0.447841726618705,Octopus_prebalancing.csv.gz
Octopus,KQ416694:+:2524832:2531725,9682,no,train,KQ416694,2526017,+,158,0,Octopus_prebalancing.csv.gz
Octopus,KQ422658:+:192535:194721,46268,yes,train,KQ422658,193092,+,266,0.6201550387596899,Octopus_prebalancing.csv.gz
Octopus,KQ418156:+:278001:279695,20676,no,train,KQ418156,278778,+,248,0,Octopus_prebalancing.csv.gz
Octopus,KQ422223:-:16837:20430,44649,no,train,KQ422223,20325,-,120,0,Octopus_prebalancing.csv.gz
Octopus,KQ421411:+:481404:484595,40913,yes,train,KQ421411,484354,+,362,0.9854014598540146,Octopus_prebalancing.csv.gz
Octopus,KQ417620:-:314872:315736,16084,no,train,KQ417620,315694,-,53,0,Octopus_prebalancing.csv.gz
Octopus,KQ415960:+:45558:53429,3761,no,train,KQ415960,49287,+,202,0,Octopus_prebalancing.csv.gz
Octopus,KQ418296:-:383881:384204,22237,no,train,KQ418296,384217,-,5,0,Octopus_prebalancing.csv.gz
Octopus,KQ426791:-:665939:667169,57516,yes,train,KQ426791,666119,-,154,0.3333333333333333,Octopus_prebalancing.csv.gz
Octopus,KQ426505:-:69232:70896,56879,yes,train,KQ426505,69658,-,219,0.6608187134502924,Octopus_prebalancing.csv.gz
Octopus,KQ415916:+:257044:260762,2957,no,train,KQ415916,257295,+,284,0,Octopus_prebalancing.csv.gz
Octopus,KQ420550:-:94093:103027,35024,no,train,KQ420550,102633,-,4,0,Octopus_prebalancing.csv.gz
Octopus,KQ418156:+:278001:279695,20685,yes,train,KQ418156,278807,+,277,0.1631205673758865,Octopus_prebalancing.csv.gz
Octopus,KQ418194:+:1176195:1176917,21351,no,train,KQ418194,1176274,+,116,0,Octopus_prebalancing.csv.gz
Octopus,KQ417112:-:598933:605464,12460,yes,train,KQ417112,604667,-,27,0.3288770053475935,Octopus_prebalancing.csv.gz
Octopus,KQ420690:-:106079:111818,36065,yes,train,KQ420690,107199,-,213,0.1824644549763033,Octopus_prebalancing.csv.gz
Octopus,KQ417062:+:126881:128514,11966,yes,train,KQ417062,128278,+,194,0.4551724137931034,Octopus_prebalancing.csv.gz
Octopus,KQ426567:+:210652:218594,57178,yes,train,KQ426567,212784,+,113,0.5277777777777778,Octopus_prebalancing.csv.gz
Octopus,KQ420080:+:468005:470274,31810,no,train,KQ420080,468814,+,185,0,Octopus_prebalancing.csv.gz
Octopus,KQ420992:-:72392:77664,38318,no,train,KQ420992,76588,-,159,0,Octopus_prebalancing.csv.gz
Octopus,KQ427812:-:11379:11735,59531,yes,train,KQ427812,11603,-,94,0.3442622950819672,Octopus_prebalancing.csv.gz
Octopus,KQ420909:-:58461:62439,37571,no,train,KQ420909,61115,-,237,0,Octopus_prebalancing.csv.gz
Octopus,KQ417763:+:397070:401152,17455,yes,train,KQ417763,400714,+,140,0.2204724409448819,Octopus_prebalancing.csv.gz
Octopus,KQ428492:-:1282:4024,60349,no,train,KQ428492,2570,-,384,0,Octopus_prebalancing.csv.gz
Octopus,KQ421206:-:489842:494429,39566,no,train,KQ421206,492971,-,241,0,Octopus_prebalancing.csv.gz
Octopus,KQ422502:+:30727:33827,45862,no,train,KQ422502,32139,+,129,0,Octopus_prebalancing.csv.gz
Octopus,KQ416719:-:823120:824259,9834,yes,train,KQ416719,823269,-,265,0.2683035714285714,Octopus_prebalancing.csv.gz
Octopus,KQ428115:+:154085:163627,59933,yes,train,KQ428115,156747,+,204,0.7967479674796748,Octopus_prebalancing.csv.gz
Octopus,KQ420439:-:206479:216794,34185,no,train,KQ420439,214749,-,175,0,Octopus_prebalancing.csv.gz
Octopus,KQ424629:-:128331:133319,52683,no,train,KQ424629,130306,-,186,0,Octopus_prebalancing.csv.gz
Octopus,KQ415674:-:864176:867443,588,no,train,KQ415674,865221,-,163,0,Octopus_prebalancing.csv.gz
Octopus,KQ420117:+:1509985:1514039,32089,yes,train,KQ420117,1510359,+,297,0.1959459459459459,Octopus_prebalancing.csv.gz
Octopus,KQ422263:+:190974:194476,44941,no,train,KQ422263,192318,+,153,0,Octopus_prebalancing.csv.gz
Octopus,KQ423509:-:57830:68774,49134,yes,train,KQ423509,62277,-,274,0.1590909090909091,Octopus_prebalancing.csv.gz
Octopus,KQ422458:-:98826:101081,45561,yes,train,KQ422458,100050,-,147,0.2724458204334365,Octopus_prebalancing.csv.gz
Octopus,KQ428118:-:8307:9238,59976,no,train,KQ428118,8986,-,270,0,Octopus_prebalancing.csv.gz
Octopus,KQ417300:+:2429385:2432147,13831,yes,train,KQ417300,2430419,+,310,0.8771929824561403,Octopus_prebalancing.csv.gz
Octopus,KQ417319:-:108803:112920,14179,no,train,KQ417319,111460,-,230,0,Octopus_prebalancing.csv.gz
Octopus,KQ419333:-:48712:50653,28367,yes,train,KQ419333,48853,-,392,0.8802547770700637,Octopus_prebalancing.csv.gz
Octopus,KQ427059:-:274873:282821,58454,no,train,KQ427059,282610,-,2,0,Octopus_prebalancing.csv.gz
Octopus,KQ419098:-:224612:226065,27073,yes,train,KQ419098,225727,-,177,0.2655826558265582,Octopus_prebalancing.csv.gz
Octopus,KQ426791:-:665939:667169,57541,yes,train,KQ426791,666992,-,74,0.7050359712230215,Octopus_prebalancing.csv.gz
Octopus,KQ415672:+:529983:538841,476,yes,train,KQ415672,538599,+,253,0.188,Octopus_prebalancing.csv.gz
Octopus,KQ416171:+:192715:198630,4849,no,train,KQ416171,197565,+,164,0,Octopus_prebalancing.csv.gz
Octopus,KQ418443:-:17588:18968,23654,yes,train,KQ418443,17700,-,419,0.7857142857142857,Octopus_prebalancing.csv.gz
Octopus,KQ428371:-:65206:71009,60147,yes,train,KQ428371,70040,-,367,0.7796610169491526,Octopus_prebalancing.csv.gz
Octopus,KQ422245:+:81496:84013,44799,yes,train,KQ422245,82141,+,387,0.9826839826839828,Octopus_prebalancing.csv.gz
Octopus,KQ416194:-:389223:393444,5327,no,train,KQ416194,389290,-,202,0,Octopus_prebalancing.csv.gz
Octopus,KQ428036:-:63183:64283,59812,yes,train,KQ428036,63756,-,435,0.178743961352657,Octopus_prebalancing.csv.gz
Octopus,KQ418336:+:64516:66047,22731,no,train,KQ418336,66140,+,211,0,Octopus_prebalancing.csv.gz
Octopus,KQ421411:+:481404:484595,40889,yes,train,KQ421411,484248,+,252,0.2229437229437229,Octopus_prebalancing.csv.gz
Octopus,KQ419763:+:125372:126247,30352,yes,train,KQ419763,125660,+,296,0.806930693069307,Octopus_prebalancing.csv.gz
Octopus,KQ422738:-:37291:40054,46561,yes,train,KQ422738,39008,-,85,0.896,Octopus_prebalancing.csv.gz
Octopus,KQ416197:-:1270:2182,5440,no,train,KQ416197,2100,-,72,0,Octopus_prebalancing.csv.gz
Octopus,KQ418194:+:1474491:1484481,21379,no,train,KQ418194,1474571,+,50,0,Octopus_prebalancing.csv.gz
Octopus,KQ422777:+:281544:283547,46630,yes,train,KQ422777,283448,+,204,0.1942446043165467,Octopus_prebalancing.csv.gz
Octopus,KQ416999:-:955994:958894,11544,no,train,KQ416999,957694,-,166,0,Octopus_prebalancing.csv.gz
Octopus,KQ419223:+:220633:230566,27943,no,train,KQ419223,225906,+,1,0,Octopus_prebalancing.csv.gz
Octopus,KQ422738:-:37291:40054,46540,yes,train,KQ422738,38926,-,167,0.7487179487179487,Octopus_prebalancing.csv.gz
Octopus,KQ423638:-:194426:197345,50360,no,train,KQ423638,196485,-,3,0,Octopus_prebalancing.csv.gz
Octopus,KQ418459:+:176850:178358,23803,no,train,KQ418459,177655,+,190,0,Octopus_prebalancing.csv.gz
Octopus,KQ426505:-:69232:70896,56808,yes,train,KQ426505,69310,-,470,0.1956521739130435,Octopus_prebalancing.csv.gz
Octopus,KQ417147:+:190594:198342,12567,yes,train,KQ417147,192894,+,64,0.396551724137931,Octopus_prebalancing.csv.gz
Octopus,KQ425262:-:63008:70787,54412,no,train,KQ425262,69448,-,240,0,Octopus_prebalancing.csv.gz
Octopus,KQ419106:-:26920:31560,27310,no,train,KQ419106,30631,-,188,0,Octopus_prebalancing.csv.gz
Octopus,KQ422223:-:16837:20430,44556,no,train,KQ422223,19856,-,403,0,Octopus_prebalancing.csv.gz
Octopus,KQ420932:-:15469:17233,37811,no,train,KQ420932,16291,-,109,0,Octopus_prebalancing.csv.gz
Octopus,KQ430226:+:39098:42554,61921,no,train,KQ430226,39445,+,228,0,Octopus_prebalancing.csv.gz
Octopus,KQ423574:-:83008:86955,49766,no,train,KQ423574,83662,-,35,0,Octopus_prebalancing.csv.gz
Octopus,KQ431376:-:41596:43687,62959,yes,train,KQ431376,42037,-,178,0.4837209302325581,Octopus_prebalancing.csv.gz
Octopus,KQ422500:-:203047:204525,45809,yes,train,KQ422500,204133,-,69,0.5965909090909091,Octopus_prebalancing.csv.gz
Octopus,KQ419921:+:87549:87971,30728,no,train,KQ419921,87948,+,267,0,Octopus_prebalancing.csv.gz
Octopus,KQ432038:+:338791:339606,63385,no,train,KQ432038,339321,+,219,0,Octopus_prebalancing.csv.gz
Octopus,KQ420662:+:220790:222380,35731,no,train,KQ420662,221728,+,353,0,Octopus_prebalancing.csv.gz
Octopus,KQ422458:-:98826:101081,45507,yes,train,KQ422458,99771,-,317,0.3042635658914728,Octopus_prebalancing.csv.gz
Octopus,KQ423846:+:124969:125801,50836,no,train,KQ423846,125453,+,195,0,Octopus_prebalancing.csv.gz
Octopus,KQ420942:+:522955:524648,37941,yes,train,KQ420942,524404,+,39,0.4861111111111111,Octopus_prebalancing.csv.gz
Octopus,KQ423868:-:105653:108514,50888,no,train,KQ423868,106722,-,115,0,Octopus_prebalancing.csv.gz
Octopus,KQ424114:+:62091:63803,51390,yes,train,KQ424114,62262,+,113,0.6197183098591549,Octopus_prebalancing.csv.gz
Octopus,KQ416626:+:246193:257235,8976,yes,train,KQ416626,252972,+,171,0.2137404580152671,Octopus_prebalancing.csv.gz
Octopus,KQ420080:+:468005:470274,31824,no,train,KQ420080,468841,+,212,0,Octopus_prebalancing.csv.gz
Octopus,KQ418900:-:485296:490211,26437,yes,train,KQ418900,486910,-,605,0.2064516129032258,Octopus_prebalancing.csv.gz
Octopus,KQ418059:+:563471:564576,19945,yes,train,KQ418059,563782,+,185,0.397196261682243,Octopus_prebalancing.csv.gz
Octopus,KQ416684:-:407347:407907,9472,no,train,KQ416684,407334,-,239,0,Octopus_prebalancing.csv.gz
Octopus,KQ417731:+:297906:298634,17364,no,train,KQ417731,298458,+,45,0,Octopus_prebalancing.csv.gz
Octopus,KQ424997:-:24557:25090,53270,no,train,KQ424997,24843,-,9,0,Octopus_prebalancing.csv.gz
Octopus,KQ430889:-:120538:121611,62543,no,train,KQ430889,121354,-,224,0,Octopus_prebalancing.csv.gz
Octopus,KQ425066:-:282179:287501,53573,yes,train,KQ425066,286042,-,32,0.7960199004975125,Octopus_prebalancing.csv.gz
Octopus,KQ428842:-:120425:122108,60904,no,train,KQ428842,121796,-,39,0,Octopus_prebalancing.csv.gz
Octopus,KQ422223:-:16837:20430,44616,no,train,KQ422223,20223,-,222,0,Octopus_prebalancing.csv.gz
Octopus,KQ416684:-:407347:407907,9516,no,train,KQ416684,407849,-,63,0,Octopus_prebalancing.csv.gz
Octopus,KQ431895:+:3872:10596,63118,yes,train,KQ431895,10064,+,476,0.2980392156862745,Octopus_prebalancing.csv.gz
Octopus,KQ418644:+:541431:543535,25117,yes,train,KQ418644,543280,+,305,0.8736842105263158,Octopus_prebalancing.csv.gz
Octopus,KQ420348:-:79805:80375,33656,no,train,KQ420348,79741,-,413,0,Octopus_prebalancing.csv.gz
Octopus,KQ416260:-:512908:516363,6218,no,train,KQ416260,514757,-,76,0,Octopus_prebalancing.csv.gz
Octopus,KQ416194:-:389223:393444,5342,yes,train,KQ416194,389342,-,150,0.1886792452830188,Octopus_prebalancing.csv.gz
Octopus,KQ419199:+:17614:19923,27751,yes,train,KQ419199,18155,+,181,0.5104712041884817,Octopus_prebalancing.csv.gz
Octopus,KQ423631:-:204154:208384,50158,no,train,KQ423631,205487,-,2,0,Octopus_prebalancing.csv.gz
Octopus,KQ421684:+:36731:41102,41911,no,train,KQ421684,38163,+,93,0,Octopus_prebalancing.csv.gz
Octopus,KQ422036:+:963421:964986,44158,no,train,KQ422036,963608,+,42,0,Octopus_prebalancing.csv.gz
Octopus,KQ427011:+:44729:52161,58234,yes,train,KQ427011,49579,+,360,0.4458874458874459,Octopus_prebalancing.csv.gz
Octopus,KQ426828:-:129659:129678,57627,no,train,KQ426828,129717,-,140,0,Octopus_prebalancing.csv.gz
Octopus,KQ415827:+:58324:68210,1920,yes,train,KQ415827,60255,+,176,0.6688741721854304,Octopus_prebalancing.csv.gz
Octopus,KQ415951:+:107290:108224,3594,yes,train,KQ415951,107485,+,169,0.3714285714285714,Octopus_prebalancing.csv.gz
Octopus,KQ420117:+:1509985:1514039,32023,yes,train,KQ420117,1510185,+,118,0.7953216374269005,Octopus_prebalancing.csv.gz
Octopus,KQ420153:-:20390:23631,32677,yes,train,KQ420153,22251,-,252,0.4433962264150943,Octopus_prebalancing.csv.gz
Octopus,KQ426505:-:176528:177288,57056,yes,train,KQ426505,176534,-,283,0.4390243902439024,Octopus_prebalancing.csv.gz
Octopus,KQ425492:+:127950:131947,55053,no,train,KQ425492,128093,+,229,0,Octopus_prebalancing.csv.gz
Octopus,KQ416171:+:192715:198630,4855,yes,train,KQ416171,197590,+,189,0.2898799313893653,Octopus_prebalancing.csv.gz
Octopus,KQ420132:-:753148:758140,32419,yes,train,KQ420132,756172,-,159,0.9027777777777778,Octopus_prebalancing.csv.gz
Octopus,KQ416724:-:64536:68690,9941,no,train,KQ416724,67114,-,131,0,Octopus_prebalancing.csv.gz
Octopus,KQ417917:-:145066:150944,18623,yes,train,KQ417917,147039,-,391,0.6136363636363636,Octopus_prebalancing.csv.gz
Octopus,KQ415952:-:300894:302128,3649,yes,train,KQ415952,300940,-,163,0.475,Octopus_prebalancing.csv.gz
Octopus,KQ415659:+:531021:534837,58,no,train,KQ415659,531976,+,194,0,Octopus_prebalancing.csv.gz
Octopus,KQ417847:-:1095310:1097869,18030,yes,train,KQ417847,1095527,-,216,0.4322033898305085,Octopus_prebalancing.csv.gz
Octopus,KQ423057:-:42547:43251,47468,yes,train,KQ423057,42606,-,225,0.66,Octopus_prebalancing.csv.gz
Octopus,KQ415672:+:529983:538841,484,no,train,KQ415672,538649,+,303,0,Octopus_prebalancing.csv.gz
Octopus,KQ417796:+:458790:459137,17669,yes,train,KQ417796,458937,+,169,0.553475935828877,Octopus_prebalancing.csv.gz
Octopus,KQ420261:+:1151455:1153527,33082,no,train,KQ420261,1153494,+,424,0,Octopus_prebalancing.csv.gz
Octopus,KQ421758:-:260871:261476,42562,no,train,KQ421758,261377,-,137,0,Octopus_prebalancing.csv.gz
Octopus,KQ427660:+:24777:32766,59345,no,train,KQ427660,31288,+,202,0,Octopus_prebalancing.csv.gz
Octopus,KQ427812:-:11379:11735,59559,no,train,KQ427812,11664,-,33,0,Octopus_prebalancing.csv.gz
Octopus,KQ416929:+:777857:781590,11142,yes,train,KQ416929,778076,+,85,0.303030303030303,Octopus_prebalancing.csv.gz
Octopus,KQ417945:-:626288:629791,19078,yes,train,KQ417945,629735,-,73,0.2718446601941747,Octopus_prebalancing.csv.gz
Octopus,KQ416040:+:502414:503677,4119,no,train,KQ416040,502991,+,43,0,Octopus_prebalancing.csv.gz
Octopus,KQ426988:+:12305:13448,57919,no,train,KQ426988,12397,+,120,0,Octopus_prebalancing.csv.gz
Octopus,KQ430069:+:5459:6074,61694,yes,train,KQ430069,5849,+,59,0.2954545454545454,Octopus_prebalancing.csv.gz
Octopus,KQ418420:-:72827:73422,23400,no,train,KQ418420,73246,-,193,0,Octopus_prebalancing.csv.gz
Octopus,KQ419199:+:17614:19923,27731,no,train,KQ419199,18121,+,147,0,Octopus_prebalancing.csv.gz
Octopus,KQ420444:+:439486:443984,34419,no,train,KQ420444,443002,+,263,0,Octopus_prebalancing.csv.gz
Octopus,KQ421375:-:86931:88834,40624,yes,train,KQ421375,88074,-,69,0.4378109452736318,Octopus_prebalancing.csv.gz
Octopus,KQ417931:+:57253:58998,18827,no,train,KQ417931,58925,+,130,0,Octopus_prebalancing.csv.gz
Octopus,KQ422502:+:30727:33827,45874,yes,train,KQ422502,32159,+,149,0.5642857142857143,Octopus_prebalancing.csv.gz
Octopus,KQ418322:-:535563:541280,22475,no,train,KQ418322,540303,-,75,0,Octopus_prebalancing.csv.gz
Octopus,KQ425066:-:282179:287501,53533,yes,train,KQ425066,285862,-,217,0.2429378531073446,Octopus_prebalancing.csv.gz
Octopus,KQ417147:+:190594:198342,12625,yes,train,KQ417147,193082,+,255,0.9251700680272108,Octopus_prebalancing.csv.gz
Octopus,KQ416684:-:407347:407907,9482,yes,train,KQ416684,407365,-,208,0.5414634146341464,Octopus_prebalancing.csv.gz
Octopus,KQ420942:+:253753:260737,37857,no,train,KQ420942,254790,+,27,0,Octopus_prebalancing.csv.gz
Octopus,KQ420932:-:15469:17233,37798,yes,train,KQ420932,15715,-,154,0.1855123674911661,Octopus_prebalancing.csv.gz
Octopus,KQ428036:-:63183:64283,59800,no,train,KQ428036,63717,-,474,0,Octopus_prebalancing.csv.gz
Octopus,KQ416582:+:69166:70237,8158,yes,train,KQ416582,69529,+,71,0.3889602053915276,Octopus_prebalancing.csv.gz
Octopus,KQ426843:-:39691:51826,57734,no,train,KQ426843,41334,-,192,0,Octopus_prebalancing.csv.gz
Octopus,KQ433284:-:17319:18995,63754,yes,train,KQ433284,18671,-,77,0.7058823529411765,Octopus_prebalancing.csv.gz
Octopus,KQ422889:+:586795:590174,47115,no,train,KQ422889,589562,+,227,0,Octopus_prebalancing.csv.gz
Octopus,KQ424429:+:66277:79095,52157,yes,train,KQ424429,73452,+,54,0.7692307692307693,Octopus_prebalancing.csv.gz
Octopus,KQ422658:-:262328:262919,46364,no,train,KQ422658,262783,-,12,0,Octopus_prebalancing.csv.gz
Octopus,KQ416765:+:257582:260724,10155,yes,train,KQ416765,259737,+,48,0.831858407079646,Octopus_prebalancing.csv.gz
Octopus,KQ419534:-:177028:177777,29497,no,train,KQ419534,177016,-,207,0,Octopus_prebalancing.csv.gz
Octopus,KQ417417:-:216243:216577,15078,yes,train,KQ417417,216282,-,163,0.8815331010452961,Octopus_prebalancing.csv.gz
Octopus,KQ428036:-:63183:64283,59834,yes,train,KQ428036,63816,-,375,0.6506024096385542,Octopus_prebalancing.csv.gz
Octopus,KQ423506:-:150904:151936,49087,no,train,KQ423506,151676,-,210,0,Octopus_prebalancing.csv.gz
Octopus,KQ416260:-:512908:516363,6205,yes,train,KQ416260,514685,-,128,0.5100671140939598,Octopus_prebalancing.csv.gz
Octopus,KQ420642:-:200769:201948,35399,no,train,KQ420642,200978,-,317,0,Octopus_prebalancing.csv.gz
Octopus,KQ417112:-:598933:605464,12298,yes,train,KQ417112,604205,-,495,0.3256756756756757,Octopus_prebalancing.csv.gz
Octopus,KQ417824:+:996158:998152,17927,no,train,KQ417824,996717,+,59,0,Octopus_prebalancing.csv.gz
Octopus,KQ416955:-:484828:485261,11280,no,train,KQ416955,484824,-,187,0,Octopus_prebalancing.csv.gz
Octopus,KQ430572:+:128019:128398,62111,no,train,KQ430572,128109,+,112,0,Octopus_prebalancing.csv.gz
Octopus,KQ416175:+:888719:895874,4893,no,train,KQ416175,889903,+,68,0,Octopus_prebalancing.csv.gz
Octopus,KQ421758:-:1453493:1454390,42873,no,train,KQ421758,1453799,-,190,0,Octopus_prebalancing.csv.gz
Octopus,KQ422866:-:193298:197038,47011,yes,train,KQ422866,194592,-,261,0.4144486692015209,Octopus_prebalancing.csv.gz
Octopus,KQ418475:+:151074:154011,23824,yes,train,KQ418475,151586,+,60,0.6310679611650486,Octopus_prebalancing.csv.gz
Octopus,KQ418295:+:256001:257099,22098,yes,train,KQ418295,256762,+,291,0.1722054380664652,Octopus_prebalancing.csv.gz
Octopus,KQ423509:-:57830:68774,49151,no,train,KQ423509,62331,-,220,0,Octopus_prebalancing.csv.gz
Octopus,KQ419858:+:187601:189009,30530,no,train,KQ419858,188461,+,349,0,Octopus_prebalancing.csv.gz
Octopus,KQ428842:-:120425:122108,60900,yes,train,KQ428842,121788,-,47,0.7391304347826086,Octopus_prebalancing.csv.gz
Octopus,KQ421824:+:10936:13182,43323,yes,train,KQ421824,12821,+,550,0.52,Octopus_prebalancing.csv.gz
Octopus,KQ427059:-:274873:282821,58391,yes,train,KQ427059,280693,-,250,0.1948955916473317,Octopus_prebalancing.csv.gz
Octopus,KQ416766:-:4974:6044,10277,yes,train,KQ416766,5585,-,381,0.219047619047619,Octopus_prebalancing.csv.gz
Octopus,KQ427059:+:265359:268626,58357,no,train,KQ427059,265824,+,94,0,Octopus_prebalancing.csv.gz
Octopus,KQ426567:-:66580:68911,57130,yes,train,KQ426567,68587,-,95,0.4442270058708414,Octopus_prebalancing.csv.gz
Octopus,KQ423494:+:335164:341254,48872,no,train,KQ423494,341218,+,274,0,Octopus_prebalancing.csv.gz
Octopus,KQ419175:-:3377:3779,27457,yes,train,KQ419175,3588,-,139,0.2635135135135135,Octopus_prebalancing.csv.gz
Octopus,KQ428371:-:65206:71009,60150,yes,train,KQ428371,70049,-,358,0.1981132075471698,Octopus_prebalancing.csv.gz
Octopus,KQ417620:-:314872:315736,16004,yes,train,KQ417620,315221,-,394,0.4756554307116105,Octopus_prebalancing.csv.gz
Octopus,KQ422223:-:16837:20430,44562,no,train,KQ422223,19877,-,382,0,Octopus_prebalancing.csv.gz
Octopus,KQ418200:+:61525:63624,21720,yes,train,KQ418200,61884,+,70,0.6835443037974683,Octopus_prebalancing.csv.gz
Octopus,KQ419500:+:684975:695320,29379,no,train,KQ419500,687121,+,224,0,Octopus_prebalancing.csv.gz
Octopus,KQ421375:-:86931:88834,40641,yes,train,KQ421375,88114,-,29,0.7022900763358778,Octopus_prebalancing.csv.gz
Octopus,KQ417233:+:10478:14651,12855,yes,train,KQ417233,11211,+,145,0.5766423357664233,Octopus_prebalancing.csv.gz
Octopus,KQ416454:-:210630:218397,7496,yes,train,KQ416454,218322,-,79,0.5241935483870968,Octopus_prebalancing.csv.gz
Octopus,KQ420550:-:94093:103027,34980,no,train,KQ420550,102475,-,162,0,Octopus_prebalancing.csv.gz
Octopus,KQ417931:+:57253:58998,18850,no,train,KQ417931,59004,+,209,0,Octopus_prebalancing.csv.gz
Octopus,KQ423069:+:44699:48554,47702,no,train,KQ423069,46975,+,6,0,Octopus_prebalancing.csv.gz
Octopus,KQ424429:+:66277:79095,52171,yes,train,KQ424429,73485,+,87,0.987152034261242,Octopus_prebalancing.csv.gz
Octopus,KQ431895:+:3872:10596,63236,no,train,KQ431895,10391,+,803,0,Octopus_prebalancing.csv.gz
Octopus,KQ419582:+:25487:27913,29833,yes,train,KQ419582,26058,+,48,0.6871508379888268,Octopus_prebalancing.csv.gz
Octopus,KQ423912:+:27184:28834,51185,no,train,KQ423912,28051,+,161,0,Octopus_prebalancing.csv.gz
Octopus,KQ427587:+:206953:208278,59262,yes,train,KQ427587,208257,+,173,0.4742857142857143,Octopus_prebalancing.csv.gz
Octopus,KQ416454:-:210630:218397,7451,yes,train,KQ416454,217619,-,247,0.78301886792452835,Octopus_prebalancing.csv.gz
Octopus,KQ417318:-:474342:477099,14156,yes,train,KQ417318,476949,-,83,0.570873786407767,Octopus_prebalancing.csv.gz
Octopus,KQ421085:+:144467:144685,38758,yes,train,KQ421085,144685,+,230,0.792,Octopus_prebalancing.csv.gz
Octopus,KQ418644:+:541431:543535,25077,no,train,KQ418644,543171,+,196,0,Octopus_prebalancing.csv.gz
Octopus,KQ427892:-:28679:32678,59650,no,train,KQ427892,31463,-,169,0,Octopus_prebalancing.csv.gz
Octopus,KQ424168:+:169950:179441,51759,no,train,KQ424168,174719,+,207,0,Octopus_prebalancing.csv.gz
Octopus,KQ421265:-:217835:220132,39881,no,train,KQ421265,219294,-,159,0,Octopus_prebalancing.csv.gz
Octopus,KQ415865:+:859282:860749,2347,no,train,KQ415865,859431,+,15,0,Octopus_prebalancing.csv.gz
Octopus,KQ423677:+:105301:111458,50433,no,train,KQ423677,111343,+,315,0,Octopus_prebalancing.csv.gz
Octopus,KQ425304:+:77679:80253,54665,no,train,KQ425304,78062,+,52,0,Octopus_prebalancing.csv.gz
Octopus,KQ423057:-:42547:43251,47458,yes,train,KQ423057,42560,-,271,0.2882882882882883,Octopus_prebalancing.csv.gz
Octopus,KQ416766:-:4974:6044,10258,no,train,KQ416766,5376,-,596,0,Octopus_prebalancing.csv.gz
Octopus,KQ421800:+:115671:129740,43084,yes,train,KQ421800,123337,+,295,0.17125,Octopus_prebalancing.csv.gz
Octopus,KQ418040:-:357576:360646,19738,yes,train,KQ418040,357709,-,252,0.1654676258992805,Octopus_prebalancing.csv.gz
Octopus,KQ419281:+:554403:559442,28132,no,train,KQ419281,556611,+,260,0,Octopus_prebalancing.csv.gz
Octopus,KQ415672:+:529983:538841,519,no,train,KQ415672,538817,+,471,0,Octopus_prebalancing.csv.gz
Octopus,KQ419366:+:211929:213548,28498,yes,train,KQ419366,213221,+,72,0.4789915966386555,Octopus_prebalancing.csv.gz
Octopus,KQ419098:-:224612:226065,27014,no,train,KQ419098,225517,-,391,0,Octopus_prebalancing.csv.gz
Octopus,KQ416681:+:123800:125409,9378,no,train,KQ416681,125003,+,27,0,Octopus_prebalancing.csv.gz
Octopus,KQ422458:-:98826:101081,45484,yes,train,KQ422458,99713,-,375,0.5673758865248227,Octopus_prebalancing.csv.gz
Octopus,KQ415827:+:58324:68210,1868,no,train,KQ415827,59725,+,9,0,Octopus_prebalancing.csv.gz
Octopus,KQ417147:+:190594:198342,12604,no,train,KQ417147,193017,+,187,0,Octopus_prebalancing.csv.gz
Octopus,KQ421523:-:736020:739894,41273,no,train,KQ421523,738726,-,66,0,Octopus_prebalancing.csv.gz
Octopus,KQ424629:-:128331:133319,52727,yes,train,KQ424629,130608,-,17,0.986013986013986,Octopus_prebalancing.csv.gz
Octopus,KQ427059:-:52045:60905,58315,no,train,KQ427059,60504,-,78,0,Octopus_prebalancing.csv.gz
Octopus,KQ427812:-:11379:11735,59510,no,train,KQ427812,11523,-,170,0,Octopus_prebalancing.csv.gz
Octopus,KQ420660:+:206788:209565,35629,no,train,KQ420660,207974,+,499,0,Octopus_prebalancing.csv.gz
Octopus,KQ418900:-:120417:121639,26311,no,train,KQ418900,121492,-,132,0,Octopus_prebalancing.csv.gz
Octopus,KQ430572:-:129875:131303,62228,no,train,KQ430572,131277,-,324,0,Octopus_prebalancing.csv.gz
Octopus,KQ417623:+:62387:68207,16239,yes,train,KQ417623,63617,+,63,1,Octopus_prebalancing.csv.gz
Octopus,KQ423069:+:40459:43239,47567,yes,train,KQ423069,42135,+,207,0.1940298507462686,Octopus_prebalancing.csv.gz
Octopus,KQ422036:+:963421:964986,44192,no,train,KQ422036,964667,+,170,0,Octopus_prebalancing.csv.gz
Octopus,KQ425510:-:43575:44964,55206,no,train,KQ425510,44676,-,17,0,Octopus_prebalancing.csv.gz
Octopus,KQ423926:-:48986:56304,51284,no,train,KQ423926,51607,-,254,0,Octopus_prebalancing.csv.gz
Octopus,KQ420299:-:531133:532105,33284,no,train,KQ420299,531709,-,185,0,Octopus_prebalancing.csv.gz
Octopus,KQ417945:-:626288:629791,19059,no,train,KQ417945,629217,-,204,0,Octopus_prebalancing.csv.gz
Octopus,KQ419648:+:147236:149270,30152,no,train,KQ419648,149240,+,159,0,Octopus_prebalancing.csv.gz
Octopus,KQ415659:+:531021:534837,11,yes,train,KQ415659,531605,+,41,0.5284738041002278,Octopus_prebalancing.csv.gz
Octopus,KQ416738:+:179376:181420,10040,yes,train,KQ416738,181381,+,195,0.2585365853658536,Octopus_prebalancing.csv.gz
Octopus,KQ416594:-:25583:31375,8333,yes,train,KQ416594,29488,-,247,0.6017699115044248,Octopus_prebalancing.csv.gz
Octopus,KQ423101:-:172448:172908,47846,yes,train,KQ423101,172544,-,166,0.28,Octopus_prebalancing.csv.gz
Octopus,KQ420909:-:58461:62439,37492,yes,train,KQ420909,60892,-,466,0.868421052631579,Octopus_prebalancing.csv.gz
Octopus,KQ417245:+:359507:360722,13275,no,train,KQ417245,360184,+,583,0,Octopus_prebalancing.csv.gz
Octopus,KQ415916:+:257044:260762,2939,no,train,KQ415916,257254,+,243,0,Octopus_prebalancing.csv.gz
Octopus,KQ418580:+:701924:705836,24875,no,train,KQ418580,703360,+,184,0,Octopus_prebalancing.csv.gz
Octopus,KQ425067:-:59117:68620,53740,no,train,KQ425067,64381,-,8,0,Octopus_prebalancing.csv.gz
Octopus,KQ417701:-:269740:272982,17045,yes,train,KQ417701,270082,-,20,0.7589743589743589,Octopus_prebalancing.csv.gz
Octopus,KQ421758:+:240289:242289,42417,no,train,KQ421758,241413,+,78,0,Octopus_prebalancing.csv.gz
Octopus,KQ416499:-:257027:258284,7729,no,train,KQ416499,257345,-,154,0,Octopus_prebalancing.csv.gz
Octopus,KQ427059:-:52045:60905,58265,no,train,KQ427059,60371,-,211,0,Octopus_prebalancing.csv.gz
Octopus,KQ419763:+:125372:126247,30312,yes,train,KQ419763,125591,+,227,0.980997624703088,Octopus_prebalancing.csv.gz
Octopus,KQ422658:+:192535:194721,46301,yes,train,KQ422658,193182,+,356,0.1693121693121693,Octopus_prebalancing.csv.gz
Octopus,KQ416738:+:179376:181420,9994,no,train,KQ416738,181246,+,63,0,Octopus_prebalancing.csv.gz
Octopus,KQ427922:+:53789:55100,59710,no,train,KQ427922,54956,+,70,0,Octopus_prebalancing.csv.gz
Octopus,KQ417417:-:19359:26595,14988,yes,train,KQ417417,19412,-,318,0.3679245283018867,Octopus_prebalancing.csv.gz
Octopus,KQ417877:-:367901:377631,18285,yes,train,KQ417877,374216,-,103,0.7526881720430108,Octopus_prebalancing.csv.gz
Octopus,KQ417620:-:314872:315736,15996,yes,train,KQ417620,315198,-,417,0.2077464788732394,Octopus_prebalancing.csv.gz
Octopus,KQ425510:-:43575:44964,55180,yes,train,KQ425510,44603,-,90,0.3286713286713286,Octopus_prebalancing.csv.gz
Octopus,KQ420639:-:761470:762620,35357,no,train,KQ420639,762570,-,77,0,Octopus_prebalancing.csv.gz
Octopus,KQ430572:+:128019:128398,62113,yes,train,KQ430572,128113,+,116,0.1647509578544061,Octopus_prebalancing.csv.gz
Octopus,KQ417981:+:533430:537772,19307,no,train,KQ417981,536003,+,321,0,Octopus_prebalancing.csv.gz
Octopus,KQ423926:-:48986:56304,51267,yes,train,KQ423926,51522,-,339,0.6764705882352942,Octopus_prebalancing.csv.gz
Octopus,KQ417980:+:232521:234469,19186,no,train,KQ417980,232638,+,124,0,Octopus_prebalancing.csv.gz
Octopus,KQ417090:-:1525730:1527393,12056,no,train,KQ417090,1527303,-,103,0,Octopus_prebalancing.csv.gz
Octopus,KQ421758:+:240289:242289,42480,yes,train,KQ421758,241652,+,312,0.4709302325581395,Octopus_prebalancing.csv.gz
Octopus,KQ417318:-:474342:477099,14098,yes,train,KQ417318,476180,-,314,0.2746781115879828,Octopus_prebalancing.csv.gz
Octopus,KQ418900:-:420808:421676,26339,no,train,KQ418900,421162,-,207,0,Octopus_prebalancing.csv.gz
Octopus,KQ419409:+:573761:574041,28816,no,train,KQ419409,573761,+,80,0,Octopus_prebalancing.csv.gz
Octopus,KQ420444:+:439486:443984,34448,no,train,KQ420444,443108,+,369,0,Octopus_prebalancing.csv.gz
Octopus,KQ417567:-:129462:130077,15805,no,train,KQ417567,130101,-,48,0,Octopus_prebalancing.csv.gz
Octopus,KQ427945:-:16056:18765,59729,yes,train,KQ427945,17898,-,179,0.5588235294117647,Octopus_prebalancing.csv.gz
Octopus,KQ420313:-:692964:694535,33532,no,train,KQ420313,693166,-,276,0,Octopus_prebalancing.csv.gz
Octopus,KQ419203:-:39965:40712,27921,no,train,KQ419203,40666,-,54,0,Octopus_prebalancing.csv.gz
Octopus,KQ425344:-:44324:44490,54783,no,train,KQ425344,44563,-,9,0,Octopus_prebalancing.csv.gz
Octopus,KQ422595:-:182014:185348,46109,yes,train,KQ422595,183690,-,245,0.4493392070484581,Octopus_prebalancing.csv.gz
Octopus,KQ423912:+:27184:28834,51207,no,train,KQ423912,28100,+,210,0,Octopus_prebalancing.csv.gz
Octopus,KQ419098:-:224612:226065,27043,no,train,KQ419098,225611,-,297,0,Octopus_prebalancing.csv.gz
Octopus,KQ422658:+:192535:194721,46272,yes,train,KQ422658,193103,+,277,0.9492753623188406,Octopus_prebalancing.csv.gz
Octopus,KQ423631:-:204154:208384,50157,no,train,KQ423631,205485,-,4,0,Octopus_prebalancing.csv.gz
Octopus,KQ415687:+:621295:623555,1022,no,train,KQ415687,623399,+,114,0,Octopus_prebalancing.csv.gz
Octopus,KQ417911:+:922659:922975,18580,yes,train,KQ417911,922915,+,240,0.8125,Octopus_prebalancing.csv.gz
Octopus,KQ417670:+:106541:109344,16529,yes,train,KQ417670,107791,+,47,0.3480662983425414,Octopus_prebalancing.csv.gz
Octopus,KQ428981:-:169360:173915,61227,no,train,KQ428981,172944,-,49,0,Octopus_prebalancing.csv.gz
Octopus,KQ420428:-:114306:115147,34055,no,train,KQ420428,114371,-,131,0,Octopus_prebalancing.csv.gz
Octopus,KQ416788:-:74481:75947,10451,yes,train,KQ416788,74943,-,144,0.9896373056994818,Octopus_prebalancing.csv.gz
Octopus,KQ416235:-:90868:101227,5913,no,train,KQ416235,94862,-,268,0,Octopus_prebalancing.csv.gz
Octopus,KQ416582:+:69166:70237,8213,no,train,KQ416582,70203,+,235,0,Octopus_prebalancing.csv.gz
Octopus,KQ433284:-:17319:18995,63724,no,train,KQ433284,18579,-,158,0,Octopus_prebalancing.csv.gz
Octopus,KQ423926:-:48986:56304,51275,no,train,KQ423926,51564,-,297,0,Octopus_prebalancing.csv.gz
Octopus,KQ418900:-:420808:421676,26379,no,train,KQ418900,421276,-,89,0,Octopus_prebalancing.csv.gz
Octopus,KQ418523:-:372169:373200,24095,no,train,KQ418523,372667,-,79,0,Octopus_prebalancing.csv.gz
Octopus,KQ426988:+:12305:13448,57929,no,train,KQ426988,12455,+,178,0,Octopus_prebalancing.csv.gz
Octopus,KQ427753:+:65163:68127,59458,no,train,KQ427753,67112,+,363,0,Octopus_prebalancing.csv.gz
Octopus,KQ422211:-:118854:119123,44436,yes,train,KQ422211,118897,-,241,0.2618243243243243,Octopus_prebalancing.csv.gz
Octopus,KQ418535:-:294754:296669,24382,no,train,KQ418535,294844,-,172,0,Octopus_prebalancing.csv.gz
Octopus,KQ420444:+:439486:443984,34497,no,train,KQ420444,443232,+,493,0,Octopus_prebalancing.csv.gz
Octopus,KQ420595:+:432507:442232,35302,yes,train,KQ420595,438542,+,371,0.2040816326530612,Octopus_prebalancing.csv.gz
Octopus,KQ421375:-:86931:88834,40551,yes,train,KQ421375,87155,-,325,0.4901960784313725,Octopus_prebalancing.csv.gz
Octopus,KQ425304:+:77679:80253,54678,yes,train,KQ425304,78094,+,84,0.9875,Octopus_prebalancing.csv.gz
Octopus,KQ416568:-:106474:107971,7978,no,train,KQ416568,107437,-,103,0,Octopus_prebalancing.csv.gz
Octopus,KQ417417:-:19359:26595,15021,no,train,KQ417417,19508,-,222,0,Octopus_prebalancing.csv.gz
Octopus,KQ426828:-:129659:129678,57623,no,train,KQ426828,129707,-,150,0,Octopus_prebalancing.csv.gz
Octopus,KQ417012:-:60820:61575,11640,no,train,KQ417012,61427,-,180,0,Octopus_prebalancing.csv.gz
Octopus,KQ421411:+:481404:484595,40908,yes,train,KQ421411,484343,+,351,0.5234899328859061,Octopus_prebalancing.csv.gz
Octopus,KQ426843:-:39691:51826,57779,no,train,KQ426843,49793,-,3,0,Octopus_prebalancing.csv.gz
Octopus,KQ419366:+:211929:213548,28536,yes,train,KQ419366,213514,+,268,0.4375,Octopus_prebalancing.csv.gz
Octopus,KQ418328:+:566027:566284,22655,no,train,KQ418328,566297,+,242,0,Octopus_prebalancing.csv.gz
Octopus,KQ421758:+:240289:242289,42505,no,train,KQ421758,241754,+,414,0,Octopus_prebalancing.csv.gz
Octopus,KQ433284:-:17319:18995,63723,no,train,KQ433284,18578,-,159,0,Octopus_prebalancing.csv.gz
Octopus,KQ430226:+:39098:42554,61929,yes,train,KQ430226,39474,+,257,0.3434343434343434,Octopus_prebalancing.csv.gz
Octopus,KQ418571:+:564763:566766,24729,no,train,KQ418571,565470,+,122,0,Octopus_prebalancing.csv.gz
Octopus,KQ421638:+:30744:34531,41629,yes,train,KQ421638,32811,+,451,0.4588235294117647,Octopus_prebalancing.csv.gz
Octopus,KQ419593:-:1573:3918,29875,no,train,KQ419593,2814,-,342,0,Octopus_prebalancing.csv.gz
Octopus,KQ422223:-:16837:20430,44669,no,train,KQ422223,20378,-,67,0,Octopus_prebalancing.csv.gz
Octopus,KQ418571:+:564763:566766,24721,no,train,KQ418571,565426,+,77,0,Octopus_prebalancing.csv.gz
Octopus,KQ426988:+:12305:13448,57920,no,train,KQ426988,12409,+,132,0,Octopus_prebalancing.csv.gz
Octopus,KQ420595:+:432507:442232,35310,no,train,KQ420595,438579,+,408,0,Octopus_prebalancing.csv.gz
Octopus,KQ430572:+:128019:128398,62106,yes,train,KQ430572,128081,+,84,0.4607508532423208,Octopus_prebalancing.csv.gz
Octopus,KQ418739:+:750233:751167,25295,yes,train,KQ418739,750994,+,44,0.8963414634146342,Octopus_prebalancing.csv.gz
Octopus,KQ415684:+:1795785:1804292,788,yes,train,KQ415684,1803101,+,229,1,Octopus_prebalancing.csv.gz
Octopus,KQ422777:+:281544:283547,46597,yes,train,KQ422777,283197,+,59,0.1570247933884297,Octopus_prebalancing.csv.gz
Octopus,KQ431108:+:80994:85495,62851,yes,train,KQ431108,84614,+,148,0.1733812949640287,Octopus_prebalancing.csv.gz
Octopus,KQ415684:+:1833145:1844637,818,yes,train,KQ415684,1833947,+,21,0.90990990990991,Octopus_prebalancing.csv.gz
Octopus,KQ421758:-:260871:261476,42583,no,train,KQ421758,261460,-,47,0,Octopus_prebalancing.csv.gz
Octopus,KQ418580:+:701924:705836,24851,no,train,KQ418580,703308,+,132,0,Octopus_prebalancing.csv.gz
Octopus,KQ418525:-:269185:270140,24188,yes,train,KQ418525,269449,-,33,0.2893772893772894,Octopus_prebalancing.csv.gz
Octopus,KQ428371:-:65206:71009,60120,no,train,KQ428371,69960,-,447,0,Octopus_prebalancing.csv.gz
Octopus,KQ418900:-:420808:421676,26403,no,train,KQ418900,421354,-,11,0,Octopus_prebalancing.csv.gz
Octopus,KQ416087:-:497971:503844,4427,no,train,KQ416087,502289,-,101,0,Octopus_prebalancing.csv.gz
Octopus,KQ417318:-:474342:477099,14077,yes,train,KQ417318,476121,-,373,0.5582922824302134,Octopus_prebalancing.csv.gz
Octopus,KQ430251:+:13943:16469,62077,no,train,KQ430251,15342,+,188,0,Octopus_prebalancing.csv.gz
Octopus,KQ423494:+:335164:341254,48817,no,train,KQ423494,340694,+,60,0,Octopus_prebalancing.csv.gz
Octopus,KQ427309:+:75551:79791,59008,yes,train,KQ427309,75725,+,81,0.1804511278195488,Octopus_prebalancing.csv.gz
Octopus,KQ417112:-:598933:605464,12258,yes,train,KQ417112,604080,-,620,0.8995983935742972,Octopus_prebalancing.csv.gz
Octopus,KQ424659:+:227171:231163,52807,yes,train,KQ424659,230887,+,196,0.1936936936936936,Octopus_prebalancing.csv.gz
Octopus,KQ428460:-:15526:18845,60265,no,train,KQ428460,16130,-,329,0,Octopus_prebalancing.csv.gz
Octopus,KQ421356:-:55274:57599,40130,no,train,KQ421356,55380,-,287,0,Octopus_prebalancing.csv.gz
Octopus,KQ415902:+:342156:348792,2677,no,train,KQ415902,345160,+,200,0,Octopus_prebalancing.csv.gz
Octopus,KQ417318:-:474342:477099,14080,yes,train,KQ417318,476125,-,369,0.9330422125181952,Octopus_prebalancing.csv.gz
Octopus,KQ415876:-:1905721:1908779,2556,no,train,KQ415876,1908698,-,50,0,Octopus_prebalancing.csv.gz
Octopus,KQ416694:+:2524832:2531725,9692,yes,train,KQ416694,2526047,+,188,0.3984375,Octopus_prebalancing.csv.gz
Octopus,KQ417245:+:359507:360722,13209,yes,train,KQ417245,359989,+,388,0.4227272727272727,Octopus_prebalancing.csv.gz
Octopus,KQ418459:+:176850:178358,23796,no,train,KQ418459,177643,+,178,0,Octopus_prebalancing.csv.gz
Octopus,KQ419199:+:17614:19923,27714,yes,train,KQ419199,18074,+,100,0.2088353413654618,Octopus_prebalancing.csv.gz
Octopus,KQ433284:-:17319:18995,63699,yes,train,KQ433284,18501,-,236,0.3783783783783784,Octopus_prebalancing.csv.gz
Octopus,KQ417620:-:314872:315736,15924,yes,train,KQ417620,314994,-,621,0.7832167832167832,Octopus_prebalancing.csv.gz
Octopus,KQ421721:-:299835:300483,42056,no,train,KQ421721,300215,-,197,0,Octopus_prebalancing.csv.gz
Octopus,KQ425304:+:77679:80253,54719,no,train,KQ425304,78572,+,215,0,Octopus_prebalancing.csv.gz
Octopus,KQ417245:+:359507:360722,13153,yes,train,KQ417245,359676,+,179,0.6586538461538461,Octopus_prebalancing.csv.gz
Octopus,KQ422261:-:60561:67208,44875,no,train,KQ422261,61031,-,175,0,Octopus_prebalancing.csv.gz
Octopus,KQ425262:+:23720:24872,54277,no,train,KQ425262,24414,+,6,0,Octopus_prebalancing.csv.gz
Octopus,KQ422033:-:18330:23008,44106,yes,train,KQ422033,20334,-,137,0.1988950276243093,Octopus_prebalancing.csv.gz
Octopus,KQ422521:-:282473:284879,46039,no,train,KQ422521,283874,-,30,0,Octopus_prebalancing.csv.gz
Octopus,KQ416040:+:502414:503677,4129,no,train,KQ416040,503020,+,72,0,Octopus_prebalancing.csv.gz
Octopus,KQ425538:-:3678:20206,55332,yes,train,KQ425538,17638,-,86,0.4754098360655737,Octopus_prebalancing.csv.gz
Octopus,KQ422208:-:431838:432631,44392,no,train,KQ422208,432333,-,69,0,Octopus_prebalancing.csv.gz
Octopus,KQ425262:-:63008:70787,54471,no,train,KQ425262,69632,-,56,0,Octopus_prebalancing.csv.gz
Octopus,KQ421758:+:240289:242289,42448,no,train,KQ421758,241549,+,214,0,Octopus_prebalancing.csv.gz
Octopus,KQ424997:-:24557:25090,53263,no,train,KQ424997,24832,-,20,0,Octopus_prebalancing.csv.gz
Octopus,KQ419413:-:54882:56621,28872,yes,train,KQ419413,55501,-,409,0.5710059171597633,Octopus_prebalancing.csv.gz
Octopus,KQ422738:-:37291:40054,46552,yes,train,KQ422738,38968,-,125,0.8125,Octopus_prebalancing.csv.gz
Octopus,KQ418355:-:185490:188365,22796,yes,train,KQ418355,185852,-,262,0.5170454545454546,Octopus_prebalancing.csv.gz
Octopus,KQ425131:-:97410:99923,53811,no,train,KQ425131,99956,-,36,0,Octopus_prebalancing.csv.gz
Octopus,KQ416198:-:342313:344617,5564,no,train,KQ416198,343537,-,178,0,Octopus_prebalancing.csv.gz
Octopus,KQ416765:+:257582:260724,10186,no,train,KQ416765,259880,+,195,0,Octopus_prebalancing.csv.gz
Octopus,KQ418328:+:566027:566284,22651,yes,train,KQ418328,566281,+,226,0.7428571428571429,Octopus_prebalancing.csv.gz
Octopus,KQ433339:+:27883:36851,63785,yes,train,KQ433339,28078,+,21,0.9479768786127168,Octopus_prebalancing.csv.gz
Octopus,KQ433487:+:62929:63906,63911,yes,train,KQ433487,63209,+,238,0.4505813953488372,Octopus_prebalancing.csv.gz
Octopus,KQ416616:-:2448886:2456080,8866,yes,train,KQ416616,2452974,-,207,0.5540540540540541,Octopus_prebalancing.csv.gz
Octopus,KQ420132:-:753148:758140,32430,no,train,KQ420132,756230,-,102,0,Octopus_prebalancing.csv.gz
Octopus,KQ421724:+:261169:261574,42174,no,train,KQ421724,261473,+,155,0,Octopus_prebalancing.csv.gz
Octopus,KQ422208:-:431838:432631,44412,no,train,KQ422208,432393,-,9,0,Octopus_prebalancing.csv.gz
Octopus,KQ430702:-:8638:10120,62402,yes,train,KQ430702,9096,-,351,0.272,Octopus_prebalancing.csv.gz
Octopus,KQ422777:+:281544:283547,46587,yes,train,KQ422777,283159,+,21,0.47,Octopus_prebalancing.csv.gz
Octopus,KQ426312:-:18028:24376,56433,no,train,KQ426312,20294,-,129,0,Octopus_prebalancing.csv.gz
Octopus,KQ418355:-:185490:188365,22815,no,train,KQ418355,186138,-,135,0,Octopus_prebalancing.csv.gz
Octopus,KQ421217:-:75990:76821,39711,no,train,KQ421217,76817,-,65,0,Octopus_prebalancing.csv.gz
Octopus,KQ423069:+:40459:43239,47639,yes,train,KQ423069,42369,+,444,0.4005681818181818,Octopus_prebalancing.csv.gz
Octopus,KQ425538:-:3678:20206,55351,no,train,KQ425538,17720,-,4,0,Octopus_prebalancing.csv.gz
Octopus,KQ416929:+:777857:781590,11131,yes,train,KQ416929,778051,+,60,0.722972972972973,Octopus_prebalancing.csv.gz
Octopus,KQ417763:+:397070:401152,17462,no,train,KQ417763,400726,+,152,0,Octopus_prebalancing.csv.gz
Octopus,KQ417917:-:145066:150944,18657,no,train,KQ417917,147189,-,241,0,Octopus_prebalancing.csv.gz
Octopus,KQ423831:+:6585:13257,50629,no,train,KQ423831,8320,+,123,0,Octopus_prebalancing.csv.gz
Octopus,KQ426988:+:12305:13448,57961,no,train,KQ426988,12724,+,356,0,Octopus_prebalancing.csv.gz
Octopus,KQ419401:-:21786:22080,28761,no,train,KQ419401,22078,-,14,0,Octopus_prebalancing.csv.gz
Octopus,KQ426988:+:12305:13448,57931,no,train,KQ426988,12457,+,180,0,Octopus_prebalancing.csv.gz
Octopus,KQ422311:+:25303:26176,45233,yes,train,KQ422311,26071,+,274,0.9911764705882352,Octopus_prebalancing.csv.gz
Octopus,KQ416152:+:431359:432163,4758,no,train,KQ416152,431815,+,8,0,Octopus_prebalancing.csv.gz
Octopus,KQ421754:+:100818:101846,42372,no,train,KQ421754,101254,+,172,0,Octopus_prebalancing.csv.gz
Octopus,KQ421638:+:482367:484785,41696,yes,train,KQ421638,484237,+,137,0.2519685039370078,Octopus_prebalancing.csv.gz
Octopus,KQ418873:+:627338:632183,26144,yes,train,KQ418873,629060,+,302,0.3643724696356275,Octopus_prebalancing.csv.gz
Octopus,KQ420642:-:200769:201948,35385,no,train,KQ420642,200937,-,358,0,Octopus_prebalancing.csv.gz
Octopus,KQ418636:+:32090:35874,24935,yes,train,KQ418636,34751,+,66,0.5384615384615384,Octopus_prebalancing.csv.gz
Octopus,KQ416225:+:147973:148329,5615,no,train,KQ416225,148191,+,8,0,Octopus_prebalancing.csv.gz
Octopus,KQ422223:-:16837:20430,44536,no,train,KQ422223,19811,-,448,0,Octopus_prebalancing.csv.gz
Octopus,KQ415669:+:30162:32210,360,no,train,KQ415669,31438,+,231,0,Octopus_prebalancing.csv.gz
Octopus,KQ419697:-:120738:124519,30203,no,train,KQ419697,122373,-,118,0,Octopus_prebalancing.csv.gz
Octopus,KQ426843:-:39691:51826,57688,no,train,KQ426843,41193,-,333,0,Octopus_prebalancing.csv.gz
Octopus,KQ433487:+:62929:63906,63876,no,train,KQ433487,63139,+,168,0,Octopus_prebalancing.csv.gz
Octopus,KQ425538:-:3678:20206,55291,yes,train,KQ425538,17003,-,279,0.7419354838709677,Octopus_prebalancing.csv.gz
Octopus,KQ420579:+:292710:297325,35026,no,train,KQ420579,296467,+,122,0,Octopus_prebalancing.csv.gz
Octopus,KQ425655:-:319821:321341,55695,yes,train,KQ425655,321309,-,49,0.634020618556701,Octopus_prebalancing.csv.gz
Octopus,KQ423631:-:133207:139083,50074,no,train,KQ423631,138610,-,65,0,Octopus_prebalancing.csv.gz
Octopus,KQ418873:+:627338:632183,26227,yes,train,KQ418873,629415,+,576,0.4847328244274809,Octopus_prebalancing.csv.gz
Octopus,KQ417300:+:2429385:2432147,13821,yes,train,KQ417300,2430403,+,294,0.6466666666666666,Octopus_prebalancing.csv.gz
Octopus,KQ430918:+:43280:45094,62637,yes,train,KQ430918,45015,+,314,0.9555555555555556,Octopus_prebalancing.csv.gz
Octopus,KQ422263:+:190974:194476,44975,no,train,KQ422263,193114,+,286,0,Octopus_prebalancing.csv.gz
Octopus,KQ417245:+:359507:360722,13161,yes,train,KQ417245,359692,+,195,0.8853211009174312,Octopus_prebalancing.csv.gz
Octopus,KQ423069:+:40459:43239,47515,yes,train,KQ423069,42037,+,109,0.8944444444444445,Octopus_prebalancing.csv.gz
Octopus,KQ424157:+:280452:292949,51592,yes,train,KQ424157,287396,+,97,0.6119402985074627,Octopus_prebalancing.csv.gz
Octopus,KQ420776:+:373017:378761,36694,no,train,KQ420776,377454,+,162,0,Octopus_prebalancing.csv.gz
Octopus,KQ425131:-:97410:99923,53813,no,train,KQ425131,99958,-,34,0,Octopus_prebalancing.csv.gz
Octopus,KQ418443:-:17588:18968,23699,yes,train,KQ418443,18594,-,103,0.1523809523809524,Octopus_prebalancing.csv.gz
Octopus,KQ417062:+:126881:128514,11953,no,train,KQ417062,128234,+,143,0,Octopus_prebalancing.csv.gz
Octopus,KQ418636:+:32090:35874,24979,yes,train,KQ418636,35059,+,225,0.3378995433789954,Octopus_prebalancing.csv.gz
Octopus,KQ416929:+:777857:781590,11145,yes,train,KQ416929,778085,+,94,0.3659673659673659,Octopus_prebalancing.csv.gz
Octopus,KQ428036:-:63183:64283,59858,yes,train,KQ428036,64081,-,213,0.5955882352941176,Octopus_prebalancing.csv.gz
Octopus,KQ423638:-:194426:197345,50355,no,train,KQ423638,196478,-,10,0,Octopus_prebalancing.csv.gz
Octopus,KQ430702:-:8638:10120,62436,yes,train,KQ430702,9191,-,256,0.3834196891191709,Octopus_prebalancing.csv.gz
Octopus,KQ420299:-:531133:532105,33285,no,train,KQ420299,531713,-,181,0,Octopus_prebalancing.csv.gz
Octopus,KQ417353:-:42503:47060,14428,no,train,KQ417353,43664,-,195,0,Octopus_prebalancing.csv.gz
Octopus,KQ433339:+:27883:36851,63787,yes,train,KQ433339,28084,+,27,0.9859154929577464,Octopus_prebalancing.csv.gz
Octopus,KQ417796:+:458790:459137,17641,yes,train,KQ417796,458831,+,57,0.5727272727272728,Octopus_prebalancing.csv.gz
Octopus,KQ418328:-:252137:255667,22525,no,train,KQ418328,254860,-,201,0,Octopus_prebalancing.csv.gz
Octopus,KQ421758:-:534257:537309,42634,no,train,KQ421758,534393,-,227,0,Octopus_prebalancing.csv.gz
Octopus,KQ431895:-:9117:10374,63169,yes,train,KQ431895,10202,-,206,0.1682242990654205,Octopus_prebalancing.csv.gz
Octopus,KQ417110:+:99458:100489,12232,yes,train,KQ417110,99621,+,176,0.4525547445255474,Octopus_prebalancing.csv.gz
Octopus,KQ418059:+:563471:564576,19944,yes,train,KQ418059,563781,+,184,0.2735849056603773,Octopus_prebalancing.csv.gz
Octopus,KQ419574:+:872589:876091,29748,yes,train,KQ419574,875841,+,246,0.1737967914438502,Octopus_prebalancing.csv.gz
Octopus,KQ417917:-:145066:150944,18634,no,train,KQ417917,147098,-,332,0,Octopus_prebalancing.csv.gz
Octopus,KQ430069:+:5459:6074,61745,no,train,KQ430069,6083,+,231,0,Octopus_prebalancing.csv.gz
Octopus,KQ419223:+:220633:230566,27988,no,train,KQ419223,227438,+,204,0,Octopus_prebalancing.csv.gz
Octopus,KQ420442:-:26593:27410,34330,no,train,KQ420442,26887,-,61,0,Octopus_prebalancing.csv.gz
Octopus,KQ416447:+:102891:107608,7287,no,train,KQ416447,106784,+,108,0,Octopus_prebalancing.csv.gz
Octopus,KQ418516:-:157544:159220,23983,no,train,KQ418516,157897,-,287,0,Octopus_prebalancing.csv.gz
Octopus,KQ416681:+:123800:125409,9375,yes,train,KQ416681,124993,+,17,0.6069651741293532,Octopus_prebalancing.csv.gz
Octopus,KQ433284:-:17319:18995,63747,yes,train,KQ433284,18656,-,92,0.5040983606557377,Octopus_prebalancing.csv.gz
Octopus,KQ416839:+:123127:129250,10859,yes,train,KQ416839,126676,+,333,0.4707903780068728,Octopus_prebalancing.csv.gz
Octopus,KQ418873:+:627338:632183,26082,yes,train,KQ418873,628788,+,30,0.39568345323741,Octopus_prebalancing.csv.gz
Octopus,KQ415876:-:1905721:1908779,2537,no,train,KQ415876,1908664,-,84,0,Octopus_prebalancing.csv.gz
Octopus,KQ420909:-:58461:62439,37567,yes,train,KQ420909,61094,-,264,0.6198347107438017,Octopus_prebalancing.csv.gz
Octopus,KQ419432:+:166590:169288,29049,no,train,KQ419432,169222,+,251,0,Octopus_prebalancing.csv.gz
Octopus,KQ421117:+:1266315:1274800,39013,yes,train,KQ421117,1272798,+,159,0.5037593984962406,Octopus_prebalancing.csv.gz
Octopus,KQ423591:-:158064:163878,49809,no,train,KQ423591,159351,-,178,0,Octopus_prebalancing.csv.gz
Octopus,KQ416582:+:69166:70237,8139,no,train,KQ416582,69492,+,34,0,Octopus_prebalancing.csv.gz
Octopus,KQ420348:-:79805:80375,33652,no,train,KQ420348,79732,-,422,0,Octopus_prebalancing.csv.gz
Octopus,KQ420313:-:692964:694535,33524,no,train,KQ420313,693138,-,304,0,Octopus_prebalancing.csv.gz
Octopus,KQ432655:+:16767:18619,63583,yes,train,KQ432655,17300,+,255,0.1779661016949152,Octopus_prebalancing.csv.gz
Octopus,KQ420595:+:432507:442232,35289,yes,train,KQ420595,438507,+,336,0.8323699421965318,Octopus_prebalancing.csv.gz
Octopus,KQ425262:-:63008:70787,54461,yes,train,KQ425262,69602,-,86,0.2752808988764045,Octopus_prebalancing.csv.gz
Octopus,KQ418545:+:60899:66262,24450,yes,train,KQ418545,61213,+,20,0.4873949579831932,Octopus_prebalancing.csv.gz
Octopus,KQ420909:-:58461:62439,37604,yes,train,KQ420909,61260,-,92,0.9128205128205128,Octopus_prebalancing.csv.gz
Octopus,KQ426843:-:39691:51826,57703,no,train,KQ426843,41230,-,296,0,Octopus_prebalancing.csv.gz
Octopus,KQ420132:-:753148:758140,32417,yes,train,KQ420132,756161,-,170,1,Octopus_prebalancing.csv.gz
Octopus,KQ416568:-:106474:107971,7969,no,train,KQ416568,107412,-,128,0,Octopus_prebalancing.csv.gz
Octopus,KQ416491:+:671680:671851,7686,no,train,KQ416491,671763,+,112,0,Octopus_prebalancing.csv.gz
Octopus,KQ425262:-:63008:70787,54472,no,train,KQ425262,69635,-,53,0,Octopus_prebalancing.csv.gz
Octopus,KQ432252:+:241773:242193,63501,no,train,KQ432252,242009,+,193,0,Octopus_prebalancing.csv.gz
Octopus,KQ431609:+:48196:48847,63022,no,train,KQ431609,48374,+,189,0,Octopus_prebalancing.csv.gz
Octopus,KQ422777:+:281544:283547,46590,no,train,KQ422777,283174,+,36,0,Octopus_prebalancing.csv.gz
Octopus,KQ430889:-:120538:121611,62610,no,train,KQ430889,121523,-,55,0,Octopus_prebalancing.csv.gz
Octopus,KQ423839:+:304491:306021,50665,yes,train,KQ423839,305939,+,459,0.6312056737588653,Octopus_prebalancing.csv.gz
Octopus,KQ417062:+:126881:128514,12017,no,train,KQ417062,128379,+,295,0,Octopus_prebalancing.csv.gz
Octopus,KQ418636:+:32090:35874,24970,yes,train,KQ418636,34867,+,182,0.6462585034013606,Octopus_prebalancing.csv.gz
Octopus,KQ421721:-:299835:300483,42054,no,train,KQ421721,300207,-,205,0,Octopus_prebalancing.csv.gz
Octopus,KQ422311:+:25303:26176,45222,no,train,KQ422311,26051,+,254,0,Octopus_prebalancing.csv.gz
Octopus,KQ416766:-:4974:6044,10232,no,train,KQ416766,5203,-,769,0,Octopus_prebalancing.csv.gz
Octopus,KQ417719:+:79119:82120,17276,yes,train,KQ417719,81092,+,148,0.3478260869565217,Octopus_prebalancing.csv.gz
Octopus,KQ424203:-:62623:63173,51883,yes,train,KQ424203,62708,-,286,0.5592417061611374,Octopus_prebalancing.csv.gz
Octopus,KQ421754:+:100818:101846,42339,no,train,KQ421754,101165,+,82,0,Octopus_prebalancing.csv.gz
Octopus,KQ422245:+:81496:84013,44724,yes,train,KQ422245,81770,+,138,0.6291793313069909,Octopus_prebalancing.csv.gz
Octopus,KQ417620:-:314872:315736,16008,yes,train,KQ417620,315228,-,387,0.3745019920318725,Octopus_prebalancing.csv.gz
Octopus,KQ426505:-:69232:70896,56855,yes,train,KQ426505,69450,-,330,0.9798206278026906,Octopus_prebalancing.csv.gz
Octopus,KQ423069:+:44699:48554,47728,no,train,KQ423069,47060,+,91,0,Octopus_prebalancing.csv.gz
Octopus,KQ419593:-:1573:3918,29898,no,train,KQ419593,2864,-,292,0,Octopus_prebalancing.csv.gz
Octopus,KQ417497:-:841461:844909,15356,no,train,KQ417497,844040,-,174,0,Octopus_prebalancing.csv.gz
Octopus,KQ431895:+:3872:10596,63076,yes,train,KQ431895,9798,+,287,0.7043478260869566,Octopus_prebalancing.csv.gz
Octopus,KQ415687:+:621295:623555,1072,no,train,KQ415687,623571,+,285,0,Octopus_prebalancing.csv.gz
Octopus,KQ422500:-:203047:204525,45730,yes,train,KQ422500,203495,-,379,0.4033970276008493,Octopus_prebalancing.csv.gz
Octopus,KQ415672:+:529983:538841,437,yes,train,KQ415672,538064,+,86,0.3227848101265823,Octopus_prebalancing.csv.gz
Octopus,KQ428863:+:98024:102390,61064,no,train,KQ428863,100192,+,247,0,Octopus_prebalancing.csv.gz
Octopus,KQ418535:-:294754:296669,24414,no,train,KQ418535,295002,-,81,0,Octopus_prebalancing.csv.gz
Octopus,KQ421375:-:86931:88834,40549,yes,train,KQ421375,87145,-,335,0.3877551020408163,Octopus_prebalancing.csv.gz
Octopus,KQ420270:-:30694:31959,33207,yes,train,KQ420270,31652,-,230,0.8666666666666667,Octopus_prebalancing.csv.gz
Octopus,KQ424659:+:227171:231163,52758,no,train,KQ424659,228414,+,2,0,Octopus_prebalancing.csv.gz
Octopus,KQ421265:-:217835:220132,39929,yes,train,KQ421265,220065,-,21,0.2844827586206896,Octopus_prebalancing.csv.gz
Octopus,KQ416616:+:2452476:2453097,8796,no,train,KQ416616,2452590,+,247,0,Octopus_prebalancing.csv.gz
Octopus,KQ421684:+:36731:41102,41895,no,train,KQ421684,38106,+,36,0,Octopus_prebalancing.csv.gz
Octopus,KQ428981:-:169360:173915,61210,yes,train,KQ428981,172848,-,145,0.168,Octopus_prebalancing.csv.gz
Octopus,KQ420153:-:20390:23631,32692,yes,train,KQ420153,22299,-,204,0.3686635944700461,Octopus_prebalancing.csv.gz
Octopus,KQ417917:+:915183:924930,18707,no,train,KQ417917,922613,+,37,0,Octopus_prebalancing.csv.gz
Octopus,KQ415876:-:1905721:1908779,2529,no,train,KQ415876,1908641,-,107,0,Octopus_prebalancing.csv.gz
Octopus,KQ417112:-:598933:605464,12307,yes,train,KQ417112,604231,-,469,0.4502314814814814,Octopus_prebalancing.csv.gz
Octopus,KQ421042:+:166510:169239,38541,no,train,KQ421042,168046,+,9,0,Octopus_prebalancing.csv.gz
Octopus,KQ426215:+:29905:30045,56275,no,train,KQ426215,29864,+,18,0,Octopus_prebalancing.csv.gz
Octopus,KQ421988:-:89381:94206,43676,no,train,KQ421988,90470,-,165,0,Octopus_prebalancing.csv.gz
Octopus,KQ417567:-:129462:130077,15774,no,train,KQ417567,130033,-,116,0,Octopus_prebalancing.csv.gz
Octopus,KQ419904:+:185913:188166,30625,no,train,KQ419904,187251,+,147,0,Octopus_prebalancing.csv.gz
Octopus,KQ419376:+:613064:619101,28603,yes,train,KQ419376,613960,+,192,0.7203647416413373,Octopus_prebalancing.csv.gz
Octopus,KQ425492:+:133132:139452,55086,no,train,KQ425492,136868,+,306,0,Octopus_prebalancing.csv.gz
Octopus,KQ422557:+:3215:3432,46066,no,train,KQ422557,3347,+,136,0,Octopus_prebalancing.csv.gz
Octopus,KQ423831:+:6585:13257,50648,no,train,KQ423831,8368,+,171,0,Octopus_prebalancing.csv.gz
Octopus,KQ415916:+:253400:255443,2857,yes,train,KQ415916,255386,+,287,0.53125,Octopus_prebalancing.csv.gz
Octopus,KQ421206:-:489842:494429,39544,no,train,KQ421206,492911,-,301,0,Octopus_prebalancing.csv.gz
Octopus,KQ418873:+:627338:632183,26134,yes,train,KQ418873,629022,+,264,0.8390804597701149,Octopus_prebalancing.csv.gz
Octopus,KQ418576:+:292927:299323,24800,yes,train,KQ418576,298531,+,128,0.6861702127659575,Octopus_prebalancing.csv.gz
Octopus,KQ423069:+:44699:48554,47752,yes,train,KQ423069,47148,+,185,0.5510835913312694,Octopus_prebalancing.csv.gz
Octopus,KQ420796:-:186152:188342,36817,no,train,KQ420796,187282,-,174,0,Octopus_prebalancing.csv.gz
Octopus,KQ420814:-:214427:225131,36948,yes,train,KQ420814,223544,-,186,0.8956521739130435,Octopus_prebalancing.csv.gz
Octopus,KQ423506:-:150904:151936,49065,yes,train,KQ423506,151588,-,298,0.175,Octopus_prebalancing.csv.gz
Octopus,KQ426567:+:210652:218594,57230,no,train,KQ426567,213309,+,464,0,Octopus_prebalancing.csv.gz
Octopus,KQ416432:+:16441:19210,7249,yes,train,KQ416432,18729,+,275,0.3135593220338983,Octopus_prebalancing.csv.gz
Octopus,KQ417510:-:35515:40949,15451,yes,train,KQ417510,39490,-,9,0.7112970711297071,Octopus_prebalancing.csv.gz
Octopus,KQ420776:-:126654:127969,36520,yes,train,KQ420776,126880,-,327,0.8461538461538461,Octopus_prebalancing.csv.gz
Octopus,KQ426495:+:180934:181576,56610,no,train,KQ426495,181520,+,175,0,Octopus_prebalancing.csv.gz
Octopus,KQ416002:+:145389:145843,3990,yes,train,KQ416002,145796,+,202,0.9571428571428572,Octopus_prebalancing.csv.gz
Octopus,KQ419534:-:177028:177777,29543,no,train,KQ419534,177778,-,24,0,Octopus_prebalancing.csv.gz
Octopus,KQ430251:+:13943:16469,62040,yes,train,KQ430251,15221,+,65,0.5343137254901961,Octopus_prebalancing.csv.gz
Octopus,KQ421758:-:1440318:1444154,42856,yes,train,KQ421758,1440768,-,54,0.2231404958677686,Octopus_prebalancing.csv.gz
Octopus,KQ428118:-:8307:9238,60032,no,train,KQ428118,9181,-,69,0,Octopus_prebalancing.csv.gz
Octopus,KQ416766:-:4974:6044,10228,no,train,KQ416766,5167,-,805,0,Octopus_prebalancing.csv.gz
Octopus,KQ416092:+:321624:324839,4454,no,train,KQ416092,322784,+,84,0,Octopus_prebalancing.csv.gz
Octopus,KQ420902:-:23907:28446,37465,yes,train,KQ420902,25105,-,243,0.9124087591240876,Octopus_prebalancing.csv.gz
Octopus,KQ417112:-:598933:605464,12305,yes,train,KQ417112,604224,-,476,0.2406287787182587,Octopus_prebalancing.csv.gz
Octopus,KQ420017:+:341685:342236,31429,no,train,KQ420017,341810,+,76,0,Octopus_prebalancing.csv.gz
Octopus,KQ420796:-:186152:188342,36860,no,train,KQ420796,187659,-,15,0,Octopus_prebalancing.csv.gz
Octopus,KQ420907:-:8424:8759,37479,yes,train,KQ420907,8669,-,96,0.3619047619047619,Octopus_prebalancing.csv.gz
Octopus,KQ415916:+:257044:260762,2893,no,train,KQ415916,257130,+,115,0,Octopus_prebalancing.csv.gz
Octopus,KQ420660:+:206788:209565,35561,no,train,KQ420660,207792,+,317,0,Octopus_prebalancing.csv.gz
Octopus,KQ418240:+:141891:142491,21794,no,train,KQ418240,141867,+,17,0,Octopus_prebalancing.csv.gz
Octopus,KQ418420:-:72827:73422,23389,no,train,KQ418420,73219,-,220,0,Octopus_prebalancing.csv.gz
Octopus,KQ421758:+:240289:242289,42530,no,train,KQ421758,241837,+,497,0,Octopus_prebalancing.csv.gz
Octopus,KQ421117:+:1266315:1274800,39028,yes,train,KQ421117,1272860,+,221,0.4545454545454545,Octopus_prebalancing.csv.gz
Octopus,KQ417620:+:1325507:1327799,16102,no,train,KQ417620,1326631,+,3,0,Octopus_prebalancing.csv.gz
Octopus,KQ417636:-:68657:71640,16413,no,train,KQ417636,69805,-,55,0,Octopus_prebalancing.csv.gz
Octopus,KQ415768:+:611061:629134,1375,yes,train,KQ415768,618083,+,107,0.8137254901960784,Octopus_prebalancing.csv.gz
Octopus,KQ417379:+:13062:14141,14778,no,train,KQ417379,13195,+,150,0,Octopus_prebalancing.csv.gz
Octopus,KQ416681:+:123800:125409,9417,yes,train,KQ416681,125381,+,221,0.1925925925925926,Octopus_prebalancing.csv.gz
Octopus,KQ421261:+:347111:347311,39831,yes,train,KQ421261,347267,+,164,0.9166666666666666,Octopus_prebalancing.csv.gz
Octopus,KQ417980:+:232521:234469,19246,no,train,KQ417980,233804,+,311,0,Octopus_prebalancing.csv.gz
Octopus,KQ421593:+:127708:132553,41410,yes,train,KQ421593,129921,+,159,0.5785123966942148,Octopus_prebalancing.csv.gz
Octopus,KQ419895:-:32039:34241,30560,no,train,KQ419895,33201,-,193,0,Octopus_prebalancing.csv.gz
Octopus,KQ426828:-:129659:129678,57613,no,train,KQ426828,129676,-,181,0,Octopus_prebalancing.csv.gz
Octopus,KQ428036:-:63183:64283,59830,yes,train,KQ428036,63807,-,384,0.7678571428571429,Octopus_prebalancing.csv.gz
Octopus,KQ421356:-:55274:57599,40175,no,train,KQ421356,55486,-,181,0,Octopus_prebalancing.csv.gz
Octopus,KQ419409:+:573761:574041,28788,no,train,KQ419409,573683,+,2,0,Octopus_prebalancing.csv.gz
Octopus,KQ423069:+:40459:43239,47485,yes,train,KQ423069,41954,+,26,0.1734913793103448,Octopus_prebalancing.csv.gz
Octopus,KQ419763:+:125372:126247,30348,yes,train,KQ419763,125651,+,287,0.5973813420621932,Octopus_prebalancing.csv.gz
Octopus,KQ417538:+:78848:83461,15558,no,train,KQ417538,82612,+,87,0,Octopus_prebalancing.csv.gz
Octopus,KQ419413:-:54882:56621,28934,yes,train,KQ419413,55675,-,235,0.56797583081571,Octopus_prebalancing.csv.gz
Octopus,KQ420776:-:126654:127969,36615,no,train,KQ420776,127317,-,14,0,Octopus_prebalancing.csv.gz
Octopus,KQ423069:+:80845:85639,47766,yes,train,KQ423069,81580,+,14,0.4851485148514851,Octopus_prebalancing.csv.gz
Octopus,KQ417911:+:82295:90861,18485,yes,train,KQ417911,84040,+,74,0.3856209150326797,Octopus_prebalancing.csv.gz
Octopus,KQ418370:+:78568:78724,23074,yes,train,KQ418370,78648,+,155,0.9603960396039604,Octopus_prebalancing.csv.gz
Octopus,KQ421411:+:481404:484595,40855,yes,train,KQ421411,484067,+,71,0.3119266055045872,Octopus_prebalancing.csv.gz
Octopus,KQ419574:+:872589:876091,29754,no,train,KQ419574,875876,+,281,0,Octopus_prebalancing.csv.gz
Octopus,KQ422263:-:237976:240872,45062,yes,train,KQ422263,238899,-,105,0.6448979591836734,Octopus_prebalancing.csv.gz
Octopus,KQ418295:+:256001:257099,22140,yes,train,KQ418295,256881,+,410,0.16875,Octopus_prebalancing.csv.gz
Octopus,KQ416684:-:407347:407907,9474,no,train,KQ416684,407343,-,230,0,Octopus_prebalancing.csv.gz
Octopus,KQ427059:-:274873:282821,58386,yes,train,KQ427059,280687,-,256,0.157345264727815,Octopus_prebalancing.csv.gz
Octopus,KQ427431:+:37400:37546,59141,no,train,KQ427431,37352,+,19,0,Octopus_prebalancing.csv.gz
Octopus,KQ422223:-:16837:20430,44557,no,train,KQ422223,19858,-,401,0,Octopus_prebalancing.csv.gz
Octopus,KQ420313:-:692964:694535,33546,no,train,KQ420313,693513,-,218,0,Octopus_prebalancing.csv.gz
Octopus,KQ419500:+:684975:695320,29331,no,train,KQ419500,686950,+,47,0,Octopus_prebalancing.csv.gz
Octopus,KQ416188:+:304409:307535,5196,yes,train,KQ416188,307511,+,207,0.6903114186851211,Octopus_prebalancing.csv.gz
Octopus,KQ416087:-:497971:503844,4434,no,train,KQ416087,502352,-,38,0,Octopus_prebalancing.csv.gz
Octopus,KQ417147:+:190594:198342,12564,no,train,KQ417147,192884,+,54,0,Octopus_prebalancing.csv.gz
Octopus,KQ420080:+:468005:470274,31766,no,train,KQ420080,468643,+,7,0,Octopus_prebalancing.csv.gz
Octopus,KQ420662:+:220790:222380,35712,yes,train,KQ420662,221651,+,276,0.1554252199413489,Octopus_prebalancing.csv.gz
Octopus,KQ428842:-:120425:122108,60906,yes,train,KQ428842,121805,-,30,0.7593984962406015,Octopus_prebalancing.csv.gz
Octopus,KQ420439:-:206479:216794,34200,yes,train,KQ420439,214792,-,132,0.3313782991202346,Octopus_prebalancing.csv.gz
Octopus,KQ422437:-:1471:5030,45393,no,train,KQ422437,2631,-,271,0,Octopus_prebalancing.csv.gz
Octopus,KQ417911:+:922659:922975,18560,no,train,KQ417911,922861,+,186,0,Octopus_prebalancing.csv.gz
Octopus,KQ419640:-:151391:151719,30079,no,train,KQ419640,151722,-,13,0,Octopus_prebalancing.csv.gz
Octopus,KQ421265:-:217835:220132,39918,no,train,KQ421265,220029,-,57,0,Octopus_prebalancing.csv.gz
Octopus,KQ422777:+:281544:283547,46617,yes,train,KQ422777,283408,+,164,0.5833333333333334,Octopus_prebalancing.csv.gz
Octopus,KQ425000:-:95535:96095,53279,no,train,KQ425000,95538,-,203,0,Octopus_prebalancing.csv.gz
Octopus,KQ427587:+:206953:208278,59266,no,train,KQ427587,208267,+,183,0,Octopus_prebalancing.csv.gz
Octopus,KQ427011:+:44729:52161,58194,yes,train,KQ427011,49442,+,223,0.3235294117647059,Octopus_prebalancing.csv.gz
Octopus,KQ431895:+:3872:10596,63098,yes,train,KQ431895,9872,+,361,0.6131687242798354,Octopus_prebalancing.csv.gz
Octopus,KQ417353:-:42503:47060,14410,yes,train,KQ417353,43612,-,247,0.2935779816513761,Octopus_prebalancing.csv.gz
Octopus,KQ417112:-:598933:605464,12396,yes,train,KQ417112,604524,-,170,0.6005004170141784,Octopus_prebalancing.csv.gz
Octopus,KQ425066:-:282179:287501,53537,yes,train,KQ425066,285876,-,203,0.1780104712041884,Octopus_prebalancing.csv.gz
Octopus,KQ429470:-:172102:172709,61402,no,train,KQ429470,172489,-,189,0,Octopus_prebalancing.csv.gz
Octopus,KQ416188:+:304409:307535,5190,yes,train,KQ416188,307497,+,193,0.8709677419354839,Octopus_prebalancing.csv.gz
Octopus,KQ415687:+:621295:623555,1053,no,train,KQ415687,623520,+,234,0,Octopus_prebalancing.csv.gz
Octopus,KQ417731:+:297906:298634,17357,yes,train,KQ417731,298437,+,24,0.5107632093933464,Octopus_prebalancing.csv.gz
Octopus,KQ426843:-:39691:51826,57752,no,train,KQ426843,49683,-,113,0,Octopus_prebalancing.csv.gz
Octopus,KQ418636:+:32090:35874,24965,yes,train,KQ418636,34856,+,171,0.9178082191780822,Octopus_prebalancing.csv.gz
Octopus,KQ421325:+:176374:181342,39980,yes,train,KQ421325,177449,+,54,0.2136752136752136,Octopus_prebalancing.csv.gz
Octopus,KQ418429:+:134516:135452,23471,no,train,KQ418429,135289,+,223,0,Octopus_prebalancing.csv.gz
Octopus,KQ415684:+:1795785:1804292,737,no,train,KQ415684,1802882,+,4,0,Octopus_prebalancing.csv.gz
Octopus,KQ418535:-:294754:296669,24434,no,train,KQ418535,295065,-,18,0,Octopus_prebalancing.csv.gz
Octopus,KQ417911:+:82295:90861,18488,yes,train,KQ417911,84048,+,82,0.54421768707483,Octopus_prebalancing.csv.gz
Octopus,KQ419413:-:54882:56621,28889,yes,train,KQ419413,55547,-,363,1,Octopus_prebalancing.csv.gz
Octopus,KQ431895:+:3872:10596,63194,yes,train,KQ431895,10271,+,683,0.3185840707964602,Octopus_prebalancing.csv.gz
Octopus,KQ420673:+:337736:338163,35747,no,train,KQ420673,337739,+,33,0,Octopus_prebalancing.csv.gz
Octopus,KQ416616:-:2448886:2456080,8869,yes,train,KQ416616,2452990,-,191,0.3699421965317919,Octopus_prebalancing.csv.gz
Octopus,KQ415777:+:48820:51281,1515,no,train,KQ415777,49261,+,10,0,Octopus_prebalancing.csv.gz
Octopus,KQ416616:-:2448886:2456080,8861,yes,train,KQ416616,2452958,-,223,0.797752808988764,Octopus_prebalancing.csv.gz
Octopus,KQ427700:-:77255:85328,59349,no,train,KQ427700,78696,-,262,0,Octopus_prebalancing.csv.gz
Octopus,KQ421821:-:123302:127577,43255,no,train,KQ421821,125495,-,188,0,Octopus_prebalancing.csv.gz
Octopus,KQ416719:-:823120:824259,9805,no,train,KQ416719,823179,-,355,0,Octopus_prebalancing.csv.gz
Octopus,KQ417847:-:1389485:1395088,18175,no,train,KQ417847,1392050,-,456,0,Octopus_prebalancing.csv.gz
Octopus,KQ417112:-:598933:605464,12350,no,train,KQ417112,604339,-,361,0,Octopus_prebalancing.csv.gz
Octopus,KQ417824:+:996158:998152,17952,no,train,KQ417824,996800,+,142,0,Octopus_prebalancing.csv.gz
Octopus,KQ422223:-:16837:20430,44623,no,train,KQ422223,20242,-,203,0,Octopus_prebalancing.csv.gz
Octopus,KQ416694:-:1415717:1418452,9644,yes,train,KQ416694,1417934,-,177,0.3177083333333333,Octopus_prebalancing.csv.gz
Octopus,KQ420439:-:206479:216794,34203,no,train,KQ420439,214817,-,107,0,Octopus_prebalancing.csv.gz
Octopus,KQ416124:+:327085:328418,4583,yes,train,KQ416124,327518,+,314,0.553156146179402,Octopus_prebalancing.csv.gz
Octopus,KQ419593:-:1573:3918,29921,yes,train,KQ419593,2931,-,225,0.6556291390728477,Octopus_prebalancing.csv.gz
Octopus,KQ420776:+:373017:378761,36627,yes,train,KQ420776,377305,+,13,0.166832174776564,Octopus_prebalancing.csv.gz
Octopus,KQ417353:-:42503:47060,14433,no,train,KQ417353,43673,-,186,0,Octopus_prebalancing.csv.gz
Octopus,KQ425655:-:319821:321341,55675,yes,train,KQ425655,320985,-,129,0.773955773955774,Octopus_prebalancing.csv.gz
Octopus,KQ415873:+:120365:136981,2451,no,train,KQ415873,123014,+,220,0,Octopus_prebalancing.csv.gz
Octopus,KQ425510:-:43575:44964,55208,yes,train,KQ425510,44680,-,13,0.4523809523809524,Octopus_prebalancing.csv.gz
Octopus,KQ420909:-:58461:62439,37592,yes,train,KQ420909,61202,-,150,0.527363184079602,Octopus_prebalancing.csv.gz
Octopus,KQ423677:+:105301:111458,50444,no,train,KQ423677,111384,+,356,0,Octopus_prebalancing.csv.gz
Octopus,KQ422263:-:237976:240872,45013,yes,train,KQ422263,238176,-,273,0.6230769230769231,Octopus_prebalancing.csv.gz
Octopus,KQ415777:+:48820:51281,1557,no,train,KQ415777,49545,+,214,0,Octopus_prebalancing.csv.gz
Octopus,KQ418873:+:627338:632183,26215,no,train,KQ418873,629375,+,536,0,Octopus_prebalancing.csv.gz
Octopus,KQ421638:+:482367:484785,41690,no,train,KQ421638,484207,+,107,0,Octopus_prebalancing.csv.gz
Octopus,KQ425655:-:319821:321341,55708,no,train,KQ425655,321352,-,6,0,Octopus_prebalancing.csv.gz
Octopus,KQ417497:-:841461:844909,15397,no,train,KQ417497,844666,-,24,0,Octopus_prebalancing.csv.gz
Octopus,KQ431041:-:72960:75607,62797,no,train,KQ431041,74850,-,11,0,Octopus_prebalancing.csv.gz
Octopus,KQ416738:+:179376:181420,10014,no,train,KQ416738,181305,+,119,0,Octopus_prebalancing.csv.gz
Octopus,KQ428036:-:63183:64283,59872,yes,train,KQ428036,64166,-,128,0.8784530386740331,Octopus_prebalancing.csv.gz
Octopus,KQ418370:+:78568:78724,23080,no,train,KQ418370,78726,+,233,0,Octopus_prebalancing.csv.gz
Octopus,KQ416955:-:484828:485261,11319,no,train,KQ416955,485212,-,77,0,Octopus_prebalancing.csv.gz
Octopus,KQ423506:-:150904:151936,49067,yes,train,KQ423506,151590,-,296,0.368,Octopus_prebalancing.csv.gz
Octopus,KQ418739:+:750233:751167,25312,no,train,KQ418739,751091,+,132,0,Octopus_prebalancing.csv.gz
Octopus,KQ421758:-:534257:537309,42645,no,train,KQ421758,534416,-,204,0,Octopus_prebalancing.csv.gz
Octopus,KQ431895:+:3872:10596,63049,yes,train,KQ431895,9695,+,184,0.1705882352941176,Octopus_prebalancing.csv.gz
Octopus,KQ423631:-:133207:139083,50026,no,train,KQ423631,138039,-,174,0,Octopus_prebalancing.csv.gz
Octopus,KQ416626:+:246193:257235,8955,no,train,KQ416626,250340,+,86,0,Octopus_prebalancing.csv.gz
Octopus,KQ421754:+:100818:101846,42362,no,train,KQ421754,101238,+,156,0,Octopus_prebalancing.csv.gz
Octopus,KQ415684:+:1795785:1804292,806,yes,train,KQ415684,1803151,+,279,0.19,Octopus_prebalancing.csv.gz
Octopus,KQ428492:-:1282:4024,60360,yes,train,KQ428492,2599,-,355,0.6228070175438597,Octopus_prebalancing.csv.gz
Octopus,KQ426505:-:74479:75813,56987,no,train,KQ426505,75216,-,99,0,Octopus_prebalancing.csv.gz
Octopus,KQ417198:+:95697:99377,12793,no,train,KQ417198,97403,+,225,0,Octopus_prebalancing.csv.gz
Octopus,KQ426567:+:210652:218594,57176,yes,train,KQ426567,212780,+,109,0.9528301886792452,Octopus_prebalancing.csv.gz
Octopus,KQ427059:+:265359:268626,58337,no,train,KQ427059,265742,+,12,0,Octopus_prebalancing.csv.gz
Octopus,KQ419500:+:684975:695320,29400,no,train,KQ419500,687195,+,298,0,Octopus_prebalancing.csv.gz
Octopus,KQ417851:+:581475:582766,18220,no,train,KQ417851,581519,+,70,0,Octopus_prebalancing.csv.gz
Octopus,KQ431895:+:3872:10596,63035,yes,train,KQ431895,9642,+,131,0.6444444444444445,Octopus_prebalancing.csv.gz
Octopus,KQ421638:+:30744:34531,41503,yes,train,KQ421638,32232,+,183,0.2356020942408377,Octopus_prebalancing.csv.gz
Octopus,KQ419366:+:211929:213548,28525,yes,train,KQ419366,213484,+,238,0.1928571428571428,Octopus_prebalancing.csv.gz
Octopus,KQ420017:+:341685:342236,31432,no,train,KQ420017,341814,+,80,0,Octopus_prebalancing.csv.gz
Octopus,KQ416338:-:608611:614029,6978,no,train,KQ416338,609563,-,171,0,Octopus_prebalancing.csv.gz
Octopus,KQ431895:+:3872:10596,63074,yes,train,KQ431895,9792,+,281,0.9451476793248944,Octopus_prebalancing.csv.gz
Octopus,KQ417090:-:1525730:1527393,12035,no,train,KQ417090,1527234,-,174,0,Octopus_prebalancing.csv.gz
Octopus,KQ417981:+:533430:537772,19305,no,train,KQ417981,536000,+,318,0,Octopus_prebalancing.csv.gz
Octopus,KQ418194:+:2647469:2647998,21598,no,train,KQ418194,2647721,+,140,0,Octopus_prebalancing.csv.gz
Octopus,KQ418355:-:185490:188365,22736,yes,train,KQ418355,185686,-,428,0.6766917293233082,Octopus_prebalancing.csv.gz
Octopus,KQ431041:-:72960:75607,62759,no,train,KQ431041,74598,-,153,0,Octopus_prebalancing.csv.gz
Octopus,KQ418322:-:535563:541280,22440,no,train,KQ418322,540175,-,209,0,Octopus_prebalancing.csv.gz
Octopus,KQ423069:+:80845:85639,47822,no,train,KQ423069,81964,+,243,0,Octopus_prebalancing.csv.gz
Octopus,KQ416198:+:234142:234783,5537,yes,train,KQ416198,234402,+,242,0.9520833333333332,Octopus_prebalancing.csv.gz
Octopus,KQ422223:-:16837:20430,44578,yes,train,KQ422223,19916,-,343,0.5773672055427251,Octopus_prebalancing.csv.gz
Octopus,KQ416235:-:90868:101227,5928,no,train,KQ416235,94909,-,221,0,Octopus_prebalancing.csv.gz
Octopus,KQ415949:+:90071:94630,3528,yes,train,KQ415949,93750,+,338,0.5664335664335665,Octopus_prebalancing.csv.gz
Octopus,KQ417417:-:19359:26595,15019,no,train,KQ417417,19495,-,235,0,Octopus_prebalancing.csv.gz
Octopus,KQ420595:+:432507:442232,35256,yes,train,KQ420595,438431,+,260,0.9626865671641792,Octopus_prebalancing.csv.gz
Octopus,KQ426567:-:66580:68911,57126,yes,train,KQ426567,68579,-,103,0.4086629001883239,Octopus_prebalancing.csv.gz
Octopus,KQ422658:+:192535:194721,46286,yes,train,KQ422658,193145,+,319,0.7671232876712328,Octopus_prebalancing.csv.gz
Octopus,KQ417353:-:42503:47060,14477,yes,train,KQ417353,43829,-,24,0.6135265700483091,Octopus_prebalancing.csv.gz
Octopus,KQ423926:-:46014:47147,51251,no,train,KQ423926,46186,-,211,0,Octopus_prebalancing.csv.gz
Octopus,KQ427059:-:294373:300501,58470,no,train,KQ427059,299678,-,308,0,Octopus_prebalancing.csv.gz
Octopus,KQ418525:-:269185:270140,24160,no,train,KQ418525,269302,-,122,0,Octopus_prebalancing.csv.gz
Octopus,KQ416616:+:2452476:2453097,8791,no,train,KQ416616,2452581,+,238,0,Octopus_prebalancing.csv.gz
Octopus,KQ424745:+:14972:15648,53036,yes,train,KQ424745,15155,+,72,0.1545801526717557,Octopus_prebalancing.csv.gz
Octopus,KQ420059:+:435878:444482,31689,yes,train,KQ420059,435971,+,130,0.7033898305084746,Octopus_prebalancing.csv.gz
Octopus,KQ418040:-:368521:375250,19815,yes,train,KQ418040,368620,-,359,0.9805194805194806,Octopus_prebalancing.csv.gz
Octopus,KQ417417:-:19359:26595,14984,yes,train,KQ417417,19405,-,325,0.2128712871287128,Octopus_prebalancing.csv.gz
Octopus,KQ415804:-:490764:497803,1843,yes,train,KQ415804,490972,-,68,0.654054054054054,Octopus_prebalancing.csv.gz
Octopus,KQ415777:+:48820:51281,1601,yes,train,KQ415777,49659,+,328,1,Octopus_prebalancing.csv.gz
Octopus,KQ417620:-:314872:315736,16086,yes,train,KQ417620,315698,-,49,0.6601307189542484,Octopus_prebalancing.csv.gz
Octopus,KQ421411:+:481404:484595,40898,no,train,KQ421411,484317,+,325,0,Octopus_prebalancing.csv.gz
Octopus,KQ428371:+:59208:62064,60071,no,train,KQ428371,61252,+,25,0,Octopus_prebalancing.csv.gz
Octopus,KQ423069:+:44699:48554,47710,yes,train,KQ423069,46993,+,24,0.5269230769230769,Octopus_prebalancing.csv.gz
Octopus,KQ418431:-:1036370:1040092,23588,no,train,KQ418431,1039189,-,57,0,Octopus_prebalancing.csv.gz
Octopus,KQ422658:+:192535:194721,46236,no,train,KQ422658,192962,+,132,0,Octopus_prebalancing.csv.gz
Octopus,KQ419574:+:872589:876091,29726,no,train,KQ419574,875759,+,164,0,Octopus_prebalancing.csv.gz
Octopus,KQ421988:-:89381:94206,43679,no,train,KQ421988,90477,-,158,0,Octopus_prebalancing.csv.gz
Octopus,KQ416087:-:494228:496857,4291,no,train,KQ416087,495158,-,236,0,Octopus_prebalancing.csv.gz
Octopus,KQ418059:+:563471:564576,19969,no,train,KQ418059,563844,+,247,0,Octopus_prebalancing.csv.gz
Octopus,KQ422738:-:37291:40054,46571,yes,train,KQ422738,39030,-,63,0.6415094339622641,Octopus_prebalancing.csv.gz
Octopus,KQ425262:+:23720:24872,54342,no,train,KQ425262,24842,+,198,0,Octopus_prebalancing.csv.gz
Octopus,KQ417417:-:19359:26595,14982,no,train,KQ417417,19398,-,332,0,Octopus_prebalancing.csv.gz
Octopus,KQ425655:-:319821:321341,55702,no,train,KQ425655,321332,-,26,0,Octopus_prebalancing.csv.gz
Octopus,KQ425655:-:319821:321341,55639,no,train,KQ425655,320905,-,209,0,Octopus_prebalancing.csv.gz
Octopus,KQ422024:-:86095:88285,43878,yes,train,KQ422024,86796,-,18,0.2462006079027355,Octopus_prebalancing.csv.gz
Octopus,KQ419895:-:32039:34241,30542,no,train,KQ419895,33143,-,251,0,Octopus_prebalancing.csv.gz
Octopus,KQ421758:-:260871:261476,42553,no,train,KQ421758,261347,-,167,0,Octopus_prebalancing.csv.gz
Octopus,KQ418355:-:185490:188365,22761,yes,train,KQ418355,185729,-,385,0.3924731182795699,Octopus_prebalancing.csv.gz
Octopus,KQ428118:-:8307:9238,60036,yes,train,KQ428118,9190,-,60,0.2049861495844875,Octopus_prebalancing.csv.gz
Octopus,KQ422923:-:139939:140915,47203,no,train,KQ422923,140875,-,19,0,Octopus_prebalancing.csv.gz
Octopus,KQ415952:-:300894:302128,3644,yes,train,KQ415952,300909,-,194,0.3238993710691824,Octopus_prebalancing.csv.gz
Octopus,KQ427011:+:44729:52161,58176,yes,train,KQ427011,48232,+,149,0.380281690140845,Octopus_prebalancing.csv.gz
Octopus,KQ417198:+:95697:99377,12771,no,train,KQ417198,97335,+,157,0,Octopus_prebalancing.csv.gz
Octopus,KQ428863:+:98024:102390,61041,yes,train,KQ428863,100126,+,181,0.6067270375161707,Octopus_prebalancing.csv.gz
Octopus,KQ417147:+:190594:198342,12603,no,train,KQ417147,193016,+,186,0,Octopus_prebalancing.csv.gz
Octopus,KQ424476:-:16733:20188,52318,no,train,KQ424476,20158,-,55,0,Octopus_prebalancing.csv.gz
Octopus,KQ421656:-:287924:292121,41778,yes,train,KQ421656,289866,-,320,0.2686980609418282,Octopus_prebalancing.csv.gz
Octopus,KQ420992:-:72392:77664,38372,no,train,KQ420992,76740,-,7,0,Octopus_prebalancing.csv.gz
Octopus,KQ417623:+:62387:68207,16246,no,train,KQ417623,63658,+,104,0,Octopus_prebalancing.csv.gz
Octopus,KQ419152:+:116969:126313,27423,yes,train,KQ419152,117206,+,255,0.2571428571428571,Octopus_prebalancing.csv.gz
Octopus,KQ416765:+:257582:260724,10171,no,train,KQ416765,259816,+,131,0,Octopus_prebalancing.csv.gz
Octopus,KQ421117:-:1800705:1801920,39132,no,train,KQ421117,1801230,-,133,0,Octopus_prebalancing.csv.gz
Octopus,KQ427700:-:77255:85328,59363,yes,train,KQ427700,78727,-,231,0.1832460732984293,Octopus_prebalancing.csv.gz
Octopus,KQ420132:-:753148:758140,32452,no,train,KQ420132,756323,-,9,0,Octopus_prebalancing.csv.gz
Octopus,KQ415722:+:39339:39606,1238,no,train,KQ415722,39522,+,205,0,Octopus_prebalancing.csv.gz
Octopus,KQ421656:-:287924:292121,41824,no,train,KQ421656,290070,-,111,0,Octopus_prebalancing.csv.gz
Octopus,KQ417678:-:52261:52558,16855,no,train,KQ417678,52459,-,147,0,Octopus_prebalancing.csv.gz
Octopus,KQ427587:+:206953:208278,59280,no,train,KQ427587,208297,+,213,0,Octopus_prebalancing.csv.gz
Octopus,KQ417678:-:52261:52558,16890,no,train,KQ417678,52595,-,11,0,Octopus_prebalancing.csv.gz
Octopus,KQ418173:+:55052:55599,20940,yes,train,KQ418173,55415,+,223,0.7077922077922078,Octopus_prebalancing.csv.gz
Octopus,KQ420409:-:382365:396926,33877,no,train,KQ420409,386329,-,351,0,Octopus_prebalancing.csv.gz
Octopus,KQ420261:+:1151455:1153527,33034,no,train,KQ420261,1153320,+,250,0,Octopus_prebalancing.csv.gz
Octopus,KQ421261:+:347111:347311,39835,yes,train,KQ421261,347283,+,180,0.3708609271523179,Octopus_prebalancing.csv.gz
Octopus,KQ417691:-:246566:251749,16923,no,train,KQ417691,251072,-,89,0,Octopus_prebalancing.csv.gz
Octopus,KQ417245:+:359507:360722,13276,yes,train,KQ417245,360185,+,584,0.2518518518518518,Octopus_prebalancing.csv.gz
Octopus,KQ418120:+:513388:519478,20524,no,train,KQ418120,518542,+,207,0,Octopus_prebalancing.csv.gz
Octopus,KQ415916:+:257044:260762,2912,yes,train,KQ415916,257198,+,187,0.2580645161290322,Octopus_prebalancing.csv.gz
Octopus,KQ415687:+:621295:623555,1026,no,train,KQ415687,623415,+,130,0,Octopus_prebalancing.csv.gz
Octopus,KQ417666:+:582689:583486,16510,yes,train,KQ417666,583483,+,199,0.1962616822429906,Octopus_prebalancing.csv.gz
Octopus,KQ416678:-:507714:508728,9338,no,train,KQ416678,508042,-,104,0,Octopus_prebalancing.csv.gz
Octopus,KQ420796:-:186152:188342,36800,no,train,KQ420796,187238,-,218,0,Octopus_prebalancing.csv.gz
Octopus,KQ420932:-:15469:17233,37817,yes,train,KQ420932,16305,-,95,0.3232758620689655,Octopus_prebalancing.csv.gz
Octopus,KQ425262:+:23720:24872,54296,no,train,KQ425262,24475,+,67,0,Octopus_prebalancing.csv.gz
Octopus,KQ420313:-:692964:694535,33517,yes,train,KQ420313,693123,-,319,0.3564814814814814,Octopus_prebalancing.csv.gz
Octopus,KQ420776:-:126654:127969,36591,yes,train,KQ420776,127241,-,90,0.9069767441860463,Octopus_prebalancing.csv.gz
Octopus,KQ416839:-:149278:151954,10943,yes,train,KQ416839,149910,-,89,0.1721854304635761,Octopus_prebalancing.csv.gz
Octopus,KQ420157:+:154445:155503,32890,no,train,KQ420157,155499,+,485,0,Octopus_prebalancing.csv.gz
Octopus,KQ415873:+:120365:136981,2476,no,train,KQ415873,123090,+,296,0,Octopus_prebalancing.csv.gz
Octopus,KQ416454:-:210630:218397,7503,yes,train,KQ416454,218365,-,36,0.3319672131147541,Octopus_prebalancing.csv.gz
Octopus,KQ427011:+:44729:52161,58177,yes,train,KQ427011,48233,+,150,0.296551724137931,Octopus_prebalancing.csv.gz
Octopus,KQ429763:+:224888:229203,61485,no,train,KQ429763,224914,+,137,0,Octopus_prebalancing.csv.gz
Octopus,KQ420877:-:1840:10211,37306,no,train,KQ420877,10141,-,82,0,Octopus_prebalancing.csv.gz
Octopus,KQ416602:+:583030:590328,8497,yes,train,KQ416602,589126,+,222,0.3073394495412844,Octopus_prebalancing.csv.gz
Octopus,KQ423506:-:23827:27807,49041,no,train,KQ423506,25819,-,182,0,Octopus_prebalancing.csv.gz
Octopus,KQ424429:+:66277:79095,52177,yes,train,KQ424429,73499,+,101,0.2383073496659243,Octopus_prebalancing.csv.gz
Octopus,KQ421853:+:106322:110032,43379,yes,train,KQ421853,107618,+,7,0.2627118644067797,Octopus_prebalancing.csv.gz
Octopus,KQ416087:-:494228:496857,4298,no,train,KQ416087,495763,-,205,0,Octopus_prebalancing.csv.gz
Octopus,KQ416594:-:25583:31375,8342,yes,train,KQ416594,29525,-,210,0.357976653696498,Octopus_prebalancing.csv.gz
Octopus,KQ420992:-:72392:77664,38313,no,train,KQ420992,76574,-,173,0,Octopus_prebalancing.csv.gz
Octopus,KQ421638:-:32070:32852,41565,no,train,KQ421638,32702,-,173,0,Octopus_prebalancing.csv.gz
Octopus,KQ423014:-:35418:36161,47444,no,train,KQ423014,36078,-,30,0,Octopus_prebalancing.csv.gz
Octopus,KQ415854:+:99135:104952,2150,no,train,KQ415854,104891,+,198,0,Octopus_prebalancing.csv.gz
Octopus,KQ425190:+:25307:28048,53993,no,train,KQ425190,25939,+,149,0,Octopus_prebalancing.csv.gz
Octopus,KQ417379:+:13062:14141,14794,yes,train,KQ417379,13248,+,203,0.9030927835051548,Octopus_prebalancing.csv.gz
Octopus,KQ423069:+:40459:43239,47608,yes,train,KQ423069,42251,+,323,0.994535519125683,Octopus_prebalancing.csv.gz
Octopus,KQ418520:-:135456:135922,24001,yes,train,KQ418520,135468,-,306,0.2546296296296296,Octopus_prebalancing.csv.gz
Octopus,KQ417379:+:13062:14141,14786,yes,train,KQ417379,13221,+,176,0.3214285714285714,Octopus_prebalancing.csv.gz
Octopus,KQ422263:+:190974:194476,44952,no,train,KQ422263,193019,+,191,0,Octopus_prebalancing.csv.gz
Octopus,KQ425188:-:53630:54936,53823,no,train,KQ425188,53625,-,390,0,Octopus_prebalancing.csv.gz
Octopus,KQ419376:+:613064:619101,28611,yes,train,KQ419376,613980,+,212,0.4606741573033708,Octopus_prebalancing.csv.gz
Octopus,KQ433487:+:62929:63906,63908,yes,train,KQ433487,63204,+,233,0.9362880886426592,Octopus_prebalancing.csv.gz
Octopus,KQ415777:+:48820:51281,1617,no,train,KQ415777,49693,+,362,0,Octopus_prebalancing.csv.gz
Octopus,KQ417670:+:106541:109344,16563,yes,train,KQ417670,107880,+,136,0.3668639053254438,Octopus_prebalancing.csv.gz
Octopus,KQ417354:-:61387:68824,14532,no,train,KQ417354,61764,-,109,0,Octopus_prebalancing.csv.gz
Octopus,KQ417318:-:213492:213693,13993,no,train,KQ417318,213505,-,225,0,Octopus_prebalancing.csv.gz
Octopus,KQ416092:+:321624:324839,4469,yes,train,KQ416092,322860,+,166,0.9391891891891893,Octopus_prebalancing.csv.gz
Octopus,KQ423069:+:40459:43239,47520,yes,train,KQ423069,42052,+,124,0.8574793875147232,Octopus_prebalancing.csv.gz
Octopus,KQ417796:+:458790:459137,17687,no,train,KQ417796,458991,+,223,0,Octopus_prebalancing.csv.gz
Octopus,KQ421117:-:1800705:1801920,39062,no,train,KQ421117,1801023,-,345,0,Octopus_prebalancing.csv.gz
Octopus,KQ420660:-:87245:89350,35484,yes,train,KQ420660,89181,-,132,0.1848739495798319,Octopus_prebalancing.csv.gz
Octopus,KQ417847:-:1389485:1395088,18174,no,train,KQ417847,1392049,-,457,0,Octopus_prebalancing.csv.gz
Octopus,KQ427095:+:93081:95140,58588,no,train,KQ427095,94671,+,208,0,Octopus_prebalancing.csv.gz
Octopus,KQ420579:+:292710:297325,35044,yes,train,KQ420579,296550,+,205,0.3925233644859813,Octopus_prebalancing.csv.gz
Octopus,KQ416681:+:123800:125409,9387,yes,train,KQ416681,125053,+,77,0.9067796610169492,Octopus_prebalancing.csv.gz
Octopus,KQ416002:+:145389:145843,4011,yes,train,KQ416002,145836,+,242,0.975206611570248,Octopus_prebalancing.csv.gz
Octopus,KQ433284:-:17319:18995,63683,no,train,KQ433284,18455,-,282,0,Octopus_prebalancing.csv.gz
Octopus,KQ420153:-:20390:23631,32660,no,train,KQ420153,22218,-,285,0,Octopus_prebalancing.csv.gz
Octopus,KQ423506:-:150904:151936,49075,yes,train,KQ423506,151613,-,273,0.1553398058252427,Octopus_prebalancing.csv.gz
Octopus,KQ422223:-:16837:20430,44574,yes,train,KQ422223,19902,-,357,0.9744245524296676,Octopus_prebalancing.csv.gz
Octopus,KQ422658:-:262328:262919,46321,yes,train,KQ422658,262360,-,135,0.386046511627907,Octopus_prebalancing.csv.gz
Octopus,KQ416877:-:1243348:1252014,11012,yes,train,KQ416877,1247632,-,238,0.5074074074074074,Octopus_prebalancing.csv.gz
Octopus,KQ427812:-:11379:11735,59564,no,train,KQ427812,11670,-,27,0,Octopus_prebalancing.csv.gz
Octopus,KQ423631:-:133207:139083,50062,no,train,KQ423631,138574,-,101,0,Octopus_prebalancing.csv.gz
Octopus,KQ423677:+:105301:111458,50400,no,train,KQ423677,110786,+,154,0,Octopus_prebalancing.csv.gz
Octopus,KQ433284:-:17319:18995,63706,yes,train,KQ433284,18516,-,221,0.7556008146639511,Octopus_prebalancing.csv.gz
Octopus,KQ423509:-:57830:68774,49184,no,train,KQ423509,62527,-,109,0,Octopus_prebalancing.csv.gz
Octopus,KQ420673:+:337736:338163,35764,no,train,KQ420673,337800,+,94,0,Octopus_prebalancing.csv.gz
Octopus,KQ419858:+:187601:189009,30523,yes,train,KQ419858,188441,+,329,0.1645299145299145,Octopus_prebalancing.csv.gz
Octopus,KQ419326:+:326078:326759,28219,no,train,KQ419326,326132,+,1,0,Octopus_prebalancing.csv.gz
Octopus,KQ418483:+:416342:421470,23875,no,train,KQ418483,418702,+,74,0,Octopus_prebalancing.csv.gz
Octopus,KQ420428:-:114306:115147,34063,no,train,KQ420428,114387,-,115,0,Octopus_prebalancing.csv.gz
Octopus,KQ415960:+:45558:53429,3745,yes,train,KQ415960,47460,+,134,0.3951890034364261,Octopus_prebalancing.csv.gz
Octopus,KQ421593:+:127708:132553,41375,yes,train,KQ421593,129797,+,34,0.5477707006369427,Octopus_prebalancing.csv.gz
Octopus,KQ417062:+:126881:128514,11960,no,train,KQ417062,128261,+,177,0,Octopus_prebalancing.csv.gz
Octopus,KQ421906:+:426581:427321,43620,no,train,KQ421906,426529,+,133,0,Octopus_prebalancing.csv.gz
Octopus,KQ419092:+:247062:248393,26881,no,train,KQ419092,247168,+,120,0,Octopus_prebalancing.csv.gz
Octopus,KQ417636:-:68657:71640,16410,yes,train,KQ417636,69798,-,62,0.2631578947368421,Octopus_prebalancing.csv.gz
Octopus,KQ431895:+:3872:10596,63079,yes,train,KQ431895,9807,+,296,0.7372262773722628,Octopus_prebalancing.csv.gz
Octopus,KQ417354:-:61387:68824,14495,no,train,KQ417354,61692,-,181,0,Octopus_prebalancing.csv.gz
Octopus,KQ418194:+:1176195:1176917,21343,no,train,KQ418194,1176190,+,32,0,Octopus_prebalancing.csv.gz
Octopus,KQ426259:+:186651:188364,56408,no,train,KQ426259,186902,+,249,0,Octopus_prebalancing.csv.gz
Octopus,KQ415932:-:635916:641977,3210,no,train,KQ415932,637689,-,237,0,Octopus_prebalancing.csv.gz
Octopus,KQ421493:-:53586:55159,41087,yes,train,KQ421493,54212,-,324,0.188034188034188,Octopus_prebalancing.csv.gz
Octopus,KQ418545:+:60899:66262,24448,no,train,KQ418545,61209,+,16,0,Octopus_prebalancing.csv.gz
Octopus,KQ423995:+:182446:188836,51333,no,train,KQ423995,187711,+,121,0,Octopus_prebalancing.csv.gz
Octopus,KQ421638:+:30744:34531,41438,yes,train,KQ421638,32094,+,45,0.8074534161490683,Octopus_prebalancing.csv.gz
Octopus,KQ420153:-:20390:23631,32658,yes,train,KQ420153,22210,-,293,0.303030303030303,Octopus_prebalancing.csv.gz
Octopus,KQ426259:+:186651:188364,56346,yes,train,KQ426259,186700,+,59,0.3027027027027027,Octopus_prebalancing.csv.gz
Octopus,KQ425510:-:43575:44964,55171,yes,train,KQ425510,43730,-,133,0.3559322033898305,Octopus_prebalancing.csv.gz
Octopus,KQ419281:+:554403:559442,28130,yes,train,KQ419281,556608,+,257,0.8181818181818182,Octopus_prebalancing.csv.gz
Octopus,KQ416616:+:2452476:2453097,8726,no,train,KQ416616,2452387,+,44,0,Octopus_prebalancing.csv.gz
Octopus,KQ416087:-:494228:496857,4264,yes,train,KQ416087,495073,-,321,0.3311475409836065,Octopus_prebalancing.csv.gz
Octopus,KQ426988:+:12305:13448,57917,yes,train,KQ426988,12338,+,61,0.3725490196078431,Octopus_prebalancing.csv.gz
Octopus,KQ420153:-:20390:23631,32719,yes,train,KQ420153,22464,-,92,0.5780590717299579,Octopus_prebalancing.csv.gz
Octopus,KQ417796:+:458790:459137,17683,yes,train,KQ417796,458984,+,216,0.2532467532467532,Octopus_prebalancing.csv.gz
Octopus,KQ415687:+:621295:623555,1042,no,train,KQ415687,623490,+,204,0,Octopus_prebalancing.csv.gz
Octopus,KQ419141:-:70913:74788,27409,yes,train,KQ419141,72501,-,27,0.188034188034188,Octopus_prebalancing.csv.gz
Octopus,KQ419648:+:147236:149270,30136,no,train,KQ419648,149214,+,133,0,Octopus_prebalancing.csv.gz
Octopus,KQ427431:+:37400:37546,59211,no,train,KQ427431,37581,+,245,0,Octopus_prebalancing.csv.gz
Octopus,KQ419366:+:211929:213548,28494,yes,train,KQ419366,213200,+,51,0.1833333333333333,Octopus_prebalancing.csv.gz
Octopus,KQ419500:+:684975:695320,29316,no,train,KQ419500,686917,+,14,0,Octopus_prebalancing.csv.gz
Octopus,KQ419697:-:120738:124519,30212,no,train,KQ419697,122422,-,67,0,Octopus_prebalancing.csv.gz
Octopus,KQ433487:+:62929:63906,63927,yes,train,KQ433487,63254,+,283,0.6037296037296037,Octopus_prebalancing.csv.gz
Octopus,KQ422595:-:182014:185348,46185,no,train,KQ422595,183929,-,4,0,Octopus_prebalancing.csv.gz
Octopus,KQ420265:+:467471:471849,33151,no,train,KQ420265,470993,+,52,0,Octopus_prebalancing.csv.gz
Octopus,KQ423217:+:221921:225946,48018,yes,train,KQ423217,225592,+,216,0.3876404494382022,Octopus_prebalancing.csv.gz
Octopus,KQ418059:+:563471:564576,19933,no,train,KQ418059,563757,+,160,0,Octopus_prebalancing.csv.gz
Octopus,KQ432252:+:241773:242193,63489,no,train,KQ432252,241968,+,152,0,Octopus_prebalancing.csv.gz
Octopus,KQ419574:+:872589:876091,29719,no,train,KQ419574,873232,+,111,0,Octopus_prebalancing.csv.gz
Octopus,KQ421375:-:86931:88834,40631,yes,train,KQ421375,88090,-,53,0.4568527918781725,Octopus_prebalancing.csv.gz
Octopus,KQ421656:-:287924:292121,41726,yes,train,KQ421656,289737,-,449,0.2489270386266094,Octopus_prebalancing.csv.gz
Octopus,KQ423069:+:40459:43239,47511,yes,train,KQ423069,42028,+,100,0.9811827956989247,Octopus_prebalancing.csv.gz
Octopus,KQ418040:-:357576:360646,19753,yes,train,KQ418040,357763,-,198,0.5393939393939394,Octopus_prebalancing.csv.gz
Octopus,KQ421593:+:127708:132553,41386,yes,train,KQ421593,129820,+,57,0.2205882352941176,Octopus_prebalancing.csv.gz
Octopus,KQ426505:+:1446:1695,56792,yes,train,KQ426505,1588,+,179,0.1813953488372093,Octopus_prebalancing.csv.gz
Octopus,KQ418355:-:185490:188365,22748,yes,train,KQ418355,185703,-,411,0.743421052631579,Octopus_prebalancing.csv.gz
Octopus,KQ421638:+:30744:34531,41445,yes,train,KQ421638,32105,+,56,0.7528735632183908,Octopus_prebalancing.csv.gz
Octopus,KQ416616:-:2448886:2456080,8855,yes,train,KQ416616,2452944,-,237,0.3486842105263157,Octopus_prebalancing.csv.gz
Octopus,KQ420696:-:253030:256282,36329,no,train,KQ420696,253322,-,196,0,Octopus_prebalancing.csv.gz
Octopus,KQ417112:-:598933:605464,12345,no,train,KQ417112,604328,-,372,0,Octopus_prebalancing.csv.gz
Octopus,KQ416771:-:1461700:1466793,10331,no,train,KQ416771,1462606,-,192,0,Octopus_prebalancing.csv.gz
Octopus,KQ417851:+:581475:582766,18194,no,train,KQ417851,581457,+,8,0,Octopus_prebalancing.csv.gz
Octopus,KQ418516:-:157544:159220,23973,no,train,KQ418516,157831,-,353,0,Octopus_prebalancing.csv.gz
Octopus,KQ433284:-:17319:18995,63713,no,train,KQ433284,18538,-,199,0,Octopus_prebalancing.csv.gz
Octopus,KQ433284:-:17319:18995,63762,yes,train,KQ433284,18700,-,48,0.3287037037037037,Octopus_prebalancing.csv.gz
Octopus,KQ420660:+:206788:209565,35534,no,train,KQ420660,207659,+,183,0,Octopus_prebalancing.csv.gz
Octopus,KQ416040:+:502414:503677,4112,yes,train,KQ416040,502972,+,24,0.304860088365243,Octopus_prebalancing.csv.gz
Octopus,KQ427174:-:5830:9422,58838,yes,train,KQ427174,6622,-,264,0.2568807339449541,Octopus_prebalancing.csv.gz
Octopus,KQ418520:-:135456:135922,24057,no,train,KQ418520,135738,-,115,0,Octopus_prebalancing.csv.gz
Octopus,KQ423001:-:465023:468835,47263,no,train,KQ423001,465438,-,239,0,Octopus_prebalancing.csv.gz
Octopus,KQ420409:-:382365:396926,33953,yes,train,KQ420409,386613,-,129,0.7311827956989247,Octopus_prebalancing.csv.gz
Octopus,KQ417670:+:110587:114416,16670,yes,train,KQ417670,113833,+,250,0.4412265758091993,Octopus_prebalancing.csv.gz
Octopus,KQ423631:-:133207:139083,50009,no,train,KQ423631,137975,-,238,0,Octopus_prebalancing.csv.gz
Octopus,KQ418190:+:14761:17774,21290,yes,train,KQ418190,17543,+,270,0.4509803921568627,Octopus_prebalancing.csv.gz
Octopus,KQ422223:-:16837:20430,44607,no,train,KQ422223,19990,-,269,0,Octopus_prebalancing.csv.gz
Octopus,KQ425262:+:23720:24872,54304,no,train,KQ425262,24501,+,93,0,Octopus_prebalancing.csv.gz
Octopus,KQ419141:-:70913:74788,27396,yes,train,KQ419141,72461,-,67,0.2457627118644068,Octopus_prebalancing.csv.gz
Octopus,KQ428109:+:9813:13964,59896,yes,train,KQ428109,10869,+,150,0.2356321839080459,Octopus_prebalancing.csv.gz
Octopus,KQ417245:+:359507:360722,13212,yes,train,KQ417245,359994,+,393,0.2445414847161572,Octopus_prebalancing.csv.gz
Octopus,KQ428883:-:245716:247637,61147,yes,train,KQ428883,246529,-,172,0.2834757834757834,Octopus_prebalancing.csv.gz
Octopus,KQ421821:+:302229:315362,43270,no,train,KQ421821,313839,+,248,0,Octopus_prebalancing.csv.gz
Octopus,KQ428842:-:120425:122108,60874,no,train,KQ428842,120664,-,138,0,Octopus_prebalancing.csv.gz
Octopus,KQ423014:-:35418:36161,47344,yes,train,KQ423014,35451,-,473,0.4070351758793969,Octopus_prebalancing.csv.gz
Octopus,KQ421758:-:1453493:1454390,42887,no,train,KQ421758,1453843,-,146,0,Octopus_prebalancing.csv.gz
Octopus,KQ417620:-:1821494:1830342,16197,yes,train,KQ417620,1825690,-,119,0.4029850746268656,Octopus_prebalancing.csv.gz
Octopus,KQ419648:+:147236:149270,30141,no,train,KQ419648,149222,+,141,0,Octopus_prebalancing.csv.gz
Octopus,KQ416198:-:342313:344617,5547,yes,train,KQ416198,343471,-,244,0.2408759124087591,Octopus_prebalancing.csv.gz
Octopus,KQ416454:-:210630:218397,7426,no,train,KQ416454,217529,-,337,0,Octopus_prebalancing.csv.gz
Octopus,KQ417980:+:232521:234469,19157,no,train,KQ417980,232532,+,18,0,Octopus_prebalancing.csv.gz
Octopus,KQ422245:+:81496:84013,44797,yes,train,KQ422245,82130,+,376,0.1533018867924528,Octopus_prebalancing.csv.gz
Octopus,KQ420444:+:439486:443984,34456,no,train,KQ420444,443124,+,385,0,Octopus_prebalancing.csv.gz
Octopus,KQ421800:+:115671:129740,43051,yes,train,KQ421800,123230,+,188,0.2275618374558304,Octopus_prebalancing.csv.gz
Octopus,KQ423014:-:35418:36161,47398,no,train,KQ423014,35863,-,245,0,Octopus_prebalancing.csv.gz
Octopus,KQ421117:-:1800705:1801920,39121,yes,train,KQ421117,1801173,-,195,0.2350746268656716,Octopus_prebalancing.csv.gz
Octopus,KQ419326:+:326078:326759,28261,no,train,KQ419326,326660,+,183,0,Octopus_prebalancing.csv.gz
Octopus,KQ425131:-:97410:99923,53808,no,train,KQ425131,99950,-,42,0,Octopus_prebalancing.csv.gz
Octopus,KQ420313:-:692964:694535,33498,yes,train,KQ420313,693038,-,404,0.1736111111111111,Octopus_prebalancing.csv.gz
Octopus,KQ430069:+:5459:6074,61719,yes,train,KQ430069,6010,+,158,0.9594594594594594,Octopus_prebalancing.csv.gz
Octopus,KQ417318:-:474342:477099,14065,yes,train,KQ417318,476094,-,400,0.4248826291079812,Octopus_prebalancing.csv.gz
Octopus,KQ420477:-:12030:15635,34615,no,train,KQ420477,15606,-,44,0,Octopus_prebalancing.csv.gz
Octopus,KQ417062:+:126881:128514,11936,no,train,KQ417062,128157,+,66,0,Octopus_prebalancing.csv.gz
Octopus,KQ421356:-:55274:57599,40161,no,train,KQ421356,55455,-,212,0,Octopus_prebalancing.csv.gz
Octopus,KQ428492:-:1282:4024,60367,yes,train,KQ428492,2609,-,345,0.2782608695652174,Octopus_prebalancing.csv.gz
Octopus,KQ422595:-:182014:185348,46139,no,train,KQ422595,183799,-,134,0,Octopus_prebalancing.csv.gz
Octopus,KQ425000:-:95535:96095,53294,no,train,KQ425000,95590,-,151,0,Octopus_prebalancing.csv.gz
Octopus,KQ415669:+:30162:32210,316,yes,train,KQ415669,31309,+,96,0.6101694915254238,Octopus_prebalancing.csv.gz
Octopus,KQ424659:+:227171:231163,52771,yes,train,KQ424659,228486,+,74,0.2256410256410256,Octopus_prebalancing.csv.gz
Octopus,KQ416152:+:431359:432163,4794,no,train,KQ416152,432082,+,106,0,Octopus_prebalancing.csv.gz
Octopus,KQ426215:+:29905:30045,56320,no,train,KQ426215,29947,+,101,0,Octopus_prebalancing.csv.gz
Octopus,KQ419175:-:3377:3779,27456,no,train,KQ419175,3580,-,147,0,Octopus_prebalancing.csv.gz
Octopus,KQ415659:+:1944407:1946585,90,yes,train,KQ415659,1944530,+,88,0.6756756756756757,Octopus_prebalancing.csv.gz
Octopus,KQ417670:+:281609:283762,16725,no,train,KQ417670,281606,+,15,0,Octopus_prebalancing.csv.gz
Octopus,KQ415827:+:58324:68210,1891,yes,train,KQ415827,59797,+,81,0.5319465081723626,Octopus_prebalancing.csv.gz
Octopus,KQ422033:-:18330:23008,44134,no,train,KQ422033,20453,-,18,0,Octopus_prebalancing.csv.gz
Octopus,KQ425946:-:28543:30688,56086,no,train,KQ425946,30423,-,131,0,Octopus_prebalancing.csv.gz
Octopus,KQ418580:+:701924:705836,24880,no,train,KQ418580,703376,+,200,0,Octopus_prebalancing.csv.gz
Octopus,KQ417763:+:397070:401152,17437,yes,train,KQ417763,400583,+,45,0.96875,Octopus_prebalancing.csv.gz
Octopus,KQ426791:-:413779:417331,57443,no,train,KQ426791,414298,-,199,0,Octopus_prebalancing.csv.gz
Octopus,KQ420505:-:309677:312029,34785,yes,train,KQ420505,311391,-,258,0.4122807017543859,Octopus_prebalancing.csv.gz
Octopus,KQ426259:+:186651:188364,56378,yes,train,KQ426259,186755,+,114,0.3110236220472441,Octopus_prebalancing.csv.gz
Octopus,KQ422015:+:60856:61622,43740,yes,train,KQ422015,61231,+,101,0.4262295081967213,Octopus_prebalancing.csv.gz
Octopus,KQ416683:-:56517:57031,9449,no,train,KQ416683,56741,-,57,0,Octopus_prebalancing.csv.gz
Octopus,KQ418711:+:1001297:1002273,25265,no,train,KQ418711,1001425,+,148,0,Octopus_prebalancing.csv.gz
Octopus,KQ428413:+:18316:20220,60245,no,train,KQ428413,20042,+,179,0,Octopus_prebalancing.csv.gz
Octopus,KQ428981:-:169360:173915,61231,no,train,KQ428981,172967,-,26,0,Octopus_prebalancing.csv.gz
Octopus,KQ420673:+:337736:338163,35751,no,train,KQ420673,337755,+,49,0,Octopus_prebalancing.csv.gz
Octopus,KQ415951:+:107290:108224,3577,no,train,KQ415951,107411,+,95,0,Octopus_prebalancing.csv.gz
Octopus,KQ419409:+:573761:574041,28807,no,train,KQ419409,573734,+,53,0,Octopus_prebalancing.csv.gz
Octopus,KQ415935:+:167453:169867,3309,yes,train,KQ415935,168642,+,245,0.9428571428571428,Octopus_prebalancing.csv.gz
Octopus,KQ418535:-:294754:296669,24390,no,train,KQ418535,294860,-,156,0,Octopus_prebalancing.csv.gz
Octopus,KQ425131:-:97410:99923,53768,no,train,KQ425131,97427,-,175,0,Octopus_prebalancing.csv.gz
Octopus,KQ417497:-:841461:844909,15362,no,train,KQ417497,844050,-,164,0,Octopus_prebalancing.csv.gz
Octopus,KQ431108:+:80994:85495,62821,yes,train,KQ431108,84446,+,50,0.452098178939034,Octopus_prebalancing.csv.gz
Octopus,KQ431108:+:80994:85495,62802,no,train,KQ431108,84398,+,2,0,Octopus_prebalancing.csv.gz
Octopus,KQ418900:-:485296:490211,26413,yes,train,KQ418900,486775,-,740,0.5740740740740741,Octopus_prebalancing.csv.gz
Octopus,KQ421758:+:240289:242289,42520,no,train,KQ421758,241793,+,453,0,Octopus_prebalancing.csv.gz
Octopus,KQ415932:-:635916:641977,3243,yes,train,KQ415932,637794,-,132,0.2508474576271186,Octopus_prebalancing.csv.gz
Octopus,KQ417945:-:2814:6425,18928,yes,train,KQ417945,4986,-,221,0.375,Octopus_prebalancing.csv.gz
Octopus,KQ419333:-:48712:50653,28352,no,train,KQ419333,48808,-,437,0,Octopus_prebalancing.csv.gz
Octopus,KQ427174:-:5830:9422,58825,no,train,KQ427174,6603,-,283,0,Octopus_prebalancing.csv.gz
Octopus,KQ419300:-:740355:741888,28142,no,train,KQ419300,740660,-,236,0,Octopus_prebalancing.csv.gz
Octopus,KQ416694:-:792688:795938,9603,yes,train,KQ416694,795860,-,91,0.1551724137931034,Octopus_prebalancing.csv.gz
Octopus,KQ431895:+:3872:10596,63051,yes,train,KQ431895,9698,+,187,1,Octopus_prebalancing.csv.gz
Octopus,KQ422658:-:262328:262919,46308,no,train,KQ422658,262302,-,193,0,Octopus_prebalancing.csv.gz
Octopus,KQ417911:+:93484:94946,18534,no,train,KQ417911,95012,+,222,0,Octopus_prebalancing.csv.gz
Octopus,KQ425067:-:59117:68620,53648,no,train,KQ425067,60947,-,301,0,Octopus_prebalancing.csv.gz
Octopus,KQ423631:-:133207:139083,50067,no,train,KQ423631,138585,-,90,0,Octopus_prebalancing.csv.gz
Octopus,KQ417819:+:73313:77380,17895,yes,train,KQ417819,77194,+,438,0.8125,Octopus_prebalancing.csv.gz
Octopus,KQ418459:+:176850:178358,23795,no,train,KQ418459,177639,+,174,0,Octopus_prebalancing.csv.gz
Octopus,KQ422208:-:431838:432631,44379,no,train,KQ422208,432296,-,106,0,Octopus_prebalancing.csv.gz
Octopus,KQ421085:+:144467:144685,38744,yes,train,KQ421085,144638,+,183,0.4326241134751773,Octopus_prebalancing.csv.gz
Octopus,KQ417482:+:378219:384475,15207,yes,train,KQ417482,381574,+,337,0.3356643356643357,Octopus_prebalancing.csv.gz
Octopus,KQ416765:+:75169:77439,10111,no,train,KQ416765,75276,+,156,0,Octopus_prebalancing.csv.gz
Octopus,KQ419326:+:326078:326759,28256,no,train,KQ419326,326272,+,141,0,Octopus_prebalancing.csv.gz
Octopus,KQ419376:+:613064:619101,28608,yes,train,KQ419376,613973,+,205,0.2057761732851985,Octopus_prebalancing.csv.gz
Octopus,KQ422866:-:193298:197038,47069,yes,train,KQ422866,194928,-,61,0.4078947368421052,Octopus_prebalancing.csv.gz
Octopus,KQ416612:+:1466743:1468899,8621,no,train,KQ416612,1468325,+,23,0,Octopus_prebalancing.csv.gz
Octopus,KQ419141:-:70913:74788,27367,no,train,KQ419141,71873,-,180,0,Octopus_prebalancing.csv.gz
Octopus,KQ423509:-:57830:68774,49155,no,train,KQ423509,62341,-,210,0,Octopus_prebalancing.csv.gz
Octopus,KQ418355:-:185490:188365,22733,yes,train,KQ418355,185675,-,439,0.4444444444444444,Octopus_prebalancing.csv.gz
Octopus,KQ422738:-:37291:40054,46550,yes,train,KQ422738,38964,-,129,0.8994974874371859,Octopus_prebalancing.csv.gz
Octopus,KQ422458:-:98826:101081,45551,no,train,KQ422458,100025,-,172,0,Octopus_prebalancing.csv.gz
Octopus,KQ422036:+:963421:964986,44149,no,train,KQ422036,963586,+,20,0,Octopus_prebalancing.csv.gz
Octopus,KQ424629:+:75663:78810,52530,yes,train,KQ424629,78187,+,22,0.3987341772151899,Octopus_prebalancing.csv.gz
Octopus,KQ416279:-:193873:195330,6455,no,train,KQ416279,194501,-,7,0,Octopus_prebalancing.csv.gz
Octopus,KQ417213:+:306344:316084,12799,yes,train,KQ417213,309007,+,281,0.6517857142857143,Octopus_prebalancing.csv.gz
Octopus,KQ419141:-:70913:74788,27381,no,train,KQ419141,71916,-,137,0,Octopus_prebalancing.csv.gz
Octopus,KQ416788:-:74481:75947,10365,yes,train,KQ416788,74688,-,403,0.6366120218579235,Octopus_prebalancing.csv.gz
Octopus,KQ419203:-:39965:40712,27855,no,train,KQ419203,40482,-,238,0,Octopus_prebalancing.csv.gz
Octopus,KQ417620:-:314872:315736,16070,yes,train,KQ417620,315645,-,102,0.4253731343283582,Octopus_prebalancing.csv.gz
Octopus,KQ420660:+:206788:209565,35596,yes,train,KQ420660,207886,+,411,0.375438596491228,Octopus_prebalancing.csv.gz
Octopus,KQ427059:-:274873:282821,58431,yes,train,KQ427059,282538,-,74,0.1778265642151482,Octopus_prebalancing.csv.gz
Octopus,KQ416788:-:74481:75947,10377,no,train,KQ416788,74726,-,365,0,Octopus_prebalancing.csv.gz
Octopus,KQ417300:+:2429385:2432147,13825,yes,train,KQ417300,2430408,+,299,0.9710144927536232,Octopus_prebalancing.csv.gz
Octopus,KQ425538:-:3678:20206,55292,yes,train,KQ425538,17004,-,278,0.7235772357723578,Octopus_prebalancing.csv.gz
Octopus,KQ419203:-:39965:40712,27842,yes,train,KQ419203,40245,-,298,0.2456896551724137,Octopus_prebalancing.csv.gz
Octopus,KQ415684:+:1795785:1804292,738,no,train,KQ415684,1802883,+,5,0,Octopus_prebalancing.csv.gz
Octopus,KQ419904:+:185913:188166,30586,no,train,KQ419904,186155,+,27,0,Octopus_prebalancing.csv.gz
Octopus,KQ416719:+:246061:246301,9785,no,train,KQ416719,246138,+,56,0,Octopus_prebalancing.csv.gz
Octopus,KQ421724:+:261169:261574,42149,no,train,KQ421724,261217,+,67,0,Octopus_prebalancing.csv.gz
Octopus,KQ420009:+:182821:186225,31356,no,train,KQ420009,185795,+,121,0,Octopus_prebalancing.csv.gz
Octopus,KQ418900:-:485296:490211,26421,yes,train,KQ418900,486836,-,679,0.2396694214876033,Octopus_prebalancing.csv.gz
Octopus,KQ420673:+:337736:338163,35746,no,train,KQ420673,337738,+,32,0,Octopus_prebalancing.csv.gz
Octopus,KQ420776:+:373017:378761,36660,yes,train,KQ420776,377379,+,87,0.3064159292035398,Octopus_prebalancing.csv.gz
Octopus,KQ421758:-:260871:261476,42577,yes,train,KQ421758,261432,-,75,0.997584541062802,Octopus_prebalancing.csv.gz
Octopus,KQ420593:-:2370:9432,35096,yes,train,KQ420593,2800,-,64,0.7322121604139715,Octopus_prebalancing.csv.gz
Octopus,KQ415827:+:58324:68210,1906,no,train,KQ415827,60212,+,133,0,Octopus_prebalancing.csv.gz
Octopus,KQ416626:+:246193:257235,9009,yes,train,KQ416626,253080,+,279,0.2047244094488189,Octopus_prebalancing.csv.gz
Octopus,KQ425188:-:53630:54936,53917,yes,train,KQ425188,54242,-,72,0.2227979274611398,Octopus_prebalancing.csv.gz
Octopus,KQ415684:+:1833145:1844637,829,no,train,KQ415684,1834130,+,204,0,Octopus_prebalancing.csv.gz
Octopus,KQ428115:+:154085:163627,59939,yes,train,KQ428115,156772,+,229,0.9477611940298508,Octopus_prebalancing.csv.gz
Octopus,KQ421117:-:1800705:1801920,39157,no,train,KQ421117,1801358,-,5,0,Octopus_prebalancing.csv.gz
Octopus,KQ421800:+:115671:129740,43072,yes,train,KQ421800,123298,+,256,0.3201232937032144,Octopus_prebalancing.csv.gz
Octopus,KQ420593:-:2370:9432,35088,yes,train,KQ420593,2779,-,85,0.1651829871414441,Octopus_prebalancing.csv.gz
Octopus,KQ418873:+:627338:632183,26163,no,train,KQ418873,629208,+,369,0,Octopus_prebalancing.csv.gz
Octopus,KQ423069:+:40459:43239,47504,yes,train,KQ423069,42013,+,85,0.9073856975381008,Octopus_prebalancing.csv.gz
Octopus,KQ417851:+:581475:582766,18229,no,train,KQ417851,581536,+,87,0,Octopus_prebalancing.csv.gz
Octopus,KQ427922:+:53789:55100,59713,no,train,KQ427922,54962,+,76,0,Octopus_prebalancing.csv.gz
Octopus,KQ421117:+:1266315:1274800,39011,yes,train,KQ421117,1272787,+,148,0.8768115942028986,Octopus_prebalancing.csv.gz
Octopus,KQ416811:+:273090:273937,10691,yes,train,KQ416811,273885,+,268,0.7142857142857143,Octopus_prebalancing.csv.gz
Octopus,KQ420690:-:166278:172996,36252,yes,train,KQ420690,170839,-,130,0.2564102564102564,Octopus_prebalancing.csv.gz
Octopus,KQ418900:-:120417:121639,26275,yes,train,KQ418900,121395,-,229,0.973293768545994,Octopus_prebalancing.csv.gz
Octopus,KQ425262:-:63008:70787,54442,yes,train,KQ425262,69522,-,166,0.2459016393442623,Octopus_prebalancing.csv.gz
Octopus,KQ425131:-:97410:99923,53814,no,train,KQ425131,99960,-,32,0,Octopus_prebalancing.csv.gz
Octopus,KQ418328:-:252137:255667,22559,no,train,KQ418328,254999,-,60,0,Octopus_prebalancing.csv.gz
Octopus,KQ420639:-:761470:762620,35338,no,train,KQ420639,762508,-,146,0,Octopus_prebalancing.csv.gz
Octopus,KQ422658:+:192535:194721,46214,yes,train,KQ422658,192892,+,62,0.68,Octopus_prebalancing.csv.gz
Octopus,KQ423069:+:40459:43239,47677,no,train,KQ423069,42517,+,592,0,Octopus_prebalancing.csv.gz
Octopus,KQ420690:-:106079:111818,36075,yes,train,KQ420690,107230,-,182,0.879472693032015,Octopus_prebalancing.csv.gz
Octopus,KQ418545:+:60899:66262,24486,no,train,KQ418545,61336,+,143,0,Octopus_prebalancing.csv.gz
Octopus,KQ415827:+:58324:68210,1865,no,train,KQ415827,59721,+,5,0,Octopus_prebalancing.csv.gz
Octopus,KQ421042:+:166510:169239,38596,no,train,KQ421042,168286,+,180,0,Octopus_prebalancing.csv.gz
Octopus,KQ417497:-:841461:844909,15402,yes,train,KQ417497,844679,-,11,0.6041275797373359,Octopus_prebalancing.csv.gz
Octopus,KQ415684:+:1795785:1804292,809,yes,train,KQ415684,1803157,+,285,0.2909090909090909,Octopus_prebalancing.csv.gz
Octopus,KQ421656:-:287924:292121,41809,yes,train,KQ421656,289981,-,200,0.3644067796610169,Octopus_prebalancing.csv.gz
Octopus,KQ418741:-:126757:127904,25359,no,train,KQ418741,127602,-,55,0,Octopus_prebalancing.csv.gz
Octopus,KQ416738:+:179376:181420,9978,yes,train,KQ416738,181190,+,7,0.1511627906976744,Octopus_prebalancing.csv.gz
Octopus,KQ421078:+:255142:259013,38721,yes,train,KQ421078,255632,+,157,0.6697247706422018,Octopus_prebalancing.csv.gz
Octopus,KQ416719:-:823120:824259,9857,no,train,KQ416719,823332,-,196,0,Octopus_prebalancing.csv.gz
Octopus,KQ417851:+:581475:582766,18191,no,train,KQ417851,581451,+,2,0,Octopus_prebalancing.csv.gz
Octopus,KQ420488:-:111130:114963,34656,no,train,KQ420488,111475,-,211,0,Octopus_prebalancing.csv.gz
Octopus,KQ419413:-:54882:56621,28957,yes,train,KQ419413,55872,-,56,0.8169014084507042,Octopus_prebalancing.csv.gz
Octopus,KQ415854:+:99135:104952,2165,no,train,KQ415854,104946,+,253,0,Octopus_prebalancing.csv.gz
Octopus,KQ425758:+:17266:20569,55774,yes,train,KQ425758,18990,+,240,0.9318181818181818,Octopus_prebalancing.csv.gz
Octopus,KQ417678:-:52261:52558,16826,yes,train,KQ417678,52318,-,240,0.2067307692307692,Octopus_prebalancing.csv.gz
Octopus,KQ419098:-:224612:226065,27085,no,train,KQ419098,225764,-,140,0,Octopus_prebalancing.csv.gz
Octopus,KQ415659:+:531021:534837,2,no,train,KQ415659,531567,+,3,0,Octopus_prebalancing.csv.gz
Octopus,KQ422658:-:262328:262919,46366,no,train,KQ422658,262785,-,10,0,Octopus_prebalancing.csv.gz
Octopus,KQ420059:+:435878:444482,31692,yes,train,KQ420059,435982,+,141,0.7560975609756098,Octopus_prebalancing.csv.gz
Octopus,KQ423069:+:40459:43239,47676,no,train,KQ423069,42510,+,585,0,Octopus_prebalancing.csv.gz
Octopus,KQ417417:-:216243:216577,15071,yes,train,KQ417417,216263,-,182,0.4233128834355828,Octopus_prebalancing.csv.gz
Octopus,KQ419500:+:684975:695320,29388,no,train,KQ419500,687157,+,260,0,Octopus_prebalancing.csv.gz
Octopus,KQ428118:-:8307:9238,60000,no,train,KQ428118,9108,-,142,0,Octopus_prebalancing.csv.gz
Octopus,KQ421143:+:354283:363501,39300,yes,train,KQ421143,360617,+,126,0.1584158415841584,Octopus_prebalancing.csv.gz
Octopus,KQ420595:+:432507:442232,35264,no,train,KQ420595,438447,+,276,0,Octopus_prebalancing.csv.gz
Octopus,KQ416197:-:1270:2182,5418,no,train,KQ416197,1829,-,133,0,Octopus_prebalancing.csv.gz
Octopus,KQ418644:+:598199:603528,25156,yes,train,KQ418644,601623,+,319,0.2051282051282051,Octopus_prebalancing.csv.gz
Octopus,KQ422889:+:586795:590174,47121,no,train,KQ422889,589575,+,240,0,Octopus_prebalancing.csv.gz
Octopus,KQ421758:-:1453493:1454390,42901,yes,train,KQ421758,1454312,-,94,0.2835276967930029,Octopus_prebalancing.csv.gz
Octopus,KQ420126:+:474219:480496,32285,no,train,KQ420126,479296,+,323,0,Octopus_prebalancing.csv.gz
Octopus,KQ421085:+:144467:144685,38750,no,train,KQ421085,144656,+,201,0,Octopus_prebalancing.csv.gz
Octopus,KQ417090:-:1525730:1527393,12076,no,train,KQ417090,1527379,-,27,0,Octopus_prebalancing.csv.gz
Octopus,KQ423384:-:323447:334825,48572,no,train,KQ423384,325922,-,25,0,Octopus_prebalancing.csv.gz
Octopus,KQ416279:-:193873:195330,6406,no,train,KQ416279,193892,-,212,0,Octopus_prebalancing.csv.gz
Octopus,KQ416087:-:494228:496857,4368,yes,train,KQ416087,495955,-,13,0.3837209302325581,Octopus_prebalancing.csv.gz
Octopus,KQ417670:+:281609:283762,16726,no,train,KQ417670,281607,+,16,0,Octopus_prebalancing.csv.gz
Octopus,KQ416986:+:205266:205714,11500,no,train,KQ416986,205735,+,242,0,Octopus_prebalancing.csv.gz
Octopus,KQ416612:+:1466743:1468899,8633,no,train,KQ416612,1468373,+,71,0,Octopus_prebalancing.csv.gz
Octopus,KQ416811:+:273090:273937,10660,yes,train,KQ416811,273553,+,78,0.7651006711409396,Octopus_prebalancing.csv.gz
Octopus,KQ430069:+:5459:6074,61748,no,train,KQ430069,6087,+,235,0,Octopus_prebalancing.csv.gz
Octopus,KQ431041:-:72960:75607,62769,no,train,KQ431041,74761,-,100,0,Octopus_prebalancing.csv.gz
Octopus,KQ423780:-:930629:943739,50463,no,train,KQ423780,939128,-,147,0,Octopus_prebalancing.csv.gz
Octopus,KQ416478:-:33961:35095,7561,yes,train,KQ416478,34966,-,137,0.218978102189781,Octopus_prebalancing.csv.gz
Octopus,KQ420660:+:206788:209565,35619,yes,train,KQ420660,207949,+,474,0.3818897637795275,Octopus_prebalancing.csv.gz
Octopus,KQ420942:+:253753:260737,37868,no,train,KQ420942,254818,+,55,0,Octopus_prebalancing.csv.gz
Octopus,KQ420348:-:79805:80375,33706,no,train,KQ420348,79861,-,293,0,Octopus_prebalancing.csv.gz
Octopus,KQ415841:-:345434:348457,2005,no,train,KQ415841,347510,-,148,0,Octopus_prebalancing.csv.gz
Octopus,KQ418433:+:243912:249954,23633,no,train,KQ418433,247743,+,239,0,Octopus_prebalancing.csv.gz
Octopus,KQ419500:+:684975:695320,29384,no,train,KQ419500,687141,+,244,0,Octopus_prebalancing.csv.gz
Octopus,KQ425538:-:3678:20206,55290,yes,train,KQ425538,17002,-,280,0.6666666666666666,Octopus_prebalancing.csv.gz
Octopus,KQ416499:-:257027:258284,7731,no,train,KQ416499,257357,-,142,0,Octopus_prebalancing.csv.gz
Octopus,KQ419743:+:60073:75818,30257,yes,train,KQ419743,75674,+,264,0.5596330275229358,Octopus_prebalancing.csv.gz
Octopus,KQ418535:-:294754:296669,24391,no,train,KQ418535,294861,-,155,0,Octopus_prebalancing.csv.gz
Octopus,KQ419366:+:211929:213548,28542,yes,train,KQ419366,213530,+,284,0.2102272727272727,Octopus_prebalancing.csv.gz
Octopus,KQ425412:-:23488:31286,54815,no,train,KQ425412,23800,-,199,0,Octopus_prebalancing.csv.gz
Octopus,KQ419577:-:319986:321103,29792,no,train,KQ419577,320651,-,154,0,Octopus_prebalancing.csv.gz
Octopus,KQ416194:-:389223:393444,5332,no,train,KQ416194,389316,-,176,0,Octopus_prebalancing.csv.gz
Octopus,KQ416582:+:69166:70237,8188,yes,train,KQ416582,70122,+,154,0.5180608365019012,Octopus_prebalancing.csv.gz
Octopus,KQ431041:-:72960:75607,62737,no,train,KQ431041,74525,-,226,0,Octopus_prebalancing.csv.gz
Octopus,KQ423631:-:133207:139083,50008,no,train,KQ423631,137969,-,244,0,Octopus_prebalancing.csv.gz
Octopus,KQ429763:+:224888:229203,61477,no,train,KQ429763,224878,+,101,0,Octopus_prebalancing.csv.gz
Octopus,KQ430572:-:129875:131303,62218,no,train,KQ430572,131241,-,360,0,Octopus_prebalancing.csv.gz
Octopus,KQ431895:+:3872:10596,63173,yes,train,KQ431895,10213,+,625,0.23125,Octopus_prebalancing.csv.gz
Octopus,KQ417379:+:13062:14141,14750,yes,train,KQ417379,13096,+,47,0.437125748502994,Octopus_prebalancing.csv.gz
Octopus,KQ420992:-:72392:77664,38371,yes,train,KQ420992,76738,-,9,0.2018779342723004,Octopus_prebalancing.csv.gz
Octopus,KQ425131:-:97410:99923,53807,no,train,KQ425131,99946,-,46,0,Octopus_prebalancing.csv.gz
Octopus,KQ421638:-:32070:32852,41479,yes,train,KQ421638,32159,-,414,0.488235294117647,Octopus_prebalancing.csv.gz
Octopus,KQ422223:-:16837:20430,44560,no,train,KQ422223,19863,-,396,0,Octopus_prebalancing.csv.gz
Octopus,KQ421638:+:482367:484785,41683,no,train,KQ421638,484190,+,84,0,Octopus_prebalancing.csv.gz
Octopus,KQ420348:-:79805:80375,33685,yes,train,KQ420348,79818,-,336,0.5986394557823129,Octopus_prebalancing.csv.gz
Octopus,KQ424114:+:62091:63803,51423,yes,train,KQ424114,62333,+,184,0.1965317919075144,Octopus_prebalancing.csv.gz
Octopus,KQ421656:-:287924:292121,41740,yes,train,KQ421656,289770,-,416,0.1644444444444444,Octopus_prebalancing.csv.gz
Octopus,KQ425131:-:97410:99923,53775,no,train,KQ425131,97449,-,153,0,Octopus_prebalancing.csv.gz
Octopus,KQ415768:+:611061:629134,1386,yes,train,KQ415768,618114,+,138,0.8598130841121495,Octopus_prebalancing.csv.gz
Octopus,KQ426567:+:210652:218594,57219,no,train,KQ426567,213216,+,371,0,Octopus_prebalancing.csv.gz
Octopus,KQ417620:-:314872:315736,15984,yes,train,KQ417620,315173,-,442,0.325,Octopus_prebalancing.csv.gz
Octopus,KQ421078:+:255142:259013,38735,yes,train,KQ421078,255679,+,204,0.4846153846153846,Octopus_prebalancing.csv.gz
Octopus,KQ430572:+:128019:128398,62091,yes,train,KQ430572,128020,+,23,0.2969187675070028,Octopus_prebalancing.csv.gz
Octopus,KQ430069:+:5459:6074,61699,yes,train,KQ430069,5866,+,76,0.2043795620437956,Octopus_prebalancing.csv.gz
Octopus,KQ421800:+:115671:129740,43045,yes,train,KQ421800,123221,+,179,0.2528647822765469,Octopus_prebalancing.csv.gz
Octopus,KQ415841:-:345434:348457,1986,no,train,KQ415841,347103,-,235,0,Octopus_prebalancing.csv.gz
Octopus,KQ416929:+:777857:781590,11130,yes,train,KQ416929,778048,+,57,0.3851590106007067,Octopus_prebalancing.csv.gz
Octopus,KQ420313:-:692964:694535,33525,no,train,KQ420313,693145,-,297,0,Octopus_prebalancing.csv.gz
Octopus,KQ419098:-:224612:226065,27005,no,train,KQ419098,225497,-,411,0,Octopus_prebalancing.csv.gz
Octopus,KQ421265:-:217835:220132,39890,no,train,KQ421265,219316,-,137,0,Octopus_prebalancing.csv.gz
Octopus,KQ415672:+:529983:538841,415,yes,train,KQ415672,537994,+,16,0.3743016759776536,Octopus_prebalancing.csv.gz
Octopus,KQ416594:-:25583:31375,8362,no,train,KQ416594,29590,-,140,0,Octopus_prebalancing.csv.gz
Octopus,KQ416955:-:484828:485261,11328,no,train,KQ416955,485248,-,41,0,Octopus_prebalancing.csv.gz
Octopus,KQ417670:+:281609:283762,16768,no,train,KQ417670,282468,+,153,0,Octopus_prebalancing.csv.gz
Octopus,KQ416616:-:2448886:2456080,8851,yes,train,KQ416616,2452937,-,244,0.4076433121019108,Octopus_prebalancing.csv.gz
Octopus,KQ420662:+:220790:222380,35689,no,train,KQ420662,221170,+,172,0,Octopus_prebalancing.csv.gz
Octopus,KQ421754:+:100818:101846,42322,no,train,KQ421754,101116,+,33,0,Octopus_prebalancing.csv.gz
Octopus,KQ417945:-:626288:629791,19047,no,train,KQ417945,629180,-,241,0,Octopus_prebalancing.csv.gz
Octopus,KQ418059:+:563471:564576,19896,no,train,KQ418059,563506,+,46,0,Octopus_prebalancing.csv.gz
Octopus,KQ425538:-:3678:20206,55348,no,train,KQ425538,17710,-,14,0,Octopus_prebalancing.csv.gz
Octopus,KQ416839:+:123127:129250,10785,no,train,KQ416839,125079,+,84,0,Octopus_prebalancing.csv.gz
Octopus,KQ420442:-:26593:27410,34320,no,train,KQ420442,26857,-,91,0,Octopus_prebalancing.csv.gz
Octopus,KQ425784:-:3323:3828,55848,no,train,KQ425784,3633,-,102,0,Octopus_prebalancing.csv.gz
Octopus,KQ422437:-:1471:5030,45435,yes,train,KQ422437,2774,-,122,0.6078028747433265,Octopus_prebalancing.csv.gz
Octopus,KQ422500:-:203047:204525,45740,yes,train,KQ422500,203552,-,322,0.5757575757575758,Octopus_prebalancing.csv.gz
Octopus,KQ422458:-:98826:101081,45572,yes,train,KQ422458,100090,-,107,0.4605263157894737,Octopus_prebalancing.csv.gz
Octopus,KQ422223:-:16837:20430,44631,yes,train,KQ422223,20269,-,176,0.7848837209302325,Octopus_prebalancing.csv.gz
Octopus,KQ417877:-:367901:377631,18286,yes,train,KQ417877,374217,-,102,0.5163043478260869,Octopus_prebalancing.csv.gz
Octopus,KQ415932:-:635916:641977,3149,yes,train,KQ415932,637023,-,483,0.2,Octopus_prebalancing.csv.gz
Octopus,KQ417147:+:190594:198342,12636,yes,train,KQ417147,193128,+,301,0.5038759689922481,Octopus_prebalancing.csv.gz
Octopus,KQ421375:-:86931:88834,40588,yes,train,KQ421375,87997,-,146,0.2028469750889679,Octopus_prebalancing.csv.gz
Octopus,KQ428115:+:154085:163627,59929,yes,train,KQ428115,156736,+,193,0.2,Octopus_prebalancing.csv.gz
Octopus,KQ421338:-:574795:575471,40072,yes,train,KQ421338,575218,-,97,0.2105263157894736,Octopus_prebalancing.csv.gz
Octopus,KQ416694:-:792688:795938,9549,yes,train,KQ416694,795693,-,264,0.5830388692579506,Octopus_prebalancing.csv.gz
Octopus,KQ422437:-:1471:5030,45443,no,train,KQ422437,2792,-,104,0,Octopus_prebalancing.csv.gz
Octopus,KQ418483:+:416342:421470,23859,no,train,KQ418483,418646,+,18,0,Octopus_prebalancing.csv.gz
Octopus,KQ420595:+:432507:442232,35269,no,train,KQ420595,438458,+,287,0,Octopus_prebalancing.csv.gz
Octopus,KQ426505:+:1446:1695,56781,yes,train,KQ426505,1549,+,140,0.6,Octopus_prebalancing.csv.gz
Octopus,KQ420017:+:341685:342236,31424,no,train,KQ420017,341792,+,58,0,Octopus_prebalancing.csv.gz
Octopus,KQ417567:-:129462:130077,15825,no,train,KQ417567,130145,-,4,0,Octopus_prebalancing.csv.gz
Octopus,KQ416839:+:123127:129250,10808,no,train,KQ416839,125166,+,171,0,Octopus_prebalancing.csv.gz
Octopus,KQ424203:-:62623:63173,51788,no,train,KQ424203,62567,-,427,0,Octopus_prebalancing.csv.gz
Octopus,KQ422794:+:191198:193984,46714,yes,train,KQ422794,191477,+,117,0.693069306930693,Octopus_prebalancing.csv.gz
Octopus,KQ418269:+:155193:156609,21995,no,train,KQ418269,156457,+,285,0,Octopus_prebalancing.csv.gz
Octopus,KQ426659:+:67219:73481,57303,no,train,KQ426659,71959,+,255,0,Octopus_prebalancing.csv.gz
Octopus,KQ425946:-:28543:30688,56104,no,train,KQ425946,30476,-,78,0,Octopus_prebalancing.csv.gz
Octopus,KQ425510:-:43575:44964,55207,yes,train,KQ425510,44679,-,14,0.987878787878788,Octopus_prebalancing.csv.gz
Octopus,KQ419904:+:185913:188166,30633,yes,train,KQ419904,187279,+,175,1,Octopus_prebalancing.csv.gz
Octopus,KQ426988:+:12305:13448,57922,no,train,KQ426988,12426,+,149,0,Octopus_prebalancing.csv.gz
Octopus,KQ430069:+:5459:6074,61746,no,train,KQ430069,6084,+,232,0,Octopus_prebalancing.csv.gz
Octopus,KQ428115:+:154085:163627,59952,yes,train,KQ428115,156804,+,261,0.5902777777777778,Octopus_prebalancing.csv.gz
Octopus,KQ419281:+:554403:559442,28097,yes,train,KQ419281,556539,+,188,0.5967741935483871,Octopus_prebalancing.csv.gz
Octopus,KQ417318:-:213492:213693,14045,no,train,KQ417318,213715,-,20,0,Octopus_prebalancing.csv.gz
Octopus,KQ421261:+:347111:347311,39815,yes,train,KQ421261,347172,+,70,1,Octopus_prebalancing.csv.gz
Octopus,KQ420270:-:30694:31959,33255,no,train,KQ420270,31910,-,64,0,Octopus_prebalancing.csv.gz
Octopus,KQ428863:+:98024:102390,61052,no,train,KQ428863,100157,+,212,0,Octopus_prebalancing.csv.gz
Octopus,KQ420696:-:253030:256282,36305,no,train,KQ420696,253181,-,337,0,Octopus_prebalancing.csv.gz
Octopus,KQ422658:-:262328:262919,46344,yes,train,KQ422658,262743,-,52,0.9261363636363636,Octopus_prebalancing.csv.gz
Octopus,KQ426312:-:18028:24376,56461,yes,train,KQ426312,20405,-,15,0.3831168831168831,Octopus_prebalancing.csv.gz
Octopus,KQ418355:-:185490:188365,22737,yes,train,KQ418355,185687,-,427,0.8461538461538461,Octopus_prebalancing.csv.gz
Octopus,KQ424745:+:14972:15648,53026,yes,train,KQ424745,15141,+,58,0.1770244821092278,Octopus_prebalancing.csv.gz
Octopus,KQ424168:+:169950:179441,51728,no,train,KQ424168,174624,+,106,0,Octopus_prebalancing.csv.gz
Octopus,KQ418420:-:72827:73422,23425,no,train,KQ418420,73324,-,115,0,Octopus_prebalancing.csv.gz
Octopus,KQ421800:+:115671:129740,43054,yes,train,KQ421800,123234,+,192,0.1511710432931156,Octopus_prebalancing.csv.gz
Octopus,KQ418576:+:292927:299323,24837,yes,train,KQ418576,299288,+,248,0.1986301369863013,Octopus_prebalancing.csv.gz
Octopus,KQ427426:+:9727:13486,59137,no,train,KQ427426,12771,+,292,0,Octopus_prebalancing.csv.gz
Octopus,KQ421593:+:127708:132553,41368,yes,train,KQ421593,129774,+,11,0.7647058823529411,Octopus_prebalancing.csv.gz
Octopus,KQ418459:+:176850:178358,23794,no,train,KQ418459,177634,+,169,0,Octopus_prebalancing.csv.gz
Octopus,KQ415659:+:531021:534837,55,no,train,KQ415659,531956,+,174,0,Octopus_prebalancing.csv.gz
Octopus,KQ418443:-:17588:18968,23647,yes,train,KQ418443,17680,-,439,0.5826086956521739,Octopus_prebalancing.csv.gz
Octopus,KQ415854:+:99135:104952,2162,no,train,KQ415854,104943,+,250,0,Octopus_prebalancing.csv.gz
Octopus,KQ420261:+:1151455:1153527,33073,no,train,KQ420261,1153451,+,381,0,Octopus_prebalancing.csv.gz
Octopus,KQ425412:-:23488:31286,54787,no,train,KQ425412,23703,-,296,0,Octopus_prebalancing.csv.gz
Octopus,KQ424659:+:227171:231163,52816,no,train,KQ424659,230907,+,216,0,Octopus_prebalancing.csv.gz
Octopus,KQ420909:-:58461:62439,37618,yes,train,KQ420909,61337,-,15,0.424390243902439,Octopus_prebalancing.csv.gz
Octopus,KQ418059:+:563471:564576,19949,yes,train,KQ418059,563790,+,193,0.3463414634146341,Octopus_prebalancing.csv.gz
Octopus,KQ418637:+:214713:218948,25035,no,train,KQ418637,217713,+,192,0,Octopus_prebalancing.csv.gz
Octopus,KQ419039:-:20865:22420,26721,no,train,KQ419039,21915,-,231,0,Octopus_prebalancing.csv.gz
Octopus,KQ420442:-:26593:27410,34289,no,train,KQ420442,26752,-,195,0,Octopus_prebalancing.csv.gz
Octopus,KQ430226:+:39098:42554,61899,yes,train,KQ430226,39347,+,128,0.2984496124031007,Octopus_prebalancing.csv.gz
Octopus,KQ430889:-:120538:121611,62497,yes,train,KQ430889,120949,-,426,0.9413092550790068,Octopus_prebalancing.csv.gz
Octopus,KQ415684:+:1795785:1804292,783,yes,train,KQ415684,1803091,+,219,0.3478260869565217,Octopus_prebalancing.csv.gz
Octopus,KQ418636:+:32090:35874,24955,no,train,KQ418636,34814,+,129,0,Octopus_prebalancing.csv.gz
Octopus,KQ433339:+:27883:36851,63795,yes,train,KQ433339,28100,+,43,0.1902834008097166,Octopus_prebalancing.csv.gz
Octopus,KQ420080:+:468005:470274,31806,no,train,KQ420080,468797,+,168,0,Octopus_prebalancing.csv.gz
Octopus,KQ422738:-:37291:40054,46542,yes,train,KQ422738,38934,-,159,0.9005524861878453,Octopus_prebalancing.csv.gz
Octopus,KQ420909:-:58461:62439,37590,yes,train,KQ420909,61196,-,156,0.5700483091787439,Octopus_prebalancing.csv.gz
Octopus,KQ425492:+:127950:131947,55029,no,train,KQ425492,128008,+,144,0,Octopus_prebalancing.csv.gz
Octopus,KQ417318:-:474342:477099,14145,yes,train,KQ417318,476900,-,132,0.9455676516329704,Octopus_prebalancing.csv.gz
Octopus,KQ420126:+:474219:480496,32230,no,train,KQ420126,479042,+,147,0,Octopus_prebalancing.csv.gz
Octopus,KQ416705:+:1130706:1133458,9729,yes,train,KQ416705,1130899,+,230,0.4180327868852459,Octopus_prebalancing.csv.gz
Octopus,KQ417645:+:341394:346353,16454,yes,train,KQ417645,345029,+,27,0.3494809688581315,Octopus_prebalancing.csv.gz
Octopus,KQ419895:-:32039:34241,30543,no,train,KQ419895,33146,-,248,0,Octopus_prebalancing.csv.gz
Octopus,KQ417623:+:62387:68207,16285,yes,train,KQ417623,63790,+,226,1,Octopus_prebalancing.csv.gz
Octopus,KQ415916:+:257044:260762,2916,yes,train,KQ415916,257204,+,193,0.9664804469273744,Octopus_prebalancing.csv.gz
Octopus,KQ425262:+:23720:24872,54301,yes,train,KQ425262,24492,+,84,0.9906542056074766,Octopus_prebalancing.csv.gz
Octopus,KQ427431:+:37400:37546,59185,no,train,KQ427431,37533,+,197,0,Octopus_prebalancing.csv.gz
Octopus,KQ421656:-:287924:292121,41762,yes,train,KQ421656,289820,-,366,0.3796992481203007,Octopus_prebalancing.csv.gz
Octopus,KQ421042:+:166510:169239,38549,no,train,KQ421042,168065,+,28,0,Octopus_prebalancing.csv.gz
Octopus,KQ417012:-:62616:66743,11676,no,train,KQ417012,62594,-,219,0,Octopus_prebalancing.csv.gz
Octopus,KQ418059:+:563471:564576,19901,yes,train,KQ418059,563513,+,53,0.1643835616438356,Octopus_prebalancing.csv.gz
Octopus,KQ416124:+:327085:328418,4585,yes,train,KQ416124,327526,+,322,0.5883458646616542,Octopus_prebalancing.csv.gz
Octopus,KQ423014:-:35418:36161,47384,yes,train,KQ423014,35556,-,368,0.3395348837209302,Octopus_prebalancing.csv.gz
Octopus,KQ421638:+:482367:484785,41712,no,train,KQ421638,484287,+,187,0,Octopus_prebalancing.csv.gz
Octopus,KQ420126:+:474219:480496,32255,no,train,KQ420126,479125,+,230,0,Octopus_prebalancing.csv.gz
Octopus,KQ427700:-:77255:85328,59367,yes,train,KQ427700,78735,-,223,0.25,Octopus_prebalancing.csv.gz
Octopus,KQ416124:+:327085:328418,4571,no,train,KQ416124,327484,+,280,0,Octopus_prebalancing.csv.gz
Octopus,KQ418900:-:420808:421676,26358,no,train,KQ418900,421214,-,155,0,Octopus_prebalancing.csv.gz
Octopus,KQ417245:+:359507:360722,13284,yes,train,KQ417245,360205,+,604,0.7051282051282052,Octopus_prebalancing.csv.gz
Octopus,KQ421593:+:127708:132553,41369,yes,train,KQ421593,129777,+,14,0.4629629629629629,Octopus_prebalancing.csv.gz
Octopus,KQ425066:-:282179:287501,53547,yes,train,KQ425066,285926,-,153,0.9709302325581396,Octopus_prebalancing.csv.gz
Octopus,KQ418900:-:120417:121639,26298,yes,train,KQ418900,121456,-,168,0.1653225806451612,Octopus_prebalancing.csv.gz
Octopus,KQ416962:-:125883:126682,11424,yes,train,KQ416962,126554,-,56,0.6178861788617886,Octopus_prebalancing.csv.gz
Octopus,KQ418431:-:1036370:1040092,23533,no,train,KQ418431,1037683,-,246,0,Octopus_prebalancing.csv.gz
Octopus,KQ417147:+:190594:198342,12626,yes,train,KQ417147,193083,+,256,0.8095238095238095,Octopus_prebalancing.csv.gz
Octopus,KQ417540:+:31885:32817,15638,no,train,KQ417540,31794,+,46,0,Octopus_prebalancing.csv.gz
Octopus,KQ419333:-:48712:50653,28398,yes,train,KQ419333,48957,-,288,0.5641272902603665,Octopus_prebalancing.csv.gz
Octopus,KQ417147:+:190594:198342,12612,no,train,KQ417147,193043,+,216,0,Octopus_prebalancing.csv.gz
Octopus,KQ416694:-:792688:795938,9636,no,train,KQ416694,795936,-,15,0,Octopus_prebalancing.csv.gz
Octopus,KQ417763:+:397070:401152,17456,yes,train,KQ417763,400715,+,141,0.3037037037037037,Octopus_prebalancing.csv.gz
Octopus,KQ418580:+:701924:705836,24890,no,train,KQ418580,703406,+,230,0,Octopus_prebalancing.csv.gz
Octopus,KQ423509:-:57830:68774,49199,yes,train,KQ423509,62608,-,28,0.9069767441860463,Octopus_prebalancing.csv.gz
Octopus,KQ422263:-:237976:240872,45041,yes,train,KQ422263,238247,-,202,0.2779552715654952,Octopus_prebalancing.csv.gz
Octopus,KQ421042:+:166510:169239,38598,no,train,KQ421042,168290,+,184,0,Octopus_prebalancing.csv.gz
Octopus,KQ423574:-:83008:86955,49738,no,train,KQ423574,83203,-,156,0,Octopus_prebalancing.csv.gz
Octopus,KQ423069:+:40459:43239,47495,yes,train,KQ423069,41980,+,52,0.7001034126163392,Octopus_prebalancing.csv.gz
Octopus,KQ433339:+:27883:36851,63806,yes,train,KQ433339,28126,+,69,0.5296610169491526,Octopus_prebalancing.csv.gz
Octopus,KQ422777:+:281544:283547,46629,yes,train,KQ422777,283445,+,201,0.158273381294964,Octopus_prebalancing.csv.gz
Octopus,KQ425655:-:319821:321341,55676,yes,train,KQ425655,320987,-,127,0.3834196891191709,Octopus_prebalancing.csv.gz
Octopus,KQ425188:-:155463:161972,53967,yes,train,KQ425188,161321,-,40,0.3079365079365079,Octopus_prebalancing.csv.gz
Octopus,KQ417931:+:57253:58998,18848,no,train,KQ417931,59002,+,207,0,Octopus_prebalancing.csv.gz
Octopus,KQ420796:-:186152:188342,36796,no,train,KQ420796,187228,-,228,0,Octopus_prebalancing.csv.gz
Octopus,KQ415873:+:120365:136981,2397,yes,train,KQ415873,120799,+,75,0.212037037037037,Octopus_prebalancing.csv.gz
Octopus,KQ423550:+:18573:19792,49628,yes,train,KQ423550,19549,+,22,0.1961206896551724,Octopus_prebalancing.csv.gz
Octopus,KQ432038:+:338791:339606,63356,yes,train,KQ432038,339238,+,136,0.4172185430463576,Octopus_prebalancing.csv.gz
Octopus,KQ420909:-:58461:62439,37527,yes,train,KQ420909,60993,-,365,0.9302325581395348,Octopus_prebalancing.csv.gz
Octopus,KQ421117:-:1800705:1801920,39124,no,train,KQ421117,1801177,-,191,0,Octopus_prebalancing.csv.gz
Octopus,KQ425000:-:95535:96095,53284,no,train,KQ425000,95550,-,191,0,Octopus_prebalancing.csv.gz
Octopus,KQ418900:-:420808:421676,26370,no,train,KQ418900,421252,-,117,0,Octopus_prebalancing.csv.gz
Octopus,KQ417233:+:10478:14651,12852,yes,train,KQ417233,11205,+,139,0.6,Octopus_prebalancing.csv.gz
Octopus,KQ418190:+:14761:17774,21243,yes,train,KQ418190,17295,+,123,0.4108635097493036,Octopus_prebalancing.csv.gz
Octopus,KQ423509:-:57830:68774,49137,yes,train,KQ423509,62286,-,265,0.1619047619047619,Octopus_prebalancing.csv.gz
Octopus,KQ415722:+:39339:39606,1199,no,train,KQ415722,39363,+,39,0,Octopus_prebalancing.csv.gz
Octopus,KQ420442:-:26593:27410,34288,no,train,KQ420442,26751,-,196,0,Octopus_prebalancing.csv.gz
Octopus,KQ421821:+:302229:315362,43266,no,train,KQ421821,313802,+,211,0,Octopus_prebalancing.csv.gz
Octopus,KQ426505:+:1446:1695,56803,no,train,KQ426505,1624,+,215,0,Octopus_prebalancing.csv.gz
Octopus,KQ417303:-:32605:35670,13958,yes,train,KQ417303,33837,-,107,0.6144278606965174,Octopus_prebalancing.csv.gz
Octopus,KQ427059:-:274873:282821,58399,yes,train,KQ427059,280740,-,203,0.1664190193164933,Octopus_prebalancing.csv.gz
Octopus,KQ426659:+:67219:73481,57324,no,train,KQ426659,72082,+,378,0,Octopus_prebalancing.csv.gz
Octopus,KQ415907:+:346698:348754,2763,yes,train,KQ415907,348515,+,246,0.2486187845303867,Octopus_prebalancing.csv.gz
Octopus,KQ416678:-:507714:508728,9319,no,train,KQ416678,507974,-,172,0,Octopus_prebalancing.csv.gz
Octopus,KQ427587:+:206953:208278,59240,yes,train,KQ427587,208130,+,95,0.2377358490566037,Octopus_prebalancing.csv.gz
Octopus,KQ423591:-:158064:163878,49805,yes,train,KQ423591,159342,-,187,0.2167300380228136,Octopus_prebalancing.csv.gz
Octopus,KQ420796:-:186152:188342,36866,no,train,KQ420796,187672,-,2,0,Octopus_prebalancing.csv.gz
Octopus,KQ417701:-:269740:272982,17026,yes,train,KQ417701,269826,-,270,0.1809523809523809,Octopus_prebalancing.csv.gz
Octopus,KQ417917:+:343392:344664,18696,yes,train,KQ417917,344641,+,280,0.76,Octopus_prebalancing.csv.gz
Octopus,KQ423846:+:124969:125801,50794,no,train,KQ423846,124986,+,45,0,Octopus_prebalancing.csv.gz
Octopus,KQ416616:-:2448886:2456080,8871,yes,train,KQ416616,2453000,-,181,0.8466666666666667,Octopus_prebalancing.csv.gz
Octopus,KQ416002:+:145389:145843,3942,yes,train,KQ416002,145399,+,19,0.3224043715846995,Octopus_prebalancing.csv.gz
Octopus,KQ432252:+:241773:242193,63506,no,train,KQ432252,242031,+,215,0,Octopus_prebalancing.csv.gz
Octopus,KQ427426:+:9727:13486,59105,no,train,KQ427426,12690,+,211,0,Octopus_prebalancing.csv.gz
Octopus,KQ420639:-:761470:762620,35323,no,train,KQ420639,762467,-,187,0,Octopus_prebalancing.csv.gz
Octopus,KQ416582:+:69166:70237,8195,yes,train,KQ416582,70158,+,190,0.5218554861730598,Octopus_prebalancing.csv.gz
Octopus,KQ418443:-:17588:18968,23643,yes,train,KQ418443,17673,-,446,0.7075471698113207,Octopus_prebalancing.csv.gz
Octopus,KQ420877:-:1840:10211,37321,yes,train,KQ420877,10185,-,38,0.2277227722772277,Octopus_prebalancing.csv.gz
Octopus,KQ422263:-:237976:240872,45031,yes,train,KQ422263,238222,-,227,0.9453125,Octopus_prebalancing.csv.gz
Octopus,KQ415674:-:864176:867443,536,no,train,KQ415674,864652,-,302,0,Octopus_prebalancing.csv.gz
Octopus,KQ416602:+:583030:590328,8463,yes,train,KQ416602,588007,+,96,0.3515151515151515,Octopus_prebalancing.csv.gz
Octopus,KQ416454:-:22401:23502,7378,no,train,KQ416454,23036,-,131,0,Octopus_prebalancing.csv.gz
Octopus,KQ417911:+:922659:922975,18581,no,train,KQ417911,922922,+,247,0,Octopus_prebalancing.csv.gz
Octopus,KQ415854:+:99135:104952,2151,yes,train,KQ415854,104897,+,204,0.1532258064516129,Octopus_prebalancing.csv.gz
Octopus,KQ420639:-:761470:762620,35376,yes,train,KQ420639,762620,-,27,0.5691318327974276,Octopus_prebalancing.csv.gz
Octopus,KQ418433:+:243912:249954,23618,no,train,KQ418433,247701,+,197,0,Octopus_prebalancing.csv.gz
Octopus,KQ416684:-:407347:407907,9497,yes,train,KQ416684,407416,-,157,0.292079207920792,Octopus_prebalancing.csv.gz
Octopus,KQ421411:+:481404:484595,40856,yes,train,KQ421411,484071,+,75,1,Octopus_prebalancing.csv.gz
Octopus,KQ432038:+:338791:339606,63347,no,train,KQ432038,338947,+,95,0,Octopus_prebalancing.csv.gz
Octopus,KQ427095:+:93081:95140,58584,no,train,KQ427095,94659,+,196,0,Octopus_prebalancing.csv.gz
Octopus,KQ419395:+:135166:136256,28681,no,train,KQ419395,135461,+,232,0,Octopus_prebalancing.csv.gz
Octopus,KQ421078:+:255142:259013,38723,yes,train,KQ421078,255639,+,164,0.9203539823008848,Octopus_prebalancing.csv.gz
Octopus,KQ418475:+:151074:154011,23834,yes,train,KQ418475,151636,+,110,0.8666666666666667,Octopus_prebalancing.csv.gz
Octopus,KQ416399:-:386544:387746,7078,no,train,KQ416399,387553,-,202,0,Octopus_prebalancing.csv.gz
Octopus,KQ419098:-:224612:226065,27046,no,train,KQ419098,225637,-,271,0,Octopus_prebalancing.csv.gz
Octopus,KQ416040:+:502414:503677,4172,no,train,KQ416040,503159,+,217,0,Octopus_prebalancing.csv.gz
Octopus,KQ417318:-:213492:213693,14035,no,train,KQ417318,213692,-,43,0,Octopus_prebalancing.csv.gz
Octopus,KQ424203:-:62623:63173,51858,yes,train,KQ424203,62669,-,325,0.581081081081081,Octopus_prebalancing.csv.gz
Octopus,KQ428371:-:65206:71009,60171,yes,train,KQ428371,70116,-,291,0.43,Octopus_prebalancing.csv.gz
Octopus,KQ420660:-:87245:89350,35448,no,train,KQ420660,88963,-,352,0,Octopus_prebalancing.csv.gz
Octopus,KQ420117:+:1509985:1514039,32085,yes,train,KQ420117,1510350,+,288,0.1728880157170923,Octopus_prebalancing.csv.gz
Octopus,KQ416681:+:123800:125409,9388,yes,train,KQ416681,125058,+,82,0.7719298245614035,Octopus_prebalancing.csv.gz
Octopus,KQ419300:-:740355:741888,28205,yes,train,KQ419300,740933,-,43,0.5036496350364964,Octopus_prebalancing.csv.gz
Octopus,KQ417300:+:2429385:2432147,13754,yes,train,KQ417300,2430147,+,47,0.8596491228070176,Octopus_prebalancing.csv.gz
Octopus,KQ425067:-:59117:68620,53590,yes,train,KQ425067,60725,-,523,0.5040650406504065,Octopus_prebalancing.csv.gz
Octopus,KQ417701:-:269740:272982,17013,no,train,KQ417701,269780,-,316,0,Octopus_prebalancing.csv.gz
Octopus,KQ420299:-:531133:532105,33325,yes,train,KQ420299,532083,-,10,0.2905982905982906,Octopus_prebalancing.csv.gz
Octopus,KQ418094:-:30300:36557,20284,yes,train,KQ418094,31062,-,317,0.4851485148514851,Octopus_prebalancing.csv.gz
Octopus,KQ422223:-:16837:20430,44606,no,train,KQ422223,19989,-,270,0,Octopus_prebalancing.csv.gz
Octopus,KQ425262:+:23720:24872,54310,no,train,KQ425262,24516,+,108,0,Octopus_prebalancing.csv.gz
Octopus,KQ421821:-:123302:127577,43252,no,train,KQ421821,125486,-,197,0,Octopus_prebalancing.csv.gz
Octopus,KQ416616:+:2452476:2453097,8793,no,train,KQ416616,2452586,+,243,0,Octopus_prebalancing.csv.gz
Octopus,KQ418355:-:185490:188365,22744,yes,train,KQ418355,185699,-,415,0.7446808510638298,Octopus_prebalancing.csv.gz
Octopus,KQ428115:+:154085:163627,59958,yes,train,KQ428115,156813,+,270,0.3466666666666667,Octopus_prebalancing.csv.gz
Octopus,KQ417112:-:598933:605464,12288,yes,train,KQ417112,604175,-,525,0.1862595419847328,Octopus_prebalancing.csv.gz
Octopus,KQ421261:+:347111:347311,39794,no,train,KQ421261,347105,+,3,0,Octopus_prebalancing.csv.gz
Octopus,KQ415804:-:490764:497803,1835,yes,train,KQ415804,490959,-,81,0.6265060240963856,Octopus_prebalancing.csv.gz
Octopus,KQ419175:-:3377:3779,27454,no,train,KQ419175,3578,-,149,0,Octopus_prebalancing.csv.gz
Octopus,KQ416594:-:25583:31375,8331,yes,train,KQ416594,29480,-,255,0.6396396396396397,Octopus_prebalancing.csv.gz
Octopus,KQ419175:-:3377:3779,27469,no,train,KQ419175,3743,-,89,0,Octopus_prebalancing.csv.gz
Octopus,KQ426791:-:413779:417331,57452,no,train,KQ426791,414332,-,165,0,Octopus_prebalancing.csv.gz
Octopus,KQ423780:-:930629:943739,50518,no,train,KQ423780,939252,-,23,0,Octopus_prebalancing.csv.gz
Octopus,KQ415873:+:120365:136981,2507,yes,train,KQ415873,123173,+,379,0.3377403846153846,Octopus_prebalancing.csv.gz
Octopus,KQ422024:+:84140:87335,43797,no,train,KQ422024,84257,+,143,0,Octopus_prebalancing.csv.gz
Octopus,KQ420348:-:79805:80375,33677,no,train,KQ420348,79801,-,353,0,Octopus_prebalancing.csv.gz
Octopus,KQ417245:+:359507:360722,13158,yes,train,KQ417245,359686,+,189,0.9083333333333332,Octopus_prebalancing.csv.gz
Octopus,KQ418741:-:126757:127904,25348,no,train,KQ418741,127572,-,85,0,Octopus_prebalancing.csv.gz
Octopus,KQ417917:-:145066:150944,18640,yes,train,KQ417917,147116,-,314,0.8773584905660378,Octopus_prebalancing.csv.gz
Octopus,KQ425510:-:43575:44964,55204,no,train,KQ425510,44666,-,27,0,Octopus_prebalancing.csv.gz
Octopus,KQ420409:-:382365:396926,33881,yes,train,KQ420409,386336,-,344,0.1756756756756756,Octopus_prebalancing.csv.gz
Octopus,KQ418900:-:120417:121639,26282,yes,train,KQ418900,121410,-,214,0.2277992277992278,Octopus_prebalancing.csv.gz
Octopus,KQ427011:+:44729:52161,58138,yes,train,KQ427011,48099,+,16,0.4941634241245136,Octopus_prebalancing.csv.gz
Octopus,KQ422211:-:118854:119123,44472,no,train,KQ422211,119013,-,123,0,Octopus_prebalancing.csv.gz
Octopus,KQ425067:-:59117:68620,53738,no,train,KQ425067,64375,-,14,0,Octopus_prebalancing.csv.gz
Octopus,KQ420593:-:2370:9432,35056,yes,train,KQ420593,2623,-,210,0.7170900692840647,Octopus_prebalancing.csv.gz
Octopus,KQ417318:-:213492:213693,14040,no,train,KQ417318,213704,-,31,0,Octopus_prebalancing.csv.gz
Octopus,KQ433284:-:17319:18995,63687,yes,train,KQ433284,18479,-,258,0.5380794701986755,Octopus_prebalancing.csv.gz
Octopus,KQ419203:-:39965:40712,27850,no,train,KQ419203,40473,-,247,0,Octopus_prebalancing.csv.gz
Octopus,KQ420902:-:23907:28446,37453,yes,train,KQ420902,25072,-,276,0.9319727891156464,Octopus_prebalancing.csv.gz
Octopus,KQ417012:-:62616:66743,11696,no,train,KQ417012,62658,-,155,0,Octopus_prebalancing.csv.gz
Octopus,KQ423507:-:29672:30101,49099,yes,train,KQ423507,29888,-,195,0.6333333333333333,Octopus_prebalancing.csv.gz
Octopus,KQ416175:+:888719:895874,4883,no,train,KQ416175,889857,+,22,0,Octopus_prebalancing.csv.gz
Octopus,KQ417917:+:343392:344664,18693,yes,train,KQ417917,344627,+,266,0.5617977528089888,Octopus_prebalancing.csv.gz
Octopus,KQ420877:-:1840:10211,37326,yes,train,KQ420877,10196,-,27,0.4488188976377952,Octopus_prebalancing.csv.gz
Octopus,KQ428492:-:1282:4024,60393,no,train,KQ428492,2730,-,224,0,Octopus_prebalancing.csv.gz
Octopus,KQ419648:+:147236:149270,30154,no,train,KQ419648,149248,+,167,0,Octopus_prebalancing.csv.gz
Octopus,KQ420828:-:2067280:2068719,37274,no,train,KQ420828,2068665,-,87,0,Octopus_prebalancing.csv.gz
Octopus,KQ424459:-:1311477:1312774,52270,no,train,KQ424459,1311490,-,136,0,Octopus_prebalancing.csv.gz
Octopus,KQ420265:+:467471:471849,33163,no,train,KQ420265,471193,+,116,0,Octopus_prebalancing.csv.gz
Octopus,KQ423550:+:18573:19792,49640,yes,train,KQ423550,19581,+,54,0.2222222222222222,Octopus_prebalancing.csv.gz
Octopus,KQ418295:+:256001:257099,22060,yes,train,KQ418295,256287,+,85,0.1637426900584795,Octopus_prebalancing.csv.gz
Octopus,KQ430226:+:39098:42554,61920,yes,train,KQ430226,39441,+,224,0.4356435643564356,Octopus_prebalancing.csv.gz
Octopus,KQ420660:-:87245:89350,35462,yes,train,KQ420660,89069,-,246,0.3727810650887574,Octopus_prebalancing.csv.gz
Octopus,KQ424168:+:169950:179441,51743,yes,train,KQ424168,174679,+,167,0.3624161073825503,Octopus_prebalancing.csv.gz
Octopus,KQ420313:-:692964:694535,33548,no,train,KQ420313,693515,-,216,0,Octopus_prebalancing.csv.gz
Octopus,KQ418296:-:383881:384204,22170,yes,train,KQ418296,383910,-,206,0.3582089552238806,Octopus_prebalancing.csv.gz
Octopus,KQ420265:+:467471:471849,33157,no,train,KQ420265,471018,+,77,0,Octopus_prebalancing.csv.gz
Octopus,KQ415659:+:1944407:1946585,180,no,train,KQ415659,1945939,+,353,0,Octopus_prebalancing.csv.gz
Octopus,KQ418355:-:185490:188365,22765,yes,train,KQ418355,185743,-,371,0.7,Octopus_prebalancing.csv.gz
Octopus,KQ420660:-:87245:89350,35495,yes,train,KQ420660,89217,-,96,0.16,Octopus_prebalancing.csv.gz
Octopus,KQ420261:+:1151455:1153527,33065,no,train,KQ420261,1153437,+,367,0,Octopus_prebalancing.csv.gz
Octopus,KQ418520:-:135456:135922,24074,no,train,KQ418520,135830,-,23,0,Octopus_prebalancing.csv.gz
Octopus,KQ417353:-:42503:47060,14465,no,train,KQ417353,43800,-,53,0,Octopus_prebalancing.csv.gz
Octopus,KQ417300:+:2429385:2432147,13820,yes,train,KQ417300,2430401,+,292,0.7254901960784313,Octopus_prebalancing.csv.gz
Octopus,KQ417482:+:378219:384475,15230,yes,train,KQ417482,381629,+,392,0.3604651162790697,Octopus_prebalancing.csv.gz
Octopus,KQ421724:+:261169:261574,42153,no,train,KQ421724,261228,+,78,0,Octopus_prebalancing.csv.gz
Octopus,KQ417678:-:52261:52558,16836,yes,train,KQ417678,52346,-,212,0.9488636363636364,Octopus_prebalancing.csv.gz
Octopus,KQ416194:-:389223:393444,5371,yes,train,KQ416194,389828,-,59,0.2913385826771653,Octopus_prebalancing.csv.gz
Octopus,KQ416694:+:2524832:2531725,9710,no,train,KQ416694,2526092,+,233,0,Octopus_prebalancing.csv.gz
Octopus,KQ428371:-:65206:71009,60169,yes,train,KQ428371,70110,-,297,0.3457943925233644,Octopus_prebalancing.csv.gz
Octopus,KQ428109:+:9813:13964,59888,no,train,KQ428109,10844,+,125,0,Octopus_prebalancing.csv.gz
Octopus,KQ425511:+:26007:27441,55230,yes,train,KQ425511,26076,+,90,0.9903846153846154,Octopus_prebalancing.csv.gz
Octopus,KQ417354:-:61387:68824,14505,no,train,KQ417354,61712,-,161,0,Octopus_prebalancing.csv.gz
Octopus,KQ422658:-:262328:262919,46346,yes,train,KQ422658,262752,-,43,0.5283018867924528,Octopus_prebalancing.csv.gz
Octopus,KQ418483:+:416342:421470,23916,no,train,KQ418483,419463,+,205,0,Octopus_prebalancing.csv.gz
Octopus,KQ425758:+:17266:20569,55743,yes,train,KQ425758,18865,+,110,0.4288401253918495,Octopus_prebalancing.csv.gz
Octopus,KQ421638:+:482367:484785,41718,no,train,KQ421638,484300,+,200,0,Octopus_prebalancing.csv.gz
Octopus,KQ419281:+:554403:559442,28128,yes,train,KQ419281,556604,+,253,0.8363636363636363,Octopus_prebalancing.csv.gz
Octopus,KQ415768:+:611061:629134,1379,yes,train,KQ415768,618099,+,123,0.4433962264150943,Octopus_prebalancing.csv.gz
Octopus,KQ426505:-:176528:177288,57078,yes,train,KQ426505,176750,-,63,0.7699115044247787,Octopus_prebalancing.csv.gz
Octopus,KQ422521:-:282473:284879,45987,no,train,KQ422521,283707,-,195,0,Octopus_prebalancing.csv.gz
Octopus,KQ416491:+:671680:671851,7702,no,train,KQ416491,671831,+,180,0,Octopus_prebalancing.csv.gz
Octopus,KQ417796:+:458790:459137,17657,yes,train,KQ417796,458905,+,137,0.3497536945812808,Octopus_prebalancing.csv.gz
Octopus,KQ421042:+:166510:169239,38556,no,train,KQ421042,168074,+,37,0,Octopus_prebalancing.csv.gz
Octopus,KQ417911:+:922659:922975,18544,yes,train,KQ417911,922688,+,95,0.373015873015873,Octopus_prebalancing.csv.gz
Octopus,KQ416198:+:234142:234783,5495,yes,train,KQ416198,234242,+,77,0.8883357041251778,Octopus_prebalancing.csv.gz
Octopus,KQ416705:+:1130706:1133458,9726,yes,train,KQ416705,1130888,+,219,0.9590163934426228,Octopus_prebalancing.csv.gz
Octopus,KQ426505:+:1446:1695,56799,yes,train,KQ426505,1611,+,202,0.3041237113402061,Octopus_prebalancing.csv.gz
Octopus,KQ424429:+:66277:79095,52168,yes,train,KQ424429,73475,+,77,0.5734463276836158,Octopus_prebalancing.csv.gz
Octopus,KQ425188:-:53630:54936,53932,no,train,KQ425188,54297,-,17,0,Octopus_prebalancing.csv.gz
Octopus,KQ426505:-:74479:75813,56963,no,train,KQ426505,75138,-,177,0,Octopus_prebalancing.csv.gz
Octopus,KQ417245:+:359507:360722,13145,yes,train,KQ417245,359629,+,132,0.705,Octopus_prebalancing.csv.gz
Octopus,KQ418059:+:563471:564576,19974,no,train,KQ418059,563853,+,256,0,Octopus_prebalancing.csv.gz
Octopus,KQ424157:-:287351:288181,51585,yes,train,KQ424157,287382,-,336,0.71,Octopus_prebalancing.csv.gz
Octopus,KQ419175:-:3377:3779,27450,no,train,KQ419175,3563,-,164,0,Octopus_prebalancing.csv.gz
Octopus,KQ417796:+:458790:459137,17661,yes,train,KQ417796,458909,+,141,0.2740384615384615,Octopus_prebalancing.csv.gz
Octopus,KQ422738:-:37291:40054,46500,yes,train,KQ422738,38737,-,360,0.991869918699187,Octopus_prebalancing.csv.gz
Octopus,KQ418475:+:151074:154011,23848,yes,train,KQ418475,151681,+,155,0.3767123287671233,Octopus_prebalancing.csv.gz
Octopus,KQ423926:-:46014:47147,51257,yes,train,KQ423926,46196,-,201,0.2960526315789473,Octopus_prebalancing.csv.gz
Octopus,KQ423574:-:83008:86955,49754,yes,train,KQ423574,83626,-,71,0.5136476426799007,Octopus_prebalancing.csv.gz
Octopus,KQ416568:-:106474:107971,7947,no,train,KQ416568,107342,-,204,0,Octopus_prebalancing.csv.gz
Octopus,KQ419858:+:187601:189009,30504,yes,train,KQ419858,188375,+,263,0.4309927360774818,Octopus_prebalancing.csv.gz
Octopus,KQ416279:-:193873:195330,6436,no,train,KQ416279,194410,-,98,0,Octopus_prebalancing.csv.gz
Octopus,KQ423506:-:150904:151936,49086,no,train,KQ423506,151664,-,222,0,Octopus_prebalancing.csv.gz
Octopus,KQ415841:-:345434:348457,1998,no,train,KQ415841,347472,-,186,0,Octopus_prebalancing.csv.gz
Octopus,KQ425784:-:3323:3828,55836,yes,train,KQ425784,3541,-,146,0.8438735177865613,Octopus_prebalancing.csv.gz
Octopus,KQ424997:-:24557:25090,53249,no,train,KQ424997,24787,-,65,0,Octopus_prebalancing.csv.gz
Octopus,KQ419326:+:326078:326759,28285,no,train,KQ419326,326721,+,244,0,Octopus_prebalancing.csv.gz
Octopus,KQ418545:+:60899:66262,24525,no,train,KQ418545,61479,+,290,0,Octopus_prebalancing.csv.gz
Octopus,KQ419743:+:60073:75818,30250,yes,train,KQ419743,75656,+,246,0.8897058823529411,Octopus_prebalancing.csv.gz
Octopus,KQ416788:-:74481:75947,10441,yes,train,KQ416788,74911,-,176,0.6951219512195121,Octopus_prebalancing.csv.gz
Octopus,KQ416616:-:2448886:2456080,8879,yes,train,KQ416616,2453022,-,159,0.2903225806451613,Octopus_prebalancing.csv.gz
Octopus,KQ420545:+:140681:144446,34958,yes,train,KQ420545,141643,+,278,0.2709677419354839,Octopus_prebalancing.csv.gz
Octopus,KQ418535:-:294754:296669,24424,no,train,KQ418535,295028,-,55,0,Octopus_prebalancing.csv.gz
Octopus,KQ422033:-:18330:23008,44081,yes,train,KQ422033,20202,-,232,0.24,Octopus_prebalancing.csv.gz
Octopus,KQ415659:+:1944407:1946585,175,no,train,KQ415659,1945925,+,339,0,Octopus_prebalancing.csv.gz
Octopus,KQ416175:+:888719:895874,4890,no,train,KQ416175,889877,+,42,0,Octopus_prebalancing.csv.gz
Octopus,KQ420690:-:166278:172996,36240,yes,train,KQ420690,170805,-,164,0.5606060606060606,Octopus_prebalancing.csv.gz
Octopus,KQ425655:-:319821:321341,55647,yes,train,KQ425655,320929,-,185,0.6544502617801047,Octopus_prebalancing.csv.gz
Octopus,KQ415804:-:490764:497803,1836,yes,train,KQ415804,490960,-,80,0.75,Octopus_prebalancing.csv.gz
Octopus,KQ426988:+:12305:13448,57952,no,train,KQ426988,12676,+,308,0,Octopus_prebalancing.csv.gz
Octopus,KQ424476:-:16733:20188,52271,yes,train,KQ424476,19820,-,251,0.8352941176470589,Octopus_prebalancing.csv.gz
Octopus,KQ416839:+:123127:129250,10864,yes,train,KQ416839,126694,+,351,0.7647058823529411,Octopus_prebalancing.csv.gz
Octopus,KQ419921:+:87549:87971,30679,no,train,KQ419921,87643,+,101,0,Octopus_prebalancing.csv.gz
Octopus,KQ419500:+:684975:695320,29345,no,train,KQ419500,687007,+,104,0,Octopus_prebalancing.csv.gz
Octopus,KQ418576:+:292927:299323,24841,no,train,KQ418576,299324,+,284,0,Octopus_prebalancing.csv.gz
Octopus,KQ425412:-:23488:31286,54837,yes,train,KQ425412,24051,-,114,0.59375,Octopus_prebalancing.csv.gz
Octopus,KQ421853:+:890022:894608,43452,yes,train,KQ421853,894200,+,146,0.1956181533646322,Octopus_prebalancing.csv.gz
Octopus,KQ415674:-:864176:867443,553,no,train,KQ415674,864687,-,267,0,Octopus_prebalancing.csv.gz
Octopus,KQ415659:+:531021:534837,61,no,train,KQ415659,531987,+,205,0,Octopus_prebalancing.csv.gz
Octopus,KQ417497:-:841461:844909,15378,yes,train,KQ417497,844094,-,120,0.2635294117647059,Octopus_prebalancing.csv.gz
Octopus,KQ418370:+:163018:164778,23126,no,train,KQ418370,164306,+,85,0,Octopus_prebalancing.csv.gz
Octopus,KQ418194:+:2647469:2647998,21609,no,train,KQ418194,2647761,+,180,0,Octopus_prebalancing.csv.gz
Octopus,KQ423069:+:40459:43239,47682,no,train,KQ423069,42588,+,663,0,Octopus_prebalancing.csv.gz
Octopus,KQ421117:+:1266315:1274800,39037,yes,train,KQ421117,1272902,+,263,0.64,Octopus_prebalancing.csv.gz
Octopus,KQ426505:-:69232:70896,56886,yes,train,KQ426505,69668,-,209,0.2261904761904762,Octopus_prebalancing.csv.gz
Octopus,KQ418120:+:513388:519478,20537,no,train,KQ418120,518581,+,246,0,Octopus_prebalancing.csv.gz
Octopus,KQ431041:-:72960:75607,62766,no,train,KQ431041,74752,-,109,0,Octopus_prebalancing.csv.gz
Octopus,KQ420153:-:20390:23631,32697,yes,train,KQ420153,22319,-,184,0.1956521739130435,Octopus_prebalancing.csv.gz
Octopus,KQ430702:-:8638:10120,62401,yes,train,KQ430702,9095,-,352,0.492063492063492,Octopus_prebalancing.csv.gz
Octopus,KQ417319:-:108803:112920,14199,no,train,KQ417319,111547,-,143,0,Octopus_prebalancing.csv.gz
Octopus,KQ425758:+:17266:20569,55764,no,train,KQ425758,18945,+,195,0,Octopus_prebalancing.csv.gz
Octopus,KQ427174:-:5830:9422,58814,no,train,KQ427174,6567,-,319,0,Octopus_prebalancing.csv.gz
Octopus,KQ417147:+:190594:198342,12631,yes,train,KQ417147,193105,+,278,0.4836065573770491,Octopus_prebalancing.csv.gz
Octopus,KQ421217:-:75990:76821,39654,no,train,KQ421217,76293,-,248,0,Octopus_prebalancing.csv.gz
Octopus,KQ416040:+:502414:503677,4145,yes,train,KQ416040,503082,+,140,0.26522327469553453,Octopus_prebalancing.csv.gz
Octopus,KQ416681:+:123800:125409,9422,yes,train,KQ416681,125407,+,247,0.159322033898305,Octopus_prebalancing.csv.gz
Octopus,KQ417062:+:126881:128514,12003,yes,train,KQ417062,128347,+,263,0.97435897435897445,Octopus_prebalancing.csv.gz
Octopus,KQ418644:+:541431:543535,25062,yes,train,KQ418644,543095,+,117,0.2727272727272727,Octopus_prebalancing.csv.gz
Octopus,KQ423069:+:40459:43239,47691,no,train,KQ423069,42682,+,757,0,Octopus_prebalancing.csv.gz
Octopus,KQ418900:-:420808:421676,26394,no,train,KQ418900,421328,-,37,0,Octopus_prebalancing.csv.gz
Octopus,KQ421824:+:10936:13182,43294,no,train,KQ421824,12397,+,121,0,Octopus_prebalancing.csv.gz
Octopus,KQ418156:+:278001:279695,20665,yes,train,KQ418156,278737,+,207,0.1782178217821782,Octopus_prebalancing.csv.gz
Octopus,KQ417620:-:314872:315736,15957,yes,train,KQ417620,315103,-,512,0.9347826086956522,Octopus_prebalancing.csv.gz
Octopus,KQ418336:+:64516:66047,22703,no,train,KQ418336,66084,+,155,0,Octopus_prebalancing.csv.gz
Octopus,KQ416694:-:792688:795938,9571,yes,train,KQ416694,795750,-,207,0.2161172161172161,Octopus_prebalancing.csv.gz
Octopus,KQ425289:-:310152:313829,54609,yes,train,KQ425289,313299,-,79,0.416243654822335,Octopus_prebalancing.csv.gz
Octopus,KQ417877:-:367901:377631,18266,no,train,KQ417877,373939,-,179,0,Octopus_prebalancing.csv.gz
Octopus,KQ418200:+:61525:63624,21722,yes,train,KQ418200,61892,+,78,0.1677852348993288,Octopus_prebalancing.csv.gz
Octopus,KQ424157:+:280452:292949,51566,no,train,KQ424157,287301,+,2,0,Octopus_prebalancing.csv.gz
Octopus,KQ425188:-:53630:54936,53908,yes,train,KQ425188,54220,-,94,0.9722222222222222,Octopus_prebalancing.csv.gz
Octopus,KQ418739:+:750233:751167,25290,yes,train,KQ418739,750982,+,32,0.4931506849315068,Octopus_prebalancing.csv.gz
Octopus,KQ415916:+:257044:260762,2920,yes,train,KQ415916,257214,+,203,1,Octopus_prebalancing.csv.gz
Octopus,KQ415686:+:382591:392360,947,no,train,KQ415686,386540,+,165,0,Octopus_prebalancing.csv.gz
Octopus,KQ416765:+:257582:260724,10146,no,train,KQ416765,259709,+,20,0,Octopus_prebalancing.csv.gz
Octopus,KQ427174:-:5830:9422,58819,yes,train,KQ427174,6582,-,304,0.3636363636363636,Octopus_prebalancing.csv.gz
Octopus,KQ416152:+:431359:432163,4801,no,train,KQ416152,432118,+,142,0,Octopus_prebalancing.csv.gz
Octopus,KQ420130:-:858834:865504,32387,no,train,KQ420130,860316,-,167,0,Octopus_prebalancing.csv.gz
Octopus,KQ417198:+:95697:99377,12719,no,train,KQ417198,97181,+,1,0,Octopus_prebalancing.csv.gz
Octopus,KQ419577:-:319986:321103,29808,no,train,KQ419577,321072,-,86,0,Octopus_prebalancing.csv.gz
Octopus,KQ416788:-:74481:75947,10447,yes,train,KQ416788,74929,-,158,0.2406639004149377,Octopus_prebalancing.csv.gz
Octopus,KQ433284:-:17319:18995,63718,no,train,KQ433284,18562,-,175,0,Octopus_prebalancing.csv.gz
Octopus,KQ415916:+:253400:255443,2829,yes,train,KQ415916,255218,+,113,0.1861702127659574,Octopus_prebalancing.csv.gz
Octopus,KQ431895:+:3872:10596,63186,yes,train,KQ431895,10258,+,670,0.8867924528301887,Octopus_prebalancing.csv.gz
Octopus,KQ416684:-:407347:407907,9471,no,train,KQ416684,407333,-,240,0,Octopus_prebalancing.csv.gz
Octopus,KQ422595:-:182014:185348,46158,yes,train,KQ422595,183871,-,62,1,Octopus_prebalancing.csv.gz
Octopus,KQ417917:-:145066:150944,18646,yes,train,KQ417917,147148,-,282,0.3529411764705882,Octopus_prebalancing.csv.gz
Octopus,KQ417540:+:31885:32817,15683,no,train,KQ417540,31923,+,181,0,Octopus_prebalancing.csv.gz
Octopus,KQ415804:-:490764:497803,1837,yes,train,KQ415804,490966,-,74,0.9885714285714284,Octopus_prebalancing.csv.gz
Octopus,KQ416616:+:2452476:2453097,8737,no,train,KQ416616,2452405,+,62,0,Octopus_prebalancing.csv.gz
Octopus,KQ425078:-:12006:28313,53745,yes,train,KQ425078,25794,-,220,0.9655172413793104,Octopus_prebalancing.csv.gz
Octopus,KQ420313:-:692964:694535,33488,no,train,KQ420313,693016,-,426,0,Octopus_prebalancing.csv.gz
Octopus,KQ421375:-:86931:88834,40592,yes,train,KQ421375,88008,-,135,0.4320557491289198,Octopus_prebalancing.csv.gz
Octopus,KQ427059:-:52045:60905,58295,no,train,KQ427059,60458,-,124,0,Octopus_prebalancing.csv.gz
Octopus,KQ416478:-:33961:35095,7572,yes,train,KQ416478,35041,-,62,0.6073298429319371,Octopus_prebalancing.csv.gz
Octopus,KQ418240:+:141891:142491,21821,no,train,KQ418240,142083,+,139,0,Octopus_prebalancing.csv.gz
Octopus,KQ415951:+:107290:108224,3558,yes,train,KQ415951,107340,+,24,0.728,Octopus_prebalancing.csv.gz
Octopus,KQ417319:-:108803:112920,14226,no,train,KQ417319,111667,-,23,0,Octopus_prebalancing.csv.gz
Octopus,KQ415669:+:30162:32210,367,no,train,KQ415669,31454,+,247,0,Octopus_prebalancing.csv.gz
Octopus,KQ424629:+:75663:78810,52586,no,train,KQ424629,78360,+,201,0,Octopus_prebalancing.csv.gz
Octopus,KQ418269:+:155193:156609,21992,no,train,KQ418269,156429,+,257,0,Octopus_prebalancing.csv.gz
Octopus,KQ421493:-:53586:55159,41080,yes,train,KQ421493,54155,-,381,0.25,Octopus_prebalancing.csv.gz
Octopus,KQ423995:+:182446:188836,51334,no,train,KQ423995,187735,+,145,0,Octopus_prebalancing.csv.gz
Octopus,KQ417538:+:78848:83461,15548,yes,train,KQ417538,82586,+,61,0.1814595660749507,Octopus_prebalancing.csv.gz
Octopus,KQ415777:+:48820:51281,1609,yes,train,KQ415777,49674,+,343,0.8974358974358975,Octopus_prebalancing.csv.gz
Octopus,KQ421638:-:32070:32852,41572,no,train,KQ421638,32714,-,161,0,Octopus_prebalancing.csv.gz
Octopus,KQ418644:+:598199:603528,25151,no,train,KQ418644,601549,+,245,0,Octopus_prebalancing.csv.gz
Octopus,KQ416839:-:149278:151954,10941,yes,train,KQ416839,149907,-,92,0.2679738562091503,Octopus_prebalancing.csv.gz
Octopus,KQ422738:-:37291:40054,46569,yes,train,KQ422738,39026,-,67,0.3518518518518518,Octopus_prebalancing.csv.gz
Octopus,KQ418443:-:17588:18968,23684,yes,train,KQ418443,17801,-,318,0.2920353982300885,Octopus_prebalancing.csv.gz
Octopus,KQ425262:-:63008:70787,54450,no,train,KQ425262,69556,-,132,0,Octopus_prebalancing.csv.gz
Octopus,KQ415854:+:99135:104952,2146,yes,train,KQ415854,104871,+,178,0.2314049586776859,Octopus_prebalancing.csv.gz
Octopus,KQ416198:-:342313:344617,5548,no,train,KQ416198,343472,-,243,0,Octopus_prebalancing.csv.gz
Octopus,KQ416999:-:955994:958894,11508,no,train,KQ416999,957575,-,285,0,Octopus_prebalancing.csv.gz
Octopus,KQ423248:-:278570:280112,48247,no,train,KQ423248,279297,-,194,0,Octopus_prebalancing.csv.gz
Octopus,KQ426505:-:69232:70896,56856,yes,train,KQ426505,69452,-,328,0.2170900692840646,Octopus_prebalancing.csv.gz
Octopus,KQ416491:-:495583:498599,7648,no,train,KQ416491,495698,-,179,0,Octopus_prebalancing.csv.gz
Octopus,KQ420639:-:761470:762620,35355,no,train,KQ420639,762563,-,84,0,Octopus_prebalancing.csv.gz
Octopus,KQ421906:+:426581:427321,43621,no,train,KQ421906,426530,+,134,0,Octopus_prebalancing.csv.gz
Octopus,KQ428981:-:169360:173915,61209,no,train,KQ428981,172847,-,146,0,Octopus_prebalancing.csv.gz
Octopus,KQ423550:+:18573:19792,49666,no,train,KQ423550,19649,+,122,0,Octopus_prebalancing.csv.gz
Octopus,KQ421117:+:1266315:1274800,39041,yes,train,KQ421117,1273825,+,460,0.8518518518518519,Octopus_prebalancing.csv.gz
Octopus,KQ418301:+:7650:8994,22240,yes,train,KQ418301,8630,+,65,0.8712871287128713,Octopus_prebalancing.csv.gz
Octopus,KQ420442:-:26593:27410,34271,no,train,KQ420442,26700,-,247,0,Octopus_prebalancing.csv.gz
Octopus,KQ416499:-:257027:258284,7735,no,train,KQ416499,257365,-,134,0,Octopus_prebalancing.csv.gz
Octopus,KQ419098:-:224612:226065,26998,yes,train,KQ419098,225444,-,464,0.2410714285714285,Octopus_prebalancing.csv.gz
Octopus,KQ417980:+:232521:234469,19187,no,train,KQ417980,232642,+,128,0,Octopus_prebalancing.csv.gz
Octopus,KQ415722:+:39339:39606,1247,no,train,KQ415722,39546,+,229,0,Octopus_prebalancing.csv.gz
Octopus,KQ420261:+:1151455:1153527,33031,yes,train,KQ420261,1152278,+,153,0.2647058823529412,Octopus_prebalancing.csv.gz
Octopus,KQ420909:-:58461:62439,37591,yes,train,KQ420909,61199,-,153,0.3923444976076555,Octopus_prebalancing.csv.gz
Octopus,KQ421206:-:489842:494429,39543,no,train,KQ421206,492910,-,302,0,Octopus_prebalancing.csv.gz
Octopus,KQ421656:-:287924:292121,41758,yes,train,KQ421656,289809,-,377,0.1965811965811965,Octopus_prebalancing.csv.gz
Octopus,KQ430889:-:120538:121611,62478,yes,train,KQ430889,120883,-,492,0.7136627906976745,Octopus_prebalancing.csv.gz
Octopus,KQ418571:+:564763:566766,24720,no,train,KQ418571,565424,+,75,0,Octopus_prebalancing.csv.gz
Octopus,KQ422138:+:334200:339109,44293,no,train,KQ422138,336431,+,51,0,Octopus_prebalancing.csv.gz
Octopus,KQ426505:-:176528:177288,57084,yes,train,KQ426505,176764,-,49,0.5901639344262295,Octopus_prebalancing.csv.gz
Octopus,KQ423014:-:35418:36161,47395,yes,train,KQ423014,35852,-,256,0.3486238532110092,Octopus_prebalancing.csv.gz
Octopus,KQ422138:+:334200:339109,44289,no,train,KQ422138,336417,+,37,0,Octopus_prebalancing.csv.gz
Octopus,KQ416745:-:302420:302572,10096,no,train,KQ416745,302566,-,37,0,Octopus_prebalancing.csv.gz
Octopus,KQ417012:-:60820:61575,11659,no,train,KQ417012,61485,-,122,0,Octopus_prebalancing.csv.gz
Octopus,KQ420814:-:214427:225131,36988,yes,train,KQ420814,223690,-,47,0.9903846153846154,Octopus_prebalancing.csv.gz
Octopus,KQ418711:+:1001297:1002273,25251,no,train,KQ418711,1001347,+,64,0,Octopus_prebalancing.csv.gz
Octopus,KQ416612:+:1466743:1468899,8651,no,train,KQ416612,1468436,+,134,0,Octopus_prebalancing.csv.gz
Octopus,KQ417300:+:2429385:2432147,13766,yes,train,KQ417300,2430186,+,86,0.3153846153846154,Octopus_prebalancing.csv.gz
Octopus,KQ423846:+:124969:125801,50783,no,train,KQ423846,124967,+,26,0,Octopus_prebalancing.csv.gz
Octopus,KQ422263:-:237976:240872,45059,yes,train,KQ422263,238881,-,123,0.459375,Octopus_prebalancing.csv.gz
Octopus,KQ416612:+:1466743:1468899,8661,no,train,KQ416612,1468471,+,169,0,Octopus_prebalancing.csv.gz
Octopus,KQ420153:-:20390:23631,32723,yes,train,KQ420153,22468,-,88,0.8565400843881856,Octopus_prebalancing.csv.gz
Octopus,KQ423509:-:57830:68774,49164,yes,train,KQ423509,62362,-,189,0.2688172043010752,Octopus_prebalancing.csv.gz
Octopus,KQ419009:+:45447:45868,26682,yes,train,KQ419009,45564,+,205,0.1686746987951807,Octopus_prebalancing.csv.gz
Octopus,KQ422595:-:182014:185348,46094,no,train,KQ422595,183628,-,307,0,Octopus_prebalancing.csv.gz
Octopus,KQ421638:+:30744:34531,41474,yes,train,KQ421638,32149,+,100,0.98125,Octopus_prebalancing.csv.gz
Octopus,KQ416694:-:792688:795938,9586,yes,train,KQ416694,795804,-,147,0.1897810218978102,Octopus_prebalancing.csv.gz
Octopus,KQ430702:-:8638:10120,62387,yes,train,KQ430702,9025,-,422,0.97,Octopus_prebalancing.csv.gz
Octopus,KQ420428:-:122164:124440,34076,no,train,KQ420428,123541,-,209,0,Octopus_prebalancing.csv.gz
Octopus,KQ415659:+:1944407:1946585,85,yes,train,KQ415659,1944512,+,70,1,Octopus_prebalancing.csv.gz
Octopus,KQ419009:+:45447:45868,26704,no,train,KQ419009,45638,+,279,0,Octopus_prebalancing.csv.gz
Octopus,KQ417917:-:145066:150944,18668,yes,train,KQ417917,147677,-,152,0.3271028037383177,Octopus_prebalancing.csv.gz
Octopus,KQ417353:-:42503:47060,14469,yes,train,KQ417353,43808,-,45,0.40625,Octopus_prebalancing.csv.gz
Octopus,KQ423217:-:284791:286709,48126,no,train,KQ423217,286302,-,45,0,Octopus_prebalancing.csv.gz
Octopus,KQ433284:-:17319:18995,63773,yes,train,KQ433284,18729,-,19,0.150375939849624,Octopus_prebalancing.csv.gz
Octopus,KQ416616:-:2448886:2456080,8885,no,train,KQ416616,2453045,-,136,0,Octopus_prebalancing.csv.gz
Octopus,KQ419432:+:166590:169288,28972,yes,train,KQ419432,168627,+,7,0.1842105263157894,Octopus_prebalancing.csv.gz
Octopus,KQ425344:-:44324:44490,54771,no,train,KQ425344,44531,-,41,0,Octopus_prebalancing.csv.gz
Octopus,KQ415687:+:621295:623555,1012,yes,train,KQ415687,623377,+,92,0.302158273381295,Octopus_prebalancing.csv.gz
Octopus,KQ415916:+:257044:260762,2890,yes,train,KQ415916,257110,+,95,0.725,Octopus_prebalancing.csv.gz
Octopus,KQ420796:-:186152:188342,36820,yes,train,KQ420796,187290,-,166,0.511166253101737,Octopus_prebalancing.csv.gz
Octopus,KQ417303:-:32605:35670,13972,yes,train,KQ417303,33899,-,45,0.1747311827956989,Octopus_prebalancing.csv.gz
Octopus,KQ417917:-:145066:150944,18618,no,train,KQ417917,147024,-,406,0,Octopus_prebalancing.csv.gz
Octopus,KQ425188:-:53630:54936,53859,no,train,KQ425188,53771,-,244,0,Octopus_prebalancing.csv.gz
Octopus,KQ418328:+:566027:566284,22634,yes,train,KQ418328,566235,+,180,0.5128205128205128,Octopus_prebalancing.csv.gz
Octopus,KQ428118:-:8307:9238,60013,yes,train,KQ428118,9146,-,104,0.1740331491712707,Octopus_prebalancing.csv.gz
Octopus,KQ417112:-:598933:605464,12316,yes,train,KQ417112,604253,-,447,0.3080168776371308,Octopus_prebalancing.csv.gz
Octopus,KQ426505:-:69232:70896,56914,no,train,KQ426505,69784,-,93,0,Octopus_prebalancing.csv.gz
Octopus,KQ416198:+:234142:234783,5513,yes,train,KQ416198,234339,+,179,0.5990862364363221,Octopus_prebalancing.csv.gz
Octopus,KQ415775:-:404717:412300,1493,yes,train,KQ415775,411931,-,118,0.4206349206349206,Octopus_prebalancing.csv.gz
Octopus,KQ417921:+:373216:378991,18778,yes,train,KQ417921,376078,+,56,0.1984732824427481,Octopus_prebalancing.csv.gz
Octopus,KQ421117:+:1266315:1274800,38999,yes,train,KQ421117,1272718,+,79,0.6019417475728155,Octopus_prebalancing.csv.gz
Octopus,KQ417538:+:78848:83461,15559,no,train,KQ417538,82613,+,88,0,Octopus_prebalancing.csv.gz
Octopus,KQ417012:-:62616:66743,11718,no,train,KQ417012,63285,-,67,0,Octopus_prebalancing.csv.gz
Octopus,KQ420776:+:373017:378761,36736,yes,train,KQ420776,377611,+,323,0.2085365853658536,Octopus_prebalancing.csv.gz
Octopus,KQ428842:-:120425:122108,60896,yes,train,KQ428842,121781,-,54,0.1532846715328467,Octopus_prebalancing.csv.gz
Octopus,KQ432638:+:110684:118491,63557,no,train,KQ432638,116532,+,150,0,Octopus_prebalancing.csv.gz
Octopus,KQ421206:-:489842:494429,39592,no,train,KQ421206,493033,-,179,0,Octopus_prebalancing.csv.gz
Octopus,KQ420157:+:154445:155503,32755,no,train,KQ420157,154486,+,26,0,Octopus_prebalancing.csv.gz
Octopus,KQ418240:+:141891:142491,21813,no,train,KQ418240,141959,+,109,0,Octopus_prebalancing.csv.gz
Octopus,KQ423069:+:80845:85639,47770,yes,train,KQ423069,81586,+,20,0.417391304347826,Octopus_prebalancing.csv.gz
Octopus,KQ417417:-:19359:26595,15046,no,train,KQ417417,23722,-,121,0,Octopus_prebalancing.csv.gz
Octopus,KQ419281:+:554403:559442,28083,yes,train,KQ419281,556503,+,152,0.6265822784810127,Octopus_prebalancing.csv.gz
Octopus,KQ427753:+:65163:68127,59459,no,train,KQ427753,67113,+,364,0,Octopus_prebalancing.csv.gz
Octopus,KQ417620:+:1325507:1327799,16145,no,train,KQ417620,1326730,+,102,0,Octopus_prebalancing.csv.gz
Octopus,KQ419092:+:247062:248393,26986,no,train,KQ419092,248409,+,435,0,Octopus_prebalancing.csv.gz
Octopus,KQ420796:-:186152:188342,36821,no,train,KQ420796,187292,-,164,0,Octopus_prebalancing.csv.gz
Octopus,KQ417112:-:598933:605464,12278,yes,train,KQ417112,604144,-,556,0.5809379727685325,Octopus_prebalancing.csv.gz
Octopus,KQ420126:+:474219:480496,32338,yes,train,KQ420126,479468,+,495,0.7197802197802198,Octopus_prebalancing.csv.gz
Octopus,KQ419333:-:48712:50653,28432,yes,train,KQ419333,49062,-,181,0.8288288288288288,Octopus_prebalancing.csv.gz
Octopus,KQ416235:-:90868:101227,5839,yes,train,KQ416235,94565,-,571,0.9657534246575342,Octopus_prebalancing.csv.gz
Octopus,KQ420313:-:692964:694535,33527,no,train,KQ420313,693150,-,292,0,Octopus_prebalancing.csv.gz
Octopus,KQ422311:+:25303:26176,45235,no,train,KQ422311,26093,+,296,0,Octopus_prebalancing.csv.gz
Octopus,KQ421638:-:32070:32852,41442,yes,train,KQ421638,32102,-,471,0.2912621359223301,Octopus_prebalancing.csv.gz
Octopus,KQ420442:-:26593:27410,34278,no,train,KQ420442,26717,-,230,0,Octopus_prebalancing.csv.gz
Octopus,KQ420488:-:111130:114963,34706,no,train,KQ420488,111614,-,67,0,Octopus_prebalancing.csv.gz
Octopus,KQ415873:+:120365:136981,2440,no,train,KQ415873,120914,+,190,0,Octopus_prebalancing.csv.gz
Octopus,KQ417678:-:52261:52558,16829,yes,train,KQ417678,52326,-,232,0.2323232323232323,Octopus_prebalancing.csv.gz
Octopus,KQ420126:+:474219:480496,32273,no,train,KQ420126,479270,+,297,0,Octopus_prebalancing.csv.gz
Octopus,KQ424459:-:1311477:1312774,52257,no,train,KQ424459,1311441,-,185,0,Octopus_prebalancing.csv.gz
Octopus,KQ420442:-:26593:27410,34304,no,train,KQ420442,26799,-,148,0,Octopus_prebalancing.csv.gz
Octopus,KQ417318:-:474342:477099,14075,yes,train,KQ417318,476112,-,382,0.4878472222222222,Octopus_prebalancing.csv.gz
Octopus,KQ423509:-:57830:68774,49115,no,train,KQ423509,62224,-,327,0,Octopus_prebalancing.csv.gz
Octopus,KQ423926:-:46014:47147,51255,yes,train,KQ423926,46193,-,204,0.3815789473684211,Octopus_prebalancing.csv.gz
Octopus,KQ417510:-:35515:40949,15423,yes,train,KQ417510,39421,-,78,0.9487951807228916,Octopus_prebalancing.csv.gz
Octopus,KQ421411:+:481404:484595,40964,yes,train,KQ421411,484536,+,544,0.4837209302325581,Octopus_prebalancing.csv.gz
Octopus,KQ416002:+:145389:145843,4017,no,train,KQ416002,145865,+,271,0,Octopus_prebalancing.csv.gz
Octopus,KQ417670:+:110587:114416,16644,yes,train,KQ417670,113406,+,98,0.4029126213592233,Octopus_prebalancing.csv.gz
Octopus,KQ416771:-:1461700:1466793,10300,no,train,KQ416771,1462448,-,350,0,Octopus_prebalancing.csv.gz
Octopus,KQ422015:+:60856:61622,43719,no,train,KQ422015,61168,+,38,0,Octopus_prebalancing.csv.gz
Octopus,KQ420776:-:126654:127969,36540,no,train,KQ420776,127093,-,238,0,Octopus_prebalancing.csv.gz
Octopus,KQ422866:-:193298:197038,47033,yes,train,KQ422866,194653,-,200,0.6216216216216216,Octopus_prebalancing.csv.gz
Octopus,KQ418571:+:564763:566766,24711,no,train,KQ418571,565396,+,47,0,Octopus_prebalancing.csv.gz
Octopus,KQ420166:-:246576:253851,32919,no,train,KQ420166,247712,-,152,0,Octopus_prebalancing.csv.gz
Octopus,KQ424745:+:14972:15648,53025,yes,train,KQ424745,15134,+,51,0.1791338582677165,Octopus_prebalancing.csv.gz
Octopus,KQ422458:-:98826:101081,45475,no,train,KQ422458,99698,-,390,0,Octopus_prebalancing.csv.gz
Octopus,KQ431895:+:3872:10596,63033,yes,train,KQ431895,9635,+,124,0.3358778625954198,Octopus_prebalancing.csv.gz
Octopus,KQ415841:-:345434:348457,2023,no,train,KQ415841,347570,-,88,0,Octopus_prebalancing.csv.gz
