epoch,train_loss,valid_macro_f1,valid_macro_auc,valid_macro_auprc,best_epoch,elapsed_sec
1,0.6604179570345374,0.6751754938206851,0.629737797344791,0.5911577748087047,1,36.752198457717896
2,0.5977274974187216,0.7661310899159273,0.8203535790126686,0.8020937818957066,2,29.636974811553955
3,0.45478040682591075,0.8057238367251202,0.8756862711698365,0.8671777172860011,3,29.40458846092224
4,0.42060349990681906,0.7969476977294302,0.8669992307412158,0.8642279802285837,3,29.402350425720215
5,0.4064727096053643,0.8243269876791535,0.8968146413307765,0.8919809994614502,5,29.619755029678345
6,0.39265477245416097,0.7897301883621426,0.8749609402983931,0.8697317755049596,5,29.494457960128784
7,0.38125159028099803,0.8216974982835263,0.8906001704767282,0.8838727116304402,5,29.54988980293274
8,0.3688032961473232,0.8267784444363941,0.9000592908508341,0.8944165513474203,8,29.61873149871826
9,0.3653236777801824,0.7731371592940379,0.8410968542210105,0.8519079413401226,8,29.72717571258545
10,0.36274365499252226,0.8327179958824957,0.9077154332978365,0.902765132493965,10,29.600253343582153
11,0.3584724600479855,0.8141575871618887,0.8834831975429421,0.8746724537570959,10,29.699254512786865
12,0.3426034767937854,0.81696184240019,0.8892193330315946,0.8843664580520048,10,29.666799068450928
13,0.3494733724652267,0.8148215293688765,0.8848643273359391,0.8804357643611733,10,29.695087671279907
14,0.34067413598541324,0.8338495586289683,0.9042370800658619,0.8980894976771594,14,29.826213359832764
15,0.3322627641321198,0.8271328220832674,0.9003652582269454,0.8967573391951507,14,29.584994077682495
16,0.3256631185853384,0.8360051452676509,0.9059953743441047,0.9019107564940045,16,30.71396017074585
17,0.32122474375779064,0.8193995296081373,0.8902602270171739,0.888363896741917,16,29.61391043663025
18,0.3175597763885327,0.8180151328019845,0.8873251880239462,0.8835450957117661,16,29.721658945083618
19,0.3094754087004235,0.8268840827568067,0.8970861458733759,0.8939079574427061,16,29.584660291671753
20,0.31196450896379424,0.8165413843285843,0.88446826925108,0.8791953231366063,16,29.568488121032715
21,0.30554748247794017,0.8262616896578809,0.8971705147478443,0.8919005328494036,16,29.58818507194519
22,0.3033530972595137,0.824617905373024,0.8971483265147001,0.896103310247922,16,29.607462167739868
23,0.2999198742029143,0.8346699450161358,0.9044084508573473,0.9008779483244111,16,29.623314142227173
24,0.29951766096964116,0.801796523697498,0.8645349240565938,0.8701975460468456,16,29.575286149978638
25,0.2996515876393977,0.8243913035431077,0.8955172758786826,0.895308497320371,16,29.312729597091675
26,0.29274261106805105,0.8097118242849415,0.8773981862130554,0.873552728198501,16,29.60904335975647
27,0.2927865997804859,0.8385796896592768,0.9131310801207494,0.9087354897742106,27,29.597063302993774
28,0.2886827332459814,0.8166218260062765,0.8855503387905628,0.8807449629667924,27,29.491405248641968
29,0.2884533826897784,0.8280721030226165,0.9009802320090974,0.8984928295554468,27,29.618648529052734
30,0.291458530033507,0.8177470049477255,0.8873551591187409,0.8873808218145685,27,29.445642232894897
31,0.28287440211307713,0.8218187728958947,0.8902703766988873,0.8915734536282207,27,29.6255784034729
32,0.2823407085445838,0.6684324620885422,0.847930428311581,0.8484520333099623,27,29.49458122253418
33,0.27950370154245113,0.8349620802762033,0.9061241485465457,0.9041511336510865,27,29.45705008506775
34,0.27804176170166917,0.8101231517820479,0.879659625396038,0.876248968243456,27,29.508846044540405
35,0.27484226323724764,0.8294851044256524,0.9010247029251461,0.896245394719722,27,29.566572427749634
36,0.2716248579383866,0.8128614597483206,0.8861404061076767,0.8846568465597586,27,29.439311504364014
37,0.2728865312609246,0.8060923543193894,0.875016049490831,0.8784065024845433,27,29.455686807632446
38,0.27480476828125433,0.8351530884184168,0.9091776633590752,0.9038743915548586,27,29.41023826599121
39,0.270719873590198,0.7741389444289157,0.8526121350503459,0.8546786536359111,27,29.3890962600708
40,0.26918270614573625,0.8081097142279041,0.8768825629041008,0.8759199353935824,27,29.530141353607178
41,0.2721956269285543,0.830621119319243,0.9006552751938088,0.8971188789236706,27,29.425861597061157
42,0.26628989950428167,0.8320684607169473,0.9037829094324927,0.9007284784760281,27,29.479883909225464
43,0.2657928486180499,0.8050992210620549,0.8827245098807777,0.882828864672991,27,29.459914922714233
44,0.26046752687392194,0.8178721469106178,0.8879630928484461,0.8868809326506122,27,32.10784292221069
45,0.2620825484031584,0.8138369997717341,0.8886463888523897,0.8820548751001964,27,29.55138874053955
46,0.262334005013714,0.7792170554855378,0.8607305971001299,0.8597066190584255,27,30.504189014434814
47,0.25730844290275884,0.8304283674761391,0.9002566127016293,0.8926970099924898,27,30.593923330307007
48,0.26200473623547127,0.8346259777968148,0.9041536600336872,0.898899013484569,27,29.84143090248108
49,0.2567892785721678,0.8245888422600423,0.8944891812279019,0.8917162028459031,27,29.407182931900024
50,0.2577055805340046,0.8350146698092776,0.9090604671061312,0.9036965666100727,27,29.51445484161377
51,0.2584987204007017,0.7999098093479855,0.8701666778660229,0.8652411951301038,27,29.58709740638733
52,0.257172329517884,0.8129867341959538,0.8818063823778293,0.8749520375833053,27,29.832162857055664
53,0.2559282969895417,0.8238487066405256,0.8930328054453041,0.8956439256244041,27,29.811839818954468
54,0.2517635810181377,0.8276452925384483,0.8950890456772213,0.8960028633856705,27,30.461167097091675
55,0.2512126932056939,0.8206580804195466,0.8906377142721851,0.8814563243976841,27,30.2862446308136
56,0.2568158022756499,0.8199517628393171,0.8897944642284845,0.8872141793398988,27,29.516979217529297
57,0.25102909636206744,0.800048843232595,0.870158407295667,0.8667586381030717,27,29.51820421218872
58,0.2552838770112371,0.7932245459772865,0.8681948540220681,0.8689644334468789,27,29.511314868927002
59,0.2511925904489145,0.8097632741182437,0.8827200424067203,0.8844747753158629,27,29.6340754032135
60,0.24992176708651753,0.8366610027712883,0.907158385191186,0.9036208041882166,27,30.272188186645508
61,0.2463002332100054,0.8226888803797692,0.8937262233680718,0.887334112230031,27,30.48968243598938
62,0.24886920430311343,0.7890853645152834,0.8560906049095869,0.8529901443378118,27,29.94435167312622
63,0.24863475827666803,0.8146188265638415,0.8855339762926063,0.88589978687136,27,29.53145933151245
64,0.24528940131024615,0.8191026754571724,0.8878980244130906,0.8846281759811632,27,29.606261253356934
65,0.24515725127080593,0.841206549085945,0.9105476913608517,0.9044912376732702,65,30.567530870437622
66,0.24431196036862163,0.8393478139903353,0.9117271139723694,0.9087144300763682,65,30.34020733833313
67,0.24336304327821343,0.8210180934075156,0.8892672667524529,0.8839058181476643,65,30.503225088119507
68,0.24129024475086025,0.7857734166666728,0.8570437655136517,0.8565901420649773,65,30.046591758728027
69,0.24421891279336883,0.8411342381587164,0.9133716399437616,0.9086870387849785,65,30.61789560317993
70,0.24498271069875577,0.820463924221861,0.895913402868457,0.8923438910625738,65,30.14215397834778
71,0.24193057914574942,0.8332681605737917,0.9052427717208935,0.9003230303312026,65,30.023484468460083
72,0.23995511524560975,0.8343552091352247,0.9076186434934773,0.9039806488833062,65,30.566614151000977
73,0.2408414113570035,0.8048822810828518,0.8796476436265956,0.8821595610740742,65,30.221619844436646
74,0.23920365719775843,0.8294593655607448,0.9035731662429194,0.8996568999041661,65,30.61816120147705
75,0.23817230397608222,0.8078537099028258,0.8773161461551037,0.8768116547805735,65,30.197078943252563
76,0.235714113082343,0.8205942091015843,0.8926445754459408,0.8898653773891114,65,29.83824062347412
77,0.23608857453838597,0.7893434208523287,0.8735147831032574,0.8709859465379841,65,30.39818000793457
78,0.23479416808946346,0.8374119451254718,0.9077306426278631,0.9008672925249545,65,29.856772899627686
79,0.23217981351100334,0.8262466982690645,0.9000157520461778,0.8922525808659195,65,30.00640296936035
80,0.23798565784605538,0.8345980297300587,0.9055128165321704,0.902356285300298,65,29.69627809524536
81,0.2331986861015723,0.8101017932325476,0.8863689473159189,0.8826683878266692,65,29.48230242729187
82,0.2338407501214888,0.8332514359649132,0.9031036442170169,0.8978392806465368,65,29.479875802993774
83,0.23030436014741418,0.8312331462159649,0.9065176055344548,0.8996185237109736,65,29.490946531295776
84,0.2316862073371081,0.8291557911146774,0.9043399524643922,0.8995050120578569,65,29.461236476898193
85,0.23259728153546652,0.82996450681707,0.9052236394464956,0.8973116715683092,65,29.476277589797974
86,0.23195499617878984,0.8365714228439697,0.9084115371478473,0.9013534824868072,65,29.487080574035645
87,0.2319113116681091,0.8457477620393892,0.9168862570754703,0.9105309040718955,87,29.89747905731201
88,0.23184165467576281,0.8429526946116204,0.9140846159925387,0.9074721437096536,87,30.393800258636475
89,0.23050571881174073,0.8371114239901131,0.9109551499640252,0.9023773517732634,87,30.329720497131348
90,0.23156348222154913,0.8042918609473217,0.8799332615400743,0.8779536281879294,87,29.499126195907593
91,0.23088767155399167,0.811996968543907,0.8907931151800494,0.8853797043394198,87,29.800238609313965
92,0.22955444333999137,0.8179961491370394,0.8915768298845407,0.8885462659647179,87,29.752641201019287
93,0.22649138996271584,0.793748931377289,0.8700826045212311,0.8673632937296549,87,29.834347009658813
94,0.22756874500735988,0.8109611023734128,0.8834795557636927,0.8826012494828828,87,29.529245138168335
95,0.22587592015421487,0.8366756320288109,0.9081884491320072,0.9025108018662265,87,29.781171083450317
96,0.22947447050393113,0.8254990868574007,0.8995623116434612,0.8934320362116377,87,29.895915985107422
97,0.22263759556340007,0.8325686220938312,0.9037556621762577,0.8961308667079249,87,29.650362730026245
98,0.22467163822999814,0.8301373525810567,0.9046127410609455,0.9002522550995804,87,29.540170431137085
99,0.223522201543901,0.6466118503920093,0.8242973131840657,0.8233718128785706,87,29.5870521068573
100,0.22795372171615197,0.8160789289717485,0.8909490499107102,0.8887557047103964,87,29.372148513793945
101,0.22565562889827945,0.820228636184057,0.8959194581168479,0.8911004915783337,87,29.5773823261261
102,0.22553875460857298,0.8388365093619037,0.9098781977416671,0.9040415393319761,87,29.33608317375183
103,0.2260079990799834,0.8278957771558002,0.9030475722324588,0.8971749152149924,87,29.482290267944336
104,0.2255804325506939,0.8214900113600818,0.892495822123878,0.8889333606398799,87,29.515735149383545
105,0.22421761765712644,0.8335777710369288,0.9046023689141744,0.8954867579714287,87,29.540270805358887
106,0.22157425015437893,0.8175984541993923,0.8917368329811849,0.8830117487762559,87,29.57841920852661
107,0.22320007163334668,0.8231551942670572,0.8966539457326046,0.8903345837655955,87,29.48153853416443
108,0.2261711855729421,0.8248638255020674,0.8964611132641429,0.8920959783423985,87,29.52096438407898
109,0.2217395226887571,0.8191563912533565,0.8925460328994096,0.890933438573382,87,29.309094667434692
110,0.2214319564220382,0.835984107092183,0.9077053712076115,0.8997712456950329,87,29.469238758087158
111,0.2236511425031879,0.8440465890879552,0.9168658545445748,0.9106382672989204,87,29.56273341178894
112,0.21977598310970678,0.8166556818674395,0.8918561021800454,0.8881345611754083,87,29.52047634124756
113,0.2211659038212241,0.8277075490275538,0.8994538134489882,0.8924327434994157,87,29.470519304275513
114,0.21900789681973495,0.8344290522901273,0.9090672685714504,0.906102588922141,87,29.54859709739685
115,0.22179232174303473,0.8160385212736041,0.8870435961981904,0.8855294267521208,87,29.580378770828247
116,0.2144399727505397,0.8206848013508494,0.8940666296902067,0.8897262950609526,87,29.519524812698364
117,0.21980979469248918,0.8356993930269466,0.908714106685732,0.9028358658850975,87,29.703250885009766
118,0.21817379899141265,0.819860387154662,0.8916043593554196,0.887788043898155,87,29.675179481506348
119,0.21885417207954375,0.7961001778629253,0.8696892733556469,0.872787031179258,87,29.71402621269226
120,0.22376732709931163,0.8301087744727627,0.9030708014292955,0.8984893846831109,87,29.670705318450928
121,0.21986025692970773,0.8392759352142198,0.9143321478170758,0.9083057620676909,87,29.729495763778687
122,0.21583439337044227,0.8198765852884706,0.8883127392168072,0.885869507536501,87,29.644081115722656
123,0.21676827543150118,0.8249435101105518,0.8973862890909285,0.8944504349535236,87,29.551941394805908
124,0.21736845519484543,0.8180543850658517,0.8924359509314941,0.8884812552209327,87,29.357921361923218
125,0.21552577384603702,0.8236917201169833,0.8947513399048539,0.8916631347823041,87,29.65209984779358
126,0.21894851532893453,0.8237519560924313,0.8998565370203051,0.896416934883602,87,29.760001182556152
127,0.2136766555590358,0.8128028824501807,0.8910249861184176,0.8822663423804291,87,29.697315216064453
128,0.2184900815893964,0.8237884961727777,0.895720953795708,0.8886382841452152,87,29.664287090301514
129,0.21628320205017804,0.8327687659053398,0.9077181304041124,0.9020145549943613,87,29.69936203956604
130,0.21665094913990518,0.7964534692330667,0.8856195050137927,0.8788786915109071,87,29.70329189300537
131,0.2178600075525966,0.8293285471165073,0.9032381682289454,0.8988923922113873,87,29.805230379104614
132,0.21220616196713796,0.8225328244882977,0.8954237630316312,0.8907105708486406,87,29.737876415252686
133,0.2176566624302205,0.8244098928316139,0.8978074168216612,0.8950815383213553,87,29.401793241500854
134,0.21472818907198868,0.8100241006154713,0.8811213531353261,0.8767129451164717,87,29.74423599243164
135,0.21700269977251688,0.8045143736437408,0.8808215520207902,0.8790574801647122,87,29.610183238983154
136,0.21555160725019812,0.8479917962320977,0.9178793180054154,0.9087818346105722,136,29.70658564567566
137,0.21092792279352018,0.8190333801199747,0.8891285107237377,0.8854933969728851,136,29.640891790390015
138,0.21822768231717551,0.8201575458517869,0.891463254953627,0.8870696773202844,136,29.719775676727295
139,0.2149602929508783,0.8253625209271095,0.9011024329027975,0.8942186982318805,136,29.715981483459473
140,0.21069146801785724,0.8382658814984048,0.9087495895550798,0.8969280158266684,136,29.630171298980713
141,0.21269274448476186,0.8139922183438117,0.8892970898326403,0.8851450661320255,136,29.675461769104004
142,0.21059826791771058,0.8276098449770725,0.8986152918267838,0.8919361237481442,136,29.794898986816406
143,0.21205912590996037,0.8271857033845753,0.9036942112853404,0.8974467078662464,136,29.796063661575317
144,0.21015356917206834,0.8285222214704636,0.9021791875896416,0.8914325823554847,136,29.661697149276733
145,0.2106523123698506,0.8306758217425815,0.9004846413708536,0.8935288646227827,136,29.523422241210938
146,0.21057406806848883,0.8013413975661627,0.8697976061631758,0.8554349218978348,136,30.16199016571045
147,0.21382121705427404,0.8371014058037443,0.9038169009531584,0.896587516435152,136,30.339222192764282
148,0.21687495090612552,0.830961878144386,0.901750432870021,0.8961610750548428,136,29.658979892730713
149,0.21486581886202338,0.833438657437251,0.9036272103030022,0.8970042636135372,136,29.615221977233887
150,0.21349946718390395,0.8229884355416748,0.8945024095615577,0.890445470101469,136,32.928468227386475
151,0.21680084337306216,0.8329779506046775,0.8985995979305212,0.8971652207878267,136,29.735276460647583
152,0.21278156533958467,0.8351778763483699,0.907108497792712,0.8965863234360865,136,29.551836729049683
153,0.21329588970033134,0.8122950798689714,0.8849192831171196,0.878879159424277,136,29.88169288635254
154,0.2142911796889654,0.8185913583676945,0.8906587296631316,0.8859030344631669,136,29.450445652008057
155,0.21513283785765733,0.8213843393708312,0.8961321991978148,0.8885512692308446,136,29.4555447101593
156,0.214841145810073,0.8121208255131812,0.8949721030924787,0.8900436202983733,136,29.572708129882812
157,0.2122081313433686,0.834446440906143,0.9064988312918282,0.8975166051719227,136,29.57071828842163
158,0.21114162434407366,0.8290761708746361,0.9038019896821571,0.9021623099388576,136,29.743504285812378
159,0.20858041045626974,0.834701143861574,0.9058724982894578,0.9005864451858347,136,30.518283367156982
160,0.2142252075236018,0.8271777968808074,0.8971550570927832,0.8958843573319976,136,30.398706912994385
161,0.21274987808087978,0.8434363579783029,0.9151100235475589,0.9085236999311115,136,29.235860109329224
162,0.21036694120100843,0.8093408412677674,0.8808640373578926,0.8773633794645244,136,29.839925527572632
163,0.20927183693502008,0.837821662543545,0.9109974881303076,0.9061337472646729,136,29.983062028884888
164,0.2073885610069686,0.839624323630459,0.9106854634414956,0.9074375682862477,136,29.167906045913696
165,0.2099134745152016,0.8125141091817354,0.8833526321944634,0.8799856501816131,136,29.748475551605225
166,0.20945771305057093,0.8419559471430356,0.9114430537371045,0.9025170674613853,136,29.965288639068604
167,0.20543848898837236,0.8268913108949203,0.8988723501940503,0.8924015423731836,136,29.161558866500854
168,0.20750550750067565,0.7945385740562565,0.8681357796979569,0.866026050959374,136,29.74956250190735
169,0.20877283133142363,0.8311879064389508,0.9041330805915564,0.8944429132687803,136,30.01715898513794
170,0.20664816810105874,0.837356429468594,0.9101117766660174,0.903973697299399,136,29.041895627975464
171,0.20527886375179136,0.8087250126589106,0.8785324564853041,0.8750887009874747,136,29.39664936065674
172,0.20504691167090966,0.8351940013789483,0.9073004203520729,0.8999576535161167,136,30.101719617843628
173,0.21068790688262723,0.8340732493460665,0.9065343473308329,0.9019278195775702,136,29.660414457321167
174,0.20909556310351302,0.8304465859289343,0.9035136341689303,0.8998392012576091,136,29.0783212184906
175,0.20574007734535185,0.8438555536671112,0.9132838229943132,0.9089431988382709,136,28.98724365234375
176,0.20726019677107896,0.847022411460402,0.9179155389369029,0.9117820041954128,136,28.9644558429718
177,0.20558042297276055,0.8350889272693917,0.9080021707806174,0.9025133707612472,136,29.286391019821167
178,0.20726489790571415,0.8366162914729215,0.9098261559459954,0.9038324461511797,136,29.88153624534607
179,0.20405934060492167,0.831167628075059,0.9027174425551077,0.8935015218709078,136,29.65690040588379
180,0.20541982752520863,0.8342437807966738,0.9063950438529305,0.897204226228597,136,29.292318105697632
181,0.2076992779000988,0.8357298269215352,0.9127971877633292,0.9089387673701206,136,29.994227170944214
182,0.20806723760395515,0.8298218666550516,0.904044448443411,0.8964956077282171,136,29.94170880317688
183,0.206223619056911,0.8358213277056686,0.9111585548212449,0.9063630044757993,136,28.919820070266724
184,0.20670949177044193,0.8340435152134611,0.908421629494354,0.9037657737927128,136,29.765486240386963
185,0.20447645814922766,0.8136967270188851,0.8897099944589765,0.8831469181625006,136,30.040149927139282
186,0.2033451646566391,0.8446075280204514,0.9158376875211977,0.9076066812530293,136,28.83837366104126
187,0.2090307298472257,0.8268296776824144,0.8976904662974861,0.8882297422956846,136,29.650872230529785
188,0.20399426650710223,0.82111513686784,0.8954381561861974,0.8869683820578017,136,30.041067600250244
189,0.20313803512391035,0.8188192820569007,0.8941235355435275,0.8888656168352307,136,29.200275182724
190,0.2062940062061558,0.8249249700952678,0.898115719027821,0.8941708652282616,136,28.978879928588867
191,0.2032820639329228,0.8298046105694199,0.899334643022365,0.8910483576944352,136,29.18034863471985
192,0.20485220304349575,0.8330636876278873,0.9041425833196229,0.8981105472698853,136,28.96636724472046
193,0.20467976729075113,0.8211599923701147,0.890110627940703,0.8850339770752513,136,29.054996728897095
194,0.20418413528581944,0.8299218726964883,0.9020786186725767,0.894146492334994,136,29.871594429016113
195,0.20364806994916948,0.8307146624361057,0.9010979084455856,0.8979771011848863,136,30.0415141582489
196,0.2010822328852444,0.8064156669597559,0.8739130655641685,0.8712999362588029,136,29.21663999557495
197,0.20556651189075253,0.8269297155704671,0.9014046652029299,0.8957943214245884,136,29.826700448989868
198,0.20414730658133826,0.8393688313512431,0.9105570139307513,0.9036099386585519,136,30.20366668701172
199,0.20424602077743872,0.8307145322079388,0.9031082728376647,0.8978344015055157,136,29.2616446018219
200,0.20218223539309774,0.8071883895630536,0.876969391676861,0.8725840142597892,136,29.030060052871704
201,0.2028466602408789,0.8334568675028414,0.9042798407013148,0.90017378201119,136,28.7321720123291
202,0.2041493797205328,0.8251081767287645,0.8943076412294421,0.8923875524223037,136,28.85949397087097
203,0.203265608447354,0.8414447572327821,0.9133258069169201,0.9048538633237173,136,29.00033187866211
204,0.2049257992728939,0.8039276057581728,0.8789629363567535,0.8731513770146884,136,29.096101999282837
205,0.2035876279923974,0.8260098157095432,0.8949859755143358,0.8886762456283337,136,29.72481060028076
206,0.20557562831213805,0.8316274890142619,0.9006226037667083,0.8967465767844909,136,29.57266879081726
207,0.2008533409940518,0.8204307532945283,0.8877795618055158,0.8862344939622999,136,29.040789127349854
208,0.20182380576928458,0.8380740419186822,0.9106431715020729,0.904330211992608,136,28.818461179733276
209,0.20037721788010945,0.8083480231593373,0.8815268768347395,0.8760126200103853,136,28.941105127334595
210,0.19940465228344367,0.8264358496078359,0.8973105043769634,0.8902132276890637,136,29.689343452453613
211,0.20325408076367726,0.8169280848423233,0.8892948736160811,0.8818467266563818,136,29.784989595413208
212,0.19970815059373048,0.8345261088301792,0.9080414316624996,0.9034052238782702,136,29.123921155929565
213,0.1988687543122749,0.8167595840279936,0.8827448736231696,0.8801362976558523,136,29.097158193588257
214,0.19950718208541715,0.8258771147181807,0.9005584218866597,0.8958668353318159,136,29.00336766242981
215,0.2000718161584885,0.809344774653046,0.8784185628712236,0.8716963114863385,136,28.994022130966187
216,0.20263078408997234,0.7860190140061576,0.867511583731909,0.8586209624356752,136,29.292596578598022
217,0.20014549791812897,0.822148646474512,0.8930701175466207,0.8873486442619722,136,30.199703216552734
218,0.2005241685281924,0.8371108096984821,0.9075795169091306,0.9008627341234944,136,29.260650396347046
219,0.20152819217220555,0.833122346227809,0.9047600452321685,0.8995857801158558,136,29.24784564971924
220,0.20281221299636654,0.8329339876796145,0.9057684067471848,0.9008534828560284,136,29.947561264038086
221,0.19988686706477066,0.8328381073413701,0.9043903566065308,0.899916216637843,136,29.80306577682495
222,0.20195776514890718,0.8366884604834527,0.9110546189613199,0.9024181498028371,136,29.097030878067017
223,0.19970680203864244,0.8425633356995316,0.9142972104654006,0.9056244344490083,136,29.493030548095703
224,0.20151208086711606,0.8192495607315142,0.8892639390631966,0.8845208581405037,136,29.935673713684082
225,0.20124702591721605,0.8159672032351659,0.8852350183567674,0.8836130316125145,136,28.961977243423462
226,0.19931766863276318,0.8315797026536313,0.9083227902921439,0.9029522515256229,136,28.929670095443726
227,0.19997043483625582,0.8252562664932698,0.9049504378432907,0.9023751933697557,136,28.981608390808105
228,0.2017493068687315,0.8291676470412525,0.8987521901157309,0.8918935090433137,136,29.005672931671143
229,0.2018790682399176,0.8291722939972332,0.9039248024242127,0.9008845018118079,136,29.04409122467041
230,0.19731575238510846,0.8332081064473831,0.9075868509679702,0.9007686899399766,136,29.786771774291992
231,0.2022537089944855,0.7944749166127125,0.8785693478513492,0.8716934187526861,136,29.82838201522827
232,0.19942825305752637,0.8222517340758738,0.8980822885235473,0.8898834648337286,136,29.040624380111694
233,0.20015652586774127,0.8113649593966247,0.8893205098196264,0.8841777982093092,136,29.39361333847046
234,0.2018198196480914,0.8235754680704377,0.8972979452945392,0.8917411919718568,136,29.911380767822266
235,0.20023281230189935,0.8286019296807593,0.899773847358333,0.8926182258243502,136,29.02596616744995
236,0.201424059707944,0.8242662534103231,0.8976564773881232,0.8897802561130458,136,29.398394346237183
237,0.20022498773850075,0.8144649903682055,0.8883210021795163,0.8833100349562122,136,29.86658477783203
238,0.20118045970434095,0.8219616608279796,0.8956447383469694,0.8893065240478306,136,29.189194440841675
239,0.19937351848778687,0.8259408089140214,0.8967654511429612,0.8914445905085057,136,29.408458471298218
240,0.19730462521556916,0.7426787678965233,0.8609356354602978,0.8581809264073545,136,29.84779405593872
241,0.19636928992785088,0.7818640874000256,0.8657337926735365,0.8671194363783874,136,29.17028832435608
242,0.19629463080952808,0.8012060865918289,0.8634731449681441,0.8630241300096213,136,29.138635873794556
243,0.19807745249775366,0.8093704590241974,0.8835889912007978,0.8793720517203425,136,29.20438575744629
244,0.20123718333680454,0.8166140931326588,0.8884474240558624,0.8823462595480693,136,29.0411159992218
245,0.19799513497003696,0.8135451293789832,0.8857546901728398,0.8786529166279607,136,28.946555376052856
246,0.19752107887733272,0.842552433356716,0.9127818214956311,0.9039511575426145,136,29.203472137451172
247,0.19728698454252103,0.8141103242920175,0.8862521784592607,0.8784028991819519,136,29.975558280944824
248,0.1979374913423042,0.8289719725090782,0.9039688778010149,0.8979654030966309,136,29.072803258895874
249,0.19662312387935516,0.8356471265391248,0.9091584346781003,0.9016038853065919,136,29.157515287399292
250,0.19583206011997006,0.7803585756766585,0.8749420477000682,0.8709121369233418,136,30.119411945343018
251,0.1971549899960921,0.8193522071810682,0.8888061131673923,0.8773152514821076,136,29.28473162651062
252,0.19625384790626,0.8175215601948423,0.8878806559830839,0.8814222032842388,136,29.18784475326538
253,0.1964058653125918,0.8168641412721683,0.8893637131873585,0.8835581038379026,136,29.505041122436523
254,0.19881608658205202,0.8255621973180334,0.8953406237283372,0.8843961897079966,136,28.996280193328857
255,0.19833312710610831,0.8295949026235122,0.901625170882307,0.8918383371053298,136,29.07310390472412
256,0.19402116403831698,0.8281167269279195,0.9019743506828425,0.8928118753906691,136,29.931150674819946
257,0.19987220032428338,0.8409706968728041,0.9131503897576116,0.9041729303012838,136,29.28818964958191
258,0.1950752418942568,0.8108953611441266,0.882675228601709,0.871654098750991,136,29.09201717376709
259,0.1967457551054838,0.8401810323074611,0.9116605382869098,0.9017926803862842,136,29.02737784385681
260,0.19442910476913297,0.8302004836619374,0.9031516655622727,0.8980226582097413,136,29.135902166366577
261,0.1956287913206147,0.837197644571687,0.9104402698790649,0.9049138046830678,136,29.092846155166626
262,0.194608578412998,0.8284250082586985,0.9025246791640735,0.8922021099019461,136,29.091591835021973
263,0.19663685414849258,0.8348479592325697,0.9068458523667348,0.904431301859128,136,29.161667108535767
264,0.19474429461529585,0.8308079476795857,0.9009674633179181,0.8938736639636722,136,29.813002586364746
265,0.1989745755748051,0.8277370783229401,0.8990150390878158,0.8899568047358535,136,29.01334023475647
266,0.19944792283259757,0.8196090431936266,0.8924513965914552,0.8910590110871398,136,29.048012256622314
267,0.1959206265647237,0.8228208492981233,0.8947949886042332,0.889326347011261,136,29.87677764892578
268,0.1986133962627349,0.8161090646247607,0.888151643928567,0.8820506313551133,136,29.17965340614319
269,0.1919329927219608,0.8224042809189867,0.8927940430921812,0.8938164678164167,136,29.22550082206726
270,0.19646414726730285,0.8315534625534193,0.9006151710709558,0.893128518223134,136,29.02369451522827
271,0.19954971284643422,0.8325859777786256,0.9043586034773585,0.9009589446834783,136,28.98935627937317
272,0.19622693646971773,0.8311004795931946,0.902270114159677,0.8949570620089821,136,29.03173828125
273,0.19444871403095199,0.8368117275975381,0.9027653957206875,0.893975013040722,136,28.850518941879272
274,0.19598124679026566,0.8315718350929213,0.9033247585670109,0.8942216051846855,136,28.98459029197693
275,0.19348232169461443,0.8367669422256043,0.9100601923578666,0.9008399944998762,136,28.969187021255493
276,0.19543325271063705,0.8292982731480398,0.8987390226871583,0.8886657960527846,136,28.97331213951111
277,0.1940006999586656,0.8407393419782684,0.9087928040905802,0.9001246552558961,136,29.016648292541504
278,0.19026007509328485,0.8233504175588162,0.8998976605745475,0.8925394328978938,136,28.847562313079834
279,0.19399116448755185,0.8380535746300993,0.9105310625418892,0.9051094167127824,136,28.862504482269287
280,0.194769800072763,0.8338730352695979,0.9045751476870924,0.8982563239094874,136,29.000717401504517
281,0.19928396862696826,0.8318032816364034,0.903337321329999,0.8962343231912366,136,29.01467275619507
282,0.19588726613579727,0.8206434313723565,0.8937067917062272,0.8896916195351304,136,29.04510760307312
283,0.19764093751829814,0.8310008637253894,0.9007698813249543,0.8929999461507406,136,29.244437217712402
284,0.19613804080621983,0.8199265741561955,0.8942695549875163,0.8938757104600574,136,29.10330867767334
285,0.196452821173319,0.8314110711486421,0.9029632953047009,0.8956944035567794,136,29.090598106384277
286,0.19524276220216985,0.832666304705538,0.9039871183731831,0.8982421017654469,136,29.09480333328247
287,0.19441800043592608,0.8258668541315795,0.8958995207249926,0.8933246220635012,136,29.09372353553772
288,0.1979172890021549,0.8158810338090552,0.8897097514063317,0.8835931043578922,136,29.012722969055176
289,0.19778671642629111,0.8451319014411562,0.9151694558474484,0.9086259767677193,136,29.206990957260132
290,0.19428731125544726,0.8145305058276614,0.8857813360642086,0.8870938617225788,136,28.789799213409424
291,0.1956717237466719,0.8310984052466852,0.9035091700795816,0.89882878029938,136,29.075146675109863
292,0.1942777959554176,0.8201737757930254,0.8919118303622228,0.8876443744688798,136,29.19604802131653
293,0.19549283688145924,0.8302992860195306,0.902085609360445,0.8968485752823916,136,29.687631607055664
294,0.1919957089230297,0.8049470297515182,0.8730562642249685,0.8695186314687519,136,29.13201332092285
295,0.19231258647713234,0.8300187721793508,0.8983722149163755,0.8924365614855021,136,28.955042362213135
296,0.19248860995701658,0.8300658094929987,0.9024488089942109,0.8964468413769825,136,29.059527158737183
297,0.19580857286123726,0.8357293664902199,0.907745921535489,0.9009680342007926,136,29.080204963684082
298,0.1955328944737349,0.8264695099432429,0.8989538828005837,0.8944619504128355,136,29.778555393218994
299,0.1955299754210604,0.8217247365685771,0.893500261335457,0.8870131371315645,136,29.084420680999756
300,0.19704436480514403,0.8084909591839942,0.8809699988803852,0.8791265710129803,136,28.96946907043457
301,0.1971954240546963,0.831324407376058,0.9023811336884974,0.8959120692830844,136,29.76090383529663
302,0.19312185606336205,0.8118675300164431,0.8874248920704774,0.8816097409359855,136,29.178139209747314
303,0.19510958737474146,0.8282044634975434,0.8999622274756307,0.8928533152099094,136,29.08059072494507
304,0.19700624418210208,0.8305060278237819,0.907251408267481,0.8995294145375701,136,29.776598691940308
305,0.19269045321195105,0.8361828627115271,0.9046868580178231,0.8975052141515225,136,29.089065313339233
306,0.19342135074661998,0.8126404217723732,0.887645064646435,0.8832684421430944,136,29.08113670349121
307,0.1909958073884491,0.8101212446512673,0.8810126051003097,0.8762434309831283,136,29.778732538223267
308,0.196145090630384,0.7982959274774666,0.8710115486489232,0.8624348949198944,136,29.159006595611572
309,0.19395084321741166,0.8323897239256477,0.9010854300494373,0.8926151596117485,136,29.079662799835205
310,0.1968188668654217,0.8165754468503026,0.8897222372709757,0.8858122542056541,136,29.899322271347046
311,0.1936229747243044,0.837185575969037,0.9056779008038542,0.8981246328013494,136,29.06685733795166
312,0.19374865608486702,0.8356195765194848,0.9062204232031212,0.8987756060809635,136,28.9063138961792
313,0.19210794446914176,0.8240638913007596,0.8979571180753194,0.8921697880789217,136,29.031659364700317
314,0.19342049550477083,0.8255076453819178,0.9015678791246517,0.8957052236899097,136,28.94434356689453
315,0.19271233629405013,0.8111123516993306,0.8831898686873325,0.8769717623553398,136,29.063663959503174
316,0.19480845598670526,0.8144852158478639,0.8892620011708571,0.883855336311672,136,29.23531174659729
317,0.19114363641758275,0.829237306609792,0.9014996492709629,0.8904186143167481,136,29.671151876449585
318,0.1891999684455918,0.8245770583753247,0.8980311323957164,0.8940914434620206,136,29.112953662872314
319,0.19067374592631814,0.8204822325629678,0.8936029549613422,0.8841106677391937,136,29.177428722381592
320,0.1933838766885967,0.7810049222513613,0.8690384232518722,0.8659450712815352,136,29.82028079032898
321,0.19432779674122974,0.8349994359111356,0.9086201619080391,0.9025208272964688,136,29.093442916870117
322,0.19503264068588008,0.8164273415058827,0.8899723546702281,0.8885567986318097,136,29.114129543304443
323,0.191186847664961,0.820424990250679,0.8920786945254023,0.8870153515597641,136,29.125698804855347
324,0.19295581466541056,0.8360852478453356,0.9077524860034817,0.9014321970982749,136,28.856106758117676
325,0.19160354724986767,0.8283650804164624,0.9003350606299635,0.8958709055340597,136,29.308576822280884
326,0.18930085324417284,0.8249618418499358,0.8984649408411852,0.8920272903759557,136,29.702110052108765
327,0.19093510066348363,0.8252725866522979,0.9001587787872544,0.8973048386758765,136,29.03546714782715
328,0.19198217388333344,0.8412583247138457,0.9113869197037825,0.9018395497641591,136,29.18127179145813
329,0.19336898509806733,0.8314539659917644,0.9025739289360482,0.8943095951397706,136,29.542929649353027
330,0.192929454390111,0.8266278744429606,0.9040373263234154,0.8995472819679341,136,29.16715097427368
331,0.18959693356258114,0.8255424432412692,0.9022139398197669,0.8969537723203264,136,29.117276906967163
332,0.1902267574900534,0.8335329413457747,0.9035002351620387,0.8974402612651722,136,28.963300704956055
333,0.19490454400457988,0.8263901675846964,0.8998502591410684,0.8913848007068964,136,29.125611782073975
334,0.1910841886590167,0.8118869330367416,0.8925569671331044,0.8845480257017616,136,29.257333278656006
335,0.19029449138457213,0.8189915621065067,0.892541649962371,0.8857060299557253,136,29.766743421554565
336,0.19517578644965722,0.8412780142175769,0.9141236390653564,0.9075228274142922,136,29.061479330062866
337,0.18876421869528004,0.8354530655515662,0.9102302217257845,0.9037381521334634,136,29.280846118927002
338,0.19362732701427568,0.8266698582840485,0.9008291761304432,0.8957876270935066,136,29.854047775268555
339,0.19265098264062308,0.8309233352744467,0.9056580438114965,0.8992435962547957,136,29.210461378097534
340,0.1871633332192413,0.8110040916685514,0.8857331693602677,0.8826908779923586,136,29.162265300750732
341,0.18938286408660857,0.8277257111014663,0.9040856596486048,0.8982560238240197,136,29.669652938842773
342,0.18914982482669798,0.8355258564865966,0.9070313956440217,0.8995420606246944,136,29.22706627845764
343,0.1894870560949411,0.840137901600488,0.91182142672886,0.9056491918424434,136,29.20881700515747
344,0.1897494255648396,0.8207850665408245,0.8968311729275078,0.8912522162901643,136,29.778074026107788
345,0.18833132076069592,0.8381684187726446,0.9137143859029193,0.9085253252448008,136,29.415255784988403
346,0.1894409756471471,0.8015080188156121,0.8755979418154105,0.8707741717306559,136,29.185339212417603
347,0.19094242422076746,0.8339555054613501,0.9044640627418165,0.8968276179228961,136,29.16158652305603
348,0.19008995538077703,0.801159465499407,0.8748008340348332,0.8695322250865649,136,29.185823917388916
349,0.19302262650515006,0.826585891936622,0.900219132273408,0.895971804942642,136,29.14761996269226
350,0.1898738926019126,0.8057292426276722,0.8813953692286204,0.8782657604035856,136,29.168609857559204
351,0.1903381150185577,0.8177915134930023,0.8933713613602263,0.8877807491395976,136,29.36486577987671
352,0.1895279043573674,0.8097685128580532,0.8798718463193713,0.8718262327148851,136,29.101028203964233
353,0.18935457296003172,0.8306355954898914,0.8976320899690262,0.8907259539497401,136,29.17705249786377
354,0.18837141397038126,0.8139656028782232,0.8837483579157159,0.8784476026097068,136,29.595043897628784
355,0.19216142437322353,0.827155170941698,0.8994675031796456,0.891672395379997,136,29.18150043487549
356,0.19440799309470788,0.8140253555061707,0.8831382553860131,0.8768687499725027,136,29.104039430618286
357,0.18819662649941638,0.8283415566689665,0.9009751556304822,0.8916728810544772,136,29.10825276374817
358,0.19145647369749177,0.8331736545335857,0.9068009658535103,0.9009730860372844,136,29.10004758834839
359,0.18635206530249215,0.8360058559762098,0.9077491349703595,0.8966031133641368,136,29.010241746902466
360,0.19029060315068175,0.8339569852737407,0.9009649153377098,0.893039677553338,136,28.96819543838501
361,0.1922096948676962,0.8121843025632731,0.8848697273116464,0.8708522187221849,136,29.815305709838867
362,0.1900245750822672,0.8212760388867083,0.8956482420699697,0.8958788048467414,136,29.149348497390747
363,0.18856558300615325,0.8115828509144858,0.88406768351406,0.8850583314588367,136,29.18524479866028
364,0.19058649423645763,0.8064499153441242,0.8842624135646048,0.8766490368685623,136,29.816328048706055
365,0.18724855271781363,0.822758870731702,0.8926116682948729,0.8867067959014524,136,29.21161675453186
366,0.1890829859104583,0.7911118543930241,0.8767582599225543,0.8730517097289074,136,28.970821380615234
367,0.18817142857526375,0.7775049177599512,0.8530061406190443,0.856874715271007,136,29.831555128097534
368,0.1895876775185267,0.8389240663296609,0.9115251618535987,0.9083121882647418,136,29.223860025405884
369,0.19144937832181047,0.8363254135630571,0.9099607795112488,0.9071297874264561,136,29.178226947784424
370,0.18701492389285468,0.8207309279979539,0.8933621449002134,0.8876903400482492,136,29.597705841064453
371,0.19027547501936193,0.8044385902206721,0.8769876867339813,0.8718654037265485,136,29.304015636444092
372,0.19110385461793683,0.8193897411077266,0.8960489464538909,0.8921985646571496,136,29.561749935150146
373,0.19067202714400563,0.8418418671574648,0.9146344598270703,0.9081691492357721,136,30.282775163650513
374,0.18967358525690994,0.825742136231485,0.899192698566732,0.8929392468290267,136,29.499004125595093
375,0.19261934002482795,0.8035850356784576,0.8806729583774419,0.879035975369983,136,29.622167348861694
376,0.18852216974506533,0.8007428652764068,0.8812001070353599,0.8757553262917538,136,30.36789846420288
377,0.19192655190704314,0.8408366099274628,0.9141463918883503,0.9031815499113587,136,29.723512649536133
378,0.1874405687175146,0.805309255980942,0.8926282987666478,0.8836404006948458,136,29.618975400924683
379,0.1889026629004052,0.7990348655696344,0.8737026039584811,0.8690856109773806,136,29.614325523376465
380,0.19079547787342616,0.8168841097394905,0.88699934715131,0.8805318923497044,136,29.616474151611328
381,0.1897071385528983,0.8325666745757767,0.9041317733509899,0.8982859240398672,136,29.681137561798096
382,0.18683321089521657,0.8207473802344184,0.8969222614098573,0.8934983623192141,136,29.963266134262085
383,0.18599078507442784,0.8323750422516798,0.9045598842723128,0.899545372933945,136,30.329694032669067
384,0.19082135277065804,0.8230152192771643,0.8966923080161342,0.890624168498282,136,29.714807748794556
385,0.19060236433657204,0.8113536068037952,0.8845729323675062,0.8799298399921168,136,30.023561000823975
386,0.18981118572921288,0.7985503225571023,0.8725003624197702,0.8671498411576342,136,30.21993136405945
387,0.19167652435419036,0.8324676855826173,0.9049111853708379,0.8982982007740845,136,29.807015657424927
388,0.19013785934302865,0.835401384870178,0.9116786994144392,0.9060727787616509,136,29.679984092712402
389,0.18629520295596705,0.8260795430139193,0.9019662147710723,0.8989503093770908,136,29.85338020324707
390,0.18910169516637074,0.829762903407215,0.904811316945946,0.9013634579708933,136,29.93269371986389
391,0.18925200233129952,0.8211091786789397,0.8948124840076919,0.8920125341184136,136,29.221517086029053
392,0.1888006800195066,0.8375184645134064,0.9113918135809786,0.9082776678258662,136,30.215362548828125
393,0.18935435204728832,0.8205499752509648,0.8954697350522807,0.8928922334541206,136,29.553524494171143
394,0.18732238676005264,0.8353425390520715,0.9108187698337662,0.9057236005513754,136,29.43155574798584
395,0.19200024735636828,0.7869913386613354,0.8679809321887064,0.8615348547617475,136,29.294071435928345
396,0.1864331141114235,0.8258908829234392,0.8998940746710811,0.8920381877143533,136,29.440669059753418
397,0.18645533010727022,0.8284504168322108,0.903999275892722,0.8994801763157294,136,29.49060893058777
398,0.1897507919892063,0.810773332559924,0.8905378597548557,0.8835867855020014,136,29.17170739173889
399,0.1888192969609082,0.8357701117100121,0.9112679826640877,0.9068698865214593,136,29.316742658615112
400,0.19149372005850318,0.7994997206698569,0.8726771335159516,0.8633274142390606,136,29.918914794921875
401,0.1901955973447823,0.8136389691289427,0.8922505378395386,0.885373225088967,136,29.35091543197632
402,0.1880825061381348,0.8090501062425083,0.8891498143211232,0.8844649398251063,136,29.596513271331787
403,0.19157014484327983,0.8298976221078351,0.901367974833428,0.893958543681612,136,29.918576955795288
404,0.18842331011120866,0.7897255353203534,0.8759624797353075,0.8710361654848909,136,29.34463095664978
405,0.18712020271677313,0.825730390169816,0.8993087550221462,0.8917155001784559,136,29.37188720703125
406,0.1884330225184681,0.8298482329957023,0.9047878652932878,0.9003564255064194,136,29.86370015144348
407,0.19274102181680802,0.8278200845716853,0.9028362377542389,0.8942274223874461,136,29.267537355422974
408,0.18435039062325548,0.826978044206185,0.899366669891071,0.8929282512602361,136,29.032085180282593
409,0.1843412193219836,0.8349599103982112,0.9073118682552775,0.9012193095220178,136,29.336316108703613
410,0.18707147198237054,0.8044249447731799,0.8836796316877806,0.875997416657354,136,29.33660650253296
411,0.18525933874089542,0.8190325213233289,0.8990583879955429,0.8948373433005654,136,29.334073543548584
412,0.18545885293222056,0.8134934562398126,0.8892247363630044,0.8823827444818436,136,29.337183475494385
413,0.18630089598700283,0.7945963005392316,0.8711626713695853,0.8668936316969835,136,29.384737014770508
414,0.1827995537257776,0.8270719454147759,0.905359061354865,0.9030451513997605,136,30.0963454246521
415,0.18886445668654714,0.8284243946270302,0.9045404765675524,0.9030882744323097,136,29.37456774711609
416,0.1872284684360512,0.8411021912164202,0.9123315730646648,0.9054317228309076,136,29.40491247177124
417,0.18473251012524938,0.8306727969729903,0.9035852818012917,0.9001751680642738,136,30.076557159423828
418,0.18621168673280777,0.7989384033008161,0.8744965806478728,0.8692280009807232,136,29.441688776016235
419,0.18820975369554224,0.827178682328523,0.901132610635099,0.8947930577690996,136,29.412781715393066
420,0.18469186109013674,0.8256428772960618,0.8994497176076648,0.8960184116295608,136,29.749556303024292
421,0.18900497584808162,0.8306153376613429,0.9036099624769995,0.9011493762080867,136,29.489673376083374
422,0.1881052101772975,0.808476193608185,0.8854438000244516,0.8862024028124071,136,29.094539642333984
423,0.18989385010265722,0.8212188578335062,0.894440193395351,0.8885821655804645,136,29.337039470672607
424,0.18747610931958608,0.8202169192463101,0.8961106031608534,0.8886195480234533,136,29.109286308288574
425,0.18610759751825798,0.805366574914498,0.8865017129556891,0.8797103082902179,136,29.064584732055664
426,0.18761036217939564,0.8319532204282912,0.9078379398880736,0.9027599886721971,136,29.241918802261353
427,0.18584633733683487,0.8131514052125106,0.8923113134159177,0.885790623976981,136,30.108290672302246
428,0.1877849060830062,0.7955214529028425,0.8779072194230482,0.8758910636366595,136,29.437236309051514
429,0.18593436667347343,0.8362540334259733,0.910018036596731,0.9068331986730811,136,29.33482599258423
430,0.18720985543194826,0.7922183368967328,0.8673502847754713,0.8587949258924061,136,29.368170022964478
431,0.1883122544826531,0.8254683817771604,0.8990374739876873,0.8943257071963271,136,29.98079800605774
432,0.18878030558911765,0.8377533028603839,0.9107257868710046,0.9056917093053019,136,29.555091857910156
433,0.18837537331794335,0.7790715423797065,0.8557928258195269,0.8520885991810029,136,29.380207061767578
434,0.18787626061982254,0.8217557414164043,0.896300443181457,0.8922122921130945,136,30.004096269607544
435,0.18440748557327238,0.8122021968311239,0.890956405423155,0.8864941903827325,136,29.54046082496643
436,0.18534901938060436,0.8249599687700067,0.898945334330898,0.893176631402166,136,29.377835035324097
437,0.18409695415719737,0.8142981795165971,0.8893519850788477,0.8846444693642237,136,29.30987811088562
438,0.18660010215712758,0.8172163077517154,0.8915738761739482,0.882247260323344,136,29.32080388069153
439,0.18393173353458808,0.8333558170353008,0.9085968024600506,0.9028820614301971,136,29.32768940925598
440,0.18451651100947605,0.8318124422502506,0.9047394838194884,0.8968401060190991,136,29.235495567321777
441,0.18721343274038982,0.8067689692189997,0.8791431342757537,0.8791433961772662,136,29.325703382492065
442,0.1877464009978907,0.8099763886523446,0.8810655121266477,0.8782727802576706,136,29.510130643844604
443,0.18623539690322022,0.8303959206952759,0.9035938437921072,0.9000121977561156,136,29.87839913368225
444,0.18450020047707286,0.8135452771588192,0.891928534418261,0.8878008462529298,136,29.410943508148193
445,0.18977411854557874,0.8352741680778777,0.9087172619686146,0.9037317140608081,136,29.355058908462524
446,0.18505083212280662,0.8146212557118051,0.8872078256746191,0.8812953226899576,136,29.952234506607056
447,0.18835451750735926,0.8245880683535002,0.9029043833286794,0.8960396346065147,136,29.441582441329956
448,0.18474598053267333,0.7939353274519918,0.8768755268820523,0.8705318849099485,136,29.34061598777771
449,0.18548303545732808,0.8206583425535952,0.8947894335048292,0.8887880640760686,136,29.911885976791382
450,0.18626861486250793,0.8098860202959779,0.8829695189404289,0.8762242551109997,136,28.898021459579468
451,0.18056085106076264,0.8337104673081761,0.9071307420727582,0.9022050307086036,136,29.15461564064026
452,0.18782966965582312,0.8253930421249183,0.9049100579939788,0.8976759994574457,136,28.99801468849182
453,0.18373782308847925,0.831134072078088,0.9105063850941163,0.9065568416283446,136,29.460233449935913
454,0.18720605309174312,0.7757130636311301,0.8797314598267971,0.8748278479816922,136,29.680675506591797
455,0.18608768647763788,0.8376150651843808,0.907835723026348,0.8994636715699613,136,30.1363205909729
456,0.18275550601443624,0.8259218082397318,0.8997420267225005,0.8932405316672731,136,29.70381450653076
457,0.18909629537322656,0.8302190005456941,0.901808970934484,0.8970201844513299,136,29.58605146408081
458,0.1871592327952385,0.8288936996156889,0.902919330727844,0.8978755470176147,136,29.996060371398926
459,0.1856946284329988,0.7741197254522356,0.8639411511233788,0.8620381579710589,136,29.639920711517334
460,0.18131514959703615,0.8158329316263044,0.8897511441576829,0.8877197648543192,136,29.668726682662964
461,0.18266837522993243,0.837263384103323,0.9093643006854731,0.9039591923951001,136,29.999184131622314
462,0.18410202679110738,0.843333262232321,0.9159894755778857,0.9100373992304828,136,29.6030113697052
463,0.1809746842922234,0.7743247345806745,0.8758805984555047,0.8714749943155347,136,29.500601053237915
464,0.18573070917187667,0.802691660140568,0.884897265447178,0.8809041040106765,136,30.036254405975342
465,0.18395786980787912,0.8153172583646829,0.890040481711723,0.8820445856188799,136,29.638407230377197
466,0.18615332257941486,0.8051760735031257,0.8978446930602069,0.8958672728483523,136,29.305187702178955
467,0.1841049715270841,0.8063183683291294,0.8749757768934756,0.8749026400585854,136,29.293071746826172
468,0.18432474614885763,0.8180076644016427,0.893786077221408,0.8911129043942404,136,29.435280561447144
469,0.1807060943749862,0.8097221472178653,0.8820130563311868,0.8789334613534483,136,29.464635372161865
470,0.18479067474845948,0.8339820663227002,0.9103222079523254,0.9058310397192673,136,29.756584882736206
471,0.18449211156949763,0.826531701404523,0.8992671398872543,0.8910574286385704,136,29.441113471984863
472,0.18326556488750426,0.8155195064567553,0.8925507580512737,0.8881250952189612,136,29.363203525543213
473,0.18347030217812313,0.8058816859786403,0.8864147591155029,0.8817748748225952,136,29.653963565826416
474,0.18444562600395545,0.8380534524933145,0.9088346744205953,0.904260096583805,136,29.27013397216797
475,0.18459345727432064,0.8157839165418973,0.8908291544021263,0.8891462678427879,136,29.3722026348114
476,0.18545970217726096,0.834603410756356,0.9088425136505256,0.9017894305057923,136,29.61437487602234
477,0.1856526279958283,0.8371524151633353,0.9115113074988693,0.9045669658379272,136,29.415441513061523
478,0.181825194962141,0.827299246123867,0.9029142184103817,0.8994605347554941,136,29.382249355316162
479,0.18423841596861196,0.806705946270288,0.8876214453169069,0.8835700164428933,136,29.41010284423828
480,0.18377180754896102,0.8183635913264962,0.8945432600521805,0.8892992762224221,136,29.396931648254395
481,0.1841845526927855,0.8219552530660156,0.8991409822388614,0.8932204809298238,136,29.371018409729004
482,0.18274453639741836,0.8298212652991386,0.9044103900672168,0.8972355336047133,136,29.322895288467407
483,0.18578841712901262,0.7587657120975255,0.8934398668365411,0.8870390726362427,136,29.184990644454956
484,0.18459385960567287,0.8186636870849457,0.8965952754799539,0.8920242967491444,136,29.2507963180542
485,0.18795231190638814,0.7958607161666116,0.8735793781941508,0.8679410745002256,136,29.360053777694702
486,0.18197957517170324,0.8312699241725441,0.9067072495008328,0.8993569936471533,136,29.425618410110474
487,0.18360446974998568,0.8034247743991374,0.8803644890638286,0.8793802344753747,136,29.49071717262268
488,0.18382781392675104,0.8395389281409176,0.9147672591519237,0.9090688769297608,136,29.3910014629364
489,0.1829940723330994,0.8243382841374931,0.9008078830489378,0.8984622439730161,136,29.408447980880737
490,0.1808287160910242,0.8294327983418631,0.9052926963957029,0.8993420824764803,136,29.450197219848633
491,0.18583577944011223,0.8182042851022648,0.8926115532437908,0.8880391370588839,136,29.335641384124756
492,0.1821715201183063,0.8174763967989589,0.8939319413063537,0.8879986059441045,136,29.338732957839966
493,0.18752374076019457,0.8146524950207227,0.8895447241358387,0.8881817782459809,136,29.333277225494385
494,0.18645332293297218,0.8179533216782185,0.888281922514235,0.8787524647524857,136,29.354952335357666
495,0.18301622714938187,0.829568738980312,0.9044844769159208,0.9006925061268136,136,29.40533137321472
496,0.1874544161364315,0.8357326625232175,0.9075498389591251,0.9032570155167166,136,29.295199155807495
497,0.1848550829582098,0.8417381286798206,0.9148504776398738,0.9092940005693562,136,29.23620057106018
498,0.18417192401924753,0.8348510675034759,0.9089900944355923,0.9024826660352702,136,29.390583992004395
499,0.18747117358252285,0.8200667962651433,0.8954960142534126,0.8930561425741073,136,29.457584142684937
500,0.18463826185561777,0.831396654181679,0.9085602865523953,0.9034250421138837,136,29.42956018447876
501,0.1830561453007101,0.8170726495996923,0.8893121225670736,0.8920514586739422,136,29.37713074684143
502,0.18265607753177968,0.8049233084221004,0.8836461871472915,0.8833006811462374,136,29.42576813697815
503,0.18309811169539042,0.8167553284705337,0.891125862050534,0.8819517349228968,136,29.408865690231323
504,0.1827412147710963,0.8336074952731806,0.9064254933166593,0.8981306614938178,136,29.377978801727295
505,0.1828041025172404,0.8333318400856353,0.9071306373071275,0.8983727286322852,136,29.43632960319519
506,0.1819210648536682,0.8008790111197832,0.8755031158701287,0.8721976532083475,136,29.410513401031494
507,0.18372542604925188,0.8212497087643146,0.8968797105932527,0.8888535740244612,136,29.14716100692749
508,0.18602578426764263,0.8076151209056306,0.8933947730133351,0.8840255619636865,136,29.177879571914673
509,0.18140917810482707,0.8364197276193669,0.9106611233900626,0.903237791093241,136,29.392134428024292
510,0.18203790970449527,0.832838628252945,0.9050763247405346,0.899368238321216,136,29.342305183410645
511,0.18367656374849925,0.8420913590347139,0.9137441361569005,0.9051582526003286,136,29.305985927581787
512,0.1836283369277551,0.8176081779077649,0.8913712057701028,0.8840583273855602,136,29.370644330978394
513,0.18446335463019892,0.8202691268363342,0.8947840809285488,0.8862038009366375,136,29.32032084465027
514,0.18099968159586433,0.8127782044236215,0.887401386473494,0.8829645687021878,136,29.02809476852417
515,0.18188857571865485,0.7769197776305453,0.8768473685607401,0.867749001463102,136,29.03813886642456
516,0.18571821739518546,0.8212907977986377,0.9027317621947206,0.8948425518450067,136,28.898606061935425
517,0.18585159381230673,0.8206785113415588,0.8953280456796107,0.8926203083069364,136,29.030043601989746
518,0.18518938184753667,0.8294550535204852,0.9020474141793744,0.8936680227773177,136,29.053569555282593
519,0.1838041712961546,0.8421178102832454,0.9156258678936873,0.9069259320116385,136,29.05989718437195
520,0.18176248433386408,0.8315028228149075,0.9070243170364507,0.8990885796447023,136,29.038209438323975
521,0.18340383785042336,0.8273055599123839,0.906323985819175,0.9004784532043689,136,28.853131771087646
522,0.18315475694532315,0.8335110646017793,0.9066874371108153,0.8980303092477069,136,28.954156160354614
523,0.1834323927154386,0.8344494520465128,0.9102065029074893,0.9049325856839354,136,28.994297742843628
524,0.18601194217922243,0.8234590432290202,0.902576401561249,0.8990177307835997,136,29.054569959640503
525,0.1787399069322803,0.829686179439162,0.9042206745569679,0.8984014500886499,136,28.90248942375183
526,0.18693672677850334,0.8384833730936414,0.9135075200733069,0.9061941929825081,136,28.922738075256348
527,0.1819850355386734,0.8266661945443488,0.8948944473572917,0.882805063760968,136,29.018628358840942
528,0.1838895889317117,0.8306280057012231,0.9075419050820065,0.8995204422816343,136,29.061571836471558
529,0.18508408854647382,0.8040998630040138,0.8853561108483115,0.8795898748914939,136,29.031858682632446
530,0.18227177210212722,0.7935836730824055,0.8735824376528982,0.8653448832620727,136,29.063596725463867
531,0.18310654563147846,0.7544148428659754,0.8610788169245296,0.8601809831868725,136,29.130327463150024
532,0.18345359573519326,0.8259741499396074,0.9033889749873221,0.8942845435232942,136,29.18848729133606
533,0.18511025153282212,0.827151632729171,0.9032754440234647,0.89754049629526,136,28.98778486251831
534,0.18159958998846815,0.8190648059679688,0.8970078181410586,0.8915144229675775,136,28.994794368743896
535,0.18338629554926864,0.821534585926687,0.8940933756275586,0.8860168388229803,136,29.148216247558594
536,0.1822143470853325,0.8288642192321931,0.9053589181968336,0.8971734603731321,136,29.10936999320984
537,0.18256527076407178,0.8289134762877046,0.9046909004416488,0.9001490106474976,136,28.967849493026733
538,0.1818602436441716,0.8183869727128358,0.8960767403946175,0.8891867098115269,136,28.76861572265625
539,0.18267076741146848,0.824417640415323,0.8988340461624778,0.8939647084934755,136,29.036491632461548
540,0.18429590967612539,0.8291842243595798,0.904378448855987,0.8989654884702006,136,28.90268635749817
541,0.18370104332764944,0.8307269310856698,0.9091216065514598,0.9036249090934377,136,29.03591537475586
542,0.1812638031031058,0.827687854508538,0.9018867285197927,0.8962628983244758,136,28.92941665649414
543,0.18074442755158354,0.8420100182095914,0.9128955745998907,0.9050339485829295,136,28.92404580116272
544,0.18218493449494122,0.8171790517585897,0.8935756034794744,0.885338495055528,136,29.160317182540894
545,0.1895323013508223,0.8310006009224169,0.9028932484167898,0.8962746735643068,136,29.131062984466553
546,0.17936277401641132,0.8309867793040797,0.9073758303218468,0.9022076997395387,136,28.9486083984375
547,0.18426558169407573,0.8177223142533647,0.8944247492966907,0.8872863837134308,136,29.095900535583496
548,0.18129308969993901,0.8287924191965241,0.9064178937135301,0.8992646251087454,136,29.104052543640137
549,0.18405491107605337,0.8059455589472383,0.8776686672503567,0.8742685679183845,136,29.021250009536743
550,0.18149965704698873,0.8230410039336171,0.8984078789532455,0.8913463254594776,136,28.87132954597473
551,0.18506426436872017,0.8288980718057569,0.9055395095379825,0.9008797144580588,136,29.01514720916748
552,0.1761226156741623,0.8202020503212359,0.8978862875464777,0.8919039056436475,136,29.027713298797607
553,0.18172036717093087,0.8400150855213329,0.9117945947278459,0.9051844833518664,136,29.0910382270813
554,0.1815044686077087,0.8366333173550656,0.912044471924095,0.9065966500882111,136,28.932883739471436
555,0.1835019399480122,0.8468635555255908,0.9173934590593102,0.9078315970191362,136,29.050811052322388
556,0.1880657394848219,0.790363786860707,0.8686784267123717,0.8633705593126344,136,29.100248336791992
557,0.1834421502501984,0.8380429404454217,0.9127963341334292,0.9050244526047959,136,28.99169158935547
558,0.18305531592388463,0.7742800085333152,0.8609641790078655,0.8580968952012835,136,28.958077430725098
559,0.18113918772073295,0.7984342260856243,0.89195394031047,0.8845004430424874,136,29.010361909866333
560,0.18324884905563138,0.8376069390266123,0.9113684238802569,0.9042152927282638,136,28.998109340667725
561,0.17791396791372843,0.7944853009747488,0.8799095176577176,0.8698541798052812,136,29.04648733139038
562,0.18079565792548946,0.842621643164892,0.9142556015924452,0.9081692765342122,136,29.02040410041809
563,0.18171976373447635,0.8117784566989731,0.889201975356243,0.883486480769931,136,29.021973609924316
564,0.18556525958020512,0.7998231838135034,0.8838718491652342,0.871575647387251,136,28.855743408203125
565,0.18148356021904363,0.8357959887380948,0.9099661377147502,0.9022655835654041,136,28.96902322769165
566,0.18123895699173453,0.8038639546370883,0.8801004797549337,0.873753478221113,136,29.015496492385864
567,0.18095804635829071,0.8396383989829419,0.9146162955784616,0.9108773054296371,136,28.670839309692383
568,0.18013188036961283,0.8242858665073993,0.9067998958059438,0.902018515690874,136,28.878828525543213
569,0.18341229940817608,0.8344372974190559,0.9113315560164076,0.9041845206067277,136,28.98370933532715
570,0.18065438031907974,0.8263665703017293,0.8991897481573548,0.8901571076999546,136,28.87413477897644
571,0.18174983857850718,0.8351467004991733,0.909749439248087,0.9024712867498828,136,28.87661862373352
572,0.18381943723292854,0.8383131043623462,0.9139166070587873,0.9079862967455258,136,28.977367639541626
573,0.18393416333247006,0.8013176564329838,0.878959820985932,0.8751271946749546,136,28.94987392425537
574,0.18375273842394838,0.8369645133034844,0.9128185205753787,0.9060235365936464,136,28.74818730354309
575,0.18647619445876376,0.8180079706210359,0.8935085268555382,0.8890061794812534,136,28.952453136444092
576,0.18106384108948514,0.8285881624303564,0.9076637315220143,0.9021966052213117,136,28.80847954750061
577,0.17985639060900463,0.7985533039559441,0.8887261230186032,0.8841849557467226,136,28.669326066970825
578,0.18256393232481266,0.8334086289455567,0.9060907720506785,0.9019165682971833,136,28.978493690490723
579,0.18531658936564516,0.7931001601465042,0.8781943219691174,0.8741278558514314,136,28.79292368888855
580,0.17994154111398913,0.8089839830917058,0.8928269978480483,0.8899796023122724,136,28.7603816986084
581,0.18169849880827152,0.8251584315392559,0.9052505042946608,0.9001420594584846,136,28.951895713806152
582,0.18386956831304038,0.8240006078790059,0.9046821878537901,0.8988737659514174,136,28.761842966079712
583,0.1814269012794262,0.8203393753232456,0.8978888908903648,0.8911593363468179,136,28.69632840156555
584,0.18418384307041402,0.8341041676498312,0.90891131537189,0.9013183331155308,136,28.592681646347046
585,0.17898522499130992,0.8288055734867886,0.9043917751593978,0.8980881502640428,136,28.76116943359375
586,0.18026992194051664,0.843634466128246,0.9160461554689471,0.9111939221778098,136,28.898430109024048
587,0.17936208819955346,0.8370863596891415,0.9112937247460875,0.9048742730122996,136,28.846582889556885
588,0.18459339978975978,0.8199596049672152,0.8951037463624711,0.8863789470757449,136,28.795088529586792
589,0.18514488467840645,0.7993827663794418,0.8838261892107157,0.8777873286459662,136,28.9218966960907
590,0.18382437872450527,0.8065318001189531,0.8827930579310683,0.8801658455385551,136,28.822842597961426
591,0.18288223790686306,0.8370794334210353,0.9110213094784136,0.9030436405868056,136,28.811809062957764
592,0.1816572515460534,0.8149469414688879,0.8931900910957391,0.8857596176127781,136,29.068008184432983
593,0.18293115660184767,0.8101388564951308,0.8880597529846317,0.8786277240155972,136,28.932517528533936
594,0.17937507789309431,0.8077599489206975,0.8853691890797106,0.8778395390235969,136,28.93051314353943
595,0.17887135940354046,0.8131926244371276,0.8886157680002974,0.8798181074309378,136,28.537524461746216
596,0.18285070916986076,0.839407980842443,0.9155084484163503,0.9076421127658051,136,28.756660223007202
597,0.18109536267877593,0.7970138778137539,0.8918147730884076,0.8822255629521744,136,28.763782262802124
598,0.18164096584891884,0.8261487958444842,0.903306954588746,0.898209445622605,136,28.62385606765747
599,0.18581106477394338,0.8299569417857813,0.9049864527938309,0.8995256429354159,136,28.82768964767456
600,0.17914681911953095,0.8320771783388428,0.9051250278104455,0.8987702590957116,136,28.826255559921265
601,0.18087204915236652,0.8397052626240489,0.9142520656307271,0.9078642259972376,136,28.499911785125732
602,0.1826205365056914,0.8319328429109932,0.9045471357649872,0.8981542400601242,136,28.69027614593506
603,0.17946452641390204,0.8327654105180948,0.9067997228391718,0.9014535124355154,136,28.782403469085693
604,0.18200547248125076,0.833228540789117,0.910246930772417,0.9035586422863557,136,28.671144008636475
605,0.1816534572015933,0.8304999301423495,0.9073032433340051,0.8990754621021737,136,28.786113262176514
606,0.18237168687145885,0.8340194119345272,0.908428510797846,0.9007778781207934,136,28.674602270126343
607,0.1846579252098634,0.8302457709539508,0.9098411399317609,0.8998880288084026,136,28.57319974899292
608,0.18144891271746255,0.8259130307937368,0.9005275241191815,0.8951985508470687,136,28.818355560302734
609,0.1792222331694471,0.8313659927304913,0.9097890757261262,0.9026274844138437,136,28.8550922870636
610,0.17811640618535562,0.8295941834984565,0.9074554897633169,0.9036760449113832,136,28.95790147781372
611,0.1790090128173673,0.810240596889215,0.8918930090409207,0.8886151645663675,136,28.81377649307251
612,0.18262972870493324,0.8254306962967528,0.9001227304164421,0.894345483949835,136,28.849881410598755
613,0.1849655879101133,0.8321510393142376,0.9080966925223574,0.9024860045707547,136,28.952089309692383
614,0.17885256710091257,0.826470813909877,0.9020866885547835,0.8934011176556207,136,30.486374139785767
615,0.1799810370051764,0.8058291982037574,0.8861082967095995,0.8815224652808418,136,28.961297035217285
616,0.18182318681866172,0.8047634420063866,0.8821174891434133,0.8771382780908491,136,29.293400287628174
617,0.17848734563686014,0.833749880657114,0.9050618393429057,0.8986203818977259,136,29.19661593437195
618,0.1782165338716856,0.8233339896331394,0.8999293149926395,0.890811883934856,136,29.609278917312622
619,0.18066948767357727,0.8233239420370804,0.90306061728718,0.8975056041084373,136,29.45054864883423
620,0.18122760260977397,0.8062704451555464,0.8954681298703833,0.8896875760865403,136,29.600754022598267
621,0.17938189038900826,0.824563578544165,0.8976708859705687,0.8936416166064192,136,29.729335069656372
622,0.18094724780175744,0.8357042894142728,0.9068132963951703,0.8993348948185239,136,29.62712287902832
623,0.18150688847148322,0.8337750407304474,0.9067621238435832,0.8973252826457462,136,30.01211929321289
624,0.1802940361989223,0.8298285621921706,0.9062240119774878,0.9011469178103604,136,30.18243098258972
625,0.17851318727906157,0.8376161810459848,0.9119175844609089,0.9050547613137697,136,30.08819842338562
626,0.17987370921101997,0.8330987996419649,0.9103536752352561,0.9048957540342255,136,29.818867683410645
627,0.18175657129869227,0.8103311370089754,0.8953759870859339,0.887959259922525,136,29.552128076553345
628,0.1827977391762462,0.8291870998065054,0.9019986621003568,0.8974454576065682,136,29.760186910629272
629,0.18369350733795786,0.8337686099246729,0.9099002559769958,0.9027657483900162,136,29.84692668914795
630,0.18089128994360204,0.7921955582074284,0.8802197840198478,0.8720693800912702,136,29.82926893234253
631,0.1771988980774957,0.8260273033184987,0.8998933579904442,0.8913199103015108,136,29.783116340637207
632,0.18269726191836644,0.8294087612010868,0.9078365653469832,0.9053868135183248,136,29.513808012008667
633,0.18005694043103274,0.8291690063927823,0.9061520581739095,0.9026101685417136,136,29.791621685028076
634,0.1825380101799965,0.8276798094540702,0.9012854842643695,0.8914408065487347,136,29.68561100959778
635,0.18204315339888982,0.7933209312946833,0.8772188002168546,0.8757256469199097,136,29.816937685012817
636,0.18016820243461346,0.8414351105761353,0.9135855922056461,0.9057061448750953,136,29.991441249847412
637,0.17854643431378575,0.8097076163688548,0.8899328532510659,0.8826119630344518,136,29.855028867721558
638,0.18339395632104175,0.8321164409194296,0.9090616536261578,0.9020345381492945,136,29.851741552352905
639,0.1803075876541254,0.8361793878060526,0.911653356422202,0.9042392542329795,136,29.712886810302734
640,0.18002455312062085,0.8212913232791579,0.8954823070225871,0.8843091265625066,136,29.667210817337036
641,0.18327282114726742,0.8398584145134597,0.9146068900726669,0.9067116370472474,136,30.110767364501953
642,0.18338451249812676,0.835430873725894,0.9075036596650361,0.8978701300439242,136,29.97780418395996
643,0.18160356835621158,0.8239950644891203,0.8988915470608517,0.8864321061761274,136,29.846123456954956
644,0.18161078215372273,0.8346810681688827,0.9049331473961876,0.8990282238149829,136,29.566537380218506
645,0.17738393445809683,0.8409096388745833,0.9129457445068986,0.904329168424244,136,29.315659284591675
646,0.17638026329317713,0.8321993979692287,0.9061247007029872,0.899470845124077,136,29.479017972946167
647,0.18051576541691292,0.8395930591789114,0.9134390423341996,0.9057921213199396,136,29.79205560684204
648,0.17896112678496817,0.8300936740185466,0.9070339007035999,0.9002462193320688,136,29.689287662506104
649,0.1802616108481477,0.8278469112564086,0.9038401237547165,0.8975732532682187,136,29.62138342857361
650,0.17660723142023008,0.8144046563417144,0.8927624011249704,0.8901178187831896,136,29.580830574035645
651,0.17838983698104455,0.830445480184644,0.9055111948674103,0.8993095889584543,136,29.55392098426819
652,0.18319132712071504,0.833098859980069,0.910078084589159,0.9014182843972649,136,29.714478254318237
653,0.17907476491802107,0.839188452314597,0.9133199220951649,0.9056978865296368,136,29.43703603744507
654,0.18072984858257016,0.8349239899050793,0.908413820550621,0.9014473648937126,136,29.585623741149902
655,0.1819653113683065,0.8304383638882171,0.9062009510912399,0.8970608019678097,136,29.465425729751587
656,0.17628501525254753,0.8345190066292296,0.9103979736666516,0.9036829576713259,136,29.224165201187134
657,0.1793418481824844,0.8331757992097051,0.9063414197824015,0.9002978401374008,136,29.403124570846558
658,0.176971574442658,0.8220412606294446,0.8973461420970122,0.892629595518488,136,30.31261110305786
659,0.18004807896488081,0.8216695211885119,0.8975263121787753,0.8915953047213037,136,30.013165950775146
660,0.17681657547146323,0.8065761194717452,0.8917215844117733,0.8889732119951352,136,29.37150812149048
661,0.1769240156906407,0.8223351859406749,0.8970073822337767,0.8900009837078948,136,29.28095579147339
662,0.17863972751590296,0.8254893621401255,0.8999004398919012,0.8927538944859367,136,29.396440744400024
663,0.17530023924461224,0.8289838270696566,0.9037141855613462,0.8945511273071567,136,29.391572952270508
664,0.1777970226920717,0.8204087382518235,0.8985439809830762,0.8939557052969553,136,29.405330896377563
665,0.17543063561121622,0.819704509428402,0.8954868253476131,0.8903302756724437,136,29.258583307266235
666,0.17951037758976462,0.8038126190249182,0.8890691912096453,0.8815812557961606,136,29.241828203201294
667,0.17337600117534158,0.8179721678682175,0.8979446233156596,0.8920255992281464,136,29.558236598968506
668,0.18105999337948434,0.8373428742054532,0.9117433316046764,0.9067841084082432,136,29.329362392425537
669,0.1827738666679801,0.8161344670648464,0.8936212046753738,0.8879144571644366,136,29.5460147857666
670,0.17737590812328385,0.7877019203841886,0.8809051138435393,0.8739498665285907,136,29.71355628967285
671,0.17445224444798338,0.810164207253881,0.8925906921982834,0.885958110621045,136,29.490930318832397
672,0.17918753926831532,0.8174972905605316,0.8910805002506068,0.8865460136079485,136,29.634191274642944
673,0.1804214875872542,0.8114664120986789,0.8897698302181476,0.8811740401652639,136,29.474726915359497
674,0.18092347433169684,0.821396352001345,0.9007167892792819,0.8953383957210486,136,29.39167332649231
675,0.17813156781400122,0.8226375622768474,0.8997041368413603,0.8906642957555683,136,29.393700122833252
676,0.17815913163064942,0.8307260738811104,0.9111394685914694,0.9062690633271349,136,29.356608867645264
677,0.1814141228673904,0.7982552536860308,0.8949212260441444,0.8907266959494909,136,29.45608949661255
678,0.17723015308137832,0.832862530766586,0.9096267789586641,0.9038676668953823,136,29.557742595672607
679,0.17832037776224013,0.8208214918399829,0.8947424683619528,0.8873178380950145,136,29.44632887840271
680,0.1759641240767347,0.8315199969420761,0.9033957333190429,0.8957645499432119,136,29.39147925376892
681,0.17961070389767003,0.755422913452568,0.8468966210095039,0.8514835742184144,136,29.35731267929077
682,0.18068024697827129,0.8298177747135632,0.903529499295999,0.8950858252155987,136,29.528602600097656
683,0.17737280874232936,0.7961023005159876,0.8888117735574019,0.8839125713789628,136,29.615689277648926
684,0.1760471395360745,0.8239052328981135,0.8992949707395678,0.8919918069279824,136,29.50089430809021
685,0.18186050823064354,0.8241191521326342,0.8985736915918832,0.893542891672345,136,29.779783010482788
686,0.17889015394739988,0.826964725113856,0.9061048504190162,0.9011820194189593,136,29.837543487548828
687,0.17629915778714467,0.7782429844039633,0.8616712234803267,0.8628330557867745,136,29.425507068634033
688,0.1755671724677086,0.8390998653915698,0.9173191428479033,0.9124074999137433,136,29.400079488754272
689,0.17511232136710872,0.829089956832785,0.9058764247301387,0.9002052774456419,136,29.594407558441162
690,0.1785252705458703,0.7936750627214207,0.8916693054171105,0.8836092882071246,136,29.897474765777588
691,0.17944134329634953,0.8196908765763883,0.8965154116681662,0.890765595407085,136,29.368400812149048
692,0.18019043957072545,0.808577948731184,0.8874756862871599,0.8825326718777113,136,29.51727271080017
693,0.18031485402971748,0.805486166649971,0.8837217877779959,0.8720285636263689,136,29.51950979232788
694,0.18054293962271234,0.8262678152490984,0.9018952568086698,0.8941803139401252,136,29.65427827835083
695,0.17960949787279454,0.8270076515735278,0.901018947348915,0.8947357596739673,136,29.32692575454712
696,0.17647873495167832,0.8159682782619104,0.9062976016895878,0.9013766339149474,136,29.67997431755066
697,0.1781858417803679,0.8396789247569199,0.9145772375062265,0.9083288331388508,136,29.559287071228027
698,0.17516401888636068,0.7923496582345216,0.884245003027309,0.8797486682168623,136,29.398553133010864
699,0.17861086045338856,0.8141877561516798,0.8901482066112911,0.8851751327107037,136,29.605119943618774
700,0.1808946155677966,0.8234145540932589,0.8969824556262811,0.8884575804986956,136,29.679058074951172
701,0.18118328576892373,0.827517861448358,0.9053467993168657,0.8974782916834406,136,29.705497980117798
702,0.17986555173387372,0.8324532850664397,0.909719644703632,0.9044491005389252,136,29.721816778182983
703,0.17822080632535423,0.8281417644455528,0.902031641140217,0.8932582452904292,136,29.51850700378418
704,0.18029496303903378,0.8301710163276897,0.9078693914075613,0.9033849344277547,136,29.9901225566864
705,0.17736888901004946,0.7747741499259375,0.8725978114528005,0.8723902992140942,136,29.62077045440674
706,0.17807348969021464,0.7879081058487223,0.8786639370094119,0.8718990041742831,136,29.925504446029663
707,0.17754174375194845,0.8144159990788917,0.8918780028185351,0.8856083682764577,136,29.908384561538696
708,0.17595067602105258,0.8355352502413951,0.9110990364656143,0.9062671523956918,136,29.959742307662964
709,0.17592572239114018,0.826381599393859,0.9058886282431194,0.9009960731263905,136,30.08772563934326
710,0.17917336099516085,0.817822180162972,0.8919640932894854,0.8824430033217311,136,30.12700319290161
711,0.1784055864786714,0.8265873694469591,0.9087171907022398,0.9029643518908598,136,30.04823875427246
712,0.1787401700044066,0.8302860914953522,0.9026671046906888,0.8972428837182411,136,30.02306580543518
713,0.17867107029125942,0.823149577543687,0.899313649385941,0.8917015730349322,136,29.95542287826538
714,0.17526091841178212,0.8210753878810116,0.8973000369094195,0.8900831495796878,136,30.294360876083374
715,0.1749037660476638,0.8093163035749669,0.8878191496723873,0.8801968214041438,136,30.130516529083252
716,0.17726875217707178,0.8314921874589818,0.9047683722089368,0.90043083512812,136,30.115766286849976
717,0.1781709174193987,0.8334801311885369,0.9053898202882974,0.8974087796558684,136,30.16045379638672
718,0.17892578650053922,0.7980722925208752,0.8792167508759554,0.8759958976103949,136,30.261122226715088
719,0.17786200962415555,0.8135784843695633,0.892179217048362,0.8858990185160225,136,29.914515733718872
720,0.17781729554015446,0.825921744389081,0.9020422363619914,0.8973084518221021,136,29.681821823120117
721,0.1776128008477087,0.8135865708741655,0.8958066088058065,0.8896050733973132,136,29.33668828010559
722,0.1771172277811097,0.8117639544890549,0.8920239149880951,0.8874923393992011,136,29.658248901367188
723,0.1786781751770314,0.8297021209352975,0.9116259334467594,0.904777998421346,136,29.439388036727905
724,0.17771933494302317,0.8244317190858034,0.9022174024717761,0.8943875984164843,136,29.57140302658081
725,0.17900628354248962,0.8217762632704411,0.8965655872905827,0.8922629469677522,136,29.545541048049927
726,0.17923307921586,0.7760379254125251,0.8862415172679917,0.88121394813335,136,29.63454270362854
727,0.17784542560092803,0.8269945209140033,0.9069100964692898,0.899619564527553,136,29.596251964569092
728,0.17844796913668393,0.8077842621910658,0.8913774041472731,0.8848479437258787,136,29.923578023910522
729,0.1808766946196556,0.8174917993742508,0.8930699812716671,0.8843519793175886,136,29.929869174957275
730,0.18069880601109528,0.8175337874849486,0.8945353089925486,0.8908098195619492,136,29.321840286254883
731,0.1781832919251628,0.8143983459865066,0.8961291413795895,0.8911665577244074,136,29.597328186035156
732,0.1755951102065846,0.8347309402691644,0.9097276389749984,0.9031790215584679,136,29.371065378189087
733,0.17804310894836256,0.8109119858743008,0.8865652414585447,0.8840262969020811,136,29.61502766609192
734,0.1744484179993955,0.809104621750498,0.8910562960780175,0.8866909002840673,136,29.626967668533325
735,0.1758911275887877,0.816043345189457,0.893950742474001,0.8912679417158997,136,29.246635913848877
736,0.1752462007287072,0.7951741038806326,0.8825651351240813,0.8726777655386345,136,29.399304628372192
737,0.17451501758844873,0.8362032743856507,0.9113371934431427,0.9067335335227371,136,29.6479172706604
738,0.1749464670211319,0.8389034816209857,0.9157196120067617,0.9116773886459087,136,29.716214656829834
739,0.17559624184680178,0.810711212917107,0.8872530938574628,0.8831051998211429,136,29.594414234161377
740,0.1778613613630698,0.8349522701407396,0.9124143568141106,0.9085597182128176,136,29.43441367149353
741,0.17589964638880598,0.8331840297425467,0.9089955443019812,0.9060775421167963,136,29.533143520355225
742,0.17995700149274454,0.8180048656165714,0.8938712357979335,0.8898569461768624,136,29.545022010803223
743,0.17679245109722866,0.8347802619512205,0.9112389787536495,0.9058601868985474,136,29.501177549362183
744,0.179365238038505,0.8397495150352134,0.914181829827089,0.905973756113417,136,29.554677724838257
745,0.1739286356340579,0.8391515629226588,0.9123759700389814,0.904914251637012,136,29.69985866546631
746,0.1777548541625341,0.8042189059317331,0.894997783287838,0.8897676260556094,136,29.682012796401978
747,0.17703655059260082,0.8194504885373657,0.8961877004266843,0.8896229808765967,136,29.547839879989624
748,0.17662916956393698,0.8271794900216419,0.90128825881696,0.8961982896629852,136,29.505441188812256
749,0.1785701013556341,0.8160795956426612,0.8877654800458352,0.8825212873095083,136,29.598464727401733
750,0.18086152008878506,0.8087409609354622,0.8826407669620899,0.8775909615793472,136,29.57956862449646
751,0.1756541357050097,0.7951796866131096,0.8841834621496986,0.883187205385588,136,29.54147958755493
752,0.17539142756685008,0.811611724288697,0.887333529261183,0.8790720383631072,136,29.476582050323486
753,0.17779916312878694,0.8246378970227888,0.8990289612732223,0.8936776922001076,136,29.596506595611572
754,0.17641639824562927,0.8301884545736534,0.9050592983650197,0.8977348840266586,136,29.688055753707886
755,0.17515968979616475,0.7995381654740558,0.8767381826976004,0.8742945836886713,136,29.640552043914795
756,0.1767723228994424,0.8266665748915576,0.9020227245787502,0.8962876051937387,136,29.580145359039307
757,0.17830578098452188,0.82660707364695,0.9017895556746682,0.8987964618089939,136,29.504333019256592
758,0.17874336018552625,0.8298073353239995,0.9073121946832645,0.900223714221967,136,29.432791471481323
759,0.1786696082813953,0.8387778914588595,0.9116776390911575,0.9067087720675457,136,29.401235818862915
760,0.17440829292787768,0.8239160163601758,0.8997312324534736,0.8939791141109428,136,29.424601793289185
761,0.17566471256133986,0.8097174726751034,0.9051296860487372,0.9003882581459989,136,29.363924980163574
762,0.17522705310001607,0.8208072066458162,0.8982364424845718,0.89116666108128,136,29.31431221961975
763,0.18007896858744504,0.8228748414068332,0.9027212724241492,0.8995486401360158,136,29.39305329322815
764,0.1788115689182669,0.800779632643162,0.8794642822052126,0.8782618125409567,136,29.303006172180176
765,0.17617732589322377,0.7885178856771842,0.8839971155381817,0.8790616869050539,136,30.773900270462036
766,0.1750422893016319,0.8279987151831363,0.8981205441432696,0.890624152292372,136,30.86066699028015
767,0.1777955050148615,0.8388146418554484,0.910617972617571,0.9060176815313297,136,30.83260440826416
768,0.17705182610003928,0.8168084026898702,0.8966764649583687,0.8881451999579913,136,30.845961809158325
769,0.17768335197030044,0.7917739059836784,0.8762539835317676,0.8698982276067357,136,29.30640411376953
770,0.17723464154131044,0.805149355015662,0.8839498821792461,0.8759378668876125,136,29.257632970809937
771,0.17865474182900373,0.816487416739486,0.8970914569025259,0.8888336572533987,136,29.12850022315979
772,0.1769541391754538,0.8044289510778602,0.8853505032209223,0.8814377820437683,136,29.066339254379272
773,0.17676689942193224,0.810203876430116,0.8855357137114268,0.8768873794493154,136,29.114017248153687
774,0.17666191250328125,0.8195153933208766,0.8979565725852447,0.8887428551134664,136,29.250924110412598
775,0.17639895498268005,0.8192437827106014,0.8963749756147172,0.8913742570851328,136,29.219632387161255
776,0.17502736015533044,0.7748926038915411,0.8635118622447693,0.8564284998998639,136,29.178585290908813
777,0.17994620772154352,0.8285915593368247,0.9054600254495305,0.8993656820589717,136,29.08247137069702
778,0.17967136276931298,0.8133463543175863,0.894148947723388,0.8924912810787309,136,29.051560401916504
779,0.17841986100363538,0.7587001996397802,0.8736031902064918,0.8659310493730736,136,28.738195180892944
780,0.17725848158200583,0.8166197851777615,0.8919415611439012,0.8867891717112534,136,29.04533624649048
781,0.17742567533642295,0.8253132079989991,0.9027273046783569,0.8961533638443329,136,28.896607637405396
782,0.1770235214049254,0.8246369827116558,0.8966489495945711,0.892225884102491,136,29.089062452316284
783,0.1755230772059138,0.7862246766806463,0.8799522122265193,0.8786239625562107,136,29.099517583847046
784,0.17675199323311086,0.8293789484783025,0.903464493640125,0.8967363011920318,136,28.939066886901855
785,0.17983706937572821,0.8054067994844284,0.893504022878888,0.884956152502821,136,29.027828216552734
786,0.18243358883915878,0.8313364773674043,0.904648326474661,0.8972515198020063,136,29.057755708694458
787,0.17598870535933875,0.8280216384422296,0.9026216960836538,0.8966836112237845,136,29.020981788635254
788,0.17963975583150135,0.816703501593936,0.8981656088917745,0.8929962433999277,136,28.743891954421997
789,0.177026298048535,0.7867722331293849,0.8752920521291435,0.8705634919679975,136,29.04099702835083
790,0.1769285863492547,0.7503904290119912,0.8610861185345614,0.8558003358622698,136,29.022037506103516
791,0.17507362177943794,0.7581956844131358,0.8658628645791258,0.8573225569483566,136,28.820878267288208
792,0.17848151086307154,0.8144200282801016,0.8905554293558595,0.885200093827453,136,28.7363760471344
793,0.17693494890278916,0.7846221151701791,0.8730296209306562,0.8622234788397702,136,29.027254104614258
794,0.1766504512085178,0.8005287086778565,0.8788984150028096,0.8760369837786173,136,29.099478483200073
795,0.17549054264053096,0.8071671447884984,0.8848926274266449,0.8840361631904863,136,29.04181957244873
796,0.17392479028643631,0.7925855162045025,0.8826278339824256,0.8725600755136574,136,29.04531168937683
797,0.17996988917996243,0.8058235328571943,0.885556371788021,0.8831785180436482,136,29.022451877593994
798,0.17903416840041556,0.834193163641232,0.9054718711508241,0.899607226699721,136,29.025513172149658
799,0.17522164052579461,0.8069117835448507,0.881822755879424,0.8754883084051265,136,29.03383755683899
800,0.17560280223445193,0.8261056292971913,0.9004852909906657,0.8954981896749342,136,29.066393852233887
801,0.17486014526064803,0.830555988611237,0.9044346496239002,0.897796384402324,136,29.07844829559326
802,0.17447339289072084,0.811361584234117,0.887263660138495,0.8762903846683325,136,29.043589115142822
803,0.17808209456563964,0.7935392624899713,0.8933224436275886,0.8884048192854771,136,29.126989603042603
804,0.17716252276810204,0.8168148586245183,0.8939360579487778,0.8894770213283046,136,29.200852632522583
805,0.17562908824624085,0.8167639766852507,0.888344951208536,0.883215890195076,136,29.094176054000854
806,0.17808582742766635,0.8244819874632807,0.8969948812087291,0.893257140148845,136,29.09237265586853
807,0.17876128597957333,0.8128464732125738,0.8874704562441548,0.8793129025803308,136,29.138596773147583
808,0.17788060924144294,0.8127131662345385,0.8912873731481724,0.8887743471112082,136,29.14141082763672
809,0.17406796118835124,0.824426802886078,0.8980901208907903,0.893591069857923,136,29.151823043823242
810,0.17835805365225163,0.8016552102285112,0.884386426729274,0.8762164135661652,136,29.11258029937744
811,0.17730680338250912,0.8079340281503223,0.8894603527789826,0.8854569417934905,136,29.092273235321045
812,0.1754445757686607,0.8191953553664995,0.9043336265187198,0.8985754210872587,136,28.97554874420166
813,0.17518505775104692,0.7922996880325123,0.8688336562436029,0.8696759515678182,136,29.17391848564148
814,0.17560355389505866,0.7900517122004089,0.8684808784418636,0.8647241733180228,136,29.174710988998413
815,0.1786339564657793,0.8227799852140969,0.8936882504269685,0.8890403400067022,136,29.100273370742798
816,0.17890538026889166,0.8215436808485103,0.899375260541232,0.8966405729001521,136,29.031340837478638
817,0.1770136601677755,0.8292644327611708,0.903655844545399,0.8970242974918314,136,28.940664768218994
818,0.1759875278647353,0.818067236060622,0.8937509428216639,0.888219238271209,136,29.015589714050293
819,0.17545248949673117,0.8323415988724012,0.9083367993582576,0.9007126042071246,136,29.066516399383545
820,0.17404096809829153,0.8348857024467174,0.9097486574186203,0.901733203081969,136,29.09679102897644
821,0.17803499029903877,0.7948820236446232,0.8763925422127178,0.8663421998172648,136,28.972087383270264
822,0.1792429111352781,0.8397699637503592,0.9119646359051568,0.905009685950738,136,28.98013973236084
823,0.17634185403585434,0.8260777414609046,0.9020393627535318,0.894033497026493,136,29.004998445510864
824,0.1751083072002341,0.8211890863226607,0.9010664099199388,0.8948283357964578,136,29.00212335586548
825,0.17748658352993368,0.8230295237639262,0.8989039256403735,0.8949009251720055,136,29.004247426986694
826,0.17478313708935328,0.8208540677174915,0.8928648758945847,0.8854171169355642,136,28.985470056533813
827,0.17431879079923396,0.8215168049843183,0.8996636251847608,0.8948346539834273,136,29.012392282485962
828,0.17516662277341857,0.8070677974968299,0.8881749700798222,0.8823337912668376,136,28.999560117721558
829,0.17746453926088365,0.8292688727303903,0.9043156940732142,0.8972958753500815,136,29.01155948638916
830,0.17752571470611464,0.8210066057070682,0.8941790167002133,0.8854532156497015,136,29.00069522857666
831,0.1733222910301472,0.8159681766379814,0.8898584491627244,0.8838037025406713,136,28.998362064361572
832,0.18250930908976531,0.8214095808334458,0.8991559794129614,0.8939630543556035,136,28.85942029953003
833,0.17257926146673963,0.7878371033388274,0.8729903058293474,0.862939430087266,136,28.793830156326294
834,0.17499208256481139,0.8257832293856701,0.9014810679977033,0.8960564735427499,136,29.112532377243042
835,0.17549591426684605,0.8265602004859116,0.9025184129284193,0.893005887840547,136,29.140910387039185
836,0.1752743548978635,0.8011488494425828,0.8823956481817891,0.8733056359106478,136,28.972548961639404
837,0.18174623922119296,0.8327883744105143,0.9078673121387787,0.9022699963606305,136,28.99345898628235
838,0.175543710892278,0.7990541463450769,0.8780562390599522,0.8705194919834705,136,28.751945972442627
839,0.17432647107577906,0.7956049834330694,0.8792707894213541,0.871816141417297,136,29.089103937149048
840,0.17461779428933694,0.8223074601442315,0.8989511974287538,0.890486951620398,136,29.293811082839966
841,0.17731990931722208,0.8257874045474043,0.9033969036809253,0.8925768654538034,136,29.593108892440796
842,0.17760220624324752,0.8062214092363189,0.8883099313999114,0.886567483839524,136,29.593271493911743
843,0.1724899737088661,0.783584789369879,0.8636217643361661,0.8587007092874623,136,29.650803804397583
844,0.17711365168414464,0.8065594557422312,0.8810527786126023,0.8765816830461015,136,29.527246475219727
845,0.17597940770106588,0.8342947699635221,0.9104812041636108,0.9037799041252075,136,29.79469347000122
846,0.17655536689893986,0.7583009365647597,0.8611731638874753,0.8587315833945148,136,29.588175296783447
847,0.17465570762874635,0.8288014676622242,0.9028524141300309,0.8993439066444997,136,29.899124145507812
848,0.1750517287026576,0.7841161305598314,0.881595949836802,0.8784000132696912,136,29.671440839767456
849,0.17498047746778503,0.8138233340041292,0.8894308821619817,0.8855929257693216,136,29.984802722930908
850,0.1750983186974758,0.8221719140170121,0.8973634438042012,0.8929324731511751,136,29.77225160598755
851,0.1771986377311916,0.7696324050863289,0.8617839752130235,0.8615351629558254,136,29.68141746520996
852,0.17589025393249544,0.8131448373110219,0.8897112359194909,0.8828403432027758,136,29.598960638046265
853,0.17553064663235735,0.8218018184197705,0.9027574752140903,0.8977302904571582,136,29.58148169517517
854,0.17461851136228904,0.8307317691399605,0.9064721558813054,0.9030930265177005,136,29.626332759857178
855,0.17066973157045318,0.8051326478558196,0.8898599036772052,0.8822637713184122,136,29.337198734283447
856,0.17638181937419303,0.8164227961616689,0.8963231988862342,0.8901329356724539,136,29.435620546340942
857,0.1799296207301985,0.8381701128477808,0.9124857417248624,0.9068337441024505,136,29.62219500541687
858,0.17596317240135456,0.8190969397098951,0.8917930449094011,0.8840839175452406,136,29.298116445541382
859,0.17213604702212945,0.8067518916420682,0.8901444181346025,0.8874055208669789,136,29.509411811828613
860,0.17533648274536054,0.8233187107470635,0.8973580913325913,0.8929408385056736,136,29.783267498016357
861,0.17734450556156112,0.8340823989206219,0.908983666053349,0.904829004353624,136,29.403084993362427
862,0.1741770040698168,0.8167195395910571,0.8901743039511585,0.8805467343590679,136,29.265148639678955
863,0.17256545590433647,0.8220771239079621,0.9023000621891375,0.8950450809475313,136,29.260210037231445
864,0.17359855946728853,0.8091841890741672,0.8881396061772717,0.8837700138494269,136,29.36618947982788
865,0.17236055457979682,0.7621218163820539,0.8650298258693426,0.8570620639312622,136,29.34425115585327
866,0.17870647690402783,0.7101091495221958,0.852154153019762,0.8399478583470653,136,29.378089427947998
867,0.173751839232154,0.8022250552596466,0.8806575578542302,0.8673578329036308,136,29.36089015007019
868,0.1724505767953105,0.8198470608994738,0.8973592084620292,0.8913683625146989,136,29.227778673171997
869,0.17328380193652176,0.8215144269997348,0.9073500570810169,0.8984378462260348,136,29.370949745178223
870,0.17154340567142984,0.7538723423896317,0.8713416944057195,0.871303391206284,136,29.18799614906311
871,0.17502841256498322,0.8084517797033133,0.8887726339188871,0.8799212352832746,136,29.322792530059814
872,0.1713252247470181,0.8083508574595453,0.8877613093918008,0.8824078259414698,136,29.30828046798706
873,0.17570781901599916,0.8214558474810745,0.8980304614625777,0.8887830855063744,136,29.32070517539978
874,0.17158855291886058,0.8119400814734878,0.8902963366902145,0.8793980375613544,136,29.298871517181396
875,0.1737802439346546,0.8314062392239977,0.9084734965135338,0.9001790748763603,136,29.31502914428711
876,0.17153292494576153,0.8366945932852448,0.9110613585560061,0.904708890341418,136,29.126126050949097
877,0.17250200385242942,0.8036663658666514,0.8977290999494616,0.8914979490742199,136,29.31178307533264
878,0.17542106537072638,0.834958469434895,0.9115444924450142,0.9077841059117175,136,29.22180986404419
879,0.17462662801267656,0.8266682201155734,0.9047965332240487,0.9010323462439549,136,29.50424885749817
880,0.17581806525709184,0.8178432558805996,0.8936369999153523,0.8915289713428658,136,29.508724689483643
881,0.174570418167405,0.802472576448484,0.890002425291341,0.8873911957117884,136,29.4908607006073
882,0.17592488053610655,0.8043830474545711,0.899307256599169,0.8956723325152129,136,29.548362016677856
883,0.17547029408255244,0.8354949428198866,0.9107094240625033,0.9043486476062412,136,28.94279384613037
884,0.1732076336818982,0.8320216511051748,0.9098421146556109,0.9056848381422674,136,29.320536136627197
885,0.17586890759506846,0.807101545877928,0.8845647227964599,0.8711221646273941,136,29.218594312667847
886,0.1756444343221866,0.7849550520309118,0.8776461174502412,0.8721279939964451,136,29.36402201652527
887,0.17374630750921682,0.8291752305916551,0.904841099349895,0.8974359877736892,136,29.368844270706177
888,0.17307804276545843,0.8232042566196978,0.8974015484699498,0.8885564153727148,136,29.39009380340576
889,0.17218196149764023,0.8276484634672052,0.9063121165540903,0.9024466416706698,136,29.530418157577515
890,0.17501867126400877,0.8232585206189132,0.8993567143018563,0.8910358277299337,136,29.413239002227783
891,0.1757897224610414,0.7485823141157284,0.8542271198231806,0.8493727621192229,136,29.387831687927246
892,0.1743604239772975,0.8321374067437532,0.9023995365042974,0.8920517434097999,136,29.39218282699585
893,0.17268978277357613,0.8084721002639592,0.8965236931449677,0.8937137500926968,136,29.393524885177612
894,0.1738253719196087,0.831109389493593,0.9050890738762171,0.8975803348287046,136,29.039523124694824
895,0.17439242803711233,0.7906685275084272,0.8746440501412893,0.8684167094858215,136,29.087364196777344
896,0.1744986848860252,0.8254701320237441,0.9018725960841087,0.8941934611369902,136,29.214134693145752
897,0.1696293704151138,0.8140889952703271,0.8900743461211212,0.884508983592752,136,29.358004331588745
898,0.16832899853466002,0.8377607374561803,0.9125942883826444,0.9066426375039011,136,29.367953300476074
899,0.17294012222105895,0.7821360979660261,0.8833871128952057,0.8762279352612948,136,29.362613201141357
900,0.17180841125366164,0.8150609288728559,0.8942384026815916,0.8913785084971362,136,29.360427379608154
901,0.17603176923059835,0.8267406782270841,0.9041602112625101,0.8990347979218217,136,29.408443212509155
902,0.17285430697890802,0.7881692620415571,0.8794650451670736,0.874703200865949,136,29.41745400428772
903,0.1711149923806268,0.8039077110526816,0.8858485537525994,0.8836001243242124,136,29.478641271591187
904,0.1705819941996559,0.8390438465824354,0.9135921240999858,0.9063301781550548,136,29.347395658493042
905,0.17366631946912625,0.8213965110201686,0.8992424313276984,0.8916679951955466,136,29.320846796035767
906,0.17477742297862603,0.8139187256660791,0.8926548259949216,0.8873241517363599,136,29.24104595184326
907,0.17249250248437975,0.8227288866555937,0.9018391733907231,0.8970141484445877,136,29.41757345199585
908,0.1723605202950113,0.8243501847649636,0.9003691977646601,0.8969664723009633,136,29.50609040260315
909,0.17230876686611796,0.797108302516001,0.8792831831961627,0.8776363756421428,136,29.67073965072632
910,0.172527017995594,0.8239654047944467,0.8996697305013832,0.8947725488387318,136,29.63283348083496
911,0.17955427744039676,0.8221734918549104,0.8973341248298558,0.8899140023585299,136,29.632880687713623
912,0.1741107431490247,0.8266817919706553,0.9049667851101566,0.8970837760862513,136,29.477498292922974
913,0.17491203473835457,0.8458915926778904,0.9163386742447497,0.9098826734985812,136,29.55299687385559
914,0.17310118329961124,0.8221648266375191,0.8977583303177128,0.8906081087182935,136,29.617093801498413
915,0.1714448488461293,0.8287823622755268,0.9010825075208966,0.8939989218952192,136,29.883483171463013
916,0.17413663821734063,0.8175311036340747,0.8949475907066765,0.8893954867219167,136,29.61765170097351
917,0.17368359700208758,0.8161487664928141,0.8940034752727831,0.8861926907644115,136,29.445191144943237
918,0.17130614950404904,0.7922343459620005,0.8747980467662333,0.8722359619334019,136,29.610609531402588
919,0.17384432425828483,0.8362647485639398,0.9073136066681886,0.9026745767727281,136,29.453569650650024
920,0.17302178318907574,0.8255447304996132,0.9051862052572526,0.8996480899038742,136,29.61663031578064
921,0.17443388143206032,0.8311740907196821,0.9069235177611067,0.9016948390564427,136,29.970518589019775
922,0.17181750162830198,0.8310536611565871,0.9070196525513974,0.9019092836721558,136,29.641112089157104
923,0.17429133759039203,0.8436498933936197,0.9176543477170838,0.9104704296080712,136,29.582215070724487
924,0.1742286544020583,0.8231974836748154,0.8982695849596579,0.8879988050510067,136,29.41358995437622
925,0.17551661409982822,0.8185138815045117,0.8969692847889258,0.8897847912748245,136,29.22054958343506
926,0.17235944650279797,0.808060966141721,0.891549410742426,0.881686333655755,136,29.546638250350952
927,0.16974503904338775,0.8127562695870306,0.8879975244052535,0.8831740070715735,136,29.630781650543213
928,0.1760382783122179,0.7955399156510817,0.8860773131522852,0.881889741762412,136,29.288326025009155
929,0.17621762378186714,0.8347826427579504,0.90817383385849,0.902013036117143,136,29.51068639755249
930,0.17412751876726384,0.8162674169601423,0.891296557647218,0.8838133614892693,136,29.44712495803833
931,0.17357329666856827,0.8090666225284205,0.887800571416538,0.8822046592250838,136,29.118179082870483
932,0.1738821496444989,0.8197825917215021,0.8953263865080701,0.8909538401527769,136,29.386584281921387
933,0.1731303716456987,0.8028119352513721,0.8837493133582963,0.8802976964686626,136,29.07011604309082
934,0.1741727056905506,0.808244310701154,0.8859183923731704,0.8785235495198475,136,29.348104238510132
935,0.17351814662295628,0.8125882076254493,0.8942680347857792,0.8887423006659482,136,29.437371015548706
936,0.17385327664574957,0.8346156010068365,0.9107604986478398,0.904634966126339,136,29.47425413131714
937,0.17644836638516526,0.8041533539054208,0.881309245337396,0.8742312066676495,136,29.39881992340088
938,0.17217843495006482,0.8308040570566593,0.9047540528893685,0.8928677931537274,136,29.335925579071045
939,0.17387370274561206,0.8120900353487277,0.8938076362591281,0.8879562200752132,136,29.353074550628662
940,0.1731982136644968,0.7966778093527016,0.8762732730132354,0.8619598479298208,136,29.477831840515137
941,0.17485295248225452,0.8312505610067491,0.9057639588151661,0.8983176610584023,136,29.324103116989136
942,0.1738475638676465,0.8337649178946351,0.9096882015809631,0.9050999987194785,136,29.390830278396606
943,0.17182680401133327,0.8114737996695104,0.8977357917408731,0.8917228040879106,136,29.511414051055908
944,0.17662498421543013,0.8031371164493024,0.8851412746675902,0.8722045204273723,136,29.26156973838806
945,0.17478453089308932,0.8293047268191005,0.9083360238447199,0.9020079894459745,136,29.330291509628296
946,0.1744801534748659,0.8223848080231217,0.8960137586710585,0.8906055622183817,136,29.348076105117798
947,0.1735236688963766,0.837345892984311,0.9098799687120167,0.902156467291531,136,29.33521580696106
948,0.17146613085415305,0.7995335646086986,0.8858461166710103,0.8777996453355124,136,29.485310792922974
949,0.1724481651695763,0.8193392191336525,0.8972902932450448,0.8900286627921679,136,29.532601356506348
950,0.17328381150718628,0.8189262055681668,0.8949223254618248,0.8882159441895459,136,29.152408838272095
951,0.16917567591114743,0.8205643687230033,0.8973526243949645,0.8939993962727713,136,29.4137020111084
952,0.1750225011047309,0.7900322191897545,0.8841967980780724,0.8772719412121083,136,29.37583613395691
953,0.17161395600656185,0.8072176542158858,0.883614674745959,0.8760265519922092,136,29.548864603042603
954,0.1716326492709842,0.8154909255972572,0.8901876365243189,0.8862104547313301,136,29.49717688560486
955,0.17509649772711885,0.8109173277743474,0.8873728974108771,0.8839341670898312,136,29.389387607574463
956,0.17508232405757515,0.8136633024488678,0.8966985127650834,0.8855249795270898,136,29.478676795959473
957,0.17420501025711618,0.8141485448169319,0.8933864384080639,0.8868555046418334,136,29.411077976226807
958,0.17378739546227262,0.8254956261963053,0.8983929298983646,0.8893825392794015,136,29.399210929870605
959,0.17184732727161267,0.8127463571132791,0.8888668242782232,0.8849252280781176,136,29.387991189956665
960,0.17552041462281856,0.7888793583447153,0.8919823048191773,0.886684636881324,136,29.459055423736572
961,0.17461641005626538,0.8248351056830117,0.9027326168006766,0.8976400607019446,136,29.453200578689575
962,0.17149095091877914,0.8410681585937403,0.915930584217411,0.9080492612429296,136,29.455743312835693
963,0.17159963738385256,0.8104769148943032,0.8968196885226514,0.8885606883878001,136,29.433557271957397
964,0.17665787574236955,0.8274131835067815,0.9057390644213907,0.8968792904472352,136,29.49333095550537
965,0.17527023557482696,0.8262728694444869,0.9068996179675477,0.8981274391130452,136,29.440228939056396
966,0.17152538913779142,0.8070854832339612,0.88384489721827,0.8739862806282201,136,29.45768451690674
967,0.17225955578127528,0.7984207852487436,0.8783930840306664,0.8708868297259782,136,29.299232721328735
968,0.17192976049533704,0.8074969497451993,0.8863460120189186,0.8763064932139142,136,29.20439910888672
969,0.17458220104861066,0.8284062778375816,0.9040364684340867,0.8970101030480405,136,29.19433283805847
970,0.17445844478481184,0.8182343548760156,0.8977105032198509,0.8892896166767946,136,30.154053926467896
971,0.17672158075057395,0.8388672121162305,0.9144946543122148,0.908107247324853,136,29.364160537719727
972,0.17411262820648954,0.7300327109297977,0.8666113283522981,0.8513286139378752,136,29.099619150161743
973,0.17187380215259102,0.8269575056480242,0.901498158682644,0.8934483316063577,136,28.99008011817932
974,0.17226142781536755,0.8317386734130284,0.9036995796574134,0.8968986753852813,136,29.196977376937866
975,0.17124738550283075,0.8195643897001781,0.8945583866874955,0.8863624911847165,136,29.206835985183716
976,0.17190251008766452,0.8395729479160179,0.9134205805226723,0.9066616567556554,136,29.09200668334961
977,0.1741898051364635,0.8273641500092805,0.9016255186591778,0.8940312778996635,136,29.17494821548462
978,0.17359391266737528,0.837566945359056,0.9104411599728947,0.9047805995395877,136,29.351187229156494
979,0.17116260855663112,0.8231875115446837,0.900761692729396,0.8953825015260498,136,29.211851596832275
980,0.17229364461045923,0.8265796543259151,0.9026981765410274,0.8966504794596372,136,28.940855264663696
981,0.17001242305689712,0.8241568847534078,0.9022024780558595,0.8928946867637871,136,29.229548931121826
982,0.17256628637149082,0.819618771976308,0.896937800581419,0.8895804455241221,136,29.235293865203857
983,0.172728250484641,0.8029023459885538,0.8826559015351252,0.8793907787524506,136,29.244618892669678
984,0.17304474599962313,0.8080001093538414,0.8805789632280319,0.8796434366353464,136,29.271992444992065
985,0.1763704553609941,0.8122148831035736,0.8882418790708947,0.8810680392362604,136,29.22227191925049
986,0.17441054457813743,0.8353898127410253,0.907709451708689,0.8991221445598181,136,29.0842068195343
987,0.17246536353254707,0.8012489951228162,0.882404588514762,0.8730079510017826,136,29.327001571655273
988,0.17296972943515312,0.8397643578263199,0.912539900654225,0.9067516367944009,136,29.245088577270508
989,0.17222718518923938,0.823098435942176,0.9009078613941122,0.8937556728663537,136,29.29352355003357
990,0.16941936574573438,0.8178085423396586,0.891321485868968,0.8784247484236335,136,29.29744005203247
991,0.17441942748742376,0.8244841102812445,0.9017874147039939,0.8970391333399703,136,29.287363290786743
992,0.17191606293606565,0.8159561259609022,0.8918158341598506,0.8851408287652973,136,29.287825345993042
993,0.17467196873290752,0.817452217491393,0.8949522578436278,0.8874810407484196,136,29.29475498199463
994,0.16801883752753094,0.8306222742127009,0.9052291360805567,0.8976161034223726,136,29.20648503303528
995,0.1774567507389115,0.8325862107138873,0.9060036955620796,0.896532135590443,136,29.18074917793274
996,0.17110056854118177,0.8169375280121229,0.8943202590661268,0.8888998813185989,136,29.206033945083618
997,0.17279805818466637,0.823158427362223,0.9027494267177856,0.8896767452599259,136,29.362412691116333
998,0.17430869126465262,0.809568801568117,0.9053849355150158,0.897731667972777,136,29.2780282497406
999,0.17141616508001234,0.8290462497575574,0.9013722618965812,0.8955764368914814,136,29.27200412750244
1000,0.17559982097245813,0.8278709134871567,0.9076212383840605,0.8995230307268925,136,29.228469371795654
