epoch,train_loss,selection_split,selection_acc,selection_auc,selection_auprc,selection_f1,selection_precision,selection_recall,selection_specificity,selection_threshold,best_so_far,best_epoch_so_far,elapsed_sec
1,0.6477435778598396,valid,0.5859788359788359,0.6786536213047596,0.6288152788928094,0.6700052714812862,0.5260761589403974,0.9223512336719883,0.3043742405832321,0.30000000000000004,1,1,7.346061706542969
2,0.6302211041353187,valid,0.5958994708994709,0.6892259371798106,0.6392490731127412,0.676033934252386,0.5325814536340853,0.9252539912917271,0.3201701093560146,0.275,1,2,2.1588497161865234
3,0.6285190399812193,valid,0.6044973544973545,0.6923456080360182,0.6361167089367317,0.678494623655914,0.5388556789069172,0.9158200290275762,0.34386391251518833,0.325,1,3,2.13177752494812
4,0.6251914136263789,valid,0.6200396825396826,0.6922285542468261,0.6267071776611806,0.6821576763485477,0.551184622261958,0.8947750362844702,0.39003645200486026,0.35,1,4,2.131415843963623
5,0.6235452002408554,valid,0.593915343915344,0.6964643142455564,0.6440320456186611,0.6770120988953182,0.530940594059406,0.9339622641509434,0.3092345078979344,0.325,0,4,2.0638492107391357
6,0.6217607855796814,valid,0.5972222222222222,0.6943251617590781,0.6343816160023883,0.6824817518248175,0.532546786004882,0.9499274310595065,0.3019441069258809,0.325,1,6,2.08504056930542
7,0.620735163591346,valid,0.5922619047619048,0.6953012713231883,0.6275114167786406,0.6821345707656613,0.5289884046381448,0.9600870827285921,0.284325637910085,0.25,0,6,2.060774326324463
8,0.6147089381607211,valid,0.5998677248677249,0.7105361195809167,0.6436357636700127,0.672972972972973,0.5361757105943152,0.9034833091436865,0.3456865127582017,0.375,0,6,2.0638539791107178
9,0.6123055365620828,valid,0.583994708994709,0.6893070592032053,0.6277292012371961,0.6650692225772098,0.5252312867956266,0.9063860667634253,0.3140947752126367,0.35,0,6,2.0603294372558594
10,0.6028320278440203,valid,0.6180555555555556,0.7241123751646689,0.6600172939790696,0.6890982503364738,0.5477107402652974,0.9288824383164006,0.3578371810449575,0.375,1,10,2.088075876235962
11,0.5944257865146715,valid,0.6058201058201058,0.7108537740257863,0.633747194919368,0.6874672260094389,0.5381773399014779,0.951378809869376,0.31652490886998785,0.42500000000000004,0,10,2.0600061416625977
12,0.5886886168499382,valid,0.6309523809523809,0.7334583817567151,0.6594848601670319,0.6847457627118644,0.5605920444033302,0.8795355587808418,0.42284325637910086,0.45000000000000007,0,10,2.0586342811584473
13,0.5825833751230823,valid,0.6656746031746031,0.7424613832715806,0.6636567153952624,0.7080565983251516,0.5880095923261391,0.8896952104499274,0.4781287970838396,0.42500000000000004,1,13,2.130854845046997
14,0.5818877293139088,valid,0.609457671957672,0.7508561900512656,0.6796013607385464,0.694279057727155,0.5396378269617707,0.9731494920174165,0.30498177399756987,0.275,0,13,2.062896966934204
15,0.5751305271168144,valid,0.6064814814814815,0.7371401753293818,0.6574518209070525,0.6905876235049402,0.5380875202593193,0.9637155297532656,0.30741190765492105,0.35,0,13,2.0524098873138428
16,0.5707455824832527,valid,0.6491402116402116,0.7648431258784545,0.6868018499270294,0.7095537914043252,0.5696703296703297,0.9404934687953556,0.405224787363305,0.475,1,16,2.0839242935180664
17,0.5772352096985798,valid,0.6455026455026455,0.7529706532262758,0.6787052611492093,0.7091698317959848,0.5662911611785095,0.9484760522496372,0.39185905224787365,0.45000000000000007,0,16,2.060537099838257
18,0.5713457951740343,valid,0.66005291005291,0.7644577962673287,0.6895711628213621,0.7067883628066173,0.5822368421052632,0.8991291727140783,0.4599027946537059,0.5,0,16,2.074709415435791
19,0.5681937616698596,valid,0.65244708994709,0.7722239073657033,0.6984253410118857,0.7116598079561043,0.572121746801941,0.9412191582002902,0.4106925880923451,0.4,1,19,2.077176809310913
20,0.5658757856913975,valid,0.6395502645502645,0.7557570183776653,0.6724933727645104,0.7052460789616009,0.5620689655172414,0.9462989840348331,0.3827460510328068,0.375,0,19,2.0803403854370117
21,0.5641915883336749,valid,0.6775793650793651,0.7731250672342856,0.7094616796594524,0.7124741964022412,0.6000993541977149,0.8766328011611031,0.5109356014580801,0.45000000000000007,1,21,2.1233646869659424
22,0.564170339886023,valid,0.689484126984127,0.7767206686570955,0.702167240487318,0.7191145677535148,0.611704834605598,0.872278664731495,0.5364520048602673,0.5,1,22,2.134716749191284
23,0.5639272648461011,valid,0.6352513227513228,0.7596156050556656,0.6784156582337073,0.703255313424805,0.5587858058999573,0.9484760522496372,0.3730255164034022,0.42500000000000004,0,22,2.060528516769409
24,0.561156092857828,valid,0.6878306878306878,0.7823072866975753,0.7148224723060074,0.7127206329884358,0.6137316561844863,0.8497822931785196,0.5522478736330498,0.475,0,22,2.067911148071289
25,0.5601156925668522,valid,0.6789021164021164,0.7718870746163897,0.691817526363512,0.7181422351233672,0.598451862602806,0.897677793904209,0.4957472660996355,0.45000000000000007,0,22,2.0635175704956055
26,0.5598031683843963,valid,0.683531746031746,0.778603889977374,0.7071757291191778,0.7167801124593075,0.6051974012993503,0.8788098693759071,0.520048602673147,0.475,0,22,2.0534768104553223
27,0.5580850109762076,valid,0.6884920634920635,0.787418855932577,0.7190901393917922,0.7242388758782201,0.6069676153091266,0.897677793904209,0.5133657351154314,0.475,1,27,2.083730459213257
28,0.5571276399554038,valid,0.6468253968253969,0.7564738901713615,0.690488878987617,0.6964184195565662,0.572429906542056,0.8889695210449927,0.44410692588092343,0.375,0,27,1.6834676265716553
29,0.557668179881816,valid,0.656415343915344,0.7726396577356022,0.7127358023591408,0.7022069360848381,0.5802936996684036,0.8889695210449927,0.4617253948967193,0.35,0,27,1.60518479347229
30,0.5537047440908394,valid,0.656415343915344,0.7684230760413158,0.6991357042335429,0.7055823179370927,0.5788005578800558,0.9034833091436865,0.44957472660996356,0.475,0,27,1.5990517139434814
31,0.5527105769332574,valid,0.6841931216931217,0.7950694563237263,0.7238901401335041,0.7226256171943073,0.6024213075060533,0.9027576197387518,0.5012150668286756,0.4,0,27,1.6021690368652344
32,0.5518918596968359,valid,0.667989417989418,0.7819426784728603,0.705936877147632,0.711825487944891,0.5887939221272555,0.8998548621190131,0.4738760631834751,0.325,0,27,1.608051061630249
33,0.5518136930708982,valid,0.6607142857142857,0.788482921168792,0.7211312225501912,0.7159468438538206,0.5787824529991047,0.9383164005805515,0.42831105710814094,0.4,0,27,1.60691237449646
34,0.5513821986256814,valid,0.6884920634920635,0.7876088754547682,0.7111565211951254,0.7191413237924866,0.6103238866396761,0.8751814223512336,0.5321992709599028,0.475,0,27,1.6016833782196045
35,0.5491578238351005,valid,0.6904761904761905,0.7857576179752296,0.7184822511846044,0.7197604790419162,0.6126401630988787,0.872278664731495,0.5382746051032807,0.55,0,27,1.5970215797424316
36,0.5459036529064178,valid,0.6789021164021164,0.7919868194347205,0.7277707123534457,0.7173216885007277,0.5989304812834224,0.8940493468795355,0.49878493317132444,0.375,0,27,1.6002106666564941
37,0.5426022361735908,valid,0.7080026455026455,0.8012378162656709,0.7477732436480509,0.7251789604730782,0.6348773841961853,0.8454281567489115,0.5929526123936817,0.42500000000000004,1,37,1.6655042171478271
38,0.5402342896072232,valid,0.7119708994708994,0.7908074639315613,0.7309408200415037,0.7200257152041144,0.6462781304096942,0.8127721335268505,0.6275820170109356,0.475,0,37,1.6051476001739502
39,0.5388052420956748,valid,0.7109788359788359,0.8063396861283104,0.7478060576919795,0.7285714285714285,0.6368078175895765,0.851233671988389,0.5935601458080194,0.45000000000000007,1,39,1.6547551155090332
40,0.5330284675773309,valid,0.7159391534391535,0.8124302306510748,0.7565418161883759,0.7370676461585552,0.6373742721016411,0.8737300435413643,0.5838396111786148,0.5,1,40,1.6652426719665527
41,0.5300764149549057,valid,0.7099867724867724,0.8163825044484849,0.7694122422885137,0.7320501069355332,0.6321899736147757,0.8693759071117562,0.5765492102065614,0.45000000000000007,0,40,1.6010842323303223
42,0.5272829769825449,valid,0.7093253968253969,0.8122082472881437,0.7657159523557941,0.7314390467461045,0.6316622691292876,0.8686502177068215,0.5759416767922235,0.375,0,40,1.596163034439087
43,0.5233901951994214,valid,0.6980820105820106,0.8135392657046066,0.7583214682549727,0.7338968230836491,0.6132489040428641,0.9136429608127722,0.5176184690157959,0.35,0,40,1.6043031215667725
44,0.5286273688686137,valid,0.7123015873015873,0.7896400122035742,0.7459357041801404,0.7119205298013245,0.6546894031668696,0.7801161103047896,0.6555285540704738,0.525,0,40,1.6008670330047607
45,0.523010006364511,valid,0.7298280423280423,0.8186314361948833,0.7792613030558438,0.7284812229976736,0.6719803801348866,0.795355587808418,0.6749696233292831,0.475,0,40,1.5977718830108643
46,0.5199454852512905,valid,0.7298280423280423,0.8261277283893574,0.783903777366288,0.7378889958293231,0.6612995974698103,0.8345428156748912,0.6421628189550426,0.42500000000000004,1,46,1.6510813236236572
47,0.5143447530512907,valid,0.6617063492063492,0.7502495383980516,0.6927376122087959,0.7069607562303065,0.5840037860861335,0.895500725689405,0.46597812879708383,0.675,0,46,1.6081264019012451
48,0.5178099749039631,valid,0.716931216931217,0.8301754528284251,0.7887844407649598,0.7441721458457861,0.6326219512195121,0.9034833091436865,0.5607533414337789,0.42500000000000004,1,48,2.1106200218200684
49,0.5170743739118382,valid,0.7248677248677249,0.8324389336333673,0.7897592718908238,0.744,0.6458333333333334,0.8773584905660378,0.5972053462940462,0.42500000000000004,0,48,2.0515289306640625
50,0.5116067729434188,valid,0.7099867724867724,0.8134043562526562,0.7633536708215193,0.731886273310914,0.6323296354992076,0.8686502177068215,0.5771567436208992,0.525,0,48,2.0494396686553955
51,0.5092955268159205,valid,0.7380952380952381,0.8313865517320435,0.7916698610434045,0.7448453608247423,0.6697566628041715,0.8388969521044993,0.6537059538274606,0.475,1,51,2.070483446121216
52,0.5051227339676448,valid,0.7414021164021164,0.8363424901286842,0.7998457857510581,0.7517460317460317,0.6681715575620768,0.8592162554426706,0.6427703523693803,0.475,1,52,2.115765333175659
53,0.504004953467116,valid,0.6960978835978836,0.8084378367225291,0.775096257059432,0.7212617531088868,0.6195935383011986,0.862844702467344,0.5565006075334143,0.42500000000000004,0,52,2.0579135417938232
54,0.5004104102144435,valid,0.7347883597883598,0.8254977100663613,0.7892267007795611,0.7442602040816326,0.6638225255972696,0.8468795355587808,0.6409477521263669,0.5,0,52,1.60410475730896
55,0.5015070639094528,valid,0.7119708994708994,0.8145638721305288,0.7650025411544445,0.7361405634656165,0.6318252730109204,0.8817126269956459,0.5698663426488457,0.45000000000000007,0,52,1.6088457107543945
56,0.5021456394876752,valid,0.732473544973545,0.8356657384661236,0.7987182400218731,0.7532784385483379,0.6496580746975276,0.8962264150943396,0.5953827460510328,0.525,1,56,1.6661360263824463
57,0.4971800926996737,valid,0.7453703703703703,0.847539533759988,0.8193891220816976,0.7512919896640827,0.6769499417927823,0.8439767779390421,0.6628189550425273,0.475,0,56,1.6002061367034912
58,0.4930366812920084,valid,0.732473544973545,0.8314584152636377,0.799425702806312,0.7463154593916588,0.6570955273329652,0.8635703918722787,0.6227217496962333,0.475,0,56,1.6022238731384277
59,0.4907619588229121,valid,0.7609126984126984,0.8509561376746547,0.8190009479319286,0.7627174269773548,0.6962252846015579,0.8432510885341074,0.6919805589307412,0.45000000000000007,1,59,1.6356778144836426
60,0.49306288483191507,valid,0.7533068783068783,0.8441222685244785,0.8063052353165724,0.7595099935525468,0.6832946635730859,0.8548621190130624,0.6682867557715675,0.625,0,59,1.6069233417510986
61,0.48964377629513645,valid,0.7496693121693122,0.8441535710443755,0.8112381726989157,0.7560425394779245,0.68,0.851233671988389,0.6646415552855407,0.375,0,59,1.5964348316192627
62,0.48373362969379036,valid,0.7463624338624338,0.8485218156519653,0.8210030669219326,0.7578149668455952,0.6707657909446618,0.8708272859216255,0.6421628189550426,0.45000000000000007,0,59,1.6007630825042725
63,0.48865871344293865,valid,0.7506613756613757,0.8542135837064653,0.8292440358470483,0.7564599483204134,0.6816065192083819,0.8497822931785196,0.6676792223572297,0.42500000000000004,0,59,1.6055643558502197
64,0.4868895709514618,valid,0.7367724867724867,0.8511507864427464,0.8237827721693527,0.7549261083743842,0.6556149732620321,0.8896952104499274,0.6087484811664642,0.35,0,59,1.6021630764007568
65,0.4846422441151677,valid,0.7152777777777778,0.8081558936031757,0.7552149267691816,0.7422927267285244,0.6316861946001019,0.8998548621190131,0.5607533414337789,0.325,0,59,1.6025547981262207
66,0.48348465501045695,valid,0.7652116402116402,0.8591571774473722,0.8362910814464314,0.7631754503002002,0.7061728395061728,0.8301886792452831,0.7108140947752126,0.525,1,66,1.6651544570922852
67,0.48199496767958816,valid,0.7572751322751323,0.8526449306671229,0.8267704254037258,0.756953642384106,0.6961023142509135,0.8294629898403484,0.6968408262454435,0.55,0,66,1.6010832786560059
68,0.48286276569171827,valid,0.751984126984127,0.8447915252174863,0.8123517807809446,0.7603833865814696,0.6792237442922374,0.8635703918722787,0.6585662211421628,0.55,0,66,1.6043930053710938
69,0.4773609705117284,valid,0.7681878306878307,0.858100386740429,0.834611035311341,0.7638935668575277,0.7127592708988058,0.8229317851959361,0.7223572296476306,0.525,1,69,1.6293714046478271
70,0.4744909642910471,valid,0.7367724867724867,0.8503585240729604,0.8221547644700885,0.7559779276517474,0.6544585987261147,0.8947750362844702,0.6044957472660997,0.42500000000000004,0,69,1.595484972000122
71,0.4716953172975657,valid,0.7423941798941799,0.8496134359233009,0.8232138169078553,0.7523052464228935,0.6694963214487832,0.8584905660377359,0.6452004860267315,0.45000000000000007,0,69,2.0577139854431152
72,0.4718261367204238,valid,0.7662037037037037,0.8622971288094284,0.8366823969398315,0.767816091954023,0.7012597480503899,0.8483309143686503,0.6974483596597812,0.55,1,72,1.6760125160217285
73,0.4736195109328445,valid,0.7275132275132276,0.8284956978874768,0.801887791547311,0.739240506329114,0.6554433221099888,0.8476052249637155,0.6269744835965978,0.475,0,72,1.6035113334655762
74,0.47169559220878443,valid,0.7414021164021164,0.8538029034630287,0.8290390725209649,0.756386292834891,0.6626637554585153,0.8809869375907112,0.6245443499392467,0.4,0,72,1.5956785678863525
75,0.4720892748054193,valid,0.75,0.8559559436872077,0.8309868565510776,0.7593889242520687,0.6763038548752834,0.8657474600870827,0.6530984204131227,0.5,0,72,2.0543105602264404
76,0.46786713539337627,valid,0.7738095238095238,0.8642590473100114,0.8437032607086303,0.7660738714090287,0.7244501940491591,0.8127721335268505,0.741190765492102,0.525,0,72,2.05557918548584
77,0.4681708691071491,valid,0.7599206349206349,0.8628169269919426,0.8402909199905986,0.762589928057554,0.694047619047619,0.8461538461538461,0.6877278250303767,0.475,0,72,2.0531420707702637
78,0.4667306755270277,valid,0.7734788359788359,0.8675365534073896,0.8450333932011947,0.7692825867295385,0.7177875549968573,0.8287373004354136,0.727217496962333,0.45000000000000007,1,78,2.1471056938171387
79,0.46111996563113467,valid,0.7671957671957672,0.8579535735133067,0.8361766886123555,0.7618403247631935,0.7135614702154626,0.8171262699564587,0.7253948967193196,0.45000000000000007,0,78,2.052765130996704
80,0.4646284957321323,valid,0.7837301587301587,0.8677609616134112,0.8463862008772479,0.770687237026648,0.7455902306648575,0.7975326560232221,0.7721749696233293,0.525,1,80,2.086958885192871
81,0.4625911876863363,valid,0.7490079365079365,0.8489547603637793,0.8186026832910605,0.7553980019336126,0.6794202898550724,0.8505079825834543,0.6640340218712029,0.42500000000000004,0,80,2.0504252910614014
82,0.45721316580869714,valid,0.7876984126984127,0.8692778111867271,0.8490007774476453,0.7753673897830651,0.7486486486486487,0.8040638606676342,0.7739975698663426,0.5,1,82,2.1298177242279053
83,0.458807288383951,valid,0.7711640211640212,0.8657505462510162,0.8389930816053692,0.7738562091503268,0.703923900118906,0.8592162554426706,0.6974483596597812,0.475,0,82,2.061962366104126
84,0.4618784627135919,valid,0.7589285714285714,0.8606541873954011,0.8376529811865299,0.7613747954173486,0.693500298151461,0.8439767779390421,0.6877278250303767,0.4,0,82,2.0575850009918213
85,0.4555417475651722,valid,0.783068783068783,0.8736114466702056,0.8570507346321325,0.776414451261077,0.7320051413881749,0.8265602322206096,0.7466585662211421,0.45000000000000007,1,85,2.081453323364258
86,0.4560789417247383,valid,0.7748015873015873,0.8655010078529646,0.8403709867871382,0.7676560900716479,0.7244043786220219,0.816400580551524,0.7399756986634265,0.5,0,85,2.054675340652466
87,0.46141505423857243,valid,0.7840608465608465,0.8743393404779498,0.8519769439490379,0.7767521367521367,0.7343244990303813,0.8243831640058055,0.7503037667071689,0.6,1,87,2.09088134765625
88,0.45818087641073735,valid,0.7609126984126984,0.8671673159367742,0.8391267060578711,0.7753960857409133,0.6778924497555676,0.9056603773584906,0.6397326852976913,0.375,0,87,2.047466278076172
89,0.45728285762728477,valid,0.7761243386243386,0.8753031053863259,0.8539904032669747,0.7783960720130932,0.7090041741204532,0.862844702467344,0.7035236938031592,0.42500000000000004,1,89,2.0933542251586914
90,0.44942343964868664,valid,0.7576058201058201,0.8669360740820427,0.8429519530284872,0.7724309220738901,0.6749864351600651,0.9027576197387518,0.6360874848116647,0.42500000000000004,0,89,2.0498733520507812
91,0.4462498858266947,valid,0.7658730158730159,0.8788085467342214,0.857254399529419,0.7793017456359103,0.6830601092896175,0.9071117561683599,0.6476306196840826,0.4,1,91,2.1158981323242188
92,0.44915653795612104,valid,0.7470238095238095,0.8544419598375443,0.8278756796202092,0.7566019726376074,0.6736543909348441,0.862844702467344,0.6500607533414338,0.525,0,91,2.04850697517395
93,0.4528828439663868,valid,0.7400793650793651,0.8571013513870984,0.8330710228578829,0.756656346749226,0.6598272138228942,0.8867924528301887,0.6172539489671932,0.45000000000000007,0,91,2.064385414123535
94,0.4463137290915664,valid,0.7731481481481481,0.8730087629420489,0.8490786077232992,0.7779935275080906,0.7021028037383178,0.872278664731495,0.6901579586877278,0.5,0,91,2.059086799621582
95,0.4464910845367276,valid,0.7797619047619048,0.880307540644779,0.8605246549098705,0.7839065541855937,0.7089201877934272,0.8766328011611031,0.6986634264884569,0.42500000000000004,1,95,2.1309499740600586
96,0.4423796315582431,valid,0.7853835978835979,0.8794526732351993,0.8558983855085528,0.7863022719789265,0.7197106690777577,0.8664731494920174,0.7174969623329283,0.5,1,96,2.1204662322998047
97,0.4452738737573429,valid,0.7926587301587301,0.8840572298239827,0.8659655495973337,0.7873855544252288,0.7390197326543603,0.8425253991291727,0.7509113001215066,0.45000000000000007,1,97,2.1024692058563232
98,0.4453354934040381,valid,0.796957671957672,0.8883456750498636,0.8708506580933084,0.7903005464480874,0.7464516129032258,0.839622641509434,0.7612393681652491,0.42500000000000004,1,98,2.107292890548706
99,0.44337631427511875,valid,0.7718253968253969,0.8708643198888277,0.8461453562494227,0.7782776349614395,0.6983852364475202,0.8788098693759071,0.6822600243013366,0.525,0,98,2.0519862174987793
100,0.4439989212824374,valid,0.763558201058201,0.8654719097358773,0.8368197742268502,0.7679324894514767,0.6946564885496184,0.8584905660377359,0.68408262454435,0.5750000000000001,0,98,2.050673723220825
101,0.44685530723357686,valid,0.7896825396825397,0.8802352362326228,0.8577364801435842,0.7851351351351351,0.7345132743362832,0.8432510885341074,0.7448359659781288,0.5750000000000001,0,98,2.055446147918701
102,0.44048028150383306,valid,0.7916666666666666,0.8795024927386972,0.861492024635962,0.7865853658536586,0.7376111817026684,0.8425253991291727,0.7490886998784934,0.475,0,98,2.053262233734131
103,0.44443561349596294,valid,0.8101851851851852,0.8908132835549786,0.8746400369481792,0.7948534667619729,0.7830985915492957,0.806966618287373,0.8128797083839611,0.55,1,103,2.1247048377990723
104,0.4406067260674068,valid,0.7956349206349206,0.8785876655726952,0.8545200354101878,0.7808510638297872,0.7635228848821082,0.7989840348330914,0.792831105710814,0.6,0,103,2.0584113597869873
105,0.4336471472467695,valid,0.7833994708994709,0.8736182803189154,0.8449401514802768,0.7817394201932689,0.722735674676525,0.851233671988389,0.7266099635479951,0.6,0,103,2.0649454593658447
106,0.43240879384838804,valid,0.783068783068783,0.8832385146204813,0.8616718129339576,0.7887958789439794,0.7089120370370371,0.8889695210449927,0.6944106925880923,0.45000000000000007,0,103,2.0575242042541504
107,0.4355193869191773,valid,0.8121693121693122,0.8909290147024851,0.872678565573394,0.7962697274031564,0.7872340425531915,0.8055152394775036,0.8177399756986634,0.55,1,107,2.1180291175842285
108,0.4321845526597938,valid,0.7890211640211641,0.8882843926517554,0.870028843014439,0.7932598833441348,0.7166276346604216,0.888243831640058,0.7059538274605103,0.5,0,107,2.062417984008789
109,0.4302317865040837,valid,0.7919973544973545,0.8877293240242872,0.8684406108696013,0.7926145730300033,0.7262839879154078,0.872278664731495,0.7247873633049817,0.475,0,107,2.056689977645874
110,0.43399183725824164,valid,0.8052248677248677,0.8880494033122475,0.8688318671313351,0.7952728536670143,0.7631754503002002,0.8301886792452831,0.784325637910085,0.5,0,107,1.5975496768951416
111,0.42984580811189144,valid,0.8009259259259259,0.8864635559309898,0.866036586918395,0.7915512465373962,0.756953642384106,0.8294629898403484,0.7770352369380316,0.525,0,107,1.5954298973083496
112,0.43289901589860724,valid,0.7893518518518519,0.8851074073224972,0.8673517572670211,0.7868852459016393,0.7299813780260708,0.8534107402031931,0.735722964763062,0.525,0,107,1.5977630615234375
113,0.43242189166497214,valid,0.7939814814814815,0.8882425089983723,0.868513601570291,0.7883112470268434,0.7412140575079872,0.841799709724238,0.7539489671931956,0.525,0,107,1.599496603012085
114,0.4289587730047654,valid,0.7956349206349206,0.8900849488666724,0.8678044827661057,0.7948207171314741,0.7325581395348837,0.8686502177068215,0.7345078979343864,0.5,0,107,1.5992493629455566
115,0.42387165706984853,valid,0.8072089947089947,0.8922386504116943,0.8715595251323357,0.7983396748529921,0.7627230667547918,0.8374455732946299,0.7818955042527339,0.6,1,115,1.7068941593170166
116,0.42206073476343736,valid,0.781415343915344,0.8824938673513836,0.8619349808851535,0.7833497214028188,0.7142857142857143,0.8671988388969522,0.7095990279465371,0.375,0,115,1.616241455078125
117,0.4220222034016434,valid,0.7903439153439153,0.8859261225259987,0.8620527418708377,0.7929457870672763,0.7209026128266033,0.8809869375907112,0.7144592952612394,0.475,0,115,1.6068215370178223
118,0.42013561421511125,valid,0.7962962962962963,0.8832208793980041,0.8596222505789786,0.7906186267845003,0.7436061381074168,0.8439767779390421,0.7563791008505468,0.42500000000000004,0,115,1.6008577346801758
119,0.42250461602697564,valid,0.7943121693121693,0.8867743767271496,0.8684741515217016,0.7900067521944631,0.7386363636363636,0.8490566037735849,0.7484811664641555,0.42500000000000004,0,115,1.6477394104003906
120,0.41880178573180216,valid,0.8095238095238095,0.8937301493526991,0.874650517964893,0.7941386704789135,0.782394366197183,0.8062409288824384,0.8122721749696233,0.5,0,115,1.61588716506958
121,0.4218868144920894,valid,0.8141534391534392,0.8934001502520955,0.8726050682112927,0.8011323425336164,0.7817679558011049,0.8214804063860668,0.8080194410692588,0.525,1,121,1.677128791809082
122,0.42121785818314067,valid,0.7880291005291006,0.8748996996721612,0.8503547230478645,0.776421346355075,0.7474815312290127,0.8076923076923077,0.7715674362089915,0.45000000000000007,0,121,1.6023030281066895
123,0.41371743654718207,valid,0.7992724867724867,0.8904182545714905,0.8712576700043695,0.7914805908622466,0.7514677103718199,0.8359941944847605,0.7685297691373025,0.475,0,121,1.6423258781433105
124,0.41329759906749336,valid,0.8042328042328042,0.8880295636869607,0.8642475305140055,0.7941585535465925,0.7623497997329773,0.8287373004354136,0.7837181044957473,0.55,0,121,1.6148388385772705
125,0.4139712635351687,valid,0.8128306878306878,0.8901784155458013,0.868946396439962,0.798862828713575,0.7827298050139275,0.8156748911465893,0.81044957472661,0.45000000000000007,0,121,1.6077594757080078
126,0.41087720284656604,valid,0.8174603174603174,0.9004079467839525,0.8813521653233553,0.8076655052264808,0.7768096514745308,0.8410740203193033,0.7976913730255164,0.45000000000000007,1,126,1.6790590286254883
127,0.4117418065363047,valid,0.8062169312169312,0.8914900352175393,0.8694937942485262,0.7993150684931507,0.7568093385214008,0.8468795355587808,0.7721749696233293,0.5,0,126,1.633453607559204
128,0.41379232491765705,valid,0.7863756613756614,0.8838980719411266,0.854203539472523,0.7894393741851369,0.7165680473372781,0.8788098693759071,0.7089914945321992,0.45000000000000007,0,126,1.6061382293701172
129,0.4094964387465496,valid,0.8115079365079365,0.8940444971933545,0.8725334965618222,0.8037190082644629,0.7647444298820446,0.8468795355587808,0.7818955042527339,0.475,0,126,1.6005139350891113
130,0.4084350132212347,valid,0.7956349206349206,0.8836599964376851,0.8555095307507994,0.7921990585070612,0.7380952380952381,0.8548621190130624,0.7460510328068044,0.42500000000000004,0,126,1.5975606441497803
131,0.40747600550554236,valid,0.8121693121693122,0.8967149107569565,0.8762449291315487,0.8054794520547945,0.7626459143968871,0.8534107402031931,0.7776427703523694,0.475,0,126,1.6021795272827148
132,0.40465569313691585,valid,0.8151455026455027,0.8950078212211686,0.8760589468118958,0.8024036762106751,0.7822191592005513,0.8236574746008708,0.8080194410692588,0.45000000000000007,0,126,1.5973639488220215
133,0.40526588230716937,valid,0.8062169312169312,0.8861844785352888,0.8635481071614379,0.7970914127423823,0.7622516556291391,0.8352685050798259,0.7818955042527339,0.525,0,126,2.0590479373931885
134,0.3993591781781644,valid,0.8065476190476191,0.9011506100905217,0.881686032886208,0.8072487644151565,0.7392878696439348,0.8889695210449927,0.7375455650060754,0.475,0,126,2.0580036640167236
135,0.40039260655033343,valid,0.8134920634920635,0.8907290753676503,0.8730750835333462,0.7968299711815562,0.7911301859799714,0.8026124818577649,0.8226002430133658,0.55,0,126,1.673433780670166
136,0.3991482859971572,valid,0.8088624338624338,0.8956105049493251,0.8756682147021692,0.7979020979020979,0.7699055330634278,0.8280116110304789,0.792831105710814,0.5750000000000001,0,126,1.6001842021942139
137,0.4022429488143142,valid,0.8174603174603174,0.9027911266614583,0.8831417806435513,0.8117326057298773,0.7657657657657657,0.8635703918722787,0.778857837181045,0.4,1,137,1.6590499877929688
138,0.39557086144174847,valid,0.8042328042328042,0.8945603274508108,0.8755394726036427,0.7971213159698424,0.7551948051948052,0.8439767779390421,0.7709599027946537,0.5,0,137,1.608809471130371
139,0.40099545157685573,valid,0.7681878306878307,0.8631154031323681,0.8353098363885498,0.7694837224597172,0.703547805171377,0.8490566037735849,0.7004860267314702,0.42500000000000004,0,137,1.6008381843566895
140,0.3993231964354612,valid,0.7979497354497355,0.8932795694184079,0.8699411116927512,0.7980165289256198,0.7328476017000607,0.8759071117561683,0.732685297691373,0.5,0,137,1.6031615734100342
141,0.40025898327632825,valid,0.8045634920634921,0.8994263262128184,0.8820458793988873,0.8054000658544617,0.7371910789632309,0.8875181422351234,0.7351154313487241,0.42500000000000004,0,137,1.5951147079467773
142,0.3951040025876493,valid,0.8108465608465608,0.8993112563861548,0.875894449734287,0.8075370121130552,0.7528230865746549,0.8708272859216255,0.7606318347509113,0.42500000000000004,0,137,1.5974948406219482
143,0.3938630144206845,valid,0.8005952380952381,0.892901734776835,0.8696775143958437,0.7971745711402624,0.7429467084639498,0.8599419448476052,0.7509113001215066,0.45000000000000007,0,137,1.5968279838562012
144,0.3986879489859756,valid,0.7728174603174603,0.8759304784259506,0.8429028849869911,0.7783155856727977,0.7007553747821035,0.8751814223512336,0.6871202916160389,0.275,0,137,1.5959227085113525
145,0.39149357408893354,valid,0.8230820105820106,0.9019080428959152,0.8807135280595285,0.8102163887903512,0.7925052047189451,0.8287373004354136,0.8183475091130012,0.525,0,137,1.6017508506774902
146,0.3905691030074139,valid,0.7953042328042328,0.8839152662830418,0.8635034932863175,0.7888092801091777,0.7443657437218287,0.8388969521044993,0.758809234507898,0.4,0,137,1.598116397857666
147,0.39657617770895665,valid,0.8263888888888888,0.9037689997478163,0.8823782209529869,0.8141592920353983,0.7947477539737388,0.8345428156748912,0.8195625759416768,0.5,1,147,1.6618056297302246
148,0.3932921685734574,valid,0.830026455026455,0.9047891973681195,0.8849612291022093,0.8207810320781032,0.7899328859060403,0.8541364296081277,0.8098420413122722,0.4,1,148,1.6439592838287354
149,0.3931293359824589,valid,0.8045634920634921,0.895171828790206,0.8680865803059444,0.8038499834052439,0.7406727828746177,0.8788098693759071,0.7424058323207776,0.4,0,148,1.5922062397003174
150,0.38297003811719466,valid,0.798941798941799,0.8778712346595607,0.8477538325178604,0.7839374555792467,0.7681058495821727,0.8004354136429608,0.7976913730255164,0.475,0,148,1.6020739078521729
151,0.3870021560970618,valid,0.8148148148148148,0.8960438905417011,0.8726330294226184,0.8008534850640113,0.7852161785216178,0.8171262699564587,0.8128797083839611,0.475,0,148,1.606574535369873
152,0.38245422317057237,valid,0.7582671957671958,0.8537003987323801,0.8210480223347296,0.770918207458477,0.6784335355763927,0.8925979680696662,0.6458080194410692,0.42500000000000004,0,148,1.6003057956695557
153,0.38390156748343485,valid,0.8376322751322751,0.9096159577601151,0.8869109070251027,0.8270517787953505,0.8035592060232717,0.8519593613933236,0.8256379100850547,0.45000000000000007,1,153,1.676581859588623
154,0.38229513715724556,valid,0.8316798941798942,0.9034308443568171,0.8747012943362621,0.8156465048895328,0.8141720896601591,0.8171262699564587,0.8438639125151883,0.475,0,153,1.6043968200683594
155,0.3878964927731728,valid,0.8115079365079365,0.897022204508621,0.8706778605137788,0.8088531187122736,0.7518703241895262,0.8751814223512336,0.7582017010935601,0.45000000000000007,0,153,1.6019032001495361
156,0.3799451084769502,valid,0.8171296296296297,0.9043985771902505,0.8854760641044273,0.8162180126287804,0.7529123237277744,0.8911465892597968,0.7551640340218712,0.4,0,153,1.599541187286377
157,0.3766110204920477,valid,0.8091931216931217,0.9006440383248655,0.8810424195014777,0.8093822266270234,0.742874469375379,0.8889695210449927,0.7424058323207776,0.325,0,153,1.6048626899719238
158,0.3796129682842566,valid,0.8349867724867724,0.9091849970108297,0.8862847705268843,0.8254634487583071,0.7967589466576638,0.8563134978229318,0.8171324422843257,0.55,0,153,1.602299451828003
159,0.37363096767542314,valid,0.8250661375661376,0.9033237103802684,0.8820018618742317,0.8192688759822344,0.7740477727566172,0.8701015965166908,0.787363304981774,0.5,0,153,1.5920207500457764
160,0.3798034543893775,valid,0.8366402116402116,0.909839484205013,0.8900829695490133,0.8269096005606167,0.7994579945799458,0.8563134978229318,0.8201701093560145,0.5,0,153,1.6011955738067627
161,0.3814183564818635,valid,0.8303571428571429,0.9023714083665022,0.8786200485040416,0.8148682785997835,0.8104809763101221,0.8193033381712627,0.8396111786148238,0.42500000000000004,0,153,1.5923798084259033
162,0.3805369363755596,valid,0.8207671957671958,0.897214428433622,0.8744331810407426,0.8134893324156917,0.7735602094240838,0.8577648766328012,0.7897934386391251,0.525,0,153,1.5864553451538086
163,0.37308317057940427,valid,0.8449074074074074,0.914126165908646,0.8961330725006578,0.8282680336872941,0.835920177383592,0.8207547169811321,0.8651275820170109,0.475,1,163,1.678743600845337
164,0.3677948013860352,valid,0.8432539682539683,0.9133356670611077,0.8930346867958513,0.8326271186440678,0.8108665749656121,0.8555878084179971,0.8329283110571082,0.475,1,164,1.622908592224121
165,0.36909874239746404,valid,0.808531746031746,0.9006654210321191,0.8790976230621121,0.8102261553588987,0.7387925881649731,0.8969521044992743,0.7345078979343864,0.45000000000000007,0,164,1.582993745803833
166,0.37108692770101587,valid,0.7903439153439153,0.8838713986671298,0.8566019138213301,0.7948220064724919,0.7172897196261683,0.8911465892597968,0.7059538274605103,0.375,0,164,1.5759398937225342
167,0.37015531865917906,valid,0.8356481481481481,0.9089286249640683,0.886097826219459,0.8265270506108202,0.7962340282447882,0.8592162554426706,0.81591737545565,0.5,0,164,1.584333896636963
168,0.36809549769576716,valid,0.8167989417989417,0.8991913368733103,0.878676992416178,0.8054775280898876,0.7802721088435374,0.8323657474600871,0.8037667071688943,0.375,0,164,1.5882511138916016
169,0.3657763229340923,valid,0.8386243386243386,0.9128925820963695,0.8921374287912087,0.8299651567944251,0.7982573726541555,0.8642960812772134,0.8171324422843257,0.4,0,164,1.590526819229126
170,0.36753404201293477,valid,0.8326719576719577,0.9101339924203813,0.8889858531034127,0.8256374913852516,0.7860892388451444,0.8693759071117562,0.8019441069258809,0.45000000000000007,0,164,1.586899995803833
171,0.37034385849018486,valid,0.8429232804232805,0.9115249705932665,0.8901411894791539,0.8277112803772216,0.8274111675126904,0.8280116110304789,0.8554070473876063,0.45000000000000007,0,164,1.604454755783081
172,0.3656628101455922,valid,0.8217592592592593,0.9032055543896715,0.8837580594070175,0.818212478920742,0.7643352236925016,0.8802612481857764,0.772782503037667,0.4,0,164,1.5978810787200928
173,0.3636154958180019,valid,0.8019179894179894,0.8991864871871291,0.8811302471314867,0.8060861120103593,0.7276446522501461,0.9034833091436865,0.7168894289185905,0.35,0,164,1.5973424911499023
174,0.37034844318214727,valid,0.8422619047619048,0.9106242516052462,0.8926950298064291,0.8239202657807309,0.8384673178061608,0.8098693759071117,0.8693803159173754,0.625,0,164,1.5950605869293213
175,0.3623011154787881,valid,0.8181216931216931,0.90753235622444,0.8888699773236156,0.8177601060304838,0.7524390243902439,0.895500725689405,0.7533414337788579,0.325,0,164,1.597081184387207
176,0.3629034477837232,valid,0.8270502645502645,0.911806693272339,0.8926313229080522,0.8257247584138621,0.7634011090573013,0.8991291727140783,0.7667071688942891,0.35,0,164,1.603416919708252
177,0.364333694686695,valid,0.8287037037037037,0.9078996097325265,0.8892148315680996,0.8229665071770335,0.7777777777777778,0.8737300435413643,0.7910085054678008,0.275,0,164,1.5983095169067383
178,0.36068069204992176,valid,0.8376322751322751,0.9128299770565758,0.8954833287670136,0.8255772646536412,0.8086290883785665,0.8432510885341074,0.8329283110571082,0.475,0,164,1.5979959964752197
179,0.36053781545892055,valid,0.8273809523809523,0.9151719346015409,0.8975121363960551,0.8208647906657516,0.7786458333333334,0.8679245283018868,0.7934386391251519,0.55,0,164,1.5964832305908203
180,0.35444912861804573,valid,0.8416005291005291,0.9144153835572713,0.8898227990034189,0.8305624336752742,0.8102139406487232,0.8519593613933236,0.8329283110571082,0.525,0,164,1.5948634147644043
181,0.3639105071826857,valid,0.8296957671957672,0.9122978342183277,0.8927705577391778,0.8241720723796517,0.778207607994842,0.8759071117561683,0.7910085054678008,0.45000000000000007,0,164,1.6002252101898193
182,0.3588222082780332,valid,0.8313492063492064,0.9132466091875983,0.8956431978128547,0.8246217331499313,0.7836601307189542,0.8701015965166908,0.798906439854192,0.4,0,164,1.597038745880127
183,0.35641916248263145,valid,0.8270502645502645,0.9123137059185571,0.8944349052443712,0.8266489890619821,0.760829774252593,0.9049346879535559,0.7618469015795869,0.30000000000000004,0,164,1.5995392799377441
184,0.36121838129296596,valid,0.8234126984126984,0.9030596229236731,0.8841897295319638,0.8153526970954357,0.7787318361955086,0.8555878084179971,0.7964763061968408,0.475,0,164,1.596017837524414
185,0.3585530854001337,valid,0.8230820105820106,0.9005770244794524,0.8780350294903558,0.8132635253054101,0.7834566240753195,0.8454281567489115,0.804374240583232,0.45000000000000007,0,164,1.590329647064209
186,0.3561967130826444,valid,0.8416005291005291,0.9171298851770664,0.9015750550058421,0.8283769258330348,0.8181174805378627,0.8388969521044993,0.8438639125151883,0.5750000000000001,0,164,1.5961346626281738
187,0.360572519351025,valid,0.8343253968253969,0.9117365932629924,0.8937704128609931,0.8268233667473212,0.7894389438943894,0.8679245283018868,0.8061968408262454,0.475,0,164,1.5971670150756836
188,0.35492262791614143,valid,0.8227513227513228,0.9130164695342714,0.8959954384231705,0.8213333333333334,0.7595561035758323,0.8940493468795355,0.7630619684082625,0.325,0,164,1.6027545928955078
189,0.3524132979159452,valid,0.8369708994708994,0.9151997100769425,0.8980414902982516,0.8304093567251462,0.789404839764552,0.8759071117561683,0.804374240583232,0.42500000000000004,0,164,1.5976252555847168
190,0.35123173193055757,valid,0.8121693121693122,0.8955417275816643,0.8777551941059746,0.8060109289617486,0.7612903225806451,0.8563134978229318,0.7752126366950183,0.525,0,164,1.606196641921997
191,0.3510840881843956,valid,0.8306878306878307,0.9113384781155708,0.8923562475161311,0.8246575342465754,0.7808041504539559,0.8737300435413643,0.7946537059538274,0.475,0,164,1.6012468338012695
192,0.35180594057452924,valid,0.8257275132275133,0.9049185958130456,0.8867969852133689,0.8127886323268206,0.7961029923451636,0.8301886792452831,0.8219927095990279,0.45000000000000007,0,164,1.605703592300415
193,0.3471921980381012,valid,0.8237433862433863,0.9128577525319772,0.890719412018187,0.8216794914687187,0.7622594661700807,0.8911465892597968,0.767314702308627,0.42500000000000004,0,164,1.6042561531066895
194,0.35153132677078247,valid,0.8184523809523809,0.9044012224736223,0.8800926372413359,0.8162035487110814,0.7576134244872592,0.8846153846153846,0.7630619684082625,0.45000000000000007,0,164,1.6232199668884277
195,0.34985760097600976,valid,0.8253968253968254,0.9026579807317558,0.8850070919901412,0.8160278745644599,0.7848525469168901,0.8497822931785196,0.8049817739975699,0.6,0,164,1.5992257595062256
196,0.3505064279449229,valid,0.8349867724867724,0.9200361698413007,0.8996609110796139,0.8285812435589145,0.786692759295499,0.8751814223512336,0.8013365735115431,0.525,0,164,1.5966143608093262
197,0.34913408877898233,valid,0.8293650793650794,0.9134476507238378,0.8947616222019594,0.8240109140518418,0.7773487773487774,0.8766328011611031,0.7897934386391251,0.42500000000000004,0,164,1.6058149337768555
198,0.3539419539120732,valid,0.8330026455026455,0.9121153096656889,0.8919118422153955,0.8289874703691161,0.7771428571428571,0.888243831640058,0.7867557715674363,0.45000000000000007,0,164,1.6485676765441895
199,0.34769720204022464,valid,0.8336640211640212,0.9077144398965165,0.8913287771472576,0.8220728687654758,0.8019323671497585,0.8432510885341074,0.8256379100850547,0.55,0,164,1.6028985977172852
200,0.3441485878156156,valid,0.8287037037037037,0.9117372545838351,0.89204473204514,0.8227241615331964,0.7784974093264249,0.872278664731495,0.7922235722964763,0.42500000000000004,0,164,1.5893921852111816
201,0.34803103305855576,valid,0.830026455026455,0.9136486922600772,0.8935024250923197,0.8272849462365591,0.7703379224030038,0.8933236574746009,0.7770352369380316,0.42500000000000004,0,164,1.6198885440826416
202,0.347186308734271,valid,0.8442460317460317,0.9167815895331427,0.8974096427647618,0.8312432819777857,0.8209483368719037,0.841799709724238,0.8462940461725394,0.6,0,164,1.6234123706817627
203,0.3427809975585159,valid,0.8230820105820106,0.9091380432309846,0.8895587144104407,0.8195615514333895,0.7655954631379962,0.8817126269956459,0.7739975698663426,0.4,0,164,1.584949254989624
204,0.34161283227862144,valid,0.8316798941798942,0.912015670658693,0.8931286088811143,0.8253859348198971,0.7826935588809368,0.8730043541364296,0.7970838396111786,0.4,0,164,1.5924434661865234
205,0.3409342899614451,valid,0.8158068783068783,0.9031187009189714,0.8827440584932793,0.8111224143777551,0.7612985359643539,0.8679245283018868,0.7721749696233293,0.375,0,164,1.591231107711792
206,0.3383561926228659,valid,0.8257275132275133,0.910686415764478,0.8885908691262088,0.8229761504870675,0.7661038148843027,0.8889695210449927,0.772782503037667,0.45000000000000007,0,164,1.6237976551055908
207,0.34169331314612406,valid,0.830026455026455,0.9142072879320408,0.8963592608556299,0.8201539538138558,0.7918918918918919,0.8505079825834543,0.8128797083839611,0.45000000000000007,0,164,1.593256950378418
208,0.3463327173067599,valid,0.8382936507936508,0.9139326193419594,0.8901812817060213,0.8286014721345951,0.8013559322033899,0.8577648766328012,0.8219927095990279,0.5750000000000001,0,164,1.592043161392212
209,0.344083454535932,valid,0.8287037037037037,0.911305412073426,0.8908779869799556,0.8251181634031061,0.7714646464646465,0.8867924528301887,0.7800729040097205,0.475,0,164,1.5849697589874268
210,0.33917384974810544,valid,0.8296957671957672,0.9138947036136336,0.8943561024041405,0.8235697156560466,0.7800129785853342,0.872278664731495,0.7940461725394897,0.525,0,164,1.5910120010375977
211,0.3422699716626381,valid,0.830026455026455,0.9110677774505465,0.8921688311520437,0.8255261371350985,0.7755102040816326,0.8824383164005806,0.7861482381530984,0.475,0,164,1.5826044082641602
212,0.338086232847097,valid,0.8273809523809523,0.9116036677735708,0.8930885200546689,0.8193771626297578,0.783068783068783,0.8592162554426706,0.8007290400972054,0.5,0,164,1.581763505935669
213,0.33831534884413894,valid,0.8240740740740741,0.9101002650573938,0.8926281373616926,0.821236559139785,0.7647058823529411,0.8867924528301887,0.7715674362089915,0.375,0,164,1.593726396560669
214,0.34337176595415386,valid,0.8353174603174603,0.9197601786095333,0.9043995919862384,0.8309572301425662,0.7806122448979592,0.888243831640058,0.7910085054678008,0.5,0,164,1.584078073501587
215,0.33522915353580396,valid,0.8191137566137566,0.9041329466516885,0.8813308767063812,0.8118335053319573,0.7717462393721386,0.8563134978229318,0.7879708383961118,0.375,0,164,1.5900177955627441
216,0.3366033513935245,valid,0.8353174603174603,0.9166347763060205,0.8990481962217415,0.8295687885010267,0.7849740932642487,0.8795355587808418,0.7982989064398542,0.45000000000000007,0,164,1.5815248489379883
217,0.3345443724977727,valid,0.8363095238095238,0.91254296381076,0.8900995851694777,0.823655147844674,0.8089573128061581,0.8388969521044993,0.8341433778857837,0.5750000000000001,0,164,1.6045470237731934
218,0.3340054628800373,valid,0.8171296296296297,0.9049690766373863,0.8890361038318149,0.8092445670921007,0.7712031558185405,0.851233671988389,0.7885783718104495,0.5,0,164,1.5827782154083252
219,0.33873429407878797,valid,0.8277116402116402,0.9058384931055099,0.883065653031065,0.8180230527418791,0.7885521885521886,0.8497822931785196,0.8092345078979344,0.45000000000000007,0,164,1.5776598453521729
220,0.3336878777766714,valid,0.8210978835978836,0.9034405437291793,0.8827572876506775,0.8169204737732656,0.7653772986683577,0.8759071117561683,0.7752126366950183,0.42500000000000004,0,164,1.5886363983154297
221,0.33533869288405593,valid,0.8359788359788359,0.915345200662379,0.8974461239465483,0.8265734265734266,0.7975708502024291,0.8577648766328012,0.8177399756986634,0.45000000000000007,0,164,1.5857295989990234
222,0.3337048997684401,valid,0.841931216931217,0.9204915994617731,0.9018035969459388,0.8335654596100278,0.8012048192771084,0.8686502177068215,0.8195625759416768,0.475,1,222,1.6289570331573486
223,0.3357417553055043,valid,0.8270502645502645,0.9126769915015863,0.8933339528978896,0.8208290510448784,0.7774172615184944,0.8693759071117562,0.7916160388821385,0.5,0,222,1.5914924144744873
224,0.3364227967602866,valid,0.8095238095238095,0.9053627829791886,0.8837023939046433,0.813350615683733,0.7347775175644028,0.9107402031930334,0.7247873633049817,0.42500000000000004,0,222,1.6010730266571045
225,0.3364982258300392,valid,0.8346560846560847,0.9131443248972307,0.8962673359978839,0.821300929235168,0.8091549295774648,0.8338171262699564,0.8353584447144593,0.475,0,222,1.6000640392303467
226,0.3397264632643486,valid,0.83994708994709,0.9173972792378764,0.897978067692079,0.8341329677861549,0.7902597402597402,0.8831640058055152,0.8037667071688943,0.525,1,226,1.6805806159973145
227,0.3324545366423471,valid,0.8293650793650794,0.9114451712115574,0.8882602927077298,0.8224363386097728,0.7820680628272252,0.8671988388969522,0.7976913730255164,0.475,0,226,1.5932567119598389
228,0.33540403842926025,valid,0.8201058201058201,0.8982125820258285,0.875686616107705,0.8122843340234644,0.7743421052631579,0.8541364296081277,0.7916160388821385,0.6,0,226,1.5898725986480713
229,0.33789309311886223,valid,0.8091931216931217,0.8948222105045966,0.8792463826006741,0.8040747028862478,0.7555839183152521,0.8592162554426706,0.767314702308627,0.4,0,226,1.6058237552642822
230,0.32696420744973786,valid,0.7860449735449735,0.8842256461986395,0.8610495548388493,0.7887691805419523,0.716913946587537,0.8766328011611031,0.7102065613608749,0.30000000000000004,0,226,1.6155264377593994
231,0.330124383070031,valid,0.8230820105820106,0.9124071725976858,0.8925613928903303,0.8217260913028991,0.7597042513863216,0.8947750362844702,0.7630619684082625,0.375,0,226,1.5952064990997314
232,0.3345940283366612,valid,0.8227513227513228,0.9120083961294214,0.8954012573182135,0.82145236508994,0.7592364532019704,0.8947750362844702,0.7624544349939246,0.375,0,226,1.591815710067749
233,0.3297195288599754,valid,0.8128306878306878,0.90685119575626,0.8884638449665896,0.8124585818422797,0.7475609756097561,0.8896952104499274,0.7484811664641555,0.5750000000000001,0,226,1.6321449279785156
234,0.3274860442901144,valid,0.826058201058201,0.9082240978261062,0.8894758390140679,0.8183701657458563,0.7806324110671937,0.8599419448476052,0.7976913730255164,0.42500000000000004,0,226,1.6145520210266113
235,0.3253865226799128,valid,0.8187830687830688,0.907148790135562,0.8844121048681239,0.8172114743162108,0.7561728395061729,0.8889695210449927,0.7600243013365735,0.475,0,226,1.6144077777862549
236,0.3280917497313752,valid,0.8247354497354498,0.9148977068920212,0.8966395196149736,0.8233333333333334,0.7614056720098644,0.8962264150943396,0.7648845686512759,0.30000000000000004,0,226,1.5989151000976562
237,0.3275790244949107,valid,0.8330026455026455,0.9141208753419029,0.89791260926477,0.8242255482074486,0.7919732441471572,0.8592162554426706,0.8110571081409478,0.42500000000000004,0,226,1.6789398193359375
238,0.3230277543165246,valid,0.8108465608465608,0.9057159283092936,0.8864441515940674,0.8117182356813694,0.7427710843373494,0.8947750362844702,0.7405832320777643,0.325,0,226,1.6315467357635498
239,0.32080582818206477,valid,0.7728174603174603,0.8810424885415142,0.8562822356230769,0.7830754657404484,0.6931246506428173,0.8998548621190131,0.6664641555285541,0.275,0,226,1.6062531471252441
240,0.3262160742769436,valid,0.816468253968254,0.9034449525347985,0.880621746726746,0.8129423660262892,0.7589679043423537,0.8751814223512336,0.767314702308627,0.375,0,226,1.5904691219329834
241,0.32233991306655263,valid,0.7880291005291006,0.8811619671737969,0.847808607296962,0.787255227348158,0.7253822629969419,0.8606676342525399,0.727217496962333,0.55,0,226,1.6146821975708008
242,0.32100181920187815,valid,0.8323412698412699,0.9181787400338949,0.9012230878857871,0.8285424416638485,0.7758074730842305,0.8889695210449927,0.7849331713244229,0.525,0,226,1.5877151489257812
243,0.32401361210005625,valid,0.8303571428571429,0.9111369956987693,0.8940283248207885,0.8199368199368199,0.7940176750509857,0.8476052249637155,0.81591737545565,0.475,0,226,1.5887424945831299
244,0.3184865363398377,valid,0.8296957671957672,0.9127589952861049,0.8959103202277453,0.8246510044262854,0.7767799871712636,0.8788098693759071,0.7885783718104495,0.30000000000000004,0,226,1.6070291996002197
245,0.32199307303039393,valid,0.8253968253968254,0.9151384276788344,0.9006091868896251,0.8208955223880597,0.7707006369426752,0.8780841799709724,0.7812879708383961,0.375,0,226,1.5977771282196045
246,0.3224849068388647,valid,0.8167989417989417,0.9030428694623197,0.8883167764601915,0.8076388888888889,0.774300932090546,0.8439767779390421,0.7940461725394897,0.375,0,226,1.5862751007080078
247,0.32682795001535997,valid,0.8313492063492064,0.9132871701992956,0.8959701686629403,0.8247422680412371,0.783289817232376,0.8708272859216255,0.7982989064398542,0.475,0,226,1.5933101177215576
248,0.31633647911402646,valid,0.8296957671957672,0.9120244882699319,0.8968495072963354,0.8194882579740624,0.792542372881356,0.8483309143686503,0.8140947752126367,0.625,0,226,1.5974946022033691
249,0.3245112184359103,valid,0.8167989417989417,0.905467271672366,0.8869870294973421,0.8138440860215054,0.7578222778473092,0.8788098693759071,0.7648845686512759,0.4,0,226,1.5974338054656982
250,0.3195218486445291,valid,0.8128306878306878,0.9015828934814927,0.880104599006443,0.8108288770053476,0.751548946716233,0.8802612481857764,0.7563791008505468,0.42500000000000004,0,226,1.591367483139038
251,0.32208163336831697,valid,0.8369708994708994,0.9137223193139195,0.8960097055156034,0.8253630889125044,0.8062283737024222,0.8454281567489115,0.8298906439854192,0.475,0,226,1.59173583984375
252,0.31810418349139546,valid,0.8220899470899471,0.9079970443367128,0.8875900654889279,0.8160054719562243,0.7716688227684346,0.8657474600870827,0.7855407047387606,0.45000000000000007,0,226,1.5944082736968994
253,0.3236281102409168,valid,0.8247354497354498,0.9057234232788464,0.8835704283267269,0.8194822888283378,0.7721437740693197,0.8730043541364296,0.784325637910085,0.475,0,226,1.618032455444336
254,0.31891731917858124,valid,0.828042328042328,0.9127977927755548,0.8968178512365124,0.8242055442866801,0.7715189873417722,0.8846153846153846,0.7806804374240583,0.525,0,226,1.604386806488037
255,0.31460192890799776,valid,0.8330026455026455,0.9126033644477441,0.8954486639954541,0.8228691687127324,0.7963340122199593,0.851233671988389,0.8177399756986634,0.525,0,226,1.5933809280395508
256,0.3137526603377595,valid,0.833994708994709,0.9137505356698826,0.8970630766819347,0.8227401129943502,0.8012379642365888,0.8454281567489115,0.824422843256379,0.45000000000000007,0,226,1.5951416492462158
257,0.3161608686252516,valid,0.8244047619047619,0.912269617862364,0.8946543374620334,0.8209106239460371,0.7668557025834909,0.8831640058055152,0.7752126366950183,0.4,0,226,1.5965461730957031
258,0.31490592567288145,valid,0.8184523809523809,0.9068379693394021,0.8883327146634993,0.8147148160647992,0.7615141955835962,0.8759071117561683,0.7703523693803159,0.4,0,226,1.5922105312347412
259,0.3149647898211771,valid,0.8244047619047619,0.9097942939474154,0.893189379033245,0.8206686930091185,0.7675300063171194,0.8817126269956459,0.7764277035236938,0.375,0,226,1.6025972366333008
260,0.3175481819376654,valid,0.8118386243386243,0.9046582558412266,0.8805063272691037,0.8097626211969241,0.7507749535027899,0.8788098693759071,0.755771567436209,0.4,0,226,1.598841905593872
261,0.3159745481549477,valid,0.8177910052910053,0.8963930679467486,0.870096635848002,0.8025797205302759,0.7926397735314933,0.8127721335268505,0.8219927095990279,0.55,0,226,1.5970635414123535
262,0.3105670085975102,valid,0.8217592592592593,0.9062379308946171,0.8868961485958672,0.812912183269698,0.7791084497671324,0.8497822931785196,0.7982989064398542,0.45000000000000007,0,226,1.6010160446166992
263,0.3098283416154433,valid,0.8048941798941799,0.9109950321578281,0.8942913757250734,0.8124602670057216,0.7228506787330317,0.9274310595065312,0.7023086269744836,0.325,0,226,1.6013963222503662
264,0.30785701925657233,valid,0.8303571428571429,0.9098822496195201,0.8900576349473781,0.816981805208705,0.8035087719298246,0.8309143686502177,0.8298906439854192,0.6,0,226,1.6059627532958984
265,0.3069061040878296,valid,0.8161375661375662,0.9067705146134272,0.8850875542437477,0.8154050464807437,0.7515299877600979,0.8911465892597968,0.7533414337788579,0.325,0,226,1.5989997386932373
266,0.31401520511325526,valid,0.8207671957671958,0.904129199166912,0.8861560861048717,0.813745704467354,0.7728459530026109,0.8592162554426706,0.7885783718104495,0.475,0,226,1.5955376625061035
267,0.3095712199503062,valid,0.8048941798941799,0.8947869400596424,0.8727975019377678,0.7997284453496266,0.7512755102040817,0.8548621190130624,0.7630619684082625,0.4,0,226,1.6058270931243896
268,0.31033111956654763,valid,0.826058201058201,0.9141975885596785,0.897246632277656,0.8213315217391305,0.7720306513409961,0.8773584905660378,0.7831105710814095,0.42500000000000004,0,226,1.606903314590454
269,0.30991255172661375,valid,0.8042328042328042,0.8936825342520109,0.871035360282822,0.8046204620462046,0.7378934624697336,0.8846153846153846,0.7369380315917375,0.325,0,226,1.598188877105713
270,0.3125398411434524,valid,0.8065476190476191,0.8949897451181296,0.8724611238122258,0.7963800904977375,0.7652173913043478,0.8301886792452831,0.7867557715674363,0.45000000000000007,0,226,1.6060490608215332
271,0.31418700151297513,valid,0.8247354497354498,0.9095291042894151,0.8940963204831571,0.8163548163548163,0.7811671087533156,0.8548621190130624,0.7995139732685298,0.375,0,226,1.6031243801116943
272,0.31066391024054313,valid,0.8349867724867724,0.9117789177969375,0.8968386450907118,0.8204390068369917,0.8137044967880086,0.8272859216255443,0.8414337788578372,0.45000000000000007,0,226,1.6027231216430664
273,0.30763910102600955,valid,0.8267195767195767,0.9091239350530025,0.8930172125568832,0.8212824010914052,0.7747747747747747,0.8737300435413643,0.787363304981774,0.4,0,226,1.6032702922821045
274,0.30605572431671374,valid,0.8267195767195767,0.9083030154466913,0.8910310475741438,0.8172942817294282,0.7865771812080536,0.8505079825834543,0.8068043742405833,0.475,0,226,1.6066696643829346
275,0.30683897891823125,valid,0.8158068783068783,0.9053795364405419,0.8899417307126594,0.8127731092436975,0.7570444583594239,0.8773584905660378,0.764277035236938,0.375,0,226,1.6048457622528076
276,0.3009981923565573,valid,0.8234126984126984,0.9109187598206145,0.8923135122240494,0.8186141304347826,0.7694763729246488,0.874455732946299,0.7806804374240583,0.42500000000000004,0,226,1.6049914360046387
277,0.2991382662130862,valid,0.8270502645502645,0.9121258907991755,0.8969925570493154,0.8166841920785138,0.7898305084745763,0.8454281567489115,0.8116646415552855,0.525,0,226,1.6124165058135986
278,0.31289368472537216,valid,0.8091931216931217,0.8871279629378163,0.85745649795658,0.8021940349674322,0.7602339181286549,0.8490566037735849,0.775820170109356,0.35,0,226,1.6021111011505127
279,0.30841707088509385,valid,0.8283730158730159,0.9131020003632856,0.8962023625287034,0.8236493374108053,0.7744408945686901,0.8795355587808418,0.7855407047387606,0.45000000000000007,0,226,1.6061363220214844
280,0.30085282940037394,valid,0.8263888888888888,0.9149162238756223,0.8993317492185385,0.8229342327150084,0.7687460617517329,0.8853410740203193,0.7770352369380316,0.525,0,226,1.6041486263275146
281,0.3046915640636366,valid,0.8187830687830688,0.908856320551912,0.8903584672715965,0.8168449197860963,0.7571251548946716,0.8867924528301887,0.7618469015795869,0.42500000000000004,0,226,1.6102430820465088
282,0.3005375801300516,valid,0.8121693121693122,0.9097777609263429,0.894895387144464,0.8117958913187542,0.7469512195121951,0.8889695210449927,0.7478736330498177,0.325,0,226,1.604032278060913
283,0.31178954638996903,valid,0.8224206349206349,0.9117242486072583,0.8932351629776438,0.8161588497090038,0.7725210628645496,0.865021770682148,0.7867557715674363,0.45000000000000007,0,226,1.6002411842346191
284,0.3023292133394553,valid,0.8174603174603174,0.9031222279634668,0.8832188186399332,0.8100481761871989,0.7702879581151832,0.8541364296081277,0.7867557715674363,0.45000000000000007,0,226,1.605647325515747
285,0.3051397125331723,valid,0.8237433862433863,0.9140981699929636,0.8986343095630875,0.8193832599118943,0.768595041322314,0.8773584905660378,0.778857837181045,0.4,0,226,1.6059587001800537
286,0.2999311576084215,valid,0.8194444444444444,0.9078696298543154,0.8925980977045925,0.816408876933423,0.7606516290726817,0.8809869375907112,0.7679222357229648,0.5,0,226,1.5997841358184814
287,0.2985054211957114,valid,0.8253968253968254,0.9076478669316653,0.8920592149153054,0.814866760168303,0.7883310719131614,0.8432510885341074,0.81044957472661,0.6,0,226,1.6018397808074951
288,0.30356209071315066,valid,0.8115079365079365,0.9026817882821001,0.8800639585288603,0.8080808080808081,0.7537688442211056,0.8708272859216255,0.7618469015795869,0.4,0,226,1.5978052616119385
289,0.30275055127484457,valid,0.8267195767195767,0.9104060157270915,0.8891939045213131,0.8234501347708895,0.7685534591194969,0.8867924528301887,0.7764277035236938,0.325,0,226,1.5975427627563477
290,0.29891916379636646,valid,0.828042328042328,0.9114689787619016,0.889479720362172,0.8227675528289026,0.775706940874036,0.8759071117561683,0.7879708383961118,0.325,0,226,1.5973730087280273
291,0.30107382000709065,valid,0.826058201058201,0.9113900611413163,0.8935449185580483,0.823252688172043,0.7665832290362954,0.8889695210449927,0.7733900364520049,0.42500000000000004,0,226,1.5984342098236084
292,0.2957420139288416,valid,0.8187830687830688,0.903739901630729,0.878221894625286,0.8129692832764505,0.7673969072164949,0.8642960812772134,0.7806804374240583,0.475,0,226,1.603083610534668
293,0.3008423347254189,valid,0.8210978835978836,0.9096036131043812,0.8914420165179058,0.8180289270097545,0.7623824451410658,0.8824383164005806,0.7697448359659781,0.375,0,226,1.5988218784332275
294,0.3007762015474086,valid,0.8220899470899471,0.9124684549957939,0.8970106062916785,0.8158795345653662,0.772020725388601,0.865021770682148,0.7861482381530984,0.45000000000000007,0,226,1.6016664505004883
295,0.295987320797784,valid,0.808531746031746,0.9079181267161276,0.8891121283640002,0.8088478045559591,0.7419745608721987,0.8889695210449927,0.741190765492102,0.325,0,226,1.5974507331848145
296,0.29483011030420964,valid,0.8210978835978836,0.9126624424430425,0.8972011960798507,0.8177837655776355,0.7630421118793211,0.8809869375907112,0.7709599027946537,0.375,0,226,1.599747657775879
297,0.29959575436553176,valid,0.8187830687830688,0.9126007191643726,0.8975718794397997,0.8165997322623829,0.7577639751552795,0.8853410740203193,0.7630619684082625,0.35,0,226,1.607947826385498
298,0.29332550204530056,valid,0.816468253968254,0.9103539918207838,0.8954423112276275,0.8148148148148148,0.7541692402717727,0.886066763425254,0.7582017010935601,0.325,0,226,1.6071672439575195
299,0.2923834585413641,valid,0.8250661375661376,0.9110541101531265,0.8921564809619489,0.8167648077589192,0.7813121272365805,0.8555878084179971,0.7995139732685298,0.45000000000000007,0,226,1.6040880680084229
300,0.29034680006455404,valid,0.8230820105820106,0.9101996836241086,0.8906416589735404,0.8193177980412023,0.7662665824384081,0.8802612481857764,0.7752126366950183,0.42500000000000004,0,226,1.598120927810669
301,0.2942814261329417,valid,0.8237433862433863,0.9115906617969938,0.894802092947763,0.814994793474488,0.7811044577511643,0.8519593613933236,0.8001215066828675,0.35,0,226,1.6128203868865967
302,0.29586367126630275,valid,0.8240740740740741,0.9088475029406733,0.8912226296954887,0.8157894736842105,0.7801324503311259,0.8548621190130624,0.7982989064398542,0.45000000000000007,0,226,1.6073176860809326
303,0.303233805055521,valid,0.8240740740740741,0.9123053291878803,0.8953652224746166,0.8225483655770514,0.7611111111111111,0.8947750362844702,0.7648845686512759,0.45000000000000007,0,226,1.6041450500488281
304,0.29691482958744986,valid,0.8197751322751323,0.9096984024251957,0.8916407640504252,0.8144364998297583,0.7671584348941629,0.8679245283018868,0.7794653705953828,0.42500000000000004,0,226,1.611732006072998
305,0.2926203395639147,valid,0.8171296296296297,0.9012013113551434,0.8840492782699593,0.8114558472553699,0.7652733118971061,0.8635703918722787,0.7782503037667071,0.65,0,226,1.6234593391418457
306,0.2950713147922438,valid,0.8177910052910053,0.910606616382769,0.8884870194386518,0.8178512396694215,0.7510625379477839,0.897677793904209,0.7509113001215066,0.475,0,226,1.6209843158721924
307,0.2889723178683495,valid,0.8118386243386243,0.9033228286191445,0.8871288617434223,0.8066598708800544,0.7584664536741214,0.8613933236574746,0.7703523693803159,0.375,0,226,1.6252233982086182
308,0.2936180583676513,valid,0.8313492063492064,0.9101397238676865,0.8922322476844231,0.8156182212581344,0.8126801152737753,0.818577648766328,0.8420413122721749,0.5750000000000001,0,226,1.6125438213348389
309,0.28951667979055523,valid,0.8009259259259259,0.8970473347006509,0.873041227166787,0.800794176042356,0.7360097323600974,0.8780841799709724,0.7363304981773997,0.475,0,226,1.6178407669067383
310,0.289323984056103,valid,0.8184523809523809,0.904951882295471,0.8847381343161848,0.8169389796598866,0.7557063541024059,0.8889695210449927,0.7594167679222357,0.30000000000000004,0,226,1.6258699893951416
311,0.2919102435817524,valid,0.8131613756613757,0.8974397184007674,0.8754251487232143,0.8044305988231222,0.7690271343481139,0.8432510885341074,0.7879708383961118,0.325,0,226,1.6380553245544434
312,0.2921353298790601,valid,0.8373015873015873,0.9156099494398172,0.897860083226189,0.8210909090909091,0.8228862973760933,0.8193033381712627,0.8523693803159174,0.65,0,226,1.6247949600219727
313,0.28495750804336706,valid,0.8125,0.9049150687685501,0.8818057400255495,0.8140373893079699,0.7426690604428486,0.9005805515239478,0.7387606318347509,0.5,0,226,1.617400884628296
314,0.28941643511762427,valid,0.8273809523809523,0.91277839403083,0.8953615549282897,0.8214774281805746,0.776843467011643,0.8715529753265603,0.7904009720534629,0.375,0,226,1.611628532409668
315,0.28609334479789345,valid,0.8167989417989417,0.8999302526951029,0.8829536913507194,0.8077723802914643,0.773936170212766,0.8447024673439768,0.7934386391251519,0.475,0,226,1.609508752822876
316,0.2885223246958791,valid,0.8191137566137566,0.9084066223787446,0.8914614296222485,0.8142614601018676,0.7651563497128271,0.8701015965166908,0.7764277035236938,0.325,0,226,1.6561589241027832
317,0.2895325407081721,valid,0.8184523809523809,0.9138012369345045,0.8970850851894063,0.8174260059860325,0.7544505831798649,0.8918722786647315,0.7569866342648846,0.35,0,226,1.6094233989715576
318,0.2831264998839826,valid,0.8184523809523809,0.9038849513356035,0.8803146298605887,0.8160804020100503,0.7579340385812072,0.8838896952104499,0.7636695018226003,0.5,0,226,1.6120414733886719
319,0.2833949595081563,valid,0.810515873015873,0.9072757637373974,0.8891440083456884,0.8125613346418057,0.7397260273972602,0.9013062409288825,0.7345078979343864,0.4,0,226,1.6176385879516602
320,0.2848838798853816,valid,0.8207671957671958,0.9095824508374084,0.8941501129442557,0.8098245614035088,0.7839673913043478,0.8374455732946299,0.8068043742405833,0.475,0,226,1.653172254562378
321,0.2853710018858618,valid,0.8273809523809523,0.9143426382645532,0.8968256030109135,0.8220858895705522,0.7750642673521851,0.8751814223512336,0.787363304981774,0.5,0,226,1.6079823970794678
322,0.28314837083524586,valid,0.8277116402116402,0.9142482898243005,0.8992122306012442,0.8167428772423496,0.7924914675767918,0.8425253991291727,0.8153098420413123,0.525,0,226,1.6055004596710205
323,0.28619540133038346,valid,0.830026455026455,0.9148527370747046,0.8978141630718525,0.818502824858757,0.7971114167812929,0.8410740203193033,0.8207776427703524,0.42500000000000004,0,226,1.6202116012573242
324,0.2858983853033611,valid,0.8204365079365079,0.9041556520006278,0.8853291157749901,0.8104712041884817,0.7807666442501682,0.8425253991291727,0.8019441069258809,0.42500000000000004,0,226,1.628849983215332
325,0.2821855210528082,valid,0.7946428571428571,0.9040352916072213,0.885203478857697,0.8035431825371718,0.71228266965788,0.9216255442670537,0.6883353584447145,0.225,0,226,1.609628677368164
326,0.28631266252118714,valid,0.792989417989418,0.8885978587312868,0.8644068601712521,0.7943495400788436,0.7256902761104442,0.8773584905660378,0.7223572296476306,0.45000000000000007,0,226,1.6138834953308105
327,0.2874487802690389,valid,0.8184523809523809,0.9085261010110273,0.8907058762943619,0.8181517058628685,0.7525898842169408,0.8962264150943396,0.7533414337788579,0.45000000000000007,0,226,1.606088638305664
328,0.28810852097005263,valid,0.8118386243386243,0.9105215264343167,0.8932621273782608,0.8128904965471885,0.7432351172579675,0.8969521044992743,0.7405832320777643,0.35,0,226,1.611271858215332
329,0.2788735317940615,valid,0.8197751322751323,0.9070416561590133,0.8896052175070788,0.8112227225493592,0.7760106030483764,0.8497822931785196,0.7946537059538274,0.45000000000000007,0,226,1.606384515762329
330,0.2843431185702888,valid,0.8240740740740741,0.9083625343225518,0.8909355879654338,0.8181818181818182,0.7732558139534884,0.8686502177068215,0.7867557715674363,0.4,0,226,1.6083598136901855
331,0.2825974329393737,valid,0.8187830687830688,0.9068626586508701,0.8876188730251399,0.8162307176391683,0.7587281795511222,0.8831640058055152,0.7648845686512759,0.42500000000000004,0,226,1.6185436248779297
332,0.27722980659835195,valid,0.808531746031746,0.9050303590354946,0.8858185890879178,0.8108461287161058,0.7373737373737373,0.9005805515239478,0.7314702308626975,0.4,0,226,1.6093471050262451
333,0.2830936899598764,valid,0.7900132275132276,0.8941723525563137,0.8697241989716562,0.7971893963589908,0.7119224187107815,0.9056603773584906,0.6931956257594167,0.275,0,226,1.6201262474060059
334,0.28371340370908077,valid,0.8101851851851852,0.8950003262516159,0.8696263228252696,0.8058186738836265,0.7547528517110266,0.8642960812772134,0.7648845686512759,0.4,0,226,1.6207170486450195
335,0.2826217111884331,valid,0.8214285714285714,0.9120139071364455,0.8951880273837376,0.815068493150685,0.7717250324254216,0.8635703918722787,0.7861482381530984,0.4,0,226,1.630019187927246
336,0.2875080099519418,valid,0.8287037037037037,0.9114857322232549,0.891513007821737,0.8172194777699365,0.7953296703296703,0.8403483309143687,0.818955042527339,0.4,0,226,1.6135308742523193
337,0.28764425826315976,valid,0.8187830687830688,0.9025512876357691,0.8824431420409694,0.8125854993160054,0.7684346701164295,0.8621190130624092,0.7825030376670717,0.4,0,226,1.621392011642456
338,0.2836004936573457,valid,0.8244047619047619,0.906091117667495,0.890482587331046,0.8123011664899258,0.791867677463818,0.8338171262699564,0.8165249088699879,0.475,0,226,1.6171245574951172
339,0.2819467667414218,valid,0.8025793650793651,0.905014487335265,0.8844521212881805,0.8092042186001918,0.7230154197601371,0.918722786647315,0.7053462940461726,0.30000000000000004,0,226,1.6132266521453857
340,0.2774642839723704,valid,0.8323412698412699,0.9178203041370468,0.9003947717850452,0.8255933952528379,0.7848266841072596,0.8708272859216255,0.8001215066828675,0.4,0,226,1.6156117916107178
341,0.27534637159230757,valid,0.833994708994709,0.913885886002395,0.896648244779599,0.8216062544420754,0.8050139275766016,0.8388969521044993,0.8298906439854192,0.45000000000000007,0,226,1.616649866104126
342,0.2762296823214512,valid,0.832010582010582,0.9121920228834645,0.8969962505520562,0.8181818181818182,0.8072033898305084,0.8294629898403484,0.8341433778857837,0.55,0,226,1.6183264255523682
343,0.282765585853129,valid,0.8177910052910053,0.9047230652838301,0.8880999051053645,0.8114950393431406,0.7676375404530744,0.8606676342525399,0.7818955042527339,0.5,0,226,1.6145076751708984
344,0.28189771394340357,valid,0.8333333333333334,0.9145247219366296,0.8960658780839645,0.8164603058994901,0.8194444444444444,0.8134978229317852,0.8499392466585662,0.6,0,226,1.6053006649017334
345,0.2763167412913575,valid,0.8204365079365079,0.9064861466509831,0.8874064054919901,0.81511746680286,0.7677998717126363,0.8686502177068215,0.7800729040097205,0.30000000000000004,0,226,1.6142685413360596
346,0.28067755820799845,valid,0.8247354497354498,0.9078921147629737,0.8916882349502089,0.8163548163548163,0.7811671087533156,0.8548621190130624,0.7995139732685298,0.42500000000000004,0,226,1.6161224842071533
347,0.2753571326635322,valid,0.8134920634920635,0.9071959643556885,0.8914760906019342,0.8114973262032086,0.7521685254027262,0.8809869375907112,0.7569866342648846,0.375,0,226,1.6367809772491455
348,0.2779091599644447,valid,0.8181216931216931,0.9112908630148824,0.892230256754673,0.8144399460188934,0.7610340479192939,0.8759071117561683,0.7697448359659781,0.4,0,226,1.6243607997894287
349,0.27922420446970025,valid,0.8313492063492064,0.914262398002282,0.8965567558931411,0.8216783216783217,0.7928475033738192,0.8526850507982583,0.8134872417982989,0.45000000000000007,0,226,1.612579345703125
350,0.2802855512317346,valid,0.828042328042328,0.9049814212931203,0.8855266216186382,0.8152096659559346,0.7987465181058496,0.8323657474600871,0.824422843256379,0.375,0,226,1.6121156215667725
351,0.27396291676832707,valid,0.8022486772486772,0.904915289208831,0.8888783350296378,0.8080872913992297,0.7243958573072498,0.9136429608127722,0.7089914945321992,0.35,0,226,1.6478757858276367
352,0.27682255847113474,valid,0.8115079365079365,0.8958887005839021,0.869399536064663,0.8029045643153527,0.7668428005284016,0.8425253991291727,0.7855407047387606,0.5,0,226,1.634134292602539
353,0.2713439865988128,valid,0.8158068783068783,0.9101295836147623,0.8917911709957262,0.8159894284770399,0.7489387507580352,0.8962264150943396,0.7484811664641555,0.4,0,226,1.6097967624664307
354,0.2706100663968495,valid,0.8253968253968254,0.9124927034267001,0.8934488331453616,0.8190541466758053,0.775974025974026,0.8671988388969522,0.7904009720534629,0.6,0,226,1.6030476093292236
355,0.2668808418877271,valid,0.8273809523809523,0.91533858745395,0.8989391322470496,0.82,0.7812089356110381,0.862844702467344,0.7976913730255164,0.45000000000000007,0,226,1.646214246749878
356,0.2704974805213967,valid,0.8326719576719577,0.9154518937583659,0.8990198342341568,0.8239387613082811,0.7914438502673797,0.8592162554426706,0.81044957472661,0.55,0,226,1.636970043182373
357,0.27026947268417906,valid,0.8098544973544973,0.8969631265133226,0.8717829241812025,0.806852536110178,0.7510944340212633,0.8715529753265603,0.7582017010935601,0.375,0,226,1.6103825569152832
358,0.2729942202568054,valid,0.8197751322751323,0.9076280273063785,0.8867561615331613,0.8159405606214117,0.7631080227416298,0.8766328011611031,0.7721749696233293,0.30000000000000004,0,226,1.6080472469329834
359,0.2700923623479142,valid,0.8197751322751323,0.9100612471276631,0.890691000905578,0.8171754444817175,0.759825327510917,0.8838896952104499,0.7660996354799514,0.5,0,226,1.6398653984069824
360,0.2648684586189231,valid,0.8158068783068783,0.9161630341047566,0.9010290875893718,0.8199159392175881,0.7393586005830903,0.9201741654571843,0.7284325637910085,0.35,0,226,1.6181964874267578
361,0.27059550552952044,valid,0.8293650793650794,0.9136112174123133,0.8967979520774589,0.8208333333333333,0.7869507323568575,0.8577648766328012,0.8055893074119077,0.42500000000000004,0,226,1.6137022972106934
362,0.27317210362882033,valid,0.832010582010582,0.9164156586667418,0.8978668193546542,0.824464409122322,0.7869393139841688,0.8657474600870827,0.8037667071688943,0.5,0,226,1.6102330684661865
363,0.2676575910680148,valid,0.832010582010582,0.9166797461233371,0.9012594760998612,0.8261464750171116,0.7817357512953368,0.8759071117561683,0.7952612393681653,0.42500000000000004,0,226,1.6170039176940918
364,0.2706599059153576,valid,0.8167989417989417,0.9033836701366906,0.8805619160479821,0.8101439342015079,0.7675324675324675,0.8577648766328012,0.7825030376670717,0.375,0,226,1.6130409240722656
365,0.2748252235505046,valid,0.8184523809523809,0.9102115873992809,0.8902614306098989,0.8162035487110814,0.7576134244872592,0.8846153846153846,0.7630619684082625,0.30000000000000004,0,226,1.6100175380706787
366,0.2706553069304447,valid,0.8257275132275133,0.9115011630429224,0.8921130093689276,0.8212953543574093,0.7708465945257797,0.8788098693759071,0.7812879708383961,0.375,0,226,1.5993320941925049
367,0.2740336732596767,valid,0.830026455026455,0.913569774639492,0.8929778890259287,0.8212795549374131,0.7883845126835781,0.8570391872278664,0.807411907654921,0.45000000000000007,0,226,1.6208126544952393
368,0.2802502373043372,valid,0.8240740740740741,0.9152839182642708,0.8966188397974681,0.8211163416274377,0.7650375939849624,0.886066763425254,0.7721749696233293,0.45000000000000007,0,226,1.6115858554840088
369,0.26797549943534693,valid,0.8220899470899471,0.914089572822006,0.8982719052501551,0.8149931224209078,0.7745098039215687,0.8599419448476052,0.7904009720534629,0.4,0,226,1.6093735694885254
370,0.26858654922368574,valid,0.8283730158730159,0.9145948219459763,0.8990446739427758,0.8228064185728917,0.7769181173436492,0.874455732946299,0.7897934386391251,0.4,0,226,1.6047029495239258
371,0.2656203943247698,valid,0.8174603174603174,0.9070341611894605,0.8884913360505247,0.8130081300813008,0.7623888182973316,0.8708272859216255,0.772782503037667,0.45000000000000007,0,226,1.6241958141326904
372,0.26579439335939836,valid,0.8141534391534392,0.9067982900888286,0.8891241003250965,0.8115358819584172,0.7543640897755611,0.8780841799709724,0.7606318347509113,0.325,0,226,1.6040410995483398
373,0.2659242387328829,valid,0.8224206349206349,0.9091413498351988,0.8896699116546393,0.8171603677221655,0.7697241821680565,0.8708272859216255,0.7818955042527339,0.375,0,226,1.6120820045471191
374,0.27259210846862014,valid,0.7956349206349206,0.8963600019046041,0.8806196285443832,0.7957699933906147,0.7305825242718447,0.8737300435413643,0.7302551640340219,0.4,0,226,1.6153156757354736
375,0.2800764827703943,valid,0.8184523809523809,0.9062736422201334,0.8877749566890035,0.8134556574923547,0.7648562300319489,0.8686502177068215,0.7764277035236938,0.5,0,226,1.6018493175506592
376,0.2662297876513734,valid,0.810515873015873,0.9056030628854398,0.8852431675209845,0.8109534806994392,0.7434966727162734,0.8918722786647315,0.7424058323207776,0.325,0,226,1.612098217010498
377,0.269104398634969,valid,0.8240740740740741,0.9110139900219911,0.8931008982325273,0.8173076923076923,0.7757496740547588,0.8635703918722787,0.7910085054678008,0.375,0,226,1.6109287738800049
378,0.2630976754791883,valid,0.8283730158730159,0.9113036485511782,0.8943375268572578,0.8187216206776109,0.7892255892255893,0.8505079825834543,0.8098420413122722,0.475,0,226,1.609633445739746
379,0.26457933959912283,valid,0.8296957671957672,0.9102609660222168,0.8929016544192167,0.8228414172686619,0.7822105951602355,0.8679245283018868,0.7976913730255164,0.45000000000000007,0,226,1.6084904670715332
380,0.26003730175446493,valid,0.8111772486772487,0.9046961715695523,0.8882370330753464,0.8089662094345935,0.750465549348231,0.8773584905660378,0.755771567436209,0.5,0,226,1.610128402709961
381,0.26673800270168146,valid,0.826058201058201,0.9129547462556012,0.8979454587282945,0.8191196698762035,0.7784313725490196,0.8642960812772134,0.7940461725394897,0.5,0,226,1.6028287410736084
382,0.2739259600639343,valid,0.826058201058201,0.9086746777603973,0.8928059415060059,0.8098336948662328,0.8069164265129684,0.8127721335268505,0.8371810449574727,0.525,0,226,1.6099424362182617
383,0.2717121003233657,valid,0.8174603174603174,0.9017771013690223,0.8825525468460851,0.8052223006351447,0.7836538461538461,0.8280116110304789,0.8086269744835966,0.45000000000000007,0,226,1.6136267185211182
384,0.26568998518038767,valid,0.8217592592592593,0.9065699139577494,0.8908794861119931,0.8098765432098766,0.787920384351407,0.8330914368650217,0.8122721749696233,0.475,0,226,1.6060750484466553
385,0.26130617759665664,valid,0.828042328042328,0.9081720739197985,0.8895315533273296,0.811046511627907,0.8122270742358079,0.8098693759071117,0.8432563791008505,0.525,0,226,1.6091673374176025
386,0.2643780790421428,valid,0.8187830687830688,0.9048954495835443,0.8847280901593014,0.8112947658402204,0.7719528178243774,0.8548621190130624,0.7885783718104495,0.42500000000000004,0,226,1.6066129207611084
387,0.2631795138728862,valid,0.8191137566137566,0.9059967692272421,0.8892110405934153,0.8133742749914705,0.7675466838377334,0.865021770682148,0.7806804374240583,0.45000000000000007,0,226,1.6077396869659424
388,0.2611237679209028,valid,0.814484126984127,0.9010320132193628,0.8805142108181497,0.8070175438596491,0.7671680837148463,0.851233671988389,0.7837181044957473,0.45000000000000007,0,226,1.6082782745361328
389,0.2617694711198612,valid,0.8287037037037037,0.9108777579283552,0.8887894514051465,0.8182456140350877,0.7921195652173914,0.8461538461538461,0.8140947752126367,0.525,0,226,1.612001657485962
390,0.2581943109327433,valid,0.8214285714285714,0.9066117976111329,0.8872261457639742,0.8134070490670352,0.7763852242744064,0.8541364296081277,0.7940461725394897,0.45000000000000007,0,226,1.6104612350463867
391,0.25924915653102254,valid,0.8194444444444444,0.9075230977326395,0.8871548875336255,0.8155405405405406,0.7629582806573957,0.8759071117561683,0.7721749696233293,0.4,0,226,1.6135954856872559
392,0.2612049576579308,valid,0.8201058201058201,0.9105634100876999,0.8918141470637742,0.8173270651443922,0.760625,0.8831640058055152,0.767314702308627,0.475,0,226,1.6127426624298096
393,0.2636241964539703,valid,0.8201058201058201,0.9052909194475942,0.884693694194111,0.807909604519774,0.7867950481430537,0.8301886792452831,0.8116646415552855,0.525,0,226,1.6111841201782227
394,0.2646740462098803,valid,0.8240740740740741,0.9093395256477856,0.8904181976811048,0.8199052132701422,0.7684010152284264,0.8788098693759071,0.7782503037667071,0.42500000000000004,0,226,1.608830451965332
395,0.26270761447293417,valid,0.8333333333333334,0.9131641645225177,0.8971414778896046,0.819613457408733,0.8086158192090396,0.8309143686502177,0.8353584447144593,0.625,0,226,1.6101410388946533
396,0.25561792327433214,valid,0.8161375661375662,0.9052459496302776,0.8849123868641684,0.809719370294319,0.7661917098445595,0.8584905660377359,0.7806804374240583,0.4,0,226,1.6112229824066162
397,0.26164221094579115,valid,0.8293650793650794,0.9116105014222806,0.8935281265809608,0.8181818181818182,0.7952054794520548,0.8425253991291727,0.8183475091130012,0.675,0,226,1.6107184886932373
398,0.2588020718219329,valid,0.8273809523809523,0.9147195911450021,0.8962404514962506,0.8242424242424242,0.7688442211055276,0.888243831640058,0.7764277035236938,0.4,0,226,1.6071953773498535
399,0.26210291622852794,valid,0.8267195767195767,0.9153108119785485,0.8993007202675927,0.8199312714776632,0.7787206266318538,0.8657474600870827,0.7940461725394897,0.4,0,226,1.6083436012268066
400,0.25524625273383394,valid,0.8326719576719577,0.9117965530194145,0.8920454707948879,0.8220815752461322,0.7974079126875853,0.8483309143686503,0.8195625759416768,0.55,0,226,1.616802453994751
401,0.25743014411050447,valid,0.8306878306878307,0.909981006865392,0.8901855139620611,0.8228373702422145,0.7863756613756614,0.862844702467344,0.8037667071688943,0.475,0,226,1.6104021072387695
402,0.26127561805199606,valid,0.8201058201058201,0.9061612176768414,0.8905656216502086,0.8104529616724738,0.7794906166219839,0.8439767779390421,0.8001215066828675,0.475,0,226,1.61977219581604
403,0.26383083055214007,valid,0.8257275132275133,0.9089996067345388,0.8915669850932688,0.8168230795968022,0.7838559039359573,0.8526850507982583,0.8031591737545565,0.45000000000000007,0,226,1.6161246299743652
404,0.2652959230603004,valid,0.808531746031746,0.8985670499976193,0.8774513993004842,0.8049848433816099,0.7510999371464487,0.8671988388969522,0.7594167679222357,0.375,0,226,1.6215343475341797
405,0.2682575118176791,valid,0.8115079365079365,0.9071051429599309,0.8875458822926542,0.8112582781456954,0.7460414129110841,0.8889695210449927,0.7466585662211421,0.275,0,226,1.6175312995910645
406,0.2616083874386184,valid,0.8098544973544973,0.8933390882942682,0.8737349451711756,0.7971781305114638,0.7755662319835278,0.8200290275761973,0.8013365735115431,0.6,0,226,1.6233842372894287
407,0.2637876521567909,valid,0.8197751322751323,0.9111934284106962,0.8925333192814483,0.815691579303348,0.7637745408486384,0.8751814223512336,0.7733900364520049,0.42500000000000004,0,226,1.6187541484832764
408,0.26031259675415197,valid,0.8273809523809523,0.9068088712223148,0.8875313522684809,0.8154172560113154,0.7951724137931034,0.8367198838896952,0.8195625759416768,0.375,0,226,1.613687515258789
409,0.26791413128376007,valid,0.8078703703703703,0.8886734697476577,0.8614308370634499,0.7960687960687961,0.7709041468388851,0.8229317851959361,0.7952612393681653,0.375,0,226,1.6174883842468262
410,0.25826355693291647,valid,0.8108465608465608,0.9088349378446583,0.8875699962683277,0.8114700065919578,0.7433574879227053,0.8933236574746009,0.7417982989064399,0.42500000000000004,0,226,1.6173601150512695
411,0.2556869998878362,valid,0.8134920634920635,0.8993258054446986,0.8774932808510535,0.8081632653061225,0.7605633802816901,0.8621190130624092,0.772782503037667,0.275,0,226,1.6171951293945312
412,0.26309921333984454,valid,0.8217592592592593,0.9046683960941508,0.8846186333657465,0.8159781495390919,0.7704706640876854,0.8671988388969522,0.7837181044957473,0.30000000000000004,0,226,1.6140758991241455
413,0.25435302269702054,valid,0.8072089947089947,0.8985714588032387,0.8740029427315128,0.8017681060863652,0.7543186180422264,0.8555878084179971,0.7667071688942891,0.325,0,226,1.6173999309539795
414,0.2500338821995015,valid,0.8191137566137566,0.9096155168795532,0.8935924172574647,0.812991452991453,0.768584356819651,0.862844702467344,0.7825030376670717,0.42500000000000004,0,226,1.6134114265441895
415,0.2546838628394263,valid,0.8326719576719577,0.9122242071644853,0.8982936855590034,0.8135593220338984,0.8263473053892215,0.8011611030478955,0.8590522478736331,0.525,0,226,1.6126980781555176
416,0.25370057961162257,valid,0.8283730158730159,0.9134811576465443,0.8964840493119628,0.823168654173765,0.7758509955041747,0.8766328011611031,0.7879708383961118,0.475,0,226,1.6133439540863037
417,0.25037145705855623,valid,0.8009259259259259,0.8933360021303349,0.8720453053096469,0.8021038790269559,0.7331730769230769,0.8853410740203193,0.7302551640340219,0.30000000000000004,0,226,1.6073071956634521
418,0.25710285348551615,valid,0.8191137566137566,0.9039069953637,0.8817739264880537,0.8101353696633113,0.7764471057884231,0.8468795355587808,0.795868772782503,0.475,0,226,1.6125729084014893
419,0.2493327649272218,valid,0.8141534391534392,0.9042544092464999,0.8835272836549568,0.8100067613252198,0.7582278481012659,0.8693759071117562,0.7679222357229648,0.275,0,226,1.6166973114013672
420,0.2475420063247486,valid,0.8326719576719577,0.9143862854401841,0.8984238317451263,0.8244274809160306,0.7898936170212766,0.8621190130624092,0.8080194410692588,0.45000000000000007,0,226,1.6096062660217285
421,0.2536293043165791,valid,0.8154761904761905,0.9040590991575654,0.8876853068003958,0.8078512396694215,0.7686762778505898,0.851233671988389,0.7855407047387606,0.4,0,226,1.6168909072875977
422,0.25444330792037806,valid,0.8210978835978836,0.9085953192592501,0.8914443248461066,0.8144082332761579,0.7722836694860117,0.8613933236574746,0.787363304981774,0.4,0,226,1.6106009483337402
423,0.25876681962791753,valid,0.8333333333333334,0.91335903373089,0.8985198227547688,0.821656050955414,0.8017955801104972,0.8425253991291727,0.8256379100850547,0.35,0,226,1.6165275573730469
424,0.2561009660059092,valid,0.8250661375661376,0.9092826520552969,0.8898560974760464,0.813666784078901,0.7905544147843943,0.8381712626995645,0.8140947752126367,0.525,0,226,1.6094152927398682
425,0.2616093739563105,valid,0.7999338624338624,0.9012357000389738,0.8819520842012842,0.8042704626334519,0.7256275539988325,0.9020319303338171,0.7144592952612394,0.2,0,226,1.6080758571624756
426,0.25519050262412246,valid,0.830026455026455,0.9089123123832769,0.8908163601492253,0.8141720896601591,0.8112391930835735,0.8171262699564587,0.8408262454434994,0.475,0,226,1.6115572452545166
427,0.25272703687755427,valid,0.816468253968254,0.9077527965054043,0.892191183333767,0.8138208654813821,0.7567061759201498,0.8802612481857764,0.7630619684082625,0.375,0,226,1.6060893535614014
428,0.24661132237132716,valid,0.8197751322751323,0.9056824213865872,0.8894080345794112,0.8118743527787367,0.7741935483870968,0.8534107402031931,0.7916160388821385,0.45000000000000007,0,226,1.6061313152313232
429,0.25658096585954937,valid,0.8158068783068783,0.9062167686276447,0.8879390320455357,0.8113782593972232,0.7606349206349207,0.8693759071117562,0.7709599027946537,0.35,0,226,1.6032464504241943
430,0.25399092417590474,valid,0.8167989417989417,0.9079943990533412,0.8879673444437695,0.8116927260367097,0.7634271099744245,0.8664731494920174,0.7752126366950183,0.4,0,226,1.603306770324707
431,0.2465264185958979,valid,0.8095238095238095,0.8973374341103999,0.8774376728626485,0.8055367994598245,0.7531565656565656,0.8657474600870827,0.7624544349939246,0.35,0,226,1.6087651252746582
432,0.2468050116178941,valid,0.833994708994709,0.9129556280167251,0.8950362984090643,0.8260568260568261,0.7904509283819628,0.865021770682148,0.8080194410692588,0.4,0,226,1.610097885131836
433,0.249930988769142,valid,0.8210978835978836,0.9159756598659371,0.9018346590198916,0.8194861528194861,0.7584928968499074,0.8911465892597968,0.7624544349939246,0.325,0,226,1.6139721870422363
434,0.2453644403389522,valid,0.8158068783068783,0.9077651411611383,0.8922078944774625,0.8113782593972232,0.7606349206349207,0.8693759071117562,0.7709599027946537,0.42500000000000004,0,226,1.6001317501068115
435,0.25280861586940534,valid,0.8267195767195767,0.9090833740413052,0.8919886515340056,0.8133903133903134,0.7986013986013986,0.8287373004354136,0.8250303766707169,0.475,0,226,1.609705924987793
436,0.24821384676865169,valid,0.8062169312169312,0.8976037259698049,0.8780719506171966,0.8044058744993324,0.7447466007416563,0.874455732946299,0.7490886998784934,0.30000000000000004,0,226,1.611680507659912
437,0.2505423539147085,valid,0.8194444444444444,0.9078780065849921,0.8912482133580351,0.8128855380397533,0.7701298701298701,0.8606676342525399,0.7849331713244229,0.4,0,226,1.6112477779388428
438,0.2494106806662618,valid,0.8191137566137566,0.9080428959151535,0.8912719352558247,0.8123499142367067,0.7703318152244633,0.8592162554426706,0.7855407047387606,0.375,0,226,1.6074244976043701
439,0.2534479477575847,valid,0.8204365079365079,0.9060439434473685,0.8874086400760823,0.8153689221353281,0.7671145233525272,0.8701015965166908,0.778857837181045,0.45000000000000007,0,226,1.614757776260376
440,0.25451821210433023,valid,0.8220899470899471,0.9097848150153339,0.8896510165572367,0.816382252559727,0.770618556701031,0.8679245283018868,0.7837181044957473,0.4,0,226,1.6152701377868652
441,0.2443689992841409,valid,0.8247354497354498,0.9092398866407898,0.8910239711240459,0.8203389830508474,0.7697201017811705,0.8780841799709724,0.7800729040097205,0.475,0,226,1.6144909858703613
442,0.24934842331068857,valid,0.8237433862433863,0.9086363211515095,0.8930672112752398,0.8146086956521739,0.7822311289245157,0.8497822931785196,0.8019441069258809,0.525,0,226,1.6110942363739014
443,0.24472597727970202,valid,0.814484126984127,0.9116413630616158,0.8969712848872278,0.8106648666891664,0.7577287066246057,0.8715529753265603,0.7667071688942891,0.2,0,226,1.6012506484985352
444,0.2474615957055773,valid,0.8247354497354498,0.909692670977891,0.892234896706414,0.8181194234728895,0.7760416666666666,0.865021770682148,0.7910085054678008,0.4,0,226,1.6133358478546143
445,0.2457824446717087,valid,0.8234126984126984,0.9088569818727549,0.8916118295956661,0.8139372822299652,0.7828418230563002,0.8476052249637155,0.8031591737545565,0.4,0,226,1.612290859222412
446,0.247606095002622,valid,0.8174603174603174,0.9078012933672166,0.8911450134614618,0.8122448979591836,0.764404609475032,0.8664731494920174,0.7764277035236938,0.375,0,226,1.6107838153839111
447,0.24937460677964346,valid,0.8287037037037037,0.9124534650566883,0.896912358543193,0.817477096546864,0.7945205479452054,0.841799709724238,0.8177399756986634,0.5,0,226,1.606464147567749
448,0.24083122793509035,valid,0.8263888888888888,0.9078564034374574,0.891942657645387,0.810126582278481,0.8074981975486661,0.8127721335268505,0.8377885783718104,0.55,0,226,1.6074738502502441
449,0.24647657238707252,valid,0.8290343915343915,0.9104933100783532,0.8941265205136674,0.8180218233016543,0.7942583732057417,0.8432510885341074,0.8171324422843257,0.45000000000000007,0,226,1.6083259582519531
450,0.23969792012049226,valid,0.8111772486772487,0.9031385405442582,0.880184461052907,0.80973008997001,0.7486136783733827,0.8817126269956459,0.7521263669501823,0.30000000000000004,0,226,1.608933448791504
451,0.24246880442512278,valid,0.8204365079365079,0.9130239645038243,0.8993813022776156,0.8159945781091156,0.7654164017800381,0.8737300435413643,0.775820170109356,0.30000000000000004,0,226,1.6111156940460205
452,0.2444503763500525,valid,0.8148148148148148,0.9046333460894775,0.8826127926470518,0.8120805369127517,0.7553058676654182,0.8780841799709724,0.7618469015795869,0.275,0,226,1.6046738624572754
453,0.24532184521762693,valid,0.8313492063492064,0.9112225265277833,0.8929239333624301,0.8209269662921348,0.7952380952380952,0.8483309143686503,0.8171324422843257,0.375,0,226,1.6118872165679932
454,0.24393470433293557,valid,0.8062169312169312,0.8998438401049649,0.880403212335283,0.8032236400268636,0.7475,0.8679245283018868,0.7545565006075334,0.4,0,226,1.6057569980621338
455,0.24387390729115935,valid,0.8151455026455027,0.9037980978649036,0.8830108987236588,0.8088888888888889,0.7647058823529411,0.8584905660377359,0.778857837181045,0.35,0,226,1.611058235168457
456,0.2409418255698924,valid,0.8217592592592593,0.9102695631931744,0.8919428277857628,0.817350050830227,0.7666878575969485,0.8751814223512336,0.7770352369380316,0.325,0,226,1.6139659881591797
457,0.2435086932109327,valid,0.8250661375661376,0.9077827763836155,0.8907330381207761,0.810868787987129,0.7991543340380549,0.8229317851959361,0.8268529769137303,0.42500000000000004,0,226,1.6036381721496582
458,0.2463657488020099,valid,0.8111772486772487,0.896680962953688,0.8731645686258255,0.8059802922188243,0.7578274760383387,0.8606676342525399,0.7697448359659781,0.42500000000000004,0,226,1.6075966358184814
459,0.24472917464314675,valid,0.8234126984126984,0.906412078716579,0.8862690840905172,0.8115737473535639,0.7898351648351648,0.8345428156748912,0.8140947752126367,0.475,0,226,1.609844446182251
460,0.2435681394168309,valid,0.798941798941799,0.8904923225058945,0.8679849215839692,0.7952861952861953,0.7418341708542714,0.8570391872278664,0.7503037667071689,0.25,0,226,1.6093330383300781
461,0.24724648163026694,valid,0.816468253968254,0.9018205281043722,0.88001578241176,0.8098663926002055,0.7670343932511356,0.8577648766328012,0.7818955042527339,0.4,0,226,1.5913453102111816
462,0.23924249745145135,valid,0.8134920634920635,0.9041710828202952,0.8867374498800804,0.8080326752893124,0.7608974358974359,0.8613933236574746,0.7733900364520049,0.475,0,226,1.6052038669586182
463,0.23623043694058243,valid,0.8045634920634921,0.9029908455560121,0.8849406323519918,0.8089233753637245,0.7294460641399417,0.9078374455732946,0.7181044957472661,0.375,0,226,1.6003153324127197
464,0.24712000787258148,valid,0.8158068783068783,0.9072047819669268,0.8896025785710059,0.8107373428474346,0.7623003194888179,0.8657474600870827,0.7739975698663426,0.5,0,226,1.5995500087738037
465,0.24254867708196445,valid,0.8187830687830688,0.9044179759349754,0.8870670410008284,0.8075842696629213,0.782312925170068,0.8345428156748912,0.8055893074119077,0.30000000000000004,0,226,1.5978741645812988
466,0.24045851248867658,valid,0.8151455026455027,0.9046278350824535,0.8882198293202669,0.8121008403361345,0.7564182842830307,0.8766328011611031,0.7636695018226003,0.30000000000000004,0,226,1.6005871295928955
467,0.24417262722034844,valid,0.8204365079365079,0.9101705855070215,0.8939413046649116,0.8146124957323319,0.7691811734364926,0.8657474600870827,0.7825030376670717,0.275,0,226,1.5971484184265137
468,0.242580239566005,valid,0.816468253968254,0.9063587321685856,0.8870555023680047,0.8121827411167513,0.7609384908053266,0.8708272859216255,0.7709599027946537,0.30000000000000004,0,226,1.6014668941497803
469,0.2405918398681952,valid,0.8151455026455027,0.8999002728168919,0.8795160429385487,0.8097992514460701,0.7623318385650224,0.8635703918722787,0.7746051032806804,0.42500000000000004,0,226,1.601679801940918
470,0.23999584359782083,valid,0.8204365079365079,0.9077942392782257,0.8874089435285551,0.8116545265348595,0.7774086378737541,0.8490566037735849,0.7964763061968408,0.325,0,226,1.5942435264587402
471,0.241313030829235,valid,0.8230820105820106,0.9099598445984195,0.8911503829484199,0.8157078883913194,0.7763934426229508,0.8592162554426706,0.792831105710814,0.325,0,226,1.5972869396209717
472,0.2436310612425512,valid,0.8227513227513228,0.908838244448873,0.891985023382603,0.8151724137931035,0.7766097240473062,0.8577648766328012,0.7934386391251519,0.45000000000000007,0,226,1.6038086414337158
473,0.24396664025832196,valid,0.8247354497354498,0.9090445765518554,0.888654474579709,0.8157162726008345,0.7830440587449933,0.851233671988389,0.8025516403402188,0.5,0,226,1.603128433227539
474,0.23539100648189076,valid,0.8240740740740741,0.9067211359904912,0.8874539917759519,0.8147632311977716,0.7831325301204819,0.8490566037735849,0.8031591737545565,0.35,0,226,1.5975549221038818
475,0.2415635725673364,valid,0.8270502645502645,0.9146256835853113,0.8993493743081715,0.8208290510448784,0.7774172615184944,0.8693759071117562,0.7916160388821385,0.4,0,226,1.5920381546020508
476,0.245094113203944,valid,0.8293650793650794,0.9133369897027936,0.8976704978881078,0.8215767634854771,0.7846763540290621,0.8621190130624092,0.8019441069258809,0.4,0,226,1.601226806640625
477,0.24355090698417353,valid,0.8237433862433863,0.9037046311857746,0.8802122507318278,0.8165232358003442,0.776686313032089,0.8606676342525399,0.792831105710814,0.325,0,226,1.5982725620269775
478,0.2463993804187191,valid,0.8174603174603174,0.9034286399540074,0.8848743295940841,0.8082001389854065,0.7753333333333333,0.8439767779390421,0.7952612393681653,0.375,0,226,1.5886802673339844
479,0.2377873507081246,valid,0.8257275132275133,0.9144995917445996,0.899107165261251,0.8152821591307395,0.7884745762711864,0.8439767779390421,0.81044957472661,0.35,0,226,1.5960078239440918
480,0.23192495563808752,valid,0.8167989417989417,0.9043412627171998,0.8829857400576275,0.8115646258503402,0.763764404609475,0.8657474600870827,0.775820170109356,0.4,0,226,1.6056082248687744
481,0.2333074522261717,valid,0.8118386243386243,0.9015266812098468,0.8791329830650454,0.8046687263989015,0.7635179153094462,0.8505079825834543,0.7794653705953828,0.35,0,226,1.6044769287109375
482,0.2440370625379134,valid,0.8247354497354498,0.9131932626396049,0.8966714074954293,0.8157162726008345,0.7830440587449933,0.851233671988389,0.8025516403402188,0.375,0,226,1.607555866241455
483,0.23775980606371042,valid,0.816468253968254,0.9034202632233308,0.8841942444566046,0.8080249048772051,0.7719762062128223,0.8476052249637155,0.7904009720534629,0.375,0,226,1.6016240119934082
484,0.238771630184991,valid,0.8174603174603174,0.9139449639976933,0.8994006888953542,0.8175809649702578,0.7506067961165048,0.897677793904209,0.7503037667071689,0.375,0,226,1.600165605545044
485,0.23978615384929033,valid,0.841931216931217,0.9154452805499368,0.897785798712235,0.8252923976608187,0.8313696612665685,0.8193033381712627,0.8608748481166464,0.625,0,226,1.601053237915039
486,0.2360570318236643,valid,0.8356481481481481,0.9175266776828024,0.901975511467288,0.8259194395796847,0.7982396750169262,0.8555878084179971,0.818955042527339,0.475,0,226,1.594649076461792
487,0.24043466606918645,valid,0.8148148148148148,0.9061982516440436,0.8865875873749732,0.8113207547169812,0.7572327044025158,0.8737300435413643,0.7654921020656136,0.325,0,226,1.6084165573120117
488,0.23119706584482777,valid,0.8052248677248677,0.8963172364900971,0.8747476603114273,0.8002712783994574,0.7511139401654997,0.8563134978229318,0.7624544349939246,0.25,0,226,1.5996105670928955
489,0.238707035779953,valid,0.8204365079365079,0.9077157625382023,0.8891309640136174,0.8139773895169579,0.7709279688513953,0.8621190130624092,0.7855407047387606,0.35,0,226,1.6217410564422607
490,0.23656093648501805,valid,0.8293650793650794,0.9097239734977876,0.8904234890107742,0.8189473684210526,0.7927989130434783,0.8468795355587808,0.8147023086269745,0.30000000000000004,0,226,1.5901720523834229
491,0.23336990816252573,valid,0.8194444444444444,0.8964799214174487,0.8752357454998885,0.8041606886657102,0.7950354609929078,0.8134978229317852,0.824422843256379,0.5,0,226,1.590087652206421
492,0.24086401261845414,valid,0.8343253968253969,0.911100843492691,0.8931730259736023,0.8213903743315508,0.8072880168185004,0.8359941944847605,0.8329283110571082,0.4,0,226,1.586139440536499
493,0.2376649933201926,valid,0.8273809523809523,0.9035066758134687,0.8813055620350951,0.8163265306122449,0.7923497267759563,0.841799709724238,0.8153098420413123,0.375,0,226,1.6437854766845703
494,0.2384927075128166,valid,0.8181216931216931,0.9057176918315413,0.8863509673312537,0.8108665749656121,0.7705882352941177,0.8555878084179971,0.7867557715674363,0.35,0,226,1.5848324298858643
495,0.23545458608744096,valid,0.8167989417989417,0.9058503968806818,0.8841358470098153,0.8148395721925134,0.7552664188351921,0.8846153846153846,0.7600243013365735,0.4,0,226,1.6168458461761475
496,0.24099823133069642,valid,0.8244047619047619,0.9091107086361446,0.8884103293890719,0.8154327424400417,0.7825216811207472,0.851233671988389,0.8019441069258809,0.5750000000000001,0,226,1.6200573444366455
497,0.2391557012285505,valid,0.8217592592592593,0.9073335190910102,0.8884687981192672,0.8142019993105826,0.7754432042022325,0.8570391872278664,0.7922235722964763,0.375,0,226,1.6422183513641357
498,0.23271871403772004,valid,0.8141534391534392,0.8954478200219735,0.883216452938302,0.7965242577842143,0.7947976878612717,0.7982583454281568,0.827460510328068,0.65,0,226,1.602278709411621
499,0.24151924830310198,valid,0.826058201058201,0.9113977765511501,0.895481107982182,0.8165969316596932,0.7859060402684563,0.8497822931785196,0.8061968408262454,0.45000000000000007,0,226,1.6040630340576172
500,0.23654377764585066,valid,0.8118386243386243,0.9071778882526493,0.8868512101114878,0.8115269956939384,0.7464960390006093,0.8889695210449927,0.74726609963548,0.275,0,226,1.6358892917633057
501,0.2342604289249498,valid,0.8108465608465608,0.9021046756265354,0.8889124490393374,0.8041095890410959,0.7613488975356679,0.8519593613933236,0.7764277035236938,0.4,0,226,3.101577043533325
502,0.23297002972388753,valid,0.8230820105820106,0.9082038173202573,0.8928503864733992,0.8132635253054101,0.7834566240753195,0.8454281567489115,0.804374240583232,0.475,0,226,2.2424490451812744
503,0.23458193668297359,valid,0.8220899470899471,0.9003662835708505,0.8770729621709221,0.8142265193370166,0.7766798418972332,0.8555878084179971,0.7940461725394897,0.325,0,226,2.157996654510498
504,0.23574567540567748,valid,0.8118386243386243,0.8949355168090123,0.876595540528645,0.803589920607525,0.7662936142198815,0.8447024673439768,0.784325637910085,0.45000000000000007,0,226,2.1987457275390625
505,0.23754735655930578,valid,0.8204365079365079,0.9058667094614733,0.8847658757246297,0.81282316442606,0.7741300065659882,0.8555878084179971,0.7910085054678008,0.275,0,226,2.1531615257263184
506,0.24268469366492057,valid,0.8072089947089947,0.9050427036912283,0.8869238832276146,0.8097879282218597,0.7356253704801423,0.9005805515239478,0.7290400972053463,0.25,0,226,2.172304391860962
507,0.23095400509785632,valid,0.8121693121693122,0.9029423486942,0.887267723986336,0.8065395095367848,0.7599486521181001,0.8592162554426706,0.772782503037667,0.45000000000000007,0,226,2.1428639888763428
508,0.23549007000971814,valid,0.8088624338624338,0.9033929286284912,0.8837620448874337,0.8104918032786885,0.7392344497607656,0.8969521044992743,0.7351154313487241,0.225,0,226,2.1505446434020996
509,0.23952125225748336,valid,0.8194444444444444,0.9104606849167706,0.8942256780193248,0.8169014084507042,0.7593516209476309,0.8838896952104499,0.7654921020656136,0.4,0,226,2.1992626190185547
510,0.23861868071312808,valid,0.8035714285714286,0.896094591806323,0.8739217145657169,0.8004032258064516,0.7453066332916145,0.8642960812772134,0.75273390036452,0.475,0,226,2.1630587577819824
511,0.24755979435784475,valid,0.8220899470899471,0.9036182185956366,0.8836765406739178,0.8126740947075209,0.7811244979919679,0.8468795355587808,0.8013365735115431,0.42500000000000004,0,226,2.2501561641693115
512,0.23655272107951494,valid,0.8095238095238095,0.8996516161799639,0.8809415258474492,0.8020618556701031,0.7617493472584856,0.8468795355587808,0.7782503037667071,0.275,0,226,2.15484619140625
513,0.23279486931100182,valid,0.8095238095238095,0.9051322024452999,0.8862746049711179,0.8088918380889184,0.7451100244498777,0.8846153846153846,0.7466585662211421,0.35,0,226,2.2476086616516113
514,0.235066824725696,valid,0.8187830687830688,0.9029564568721817,0.8876126180740905,0.811554332874828,0.7712418300653595,0.8563134978229318,0.787363304981774,0.375,0,226,2.1732370853424072
515,0.2443847568059454,valid,0.8125,0.9052058294991421,0.88695601048551,0.8077314343845371,0.7581158497772119,0.8642960812772134,0.7691373025516404,0.275,0,226,2.177825689315796
516,0.24067981328283036,valid,0.8376322751322751,0.9141592319507906,0.8986408345982551,0.81994866153282,0.8287620459599704,0.8113207547169812,0.8596597812879708,0.6,0,226,2.16325044631958
517,0.23113473489576455,valid,0.8174603174603174,0.9045901397944086,0.8874562852571204,0.8156312625250501,0.755569306930693,0.886066763425254,0.7600243013365735,0.15000000000000002,0,226,2.1740782260894775
518,0.23141309436486693,valid,0.8214285714285714,0.904279098557968,0.8894343515980359,0.8057553956834532,0.7988587731811697,0.8127721335268505,0.8286755771567437,0.55,0,226,2.1472339630126953
519,0.23742470966309917,valid,0.8115079365079365,0.8972616026537483,0.8768577835787859,0.8022206800832755,0.7686170212765957,0.8388969521044993,0.7885783718104495,0.5,0,226,2.177621364593506
520,0.23580640797712366,valid,0.8101851851851852,0.8974498586536919,0.8789677507080751,0.8036935704514364,0.7600258732212161,0.8526850507982583,0.7746051032806804,0.325,0,226,2.1665589809417725
521,0.2299757864402265,valid,0.8187830687830688,0.9088289859570723,0.8888063430988983,0.8146143437077131,0.7629911280101395,0.8737300435413643,0.772782503037667,0.475,0,226,2.168910264968872
522,0.2383017445705375,valid,0.8184523809523809,0.909529986050539,0.8882999050464717,0.8150892556416302,0.7605279698302954,0.8780841799709724,0.7685297691373025,0.42500000000000004,0,226,2.1422464847564697
523,0.22538390512369116,valid,0.8220899470899471,0.9108812849728506,0.8921682177633214,0.8194630872483222,0.7621722846441947,0.886066763425254,0.7685297691373025,0.35,0,226,2.1767783164978027
524,0.23089602042217644,valid,0.8131613756613757,0.9085741569922775,0.8901399722125792,0.8138385502471169,0.7453228726614364,0.8962264150943396,0.7436208991494532,0.2,0,226,2.166409492492676
525,0.22831059292871125,valid,0.8214285714285714,0.908218807259363,0.8894266957939099,0.8145604395604396,0.7731421121251629,0.8606676342525399,0.7885783718104495,0.475,0,226,2.1749889850616455
526,0.23113994057081183,valid,0.8121693121693122,0.9073842203556317,0.8883143253406538,0.8124174372523117,0.7454545454545455,0.8925979680696662,0.7448359659781288,0.25,0,226,2.1626179218292236
527,0.23534838003771646,valid,0.8250661375661376,0.9071893511472593,0.888407496387667,0.8165105792577176,0.7820598006644518,0.8541364296081277,0.8007290400972054,0.475,0,226,2.1919870376586914
528,0.2287526635491118,valid,0.8181216931216931,0.9039484381365213,0.884290885325437,0.8052407932011332,0.7863070539419087,0.8251088534107403,0.8122721749696233,0.5750000000000001,0,226,2.1627116203308105
529,0.22953698495212865,valid,0.83994708994709,0.9117731863496324,0.895461271456171,0.8284904323175053,0.8095567867036011,0.8483309143686503,0.8329283110571082,0.4,0,226,2.1777026653289795
530,0.22825537652385477,valid,0.8115079365079365,0.903140304066506,0.8838695138113659,0.8122529644268774,0.7436670687575392,0.8947750362844702,0.7417982989064399,0.25,0,226,2.1620349884033203
531,0.23777361579087317,valid,0.8201058201058201,0.9145608741427078,0.8986517225310698,0.8192691029900332,0.7555147058823529,0.8947750362844702,0.7575941676792224,0.25,0,226,2.165501117706299
532,0.2315676102832872,valid,0.8131613756613757,0.9031989411812426,0.8825277527160029,0.809571958206943,0.7558212712397735,0.8715529753265603,0.764277035236938,0.6,0,226,2.163870334625244
533,0.23355408469024969,valid,0.8220899470899471,0.9150881672947746,0.8999124202367235,0.820786142571619,0.7586206896551724,0.8940493468795355,0.7618469015795869,0.30000000000000004,0,226,2.169569253921509
534,0.2347979329678477,valid,0.8194444444444444,0.9055823414990292,0.8868337433894137,0.8141592920353983,0.7666666666666667,0.8679245283018868,0.778857837181045,0.4,0,226,2.162132740020752
535,0.22927669086018387,valid,0.8310185185185185,0.90759407950311,0.8910541583469519,0.8120632585509379,0.8232662192393736,0.8011611030478955,0.8560145808019441,0.42500000000000004,0,226,2.1775660514831543
536,0.22620941181572116,valid,0.832010582010582,0.9150140993603704,0.899206084621824,0.8250688705234159,0.7850589777195282,0.8693759071117562,0.8007290400972054,0.4,0,226,2.1762406826019287
537,0.23160558391590508,valid,0.8005952380952381,0.9047380552229356,0.8893397404163756,0.8050436469447139,0.7259475218658892,0.9034833091436865,0.7144592952612394,0.25,0,226,2.186906576156616
538,0.23025505792121498,valid,0.8131613756613757,0.9043187778085415,0.8892441875026552,0.8105933623868589,0.7532710280373832,0.8773584905660378,0.7594167679222357,0.375,0,226,2.1748945713043213
539,0.22695286435132123,valid,0.8210978835978836,0.911088939717519,0.8962786977930723,0.813126079447323,0.7758734344100198,0.8541364296081277,0.7934386391251519,0.325,0,226,2.162377119064331
540,0.2298380236844627,valid,0.8349867724867724,0.9134097349955117,0.8995919203889371,0.8193992037640246,0.8173285198555956,0.8214804063860668,0.8462940461725394,0.5,0,226,2.1593329906463623
541,0.22866035511299054,valid,0.8293650793650794,0.9106639308558196,0.8937776280304223,0.8188202247191011,0.7931972789115647,0.8461538461538461,0.8153098420413123,0.45000000000000007,0,226,2.151620388031006
542,0.2246501807655607,valid,0.814484126984127,0.904278657677406,0.8853992328952998,0.8096369189005769,0.7603569152326323,0.8657474600870827,0.7715674362089915,0.35,0,226,2.1500766277313232
543,0.2274597153371694,valid,0.8244047619047619,0.9070147624447356,0.8913972106110645,0.8132254660569821,0.7890784982935154,0.8388969521044993,0.8122721749696233,0.45000000000000007,0,226,2.149778366088867
544,0.2246442105697126,valid,0.8290343915343915,0.9086455796433098,0.8920125174905139,0.8194201886133426,0.7898989898989899,0.851233671988389,0.81044957472661,0.525,0,226,2.152233600616455
545,0.2338418470961707,valid,0.8177910052910053,0.8990678903159703,0.8776599657173151,0.8079470198675497,0.7773306505700872,0.8410740203193033,0.7982989064398542,0.4,0,226,2.1593177318573
546,0.2295792984719179,valid,0.8273809523809523,0.9098615282331095,0.8924165367640321,0.8202479338842975,0.7804718217562254,0.8642960812772134,0.7964763061968408,0.325,0,226,2.1502907276153564
547,0.2314165204155202,valid,0.8230820105820106,0.9115214435487712,0.8929780741694437,0.8163405423961552,0.7745928338762215,0.862844702467344,0.7897934386391251,0.35,0,226,2.1482696533203125
548,0.22636026721827837,valid,0.8035714285714286,0.9012048383996388,0.8816788522233774,0.80173564753004,0.742274412855377,0.8715529753265603,0.7466585662211421,0.375,0,226,2.1406404972076416
549,0.22802467461751433,valid,0.8204365079365079,0.9100056961768601,0.8912804144162864,0.8195413758723828,0.7559779276517474,0.8947750362844702,0.7582017010935601,0.25,0,226,2.141195058822632
550,0.22857475888972378,valid,0.8227513227513228,0.9040732073355472,0.882206581706491,0.8133704735376045,0.7817938420348058,0.8476052249637155,0.8019441069258809,0.4,0,226,2.149838924407959
551,0.22206144643073178,valid,0.8257275132275133,0.9065527196158343,0.8854270237871085,0.8161841646320195,0.7857622565480188,0.8490566037735849,0.8061968408262454,0.35,0,226,2.1502580642700195
552,0.22906743050838002,valid,0.8277116402116402,0.9079150405521942,0.8887604670845941,0.8173852085524009,0.7905084745762712,0.8461538461538461,0.8122721749696233,0.42500000000000004,0,226,2.160005807876587
553,0.2221670631243258,valid,0.814484126984127,0.9083801695450289,0.8919982776801539,0.8151565074135091,0.7465298732649366,0.897677793904209,0.7448359659781288,0.17500000000000002,0,226,2.158088207244873
554,0.22471161125874034,valid,0.8277116402116402,0.9110997412912863,0.8928289450786041,0.8207774337805298,0.7802485284499673,0.8657474600870827,0.795868772782503,0.4,0,226,2.156142234802246
555,0.22379003738870426,valid,0.8293650793650794,0.9124062908365621,0.8962952184610076,0.8213296398891967,0.785430463576159,0.8606676342525399,0.8031591737545565,0.5,0,226,2.154019832611084
556,0.22854060390774084,valid,0.8333333333333334,0.9139762665175902,0.8990986387121074,0.8236529041287614,0.7952702702702703,0.8541364296081277,0.81591737545565,0.42500000000000004,0,226,2.1573638916015625
557,0.2284581828482297,valid,0.830026455026455,0.9105792817879294,0.8933903958245687,0.8149748020158387,0.8085714285714286,0.8214804063860668,0.8371810449574727,0.625,0,226,2.161625862121582
558,0.22378069648937304,valid,0.8131613756613757,0.9022470800480383,0.8810558344530031,0.8084096303831807,0.7587523870146403,0.865021770682148,0.7697448359659781,0.275,0,226,2.1465938091278076
559,0.21983870894325022,valid,0.8148148148148148,0.9018494057811786,0.8827342691956716,0.811193526635199,0.7575566750629723,0.8730043541364296,0.7660996354799514,0.30000000000000004,0,226,2.155973434448242
560,0.222168822677768,valid,0.8263888888888888,0.8998195916740589,0.8776514117998467,0.8091603053435115,0.8106336489439184,0.8076923076923077,0.8420413122721749,0.475,0,226,2.153672695159912
561,0.22601544735383014,valid,0.8184523809523809,0.9040820249467857,0.8830935878694024,0.8094411662617147,0.7757817697937458,0.8461538461538461,0.7952612393681653,0.275,0,226,2.155082941055298
562,0.22837350441485035,valid,0.8207671957671958,0.9084432154653845,0.8900663975110297,0.8175084175084175,0.7625628140703518,0.8809869375907112,0.7703523693803159,0.4,0,226,2.149587869644165
563,0.22276314940987801,valid,0.8277116402116402,0.9083475443834462,0.8891807796920562,0.8199101278949188,0.7828382838283828,0.8606676342525399,0.8001215066828675,0.45000000000000007,0,226,2.1483805179595947
564,0.22265757620334625,valid,0.8227513227513228,0.9050228640659418,0.8855263534157203,0.8099290780141843,0.7919556171983356,0.8287373004354136,0.8177399756986634,0.45000000000000007,0,226,2.146244764328003
565,0.21747808857839934,valid,0.8250661375661376,0.9091763998398723,0.8901463527151876,0.8145811426568524,0.7877966101694915,0.8432510885341074,0.8098420413122722,0.42500000000000004,0,226,2.1449224948883057
566,0.2224212565592357,valid,0.8293650793650794,0.9107216862094324,0.8914593045322148,0.8168914123491838,0.7993055555555556,0.8352685050798259,0.824422843256379,0.525,0,226,2.1341450214385986
567,0.2246284700778066,valid,0.8217592592592593,0.9080234971704285,0.8882286955892644,0.8130419701699618,0.7787375415282392,0.8505079825834543,0.7976913730255164,0.5,0,226,2.159078598022461
568,0.2211398184299469,valid,0.8161375661375662,0.9041838683565914,0.8836404331558667,0.810368349249659,0.7644787644787645,0.8621190130624092,0.7776427703523694,0.375,0,226,2.146820068359375
569,0.22090950486611347,valid,0.8151455026455027,0.9022298857061231,0.8863539720673873,0.8100577641862046,0.7616613418530351,0.865021770682148,0.7733900364520049,0.45000000000000007,0,226,2.145218849182129
570,0.2232941793543952,valid,0.8075396825396826,0.9089577230811556,0.892698213606498,0.8090551181102362,0.7383233532934131,0.8947750362844702,0.7345078979343864,0.275,0,226,2.1470983028411865
571,0.22422755342357012,valid,0.8154761904761905,0.8979090357589407,0.8752014865742826,0.8094262295081968,0.7645161290322581,0.8599419448476052,0.7782503037667071,0.225,0,226,2.154951810836792
572,0.22106578216260794,valid,0.8167989417989417,0.9055695559627333,0.8882103968477905,0.8109215017064847,0.7654639175257731,0.8621190130624092,0.778857837181045,0.5,0,226,2.1451609134674072
573,0.22062452958554638,valid,0.816468253968254,0.901060670455888,0.8867161914536612,0.8073585560569246,0.7737857618097139,0.8439767779390421,0.7934386391251519,0.375,0,226,2.1500163078308105
574,0.2264483786967336,valid,0.8174603174603174,0.9081654607113696,0.8909125687687866,0.8103092783505155,0.7695822454308094,0.8555878084179971,0.7855407047387606,0.45000000000000007,0,226,2.150623083114624
575,0.2197710969010178,valid,0.8138227513227513,0.9016413101559483,0.8806444617187221,0.8080463689055575,0.7620578778135049,0.8599419448476052,0.7752126366950183,0.225,0,226,2.149859666824341
576,0.21989366564215446,valid,0.8134920634920635,0.903678178352059,0.8840583989175189,0.8082936777702243,0.760230179028133,0.862844702467344,0.7721749696233293,0.42500000000000004,0,226,2.141051769256592
577,0.22428960824499325,valid,0.8025793650793651,0.8991975092011775,0.8789669869378238,0.8031651829871415,0.7359516616314199,0.8838896952104499,0.7345078979343864,0.4,0,226,2.15635347366333
578,0.22071649073338023,valid,0.8111772486772487,0.9009001899313461,0.8827471146942266,0.8065062690613352,0.7565162110616656,0.8635703918722787,0.767314702308627,0.30000000000000004,0,226,2.1587560176849365
579,0.22607003790991648,valid,0.8277116402116402,0.9110338296472779,0.8911067501909339,0.8221235916695118,0.7762733720180529,0.8737300435413643,0.7891859052247874,0.4,0,226,2.152287483215332
580,0.22108852407153773,valid,0.8167989417989417,0.9073802524305745,0.887436035233284,0.8120759837177748,0.7624203821656051,0.8686502177068215,0.7733900364520049,0.375,0,226,2.1586904525756836
581,0.22065644513587562,valid,0.8353174603174603,0.9072691505289685,0.8855106174893231,0.8200867052023122,0.8165467625899281,0.8236574746008708,0.8450789793438639,0.675,0,226,2.1537227630615234
582,0.22549846403452814,valid,0.8234126984126984,0.9141032401194256,0.8966995429272575,0.8176229508196722,0.772258064516129,0.8686502177068215,0.7855407047387606,0.375,0,226,1.9283101558685303
583,0.22070551161863367,valid,0.8128306878306878,0.8990996337164291,0.8799945915139585,0.7980014275517487,0.7851123595505618,0.8113207547169812,0.8140947752126367,0.45000000000000007,0,226,1.7108995914459229
584,0.21461845934391022,valid,0.8303571428571429,0.9129304978246955,0.894317249035246,0.8219368274904547,0.7877578176979375,0.8592162554426706,0.8061968408262454,0.475,0,226,1.7132079601287842
585,0.22109092680775388,valid,0.8290343915343915,0.9086420525988146,0.8926719232847703,0.8139618567830155,0.8072805139186295,0.8207547169811321,0.8359659781287971,0.45000000000000007,0,226,2.1514854431152344
586,0.22179515963914442,valid,0.8167989417989417,0.9081165229689955,0.8905795144173784,0.8115646258503402,0.763764404609475,0.8657474600870827,0.775820170109356,0.275,0,226,1.7055447101593018
587,0.22384424781312748,valid,0.8125,0.9015760598327829,0.8812779647772302,0.8105579685933846,0.7510835913312693,0.8802612481857764,0.755771567436209,0.42500000000000004,0,226,1.7064354419708252
588,0.22492248245647975,valid,0.8287037037037037,0.9094241747156762,0.8908252708760076,0.8186274509803921,0.7909336941813261,0.8483309143686503,0.8122721749696233,0.525,0,226,1.7132394313812256
589,0.2184539902575162,valid,0.8303571428571429,0.9114103416471651,0.896599488009772,0.8151351351351351,0.8095919828203293,0.8207547169811321,0.8383961117861483,0.525,0,226,1.7051467895507812
590,0.21940951961643843,valid,0.8244047619047619,0.9064658661451345,0.8908176722714262,0.8142707240293809,0.7859554355165429,0.8447024673439768,0.807411907654921,0.475,0,226,1.709561824798584
591,0.21650476023858908,valid,0.8346560846560847,0.914194502395745,0.8970311810730364,0.821173104434907,0.8095909732016925,0.8330914368650217,0.8359659781287971,0.5,0,226,1.7072086334228516
592,0.21723681962003513,valid,0.8039021164021164,0.8880551347595524,0.865989528796209,0.7974034847967202,0.7533892834086507,0.8468795355587808,0.7679222357229648,0.325,0,226,1.70869779586792
593,0.22112898315702165,valid,0.8005952380952381,0.9006779861281341,0.8821578047695011,0.8023598820058997,0.7316198445905558,0.888243831640058,0.727217496962333,0.30000000000000004,0,226,1.7164671421051025
594,0.22319077472297513,valid,0.8273809523809523,0.9122131851504371,0.8948923413708711,0.8174825174825174,0.7887989203778677,0.8483309143686503,0.8098420413122722,0.42500000000000004,0,226,1.7109017372131348
595,0.22167177954498601,valid,0.8283730158730159,0.90945018666883,0.8902767154918277,0.820601451780159,0.7834983498349835,0.8613933236574746,0.8007290400972054,0.4,0,226,1.7158265113830566
596,0.21992415311385174,valid,0.8359788359788359,0.9132333827707403,0.8970059609258167,0.8248587570621468,0.8033012379642366,0.8476052249637155,0.8262454434993924,0.475,0,226,1.71022629737854
597,0.22169348019726423,valid,0.8230820105820106,0.9111506629961891,0.8977766316953636,0.8157078883913194,0.7763934426229508,0.8592162554426706,0.792831105710814,0.475,0,226,1.7182412147521973
598,0.22690733020402948,valid,0.8167989417989417,0.909889303708511,0.8894857988637763,0.8147157190635451,0.7555831265508685,0.8838896952104499,0.7606318347509113,0.225,0,226,1.7048356533050537
599,0.21989823604116635,valid,0.8184523809523809,0.9069790511192195,0.8877010141764674,0.8171828171828172,0.7550769230769231,0.8904208998548622,0.7582017010935601,0.35,0,226,1.7035324573516846
600,0.22160951154572622,valid,0.8310185185185185,0.9143818766345646,0.8995833599932785,0.8232445520581114,0.7865168539325843,0.8635703918722787,0.8037667071688943,0.4,0,226,1.7099614143371582
601,0.21273250026362284,valid,0.8148148148148148,0.9014817113925302,0.8780752032117024,0.8079561042524005,0.7659297789336801,0.8548621190130624,0.7812879708383961,0.25,0,226,1.7027356624603271
602,0.21589894014961866,valid,0.8227513227513228,0.9051352886092333,0.8872816012247244,0.8093883357041252,0.793584379358438,0.8258345428156749,0.8201701093560145,0.375,0,226,1.7188434600830078
603,0.21767652125991122,valid,0.8088624338624338,0.9055580930681232,0.8841112793137716,0.8099934253780408,0.7403846153846154,0.8940493468795355,0.7375455650060754,0.30000000000000004,0,226,1.706679344177246
604,0.2200483077642869,valid,0.830026455026455,0.9074966448989238,0.8902816339071856,0.8202797202797203,0.791497975708502,0.851233671988389,0.8122721749696233,0.375,0,226,1.722930908203125
605,0.2207978598925532,valid,0.8128306878306878,0.9066748435314886,0.888169485810272,0.8118351063829787,0.749079754601227,0.886066763425254,0.7515188335358445,0.2,0,226,1.7287986278533936
606,0.21963804352040195,valid,0.798941798941799,0.89746088066774,0.8737995518310598,0.8018252933507171,0.727810650887574,0.8925979680696662,0.7205346294046172,0.225,0,226,1.701244831085205
607,0.2207089696003466,valid,0.8167989417989417,0.9073643807303451,0.8913071893967989,0.8128378378378378,0.7604298356510746,0.8730043541364296,0.7697448359659781,0.42500000000000004,0,226,1.7002465724945068
608,0.2217009493282863,valid,0.8250661375661376,0.9091856583316726,0.8925673845541294,0.81852487135506,0.7761873780091086,0.8657474600870827,0.7910085054678008,0.35,0,226,1.7565710544586182
609,0.21683566971701018,valid,0.8267195767195767,0.9106983195396501,0.8949307260644699,0.8195592286501377,0.7798165137614679,0.8635703918722787,0.795868772782503,0.4,0,226,1.7145202159881592
610,0.2186832282007957,valid,0.8227513227513228,0.9088104689734713,0.8903296791763351,0.8155540261527874,0.775523560209424,0.8599419448476052,0.7916160388821385,0.30000000000000004,0,226,2.147952079772949
611,0.22282859774268404,valid,0.8234126984126984,0.9068150435501818,0.8884297647648286,0.8130252100840336,0.7855209742895806,0.8425253991291727,0.807411907654921,0.475,0,226,2.20175838470459
612,0.22070042211182264,valid,0.816468253968254,0.8978144668784068,0.8770380501011483,0.8029818956336529,0.7859624739402363,0.8207547169811321,0.8128797083839611,0.55,0,226,2.201261281967163
613,0.22384400817812705,valid,0.8287037037037037,0.9102098238770332,0.891578814989793,0.8213793103448276,0.7825229960578186,0.8642960812772134,0.798906439854192,0.42500000000000004,0,226,2.1499059200286865
614,0.22172691049624463,valid,0.8101851851851852,0.9025358568161017,0.8822656302588991,0.8090485695276114,0.7469287469287469,0.8824383164005806,0.7496962332928311,0.2,0,226,2.1758739948272705
615,0.22220142945951346,valid,0.8181216931216931,0.9081372443554061,0.887980830078854,0.8153122901276024,0.75875,0.8809869375907112,0.7654921020656136,0.25,0,226,2.1413469314575195
616,0.2180672616374736,valid,0.8065476190476191,0.8969106617264531,0.8735082526274967,0.8037571284803757,0.7473487211478478,0.8693759071117562,0.7539489671931956,0.325,0,226,2.1534512042999268
617,0.22261530221724996,valid,0.8267195767195767,0.9048235860519498,0.8837152281115987,0.8121863799283154,0.8024079320113314,0.8222060957910015,0.830498177399757,0.45000000000000007,0,226,2.1643013954162598
618,0.20924609230489147,valid,0.8210978835978836,0.8999011545780156,0.8775630224572889,0.8082240340304856,0.7900207900207901,0.8272859216255443,0.81591737545565,0.5,0,226,2.1551942825317383
619,0.21392343208497885,valid,0.8392857142857143,0.9116268140030721,0.891447913284263,0.8223684210526315,0.8284241531664213,0.816400580551524,0.8584447144592953,0.5750000000000001,0,226,2.1575589179992676
620,0.2106714540598344,valid,0.8234126984126984,0.9037108035136416,0.8834923523478786,0.8105039034776437,0.7930555555555555,0.8287373004354136,0.818955042527339,0.45000000000000007,0,226,2.1737005710601807
621,0.20964134013166233,valid,0.8118386243386243,0.9004218345216536,0.8778356613450617,0.8089963074857335,0.7526545908806995,0.874455732946299,0.7594167679222357,0.30000000000000004,0,226,2.149531841278076
622,0.21534156586442674,valid,0.8068783068783069,0.9008574245168389,0.8777759150865548,0.8049432197728791,0.7456683168316832,0.874455732946299,0.7503037667071689,0.275,0,226,2.171001672744751
623,0.2181943913503569,valid,0.8220899470899471,0.906084504459066,0.887109670442173,0.8096249115357396,0.7900552486187845,0.8301886792452831,0.8153098420413123,0.375,0,226,2.141964912414551
624,0.22148855547515714,valid,0.8303571428571429,0.9098421294883846,0.8910309632690314,0.8124314442413163,0.8187177597641857,0.8062409288824384,0.850546780072904,0.475,0,226,2.113105297088623
625,0.2122022609929649,valid,0.8042328042328042,0.8968890585789184,0.8760179749349263,0.8024032042723631,0.7428924598269468,0.872278664731495,0.74726609963548,0.2,0,226,2.115262269973755
626,0.2220579553015378,valid,0.8263888888888888,0.9105034503312776,0.8936476533884384,0.8186528497409327,0.7811470006591957,0.8599419448476052,0.7982989064398542,0.42500000000000004,0,226,2.1071250438690186
627,0.2168084750978314,valid,0.8158068783068783,0.9100215678770895,0.8947822990752775,0.8109942314217848,0.7616316124920331,0.8671988388969522,0.772782503037667,0.30000000000000004,0,226,2.116905927658081
628,0.21897415816783905,valid,0.8125,0.8930265039758609,0.8674152946447123,0.8029197080291971,0.7705136757838559,0.8381712626995645,0.7910085054678008,0.30000000000000004,0,226,2.16263747215271
629,0.21236740569679105,valid,0.8187830687830688,0.9032483198041785,0.8815013231556221,0.8097222222222222,0.7762982689747004,0.8461538461538461,0.795868772782503,0.30000000000000004,0,226,2.169325351715088
630,0.21968036464282445,valid,0.8187830687830688,0.900684599336563,0.8803454645558632,0.8107734806629834,0.7733860342555995,0.8519593613933236,0.7910085054678008,0.35,0,226,2.1289849281311035
631,0.2150051049431976,valid,0.8171296296296297,0.9062811371896863,0.8805116903913833,0.8139926000672721,0.7586206896551724,0.8780841799709724,0.7660996354799514,0.25,0,226,2.276859760284424
632,0.21357416984986285,valid,0.8330026455026455,0.9069936001777632,0.8858994234978325,0.8173598553345389,0.8147080028839221,0.8200290275761973,0.8438639125151883,0.42500000000000004,0,226,2.1891298294067383
633,0.2075306931320502,valid,0.8201058201058201,0.9089881438399284,0.8929135256144756,0.8157181571815718,0.7649301143583227,0.8737300435413643,0.7752126366950183,0.2,0,226,2.1109588146209717
634,0.2098291555837709,valid,0.8174603174603174,0.9063887120467968,0.8868850468760628,0.8122448979591836,0.764404609475032,0.8664731494920174,0.7764277035236938,0.25,0,226,1.7965998649597168
635,0.21439050229228274,valid,0.826058201058201,0.910321366659201,0.8915658030481067,0.8158263305322129,0.7882273342354533,0.8454281567489115,0.8098420413122722,0.375,0,226,1.68392014503479
636,0.21239455986996086,valid,0.8148148148148148,0.9039568148671979,0.8854806648494935,0.8133333333333334,0.752157829839704,0.8853410740203193,0.755771567436209,0.30000000000000004,0,226,1.6550319194793701
637,0.21323581404831946,valid,0.8366402116402116,0.9130830424991225,0.8948909650065138,0.8256880733944955,0.8035714285714286,0.8490566037735849,0.8262454434993924,0.525,0,226,1.6608221530914307
638,0.2208403014406866,valid,0.8148148148148148,0.9050770923750587,0.8838188032599448,0.8145695364238411,0.7490864799025578,0.8925979680696662,0.7496962332928311,0.25,0,226,1.6936721801757812
639,0.21805645221350145,valid,0.816468253968254,0.9057110786231124,0.8849155745719224,0.8125633232016211,0.7599494630448516,0.8730043541364296,0.7691373025516404,0.25,0,226,1.649437427520752
640,0.22130870393344335,valid,0.8204365079365079,0.9046829451526945,0.8865059241852106,0.8138498457319163,0.7712800519818064,0.8613933236574746,0.7861482381530984,0.42500000000000004,0,226,1.6470377445220947
641,0.2231088067804064,valid,0.8270502645502645,0.9100965175726176,0.8919328232803844,0.8168126094570928,0.7894380501015572,0.8461538461538461,0.8110571081409478,0.475,0,226,1.6507058143615723
642,0.21558612615478281,valid,0.8333333333333334,0.9109028881203851,0.8914781121106413,0.819613457408733,0.8086158192090396,0.8309143686502177,0.8353584447144593,0.35,0,226,1.6560020446777344
643,0.21528743329096814,valid,0.816468253968254,0.9061607767962797,0.8894533437137281,0.812055536742296,0.7612698412698413,0.8701015965166908,0.7715674362089915,0.25,0,226,1.6499876976013184
644,0.21036799312854298,valid,0.8224206349206349,0.9092293055073037,0.8901545926557748,0.8148914167528438,0.7760998030203545,0.8577648766328012,0.792831105710814,0.375,0,226,1.653416633605957
645,0.21681215294769832,valid,0.8095238095238095,0.9050237458270655,0.8852767356363035,0.8105263157894737,0.7412755716004813,0.8940493468795355,0.7387606318347509,0.17500000000000002,0,226,1.653986930847168
646,0.22323053345388297,valid,0.8204365079365079,0.8986512581849477,0.8766076809124764,0.8054460766750269,0.7954706298655343,0.8156748911465893,0.824422843256379,0.30000000000000004,0,226,1.6477534770965576
647,0.20862959264492503,valid,0.8296957671957672,0.9098006867155632,0.8932608086891044,0.8174406238922368,0.799029799029799,0.8367198838896952,0.8238153098420413,0.375,0,226,1.6468846797943115
648,0.21141806883471354,valid,0.8336640211640212,0.9155841579269445,0.8968558230091944,0.8254078444984381,0.791084497671324,0.862844702467344,0.8092345078979344,0.375,0,226,1.6427218914031982
649,0.21172240589346206,valid,0.8214285714285714,0.909350106781272,0.8931397730496977,0.8190348525469169,0.7608966376089664,0.8867924528301887,0.7667071688942891,0.35,0,226,1.650634765625
650,0.209241621652428,valid,0.8356481481481481,0.9140554045784565,0.8942649626293493,0.8271304347826087,0.7942551770207081,0.862844702467344,0.8128797083839611,0.30000000000000004,0,226,1.6516025066375732
651,0.2097024160380266,valid,0.8078703703703703,0.8971654906912476,0.8822810714035879,0.798753030827849,0.7640821736249171,0.8367198838896952,0.7837181044957473,0.4,0,226,2.1034674644470215
652,0.2221919097462479,valid,0.8333333333333334,0.9123405996328345,0.895723560466819,0.8202567760342369,0.8064516129032258,0.8345428156748912,0.8323207776427703,0.525,0,226,2.097074031829834
653,0.20915373703654933,valid,0.8075396825396826,0.9031429493498774,0.881852733415343,0.8063872255489022,0.7444717444717445,0.8795355587808418,0.74726609963548,0.25,0,226,2.091862201690674
654,0.21361953141737958,valid,0.8263888888888888,0.9074917952127426,0.8846811451475385,0.8149453648219951,0.792323509252913,0.8388969521044993,0.81591737545565,0.375,0,226,2.099907398223877
655,0.20686229941796283,valid,0.8373015873015873,0.9145092911169621,0.897609601662087,0.8246614397719173,0.8102240896358543,0.839622641509434,0.8353584447144593,0.45000000000000007,0,226,2.0978572368621826
656,0.21136869794251967,valid,0.8287037037037037,0.9091856583316728,0.8914578629962807,0.8181179775280899,0.7925170068027211,0.8454281567489115,0.8147023086269745,0.375,0,226,2.098620653152466
657,0.20517589699248878,valid,0.832010582010582,0.9133418393889747,0.8975308414950657,0.8196022727272727,0.8025034770514604,0.8374455732946299,0.827460510328068,0.5,0,226,2.093526601791382
658,0.2156027236155101,valid,0.8128306878306878,0.9082161619759914,0.8912536827229381,0.8089128966914247,0.7563131313131313,0.8693759071117562,0.7654921020656136,0.325,0,226,2.102109670639038
659,0.20906547350542887,valid,0.8201058201058201,0.9053517609651406,0.8867182806042889,0.8163403106009454,0.7632575757575758,0.8773584905660378,0.7721749696233293,0.275,0,226,2.0975687503814697
660,0.20635078026323903,valid,0.8191137566137566,0.9053733641126749,0.8865834137443289,0.8138822728819326,0.766175528507367,0.8679245283018868,0.7782503037667071,0.25,0,226,2.0982325077056885
661,0.20603675714560918,valid,0.816468253968254,0.9055069509229394,0.8858003296624914,0.8134453781512605,0.7576706324358171,0.8780841799709724,0.7648845686512759,0.42500000000000004,0,226,2.098290205001831
662,0.2056072290454592,valid,0.8141534391534392,0.9039367548016302,0.8781404124817331,0.8132890365448505,0.75,0.888243831640058,0.7521263669501823,0.4,0,226,2.09881329536438
663,0.2108368940499364,valid,0.8227513227513228,0.9086054595121744,0.8922641183504996,0.8187964841108857,0.7664556962025316,0.8788098693759071,0.775820170109356,0.4,0,226,2.0905914306640625
664,0.2107527684800479,valid,0.830026455026455,0.9082827349408427,0.8890410685816654,0.8176011355571328,0.8,0.8359941944847605,0.8250303766707169,0.625,0,226,2.10299015045166
665,0.2127002596246953,valid,0.8234126984126984,0.9071470266133141,0.8908440953270744,0.8125,0.7870748299319728,0.839622641509434,0.8098420413122722,0.325,0,226,1.6519238948822021
666,0.21663369329608217,valid,0.8257275132275133,0.9113442095628759,0.8954579573890931,0.8168230795968022,0.7838559039359573,0.8526850507982583,0.8031591737545565,0.30000000000000004,0,226,1.6507229804992676
667,0.2083124664365029,valid,0.826058201058201,0.9090084243457774,0.8907185921124608,0.8179930795847751,0.7817460317460317,0.8577648766328012,0.7995139732685298,0.42500000000000004,0,226,1.6481726169586182
668,0.21129389198458925,valid,0.8296957671957672,0.9117030863402857,0.8917045383543895,0.8202443280977313,0.7901815736381977,0.8526850507982583,0.81044957472661,0.45000000000000007,0,226,1.6475605964660645
669,0.20499261575085775,valid,0.8293650793650794,0.9159703692991938,0.8981415719600543,0.8243703199455412,0.7762820512820513,0.8788098693759071,0.7879708383961118,0.275,0,226,1.6492486000061035
670,0.20660121069878948,valid,0.8250661375661376,0.91584604098073,0.9018757187018792,0.8212233862791484,0.7685009487666035,0.8817126269956459,0.7776427703523694,0.35,0,226,1.6486268043518066
671,0.20738799687550993,valid,0.8293650793650794,0.9094171206266852,0.8891975809312784,0.8185654008438819,0.7939972714870396,0.8447024673439768,0.8165249088699879,0.325,0,226,1.6487648487091064
672,0.2139774375424093,valid,0.814484126984127,0.9068454643089551,0.8896812736437202,0.8138068370394955,0.7498470948012232,0.8896952104499274,0.7515188335358445,0.275,0,226,1.6433145999908447
673,0.20878947085263777,valid,0.8125,0.8966355522558096,0.8742366831360273,0.8037383177570093,0.7683653209794837,0.8425253991291727,0.787363304981774,0.225,0,226,1.6513068675994873
674,0.21223257512462382,valid,0.8346560846560847,0.910823529619238,0.894675966968224,0.8198847262247838,0.8140200286123033,0.8258345428156749,0.8420413122721749,0.45000000000000007,0,226,1.6555862426757812
675,0.2104531547852925,valid,0.8181216931216931,0.9030512461929964,0.8831538456166804,0.8119015047879617,0.7677878395860285,0.8613933236574746,0.7818955042527339,0.35,0,226,1.6503536701202393
676,0.2076635993256861,valid,0.8277116402116402,0.9098796043361485,0.8931550102505224,0.8180230527418791,0.7885521885521886,0.8497822931785196,0.8092345078979344,0.4,0,226,1.6515042781829834
677,0.20128238474836155,valid,0.8277116402116402,0.9105960352492828,0.8914340640581585,0.8238079134257693,0.7713742875237493,0.8838896952104499,0.7806804374240583,0.2,0,226,1.6487751007080078
678,0.2074895890391603,valid,0.8389550264550265,0.913766848250674,0.8956993189213626,0.8233587232499093,0.823060188542422,0.8236574746008708,0.8517618469015796,0.525,0,226,1.653449535369873
679,0.20435296151102805,valid,0.8323412698412699,0.9100652150527205,0.890870383381233,0.8193801211257571,0.8047585724282715,0.8345428156748912,0.830498177399757,0.625,0,226,1.6488502025604248
680,0.21559126644718404,valid,0.8197751322751323,0.9052208194382477,0.886298812846595,0.8099058249040809,0.7797179314976495,0.8425253991291727,0.8007290400972054,0.5,0,226,1.6501028537750244
681,0.20492694481294982,valid,0.816468253968254,0.9033761751671379,0.8847950544727974,0.8096054888507719,0.7677293428757319,0.8563134978229318,0.7831105710814095,0.30000000000000004,0,226,1.6520664691925049
682,0.20615629851818085,valid,0.8187830687830688,0.9062895139203627,0.8879170904205763,0.8123287671232877,0.7691309987029832,0.8606676342525399,0.7837181044957473,0.325,0,226,1.6521549224853516
683,0.20586135223203775,valid,0.8158068783068783,0.900269730727788,0.8771368112334933,0.808129521184981,0.7691803278688525,0.851233671988389,0.7861482381530984,0.4,0,226,1.6559858322143555
684,0.21353513945122155,valid,0.8257275132275133,0.9056542050306237,0.8828058094544676,0.8133191640099185,0.7944636678200692,0.8330914368650217,0.8195625759416768,0.475,0,226,1.6502254009246826
685,0.21079636714896377,valid,0.8184523809523809,0.8982813593934895,0.8747917568264931,0.8074359873728516,0.781398506449423,0.8352685050798259,0.804374240583232,0.375,0,226,1.6570558547973633
686,0.2138263306447438,valid,0.8151455026455027,0.9088142164582476,0.8901525462361177,0.8134801468134801,0.752933909820877,0.8846153846153846,0.7569866342648846,0.25,0,226,1.6513690948486328
687,0.21395594763512515,valid,0.8138227513227513,0.9040690189702087,0.8844880663627158,0.8097330179114566,0.7577482605945604,0.8693759071117562,0.767314702308627,0.275,0,226,1.6485846042633057
688,0.202671757157968,valid,0.8230820105820106,0.9035476777057282,0.8842112112289051,0.8122148122148122,0.7865397688647179,0.839622641509434,0.8092345078979344,0.42500000000000004,0,226,1.6486523151397705
689,0.20816626810297675,valid,0.8257275132275133,0.913056589665407,0.8983144346731713,0.8206873086083702,0.7725816784112748,0.8751814223512336,0.784325637910085,0.45000000000000007,0,226,1.6460158824920654
690,0.2049796775895722,valid,0.8333333333333334,0.9100356760550714,0.8891044028303607,0.821656050955414,0.8017955801104972,0.8425253991291727,0.8256379100850547,0.35,0,226,1.6504323482513428
691,0.20784388239286383,valid,0.8174603174603174,0.9021522907272236,0.8796015768959791,0.8118609406952966,0.7654241645244216,0.8642960812772134,0.7782503037667071,0.42500000000000004,0,226,1.6508276462554932
692,0.21712446334410687,valid,0.8287037037037037,0.9047362917006879,0.8851521434917304,0.817477096546864,0.7945205479452054,0.841799709724238,0.8177399756986634,0.475,0,226,1.6499006748199463
693,0.20914670490488715,valid,0.8138227513227513,0.9081879456200279,0.8901186424240067,0.813143046797212,0.7492354740061162,0.8889695210449927,0.7509113001215066,0.275,0,226,1.65034818649292
694,0.20745576036219693,valid,0.8273809523809523,0.9003539389151163,0.8798009089412787,0.8163265306122449,0.7923497267759563,0.841799709724238,0.8153098420413123,0.375,0,226,1.6478958129882812
695,0.20285512902298752,valid,0.8161375661375662,0.904284830005273,0.8853783103105864,0.8108843537414966,0.7631241997439181,0.865021770682148,0.7752126366950183,0.325,0,226,1.6514699459075928
696,0.20866710282101922,valid,0.8253968253968254,0.9014579038421859,0.8826762813134272,0.8093862815884476,0.805316091954023,0.8134978229317852,0.8353584447144593,0.5,0,226,1.6539056301116943
697,0.2040761593653231,valid,0.8303571428571429,0.9100475798302433,0.8920485503271947,0.8184070796460177,0.7988942639944713,0.8388969521044993,0.8232077764277035,0.475,0,226,1.647101640701294
698,0.21142909447757566,valid,0.8253968253968254,0.9076696905194808,0.8869582338233422,0.8178053830227743,0.7796052631578947,0.8599419448476052,0.7964763061968408,0.30000000000000004,0,226,1.6479518413543701
699,0.20226628500588087,valid,0.8184523809523809,0.9015703283854777,0.8779307069767531,0.8135823429541595,0.7645181876196554,0.8693759071117562,0.775820170109356,0.4,0,226,1.6487352848052979
700,0.2033160295413465,valid,0.8194444444444444,0.9105788409073673,0.8946965236718742,0.8170241286863271,0.7590286425902865,0.8846153846153846,0.7648845686512759,0.225,0,226,1.6505300998687744
701,0.20058118597585328,valid,0.8197751322751323,0.907469751184646,0.8876403229458635,0.812650395324854,0.7720444154147615,0.8577648766328012,0.7879708383961118,0.30000000000000004,0,226,1.6565423011779785
702,0.20578198013257007,valid,0.8121693121693122,0.9045359114852914,0.8824399105852738,0.8129117259552042,0.744270205066345,0.895500725689405,0.7424058323207776,0.275,0,226,1.6536939144134521
703,0.21089999621011774,valid,0.8253968253968254,0.9057331226512089,0.8863897860305068,0.8138222849083215,0.7914951989026063,0.8374455732946299,0.8153098420413123,0.5750000000000001,0,226,1.6513488292694092
704,0.20654800443016752,valid,0.8058862433862434,0.8997190709059392,0.8765212643519927,0.8072249589490968,0.737252549490102,0.8918722786647315,0.7339003645200486,0.225,0,226,1.6498558521270752
705,0.2126812971368128,valid,0.8283730158730159,0.9070156442058593,0.881705727608367,0.820103986135182,0.7850033178500332,0.8584905660377359,0.8031591737545565,0.4,0,226,1.655379056930542
706,0.2109663158046956,valid,0.828042328042328,0.903078580787836,0.8762050325974591,0.8111837327523602,0.8117732558139535,0.8105950653120464,0.8426488456865128,0.45000000000000007,0,226,1.6566684246063232
707,0.211246557077583,valid,0.8187830687830688,0.9101714672681454,0.889909376143825,0.8157363819771352,0.7600250626566416,0.8802612481857764,0.767314702308627,0.225,0,226,1.6549718379974365
708,0.20894023532770117,valid,0.8290343915343915,0.9091997665096544,0.8906092568554766,0.8190409520476024,0.7910750507099391,0.8490566037735849,0.8122721749696233,0.475,0,226,1.6576128005981445
709,0.2151006265562408,valid,0.8237433862433863,0.9042257520099743,0.8821009749468132,0.8158894645941278,0.7785102175346078,0.8570391872278664,0.795868772782503,0.45000000000000007,0,226,1.6539745330810547
710,0.2056550283213051,valid,0.8356481481481481,0.9133524205224611,0.8967866835196329,0.8253075571177504,0.8002726653033402,0.8519593613933236,0.8219927095990279,0.42500000000000004,0,226,1.649599313735962
711,0.20837767270146584,valid,0.8115079365079365,0.9000642803859293,0.8792752191942301,0.8078219824679703,0.7544080604534005,0.8693759071117562,0.7630619684082625,0.30000000000000004,0,226,1.648733139038086
712,0.2101285126136274,valid,0.8204365079365079,0.9028286015092223,0.880188876882476,0.8115237764665046,0.7777777777777778,0.8483309143686503,0.7970838396111786,0.375,0,226,1.6526412963867188
713,0.21090971328774277,valid,0.8316798941798942,0.9121391172160331,0.8942463896629192,0.8229565217391305,0.790247160988644,0.8584905660377359,0.8092345078979344,0.375,0,226,1.651587963104248
714,0.20884388654815908,valid,0.8244047619047619,0.905589616028301,0.8844489158285997,0.8134878819810326,0.7882913546630361,0.8403483309143687,0.8110571081409478,0.35,0,226,1.6513941287994385
715,0.20683383972060923,valid,0.8267195767195767,0.9037328475417382,0.8791412373997295,0.8175487465181058,0.785809906291834,0.8519593613933236,0.8055893074119077,0.375,0,226,1.6561651229858398
716,0.20656124426394093,valid,0.8125,0.9045308413588291,0.8798732466782481,0.8125619834710743,0.7462052216150576,0.8918722786647315,0.7460510328068044,0.225,0,226,2.1022419929504395
717,0.2012232803568548,valid,0.8283730158730159,0.9095575410856597,0.8898778815379047,0.8148412415269354,0.8014035087719298,0.8287373004354136,0.8280680437424058,0.5,0,226,2.1010189056396484
718,0.20865176435636015,valid,0.8207671957671958,0.8972867328457781,0.8688638407645926,0.8044733044733045,0.7998565279770444,0.809143686502177,0.830498177399757,0.4,0,226,2.104372024536133
719,0.2082741932601345,valid,0.8134920634920635,0.9061823799438141,0.890458771500825,0.8122503328894807,0.7503075030750308,0.8853410740203193,0.7533414337788579,0.225,0,226,2.0931601524353027
720,0.20636378380717063,valid,0.8267195767195767,0.9093179225002513,0.8899380760204316,0.8171667829727843,0.7869623655913979,0.8497822931785196,0.807411907654921,0.42500000000000004,0,226,2.0929882526397705
721,0.20464944292087944,valid,0.8273809523809523,0.9094713489358024,0.8905500242223383,0.8151558073654391,0.7959889349930843,0.8352685050798259,0.8207776427703524,0.30000000000000004,0,226,2.101400136947632
722,0.2042945501755695,valid,0.8045634920634921,0.9035322468860605,0.883198144367922,0.8080545631698604,0.7313345091122869,0.9027576197387518,0.7223572296476306,0.2,0,226,2.092773675918579
723,0.21001083023694098,valid,0.8244047619047619,0.9079110726271368,0.8902878628249757,0.8174630457201788,0.7766165904637492,0.862844702467344,0.7922235722964763,0.375,0,226,2.0957117080688477
724,0.20232884829141656,valid,0.8244047619047619,0.9081171842898385,0.8912523354036588,0.8134878819810326,0.7882913546630361,0.8403483309143687,0.8110571081409478,0.525,0,226,2.0936317443847656
725,0.203084118512212,valid,0.828042328042328,0.913130216719249,0.8968500129542962,0.8201936376210235,0.7833553500660502,0.8606676342525399,0.8007290400972054,0.325,0,226,2.0989885330200195
726,0.20425359904766083,valid,0.8128306878306878,0.9041768142676003,0.8864749878115696,0.8105756358768407,0.7521739130434782,0.8788098693759071,0.7575941676792224,0.35,0,226,2.0968761444091797
727,0.20716527712588406,valid,0.8125,0.8999818357208484,0.8772352732716462,0.808251606357795,0.7568081063964535,0.8671988388969522,0.7667071688942891,0.30000000000000004,0,226,2.097482442855835
728,0.20021792911753364,valid,0.8134920634920635,0.9041433073448938,0.8848956062812177,0.8104838709677419,0.7546933667083855,0.8751814223512336,0.7618469015795869,0.225,0,226,1.654026985168457
729,0.20709200020955534,valid,0.8224206349206349,0.9020001869333583,0.8834205033505445,0.8109820485744457,0.7874231032125769,0.8359941944847605,0.8110571081409478,0.6,0,226,1.6517562866210938
730,0.20123023129239373,valid,0.8234126984126984,0.9119826046165486,0.8967063146245191,0.8179959100204499,0.7712082262210797,0.8708272859216255,0.7837181044957473,0.325,0,226,1.6497688293457031
731,0.20303770595667314,valid,0.8184523809523809,0.8990092532012339,0.8757274399343814,0.8074359873728516,0.781398506449423,0.8352685050798259,0.804374240583232,0.35,0,226,1.6537857055664062
732,0.2156855321052123,valid,0.8154761904761905,0.8998169463906872,0.8833796527374927,0.8085106382978723,0.7669270833333334,0.8548621190130624,0.7825030376670717,0.275,0,226,1.6506116390228271
733,0.20853388461531425,valid,0.8250661375661376,0.9079600103695108,0.8881584543580292,0.8162556443209448,0.7828114590273151,0.8526850507982583,0.8019441069258809,0.5,0,226,1.6556897163391113
734,0.20181049801865403,valid,0.816468253968254,0.904427234426776,0.8848397476905763,0.8080249048772051,0.7719762062128223,0.8476052249637155,0.7904009720534629,0.475,0,226,1.6609632968902588
735,0.20309472296919143,valid,0.8326719576719577,0.9095083829030046,0.8911768310734601,0.8171965317919075,0.8136690647482014,0.8207547169811321,0.8426488456865128,0.42500000000000004,0,226,1.6523754596710205
736,0.20600406186921255,valid,0.8194444444444444,0.9039025865580809,0.8842666418873407,0.8115942028985508,0.7736842105263158,0.8534107402031931,0.7910085054678008,0.42500000000000004,0,226,1.6570820808410645
737,0.20184153774563146,valid,0.8154761904761905,0.9056489144638804,0.8868454988159565,0.8132530120481928,0.7546583850931677,0.8817126269956459,0.7600243013365735,0.17500000000000002,0,226,1.654099941253662
738,0.20169791852941318,valid,0.8101851851851852,0.8951991633850458,0.8723054925977435,0.7991602519244226,0.7716216216216216,0.8287373004354136,0.7946537059538274,0.325,0,226,1.6490318775177002
739,0.2025864972751968,valid,0.8224206349206349,0.9065963667914653,0.887261316229428,0.8154004812650395,0.774657086871326,0.8606676342525399,0.7904009720534629,0.4,0,226,1.650214672088623
740,0.2063438703819197,valid,0.8210978835978836,0.903010464741018,0.879741226948567,0.8111692844677137,0.7814391392064559,0.8432510885341074,0.8025516403402188,0.525,0,226,1.6550841331481934
741,0.20463446147587835,valid,0.8303571428571429,0.9096265388936016,0.8889061487893203,0.825924669155073,0.775653282345443,0.8831640058055152,0.7861482381530984,0.25,0,226,1.6568636894226074
742,0.202884275086072,valid,0.8204365079365079,0.9037372563473576,0.8836581995305822,0.8132094943240454,0.7730542838456508,0.8577648766328012,0.7891859052247874,0.325,0,226,1.6540305614471436
743,0.19906864056781848,valid,0.8154761904761905,0.901000269818904,0.8772563509570105,0.8099455040871935,0.7631578947368421,0.862844702467344,0.775820170109356,0.275,0,226,1.6510169506072998
744,0.19892093204722114,valid,0.8237433862433863,0.9051185351478803,0.8853098319933981,0.8172780253685293,0.774528914879792,0.865021770682148,0.7891859052247874,0.35,0,226,1.651973009109497
745,0.200443762297533,valid,0.8015873015873016,0.8990586318241697,0.8832318835350842,0.8010610079575596,0.7374847374847375,0.8766328011611031,0.7387606318347509,0.30000000000000004,0,226,1.6551764011383057
746,0.20278313178188948,valid,0.8230820105820106,0.9096430719146738,0.8923827546399741,0.8172189955585925,0.7721110393802453,0.8679245283018868,0.7855407047387606,0.45000000000000007,0,226,1.6523499488830566
747,0.207380367785084,valid,0.8207671957671958,0.9054187748105537,0.8873683489707942,0.8121968121968122,0.7771883289124668,0.8505079825834543,0.795868772782503,0.25,0,226,1.6491191387176514
748,0.21057970973910117,valid,0.8158068783068783,0.9053742458737987,0.8836450915146532,0.8134003350083752,0.7554449284380834,0.8809869375907112,0.7612393681652491,0.30000000000000004,0,226,1.6554038524627686
749,0.20653468492079755,valid,0.8042328042328042,0.9003596703624214,0.8816922973404476,0.806914546640574,0.7328199052132701,0.897677793904209,0.7260024301336574,0.2,0,226,1.6543145179748535
750,0.20111069265677003,valid,0.8171296296296297,0.9058071905856129,0.8872236903941574,0.8127328140873687,0.7619047619047619,0.8708272859216255,0.7721749696233293,0.325,0,226,1.643284797668457
751,0.20797306785778125,valid,0.8184523809523809,0.9046675143330272,0.8876277945566823,0.8158336128815834,0.7585776668746101,0.8824383164005806,0.7648845686512759,0.30000000000000004,0,226,1.6461834907531738
752,0.21057938221766023,valid,0.8091931216931217,0.8998217960768684,0.8837758084048378,0.8046054859464951,0.7542857142857143,0.8621190130624092,0.7648845686512759,0.375,0,226,1.6481013298034668
753,0.20778098139835863,valid,0.830026455026455,0.9081284267441676,0.8888931939117704,0.8216516308119362,0.7872340425531915,0.8592162554426706,0.8055893074119077,0.375,0,226,2.090394973754883
754,0.19947134384087153,valid,0.8306878306878307,0.9069305542574073,0.8900280650867021,0.8163558106169297,0.8070921985815603,0.8258345428156749,0.8347509113001215,0.325,0,226,2.0963101387023926
755,0.20794909432226297,valid,0.8313492063492064,0.907067227231605,0.886435352692495,0.8200423429781228,0.7980769230769231,0.8432510885341074,0.8213851761846902,0.35,0,226,2.094956636428833
756,0.20025725966813612,valid,0.8247354497354498,0.9073859838778796,0.8894813187947694,0.8160999306037474,0.7819148936170213,0.8534107402031931,0.8007290400972054,0.30000000000000004,0,226,1.6511220932006836
757,0.2032697614358396,valid,0.8174603174603174,0.9092910287859736,0.8906778708026251,0.8169761273209549,0.7521367521367521,0.8940493468795355,0.7533414337788579,0.275,0,226,2.0995378494262695
758,0.20634134843641397,valid,0.8346560846560847,0.9141623181147241,0.89861453642811,0.8228206945428774,0.804016620498615,0.8425253991291727,0.8280680437424058,0.525,0,226,2.093043088912964
759,0.19942254162564568,valid,0.8197751322751323,0.9060664283560269,0.8852947863103261,0.8114839156001383,0.7752808988764045,0.851233671988389,0.7934386391251519,0.275,0,226,2.0972900390625
760,0.20860269209560084,valid,0.8303571428571429,0.9119927448694729,0.896004861412379,0.8199368199368199,0.7940176750509857,0.8476052249637155,0.81591737545565,0.42500000000000004,0,226,2.0922980308532715
761,0.20822292323015174,valid,0.8296957671957672,0.9133145047941352,0.896097149902571,0.8192348192348192,0.7933378653976887,0.8468795355587808,0.8153098420413123,0.42500000000000004,0,226,2.093956470489502
762,0.2026610477846496,valid,0.826058201058201,0.9088880639523709,0.8894850190741732,0.8120085775553967,0.8,0.8243831640058055,0.827460510328068,0.45000000000000007,0,226,2.0919992923736572
763,0.20237635197688122,valid,0.8343253968253969,0.9114138686916605,0.8931471389998205,0.8265835929387332,0.7902051621442753,0.8664731494920174,0.807411907654921,0.275,0,226,2.0977466106414795
764,0.20942993857422654,valid,0.8167989417989417,0.9023440737716626,0.8801574461774961,0.8094910591471802,0.769281045751634,0.8541364296081277,0.7855407047387606,0.35,0,226,2.091784954071045
765,0.20543830370416447,valid,0.8250661375661376,0.9095559980036929,0.8926587637886576,0.8173973075595443,0.7794601711652402,0.8592162554426706,0.7964763061968408,0.375,0,226,2.0972108840942383
766,0.20091650376514514,valid,0.8234126984126984,0.9114284177502041,0.892145300298493,0.8169979437971213,0.7740259740259741,0.865021770682148,0.7885783718104495,0.5,0,226,2.091338872909546
767,0.200456901472442,valid,0.8191137566137566,0.913699393524699,0.8955203328556517,0.8188141768797615,0.753199268738574,0.8969521044992743,0.7539489671931956,0.30000000000000004,0,226,2.1020991802215576
768,0.20461845276307086,valid,0.8313492063492064,0.9150498106858866,0.9005633653485502,0.8243801652892562,0.7844036697247706,0.8686502177068215,0.8001215066828675,0.30000000000000004,0,226,2.098480463027954
769,0.20126058799879892,valid,0.826058201058201,0.9105459953055037,0.8947661679725826,0.818118948824343,0.7813738441215323,0.8584905660377359,0.798906439854192,0.4,0,226,2.1419944763183594
770,0.19870372542313167,valid,0.8194444444444444,0.9047455501924884,0.8847129966607122,0.8156650911546253,0.7626262626262627,0.8766328011611031,0.7715674362089915,0.225,0,226,2.1024088859558105
771,0.1940432066211895,valid,0.8151455026455027,0.9057154874287316,0.8812615955553519,0.8122270742358079,0.7560975609756098,0.8773584905660378,0.7630619684082625,0.225,0,226,2.100144624710083
772,0.19723296530392706,valid,0.8237433862433863,0.9091120312778307,0.8919116017368502,0.8163968308646228,0.7770491803278688,0.8599419448476052,0.7934386391251519,0.275,0,226,2.18337082862854
773,0.2012155226298741,valid,0.8253968253968254,0.9025764178277991,0.8799249316409273,0.8106169296987088,0.8014184397163121,0.8200290275761973,0.8298906439854192,0.42500000000000004,0,226,2.099015235900879
774,0.20073777862957545,valid,0.828042328042328,0.9099933515211263,0.8902251040932224,0.8198198198198198,0.7844827586206896,0.8584905660377359,0.8025516403402188,0.475,0,226,2.1233484745025635
775,0.20086233104978288,valid,0.814484126984127,0.9077699908473196,0.8915877210865415,0.8147903598547376,0.7474258025439128,0.895500725689405,0.7466585662211421,0.325,0,226,2.165637969970703
776,0.2056801863470856,valid,0.8181216931216931,0.8993200739973936,0.8750428277469341,0.8122866894197952,0.7667525773195877,0.8635703918722787,0.7800729040097205,0.4,0,226,2.1015377044677734
777,0.202950620529603,valid,0.8214285714285714,0.9059310780235148,0.8851924983592799,0.8162014976174268,0.7685897435897436,0.8701015965166908,0.7806804374240583,0.35,0,226,2.1187586784362793
778,0.2032965613262994,valid,0.8230820105820106,0.9044713224829688,0.889927869253357,0.8114205146281283,0.7888965044551063,0.8352685050798259,0.8128797083839611,0.35,0,226,2.095231056213379
779,0.20474781977887058,valid,0.8237433862433863,0.9065443428851577,0.8921276039872106,0.8160165688643424,0.7781435154707044,0.8577648766328012,0.7952612393681653,0.525,0,226,2.092733144760132
780,0.21233918867549118,valid,0.8217592592592593,0.9022770599262495,0.8817264736845187,0.8136882129277566,0.7768976897689769,0.8541364296081277,0.7946537059538274,0.275,0,226,2.0980348587036133
781,0.20118146556980757,valid,0.8068783068783069,0.8935709914698428,0.8649600834494882,0.8027027027027027,0.7509481668773704,0.8621190130624092,0.7606318347509113,0.30000000000000004,0,226,2.09446120262146
782,0.2029927631421965,valid,0.8240740740740741,0.9055298767121597,0.8883088146403308,0.8141160027952481,0.7850404312668463,0.8454281567489115,0.8061968408262454,0.25,0,226,2.1020963191986084
783,0.2014572942743496,valid,0.8177910052910053,0.9012110107275058,0.8779671289492539,0.8108479231033299,0.7693811074918567,0.8570391872278664,0.7849331713244229,0.35,0,226,2.0995638370513916
784,0.19135882112444663,valid,0.8244047619047619,0.9075473461635455,0.8889182104629054,0.8164535084687176,0.7795379537953795,0.8570391872278664,0.7970838396111786,0.35,0,226,2.10282039642334
785,0.19651490328263263,valid,0.8316798941798942,0.911856953656399,0.8917644914780414,0.8245432609445019,0.7852921864740644,0.8679245283018868,0.8013365735115431,0.375,0,226,2.098069667816162
786,0.2026247515970347,valid,0.8184523809523809,0.905242422585782,0.8798210553596366,0.8133287997279837,0.7651951375559821,0.8679245283018868,0.7770352369380316,0.55,0,226,2.1039841175079346
787,0.19220820282186782,valid,0.8270502645502645,0.914169372203715,0.8960074211100135,0.8228919742634608,0.7714285714285715,0.8817126269956459,0.7812879708383961,0.325,0,226,2.0977792739868164
788,0.19581663517319425,valid,0.8323412698412699,0.9084921532077587,0.890515887730673,0.8179533213644524,0.8095238095238095,0.8265602322206096,0.8371810449574727,0.475,0,226,2.1012656688690186
789,0.19824268957790064,valid,0.8224206349206349,0.9133206771220022,0.8941354715738101,0.8197381671701913,0.7626483447845097,0.886066763425254,0.7691373025516404,0.2,0,226,2.1009011268615723
790,0.20739260194252948,valid,0.8039021164021164,0.9028627697527718,0.885086429343095,0.8051265198816957,0.7357357357357357,0.8889695210449927,0.732685297691373,0.17500000000000002,0,226,2.094036340713501
791,0.20398601129346963,valid,0.8230820105820106,0.9059297553818291,0.8877118834877432,0.8132635253054101,0.7834566240753195,0.8454281567489115,0.804374240583232,0.30000000000000004,0,226,2.0950849056243896
792,0.20508849864103357,valid,0.8267195767195767,0.9090996866220965,0.8908551271248365,0.8148409893992933,0.7940771349862259,0.8367198838896952,0.8183475091130012,0.475,0,226,2.134690761566162
793,0.20756849585747233,valid,0.8376322751322751,0.9121730650193016,0.8908090903225528,0.8226796677500903,0.8188353702372394,0.8265602322206096,0.8469015795868773,0.5,0,226,2.1069352626800537
794,0.19875069631605732,valid,0.8293650793650794,0.911188137843953,0.8901837887227163,0.8207088255733148,0.7873333333333333,0.8570391872278664,0.8061968408262454,0.525,0,226,2.0979249477386475
795,0.19512654415198735,valid,0.8224206349206349,0.9045304004782672,0.8844605273077357,0.8176570458404074,0.7683471601786854,0.8737300435413643,0.7794653705953828,0.25,0,226,2.1765940189361572
796,0.19967506278534325,valid,0.8237433862433863,0.9020817498373151,0.8795531836024713,0.8123900035198873,0.7887901572112098,0.8374455732946299,0.8122721749696233,0.42500000000000004,0,226,1.6565794944763184
797,0.19707517082593878,valid,0.8293650793650794,0.9111436089071981,0.8940883707004944,0.8199581297976274,0.7896505376344086,0.8526850507982583,0.8098420413122722,0.5750000000000001,0,226,1.6488368511199951
798,0.19918677545323663,valid,0.8313492063492064,0.9134154664428169,0.8964993108554045,0.8231622746185853,0.7881806108897742,0.8613933236574746,0.8061968408262454,0.4,0,226,1.685760259628296
799,0.19665456943365991,valid,0.8125,0.9018480831394929,0.8776304184448932,0.8100502512562814,0.7523335407591786,0.8773584905660378,0.7582017010935601,0.2,0,226,1.6811177730560303
800,0.20621121720391877,valid,0.8230820105820106,0.9082831758214047,0.8892587271602758,0.8180890853451207,0.7696737044145874,0.8730043541364296,0.7812879708383961,0.275,0,226,1.651231050491333
801,0.20459770578510908,valid,0.8313492063492064,0.9121060511738885,0.8971061464253388,0.820675105485232,0.796043656207367,0.8468795355587808,0.8183475091130012,0.4,0,226,1.6587672233581543
802,0.20290611167343295,valid,0.8310185185185185,0.9099823295070779,0.8924466012482922,0.819243013795543,0.7991718426501035,0.8403483309143687,0.8232077764277035,0.325,0,226,1.6646254062652588
803,0.19842974537489366,valid,0.8171296296296297,0.9079185675966895,0.8933119811601519,0.8149882903981265,0.7560521415270018,0.8838896952104499,0.7612393681652491,0.2,0,226,1.6494536399841309
804,0.20087310656601068,valid,0.828042328042328,0.9072349822854192,0.8875362058838675,0.8146828225231646,0.8004201680672269,0.8294629898403484,0.8268529769137303,0.4,0,226,1.6567494869232178
805,0.1987885562132816,valid,0.8253968253968254,0.9117630460967081,0.8928969746147885,0.8206521739130435,0.7713920817369093,0.8766328011611031,0.7825030376670717,0.35,0,226,1.6537067890167236
806,0.1904417723417282,valid,0.8247354497354498,0.9127691355390294,0.8953124190866177,0.8209459459459459,0.7680151706700379,0.8817126269956459,0.7770352369380316,0.225,0,226,1.6546945571899414
807,0.19421087722389066,valid,0.8220899470899471,0.9060135226885955,0.8898976341822674,0.813840830449827,0.7777777777777778,0.8534107402031931,0.795868772782503,0.325,0,226,1.6482295989990234
808,0.2020207530989939,valid,0.8257275132275133,0.9081354808331583,0.888474739939852,0.8130542745654488,0.7952810548230396,0.8316400580551524,0.8207776427703524,0.375,0,226,1.6494507789611816
809,0.2009050481173457,valid,0.8247354497354498,0.9038920054245945,0.8856628899657466,0.8136427566807314,0.7892223738062756,0.839622641509434,0.8122721749696233,0.325,0,226,1.6468641757965088
810,0.1997036067198734,valid,0.8267195767195767,0.9095776011512274,0.8874991681152073,0.8188105117565698,0.7820343461030383,0.8592162554426706,0.7995139732685298,0.275,0,226,1.6566171646118164
811,0.20329012615340097,valid,0.8224206349206349,0.9099461773009997,0.8888555043278832,0.8166609764424718,0.7711154094132817,0.8679245283018868,0.784325637910085,0.275,0,226,1.6457688808441162
812,0.20013199229629672,valid,0.8296957671957672,0.9099267785562748,0.8904719398503005,0.8187258007743752,0.7949419002050581,0.8439767779390421,0.8177399756986634,0.35,0,226,1.6452467441558838
813,0.1968159310671748,valid,0.8098544973544973,0.8950210476380265,0.8744038821197858,0.8058088483620398,0.7536323436512951,0.8657474600870827,0.7630619684082625,0.225,0,226,1.6498489379882812
814,0.20441976402487075,valid,0.8187830687830688,0.9048742873165716,0.8857479064865067,0.811424638678596,0.7715968586387435,0.8555878084179971,0.7879708383961118,0.275,0,226,1.6531586647033691
815,0.20505948334324117,valid,0.8283730158730159,0.9128409990706237,0.8948433159502929,0.8212194281777472,0.7816393442622951,0.865021770682148,0.7976913730255164,0.4,0,226,1.6528651714324951
816,0.19810493199192747,valid,0.8356481481481481,0.9128379129066904,0.8959024796352748,0.8212873067241999,0.8139700641482538,0.8287373004354136,0.8414337788578372,0.5,0,226,1.6496539115905762
817,0.20230066776275635,valid,0.8220899470899471,0.9100945336100887,0.8928957438997552,0.8148657949070888,0.774869109947644,0.8592162554426706,0.7910085054678008,0.4,0,226,1.6512401103973389
818,0.21084886606858702,valid,0.8214285714285714,0.9007926150742356,0.8794154702082786,0.8158253751705321,0.7696267696267697,0.8679245283018868,0.7825030376670717,0.42500000000000004,0,226,1.654451608657837
819,0.19547302564796137,valid,0.8224206349206349,0.9085247783693415,0.8890887229548401,0.8155273102026795,0.7742987606001305,0.8613933236574746,0.7897934386391251,0.30000000000000004,0,226,1.6505329608917236
820,0.20346147703881168,valid,0.8240740740740741,0.9072647417233491,0.8856753944131194,0.8166781529979324,0.7775590551181102,0.8599419448476052,0.7940461725394897,0.30000000000000004,0,226,1.6486289501190186
821,0.19932634824392748,valid,0.8197751322751323,0.9050792967778686,0.8864001186883991,0.8141834299352199,0.7678456591639872,0.8664731494920174,0.7806804374240583,0.17500000000000002,0,226,1.6493682861328125
822,0.19824494755997948,valid,0.8326719576719577,0.9075499914469171,0.8867198204580128,0.8222066057624736,0.7970027247956403,0.8490566037735849,0.818955042527339,0.275,0,226,1.6433191299438477
823,0.20307072419293073,valid,0.8237433862433863,0.9087465412919917,0.8880598701298613,0.8181508017741386,0.7720540888602705,0.8701015965166908,0.7849331713244229,0.35,0,226,1.6463897228240967
824,0.19960731967371337,valid,0.8052248677248677,0.8928708731375001,0.8664361351293313,0.802016806722689,0.7470256731371321,0.8657474600870827,0.7545565006075334,0.30000000000000004,0,226,1.6495068073272705
825,0.20042728921588587,valid,0.8306878306878307,0.9081495890111403,0.8879366366016536,0.8200983836964161,0.7949591280653951,0.8468795355587808,0.8171324422843257,0.375,0,226,1.6521611213684082
826,0.19667085366589682,valid,0.8207671957671958,0.9035952928064163,0.8855381690679193,0.8104895104895105,0.782051282051282,0.8410740203193033,0.8037667071688943,0.25,0,226,1.6462047100067139
827,0.19849974798912906,valid,0.828042328042328,0.9063097944262116,0.8863125451917887,0.8161244695898161,0.7958620689655173,0.8374455732946299,0.8201701093560145,0.525,0,226,1.656675100326538
828,0.19601294276665668,valid,0.833994708994709,0.913143002255545,0.8969937096152726,0.8192944564434845,0.8128571428571428,0.8258345428156749,0.8408262454434994,0.475,0,226,1.651505470275879
829,0.2022365144625002,valid,0.8257275132275133,0.9075228772923586,0.8916346642439779,0.8168230795968022,0.7838559039359573,0.8526850507982583,0.8031591737545565,0.4,0,226,1.6534483432769775
830,0.19853743454631495,valid,0.8065476190476191,0.9030957751297513,0.8812778078852406,0.8076290693850707,0.7384245339747444,0.8911465892597968,0.735722964763062,0.225,0,226,1.6571226119995117
831,0.19648493643926115,valid,0.8065476190476191,0.9026866379682812,0.8836639338885849,0.8085106382978723,0.7364341085271318,0.8962264150943396,0.7314702308626975,0.15000000000000002,0,226,1.6495201587677002
832,0.19358349515467274,valid,0.830026455026455,0.9147054829670204,0.8991352368808745,0.8220221606648199,0.786092715231788,0.8613933236574746,0.8037667071688943,0.275,0,226,1.6505639553070068
833,0.19684365087625932,valid,0.8333333333333334,0.9136032815621985,0.8944271163955948,0.8235294117647058,0.7956698240866035,0.8534107402031931,0.8165249088699879,0.4,0,226,1.6558551788330078
834,0.19592057685462796,valid,0.8177910052910053,0.9060765686089512,0.8865245184203207,0.8147899159663865,0.7589229805886036,0.8795355587808418,0.7660996354799514,0.25,0,226,1.6538197994232178
835,0.19840751223418177,valid,0.816468253968254,0.9014682645353913,0.8794117700651751,0.8056042031523643,0.7786052809749492,0.8345428156748912,0.8013365735115431,0.325,0,226,2.0973989963531494
836,0.20313067460546688,valid,0.8052248677248677,0.8948958375584387,0.8755649947405492,0.8018836192398251,0.7473354231974921,0.865021770682148,0.7551640340218712,0.30000000000000004,0,226,2.089691162109375
837,0.20528273223614207,valid,0.8250661375661376,0.90876902620065,0.888151584968542,0.8202514441046551,0.7712460063897764,0.8759071117561683,0.7825030376670717,0.325,0,226,2.0952956676483154
838,0.1934970821044883,valid,0.830026455026455,0.9134295746207987,0.8966574468163778,0.8244535519125683,0.7787096774193548,0.8759071117561683,0.7916160388821385,0.35,0,226,2.090337038040161
839,0.19551490247249603,valid,0.8082010582010583,0.8947657777926697,0.8719916797157773,0.8044504383007417,0.7512594458438288,0.8657474600870827,0.7600243013365735,0.17500000000000002,0,226,2.0974652767181396
840,0.19994597562721797,valid,0.8171296296296297,0.9056608182390524,0.8802757875578678,0.8148644124539672,0.7563704164077066,0.8831640058055152,0.7618469015795869,0.25,0,226,2.0980265140533447
841,0.2064208826240228,valid,0.8313492063492064,0.910335033956621,0.8936499903458943,0.8235294117647058,0.7870370370370371,0.8635703918722787,0.804374240583232,0.275,0,226,2.0997066497802734
842,0.19389379024505615,valid,0.8270502645502645,0.9105682597738812,0.8918383694658203,0.8226517463546965,0.7721196690006366,0.8802612481857764,0.7825030376670717,0.30000000000000004,0,226,2.0987708568573
843,0.2033859874520983,valid,0.8154761904761905,0.900417425716034,0.8797627235492519,0.8071872840359364,0.7704485488126649,0.8476052249637155,0.7885783718104495,0.225,0,226,2.0998454093933105
844,0.19928043229239328,valid,0.8171296296296297,0.9079904311282839,0.8881175638921248,0.8147403685092127,0.7566894835096453,0.8824383164005806,0.7624544349939246,0.275,0,226,2.0966804027557373
845,0.19745519848502413,valid,0.8234126984126984,0.9079026958964602,0.8865405868262789,0.82044384667115,0.7644110275689223,0.8853410740203193,0.7715674362089915,0.30000000000000004,0,226,2.0910911560058594
846,0.19503991822807157,valid,0.8247354497354498,0.9009544182404633,0.8791980643336959,0.8146853146853147,0.7860998650472335,0.8454281567489115,0.807411907654921,0.375,0,226,2.101283550262451
847,0.1971969747421693,valid,0.8177910052910053,0.903133690858077,0.8811354957090392,0.8091444405957742,0.7740225314777999,0.8476052249637155,0.792831105710814,0.375,0,226,2.093907356262207
848,0.19387425512683634,valid,0.8330026455026455,0.9119050096376491,0.8947330594502126,0.8236115962277332,0.793939393939394,0.8555878084179971,0.8140947752126367,0.35,0,226,2.0963075160980225
849,0.19644469995887912,valid,0.8287037037037037,0.9096499055633837,0.892744629607672,0.8206371191135734,0.7847682119205298,0.8599419448476052,0.8025516403402188,0.225,0,226,2.0986244678497314
850,0.20274792611598969,valid,0.8158068783068783,0.9064912167774453,0.8857161859415602,0.8163534454335641,0.748036253776435,0.8984034833091437,0.7466585662211421,0.25,0,226,2.102357864379883
851,0.19414048474662157,valid,0.8197751322751323,0.9085948783786882,0.8904713398072396,0.8155668358714044,0.7641090678503487,0.874455732946299,0.7739975698663426,0.275,0,226,2.0970332622528076
852,0.1941902044476295,valid,0.8177910052910053,0.9063252252458791,0.887776261848127,0.8145405587344329,0.7595731324544884,0.8780841799709724,0.767314702308627,0.30000000000000004,0,226,1.654195785522461
853,0.19150342153651373,valid,0.8267195767195767,0.9071232190629702,0.8860406698435224,0.8137882018479033,0.7973537604456824,0.8309143686502177,0.8232077764277035,0.375,0,226,1.6511082649230957
854,0.19072725304535457,valid,0.8207671957671958,0.9094210885517426,0.8915909383064881,0.8166441136671178,0.7648922686945501,0.8759071117561683,0.7746051032806804,0.325,0,226,1.646042823791504
855,0.19237602121975958,valid,0.8141534391534392,0.9011647182685032,0.8794559291936317,0.8112827400940228,0.755,0.8766328011611031,0.7618469015795869,0.25,0,226,1.6483426094055176
856,0.19194188592385272,valid,0.8121693121693122,0.905570878604419,0.8843110579030076,0.8131578947368421,0.7436823104693141,0.8969521044992743,0.741190765492102,0.225,0,226,1.6453146934509277
857,0.19826267325148292,valid,0.8296957671957672,0.9132699758573803,0.8967044259160204,0.8169214361891219,0.8006968641114982,0.8338171262699564,0.8262454434993924,0.42500000000000004,0,226,1.6483891010284424
858,0.1917462984518129,valid,0.8283730158730159,0.9067101139764429,0.8877039022547324,0.8173178458289335,0.7935748462064252,0.8425253991291727,0.8165249088699879,0.35,0,226,1.6488075256347656
859,0.19007864290354204,valid,0.8138227513227513,0.9050409401689806,0.8819776933397798,0.8116426898628304,0.7529484792054625,0.8802612481857764,0.7582017010935601,0.25,0,226,1.648991346359253
860,0.19149707987600442,valid,0.8227513227513228,0.9114650108368442,0.8939923409629249,0.8166894664842681,0.7723156532988357,0.8664731494920174,0.7861482381530984,0.25,0,226,1.6438918113708496
861,0.19680647399960732,valid,0.830026455026455,0.9117573146494029,0.8945366710682457,0.8161659513590844,0.8046544428772919,0.8280116110304789,0.8317132442284325,0.45000000000000007,0,226,1.6435425281524658
862,0.1909507078175642,valid,0.8207671957671958,0.9084930349688828,0.8893500568845916,0.8158967391304348,0.7669220945083014,0.8715529753265603,0.7782503037667071,0.225,0,226,1.6474192142486572
863,0.1935145094686625,valid,0.8296957671957672,0.9061528409461649,0.8857086437791806,0.8178280863105766,0.7977915804002761,0.8388969521044993,0.8219927095990279,0.375,0,226,1.6446359157562256
864,0.1913736517332038,valid,0.8382936507936508,0.9110034088885048,0.8914209605747856,0.8202866593164277,0.8309754281459419,0.8098693759071117,0.862089914945322,0.6,0,226,1.6470582485198975
865,0.19390733540058136,valid,0.8343253968253969,0.9088642564020267,0.886956204193803,0.8186753528773073,0.8166064981949458,0.8207547169811321,0.8456865127582017,0.5,0,226,1.6505112648010254
866,0.19133869771446502,valid,0.8293650793650794,0.9138325394544015,0.8984657940785828,0.8203342618384402,0.7884872824631861,0.8548621190130624,0.8080194410692588,0.275,0,226,1.6492855548858643
867,0.1971831574123733,valid,0.8257275132275133,0.9068683900981751,0.8877986262921183,0.8165680473372781,0.7846153846153846,0.851233671988389,0.804374240583232,0.42500000000000004,0,226,1.6555356979370117
868,0.19326994309619983,valid,0.8234126984126984,0.9100815276335119,0.8925037205136863,0.8199595414699933,0.7657430730478589,0.8824383164005806,0.7739975698663426,0.17500000000000002,0,226,1.6511847972869873
869,0.1955200464141612,valid,0.720568783068783,0.7616127940012027,0.7772886150690336,0.6526921496095356,0.75260663507109,0.5761973875181422,0.8414337788578372,0.1,0,226,1.6501948833465576
870,0.20882835223966714,valid,0.8220899470899471,0.9038527670545828,0.882065574244383,0.8176271186440678,0.767175572519084,0.8751814223512336,0.7776427703523694,0.35,0,226,1.6496124267578125
871,0.20675415378444048,valid,0.8154761904761905,0.8996939407139092,0.882512548745781,0.8079834824501032,0.768324607329843,0.8519593613933236,0.7849331713244229,0.225,0,226,1.6514837741851807
872,0.1985519957177493,valid,0.8131613756613757,0.9017524120575544,0.8764882780275743,0.8100840336134454,0.754539762053851,0.874455732946299,0.7618469015795869,0.25,0,226,1.6509816646575928
873,0.1968788346465753,valid,0.8184523809523809,0.9060739233255797,0.8851724025120135,0.809573361082206,0.7754152823920266,0.8468795355587808,0.7946537059538274,0.2,0,226,1.6435635089874268
874,0.19403314438401437,valid,0.8214285714285714,0.9069495121215702,0.8866291554130175,0.8163265306122449,0.7682458386683739,0.8708272859216255,0.7800729040097205,0.275,0,226,1.6484315395355225
875,0.19590507493335374,valid,0.8306878306878307,0.9103134308090863,0.8911333987566822,0.8211041229909154,0.7917789757412399,0.8526850507982583,0.8122721749696233,0.30000000000000004,0,226,1.6465399265289307
876,0.20110455976457012,valid,0.8237433862433863,0.9112864542092631,0.8915193245753225,0.8183986371379898,0.7713551701991008,0.8715529753265603,0.7837181044957473,0.4,0,226,1.6480941772460938
877,0.1942240057551131,valid,0.8125,0.8975054096044948,0.8732380067774634,0.8069458631256384,0.7601026298909558,0.8599419448476052,0.772782503037667,0.17500000000000002,0,226,1.6495163440704346
878,0.1931036757875462,valid,0.8257275132275133,0.9082342380790305,0.8879685904922268,0.8229761504870675,0.7661038148843027,0.8889695210449927,0.772782503037667,0.25,0,226,1.649904489517212
879,0.1943182978703051,valid,0.8171296296296297,0.9030415468206341,0.8829777248672013,0.8119687181230874,0.763915547024952,0.8664731494920174,0.775820170109356,0.45000000000000007,0,226,1.651925802230835
880,0.1993843414345566,valid,0.826058201058201,0.9104104245327107,0.8924414406583927,0.8212100611828688,0.7723785166240409,0.8766328011611031,0.7837181044957473,0.25,0,226,1.641984224319458
881,0.19186128767169253,valid,0.8227513227513228,0.9081187273718052,0.8920422468526183,0.8192852326365475,0.7651133501259446,0.8817126269956459,0.7733900364520049,0.25,0,226,1.6460356712341309
882,0.19427043503644514,valid,0.8247354497354498,0.9084965620133779,0.8895440669627761,0.8203389830508474,0.7697201017811705,0.8780841799709724,0.7800729040097205,0.30000000000000004,0,226,1.6445825099945068
883,0.19528255231526434,valid,0.8158068783068783,0.9029948134810696,0.8839715145174696,0.8054488298987077,0.7764309764309765,0.8367198838896952,0.7982989064398542,0.30000000000000004,0,226,1.652099609375
884,0.19512020507637334,valid,0.8293650793650794,0.9114703014035875,0.8950970082297566,0.8247282608695652,0.7752234993614304,0.8809869375907112,0.7861482381530984,0.30000000000000004,0,226,1.647289752960205
885,0.19959578465442268,valid,0.8115079365079365,0.9019236941558635,0.8792085931306681,0.8107569721115537,0.7472460220318238,0.886066763425254,0.7490886998784934,0.17500000000000002,0,226,1.651773452758789
886,0.19004221412600303,valid,0.8323412698412699,0.9122422832675245,0.8961634822390485,0.8224168126094571,0.7948544346648612,0.8519593613933236,0.81591737545565,0.325,0,226,1.6513557434082031
887,0.19273397037569356,valid,0.798941798941799,0.8971835667942868,0.8751001107416604,0.8039974210186976,0.7233178654292344,0.9049346879535559,0.7102065613608749,0.225,0,226,1.6496779918670654
888,0.19547185757938695,valid,0.8267195767195767,0.9097292640645308,0.8980434510177484,0.8147100424328148,0.7944827586206896,0.8359941944847605,0.818955042527339,0.30000000000000004,0,226,2.090876817703247
889,0.18983492741779406,valid,0.8277116402116402,0.9054267106606684,0.8865174950624088,0.8163553048995418,0.7936943111720356,0.8403483309143687,0.8171324422843257,0.375,0,226,1.6484241485595703
890,0.18723199835845403,valid,0.8217592592592593,0.9104501037832843,0.8912696276803254,0.8197927114677366,0.7600743955362679,0.8896952104499274,0.7648845686512759,0.225,0,226,1.647231101989746
891,0.1936205759340403,valid,0.8095238095238095,0.9017052378374282,0.8816202560261878,0.8078719146097398,0.7475308641975309,0.8788098693759071,0.7515188335358445,0.25,0,226,2.0965068340301514
892,0.19420109750056752,valid,0.8336640211640212,0.9117568737688411,0.8934561796113332,0.8225749559082892,0.8002745367192862,0.8461538461538461,0.8232077764277035,0.45000000000000007,0,226,2.096627950668335
893,0.19672323398444116,valid,0.8065476190476191,0.8992934007233968,0.877987129795524,0.8051948051948052,0.744,0.8773584905660378,0.74726609963548,0.225,0,226,2.099855661392212
894,0.19501599228503752,valid,0.8277116402116402,0.9124741864430992,0.8955692209102264,0.8201587849499482,0.7820934825543121,0.8621190130624092,0.798906439854192,0.4,0,226,2.0988247394561768
895,0.1923437973066252,valid,0.8310185185185185,0.9116206416752052,0.8933868525646709,0.8232445520581114,0.7865168539325843,0.8635703918722787,0.8037667071688943,0.5,0,226,2.0991554260253906
896,0.1914859754698617,valid,0.8227513227513228,0.9110166353053628,0.8938116899152202,0.8195286195286196,0.7644472361809045,0.8831640058055152,0.7721749696233293,0.275,0,226,2.091033458709717
897,0.18965528753339028,valid,0.826058201058201,0.9096648955024892,0.8899302659346628,0.8182446440912232,0.7810026385224275,0.8592162554426706,0.7982989064398542,0.275,0,226,2.0982184410095215
898,0.19657691735394148,valid,0.833994708994709,0.9139989718665296,0.8981133673156789,0.8229901269393513,0.8004115226337448,0.8468795355587808,0.8232077764277035,0.4,0,226,2.0924766063690186
899,0.18330329717422017,valid,0.8187830687830688,0.905378654679418,0.8849554131289973,0.8112947658402204,0.7719528178243774,0.8548621190130624,0.7885783718104495,0.42500000000000004,0,226,2.095280885696411
900,0.19327847416303595,valid,0.8346560846560847,0.9138669281382319,0.8953799420857811,0.8205312275664034,0.8117897727272727,0.8294629898403484,0.839003645200486,0.45000000000000007,0,226,2.0974576473236084
901,0.19788547650891908,valid,0.8406084656084656,0.917492288998972,0.9019369639120787,0.827734095782702,0.8154929577464789,0.8403483309143687,0.8408262454434994,0.475,0,226,2.0960183143615723
902,0.19489721588942469,valid,0.8035714285714286,0.8959923075159555,0.8804347962499292,0.804476629361422,0.736144578313253,0.8867924528301887,0.7339003645200486,0.35,0,226,2.094473361968994
903,0.200511669321936,valid,0.8240740740740741,0.911013990021991,0.8950645690173827,0.8184300341296928,0.7725515463917526,0.8701015965166908,0.7855407047387606,0.42500000000000004,0,226,2.094921588897705
904,0.19108802262617616,valid,0.8181216931216931,0.9039779771341705,0.8854131874863737,0.8096885813148789,0.7738095238095238,0.8490566037735849,0.7922235722964763,0.35,0,226,2.0847179889678955
905,0.18986474068797365,valid,0.828042328042328,0.9084277846457172,0.8897446272005497,0.8179271708683473,0.790257104194858,0.8476052249637155,0.8116646415552855,0.42500000000000004,0,226,2.096130609512329
906,0.19082157557107965,valid,0.830026455026455,0.9078795496669587,0.8874798698379331,0.819268635724332,0.7946793997271487,0.8454281567489115,0.8171324422843257,0.375,0,226,2.0932183265686035
907,0.19824731045839739,valid,0.8184523809523809,0.9058733226699023,0.8893242894706384,0.8123076923076923,0.7679379444085327,0.8621190130624092,0.7818955042527339,0.375,0,226,2.0976316928863525
908,0.19206130687071352,valid,0.8253968253968254,0.9081703103975507,0.8896862121378242,0.8152554233729881,0.7871621621621622,0.8454281567489115,0.8086269744835966,0.35,0,226,2.0886926651000977
909,0.19866983927026086,valid,0.8333333333333334,0.9162895668260305,0.8993551932206566,0.8251214434420542,0.7905585106382979,0.862844702467344,0.8086269744835966,0.35,0,226,2.0971951484680176
910,0.18466964546515016,valid,0.8293650793650794,0.9095564388842547,0.8915439884964323,0.8210818307905686,0.7861885790172642,0.8592162554426706,0.804374240583232,0.325,0,226,2.0934221744537354
911,0.19374611091857052,valid,0.8333333333333334,0.9067506749881404,0.8893685308583617,0.8185745140388769,0.8121428571428572,0.8251088534107403,0.8402187120291617,0.475,0,226,2.1018083095550537
912,0.19319906891608724,valid,0.830026455026455,0.9071274074283084,0.8886347626410113,0.8182461103253182,0.7979310344827586,0.839622641509434,0.8219927095990279,0.45000000000000007,0,226,2.093480348587036
913,0.18736800034435427,valid,0.8227513227513228,0.9106767163921157,0.8954877627969962,0.8163125428375599,0.7733766233766234,0.8642960812772134,0.7879708383961118,0.30000000000000004,0,226,2.1035830974578857
914,0.18915369924233885,valid,0.8392857142857143,0.9151423956038917,0.898942012161652,0.8211920529801324,0.8328358208955224,0.8098693759071117,0.8639125151883353,0.45000000000000007,0,226,2.0964815616607666
915,0.19568642791436644,valid,0.8386243386243386,0.9156075245967266,0.8976319256820846,0.8314917127071824,0.7931488801054019,0.8737300435413643,0.8092345078979344,0.25,0,226,2.0978639125823975
916,0.20075441988147036,valid,0.8197751322751323,0.9018145762167863,0.8796499271692342,0.8083010903974674,0.7843003412969284,0.8338171262699564,0.8080194410692588,0.35,0,226,2.0967087745666504
917,0.1896131330606889,valid,0.8148148148148148,0.9042261928905363,0.8830878715651317,0.8117014122394082,0.756265664160401,0.8759071117561683,0.7636695018226003,0.30000000000000004,0,226,2.095076560974121
918,0.19725411735018905,valid,0.8287037037037037,0.9092273215447749,0.890602802198009,0.8203883495145631,0.7855245683930943,0.8584905660377359,0.8037667071688943,0.5,0,226,2.0921690464019775
919,0.18744397954064973,valid,0.8167989417989417,0.9055444257707033,0.8892670741861894,0.8138440860215054,0.7578222778473092,0.8788098693759071,0.7648845686512759,0.2,0,226,2.09289288520813
920,0.19131253386030392,valid,0.8204365079365079,0.9021611083384623,0.8809637119239137,0.8162436548223351,0.7647431832593532,0.8751814223512336,0.7746051032806804,0.225,0,226,2.095163106918335
921,0.1940396793034612,valid,0.832010582010582,0.9109480783779828,0.8951734682544522,0.8172661870503597,0.8102710413694721,0.8243831640058055,0.8383961117861483,0.45000000000000007,0,226,2.090585231781006
922,0.19244982727936336,valid,0.8263888888888888,0.908051713526392,0.889631730294104,0.819525610175318,0.7785760940561725,0.865021770682148,0.7940461725394897,0.275,0,226,2.0963540077209473
923,0.1962859484614158,valid,0.8187830687830688,0.9061074302482862,0.8883288266296439,0.8125854993160054,0.7684346701164295,0.8621190130624092,0.7825030376670717,0.30000000000000004,0,226,2.094147205352783
924,0.18699234267886805,valid,0.8207671957671958,0.9010196685636289,0.8741855033569242,0.8121968121968122,0.7771883289124668,0.8505079825834543,0.795868772782503,0.275,0,226,2.1020562648773193
925,0.19515437556772816,valid,0.8217592592592593,0.906834001414345,0.8849086615264435,0.8166042871725077,0.7687379884689302,0.8708272859216255,0.7806804374240583,0.17500000000000002,0,226,2.0994112491607666
926,0.19027835404386326,valid,0.8227513227513228,0.9046758910637038,0.881489135620616,0.8185511171293162,0.7671319796954315,0.8773584905660378,0.7770352369380316,0.275,0,226,2.1030685901641846
927,0.18832282205017245,valid,0.8154761904761905,0.9055369308011506,0.8836351467147213,0.8109756097560976,0.7604828462515884,0.8686502177068215,0.7709599027946537,0.42500000000000004,0,226,2.0989038944244385
928,0.194612518865235,valid,0.8240740740740741,0.908120490894053,0.8890619146854175,0.8134642356241234,0.7869742198100407,0.841799709724238,0.8092345078979344,0.35,0,226,2.101497173309326
929,0.19767879405800176,valid,0.8161375661375662,0.9118424045978553,0.8915321512290841,0.8183006535947712,0.7443519619500595,0.9085631349782293,0.7387606318347509,0.17500000000000002,0,226,2.143523693084717
930,0.19155451807440543,valid,0.8283730158730159,0.9113777164855823,0.889608765032682,0.8247213779128673,0.7713202779532533,0.886066763425254,0.7800729040097205,0.375,0,226,2.087392568588257
931,0.19045002423987098,valid,0.8333333333333334,0.9134564683350761,0.8975768033929352,0.8217821782178217,0.8013793103448276,0.8432510885341074,0.8250303766707169,0.5,0,226,2.1059818267822266
932,0.19360121415585888,valid,0.8263888888888888,0.9077874056295158,0.8873049244599015,0.8187780462547463,0.7807768268597761,0.8606676342525399,0.7976913730255164,0.4,0,226,2.181015968322754
933,0.18679970107516464,valid,0.8323412698412699,0.9126802981058006,0.8945935643248734,0.825353083017568,0.7855737704918033,0.8693759071117562,0.8013365735115431,0.275,0,226,2.097672700881958
934,0.1905814625170766,valid,0.8247354497354498,0.9113715441577154,0.8923601729944198,0.8182441700960219,0.7756827048114434,0.8657474600870827,0.7904009720534629,0.375,0,226,2.1221976280212402
935,0.18821423303107826,valid,0.8167989417989417,0.9057128421453602,0.885891268350132,0.8152101400933957,0.754320987654321,0.8867924528301887,0.7582017010935601,0.25,0,226,2.1622724533081055
936,0.1851646231145275,valid,0.8336640211640212,0.9059689937518408,0.8809381442824491,0.8197778573987818,0.8096249115357396,0.8301886792452831,0.8365735115431349,0.6,0,226,2.0924503803253174
937,0.18434765493991423,valid,0.8257275132275133,0.9103621481111794,0.8910460929574009,0.8204429301533219,0.7732819524727039,0.8737300435413643,0.7855407047387606,0.30000000000000004,0,226,2.117147445678711
938,0.19132187871300443,valid,0.8303571428571429,0.9080944789408991,0.8866489053322533,0.8189198729262266,0.7972508591065293,0.841799709724238,0.8207776427703524,0.25,0,226,2.0896475315093994
939,0.19669537459100997,valid,0.8095238095238095,0.8986433223348329,0.8752423481916609,0.8082556591211718,0.7466174661746617,0.8809869375907112,0.7496962332928311,0.225,0,226,2.0951130390167236
940,0.19300757318126913,valid,0.8296957671957672,0.9091547966923377,0.8898309624537817,0.823327615780446,0.7807417046193884,0.8708272859216255,0.7952612393681653,0.2,0,226,2.0940377712249756
941,0.18659091178251772,valid,0.8244047619047619,0.9109143510149952,0.8919650562551866,0.8195718654434251,0.7706070287539936,0.8751814223512336,0.7818955042527339,0.42500000000000004,0,226,2.1050777435302734
942,0.18497635819474045,valid,0.8336640211640212,0.911948215932718,0.8922539601698748,0.8252865578325808,0.7914723517654897,0.8621190130624092,0.8098420413122722,0.30000000000000004,0,226,2.0924277305603027
943,0.18279701288865538,valid,0.8273809523809523,0.9101899842517464,0.8894650209965176,0.8213552361396304,0.7772020725388601,0.8708272859216255,0.7910085054678008,0.275,0,226,2.104297399520874
944,0.20172736231161623,valid,0.8359788359788359,0.9122960706960798,0.8957144602692811,0.8249823570924488,0.8028846153846154,0.8483309143686503,0.8256379100850547,0.275,0,226,2.0910592079162598
945,0.18954714737376388,valid,0.8015873015873016,0.9046648690496556,0.8847523188713485,0.8075689544579859,0.7235632183908046,0.9136429608127722,0.7077764277035237,0.17500000000000002,0,226,2.0929713249206543
946,0.19124021517987155,valid,0.8029100529100529,0.8921191717794116,0.8637834416573857,0.8010680907877169,0.7416563658838071,0.8708272859216255,0.7460510328068044,0.25,0,226,2.103966236114502
947,0.19060032145709407,valid,0.8250661375661376,0.91137948000783,0.892376243233059,0.8218255304816436,0.7668133249528598,0.8853410740203193,0.7746051032806804,0.25,0,226,2.0986013412475586
948,0.18955427012881454,valid,0.8336640211640212,0.9088580840741596,0.8891840342960572,0.8199069101324741,0.8091872791519434,0.8309143686502177,0.8359659781287971,0.375,0,226,2.0988199710845947
949,0.19630221870480752,valid,0.8217592592592593,0.9085911308939117,0.8870567142642469,0.8199131306381557,0.7597523219814242,0.8904208998548622,0.764277035236938,0.225,0,226,2.3794589042663574
950,0.19188894483507896,valid,0.8237433862433863,0.9042226658460409,0.8832709604594557,0.8142209829208783,0.7833668678739101,0.8476052249637155,0.8037667071688943,0.625,0,226,2.0911736488342285
951,0.19331651956451182,valid,0.8287037037037037,0.9087427938072152,0.888294685103614,0.8177339901477833,0.7937158469945356,0.8432510885341074,0.8165249088699879,0.35,0,226,2.103818893432617
952,0.1864601449698818,valid,0.8333333333333334,0.9137567079977497,0.898508326355657,0.8251214434420542,0.7905585106382979,0.862844702467344,0.8086269744835966,0.375,0,226,2.143120527267456
953,0.18865603056489205,valid,0.8177910052910053,0.9001163042922367,0.8727038810366705,0.8101963486048915,0.7711475409836066,0.8534107402031931,0.7879708383961118,0.35,0,226,2.0951852798461914
954,0.19196133741310664,valid,0.8273809523809523,0.904272044468977,0.8826640976847508,0.8131710808876164,0.8022598870056498,0.8243831640058055,0.8298906439854192,0.42500000000000004,0,226,2.104388952255249
955,0.1809292155869153,valid,0.8373015873015873,0.9094572407578208,0.8885989245465081,0.820830298616169,0.8238304093567251,0.8178519593613933,0.8535844471445929,0.525,0,226,2.178633689880371
956,0.19224725663661957,valid,0.8277116402116402,0.9100731509028351,0.8866196836912746,0.8227288193263015,0.7745035233824471,0.8773584905660378,0.7861482381530984,0.325,0,226,2.094370126724243
957,0.19211843214472946,valid,0.8154761904761905,0.9001718552430398,0.874313810337212,0.8094262295081968,0.7645161290322581,0.8599419448476052,0.7782503037667071,0.275,0,226,2.1037065982818604
958,0.18911317994399945,valid,0.8316798941798942,0.9100709465000255,0.8912677809063698,0.8234477974332293,0.7887043189368771,0.8613933236574746,0.8068043742405833,0.225,0,226,2.1826155185699463
959,0.1903785585748906,valid,0.8306878306878307,0.9073366052549436,0.8867779644855813,0.8186968838526912,0.7994467496542186,0.8388969521044993,0.8238153098420413,0.35,0,226,2.092463254928589
960,0.1880845272419404,valid,0.833994708994709,0.9103557553430315,0.8916269256481274,0.8217329545454546,0.8045897079276774,0.839622641509434,0.8292831105710814,0.42500000000000004,0,226,2.122596502304077
961,0.19068458767569796,valid,0.8257275132275133,0.9085322733388943,0.8926985895539751,0.8143712574850299,0.7912388774811773,0.8388969521044993,0.8147023086269745,0.325,0,226,2.095428943634033
962,0.19050977759215296,valid,0.8244047619047619,0.9079287078496138,0.8896463909570902,0.8187094571526118,0.7730496453900709,0.8701015965166908,0.7861482381530984,0.225,0,226,2.0936388969421387
963,0.1934475670663678,valid,0.8287037037037037,0.9111184787151684,0.8964134424499514,0.8186274509803921,0.7909336941813261,0.8483309143686503,0.8122721749696233,0.42500000000000004,0,226,2.1029891967773438
964,0.1888743511268071,valid,0.8263888888888888,0.9081795688893514,0.8894147742873592,0.81700941094458,0.7860496311200537,0.8505079825834543,0.8061968408262454,0.4,0,226,2.095513343811035
965,0.18653835341030237,valid,0.8273809523809523,0.9106467365139046,0.8918322946294831,0.8217213114754098,0.7761290322580645,0.8730043541364296,0.7891859052247874,0.2,0,226,2.0968732833862305
966,0.18793759601456778,valid,0.8158068783068783,0.9082240978261061,0.8889525764169461,0.8146422628951747,0.7523048555623848,0.888243831640058,0.7551640340218712,0.35,0,226,2.0986087322235107
967,0.1955943423874524,valid,0.8181216931216931,0.9079181267161276,0.8891009030441194,0.8144399460188934,0.7610340479192939,0.8759071117561683,0.7697448359659781,0.275,0,226,2.096048355102539
968,0.18580151090816577,valid,0.8244047619047619,0.900578347121138,0.8770540226839495,0.812830454705675,0.7902673063742289,0.8367198838896952,0.8140947752126367,0.325,0,226,2.096688747406006
969,0.18609287209656775,valid,0.8171296296296297,0.9074538794844166,0.887005822522584,0.8183908045977012,0.7474505098980204,0.9042089985486212,0.744228432563791,0.17500000000000002,0,226,2.1280534267425537
970,0.18683088874938536,valid,0.8118386243386243,0.902564954933189,0.8838246010829158,0.8107748586631194,0.7483118477593615,0.8846153846153846,0.7509113001215066,0.2,0,226,2.1019599437713623
971,0.2029678286338339,valid,0.8181216931216931,0.8991353450419455,0.8818521763983477,0.8083623693379791,0.7774798927613941,0.841799709724238,0.7982989064398542,0.325,0,226,2.097804546356201
972,0.18889165806527042,valid,0.8293650793650794,0.9098447747717562,0.8899267971209868,0.8190743338008415,0.7924016282225237,0.8476052249637155,0.8140947752126367,0.225,0,226,2.0929648876190186
973,0.19200788772836022,valid,0.8230820105820106,0.9092174017321316,0.8902468835959346,0.8172189955585925,0.7721110393802453,0.8679245283018868,0.7855407047387606,0.30000000000000004,0,226,2.1012842655181885
974,0.19024381132758394,valid,0.8273809523809523,0.9082633361961178,0.8912136516887215,0.815547703180212,0.7947658402203857,0.8374455732946299,0.818955042527339,0.30000000000000004,0,226,2.1030280590057373
975,0.1948331126144954,valid,0.8227513227513228,0.899570935037131,0.8791402708409951,0.8127183787561146,0.7836927223719676,0.8439767779390421,0.8049817739975699,0.475,0,226,2.10221266746521
976,0.1928930188320121,valid,0.8134920634920635,0.8984603569016324,0.8726487879315815,0.8111185532484929,0.7531094527363185,0.8788098693759071,0.758809234507898,0.2,0,226,2.1059327125549316
977,0.19187198944237768,valid,0.8293650793650794,0.9063926799718542,0.8822283577672752,0.8165007112375533,0.800557880055788,0.8330914368650217,0.8262454434993924,0.55,0,226,2.1007957458496094
978,0.18669165397176937,valid,0.8214285714285714,0.9036499619960955,0.8840070974277647,0.8115840893230984,0.7815860215053764,0.8439767779390421,0.8025516403402188,0.35,0,226,2.112687826156616
979,0.18784529366055314,valid,0.8207671957671958,0.905293123850404,0.8823040223835243,0.8163956639566395,0.7655654383735705,0.874455732946299,0.775820170109356,0.275,0,226,2.1036198139190674
980,0.18753920008941571,valid,0.8224206349206349,0.9095467395118924,0.8938324194639792,0.8162846390694491,0.772168284789644,0.8657474600870827,0.7861482381530984,0.275,0,226,2.1127066612243652
981,0.1870450891402303,valid,0.833994708994709,0.9161083649150776,0.9009030558474372,0.8216062544420754,0.8050139275766016,0.8388969521044993,0.8298906439854192,0.45000000000000007,0,226,2.108147621154785
982,0.19127544122082846,valid,0.8296957671957672,0.910890543464651,0.8965934796592153,0.8154783231816554,0.805378627034678,0.8258345428156749,0.8329283110571082,0.4,0,226,2.106215476989746
983,0.19784422340441724,valid,0.8237433862433863,0.9095335130950344,0.8891802463085672,0.8169014084507042,0.7756033920417482,0.862844702467344,0.7910085054678008,0.25,0,226,2.107131242752075
984,0.19451537089688437,valid,0.8359788359788359,0.9104501037832842,0.8917350212005292,0.8228571428571428,0.810126582278481,0.8359941944847605,0.8359659781287971,0.325,0,226,2.106009006500244
985,0.19136340490409307,valid,0.8187830687830688,0.90499508859054,0.8800590449528156,0.8179401993355482,0.7542892156862745,0.8933236574746009,0.7563791008505468,0.275,0,226,2.1063663959503174
986,0.19162657492014826,valid,0.8273809523809523,0.908305219849501,0.8885415250976563,0.8179916317991632,0.7872483221476511,0.851233671988389,0.807411907654921,0.375,0,226,2.10746693611145
987,0.1938361589397703,valid,0.8207671957671958,0.9061008170398572,0.8864244953633407,0.8160217243720299,0.7665816326530612,0.872278664731495,0.7776427703523694,0.30000000000000004,0,226,2.1518735885620117
988,0.1890589819878948,valid,0.8283730158730159,0.9106251333663701,0.8933546636084705,0.8237691001697793,0.7740906190172304,0.8802612481857764,0.7849331713244229,0.30000000000000004,0,226,2.1071457862854004
989,0.19015505271298544,valid,0.8210978835978836,0.901253335261451,0.8804026659465689,0.8113010115102895,0.781061114842176,0.8439767779390421,0.8019441069258809,0.475,0,226,2.1195859909057617
990,0.18095444355692183,valid,0.8230820105820106,0.9053460295178355,0.8880354054071474,0.8159614723082216,0.7756703727926749,0.8606676342525399,0.7916160388821385,0.30000000000000004,0,226,2.1835224628448486
991,0.18650537638031706,valid,0.832010582010582,0.9112890994926347,0.891929309861371,0.822501747030049,0.7931266846361186,0.8541364296081277,0.8134872417982989,0.275,0,226,2.1115241050720215
992,0.18683526102377443,valid,0.8207671957671958,0.9067123183792525,0.8832045310246144,0.8179986568166555,0.76125,0.8838896952104499,0.7679222357229648,0.30000000000000004,0,226,2.177870988845825
993,0.18453420577000598,valid,0.833994708994709,0.9086636557463492,0.8906049258644145,0.8227401129943502,0.8012379642365888,0.8454281567489115,0.824422843256379,0.6,0,226,2.1391851902008057
994,0.1873341762289709,valid,0.8214285714285714,0.9102689018723316,0.8906484472304668,0.8179366149696561,0.7638539042821159,0.8802612481857764,0.7721749696233293,0.35,0,226,2.1210272312164307
995,0.18529286646113105,valid,0.8296957671957672,0.9111325868931499,0.8945875370489339,0.819614711033275,0.7921462423832092,0.8490566037735849,0.8134872417982989,0.4,0,226,2.145325183868408
996,0.18773534224957836,valid,0.8290343915343915,0.909542110265992,0.8926680335575802,0.8232478632478633,0.7782805429864253,0.8737300435413643,0.7916160388821385,0.325,0,226,2.109332799911499
997,0.18670582740890737,valid,0.8267195767195767,0.903672006024192,0.8860659200694563,0.8106936416184971,0.8071942446043165,0.8142235123367199,0.8371810449574727,0.475,0,226,2.1093316078186035
998,0.18365322631232592,valid,0.832010582010582,0.9063331610959937,0.8878597621292589,0.8168709444844989,0.8116045845272206,0.8222060957910015,0.8402187120291617,0.5750000000000001,0,226,2.1236460208892822
999,0.18717420192397372,valid,0.8296957671957672,0.9070500328896899,0.8896431038992242,0.8176991150442477,0.7982031789910159,0.8381712626995645,0.8226002430133658,0.4,0,226,2.117842435836792
1000,0.184961735289924,valid,0.8210978835978836,0.9033810248533192,0.88557148711565,0.813126079447323,0.7758734344100198,0.8541364296081277,0.7934386391251519,0.275,0,226,2.114388942718506
