tissue,variant,editing_level,score
MuscleSkeletal,baseline,2.08816705336427,0.733176052570343
MuscleSkeletal,baseline,5.32687651331719,0.023575924336910248
MuscleSkeletal,baseline,12.4700239808153,0.027686098590493202
MuscleSkeletal,baseline,5.49682875264271,0.003310159547254443
MuscleSkeletal,baseline,1.99275362318841,0.00886482559144497
MuscleSkeletal,baseline,1.85185185185185,0.03329877555370331
MuscleSkeletal,baseline,1.27041742286751,0.019449876621365547
MuscleSkeletal,baseline,4.11214953271028,0.04715081304311752
MuscleSkeletal,baseline,10.3896103896104,0.9621689915657043
MuscleSkeletal,baseline,2.53411306042885,0.8324306011199951
MuscleSkeletal,baseline,1.4018691588785,0.1761736124753952
MuscleSkeletal,baseline,2.13143872113677,0.004690863657742739
MuscleSkeletal,baseline,1.40350877192982,0.02038927748799324
MuscleSkeletal,baseline,4.33275563258232,0.021846402436494827
MuscleSkeletal,baseline,2.82186948853616,0.02636323869228363
MuscleSkeletal,baseline,2.33812949640288,0.17333655059337616
MuscleSkeletal,baseline,8.16696914700544,0.6713263392448425
MuscleSkeletal,baseline,4.53563714902808,0.006176644470542669
MuscleSkeletal,baseline,3.54767184035477,0.47696560621261597
MuscleSkeletal,baseline,12.5,0.39607691764831543
MuscleSkeletal,baseline,2.6378896882494,0.3117765784263611
MuscleSkeletal,baseline,2.59836674090572,0.9236664175987244
MuscleSkeletal,baseline,5.45171339563863,0.4949832558631897
MuscleSkeletal,baseline,4.22322775263952,0.43164047598838806
MuscleSkeletal,baseline,1.15440115440115,0.13065463304519653
MuscleSkeletal,baseline,4.67219291635268,0.7532317638397217
MuscleSkeletal,baseline,7.19723183391004,0.758412778377533
MuscleSkeletal,baseline,3.53430353430353,0.7146813273429871
MuscleSkeletal,baseline,2.25409836065574,0.6921365261077881
MuscleSkeletal,baseline,5.24861878453039,0.6824162006378174
MuscleSkeletal,baseline,3.68600682593857,0.761934220790863
MuscleSkeletal,baseline,2.34875444839858,0.7001368403434753
MuscleSkeletal,baseline,1.42045454545455,0.5849530100822449
MuscleSkeletal,baseline,1.2472487160675,0.5917196273803711
MuscleSkeletal,baseline,1.39194139194139,0.4841388463973999
MuscleSkeletal,baseline,1.94664744051911,0.8980758786201477
MuscleSkeletal,baseline,3.09050772626932,0.802558422088623
MuscleSkeletal,baseline,2.2238695329874,0.06625255942344666
MuscleSkeletal,baseline,1.68869309838473,0.42271772027015686
MuscleSkeletal,baseline,1.09204368174727,0.0819285586476326
MuscleSkeletal,baseline,8.43558282208589,0.41321897506713867
MuscleSkeletal,baseline,1.04555638536221,0.049546945840120316
MuscleSkeletal,baseline,5.82166543846721,0.4391711354255676
MuscleSkeletal,baseline,10.7828655834564,0.9248871207237244
MuscleSkeletal,baseline,12.6652748782185,0.16499637067317963
MuscleSkeletal,baseline,1.83356840620592,0.04317858815193176
MuscleSkeletal,baseline,1.66163141993958,0.005021440330892801
MuscleSkeletal,baseline,1.1014948859166,0.0020646534394472837
MuscleSkeletal,baseline,1.7948717948718,0.001152760349214077
MuscleSkeletal,baseline,1.22824974411464,0.001803045510314405
MuscleSkeletal,baseline,1.88205771643664,0.00040299317333847284
MuscleSkeletal,baseline,7.68292682926829,6.732162000844255e-05
MuscleSkeletal,baseline,6.61764705882353,0.16443541646003723
MuscleSkeletal,baseline,1.53061224489796,0.05597458407282829
MuscleSkeletal,baseline,5.01453488372093,0.447068452835083
MuscleSkeletal,baseline,6.69344042838019,0.6901365518569946
MuscleSkeletal,baseline,8.1578947368421,0.5886343717575073
MuscleSkeletal,baseline,10.5050505050505,0.6911398768424988
MuscleSkeletal,baseline,6.03048376408217,0.09259939193725586
MuscleSkeletal,baseline,6.64718772826881,0.902386486530304
MuscleSkeletal,baseline,1.59151193633952,0.7319420576095581
MuscleSkeletal,baseline,3.98496240601504,0.33009961247444153
MuscleSkeletal,baseline,1.43540669856459,0.5081626176834106
MuscleSkeletal,baseline,9.84990619136961,0.8428609371185303
MuscleSkeletal,baseline,3.3129904097646,0.3412169814109802
MuscleSkeletal,baseline,2.28198859005705,0.4484877288341522
MuscleSkeletal,baseline,1.39082058414465,0.26199403405189514
MuscleSkeletal,baseline,3.35443037974684,0.4420347213745117
MuscleSkeletal,baseline,4.79539641943734,0.42963799834251404
MuscleSkeletal,baseline,5.58312655086849,0.44905510544776917
MuscleSkeletal,baseline,1.11329404060249,0.02855440229177475
MuscleSkeletal,baseline,14.7887323943662,0.3001415729522705
MuscleSkeletal,baseline,1.33333333333333,0.2509206235408783
MuscleSkeletal,baseline,1.98675496688742,0.3927243649959564
MuscleSkeletal,baseline,1.82926829268293,0.8844017386436462
MuscleSkeletal,baseline,3.03030303030303,0.6376251578330994
MuscleSkeletal,baseline,4.32098765432099,0.6293662190437317
MuscleSkeletal,baseline,1.85185185185185,0.37293505668640137
MuscleSkeletal,baseline,1.76470588235294,0.21372896432876587
MuscleSkeletal,baseline,4.65116279069768,0.2631087005138397
MuscleSkeletal,baseline,4.96894409937888,0.020073557272553444
MuscleSkeletal,baseline,2.46913580246914,0.041630715131759644
MuscleSkeletal,baseline,2.08333333333333,0.16468873620033264
MuscleSkeletal,baseline,7.75862068965517,0.3519563674926758
MuscleSkeletal,baseline,2.77777777777778,0.6971267461776733
MuscleSkeletal,baseline,1.81818181818182,0.08453842997550964
MuscleSkeletal,baseline,5.45454545454545,0.21697533130645752
MuscleSkeletal,baseline,3.96039603960396,0.07202301174402237
MuscleSkeletal,baseline,1.72413793103448,0.04710590839385986
MuscleSkeletal,baseline,1.5625,0.15826940536499023
MuscleSkeletal,baseline,5.34351145038168,0.09851010888814926
MuscleSkeletal,baseline,8.21917808219178,0.10089722275733948
MuscleSkeletal,baseline,1.37931034482759,0.20319484174251556
MuscleSkeletal,baseline,4.66666666666667,0.7608118057250977
MuscleSkeletal,baseline,6.91823899371069,0.792054295539856
MuscleSkeletal,baseline,6.94444444444445,0.9464371204376221
MuscleSkeletal,baseline,2.85714285714286,0.04352933168411255
MuscleSkeletal,baseline,14.0740740740741,0.7613641619682312
MuscleSkeletal,baseline,2.75229357798165,0.27605506777763367
MuscleSkeletal,baseline,4.34782608695652,0.8620074391365051
MuscleSkeletal,baseline,5.51181102362205,0.2649703621864319
MuscleSkeletal,baseline,5.92592592592593,0.6673182845115662
MuscleSkeletal,baseline,9.21985815602837,0.4997696876525879
MuscleSkeletal,baseline,2.96296296296296,0.29998359084129333
MuscleSkeletal,baseline,1.28205128205128,0.21212135255336761
MuscleSkeletal,baseline,1.40845070422535,0.04613932594656944
MuscleSkeletal,baseline,13.1386861313869,0.2063341736793518
MuscleSkeletal,baseline,1.16279069767442,0.6334059238433838
MuscleSkeletal,baseline,1.19760479041916,0.3392240107059479
MuscleSkeletal,baseline,4.40251572327044,0.7204933762550354
MuscleSkeletal,baseline,5.35714285714286,0.8191515207290649
MuscleSkeletal,baseline,1.79640718562874,0.886893630027771
MuscleSkeletal,baseline,14.5251396648045,0.8635974526405334
MuscleSkeletal,baseline,5.64971751412429,0.8199629783630371
MuscleSkeletal,baseline,2.51572327044025,0.34917208552360535
MuscleSkeletal,baseline,11.5384615384615,0.8659482002258301
MuscleSkeletal,baseline,4.59770114942529,0.9200604557991028
MuscleSkeletal,baseline,6.25,0.18076740205287933
MuscleSkeletal,baseline,13.1313131313131,0.011554020456969738
MuscleSkeletal,baseline,2.68817204301075,0.36877164244651794
MuscleSkeletal,baseline,5.52763819095477,0.48623916506767273
MuscleSkeletal,baseline,1.00502512562814,0.4601706862449646
MuscleSkeletal,baseline,1.27659574468085,0.023687005043029785
MuscleSkeletal,baseline,5.26315789473684,0.08819721639156342
MuscleSkeletal,baseline,6.32183908045977,0.0143668781965971
MuscleSkeletal,baseline,3.01204819277108,0.4923010468482971
MuscleSkeletal,baseline,1.24223602484472,0.06969063729047775
MuscleSkeletal,baseline,1.82926829268293,0.0659751445055008
MuscleSkeletal,baseline,1.85185185185185,0.038769446313381195
MuscleSkeletal,baseline,4.29447852760736,0.38525325059890747
MuscleSkeletal,baseline,3.35570469798658,0.05867437645792961
MuscleSkeletal,baseline,2.92397660818713,0.21579936146736145
MuscleSkeletal,baseline,7.78443113772455,0.25060343742370605
MuscleSkeletal,baseline,5.64971751412429,0.15946128964424133
MuscleSkeletal,baseline,3.46820809248555,0.32724517583847046
MuscleSkeletal,baseline,2.33918128654971,0.3107282817363739
MuscleSkeletal,baseline,3.42857142857143,0.6310701966285706
MuscleSkeletal,baseline,8.75,0.9125795960426331
MuscleSkeletal,baseline,2.98507462686567,0.22111010551452637
MuscleSkeletal,baseline,5.76923076923077,0.7925823926925659
MuscleSkeletal,baseline,1.68067226890756,0.46505293250083923
MuscleSkeletal,baseline,1.8018018018018,0.03350217640399933
MuscleSkeletal,baseline,1.41530296329058,0.0011478946544229984
MuscleSkeletal,baseline,5.35624052551794,0.45436108112335205
MuscleSkeletal,baseline,4.67741935483871,0.9226974844932556
MuscleSkeletal,baseline,3.13084112149533,0.7533045411109924
MuscleSkeletal,baseline,4.28106095858539,0.8059452772140503
MuscleSkeletal,baseline,1.51278038601982,0.9668198823928833
MuscleSkeletal,baseline,1.06044538706257,0.9533281326293945
MuscleSkeletal,baseline,3.36613153806318,0.9649108648300171
MuscleSkeletal,baseline,8.0446271285966,0.8875568509101868
MuscleSkeletal,baseline,3.57575757575758,0.5286340713500977
MuscleSkeletal,baseline,2.25515463917526,0.8679510354995728
MuscleSkeletal,baseline,5.59334845049131,0.9086955785751343
MuscleSkeletal,baseline,1.02812216510432,0.6415785551071167
MuscleSkeletal,baseline,1.4519056261343,0.7965959906578064
MuscleSkeletal,baseline,2.18700475435816,0.9080437421798706
MuscleSkeletal,baseline,3.61872784928185,0.8658938407897949
MuscleSkeletal,baseline,1.65809033733562,0.14300090074539185
MuscleSkeletal,baseline,3.74304501770359,0.5873984694480896
MuscleSkeletal,baseline,5.62334217506631,0.28766492009162903
MuscleSkeletal,baseline,2.7536591416522,0.4317690134048462
MuscleSkeletal,baseline,2.082336045955,0.7318649888038635
MuscleSkeletal,baseline,3.22416857070322,0.8698347210884094
MuscleSkeletal,baseline,2.59914855478378,0.8975493907928467
MuscleSkeletal,baseline,2.13675213675214,0.896551251411438
MuscleSkeletal,baseline,2.5990626331487,0.9247909188270569
MuscleSkeletal,baseline,1.39636943945741,0.6678593158721924
MuscleSkeletal,baseline,2.17391304347826,0.8698189854621887
MuscleSkeletal,baseline,2.11534179470051,0.39186161756515503
MuscleSkeletal,baseline,1.37142857142857,0.331452876329422
MuscleSkeletal,baseline,3.10077519379845,0.7008996605873108
MuscleSkeletal,baseline,7.03125,0.7508699297904968
MuscleSkeletal,baseline,8.82352941176471,0.7312009930610657
MuscleSkeletal,baseline,2.36220472440945,0.9016212821006775
MuscleSkeletal,baseline,3.92156862745098,0.8292242288589478
MuscleSkeletal,baseline,1.79640718562874,0.6049586534500122
MuscleSkeletal,baseline,1.11111111111111,0.2088857740163803
MuscleSkeletal,baseline,1.08108108108108,0.03211727365851402
MuscleSkeletal,baseline,1.57068062827225,0.030811898410320282
MuscleSkeletal,baseline,2.5,0.011362956836819649
MuscleSkeletal,baseline,3.46820809248555,0.4703632593154907
MuscleSkeletal,baseline,3.7037037037037,0.38196149468421936
MuscleSkeletal,baseline,1.48148148148148,0.20616856217384338
MuscleSkeletal,baseline,2.47933884297521,0.7564907670021057
MuscleSkeletal,baseline,2.20588235294118,0.03537478670477867
MuscleSkeletal,baseline,4.44444444444444,0.30571335554122925
MuscleSkeletal,baseline,1.40845070422535,0.8389639258384705
MuscleSkeletal,baseline,4.13793103448276,0.9298189282417297
MuscleSkeletal,baseline,2.96296296296296,0.7925385236740112
MuscleSkeletal,baseline,11.1940298507463,0.6972482800483704
MuscleSkeletal,baseline,6.87022900763359,0.5431582927703857
MuscleSkeletal,baseline,9.35251798561151,0.483234167098999
MuscleSkeletal,baseline,3.54609929078014,0.46731847524642944
MuscleSkeletal,baseline,1.37931034482759,0.27591776847839355
MuscleSkeletal,baseline,1.41843971631206,0.2945652902126312
MuscleSkeletal,baseline,6.04026845637584,0.8843681812286377
MuscleSkeletal,baseline,4.80769230769231,0.8853356242179871
MuscleSkeletal,baseline,1.9047619047619,0.8241172432899475
MuscleSkeletal,baseline,1.3953488372093,0.23938097059726715
MuscleSkeletal,baseline,4.83091787439614,0.33356422185897827
MuscleSkeletal,baseline,3.44827586206897,0.9388277530670166
MuscleSkeletal,baseline,2.06896551724138,0.1568993479013443
MuscleSkeletal,baseline,6.71140939597315,0.5854340195655823
MuscleSkeletal,baseline,3.44827586206897,0.14038248360157013
MuscleSkeletal,baseline,1.12201963534362,0.4955708980560303
MuscleSkeletal,baseline,1.25560538116592,0.612817108631134
MuscleSkeletal,baseline,3.99290150842946,0.4468373954296112
MuscleSkeletal,baseline,4.921875,0.10165026038885117
MuscleSkeletal,baseline,5.31757754800591,0.3511858582496643
MuscleSkeletal,baseline,1.05448154657293,0.5505260229110718
MuscleSkeletal,baseline,13.4398496240602,0.8800882697105408
MuscleSkeletal,baseline,2.11327134404057,0.831829845905304
MuscleSkeletal,baseline,1.14035087719298,0.15349949896335602
MuscleSkeletal,baseline,2.62045646661031,0.44640427827835083
MuscleSkeletal,baseline,1.00671140939597,0.5401790738105774
MuscleSkeletal,baseline,1.8018018018018,0.8580319881439209
MuscleSkeletal,baseline,1.19760479041916,0.5249714255332947
MuscleSkeletal,baseline,3.45438441098317,0.6748459339141846
MuscleSkeletal,baseline,1.96548418024928,0.6151421070098877
MuscleSkeletal,baseline,1.51380231522707,0.3267068862915039
MuscleSkeletal,baseline,3.20219579139982,0.2621067762374878
MuscleSkeletal,baseline,4.08438061041293,0.7122600674629211
MuscleSkeletal,baseline,6.18800188946623,0.637481153011322
MuscleSkeletal,baseline,4.93079584775087,0.7333755493164062
MuscleSkeletal,baseline,5.53077609277431,0.7248870730400085
MuscleSkeletal,baseline,1.14394661582459,0.42298072576522827
MuscleSkeletal,baseline,1.16913484021824,0.36941051483154297
MuscleSkeletal,baseline,1.65242165242165,0.7975223660469055
MuscleSkeletal,baseline,4.92997198879552,0.7540991306304932
MuscleSkeletal,baseline,1.17395944503735,0.06474301218986511
MuscleSkeletal,baseline,1.02899906454631,0.2176375538110733
MuscleSkeletal,baseline,4.34782608695652,0.3705652356147766
MuscleSkeletal,baseline,13.9771283354511,0.8148409724235535
MuscleSkeletal,baseline,2.697967764541,0.575686514377594
MuscleSkeletal,baseline,3.2314107018763,0.6272860765457153
MuscleSkeletal,baseline,3.29985652797704,0.6021372675895691
MuscleSkeletal,baseline,2.30556409468183,0.7316763401031494
MuscleSkeletal,baseline,10.4959630911188,0.43011558055877686
MuscleSkeletal,baseline,5.00178635226867,0.04020852595567703
MuscleSkeletal,baseline,1.55882352941176,0.0465872548520565
MuscleSkeletal,baseline,10.3944315545244,0.6667217016220093
MuscleSkeletal,baseline,2.13507625272331,0.4015699625015259
MuscleSkeletal,baseline,8.27814569536424,0.83372962474823
MuscleSkeletal,baseline,7.72292993630573,0.8525729775428772
MuscleSkeletal,baseline,3.84771162413933,0.5198503136634827
MuscleSkeletal,baseline,1.39737991266376,0.35434964299201965
MuscleSkeletal,baseline,1.0,0.20252227783203125
MuscleSkeletal,baseline,1.15532734274711,0.356321781873703
MuscleSkeletal,baseline,12.6237623762376,0.7129088044166565
MuscleSkeletal,baseline,2.31990231990232,0.37432631850242615
MuscleSkeletal,baseline,1.80758017492711,0.3514676094055176
MuscleSkeletal,baseline,2.40492170022371,0.4064672291278839
MuscleSkeletal,baseline,10.6758080313418,0.7623458504676819
MuscleSkeletal,baseline,14.1386782231853,0.7194700837135315
MuscleSkeletal,baseline,1.31680867544539,0.1787566989660263
MuscleSkeletal,baseline,1.47757255936675,0.16373178362846375
MuscleSkeletal,baseline,1.18025751072961,0.30147305130958557
MuscleSkeletal,baseline,1.21261115602264,0.026041556149721146
MuscleSkeletal,baseline,1.94503171247357,0.02535340189933777
MuscleSkeletal,baseline,6.6884176182708,0.06707112491130829
MuscleSkeletal,baseline,4.74425500370645,0.08290658891201019
MuscleSkeletal,baseline,7.65661252900232,0.4519865810871124
MuscleSkeletal,baseline,1.12262521588946,0.8104910254478455
MuscleSkeletal,baseline,2.48901903367496,0.7417903542518616
MuscleSkeletal,baseline,1.05708245243129,0.010681426152586937
MuscleSkeletal,baseline,11.6009280742459,0.7851791381835938
MuscleSkeletal,baseline,3.24675324675325,0.029330581426620483
MuscleSkeletal,baseline,1.19760479041916,0.05159233883023262
MuscleSkeletal,baseline,7.11743772241993,0.7178667783737183
MuscleSkeletal,baseline,5.44871794871795,0.769464910030365
MuscleSkeletal,baseline,13.7065637065637,0.6567635536193848
MuscleSkeletal,baseline,1.77304964539007,0.7824022769927979
MuscleSkeletal,baseline,1.36417556346382,0.10431431233882904
MuscleSkeletal,baseline,2.35365117682559,0.6033908724784851
MuscleSkeletal,baseline,8.78048780487805,0.6334986686706543
MuscleSkeletal,baseline,5.90386624869384,0.4662284553050995
MuscleSkeletal,baseline,1.90779014308426,0.06620676070451736
MuscleSkeletal,baseline,5.53787396562699,0.3760416507720947
MuscleSkeletal,baseline,2.43825205826472,0.7947606444358826
MuscleSkeletal,baseline,1.81397143959861,0.7027603983879089
MuscleSkeletal,baseline,4.92828245678558,0.6486124992370605
MuscleSkeletal,baseline,1.8537950332284,0.5786928534507751
MuscleSkeletal,baseline,10.1358411703239,0.6471415758132935
MuscleSkeletal,baseline,1.07334525939177,0.5099552273750305
MuscleSkeletal,baseline,4.91883915395967,0.6974430680274963
MuscleSkeletal,baseline,8.16912972085386,0.8152215480804443
MuscleSkeletal,baseline,3.12853373539389,0.3534451127052307
MuscleSkeletal,baseline,14.6795827123696,0.6316102147102356
MuscleSkeletal,baseline,2.68456375838926,0.7413987517356873
MuscleSkeletal,baseline,1.91289496157131,0.5030256509780884
MuscleSkeletal,baseline,3.05805650419125,0.30154526233673096
MuscleSkeletal,baseline,3.97350993377483,0.8402815461158752
MuscleSkeletal,baseline,2.27041680786174,0.6514294147491455
MuscleSkeletal,baseline,2.75783906309029,0.7918059825897217
MuscleSkeletal,baseline,1.77721358298953,0.2982609272003174
MuscleSkeletal,baseline,1.61876445325405,0.11772003024816513
MuscleSkeletal,baseline,2.44181610072491,0.8553116917610168
MuscleSkeletal,baseline,1.54888673765731,0.9167157411575317
MuscleSkeletal,baseline,1.16906474820144,0.8997823596000671
MuscleSkeletal,baseline,2.08667736757624,0.2585367262363434
MuscleSkeletal,baseline,12.927191679049,0.8798547983169556
MuscleSkeletal,baseline,4.76529160739687,0.6926552653312683
MuscleSkeletal,baseline,1.06918238993711,0.5087881684303284
MuscleSkeletal,baseline,1.89944134078212,0.8555145859718323
MuscleSkeletal,baseline,5.30654301906234,0.8844902515411377
MuscleSkeletal,baseline,3.21888412017167,0.8763558864593506
MuscleSkeletal,baseline,1.00582318687136,0.43899306654930115
MuscleSkeletal,baseline,8.53592652620205,0.7181562781333923
MuscleSkeletal,baseline,1.47368421052632,0.18253611028194427
MuscleSkeletal,baseline,4.7191887675507,0.40814128518104553
MuscleSkeletal,baseline,4.58929165281011,0.36995184421539307
MuscleSkeletal,baseline,8.04362644853442,0.31450068950653076
MuscleSkeletal,baseline,3.9745145631068,0.028327032923698425
MuscleSkeletal,baseline,1.72822771941715,0.730910062789917
MuscleSkeletal,baseline,7.66604063513744,0.36368781328201294
MuscleSkeletal,baseline,1.15600186828585,0.6202379465103149
MuscleSkeletal,baseline,1.5283281016827,0.9169858694076538
MuscleSkeletal,baseline,1.85916919959473,0.9486186504364014
MuscleSkeletal,baseline,5.09791400595998,0.733081042766571
MuscleSkeletal,baseline,1.79607204640277,0.8449883460998535
MuscleSkeletal,baseline,3.1790598677656,0.9225710034370422
MuscleSkeletal,baseline,4.65493636225344,0.7307582497596741
MuscleSkeletal,baseline,6.70307249159866,0.3447694778442383
MuscleSkeletal,baseline,1.6902749672658,0.45015808939933777
MuscleSkeletal,baseline,4.36681222707424,0.28018680214881897
MuscleSkeletal,baseline,1.82800751879699,0.5067371129989624
MuscleSkeletal,baseline,6.55309483248155,0.02874131314456463
MuscleSkeletal,baseline,2.44492310017761,0.0945083424448967
MuscleSkeletal,baseline,5.63488016318205,0.06188703328371048
MuscleSkeletal,baseline,5.03759745352217,0.13810040056705475
MuscleSkeletal,baseline,1.80947084741413,0.018798494711518288
MuscleSkeletal,baseline,4.2942194823291,0.050865188241004944
MuscleSkeletal,baseline,3.2017729994813,0.5225975513458252
MuscleSkeletal,baseline,10.369298286568,0.35685962438583374
MuscleSkeletal,baseline,4.04212097342565,0.06452344357967377
MuscleSkeletal,baseline,11.08792602594,0.42075467109680176
MuscleSkeletal,baseline,2.12184003315375,0.2830753028392792
MuscleSkeletal,baseline,1.46943815599918,0.2464330941438675
MuscleSkeletal,baseline,9.95681721648025,0.8824185729026794
MuscleSkeletal,baseline,2.91979052857627,0.08332110941410065
MuscleSkeletal,baseline,1.89286325517714,0.35669606924057007
MuscleSkeletal,baseline,1.65098464444367,0.5771761536598206
MuscleSkeletal,baseline,1.37785501489573,0.9662140011787415
MuscleSkeletal,baseline,2.72484817325921,0.6674351096153259
MuscleSkeletal,baseline,1.56652850755524,0.22045868635177612
MuscleSkeletal,baseline,1.40772052959005,0.2156418114900589
MuscleSkeletal,baseline,1.10497237569061,0.3147919178009033
MuscleSkeletal,baseline,4.67836257309942,0.7214698791503906
MuscleSkeletal,baseline,8.10810810810811,0.7923536896705627
MuscleSkeletal,baseline,1.45631067961165,0.4506475627422333
MuscleSkeletal,baseline,4.67289719626168,0.39598608016967773
MuscleSkeletal,baseline,4.64135021097046,0.661409854888916
MuscleSkeletal,baseline,1.31004366812227,0.7659266591072083
MuscleSkeletal,baseline,1.34529147982063,0.16367273032665253
MuscleSkeletal,baseline,3.18181818181818,0.47265204787254333
MuscleSkeletal,baseline,3.58744394618834,0.45199480652809143
MuscleSkeletal,baseline,1.25,0.4358780086040497
MuscleSkeletal,baseline,5.90717299578059,0.9546589255332947
MuscleSkeletal,baseline,5.51724137931035,0.7782649397850037
MuscleSkeletal,baseline,5.3156146179402,0.6955745816230774
MuscleSkeletal,baseline,1.01351351351351,0.34123292565345764
MuscleSkeletal,baseline,4.14012738853503,0.5482277274131775
MuscleSkeletal,baseline,1.31578947368421,0.22708022594451904
MuscleSkeletal,baseline,2.69360269360269,0.09704037010669708
MuscleSkeletal,baseline,1.33333333333333,0.0838111937046051
MuscleSkeletal,baseline,12.8378378378378,0.6846691966056824
MuscleSkeletal,baseline,3.77906976744186,0.8772960901260376
MuscleSkeletal,baseline,2.17983651226158,0.7036750912666321
MuscleSkeletal,baseline,6.04395604395604,0.831164538860321
MuscleSkeletal,baseline,6.08108108108108,0.7615648508071899
MuscleSkeletal,baseline,1.66666666666667,0.7276520133018494
MuscleSkeletal,baseline,1.8348623853211,0.4636431932449341
MuscleSkeletal,baseline,1.42857142857143,0.6079093217849731
MuscleSkeletal,baseline,1.90114068441065,0.7927835583686829
MuscleSkeletal,baseline,2.07612456747405,0.7496585249900818
MuscleSkeletal,baseline,5.90062111801242,0.9113197326660156
MuscleSkeletal,baseline,1.88087774294671,0.733940064907074
MuscleSkeletal,baseline,3.78548895899054,0.7670851945877075
MuscleSkeletal,baseline,5.04201680672269,0.7240152359008789
MuscleSkeletal,baseline,2.81543274244004,0.8321542739868164
MuscleSkeletal,baseline,3.32986472424558,0.9009333848953247
MuscleSkeletal,baseline,2.0253164556962,0.5094579458236694
MuscleSkeletal,baseline,10.0609756097561,0.7814440131187439
MuscleSkeletal,baseline,1.13636363636364,0.5986372232437134
MuscleSkeletal,baseline,3.66056572379368,0.6281975507736206
MuscleSkeletal,baseline,3.80517503805175,0.8838072419166565
MuscleSkeletal,baseline,9.73724884080371,0.8413535356521606
MuscleSkeletal,baseline,7.30593607305936,0.7465213537216187
MuscleSkeletal,baseline,1.12721417069243,0.5751102566719055
MuscleSkeletal,baseline,5.06756756756757,0.760783851146698
MuscleSkeletal,baseline,1.69753086419753,0.6062936782836914
MuscleSkeletal,baseline,1.25195618153365,0.6630977392196655
MuscleSkeletal,baseline,1.90336749633968,0.8691208958625793
MuscleSkeletal,baseline,1.20160213618158,0.4552801549434662
MuscleSkeletal,baseline,14.3203883495146,0.8813714385032654
MuscleSkeletal,baseline,3.00333704115684,0.6118548512458801
MuscleSkeletal,baseline,1.12107623318386,0.6742643713951111
MuscleSkeletal,baseline,5.05920344456405,0.5293456315994263
MuscleSkeletal,baseline,6.91823899371069,0.6106677055358887
MuscleSkeletal,baseline,14.9344096871847,0.38247379660606384
MuscleSkeletal,baseline,3.41708542713568,0.384520947933197
MuscleSkeletal,baseline,2.55220417633411,0.6515905857086182
MuscleSkeletal,baseline,7.23192019950125,0.09928452223539352
MuscleSkeletal,baseline,6.97986577181208,0.05356696993112564
MuscleSkeletal,baseline,1.69270833333333,0.312908411026001
MuscleSkeletal,baseline,1.40515222482436,0.005703462287783623
MuscleSkeletal,baseline,1.32924335378323,0.008277925662696362
MuscleSkeletal,baseline,1.20481927710843,0.006332746706902981
MuscleSkeletal,baseline,3.19548872180451,0.30669334530830383
MuscleSkeletal,baseline,2.92682926829268,0.3012719750404358
MuscleSkeletal,baseline,1.43112701252236,0.23123279213905334
MuscleSkeletal,baseline,1.26782884310618,0.03170076385140419
MuscleSkeletal,baseline,3.34788937409025,0.4043651223182678
MuscleSkeletal,baseline,9.45347119645495,0.8100609183311462
MuscleSkeletal,baseline,2.82885431400283,0.26540714502334595
MuscleSkeletal,baseline,10.0154083204931,0.8163037896156311
MuscleSkeletal,baseline,5.84707646176912,0.8515812158584595
MuscleSkeletal,baseline,2.73972602739726,0.8917495608329773
MuscleSkeletal,baseline,4.01606425702811,0.8857845067977905
MuscleSkeletal,baseline,3.1496062992126,0.7727518677711487
MuscleSkeletal,baseline,6.51260504201681,0.9497185945510864
MuscleSkeletal,baseline,3.79241516966068,0.8808518648147583
MuscleSkeletal,baseline,8.63723608445298,0.8903074860572815
MuscleSkeletal,baseline,3.07971014492754,0.2481549233198166
MuscleSkeletal,baseline,1.81818181818182,0.3406694233417511
MuscleSkeletal,baseline,2.05371248025276,0.19634003937244415
MuscleSkeletal,baseline,14.0056022408964,0.6661939024925232
MuscleSkeletal,baseline,1.5220700152207,0.09692899137735367
MuscleSkeletal,baseline,1.21765601217656,0.44704538583755493
MuscleSkeletal,baseline,7.84313725490196,0.5266557931900024
MuscleSkeletal,baseline,12.0689655172414,0.28623121976852417
MuscleSkeletal,baseline,5.76923076923077,0.051356241106987
MuscleSkeletal,baseline,2.47524752475248,0.8621854186058044
MuscleSkeletal,baseline,1.29198966408269,0.8035630583763123
MuscleSkeletal,baseline,4.55635491606715,0.5407330989837646
MuscleSkeletal,baseline,7.08446866485014,0.19270861148834229
MuscleSkeletal,baseline,2.60416666666667,0.35960695147514343
MuscleSkeletal,baseline,3.69318181818182,0.31861716508865356
MuscleSkeletal,baseline,4.8,0.452823668718338
MuscleSkeletal,baseline,1.6025641025641,0.24273604154586792
MuscleSkeletal,baseline,9.61538461538461,0.6909168362617493
MuscleSkeletal,baseline,6.42857142857143,0.9097822308540344
MuscleSkeletal,baseline,6.2200956937799,0.7850589752197266
MuscleSkeletal,baseline,13.8755980861244,0.8396230936050415
MuscleSkeletal,baseline,11.9791666666667,0.8109597563743591
MuscleSkeletal,baseline,1.42857142857143,0.5121496915817261
MuscleSkeletal,baseline,9.21985815602837,0.516581118106842
MuscleSkeletal,baseline,3.0952380952381,0.46746912598609924
MuscleSkeletal,baseline,2.16867469879518,0.4766293466091156
MuscleSkeletal,baseline,4.36893203883495,0.5280764102935791
MuscleSkeletal,baseline,6.85279187817259,0.49029332399368286
MuscleSkeletal,baseline,1.32275132275132,0.8123323917388916
MuscleSkeletal,baseline,6.04026845637584,0.04833442345261574
MuscleSkeletal,baseline,5.71428571428571,0.04739251732826233
MuscleSkeletal,baseline,1.73913043478261,0.18892690539360046
MuscleSkeletal,baseline,1.66666666666667,0.04270854964852333
MuscleSkeletal,baseline,2.66666666666667,0.0022034412249922752
MuscleSkeletal,baseline,1.30718954248366,0.0029800094198435545
MuscleSkeletal,baseline,1.32450331125828,0.0031214444898068905
MuscleSkeletal,baseline,1.875,0.0028494447469711304
MuscleSkeletal,baseline,1.81818181818182,0.5642387270927429
MuscleSkeletal,baseline,1.78571428571429,0.6005834341049194
MuscleSkeletal,baseline,6.25,0.32005929946899414
MuscleSkeletal,baseline,2.07253886010363,0.6035603880882263
MuscleSkeletal,baseline,7.40740740740741,0.5678519606590271
MuscleSkeletal,baseline,10.5990783410138,0.6821798086166382
MuscleSkeletal,baseline,1.68776371308017,0.6778367757797241
MuscleSkeletal,baseline,1.64609053497942,0.7237511873245239
MuscleSkeletal,baseline,14.3459915611814,0.8873166441917419
MuscleSkeletal,baseline,1.12359550561798,0.1591780185699463
MuscleSkeletal,baseline,6.29370629370629,0.15126179158687592
MuscleSkeletal,baseline,2.83687943262411,0.29061880707740784
MuscleSkeletal,baseline,3.67892976588629,0.2936325669288635
MuscleSkeletal,baseline,10.6312292358804,0.46066659688949585
MuscleSkeletal,baseline,2.77777777777778,0.4759644567966461
MuscleSkeletal,baseline,2.52808988764045,0.2748156785964966
MuscleSkeletal,baseline,4.48179271708684,0.28730660676956177
MuscleSkeletal,baseline,3.97022332506204,0.23967483639717102
MuscleSkeletal,baseline,3.83211678832117,0.9944221377372742
MuscleSkeletal,baseline,5.3125,0.5395509600639343
MuscleSkeletal,baseline,1.39470013947001,0.08363491296768188
MuscleSkeletal,baseline,5.67375886524823,0.7756370902061462
MuscleSkeletal,baseline,2.79329608938548,0.9621304869651794
MuscleSkeletal,baseline,1.13378684807256,0.38807690143585205
MuscleSkeletal,baseline,5.08474576271186,0.9156371355056763
MuscleSkeletal,baseline,1.72413793103448,0.9078528881072998
MuscleSkeletal,baseline,4.37636761487965,0.771701455116272
MuscleSkeletal,baseline,1.0351966873706,0.44153448939323425
MuscleSkeletal,baseline,1.8957345971564,0.6737549901008606
MuscleSkeletal,baseline,4.76190476190476,0.6411532759666443
MuscleSkeletal,baseline,1.89189189189189,0.4539078176021576
MuscleSkeletal,baseline,1.11072544255467,0.3510289192199707
MuscleSkeletal,baseline,2.67420280074237,0.8074536919593811
MuscleSkeletal,baseline,1.76864244741874,0.6765915751457214
MuscleSkeletal,baseline,1.17956483621583,0.5491969585418701
MuscleSkeletal,baseline,1.10170126658173,0.6497192978858948
MuscleSkeletal,baseline,3.07746478873239,0.30712857842445374
MuscleSkeletal,baseline,1.29365320376556,0.888908863067627
MuscleSkeletal,baseline,3.33849489005884,0.011846973560750484
MuscleSkeletal,baseline,10.923157618673,0.3406924903392792
MuscleSkeletal,baseline,3.51758793969849,0.42888450622558594
MuscleSkeletal,baseline,3.10880829015544,0.846484899520874
MuscleSkeletal,baseline,1.28865979381443,0.07027284801006317
MuscleSkeletal,baseline,2.21606648199446,0.3302064538002014
MuscleSkeletal,baseline,1.0958904109589,0.3649769425392151
MuscleSkeletal,baseline,1.41242937853107,0.15521831810474396
MuscleSkeletal,baseline,5.8659217877095,0.25902074575424194
MuscleSkeletal,baseline,10.803324099723,0.3636138439178467
MuscleSkeletal,baseline,9.21787709497207,0.12153015285730362
MuscleSkeletal,baseline,1.74927113702624,0.6652843356132507
MuscleSkeletal,baseline,7.79944289693593,0.3541053831577301
MuscleSkeletal,baseline,1.18694362017804,0.0474354512989521
MuscleSkeletal,baseline,8.12720848056537,0.4835863411426544
MuscleSkeletal,baseline,4.73372781065089,0.32621562480926514
MuscleSkeletal,baseline,2.38805970149254,0.20089609920978546
MuscleSkeletal,baseline,5.97826086956522,0.6279274225234985
MuscleSkeletal,baseline,1.40449438202247,0.5323741436004639
MuscleSkeletal,baseline,12.5348189415042,0.496028870344162
MuscleSkeletal,baseline,6.08695652173913,0.2686275541782379
MuscleSkeletal,baseline,7.61154855643045,0.20164360105991364
MuscleSkeletal,baseline,3.26797385620915,0.26749393343925476
MuscleSkeletal,baseline,7.80346820809249,0.35529792308807373
MuscleSkeletal,baseline,3.11418685121107,0.10894978791475296
MuscleSkeletal,baseline,3.63636363636364,0.04585983604192734
MuscleSkeletal,baseline,1.69491525423729,0.037812646478414536
MuscleSkeletal,baseline,7.14285714285714,0.5563305020332336
MuscleSkeletal,baseline,5.08021390374332,0.013801918365061283
MuscleSkeletal,baseline,14.2493638676845,0.7223101854324341
MuscleSkeletal,baseline,3.37662337662338,0.6253665685653687
MuscleSkeletal,baseline,3.25732899022801,0.3724062442779541
MuscleSkeletal,baseline,12.6666666666667,0.8247907757759094
MuscleSkeletal,baseline,10.9826589595376,0.3258569836616516
MuscleSkeletal,baseline,12.3376623376623,0.5663695931434631
MuscleSkeletal,baseline,2.02312138728324,0.5877014994621277
MuscleSkeletal,baseline,4.84261501210654,0.748271107673645
MuscleSkeletal,baseline,4.32692307692308,0.600915789604187
MuscleSkeletal,baseline,9.61538461538461,0.17530106008052826
MuscleSkeletal,baseline,1.8058690744921,0.3947629928588867
MuscleSkeletal,baseline,1.52173913043478,0.7028669714927673
MuscleSkeletal,baseline,13.1630648330059,0.7646858096122742
MuscleSkeletal,baseline,6.85975609756098,0.4768393337726593
MuscleSkeletal,baseline,6.60232507128756,0.3640366792678833
MuscleSkeletal,baseline,8.99548039072751,0.728061854839325
MuscleSkeletal,baseline,5.640589569161,0.9078369736671448
MuscleSkeletal,baseline,3.03894815182337,0.8422943353652954
MuscleSkeletal,baseline,4.98125982347963,0.8788520097732544
MuscleSkeletal,baseline,1.66099921527596,0.6309245824813843
MuscleSkeletal,baseline,1.72548002075765,0.7011181116104126
MuscleSkeletal,baseline,4.83241132443866,0.12708963453769684
MuscleSkeletal,baseline,1.30238771080314,0.5563041567802429
MuscleSkeletal,baseline,4.63949843260188,0.7500394582748413
MuscleSkeletal,baseline,10.5575717584955,0.4685029983520508
MuscleSkeletal,baseline,3.09909450325214,0.6994426846504211
MuscleSkeletal,baseline,5.78284815106216,0.773071825504303
MuscleSkeletal,baseline,14.0934000476531,0.869114339351654
MuscleSkeletal,baseline,2.67263272463418,0.7415691018104553
MuscleSkeletal,baseline,2.6524285222184,0.5050137639045715
MuscleSkeletal,baseline,1.87043230521491,0.8162068724632263
MuscleSkeletal,baseline,1.41843971631206,0.8123109936714172
MuscleSkeletal,baseline,2.32558139534884,0.8491668105125427
MuscleSkeletal,baseline,3.84016028495102,0.8155860900878906
MuscleSkeletal,baseline,10.1115594588179,0.37238845229148865
MuscleSkeletal,baseline,1.02885525070956,0.004635192919522524
MuscleSkeletal,baseline,1.4875573474211,0.48314526677131653
MuscleSkeletal,baseline,2.35045742434905,0.5452240705490112
MuscleSkeletal,baseline,1.58565115674552,0.6406220197677612
MuscleSkeletal,baseline,4.41252587991718,0.8386427760124207
MuscleSkeletal,baseline,1.15636643967622,0.796322762966156
MuscleSkeletal,baseline,1.46940956452044,0.15245364606380463
MuscleSkeletal,baseline,1.69534735500319,0.8147297501564026
MuscleSkeletal,baseline,1.48548278190412,0.13297590613365173
MuscleSkeletal,baseline,1.21275640065878,0.22290872037410736
MuscleSkeletal,baseline,1.73160173160173,0.008533471263945103
MuscleSkeletal,baseline,1.18000925497455,0.14738397300243378
MuscleSkeletal,baseline,3.14432989690722,0.654557466506958
MuscleSkeletal,baseline,14.8148148148148,0.7403167486190796
MuscleSkeletal,baseline,1.66766826923077,0.7284219264984131
MuscleSkeletal,baseline,1.75585284280936,0.5934250354766846
MuscleSkeletal,baseline,1.35240167884346,0.39747893810272217
MuscleSkeletal,baseline,3.77099236641221,0.6382558345794678
MuscleSkeletal,baseline,1.65378670788253,0.6565055847167969
MuscleSkeletal,baseline,1.53244212585589,0.35725927352905273
MuscleSkeletal,baseline,2.99820759328662,0.44165942072868347
MuscleSkeletal,baseline,8.79015502637047,0.46985575556755066
MuscleSkeletal,baseline,1.05081826012059,0.4936371445655823
MuscleSkeletal,baseline,2.33100233100233,0.7925962209701538
MuscleSkeletal,baseline,1.3613674179398,0.9078367948532104
MuscleSkeletal,baseline,3.80982367758186,0.9275811314582825
MuscleSkeletal,baseline,12.7748167888075,0.9048237204551697
MuscleSkeletal,baseline,2.79187817258883,0.3430473506450653
MuscleSkeletal,baseline,6.10665929814866,0.7878559231758118
MuscleSkeletal,baseline,2.10265924551639,0.2959308624267578
MuscleSkeletal,baseline,1.23456790123457,0.627204954624176
MuscleSkeletal,baseline,7.23245785966288,0.8197152018547058
MuscleSkeletal,baseline,5.93030690537084,0.7647255063056946
MuscleSkeletal,baseline,1.356278255797,0.774141788482666
MuscleSkeletal,baseline,1.00665943936813,0.18556278944015503
MuscleSkeletal,baseline,4.68840161569533,0.7685386538505554
MuscleSkeletal,baseline,4.7246891651865,0.7818841934204102
MuscleSkeletal,baseline,5.51003443771524,0.8121551871299744
MuscleSkeletal,baseline,1.04552385101285,0.3372292220592499
MuscleSkeletal,baseline,2.14819069500287,0.6062697768211365
MuscleSkeletal,baseline,2.65742852131205,0.8849815130233765
MuscleSkeletal,baseline,1.25319284802043,0.759833574295044
MuscleSkeletal,baseline,3.31163089783779,0.76747727394104
MuscleSkeletal,baseline,1.60043719259895,0.47055676579475403
MuscleSkeletal,baseline,4.34782608695652,0.6431846022605896
MuscleSkeletal,baseline,1.67224080267559,0.5420871376991272
MuscleSkeletal,baseline,3.80622837370242,0.9592902660369873
MuscleSkeletal,baseline,11.7647058823529,0.9432196617126465
MuscleSkeletal,baseline,2.62295081967213,0.7155881524085999
MuscleSkeletal,baseline,2.7027027027027,0.6619192361831665
MuscleSkeletal,baseline,5.18292682926829,0.6292908191680908
MuscleSkeletal,baseline,5.34591194968554,0.9212409257888794
MuscleSkeletal,baseline,4.42708333333333,0.9291558861732483
MuscleSkeletal,baseline,7.69230769230769,0.5428204536437988
MuscleSkeletal,baseline,8.28729281767956,0.9529895782470703
MuscleSkeletal,baseline,9.55056179775281,0.7554530501365662
MuscleSkeletal,baseline,2.07100591715976,0.8653969168663025
MuscleSkeletal,baseline,6.89655172413793,0.4340185821056366
MuscleSkeletal,baseline,10.0840336134454,0.9386046528816223
MuscleSkeletal,baseline,2.63157894736842,0.8460239768028259
MuscleSkeletal,baseline,1.47058823529412,0.6736988425254822
MuscleSkeletal,baseline,7.78816199376947,0.8669999837875366
MuscleSkeletal,baseline,8.38323353293413,0.8044686913490295
MuscleSkeletal,baseline,10.3030303030303,0.8598766326904297
MuscleSkeletal,baseline,14.2424242424242,0.8952847719192505
MuscleSkeletal,baseline,11.2637362637363,0.9605716466903687
MuscleSkeletal,baseline,9.29577464788732,0.8419547080993652
MuscleSkeletal,baseline,4.12979351032448,0.9500354528427124
MuscleSkeletal,baseline,1.35135135135135,0.9061775803565979
MuscleSkeletal,baseline,5.52268244575937,0.7872868180274963
MuscleSkeletal,baseline,9.53346855983773,0.8774550557136536
MuscleSkeletal,baseline,2.1505376344086,0.8164278268814087
MuscleSkeletal,baseline,2.8735632183908,0.4867490530014038
MuscleSkeletal,baseline,1.78571428571429,0.8595765829086304
MuscleSkeletal,baseline,1.18110236220472,0.37916818261146545
MuscleSkeletal,baseline,2.25806451612903,0.14389042556285858
MuscleSkeletal,baseline,1.52671755725191,0.3965930640697479
MuscleSkeletal,baseline,4.31034482758621,0.67423015832901
MuscleSkeletal,baseline,1.64835164835165,0.940509021282196
MuscleSkeletal,baseline,6.75675675675676,0.3722027838230133
MuscleSkeletal,baseline,1.171875,0.42067623138427734
MuscleSkeletal,baseline,1.36363636363636,0.6124587655067444
MuscleSkeletal,baseline,2.20994475138122,0.420993834733963
MuscleSkeletal,baseline,1.37844611528822,0.35160714387893677
MuscleSkeletal,baseline,3.58024691358025,0.6168125867843628
MuscleSkeletal,baseline,2.19399538106236,0.37342122197151184
MuscleSkeletal,baseline,2.2360248447205,0.42239877581596375
MuscleSkeletal,baseline,13.3333333333333,0.4277140200138092
MuscleSkeletal,baseline,9.52380952380952,0.6128451824188232
MuscleSkeletal,baseline,13.126491646778,0.6222579479217529
MuscleSkeletal,baseline,7.52427184466019,0.7474027276039124
MuscleSkeletal,baseline,3.11750599520384,0.702094316482544
MuscleSkeletal,baseline,14.1361256544503,0.8653230667114258
MuscleSkeletal,baseline,1.90274841437632,0.42647334933280945
MuscleSkeletal,baseline,8.07692307692308,0.44735443592071533
MuscleSkeletal,baseline,1.64835164835165,0.17667894065380096
MuscleSkeletal,baseline,7.14285714285714,0.06601434201002121
MuscleSkeletal,baseline,3.72492836676218,0.8869439959526062
MuscleSkeletal,baseline,5.35714285714286,0.2048955261707306
MuscleSkeletal,baseline,14.0056022408964,0.20041652023792267
MuscleSkeletal,baseline,5.36277602523659,0.3087603449821472
MuscleSkeletal,baseline,6.08943862987631,0.5189703702926636
MuscleSkeletal,baseline,3.07988450433109,0.043602339923381805
MuscleSkeletal,baseline,11.3122171945701,0.246889129281044
MuscleSkeletal,baseline,13.9004149377593,0.5342284440994263
MuscleSkeletal,baseline,10.718789407314,0.5091769099235535
MuscleSkeletal,baseline,7.24450194049159,0.29061654210090637
MuscleSkeletal,baseline,1.20643431635389,0.08134246617555618
MuscleSkeletal,baseline,2.99572039942939,0.8452047109603882
MuscleSkeletal,baseline,11.6089613034623,0.9310219883918762
MuscleSkeletal,baseline,9.72447325769854,0.7864864468574524
MuscleSkeletal,baseline,8.97832817337461,0.6442850828170776
MuscleSkeletal,baseline,2.08023774145617,0.4051542580127716
MuscleSkeletal,baseline,4.20757363253857,0.1995154321193695
MuscleSkeletal,baseline,8.29756795422031,0.7986290454864502
MuscleSkeletal,baseline,2.02788339670469,0.21721385419368744
MuscleSkeletal,baseline,2.24948875255624,0.17094483971595764
MuscleSkeletal,baseline,9.77596741344196,0.38270846009254456
MuscleSkeletal,baseline,4.85036119711042,0.43594440817832947
MuscleSkeletal,baseline,11.2603305785124,0.4902772307395935
MuscleSkeletal,baseline,5.2093023255814,0.5177875757217407
MuscleSkeletal,baseline,11.3070539419087,0.7345994114875793
MuscleSkeletal,baseline,8.82658359293873,0.8088164925575256
MuscleSkeletal,baseline,6.57681940700809,0.06940723210573196
MuscleSkeletal,baseline,4.11797440178075,0.33610662817955017
MuscleSkeletal,baseline,1.30904951622083,0.29169267416000366
MuscleSkeletal,baseline,1.92837465564738,0.06717908382415771
MuscleSkeletal,baseline,2.47850278199292,0.25617194175720215
MuscleSkeletal,baseline,13.3524082021936,0.7543314099311829
MuscleSkeletal,baseline,2.36794171220401,0.7717551589012146
MuscleSkeletal,baseline,1.03697024346258,0.110146664083004
MuscleSkeletal,baseline,6.8407960199005,0.05919399857521057
MuscleSkeletal,baseline,9.21985815602837,0.36812084913253784
MuscleSkeletal,baseline,2.00475705062861,0.05256541073322296
MuscleSkeletal,baseline,1.39694820545884,0.040390100330114365
MuscleSkeletal,baseline,13.7163665790006,0.11550185829401016
MuscleSkeletal,baseline,4.29371499688861,0.36087849736213684
MuscleSkeletal,baseline,2.00130519904285,0.6390564441680908
MuscleSkeletal,baseline,3.78698224852071,0.7786259651184082
MuscleSkeletal,baseline,3.66388767003072,0.905698835849762
MuscleSkeletal,baseline,1.57112526539278,0.8410593867301941
MuscleSkeletal,baseline,1.82410423452769,0.9458729028701782
MuscleSkeletal,baseline,1.09938434476693,0.6949243545532227
MuscleSkeletal,baseline,1.47215703008321,0.34205082058906555
MuscleSkeletal,baseline,1.08168593808281,0.12826009094715118
MuscleSkeletal,baseline,5.88235294117647,0.4947155714035034
MuscleSkeletal,baseline,4.30187279807157,0.560846745967865
MuscleSkeletal,baseline,1.07379929714955,0.14004181325435638
MuscleSkeletal,baseline,1.34978789047435,0.5254073739051819
MuscleSkeletal,baseline,4.55620030088115,0.571609616279602
MuscleSkeletal,baseline,2.86403376545071,0.6842004656791687
MuscleSkeletal,baseline,3.74925014997001,0.6545439958572388
MuscleSkeletal,baseline,1.32533922372988,0.20963908731937408
MuscleSkeletal,baseline,1.59732540861813,0.15844739973545074
MuscleSkeletal,baseline,1.1184900384481,0.6648896932601929
MuscleSkeletal,baseline,2.34192037470726,0.8346220850944519
MuscleSkeletal,baseline,2.1505376344086,0.843307375907898
MuscleSkeletal,baseline,2.62836185819071,0.7864404320716858
MuscleSkeletal,baseline,2.25641025641026,0.013546070083975792
MuscleSkeletal,baseline,1.02843315184513,0.035306401550769806
MuscleSkeletal,baseline,1.38568129330254,0.08381256461143494
MuscleSkeletal,baseline,2.03562340966921,0.7858698964118958
MuscleSkeletal,baseline,1.09489051094891,0.4325762093067169
MuscleSkeletal,baseline,2.5089605734767,0.1297314614057541
MuscleSkeletal,baseline,8.05860805860806,0.8724802732467651
MuscleSkeletal,baseline,4.76190476190476,0.8826371431350708
MuscleSkeletal,baseline,2.97029702970297,0.7581062316894531
MuscleSkeletal,baseline,4.23913043478261,0.3500934839248657
MuscleSkeletal,baseline,3.78681626928471,0.39104554057121277
MuscleSkeletal,baseline,1.84851217312895,0.3842041790485382
MuscleSkeletal,baseline,6.0106856634016,0.918468177318573
MuscleSkeletal,baseline,2.67268309614717,0.6826048493385315
MuscleSkeletal,baseline,3.33553500660502,0.280524343252182
MuscleSkeletal,baseline,3.48860062893082,0.8668311834335327
MuscleSkeletal,baseline,1.09256710254646,0.7282028198242188
MuscleSkeletal,baseline,1.06795280337611,0.7200330495834351
MuscleSkeletal,baseline,1.91706781521831,0.932525098323822
MuscleSkeletal,baseline,4.72685809059811,0.9047845602035522
MuscleSkeletal,baseline,3.17460317460317,0.9970912933349609
MuscleSkeletal,baseline,1.58730158730159,0.7550708055496216
MuscleSkeletal,baseline,1.01522842639594,0.396163672208786
MuscleSkeletal,baseline,2.12765957446809,0.6931377649307251
MuscleSkeletal,baseline,3.58974358974359,0.7162784934043884
MuscleSkeletal,baseline,4.2654028436019,0.3564607501029968
MuscleSkeletal,baseline,4.36817472698908,0.48449742794036865
MuscleSkeletal,baseline,1.71821305841924,0.18185782432556152
MuscleSkeletal,baseline,2.20338983050847,0.11102978140115738
MuscleSkeletal,baseline,2.76872964169381,0.09861041605472565
MuscleSkeletal,baseline,1.2216404886562,0.15831813216209412
MuscleSkeletal,baseline,3.70919881305638,0.7914893627166748
MuscleSkeletal,baseline,1.3719512195122,0.7588642239570618
MuscleSkeletal,baseline,1.79533213644524,0.278842031955719
MuscleSkeletal,baseline,2.05479452054795,0.08635175973176956
MuscleSkeletal,baseline,1.63934426229508,0.08614034205675125
MuscleSkeletal,baseline,7.80821917808219,0.7793468832969666
MuscleSkeletal,baseline,7.27969348659004,0.7079991102218628
MuscleSkeletal,baseline,11.0335195530726,0.8752965331077576
MuscleSkeletal,baseline,1.41242937853107,0.3263479471206665
MuscleSkeletal,baseline,3.08370044052863,0.8691571950912476
MuscleSkeletal,baseline,2.35294117647059,0.5519255995750427
MuscleSkeletal,baseline,4.0520984081042,0.9762572050094604
MuscleSkeletal,baseline,2.01438848920863,0.9131001234054565
MuscleSkeletal,baseline,3.89048991354467,0.8886317014694214
MuscleSkeletal,baseline,2.36530880420499,0.6324148178100586
MuscleSkeletal,baseline,6.07235142118863,0.8101922273635864
MuscleSkeletal,baseline,1.00143061516452,0.7073698043823242
MuscleSkeletal,baseline,3.86151797603196,0.7866529822349548
MuscleSkeletal,baseline,4.69798657718121,0.8131937980651855
MuscleSkeletal,baseline,4.70588235294118,0.5550147294998169
MuscleSkeletal,baseline,10.1369863013699,0.8128801584243774
MuscleSkeletal,baseline,3.40030911901082,0.9253201484680176
MuscleSkeletal,baseline,1.47727272727273,0.12528802454471588
MuscleSkeletal,baseline,2.72727272727273,0.4224185347557068
MuscleSkeletal,baseline,8.92857142857143,0.7904657125473022
MuscleSkeletal,baseline,2.77777777777778,0.7257551550865173
MuscleSkeletal,baseline,2.97029702970297,0.929393470287323
MuscleSkeletal,baseline,2.94117647058824,0.9315666556358337
MuscleSkeletal,baseline,6.48148148148148,0.7229446172714233
MuscleSkeletal,baseline,4.58715596330275,0.596430778503418
MuscleSkeletal,baseline,2.88461538461538,0.19357329607009888
MuscleSkeletal,baseline,1.81818181818182,0.018410632386803627
MuscleSkeletal,baseline,1.92307692307692,0.048612531274557114
MuscleSkeletal,baseline,10.7438016528926,0.38399678468704224
MuscleSkeletal,baseline,6.42201834862385,0.5056074857711792
MuscleSkeletal,baseline,1.21042830540037,0.44246843457221985
MuscleSkeletal,baseline,5.87748344370861,0.683139979839325
MuscleSkeletal,baseline,3.30062444246209,0.3591518700122833
MuscleSkeletal,baseline,1.71325518485122,0.9409699440002441
MuscleSkeletal,baseline,3.15670800450958,0.42832809686660767
MuscleSkeletal,baseline,1.66270783847981,0.34803733229637146
MuscleSkeletal,baseline,5.25502318392581,0.9602717161178589
MuscleSkeletal,baseline,1.60714285714286,0.774831235408783
MuscleSkeletal,baseline,2.19594594594595,0.8799686431884766
MuscleSkeletal,baseline,3.45423143350605,0.9545810222625732
MuscleSkeletal,baseline,6.2992125984252,0.20056775212287903
MuscleSkeletal,baseline,8.49056603773585,0.2104513943195343
MuscleSkeletal,baseline,7.36196319018405,0.2003176510334015
MuscleSkeletal,baseline,1.85676392572944,0.2751579284667969
MuscleSkeletal,baseline,1.18764845605701,0.21051490306854248
MuscleSkeletal,baseline,2.52525252525253,0.013344960287213326
MuscleSkeletal,baseline,3.14606741573034,0.017404736950993538
MuscleSkeletal,baseline,2.25225225225225,0.01996435411274433
MuscleSkeletal,baseline,1.62412993039443,0.016885893419384956
MuscleSkeletal,baseline,1.4218009478673,0.01964602991938591
MuscleSkeletal,baseline,4.6908315565032,0.6999304294586182
MuscleSkeletal,baseline,4.58333333333333,0.728016197681427
MuscleSkeletal,baseline,2.46085011185682,0.2865169644355774
MuscleSkeletal,baseline,13.5391923990499,0.5901203751564026
MuscleSkeletal,baseline,2.41935483870968,0.4779537320137024
MuscleSkeletal,baseline,11.3314447592068,0.28526052832603455
MuscleSkeletal,baseline,1.19047619047619,0.03821560740470886
MuscleSkeletal,baseline,2.1021021021021,0.04297986626625061
MuscleSkeletal,baseline,2.14285714285714,0.02701377496123314
MuscleSkeletal,baseline,1.44404332129964,0.04008910059928894
MuscleSkeletal,baseline,2.23048327137546,0.010813062079250813
MuscleSkeletal,baseline,1.05740181268882,0.11623794585466385
MuscleSkeletal,baseline,4.95495495495496,0.8586328625679016
MuscleSkeletal,baseline,3.60248447204969,0.8510543704032898
MuscleSkeletal,baseline,2.70562770562771,0.39280375838279724
MuscleSkeletal,baseline,2.65577119509704,0.7361432909965515
MuscleSkeletal,baseline,1.61870503597122,0.5758321285247803
MuscleSkeletal,baseline,5.32286212914485,0.9752760529518127
MuscleSkeletal,baseline,4.09617097061443,0.8967152833938599
MuscleSkeletal,baseline,13.7931034482759,0.8610656261444092
MuscleSkeletal,baseline,4.30879712746858,0.3416692614555359
MuscleSkeletal,baseline,1.55844155844156,0.3344518542289734
MuscleSkeletal,baseline,2.53267973856209,0.28927668929100037
MuscleSkeletal,baseline,1.13314447592068,0.07143014669418335
MuscleSkeletal,baseline,3.10442144873001,0.5424136519432068
MuscleSkeletal,baseline,3.3563672260612,0.6701810359954834
MuscleSkeletal,baseline,7.76470588235294,0.8229507207870483
MuscleSkeletal,baseline,2.96367112810707,0.7197586297988892
MuscleSkeletal,baseline,2.05128205128205,0.5047752261161804
MuscleSkeletal,baseline,3.42323651452282,0.43614834547042847
MuscleSkeletal,baseline,5.05731625084289,0.825214147567749
MuscleSkeletal,baseline,9.74071478626489,0.8372149467468262
MuscleSkeletal,baseline,3.43511450381679,0.48879262804985046
MuscleSkeletal,baseline,2.15633423180593,0.659192681312561
MuscleSkeletal,baseline,6.0377358490566,0.9648075699806213
MuscleSkeletal,baseline,4.04624277456647,0.9575858116149902
MuscleSkeletal,baseline,14.6771037181996,0.944514274597168
MuscleSkeletal,baseline,11.4989733059548,0.7360518574714661
MuscleSkeletal,baseline,1.05263157894737,0.0592721551656723
MuscleSkeletal,baseline,3.85078219013237,0.4319297671318054
MuscleSkeletal,baseline,7.53588516746412,0.6132389903068542
MuscleSkeletal,baseline,9.72477064220183,0.14269188046455383
MuscleSkeletal,baseline,1.28824476650564,0.12321805208921432
MuscleSkeletal,baseline,11.5774240231548,0.7537022233009338
MuscleSkeletal,baseline,1.64424514200299,0.352877676486969
MuscleSkeletal,baseline,1.21951219512195,0.009498813189566135
MuscleSkeletal,baseline,4.13971539456662,0.2449386864900589
MuscleSkeletal,baseline,2.01612903225806,0.0010425548534840345
MuscleSkeletal,baseline,2.00501253132832,0.38756099343299866
MuscleSkeletal,baseline,6.37450199203187,0.11531111598014832
MuscleSkeletal,baseline,5.49597855227882,0.6021144986152649
MuscleSkeletal,baseline,13.2052821128451,0.3695853054523468
MuscleSkeletal,baseline,13.5416666666667,0.31160277128219604
MuscleSkeletal,baseline,4.96815286624204,0.26476800441741943
MuscleSkeletal,baseline,2.96010296010296,0.25551342964172363
MuscleSkeletal,baseline,3.77113133940182,0.2881546914577484
MuscleSkeletal,baseline,1.73913043478261,0.32401177287101746
MuscleSkeletal,baseline,3.54090354090354,0.47026222944259644
MuscleSkeletal,baseline,1.49082568807339,0.26792511343955994
MuscleSkeletal,baseline,1.78117048346056,0.27671006321907043
MuscleSkeletal,baseline,1.72018348623853,0.8975820541381836
MuscleSkeletal,baseline,11.7324561403509,0.6031755208969116
MuscleSkeletal,baseline,12.1621621621622,0.30740004777908325
MuscleSkeletal,baseline,1.19189511323004,0.0023911416064947844
MuscleSkeletal,baseline,3.8572806171649,0.056891296058893204
MuscleSkeletal,baseline,8.48880597014925,0.3148678243160248
MuscleSkeletal,baseline,9.1796875,0.28255677223205566
MuscleSkeletal,baseline,3.16205533596838,0.06481748819351196
MuscleSkeletal,baseline,1.82166826462128,0.029533153399825096
MuscleSkeletal,baseline,2.58531540847983,0.38009870052337646
MuscleSkeletal,baseline,13.1964809384164,0.25489550828933716
MuscleSkeletal,baseline,13.2832080200501,0.5910795331001282
MuscleSkeletal,baseline,7.32323232323232,0.7408820986747742
MuscleSkeletal,baseline,9.19540229885057,0.8756142854690552
MuscleSkeletal,baseline,2.03562340966921,0.20438940823078156
MuscleSkeletal,baseline,12.8415300546448,0.4927963316440582
MuscleSkeletal,baseline,13.0434782608696,0.21544522047042847
MuscleSkeletal,baseline,1.11111111111111,0.10536674410104752
MuscleSkeletal,baseline,2.72727272727273,0.3931371569633484
MuscleSkeletal,baseline,14.1141141141141,0.5617411732673645
MuscleSkeletal,baseline,1.02739726027397,0.19483837485313416
MuscleSkeletal,baseline,1.25391849529781,0.04680522158741951
MuscleSkeletal,baseline,1.26984126984127,0.10072466731071472
MuscleSkeletal,baseline,4.11392405063291,0.12571746110916138
MuscleSkeletal,baseline,4.76190476190476,0.1489861011505127
MuscleSkeletal,baseline,6.54205607476636,0.12974968552589417
MuscleSkeletal,baseline,9.95670995670996,0.07335890084505081
MuscleSkeletal,baseline,10.9859154929577,0.03816871717572212
MuscleSkeletal,baseline,6.27906976744186,0.19665645062923431
MuscleSkeletal,baseline,2.17729393468118,0.05548618361353874
MuscleSkeletal,baseline,7.36994219653179,0.2709111273288727
MuscleSkeletal,baseline,1.48698884758364,0.008328745141625404
MuscleSkeletal,baseline,2.03873598369011,0.006572718732059002
MuscleSkeletal,baseline,8.18414322250639,0.417174369096756
MuscleSkeletal,baseline,1.10294117647059,0.4910322427749634
MuscleSkeletal,baseline,12.1212121212121,0.6896896362304688
MuscleSkeletal,baseline,7.14285714285714,0.8874332308769226
MuscleSkeletal,baseline,2.02702702702703,0.5432464480400085
MuscleSkeletal,baseline,9.16666666666667,0.821990430355072
MuscleSkeletal,baseline,3.57142857142857,0.9387576580047607
MuscleSkeletal,baseline,4.93827160493827,0.6413121819496155
MuscleSkeletal,baseline,14.6067415730337,0.9602665305137634
MuscleSkeletal,baseline,1.03626943005181,0.04741935804486275
MuscleSkeletal,baseline,1.34770889487871,0.27109792828559875
MuscleSkeletal,baseline,5.8974358974359,0.40824103355407715
MuscleSkeletal,baseline,12.4475524475524,0.9034343957901001
MuscleSkeletal,baseline,12.5778331257783,0.8790727257728577
MuscleSkeletal,baseline,9.27835051546392,0.44121456146240234
MuscleSkeletal,baseline,5.65552699228792,0.8638190627098083
MuscleSkeletal,baseline,9.29432013769363,0.8571091890335083
MuscleSkeletal,baseline,1.45867098865478,0.38637295365333557
MuscleSkeletal,baseline,9.6045197740113,0.2301005721092224
MuscleSkeletal,baseline,2.55885363357216,0.21179965138435364
MuscleSkeletal,baseline,1.49253731343284,0.3062898516654968
MuscleSkeletal,baseline,9.82905982905983,0.6245714426040649
MuscleSkeletal,baseline,1.27118644067797,0.5429638624191284
MuscleSkeletal,baseline,12.448132780083,0.6870337724685669
MuscleSkeletal,baseline,4.24710424710425,0.5384682416915894
MuscleSkeletal,baseline,7.84313725490196,0.6087436676025391
MuscleSkeletal,baseline,1.53846153846154,0.7701013684272766
MuscleSkeletal,baseline,1.16731517509728,0.45396456122398376
MuscleSkeletal,baseline,1.20967741935484,0.5861467123031616
MuscleSkeletal,baseline,4.0,0.6662425398826599
MuscleSkeletal,baseline,1.70068027210884,0.672382652759552
MuscleSkeletal,baseline,1.28617363344051,0.33933964371681213
MuscleSkeletal,baseline,3.04054054054054,0.4762885868549347
MuscleSkeletal,baseline,2.5,0.6021608710289001
MuscleSkeletal,baseline,1.64473684210526,0.8087986707687378
MuscleSkeletal,baseline,1.94444444444444,0.5004351139068604
MuscleSkeletal,baseline,8.70870870870871,0.9104945063591003
MuscleSkeletal,baseline,1.03092783505155,0.36572974920272827
MuscleSkeletal,baseline,1.60427807486631,0.0870811715722084
MuscleSkeletal,baseline,1.11731843575419,0.0179615318775177
MuscleSkeletal,baseline,2.71739130434783,0.44643813371658325
MuscleSkeletal,baseline,11.6504854368932,0.38504093885421753
MuscleSkeletal,baseline,3.30188679245283,0.1749485582113266
MuscleSkeletal,baseline,7.17703349282297,0.8662737011909485
MuscleSkeletal,baseline,2.89855072463768,0.7388741970062256
MuscleSkeletal,baseline,6.57276995305164,0.6237790584564209
MuscleSkeletal,baseline,2.98507462686567,0.33636972308158875
MuscleSkeletal,baseline,5.28846153846154,0.537469208240509
MuscleSkeletal,baseline,1.03092783505155,0.1609482318162918
MuscleSkeletal,baseline,13.4883720930233,0.2271864265203476
MuscleSkeletal,baseline,10.377358490566,0.443682998418808
MuscleSkeletal,baseline,1.28755364806867,0.5729728937149048
MuscleSkeletal,baseline,6.99588477366255,0.38739484548568726
MuscleSkeletal,baseline,6.53061224489796,0.6116481423377991
MuscleSkeletal,baseline,4.13223140495868,0.6022019386291504
MuscleSkeletal,baseline,12.2222222222222,0.7408827543258667
MuscleSkeletal,baseline,5.99250936329588,0.8973027467727661
MuscleSkeletal,baseline,13.5338345864662,0.7547162771224976
MuscleSkeletal,baseline,2.4822695035461,0.8037458062171936
MuscleSkeletal,baseline,4.05405405405405,0.3437371551990509
MuscleSkeletal,baseline,11.2280701754386,0.8329188227653503
MuscleSkeletal,baseline,9.06801007556675,0.9183195233345032
MuscleSkeletal,baseline,1.19617224880383,0.5749331712722778
MuscleSkeletal,baseline,5.58375634517767,0.4330242872238159
MuscleSkeletal,baseline,3.46534653465347,0.3322688341140747
MuscleSkeletal,baseline,1.8957345971564,0.40469595789909363
MuscleSkeletal,baseline,1.02240591690233,0.8611188530921936
MuscleSkeletal,baseline,8.83142229812149,0.8689607381820679
MuscleSkeletal,baseline,2.53275109170306,0.43749117851257324
MuscleSkeletal,baseline,7.7720207253886,0.9289748668670654
MuscleSkeletal,baseline,4.26369301410298,0.5971066355705261
MuscleSkeletal,baseline,8.06821908822565,0.6520838141441345
MuscleSkeletal,baseline,1.36103151862464,0.3692927658557892
MuscleSkeletal,baseline,1.58906134515891,0.7222033143043518
MuscleSkeletal,baseline,10.4029990627929,0.9160208106040955
MuscleSkeletal,baseline,6.09121518212427,0.9005979895591736
MuscleSkeletal,baseline,2.74893097128894,0.649996280670166
MuscleSkeletal,baseline,9.45659844742413,0.6709511280059814
MuscleSkeletal,baseline,2.67076341290475,0.7473546862602234
MuscleSkeletal,baseline,5.12610211195407,0.7973012924194336
MuscleSkeletal,baseline,1.02912621359223,0.38096311688423157
MuscleSkeletal,baseline,1.48396361895644,0.08360177278518677
MuscleSkeletal,baseline,4.12310410837874,0.16083133220672607
MuscleSkeletal,baseline,5.72842998585573,0.10217846184968948
MuscleSkeletal,baseline,11.1627210068924,0.5441028475761414
MuscleSkeletal,baseline,2.36845318031986,0.45816585421562195
MuscleSkeletal,baseline,2.37343053867963,0.09389384835958481
MuscleSkeletal,baseline,1.91828599900349,0.11075533181428909
MuscleSkeletal,baseline,3.40523175768701,0.495853990316391
MuscleSkeletal,baseline,5.68181818181818,0.42129138112068176
MuscleSkeletal,baseline,1.15547420203638,0.4382167458534241
MuscleSkeletal,baseline,1.13622772395646,0.35178142786026
MuscleSkeletal,baseline,1.2645794966237,0.21940229833126068
MuscleSkeletal,baseline,2.05633100697906,0.29738861322402954
MuscleSkeletal,baseline,1.72241637543684,0.32822367548942566
MuscleSkeletal,baseline,5.66374108612178,0.857826292514801
MuscleSkeletal,baseline,4.05213575945283,0.8714806437492371
MuscleSkeletal,baseline,8.59815325578607,0.8987606763839722
MuscleSkeletal,baseline,2.07412862052037,0.5665509104728699
MuscleSkeletal,baseline,9.83731570920183,0.8793150782585144
MuscleSkeletal,baseline,1.62565905096661,0.23801253736019135
MuscleSkeletal,baseline,7.80069726902963,0.8224189877510071
MuscleSkeletal,baseline,8.32518508171532,0.9144875407218933
MuscleSkeletal,baseline,1.14466970073093,0.22958321869373322
MuscleSkeletal,baseline,1.09645873462735,0.18774232268333435
MuscleSkeletal,baseline,1.87251506989868,0.039383575320243835
MuscleSkeletal,baseline,2.71739130434783,0.19640566408634186
MuscleSkeletal,baseline,1.50753768844221,0.39202868938446045
MuscleSkeletal,baseline,2.8735632183908,0.677457869052887
MuscleSkeletal,baseline,4.11764705882353,0.8197937607765198
MuscleSkeletal,baseline,3.01204819277108,0.7672221660614014
MuscleSkeletal,baseline,1.31578947368421,0.09774065017700195
MuscleSkeletal,baseline,4.34782608695652,0.651747465133667
MuscleSkeletal,baseline,1.18343195266272,0.4686216115951538
MuscleSkeletal,baseline,1.28205128205128,0.9293680787086487
MuscleSkeletal,baseline,1.44927536231884,0.9351769089698792
MuscleSkeletal,baseline,1.01010101010101,0.7589207887649536
MuscleSkeletal,baseline,1.32743362831858,0.8779014348983765
MuscleSkeletal,baseline,3.2520325203252,0.6459516286849976
MuscleSkeletal,baseline,2.57879656160458,0.8080358505249023
MuscleSkeletal,baseline,9.10834132310642,0.6781265735626221
MuscleSkeletal,baseline,5.40780141843972,0.49294403195381165
MuscleSkeletal,baseline,12.532865907099,0.5713039040565491
MuscleSkeletal,baseline,1.73370319001387,0.8144075870513916
MuscleSkeletal,baseline,13.4751773049645,0.878818929195404
MuscleSkeletal,baseline,8.27153451226469,0.7742564678192139
MuscleSkeletal,baseline,3.53418308227115,0.8341820240020752
MuscleSkeletal,baseline,4.23489553924337,0.71755450963974
MuscleSkeletal,baseline,10.632183908046,0.8311595916748047
MuscleSkeletal,baseline,8.25043885313049,0.44122859835624695
MuscleSkeletal,baseline,1.07868020304569,0.15702702105045319
MuscleSkeletal,baseline,2.19976218787158,0.38251999020576477
MuscleSkeletal,baseline,2.90570175438597,0.45404693484306335
MuscleSkeletal,baseline,1.12479914301018,0.343868225812912
MuscleSkeletal,baseline,1.36690647482014,0.7641846537590027
MuscleSkeletal,baseline,5.10072867552508,0.23313771188259125
MuscleSkeletal,baseline,1.82072829131653,0.343455046415329
MuscleSkeletal,baseline,1.02996254681648,0.31963467597961426
MuscleSkeletal,baseline,1.91004313000616,0.3722642660140991
MuscleSkeletal,baseline,4.60034502587694,0.05976007133722305
MuscleSkeletal,baseline,14.0782122905028,0.41542941331863403
MuscleSkeletal,baseline,10.7350608143839,0.35744231939315796
MuscleSkeletal,baseline,1.40845070422535,0.5716055631637573
MuscleSkeletal,baseline,3.68876080691643,0.18014615774154663
MuscleSkeletal,baseline,3.2675709001233,0.45297443866729736
MuscleSkeletal,baseline,2.07156308851224,0.03678809851408005
MuscleSkeletal,baseline,1.749837977965,0.3223820924758911
MuscleSkeletal,baseline,4.51436388508892,0.34787213802337646
MuscleSkeletal,baseline,9.06225374310481,0.5772551894187927
MuscleSkeletal,baseline,1.18549511854951,0.9026950597763062
MuscleSkeletal,baseline,11.3573407202216,0.7927672266960144
MuscleSkeletal,baseline,3.07467057101025,0.6552066802978516
MuscleSkeletal,baseline,3.86329866270431,0.7117072343826294
MuscleSkeletal,baseline,6.26888217522659,0.6826351284980774
MuscleSkeletal,baseline,8.8145896656535,0.6664689779281616
MuscleSkeletal,baseline,2.12765957446809,0.40183573961257935
MuscleSkeletal,baseline,5.21472392638037,0.39587026834487915
MuscleSkeletal,baseline,7.85992217898833,0.37032344937324524
MuscleSkeletal,baseline,3.07971014492754,0.690458357334137
MuscleSkeletal,baseline,1.83982683982684,0.16263939440250397
MuscleSkeletal,baseline,5.09461426491994,0.6428672075271606
MuscleSkeletal,baseline,10.1754385964912,0.12830153107643127
MuscleSkeletal,baseline,5.21472392638037,0.022519195452332497
MuscleSkeletal,baseline,3.98860398860399,0.10416562110185623
MuscleSkeletal,baseline,13.1736526946108,0.1619696021080017
MuscleSkeletal,baseline,9.49720670391062,0.13843336701393127
MuscleSkeletal,baseline,4.57142857142857,0.019762495532631874
MuscleSkeletal,baseline,1.29533678756477,0.023017585277557373
MuscleSkeletal,baseline,1.40845070422535,0.01087380200624466
MuscleSkeletal,baseline,1.07635694572217,0.7328434586524963
MuscleSkeletal,baseline,1.1026878015162,0.6592127084732056
MuscleSkeletal,baseline,6.78359762934487,0.8753980994224548
MuscleSkeletal,baseline,1.46622447198464,0.30629855394363403
MuscleSkeletal,baseline,6.39154504277806,0.40987178683280945
MuscleSkeletal,baseline,2.55958171206226,0.7732861638069153
MuscleSkeletal,baseline,1.50756728107885,0.7489112615585327
MuscleSkeletal,baseline,4.10123669830313,0.8639609217643738
MuscleSkeletal,baseline,9.19302559517157,0.762100875377655
MuscleSkeletal,baseline,10.69554168278,0.5926344394683838
MuscleSkeletal,baseline,4.19424820604105,0.6081587076187134
MuscleSkeletal,baseline,6.23143768562314,0.6928910613059998
MuscleSkeletal,baseline,6.54718566227947,0.6828988194465637
MuscleSkeletal,baseline,3.92886202487504,0.35380643606185913
MuscleSkeletal,baseline,1.36374324006584,0.34472066164016724
MuscleSkeletal,baseline,2.24228653432193,0.40619078278541565
MuscleSkeletal,baseline,1.27710127710128,0.4884263277053833
MuscleSkeletal,baseline,2.43498974392907,0.6244996786117554
MuscleSkeletal,baseline,5.92013226503879,0.8515028953552246
MuscleSkeletal,baseline,12.6923922603342,0.7922694087028503
MuscleSkeletal,baseline,4.7952209246004,0.8802124857902527
MuscleSkeletal,baseline,1.47058823529412,0.6249162554740906
MuscleSkeletal,baseline,9.96059798354386,0.6887999773025513
MuscleSkeletal,baseline,2.68014059753954,0.43579456210136414
MuscleSkeletal,baseline,1.69627048946256,0.09710686653852463
MuscleSkeletal,baseline,1.68678683644783,0.8059996962547302
MuscleSkeletal,baseline,14.900015035333,0.9398499131202698
MuscleSkeletal,baseline,3.49899365226815,0.6046231389045715
MuscleSkeletal,baseline,2.37145137384563,0.4506695568561554
MuscleSkeletal,baseline,7.30591058771,0.49212735891342163
MuscleSkeletal,baseline,1.91998972580749,0.33429470658302307
MuscleSkeletal,baseline,2.51028806584362,0.6746419668197632
MuscleSkeletal,baseline,3.0271093155337,0.6548144817352295
MuscleSkeletal,baseline,5.33684336484384,0.5741913318634033
MuscleSkeletal,baseline,7.35216083957314,0.8323085308074951
MuscleSkeletal,baseline,2.43224890425335,0.5006119012832642
MuscleSkeletal,baseline,2.38514036445508,0.8456593751907349
MuscleSkeletal,baseline,5.11059371362049,0.5463001132011414
MuscleSkeletal,baseline,2.01266395296246,0.49698036909103394
MuscleSkeletal,baseline,1.25259684712208,0.6279891133308411
MuscleSkeletal,baseline,1.37770148333994,0.4892069697380066
MuscleSkeletal,baseline,3.651848218665,0.5272339582443237
MuscleSkeletal,baseline,1.44982509377502,0.5187885761260986
MuscleSkeletal,baseline,1.38888888888889,0.30555060505867004
MuscleSkeletal,baseline,6.74846625766871,0.6201674342155457
MuscleSkeletal,baseline,11.3636363636364,0.6291936039924622
MuscleSkeletal,baseline,8.24175824175824,0.7689967751502991
MuscleSkeletal,baseline,1.12994350282486,0.13759998977184296
MuscleSkeletal,baseline,1.14285714285714,0.3581787347793579
MuscleSkeletal,baseline,1.10497237569061,0.07082018256187439
MuscleSkeletal,baseline,2.11267605633803,0.22106586396694183
MuscleSkeletal,baseline,2.56410256410256,0.5096888542175293
MuscleSkeletal,baseline,4.46927374301676,0.31978073716163635
MuscleSkeletal,baseline,5.92948717948718,0.35541191697120667
MuscleSkeletal,baseline,1.4308426073132,0.2156633734703064
MuscleSkeletal,baseline,8.28877005347594,0.2386762797832489
MuscleSkeletal,baseline,3.43461030383091,0.31636834144592285
MuscleSkeletal,baseline,2.0253164556962,0.2460801899433136
MuscleSkeletal,baseline,1.00125156445557,0.11647229641675949
MuscleSkeletal,baseline,1.7283950617284,0.09500567615032196
MuscleSkeletal,baseline,4.05405405405405,0.34808653593063354
MuscleSkeletal,baseline,4.22535211267606,0.7077860832214355
MuscleSkeletal,baseline,3.50467289719626,0.8074185252189636
MuscleSkeletal,baseline,1.75,0.7093210816383362
MuscleSkeletal,baseline,2.6378896882494,0.48259592056274414
MuscleSkeletal,baseline,14.8148148148148,0.5476534366607666
MuscleSkeletal,baseline,9.69827586206897,0.4221477508544922
MuscleSkeletal,baseline,1.5712682379349,0.13436631858348846
MuscleSkeletal,baseline,14.1666666666667,0.3277716040611267
MuscleSkeletal,baseline,2.72727272727273,0.05636466667056084
MuscleSkeletal,baseline,4.04508259996912,0.18961238861083984
MuscleSkeletal,baseline,2.82006920415225,0.41326501965522766
MuscleSkeletal,baseline,1.40768814293449,0.4995606243610382
MuscleSkeletal,baseline,9.02430307362402,0.4239055812358856
MuscleSkeletal,baseline,1.55583972719523,0.5454639792442322
MuscleSkeletal,baseline,6.166156742763,0.5695629715919495
MuscleSkeletal,baseline,2.51086431675519,0.970295786857605
MuscleSkeletal,baseline,10.6577851790175,0.8900359272956848
MuscleSkeletal,baseline,7.1448275862069,0.7751617431640625
MuscleSkeletal,baseline,1.13967664988073,0.6936915516853333
MuscleSkeletal,baseline,10.2006688963211,0.8830223083496094
MuscleSkeletal,baseline,9.4212302102258,0.8381326198577881
MuscleSkeletal,baseline,1.14685314685315,0.7593564987182617
MuscleSkeletal,baseline,1.22863247863248,0.5570045113563538
MuscleSkeletal,baseline,6.52399750675255,0.8701590895652771
MuscleSkeletal,baseline,1.32933104631218,0.24567660689353943
MuscleSkeletal,baseline,8.20340958764389,0.7402076721191406
MuscleSkeletal,baseline,3.81893443717452,0.24860240519046783
MuscleSkeletal,baseline,5.29419473201415,0.7080382704734802
MuscleSkeletal,baseline,2.53490578826081,0.6198158264160156
MuscleSkeletal,baseline,1.40620854338021,0.1411280781030655
MuscleSkeletal,baseline,2.68158580109964,0.1549038141965866
MuscleSkeletal,baseline,1.41714065361998,0.6028859615325928
MuscleSkeletal,baseline,4.42550104289471,0.8440831303596497
MuscleSkeletal,baseline,1.48460004431642,0.08034893870353699
MuscleSkeletal,baseline,2.44073925271193,0.0504949726164341
MuscleSkeletal,baseline,1.46468699839486,0.555090606212616
MuscleSkeletal,baseline,13.4143910703608,0.7928426265716553
MuscleSkeletal,baseline,2.91486736582357,0.4642855226993561
MuscleSkeletal,baseline,11.124970764793,0.8803715705871582
MuscleSkeletal,baseline,2.85155368294335,0.8077589869499207
MuscleSkeletal,baseline,3.75644677084135,0.0644136369228363
MuscleSkeletal,baseline,4.56196671453916,0.6481425166130066
MuscleSkeletal,baseline,12.6167295847407,0.642336905002594
MuscleSkeletal,baseline,1.21548035783742,0.3513756990432739
MuscleSkeletal,baseline,1.85043063016969,0.33495116233825684
MuscleSkeletal,baseline,5.14447970602973,0.7145013809204102
MuscleSkeletal,baseline,2.73116744019993,0.9109198451042175
MuscleSkeletal,baseline,8.38218785081701,0.9541446566581726
MuscleSkeletal,baseline,11.6087939182248,0.8952009677886963
MuscleSkeletal,baseline,6.06948514022604,0.7243707180023193
MuscleSkeletal,baseline,1.42756610033176,0.4499114453792572
MuscleSkeletal,baseline,2.54187767822361,0.7817876935005188
MuscleSkeletal,baseline,8.7045521005946,0.8906390070915222
MuscleSkeletal,baseline,3.1001667811243,0.675475537776947
MuscleSkeletal,baseline,2.06903512313282,0.690705418586731
MuscleSkeletal,baseline,1.94424441929843,0.9306297302246094
MuscleSkeletal,baseline,2.57828614288393,0.11793124675750732
MuscleSkeletal,baseline,1.3538958127858,0.23983395099639893
MuscleSkeletal,baseline,4.30833117051648,0.13844503462314606
MuscleSkeletal,baseline,11.2748517614231,0.1486377716064453
MuscleSkeletal,baseline,3.04960086106377,0.0030979160219430923
MuscleSkeletal,baseline,2.94875210942357,0.06998264044523239
MuscleSkeletal,baseline,3.21431832709342,0.09862677752971649
MuscleSkeletal,baseline,4.19945105215005,0.08354271948337555
MuscleSkeletal,baseline,1.75452677539489,0.43160343170166016
MuscleSkeletal,baseline,4.55137328528601,0.5567007660865784
MuscleSkeletal,baseline,4.00626281213178,0.9501281380653381
MuscleSkeletal,baseline,1.00664971041584,0.5701856017112732
MuscleSkeletal,baseline,1.4257004718355,0.646522581577301
MuscleSkeletal,baseline,2.87972205911137,0.8645278811454773
MuscleSkeletal,baseline,1.55050155655483,0.49164146184921265
MuscleSkeletal,baseline,2.41570687915376,0.7149437665939331
MuscleSkeletal,baseline,1.42102353570231,0.7194845676422119
MuscleSkeletal,baseline,2.08982549080711,0.9682764410972595
MuscleSkeletal,baseline,1.84838784325825,0.9196733236312866
MuscleSkeletal,baseline,1.42156210181998,0.870133638381958
MuscleSkeletal,baseline,1.17107942973523,0.3575328290462494
MuscleSkeletal,baseline,1.65428764348413,0.6540775895118713
MuscleSkeletal,baseline,1.68140058935691,0.7669463157653809
MuscleSkeletal,baseline,1.09090909090909,0.27319252490997314
MuscleSkeletal,baseline,4.58229426433915,0.3910684585571289
MuscleSkeletal,baseline,1.71374166931133,0.41949567198753357
MuscleSkeletal,baseline,1.41495812879007,0.43559643626213074
MuscleSkeletal,baseline,9.44034440344404,0.7897828817367554
MuscleSkeletal,baseline,2.35436160579535,0.6890749335289001
MuscleSkeletal,baseline,1.416515973478,0.28945061564445496
MuscleSkeletal,baseline,2.14263850627487,0.5509100556373596
MuscleSkeletal,baseline,1.2907321201862,0.23037834465503693
MuscleSkeletal,baseline,1.11361527243802,0.8870929479598999
MuscleSkeletal,baseline,1.40034026959822,0.49419674277305603
MuscleSkeletal,baseline,2.40634755463059,0.37577491998672485
MuscleSkeletal,baseline,8.96335807050093,0.8074224591255188
MuscleSkeletal,baseline,4.57089552238806,0.10765255242586136
MuscleSkeletal,baseline,1.47806550786331,0.14645324647426605
MuscleSkeletal,baseline,1.62664601084431,0.6655212640762329
MuscleSkeletal,baseline,3.90311100906899,0.06702425330877304
MuscleSkeletal,baseline,5.33932836869468,0.004601741675287485
MuscleSkeletal,baseline,1.67753960857409,0.24193406105041504
MuscleSkeletal,baseline,2.09998141609366,0.019466625526547432
MuscleSkeletal,baseline,1.68428597025623,0.674569845199585
MuscleSkeletal,baseline,1.04304635761589,0.551547110080719
MuscleSkeletal,baseline,2.20330495743615,0.8771571516990662
MuscleSkeletal,baseline,2.53742241694049,0.674838125705719
MuscleSkeletal,baseline,4.42477876106195,0.8172433972358704
MuscleSkeletal,baseline,9.64521305045463,0.8816913366317749
MuscleSkeletal,baseline,9.33656354826686,0.8924850225448608
MuscleSkeletal,baseline,11.3024103706704,0.8620453476905823
MuscleSkeletal,baseline,1.26878781963693,0.7789802551269531
MuscleSkeletal,baseline,1.42594296228151,0.3693077266216278
MuscleSkeletal,baseline,1.3430029546065,0.8065590858459473
MuscleSkeletal,baseline,2.26293103448276,0.8039572238922119
MuscleSkeletal,baseline,7.77537796976242,0.8382163643836975
MuscleSkeletal,baseline,14.5403704998252,0.7850434184074402
MuscleSkeletal,baseline,2.68546492111447,0.29611146450042725
MuscleSkeletal,baseline,1.31189166314008,0.5301204323768616
MuscleSkeletal,baseline,1.80572851805729,0.13327200710773468
MuscleSkeletal,baseline,1.11500477859191,0.1347399204969406
MuscleSkeletal,baseline,5.08236943568174,0.8066502213478088
MuscleSkeletal,baseline,8.39160839160839,0.24797220528125763
MuscleSkeletal,baseline,3.55594102341717,0.19890263676643372
MuscleSkeletal,baseline,12.107478148268,0.7710686922073364
MuscleSkeletal,baseline,12.9143463272342,0.6529098153114319
MuscleSkeletal,baseline,1.03823752848822,0.06885002553462982
MuscleSkeletal,baseline,1.01092896174863,0.5063856244087219
MuscleSkeletal,baseline,4.18848167539267,0.8211285471916199
MuscleSkeletal,baseline,3.31325301204819,0.9197304844856262
MuscleSkeletal,baseline,5.74534161490683,0.9205173254013062
MuscleSkeletal,baseline,3.81679389312977,0.5393242835998535
MuscleSkeletal,baseline,1.32939438700148,0.44980376958847046
MuscleSkeletal,baseline,1.14777618364419,0.7213360071182251
MuscleSkeletal,baseline,1.91176470588235,0.8714285492897034
MuscleSkeletal,baseline,1.44927536231884,0.9280343055725098
MuscleSkeletal,baseline,1.23239436619718,0.8937419056892395
MuscleSkeletal,baseline,1.57068062827225,0.6904050707817078
MuscleSkeletal,baseline,1.01351351351351,0.3190597891807556
MuscleSkeletal,baseline,1.89655172413793,0.6146225929260254
MuscleSkeletal,baseline,5.21739130434783,0.5957240462303162
MuscleSkeletal,baseline,1.41843971631206,0.3368382751941681
MuscleSkeletal,baseline,5.55555555555556,0.3340173065662384
MuscleSkeletal,baseline,7.57575757575758,0.6460400819778442
MuscleSkeletal,baseline,2.58064516129032,0.4240178167819977
MuscleSkeletal,baseline,1.6260162601626,0.8770322203636169
MuscleSkeletal,baseline,1.82926829268293,0.9651862978935242
MuscleSkeletal,baseline,14.1891891891892,0.8017850518226624
MuscleSkeletal,baseline,4.10958904109589,0.5920369625091553
MuscleSkeletal,baseline,9.28571428571429,0.7497395873069763
MuscleSkeletal,baseline,2.15827338129496,0.35946470499038696
MuscleSkeletal,baseline,2.97029702970297,0.7975297570228577
MuscleSkeletal,baseline,9.61538461538461,0.6897106766700745
MuscleSkeletal,baseline,12.0481927710843,0.4096694886684418
MuscleSkeletal,baseline,3.125,0.5932114124298096
MuscleSkeletal,baseline,5.20833333333333,0.3882792890071869
MuscleSkeletal,baseline,3.26086956521739,0.8026033639907837
MuscleSkeletal,baseline,2.07253886010363,0.7997220754623413
MuscleSkeletal,baseline,2.22222222222222,0.646409809589386
MuscleSkeletal,baseline,5.74712643678161,0.0901857540011406
MuscleSkeletal,baseline,1.73410404624277,0.6788288950920105
MuscleSkeletal,baseline,3.125,0.012470465153455734
MuscleSkeletal,baseline,2.59067357512953,0.05046376585960388
MuscleSkeletal,baseline,5.0,0.08570674061775208
MuscleSkeletal,baseline,1.05263157894737,0.10664224624633789
MuscleSkeletal,baseline,1.61290322580645,0.18532082438468933
MuscleSkeletal,baseline,4.78468899521531,0.11352630704641342
MuscleSkeletal,baseline,8.25688073394495,0.386080801486969
MuscleSkeletal,baseline,1.02040816326531,0.007683850824832916
MuscleSkeletal,baseline,3.28638497652582,0.16712959110736847
MuscleSkeletal,baseline,1.00502512562814,0.12227877974510193
MuscleSkeletal,baseline,2.05128205128205,0.13788239657878876
MuscleSkeletal,baseline,14.2857142857143,0.1293363869190216
MuscleSkeletal,baseline,9.64467005076142,0.09426499903202057
MuscleSkeletal,baseline,9.18367346938776,0.12820541858673096
MuscleSkeletal,baseline,5.35714285714286,0.06073002889752388
MuscleSkeletal,baseline,2.53807106598985,0.03631211817264557
MuscleSkeletal,baseline,1.42857142857143,0.09861679375171661
MuscleSkeletal,baseline,2.92682926829268,0.12162109464406967
MuscleSkeletal,baseline,7.14285714285714,0.1305398941040039
MuscleSkeletal,baseline,8.33333333333333,0.12249007076025009
MuscleSkeletal,baseline,5.94059405940594,0.12849491834640503
MuscleSkeletal,baseline,6.28019323671498,0.1403011679649353
MuscleSkeletal,baseline,5.36585365853659,0.15543733537197113
MuscleSkeletal,baseline,3.51758793969849,0.17105668783187866
MuscleSkeletal,baseline,2.48756218905473,0.23972928524017334
MuscleSkeletal,baseline,7.69230769230769,0.6313546895980835
MuscleSkeletal,baseline,9.72762645914397,0.2787352204322815
MuscleSkeletal,baseline,1.2987012987013,0.5608918070793152
MuscleSkeletal,baseline,1.45631067961165,0.03061741031706333
MuscleSkeletal,baseline,1.68776371308017,0.15690508484840393
MuscleSkeletal,baseline,2.4896265560166,0.20695462822914124
MuscleSkeletal,baseline,1.64609053497942,0.06102323904633522
MuscleSkeletal,baseline,8.33333333333333,0.08200139552354813
MuscleSkeletal,baseline,6.15384615384615,0.14747020602226257
MuscleSkeletal,baseline,1.61064425770308,0.9162279367446899
MuscleSkeletal,baseline,1.01201771030993,0.8261017203330994
MuscleSkeletal,baseline,5.11402902557015,0.7832868099212646
MuscleSkeletal,baseline,3.063178047224,0.5632360577583313
MuscleSkeletal,baseline,2.18253968253968,0.9401343464851379
MuscleSkeletal,baseline,1.6202203499676,0.611548662185669
MuscleSkeletal,baseline,1.23456790123457,0.5712457895278931
MuscleSkeletal,baseline,2.0910209102091,0.7947208881378174
MuscleSkeletal,baseline,1.5026660203587,0.37943294644355774
MuscleSkeletal,baseline,3.07805056797362,0.0564274936914444
MuscleSkeletal,baseline,2.05867215645908,0.6802666783332825
MuscleSkeletal,baseline,1.1968880909635,0.29164886474609375
MuscleSkeletal,baseline,1.83696900114811,0.29525914788246155
MuscleSkeletal,baseline,1.69753086419753,0.9053750038146973
MuscleSkeletal,baseline,1.9127023050515,0.8903388381004333
MuscleSkeletal,baseline,2.08926875593542,0.7199686169624329
MuscleSkeletal,baseline,3.29387545033453,0.6391287446022034
MuscleSkeletal,baseline,1.17391304347826,0.4151240587234497
MuscleSkeletal,baseline,1.38588133391078,0.2202218472957611
MuscleSkeletal,baseline,1.07482430756511,0.2287844717502594
MuscleSkeletal,baseline,10.5157736604907,0.8291811943054199
MuscleSkeletal,baseline,1.52071316203461,0.3931456506252289
MuscleSkeletal,baseline,6.84508492022645,0.7323246002197266
MuscleSkeletal,baseline,3.47826086956522,0.4753371775150299
MuscleSkeletal,baseline,4.56570155902004,0.16544632613658905
MuscleSkeletal,baseline,1.68687401159726,0.10989957302808762
MuscleSkeletal,baseline,5.01618122977346,0.3966817259788513
MuscleSkeletal,baseline,3.35758254057079,0.2224169373512268
MuscleSkeletal,baseline,5.16944284893739,0.2338053286075592
MuscleSkeletal,baseline,10.2345415778252,0.3935708999633789
MuscleSkeletal,baseline,1.30005200208008,0.7671462893486023
MuscleSkeletal,baseline,3.64725095264017,0.234172061085701
MuscleSkeletal,baseline,4.32581684307409,0.15544453263282776
MuscleSkeletal,baseline,5.13282305267897,0.2381523847579956
MuscleSkeletal,baseline,7.97799174690509,0.46672505140304565
MuscleSkeletal,baseline,6.0153776571687,0.3549179434776306
MuscleSkeletal,baseline,10.7142857142857,0.260272741317749
MuscleSkeletal,baseline,2.87631831255992,0.11412398517131805
MuscleSkeletal,baseline,8.70488322717622,0.5658929944038391
MuscleSkeletal,baseline,6.36461704422869,0.22452658414840698
MuscleSkeletal,baseline,3.39074273412271,0.031241299584507942
MuscleSkeletal,baseline,1.81395348837209,0.06487845629453659
MuscleSkeletal,baseline,10.1744186046512,0.3253244459629059
MuscleSkeletal,baseline,3.08451573103023,0.3185799717903137
MuscleSkeletal,baseline,3.74739764052741,0.014581907540559769
MuscleSkeletal,baseline,3.34190231362468,0.33074527978897095
MuscleSkeletal,baseline,13.8620689655172,0.7864592671394348
MuscleSkeletal,baseline,1.24333925399645,0.59326171875
MuscleSkeletal,baseline,4.76694915254237,0.5223949551582336
MuscleSkeletal,baseline,7.55252697331062,0.8968899250030518
MuscleSkeletal,baseline,13.9008620689655,0.809288501739502
MuscleSkeletal,baseline,2.4263431542461,0.7842848300933838
MuscleSkeletal,baseline,1.21177149451818,0.9516563415527344
MuscleSkeletal,baseline,3.87464387464387,0.8745699524879456
MuscleSkeletal,baseline,2.61162594776748,0.15137186646461487
MuscleSkeletal,baseline,3.61134995700774,0.1491505205631256
MuscleSkeletal,baseline,1.13935144609991,0.2519114017486572
MuscleSkeletal,baseline,5.12104283054004,0.7552285194396973
MuscleSkeletal,baseline,4.13650465356774,0.5210885405540466
MuscleSkeletal,baseline,5.79110651499483,0.6952024102210999
MuscleSkeletal,baseline,9.40594059405941,0.9735549688339233
MuscleSkeletal,baseline,10.589651022864,0.8027515411376953
MuscleSkeletal,baseline,8.04369414101291,0.8663126230239868
MuscleSkeletal,baseline,9.29432013769363,0.8223074078559875
MuscleSkeletal,baseline,1.83887915936953,0.4088779091835022
MuscleSkeletal,baseline,12.6104417670683,0.932069718837738
MuscleSkeletal,baseline,2.83486888731396,0.11150682717561722
MuscleSkeletal,baseline,2.25022502250225,0.058615200221538544
MuscleSkeletal,baseline,4.49130331188945,0.03315521404147148
MuscleSkeletal,baseline,4.79521750190791,0.44618573784828186
MuscleSkeletal,baseline,5.56740614334471,0.7676787972450256
MuscleSkeletal,baseline,5.63530037214248,0.7390403151512146
MuscleSkeletal,baseline,3.15635451505017,0.014648284763097763
MuscleSkeletal,baseline,1.76848874598071,0.11918184906244278
MuscleSkeletal,baseline,8.90485521445678,0.21673330664634705
MuscleSkeletal,baseline,1.59781351834332,0.047480370849370956
MuscleSkeletal,baseline,1.44120537176548,0.11971073597669601
MuscleSkeletal,baseline,3.65711623573259,0.044900961220264435
MuscleSkeletal,baseline,8.2946701369243,0.37005355954170227
MuscleSkeletal,baseline,1.08516159471573,0.1456698626279831
MuscleSkeletal,baseline,4.91488544733137,0.24189376831054688
MuscleSkeletal,baseline,3.36303174802359,0.21065405011177063
MuscleSkeletal,baseline,1.11682770736604,0.2364090383052826
MuscleSkeletal,baseline,1.65478615071283,0.25969383120536804
MuscleSkeletal,baseline,2.06905305915207,0.49715808033943176
MuscleSkeletal,baseline,1.35932290330854,0.5760983824729919
MuscleSkeletal,baseline,7.65171503957784,0.7691910862922668
MuscleSkeletal,baseline,2.75667728497917,0.5710562467575073
MuscleSkeletal,baseline,1.59377789111309,0.01666768081486225
MuscleSkeletal,baseline,1.57962146008254,0.5952252149581909
MuscleSkeletal,baseline,7.8224946695096,0.15413467586040497
MuscleSkeletal,baseline,2.25733634311512,0.5484356880187988
MuscleSkeletal,baseline,3.17460317460317,0.7846245765686035
MuscleSkeletal,baseline,9.41176470588235,0.37943312525749207
MuscleSkeletal,baseline,7.37704918032787,0.6983762979507446
MuscleSkeletal,baseline,1.2987012987013,0.7255998849868774
MuscleSkeletal,baseline,2.21238938053097,0.7881470918655396
MuscleSkeletal,baseline,1.72413793103448,0.7595213651657104
MuscleSkeletal,baseline,1.89393939393939,0.5971553325653076
MuscleSkeletal,baseline,4.8582995951417,0.6728792190551758
MuscleSkeletal,baseline,3.24074074074074,0.592424213886261
MuscleSkeletal,baseline,3.65296803652968,0.931942343711853
MuscleSkeletal,baseline,10.5990783410138,0.8298258185386658
MuscleSkeletal,baseline,13.6792452830189,0.962247371673584
MuscleSkeletal,baseline,4.36893203883495,0.8956874012947083
MuscleSkeletal,baseline,3.87596899224806,0.544008731842041
MuscleSkeletal,baseline,13.4057971014493,0.8958389163017273
MuscleSkeletal,baseline,8.74200426439233,0.9040623903274536
MuscleSkeletal,baseline,1.07334525939177,0.4603550434112549
MuscleSkeletal,baseline,6.6543438077634,0.8625665307044983
MuscleSkeletal,baseline,3.07692307692308,0.8257519602775574
MuscleSkeletal,baseline,6.4638783269962,0.8560370802879333
MuscleSkeletal,baseline,4.11568409343715,0.9392755627632141
MuscleSkeletal,baseline,2.22672064777328,0.9049157500267029
MuscleSkeletal,baseline,5.25252525252525,0.902985692024231
MuscleSkeletal,baseline,1.31736526946108,0.416497141122818
MuscleSkeletal,baseline,2.30460921843687,0.028086885809898376
MuscleSkeletal,baseline,2.2140221402214,0.4632597863674164
MuscleSkeletal,baseline,4.15140415140415,0.6336684823036194
MuscleSkeletal,baseline,5.24296675191816,0.9468446373939514
MuscleSkeletal,baseline,5.01882057716437,0.7887605428695679
MuscleSkeletal,baseline,1.13636363636364,0.846603512763977
MuscleSkeletal,baseline,6.53153153153153,0.24561497569084167
MuscleSkeletal,baseline,14.2857142857143,0.8283947110176086
MuscleSkeletal,baseline,6.13154960981048,0.9082708358764648
MuscleSkeletal,baseline,4.58422174840085,0.876460611820221
MuscleSkeletal,baseline,13.0122950819672,0.9516488909721375
MuscleSkeletal,baseline,11.1880046136102,0.9136331081390381
MuscleSkeletal,baseline,2.76442307692308,0.507896363735199
MuscleSkeletal,baseline,1.1142061281337,0.5074132680892944
MuscleSkeletal,baseline,3.06513409961686,0.7386529445648193
MuscleSkeletal,baseline,10.5011933174224,0.9191667437553406
MuscleSkeletal,baseline,1.48936170212766,0.22693480551242828
MuscleSkeletal,baseline,3.37457817772778,0.14221875369548798
MuscleSkeletal,baseline,1.56903765690377,0.0924093946814537
MuscleSkeletal,baseline,1.97710718002081,0.1628030687570572
MuscleSkeletal,baseline,1.06007067137809,0.922757625579834
MuscleSkeletal,baseline,2.27537922987165,0.6832053065299988
MuscleSkeletal,baseline,1.91956124314442,0.8302804231643677
MuscleSkeletal,baseline,6.1127029608405,0.9046728610992432
MuscleSkeletal,baseline,2.10772833723653,0.7414064407348633
MuscleSkeletal,baseline,1.56433320297223,0.003173992270603776
MuscleSkeletal,baseline,1.25588697017268,0.005678656976670027
MuscleSkeletal,baseline,2.88386593920499,0.006228460464626551
MuscleSkeletal,baseline,1.7910447761194,0.39119839668273926
MuscleSkeletal,baseline,1.27690623859905,0.23126620054244995
MuscleSkeletal,baseline,1.05980317940954,0.16502629220485687
MuscleSkeletal,baseline,4.08239700374532,0.3383610248565674
MuscleSkeletal,baseline,3.05072720822987,0.387860506772995
MuscleSkeletal,baseline,1.84905660377359,0.9372851848602295
MuscleSkeletal,baseline,2.51812285387257,0.9358084797859192
MuscleSkeletal,baseline,1.06082036775106,0.9391674399375916
MuscleSkeletal,baseline,6.32124352331606,0.866837739944458
MuscleSkeletal,baseline,2.42770439128883,0.8981099128723145
MuscleSkeletal,baseline,1.35021097046414,0.0027897125110030174
MuscleSkeletal,baseline,2.90868924889543,0.7646148800849915
MuscleSkeletal,baseline,5.91278640059128,0.9242011904716492
MuscleSkeletal,baseline,3.99436090225564,0.8342692255973816
MuscleSkeletal,baseline,1.85259766411599,0.9195833802223206
MuscleSkeletal,baseline,2.33506300963677,0.9348015189170837
MuscleSkeletal,baseline,2.12837837837838,0.7762622237205505
MuscleSkeletal,baseline,1.10340479192938,0.8324124217033386
MuscleSkeletal,baseline,3.1081509673327,0.86634761095047
MuscleSkeletal,baseline,8.72834259561948,0.9521538615226746
MuscleSkeletal,baseline,1.85395384033296,0.6979619264602661
MuscleSkeletal,baseline,2.47933884297521,0.7588682770729065
MuscleSkeletal,baseline,2.6691042047532,0.7849757671356201
MuscleSkeletal,baseline,3.64705882352941,0.873754620552063
MuscleSkeletal,baseline,7.30478589420655,0.8609265089035034
MuscleSkeletal,baseline,1.12079701120797,0.40696460008621216
MuscleSkeletal,baseline,4.76190476190476,0.7489020824432373
MuscleSkeletal,baseline,3.01129234629862,0.6637436151504517
MuscleSkeletal,baseline,1.84842883548983,0.46803686022758484
MuscleSkeletal,baseline,1.06571936056838,0.7214047312736511
MuscleSkeletal,baseline,4.03783193888687,0.5779029726982117
MuscleSkeletal,baseline,1.15340253748558,0.9289867281913757
MuscleSkeletal,baseline,2.78961642774119,0.9417859315872192
MuscleSkeletal,baseline,3.74198146828225,0.9164542555809021
MuscleSkeletal,baseline,6.37119113573407,0.9863786697387695
MuscleSkeletal,baseline,3.17262830482115,0.9519783854484558
MuscleSkeletal,baseline,1.88113413304253,0.3206280469894409
MuscleSkeletal,baseline,1.10803324099723,0.8918482661247253
MuscleSkeletal,baseline,7.03324808184143,0.6660257577896118
MuscleSkeletal,baseline,1.02354145342886,0.3526642322540283
MuscleSkeletal,baseline,1.61249040184285,0.4290412664413452
MuscleSkeletal,baseline,1.20215897939156,0.5601228475570679
MuscleSkeletal,baseline,2.80046674445741,0.21033625304698944
MuscleSkeletal,baseline,1.55954631379962,0.38821297883987427
MuscleSkeletal,baseline,1.27708095781072,0.19929459691047668
MuscleSkeletal,baseline,7.23603248830913,0.37672966718673706
MuscleSkeletal,baseline,1.68251645940015,0.1469971388578415
MuscleSkeletal,baseline,1.25771238728049,0.4377728998661041
MuscleSkeletal,baseline,2.55228642325417,0.40515565872192383
MuscleSkeletal,baseline,11.0993176648977,0.47475653886795044
MuscleSkeletal,baseline,8.88888888888889,0.38937610387802124
MuscleSkeletal,baseline,4.72296395193591,0.8656643033027649
MuscleSkeletal,baseline,1.28166005492829,0.341641902923584
MuscleSkeletal,baseline,1.7774343122102,0.5359761118888855
MuscleSkeletal,baseline,1.06046217157328,0.43706583976745605
MuscleSkeletal,baseline,1.40356172653184,0.7992132902145386
MuscleSkeletal,baseline,5.71247223103777,0.9232308864593506
MuscleSkeletal,baseline,2.11076280041797,0.14973808825016022
MuscleSkeletal,baseline,1.29738495844314,0.3624189794063568
MuscleSkeletal,baseline,5.32655750047054,0.3402901291847229
MuscleSkeletal,baseline,10.0739371534196,0.4165654182434082
MuscleSkeletal,baseline,8.19672131147541,0.29159584641456604
MuscleSkeletal,baseline,8.11662726556344,0.6137494444847107
MuscleSkeletal,baseline,8.58662613981763,0.7430756688117981
MuscleSkeletal,baseline,3.98351648351648,0.1635732799768448
MuscleSkeletal,baseline,6.38629283489097,0.30243930220603943
MuscleSkeletal,baseline,1.01088646967341,0.10998323559761047
MuscleSkeletal,baseline,5.11841100076394,0.28805214166641235
MuscleSkeletal,baseline,11.1940298507463,0.3944118320941925
MuscleSkeletal,baseline,1.67597765363129,0.8474869728088379
MuscleSkeletal,baseline,13.7155297532656,0.514628529548645
MuscleSkeletal,baseline,1.73035328046143,0.5637144446372986
MuscleSkeletal,baseline,1.11910471622702,0.2617960572242737
MuscleSkeletal,baseline,6.13967766692249,0.3494892120361328
MuscleSkeletal,baseline,11.4263199369582,0.41157931089401245
MuscleSkeletal,baseline,5.17799352750809,0.7085418105125427
MuscleSkeletal,baseline,1.14503816793893,0.7345987558364868
MuscleSkeletal,baseline,3.83522727272727,0.724677562713623
MuscleSkeletal,baseline,5.06502395619439,0.6907535195350647
MuscleSkeletal,baseline,1.83299389002037,0.5075947046279907
MuscleSkeletal,baseline,3.51724137931035,0.5503388047218323
MuscleSkeletal,baseline,2.11416490486258,0.68123459815979
MuscleSkeletal,baseline,8.57348703170029,0.6802291870117188
MuscleSkeletal,baseline,4.1005291005291,0.24595360457897186
MuscleSkeletal,baseline,4.155672823219,0.20593704283237457
MuscleSkeletal,baseline,8.3974358974359,0.21279601752758026
MuscleSkeletal,baseline,1.64141414141414,0.2759317457675934
MuscleSkeletal,baseline,11.9115549215407,0.2625487148761749
MuscleSkeletal,baseline,1.3351134846462,0.10404300689697266
MuscleSkeletal,baseline,7.49063670411985,0.07311112433671951
MuscleSkeletal,baseline,6.13695090439277,0.1086728647351265
MuscleSkeletal,baseline,4.02193784277879,0.02810237929224968
MuscleSkeletal,baseline,8.53735091023227,0.059906743466854095
MuscleSkeletal,baseline,1.60857908847185,0.07860428094863892
MuscleSkeletal,baseline,1.99680511182109,0.1286979466676712
MuscleSkeletal,baseline,3.34967320261438,0.5015941262245178
MuscleSkeletal,baseline,3.25064157399487,0.6651884913444519
MuscleSkeletal,baseline,8.14111261872456,0.29173025488853455
MuscleSkeletal,baseline,1.48448043184885,0.030407724902033806
MuscleSkeletal,baseline,4.57010069713401,0.19259987771511078
MuscleSkeletal,baseline,6.81642137877614,0.4396522343158722
MuscleSkeletal,baseline,4.62151394422311,0.23010331392288208
MuscleSkeletal,baseline,6.75074183976261,0.5821053385734558
MuscleSkeletal,baseline,14.639475600874,0.5060412883758545
MuscleSkeletal,baseline,1.0590015128593,0.026897722855210304
MuscleSkeletal,baseline,6.19596541786744,0.5936272144317627
MuscleSkeletal,baseline,7.13178294573643,0.2418462634086609
MuscleSkeletal,baseline,4.67753366406804,0.18251892924308777
MuscleSkeletal,baseline,4.42577030812325,0.20797808468341827
MuscleSkeletal,baseline,13.4440278521693,0.26337069272994995
MuscleSkeletal,baseline,1.20167189132706,0.11810114234685898
MuscleSkeletal,baseline,3.03852414541508,0.0047619156539440155
MuscleSkeletal,baseline,4.79564032697548,0.23804277181625366
MuscleSkeletal,baseline,1.13073110285006,0.29971617460250854
MuscleSkeletal,baseline,1.46462370437134,0.2957623600959778
MuscleSkeletal,baseline,11.0087988541027,0.8431134819984436
MuscleSkeletal,baseline,3.6396541323145,0.6852619051933289
MuscleSkeletal,baseline,4.02724904828692,0.7432581782341003
MuscleSkeletal,baseline,1.64569215876089,0.4329972565174103
MuscleSkeletal,baseline,4.05138339920949,0.2768480181694031
MuscleSkeletal,baseline,13.5985198889917,0.7056559920310974
MuscleSkeletal,baseline,2.10622710622711,0.8284987807273865
MuscleSkeletal,baseline,7.52688172043011,0.5133414268493652
MuscleSkeletal,baseline,2.20264317180617,0.5294360518455505
MuscleSkeletal,baseline,4.45154419595314,0.03992893174290657
MuscleSkeletal,baseline,4.06030495117355,0.2305697798728943
MuscleSkeletal,baseline,11.4835164835165,0.4264870584011078
MuscleSkeletal,baseline,1.23039064903107,0.0008579272544011474
MuscleSkeletal,baseline,11.9959421760081,0.16805611550807953
MuscleSkeletal,baseline,14.048595140486,0.41030019521713257
MuscleSkeletal,baseline,1.90091598542303,0.11486514657735825
MuscleSkeletal,baseline,3.44827586206897,0.05498487129807472
MuscleSkeletal,baseline,5.21164021164021,0.7616568207740784
MuscleSkeletal,baseline,2.20153783893161,0.3734373450279236
MuscleSkeletal,baseline,3.67518375918796,0.6067160367965698
MuscleSkeletal,baseline,6.98477915771781,0.8619519472122192
MuscleSkeletal,baseline,3.67733213159081,0.6277855038642883
MuscleSkeletal,baseline,3.6655438874579,0.7686119079589844
MuscleSkeletal,baseline,1.49319279754062,0.5283547043800354
MuscleSkeletal,baseline,2.00945626477541,0.4180043637752533
MuscleSkeletal,baseline,11.2434325744308,0.5294294357299805
MuscleSkeletal,baseline,7.46873943899966,0.6779041886329651
MuscleSkeletal,baseline,2.78688524590164,0.7444363236427307
MuscleSkeletal,baseline,2.50128932439402,0.7946200370788574
MuscleSkeletal,baseline,2.75639433821704,0.8704187870025635
MuscleSkeletal,baseline,1.17622348246167,0.17332470417022705
MuscleSkeletal,baseline,6.21157515369939,0.6751830577850342
MuscleSkeletal,baseline,4.78730497399653,0.6257719397544861
MuscleSkeletal,baseline,2.55075481520042,0.5727159380912781
MuscleSkeletal,baseline,9.71177944862155,0.7652564644813538
MuscleSkeletal,baseline,1.20296902994625,0.13903768360614777
MuscleSkeletal,baseline,10.9375,0.602516233921051
MuscleSkeletal,baseline,2.08333333333333,0.5727025270462036
MuscleSkeletal,baseline,10.15625,0.7119564414024353
MuscleSkeletal,baseline,4.69798657718121,0.566827118396759
MuscleSkeletal,baseline,8.33333333333333,0.11410675197839737
MuscleSkeletal,baseline,10.1063829787234,0.31221383810043335
MuscleSkeletal,baseline,7.86026200873362,0.8334987163543701
MuscleSkeletal,baseline,1.61290322580645,0.3830457329750061
MuscleSkeletal,baseline,3.17460317460317,0.013316454365849495
MuscleSkeletal,baseline,2.86885245901639,0.33530193567276
MuscleSkeletal,baseline,2.10970464135021,0.7641345262527466
MuscleSkeletal,baseline,3.26530612244898,0.12037347257137299
MuscleSkeletal,baseline,4.16666666666667,0.3440808951854706
MuscleSkeletal,baseline,5.14018691588785,0.524933397769928
MuscleSkeletal,baseline,1.08695652173913,0.009373234584927559
MuscleSkeletal,baseline,1.97044334975369,0.010029172524809837
MuscleSkeletal,baseline,1.45631067961165,0.0045177931897342205
MuscleSkeletal,baseline,1.0,0.05242977663874626
MuscleSkeletal,baseline,5.52995391705069,0.2311503291130066
MuscleSkeletal,baseline,2.5,0.06373558938503265
MuscleSkeletal,baseline,3.61990950226244,0.0032915163319557905
MuscleSkeletal,baseline,6.55737704918033,0.01373052503913641
MuscleSkeletal,baseline,1.57068062827225,0.0012198362965136766
MuscleSkeletal,baseline,2.7027027027027,0.7843712568283081
MuscleSkeletal,baseline,1.67832167832168,0.5936657190322876
MuscleSkeletal,baseline,1.28700128700129,0.7829171419143677
MuscleSkeletal,baseline,5.10855683269476,0.46537894010543823
MuscleSkeletal,baseline,10.4750304506699,0.7940648794174194
MuscleSkeletal,baseline,1.11111111111111,0.70644211769104
MuscleSkeletal,baseline,2.38663484486874,0.6762306094169617
MuscleSkeletal,baseline,4.56354470681879,0.8732160925865173
MuscleSkeletal,baseline,1.92139737991266,0.40957653522491455
MuscleSkeletal,baseline,8.39307048984468,0.7746836543083191
MuscleSkeletal,baseline,6.44398462902749,0.8711975812911987
MuscleSkeletal,baseline,1.73913043478261,0.3252853751182556
MuscleSkeletal,baseline,2.9494822717289,0.3070390224456787
MuscleSkeletal,baseline,4.45066915655151,0.5292357802391052
MuscleSkeletal,baseline,10.1606030809571,0.6585988998413086
MuscleSkeletal,baseline,3.79548306148055,0.3485420346260071
MuscleSkeletal,baseline,3.23269289417505,0.5182435512542725
MuscleSkeletal,baseline,1.67064439140811,0.619530975818634
MuscleSkeletal,baseline,1.32203389830508,0.33955931663513184
MuscleSkeletal,baseline,5.59080095162569,0.7522568106651306
MuscleSkeletal,baseline,7.05030487804878,0.734431266784668
MuscleSkeletal,baseline,3.24825986078886,0.6930961608886719
MuscleSkeletal,baseline,3.71660859465738,0.5111513733863831
MuscleSkeletal,baseline,8.32356389214537,0.5306265354156494
MuscleSkeletal,baseline,10.1092896174863,0.6294820308685303
MuscleSkeletal,baseline,9.32956381260097,0.6639266014099121
MuscleSkeletal,baseline,1.67772142021069,0.4036496877670288
MuscleSkeletal,baseline,4.83091787439614,0.43172574043273926
MuscleSkeletal,baseline,4.19261104192611,0.4138970971107483
MuscleSkeletal,baseline,7.62105263157895,0.4697684347629547
MuscleSkeletal,baseline,4.95590088198236,0.5472313165664673
MuscleSkeletal,baseline,10.8408023900982,0.6813822984695435
MuscleSkeletal,baseline,12.9596412556054,0.6849279999732971
MuscleSkeletal,baseline,2.83806343906511,0.6429204940795898
MuscleSkeletal,baseline,6.72,0.7885387539863586
MuscleSkeletal,baseline,3.04909560723514,0.17386381328105927
MuscleSkeletal,baseline,6.91358024691358,0.5438972115516663
MuscleSkeletal,baseline,5.35889872173058,0.7004101276397705
MuscleSkeletal,baseline,2.74674115456238,0.5978785753250122
MuscleSkeletal,baseline,3.41400172860847,0.3722584843635559
MuscleSkeletal,baseline,10.7735925475901,0.7478055953979492
MuscleSkeletal,baseline,1.16512655685014,0.06941822916269302
MuscleSkeletal,baseline,13.7239784117194,0.3055575489997864
MuscleSkeletal,baseline,8.18808269152817,0.5537030100822449
MuscleSkeletal,baseline,3.17092034029389,0.1414690762758255
MuscleSkeletal,baseline,2.52776713902719,0.3736012578010559
MuscleSkeletal,baseline,1.48075024679171,0.947404146194458
MuscleSkeletal,baseline,5.71687840290381,0.7307720184326172
MuscleSkeletal,baseline,1.88269370021723,0.18764668703079224
MuscleSkeletal,baseline,3.46820809248555,0.19052952527999878
MuscleSkeletal,baseline,3.46260387811634,0.050988052040338516
MuscleSkeletal,baseline,6.99346405228758,0.7964562773704529
MuscleSkeletal,baseline,2.67349260523322,0.5825462341308594
MuscleSkeletal,baseline,1.56165858912224,0.8561354875564575
MuscleSkeletal,baseline,1.71555063641395,0.6545557379722595
MuscleSkeletal,baseline,2.12998361551065,0.7642487287521362
MuscleSkeletal,baseline,5.88544403573305,0.8314715027809143
MuscleSkeletal,baseline,1.86170212765957,0.29671549797058105
MuscleSkeletal,baseline,3.37129840546697,0.8624065518379211
MuscleSkeletal,baseline,14.9508756941478,0.8686200976371765
MuscleSkeletal,baseline,1.02124183006536,0.7518872618675232
MuscleSkeletal,baseline,12.2653862941947,0.8643917441368103
MuscleSkeletal,baseline,6.12888688598468,0.8466806411743164
MuscleSkeletal,baseline,1.78006329113924,0.7351349592208862
MuscleSkeletal,baseline,4.97280497280497,0.7142391800880432
MuscleSkeletal,baseline,11.179408374952,0.7101343274116516
MuscleSkeletal,baseline,1.72281776416539,0.5270521640777588
MuscleSkeletal,baseline,5.2689756816507,0.7947627305984497
MuscleSkeletal,baseline,1.43827407111466,0.3884013295173645
MuscleSkeletal,baseline,8.72231686541738,0.8281099200248718
MuscleSkeletal,baseline,4.3039677202421,0.544693112373352
MuscleSkeletal,baseline,1.82149362477231,0.5702731013298035
MuscleSkeletal,baseline,1.36290753607696,0.09367828816175461
MuscleSkeletal,baseline,1.97218710493047,0.14705565571784973
MuscleSkeletal,baseline,6.39259578131726,0.5682652592658997
MuscleSkeletal,baseline,2.79232111692845,0.5160324573516846
MuscleSkeletal,baseline,10.6079151366789,0.39174729585647583
MuscleSkeletal,baseline,1.65289256198347,0.25877636671066284
MuscleSkeletal,baseline,4.45344129554656,0.48741415143013
MuscleSkeletal,baseline,6.66666666666667,0.39986926317214966
MuscleSkeletal,baseline,1.90217391304348,0.29830801486968994
MuscleSkeletal,baseline,2.05479452054795,0.3543936312198639
MuscleSkeletal,baseline,2.60047281323877,0.6905983686447144
MuscleSkeletal,baseline,2.81030444964871,0.6468769907951355
MuscleSkeletal,baseline,12.7450980392157,0.7235413789749146
MuscleSkeletal,baseline,1.71919770773639,0.4755937457084656
MuscleSkeletal,baseline,5.22388059701493,0.6890244483947754
MuscleSkeletal,baseline,9.9502487562189,0.7586143612861633
MuscleSkeletal,baseline,7.50605326876513,0.7104086875915527
MuscleSkeletal,baseline,4.98915401301519,0.44705134630203247
MuscleSkeletal,baseline,2.24719101123596,0.19138215482234955
MuscleSkeletal,baseline,14.6814404432133,0.21337683498859406
MuscleSkeletal,baseline,3.08370044052863,0.47047433257102966
MuscleSkeletal,baseline,8.57740585774059,0.6563063263893127
MuscleSkeletal,baseline,2.06422018348624,0.6007303595542908
MuscleSkeletal,baseline,1.27388535031847,0.07055679708719254
MuscleSkeletal,baseline,1.86721991701245,0.3737720251083374
MuscleSkeletal,baseline,2.734375,0.19587060809135437
MuscleSkeletal,baseline,14.6292585170341,0.38142162561416626
MuscleSkeletal,baseline,10.3448275862069,0.5458298325538635
MuscleSkeletal,baseline,8.27205882352941,0.45243117213249207
MuscleSkeletal,baseline,10.4377104377104,0.7257130742073059
MuscleSkeletal,baseline,1.70357751277683,0.3163294494152069
MuscleSkeletal,baseline,7.71929824561404,0.6097559332847595
MuscleSkeletal,baseline,1.54440154440154,0.3978233337402344
MuscleSkeletal,baseline,12.48,0.5763849020004272
MuscleSkeletal,baseline,2.07612456747405,0.7408446669578552
MuscleSkeletal,baseline,1.41732283464567,0.7369496822357178
MuscleSkeletal,baseline,7.03517587939699,0.8903533816337585
MuscleSkeletal,baseline,6.53266331658292,0.7520787119865417
MuscleSkeletal,baseline,6.36515912897823,0.6952341198921204
MuscleSkeletal,baseline,1.19047619047619,0.7013612389564514
MuscleSkeletal,baseline,1.79856115107914,0.7452244162559509
MuscleSkeletal,baseline,3.47490347490348,0.8328824639320374
MuscleSkeletal,baseline,2.76752767527675,0.7999327182769775
MuscleSkeletal,baseline,3.76569037656904,0.3344722390174866
MuscleSkeletal,baseline,6.46319569120287,0.8475619554519653
MuscleSkeletal,baseline,5.50774526678141,0.8389192819595337
MuscleSkeletal,baseline,2.27670753064799,0.8657026886940002
MuscleSkeletal,baseline,5.65371024734982,0.8462066054344177
MuscleSkeletal,baseline,4.35540069686411,0.6176899671554565
MuscleSkeletal,baseline,1.71232876712329,0.5755294561386108
MuscleSkeletal,baseline,6.81458003169572,0.7437233328819275
MuscleSkeletal,baseline,11.5384615384615,0.7777042388916016
MuscleSkeletal,baseline,3.01659125188537,0.019738899543881416
MuscleSkeletal,baseline,4.68277945619335,0.6840387582778931
MuscleSkeletal,baseline,2.67459138187221,0.5499377846717834
MuscleSkeletal,baseline,2.39520958083832,0.15152226388454437
MuscleSkeletal,baseline,2.1398002853067,0.4193088114261627
MuscleSkeletal,baseline,1.09439124487004,0.3404655456542969
MuscleSkeletal,baseline,1.12612612612613,0.49028822779655457
MuscleSkeletal,baseline,2.9673590504451,0.8917029500007629
MuscleSkeletal,baseline,1.42247510668563,0.9281333088874817
MuscleSkeletal,baseline,1.36307311028501,0.836887776851654
MuscleSkeletal,baseline,3.57142857142857,0.9246734380722046
MuscleSkeletal,baseline,1.79717586649551,0.914838433265686
MuscleSkeletal,baseline,1.89393939393939,0.4429914355278015
MuscleSkeletal,baseline,1.70212765957447,0.4382627606391907
MuscleSkeletal,baseline,1.83696900114811,0.6435099244117737
MuscleSkeletal,baseline,1.21951219512195,0.4678831696510315
MuscleSkeletal,baseline,4.7244094488189,0.9457953572273254
MuscleSkeletal,baseline,1.57068062827225,0.912165641784668
MuscleSkeletal,baseline,4.11840411840412,0.9188409447669983
MuscleSkeletal,baseline,3.07692307692308,0.4680410921573639
MuscleSkeletal,baseline,12.7187864644107,0.8337872624397278
MuscleSkeletal,baseline,5.78703703703704,0.8310256600379944
MuscleSkeletal,baseline,2.46768507638073,0.4503856897354126
MuscleSkeletal,baseline,1.5311004784689,0.08061806857585907
MuscleSkeletal,baseline,3.29256820319849,0.47672414779663086
MuscleSkeletal,baseline,5.91233435270133,0.8861625790596008
MuscleSkeletal,baseline,2.57425742574257,0.5674703121185303
MuscleSkeletal,baseline,9.20810313075506,0.9363340139389038
MuscleSkeletal,baseline,6.64621676891616,0.8597700595855713
MuscleSkeletal,baseline,3.71203599550056,0.694114625453949
MuscleSkeletal,baseline,2.76008492569002,0.7217572927474976
MuscleSkeletal,baseline,6.580259222333,0.42047107219696045
MuscleSkeletal,baseline,3.39539978094195,0.038734279572963715
MuscleSkeletal,baseline,1.48331273176761,0.013728968799114227
MuscleSkeletal,baseline,2.87769784172662,0.005129578057676554
MuscleSkeletal,baseline,4.65994962216625,0.8848195672035217
MuscleSkeletal,baseline,4.34782608695652,0.16514401137828827
MuscleSkeletal,baseline,2.06060606060606,0.651188313961029
MuscleSkeletal,baseline,6.23376623376623,0.8741796016693115
MuscleSkeletal,baseline,1.95567144719687,0.8853635191917419
MuscleSkeletal,baseline,2.17948717948718,0.9488900303840637
MuscleSkeletal,baseline,1.07962213225371,0.46788498759269714
MuscleSkeletal,baseline,2.18281036834925,0.7204484939575195
MuscleSkeletal,baseline,4.50204638472033,0.7495320439338684
MuscleSkeletal,baseline,12.2476446837147,0.9022260308265686
MuscleSkeletal,baseline,6.2992125984252,0.7419721484184265
MuscleSkeletal,baseline,4.6070460704607,0.7084612846374512
MuscleSkeletal,baseline,10.1818181818182,0.3874897062778473
MuscleSkeletal,baseline,3.62976406533575,0.040442127734422684
MuscleSkeletal,baseline,1.52354570637119,0.577887237071991
MuscleSkeletal,baseline,3.12862108922364,0.04420414939522743
MuscleSkeletal,baseline,3.11377245508982,0.0033517356496304274
MuscleSkeletal,baseline,2.67441860465116,0.03606506437063217
MuscleSkeletal,baseline,14.5882352941176,0.07499337941408157
MuscleSkeletal,baseline,5.375,0.2402767390012741
MuscleSkeletal,baseline,4.26997245179063,0.23243387043476105
MuscleSkeletal,baseline,2.25669957686883,0.11201581358909607
MuscleSkeletal,baseline,3.27102803738318,0.1144823357462883
MuscleSkeletal,baseline,3.08943089430894,0.015405837446451187
MuscleSkeletal,baseline,10.7569721115538,0.028023038059473038
MuscleSkeletal,baseline,8.11359026369168,0.05770386382937431
MuscleSkeletal,baseline,10.7991360691145,0.05240621417760849
MuscleSkeletal,baseline,6.72451193058568,0.3065277636051178
MuscleSkeletal,baseline,2.64227642276423,0.6362420320510864
MuscleSkeletal,baseline,1.15830115830116,0.31989914178848267
MuscleSkeletal,baseline,1.32325141776938,0.7454714179039001
MuscleSkeletal,baseline,2.48091603053435,0.782828152179718
MuscleSkeletal,baseline,5.41586073500967,0.8876122832298279
MuscleSkeletal,baseline,1.73076923076923,0.33269184827804565
MuscleSkeletal,baseline,8.69565217391304,0.9467639327049255
MuscleSkeletal,baseline,2.69230769230769,0.5823217630386353
MuscleSkeletal,baseline,14.6186440677966,0.9626004695892334
MuscleSkeletal,baseline,3.420523138833,0.6307315230369568
MuscleSkeletal,baseline,8.69565217391304,0.9338472485542297
MuscleSkeletal,baseline,2.5390625,0.018512718379497528
MuscleSkeletal,baseline,7.09219858156028,0.3736412823200226
MuscleSkeletal,baseline,2.4904214559387,0.8210994601249695
MuscleSkeletal,baseline,4.51866404715128,0.8430026173591614
MuscleSkeletal,baseline,2.17755443886097,0.40361231565475464
MuscleSkeletal,baseline,4.53857791225416,0.33228564262390137
MuscleSkeletal,baseline,2.12121212121212,0.14512798190116882
MuscleSkeletal,baseline,6.29032258064516,0.03834781423211098
MuscleSkeletal,baseline,1.18343195266272,0.018294470384716988
MuscleSkeletal,baseline,12.7351664254703,0.11091006547212601
MuscleSkeletal,baseline,4.91329479768786,0.06045979633927345
MuscleSkeletal,baseline,14.5348837209302,0.27772659063339233
MuscleSkeletal,baseline,12.0481927710843,0.05649814009666443
MuscleSkeletal,baseline,10.0,0.28476524353027344
MuscleSkeletal,baseline,3.31890331890332,0.010106741450726986
MuscleSkeletal,baseline,9.46291560102302,0.24654555320739746
MuscleSkeletal,baseline,2.40549828178694,0.17902688682079315
MuscleSkeletal,baseline,7.58082497212932,0.34844282269477844
MuscleSkeletal,baseline,2.47058823529412,0.06582891941070557
MuscleSkeletal,baseline,1.39049826187717,0.025881018489599228
MuscleSkeletal,baseline,4.90196078431373,0.6196349859237671
MuscleSkeletal,baseline,2.97029702970297,0.1639755219221115
MuscleSkeletal,baseline,2.83018867924528,0.005679645109921694
MuscleSkeletal,baseline,5.71428571428571,0.0053275516256690025
MuscleSkeletal,baseline,2.77777777777778,0.005699304863810539
MuscleSkeletal,baseline,1.9047619047619,0.008411589078605175
MuscleSkeletal,baseline,2.9126213592233,0.017340805381536484
MuscleSkeletal,baseline,6.0,0.12421662360429764
MuscleSkeletal,baseline,5.12820512820513,0.41664645075798035
MuscleSkeletal,baseline,2.47933884297521,0.33058521151542664
MuscleSkeletal,baseline,1.0,0.40757644176483154
MuscleSkeletal,baseline,14.9122807017544,0.858171284198761
MuscleSkeletal,baseline,14.9122807017544,0.5668409466743469
MuscleSkeletal,baseline,5.26881720430108,0.4353216886520386
MuscleSkeletal,baseline,4.17101147028154,0.24020768702030182
MuscleSkeletal,baseline,1.64744645799012,0.2036987692117691
MuscleSkeletal,baseline,6.28227194492255,0.3372809588909149
MuscleSkeletal,baseline,6.60377358490566,0.5722368955612183
MuscleSkeletal,baseline,4.33263452131377,0.48175880312919617
MuscleSkeletal,baseline,1.71606864274571,0.8353697061538696
MuscleSkeletal,baseline,9.17180013689254,0.6627129912376404
MuscleSkeletal,baseline,1.21802679658953,0.25141194462776184
MuscleSkeletal,baseline,3.25443786982249,0.44273266196250916
MuscleSkeletal,baseline,5.72289156626506,0.378554105758667
MuscleSkeletal,baseline,7.70764119601329,0.007243759464472532
MuscleSkeletal,baseline,7.20496894409938,0.018884355202317238
MuscleSkeletal,baseline,1.60791589363018,0.17372938990592957
MuscleSkeletal,baseline,1.14803625377644,0.8082910776138306
MuscleSkeletal,baseline,14.3497757847534,0.3846781253814697
MuscleSkeletal,baseline,3.28515111695138,0.16188234090805054
MuscleSkeletal,baseline,1.16363636363636,0.22831420600414276
MuscleSkeletal,baseline,1.35617416131335,0.47799915075302124
MuscleSkeletal,baseline,2.00129115558425,0.36963140964508057
MuscleSkeletal,baseline,8.89526542324247,0.40744683146476746
MuscleSkeletal,baseline,5.7356608478803,0.12422629445791245
MuscleSkeletal,baseline,1.27456186935741,0.3174881935119629
MuscleSkeletal,baseline,2.63409961685824,0.6282211542129517
MuscleSkeletal,baseline,1.69238427078148,0.3328135907649994
MuscleSkeletal,baseline,1.51821862348178,0.5047832727432251
MuscleSkeletal,baseline,2.83852954862727,0.028736967593431473
MuscleSkeletal,baseline,5.62172463077656,0.014949964359402657
MuscleSkeletal,baseline,12.9509713228492,0.0608365498483181
MuscleSkeletal,baseline,3.40807174887892,0.2160884290933609
MuscleSkeletal,baseline,10.3228740336517,0.018547657877206802
MuscleSkeletal,baseline,5.39696699375558,0.11000052839517593
MuscleSkeletal,baseline,3.08204914618909,0.4464523196220398
MuscleSkeletal,baseline,2.46365105008078,0.3468932807445526
MuscleSkeletal,baseline,3.73750543242069,0.11397045105695724
MuscleSkeletal,baseline,1.40350877192982,0.20756691694259644
MuscleSkeletal,baseline,1.00725221595488,0.10329501330852509
MuscleSkeletal,baseline,3.57436318816763,0.3631800413131714
MuscleSkeletal,baseline,7.4141876430206,0.7745139598846436
MuscleSkeletal,baseline,1.38358778625954,0.3413105309009552
MuscleSkeletal,baseline,1.55566358774915,0.9697167873382568
MuscleSkeletal,baseline,2.59676629103381,0.6208722591400146
MuscleSkeletal,baseline,5.6695464362851,0.18384593725204468
MuscleSkeletal,baseline,6.43500643500644,0.3924027681350708
MuscleSkeletal,baseline,4.11710887465691,0.284338116645813
MuscleSkeletal,baseline,8.60445205479452,0.338716059923172
MuscleSkeletal,baseline,2.03628285820067,0.5328853130340576
MuscleSkeletal,baseline,1.18363205951978,0.21368345618247986
MuscleSkeletal,baseline,2.29187731715538,0.03216418996453285
MuscleSkeletal,baseline,1.47260273972603,0.030190633609890938
MuscleSkeletal,baseline,4.74226804123711,0.7293297648429871
MuscleSkeletal,baseline,10.1809954751131,0.7405839562416077
MuscleSkeletal,baseline,2.57611241217799,0.21920762956142426
MuscleSkeletal,baseline,5.2132701421801,0.3524531126022339
MuscleSkeletal,baseline,1.51515151515152,0.2999016046524048
MuscleSkeletal,baseline,1.02827763496144,0.45157527923583984
MuscleSkeletal,baseline,3.62116991643454,0.28483033180236816
MuscleSkeletal,baseline,4.32569974554707,0.47770965099334717
MuscleSkeletal,baseline,1.3355592654424,0.6240713000297546
MuscleSkeletal,baseline,2.66666666666667,0.2669442296028137
MuscleSkeletal,baseline,1.39616055846422,0.3084688186645508
MuscleSkeletal,baseline,5.51724137931035,0.34341883659362793
MuscleSkeletal,baseline,4.75382003395586,0.5211543440818787
MuscleSkeletal,baseline,2.3489932885906,0.5245040059089661
MuscleSkeletal,baseline,1.5,0.4867773652076721
MuscleSkeletal,baseline,2.82861896838602,0.3253028094768524
MuscleSkeletal,baseline,4.36187399030695,0.36390119791030884
MuscleSkeletal,baseline,1.61550888529887,0.4877186119556427
MuscleSkeletal,baseline,1.24223602484472,0.3915400207042694
MuscleSkeletal,baseline,14.6739130434783,0.9409619569778442
MuscleSkeletal,baseline,5.90111642743222,0.7940777540206909
MuscleSkeletal,baseline,3.77049180327869,0.8838904500007629
MuscleSkeletal,baseline,9.39907550077042,0.9598129987716675
MuscleSkeletal,baseline,6.62358642972536,0.5793527960777283
MuscleSkeletal,baseline,5.85516178736518,0.6915720105171204
MuscleSkeletal,baseline,1.17302052785924,0.5034056901931763
MuscleSkeletal,baseline,5.62200956937799,0.9265836477279663
MuscleSkeletal,baseline,3.47411444141689,0.14723573625087738
MuscleSkeletal,baseline,9.91097922848665,0.7338529229164124
MuscleSkeletal,baseline,1.34758364312268,0.3315231204032898
MuscleSkeletal,baseline,2.38095238095238,0.3108862340450287
MuscleSkeletal,baseline,1.05871029836381,0.19718290865421295
MuscleSkeletal,baseline,14.2649903288201,0.7692818641662598
MuscleSkeletal,baseline,13.1944444444444,0.6303110718727112
MuscleSkeletal,baseline,4.18574231523872,0.9557209014892578
MuscleSkeletal,baseline,2.52918287937743,0.7782887816429138
MuscleSkeletal,baseline,5.63047875927175,0.9493955969810486
MuscleSkeletal,baseline,12.6619552414605,0.8505964875221252
MuscleSkeletal,baseline,1.40064196089875,0.7120792269706726
MuscleSkeletal,baseline,4.26746398477847,0.7185037732124329
MuscleSkeletal,baseline,1.74129353233831,0.7500142455101013
MuscleSkeletal,baseline,2.26005283240387,0.7419695258140564
MuscleSkeletal,baseline,1.12016293279022,0.9612959623336792
MuscleSkeletal,baseline,1.33212231304874,0.8292322754859924
MuscleSkeletal,baseline,1.58241758241758,0.6916165947914124
MuscleSkeletal,baseline,2.07837194197878,0.4680306017398834
MuscleSkeletal,baseline,1.39583333333333,0.4937034547328949
MuscleSkeletal,baseline,1.78571428571429,0.3812248110771179
MuscleSkeletal,baseline,3.53982300884956,0.25688791275024414
MuscleSkeletal,baseline,3.96039603960396,0.5882242918014526
MuscleSkeletal,baseline,2.47933884297521,0.6576646566390991
MuscleSkeletal,baseline,2.8169014084507,0.6791303157806396
MuscleSkeletal,baseline,3.24324324324324,0.11284346133470535
MuscleSkeletal,baseline,1.43884892086331,0.09611478447914124
MuscleSkeletal,baseline,1.09246976199766,0.9507798552513123
MuscleSkeletal,baseline,1.01335789958544,0.838913083076477
MuscleSkeletal,baseline,1.19709277469004,0.9320977926254272
MuscleSkeletal,baseline,3.43956704750451,0.3806327283382416
MuscleSkeletal,baseline,1.2987012987013,0.3513958156108856
MuscleSkeletal,baseline,1.41578312488096,0.42692986130714417
MuscleSkeletal,baseline,1.99699873023202,0.702238142490387
MuscleSkeletal,baseline,1.2919453495684,0.6912821531295776
MuscleSkeletal,baseline,1.42463867859601,0.8018845319747925
MuscleSkeletal,baseline,1.27840909090909,0.6952252388000488
MuscleSkeletal,baseline,6.77490479053919,0.878169596195221
MuscleSkeletal,baseline,1.14583333333333,0.81399005651474
MuscleSkeletal,baseline,6.73254525304765,0.951017439365387
MuscleSkeletal,baseline,1.38676271949572,0.6719784736633301
MuscleSkeletal,baseline,3.91389432485323,0.3206704258918762
MuscleSkeletal,baseline,4.53020134228188,0.48169341683387756
MuscleSkeletal,baseline,1.11441307578009,0.7204765677452087
MuscleSkeletal,baseline,5.47742413027387,0.3740823566913605
MuscleSkeletal,baseline,1.42083897158322,0.3033767342567444
MuscleSkeletal,baseline,2.54041570438799,0.5329469442367554
MuscleSkeletal,baseline,12.6510878323932,0.9223567843437195
MuscleSkeletal,baseline,7.54147812971342,0.9111468195915222
MuscleSkeletal,baseline,4.21511627906977,0.7750650644302368
MuscleSkeletal,baseline,1.49051490514905,0.6684913635253906
MuscleSkeletal,baseline,1.37014739464397,0.8291507959365845
MuscleSkeletal,baseline,1.30576713819369,0.9258015155792236
MuscleSkeletal,baseline,1.7579445571332,0.9560933113098145
MuscleSkeletal,baseline,2.20759101471727,0.530002772808075
MuscleSkeletal,baseline,1.03641456582633,0.07837508618831635
MuscleSkeletal,baseline,2.23201984017636,0.07533170282840729
MuscleSkeletal,baseline,2.66435440643229,0.0003479851584415883
MuscleSkeletal,baseline,1.49253731343284,0.09936753660440445
MuscleSkeletal,baseline,2.10526315789474,0.17706409096717834
MuscleSkeletal,baseline,3.1055900621118,0.5110316872596741
MuscleSkeletal,baseline,2.48447204968944,0.24529390037059784
MuscleSkeletal,baseline,2.20994475138122,0.0822111964225769
MuscleSkeletal,baseline,7.88177339901478,0.5073826909065247
MuscleSkeletal,baseline,3.77358490566038,0.7390715479850769
MuscleSkeletal,baseline,1.09489051094891,0.00927547737956047
MuscleSkeletal,baseline,5.90405904059041,0.27802520990371704
MuscleSkeletal,baseline,5.20446096654275,0.3692496716976166
MuscleSkeletal,baseline,11.0619469026549,0.9010158181190491
MuscleSkeletal,baseline,8.23529411764706,0.36140722036361694
MuscleSkeletal,baseline,3.54330708661417,0.3146539032459259
MuscleSkeletal,baseline,1.50753768844221,0.4396328628063202
MuscleSkeletal,baseline,2.07253886010363,0.23705804347991943
MuscleSkeletal,baseline,3.6036036036036,0.27968668937683105
MuscleSkeletal,baseline,3.38983050847458,0.7573689818382263
MuscleSkeletal,baseline,1.18343195266272,0.17165598273277283
MuscleSkeletal,baseline,1.95530726256983,0.8999744653701782
MuscleSkeletal,baseline,2.77777777777778,0.04959133639931679
MuscleSkeletal,baseline,1.08564535585042,0.9092490673065186
MuscleSkeletal,baseline,2.31325301204819,0.8439280986785889
MuscleSkeletal,baseline,1.171875,0.2455550730228424
MuscleSkeletal,baseline,1.38632162661738,0.887151837348938
MuscleSkeletal,baseline,3.06366682623265,0.5391742587089539
MuscleSkeletal,baseline,8.22873082287308,0.1420888900756836
MuscleSkeletal,baseline,2.78391515687141,0.11137889325618744
MuscleSkeletal,baseline,1.6623847665105,0.12704642117023468
MuscleSkeletal,baseline,6.77380794262186,0.4138532280921936
MuscleSkeletal,baseline,2.00645432860951,0.7382509112358093
MuscleSkeletal,baseline,1.50992234685073,0.9508413672447205
MuscleSkeletal,baseline,1.31450146832611,0.7158311009407043
MuscleSkeletal,baseline,4.77941176470588,0.6339089870452881
MuscleSkeletal,baseline,2.61194029850746,0.6172812581062317
MuscleSkeletal,baseline,4.55192034139403,0.7492682337760925
MuscleSkeletal,baseline,2.52324037184595,0.7616312503814697
MuscleSkeletal,baseline,1.25156445556946,0.8291549682617188
MuscleSkeletal,baseline,1.88679245283019,0.5503866672515869
MuscleSkeletal,baseline,6.92934782608696,0.6280829906463623
MuscleSkeletal,baseline,1.53631284916201,0.8753500580787659
MuscleSkeletal,baseline,3.13432835820896,0.1545136719942093
MuscleSkeletal,baseline,2.02702702702703,0.6345595717430115
MuscleSkeletal,baseline,9.01015228426396,0.8934143781661987
MuscleSkeletal,baseline,3.62694300518135,0.8559711575508118
MuscleSkeletal,baseline,3.22997416020672,0.8804349303245544
MuscleSkeletal,baseline,6.63507109004739,0.9621165990829468
MuscleSkeletal,baseline,10.7351225204201,0.908526599407196
MuscleSkeletal,baseline,1.42517814726841,0.504604697227478
MuscleSkeletal,baseline,1.28654970760234,0.6971959471702576
MuscleSkeletal,baseline,11.1888111888112,0.7176498174667358
MuscleSkeletal,baseline,5.63725490196079,0.4055013060569763
MuscleSkeletal,baseline,1.46276595744681,0.4369750916957855
MuscleSkeletal,baseline,9.59537572254335,0.7592729926109314
MuscleSkeletal,baseline,3.05522914218566,0.37547850608825684
MuscleSkeletal,baseline,13.2874015748032,0.935231626033783
MuscleSkeletal,baseline,2.18228498074454,0.7995734214782715
MuscleSkeletal,baseline,5.85424133811231,0.8241877555847168
MuscleSkeletal,baseline,3.3717834960071,0.5890751481056213
MuscleSkeletal,baseline,7.85714285714286,0.8288609385490417
MuscleSkeletal,baseline,6.06816292601829,0.783587634563446
MuscleSkeletal,baseline,1.07794361525705,0.48580124974250793
MuscleSkeletal,baseline,1.07066381156317,0.16210220754146576
MuscleSkeletal,baseline,5.41795665634675,0.7382622361183167
MuscleSkeletal,baseline,5.91497227356747,0.6181479096412659
MuscleSkeletal,baseline,5.56521739130435,0.8879483342170715
MuscleSkeletal,baseline,8.17391304347826,0.885932981967926
MuscleSkeletal,baseline,2.01612903225806,0.6831860542297363
MuscleSkeletal,baseline,4.72279260780288,0.4246073067188263
MuscleSkeletal,baseline,1.52439024390244,0.14917518198490143
MuscleSkeletal,baseline,5.45454545454545,0.066764235496521
MuscleSkeletal,baseline,9.13705583756345,0.7992754578590393
MuscleSkeletal,baseline,11.8226600985222,0.49792569875717163
MuscleSkeletal,baseline,4.26136363636364,0.4392469525337219
MuscleSkeletal,baseline,2.0460358056266,0.524075984954834
MuscleSkeletal,baseline,6.71641791044776,0.5567643642425537
MuscleSkeletal,baseline,5.04201680672269,0.6239065527915955
MuscleSkeletal,baseline,1.10192837465565,0.7058777809143066
MuscleSkeletal,baseline,2.30179028132992,0.6521327495574951
MuscleSkeletal,baseline,7.03517587939699,0.8407984972000122
MuscleSkeletal,baseline,2.33160621761658,0.8235510587692261
MuscleSkeletal,baseline,8.17438692098093,0.9660515189170837
MuscleSkeletal,baseline,2.57142857142857,0.33915719389915466
MuscleSkeletal,baseline,1.5625,0.07631684094667435
MuscleSkeletal,baseline,2.00573065902579,0.6725512146949768
MuscleSkeletal,baseline,11.3095238095238,0.435951292514801
MuscleSkeletal,baseline,12.9213483146067,0.9150603413581848
MuscleSkeletal,baseline,8.9041095890411,0.0523780882358551
MuscleSkeletal,baseline,4.96688741721854,0.2921869456768036
MuscleSkeletal,baseline,1.05263157894737,0.3008086681365967
MuscleSkeletal,baseline,2.4390243902439,0.21902693808078766
MuscleSkeletal,baseline,2.35294117647059,0.12985923886299133
MuscleSkeletal,baseline,1.34529147982063,0.03315209224820137
MuscleSkeletal,baseline,2.07612456747405,0.03444515913724899
MuscleSkeletal,baseline,1.38504155124654,0.28884023427963257
MuscleSkeletal,baseline,2.7355623100304,0.8925955891609192
MuscleSkeletal,baseline,7.03812316715543,0.8450486063957214
MuscleSkeletal,baseline,8.83977900552486,0.936253547668457
MuscleSkeletal,baseline,3.41614906832298,0.45889097452163696
MuscleSkeletal,baseline,2.02312138728324,0.39272329211235046
MuscleSkeletal,baseline,12.9793510324484,0.6003519296646118
MuscleSkeletal,baseline,1.19521912350598,0.28253206610679626
MuscleSkeletal,baseline,1.90114068441065,0.6330311894416809
MuscleSkeletal,baseline,2.65151515151515,0.654128909111023
MuscleSkeletal,baseline,8.43881856540084,0.7584542036056519
MuscleSkeletal,baseline,3.78151260504202,0.7139937877655029
MuscleSkeletal,baseline,3.2,0.8094090223312378
MuscleSkeletal,baseline,1.11524163568773,0.022402474656701088
MuscleSkeletal,baseline,2.10526315789474,0.37785837054252625
MuscleSkeletal,baseline,13.4751773049645,0.1716308295726776
MuscleSkeletal,baseline,2.9126213592233,0.43250012397766113
MuscleSkeletal,baseline,4.56273764258555,0.4679393768310547
MuscleSkeletal,baseline,3.00751879699248,0.2405409812927246
MuscleSkeletal,baseline,1.2,0.16661646962165833
MuscleSkeletal,baseline,1.40845070422535,0.14484111964702606
MuscleSkeletal,baseline,1.08303249097473,0.044806480407714844
MuscleSkeletal,baseline,1.35593220338983,0.2960907816886902
MuscleSkeletal,baseline,4.72222222222222,0.36376261711120605
MuscleSkeletal,baseline,1.13314447592068,0.1873335987329483
MuscleSkeletal,baseline,10.3550295857988,0.6349855661392212
MuscleSkeletal,baseline,2.04081632653061,0.4949640929698944
MuscleSkeletal,baseline,8.57142857142857,0.5591956973075867
MuscleSkeletal,baseline,3.9039039039039,0.1896761655807495
MuscleSkeletal,baseline,3.98773006134969,0.6188600063323975
MuscleSkeletal,baseline,2.41379310344828,0.5049499869346619
MuscleSkeletal,baseline,2.78745644599303,0.3799322843551636
MuscleSkeletal,baseline,2.08333333333333,0.35701701045036316
MuscleSkeletal,baseline,1.45985401459854,0.5231502056121826
MuscleSkeletal,baseline,1.53846153846154,0.4398064613342285
MuscleSkeletal,baseline,1.11524163568773,0.4865257441997528
MuscleSkeletal,baseline,12.2222222222222,0.6934806108474731
MuscleSkeletal,baseline,12.1212121212121,0.8127440214157104
MuscleSkeletal,baseline,7.54098360655738,0.47201526165008545
MuscleSkeletal,baseline,3.7037037037037,0.7770176529884338
MuscleSkeletal,baseline,2.74914089347079,0.539686381816864
MuscleSkeletal,baseline,1.4336917562724,0.15306325256824493
MuscleSkeletal,baseline,4.26229508196721,0.8721592426300049
MuscleSkeletal,baseline,1.61290322580645,0.5247029662132263
MuscleSkeletal,baseline,4.11392405063291,0.875530481338501
MuscleSkeletal,baseline,2.77777777777778,0.580377995967865
MuscleSkeletal,baseline,3.05343511450382,0.7303779125213623
MuscleSkeletal,baseline,6.39269406392694,0.3574540317058563
MuscleSkeletal,baseline,3.72093023255814,0.06610841304063797
MuscleSkeletal,baseline,1.36054421768707,0.010308544151484966
MuscleSkeletal,baseline,1.36986301369863,0.011834464967250824
MuscleSkeletal,baseline,1.20481927710843,0.012651016935706139
MuscleSkeletal,baseline,1.51515151515152,0.11183930188417435
MuscleSkeletal,baseline,1.54639175257732,0.06870502233505249
MuscleSkeletal,baseline,2.46305418719212,0.7427085638046265
MuscleSkeletal,baseline,2.0,0.13787202537059784
MuscleSkeletal,baseline,3.84615384615385,0.6697841286659241
MuscleSkeletal,baseline,6.75675675675676,0.8865341544151306
MuscleSkeletal,baseline,10.9090909090909,0.19213037192821503
MuscleSkeletal,baseline,4.60251046025105,0.5704993605613708
MuscleSkeletal,baseline,1.75438596491228,0.6339060664176941
MuscleSkeletal,baseline,3.26797385620915,0.8250606656074524
MuscleSkeletal,baseline,11.1842105263158,0.63076251745224
MuscleSkeletal,baseline,1.6,0.8628579378128052
MuscleSkeletal,baseline,7.89473684210526,0.8392715454101562
MuscleSkeletal,baseline,7.03125,0.8891568183898926
MuscleSkeletal,baseline,2.56410256410256,0.6245112419128418
MuscleSkeletal,baseline,4.46428571428571,0.9193927049636841
MuscleSkeletal,baseline,3.77358490566038,0.5151365995407104
MuscleSkeletal,baseline,6.54205607476636,0.4180731773376465
MuscleSkeletal,baseline,14.9253731343284,0.7618995308876038
MuscleSkeletal,baseline,5.71428571428571,0.6087186932563782
MuscleSkeletal,baseline,8.69565217391304,0.7154479026794434
MuscleSkeletal,baseline,13.6363636363636,0.7532801628112793
MuscleSkeletal,baseline,1.71428571428571,0.2512088716030121
MuscleSkeletal,baseline,2.46913580246914,0.11724358797073364
MuscleSkeletal,baseline,12.1951219512195,0.7509535551071167
MuscleSkeletal,baseline,9.1743119266055,0.8245576024055481
MuscleSkeletal,baseline,13.0841121495327,0.8174303770065308
MuscleSkeletal,baseline,6.36363636363636,0.5789430737495422
MuscleSkeletal,baseline,1.5625,0.043607447296381
MuscleSkeletal,baseline,1.78571428571429,0.2875751852989197
MuscleSkeletal,baseline,1.49253731343284,0.14091844856739044
MuscleSkeletal,baseline,8.7248322147651,0.826916515827179
MuscleSkeletal,baseline,3.42465753424658,0.5714826583862305
MuscleSkeletal,baseline,2.0979020979021,0.31724533438682556
MuscleSkeletal,baseline,6.06060606060606,0.28363537788391113
MuscleSkeletal,baseline,1.03626943005181,0.01755218207836151
MuscleSkeletal,baseline,9.62566844919786,0.528141438961029
MuscleSkeletal,baseline,6.69456066945607,0.7133254408836365
MuscleSkeletal,baseline,2.59067357512953,0.9381230473518372
MuscleSkeletal,baseline,2.53807106598985,0.8522987365722656
MuscleSkeletal,baseline,3.72093023255814,0.8983096480369568
MuscleSkeletal,baseline,13.6363636363636,0.9039327502250671
MuscleSkeletal,baseline,1.49253731343284,0.39294150471687317
MuscleSkeletal,baseline,5.38922155688623,0.06189148873090744
MuscleSkeletal,baseline,2.04081632653061,0.274212121963501
MuscleSkeletal,baseline,3.92156862745098,0.16979578137397766
MuscleSkeletal,baseline,2.63157894736842,0.004330364987254143
MuscleSkeletal,baseline,3.07692307692308,0.0030528975185006857
MuscleSkeletal,baseline,2.1505376344086,0.023911869153380394
MuscleSkeletal,baseline,1.15606936416185,0.04793955013155937
MuscleSkeletal,baseline,9.09090909090909,0.8198587894439697
MuscleSkeletal,baseline,5.85106382978723,0.6383071541786194
MuscleSkeletal,baseline,1.33333333333333,0.00915184710174799
MuscleSkeletal,baseline,2.06896551724138,0.11928641051054001
MuscleSkeletal,baseline,1.875,0.0016415274003520608
MuscleSkeletal,baseline,5.36912751677852,0.0020011342130601406
MuscleSkeletal,baseline,3.01204819277108,0.028440050780773163
MuscleSkeletal,baseline,1.72413793103448,0.015499463304877281
MuscleSkeletal,baseline,1.16959064327485,0.0005268658860586584
MuscleSkeletal,baseline,1.74418604651163,0.00882814172655344
MuscleSkeletal,baseline,1.37931034482759,0.03443894162774086
MuscleSkeletal,baseline,4.31654676258993,0.015190539881587029
MuscleSkeletal,baseline,1.37931034482759,0.01712522655725479
MuscleSkeletal,baseline,7.04225352112676,0.011356986127793789
MuscleSkeletal,baseline,3.1496062992126,0.07268557697534561
MuscleSkeletal,baseline,3.7037037037037,0.0699852779507637
MuscleSkeletal,baseline,7.92079207920792,0.22384974360466003
MuscleSkeletal,baseline,1.47058823529412,0.7148689031600952
MuscleSkeletal,baseline,1.49253731343284,0.9249269962310791
MuscleSkeletal,baseline,1.32450331125828,0.9116448760032654
MuscleSkeletal,baseline,1.28205128205128,0.9388291835784912
MuscleSkeletal,baseline,8.22784810126582,0.95238196849823
MuscleSkeletal,baseline,2.64550264550265,0.5772206783294678
MuscleSkeletal,baseline,6.73575129533679,0.5380906462669373
MuscleSkeletal,baseline,4.90196078431373,0.9226685166358948
MuscleSkeletal,baseline,7.19424460431655,0.6778988242149353
MuscleSkeletal,baseline,8.12720848056537,0.9716104865074158
MuscleSkeletal,baseline,3.81944444444444,0.8379506468772888
MuscleSkeletal,baseline,2.29007633587786,0.8560200929641724
MuscleSkeletal,baseline,1.3262599469496,0.9302802681922913
MuscleSkeletal,baseline,1.2987012987013,0.7605307102203369
MuscleSkeletal,baseline,2.06185567010309,0.5719209909439087
MuscleSkeletal,baseline,4.38144329896907,0.9063062071800232
MuscleSkeletal,baseline,3.10880829015544,0.8616295456886292
MuscleSkeletal,baseline,1.2012012012012,0.6230794191360474
MuscleSkeletal,baseline,1.61290322580645,0.6439865231513977
MuscleSkeletal,baseline,1.33333333333333,0.830115020275116
MuscleSkeletal,baseline,1.01010101010101,0.8659299612045288
MuscleSkeletal,baseline,3.28282828282828,0.3850635588169098
MuscleSkeletal,baseline,13.5983263598326,0.29908832907676697
MuscleSkeletal,baseline,1.81268882175227,0.17420712113380432
MuscleSkeletal,baseline,1.45586897179254,0.12668101489543915
MuscleSkeletal,baseline,2.54314259763851,0.4799363613128662
MuscleSkeletal,baseline,1.12676056338028,0.7144873738288879
MuscleSkeletal,baseline,11.2233445566779,0.8303923010826111
MuscleSkeletal,baseline,8.11724915445321,0.6951285004615784
MuscleSkeletal,baseline,1.06132075471698,0.49225834012031555
MuscleSkeletal,baseline,2.72952853598015,0.5415822267532349
MuscleSkeletal,baseline,3.00429184549356,0.7561289072036743
MuscleSkeletal,baseline,9.32090545938748,0.8236405849456787
MuscleSkeletal,baseline,2.62257696693273,0.805448591709137
MuscleSkeletal,baseline,2.1566401816118,0.6879025101661682
MuscleSkeletal,baseline,1.7259978425027,0.6148389577865601
MuscleSkeletal,baseline,2.86975717439294,0.5814338326454163
MuscleSkeletal,baseline,2.57009345794393,0.4603586792945862
MuscleSkeletal,baseline,3.34928229665072,0.7771662473678589
MuscleSkeletal,baseline,2.83353010625738,0.6968910098075867
MuscleSkeletal,baseline,2.79126213592233,0.6649854779243469
MuscleSkeletal,baseline,3.08710033076075,0.9631252288818359
MuscleSkeletal,baseline,1.01214574898785,0.7038537263870239
MuscleSkeletal,baseline,9.1901728844404,0.876133382320404
MuscleSkeletal,baseline,7.09219858156028,0.9541840553283691
MuscleSkeletal,baseline,1.3911620294599,0.6132165193557739
MuscleSkeletal,baseline,4.76190476190476,0.6978676915168762
MuscleSkeletal,baseline,1.52905198776758,0.3594035804271698
MuscleSkeletal,baseline,3.42592592592593,0.8542115688323975
MuscleSkeletal,baseline,6.38820638820639,0.3002062141895294
MuscleSkeletal,baseline,2.50536864710093,0.12960869073867798
MuscleSkeletal,baseline,5.87392550143267,0.06589262932538986
MuscleSkeletal,baseline,1.39296187683284,0.013423757627606392
MuscleSkeletal,baseline,4.35323383084577,0.03375522792339325
MuscleSkeletal,baseline,4.59290187891441,0.02920718491077423
MuscleSkeletal,baseline,6.04545454545455,0.6173648834228516
MuscleSkeletal,baseline,1.04910714285714,0.3715757429599762
MuscleSkeletal,baseline,2.60911972689588,0.4525810480117798
MuscleSkeletal,baseline,6.57820440429136,0.8333150148391724
MuscleSkeletal,baseline,1.77988727380599,0.4357225000858307
MuscleSkeletal,baseline,3.30108138873079,0.9201979041099548
MuscleSkeletal,baseline,3.40192043895748,0.8806726932525635
MuscleSkeletal,baseline,1.87173135150014,0.52467280626297
MuscleSkeletal,baseline,1.51668351870576,0.7611215114593506
MuscleSkeletal,baseline,6.71322012378988,0.861280620098114
MuscleSkeletal,baseline,6.11262634365474,0.3803543746471405
MuscleSkeletal,baseline,1.232741617357,0.2041635513305664
MuscleSkeletal,baseline,4.17004048582996,0.830879807472229
MuscleSkeletal,baseline,6.38095238095238,0.751491367816925
MuscleSkeletal,baseline,3.40583858042358,0.6803714632987976
MuscleSkeletal,baseline,1.79640718562874,0.892035961151123
MuscleSkeletal,baseline,2.34741784037559,0.08847910910844803
MuscleSkeletal,baseline,11.6104868913858,0.09891517460346222
MuscleSkeletal,baseline,7.69732550554468,0.785090446472168
MuscleSkeletal,baseline,1.68977469670711,0.8824620842933655
MuscleSkeletal,baseline,2.00231035810551,0.29746201634407043
MuscleSkeletal,baseline,5.60640732265446,0.772446870803833
MuscleSkeletal,baseline,5.76428203808544,0.8858835101127625
MuscleSkeletal,baseline,4.1776837652036,0.7916141748428345
MuscleSkeletal,baseline,2.68977884040646,0.7025162577629089
MuscleSkeletal,baseline,1.03425985778927,0.7059720158576965
MuscleSkeletal,baseline,1.42949967511371,0.6144505739212036
MuscleSkeletal,baseline,1.22501611863314,0.6086817979812622
MuscleSkeletal,baseline,3.25520833333333,0.6346175074577332
MuscleSkeletal,baseline,7.15249662618084,0.6711491942405701
MuscleSkeletal,baseline,8.02334062727936,0.7510280609130859
MuscleSkeletal,baseline,6.58888126286891,0.6202284097671509
MuscleSkeletal,baseline,4.68085106382979,0.6700547337532043
MuscleSkeletal,baseline,6.66183924692252,0.7176973819732666
MuscleSkeletal,baseline,5.60407569141194,0.739430844783783
MuscleSkeletal,baseline,7.65731614859742,0.8512257933616638
MuscleSkeletal,baseline,11.4016736401674,0.7080789804458618
MuscleSkeletal,baseline,5.91341077085533,0.9194945693016052
MuscleSkeletal,baseline,4.66744457409568,0.026315785944461823
MuscleSkeletal,baseline,1.73824130879346,0.8130429983139038
MuscleSkeletal,baseline,2.50723240115718,0.3303546607494354
MuscleSkeletal,baseline,9.76210008203445,0.8065112829208374
MuscleSkeletal,baseline,2.63315380011969,0.17424248158931732
MuscleSkeletal,baseline,10.4060913705584,0.1348358690738678
MuscleSkeletal,baseline,5.23809523809524,0.39239373803138733
MuscleSkeletal,baseline,7.6555023923445,0.7266973853111267
MuscleSkeletal,baseline,1.5850144092219,0.9434531331062317
MuscleSkeletal,baseline,1.44546649145861,0.31849008798599243
MuscleSkeletal,baseline,1.92837465564738,0.6900388598442078
MuscleSkeletal,baseline,1.46276595744681,0.8435359001159668
MuscleSkeletal,baseline,1.38888888888889,0.7938034534454346
MuscleSkeletal,baseline,3.75521557719054,0.8501503467559814
MuscleSkeletal,baseline,1.82841068917018,0.7715150713920593
MuscleSkeletal,baseline,2.67062314540059,0.9033977389335632
MuscleSkeletal,baseline,9.30979133226324,0.8455305099487305
MuscleSkeletal,baseline,1.94003527336861,0.4057779908180237
MuscleSkeletal,baseline,1.03761348897536,0.27519914507865906
MuscleSkeletal,baseline,5.62091503267974,0.9432529807090759
MuscleSkeletal,baseline,11.3243761996161,0.7057544589042664
MuscleSkeletal,baseline,2.65957446808511,0.8293100595474243
MuscleSkeletal,baseline,1.985559566787,0.8476513028144836
MuscleSkeletal,baseline,2.92275574112735,0.8084230422973633
MuscleSkeletal,baseline,1.05485232067511,0.23347847163677216
MuscleSkeletal,baseline,2.12314225053079,0.8089876174926758
MuscleSkeletal,baseline,3.91389432485323,0.34927114844322205
MuscleSkeletal,baseline,1.03270223752151,0.25782155990600586
MuscleSkeletal,baseline,1.41342756183746,0.4880669116973877
MuscleSkeletal,baseline,5.17985611510791,0.4758721590042114
MuscleSkeletal,baseline,2.27596017069701,0.714137613773346
MuscleSkeletal,baseline,5.29172320217096,0.9011296629905701
MuscleSkeletal,baseline,1.44927536231884,0.5700135231018066
MuscleSkeletal,baseline,1.48048452220727,0.13019704818725586
MuscleSkeletal,baseline,10.8416547788873,0.7225347757339478
MuscleSkeletal,baseline,3.80281690140845,0.29006651043891907
MuscleSkeletal,baseline,4.16068866571019,0.20850194990634918
MuscleSkeletal,baseline,2.12418300653595,0.036373529583215714
MuscleSkeletal,baseline,4.93727235936868,0.06958547234535217
MuscleSkeletal,baseline,11.3778705636743,0.7315012812614441
MuscleSkeletal,baseline,1.22925629993854,0.7201786637306213
MuscleSkeletal,baseline,3.03405572755418,0.7967153787612915
MuscleSkeletal,baseline,1.37952176578786,0.9644320607185364
MuscleSkeletal,baseline,1.06100795755968,0.7393955588340759
MuscleSkeletal,baseline,1.30570536474596,0.7795414328575134
MuscleSkeletal,baseline,1.12559241706161,0.11472847312688828
MuscleSkeletal,baseline,1.99115044247788,0.6466002464294434
MuscleSkeletal,baseline,1.47143681477207,0.7605049014091492
MuscleSkeletal,baseline,5.04612045577862,0.8021657466888428
MuscleSkeletal,baseline,2.60549419427924,0.8611840009689331
MuscleSkeletal,baseline,1.41366543251431,0.7680813074111938
MuscleSkeletal,baseline,2.17505241090147,0.800157904624939
MuscleSkeletal,baseline,4.00541271989175,0.816129207611084
MuscleSkeletal,baseline,9.41241993873573,0.8765884041786194
MuscleSkeletal,baseline,1.12467097391721,0.19596095383167267
MuscleSkeletal,baseline,1.81818181818182,0.9430153369903564
MuscleSkeletal,baseline,1.16009280742459,0.8735598921775818
MuscleSkeletal,baseline,1.03626943005181,0.7521237134933472
MuscleSkeletal,baseline,2.47678018575851,0.3262256383895874
MuscleSkeletal,baseline,2.75229357798165,0.8351860046386719
MuscleSkeletal,baseline,11.2724167378309,0.9368841648101807
MuscleSkeletal,baseline,2.43393602225313,0.9557729363441467
MuscleSkeletal,baseline,2.01249132546843,0.9011383056640625
MuscleSkeletal,baseline,1.51515151515152,0.743118405342102
MuscleSkeletal,baseline,7.16925351071693,0.8265742659568787
MuscleSkeletal,baseline,1.76848874598071,0.42387282848358154
MuscleSkeletal,baseline,2.93255131964809,0.4908227324485779
MuscleSkeletal,baseline,6.638714185884,0.766329824924469
MuscleSkeletal,baseline,1.91387559808612,0.6084823608398438
MuscleSkeletal,baseline,4.38741721854305,0.4104369580745697
MuscleSkeletal,baseline,1.77133655394525,0.7763140201568604
MuscleSkeletal,baseline,3.72914622178606,0.8518818020820618
MuscleSkeletal,baseline,2.60617760617761,0.9180077314376831
MuscleSkeletal,baseline,2.88184438040346,0.9485336542129517
MuscleSkeletal,baseline,1.38476755687438,0.9266414642333984
MuscleSkeletal,baseline,1.27118644067797,0.5767512321472168
MuscleSkeletal,baseline,1.5356820234869,0.898358941078186
MuscleSkeletal,baseline,3.53901996370236,0.8171197175979614
MuscleSkeletal,baseline,4.725168756027,0.9654024839401245
MuscleSkeletal,baseline,8.30903790087464,0.9358987212181091
MuscleSkeletal,baseline,1.7629179331307,0.9547296762466431
MuscleSkeletal,baseline,8.24053452115813,0.6873007416725159
MuscleSkeletal,baseline,1.24716553287982,0.18136699497699738
MuscleSkeletal,baseline,4.03397027600849,0.38042885065078735
MuscleSkeletal,baseline,1.41955835962145,0.156003937125206
MuscleSkeletal,baseline,1.6,0.41852471232414246
MuscleSkeletal,baseline,1.84254606365159,0.5960081815719604
MuscleSkeletal,baseline,1.15146147032772,0.8550175428390503
MuscleSkeletal,baseline,1.27853881278539,0.15009237825870514
MuscleSkeletal,baseline,1.39664804469274,0.3061792254447937
MuscleSkeletal,baseline,7.58122743682311,0.5796884894371033
MuscleSkeletal,baseline,2.20458553791887,0.7563610672950745
MuscleSkeletal,baseline,4.62633451957295,0.4094875454902649
MuscleSkeletal,baseline,1.484375,0.7064825296401978
MuscleSkeletal,baseline,3.64010989010989,0.6950656175613403
MuscleSkeletal,baseline,1.18772682283075,0.5257269740104675
MuscleSkeletal,baseline,1.08695652173913,0.7032033205032349
MuscleSkeletal,baseline,1.42988929889299,0.5038096308708191
MuscleSkeletal,baseline,1.00767754318618,0.6998364925384521
MuscleSkeletal,baseline,2.10425633668101,0.9397374987602234
MuscleSkeletal,baseline,1.05474635861376,0.19191616773605347
MuscleSkeletal,baseline,1.04931794333683,0.7249162197113037
MuscleSkeletal,baseline,5.02067336089781,0.7674495577812195
MuscleSkeletal,baseline,1.08639420589757,0.5192283391952515
MuscleSkeletal,baseline,1.49425287356322,0.8740877509117126
MuscleSkeletal,baseline,1.34310134310134,0.968606173992157
MuscleSkeletal,baseline,11.5716753022453,0.9916336536407471
MuscleSkeletal,baseline,1.53409090909091,0.4744018018245697
MuscleSkeletal,baseline,3.09221424627278,0.7012178301811218
MuscleSkeletal,baseline,1.02040816326531,0.530393123626709
MuscleSkeletal,baseline,9.39632545931759,0.10039661079645157
MuscleSkeletal,baseline,14.0160183066362,0.9167029857635498
MuscleSkeletal,baseline,1.17924528301887,0.8967788815498352
MuscleSkeletal,baseline,12.5592417061611,0.8673836588859558
MuscleSkeletal,baseline,6.65873959571938,0.7625017166137695
MuscleSkeletal,baseline,8.61244019138756,0.8416599035263062
MuscleSkeletal,baseline,2.99667036625971,0.25385430455207825
MuscleSkeletal,baseline,7.25707257072571,0.457881361246109
MuscleSkeletal,baseline,1.0233918128655,0.12087426334619522
MuscleSkeletal,baseline,2.99212598425197,0.7469972968101501
MuscleSkeletal,baseline,13.4275618374558,0.8977391123771667
MuscleSkeletal,baseline,4.96575342465753,0.7650426030158997
MuscleSkeletal,baseline,1.76678445229682,0.6138837933540344
MuscleSkeletal,baseline,2.09059233449477,0.6329801678657532
MuscleSkeletal,baseline,4.09982174688057,0.7396361231803894
MuscleSkeletal,baseline,6.65529010238908,0.6816782355308533
MuscleSkeletal,baseline,1.38169257340242,0.5663487911224365
MuscleSkeletal,baseline,3.06122448979592,0.525009274482727
MuscleSkeletal,baseline,4.40677966101695,0.49252304434776306
MuscleSkeletal,baseline,7.93103448275862,0.44122377038002014
MuscleSkeletal,baseline,4.76190476190476,0.16749033331871033
MuscleSkeletal,baseline,2.61437908496732,0.17899437248706818
MuscleSkeletal,baseline,7.62852404643449,0.17182093858718872
MuscleSkeletal,baseline,13.477537437604,0.17091186344623566
MuscleSkeletal,baseline,14.7899159663866,0.36702361702919006
MuscleSkeletal,baseline,5.52845528455285,0.5700139403343201
MuscleSkeletal,baseline,10.1141924959217,0.8241242170333862
MuscleSkeletal,baseline,5.54675118858954,0.2329295128583908
MuscleSkeletal,baseline,1.17820324005891,0.6163373589515686
MuscleSkeletal,baseline,5.68181818181818,0.18411023914813995
MuscleSkeletal,baseline,4.93827160493827,0.65325927734375
MuscleSkeletal,baseline,1.16279069767442,0.12140185385942459
MuscleSkeletal,baseline,2.43243243243243,0.01068940106779337
MuscleSkeletal,baseline,1.96917808219178,0.11766017973423004
MuscleSkeletal,baseline,2.19876868953386,0.12744198739528656
MuscleSkeletal,baseline,2.84043441938179,0.3410318195819855
MuscleSkeletal,baseline,8.52965069049553,0.6970654726028442
MuscleSkeletal,baseline,4.80247869868319,0.49541419744491577
MuscleSkeletal,baseline,6.14359733530718,0.42274513840675354
MuscleSkeletal,baseline,13.6712749615975,0.5071000456809998
MuscleSkeletal,baseline,8.1863091037403,0.5856873393058777
MuscleSkeletal,baseline,8.88888888888889,0.6619219779968262
MuscleSkeletal,baseline,7.73121387283237,0.7833040952682495
MuscleSkeletal,baseline,2.03592814371258,0.6404619812965393
MuscleSkeletal,baseline,4.1089772219741,0.7969542145729065
MuscleSkeletal,baseline,2.51396648044693,0.5721471905708313
MuscleSkeletal,baseline,1.26843657817109,0.7204117774963379
MuscleSkeletal,baseline,2.05254515599343,0.36127305030822754
MuscleSkeletal,baseline,1.19004027828634,0.7426365613937378
MuscleSkeletal,baseline,5.59370289733713,0.7432300448417664
MuscleSkeletal,baseline,14.3508714774393,0.5506142973899841
MuscleSkeletal,baseline,5.70931749021881,0.5355209708213806
MuscleSkeletal,baseline,1.91552834039881,0.5017945766448975
MuscleSkeletal,baseline,2.37955346650999,0.3797184228897095
MuscleSkeletal,baseline,1.19270010058917,0.39546236395835876
MuscleSkeletal,baseline,5.3085600530856,0.5795174837112427
MuscleSkeletal,baseline,1.4819587628866,0.6128549575805664
MuscleSkeletal,baseline,3.19012091587342,0.2781845033168793
MuscleSkeletal,baseline,9.17109871578674,0.27611079812049866
MuscleSkeletal,baseline,12.6678269517653,0.544617772102356
MuscleSkeletal,baseline,2.63413449866472,0.3963644504547119
MuscleSkeletal,baseline,1.04733405875952,0.02426677569746971
MuscleSkeletal,baseline,7.05141231457021,0.5024630427360535
MuscleSkeletal,baseline,1.21904761904762,0.10645189881324768
MuscleSkeletal,baseline,2.04081632653061,0.4478740692138672
MuscleSkeletal,baseline,1.6497218492231,0.302234023809433
MuscleSkeletal,baseline,5.4353382177543,0.6845343708992004
MuscleSkeletal,baseline,1.44120537176548,0.613042950630188
MuscleSkeletal,baseline,1.76860722181282,0.3950749337673187
MuscleSkeletal,baseline,7.72630834512023,0.4237845242023468
MuscleSkeletal,baseline,6.94223635400106,0.3640671372413635
MuscleSkeletal,baseline,5.65859197577593,0.4160999357700348
MuscleSkeletal,baseline,7.00104493207942,0.7264652848243713
MuscleSkeletal,baseline,2.71255060728745,0.8771920800209045
MuscleSkeletal,baseline,3.52402745995423,0.01406496949493885
MuscleSkeletal,baseline,8.49382716049383,0.9463233947753906
MuscleSkeletal,baseline,1.99125789218067,0.25040459632873535
MuscleSkeletal,baseline,12.6617895329207,0.3248954713344574
MuscleSkeletal,baseline,1.67164179104478,0.017749229446053505
MuscleSkeletal,baseline,4.41020191285866,0.7086409330368042
MuscleSkeletal,baseline,4.14680648236416,0.27597296237945557
MuscleSkeletal,baseline,9.82986767485822,0.7524257898330688
MuscleSkeletal,baseline,5.81751377832211,0.033156849443912506
MuscleSkeletal,baseline,2.32712765957447,0.04111770913004875
MuscleSkeletal,baseline,7.86802030456853,0.03389866277575493
MuscleSkeletal,baseline,2.04204204204204,0.014093272387981415
MuscleSkeletal,baseline,1.40243902439024,0.0036772091407328844
MuscleSkeletal,baseline,1.22473974280465,0.003971862606704235
MuscleSkeletal,baseline,1.64503133393017,0.7661782503128052
MuscleSkeletal,baseline,1.25275490082357,0.6113371253013611
MuscleSkeletal,baseline,2.90547520661157,0.23139674961566925
MuscleSkeletal,baseline,1.34055168857953,0.15652884542942047
MuscleSkeletal,baseline,1.17890918512761,0.25060808658599854
MuscleSkeletal,baseline,6.64018865582723,0.6783694624900818
MuscleSkeletal,baseline,2.27179975513536,0.6459000110626221
MuscleSkeletal,baseline,2.21587819467102,0.6786074042320251
MuscleSkeletal,baseline,1.99683953454963,0.08615942299365997
MuscleSkeletal,baseline,8.32559579077685,0.9472194910049438
MuscleSkeletal,baseline,8.25212197422194,0.563293993473053
MuscleSkeletal,baseline,3.10116086235489,0.010859070345759392
MuscleSkeletal,baseline,4.8665335028146,0.03345863148570061
MuscleSkeletal,baseline,9.24971363115693,0.3648681342601776
MuscleSkeletal,baseline,13.6039495337356,0.8331046104431152
MuscleSkeletal,baseline,4.40005057529397,0.8790568113327026
MuscleSkeletal,baseline,1.82051581281363,0.05310514569282532
MuscleSkeletal,baseline,3.15305206463196,0.8741392493247986
MuscleSkeletal,baseline,8.74842551242414,0.6895788311958313
MuscleSkeletal,baseline,1.20468235026708,0.5882721543312073
MuscleSkeletal,baseline,1.28994082840237,0.5256777405738831
MuscleSkeletal,baseline,10.8833628134429,0.6428762674331665
MuscleSkeletal,baseline,1.33620689655172,0.6509408354759216
MuscleSkeletal,baseline,2.55095660872827,0.9111329317092896
MuscleSkeletal,baseline,1.13234253361642,0.1830400675535202
MuscleSkeletal,baseline,1.64773436524778,0.30319416522979736
MuscleSkeletal,baseline,2.29431535876078,0.5092644095420837
MuscleSkeletal,baseline,1.07828655834564,0.5629127025604248
MuscleSkeletal,baseline,3.79036031820309,0.8797078132629395
MuscleSkeletal,baseline,3.4,0.8812237977981567
MuscleSkeletal,baseline,1.15606936416185,0.1608681082725525
MuscleSkeletal,baseline,10.6741573033708,0.9185360670089722
MuscleSkeletal,baseline,2.34741784037559,0.5080828070640564
MuscleSkeletal,baseline,5.76923076923077,0.9527612924575806
MuscleSkeletal,baseline,7.32265446224256,0.5544995665550232
MuscleSkeletal,baseline,6.83544303797468,0.9271854162216187
MuscleSkeletal,baseline,2.17391304347826,0.3915431797504425
MuscleSkeletal,baseline,1.95121951219512,0.79044109582901
MuscleSkeletal,baseline,6.72853828306265,0.715958833694458
MuscleSkeletal,baseline,4.77326968973747,0.7950830459594727
MuscleSkeletal,baseline,3.6036036036036,0.9292609691619873
MuscleSkeletal,baseline,1.85614849187935,0.7712388634681702
MuscleSkeletal,baseline,2.12201591511936,0.3277794420719147
MuscleSkeletal,baseline,1.8716577540107,0.0959724634885788
MuscleSkeletal,baseline,2.36220472440945,0.32199403643608093
MuscleSkeletal,baseline,4.51612903225807,0.527417778968811
MuscleSkeletal,baseline,2.46305418719212,0.23696202039718628
MuscleSkeletal,baseline,3.93374741200828,0.39910197257995605
MuscleSkeletal,baseline,3.94190871369295,0.7086705565452576
MuscleSkeletal,baseline,4.60251046025105,0.8025477528572083
MuscleSkeletal,baseline,3.97489539748954,0.4936889111995697
MuscleSkeletal,baseline,1.12866817155756,0.18110008537769318
MuscleSkeletal,baseline,9.12698412698413,0.9014655351638794
MuscleSkeletal,baseline,4.65949820788531,0.8233574032783508
MuscleSkeletal,baseline,7.60869565217391,0.8226522207260132
MuscleSkeletal,baseline,3.46153846153846,0.6659536361694336
MuscleSkeletal,baseline,2.12765957446809,0.22612906992435455
MuscleSkeletal,baseline,4.54545454545455,0.6513352990150452
MuscleSkeletal,baseline,7.14285714285714,0.881485641002655
MuscleSkeletal,baseline,5.09259259259259,0.8823486566543579
MuscleSkeletal,baseline,10.6796116504854,0.22440271079540253
MuscleSkeletal,baseline,3.15789473684211,0.8947863578796387
MuscleSkeletal,baseline,2.0,0.36793017387390137
MuscleSkeletal,baseline,1.03092783505155,0.21834370493888855
MuscleSkeletal,baseline,1.04166666666667,0.21900808811187744
MuscleSkeletal,baseline,2.3121387283237,0.45313122868537903
MuscleSkeletal,baseline,1.70940170940171,0.033920831978321075
MuscleSkeletal,baseline,7.48299319727891,0.3510522246360779
MuscleSkeletal,baseline,1.38888888888889,0.7217114567756653
MuscleSkeletal,baseline,10.958904109589,0.16941741108894348
MuscleSkeletal,baseline,2.38095238095238,0.6920145750045776
MuscleSkeletal,baseline,6.58682634730539,0.9508505463600159
MuscleSkeletal,baseline,1.47783251231527,0.06225151568651199
MuscleSkeletal,baseline,1.39522033430032,0.8640463948249817
MuscleSkeletal,baseline,1.12843660237998,0.6037867069244385
MuscleSkeletal,baseline,1.2983475576539,0.6550366878509521
MuscleSkeletal,baseline,7.06091332987936,0.7428825497627258
MuscleSkeletal,baseline,4.15656899463905,0.7277498245239258
MuscleSkeletal,baseline,10.1441961067051,0.6730814576148987
MuscleSkeletal,baseline,2.48160950101923,0.7841352224349976
MuscleSkeletal,baseline,1.54897494305239,0.5342956185340881
MuscleSkeletal,baseline,1.07570529734118,0.06429222226142883
MuscleSkeletal,baseline,1.44801233491989,0.8948200941085815
MuscleSkeletal,baseline,1.08734530366979,0.741382896900177
MuscleSkeletal,baseline,1.59752478373429,0.27345824241638184
MuscleSkeletal,baseline,2.03398238868907,0.17640170454978943
MuscleSkeletal,baseline,4.47082596615307,0.43006354570388794
MuscleSkeletal,baseline,7.98252832816358,0.2648792564868927
MuscleSkeletal,baseline,1.88988818667963,0.23004460334777832
MuscleSkeletal,baseline,3.23479141609166,0.5527260899543762
MuscleSkeletal,baseline,1.94149455990618,0.00594952329993248
MuscleSkeletal,baseline,2.16751404870217,0.05141394957900047
MuscleSkeletal,baseline,4.88178633975482,0.7587836384773254
MuscleSkeletal,baseline,1.71298599758334,0.31763872504234314
MuscleSkeletal,baseline,12.0866845397677,0.8880971670150757
MuscleSkeletal,baseline,1.18608169440242,0.14531585574150085
MuscleSkeletal,baseline,8.04826546003017,0.5342723727226257
MuscleSkeletal,baseline,1.1611289746338,0.21764378249645233
MuscleSkeletal,baseline,1.11397223466189,0.07725036144256592
MuscleSkeletal,baseline,1.56750193178055,0.003867274383082986
MuscleSkeletal,baseline,2.10280373831776,0.36243879795074463
MuscleSkeletal,baseline,5.79710144927536,0.8552901744842529
MuscleSkeletal,baseline,1.83246073298429,0.9084267616271973
MuscleSkeletal,baseline,2.35849056603774,0.8819641470909119
MuscleSkeletal,baseline,1.05820105820106,0.21015514433383942
MuscleSkeletal,baseline,4.87106017191977,0.1260356903076172
MuscleSkeletal,baseline,1.09289617486339,0.04921402037143707
MuscleSkeletal,baseline,1.59574468085106,0.3397756516933441
MuscleSkeletal,baseline,1.26903553299492,0.07395601272583008
MuscleSkeletal,baseline,3.79008746355685,0.26857852935791016
MuscleSkeletal,baseline,1.50753768844221,0.3112913966178894
MuscleSkeletal,baseline,2.4,0.359891414642334
MuscleSkeletal,baseline,3.89972144846797,0.07734614610671997
MuscleSkeletal,baseline,4.62633451957295,0.49036458134651184
MuscleSkeletal,baseline,1.2216404886562,0.7290105819702148
MuscleSkeletal,baseline,1.45278450363196,0.39364463090896606
MuscleSkeletal,baseline,2.44988864142539,0.5039082169532776
MuscleSkeletal,baseline,6.40394088669951,0.5442691445350647
MuscleSkeletal,baseline,5.22193211488251,0.5629282593727112
MuscleSkeletal,baseline,2.80112044817927,0.6031678915023804
MuscleSkeletal,baseline,1.58311345646438,0.5030800104141235
MuscleSkeletal,baseline,1.60427807486631,0.5002824664115906
MuscleSkeletal,baseline,1.94986072423398,0.5555459856987
MuscleSkeletal,baseline,2.80373831775701,0.47719821333885193
MuscleSkeletal,baseline,2.21518987341772,0.5295218825340271
MuscleSkeletal,baseline,1.31578947368421,0.5809240341186523
MuscleSkeletal,baseline,3.41296928327645,0.7656221985816956
MuscleSkeletal,baseline,8.44155844155844,0.8139312267303467
MuscleSkeletal,baseline,2.38907849829352,0.21784397959709167
MuscleSkeletal,baseline,2.60869565217391,0.6499106287956238
MuscleSkeletal,baseline,1.21580547112462,0.011208789423108101
MuscleSkeletal,baseline,1.15606936416185,0.005796280223876238
MuscleSkeletal,baseline,1.66666666666667,0.8971208333969116
MuscleSkeletal,baseline,2.13675213675214,0.7404361963272095
MuscleSkeletal,baseline,1.28205128205128,0.7149149775505066
MuscleSkeletal,baseline,1.40845070422535,0.42426007986068726
MuscleSkeletal,baseline,8.59444941808416,0.4392545223236084
MuscleSkeletal,baseline,2.7681660899654,0.23902878165245056
MuscleSkeletal,baseline,3.51629502572899,0.5050015449523926
MuscleSkeletal,baseline,2.04778156996587,0.19156275689601898
MuscleSkeletal,baseline,4.07470288624788,0.16031502187252045
MuscleSkeletal,baseline,1.53172866520788,0.2881419360637665
MuscleSkeletal,baseline,5.52941176470588,0.5657522678375244
MuscleSkeletal,baseline,1.69050715214564,0.3824039399623871
MuscleSkeletal,baseline,3.53089533417402,0.7135018706321716
MuscleSkeletal,baseline,4.2875157629256,0.7744765281677246
MuscleSkeletal,baseline,6.9023569023569,0.6673973798751831
MuscleSkeletal,baseline,11.5463917525773,0.723917543888092
MuscleSkeletal,baseline,5.8165548098434,0.8033459782600403
MuscleSkeletal,baseline,3.50515463917526,0.7245861887931824
MuscleSkeletal,baseline,4.95867768595041,0.6376087069511414
MuscleSkeletal,baseline,2.25872689938398,0.41923168301582336
MuscleSkeletal,baseline,2.10970464135021,0.41373100876808167
MuscleSkeletal,baseline,1.63934426229508,0.48667439818382263
MuscleSkeletal,baseline,1.3262599469496,0.483683705329895
MuscleSkeletal,baseline,1.36286201022147,0.7904543280601501
MuscleSkeletal,baseline,1.76991150442478,0.8659603595733643
MuscleSkeletal,baseline,1.5180265654649,0.7777754664421082
MuscleSkeletal,baseline,9.57446808510638,0.9044095277786255
MuscleSkeletal,baseline,3.2064128256513,0.5553703904151917
MuscleSkeletal,baseline,2.23123732251521,0.37335270643234253
MuscleSkeletal,baseline,4.3010752688172,0.4244871437549591
MuscleSkeletal,baseline,4.76190476190476,0.6259250044822693
MuscleSkeletal,baseline,2.37068965517241,0.20883865654468536
MuscleSkeletal,baseline,1.8348623853211,0.4507756233215332
MuscleSkeletal,baseline,1.87353629976581,0.6256281733512878
MuscleSkeletal,baseline,4.73684210526316,0.6891736388206482
MuscleSkeletal,baseline,2.60960334029228,0.7784371376037598
MuscleSkeletal,baseline,2.47191011235955,0.40837761759757996
MuscleSkeletal,baseline,1.34680134680135,0.34327083826065063
MuscleSkeletal,baseline,9.19421487603306,0.4295964241027832
MuscleSkeletal,baseline,3.24129651860744,0.3377581238746643
MuscleSkeletal,baseline,1.86915887850467,0.22414210438728333
MuscleSkeletal,baseline,4.34272300469484,0.38420677185058594
MuscleSkeletal,baseline,1.82232346241458,0.7949862480163574
MuscleSkeletal,baseline,1.78147268408551,0.2361442744731903
MuscleSkeletal,baseline,2.24971878515186,0.543686032295227
MuscleSkeletal,baseline,2.68456375838926,0.6326633095741272
MuscleSkeletal,baseline,4.98891352549889,0.8967586755752563
MuscleSkeletal,baseline,12.0558375634518,0.8686290383338928
MuscleSkeletal,baseline,1.52671755725191,0.6113134622573853
MuscleSkeletal,baseline,13.570487483531,0.5800231695175171
MuscleSkeletal,baseline,8.49176172370089,0.7422145009040833
MuscleSkeletal,baseline,7.82828282828283,0.5381110906600952
MuscleSkeletal,baseline,5.01882057716437,0.5301044583320618
MuscleSkeletal,baseline,3.55828220858896,0.6073455810546875
MuscleSkeletal,baseline,4.85074626865672,0.6171097755432129
MuscleSkeletal,baseline,2.52206809583859,0.40516197681427
MuscleSkeletal,baseline,3.40760157273919,0.4273546636104584
MuscleSkeletal,baseline,6.59630606860158,0.35511502623558044
MuscleSkeletal,baseline,4.68277945619335,0.42915040254592896
MuscleSkeletal,baseline,11.5334207077326,0.5676989555358887
MuscleSkeletal,baseline,5.0251256281407,0.5478779673576355
MuscleSkeletal,baseline,6.20253164556962,0.24815697968006134
MuscleSkeletal,baseline,10.0271002710027,0.6966708302497864
MuscleSkeletal,baseline,1.33155792276964,0.6009951829910278
MuscleSkeletal,baseline,1.71428571428571,0.2507357597351074
MuscleSkeletal,baseline,5.6043956043956,0.29588067531585693
MuscleSkeletal,baseline,2.35546038543897,0.3074486255645752
MuscleSkeletal,baseline,7.15059588299025,0.1037750318646431
MuscleSkeletal,baseline,6.7032967032967,0.045167580246925354
MuscleSkeletal,baseline,11.3636363636364,0.037945449352264404
MuscleSkeletal,baseline,2.01342281879195,0.03580660745501518
MuscleSkeletal,baseline,2.6266416510319,0.02311277575790882
MuscleSkeletal,baseline,1.50976909413854,0.008088265545666218
MuscleSkeletal,baseline,2.0746887966805,0.010002505965530872
MuscleSkeletal,baseline,8.57142857142857,0.06842898577451706
MuscleSkeletal,baseline,1.99081163859112,0.052934564650058746
MuscleSkeletal,baseline,10.3896103896104,0.6820769906044006
MuscleSkeletal,baseline,1.66204986149584,0.26296213269233704
MuscleSkeletal,baseline,8.26446280991735,0.654106080532074
MuscleSkeletal,baseline,1.24069478908189,0.30853718519210815
MuscleSkeletal,baseline,9.49008498583569,0.7245892882347107
MuscleSkeletal,baseline,7.54950495049505,0.5732588768005371
MuscleSkeletal,baseline,2.30664857530529,0.045012466609478
MuscleSkeletal,baseline,5.08474576271186,0.508586049079895
MuscleSkeletal,baseline,1.61290322580645,0.388959676027298
MuscleSkeletal,baseline,4.86284289276808,0.5134506225585938
MuscleSkeletal,baseline,9.91432068543452,0.7429444193840027
MuscleSkeletal,baseline,1.04287369640788,0.20452098548412323
MuscleSkeletal,baseline,7.60986066452304,0.8155888915061951
MuscleSkeletal,baseline,14.5956607495069,0.8587102293968201
MuscleSkeletal,baseline,2.12765957446809,0.18950116634368896
MuscleSkeletal,baseline,7.63819095477387,0.8741506338119507
MuscleSkeletal,baseline,1.95618153364632,0.38917112350463867
MuscleSkeletal,baseline,3.77200335289187,0.2098274528980255
MuscleSkeletal,baseline,1.18744698897371,0.008909118361771107
MuscleSkeletal,baseline,6.42533936651584,0.09398940950632095
MuscleSkeletal,baseline,9.02394106813996,0.09175549447536469
MuscleSkeletal,baseline,6.1244019138756,0.08401358127593994
MuscleSkeletal,baseline,6.42201834862385,0.0564691461622715
MuscleSkeletal,baseline,2.41669718051996,0.7227779030799866
MuscleSkeletal,baseline,2.29472929365364,0.7130189538002014
MuscleSkeletal,baseline,1.11304347826087,0.6746845841407776
MuscleSkeletal,baseline,2.51716247139588,0.9483421444892883
MuscleSkeletal,baseline,1.49914821124361,0.9481959342956543
MuscleSkeletal,baseline,2.42203052422031,0.9480443000793457
MuscleSkeletal,baseline,6.89775910364146,0.6503532528877258
MuscleSkeletal,baseline,1.05804975693452,0.7375941872596741
MuscleSkeletal,baseline,2.24955494416572,0.6006162762641907
MuscleSkeletal,baseline,5.67542827252517,0.411741703748703
MuscleSkeletal,baseline,2.41478913922588,0.6892703175544739
MuscleSkeletal,baseline,1.36500620457366,0.08414537459611893
MuscleSkeletal,baseline,1.32563609151165,0.8466311693191528
MuscleSkeletal,baseline,4.81180496150556,0.8298046588897705
MuscleSkeletal,baseline,1.73330251906633,0.555648922920227
MuscleSkeletal,baseline,3.15857327030511,0.8406721949577332
MuscleSkeletal,baseline,1.85505812515459,0.37335699796676636
MuscleSkeletal,baseline,1.77242112725984,0.32123857736587524
MuscleSkeletal,baseline,2.24231464737794,0.48815086483955383
MuscleSkeletal,baseline,3.26936744847193,0.6223156452178955
MuscleSkeletal,baseline,12.0418848167539,0.9486778378486633
MuscleSkeletal,baseline,2.04767726161369,0.6660960912704468
MuscleSkeletal,baseline,3.52397458116696,0.653479814529419
MuscleSkeletal,baseline,1.32947976878613,0.6290135979652405
MuscleSkeletal,baseline,1.10364683301344,0.8307161927223206
MuscleSkeletal,baseline,3.13653136531365,0.02168765850365162
MuscleSkeletal,baseline,3.40909090909091,0.22237613797187805
MuscleSkeletal,baseline,1.45338532435307,0.40922626852989197
MuscleSkeletal,baseline,9.68178740690589,0.8134525418281555
MuscleSkeletal,baseline,1.56739811912226,0.4803455173969269
MuscleSkeletal,baseline,6.03537981269511,0.7730163931846619
MuscleSkeletal,baseline,2.64248704663212,0.5233880281448364
MuscleSkeletal,baseline,1.84049079754601,0.668063223361969
MuscleSkeletal,baseline,6.44504748982361,0.7109594941139221
MuscleSkeletal,baseline,5.40915395284327,0.4947030246257782
MuscleSkeletal,baseline,4.46927374301676,0.8377648591995239
MuscleSkeletal,baseline,2.84439486893475,0.1293332427740097
MuscleSkeletal,baseline,1.50925024342746,0.5723621249198914
MuscleSkeletal,baseline,13.5518590998043,0.8980619311332703
MuscleSkeletal,baseline,5.37132181223727,0.7792137861251831
MuscleSkeletal,baseline,11.2662493981704,0.8514387607574463
MuscleSkeletal,baseline,5.2824427480916,0.4565061926841736
MuscleSkeletal,baseline,2.66541235497021,0.37026432156562805
MuscleSkeletal,baseline,4.60775736366288,0.6776579022407532
MuscleSkeletal,baseline,3.83740761796475,0.5023719668388367
MuscleSkeletal,baseline,7.38901869158879,0.3005068004131317
MuscleSkeletal,baseline,2.34948604992658,0.036464571952819824
MuscleSkeletal,baseline,4.30034129692833,0.07262533903121948
MuscleSkeletal,baseline,3.78163207278931,0.3616311252117157
MuscleSkeletal,baseline,8.76565295169946,0.7642320394515991
MuscleSkeletal,baseline,1.75054704595186,0.6135234832763672
MuscleSkeletal,baseline,1.17027501462844,0.3915635943412781
MuscleSkeletal,baseline,2.83076923076923,0.1976158320903778
MuscleSkeletal,baseline,5.78182853887781,0.8606829047203064
MuscleSkeletal,baseline,3.00530347672363,0.49116235971450806
MuscleSkeletal,baseline,7.67869780608634,0.6367683410644531
MuscleSkeletal,baseline,4.67904098994586,0.6315253376960754
MuscleSkeletal,baseline,14.2291066282421,0.8153486847877502
MuscleSkeletal,baseline,9.78739002932551,0.741724967956543
MuscleSkeletal,baseline,3.98970398970399,0.24808062613010406
MuscleSkeletal,baseline,1.13016367887763,0.4712221324443817
MuscleSkeletal,baseline,1.40784982935154,0.27665382623672485
MuscleSkeletal,baseline,3.89500423370025,0.7836470603942871
MuscleSkeletal,baseline,1.64203612479475,0.06986004114151001
MuscleSkeletal,baseline,2.76523702031603,0.3299141228199005
MuscleSkeletal,baseline,3.00563556668754,0.34223371744155884
MuscleSkeletal,baseline,1.38600138600139,0.10330258309841156
MuscleSkeletal,baseline,5.93280914939242,0.4869384169578552
MuscleSkeletal,baseline,7.30296456977585,0.8656249046325684
MuscleSkeletal,baseline,14.8022598870057,0.7874536514282227
MuscleSkeletal,baseline,3.67074527252503,0.013135875575244427
MuscleSkeletal,baseline,11.2950340798442,0.27866682410240173
MuscleSkeletal,baseline,4.70809792843691,0.011095251888036728
MuscleSkeletal,baseline,5.38194444444445,0.05264706909656525
MuscleSkeletal,baseline,7.68,0.8906338810920715
MuscleSkeletal,baseline,5.67327409432673,0.27457836270332336
MuscleSkeletal,baseline,4.91582491582492,0.2234211564064026
MuscleSkeletal,baseline,1.00401606425703,0.028155826032161713
MuscleSkeletal,baseline,2.25694444444444,0.3689539432525635
MuscleSkeletal,baseline,2.63157894736842,0.8214579820632935
MuscleSkeletal,baseline,2.74442538593482,0.8760407567024231
MuscleSkeletal,baseline,4.14507772020725,0.9351486563682556
MuscleSkeletal,baseline,1.31826741996234,0.6239587068557739
MuscleSkeletal,baseline,2.40963855421687,0.5998445153236389
MuscleSkeletal,baseline,2.72572402044293,0.6744990348815918
MuscleSkeletal,baseline,1.10062893081761,0.7525428533554077
MuscleSkeletal,baseline,1.84899845916795,0.8151689171791077
MuscleSkeletal,baseline,1.5625,0.33366745710372925
MuscleSkeletal,baseline,1.72910662824207,0.5327683687210083
MuscleSkeletal,baseline,7.25806451612903,0.7350735068321228
MuscleSkeletal,baseline,5.43293718166384,0.38473549485206604
MuscleSkeletal,baseline,7.29813664596273,0.9639511108398438
MuscleSkeletal,baseline,1.26050420168067,0.8853536248207092
MuscleSkeletal,baseline,10.6639839034205,0.40413790941238403
MuscleSkeletal,baseline,1.24069478908189,0.21043774485588074
MuscleSkeletal,baseline,1.15273775216138,0.7571942806243896
MuscleSkeletal,baseline,2.5,0.8530800342559814
MuscleSkeletal,baseline,2.52808988764045,0.9436984062194824
MuscleSkeletal,baseline,1.86915887850467,0.7478229403495789
MuscleSkeletal,baseline,1.13636363636364,0.5220903754234314
MuscleSkeletal,baseline,1.67130919220056,0.8010506629943848
MuscleSkeletal,baseline,1.11073712554695,0.14751525223255157
MuscleSkeletal,baseline,2.55015300918055,0.8997723460197449
MuscleSkeletal,baseline,1.63584637268848,0.45790034532546997
MuscleSkeletal,baseline,11.9768628785301,0.8785796165466309
MuscleSkeletal,baseline,2.55244755244755,0.9164823889732361
MuscleSkeletal,baseline,5.40540540540541,0.2747214138507843
MuscleSkeletal,baseline,3.65070093457944,0.4617540240287781
MuscleSkeletal,baseline,1.79257362355954,0.554175615310669
MuscleSkeletal,baseline,1.07797340998922,0.43108069896698
MuscleSkeletal,baseline,5.32938564026647,0.6728564500808716
MuscleSkeletal,baseline,2.96577946768061,0.1588076949119568
MuscleSkeletal,baseline,1.85324317555723,0.7484951615333557
MuscleSkeletal,baseline,1.17986997351312,0.847506046295166
MuscleSkeletal,baseline,4.3230944254835,0.9859802722930908
MuscleSkeletal,baseline,1.09637939826619,0.39700019359588623
MuscleSkeletal,baseline,14.2225689027561,0.9110655784606934
MuscleSkeletal,baseline,1.25,0.3522167205810547
MuscleSkeletal,baseline,3.76569037656904,0.28952983021736145
MuscleSkeletal,baseline,7.94223826714802,0.6192783713340759
MuscleSkeletal,baseline,8.69565217391304,0.7362043261528015
MuscleSkeletal,baseline,4.04858299595142,0.2579175531864166
MuscleSkeletal,baseline,1.00502512562814,0.6198708415031433
MuscleSkeletal,baseline,2.87769784172662,0.16464632749557495
MuscleSkeletal,baseline,7.43801652892562,0.060845665633678436
MuscleSkeletal,baseline,8.02919708029197,0.010796304792165756
MuscleSkeletal,baseline,1.50375939849624,0.01675376668572426
MuscleSkeletal,baseline,1.01010101010101,0.03693442419171333
MuscleSkeletal,baseline,10.2739726027397,0.16063496470451355
MuscleSkeletal,baseline,3.07167235494881,0.11793109774589539
MuscleSkeletal,baseline,1.19521912350598,0.04514389485120773
MuscleSkeletal,baseline,4.61538461538462,0.7965726852416992
MuscleSkeletal,baseline,7.85123966942149,0.2686099112033844
MuscleSkeletal,baseline,1.19760479041916,0.06828723102807999
MuscleSkeletal,baseline,1.31578947368421,0.042056310921907425
MuscleSkeletal,baseline,1.45985401459854,0.06495291739702225
MuscleSkeletal,baseline,4.70588235294118,0.5750637650489807
MuscleSkeletal,baseline,2.85714285714286,0.43456581234931946
MuscleSkeletal,baseline,8.25688073394495,0.26765310764312744
MuscleSkeletal,baseline,2.9535864978903,0.21676567196846008
MuscleSkeletal,baseline,1.07142857142857,0.5623650550842285
MuscleSkeletal,baseline,2.18978102189781,0.12489763647317886
MuscleSkeletal,baseline,7.04225352112676,0.6662639379501343
MuscleSkeletal,baseline,11.8694362017804,0.32712680101394653
MuscleSkeletal,baseline,2.40963855421687,0.05307774618268013
MuscleSkeletal,baseline,12.5,0.19322466850280762
MuscleSkeletal,baseline,6.50406504065041,0.09192431718111038
MuscleSkeletal,baseline,6.58914728682171,0.32731592655181885
MuscleSkeletal,baseline,11.1587982832618,0.5421948432922363
MuscleSkeletal,baseline,1.4018691588785,0.2273431122303009
MuscleSkeletal,baseline,2.5974025974026,0.13048486411571503
MuscleSkeletal,baseline,10.126582278481,0.8125779628753662
MuscleSkeletal,baseline,4.95049504950495,0.4192504286766052
MuscleSkeletal,baseline,11.6161616161616,0.39262670278549194
MuscleSkeletal,baseline,13.0681818181818,0.7834688425064087
MuscleSkeletal,baseline,11.2426035502959,0.5160158276557922
MuscleSkeletal,baseline,9.74025974025974,0.21007972955703735
MuscleSkeletal,baseline,12.0253164556962,0.619276762008667
MuscleSkeletal,baseline,7.14285714285714,0.45646584033966064
MuscleSkeletal,baseline,3.90625,0.17181681096553802
MuscleSkeletal,baseline,2.38095238095238,0.24823780357837677
MuscleSkeletal,baseline,13.5593220338983,0.2963375449180603
MuscleSkeletal,baseline,6.66666666666667,0.5749402642250061
MuscleSkeletal,baseline,5.83333333333333,0.23909762501716614
MuscleSkeletal,baseline,6.03448275862069,0.12744855880737305
MuscleSkeletal,baseline,3.77358490566038,0.14405323565006256
MuscleSkeletal,baseline,8.18181818181818,0.2536294758319855
MuscleSkeletal,baseline,2.80373831775701,0.2592065632343292
MuscleSkeletal,baseline,2.42424242424242,0.0445963591337204
MuscleSkeletal,baseline,1.35135135135135,0.19415025413036346
MuscleSkeletal,baseline,4.73372781065089,0.3247174024581909
MuscleSkeletal,baseline,2.9585798816568,0.290639728307724
MuscleSkeletal,baseline,2.76243093922652,0.6806011199951172
MuscleSkeletal,baseline,13.4502923976608,0.6694554090499878
MuscleSkeletal,baseline,13.0681818181818,0.26288989186286926
MuscleSkeletal,baseline,1.36986301369863,0.06311318278312683
MuscleSkeletal,baseline,1.19760479041916,0.21471206843852997
MuscleSkeletal,baseline,1.66666666666667,0.17005522549152374
MuscleSkeletal,baseline,6.8421052631579,0.6181842088699341
MuscleSkeletal,baseline,11.5671641791045,0.01917855814099312
MuscleSkeletal,baseline,2.29143681575151,0.4694439172744751
MuscleSkeletal,baseline,2.52888963322727,0.9252578616142273
MuscleSkeletal,baseline,3.53093618399741,0.9734496474266052
MuscleSkeletal,baseline,2.92268479184367,0.7593430876731873
MuscleSkeletal,baseline,3.88032182366745,0.7908656001091003
MuscleSkeletal,baseline,5.41606886657102,0.9478392004966736
MuscleSkeletal,baseline,1.58264947245018,0.9261913895606995
MuscleSkeletal,baseline,2.79674560511405,0.9417402744293213
MuscleSkeletal,baseline,4.63826009764758,0.9493640065193176
MuscleSkeletal,baseline,1.9299967288191,0.4150756001472473
MuscleSkeletal,baseline,7.6552640318831,0.5520454049110413
MuscleSkeletal,baseline,7.04474254960238,0.9578381776809692
MuscleSkeletal,baseline,1.08411806599668,0.7509860396385193
MuscleSkeletal,baseline,1.10972926432603,0.8228134512901306
MuscleSkeletal,baseline,1.87097275056284,0.5451709032058716
MuscleSkeletal,baseline,3.60996817017312,0.8013260364532471
MuscleSkeletal,baseline,4.91974317817015,0.8675438761711121
MuscleSkeletal,baseline,2.1123595505618,0.9400700330734253
MuscleSkeletal,baseline,2.81158650013287,0.8541648983955383
MuscleSkeletal,baseline,1.07503047766818,0.4603583812713623
MuscleSkeletal,baseline,8.98391983220695,0.6234021782875061
MuscleSkeletal,baseline,1.60366552119129,0.8609372973442078
MuscleSkeletal,baseline,7.11387761907408,0.9471864700317383
MuscleSkeletal,baseline,9.55227184680945,0.8753931522369385
MuscleSkeletal,baseline,4.78388827976225,0.9801129102706909
MuscleSkeletal,baseline,1.56110349758684,0.7810559272766113
MuscleSkeletal,baseline,12.255419591279,0.9367468357086182
MuscleSkeletal,baseline,1.77713458755427,0.6834356784820557
MuscleSkeletal,baseline,1.52424193286849,0.9068310260772705
MuscleSkeletal,baseline,2.42278654770076,0.42807507514953613
MuscleSkeletal,baseline,2.43097028033443,0.07626014202833176
MuscleSkeletal,baseline,6.71875,0.7286422252655029
MuscleSkeletal,baseline,1.34003350083752,0.9212915301322937
MuscleSkeletal,baseline,1.66112956810631,0.9175052046775818
MuscleSkeletal,baseline,5.73770491803279,0.9275631308555603
MuscleSkeletal,baseline,4.35483870967742,0.8368059992790222
MuscleSkeletal,baseline,4.91803278688525,0.8610655069351196
MuscleSkeletal,baseline,1.24223602484472,0.18162855505943298
MuscleSkeletal,baseline,9.82658959537572,0.06242486834526062
MuscleSkeletal,baseline,2.8,0.12024496495723724
MuscleSkeletal,baseline,8.09859154929577,0.10226421058177948
MuscleSkeletal,baseline,10.2040816326531,0.23782281577587128
MuscleSkeletal,baseline,13.8648180242634,0.07465420663356781
MuscleSkeletal,baseline,1.18043844856661,0.07596595585346222
MuscleSkeletal,baseline,3.03605313092979,0.07729041576385498
MuscleSkeletal,baseline,10.6109324758842,0.163238525390625
MuscleSkeletal,baseline,5.84307178631052,0.008826755918562412
MuscleSkeletal,baseline,1.90972222222222,0.012300288304686546
MuscleSkeletal,baseline,4.92091388400703,0.08369889110326767
MuscleSkeletal,baseline,9.9815157116451,0.04876268655061722
MuscleSkeletal,baseline,1.54142581888247,0.03986199200153351
MuscleSkeletal,baseline,6.76982591876209,0.17330507934093475
MuscleSkeletal,baseline,2.16216216216216,0.11915324628353119
MuscleSkeletal,baseline,2.62697022767075,0.13608695566654205
MuscleSkeletal,baseline,1.53846153846154,0.26715975999832153
MuscleSkeletal,baseline,2.30125523012552,0.17296889424324036
MuscleSkeletal,baseline,2.35546038543897,0.35291966795921326
MuscleSkeletal,baseline,7.2289156626506,0.47882598638534546
MuscleSkeletal,baseline,8.29493087557604,0.4637373983860016
MuscleSkeletal,baseline,3.7037037037037,0.27109232544898987
MuscleSkeletal,baseline,6.3953488372093,0.22681069374084473
MuscleSkeletal,baseline,3.16301703163017,0.16330721974372864
MuscleSkeletal,baseline,8.79541108986616,0.37453851103782654
MuscleSkeletal,baseline,1.66358595194085,0.10626165568828583
MuscleSkeletal,baseline,11.1480865224626,0.08672142028808594
MuscleSkeletal,baseline,4.27046263345196,0.45374244451522827
MuscleSkeletal,baseline,5.16934046345811,0.060776542872190475
MuscleSkeletal,baseline,2.34505862646566,0.049380458891391754
MuscleSkeletal,baseline,2.92049756625203,0.08000060170888901
MuscleSkeletal,baseline,7.15048025613661,0.33607274293899536
MuscleSkeletal,baseline,8.78414568826995,0.37322092056274414
MuscleSkeletal,baseline,3.80434782608696,0.1978876292705536
MuscleSkeletal,baseline,5.91549295774648,0.3719654381275177
MuscleSkeletal,baseline,5.31542056074766,0.730964183807373
MuscleSkeletal,baseline,2.5418833044483,0.0897010788321495
MuscleSkeletal,baseline,7.13871154962275,0.5970798134803772
MuscleSkeletal,baseline,14.200477326969,0.6860619187355042
MuscleSkeletal,baseline,1.02040816326531,0.33909496665000916
MuscleSkeletal,baseline,2.0440251572327,0.25083503127098083
MuscleSkeletal,baseline,1.67760758570387,0.4275485575199127
MuscleSkeletal,baseline,1.26342387871131,0.5130149722099304
MuscleSkeletal,baseline,6.43533123028391,0.9727993011474609
MuscleSkeletal,baseline,1.04417670682731,0.10965818166732788
MuscleSkeletal,baseline,1.88679245283019,0.20118553936481476
MuscleSkeletal,baseline,1.36585365853659,0.12640076875686646
MuscleSkeletal,baseline,7.96318527410964,0.9734786748886108
MuscleSkeletal,baseline,1.35382363702891,0.05672286078333855
MuscleSkeletal,baseline,7.72313296903461,0.8924670219421387
MuscleSkeletal,baseline,1.21412803532009,0.4837658405303955
MuscleSkeletal,baseline,8.5909631391201,0.6418184041976929
MuscleSkeletal,baseline,8.82264378199338,0.8857336640357971
MuscleSkeletal,baseline,1.49341142020498,0.582767903804779
MuscleSkeletal,baseline,2.56257449344458,0.6644553542137146
MuscleSkeletal,baseline,5.87583148558758,0.8024129271507263
MuscleSkeletal,baseline,3.1641397495056,0.38504403829574585
MuscleSkeletal,baseline,3.6406941136441,0.3809797763824463
MuscleSkeletal,baseline,8.07837744929529,0.8085519671440125
MuscleSkeletal,baseline,6.89777148921118,0.6371190547943115
MuscleSkeletal,baseline,2.28448275862069,0.23280255496501923
MuscleSkeletal,baseline,1.25541125541126,0.024454575031995773
MuscleSkeletal,baseline,1.4648858250754,0.5087998509407043
MuscleSkeletal,baseline,2.5254762959681,0.2837999165058136
MuscleSkeletal,baseline,3.96542958820539,0.7892411947250366
MuscleSkeletal,baseline,10.1101101101101,0.4683201313018799
MuscleSkeletal,baseline,2.753149790014,0.08186140656471252
MuscleSkeletal,baseline,2.00873362445415,0.3253791928291321
MuscleSkeletal,baseline,1.25130344108446,0.13175320625305176
MuscleSkeletal,baseline,3.46093340325118,0.2781810462474823
MuscleSkeletal,baseline,5.70400822199383,0.4991292655467987
MuscleSkeletal,baseline,11.4562118126273,0.47301292419433594
MuscleSkeletal,baseline,2.79831045406547,0.30137693881988525
MuscleSkeletal,baseline,6.09243697478992,0.6087295413017273
MuscleSkeletal,baseline,1.21212121212121,0.057521577924489975
MuscleSkeletal,baseline,3.84193194291987,0.12570448219776154
MuscleSkeletal,baseline,2.75027502750275,0.027023201808333397
MuscleSkeletal,baseline,2.90145072536268,0.5350481271743774
MuscleSkeletal,baseline,2.75817831943554,0.25501033663749695
MuscleSkeletal,baseline,2.66182698124622,0.6814584732055664
MuscleSkeletal,baseline,4.57107075767063,0.22171419858932495
MuscleSkeletal,baseline,2.94305822136916,0.7024674415588379
MuscleSkeletal,baseline,5.48192771084337,0.651578426361084
MuscleSkeletal,baseline,1.17252931323283,0.11716239154338837
MuscleSkeletal,baseline,3.89254385964912,0.29602518677711487
MuscleSkeletal,baseline,5.50077841203944,0.41767972707748413
MuscleSkeletal,baseline,1.59176029962547,0.45580005645751953
MuscleSkeletal,baseline,2.72355878347708,0.0339411199092865
MuscleSkeletal,baseline,1.4218009478673,0.021658990532159805
MuscleSkeletal,baseline,1.34029986369832,0.9323297739028931
MuscleSkeletal,baseline,1.24875833688094,0.9587276577949524
MuscleSkeletal,baseline,2.06307801754802,0.9534181952476501
MuscleSkeletal,baseline,1.82269063856169,0.9300035834312439
MuscleSkeletal,baseline,2.19684925567279,0.9080063700675964
MuscleSkeletal,baseline,2.58064516129032,0.9137988686561584
MuscleSkeletal,baseline,2.22222222222222,0.10475973039865494
MuscleSkeletal,baseline,11.2107623318386,0.1601812094449997
MuscleSkeletal,baseline,1.97132616487455,0.7595393657684326
MuscleSkeletal,baseline,2.27703984819734,0.9464645385742188
MuscleSkeletal,baseline,1.69491525423729,0.8747405409812927
MuscleSkeletal,baseline,1.13421550094518,0.49581462144851685
MuscleSkeletal,baseline,2.19123505976096,0.6360629200935364
MuscleSkeletal,baseline,8.72865275142315,0.9315701723098755
MuscleSkeletal,baseline,2.80504908835905,0.2263253778219223
MuscleSkeletal,baseline,4.54545454545455,0.6674438714981079
MuscleSkeletal,baseline,4.83516483516484,0.10235560685396194
MuscleSkeletal,baseline,2.64026402640264,0.1651846021413803
MuscleSkeletal,baseline,1.45089285714286,0.05952302739024162
MuscleSkeletal,baseline,7.2093023255814,0.3294752240180969
MuscleSkeletal,baseline,1.22399020807834,0.060790933668613434
MuscleSkeletal,baseline,1.01910828025478,0.21377840638160706
MuscleSkeletal,baseline,1.25156445556946,0.1460699886083603
MuscleSkeletal,baseline,1.53846153846154,0.3053196668624878
MuscleSkeletal,baseline,2.32558139534884,0.34315410256385803
MuscleSkeletal,baseline,7.1301247771836,0.9001760482788086
MuscleSkeletal,baseline,4.88466757123474,0.36320212483406067
MuscleSkeletal,baseline,1.66270783847981,0.39558303356170654
MuscleSkeletal,baseline,1.8450184501845,0.030772292986512184
MuscleSkeletal,baseline,1.26002290950745,0.019775312393903732
MuscleSkeletal,baseline,1.50462962962963,0.014176529832184315
MuscleSkeletal,baseline,1.01010101010101,0.22648464143276215
MuscleSkeletal,baseline,2.44755244755245,0.5756245255470276
MuscleSkeletal,baseline,4.62585034013605,0.11344274133443832
MuscleSkeletal,baseline,1.35350318471338,0.22377818822860718
MuscleSkeletal,baseline,1.09046849757674,0.5871511697769165
MuscleSkeletal,baseline,1.82156133828996,0.8528163433074951
MuscleSkeletal,baseline,1.49253731343284,0.8436616659164429
MuscleSkeletal,baseline,1.42307692307692,0.5362557768821716
MuscleSkeletal,baseline,1.99625701809108,0.4155879616737366
MuscleSkeletal,baseline,5.47680412371134,0.7760481834411621
MuscleSkeletal,baseline,1.22663551401869,0.32490265369415283
MuscleSkeletal,baseline,10.3990326481258,0.5982757806777954
MuscleSkeletal,baseline,5.57834290401969,0.6824473738670349
MuscleSkeletal,baseline,2.1133525456292,0.8705374598503113
MuscleSkeletal,baseline,1.65289256198347,0.5223034620285034
MuscleSkeletal,baseline,7.02005730659026,0.7407851219177246
MuscleSkeletal,baseline,3.7109375,0.6918668746948242
MuscleSkeletal,baseline,2.84872298624754,0.8736485242843628
MuscleSkeletal,baseline,1.36765888978278,0.7722563147544861
MuscleSkeletal,baseline,2.20107079119572,0.8890776038169861
MuscleSkeletal,baseline,1.97674418604651,0.874857485294342
MuscleSkeletal,baseline,9.41402497598463,0.5707172155380249
MuscleSkeletal,baseline,7.44815911976301,0.5744248628616333
MuscleSkeletal,baseline,1.80908391070054,0.8156388998031616
MuscleSkeletal,baseline,5.77455048409405,0.41172847151756287
MuscleSkeletal,baseline,4.71186440677966,0.3346167504787445
MuscleSkeletal,baseline,4.10128388017118,0.5962955355644226
MuscleSkeletal,baseline,1.30387540746106,0.43043917417526245
MuscleSkeletal,baseline,2.52309879175551,0.34111103415489197
MuscleSkeletal,baseline,11.0294117647059,0.6883472204208374
MuscleSkeletal,baseline,8.08283233132933,0.37006136775016785
MuscleSkeletal,baseline,3.41137123745819,0.4348754286766052
MuscleSkeletal,baseline,4.63024650233178,0.3208821713924408
MuscleSkeletal,baseline,1.1996001332889,0.27298253774642944
MuscleSkeletal,baseline,2.00414651002073,0.23796935379505157
MuscleSkeletal,baseline,2.60726072607261,0.22568567097187042
MuscleSkeletal,baseline,2.26547543075941,0.2558581233024597
MuscleSkeletal,baseline,2.78578290105668,0.3746553361415863
MuscleSkeletal,baseline,1.08695652173913,0.5784183144569397
MuscleSkeletal,baseline,1.46252285191956,0.8475949168205261
MuscleSkeletal,baseline,7.2002380243975,0.5423171520233154
MuscleSkeletal,baseline,1.311303435615,0.11030641943216324
MuscleSkeletal,baseline,1.23775141825683,0.6820482015609741
MuscleSkeletal,baseline,6.87563195146613,0.0685163214802742
MuscleSkeletal,baseline,2.0338087691495,0.03169938176870346
MuscleSkeletal,baseline,2.88040075140889,0.0750824362039566
MuscleSkeletal,baseline,4.49065702230259,0.14451934397220612
MuscleSkeletal,baseline,2.21606648199446,0.4504031240940094
MuscleSkeletal,baseline,2.60869565217391,0.9348612427711487
MuscleSkeletal,baseline,1.78571428571429,0.9170334339141846
MuscleSkeletal,baseline,5.30035335689046,0.8567575812339783
MuscleSkeletal,baseline,8.09716599190283,0.8502069711685181
MuscleSkeletal,baseline,1.34529147982063,0.7095360159873962
MuscleSkeletal,baseline,1.22448979591837,0.8039836883544922
MuscleSkeletal,baseline,1.2396694214876,0.8054609298706055
MuscleSkeletal,baseline,1.18577075098814,0.7407134771347046
MuscleSkeletal,baseline,4.59770114942529,0.886035144329071
MuscleSkeletal,baseline,1.11111111111111,0.642831563949585
MuscleSkeletal,baseline,1.62162162162162,0.1713893562555313
MuscleSkeletal,baseline,1.77514792899408,0.8043897151947021
MuscleSkeletal,baseline,12.8,0.9683844447135925
MuscleSkeletal,baseline,1.70454545454545,0.24176236987113953
MuscleSkeletal,baseline,1.21951219512195,0.9110508561134338
MuscleSkeletal,baseline,1.13636363636364,0.38628578186035156
MuscleSkeletal,baseline,4.04040404040404,0.8003683686256409
MuscleSkeletal,baseline,1.34529147982063,0.6541779041290283
MuscleSkeletal,baseline,3.2258064516129,0.9614578485488892
MuscleSkeletal,baseline,3.77358490566038,0.8788313865661621
MuscleSkeletal,baseline,2.5,0.8920909762382507
MuscleSkeletal,baseline,2.20183486238532,0.8405241370201111
MuscleSkeletal,baseline,2.63888888888889,0.5394553542137146
MuscleSkeletal,baseline,5.58546433378197,0.8914147019386292
MuscleSkeletal,baseline,1.4640356460853,0.2586730122566223
MuscleSkeletal,baseline,13.1483715319662,0.7797778248786926
MuscleSkeletal,baseline,8.46594525779758,0.605638861656189
MuscleSkeletal,baseline,6.69291338582677,0.7442433834075928
MuscleSkeletal,baseline,4.7301394784718,0.9346476197242737
MuscleSkeletal,baseline,5.29156400328523,0.9346884489059448
MuscleSkeletal,baseline,1.29790993845591,0.5504940748214722
MuscleSkeletal,baseline,2.99625468164794,0.7558849453926086
MuscleSkeletal,baseline,4.66926070038911,0.8247554898262024
MuscleSkeletal,baseline,2.0,0.7553958892822266
MuscleSkeletal,baseline,1.67364016736402,0.16021543741226196
MuscleSkeletal,baseline,3.72093023255814,0.6733624339103699
MuscleSkeletal,baseline,7.04845814977974,0.5173035860061646
MuscleSkeletal,baseline,3.11111111111111,0.4022566080093384
MuscleSkeletal,baseline,5.82959641255605,0.8784363865852356
MuscleSkeletal,baseline,9.9502487562189,0.7780444622039795
MuscleSkeletal,baseline,1.62162162162162,0.038268834352493286
MuscleSkeletal,baseline,2.17391304347826,0.14365515112876892
MuscleSkeletal,baseline,1.64835164835165,0.056261733174324036
MuscleSkeletal,baseline,1.58730158730159,0.18059417605400085
MuscleSkeletal,baseline,2.0,0.02467109076678753
MuscleSkeletal,baseline,2.0979020979021,0.019421471282839775
MuscleSkeletal,baseline,5.67375886524823,0.022390343248844147
MuscleSkeletal,baseline,8.57142857142857,0.03827245905995369
MuscleSkeletal,baseline,8.14814814814815,0.06620438396930695
MuscleSkeletal,baseline,2.87769784172662,0.04893980920314789
MuscleSkeletal,baseline,3.7593984962406,0.06035052612423897
MuscleSkeletal,baseline,8.95522388059701,0.07165724039077759
MuscleSkeletal,baseline,9.01639344262295,0.33377665281295776
MuscleSkeletal,baseline,2.63157894736842,0.07994154840707779
MuscleSkeletal,baseline,1.40845070422535,0.052040036767721176
MuscleSkeletal,baseline,1.08695652173913,0.4716428816318512
MuscleSkeletal,baseline,2.56410256410256,0.2609477639198303
MuscleSkeletal,baseline,2.13903743315508,0.13235324621200562
MuscleSkeletal,baseline,1.45631067961165,0.1027446836233139
MuscleSkeletal,baseline,3.54609929078014,0.6017608642578125
MuscleSkeletal,baseline,2.0979020979021,0.15183143317699432
MuscleSkeletal,baseline,4.22535211267606,0.44635725021362305
MuscleSkeletal,baseline,13.3333333333333,0.46115556359291077
MuscleSkeletal,baseline,1.88679245283019,0.4815434217453003
MuscleSkeletal,baseline,3.38983050847458,0.5002773404121399
MuscleSkeletal,baseline,1.8348623853211,0.696283221244812
MuscleSkeletal,baseline,9.44881889763779,0.7208274602890015
MuscleSkeletal,baseline,10.4,0.7757139801979065
MuscleSkeletal,baseline,4.0,0.12018140405416489
MuscleSkeletal,baseline,1.52671755725191,0.495209664106369
MuscleSkeletal,baseline,1.44927536231884,0.24637426435947418
MuscleSkeletal,baseline,2.17391304347826,0.4128049612045288
MuscleSkeletal,baseline,1.13636363636364,0.24089467525482178
MuscleSkeletal,baseline,1.33333333333333,0.11385157704353333
MuscleSkeletal,baseline,2.05882352941176,0.12042181938886642
MuscleSkeletal,baseline,5.4380664652568,0.8307884335517883
MuscleSkeletal,baseline,10.1587301587302,0.6459782123565674
MuscleSkeletal,baseline,4.11392405063291,0.39961791038513184
MuscleSkeletal,baseline,1.13314447592068,0.18395018577575684
MuscleSkeletal,baseline,2.8328611898017,0.2329292595386505
MuscleSkeletal,baseline,1.53452685421995,0.2676500976085663
MuscleSkeletal,baseline,2.18120805369128,0.30941537022590637
MuscleSkeletal,baseline,9.42408376963351,0.6737522482872009
MuscleSkeletal,baseline,8.64864864864865,0.8102077841758728
MuscleSkeletal,baseline,1.58102766798419,0.8740088939666748
MuscleSkeletal,baseline,1.52505446623094,0.24955500662326813
MuscleSkeletal,baseline,4.1970802919708,0.30160239338874817
MuscleSkeletal,baseline,1.88087774294671,0.18267564475536346
MuscleSkeletal,baseline,6.5052950075643,0.21012625098228455
MuscleSkeletal,baseline,3.24074074074074,0.09299822151660919
MuscleSkeletal,baseline,1.62866449511401,0.5406460762023926
MuscleSkeletal,baseline,7.19874804381847,0.5969710350036621
MuscleSkeletal,baseline,9.84848484848485,0.6112565398216248
MuscleSkeletal,baseline,3.38983050847458,0.8442122340202332
MuscleSkeletal,baseline,9.27357032457496,0.42785805463790894
MuscleSkeletal,baseline,5.47945205479452,0.6331477165222168
MuscleSkeletal,baseline,4.78723404255319,0.15498997271060944
MuscleSkeletal,baseline,2.83333333333333,0.18740816414356232
MuscleSkeletal,baseline,11.9281045751634,0.7119612097740173
MuscleSkeletal,baseline,1.61812297734628,0.13417242467403412
MuscleSkeletal,baseline,1.21145374449339,0.02864023670554161
MuscleSkeletal,baseline,1.22767857142857,0.03423231840133667
MuscleSkeletal,baseline,1.22222222222222,0.022195205092430115
MuscleSkeletal,baseline,1.30548302872063,0.19396357238292694
MuscleSkeletal,baseline,7.85388127853881,0.27897149324417114
MuscleSkeletal,baseline,2.50447227191413,0.2820310592651367
MuscleSkeletal,baseline,1.2701100762066,0.0783953070640564
MuscleSkeletal,baseline,1.21951219512195,0.12134616822004318
MuscleSkeletal,baseline,5.06838294448914,0.6382565498352051
MuscleSkeletal,baseline,1.22914837576822,0.5928594470024109
MuscleSkeletal,baseline,10.8129439621152,0.9245352745056152
MuscleSkeletal,baseline,1.97784810126582,0.7982749342918396
MuscleSkeletal,baseline,3.34370139968896,0.7953487634658813
MuscleSkeletal,baseline,1.82539682539683,0.8519492745399475
MuscleSkeletal,baseline,3.16875460574797,0.4714193642139435
MuscleSkeletal,baseline,9.73298880275624,0.7534970045089722
MuscleSkeletal,baseline,1.00446428571429,0.13773611187934875
MuscleSkeletal,baseline,1.11731843575419,0.24707455933094025
MuscleSkeletal,baseline,2.64976958525346,0.48118749260902405
MuscleSkeletal,baseline,1.06241699867198,0.694459080696106
MuscleSkeletal,baseline,5.47752808988764,0.015885677188634872
MuscleSkeletal,baseline,1.67597765363129,0.07951080799102783
MuscleSkeletal,baseline,4.0983606557377,0.7838862538337708
MuscleSkeletal,baseline,3.09988518943743,0.625711977481842
MuscleSkeletal,baseline,7.24137931034483,0.6489518284797668
MuscleSkeletal,baseline,10.6896551724138,0.5567727088928223
MuscleSkeletal,baseline,1.23456790123457,0.13477669656276703
MuscleSkeletal,baseline,4.40251572327044,0.48476606607437134
MuscleSkeletal,baseline,7.07395498392283,0.7380861639976501
MuscleSkeletal,baseline,1.18694362017804,0.2763711214065552
MuscleSkeletal,baseline,1.21065375302663,0.3981083035469055
MuscleSkeletal,baseline,2.59067357512953,0.3985581398010254
MuscleSkeletal,baseline,13.5338345864662,0.3077375292778015
MuscleSkeletal,baseline,5.60747663551402,0.4324534833431244
MuscleSkeletal,baseline,14.2517814726841,0.9323543310165405
MuscleSkeletal,baseline,8.78048780487805,0.15993632376194
MuscleSkeletal,baseline,8.23293172690763,0.08195334672927856
MuscleSkeletal,baseline,5.48780487804878,0.7555365562438965
MuscleSkeletal,baseline,1.73267326732673,0.15881581604480743
MuscleSkeletal,baseline,12.3595505617978,0.7994956970214844
MuscleSkeletal,baseline,5.15695067264574,0.20919258892536163
MuscleSkeletal,baseline,1.43540669856459,0.23152709007263184
MuscleSkeletal,baseline,12.4153498871332,0.5279868841171265
MuscleSkeletal,baseline,10.2827763496144,0.892780065536499
MuscleSkeletal,baseline,4.01737242128122,0.6345438957214355
MuscleSkeletal,baseline,6.91244239631336,0.7849411368370056
MuscleSkeletal,baseline,3.85304659498208,0.3885476291179657
MuscleSkeletal,baseline,7.39091718610864,0.7025788426399231
MuscleSkeletal,baseline,2.18150087260035,0.366111159324646
MuscleSkeletal,baseline,3.89507154213037,0.7737081050872803
MuscleSkeletal,baseline,4.24528301886792,0.8185324668884277
MuscleSkeletal,baseline,1.80327868852459,0.8041139841079712
MuscleSkeletal,baseline,1.28676470588235,0.2943834066390991
MuscleSkeletal,baseline,2.27920227920228,0.4584631323814392
MuscleSkeletal,baseline,4.74683544303798,0.38523203134536743
MuscleSkeletal,baseline,3.02114803625378,0.6454603672027588
MuscleSkeletal,baseline,2.07100591715976,0.3640629053115845
MuscleSkeletal,baseline,2.35988200589971,0.26360780000686646
MuscleSkeletal,baseline,9.00900900900901,0.29676496982574463
MuscleSkeletal,baseline,11.8210862619808,0.3158627450466156
MuscleSkeletal,baseline,4.30622009569378,0.9418431520462036
MuscleSkeletal,baseline,1.13207547169811,0.4029470384120941
MuscleSkeletal,baseline,1.5748031496063,0.024027707055211067
MuscleSkeletal,baseline,14.0350877192982,0.35093989968299866
MuscleSkeletal,baseline,8.03571428571429,0.8328425288200378
MuscleSkeletal,baseline,1.7478152309613,0.1031542420387268
MuscleSkeletal,baseline,1.14613180515759,0.4168270230293274
MuscleSkeletal,baseline,2.21130221130221,0.8190301656723022
MuscleSkeletal,baseline,1.2987012987013,0.2810176610946655
MuscleSkeletal,baseline,4.32432432432432,0.3691593408584595
MuscleSkeletal,baseline,7.55287009063444,0.5130482912063599
MuscleSkeletal,baseline,1.25391849529781,0.8627692461013794
MuscleSkeletal,baseline,11.1111111111111,0.9581916928291321
MuscleSkeletal,baseline,5.71428571428571,0.852311372756958
MuscleSkeletal,baseline,1.17647058823529,0.09179207682609558
MuscleSkeletal,baseline,4.51127819548872,0.2916649878025055
MuscleSkeletal,baseline,13.0742049469965,0.598100483417511
MuscleSkeletal,baseline,4.82758620689655,0.6972660422325134
MuscleSkeletal,baseline,1.24223602484472,0.8895056247711182
MuscleSkeletal,baseline,4.76190476190476,0.9386727809906006
MuscleSkeletal,baseline,1.32450331125828,0.4844880998134613
MuscleSkeletal,baseline,7.58620689655172,0.560282826423645
MuscleSkeletal,baseline,6.94980694980695,0.3622571527957916
MuscleSkeletal,baseline,9.81132075471698,0.682255208492279
MuscleSkeletal,baseline,2.99625468164794,0.3901180624961853
MuscleSkeletal,baseline,3.16205533596838,0.37108704447746277
MuscleSkeletal,baseline,3.21782178217822,0.17329582571983337
MuscleSkeletal,baseline,4.85933503836317,0.09156433492898941
MuscleSkeletal,baseline,1.10619469026549,0.03965993970632553
MuscleSkeletal,baseline,3.90070921985816,0.6906054019927979
MuscleSkeletal,baseline,1.06257378984652,0.4815818667411804
MuscleSkeletal,baseline,9.58385876418663,0.690735936164856
MuscleSkeletal,baseline,4.44993819530284,0.23878780007362366
MuscleSkeletal,baseline,1.15089514066496,0.43365633487701416
MuscleSkeletal,baseline,1.0752688172043,0.5347731113433838
MuscleSkeletal,baseline,1.59151193633952,0.8681118488311768
MuscleSkeletal,baseline,8.01232665639445,0.7381492853164673
MuscleSkeletal,baseline,1.57232704402516,0.27190065383911133
MuscleSkeletal,baseline,1.25984251968504,0.2856205701828003
MuscleSkeletal,baseline,2.12071778140294,0.5968420505523682
MuscleSkeletal,baseline,2.20820189274448,0.14002269506454468
MuscleSkeletal,baseline,2.53565768621236,0.43615248799324036
MuscleSkeletal,baseline,2.24358974358974,0.8633525371551514
MuscleSkeletal,baseline,1.35593220338983,0.7348537445068359
MuscleSkeletal,baseline,2.74193548387097,0.7900593280792236
MuscleSkeletal,baseline,1.06544901065449,0.5593982338905334
MuscleSkeletal,baseline,3.79746835443038,0.6020515561103821
MuscleSkeletal,baseline,1.04166666666667,0.9316016435623169
MuscleSkeletal,baseline,3.00136425648022,0.20414914190769196
MuscleSkeletal,baseline,1.69014084507042,0.015486298128962517
MuscleSkeletal,baseline,2.10970464135021,0.47245240211486816
MuscleSkeletal,baseline,1.59786950732357,0.004906988702714443
MuscleSkeletal,baseline,7.57363253856943,0.011817892082035542
MuscleSkeletal,baseline,9.39691444600281,0.011101750656962395
MuscleSkeletal,baseline,2.85714285714286,0.7084503769874573
MuscleSkeletal,baseline,5.73770491803279,0.7650793194770813
MuscleSkeletal,baseline,1.52671755725191,0.44812601804733276
MuscleSkeletal,baseline,9.44881889763779,0.9157593250274658
MuscleSkeletal,baseline,4.10958904109589,0.779622495174408
MuscleSkeletal,baseline,7.53424657534247,0.7195909023284912
MuscleSkeletal,baseline,1.53846153846154,0.39730018377304077
MuscleSkeletal,baseline,5.4421768707483,0.30924782156944275
MuscleSkeletal,baseline,1.69491525423729,0.25844132900238037
MuscleSkeletal,baseline,2.7027027027027,0.2911950647830963
MuscleSkeletal,baseline,5.35714285714286,0.5168659090995789
MuscleSkeletal,baseline,13.2743362831858,0.7041007280349731
MuscleSkeletal,baseline,1.0,0.02620166540145874
MuscleSkeletal,baseline,1.96078431372549,0.04686212167143822
MuscleSkeletal,baseline,10.5769230769231,0.9060829877853394
MuscleSkeletal,baseline,2.97029702970297,0.04227377101778984
MuscleSkeletal,baseline,8.49056603773585,0.9100082516670227
MuscleSkeletal,baseline,5.0,0.35224175453186035
MuscleSkeletal,baseline,3.65101944049313,0.8541293740272522
MuscleSkeletal,baseline,2.17983651226158,0.7795337438583374
MuscleSkeletal,baseline,2.71370420624152,0.970948338508606
MuscleSkeletal,baseline,1.17903930131004,0.7352451086044312
MuscleSkeletal,baseline,13.9057750759878,0.9656488299369812
MuscleSkeletal,baseline,12.9229323308271,0.8160548210144043
MuscleSkeletal,baseline,11.2168252378568,0.7778533101081848
MuscleSkeletal,baseline,1.10122829309615,0.7484756708145142
MuscleSkeletal,baseline,1.2531328320802,0.8751301169395447
MuscleSkeletal,baseline,1.04961832061069,0.5295693874359131
MuscleSkeletal,baseline,2.53099173553719,0.6360503435134888
MuscleSkeletal,baseline,1.39111824505083,0.7323925495147705
MuscleSkeletal,baseline,4.11099691675231,0.919955313205719
MuscleSkeletal,baseline,4.83214649033571,0.4784700572490692
MuscleSkeletal,baseline,2.09302325581395,0.5718709230422974
MuscleSkeletal,baseline,1.50928792569659,0.5092074275016785
MuscleSkeletal,baseline,1.92582025677603,0.671848714351654
MuscleSkeletal,baseline,1.29186602870813,0.03364702686667442
MuscleSkeletal,baseline,2.291917973462,0.8428182601928711
MuscleSkeletal,baseline,1.22535961640916,0.8968186974525452
MuscleSkeletal,baseline,3.6051026067665,0.9001522660255432
MuscleSkeletal,baseline,1.89933523266857,0.8549023866653442
MuscleSkeletal,baseline,1.06434446057088,0.6893854737281799
MuscleSkeletal,baseline,4.76915271435819,0.7984762787818909
MuscleSkeletal,baseline,1.76125244618395,0.8990061283111572
MuscleSkeletal,baseline,4.61601307189542,0.7880639433860779
MuscleSkeletal,baseline,1.14239086087311,0.6017515659332275
MuscleSkeletal,baseline,3.31969076853115,0.9534494280815125
MuscleSkeletal,baseline,3.72233400402415,0.8484340310096741
MuscleSkeletal,baseline,1.82926829268293,0.2983787953853607
MuscleSkeletal,baseline,1.6025641025641,0.45416590571403503
MuscleSkeletal,baseline,1.16472545757072,0.254732608795166
MuscleSkeletal,baseline,3.8961038961039,0.17756812274456024
MuscleSkeletal,baseline,2.84810126582279,0.49082422256469727
MuscleSkeletal,baseline,6.45669291338583,0.5358233451843262
MuscleSkeletal,baseline,4.03645833333333,0.2690703272819519
MuscleSkeletal,baseline,1.11111111111111,0.07587356120347977
MuscleSkeletal,baseline,3.18237454100367,0.07461801171302795
MuscleSkeletal,baseline,1.08958837772397,0.017693135887384415
MuscleSkeletal,baseline,5.10083036773428,0.04712321609258652
MuscleSkeletal,baseline,2.57997936016512,0.1787961721420288
MuscleSkeletal,baseline,2.37010027347311,0.1973085254430771
MuscleSkeletal,baseline,3.0713640469738,0.0975184366106987
MuscleSkeletal,baseline,2.07351555136664,0.0726117491722107
MuscleSkeletal,baseline,2.66412940057089,0.042726069688797
MuscleSkeletal,baseline,2.02898550724638,0.18291456997394562
MuscleSkeletal,baseline,5.1792828685259,0.48397472500801086
MuscleSkeletal,baseline,1.83696900114811,0.02098885551095009
MuscleSkeletal,baseline,1.05140186915888,0.31342482566833496
MuscleSkeletal,baseline,1.65853658536585,0.05687684193253517
MuscleSkeletal,baseline,1.20918984280532,0.5523464679718018
MuscleSkeletal,baseline,6.9593147751606,0.719467043876648
MuscleSkeletal,baseline,1.10741971207087,0.24323861300945282
MuscleSkeletal,baseline,4.28265524625268,0.11611951142549515
MuscleSkeletal,baseline,1.3986013986014,0.2130218893289566
MuscleSkeletal,baseline,1.0989010989011,0.20636190474033356
MuscleSkeletal,baseline,1.36518771331058,0.09168931096792221
MuscleSkeletal,baseline,2.76422764227642,0.7239123582839966
MuscleSkeletal,baseline,1.15830115830116,0.5748209953308105
MuscleSkeletal,baseline,1.71673819742489,0.584647536277771
MuscleSkeletal,baseline,4.73684210526316,0.9767382740974426
MuscleSkeletal,baseline,1.48148148148148,0.4628174901008606
MuscleSkeletal,baseline,2.50817884405671,0.46876323223114014
MuscleSkeletal,baseline,1.80722891566265,0.3672042489051819
MuscleSkeletal,baseline,6.54761904761905,0.6894200444221497
MuscleSkeletal,baseline,13.6752136752137,0.7575072646141052
MuscleSkeletal,baseline,1.31004366812227,0.2721964716911316
MuscleSkeletal,baseline,11.2,0.10906793922185898
MuscleSkeletal,baseline,3.68098159509202,0.7377350926399231
MuscleSkeletal,baseline,7.42857142857143,0.8900084495544434
MuscleSkeletal,baseline,6.32183908045977,0.8453488349914551
MuscleSkeletal,baseline,3.77358490566038,0.5833601951599121
MuscleSkeletal,baseline,1.32450331125828,0.31459957361221313
MuscleSkeletal,baseline,1.53846153846154,0.03000035136938095
MuscleSkeletal,baseline,4.46428571428571,0.13392335176467896
MuscleSkeletal,baseline,2.75229357798165,0.0738735944032669
MuscleSkeletal,baseline,1.65289256198347,0.05163220316171646
MuscleSkeletal,baseline,8.21917808219178,0.8244226574897766
MuscleSkeletal,baseline,6.35593220338983,0.02223081700503826
MuscleSkeletal,baseline,2.69230769230769,0.01624176651239395
MuscleSkeletal,baseline,5.65371024734982,0.02813541889190674
MuscleSkeletal,baseline,6.7772009155362,0.8099456429481506
MuscleSkeletal,baseline,1.26146788990826,0.8373146057128906
MuscleSkeletal,baseline,3.04701307882644,0.7830389738082886
MuscleSkeletal,baseline,3.17578548212351,0.7753834128379822
MuscleSkeletal,baseline,5.00033923604044,0.7286303043365479
MuscleSkeletal,baseline,2.77490965410429,0.5225781798362732
MuscleSkeletal,baseline,1.09386257941966,0.49517956376075745
MuscleSkeletal,baseline,1.38349349144688,0.5324686765670776
MuscleSkeletal,baseline,2.24109051002137,0.7179468274116516
MuscleSkeletal,baseline,3.27086068998448,0.7043552994728088
MuscleSkeletal,baseline,6.05979948540502,0.1635749340057373
MuscleSkeletal,baseline,5.64666418188595,0.6780195236206055
MuscleSkeletal,baseline,2.76519004901507,0.5358675122261047
MuscleSkeletal,baseline,2.38568588469185,0.004272753838449717
MuscleSkeletal,baseline,1.03305785123967,0.0029344074428081512
MuscleSkeletal,baseline,9.01639344262295,0.5526614189147949
MuscleSkeletal,baseline,3.17460317460317,0.8509093523025513
MuscleSkeletal,baseline,13.953488372093,0.9163862466812134
MuscleSkeletal,baseline,1.55038759689923,0.309131383895874
MuscleSkeletal,baseline,4.31034482758621,0.11219394207000732
MuscleSkeletal,baseline,4.91803278688525,0.02189282327890396
MuscleSkeletal,baseline,2.9126213592233,0.02461770735681057
MuscleSkeletal,baseline,1.78571428571429,0.13554681837558746
MuscleSkeletal,baseline,1.75438596491228,0.12116575986146927
MuscleSkeletal,baseline,7.3394495412844,0.3766801953315735
MuscleSkeletal,baseline,1.78571428571429,0.21668240427970886
MuscleSkeletal,baseline,3.73831775700935,0.09605682641267776
MuscleSkeletal,baseline,13.8613861386139,0.3595462739467621
MuscleSkeletal,baseline,4.85436893203884,0.5174872875213623
MuscleSkeletal,baseline,8.7378640776699,0.4813239872455597
MuscleSkeletal,baseline,5.66037735849057,0.5042528510093689
MuscleSkeletal,baseline,1.68067226890756,0.38183048367500305
MuscleSkeletal,baseline,5.26315789473684,0.29944929480552673
MuscleSkeletal,baseline,8.03571428571429,0.16280999779701233
MuscleSkeletal,baseline,9.90990990990991,0.11162155121564865
MuscleSkeletal,baseline,12.1495327102804,0.07015056908130646
MuscleSkeletal,baseline,2.0,0.06616955250501633
MuscleSkeletal,baseline,4.95049504950495,0.0148552805185318
MuscleSkeletal,baseline,7.92079207920792,0.07559991627931595
MuscleSkeletal,baseline,2.94117647058824,0.029477881267666817
MuscleSkeletal,baseline,12.4888888888889,0.8436171412467957
MuscleSkeletal,baseline,12.5967325881341,0.22472093999385834
MuscleSkeletal,baseline,1.42302716688228,0.4878389239311218
MuscleSkeletal,baseline,2.00892857142857,0.6021900773048401
MuscleSkeletal,baseline,9.28874734607219,0.9666177034378052
MuscleSkeletal,baseline,2.23097112860892,0.09876753389835358
MuscleSkeletal,baseline,1.50943396226415,0.059975765645504
MuscleSkeletal,baseline,5.64516129032258,0.1319505125284195
MuscleSkeletal,baseline,5.15527950310559,0.18519316613674164
MuscleSkeletal,baseline,1.69270833333333,0.6197207570075989
MuscleSkeletal,baseline,3.21733420879842,0.6743640899658203
MuscleSkeletal,baseline,1.47945205479452,0.8703634142875671
MuscleSkeletal,baseline,9.58482829318298,0.8936596512794495
MuscleSkeletal,baseline,6.91764705882353,0.8041151165962219
MuscleSkeletal,baseline,3.1841255191509,0.05773806944489479
MuscleSkeletal,baseline,6.25271385149805,0.8310754299163818
MuscleSkeletal,baseline,5.47112462006079,0.820296049118042
MuscleSkeletal,baseline,1.55339805825243,0.4028985798358917
MuscleSkeletal,baseline,2.3073753605274,0.9743983149528503
MuscleSkeletal,baseline,1.28205128205128,0.25206294655799866
MuscleSkeletal,baseline,2.29042601923958,0.43874600529670715
MuscleSkeletal,baseline,6.33464394932285,0.9102717041969299
MuscleSkeletal,baseline,3.68271954674221,0.7603683471679688
MuscleSkeletal,baseline,9.80392156862745,0.8205509185791016
MuscleSkeletal,baseline,7.71428571428571,0.7322728037834167
MuscleSkeletal,baseline,7.95454545454545,0.8261030316352844
MuscleSkeletal,baseline,2.19178082191781,0.3517877459526062
MuscleSkeletal,baseline,1.27877237851662,0.10619784891605377
MuscleSkeletal,baseline,9.45945945945946,0.102257139980793
MuscleSkeletal,baseline,5.55555555555556,0.32874447107315063
MuscleSkeletal,baseline,5.74468085106383,0.6692157983779907
MuscleSkeletal,baseline,1.82926829268293,0.8892064094543457
MuscleSkeletal,baseline,6.36550308008214,0.6960581541061401
MuscleSkeletal,baseline,2.61437908496732,0.22742249071598053
MuscleSkeletal,baseline,1.18577075098814,0.31052857637405396
MuscleSkeletal,baseline,1.91897654584222,0.3822968602180481
MuscleSkeletal,baseline,2.16535433070866,0.19121447205543518
MuscleSkeletal,baseline,1.96850393700787,0.15332671999931335
MuscleSkeletal,baseline,8.69565217391304,0.11517846584320068
MuscleSkeletal,baseline,3.35820895522388,0.09939425438642502
MuscleSkeletal,baseline,3.07414104882459,0.07551956176757812
MuscleSkeletal,baseline,14.0151515151515,0.055758170783519745
MuscleSkeletal,baseline,8.81147540983607,0.09549638628959656
MuscleSkeletal,baseline,6.66666666666667,0.17441882193088531
MuscleSkeletal,baseline,2.01612903225806,0.05163774639368057
MuscleSkeletal,baseline,6.19834710743802,0.0194332804530859
MuscleSkeletal,baseline,12.0200333889816,0.6405660510063171
MuscleSkeletal,baseline,4.96688741721854,0.47556042671203613
MuscleSkeletal,baseline,13.4003350083752,0.4316277801990509
MuscleSkeletal,baseline,1.21107266435986,0.08566658198833466
MuscleSkeletal,baseline,1.94552529182879,0.1389855593442917
MuscleSkeletal,baseline,3.2258064516129,0.16277050971984863
MuscleSkeletal,baseline,1.49812734082397,0.17086166143417358
MuscleSkeletal,baseline,1.55642023346304,0.044968243688344955
MuscleSkeletal,baseline,2.9296875,0.021516377106308937
MuscleSkeletal,baseline,1.16472545757072,0.022253766655921936
MuscleSkeletal,baseline,2.80701754385965,0.16628876328468323
MuscleSkeletal,baseline,9.53716690042076,0.3036012351512909
MuscleSkeletal,baseline,1.36005726556908,0.345531165599823
MuscleSkeletal,baseline,2.1932424422051,0.5386446118354797
MuscleSkeletal,baseline,1.34099616858238,0.37664109468460083
MuscleSkeletal,baseline,1.35777325186694,0.29955628514289856
MuscleSkeletal,baseline,4.89276139410188,0.583263099193573
MuscleSkeletal,baseline,1.93508114856429,0.42757341265678406
MuscleSkeletal,baseline,1.08043217286915,0.3183054029941559
MuscleSkeletal,baseline,7.62479429511794,0.6045780181884766
MuscleSkeletal,baseline,5.05836575875486,0.25326287746429443
MuscleSkeletal,baseline,3.48464007336084,0.33814239501953125
MuscleSkeletal,baseline,2.41286863270777,0.12183097004890442
MuscleSkeletal,baseline,6.32235084594835,0.6147081851959229
MuscleSkeletal,baseline,7.37880737880738,0.8686157464981079
MuscleSkeletal,baseline,1.29003558718861,0.15274201333522797
MuscleSkeletal,baseline,1.62969669533726,0.43134790658950806
MuscleSkeletal,baseline,1.39737991266376,0.5489700436592102
MuscleSkeletal,baseline,1.36532892014895,0.21611082553863525
MuscleSkeletal,baseline,5.7957244655582,0.7953891754150391
MuscleSkeletal,baseline,2.11883924458775,0.08096491545438766
MuscleSkeletal,baseline,1.4591439688716,0.11457298696041107
MuscleSkeletal,baseline,5.46197039305768,0.0025269289035350084
MuscleSkeletal,baseline,1.87839841819081,0.703636109828949
MuscleSkeletal,baseline,2.26396917148362,0.8248143792152405
MuscleSkeletal,baseline,2.603928734582,0.9178565740585327
MuscleSkeletal,baseline,2.07379477511446,0.32462072372436523
MuscleSkeletal,baseline,7.64068146618482,0.24214905500411987
MuscleSkeletal,baseline,7.87217459080281,0.8988690376281738
MuscleSkeletal,baseline,14.4935344827586,0.5410106182098389
MuscleSkeletal,baseline,1.30341527800693,0.08249708265066147
MuscleSkeletal,baseline,12.6075731497418,0.260763555765152
MuscleSkeletal,baseline,2.2517451024544,0.22075748443603516
MuscleSkeletal,baseline,1.40129975629569,0.33772221207618713
MuscleSkeletal,baseline,3.01536127441684,0.10409727692604065
MuscleSkeletal,baseline,7.25726715443939,0.11453966051340103
MuscleSkeletal,baseline,5.5793025871766,0.019127771258354187
MuscleSkeletal,baseline,5.16378525932666,0.04212798550724983
MuscleSkeletal,baseline,2.61739799846035,0.3304312825202942
MuscleSkeletal,baseline,1.34819808141042,0.009637610986828804
MuscleSkeletal,baseline,2.63736263736264,0.010515612550079823
MuscleSkeletal,baseline,12.4476213951195,0.17495034635066986
MuscleSkeletal,baseline,4.73503434739941,0.7445399761199951
MuscleSkeletal,baseline,8.37953091684435,0.4335095286369324
MuscleSkeletal,baseline,3.24526731849386,0.0735783576965332
MuscleSkeletal,baseline,3.08779011099899,0.022578228265047073
MuscleSkeletal,baseline,7.94583129384892,0.6305446028709412
MuscleSkeletal,baseline,10.7043719639139,0.7125769853591919
MuscleSkeletal,baseline,13.362952836637,0.7714186906814575
MuscleSkeletal,baseline,4.65202828433197,0.7729864120483398
MuscleSkeletal,baseline,1.6597510373444,0.9033998847007751
MuscleSkeletal,baseline,6.51235101053723,0.8397015333175659
MuscleSkeletal,baseline,7.4638350261619,0.9441925883293152
MuscleSkeletal,baseline,2.47946455734713,0.6776111721992493
MuscleSkeletal,baseline,2.12670360940542,0.7136580944061279
MuscleSkeletal,baseline,3.29047421540163,0.5416015386581421
MuscleSkeletal,baseline,6.79611650485437,0.6664820313453674
MuscleSkeletal,baseline,12.8712871287129,0.7793987393379211
MuscleSkeletal,baseline,10.2803738317757,0.929474949836731
MuscleSkeletal,baseline,1.85728250244379,0.8200672268867493
MuscleSkeletal,baseline,3.78071833648393,0.7318581342697144
MuscleSkeletal,baseline,4.15129151291513,0.3733814060688019
MuscleSkeletal,baseline,8.40965861781849,0.7392991185188293
MuscleSkeletal,baseline,1.06295993458708,0.5860609412193298
MuscleSkeletal,baseline,3.72907153729072,0.18241699039936066
MuscleSkeletal,baseline,10.5623100303951,0.4334554970264435
MuscleSkeletal,baseline,3.33333333333333,0.28608712553977966
MuscleSkeletal,baseline,2.23285486443381,0.2039305865764618
MuscleSkeletal,baseline,2.80448717948718,0.2778663635253906
MuscleSkeletal,baseline,7.36245954692557,0.3264799416065216
MuscleSkeletal,baseline,5.63973063973064,0.21998275816440582
MuscleSkeletal,baseline,3.72940156114484,0.27257487177848816
MuscleSkeletal,baseline,4.79094076655052,0.7848904132843018
MuscleSkeletal,baseline,4.18118466898955,0.7522364854812622
MuscleSkeletal,baseline,14.8080438756856,0.7439331412315369
MuscleSkeletal,baseline,12.4653739612188,0.7279238700866699
MuscleSkeletal,baseline,3.91061452513967,0.9069881439208984
MuscleSkeletal,baseline,3.25972660357518,0.26617518067359924
MuscleSkeletal,baseline,2.94736842105263,0.313191294670105
MuscleSkeletal,baseline,2.97790585975024,0.07831628620624542
MuscleSkeletal,baseline,1.40845070422535,0.0508410781621933
MuscleSkeletal,baseline,14.7727272727273,0.29135629534721375
MuscleSkeletal,baseline,1.39186295503212,0.009833820164203644
MuscleSkeletal,baseline,1.39911634756996,0.0010014246217906475
MuscleSkeletal,baseline,1.47383935151069,0.0003302175609860569
MuscleSkeletal,baseline,1.21863799283154,0.00022239811369217932
MuscleSkeletal,baseline,1.93842645381984,0.351100355386734
MuscleSkeletal,baseline,3.99274047186933,0.6672672033309937
MuscleSkeletal,baseline,12.9489603024575,0.47572213411331177
MuscleSkeletal,baseline,7.011393514461,0.6880788803100586
MuscleSkeletal,baseline,3.85561936013126,0.5853096842765808
MuscleSkeletal,baseline,13.6327185244587,0.5387182235717773
MuscleSkeletal,baseline,4.15254237288136,0.6073715090751648
MuscleSkeletal,baseline,1.76140912730184,0.12656845152378082
MuscleSkeletal,baseline,5.44871794871795,0.7024922370910645
MuscleSkeletal,baseline,13.4412955465587,0.7189825177192688
MuscleSkeletal,baseline,2.15889464594128,0.06892495602369308
MuscleSkeletal,baseline,5.14988470407379,0.7020021080970764
MuscleSkeletal,baseline,1.14591291061879,0.5579516887664795
MuscleSkeletal,baseline,9.04255319148936,0.8974531888961792
MuscleSkeletal,baseline,8.29228243021347,0.4389462172985077
MuscleSkeletal,baseline,6.7219152854512,0.5623714327812195
MuscleSkeletal,baseline,1.6289592760181,0.04735520854592323
MuscleSkeletal,baseline,1.24113475177305,0.029570164158940315
MuscleSkeletal,baseline,8.41042893187553,0.6233904957771301
MuscleSkeletal,baseline,1.38099106417547,0.18339094519615173
MuscleSkeletal,baseline,1.5115354017502,0.5263015031814575
MuscleSkeletal,baseline,13.1770412287793,0.29742544889450073
MuscleSkeletal,baseline,5.37037037037037,0.0744902640581131
MuscleSkeletal,baseline,4.69973890339426,0.3853534162044525
MuscleSkeletal,baseline,3.42465753424658,0.01332609448581934
MuscleSkeletal,baseline,1.71073094867807,0.00990365445613861
MuscleSkeletal,baseline,2.65417642466823,0.0033144981134682894
MuscleSkeletal,baseline,4.15738678544915,0.005134444683790207
MuscleSkeletal,baseline,7.97872340425532,0.014409974217414856
MuscleSkeletal,baseline,1.91277735271614,0.03856143727898598
MuscleSkeletal,baseline,1.55642023346304,0.34132078289985657
MuscleSkeletal,baseline,5.2434456928839,0.6946009397506714
MuscleSkeletal,baseline,1.62337662337662,0.52138352394104
MuscleSkeletal,baseline,1.21580547112462,0.6609165668487549
MuscleSkeletal,baseline,2.09580838323353,0.700354278087616
MuscleSkeletal,baseline,1.36054421768707,0.34654173254966736
MuscleSkeletal,baseline,1.08303249097473,0.2324613779783249
MuscleSkeletal,baseline,1.24610591900312,0.06480281800031662
MuscleSkeletal,baseline,3.73831775700935,0.6955853700637817
MuscleSkeletal,baseline,1.30293159609121,0.579763650894165
MuscleSkeletal,baseline,5.74018126888218,0.5241544842720032
MuscleSkeletal,baseline,3.09278350515464,0.4499897360801697
MuscleSkeletal,baseline,1.36518771331058,0.5020944476127625
MuscleSkeletal,baseline,4.01459854014599,0.7222914695739746
MuscleSkeletal,baseline,3.7037037037037,0.5226354002952576
MuscleSkeletal,baseline,4.86111111111111,0.2959216237068176
MuscleSkeletal,baseline,3.3003300330033,0.2239939421415329
MuscleSkeletal,baseline,2.31788079470199,0.19868138432502747
MuscleSkeletal,baseline,1.00671140939597,0.08245064318180084
MuscleSkeletal,baseline,1.7921146953405,0.06709658354520798
MuscleSkeletal,baseline,3.05084745762712,0.08957500010728836
MuscleSkeletal,baseline,1.40845070422535,0.11136671900749207
MuscleSkeletal,baseline,4.7244094488189,0.4001123309135437
MuscleSkeletal,baseline,6.77966101694915,0.8326860070228577
MuscleSkeletal,baseline,2.46913580246914,0.6553000211715698
MuscleSkeletal,baseline,1.30434782608696,0.27750328183174133
MuscleSkeletal,baseline,14.2335766423358,0.914852499961853
MuscleSkeletal,baseline,2.11267605633803,0.6869717836380005
MuscleSkeletal,baseline,12.0300751879699,0.8780139088630676
MuscleSkeletal,baseline,4.79452054794521,0.11251222342252731
MuscleSkeletal,baseline,1.1070110701107,0.2443043440580368
MuscleSkeletal,baseline,2.06185567010309,0.5077879428863525
MuscleSkeletal,baseline,1.36054421768707,0.23738957941532135
MuscleSkeletal,baseline,2.56410256410256,0.26840099692344666
MuscleSkeletal,baseline,3.3175355450237,0.20933200418949127
MuscleSkeletal,baseline,5.82959641255605,0.8214291930198669
MuscleSkeletal,baseline,2.54237288135593,0.8018298149108887
MuscleSkeletal,baseline,1.61943319838057,0.021383831277489662
MuscleSkeletal,baseline,1.92307692307692,0.10964419692754745
MuscleSkeletal,baseline,5.50161812297735,0.1654677838087082
MuscleSkeletal,baseline,1.55763239875389,0.11536366492509842
MuscleSkeletal,baseline,1.34680134680135,0.02236330695450306
MuscleSkeletal,baseline,1.03359173126615,0.00024083798052743077
MuscleSkeletal,baseline,4.73537604456825,0.7271966934204102
MuscleSkeletal,baseline,7.55813953488372,0.5928537249565125
MuscleSkeletal,baseline,1.42450142450142,0.14189577102661133
MuscleSkeletal,baseline,4.60122699386503,0.6912257671356201
MuscleSkeletal,baseline,2.58620689655172,0.6512549519538879
MuscleSkeletal,baseline,3.50877192982456,0.6807386875152588
MuscleSkeletal,baseline,1.18343195266272,0.48744937777519226
MuscleSkeletal,baseline,8.55457227138643,0.8104291558265686
MuscleSkeletal,baseline,1.65745856353591,0.7692083716392517
MuscleSkeletal,baseline,2.47933884297521,0.7656951546669006
MuscleSkeletal,baseline,1.60857908847185,0.5797041058540344
MuscleSkeletal,baseline,2.9520295202952,0.7989022731781006
MuscleSkeletal,baseline,1.48698884758364,0.7958593368530273
MuscleSkeletal,baseline,3.52941176470588,0.9559689164161682
MuscleSkeletal,baseline,6.69291338582677,0.9168256521224976
MuscleSkeletal,baseline,7.20720720720721,0.8731918334960938
MuscleSkeletal,baseline,1.6597510373444,0.8674586415290833
MuscleSkeletal,baseline,14.3911439114391,0.9030217528343201
MuscleSkeletal,baseline,2.21518987341772,0.6882425546646118
MuscleSkeletal,baseline,2.10084033613445,0.6508681178092957
MuscleSkeletal,baseline,1.8796992481203,0.2057115137577057
MuscleSkeletal,baseline,2.44648318042813,0.2700716555118561
MuscleSkeletal,baseline,11.1413043478261,0.5116144418716431
MuscleSkeletal,baseline,3.26086956521739,0.5089142322540283
MuscleSkeletal,baseline,2.80112044817927,0.5714835524559021
MuscleSkeletal,baseline,1.38888888888889,0.09138254076242447
MuscleSkeletal,baseline,2.88461538461538,0.798730731010437
MuscleSkeletal,baseline,2.90322580645161,0.6591900587081909
MuscleSkeletal,baseline,2.9535864978903,0.5454801321029663
MuscleSkeletal,baseline,8.77862595419847,0.1475639045238495
MuscleSkeletal,baseline,2.85714285714286,0.4878199100494385
MuscleSkeletal,baseline,1.9047619047619,0.11036881059408188
MuscleSkeletal,baseline,9.32203389830508,0.15279711782932281
MuscleSkeletal,baseline,1.78571428571429,0.10636449605226517
MuscleSkeletal,baseline,1.8796992481203,0.04583744332194328
MuscleSkeletal,baseline,1.75953079178886,0.0037563377991318703
MuscleSkeletal,baseline,7.76699029126214,0.08144395053386688
MuscleSkeletal,baseline,10.9649122807018,0.017728200182318687
MuscleSkeletal,baseline,7.3394495412844,0.7871920466423035
MuscleSkeletal,baseline,3.80952380952381,0.09831807017326355
MuscleSkeletal,baseline,2.0979020979021,0.42036882042884827
MuscleSkeletal,baseline,1.70316301703163,0.14234326779842377
MuscleSkeletal,baseline,12.2448979591837,0.6239039301872253
MuscleSkeletal,baseline,12.5,0.8454029560089111
MuscleSkeletal,baseline,2.20264317180617,0.6470593214035034
MuscleSkeletal,baseline,4.97737556561086,0.215602308511734
MuscleSkeletal,baseline,1.99115044247788,0.10757077485322952
MuscleSkeletal,baseline,8.63636363636364,0.13844096660614014
MuscleSkeletal,baseline,1.54185022026432,0.14537754654884338
MuscleSkeletal,baseline,8.96860986547085,0.312581330537796
MuscleSkeletal,baseline,1.27551020408163,0.03994852304458618
MuscleSkeletal,baseline,7.00389105058366,0.22096161544322968
MuscleSkeletal,baseline,14.1176470588235,0.8221890926361084
MuscleSkeletal,baseline,1.88679245283019,0.7053634524345398
MuscleSkeletal,baseline,7.42574257425743,0.3803822994232178
MuscleSkeletal,baseline,5.90909090909091,0.3681009113788605
MuscleSkeletal,baseline,4.95495495495496,0.10441414266824722
MuscleSkeletal,baseline,5.12820512820513,0.43641728162765503
MuscleSkeletal,baseline,1.93050193050193,0.8708207011222839
MuscleSkeletal,baseline,4.54545454545455,0.9554536938667297
MuscleSkeletal,baseline,4.82315112540193,0.9007367491722107
MuscleSkeletal,baseline,1.80851063829787,0.5924682021141052
MuscleSkeletal,baseline,2.02429149797571,0.5698456764221191
MuscleSkeletal,baseline,1.04166666666667,0.1882133185863495
MuscleSkeletal,baseline,1.19760479041916,0.06793190538883209
MuscleSkeletal,baseline,3.28947368421053,0.8646126985549927
MuscleSkeletal,baseline,1.32890365448505,0.5970577597618103
MuscleSkeletal,baseline,1.63934426229508,0.6346039175987244
MuscleSkeletal,baseline,3.58255451713396,0.837055504322052
MuscleSkeletal,baseline,2.7027027027027,0.8123840093612671
MuscleSkeletal,baseline,1.92307692307692,0.49596884846687317
MuscleSkeletal,baseline,1.89328743545611,0.916660726070404
MuscleSkeletal,baseline,1.01626016260163,0.08498773723840714
MuscleSkeletal,baseline,1.38888888888889,0.8574997782707214
MuscleSkeletal,baseline,2.80474649406688,0.8633506894111633
MuscleSkeletal,baseline,1.44578313253012,0.2408253252506256
MuscleSkeletal,baseline,2.70935960591133,0.8731505870819092
MuscleSkeletal,baseline,3.72272143774069,0.6531237363815308
MuscleSkeletal,baseline,3.44444444444444,0.6844941973686218
MuscleSkeletal,baseline,9.97679814385151,0.7482835054397583
MuscleSkeletal,baseline,8.35214446952596,0.9360851049423218
MuscleSkeletal,baseline,2.86697247706422,0.8946520090103149
MuscleSkeletal,baseline,7.62004175365345,0.8695488572120667
MuscleSkeletal,baseline,10.6796116504854,0.9823900461196899
MuscleSkeletal,baseline,1.68918918918919,0.8959090709686279
MuscleSkeletal,baseline,12.2589531680441,0.307966411113739
MuscleSkeletal,baseline,9.71830985915493,0.5881185531616211
MuscleSkeletal,baseline,1.00143061516452,0.6864297986030579
MuscleSkeletal,baseline,1.38312586445367,0.8804495334625244
MuscleSkeletal,baseline,1.41442715700141,0.642931342124939
MuscleSkeletal,baseline,1.30434782608696,0.2909715473651886
MuscleSkeletal,baseline,3.30760749724366,0.11323406547307968
MuscleSkeletal,baseline,1.34228187919463,0.6800740957260132
MuscleSkeletal,baseline,4.74006116207951,0.1836497187614441
MuscleSkeletal,baseline,1.52284263959391,0.732210636138916
MuscleSkeletal,baseline,7.68261964735516,0.7882373332977295
MuscleSkeletal,baseline,1.44927536231884,0.690363347530365
MuscleSkeletal,baseline,5.13888888888889,0.7997640371322632
MuscleSkeletal,baseline,13.9830508474576,0.7700009942054749
MuscleSkeletal,baseline,3.36134453781513,0.6916670799255371
MuscleSkeletal,baseline,1.20845921450151,0.4876331090927124
MuscleSkeletal,baseline,3.97236614853195,0.7496721744537354
MuscleSkeletal,baseline,4.70383275261324,0.8636748790740967
MuscleSkeletal,baseline,1.36986301369863,0.3123365342617035
MuscleSkeletal,baseline,2.42792109256449,0.34837695956230164
MuscleSkeletal,baseline,14.0718562874251,0.5593762993812561
MuscleSkeletal,baseline,1.56739811912226,0.9025965929031372
MuscleSkeletal,baseline,3.46260387811634,0.7834715843200684
MuscleSkeletal,baseline,2.80748663101604,0.775409996509552
MuscleSkeletal,baseline,4.23620025673941,0.7914705276489258
MuscleSkeletal,baseline,4.65116279069768,0.6820501089096069
MuscleSkeletal,baseline,9.94764397905759,0.26187172532081604
MuscleSkeletal,baseline,3.78947368421053,0.748260498046875
MuscleSkeletal,baseline,4.3046357615894,0.16674640774726868
MuscleSkeletal,baseline,1.10741971207087,0.011401901952922344
MuscleSkeletal,baseline,1.13132726848612,0.8045064210891724
MuscleSkeletal,baseline,3.92156862745098,0.6461517214775085
MuscleSkeletal,baseline,1.72413793103448,0.0436849445104599
MuscleSkeletal,baseline,2.18978102189781,0.2984676659107208
MuscleSkeletal,baseline,2.77777777777778,0.4649183452129364
MuscleSkeletal,baseline,1.96078431372549,0.5397078990936279
MuscleSkeletal,baseline,7.6271186440678,0.48791876435279846
MuscleSkeletal,baseline,1.75438596491228,0.2489219456911087
MuscleSkeletal,baseline,6.0,0.5520267486572266
MuscleSkeletal,baseline,1.98019801980198,0.10344967991113663
MuscleSkeletal,baseline,8.49056603773585,0.039836812764406204
MuscleSkeletal,baseline,5.98290598290598,0.25670719146728516
MuscleSkeletal,baseline,1.49253731343284,0.4390590488910675
MuscleSkeletal,baseline,1.03626943005181,0.23005566000938416
MuscleSkeletal,baseline,1.4519056261343,0.13964727520942688
MuscleSkeletal,baseline,1.63132137030995,0.328231543302536
MuscleSkeletal,baseline,1.63934426229508,0.0911920815706253
MuscleSkeletal,baseline,8.0952380952381,0.7205541729927063
MuscleSkeletal,baseline,3.38078291814947,0.43339481949806213
MuscleSkeletal,baseline,2.59365994236311,0.5484544038772583
MuscleSkeletal,baseline,3.36134453781513,0.5351454615592957
MuscleSkeletal,baseline,1.51098901098901,0.33805763721466064
MuscleSkeletal,baseline,3.04709141274238,0.35152262449264526
MuscleSkeletal,baseline,3.57634112792297,0.39932534098625183
MuscleSkeletal,baseline,3.29218106995885,0.20567354559898376
MuscleSkeletal,baseline,1.11576011157601,0.20823444426059723
MuscleSkeletal,baseline,1.29310344827586,0.18892605602741241
MuscleSkeletal,baseline,2.42165242165242,0.17732800543308258
MuscleSkeletal,baseline,1.5647226173542,0.21949148178100586
MuscleSkeletal,baseline,7.75988286969253,0.43008410930633545
MuscleSkeletal,baseline,4.76190476190476,0.7344002723693848
MuscleSkeletal,baseline,2.10696920583468,0.2853788733482361
MuscleSkeletal,baseline,1.98347107438017,0.32065442204475403
MuscleSkeletal,baseline,1.28676470588235,0.1410372108221054
MuscleSkeletal,baseline,2.87253141831239,0.45246902108192444
MuscleSkeletal,baseline,1.23674911660777,0.07753352075815201
MuscleSkeletal,baseline,6.67726550079491,0.6200222373008728
MuscleSkeletal,baseline,1.93164933135215,0.12081661820411682
MuscleSkeletal,baseline,1.92592592592593,0.4414462149143219
MuscleSkeletal,baseline,9.53125,0.404246062040329
MuscleSkeletal,baseline,10.7344632768362,0.6010760068893433
MuscleSkeletal,baseline,2.17391304347826,0.908820629119873
MuscleSkeletal,baseline,4.0,0.7063243985176086
MuscleSkeletal,baseline,1.74418604651163,0.7621803283691406
MuscleSkeletal,baseline,6.40243902439024,0.8558820486068726
MuscleSkeletal,baseline,1.18343195266272,0.4368214011192322
MuscleSkeletal,baseline,3.15186246418338,0.38345587253570557
MuscleSkeletal,baseline,9.49554896142433,0.36538800597190857
MuscleSkeletal,baseline,5.38922155688623,0.44803741574287415
MuscleSkeletal,baseline,6.74846625766871,0.6999049782752991
MuscleSkeletal,baseline,10.6583072100313,0.12048453092575073
MuscleSkeletal,baseline,10.632183908046,0.5326474905014038
MuscleSkeletal,baseline,1.64835164835165,0.05980769544839859
MuscleSkeletal,baseline,2.82776349614396,0.5480002164840698
MuscleSkeletal,baseline,4.46194225721785,0.3155650794506073
MuscleSkeletal,baseline,4.09090909090909,0.7102035880088806
MuscleSkeletal,baseline,6.81818181818182,0.6690186262130737
MuscleSkeletal,baseline,12.751677852349,0.7941448092460632
MuscleSkeletal,baseline,5.54272517321016,0.5044084787368774
MuscleSkeletal,baseline,14.6067415730337,0.9190096259117126
MuscleSkeletal,baseline,2.57352941176471,0.697075366973877
MuscleSkeletal,baseline,11.2054329371817,0.40996381640434265
MuscleSkeletal,baseline,6.25,0.2946819067001343
MuscleSkeletal,baseline,1.84964200477327,0.35934755206108093
MuscleSkeletal,baseline,3.5,0.18181578814983368
MuscleSkeletal,baseline,2.42195909580194,0.647939920425415
MuscleSkeletal,baseline,2.54880694143167,0.40538886189460754
MuscleSkeletal,baseline,3.2672737011248,0.3137415051460266
MuscleSkeletal,baseline,1.32890365448505,0.4668310880661011
MuscleSkeletal,baseline,1.00688924218336,0.5772213339805603
MuscleSkeletal,baseline,5.18867924528302,0.7358958125114441
MuscleSkeletal,baseline,5.18672199170125,0.5786759257316589
MuscleSkeletal,baseline,11.9346733668342,0.9134682416915894
MuscleSkeletal,baseline,1.55440414507772,0.2668014168739319
MuscleSkeletal,baseline,1.70777988614801,0.3639805018901825
MuscleSkeletal,baseline,10.1673899566026,0.21715782582759857
MuscleSkeletal,baseline,1.97547683923706,0.4594365656375885
MuscleSkeletal,baseline,1.04031209362809,0.4864773452281952
MuscleSkeletal,baseline,1.36314067611778,0.12688644230365753
MuscleSkeletal,baseline,1.01674641148325,0.10488474369049072
MuscleSkeletal,baseline,11.2224448897796,0.5406185388565063
MuscleSkeletal,baseline,4.13333333333333,0.06915788352489471
MuscleSkeletal,baseline,2.60223048327138,0.20385953783988953
MuscleSkeletal,baseline,1.55148095909732,0.9195600152015686
MuscleSkeletal,baseline,6.77382319173364,0.5552162528038025
MuscleSkeletal,baseline,2.79027902790279,0.9193941354751587
MuscleSkeletal,baseline,6.90537084398977,0.8571711182594299
MuscleSkeletal,baseline,1.12359550561798,0.8836523294448853
MuscleSkeletal,baseline,13.585291113381,0.9593351483345032
MuscleSkeletal,baseline,4.0920716112532,0.923042356967926
MuscleSkeletal,baseline,1.69204737732657,0.32404884696006775
MuscleSkeletal,baseline,2.90215588723051,0.8744990229606628
MuscleSkeletal,baseline,1.36239782016349,0.9044883251190186
MuscleSkeletal,baseline,1.00502512562814,0.7161437273025513
MuscleSkeletal,baseline,2.00729927007299,0.8207839131355286
MuscleSkeletal,baseline,5.4368932038835,0.9027246832847595
MuscleSkeletal,baseline,8.20793433652531,0.8373494744300842
MuscleSkeletal,baseline,1.2924071082391,0.5034363865852356
MuscleSkeletal,baseline,1.5220700152207,0.2520861029624939
MuscleSkeletal,baseline,1.05105105105105,0.379981130361557
MuscleSkeletal,baseline,1.47637795275591,0.22097498178482056
MuscleSkeletal,baseline,5.94594594594595,0.7776206731796265
MuscleSkeletal,baseline,5.04201680672269,0.555178701877594
MuscleSkeletal,baseline,1.92177691936263,0.916098415851593
MuscleSkeletal,baseline,2.94156618523917,0.9312383532524109
MuscleSkeletal,baseline,1.18343195266272,0.023307789117097855
MuscleSkeletal,baseline,4.21686746987952,0.04140453785657883
MuscleSkeletal,baseline,1.78041543026706,0.27623534202575684
MuscleSkeletal,baseline,3.49854227405248,0.28374147415161133
MuscleSkeletal,baseline,8.58085808580858,0.13858483731746674
MuscleSkeletal,baseline,3.76712328767123,0.022837528958916664
MuscleSkeletal,baseline,8.01282051282051,0.16243723034858704
MuscleSkeletal,baseline,2.67558528428094,0.0595523975789547
MuscleSkeletal,baseline,1.47492625368732,0.6096720099449158
MuscleSkeletal,baseline,7.08215297450425,0.875673770904541
MuscleSkeletal,baseline,2.6525198938992,0.7851706147193909
MuscleSkeletal,baseline,3.1700288184438,0.5004811882972717
MuscleSkeletal,baseline,1.63934426229508,0.6870982646942139
MuscleSkeletal,baseline,6.52173913043478,0.839906632900238
MuscleSkeletal,baseline,1.6,0.25861942768096924
MuscleSkeletal,baseline,1.25628140703518,0.8632087111473083
MuscleSkeletal,baseline,2.19512195121951,0.6752952337265015
MuscleSkeletal,baseline,3.44827586206897,0.8918992877006531
MuscleSkeletal,baseline,10.2739726027397,0.8940982818603516
MuscleSkeletal,baseline,3.16742081447964,0.5708330273628235
MuscleSkeletal,baseline,1.5625,0.3540022373199463
MuscleSkeletal,baseline,2.61096605744125,0.5008612871170044
MuscleSkeletal,baseline,4.55764075067024,0.8200730085372925
MuscleSkeletal,baseline,6.90537084398977,0.11252927035093307
MuscleSkeletal,baseline,4.72636815920398,0.5474273562431335
MuscleSkeletal,baseline,10.9634551495017,0.7247362732887268
MuscleSkeletal,baseline,12.0,0.693711519241333
MuscleSkeletal,baseline,2.96296296296296,0.057793211191892624
MuscleSkeletal,baseline,2.47933884297521,0.494314044713974
MuscleSkeletal,baseline,6.69642857142857,0.25377047061920166
MuscleSkeletal,baseline,2.46913580246914,0.23486706614494324
MuscleSkeletal,baseline,2.11267605633803,0.236943781375885
MuscleSkeletal,baseline,2.15827338129496,0.21772293746471405
MuscleSkeletal,baseline,5.98802395209581,0.5512499809265137
MuscleSkeletal,baseline,11.1842105263158,0.6711968779563904
MuscleSkeletal,baseline,1.28205128205128,0.14829522371292114
MuscleSkeletal,baseline,1.42857142857143,0.1091444119811058
MuscleSkeletal,baseline,2.42424242424242,0.03508487343788147
MuscleSkeletal,baseline,2.72904483430799,0.6892163753509521
MuscleSkeletal,baseline,1.10192837465565,0.5833590030670166
MuscleSkeletal,baseline,4.50704225352113,0.9812589287757874
MuscleSkeletal,baseline,1.24610591900312,0.7917167544364929
MuscleSkeletal,baseline,2.02702702702703,0.3811643123626709
MuscleSkeletal,baseline,2.33236151603499,0.742263674736023
MuscleSkeletal,baseline,1.85676392572944,0.4671133756637573
MuscleSkeletal,baseline,1.13314447592068,0.6398271918296814
MuscleSkeletal,baseline,1.14613180515759,0.07918330281972885
MuscleSkeletal,baseline,6.75105485232068,0.6839519143104553
MuscleSkeletal,baseline,1.5625,0.1720520704984665
MuscleSkeletal,baseline,1.4760147601476,0.026717470958828926
MuscleSkeletal,baseline,3.08880308880309,0.022120848298072815
MuscleSkeletal,baseline,1.27504553734062,0.4624112546443939
MuscleSkeletal,baseline,4.14304404709987,0.6450368762016296
MuscleSkeletal,baseline,5.65463244889082,0.27933651208877563
MuscleSkeletal,baseline,2.34937476316787,0.468353271484375
MuscleSkeletal,baseline,1.76691729323308,0.4488404095172882
MuscleSkeletal,baseline,1.0996807378503,0.26361602544784546
MuscleSkeletal,baseline,2.04225352112676,0.40091022849082947
MuscleSkeletal,baseline,4.13990007137759,0.6696323752403259
MuscleSkeletal,baseline,1.59825644751181,0.35686320066452026
MuscleSkeletal,baseline,1.21520972167777,0.20810632407665253
MuscleSkeletal,baseline,3.20158102766798,0.1104760691523552
MuscleSkeletal,baseline,1.23653769445552,0.3544093668460846
MuscleSkeletal,baseline,6.23987034035656,0.2155180722475052
MuscleSkeletal,baseline,13.402489626556,0.28262078762054443
MuscleSkeletal,baseline,8.18414322250639,0.2309214323759079
MuscleSkeletal,baseline,1.84350675952479,0.08619323372840881
MuscleSkeletal,baseline,2.86315789473684,0.046177513897418976
MuscleSkeletal,baseline,14.163961038961,0.7812014222145081
MuscleSkeletal,baseline,1.45409223099294,0.4854571223258972
MuscleSkeletal,baseline,4.13763066202091,0.37128135561943054
MuscleSkeletal,baseline,2.2488038277512,0.09371623396873474
MuscleSkeletal,baseline,1.79669030732861,0.13317610323429108
MuscleSkeletal,baseline,4.73282442748092,0.0513358935713768
MuscleSkeletal,baseline,2.4928092042186,0.16229446232318878
MuscleSkeletal,baseline,12.1149897330596,0.8820557594299316
MuscleSkeletal,baseline,5.83376355188436,0.4543677270412445
MuscleSkeletal,baseline,5.49242424242424,0.3189815282821655
MuscleSkeletal,baseline,1.16044399596367,0.05718543753027916
MuscleSkeletal,baseline,1.2647187091147,0.055828094482421875
MuscleSkeletal,baseline,1.21212121212121,0.02563607133924961
MuscleSkeletal,baseline,1.19904076738609,0.013647595420479774
MuscleSkeletal,baseline,1.18623962040332,0.3968435227870941
MuscleSkeletal,baseline,4.83953132959756,0.2795258164405823
MuscleSkeletal,baseline,1.0896898575021,0.050334371626377106
MuscleSkeletal,baseline,2.76266220175806,0.12110860645771027
MuscleSkeletal,baseline,1.78062678062678,0.14754121005535126
MuscleSkeletal,baseline,1.31975867269985,0.6869012117385864
MuscleSkeletal,baseline,4.2188058634251,0.53348708152771
MuscleSkeletal,baseline,9.24308588064047,0.9376341700553894
MuscleSkeletal,baseline,1.72481379851039,0.2236512452363968
MuscleSkeletal,baseline,3.43940855030537,0.6371428966522217
MuscleSkeletal,baseline,9.37603169362826,0.8095743060112
MuscleSkeletal,baseline,1.58251695553881,0.8573926687240601
MuscleSkeletal,baseline,1.89349112426036,0.7781901359558105
MuscleSkeletal,baseline,1.66288737717309,0.811193585395813
MuscleSkeletal,baseline,4.27289048473968,0.5447967052459717
MuscleSkeletal,baseline,3.57280061467537,0.3328704535961151
MuscleSkeletal,baseline,1.29972430090587,0.7056983709335327
MuscleSkeletal,baseline,1.10759493670886,0.5441151857376099
MuscleSkeletal,baseline,10.665914221219,0.6631830930709839
MuscleSkeletal,baseline,11.1384918679152,0.8227826356887817
MuscleSkeletal,baseline,6.41169853768279,0.7222461104393005
MuscleSkeletal,baseline,1.27610208816705,0.9748324751853943
MuscleSkeletal,baseline,1.60295930949445,0.28028005361557007
MuscleSkeletal,baseline,1.78443968593862,0.39528894424438477
MuscleSkeletal,baseline,1.12262521588946,0.5032655000686646
MuscleSkeletal,baseline,1.70068027210884,0.3062499761581421
MuscleSkeletal,baseline,8.8126159554731,0.8532170057296753
MuscleSkeletal,baseline,13.3460438512869,0.8668242692947388
MuscleSkeletal,baseline,13.3333333333333,0.7204221487045288
MuscleSkeletal,baseline,1.75054704595186,0.07229610532522202
MuscleSkeletal,baseline,6.2407132243685,0.3260222375392914
MuscleSkeletal,baseline,8.88208269525268,0.6397279500961304
MuscleSkeletal,baseline,1.05017502917153,0.10585358738899231
MuscleSkeletal,baseline,2.72020725388601,0.8202366828918457
MuscleSkeletal,baseline,4.74452554744526,0.7995314002037048
MuscleSkeletal,baseline,3.06748466257669,0.298610657453537
MuscleSkeletal,baseline,5.43601359003398,0.22751210629940033
MuscleSkeletal,baseline,9.61070559610706,0.6718506813049316
MuscleSkeletal,baseline,5.9493670886076,0.7151960730552673
MuscleSkeletal,baseline,5.87484035759898,0.5386491417884827
MuscleSkeletal,baseline,6.15563298490128,0.8917396068572998
MuscleSkeletal,baseline,2.16606498194946,0.7525604963302612
MuscleSkeletal,baseline,12.5786163522013,0.9016735553741455
MuscleSkeletal,baseline,4.05727923627685,0.6965728998184204
MuscleSkeletal,baseline,6.2953995157385,0.7000036835670471
MuscleSkeletal,baseline,11.0458284371328,0.829142153263092
MuscleSkeletal,baseline,1.16550116550117,0.7188522815704346
MuscleSkeletal,baseline,3.87323943661972,0.7720702886581421
MuscleSkeletal,baseline,3.75690607734807,0.48992279171943665
MuscleSkeletal,baseline,5.31154239019408,0.3111598789691925
MuscleSkeletal,baseline,8.82028665931643,0.7615085244178772
MuscleSkeletal,baseline,4.20944558521561,0.2891792058944702
MuscleSkeletal,baseline,2.57116620752984,0.7007678747177124
MuscleSkeletal,baseline,7.23055934515689,0.10410046577453613
MuscleSkeletal,baseline,1.8716577540107,0.16225898265838623
MuscleSkeletal,baseline,13.9622641509434,0.9089548587799072
MuscleSkeletal,baseline,10.5134474327628,0.5321376323699951
MuscleSkeletal,baseline,3.33333333333333,0.37365883588790894
MuscleSkeletal,baseline,1.77095631641086,0.2832556962966919
MuscleSkeletal,baseline,4.04040404040404,0.3948492109775543
MuscleSkeletal,baseline,3.1927023945268,0.3721980154514313
MuscleSkeletal,baseline,14.4607843137255,0.3503776490688324
MuscleSkeletal,baseline,1.24293785310734,0.325466126203537
MuscleSkeletal,baseline,3.90070921985816,0.47888612747192383
MuscleSkeletal,baseline,12.2119815668203,0.8981429934501648
MuscleSkeletal,baseline,4.34782608695652,0.8400172591209412
MuscleSkeletal,baseline,5.53359683794466,0.8454117178916931
MuscleSkeletal,baseline,1.61073825503356,0.014463000930845737
MuscleSkeletal,baseline,2.77044854881267,0.12730948626995087
MuscleSkeletal,baseline,6.68604651162791,0.1684035211801529
MuscleSkeletal,baseline,6.71140939597315,0.6439694762229919
MuscleSkeletal,baseline,11.3636363636364,0.38181859254837036
MuscleSkeletal,baseline,3.66013071895425,0.2981567680835724
MuscleSkeletal,baseline,1.80305131761442,0.47521504759788513
MuscleSkeletal,baseline,4.64824120603015,0.5086275339126587
MuscleSkeletal,baseline,1.43603133159269,0.14947006106376648
MuscleSkeletal,baseline,2.01149425287356,0.11985355615615845
MuscleSkeletal,baseline,13.1406044678055,0.7136004567146301
MuscleSkeletal,baseline,1.03448275862069,0.01874573715031147
MuscleSkeletal,baseline,8.82352941176471,0.6400964856147766
MuscleSkeletal,baseline,2.75229357798165,0.8151640892028809
MuscleSkeletal,baseline,2.56410256410256,0.8670628666877747
MuscleSkeletal,baseline,3.2520325203252,0.5814067721366882
MuscleSkeletal,baseline,2.29007633587786,0.6139308214187622
MuscleSkeletal,baseline,8.21018062397373,0.793580949306488
MuscleSkeletal,baseline,1.25391849529781,0.5311688184738159
MuscleSkeletal,baseline,1.32013201320132,0.4890865385532379
MuscleSkeletal,baseline,2.9045643153527,0.7090334892272949
MuscleSkeletal,baseline,1.60642570281125,0.6661338806152344
MuscleSkeletal,baseline,3.75,0.7370250225067139
MuscleSkeletal,baseline,1.03092783505155,0.784356415271759
MuscleSkeletal,baseline,3.62694300518135,0.8381455540657043
MuscleSkeletal,baseline,4.85436893203884,0.9470060467720032
MuscleSkeletal,baseline,1.96078431372549,0.8229033946990967
MuscleSkeletal,baseline,11.8110236220472,0.970802903175354
MuscleSkeletal,baseline,1.0,0.8986592888832092
MuscleSkeletal,baseline,3.80952380952381,0.6690704226493835
MuscleSkeletal,baseline,3.11418685121107,0.41463056206703186
MuscleSkeletal,baseline,2.5,0.608049750328064
MuscleSkeletal,baseline,4.70914127423823,0.26100096106529236
MuscleSkeletal,baseline,1.4161220043573,0.6752381324768066
MuscleSkeletal,baseline,1.31004366812227,0.49149057269096375
MuscleSkeletal,baseline,3.53591160220994,0.7688490152359009
MuscleSkeletal,baseline,1.12219451371571,0.372007817029953
MuscleSkeletal,baseline,1.09170305676856,0.9043736457824707
MuscleSkeletal,baseline,1.97802197802198,0.7694216966629028
MuscleSkeletal,baseline,1.20967741935484,0.7489973306655884
MuscleSkeletal,baseline,2.3463687150838,0.7837796211242676
MuscleSkeletal,baseline,1.10987791342952,0.725966215133667
MuscleSkeletal,baseline,2.57826887661142,0.8576493859291077
MuscleSkeletal,baseline,2.80373831775701,0.9791260957717896
MuscleSkeletal,baseline,4.50450450450451,0.923103928565979
MuscleSkeletal,baseline,6.6079295154185,0.9158532023429871
MuscleSkeletal,baseline,1.8018018018018,0.9687445759773254
MuscleSkeletal,baseline,1.23329907502569,0.8507086038589478
MuscleSkeletal,baseline,2.29007633587786,0.9624826312065125
MuscleSkeletal,baseline,1.00200400801603,0.2297353446483612
MuscleSkeletal,baseline,4.32786885245902,0.8697082996368408
MuscleSkeletal,baseline,5.17819706498952,0.6661399006843567
MuscleSkeletal,baseline,1.60383253488857,0.9448239207267761
MuscleSkeletal,baseline,2.24775224775225,0.46485501527786255
MuscleSkeletal,baseline,1.12798264642082,0.7830483317375183
MuscleSkeletal,baseline,4.74012474012474,0.8101204633712769
MuscleSkeletal,baseline,1.34800550206327,0.9502522349357605
MuscleSkeletal,baseline,2.98797050834303,0.9779893755912781
MuscleSkeletal,baseline,1.71272868820553,0.9596900939941406
MuscleSkeletal,baseline,1.18959107806691,0.9423154592514038
MuscleSkeletal,baseline,2.3117076808352,0.9489403367042542
MuscleSkeletal,baseline,1.02618542108988,0.5602695941925049
MuscleSkeletal,baseline,1.32890365448505,0.5994333624839783
MuscleSkeletal,baseline,1.0364228605271,0.24589520692825317
MuscleSkeletal,baseline,1.51378219611387,0.9633694887161255
MuscleSkeletal,baseline,1.42878856969144,0.9500859379768372
MuscleSkeletal,baseline,1.99501246882793,0.9032168984413147
MuscleSkeletal,baseline,1.37254901960784,0.8903599977493286
MuscleSkeletal,baseline,2.17034256217738,0.6824106574058533
MuscleSkeletal,baseline,4.04736799416011,0.7101218104362488
MuscleSkeletal,baseline,6.19673551928355,0.933361291885376
MuscleSkeletal,baseline,3.53546824135059,0.437875360250473
MuscleSkeletal,baseline,2.06891126494651,0.044813212007284164
MuscleSkeletal,baseline,1.70914984529247,0.26011526584625244
MuscleSkeletal,baseline,1.34976525821596,0.31878694891929626
MuscleSkeletal,baseline,1.01282916948008,0.6977574825286865
MuscleSkeletal,baseline,1.04474222121281,0.7209315299987793
MuscleSkeletal,baseline,2.0852428964253,0.8854319453239441
MuscleSkeletal,baseline,2.5049439683586,0.9498627185821533
MuscleSkeletal,baseline,6.84470377019749,0.9367210865020752
MuscleSkeletal,baseline,1.30410654827969,0.668147623538971
MuscleSkeletal,baseline,1.28879537085744,0.5596851706504822
MuscleSkeletal,baseline,2.25204731574158,0.364362895488739
MuscleSkeletal,baseline,4.20369104579631,0.014051691628992558
MuscleSkeletal,baseline,1.35680234690136,0.4146416187286377
MuscleSkeletal,baseline,8.19352321498244,0.2259906381368637
MuscleSkeletal,baseline,1.49184149184149,0.13518758118152618
MuscleSkeletal,baseline,12.4774774774775,0.8130090832710266
MuscleSkeletal,baseline,4.33757661480434,0.5255941152572632
MuscleSkeletal,baseline,5.2321778940484,0.45767566561698914
MuscleSkeletal,baseline,8.15109343936382,0.5626675486564636
MuscleSkeletal,baseline,1.29081245254366,0.512588381767273
MuscleSkeletal,baseline,5.54385964912281,0.8691132664680481
MuscleSkeletal,baseline,1.00214745884037,0.28069278597831726
MuscleSkeletal,baseline,10.4697986577181,0.7054721713066101
MuscleSkeletal,baseline,1.76600441501104,0.11352409422397614
MuscleSkeletal,baseline,10.2394715111478,0.23049572110176086
MuscleSkeletal,baseline,2.85714285714286,0.07928231358528137
MuscleSkeletal,baseline,3.62903225806452,0.11832548677921295
MuscleSkeletal,baseline,2.97142857142857,0.7822664976119995
MuscleSkeletal,baseline,4.64135021097046,0.10882188379764557
MuscleSkeletal,baseline,5.80357142857143,0.03462011367082596
MuscleSkeletal,baseline,3.92464678178964,0.02157289907336235
MuscleSkeletal,baseline,5.47945205479452,0.01825789175927639
MuscleSkeletal,baseline,2.88808664259928,0.013146580196917057
MuscleSkeletal,baseline,4.17391304347826,0.005080817732959986
MuscleSkeletal,baseline,3.40909090909091,0.005511267576366663
MuscleSkeletal,baseline,1.88679245283019,0.33052924275398254
MuscleSkeletal,baseline,1.24223602484472,0.011358881369233131
MuscleSkeletal,baseline,4.97512437810945,0.1435832679271698
MuscleSkeletal,baseline,13.7055837563452,0.2688870429992676
MuscleSkeletal,baseline,12.7962085308057,0.05097273364663124
MuscleSkeletal,baseline,3.79746835443038,0.6178812384605408
MuscleSkeletal,baseline,1.31004366812227,0.9376725554466248
MuscleSkeletal,baseline,12.8504672897196,0.8702346682548523
MuscleSkeletal,baseline,2.73224043715847,0.013099592179059982
MuscleSkeletal,baseline,2.36486486486487,0.5014910101890564
MuscleSkeletal,baseline,1.08024691358025,0.5885891318321228
MuscleSkeletal,baseline,1.56794425087108,0.79102623462677
MuscleSkeletal,baseline,6.29496402877698,0.8291853666305542
MuscleSkeletal,baseline,7.64925373134328,0.7786956429481506
MuscleSkeletal,baseline,5.66037735849057,0.4586314260959625
MuscleSkeletal,baseline,2.90697674418605,0.44861817359924316
MuscleSkeletal,baseline,4.67289719626168,0.14700989425182343
MuscleSkeletal,baseline,1.38436482084691,0.5976410508155823
MuscleSkeletal,baseline,2.42253521126761,0.17524868249893188
MuscleSkeletal,baseline,2.26390685640362,0.5934379696846008
MuscleSkeletal,baseline,9.7128894318876,0.6098167896270752
MuscleSkeletal,baseline,6.0958904109589,0.2013661116361618
MuscleSkeletal,baseline,3.37650323774283,0.07642686367034912
MuscleSkeletal,baseline,9.75501113585746,0.162881538271904
MuscleSkeletal,baseline,5.63444800732936,0.06518476456403732
MuscleSkeletal,baseline,5.61900411146642,0.253301203250885
MuscleSkeletal,baseline,4.46719404374127,0.25886327028274536
MuscleSkeletal,baseline,1.77173465183354,0.1983908861875534
MuscleSkeletal,baseline,3.21727633318643,0.38295429944992065
MuscleSkeletal,baseline,1.68208578637511,0.2807072699069977
MuscleSkeletal,baseline,1.13924050632911,0.28988754749298096
MuscleSkeletal,baseline,4.38709677419355,0.2077391892671585
MuscleSkeletal,baseline,1.46321070234114,0.5097697973251343
MuscleSkeletal,baseline,1.00719424460432,0.21943299472332
MuscleSkeletal,baseline,4.13067968456628,0.38580313324928284
MuscleSkeletal,baseline,5.46218487394958,0.4283868074417114
MuscleSkeletal,baseline,3.69242481918538,0.40607792139053345
MuscleSkeletal,baseline,3.2994923857868,0.20019328594207764
MuscleSkeletal,baseline,1.60502442428472,0.10390213876962662
MuscleSkeletal,baseline,1.1707710940654,0.06059553101658821
MuscleSkeletal,baseline,7.84982935153584,0.5862983465194702
MuscleSkeletal,baseline,1.31045241809672,0.07170960307121277
MuscleSkeletal,baseline,1.38546798029557,0.06405499577522278
MuscleSkeletal,baseline,14.7304988282558,0.3931353688240051
MuscleSkeletal,baseline,1.30740864901106,0.3746050000190735
MuscleSkeletal,baseline,1.60895417978314,0.10437698662281036
MuscleSkeletal,baseline,9.32770151355157,0.3548165261745453
MuscleSkeletal,baseline,1.60164271047228,0.11166899651288986
MuscleSkeletal,baseline,2.26449275362319,0.07254638522863388
MuscleSkeletal,baseline,11.4660114660115,0.046053264290094376
MuscleSkeletal,baseline,13.1901840490798,0.6791876554489136
MuscleSkeletal,baseline,8.68207370393504,0.3677873909473419
MuscleSkeletal,baseline,5.01750291715286,0.926185131072998
MuscleSkeletal,baseline,2.50521920668058,0.538145124912262
MuscleSkeletal,baseline,3.19602272727273,0.5991380214691162
MuscleSkeletal,baseline,12.6839523475823,0.9209077954292297
MuscleSkeletal,baseline,9.33028048082427,0.7796674370765686
MuscleSkeletal,baseline,4.33491686460808,0.6677413582801819
MuscleSkeletal,baseline,13.9045664443304,0.7869008183479309
MuscleSkeletal,baseline,1.84555609519184,0.6825608015060425
MuscleSkeletal,baseline,1.38580931263858,0.5049905776977539
MuscleSkeletal,baseline,5.40013012361744,0.4775981307029724
MuscleSkeletal,baseline,6.07843137254902,0.6159431338310242
MuscleSkeletal,baseline,5.43478260869565,0.039246153086423874
MuscleSkeletal,baseline,4.14634146341463,0.29217979311943054
MuscleSkeletal,baseline,6.02049530315969,0.7113441228866577
MuscleSkeletal,baseline,11.972731146144,0.7319950461387634
MuscleSkeletal,baseline,6.89531975705609,0.5699061155319214
MuscleSkeletal,baseline,2.12314225053079,0.28802764415740967
MuscleSkeletal,baseline,3.03643724696356,0.546777069568634
MuscleSkeletal,baseline,1.22249388753056,0.2250574827194214
MuscleSkeletal,baseline,1.69491525423729,0.11826737225055695
MuscleSkeletal,baseline,3.93120393120393,0.3397625982761383
MuscleSkeletal,baseline,14.5956607495069,0.7163691520690918
MuscleSkeletal,baseline,8.49220103986135,0.5038435459136963
MuscleSkeletal,baseline,2.02702702702703,0.5426393747329712
MuscleSkeletal,baseline,2.09923664122137,0.01680426113307476
MuscleSkeletal,baseline,7.37240075614367,0.1692855954170227
MuscleSkeletal,baseline,3.83877159309021,0.34908193349838257
MuscleSkeletal,baseline,10.1364522417154,0.453357070684433
MuscleSkeletal,baseline,2.13143872113677,0.5179179310798645
MuscleSkeletal,baseline,1.17647058823529,0.14359764754772186
MuscleSkeletal,baseline,5.07399577167019,0.3874826431274414
MuscleSkeletal,baseline,1.83150183150183,0.2345065474510193
MuscleSkeletal,baseline,8.16696914700544,0.566265344619751
MuscleSkeletal,baseline,1.15384615384615,0.7780726552009583
MuscleSkeletal,baseline,2.22634508348794,0.20495091378688812
MuscleSkeletal,baseline,6.9811320754717,0.41037437319755554
MuscleSkeletal,baseline,11.7100371747212,0.7017219662666321
MuscleSkeletal,baseline,1.44694533762058,0.27800214290618896
MuscleSkeletal,baseline,4.74631751227496,0.5566816329956055
MuscleSkeletal,baseline,8.92351274787535,0.6094619631767273
MuscleSkeletal,baseline,3.00859598853868,0.3751358985900879
MuscleSkeletal,baseline,1.54320987654321,0.21215732395648956
MuscleSkeletal,baseline,2.48275862068966,0.03193766623735428
MuscleSkeletal,baseline,1.5015015015015,0.058371588587760925
MuscleSkeletal,baseline,1.18168389955687,0.2446610927581787
MuscleSkeletal,baseline,1.31771595900439,0.042006492614746094
MuscleSkeletal,baseline,4.06976744186047,0.2834060490131378
MuscleSkeletal,baseline,1.10935023771791,0.05298919230699539
MuscleSkeletal,baseline,13.8483965014577,0.4084753394126892
MuscleSkeletal,baseline,2.01149425287356,0.5987252593040466
MuscleSkeletal,baseline,9.65909090909091,0.4299052059650421
MuscleSkeletal,baseline,6.73352435530086,0.3526712656021118
MuscleSkeletal,baseline,10.04243281471,0.40852296352386475
MuscleSkeletal,baseline,11.9359534206696,0.3446562886238098
MuscleSkeletal,baseline,2.8169014084507,0.18194173276424408
MuscleSkeletal,baseline,2.74566473988439,0.19369223713874817
MuscleSkeletal,baseline,3.45285524568393,0.33817335963249207
MuscleSkeletal,baseline,2.79605263157895,0.7570579648017883
MuscleSkeletal,baseline,7.86516853932584,0.8579392433166504
MuscleSkeletal,baseline,7.30519480519481,0.04558989778161049
MuscleSkeletal,baseline,4.75382003395586,0.6160340905189514
MuscleSkeletal,baseline,2.31958762886598,0.04956153780221939
MuscleSkeletal,baseline,3.07017543859649,0.9274758100509644
MuscleSkeletal,baseline,11.5062761506276,0.29512301087379456
MuscleSkeletal,baseline,1.67014613778706,0.4917443096637726
MuscleSkeletal,baseline,1.21457489878543,0.320068895816803
MuscleSkeletal,baseline,1.1472275334608,0.27407506108283997
MuscleSkeletal,baseline,1.93798449612403,0.04910041019320488
MuscleSkeletal,baseline,4.94071146245059,0.49392855167388916
MuscleSkeletal,baseline,4.47470817120623,0.007627516984939575
MuscleSkeletal,baseline,4.20168067226891,0.1022704467177391
MuscleSkeletal,baseline,1.86915887850467,0.07822296023368835
MuscleSkeletal,baseline,14.9184149184149,0.021896224468946457
MuscleSkeletal,baseline,4.58015267175573,0.18096467852592468
MuscleSkeletal,baseline,2.54237288135593,0.4115116000175476
MuscleSkeletal,baseline,5.6,0.05420335382223129
MuscleSkeletal,baseline,1.66666666666667,0.09513390809297562
MuscleSkeletal,baseline,3.0,0.447698712348938
MuscleSkeletal,baseline,2.3955943093162,0.8682999014854431
MuscleSkeletal,baseline,6.90980602485027,0.8822563290596008
MuscleSkeletal,baseline,3.80625566994044,0.4510122537612915
MuscleSkeletal,baseline,9.88994755890391,0.6531438827514648
MuscleSkeletal,baseline,1.6386939273726,0.797792911529541
MuscleSkeletal,baseline,2.71392374149037,0.7440038919448853
MuscleSkeletal,baseline,1.52358808052377,0.5432456135749817
MuscleSkeletal,baseline,3.53480924962281,0.5392515063285828
MuscleSkeletal,baseline,4.47177193963108,0.612683117389679
MuscleSkeletal,baseline,6.73765668969046,0.6026099920272827
MuscleSkeletal,baseline,4.76049936546351,0.30797556042671204
MuscleSkeletal,baseline,10.4761622038829,0.39043205976486206
MuscleSkeletal,baseline,2.35756984262535,0.5270256400108337
MuscleSkeletal,baseline,6.59194097616345,0.7781866788864136
MuscleSkeletal,baseline,3.83800261286108,0.31923842430114746
MuscleSkeletal,baseline,2.650274016296,0.6074951887130737
MuscleSkeletal,baseline,2.03780667649819,0.13215272128582
MuscleSkeletal,baseline,1.14675246073966,0.388692170381546
MuscleSkeletal,baseline,2.37307048540078,0.46257978677749634
MuscleSkeletal,baseline,1.61484212213496,0.32717958092689514
MuscleSkeletal,baseline,1.21854093660401,0.007135455030947924
MuscleSkeletal,baseline,1.09349371241115,0.15596486628055573
MuscleSkeletal,baseline,2.47933884297521,0.6609965562820435
MuscleSkeletal,baseline,11.8577075098814,0.7433993816375732
MuscleSkeletal,baseline,8.52428964252979,0.37906739115715027
MuscleSkeletal,baseline,10.0956429330499,0.5675557255744934
MuscleSkeletal,baseline,2.51989389920424,0.08073113113641739
MuscleSkeletal,baseline,8.01144492131617,0.4482816159725189
MuscleSkeletal,baseline,14.7477360931436,0.7092022895812988
MuscleSkeletal,baseline,4.94437577255872,0.6158153414726257
MuscleSkeletal,baseline,7.67754318618042,0.08835753798484802
MuscleSkeletal,baseline,1.14942528735632,0.09222230315208435
MuscleSkeletal,baseline,4.45719329214475,0.23926131427288055
MuscleSkeletal,baseline,2.9126213592233,0.5670536756515503
MuscleSkeletal,baseline,5.35714285714286,0.7000533938407898
MuscleSkeletal,baseline,4.46428571428571,0.5157922506332397
MuscleSkeletal,baseline,1.85185185185185,0.20019756257534027
MuscleSkeletal,baseline,4.71698113207547,0.6831117868423462
MuscleSkeletal,baseline,1.96078431372549,0.5140299201011658
MuscleSkeletal,baseline,1.07142857142857,0.44418007135391235
MuscleSkeletal,baseline,6.41025641025641,0.7618820667266846
MuscleSkeletal,baseline,8.52017937219731,0.5996862649917603
MuscleSkeletal,baseline,3.84615384615385,0.6114383935928345
MuscleSkeletal,baseline,5.30973451327434,0.661400318145752
MuscleSkeletal,baseline,2.75229357798165,0.9222157001495361
MuscleSkeletal,baseline,2.47933884297521,0.5788525938987732
MuscleSkeletal,baseline,2.75229357798165,0.37888720631599426
MuscleSkeletal,baseline,4.7244094488189,0.6506019830703735
MuscleSkeletal,baseline,4.58015267175573,0.6552565097808838
MuscleSkeletal,baseline,4.13223140495868,0.6231766939163208
MuscleSkeletal,baseline,3.96825396825397,0.4498351514339447
MuscleSkeletal,baseline,2.30769230769231,0.4630763530731201
MuscleSkeletal,baseline,7.63358778625954,0.5389404296875
MuscleSkeletal,baseline,2.85714285714286,0.6415700316429138
MuscleSkeletal,baseline,14.9253731343284,0.8028717637062073
MuscleSkeletal,baseline,5.59440559440559,0.5364060997962952
MuscleSkeletal,baseline,11.7241379310345,0.8973844647407532
MuscleSkeletal,baseline,3.42465753424658,0.7231307029724121
MuscleSkeletal,baseline,7.63358778625954,0.9329742789268494
MuscleSkeletal,baseline,2.52100840336134,0.151918426156044
MuscleSkeletal,baseline,2.65486725663717,0.18379531800746918
MuscleSkeletal,baseline,2.72727272727273,0.08185897022485733
MuscleSkeletal,baseline,1.51515151515152,0.038422830402851105
MuscleSkeletal,baseline,1.4218009478673,0.002799946814775467
MuscleSkeletal,baseline,2.29885057471264,0.7682740688323975
MuscleSkeletal,baseline,1.37931034482759,0.35968834161758423
MuscleSkeletal,baseline,1.10497237569061,0.3010362386703491
MuscleSkeletal,baseline,3.7037037037037,0.28969764709472656
MuscleSkeletal,baseline,9.67741935483871,0.06902749091386795
MuscleSkeletal,baseline,6.875,0.6923831105232239
MuscleSkeletal,baseline,3.06748466257669,0.23921191692352295
MuscleSkeletal,baseline,13.3757961783439,0.8148334622383118
MuscleSkeletal,baseline,11.9718309859155,0.9220520257949829
MuscleSkeletal,baseline,1.50375939849624,0.09984110295772552
MuscleSkeletal,baseline,13.2450331125828,0.7004368305206299
MuscleSkeletal,baseline,13.6690647482014,0.9608790874481201
MuscleSkeletal,baseline,1.85185185185185,0.7013632655143738
MuscleSkeletal,baseline,7.97546012269939,0.2332354635000229
MuscleSkeletal,baseline,3.92156862745098,0.34487566351890564
MuscleSkeletal,baseline,7.64331210191083,0.4391406178474426
MuscleSkeletal,baseline,5.48780487804878,0.7754153609275818
MuscleSkeletal,baseline,1.81818181818182,0.7514898777008057
MuscleSkeletal,baseline,2.38095238095238,0.7395948767662048
MuscleSkeletal,baseline,6.76328502415459,0.6331899762153625
MuscleSkeletal,baseline,10.0436681222707,0.9686357975006104
MuscleSkeletal,baseline,1.61943319838057,0.38158509135246277
MuscleSkeletal,baseline,6.75675675675676,0.8281116485595703
MuscleSkeletal,baseline,14.3250688705234,0.6649553179740906
MuscleSkeletal,baseline,1.08108108108108,0.1563945859670639
MuscleSkeletal,baseline,11.7808219178082,0.6830312013626099
MuscleSkeletal,baseline,2.11640211640212,0.018796373158693314
MuscleSkeletal,baseline,14.6855983772819,0.9466087222099304
MuscleSkeletal,baseline,1.18717847249703,0.31419795751571655
MuscleSkeletal,baseline,1.68297455968689,0.30739346146583557
MuscleSkeletal,baseline,4.37306501547988,0.5626369714736938
MuscleSkeletal,baseline,5.03709488481062,0.23399809002876282
MuscleSkeletal,baseline,1.4142807864781,0.19356593489646912
MuscleSkeletal,baseline,2.41343126967471,0.08307462185621262
MuscleSkeletal,baseline,3.62038664323374,0.09335194528102875
MuscleSkeletal,baseline,2.23501523874026,0.10454859584569931
MuscleSkeletal,baseline,2.24274406332454,0.10465370118618011
MuscleSkeletal,baseline,6.29795396419437,0.09878279268741608
MuscleSkeletal,baseline,3.904,0.09446277469396591
MuscleSkeletal,baseline,3.53728489483748,0.09573137760162354
MuscleSkeletal,baseline,3.07889672867223,0.09468258172273636
MuscleSkeletal,baseline,2.68972142170989,0.091220423579216
MuscleSkeletal,baseline,2.53073029645698,0.023953018710017204
MuscleSkeletal,baseline,4.33450087565674,0.08602433651685715
MuscleSkeletal,baseline,1.9271051529116,0.5443428754806519
MuscleSkeletal,baseline,1.50451354062187,0.2839026153087616
MuscleSkeletal,baseline,2.90498974709501,0.25123873353004456
MuscleSkeletal,baseline,7.40740740740741,0.07102338969707489
MuscleSkeletal,baseline,2.08588957055215,0.32069382071495056
MuscleSkeletal,baseline,7.61968981793662,0.19852697849273682
MuscleSkeletal,baseline,1.5015015015015,0.001241299556568265
MuscleSkeletal,baseline,1.01317122593718,0.03915569931268692
MuscleSkeletal,baseline,2.12092434314657,0.053375352174043655
MuscleSkeletal,baseline,4.50819672131148,0.671520471572876
MuscleSkeletal,baseline,10.7825176655326,0.058022115379571915
MuscleSkeletal,baseline,3.18356867779204,0.6822278499603271
MuscleSkeletal,baseline,2.88937809576225,0.3660208582878113
MuscleSkeletal,baseline,6.35150812064965,0.2653287649154663
MuscleSkeletal,baseline,2.77602523659306,0.10484138876199722
MuscleSkeletal,baseline,9.39766635130874,0.49395379424095154
MuscleSkeletal,baseline,2.64880024929885,0.3525451123714447
MuscleSkeletal,baseline,2.07566119852695,0.014369586482644081
MuscleSkeletal,baseline,4.44726810673444,0.2395605593919754
MuscleSkeletal,baseline,4.47761194029851,0.37540480494499207
MuscleSkeletal,baseline,4.60133473832104,0.65228670835495
MuscleSkeletal,baseline,10.0620067643743,0.01712797023355961
MuscleSkeletal,baseline,5.92613799026625,0.002054989105090499
MuscleSkeletal,baseline,1.08158946625911,0.0016279706032946706
MuscleSkeletal,baseline,3.03458009880028,0.00023565493756905198
MuscleSkeletal,baseline,2.13558480258257,0.00026820501079782844
MuscleSkeletal,baseline,5.05024478227261,0.0069389864802360535
MuscleSkeletal,baseline,1.71122994652406,0.7610111236572266
MuscleSkeletal,baseline,3.66379310344828,0.8664215803146362
MuscleSkeletal,baseline,2.16021602160216,0.6144527792930603
MuscleSkeletal,baseline,1.84859154929577,0.070020392537117
MuscleSkeletal,baseline,1.4760147601476,0.27639254927635193
MuscleSkeletal,baseline,1.99833472106578,0.42948466539382935
MuscleSkeletal,baseline,1.73267326732673,0.5194007754325867
MuscleSkeletal,baseline,4.38898450946644,0.6218327879905701
MuscleSkeletal,baseline,8.04780876494024,0.9394939541816711
MuscleSkeletal,baseline,8.32625318606627,0.89289391040802
MuscleSkeletal,baseline,9.45485519591141,0.7004575729370117
MuscleSkeletal,baseline,2.31759656652361,0.5755758285522461
MuscleSkeletal,baseline,1.15350488021295,0.41732117533683777
MuscleSkeletal,baseline,1.15350488021295,0.1426207721233368
MuscleSkeletal,baseline,4.07098121085595,0.3319385349750519
MuscleSkeletal,baseline,14.4808743169399,0.8846400380134583
MuscleSkeletal,baseline,5.21978021978022,0.7247164249420166
MuscleSkeletal,baseline,5.50964187327824,0.7947374582290649
MuscleSkeletal,baseline,1.00286532951289,0.7912445664405823
MuscleSkeletal,baseline,2.7027027027027,0.24818231165409088
MuscleSkeletal,baseline,1.10650069156293,0.8629884719848633
MuscleSkeletal,baseline,4.87179487179487,0.43685007095336914
MuscleSkeletal,baseline,5.03875968992248,0.21081528067588806
MuscleSkeletal,baseline,2.35602094240838,0.08946001529693604
MuscleSkeletal,baseline,1.1988011988012,0.1021663248538971
MuscleSkeletal,baseline,2.76190476190476,0.6139389872550964
MuscleSkeletal,baseline,1.69491525423729,0.5015307068824768
MuscleSkeletal,baseline,3.00250208507089,0.10658324509859085
MuscleSkeletal,baseline,2.9796511627907,0.38289910554885864
MuscleSkeletal,baseline,1.5819209039548,0.314527302980423
MuscleSkeletal,baseline,9.75490196078431,0.02598184160888195
MuscleSkeletal,baseline,2.72177419354839,0.11506910622119904
MuscleSkeletal,baseline,2.26308345120226,0.23061828315258026
MuscleSkeletal,baseline,5.26819923371648,0.620475709438324
MuscleSkeletal,baseline,8.48708487084871,0.15775342285633087
MuscleSkeletal,baseline,4.74840538625089,0.3586055636405945
MuscleSkeletal,baseline,6.27202255109232,0.5800895094871521
MuscleSkeletal,baseline,2.5706940874036,0.6808397769927979
MuscleSkeletal,baseline,1.52284263959391,0.2675205171108246
MuscleSkeletal,baseline,6.46067415730337,0.8340767025947571
MuscleSkeletal,baseline,14.2559833506764,0.9848437905311584
MuscleSkeletal,baseline,4.59641255605381,0.8424965143203735
MuscleSkeletal,baseline,7.9954954954955,0.8996924161911011
MuscleSkeletal,baseline,11.5958668197474,0.21128883957862854
MuscleSkeletal,baseline,5.86854460093897,0.8652175664901733
MuscleSkeletal,baseline,7.65253360910031,0.8659089207649231
MuscleSkeletal,baseline,9.70614425645592,0.7810043692588806
MuscleSkeletal,baseline,7.53676470588235,0.6568302512168884
MuscleSkeletal,baseline,6.42605633802817,0.646811842918396
MuscleSkeletal,baseline,1.83574879227053,0.6601114869117737
MuscleSkeletal,baseline,2.00573065902579,0.6422918438911438
MuscleSkeletal,baseline,1.25,0.8742234706878662
MuscleSkeletal,baseline,4.17061611374408,0.6234154105186462
MuscleSkeletal,baseline,6.01202404809619,0.6605021357536316
MuscleSkeletal,baseline,5.97907324364723,0.719771146774292
MuscleSkeletal,baseline,5.75539568345324,0.31224530935287476
MuscleSkeletal,baseline,1.97132616487455,0.7517738938331604
MuscleSkeletal,baseline,1.71149144254279,0.11314841359853745
MuscleSkeletal,baseline,1.64705882352941,0.6098017692565918
MuscleSkeletal,baseline,9.22190201729107,0.8955032825469971
MuscleSkeletal,baseline,2.9585798816568,0.06575904041528702
MuscleSkeletal,baseline,14.4602851323829,0.45976534485816956
MuscleSkeletal,baseline,1.53139356814701,0.12581224739551544
MuscleSkeletal,baseline,1.83374083129584,0.14515146613121033
MuscleSkeletal,baseline,1.5025041736227,0.023592758923768997
MuscleSkeletal,baseline,1.5025041736227,0.015044055879116058
MuscleSkeletal,baseline,3.07167235494881,0.018457967787981033
MuscleSkeletal,baseline,5.14820592823713,0.09124501049518585
MuscleSkeletal,baseline,8.06174957118353,0.4868118166923523
MuscleSkeletal,baseline,9.20353982300885,0.37940868735313416
MuscleSkeletal,baseline,4.00801603206413,0.1436786949634552
MuscleSkeletal,baseline,1.20240480961924,0.029170120134949684
MuscleSkeletal,baseline,3.37078651685393,0.1089969202876091
MuscleSkeletal,baseline,1.96078431372549,0.3221006691455841
MuscleSkeletal,baseline,1.28913443830571,0.049282945692539215
MuscleSkeletal,baseline,1.27118644067797,0.4243539273738861
MuscleSkeletal,baseline,1.71306209850107,0.6544175148010254
MuscleSkeletal,baseline,5.47667342799189,0.4858549237251282
MuscleSkeletal,baseline,5.64663023679417,0.5674220323562622
MuscleSkeletal,baseline,5.39033457249071,0.5196889042854309
MuscleSkeletal,baseline,2.38532110091743,0.3442426323890686
MuscleSkeletal,baseline,4.25138632162662,0.3288406729698181
MuscleSkeletal,baseline,2.02952029520295,0.4021652936935425
MuscleSkeletal,baseline,4.1015625,0.3805864751338959
MuscleSkeletal,baseline,2.84629981024668,0.2372988611459732
MuscleSkeletal,baseline,1.09489051094891,0.34717538952827454
MuscleSkeletal,baseline,7.46268656716418,0.5931448340415955
MuscleSkeletal,baseline,10.8932461873638,0.7162314057350159
MuscleSkeletal,baseline,6.91588785046729,0.5649571418762207
MuscleSkeletal,baseline,3.18725099601594,0.547301709651947
MuscleSkeletal,baseline,1.50943396226415,0.11146493256092072
MuscleSkeletal,baseline,1.54142581888247,0.16279223561286926
MuscleSkeletal,baseline,2.53456221198157,0.049299582839012146
MuscleSkeletal,baseline,4.82456140350877,0.5928356647491455
MuscleSkeletal,baseline,5.51876379690949,0.3166409432888031
MuscleSkeletal,baseline,1.20772946859903,0.025583192706108093
MuscleSkeletal,baseline,1.69014084507042,0.022287385538220406
MuscleSkeletal,baseline,1.40845070422535,0.12516754865646362
MuscleSkeletal,baseline,2.60869565217391,0.04642278701066971
MuscleSkeletal,baseline,1.48883374689826,0.49170002341270447
MuscleSkeletal,baseline,2.5,0.5129304528236389
MuscleSkeletal,baseline,8.36575875486381,0.33320289850234985
MuscleSkeletal,baseline,6.94789081885856,0.7349923849105835
MuscleSkeletal,baseline,1.25,0.2241402417421341
MuscleSkeletal,baseline,2.30179028132992,0.1357782930135727
MuscleSkeletal,baseline,7.96915167095116,0.8785498142242432
MuscleSkeletal,baseline,3.7914691943128,0.7141681909561157
MuscleSkeletal,baseline,1.22850122850123,0.6393190622329712
MuscleSkeletal,baseline,1.42566191446029,0.571738064289093
MuscleSkeletal,baseline,8.87949260042283,0.694439709186554
MuscleSkeletal,baseline,2.23577235772358,0.317841500043869
MuscleSkeletal,baseline,1.34099616858238,0.02295699156820774
MuscleSkeletal,baseline,1.09170305676856,0.03720011189579964
MuscleSkeletal,baseline,1.27931769722815,0.08093030750751495
MuscleSkeletal,baseline,1.02040816326531,0.04586556553840637
