tissue,variant,editing_level,score
Artery,baseline,6.85279187817259,0.8564537167549133
Artery,baseline,7.76583034647551,0.18402211368083954
Artery,baseline,6.92695214105793,0.02950850874185562
Artery,baseline,1.09140518417462,0.02634448930621147
Artery,baseline,1.24575311438279,0.00975154060870409
Artery,baseline,4.84633569739953,0.2444731742143631
Artery,baseline,11.9741100323625,0.7157348990440369
Artery,baseline,3.52564102564103,0.6727133393287659
Artery,baseline,10.1075268817204,0.8659518361091614
Artery,baseline,5.08108108108108,0.33896493911743164
Artery,baseline,2.50817884405671,0.8826266527175903
Artery,baseline,1.95876288659794,0.7426823973655701
Artery,baseline,3.1763417305586,0.3639885485172272
Artery,baseline,5.74324324324324,0.8035814166069031
Artery,baseline,6.03351955307263,0.8694077134132385
Artery,baseline,2.49406175771972,0.024471024051308632
Artery,baseline,13.4065934065934,0.8320703506469727
Artery,baseline,1.77725118483412,0.2516408860683441
Artery,baseline,2.03160270880361,0.028289316222071648
Artery,baseline,1.43487858719647,0.7803223729133606
Artery,baseline,1.01663585951941,0.7227014303207397
Artery,baseline,9.42408376963351,0.4527445137500763
Artery,baseline,5.85585585585586,0.7258787751197815
Artery,baseline,5.02127659574468,0.8521631360054016
Artery,baseline,3.41726618705036,0.9145167469978333
Artery,baseline,1.30260521042084,0.3677840530872345
Artery,baseline,14.3473570658037,0.9133991003036499
Artery,baseline,9.51859956236324,0.8366482853889465
Artery,baseline,1.36585365853659,0.8556646704673767
Artery,baseline,5.90339892665474,0.2602221965789795
Artery,baseline,1.31687242798354,0.9708050489425659
Artery,baseline,8.98058252427184,0.30448514223098755
Artery,baseline,2.62123197903014,0.8015511631965637
Artery,baseline,7.16180371352785,0.8567177057266235
Artery,baseline,2.03193033381713,0.877098798751831
Artery,baseline,2.5260029717682,0.8448554873466492
Artery,baseline,1.17130307467057,0.8409483432769775
Artery,baseline,11.1402359108781,0.44864556193351746
Artery,baseline,7.08762886597938,0.4234315752983093
Artery,baseline,13.4099616858238,0.603626549243927
Artery,baseline,10.0391134289439,0.5473427176475525
Artery,baseline,3.46598202824134,0.36642906069755554
Artery,baseline,5.60625814863103,0.4330521523952484
Artery,baseline,8.26666666666667,0.5309626460075378
Artery,baseline,9.1644204851752,0.7047826647758484
Artery,baseline,1.06951871657754,0.11956314742565155
Artery,baseline,3.89937106918239,0.8509132266044617
Artery,baseline,8.64864864864865,0.9594942927360535
Artery,baseline,2.92397660818713,0.09613028168678284
Artery,baseline,3.67231638418079,0.4920381009578705
Artery,baseline,1.0221465076661,0.016954947263002396
Artery,baseline,7.43801652892562,0.5167950391769409
Artery,baseline,7.59124087591241,0.0595482736825943
Artery,baseline,1.34328358208955,0.04184146225452423
Artery,baseline,1.21951219512195,0.18749277293682098
Artery,baseline,3.09119010819165,0.22039948403835297
Artery,baseline,3.65296803652968,0.12909510731697083
Artery,baseline,10.7088989441931,0.1700475662946701
Artery,baseline,1.10650069156293,0.14206230640411377
Artery,baseline,6.14035087719298,0.04110345244407654
Artery,baseline,2.63565891472868,0.036868806928396225
Artery,baseline,1.51006711409396,0.024677952751517296
Artery,baseline,2.07006369426752,0.05556781589984894
Artery,baseline,2.31404958677686,0.012277796864509583
Artery,baseline,5.99250936329588,0.00042849837336689234
Artery,baseline,3.6214953271028,0.4726635813713074
Artery,baseline,12.1140142517815,0.9464787244796753
Artery,baseline,5.62162162162162,0.9419645667076111
Artery,baseline,2.37324703344121,0.9833816289901733
Artery,baseline,4.65116279069768,0.7849442362785339
Artery,baseline,2.33766233766234,0.43834224343299866
Artery,baseline,13.0966952264382,0.6173937320709229
Artery,baseline,2.61096605744125,0.8456099629402161
Artery,baseline,3.76850605652759,0.8465558886528015
Artery,baseline,13.869625520111,0.9634506702423096
Artery,baseline,8.38627700127065,0.9865766763687134
Artery,baseline,2.9639175257732,0.9616982340812683
Artery,baseline,2.51046025104603,0.930000901222229
Artery,baseline,2.4416135881104,0.7355545163154602
Artery,baseline,1.05042016806723,0.8830161094665527
Artery,baseline,1.48221343873518,0.8861214518547058
Artery,baseline,9.19117647058824,0.902093231678009
Artery,baseline,13.4191176470588,0.9218724370002747
Artery,baseline,2.12569316081331,0.5292596817016602
Artery,baseline,2.34962406015038,0.21873511373996735
Artery,baseline,2.89156626506024,0.6970258951187134
Artery,baseline,1.36363636363636,0.736331045627594
Artery,baseline,2.60869565217391,0.744365930557251
Artery,baseline,5.06329113924051,0.9534580707550049
Artery,baseline,4.40835266821346,0.8921830058097839
Artery,baseline,6.65236051502146,0.24419015645980835
Artery,baseline,7.63888888888889,0.6633149981498718
Artery,baseline,6.41975308641975,0.749239981174469
Artery,baseline,3.58056265984655,0.11972873657941818
Artery,baseline,8.21917808219178,0.8611899018287659
Artery,baseline,11.6666666666667,0.8503214120864868
Artery,baseline,2.4390243902439,0.5799869894981384
Artery,baseline,10.3746397694525,0.924374520778656
Artery,baseline,5.32212885154062,0.3100457787513733
Artery,baseline,10.7361963190184,0.642239511013031
Artery,baseline,1.33779264214047,0.07569139450788498
Artery,baseline,3.05555555555556,0.4303396940231323
Artery,baseline,1.07816711590296,0.09092535823583603
Artery,baseline,1.3262599469496,0.3961392343044281
Artery,baseline,1.29533678756477,0.18548259139060974
Artery,baseline,6.08465608465609,0.125155508518219
Artery,baseline,7.19602977667494,0.2167571634054184
Artery,baseline,1.74129353233831,0.22671572864055634
Artery,baseline,1.00250626566416,0.13769590854644775
Artery,baseline,1.00755667506297,0.3571264147758484
Artery,baseline,2.47933884297521,0.8443514704704285
Artery,baseline,3.6036036036036,0.8910991549491882
Artery,baseline,2.49221183800623,0.9708242416381836
Artery,baseline,6.7741935483871,0.1472426950931549
Artery,baseline,1.12359550561798,0.07435110211372375
Artery,baseline,9.32475884244373,0.4796951711177826
Artery,baseline,13.4615384615385,0.7378981113433838
Artery,baseline,3.90625,0.8623486161231995
Artery,baseline,1.92307692307692,0.8436747789382935
Artery,baseline,5.0,0.6200788617134094
Artery,baseline,1.2853470437018,0.03171831741929054
Artery,baseline,4.89130434782609,0.1724863499403
Artery,baseline,1.11607142857143,0.2954622507095337
Artery,baseline,1.00250626566416,0.5322442054748535
Artery,baseline,3.72670807453416,0.04756725952029228
Artery,baseline,5.45454545454545,0.6451109051704407
Artery,baseline,4.09711684370258,0.6734191179275513
Artery,baseline,6.19946091644205,0.7156146168708801
Artery,baseline,12.7988748241913,0.8571327924728394
Artery,baseline,10.4046242774566,0.9587385058403015
Artery,baseline,5.93220338983051,0.9177022576332092
Artery,baseline,6.02706027060271,0.760443389415741
Artery,baseline,2.46913580246914,0.4413144886493683
Artery,baseline,8.74604847207587,0.6017503142356873
Artery,baseline,1.13052415210689,0.4555347263813019
Artery,baseline,2.11640211640212,0.5835696458816528
Artery,baseline,1.6052880075543,0.22306445240974426
Artery,baseline,1.24792013311148,0.03830508142709732
Artery,baseline,7.35873850197109,0.6930320262908936
Artery,baseline,1.59883720930233,0.17338857054710388
Artery,baseline,2.61941448382126,0.9441680312156677
Artery,baseline,2.54777070063694,0.9226555228233337
Artery,baseline,11.8022328548644,0.8907905220985413
Artery,baseline,2.69814502529511,0.024646468460559845
Artery,baseline,13.8747884940778,0.5190945863723755
Artery,baseline,2.6865671641791,0.6387401223182678
Artery,baseline,2.48901903367496,0.4354126453399658
Artery,baseline,11.1940298507463,0.4521937966346741
Artery,baseline,5.48961424332344,0.44125714898109436
Artery,baseline,4.06015037593985,0.4411862790584564
Artery,baseline,3.6697247706422,0.46502766013145447
Artery,baseline,4.08472012102874,0.6096352338790894
Artery,baseline,6.89655172413793,0.8099523782730103
Artery,baseline,6.70611439842209,0.12164316326379776
Artery,baseline,3.52941176470588,0.36313843727111816
Artery,baseline,4.81171548117155,0.14164352416992188
Artery,baseline,10.9704641350211,0.8204110860824585
Artery,baseline,6.25,0.554328441619873
Artery,baseline,3.54609929078014,0.8915122747421265
Artery,baseline,4.05982905982906,0.8050443530082703
Artery,baseline,1.86480186480186,0.7455077171325684
Artery,baseline,2.35294117647059,0.006613290403038263
Artery,baseline,1.45454545454545,0.8457506895065308
Artery,baseline,8.60495436766623,0.0072582378052175045
Artery,baseline,2.77392510402219,0.017057545483112335
Artery,baseline,1.68612191958495,0.04363159090280533
Artery,baseline,5.91397849462366,0.9444756507873535
Artery,baseline,4.06607369758577,0.8303624391555786
Artery,baseline,1.51057401812689,0.54360431432724
Artery,baseline,8.60832137733142,0.8361120223999023
Artery,baseline,1.83639398998331,0.7285593748092651
Artery,baseline,4.94233937397035,0.8225368857383728
Artery,baseline,2.85204991087344,0.08572323620319366
Artery,baseline,10.5691056910569,0.8187752366065979
Artery,baseline,2.92504570383912,0.7159910798072815
Artery,baseline,9.74025974025974,0.17860223352909088
Artery,baseline,5.93047034764826,0.31631723046302795
Artery,baseline,2.88808664259928,0.5570037364959717
Artery,baseline,14.453781512605,0.9377984404563904
Artery,baseline,7.95660036166365,0.09433164447546005
Artery,baseline,1.59680638722555,0.09913976490497589
Artery,baseline,3.64842454394693,0.2956668436527252
Artery,baseline,9.33333333333333,0.744393527507782
Artery,baseline,12.3847167325428,0.4910225570201874
Artery,baseline,1.59574468085106,0.05619610846042633
Artery,baseline,8.83864337101747,0.6573304533958435
Artery,baseline,14.2342342342342,0.4326413571834564
Artery,baseline,2.35223160434258,0.1175539568066597
Artery,baseline,2.26557583385777,0.8895472288131714
Artery,baseline,2.7831715210356,0.8569074273109436
Artery,baseline,3.42897130860742,0.8407228589057922
Artery,baseline,4.63378176382661,0.39065274596214294
Artery,baseline,1.08205590622182,0.3923954665660858
Artery,baseline,3.6101083032491,0.44885414838790894
Artery,baseline,3.84615384615385,0.019590003415942192
Artery,baseline,1.1378002528445,0.005899460520595312
Artery,baseline,1.40679953106682,0.5402941107749939
Artery,baseline,12.4121779859485,0.6763952374458313
Artery,baseline,1.81043663471779,0.844333827495575
Artery,baseline,12.5806451612903,0.9292908310890198
Artery,baseline,10.0422832980973,0.47818106412887573
Artery,baseline,3.93873085339169,0.2209809422492981
Artery,baseline,14.9577804583836,0.933104932308197
Artery,baseline,6.28717077315208,0.8313280344009399
Artery,baseline,1.11876075731497,0.5673527121543884
Artery,baseline,1.79180887372014,0.1925659477710724
Artery,baseline,1.53985507246377,0.1331392228603363
Artery,baseline,3.40073529411765,0.763701856136322
Artery,baseline,3.89363722697056,0.7511712908744812
Artery,baseline,4.71698113207547,0.9173921346664429
Artery,baseline,2.1551724137931,0.861120343208313
Artery,baseline,5.38302277432712,0.15545214712619781
Artery,baseline,1.19760479041916,0.5936997532844543
Artery,baseline,2.20858895705521,0.09623556584119797
Artery,baseline,10.4722792607803,0.6108195781707764
Artery,baseline,2.54335260115607,0.034246526658535004
Artery,baseline,4.19354838709677,0.2680011987686157
Artery,baseline,14.0712945590994,0.8112379312515259
Artery,baseline,4.96524329692155,0.7492513060569763
Artery,baseline,2.77777777777778,0.003185979789122939
Artery,baseline,1.73913043478261,0.09775865077972412
Artery,baseline,1.57367668097282,0.3382793068885803
Artery,baseline,1.12,0.2328164130449295
Artery,baseline,2.5974025974026,0.9010273814201355
Artery,baseline,2.50544662309368,0.2767230272293091
Artery,baseline,5.88744588744589,0.641699492931366
Artery,baseline,2.47116968698517,0.21050968766212463
Artery,baseline,2.68714011516315,0.5027993321418762
Artery,baseline,9.52380952380952,0.8402093648910522
Artery,baseline,4.52616690240453,0.7738075256347656
Artery,baseline,2.02360876897133,0.4382605254650116
Artery,baseline,10.1364522417154,0.31164583563804626
Artery,baseline,13.4387351778656,0.7499175667762756
Artery,baseline,9.42028985507246,0.778971254825592
Artery,baseline,2.88184438040346,0.3718551993370056
Artery,baseline,5.0,0.129125714302063
Artery,baseline,13.692480359147,0.7611594200134277
Artery,baseline,2.91627469426152,0.2761056125164032
Artery,baseline,1.55642023346304,0.018585801124572754
Artery,baseline,11.6431924882629,0.20023775100708008
Artery,baseline,1.56985871271586,0.29721689224243164
Artery,baseline,1.18845500848896,0.1589561402797699
Artery,baseline,1.94552529182879,0.3235943019390106
Artery,baseline,14.3344709897611,0.4979152977466583
Artery,baseline,2.47933884297521,0.14308878779411316
Artery,baseline,6.69975186104218,0.377436101436615
Artery,baseline,11.4143920595534,0.8140778541564941
Artery,baseline,7.54716981132076,0.1559073030948639
Artery,baseline,1.37795275590551,0.2862233519554138
Artery,baseline,7.93319415448852,0.5285409688949585
Artery,baseline,10.8163265306122,0.9622508883476257
Artery,baseline,7.02402957486137,0.9164062738418579
Artery,baseline,6.06585788561525,0.8869607448577881
Artery,baseline,8.11287477954145,0.9118480086326599
Artery,baseline,6.18556701030928,0.6954569220542908
Artery,baseline,4.81927710843374,0.7622349262237549
Artery,baseline,5.56521739130435,0.7407910227775574
Artery,baseline,11.3902847571189,0.9367702603340149
Artery,baseline,1.95758564437194,0.25513729453086853
Artery,baseline,12.1112929623568,0.8070215582847595
Artery,baseline,4.88599348534202,0.6722087264060974
Artery,baseline,5.55555555555556,0.8053056597709656
Artery,baseline,5.10204081632653,0.7514595985412598
Artery,baseline,11.62109375,0.6007688641548157
Artery,baseline,5.62613430127042,0.6811738014221191
Artery,baseline,6.48829431438127,0.7555515766143799
Artery,baseline,1.65542611894543,0.06996297091245651
Artery,baseline,4.69733656174334,0.4320244789123535
Artery,baseline,2.51911830859199,0.00661179656162858
Artery,baseline,7.698199923401,0.9789338111877441
Artery,baseline,1.3677811550152,0.472867488861084
Artery,baseline,4.80576692030437,0.8400564789772034
Artery,baseline,1.65361183637946,0.9487680792808533
Artery,baseline,1.66259168704157,0.09237996488809586
Artery,baseline,6.79933665008292,0.6889500617980957
Artery,baseline,1.02370689655172,0.1000622883439064
Artery,baseline,1.26953125,0.21120665967464447
Artery,baseline,1.39630390143737,0.4454481303691864
Artery,baseline,2.45614035087719,0.305886834859848
Artery,baseline,3.23076923076923,0.2503599524497986
Artery,baseline,3.12619138391155,0.21115462481975555
Artery,baseline,3.18740399385561,0.17893637716770172
Artery,baseline,1.61912104857363,0.15274298191070557
Artery,baseline,2.0400156924284,0.13057534396648407
Artery,baseline,1.1014948859166,0.11363043636083603
Artery,baseline,1.15216527612237,0.10003845393657684
Artery,baseline,1.32317562149158,0.07814418524503708
Artery,baseline,2.0990099009901,0.06628492474555969
Artery,baseline,6.63204155013983,0.07773168385028839
Artery,baseline,1.43522110162917,0.04107596352696419
Artery,baseline,4.06091370558376,0.3965260982513428
Artery,baseline,11.5793330890436,0.524145781993866
Artery,baseline,1.08420672208168,0.0633602887392044
Artery,baseline,10.6516853932584,0.18109457194805145
Artery,baseline,5.66272557560672,0.05588165298104286
Artery,baseline,1.6597510373444,0.13592810928821564
Artery,baseline,1.00671140939597,0.11639191955327988
Artery,baseline,11.2817089452603,0.07774481177330017
Artery,baseline,7.61085373924553,0.5748748779296875
Artery,baseline,4.37185929648241,0.8320806622505188
Artery,baseline,2.16450216450216,0.0539420023560524
Artery,baseline,1.18577075098814,0.23188959062099457
Artery,baseline,9.74188176519567,0.6173437833786011
Artery,baseline,1.32874015748032,0.5512372851371765
Artery,baseline,1.7636684303351,0.40027308464050293
Artery,baseline,3.83903792784459,0.1310586929321289
Artery,baseline,1.2546468401487,0.0425945483148098
Artery,baseline,5.97302504816956,0.29474207758903503
Artery,baseline,1.98058252427184,0.07951138913631439
Artery,baseline,4.18019480519481,0.005547267384827137
Artery,baseline,14.2793791574279,0.05963453650474548
Artery,baseline,6.11795774647887,0.06962667405605316
Artery,baseline,2.7363184079602,0.2984977960586548
Artery,baseline,3.98481973434535,0.9680914282798767
Artery,baseline,5.88235294117647,0.9336034655570984
Artery,baseline,1.10236220472441,0.007812857627868652
Artery,baseline,11.0552763819095,0.620505154132843
Artery,baseline,1.85185185185185,0.008770900778472424
Artery,baseline,1.93798449612403,0.08532876521348953
Artery,baseline,1.15163147792706,0.0528494194149971
Artery,baseline,5.31309297912714,0.921366274356842
Artery,baseline,8.14380044020543,0.5811395645141602
Artery,baseline,10.9036594473488,0.9043735265731812
Artery,baseline,3.33148250971682,0.6587263941764832
Artery,baseline,9.46372239747634,0.1012515053153038
Artery,baseline,1.55495978552279,0.11211162805557251
Artery,baseline,1.32262635805385,0.04061717912554741
Artery,baseline,2.73037542662116,0.8099959492683411
Artery,baseline,2.31371214698877,0.8219578862190247
Artery,baseline,1.82648401826484,0.7433963418006897
Artery,baseline,2.27920227920228,0.6655464768409729
Artery,baseline,6.0984060984061,0.5292502045631409
Artery,baseline,1.13333333333333,0.04091278836131096
Artery,baseline,5.94919786096257,0.8993471264839172
Artery,baseline,6.36900853578464,0.5868578553199768
Artery,baseline,3.65384615384615,0.2221144288778305
Artery,baseline,2.86259541984733,0.7238301038742065
Artery,baseline,6.90909090909091,0.7417275905609131
Artery,baseline,1.57434402332362,0.514305591583252
Artery,baseline,2.16476247745039,0.36073070764541626
Artery,baseline,3.37477797513322,0.272436261177063
Artery,baseline,1.50875075437538,0.2699863314628601
Artery,baseline,2.62411347517731,0.42466825246810913
Artery,baseline,5.82218725413061,0.546120822429657
Artery,baseline,6.46230323115162,0.6937617659568787
Artery,baseline,5.25451559934319,0.8230403065681458
Artery,baseline,8.90008396305626,0.9151925444602966
Artery,baseline,1.67106420404573,0.07488437741994858
Artery,baseline,4.53736654804271,0.8241437077522278
Artery,baseline,4.014272970562,0.7348752617835999
Artery,baseline,1.96998123827392,0.943660318851471
Artery,baseline,1.8308631211857,0.826328694820404
Artery,baseline,1.56168662155128,0.7539975643157959
Artery,baseline,2.3406374501992,0.1410040557384491
Artery,baseline,1.36239782016349,0.07859272509813309
Artery,baseline,1.14012504597278,0.5121925473213196
Artery,baseline,2.81293952180028,0.3856135308742523
Artery,baseline,4.52200303490137,0.5463409423828125
Artery,baseline,1.97208737864078,0.4448084533214569
Artery,baseline,2.01665935992986,0.5872478485107422
Artery,baseline,14.2922374429224,0.8573216795921326
Artery,baseline,6.85203574975174,0.7396740317344666
Artery,baseline,14.8257241040746,0.8942188620567322
Artery,baseline,9.69568294409059,0.8092503547668457
Artery,baseline,1.1864406779661,0.916129469871521
Artery,baseline,13.448275862069,0.9680666327476501
Artery,baseline,11.8279569892473,0.9823744893074036
Artery,baseline,4.7085201793722,0.6244134902954102
Artery,baseline,3.78071833648393,0.8175137042999268
Artery,baseline,4.07407407407407,0.44658491015434265
Artery,baseline,9.5519864750634,0.868317186832428
Artery,baseline,1.73267326732673,0.6457177996635437
Artery,baseline,2.29320229320229,0.4960721731185913
Artery,baseline,9.72972972972973,0.8914191126823425
Artery,baseline,1.16569525395504,0.10095307976007462
Artery,baseline,12.2912491649967,0.8361831903457642
Artery,baseline,1.27610208816705,0.056916654109954834
Artery,baseline,1.48305084745763,0.04758666083216667
Artery,baseline,3.02046118869763,0.49986782670021057
Artery,baseline,14.4050104384134,0.8696582913398743
Artery,baseline,5.42986425339367,0.7344852685928345
Artery,baseline,12.9464285714286,0.8342418670654297
Artery,baseline,2.5531914893617,0.8458142280578613
Artery,baseline,10.6299212598425,0.8103981018066406
Artery,baseline,10.0,0.8976535201072693
Artery,baseline,3.89105058365759,0.8122918605804443
Artery,baseline,9.84251968503937,0.5202578902244568
Artery,baseline,8.48056537102474,0.04420991986989975
Artery,baseline,10.6617647058824,0.6241750717163086
Artery,baseline,9.82456140350877,0.596219539642334
Artery,baseline,2.0979020979021,0.6514530181884766
Artery,baseline,3.03030303030303,0.7554379105567932
Artery,baseline,1.06761565836299,0.10519854724407196
Artery,baseline,1.52091254752852,0.786998987197876
Artery,baseline,1.68350168350168,0.0882147029042244
Artery,baseline,2.12014134275618,0.08150793612003326
Artery,baseline,2.7681660899654,0.07700233906507492
Artery,baseline,2.09059233449477,0.07641199231147766
Artery,baseline,5.09259259259259,0.485103964805603
Artery,baseline,1.15830115830116,0.4163699448108673
Artery,baseline,9.23076923076923,0.9048514366149902
Artery,baseline,4.16666666666667,0.12262050807476044
Artery,baseline,10.8910891089109,0.565217912197113
Artery,baseline,3.01003344481605,0.05371866747736931
Artery,baseline,11.7088607594937,0.8470504879951477
Artery,baseline,5.83554376657825,0.8159253001213074
Artery,baseline,1.90930787589499,0.14939694106578827
Artery,baseline,2.38095238095238,0.8453474044799805
Artery,baseline,1.48883374689826,0.7126517295837402
Artery,baseline,5.859375,0.6371778249740601
Artery,baseline,6.38297872340426,0.5884795188903809
Artery,baseline,1.22448979591837,0.4531605839729309
Artery,baseline,1.21951219512195,0.9584885239601135
Artery,baseline,3.39622641509434,0.9316972494125366
Artery,baseline,6.55737704918033,0.8328298330307007
Artery,baseline,6.77290836653387,0.8625417351722717
Artery,baseline,14.9606299212598,0.9627763628959656
Artery,baseline,1.27118644067797,0.030140554532408714
Artery,baseline,13.0,0.9579001069068909
Artery,baseline,10.7142857142857,0.9751352667808533
Artery,baseline,14.0495867768595,0.9211624264717102
Artery,baseline,1.3986013986014,0.8996081948280334
Artery,baseline,13.0434782608696,0.6285853385925293
Artery,baseline,5.55555555555556,0.5942120552062988
Artery,baseline,4.3956043956044,0.5990476012229919
Artery,baseline,2.04918032786885,0.7232533097267151
Artery,baseline,6.36363636363636,0.9437066912651062
Artery,baseline,1.96850393700787,0.12565121054649353
Artery,baseline,1.75438596491228,0.5982943773269653
Artery,baseline,3.89447236180905,0.9043545126914978
Artery,baseline,3.28697850821745,0.9014674425125122
Artery,baseline,1.03703703703704,0.5884658098220825
Artery,baseline,2.2140221402214,0.2375546544790268
Artery,baseline,13.5940409683426,0.838377058506012
Artery,baseline,1.80831826401447,0.07818511873483658
Artery,baseline,2.93577981651376,0.18334144353866577
Artery,baseline,4.10958904109589,0.1333344280719757
Artery,baseline,7.0446735395189,0.8056078553199768
Artery,baseline,13.4078212290503,0.8700252175331116
Artery,baseline,8.05008944543828,0.7284011244773865
Artery,baseline,1.364522417154,0.4941079616546631
Artery,baseline,3.37552742616034,0.49402502179145813
Artery,baseline,7.43099787685775,0.3245600759983063
Artery,baseline,4.88798370672098,0.26760926842689514
Artery,baseline,1.26582278481013,0.3003181517124176
Artery,baseline,1.24740124740125,0.39917540550231934
Artery,baseline,1.35135135135135,0.4364638030529022
Artery,baseline,4.06189555125725,0.7283859848976135
Artery,baseline,1.5180265654649,0.3979623317718506
Artery,baseline,2.39234449760766,0.5077677369117737
Artery,baseline,4.96083550913838,0.8168484568595886
Artery,baseline,3.22164948453608,0.8921412825584412
Artery,baseline,6.65873959571938,0.42875948548316956
Artery,baseline,7.98175598631699,0.8840222954750061
Artery,baseline,2.21948212083847,0.7317561507225037
Artery,baseline,5.86854460093897,0.7670955657958984
Artery,baseline,3.91061452513967,0.8799311518669128
Artery,baseline,10.0993377483444,0.36978408694267273
Artery,baseline,9.41385435168739,0.21334123611450195
Artery,baseline,2.67295597484277,0.342532217502594
Artery,baseline,1.07642626480086,0.23366978764533997
Artery,baseline,1.16402116402116,0.19935154914855957
Artery,baseline,1.82403433476395,0.14635513722896576
Artery,baseline,1.16896918172157,0.08695971965789795
Artery,baseline,1.20160213618158,0.004828505218029022
Artery,baseline,1.45089285714286,0.04729331657290459
Artery,baseline,1.21951219512195,0.021343553438782692
Artery,baseline,3.25581395348837,0.29889872670173645
Artery,baseline,4.61254612546126,0.5977935194969177
Artery,baseline,3.84024577572965,0.7708438038825989
Artery,baseline,9.66257668711656,0.9522902965545654
Artery,baseline,4.37405731523379,0.7812924981117249
Artery,baseline,5.56414219474498,0.9571401476860046
Artery,baseline,5.22388059701493,0.9736267328262329
Artery,baseline,1.50501672240803,0.5712329745292664
Artery,baseline,2.22222222222222,0.7039481997489929
Artery,baseline,2.04841713221601,0.30950048565864563
Artery,baseline,6.99432892249527,0.8662578463554382
Artery,baseline,2.62096774193548,0.11294045299291611
Artery,baseline,5.03731343283582,0.7966755032539368
Artery,baseline,2.59319286871961,0.07490772008895874
Artery,baseline,2.38805970149254,0.20231564342975616
Artery,baseline,1.27064803049555,0.48461735248565674
Artery,baseline,1.85449358059914,0.6412747502326965
Artery,baseline,2.19092331768388,0.043919481337070465
Artery,baseline,2.42914979757085,0.31383568048477173
Artery,baseline,7.71929824561404,0.739095151424408
Artery,baseline,3.90625,0.505331814289093
Artery,baseline,7.48031496062992,0.2522192895412445
Artery,baseline,1.4018691588785,0.820863664150238
Artery,baseline,7.30593607305936,0.5710778832435608
Artery,baseline,6.97674418604651,0.38825541734695435
Artery,baseline,6.15384615384615,0.5196570158004761
Artery,baseline,3.65853658536585,0.06579916179180145
Artery,baseline,2.42424242424242,0.10107088088989258
Artery,baseline,2.20994475138122,0.26209643483161926
Artery,baseline,10.4575163398693,0.5959739685058594
Artery,baseline,7.54716981132076,0.3660379946231842
Artery,baseline,11.4285714285714,0.7181493639945984
Artery,baseline,5.14285714285714,0.4060705304145813
Artery,baseline,3.86740331491713,0.39855480194091797
Artery,baseline,6.95187165775401,0.4787192940711975
Artery,baseline,4.34782608695652,0.5714820623397827
Artery,baseline,5.14285714285714,0.5109785795211792
Artery,baseline,8.18713450292398,0.5205568075180054
Artery,baseline,7.60233918128655,0.5978244543075562
Artery,baseline,5.0561797752809,0.6419668197631836
Artery,baseline,6.25,0.833311140537262
Artery,baseline,1.23456790123457,0.5792314410209656
Artery,baseline,9.82658959537572,0.847463846206665
Artery,baseline,5.69620253164557,0.09108228236436844
Artery,baseline,10.3658536585366,0.17219729721546173
Artery,baseline,12.4183006535948,0.876745879650116
Artery,baseline,2.17391304347826,0.023301882669329643
Artery,baseline,1.45985401459854,0.37467342615127563
Artery,baseline,7.19424460431655,0.920637309551239
Artery,baseline,1.36986301369863,0.038424890488386154
Artery,baseline,2.4390243902439,0.7344393134117126
Artery,baseline,3.7037037037037,0.303250253200531
Artery,baseline,2.5974025974026,0.01999841257929802
Artery,baseline,11.8012422360248,0.4034475088119507
Artery,baseline,5.45454545454545,0.15748517215251923
Artery,baseline,2.51572327044025,0.17586174607276917
Artery,baseline,1.25,0.11093815416097641
Artery,baseline,2.62008733624454,0.007087624166160822
Artery,baseline,2.18340611353712,0.0057013994082808495
Artery,baseline,2.9535864978903,0.0040475716814398766
Artery,baseline,2.1505376344086,0.2189822643995285
Artery,baseline,2.86885245901639,0.6622323989868164
Artery,baseline,1.21580547112462,0.8878539204597473
Artery,baseline,2.13414634146341,0.6149739027023315
Artery,baseline,7.89473684210526,0.9496564865112305
Artery,baseline,14.1935483870968,0.7443749308586121
Artery,baseline,11.1111111111111,0.9697524309158325
Artery,baseline,3.72881355932203,0.9469270706176758
Artery,baseline,13.1832797427653,0.9404821395874023
Artery,baseline,6.14334470989761,0.617266833782196
Artery,baseline,4.23452768729642,0.7394704818725586
Artery,baseline,5.37974683544304,0.634934663772583
Artery,baseline,4.40771349862259,0.6963498592376709
Artery,baseline,10.5105105105105,0.7477223873138428
Artery,baseline,2.73224043715847,0.8034623265266418
Artery,baseline,1.15207373271889,0.6281682848930359
Artery,baseline,10.1545253863135,0.9048260450363159
Artery,baseline,2.24215246636771,0.226126566529274
Artery,baseline,14.0926640926641,0.5854787230491638
Artery,baseline,4.60251046025105,0.1407063752412796
Artery,baseline,1.48514851485149,0.9006033539772034
Artery,baseline,12.417340191036,0.7655170559883118
Artery,baseline,5.80693815987934,0.8412157893180847
Artery,baseline,12.5445473984319,0.4506852924823761
Artery,baseline,9.10931174089069,0.48342639207839966
Artery,baseline,1.72155688622755,0.27079901099205017
Artery,baseline,11.8127786032689,0.08285444974899292
Artery,baseline,7.76186887716654,0.711294412612915
Artery,baseline,2.03283815480844,0.07605205476284027
Artery,baseline,1.69628432956381,0.5831928849220276
Artery,baseline,11.336032388664,0.7624621391296387
Artery,baseline,7.30207532667179,0.48100554943084717
Artery,baseline,8.33333333333333,0.6919417381286621
Artery,baseline,3.07929176289453,0.597003698348999
Artery,baseline,13.0013831258645,0.7826650142669678
Artery,baseline,2.37610319076714,0.47346368432044983
Artery,baseline,9.12256267409471,0.7551517486572266
Artery,baseline,6.60980810234542,0.8014575242996216
Artery,baseline,7.001414427157,0.8047128915786743
Artery,baseline,3.38733431516937,0.8738939166069031
Artery,baseline,1.81644359464627,0.1685161143541336
Artery,baseline,14.5,0.3171898126602173
Artery,baseline,11.9442022667829,0.5355395078659058
Artery,baseline,1.13636363636364,0.7817543745040894
Artery,baseline,2.42857142857143,0.10420909523963928
Artery,baseline,1.61030595813205,0.6392619013786316
Artery,baseline,1.16822429906542,0.3428577780723572
Artery,baseline,11.2866817155756,0.5931040048599243
Artery,baseline,1.51975683890578,0.15941844880580902
Artery,baseline,9.34065934065934,0.5984523296356201
Artery,baseline,10.5405405405405,0.8575003743171692
Artery,baseline,6.92124105011933,0.7257577180862427
Artery,baseline,1.26582278481013,0.3519631326198578
Artery,baseline,3.2258064516129,0.1404104232788086
Artery,baseline,2.40740740740741,0.12655672430992126
Artery,baseline,2.44821092278719,0.35747024416923523
Artery,baseline,3.33333333333333,0.0020754318684339523
Artery,baseline,1.3745704467354,0.0024440831039100885
Artery,baseline,1.1844331641286,0.002265936229377985
Artery,baseline,2.61437908496732,0.0023313609417527914
Artery,baseline,1.0840108401084,0.06498336046934128
Artery,baseline,2.44498777506113,0.2756035327911377
Artery,baseline,2.53968253968254,0.7664477229118347
Artery,baseline,2.42914979757085,0.04454421252012253
Artery,baseline,9.68858131487889,0.7126390337944031
Artery,baseline,12.2666666666667,0.687411367893219
Artery,baseline,11.3989637305699,0.9693204760551453
Artery,baseline,7.15563506261181,0.8925490379333496
Artery,baseline,4.94233937397035,0.9675037860870361
Artery,baseline,1.14942528735632,0.6716896295547485
Artery,baseline,8.03030303030303,0.2800668179988861
Artery,baseline,2.26190476190476,0.7898550629615784
Artery,baseline,11.5246098439376,0.7189763188362122
Artery,baseline,3.47003154574133,0.4062752425670624
Artery,baseline,3.20855614973262,0.9180361032485962
Artery,baseline,5.51876379690949,0.7576919794082642
Artery,baseline,8.80434782608696,0.6525063514709473
Artery,baseline,8.12294182217344,0.293899804353714
Artery,baseline,4.46428571428571,0.767193615436554
Artery,baseline,6.58747300215983,0.4643113911151886
Artery,baseline,7.69911504424779,0.8811256885528564
Artery,baseline,6.42533936651584,0.9148223400115967
Artery,baseline,1.36655948553055,0.8446025848388672
Artery,baseline,9.5959595959596,0.9881371855735779
Artery,baseline,1.20481927710843,0.5398640632629395
Artery,baseline,3.27635327635328,0.3256097733974457
Artery,baseline,2.66836086404066,0.640495777130127
Artery,baseline,6.54205607476636,0.5849658250808716
Artery,baseline,1.67130919220056,0.9114748239517212
Artery,baseline,3.54430379746835,0.9271306991577148
Artery,baseline,1.0840108401084,0.8325278162956238
Artery,baseline,1.75879396984925,0.7287117838859558
Artery,baseline,1.15089514066496,0.8542448878288269
Artery,baseline,3.11653116531165,0.11305177211761475
Artery,baseline,6.31067961165049,0.952598512172699
Artery,baseline,2.20883534136546,0.6050957441329956
Artery,baseline,1.17845117845118,0.6760762929916382
Artery,baseline,3.10650887573965,0.9686350226402283
Artery,baseline,1.5,0.9742857217788696
Artery,baseline,2.11726384364821,0.9776636362075806
Artery,baseline,2.04460966542751,0.10757319629192352
Artery,baseline,3.68509212730318,0.4883168637752533
Artery,baseline,10.5072463768116,0.6699182987213135
Artery,baseline,6.96517412935323,0.8924766778945923
Artery,baseline,2.44698205546493,0.9035479426383972
Artery,baseline,7.49128919860627,0.9093486070632935
Artery,baseline,11.7100371747212,0.8254892826080322
Artery,baseline,1.52284263959391,0.33754491806030273
Artery,baseline,6.60833762223366,0.44232961535453796
Artery,baseline,1.41460370293322,0.33262789249420166
Artery,baseline,12.0874751491054,0.6892927289009094
Artery,baseline,11.3523202549293,0.5689890384674072
Artery,baseline,1.08858483970838,0.40097886323928833
Artery,baseline,6.48295003965107,0.406167596578598
Artery,baseline,2.61825968464084,0.4147721827030182
Artery,baseline,1.3047346051201,0.3797217309474945
Artery,baseline,1.77423995396567,0.26998984813690186
Artery,baseline,5.74842412268323,0.21245120465755463
Artery,baseline,1.00906287956648,0.045136671513319016
Artery,baseline,2.67484226428508,0.12189096212387085
Artery,baseline,4.20508401551056,0.08795097470283508
Artery,baseline,6.50392174142945,0.11769459396600723
Artery,baseline,10.4921819474058,0.21973975002765656
Artery,baseline,3.53943821201844,0.2769292891025543
Artery,baseline,2.38185613968495,0.052476558834314346
Artery,baseline,8.28924162257496,0.9670302271842957
Artery,baseline,2.47901771837115,0.9311783909797668
Artery,baseline,1.52614460845634,0.10296669602394104
Artery,baseline,2.4188790560472,0.2738632261753082
Artery,baseline,1.87878787878788,0.7366660237312317
Artery,baseline,1.86104218362283,0.4796401560306549
Artery,baseline,1.24146492861577,0.39355117082595825
Artery,baseline,2.03942895989123,0.04302215203642845
Artery,baseline,3.74365482233503,0.5283880233764648
Artery,baseline,8.5750315258512,0.5746303796768188
Artery,baseline,7.87956438180653,0.030488602817058563
Artery,baseline,1.35309278350515,0.33148205280303955
Artery,baseline,2.68977884040646,0.7115017771720886
Artery,baseline,13.2155477031802,0.37278828024864197
Artery,baseline,4.23357664233577,0.7659825682640076
Artery,baseline,2.50160359204618,0.8869955539703369
Artery,baseline,1.07323232323232,0.6538044810295105
Artery,baseline,5.54187192118227,0.5157508850097656
Artery,baseline,1.15924344112264,0.780942440032959
Artery,baseline,7.7639751552795,0.8968469500541687
Artery,baseline,4.49936628643853,0.05350954830646515
Artery,baseline,6.08845491097071,0.30592358112335205
Artery,baseline,3.8107752956636,0.8249773383140564
Artery,baseline,5.29994175888177,0.7176346778869629
Artery,baseline,1.96078431372549,0.5177802443504333
Artery,baseline,2.65734265734266,0.184403195977211
Artery,baseline,1.46082337317397,0.19734536111354828
Artery,baseline,1.08254397834912,0.17747265100479126
Artery,baseline,4.51263537906137,0.7402324080467224
Artery,baseline,6.81150910158544,0.04575611278414726
Artery,baseline,11.3816534541336,0.9516698122024536
Artery,baseline,4.03560830860534,0.8199072480201721
Artery,baseline,2.0456333595594,0.8334036469459534
Artery,baseline,1.38781804163454,0.5620376467704773
Artery,baseline,12.7243066884176,0.9655995965003967
Artery,baseline,9.31899641577061,0.781249463558197
Artery,baseline,1.96540880503145,0.8414348363876343
Artery,baseline,13.006230529595,0.96834397315979
Artery,baseline,11.949215832711,0.9511873722076416
Artery,baseline,3.82237211916807,0.974859356880188
Artery,baseline,3.86740331491713,0.7854001522064209
Artery,baseline,6.01548540798094,0.06497862190008163
Artery,baseline,1.2216404886562,0.8343968391418457
Artery,baseline,1.50899593731863,0.7611879110336304
Artery,baseline,1.12540192926045,0.9624522924423218
Artery,baseline,11.2453531598513,0.8465801477432251
Artery,baseline,4.408014571949,0.9363664388656616
Artery,baseline,1.11884634510194,0.8788324594497681
Artery,baseline,2.12134068731438,0.6309875249862671
Artery,baseline,6.11732481168683,0.23840071260929108
Artery,baseline,4.75402081362346,0.1387823224067688
Artery,baseline,14.5679600095215,0.8544269800186157
Artery,baseline,12.0544554455446,0.8037722706794739
Artery,baseline,11.998803111909,0.8764877915382385
Artery,baseline,10.0414691943128,0.8969209790229797
Artery,baseline,8.67827576363117,0.8626731634140015
Artery,baseline,2.17911241031092,0.3727978467941284
Artery,baseline,7.8783151326053,0.8958289623260498
Artery,baseline,7.60542168674699,0.9113806486129761
Artery,baseline,6.47793930119867,0.913811206817627
Artery,baseline,2.10949271722752,0.8442344069480896
Artery,baseline,2.45499181669394,0.5507516264915466
Artery,baseline,1.69582772543742,0.6652609705924988
Artery,baseline,5.49365120497538,0.8826128244400024
Artery,baseline,7.75091960063058,0.8255501389503479
Artery,baseline,1.60814794961136,0.8494335412979126
Artery,baseline,2.20025510204082,0.903177797794342
Artery,baseline,6.45472061657033,0.7013860940933228
Artery,baseline,2.2229595222296,0.7382302284240723
Artery,baseline,4.46683140087436,0.7950944304466248
Artery,baseline,5.37634408602151,0.8691795468330383
Artery,baseline,2.25035161744023,0.04479958117008209
Artery,baseline,12.284730195178,0.7066619992256165
Artery,baseline,1.67375886524823,0.8374972939491272
Artery,baseline,2.62321144674086,0.8390462398529053
Artery,baseline,14.9260848831664,0.9701836109161377
Artery,baseline,12.2413793103448,0.9537191987037659
Artery,baseline,1.39122091628688,0.5970679521560669
Artery,baseline,5.53350455288349,0.9675533175468445
Artery,baseline,1.82625863770977,0.807773232460022
Artery,baseline,2.17445021003212,0.17454794049263
Artery,baseline,4.39345862826458,0.9637990593910217
Artery,baseline,3.3484390735146,0.03335331752896309
Artery,baseline,5.58974358974359,0.9551118612289429
Artery,baseline,5.54414784394251,0.9237139225006104
Artery,baseline,2.72776868521549,0.9407829642295837
Artery,baseline,1.96560196560197,0.957621693611145
Artery,baseline,1.96765498652291,0.5990822911262512
Artery,baseline,3.88407529130565,0.963485062122345
Artery,baseline,2.57396449704142,0.9583607316017151
Artery,baseline,8.859357696567,0.9432715177536011
Artery,baseline,4.06365444728616,0.9560577869415283
Artery,baseline,2.64937993235626,0.8214918375015259
Artery,baseline,3.98746795784677,0.8637002110481262
Artery,baseline,4.99425947187141,0.8437944054603577
Artery,baseline,2.8648974668275,0.9626193642616272
Artery,baseline,5.27622594661701,0.8075209259986877
Artery,baseline,4.5346062052506,0.7737511396408081
Artery,baseline,3.6340316374519,0.8807220458984375
Artery,baseline,11.7098005939754,0.9031879901885986
Artery,baseline,1.16686114352392,0.091087207198143
Artery,baseline,9.77265015269766,0.8304278254508972
Artery,baseline,10.6523794516231,0.5406363010406494
Artery,baseline,7.79920589903573,0.8776963949203491
Artery,baseline,3.36481700118064,0.09193360805511475
Artery,baseline,1.87360178970917,0.031154323369264603
Artery,baseline,13.2212885154062,0.16787713766098022
Artery,baseline,7.0518036343911,0.11300849914550781
Artery,baseline,2.81391027342713,0.004415585193783045
Artery,baseline,6.21957815035154,0.34681886434555054
Artery,baseline,4.76327116212339,0.46368494629859924
Artery,baseline,2.44137487953742,0.8083603978157043
Artery,baseline,5.48029556650246,0.857295572757721
Artery,baseline,6.2941554271034,0.7832566499710083
Artery,baseline,1.27153404429861,0.6373482942581177
Artery,baseline,6.92717584369449,0.7593696713447571
Artery,baseline,6.13207547169811,0.7307203412055969
Artery,baseline,12.1961805555556,0.7168451547622681
Artery,baseline,11.7647058823529,0.4648982882499695
Artery,baseline,1.87719984356668,0.09010112285614014
Artery,baseline,1.93974411886092,0.14921565353870392
Artery,baseline,3.73641304347826,0.10762257128953934
Artery,baseline,5.98111227701994,0.21709869801998138
Artery,baseline,13.618864292589,0.6270096898078918
Artery,baseline,1.73333333333333,0.1028459221124649
Artery,baseline,2.82581189371573,0.08257218450307846
Artery,baseline,1.80327868852459,0.07714656740427017
Artery,baseline,2.82392026578073,0.6788305640220642
Artery,baseline,8.93743793445879,0.5325780510902405
Artery,baseline,2.78304870335231,0.43236666917800903
Artery,baseline,1.19581464872945,0.2799532115459442
Artery,baseline,1.7465956187093,0.2036169320344925
Artery,baseline,1.04422604422604,0.05048052966594696
Artery,baseline,9.60360941024815,0.2864241898059845
Artery,baseline,2.7972027972028,0.15901517868041992
Artery,baseline,1.28322639780018,0.1473476141691208
Artery,baseline,2.22940226171244,0.18728867173194885
Artery,baseline,3.45276872964169,0.1345253437757492
Artery,baseline,12.3468137254902,0.8253439664840698
Artery,baseline,2.77777777777778,0.6938511729240417
Artery,baseline,8.46815834767642,0.40407729148864746
Artery,baseline,12.5,0.7300667762756348
Artery,baseline,1.57452764170749,0.22375206649303436
Artery,baseline,2.37997537956504,0.7889360785484314
Artery,baseline,3.55308219178082,0.06024964898824692
Artery,baseline,6.20598591549296,0.4268549382686615
Artery,baseline,3.05862361937128,0.7227529883384705
Artery,baseline,1.9435446552522,0.05838990584015846
Artery,baseline,5.54785020804438,0.23553018271923065
Artery,baseline,11.0733695652174,0.29711976647377014
Artery,baseline,13.9111434814275,0.12341461330652237
Artery,baseline,2.89435600578871,0.01899225451052189
Artery,baseline,2.106149957877,0.6266747713088989
Artery,baseline,4.91103202846975,0.6409862041473389
Artery,baseline,3.34928229665072,0.026595497503876686
Artery,baseline,11.931330472103,0.6139137744903564
Artery,baseline,1.20141342756184,0.1399400383234024
Artery,baseline,1.76355323318093,0.5641735196113586
Artery,baseline,7.12933753943218,0.9742240905761719
Artery,baseline,2.28203627852545,0.16242824494838715
Artery,baseline,4.14091470951792,0.7613436579704285
Artery,baseline,5.47008547008547,0.8142654895782471
Artery,baseline,1.87431091510474,0.3558638393878937
Artery,baseline,5.14616321559074,0.8033192157745361
Artery,baseline,9.93141289437586,0.7928178310394287
Artery,baseline,14.0927233650599,0.644332766532898
Artery,baseline,5.8974358974359,0.4230087995529175
Artery,baseline,14.94708994709,0.7046317458152771
Artery,baseline,14.4055944055944,0.8621176481246948
Artery,baseline,1.37261466354202,0.16482587158679962
Artery,baseline,5.26470588235294,0.2463313788175583
Artery,baseline,1.32427843803056,0.9671374559402466
Artery,baseline,7.80563453088653,0.8917561173439026
Artery,baseline,6.72768878718536,0.6213429570198059
Artery,baseline,1.66512488436633,0.0458720438182354
Artery,baseline,4.03470715835141,0.49460187554359436
Artery,baseline,10.1503759398496,0.6921793222427368
Artery,baseline,9.12659470068695,0.6879820823669434
Artery,baseline,2.22270647199826,0.4145425260066986
Artery,baseline,1.01081335213916,0.31724730134010315
Artery,baseline,1.37120470127326,0.7532170414924622
Artery,baseline,1.08695652173913,0.07064725458621979
Artery,baseline,3.86740331491713,0.5175153613090515
Artery,baseline,14.6892655367232,0.7480737566947937
Artery,baseline,1.73913043478261,0.7468479871749878
Artery,baseline,9.00900900900901,0.17308729887008667
Artery,baseline,14.406779661017,0.8739264011383057
Artery,baseline,3.30578512396694,0.8392650485038757
Artery,baseline,12.1495327102804,0.8338576555252075
Artery,baseline,1.34228187919463,0.8158926367759705
Artery,baseline,1.92307692307692,0.3816394805908203
Artery,baseline,8.18965517241379,0.21755629777908325
Artery,baseline,1.76991150442478,0.6133041977882385
Artery,baseline,1.85185185185185,0.47353750467300415
Artery,baseline,1.50375939849624,0.06479037553071976
Artery,baseline,1.68067226890756,0.0490000918507576
Artery,baseline,3.75586854460094,0.3413393497467041
Artery,baseline,3.48837209302326,0.9726689457893372
Artery,baseline,12.4293785310734,0.9586594700813293
Artery,baseline,14.9659863945578,0.8445150256156921
Artery,baseline,4.97237569060774,0.6140753626823425
Artery,baseline,2.80373831775701,0.832482635974884
Artery,baseline,5.08474576271186,0.8059592843055725
Artery,baseline,1.93236714975845,0.04549851641058922
Artery,baseline,1.36363636363636,0.030848484486341476
Artery,baseline,2.24215246636771,0.023219484835863113
Artery,baseline,1.85185185185185,0.01784145087003708
Artery,baseline,1.34529147982063,0.016022522002458572
Artery,baseline,2.26244343891403,0.00808499101549387
Artery,baseline,1.06500183621006,0.3229009509086609
Artery,baseline,14.9395680602338,0.8958954811096191
Artery,baseline,1.26126126126126,0.0848531723022461
Artery,baseline,4.70588235294118,0.895032525062561
Artery,baseline,4.61677730838865,0.5475843548774719
Artery,baseline,2.52044733767318,0.7480520009994507
Artery,baseline,13.2304578800911,0.8245959281921387
Artery,baseline,10.3735632183908,0.7561513185501099
Artery,baseline,11.9367353028947,0.6634050011634827
Artery,baseline,4.12746585735964,0.524989128112793
Artery,baseline,12.0657568238213,0.42702609300613403
Artery,baseline,1.88492063492064,0.9164326190948486
Artery,baseline,1.09763142692085,0.32517799735069275
Artery,baseline,3.18642048838594,0.2605602443218231
Artery,baseline,2.2964509394572,0.42784351110458374
Artery,baseline,7.97178884377004,0.8182898163795471
Artery,baseline,3.61998640380693,0.8547171950340271
Artery,baseline,3.90815828041036,0.17469242215156555
Artery,baseline,12.8037840482792,0.47466132044792175
Artery,baseline,13.3428981348637,0.9458852410316467
Artery,baseline,2.7485167695847,0.24363945424556732
Artery,baseline,7.55111524163569,0.3183401823043823
Artery,baseline,2.08357583517635,0.04770652949810028
Artery,baseline,2.86185372747615,0.03715371713042259
Artery,baseline,5.02965328467153,0.4818045198917389
Artery,baseline,9.8285129255183,0.7748622894287109
Artery,baseline,14.8354195642096,0.9384243488311768
Artery,baseline,9.84958757884522,0.7609792351722717
Artery,baseline,1.48854323465462,0.5273680686950684
Artery,baseline,1.1349530058521,0.6206858158111572
Artery,baseline,6.30479388173848,0.9794144034385681
Artery,baseline,13.8272893295069,0.9216816425323486
Artery,baseline,14.9433962264151,0.9486229419708252
Artery,baseline,13.1207191780822,0.8937839865684509
Artery,baseline,6.67210773311569,0.9620323777198792
Artery,baseline,1.67791706846673,0.10161124914884567
Artery,baseline,7.59448957965383,0.9264171123504639
Artery,baseline,12.4727668845316,0.9933366775512695
Artery,baseline,4.45621688999688,0.9440653920173645
Artery,baseline,2.56539235412475,0.4512627422809601
Artery,baseline,12.2043758694827,0.9378822445869446
Artery,baseline,8.0858722200797,0.8695318698883057
Artery,baseline,11.5732581365292,0.9052651524543762
Artery,baseline,11.8860916219563,0.9384651780128479
Artery,baseline,10.6067978035727,0.9774693846702576
Artery,baseline,5.55718260360229,0.29534533619880676
Artery,baseline,3.82588774341352,0.5959564447402954
Artery,baseline,4.9103297047537,0.3315214216709137
Artery,baseline,1.40920170627666,0.05672287568449974
Artery,baseline,2.8894989704873,0.6213705539703369
Artery,baseline,2.10585165859113,0.7347578406333923
Artery,baseline,12.9124979271461,0.5656583905220032
Artery,baseline,6.40555080697873,0.9134587049484253
Artery,baseline,1.22269401954264,0.5586957931518555
Artery,baseline,9.02496467263307,0.8307610750198364
Artery,baseline,1.26226562859907,0.7110305428504944
Artery,baseline,9.53967923349302,0.2941412627696991
Artery,baseline,1.29019045668646,0.7764022946357727
Artery,baseline,1.01533808597969,0.3210533857345581
Artery,baseline,7.29457198026175,0.9687424302101135
Artery,baseline,2.19534050179211,0.48229849338531494
Artery,baseline,1.0036026762738,0.24215909838676453
Artery,baseline,10.9257518796992,0.912680983543396
Artery,baseline,3.15018315018315,0.23978286981582642
Artery,baseline,1.0702991972756,0.8888674378395081
Artery,baseline,1.01709586669552,0.31690141558647156
Artery,baseline,3.26927324939253,0.018403494730591774
Artery,baseline,2.58036300021868,0.24130062758922577
Artery,baseline,13.0361293048806,0.3352552354335785
Artery,baseline,5.38528896672504,0.1637284904718399
Artery,baseline,6.41699518177836,0.6106637120246887
Artery,baseline,2.78884462151394,0.03188642859458923
Artery,baseline,12.717979555021,0.22131773829460144
Artery,baseline,3.16923076923077,0.011130806058645248
Artery,baseline,3.4677069787603,0.22727230191230774
Artery,baseline,2.56629597946963,0.1925027221441269
Artery,baseline,6.48567119155355,0.15168806910514832
Artery,baseline,5.39083557951483,0.02783575840294361
Artery,baseline,9.50486295313882,0.48124584555625916
Artery,baseline,3.4037052994399,0.011543771252036095
Artery,baseline,14.3782383419689,0.16250529885292053
Artery,baseline,1.28495842781557,0.12892839312553406
Artery,baseline,2.05665502522313,0.5162686109542847
Artery,baseline,1.57068062827225,0.1911948025226593
Artery,baseline,2.42424242424242,0.47852393984794617
Artery,baseline,6.0078607523863,0.8903948068618774
Artery,baseline,4.88698839340257,0.3826068937778473
Artery,baseline,1.640838650866,0.11911913752555847
Artery,baseline,4.42708333333333,0.16799898445606232
Artery,baseline,6.54429369513168,0.3827534019947052
Artery,baseline,7.69230769230769,0.7735832333564758
Artery,baseline,4.14120841819416,0.8851642608642578
Artery,baseline,8.26173165895572,0.6901699304580688
Artery,baseline,6.02981029810298,0.5528545379638672
Artery,baseline,14.8488830486202,0.9306847453117371
Artery,baseline,1.22022080185938,0.0329204723238945
Artery,baseline,4.8845947396672,0.6947468519210815
Artery,baseline,1.61085205595591,0.3063942790031433
Artery,baseline,1.21304018195603,0.11994384974241257
Artery,baseline,12.5290023201856,0.14170049130916595
Artery,baseline,1.71887995564181,0.07305518537759781
Artery,baseline,14.9206349206349,0.7672576904296875
Artery,baseline,3.64741641337386,0.49671003222465515
Artery,baseline,3.6144578313253,0.6935113072395325
Artery,baseline,5.5045871559633,0.40713074803352356
Artery,baseline,2.16049382716049,0.14577142894268036
Artery,baseline,2.06896551724138,0.25521430373191833
Artery,baseline,3.53697749196142,0.3706620931625366
Artery,baseline,1.0,0.007928675971925259
Artery,baseline,1.1070110701107,0.3371206820011139
Artery,baseline,1.97628458498024,0.48963505029678345
Artery,baseline,11.9850187265918,0.9186479449272156
Artery,baseline,12.1212121212121,0.8456884026527405
Artery,baseline,7.6,0.7206008434295654
Artery,baseline,1.44927536231884,0.4101877212524414
Artery,baseline,1.36518771331058,0.1180516928434372
Artery,baseline,1.03092783505155,0.09534823149442673
Artery,baseline,1.52439024390244,0.07580895721912384
Artery,baseline,1.21951219512195,0.1704530268907547
Artery,baseline,2.96052631578947,0.16760820150375366
Artery,baseline,3.23624595469256,0.7761064171791077
Artery,baseline,1.58227848101266,0.19603990018367767
Artery,baseline,8.38150289017341,0.9570019245147705
Artery,baseline,1.33333333333333,0.8366984128952026
Artery,baseline,1.05820105820106,0.16755543649196625
Artery,baseline,1.32978723404255,0.4249200224876404
Artery,baseline,12.9230769230769,0.8670717477798462
Artery,baseline,2.3728813559322,0.3507939875125885
Artery,baseline,7.88530465949821,0.5154513120651245
Artery,baseline,1.14503816793893,0.040860794484615326
Artery,baseline,1.4760147601476,0.3452301621437073
Artery,baseline,2.56410256410256,0.8988208770751953
Artery,baseline,3.28467153284672,0.5227621793746948
Artery,baseline,7.16981132075472,0.41753411293029785
Artery,baseline,9.96168582375479,0.9743966460227966
Artery,baseline,1.71673819742489,0.2888403832912445
Artery,baseline,4.33212996389892,0.7267337441444397
Artery,baseline,4.62633451957295,0.6722057461738586
Artery,baseline,2.06185567010309,0.11455527693033218
Artery,baseline,2.42214532871972,0.21880775690078735
Artery,baseline,1.17647058823529,0.05781660974025726
Artery,baseline,2.0,0.05985866114497185
Artery,baseline,1.78571428571429,0.5507960915565491
Artery,baseline,5.46875,0.7264224886894226
Artery,baseline,4.57516339869281,0.35032254457473755
Artery,baseline,2.85714285714286,0.8124352097511292
Artery,baseline,1.16279069767442,0.4505157768726349
Artery,baseline,1.18343195266272,0.1880931705236435
Artery,baseline,2.54777070063694,0.7028418183326721
Artery,baseline,10.0,0.806528627872467
Artery,baseline,1.11731843575419,0.17285701632499695
Artery,baseline,13.3333333333333,0.7439702153205872
Artery,baseline,4.6875,0.626852810382843
Artery,baseline,9.33333333333333,0.7604194283485413
Artery,baseline,1.36054421768707,0.6546489000320435
Artery,baseline,4.58015267175573,0.4262000620365143
Artery,baseline,3.90625,0.39530494809150696
Artery,baseline,1.55038759689923,0.06707608699798584
Artery,baseline,3.73134328358209,0.6707805395126343
Artery,baseline,1.6260162601626,0.060103803873062134
Artery,baseline,2.65486725663717,0.24061596393585205
Artery,baseline,6.34920634920635,0.10175712406635284
Artery,baseline,3.33333333333333,0.4960594177246094
Artery,baseline,12.0689655172414,0.583078920841217
Artery,baseline,5.0,0.326261043548584
Artery,baseline,12.0,0.17861776053905487
Artery,baseline,7.5,0.1160302460193634
Artery,baseline,1.65289256198347,0.06722737103700638
Artery,baseline,1.66666666666667,0.022943519055843353
Artery,baseline,2.41935483870968,0.07448050379753113
Artery,baseline,1.61290322580645,0.047473352402448654
Artery,baseline,5.42635658914729,0.022946378216147423
Artery,baseline,8.47457627118644,0.17524684965610504
Artery,baseline,1.50375939849624,0.05980297923088074
Artery,baseline,1.61290322580645,0.8416221737861633
Artery,baseline,12.8571428571429,0.8636842966079712
Artery,baseline,2.18978102189781,0.8019567728042603
Artery,baseline,14.6153846153846,0.9213753938674927
Artery,baseline,1.75438596491228,0.10279399901628494
Artery,baseline,5.71428571428571,0.23067538440227509
Artery,baseline,13.6363636363636,0.3513711988925934
Artery,baseline,5.93220338983051,0.529059112071991
Artery,baseline,1.61290322580645,0.2821277678012848
Artery,baseline,2.27272727272727,0.3675681948661804
Artery,baseline,4.6875,0.12259502708911896
Artery,baseline,1.58730158730159,0.022707829251885414
Artery,baseline,2.87769784172662,0.3482232987880707
Artery,baseline,2.7972027972028,0.8241335153579712
Artery,baseline,2.38095238095238,0.6000099182128906
Artery,baseline,9.52380952380952,0.9008917212486267
Artery,baseline,14.5161290322581,0.9945728182792664
Artery,baseline,5.92592592592593,0.9150369763374329
Artery,baseline,8.3969465648855,0.9260894656181335
Artery,baseline,1.88679245283019,0.6890790462493896
Artery,baseline,5.0,0.8417102694511414
Artery,baseline,6.61764705882353,0.9228331446647644
Artery,baseline,3.10077519379845,0.10838985443115234
Artery,baseline,3.75586854460094,0.8830875754356384
Artery,baseline,7.35294117647059,0.9019345045089722
Artery,baseline,1.66666666666667,0.08619619905948639
Artery,baseline,1.35135135135135,0.5852974057197571
Artery,baseline,1.73913043478261,0.37576359510421753
Artery,baseline,9.83606557377049,0.8131943345069885
Artery,baseline,4.27350427350427,0.7634503841400146
Artery,baseline,5.97014925373134,0.0918814167380333
Artery,baseline,4.6875,0.14778979122638702
Artery,baseline,2.45901639344262,0.6790707111358643
Artery,baseline,10.655737704918,0.7551479935646057
Artery,baseline,2.4390243902439,0.5087810754776001
Artery,baseline,5.83333333333333,0.2672373056411743
Artery,baseline,4.95049504950495,0.5534092783927917
Artery,baseline,3.33333333333333,0.44845303893089294
Artery,baseline,3.57142857142857,0.137440025806427
Artery,baseline,5.40540540540541,0.39097967743873596
Artery,baseline,5.60747663551402,0.3603750765323639
Artery,baseline,8.33333333333333,0.4452221095561981
Artery,baseline,9.25925925925926,0.49590441584587097
Artery,baseline,1.88679245283019,0.09283467382192612
Artery,baseline,7.47663551401869,0.29311567544937134
Artery,baseline,1.85185185185185,0.3214589059352875
Artery,baseline,3.93700787401575,0.32675284147262573
Artery,baseline,12.6865671641791,0.9461612701416016
Artery,baseline,3.73134328358209,0.9178281426429749
Artery,baseline,2.80373831775701,0.9168664216995239
Artery,baseline,14.5161290322581,0.9318484663963318
Artery,baseline,1.53846153846154,0.857030987739563
Artery,baseline,6.25,0.9557868838310242
Artery,baseline,5.71428571428571,0.20970088243484497
Artery,baseline,3.42465753424658,0.7178672552108765
Artery,baseline,2.89855072463768,0.8280072808265686
Artery,baseline,2.94117647058824,0.9849749207496643
Artery,baseline,1.38888888888889,0.5377870202064514
Artery,baseline,3.28638497652582,0.8802605867385864
Artery,baseline,1.74672489082969,0.5747857093811035
Artery,baseline,2.15827338129496,0.1883300542831421
Artery,baseline,4.06976744186047,0.8191452026367188
Artery,baseline,9.375,0.9587382674217224
Artery,baseline,2.7972027972028,0.29593977332115173
Artery,baseline,7.2463768115942,0.7475610375404358
Artery,baseline,7.09219858156028,0.45902779698371887
Artery,baseline,1.36986301369863,0.8086304664611816
Artery,baseline,5.29801324503311,0.7478634119033813
Artery,baseline,5.35714285714286,0.8162508010864258
Artery,baseline,8.18181818181818,0.7398928999900818
Artery,baseline,5.26315789473684,0.6386627554893494
Artery,baseline,1.33333333333333,0.07804340124130249
Artery,baseline,4.58015267175573,0.7570093274116516
Artery,baseline,4.9645390070922,0.7864406108856201
Artery,baseline,5.98290598290598,0.820284366607666
Artery,baseline,1.78571428571429,0.12729708850383759
Artery,baseline,3.05343511450382,0.8227600455284119
Artery,baseline,5.88235294117647,0.45319539308547974
Artery,baseline,14.2857142857143,0.8816799521446228
Artery,baseline,11.8518518518519,0.39853498339653015
Artery,baseline,8.33333333333333,0.43364429473876953
Artery,baseline,12.5,0.1924210786819458
Artery,baseline,12.0,0.4885545074939728
Artery,baseline,8.08823529411765,0.5703195333480835
Artery,baseline,9.9236641221374,0.4045167565345764
Artery,baseline,5.92592592592593,0.20224273204803467
Artery,baseline,13.5714285714286,0.8119760155677795
Artery,baseline,11.5942028985507,0.3026280403137207
Artery,baseline,2.29007633587786,0.43842077255249023
Artery,baseline,7.37704918032787,0.1969078630208969
Artery,baseline,5.71428571428571,0.516838788986206
Artery,baseline,9.23076923076923,0.3631410002708435
Artery,baseline,2.41935483870968,0.03784962370991707
Artery,baseline,13.2231404958678,0.11511928588151932
Artery,baseline,1.68067226890756,0.010410195216536522
Artery,baseline,3.78787878787879,0.13349168002605438
Artery,baseline,5.3030303030303,0.1958533525466919
Artery,baseline,6.47482014388489,0.6065695881843567
Artery,baseline,12.3287671232877,0.8999770879745483
Artery,baseline,2.4,0.06509854644536972
Artery,baseline,2.7027027027027,0.7884231805801392
Artery,baseline,6.71140939597315,0.13623866438865662
Artery,baseline,3.84615384615385,0.9185724258422852
Artery,baseline,1.16279069767442,0.44626057147979736
Artery,baseline,3.97727272727273,0.8477921485900879
Artery,baseline,2.23463687150838,0.5349029302597046
Artery,baseline,3.25581395348837,0.568503201007843
Artery,baseline,1.95121951219512,0.2734004855155945
Artery,baseline,2.30547550432277,0.3523910939693451
Artery,baseline,4.10697230181471,0.3307082951068878
Artery,baseline,6.0,0.40278372168540955
Artery,baseline,1.30718954248366,0.03806634992361069
Artery,baseline,13.9705882352941,0.3828977346420288
Artery,baseline,1.6839378238342,0.5561162829399109
Artery,baseline,8.29986613119143,0.09325579553842545
Artery,baseline,1.64917541229385,0.022766293957829475
Artery,baseline,2.43506493506494,0.05946112424135208
Artery,baseline,2.72904483430799,0.017793094739317894
Artery,baseline,3.47826086956522,0.2040293961763382
Artery,baseline,2.36051502145923,0.47731301188468933
Artery,baseline,10.1479915433404,0.7154825925827026
Artery,baseline,10.230179028133,0.040508758276700974
Artery,baseline,1.41843971631206,0.05062156543135643
Artery,baseline,6.52680652680653,0.027316218242049217
Artery,baseline,5.31177829099307,0.027942854911088943
Artery,baseline,1.73267326732673,0.013056091964244843
Artery,baseline,1.69491525423729,0.010756203904747963
Artery,baseline,7.46268656716418,0.021534927189350128
Artery,baseline,1.67364016736402,0.016364026814699173
Artery,baseline,4.0948275862069,0.01851426437497139
Artery,baseline,4.36781609195402,0.016026493161916733
Artery,baseline,9.25925925925926,0.018002597615122795
Artery,baseline,8.21917808219178,0.0440567322075367
Artery,baseline,9.01408450704225,0.1764720231294632
Artery,baseline,3.84615384615385,0.0821012407541275
Artery,baseline,2.76679841897233,0.053040243685245514
Artery,baseline,4.64135021097046,0.22710229456424713
Artery,baseline,1.47783251231527,0.05100163072347641
Artery,baseline,1.05820105820106,0.038524117320775986
Artery,baseline,1.52091254752852,0.5160808563232422
Artery,baseline,1.20967741935484,0.15952475368976593
Artery,baseline,6.72645739910314,0.3520979881286621
Artery,baseline,5.88235294117647,0.15095311403274536
Artery,baseline,9.87124463519313,0.20610542595386505
Artery,baseline,2.7906976744186,0.1341998428106308
Artery,baseline,1.12359550561798,0.0008424748666584492
Artery,baseline,9.7165991902834,0.0010373133700340986
Artery,baseline,1.68776371308017,0.00023753968707751483
Artery,baseline,1.58730158730159,0.22729787230491638
Artery,baseline,3.91891891891892,0.7419694066047668
Artery,baseline,5.00625782227785,0.26660123467445374
Artery,baseline,3.3373063170441,0.6793556809425354
Artery,baseline,4.51219512195122,0.5775868892669678
Artery,baseline,3.86740331491713,0.6205769777297974
Artery,baseline,4.56707897240723,0.8436344861984253
Artery,baseline,13.4905660377359,0.9892063140869141
Artery,baseline,8.74882408278457,0.9292727112770081
Artery,baseline,2.84444444444444,0.774324893951416
Artery,baseline,1.63934426229508,0.42045632004737854
Artery,baseline,1.85728250244379,0.11182963848114014
Artery,baseline,2.28174603174603,0.2560814619064331
Artery,baseline,7.19844357976654,0.8996334671974182
Artery,baseline,9.2814371257485,0.8933324813842773
Artery,baseline,10.3448275862069,0.7251657247543335
Artery,baseline,5.0464807436919,0.7810389399528503
Artery,baseline,8.74200426439233,0.13349126279354095
Artery,baseline,3.83795309168444,0.5158417820930481
Artery,baseline,10.1805054151625,0.8120006918907166
Artery,baseline,1.89328743545611,0.044171202927827835
Artery,baseline,5.89887640449438,0.2976997196674347
Artery,baseline,7.92171481826654,0.3626721203327179
Artery,baseline,9.73298880275624,0.14437688887119293
Artery,baseline,5.42452830188679,0.17312169075012207
Artery,baseline,7.09534368070954,0.4839799702167511
Artery,baseline,3.21903428971309,0.32962167263031006
Artery,baseline,13.2680320569902,0.9082112908363342
Artery,baseline,1.09780439121756,0.04420787841081619
Artery,baseline,5.2064631956912,0.26087507605552673
Artery,baseline,1.85356811862836,0.20376648008823395
Artery,baseline,2.11889346674514,0.9045395255088806
Artery,baseline,1.5,0.10490419715642929
Artery,baseline,3.56425702811245,0.17796200513839722
Artery,baseline,1.42089093701997,0.38911697268486023
Artery,baseline,7.61538461538462,0.8565987944602966
Artery,baseline,11.432777232581,0.3616396486759186
Artery,baseline,2.78030993618961,0.42289653420448303
Artery,baseline,4.695885509839,0.6073366403579712
Artery,baseline,4.78468899521531,0.4075099229812622
Artery,baseline,1.21527777777778,0.9483329653739929
Artery,baseline,2.5354533734422,0.9488467574119568
Artery,baseline,4.44357058592214,0.13658207654953003
Artery,baseline,1.92071924805885,0.0067960601300001144
Artery,baseline,5.06742950551696,0.6243196725845337
Artery,baseline,4.47889750215332,0.5796536207199097
Artery,baseline,5.33159947984395,0.9565120935440063
Artery,baseline,7.62312633832976,0.5289099812507629
Artery,baseline,5.91237771161208,0.7143266797065735
Artery,baseline,6.46481178396072,0.6546677947044373
Artery,baseline,10.2470635884974,0.9640520215034485
Artery,baseline,4.4822256568779,0.7947118282318115
Artery,baseline,2.99962504686914,0.29320189356803894
Artery,baseline,6.57200811359026,0.8741794228553772
Artery,baseline,6.63489736070381,0.9162646532058716
Artery,baseline,10.8719052744887,0.1370900422334671
Artery,baseline,3.78486055776892,0.22409319877624512
Artery,baseline,3.15938942137025,0.019383715465664864
Artery,baseline,3.98052691867125,0.005648699123412371
Artery,baseline,9.77125105902287,0.6833275556564331
Artery,baseline,2.33886320369867,0.009473709389567375
Artery,baseline,11.8001722652885,0.539284348487854
Artery,baseline,2.37141977209732,0.4852544367313385
Artery,baseline,1.29337539432177,0.14818042516708374
Artery,baseline,2.40529164161155,0.27979451417922974
Artery,baseline,2.77469478357381,0.6797351837158203
Artery,baseline,1.68674698795181,0.5855293273925781
Artery,baseline,5.68047337278107,0.13579072058200836
Artery,baseline,5.01519756838906,0.14844690263271332
Artery,baseline,2.08588957055215,0.8941149711608887
Artery,baseline,1.25570776255708,0.461061030626297
Artery,baseline,2.14190093708166,0.37860795855522156
Artery,baseline,2.49150622876557,0.3040863573551178
Artery,baseline,1.32517838939857,0.10279195755720139
Artery,baseline,1.41843971631206,0.07037185877561569
Artery,baseline,1.17994100294985,0.06753278523683548
Artery,baseline,5.12562814070352,0.5174948573112488
Artery,baseline,11.5273775216138,0.291094571352005
Artery,baseline,3.43642611683849,0.6883761286735535
Artery,baseline,4.0650406504065,0.23392672836780548
Artery,baseline,1.75438596491228,0.2860926389694214
Artery,baseline,9.82658959537572,0.8779160380363464
Artery,baseline,5.20833333333333,0.05687570571899414
Artery,baseline,13.9497161394972,0.7040074467658997
Artery,baseline,2.12885154061625,0.16200323402881622
Artery,baseline,1.1954261954262,0.6270850300788879
Artery,baseline,1.57635467980296,0.4498092532157898
Artery,baseline,2.78456277479238,0.4875486493110657
Artery,baseline,6.83046683046683,0.11037188023328781
Artery,baseline,1.97849462365591,0.06021016091108322
Artery,baseline,3.04709141274238,0.4602634012699127
Artery,baseline,13.4703196347032,0.9695963263511658
Artery,baseline,10.9756097560976,0.8724460601806641
Artery,baseline,6.31067961165049,0.6646382212638855
Artery,baseline,7.41379310344828,0.9176971316337585
Artery,baseline,1.00430416068867,0.19021907448768616
Artery,baseline,9.69773299748111,0.9084881544113159
Artery,baseline,2.16519647153168,0.3485538065433502
Artery,baseline,4.49101796407186,0.04596710577607155
Artery,baseline,11.6071428571429,0.13334621489048004
Artery,baseline,1.83968462549277,0.01581820473074913
Artery,baseline,11.7817479478513,0.2572689354419708
Artery,baseline,2.81377267678638,0.5282912850379944
Artery,baseline,7.25986597170514,0.8856822848320007
Artery,baseline,2.21990981616372,0.2270037680864334
Artery,baseline,5.6175972927242,0.03383792191743851
Artery,baseline,3.30241187384045,0.13178451359272003
Artery,baseline,1.11821086261981,0.5696671605110168
Artery,baseline,14.9425287356322,0.6646059155464172
Artery,baseline,2.28310502283105,0.6642861366271973
Artery,baseline,3.51239669421488,0.7280281186103821
Artery,baseline,8.2135523613963,0.7469949722290039
Artery,baseline,2.60521042084168,0.8025112152099609
Artery,baseline,3.57142857142857,0.7399711608886719
Artery,baseline,1.33587786259542,0.5749638676643372
Artery,baseline,1.60320641282565,0.12469648569822311
Artery,baseline,2.2680412371134,0.5668038725852966
Artery,baseline,7.29613733905579,0.6787599921226501
Artery,baseline,5.56552962298025,0.7721606492996216
Artery,baseline,2.57289879931389,0.6382883787155151
Artery,baseline,1.70648464163823,0.40646061301231384
Artery,baseline,1.06194690265487,0.4843120872974396
Artery,baseline,2.92096219931271,0.72154700756073
Artery,baseline,1.30246020260492,0.48385122418403625
Artery,baseline,2.06349206349206,0.3204496502876282
Artery,baseline,1.22448979591837,0.6076309084892273
Artery,baseline,1.76991150442478,0.49704909324645996
Artery,baseline,3.33333333333333,0.6076557636260986
Artery,baseline,2.8328611898017,0.2686691880226135
Artery,baseline,3.78378378378378,0.7349830269813538
Artery,baseline,5.0,0.4241756498813629
Artery,baseline,8.62470862470862,0.8769545555114746
Artery,baseline,6.17848970251716,0.8022884130477905
Artery,baseline,6.98795180722892,0.2490740269422531
Artery,baseline,8.70535714285714,0.11186216026544571
Artery,baseline,1.01522842639594,0.22468237578868866
Artery,baseline,6.42201834862385,0.3299807012081146
Artery,baseline,1.60550458715596,0.41844722628593445
Artery,baseline,13.3182844243792,0.7841315269470215
Artery,baseline,9.49074074074074,0.734734296798706
Artery,baseline,12.1457489878543,0.9862393736839294
Artery,baseline,5.94795539033457,0.7417845726013184
Artery,baseline,6.61896243291592,0.4976325035095215
Artery,baseline,1.60583941605839,0.22508610785007477
Artery,baseline,12.4492557510149,0.9626855850219727
Artery,baseline,6.01092896174863,0.8582213521003723
Artery,baseline,13.8736263736264,0.8690676093101501
Artery,baseline,6.826801517067,0.942503809928894
Artery,baseline,4.11915289737026,0.9034945368766785
Artery,baseline,1.17769310703152,0.7043771743774414
Artery,baseline,6.99149265274555,0.7894405722618103
Artery,baseline,1.37095488601945,0.7037015557289124
Artery,baseline,14.125782021732,0.6389670968055725
Artery,baseline,2.2658369235679,0.2651156485080719
Artery,baseline,4.30245625301011,0.8613975644111633
Artery,baseline,1.53330138955438,0.5385884046554565
Artery,baseline,12.2505724566569,0.8215327858924866
Artery,baseline,8.21630685390903,0.26418766379356384
Artery,baseline,9.1304347826087,0.8372230529785156
Artery,baseline,1.95087963769378,0.9132050275802612
Artery,baseline,9.68393707605715,0.790876030921936
Artery,baseline,7.7207582061951,0.8725565075874329
Artery,baseline,14.7327522839441,0.6183276772499084
Artery,baseline,1.162452775356,0.5779368877410889
Artery,baseline,5.66159125026807,0.8537470698356628
Artery,baseline,2.43855421686747,0.36659857630729675
Artery,baseline,8.94890373576738,0.4369644224643707
Artery,baseline,4.09558536267743,0.791837751865387
Artery,baseline,11.0002051001572,0.7779812812805176
Artery,baseline,2.84385740278995,0.8123654723167419
Artery,baseline,1.53364432232092,0.888940155506134
Artery,baseline,1.48190367626104,0.9349943995475769
Artery,baseline,1.60757040246266,0.4999263882637024
Artery,baseline,12.7789758764231,0.86552894115448
Artery,baseline,6.39629831246598,0.9286307096481323
Artery,baseline,1.40310333443381,0.027804194018244743
Artery,baseline,2.05441421432537,0.6717630624771118
Artery,baseline,3.63386613386613,0.893328845500946
Artery,baseline,1.17481803090282,0.9201269745826721
Artery,baseline,1.7251257241072,0.7241804003715515
Artery,baseline,2.96095164209982,0.7956581711769104
Artery,baseline,9.4842483051974,0.7232450246810913
Artery,baseline,5.5044612216884,0.8034379482269287
Artery,baseline,9.03970516653918,0.6708514094352722
Artery,baseline,8.10980282867693,0.8303287625312805
Artery,baseline,3.46115888904554,0.7979553937911987
Artery,baseline,5.34694188437809,0.9165825247764587
Artery,baseline,13.3241535720071,0.8018238544464111
Artery,baseline,11.0054465289185,0.9177519679069519
Artery,baseline,1.20726495726496,0.26820051670074463
Artery,baseline,1.60768234786362,0.5600314736366272
Artery,baseline,12.6312335958005,0.9168533086776733
Artery,baseline,8.56435643564356,0.925146222114563
Artery,baseline,1.61139216788458,0.515240490436554
Artery,baseline,2.09724295027885,0.8223187327384949
Artery,baseline,1.57373227122596,0.10307085514068604
Artery,baseline,10.1734554667706,0.5923179388046265
Artery,baseline,5.84290307762977,0.932167112827301
Artery,baseline,9.70431560256311,0.797832190990448
Artery,baseline,6.00624649635621,0.6384716629981995
Artery,baseline,3.77942998760843,0.17553019523620605
Artery,baseline,8.61648083393811,0.006641687825322151
Artery,baseline,3.00176175633555,0.5654270052909851
Artery,baseline,7.78850916295196,0.5570380091667175
Artery,baseline,1.04809286898839,0.38948875665664673
Artery,baseline,3.69539078156313,0.11961372196674347
Artery,baseline,2.48447204968944,0.6962034106254578
Artery,baseline,1.19047619047619,0.9455859661102295
Artery,baseline,1.05820105820106,0.5614321231842041
Artery,baseline,3.31491712707182,0.1384979635477066
Artery,baseline,1.81818181818182,0.9120917320251465
Artery,baseline,13.7724550898204,0.9337354898452759
Artery,baseline,8.33333333333333,0.9213427305221558
Artery,baseline,6.79012345679012,0.8411863446235657
Artery,baseline,3.82165605095541,0.8028402328491211
Artery,baseline,1.27388535031847,0.9808016419410706
Artery,baseline,8.87573964497041,0.9707830548286438
Artery,baseline,1.33333333333333,0.9221963882446289
Artery,baseline,1.24223602484472,0.6662303805351257
Artery,baseline,1.28205128205128,0.8029695153236389
Artery,baseline,1.25,0.737777590751648
Artery,baseline,1.78571428571429,0.9418163895606995
Artery,baseline,3.52941176470588,0.9899075031280518
Artery,baseline,1.32450331125828,0.9312930107116699
Artery,baseline,1.29032258064516,0.5043782591819763
Artery,baseline,4.82758620689655,0.9848619699478149
Artery,baseline,11.3636363636364,0.9917088150978088
Artery,baseline,1.04166666666667,0.4457484483718872
Artery,baseline,1.16959064327485,0.5445201396942139
Artery,baseline,1.04166666666667,0.4857839047908783
Artery,baseline,1.20481927710843,0.9648699164390564
Artery,baseline,1.36986301369863,0.9233360886573792
Artery,baseline,1.03448275862069,0.9268236756324768
Artery,baseline,1.06007067137809,0.95958012342453
Artery,baseline,1.33333333333333,0.5656875371932983
Artery,baseline,1.68776371308017,0.9270434975624084
Artery,baseline,1.36363636363636,0.8501737117767334
Artery,baseline,1.3953488372093,0.9415987133979797
Artery,baseline,1.96078431372549,0.15994319319725037
Artery,baseline,2.96610169491525,0.9853217601776123
Artery,baseline,2.10970464135021,0.9592078924179077
Artery,baseline,1.46341463414634,0.04624468460679054
Artery,baseline,2.30414746543779,0.9816555380821228
Artery,baseline,3.11111111111111,0.9861043095588684
Artery,baseline,1.33928571428571,0.960707426071167
Artery,baseline,9.07534246575342,0.04937025532126427
Artery,baseline,5.97716588314305,0.7685973048210144
Artery,baseline,2.28050171037628,0.8296078443527222
Artery,baseline,2.36530880420499,0.6126686930656433
Artery,baseline,12.910284463895,0.7453052997589111
Artery,baseline,3.76237623762376,0.060742828994989395
Artery,baseline,4.53074433656958,0.0459115132689476
Artery,baseline,3.15955766192733,0.23117274045944214
Artery,baseline,11.6193961573651,0.1323448121547699
Artery,baseline,8.09289232934553,0.8428271412849426
Artery,baseline,11.1822162344224,0.7795275449752808
Artery,baseline,1.886108088502,0.009788372553884983
Artery,baseline,7.51958224543081,0.7484630942344666
Artery,baseline,6.10605249062667,0.5499717593193054
Artery,baseline,1.19840213049268,0.14754478633403778
Artery,baseline,4.64589235127479,0.29673147201538086
Artery,baseline,10.1741521539872,0.6791599988937378
Artery,baseline,2.15439856373429,0.13268551230430603
Artery,baseline,6.64556962025316,0.12577177584171295
Artery,baseline,5.05415162454874,0.35737234354019165
Artery,baseline,2.19072164948454,0.3239147365093231
Artery,baseline,2.99500831946755,0.6045085191726685
Artery,baseline,12.7622377622378,0.712525486946106
Artery,baseline,10.0854700854701,0.7206059694290161
Artery,baseline,5.25525525525526,0.2725522220134735
Artery,baseline,3.34261838440111,0.21586595475673676
Artery,baseline,5.86034912718205,0.3933781385421753
Artery,baseline,7.84557907845579,0.40579062700271606
Artery,baseline,1.20481927710843,0.37909817695617676
Artery,baseline,5.34682080924856,0.8383370041847229
Artery,baseline,3.39506172839506,0.26934680342674255
Artery,baseline,3.57142857142857,0.2261974811553955
Artery,baseline,1.2448132780083,0.0353347547352314
Artery,baseline,3.6734693877551,0.11877992749214172
Artery,baseline,4.85996705107084,0.26623642444610596
Artery,baseline,1.61681487469685,0.19512939453125
Artery,baseline,10.2753923600829,0.7902817130088806
Artery,baseline,11.0592354829297,0.8934388160705566
Artery,baseline,2.34452122408687,0.7545811533927917
Artery,baseline,1.53286567939725,0.6654881238937378
Artery,baseline,1.86069901936133,0.20698657631874084
Artery,baseline,14.0191169776969,0.8055660128593445
Artery,baseline,1.81773520019651,0.7341423630714417
Artery,baseline,4.36880873761748,0.34711506962776184
Artery,baseline,2.4968152866242,0.6814433932304382
Artery,baseline,1.16279069767442,0.8252720236778259
Artery,baseline,14.4670050761421,0.7772019505500793
Artery,baseline,8.561872909699,0.9196409583091736
Artery,baseline,6.77170633590345,0.8880631327629089
Artery,baseline,10.835597826087,0.7643541693687439
Artery,baseline,11.0398379473329,0.7335230708122253
Artery,baseline,12.603591160221,0.7742375135421753
Artery,baseline,1.23219098960339,0.5252323746681213
Artery,baseline,12.3214285714286,0.6979137659072876
Artery,baseline,14.5788336933045,0.803605318069458
Artery,baseline,1.81818181818182,0.435888409614563
Artery,baseline,4.56179153995024,0.3643934428691864
Artery,baseline,4.32618683001531,0.8775798082351685
Artery,baseline,1.33359872611465,0.13093271851539612
Artery,baseline,7.52140236445169,0.7669721841812134
Artery,baseline,6.7983367983368,0.4462686777114868
Artery,baseline,2.55269773738155,0.05884414166212082
Artery,baseline,4.15665989285055,0.6932963728904724
Artery,baseline,1.0989010989011,0.5100178718566895
Artery,baseline,1.45447300259016,0.23406723141670227
Artery,baseline,3.13004846526656,0.7411271929740906
Artery,baseline,1.78647384091876,0.521284282207489
Artery,baseline,7.811080835604,0.880823016166687
Artery,baseline,3.83578064129458,0.05353722348809242
Artery,baseline,7.25299828669332,0.6579878926277161
Artery,baseline,8.68097419821558,0.901307225227356
Artery,baseline,7.12830957230143,0.981569766998291
Artery,baseline,2.55754475703325,0.9653172492980957
Artery,baseline,6.01747815230961,0.8784555792808533
Artery,baseline,2.09437963944857,0.11598271131515503
Artery,baseline,7.84421283598464,0.7755972146987915
Artery,baseline,2.95728368017525,0.6788730621337891
Artery,baseline,7.13063320022818,0.45434340834617615
Artery,baseline,1.54440154440154,0.05749032273888588
Artery,baseline,3.51170568561873,0.6770593523979187
Artery,baseline,10.2551275637819,0.5999917387962341
Artery,baseline,4.79012345679012,0.9011144638061523
Artery,baseline,8.78771836950768,0.7906861901283264
Artery,baseline,6.67506297229219,0.8386170268058777
Artery,baseline,3.53658536585366,0.34295618534088135
Artery,baseline,2.79700913874273,0.9241302013397217
Artery,baseline,14.8431105047749,0.9607572555541992
Artery,baseline,1.37752905725355,0.5865162014961243
Artery,baseline,1.86915887850467,0.4760202467441559
Artery,baseline,1.0,0.5415754914283752
Artery,baseline,2.46913580246914,0.7739865183830261
Artery,baseline,5.26315789473684,0.4195711612701416
Artery,baseline,2.16049382716049,0.5078586339950562
Artery,baseline,10.803324099723,0.1610960215330124
Artery,baseline,3.32681017612524,0.6129761338233948
Artery,baseline,9.77011494252874,0.5025889873504639
Artery,baseline,12.5230202578269,0.29934266209602356
Artery,baseline,7.16911764705882,0.2634647488594055
Artery,baseline,9.53237410071942,0.388304740190506
Artery,baseline,1.74520069808028,0.05546412989497185
Artery,baseline,1.5929203539823,0.1970784068107605
Artery,baseline,1.17370892018779,0.5081839561462402
Artery,baseline,1.79028132992327,0.2577318549156189
Artery,baseline,11.2068965517241,0.9418909549713135
Artery,baseline,9.83050847457627,0.5175794959068298
Artery,baseline,4.34782608695652,0.08329738676548004
Artery,baseline,2.06896551724138,0.018894411623477936
Artery,baseline,1.24688279301746,0.038192424923181534
Artery,baseline,1.63934426229508,0.4121082127094269
Artery,baseline,9.29951690821256,0.0665128231048584
Artery,baseline,3.23325635103926,0.0052134147845208645
Artery,baseline,2.97029702970297,0.1803300678730011
Artery,baseline,2.53021756647865,0.08559859544038773
Artery,baseline,8.4547610979329,0.29348912835121155
Artery,baseline,4.45081184336199,0.37273430824279785
Artery,baseline,4.16442772702848,0.5064667463302612
Artery,baseline,10.9249329758713,0.9329174160957336
Artery,baseline,2.37812128418549,0.08294074237346649
Artery,baseline,14.2998027613412,0.5804768800735474
Artery,baseline,3.23886639676113,0.6407833099365234
Artery,baseline,11.2234580384226,0.9210554361343384
Artery,baseline,2.02854996243426,0.9008806943893433
Artery,baseline,2.31023102310231,0.6051933765411377
Artery,baseline,8.16758358019467,0.14513741433620453
Artery,baseline,12.9373713613643,0.939558744430542
Artery,baseline,1.63515585079203,0.1267697960138321
Artery,baseline,3.10580204778157,0.7893811464309692
Artery,baseline,14.6080760095012,0.873343825340271
Artery,baseline,2.13629943502825,0.27789801359176636
Artery,baseline,14.6080181788671,0.33337756991386414
Artery,baseline,12.5845410628019,0.7310159206390381
Artery,baseline,4.32576430293036,0.34789741039276123
Artery,baseline,2.88908246225319,0.570292592048645
Artery,baseline,14.7525676937442,0.2295210063457489
Artery,baseline,1.00461133069829,0.21166853606700897
Artery,baseline,1.36261622314845,0.18855643272399902
Artery,baseline,8.35492227979275,0.712966799736023
Artery,baseline,5.73698146513681,0.07347451150417328
Artery,baseline,10.4145770645269,0.4484584331512451
Artery,baseline,11.4156048175947,0.8864730000495911
Artery,baseline,1.8790264853257,0.6335511207580566
Artery,baseline,1.46045290449623,0.13574650883674622
Artery,baseline,13.4913400182315,0.22694441676139832
Artery,baseline,9.61389961389961,0.6707310080528259
Artery,baseline,1.61655350792111,0.7242380976676941
Artery,baseline,4.38693388038504,0.7594416737556458
Artery,baseline,1.99683042789223,0.3715437650680542
Artery,baseline,4.75193298969072,0.4486711025238037
Artery,baseline,2.35512860241711,0.4841633141040802
Artery,baseline,1.83012670107931,0.24236871302127838
Artery,baseline,2.20120911486591,0.2183939516544342
Artery,baseline,3.64372469635628,0.41836971044540405
Artery,baseline,6.15238996687175,0.47519081830978394
Artery,baseline,5.98039215686275,0.2206987589597702
Artery,baseline,2.66159695817491,0.5221104621887207
Artery,baseline,1.28516846127127,0.07522833347320557
Artery,baseline,1.27329192546584,0.06836925446987152
Artery,baseline,1.00957354221062,0.25351059436798096
Artery,baseline,4.31132612407513,0.03510742634534836
Artery,baseline,2.42851547199373,0.386898010969162
Artery,baseline,2.75426254918326,0.5737258195877075
Artery,baseline,1.16279069767442,0.19055716693401337
Artery,baseline,11.4457831325301,0.955365002155304
Artery,baseline,1.74418604651163,0.5992528200149536
Artery,baseline,8.82352941176471,0.9433658123016357
Artery,baseline,2.08333333333333,0.5623694062232971
Artery,baseline,2.84090909090909,0.7924788594245911
Artery,baseline,10.8571428571429,0.8348096609115601
Artery,baseline,2.36686390532544,0.13372236490249634
Artery,baseline,13.4408602150538,0.872695803642273
Artery,baseline,14.1414141414141,0.3141155242919922
Artery,baseline,8.97435897435897,0.4482020139694214
Artery,baseline,5.84415584415585,0.5533352494239807
Artery,baseline,9.3167701863354,0.7878565192222595
Artery,baseline,1.15606936416185,0.6032160520553589
Artery,baseline,7.2289156626506,0.9016665816307068
Artery,baseline,1.2987012987013,0.47797203063964844
Artery,baseline,8.75912408759124,0.6966255307197571
Artery,baseline,6.47482014388489,0.7382899522781372
Artery,baseline,10.4895104895105,0.7668230533599854
Artery,baseline,2.14285714285714,0.39885422587394714
Artery,baseline,1.37931034482759,0.25125250220298767
Artery,baseline,4.22535211267606,0.5063541531562805
Artery,baseline,4.21686746987952,0.728035032749176
Artery,baseline,4.375,0.7267484068870544
Artery,baseline,9.375,0.7658609747886658
Artery,baseline,1.82926829268293,0.21852809190750122
Artery,baseline,4.2483660130719,0.9157605171203613
Artery,baseline,1.5625,0.29283538460731506
Artery,baseline,1.02389078498294,0.28044185042381287
Artery,baseline,1.8450184501845,0.11930219829082489
Artery,baseline,5.43478260869565,0.8041703104972839
Artery,baseline,1.22448979591837,0.08112561702728271
Artery,baseline,3.33333333333333,0.6960001587867737
Artery,baseline,6.13718411552347,0.5432862043380737
Artery,baseline,1.44927536231884,0.4981924295425415
Artery,baseline,6.31578947368421,0.6180553436279297
Artery,baseline,1.3986013986014,0.34371212124824524
Artery,baseline,3.48432055749129,0.35673004388809204
Artery,baseline,1.11111111111111,0.056618206202983856
Artery,baseline,9.96563573883162,0.22961333394050598
Artery,baseline,12.5435540069686,0.49151667952537537
Artery,baseline,10.8695652173913,0.5396345257759094
Artery,baseline,5.30035335689046,0.39562222361564636
Artery,baseline,9.64285714285714,0.33821579813957214
Artery,baseline,1.49812734082397,0.8665250539779663
Artery,baseline,7.45098039215686,0.9155290126800537
Artery,baseline,10.7296137339056,0.9779624938964844
Artery,baseline,5.03875968992248,0.7752434015274048
Artery,baseline,1.21457489878543,0.792220413684845
Artery,baseline,9.44881889763779,0.9695349335670471
Artery,baseline,1.51515151515152,0.2974259555339813
Artery,baseline,4.6875,0.982541561126709
Artery,baseline,3.29303876615256,0.8631035685539246
Artery,baseline,7.18589600535595,0.9061022996902466
Artery,baseline,8.02667893284269,0.9039919972419739
Artery,baseline,4.26047800484932,0.8602299690246582
Artery,baseline,3.93617021276596,0.7280043959617615
Artery,baseline,1.73557937723328,0.12690377235412598
Artery,baseline,10.3092783505155,0.8778089284896851
Artery,baseline,5.25751072961373,0.8232701420783997
Artery,baseline,5.86154623547246,0.7658215761184692
Artery,baseline,2.5012025012025,0.5715274214744568
Artery,baseline,12.3188405797101,0.8972117900848389
Artery,baseline,1.18434603501545,0.7768140435218811
Artery,baseline,13.4956874682902,0.7657065987586975
Artery,baseline,1.06247343816405,0.6484248042106628
Artery,baseline,3.09446254071661,0.7672821879386902
Artery,baseline,1.63806552262091,0.6796929836273193
Artery,baseline,3.89303971686984,0.615302324295044
Artery,baseline,1.90766882869134,0.5636940002441406
Artery,baseline,3.23208722741433,0.4299378991127014
Artery,baseline,6.4217032967033,0.8511196374893188
Artery,baseline,3.382949932341,0.45159536600112915
Artery,baseline,9.07284768211921,0.7158216238021851
Artery,baseline,1.05263157894737,0.8092453479766846
Artery,baseline,3.62857786792878,0.9398501515388489
Artery,baseline,7.64718661742342,0.9357278347015381
Artery,baseline,3.4136546184739,0.9585341811180115
Artery,baseline,4.5109423849933,0.944624662399292
Artery,baseline,1.60909676035186,0.5822569131851196
Artery,baseline,5.69194003910493,0.8704515099525452
Artery,baseline,1.61251504211793,0.17940783500671387
Artery,baseline,4.21071492564057,0.8683300018310547
Artery,baseline,1.46896804994491,0.1284709870815277
Artery,baseline,3.76576576576577,0.5707616209983826
Artery,baseline,11.1421069904824,0.49590811133384705
Artery,baseline,8.60199078888724,0.9483805298805237
Artery,baseline,1.56087408949011,0.37269800901412964
Artery,baseline,9.72000580298854,0.4354023039340973
Artery,baseline,1.28803735308324,0.18375179171562195
Artery,baseline,10.9184629803187,0.6648054122924805
Artery,baseline,1.14566284779051,0.1853509098291397
Artery,baseline,9.88875154511743,0.1920842081308365
Artery,baseline,13.552036199095,0.8088961839675903
Artery,baseline,3.94655704008222,0.7021535038948059
Artery,baseline,10.3893483962074,0.9722480773925781
Artery,baseline,8.60237892948173,0.9029338955879211
Artery,baseline,2.89640591966173,0.7330486178398132
Artery,baseline,1.09469074986316,0.9051730632781982
Artery,baseline,4.0996253030637,0.8598507642745972
Artery,baseline,9.77229601518026,0.7026830911636353
Artery,baseline,2.67379679144385,0.10180254280567169
Artery,baseline,4.18030722739864,0.7792984843254089
Artery,baseline,6.64352999504214,0.7428989410400391
Artery,baseline,7.70238407126015,0.506083607673645
Artery,baseline,5.45016561276724,0.8563746213912964
Artery,baseline,3.62554112554113,0.1724180281162262
Artery,baseline,2.05128205128205,0.3118898570537567
Artery,baseline,6.98659139026112,0.7982849478721619
Artery,baseline,1.52295152295152,0.45818325877189636
Artery,baseline,4.49152542372881,0.09817441552877426
Artery,baseline,1.42285460204535,0.0724785253405571
Artery,baseline,2.69691780821918,0.4455386996269226
Artery,baseline,5.8436815193572,0.7545945644378662
Artery,baseline,4.14860681114551,0.929937481880188
Artery,baseline,4.38871473354232,0.9224283695220947
Artery,baseline,2.20959595959596,0.9662535786628723
Artery,baseline,5.666063893912,0.8715327978134155
Artery,baseline,1.08427796944308,0.40036165714263916
Artery,baseline,3.70563674321503,0.5833266377449036
Artery,baseline,2.33366434955313,0.7473701238632202
Artery,baseline,2.37974683544304,0.8731706142425537
Artery,baseline,3.86138613861386,0.9194322824478149
Artery,baseline,1.25984251968504,0.7420901656150818
Artery,baseline,1.66765932102442,0.9280519485473633
Artery,baseline,3.50877192982456,0.937410295009613
Artery,baseline,1.26315789473684,0.9187533855438232
Artery,baseline,2.50536864710093,0.8616684675216675
Artery,baseline,7.31707317073171,0.42587414383888245
Artery,baseline,7.43243243243243,0.8776922821998596
Artery,baseline,1.17994100294985,0.07652173936367035
Artery,baseline,1.90735694822888,0.7448577880859375
Artery,baseline,10.4838709677419,0.17642058432102203
Artery,baseline,2.78551532033426,0.7495163083076477
Artery,baseline,5.95533498759305,0.41634082794189453
Artery,baseline,3.58208955223881,0.8048273324966431
Artery,baseline,4.3010752688172,0.9363586902618408
Artery,baseline,7.69230769230769,0.86720210313797
Artery,baseline,3.08056872037915,0.1822461038827896
Artery,baseline,2.15982721382289,0.11508923768997192
Artery,baseline,11.9221411192214,0.8101567625999451
Artery,baseline,2.21130221130221,0.6008227467536926
Artery,baseline,2.12765957446809,0.5588078498840332
Artery,baseline,4.22960725075529,0.841079831123352
Artery,baseline,12.0915032679739,0.6814532279968262
Artery,baseline,7.28476821192053,0.6496973037719727
Artery,baseline,6.46551724137931,0.8433033227920532
Artery,baseline,8.51485148514852,0.0898909941315651
Artery,baseline,7.69230769230769,0.7317543625831604
Artery,baseline,1.28205128205128,0.01128291804343462
Artery,baseline,2.62237762237762,0.8305564522743225
Artery,baseline,3.54131534569983,0.7477322816848755
Artery,baseline,1.5748031496063,0.37668609619140625
Artery,baseline,5.83804143126177,0.8709372282028198
Artery,baseline,1.32325141776938,0.8951255083084106
Artery,baseline,5.23138832997988,0.7995091676712036
Artery,baseline,4.94845360824742,0.3238627314567566
Artery,baseline,6.07287449392713,0.9195435047149658
Artery,baseline,3.92927308447937,0.4880020022392273
Artery,baseline,1.75097276264591,0.37504467368125916
Artery,baseline,13.5699373695198,0.7543011903762817
Artery,baseline,3.68098159509202,0.366411954164505
Artery,baseline,10.7003891050584,0.7810152173042297
Artery,baseline,4.50980392156863,0.7337220907211304
Artery,baseline,4.55407969639469,0.8506984114646912
Artery,baseline,8.93536121673004,0.6513080596923828
Artery,baseline,7.34126984126984,0.7118343710899353
Artery,baseline,14.4420131291028,0.758574903011322
Artery,baseline,1.25,0.3701664209365845
Artery,baseline,3.50553505535055,0.39474761486053467
Artery,baseline,1.29449838187702,0.43817001581192017
Artery,baseline,2.69814502529511,0.2510959804058075
Artery,baseline,5.61224489795918,0.23614263534545898
Artery,baseline,5.91304347826087,0.21861916780471802
Artery,baseline,6.11888111888112,0.215495303273201
Artery,baseline,5.91304347826087,0.2141418159008026
Artery,baseline,3.125,0.21661578118801117
Artery,baseline,2.79232111692845,0.2250942885875702
Artery,baseline,8.18713450292398,0.4266698658466339
Artery,baseline,12.9713423831071,0.8441544771194458
Artery,baseline,2.52764612954186,0.1546739637851715
Artery,baseline,1.40105078809107,0.0982712060213089
Artery,baseline,3.00751879699248,0.5983420610427856
Artery,baseline,1.35542168674699,0.2329370379447937
Artery,baseline,1.76730486008837,0.08066204935312271
Artery,baseline,1.47058823529412,0.24179205298423767
Artery,baseline,6.15595075239398,0.5380043983459473
Artery,baseline,1.07816711590296,0.3545374870300293
Artery,baseline,4.50958286358512,0.5105612277984619
Artery,baseline,3.03951367781155,0.4868764281272888
Artery,baseline,9.09090909090909,0.8296626806259155
Artery,baseline,1.83823529411765,0.513670802116394
Artery,baseline,1.00250626566416,0.3704916536808014
Artery,baseline,6.77671589921807,0.8009072542190552
Artery,baseline,6.58008658008658,0.7425804138183594
Artery,baseline,10.1790763430726,0.9330881237983704
Artery,baseline,7.76092774308653,0.8011643886566162
Artery,baseline,2.12044105173876,0.8522899150848389
Artery,baseline,5.83254938852305,0.8420762419700623
Artery,baseline,1.67441860465116,0.7188324928283691
Artery,baseline,1.86005314437555,0.533748209476471
Artery,baseline,7.91814946619217,0.7935736179351807
Artery,baseline,5.54134697357204,0.8023176193237305
Artery,baseline,11.1774744027304,0.8648557066917419
Artery,baseline,3.52281825460368,0.8763595223426819
Artery,baseline,5.48554484803558,0.8989922404289246
Artery,baseline,4.0500736377025,0.828751266002655
Artery,baseline,1.69971671388102,0.8186936974525452
Artery,baseline,4.90196078431373,0.33854448795318604
Artery,baseline,10.0570613409415,0.8543551564216614
Artery,baseline,7.63416477702192,0.33821794390678406
Artery,baseline,1.84365781710914,0.7987215518951416
Artery,baseline,9.34891485809683,0.4382452666759491
Artery,baseline,7.47451868629672,0.6429430842399597
Artery,baseline,1.24264224983649,0.8316534161567688
Artery,baseline,1.13314447592068,0.6610713601112366
Artery,baseline,2.18340611353712,0.07089110463857651
Artery,baseline,4.0994623655914,0.7397940158843994
Artery,baseline,14.4699140401146,0.9225701093673706
Artery,baseline,2.93470286133529,0.9273738265037537
Artery,baseline,1.82829888712242,0.8025042414665222
Artery,baseline,4.46127946127946,0.880198061466217
Artery,baseline,4.62046204620462,0.7318453788757324
Artery,baseline,1.47575544624034,0.3471836745738983
Artery,baseline,1.4903129657228,0.9698314070701599
Artery,baseline,1.21689334287759,0.8879324793815613
Artery,baseline,7.1042471042471,0.9908638596534729
Artery,baseline,7.66396462785556,0.9690097570419312
Artery,baseline,4.8448145344436,0.8896237015724182
Artery,baseline,2.68551236749117,0.9353756904602051
Artery,baseline,1.34128166915052,0.08781517297029495
Artery,baseline,2.14497041420118,0.2870039939880371
Artery,baseline,8.53568800588668,0.9644003510475159
Artery,baseline,8.87622149837134,0.9863431453704834
Artery,baseline,5.51359516616314,0.7545233964920044
Artery,baseline,3.94321766561514,0.9344639182090759
Artery,baseline,1.90336749633968,0.9355866312980652
Artery,baseline,2.98210735586481,0.8993789553642273
Artery,baseline,7.11111111111111,0.9329558610916138
Artery,baseline,8.41836734693878,0.8297281265258789
Artery,baseline,3.20665083135392,0.5561329126358032
Artery,baseline,3.58083201685097,0.830400288105011
Artery,baseline,1.2591815320042,0.7138237357139587
Artery,baseline,9.89732108391878,0.8010706305503845
Artery,baseline,1.99967616580311,0.19929245114326477
Artery,baseline,7.37797045600514,0.7764714956283569
Artery,baseline,9.00817392769866,0.8355190753936768
Artery,baseline,2.27394533343542,0.06853219121694565
Artery,baseline,6.08031919507329,0.6685307621955872
Artery,baseline,1.63961440224108,0.21198388934135437
Artery,baseline,8.03770776482262,0.8384755253791809
Artery,baseline,4.25753757928578,0.15810053050518036
Artery,baseline,7.02453716006732,0.09267105907201767
Artery,baseline,14.3594364351245,0.7255443334579468
Artery,baseline,4.80567022353766,0.7148667573928833
Artery,baseline,4.07416858042018,0.5590097904205322
Artery,baseline,3.12150055991041,0.15465588867664337
Artery,baseline,4.41947049089906,0.18885847926139832
Artery,baseline,7.24320508295094,0.43526509404182434
Artery,baseline,6.62510328250582,0.07942972332239151
Artery,baseline,10.7251818821873,0.33899974822998047
Artery,baseline,3.06483639816973,0.8509640693664551
Artery,baseline,2.70456503014643,0.5098922252655029
Artery,baseline,8.47180866391317,0.89040607213974
Artery,baseline,4.93754879000781,0.5147632956504822
Artery,baseline,14.5318782309018,0.8171060085296631
Artery,baseline,4.68838795226369,0.1424361765384674
Artery,baseline,1.96293343961738,0.3403308391571045
Artery,baseline,2.18833547876027,0.3022656738758087
Artery,baseline,2.21389929255098,0.3188038170337677
Artery,baseline,8.957762449211,0.23664438724517822
Artery,baseline,2.95291300877893,0.7190068364143372
Artery,baseline,2.90869327501367,0.034457799047231674
Artery,baseline,8.01025641025641,0.6056756973266602
Artery,baseline,14.039961534352,0.8537610769271851
Artery,baseline,2.24499301350722,0.8339319825172424
Artery,baseline,4.7735219972351,0.9402725696563721
Artery,baseline,1.01973373619111,0.5501091480255127
Artery,baseline,4.21023151605676,0.8477312922477722
Artery,baseline,2.82413350449294,0.9209191203117371
Artery,baseline,8.60678276810266,0.8596814870834351
Artery,baseline,4.56414473684211,0.4052339196205139
Artery,baseline,4.85115766262404,0.3202880322933197
Artery,baseline,9.37546802456193,0.692371666431427
Artery,baseline,8.96120551458801,0.8144579529762268
Artery,baseline,7.23167539267016,0.061961691826581955
Artery,baseline,12.2262459044663,0.9809086322784424
Artery,baseline,12.3029279279279,0.8987140655517578
Artery,baseline,1.34362492853059,0.6338635683059692
Artery,baseline,3.06917086578104,0.5853325724601746
Artery,baseline,1.07835531419705,0.19642861187458038
Artery,baseline,2.71378091872792,0.08422048389911652
Artery,baseline,10.2919366169698,0.30453813076019287
Artery,baseline,1.16219008264463,0.29163581132888794
Artery,baseline,10.3595139671803,0.46223360300064087
Artery,baseline,2.04339051463169,0.33536577224731445
Artery,baseline,6.10994544691565,0.7120381593704224
Artery,baseline,10.3016484132621,0.07128804177045822
Artery,baseline,2.71961850830788,0.055667974054813385
Artery,baseline,2.45630989772087,0.4309948682785034
Artery,baseline,2.15447467817775,0.6201282143592834
Artery,baseline,11.393123274199,0.6287077069282532
Artery,baseline,2.0341080474883,0.09568281471729279
Artery,baseline,11.722811182514,0.4369497299194336
Artery,baseline,1.81429648872874,0.30326929688453674
Artery,baseline,9.92373181979425,0.13528761267662048
Artery,baseline,6.850084222347,0.665673017501831
Artery,baseline,7.12350464757618,0.4908246695995331
Artery,baseline,2.22082810539523,0.3109200596809387
Artery,baseline,3.37389380530973,0.3393954634666443
Artery,baseline,1.80317184444927,0.25129109621047974
Artery,baseline,4.41147142116389,0.33592694997787476
Artery,baseline,3.27023794795662,0.2932148873806
Artery,baseline,5.95970307529162,0.40595543384552
Artery,baseline,5.04954760878932,0.6085320711135864
Artery,baseline,6.19303879871539,0.5835970044136047
Artery,baseline,2.25594749794914,0.6722289323806763
Artery,baseline,5.99936848752763,0.9755589365959167
Artery,baseline,1.36257283112355,0.7431676983833313
Artery,baseline,1.58669782100744,0.495948851108551
Artery,baseline,7.02854013265989,0.3207237422466278
Artery,baseline,4.21791564168717,0.6065866351127625
Artery,baseline,2.73863497120451,0.3083603084087372
Artery,baseline,11.0996252745833,0.592732846736908
Artery,baseline,3.52598497623793,0.07506399601697922
Artery,baseline,2.46542393265183,0.02921009622514248
Artery,baseline,1.54241645244216,0.05189507454633713
Artery,baseline,12.6470588235294,0.8129647970199585
Artery,baseline,5.59006211180124,0.7502232193946838
Artery,baseline,14.8936170212766,0.7867420315742493
Artery,baseline,13.1578947368421,0.819512128829956
Artery,baseline,1.63934426229508,0.10410712659358978
Artery,baseline,2.32558139534884,0.11248800903558731
Artery,baseline,3.03030303030303,0.557307779788971
Artery,baseline,3.53982300884956,0.4582441449165344
Artery,baseline,8.19672131147541,0.6963823437690735
Artery,baseline,5.60747663551402,0.7145028710365295
Artery,baseline,12.5,0.6976544260978699
Artery,baseline,1.44927536231884,0.6866868138313293
Artery,baseline,5.70469798657718,0.315827339887619
Artery,baseline,1.03448275862069,0.05241604149341583
Artery,baseline,1.91011235955056,0.6258765459060669
Artery,baseline,5.87449933244326,0.8529670238494873
Artery,baseline,13.1449631449631,0.9736822843551636
Artery,baseline,14.3057503506311,0.9296324253082275
Artery,baseline,7.07547169811321,0.7224706411361694
Artery,baseline,5.67567567567568,0.368200421333313
Artery,baseline,1.05105105105105,0.47883331775665283
Artery,baseline,3.82848392036753,0.7966538667678833
Artery,baseline,3.79241516966068,0.5080475807189941
Artery,baseline,12.4780316344464,0.9452629089355469
Artery,baseline,2.59319286871961,0.8483486175537109
Artery,baseline,12.6198083067093,0.9679857492446899
Artery,baseline,3.92156862745098,0.5849188566207886
Artery,baseline,8.67579908675799,0.8248496651649475
Artery,baseline,5.00695410292072,0.9400879740715027
Artery,baseline,5.59895833333333,0.8938820958137512
Artery,baseline,7.39795918367347,0.9184402227401733
Artery,baseline,4.07643312101911,0.7078051567077637
Artery,baseline,4.42477876106195,0.7645812630653381
Artery,baseline,4.93046776232617,0.7291414141654968
Artery,baseline,3.36351875808538,0.9216932654380798
Artery,baseline,2.08078335373317,0.8060190677642822
Artery,baseline,2.32558139534884,0.6801464557647705
Artery,baseline,2.84653465346535,0.9436160326004028
Artery,baseline,1.4218009478673,0.8831981420516968
Artery,baseline,1.92061459667093,0.880405843257904
Artery,baseline,13.443072702332,0.9858633875846863
Artery,baseline,1.31578947368421,0.6682158708572388
Artery,baseline,10.7334525939177,0.14467541873455048
Artery,baseline,3.17460317460317,0.5115887522697449
Artery,baseline,1.76991150442478,0.07131140679121017
Artery,baseline,12.6948775055679,0.7809990644454956
Artery,baseline,3.62903225806452,0.5864158272743225
Artery,baseline,6.62768031189084,0.4980899691581726
Artery,baseline,1.84049079754601,0.04398108273744583
Artery,baseline,4.94233937397035,0.2715390622615814
Artery,baseline,4.92307692307692,0.006175497081130743
Artery,baseline,6.57142857142857,0.6150125861167908
Artery,baseline,4.93653032440056,0.31742334365844727
Artery,baseline,9.32642487046632,0.24956020712852478
Artery,baseline,8.85416666666667,0.302926629781723
Artery,baseline,7.14285714285714,0.3224334120750427
Artery,baseline,13.2231404958678,0.5503483414649963
Artery,baseline,6.47482014388489,0.9171652793884277
Artery,baseline,3.6231884057971,0.5721897482872009
Artery,baseline,2.05479452054795,0.1665118783712387
Artery,baseline,1.86335403726708,0.5719692707061768
Artery,baseline,1.31578947368421,0.5740496516227722
Artery,baseline,14.6067415730337,0.28241872787475586
Artery,baseline,3.84615384615385,0.09076167643070221
Artery,baseline,2.23463687150838,0.006779433693736792
Artery,baseline,4.0,0.023023895919322968
Artery,baseline,4.6875,0.06399624794721603
Artery,baseline,1.60427807486631,0.1275215893983841
Artery,baseline,2.64900662251656,0.1432296484708786
Artery,baseline,7.92682926829268,0.09600698202848434
Artery,baseline,4.71204188481675,0.3535833954811096
Artery,baseline,1.09289617486339,0.003269998822361231
Artery,baseline,7.60869565217391,0.09433457255363464
Artery,baseline,4.21052631578947,0.09724767506122589
Artery,baseline,1.75438596491228,0.16683699190616608
Artery,baseline,7.51445086705202,0.6059081554412842
Artery,baseline,7.83132530120482,0.4525803327560425
Artery,baseline,2.5974025974026,0.7289206385612488
Artery,baseline,12.2448979591837,0.86697918176651
Artery,baseline,14.1935483870968,0.7855411171913147
Artery,baseline,1.74418604651163,0.21449537575244904
Artery,baseline,4.08163265306122,0.4169254004955292
Artery,baseline,1.6304347826087,0.03767327219247818
Artery,baseline,13.0681818181818,0.3580128252506256
Artery,baseline,10.4046242774566,0.05947628244757652
Artery,baseline,14.2857142857143,0.2650168240070343
Artery,baseline,12.2699386503067,0.7607455849647522
Artery,baseline,8.21917808219178,0.42386847734451294
Artery,baseline,3.88349514563107,0.05766157805919647
Artery,baseline,7.01754385964912,0.36509349942207336
Artery,baseline,3.125,0.5252242088317871
Artery,baseline,2.89855072463768,0.4292979836463928
Artery,baseline,2.04081632653061,0.9422112703323364
Artery,baseline,14.7540983606557,0.7084504961967468
Artery,baseline,8.33333333333333,0.49596890807151794
Artery,baseline,4.16666666666667,0.1179734617471695
Artery,baseline,3.53982300884956,0.0016508994158357382
Artery,baseline,1.05263157894737,0.13434429466724396
Artery,baseline,2.48820248820249,0.2541378438472748
Artery,baseline,2.96987696224014,0.4294988811016083
Artery,baseline,11.5702479338843,0.7582150101661682
Artery,baseline,10.4477611940299,0.8108779191970825
Artery,baseline,2.02513966480447,0.20093455910682678
Artery,baseline,2.93674698795181,0.6656484007835388
Artery,baseline,9.33117583603021,0.8454573750495911
Artery,baseline,2.65577119509704,0.09908898919820786
Artery,baseline,1.25130344108446,0.0832008346915245
Artery,baseline,5.52546045503792,0.16067461669445038
Artery,baseline,5.28586839266451,0.7217726707458496
Artery,baseline,2.53012048192771,0.20687943696975708
Artery,baseline,14.7239263803681,0.7810230255126953
Artery,baseline,7.58928571428571,0.5703414082527161
Artery,baseline,2.39520958083832,0.9022742509841919
Artery,baseline,1.0590015128593,0.37476956844329834
Artery,baseline,3.15258511979823,0.7949134707450867
Artery,baseline,2.74390243902439,0.6564010977745056
Artery,baseline,3.78181818181818,0.925809919834137
Artery,baseline,7.18816067653277,0.904026448726654
Artery,baseline,3.87346675274371,0.8700295090675354
Artery,baseline,2.55610972568579,0.8366402983665466
Artery,baseline,1.69172932330827,0.8742903470993042
Artery,baseline,1.07255520504732,0.7001307606697083
Artery,baseline,2.03174603174603,0.667518138885498
Artery,baseline,6.67483159828537,0.5754266977310181
Artery,baseline,1.65137614678899,0.7791123986244202
Artery,baseline,2.87141073657928,0.6150421500205994
Artery,baseline,1.95241000610128,0.6926014423370361
Artery,baseline,9.57116221255438,0.6159019470214844
Artery,baseline,10.3638368246968,0.8604089021682739
Artery,baseline,1.02040816326531,0.04406958445906639
Artery,baseline,1.96078431372549,0.5682916641235352
Artery,baseline,1.25284738041002,0.5928729176521301
Artery,baseline,3.33333333333333,0.535627007484436
Artery,baseline,3.16109422492401,0.44253337383270264
Artery,baseline,5.6792873051225,0.07476545870304108
Artery,baseline,3.35802469135802,0.011315733194351196
Artery,baseline,2.14782059380922,0.14784786105155945
Artery,baseline,10.9699769053118,0.733543336391449
Artery,baseline,1.33630289532294,0.4691992998123169
Artery,baseline,2.12649945474373,0.5369820594787598
Artery,baseline,8.42450765864333,0.8770591616630554
Artery,baseline,1.45008365867262,0.13041067123413086
Artery,baseline,5.31125071387778,0.6179401874542236
Artery,baseline,8.85300668151448,0.7003523111343384
Artery,baseline,1.66987797045601,0.08355794101953506
Artery,baseline,1.39505389980977,0.46334564685821533
Artery,baseline,14.294790343075,0.7004796862602234
Artery,baseline,7.88243152972612,0.641689121723175
Artery,baseline,9.75778546712803,0.614487886428833
Artery,baseline,11.640571817563,0.6724969148635864
Artery,baseline,5.20694259012016,0.6998072862625122
Artery,baseline,12.2448979591837,0.8441402912139893
Artery,baseline,3.50385423966363,0.8244538903236389
Artery,baseline,2.32931726907631,0.8854039311408997
Artery,baseline,1.78156467854376,0.46262848377227783
Artery,baseline,14.7077713551702,0.8073093891143799
Artery,baseline,3.32625619249823,0.00733276829123497
Artery,baseline,11.5326251896813,0.05818897858262062
Artery,baseline,1.11642743221691,0.04970058426260948
Artery,baseline,5.83067092651757,0.188756063580513
Artery,baseline,11.3636363636364,0.6171941161155701
Artery,baseline,8.20695807314897,0.18226099014282227
Artery,baseline,4.96562261268144,0.5415741801261902
Artery,baseline,1.35908440629471,0.17211245000362396
Artery,baseline,2.37037037037037,0.5291778445243835
Artery,baseline,3.89401846647933,0.8247431516647339
Artery,baseline,2.19546742209632,0.6682419776916504
Artery,baseline,12.9657228017884,0.8135746717453003
Artery,baseline,2.78145695364238,0.06449270993471146
Artery,baseline,5.7133311059138,0.9004886150360107
Artery,baseline,13.1578947368421,0.8280515670776367
Artery,baseline,4.92933471216822,0.794410228729248
Artery,baseline,11.7852161785216,0.9523828625679016
Artery,baseline,4.70588235294118,0.9265186190605164
Artery,baseline,2.48175182481752,0.23639172315597534
Artery,baseline,11.9707467282525,0.9559834003448486
Artery,baseline,11.4862083161795,0.9820612668991089
Artery,baseline,1.00622903689506,0.5381588339805603
Artery,baseline,2.24022878932316,0.16262869536876678
Artery,baseline,9.20810313075506,0.8624685406684875
Artery,baseline,4.63546354635464,0.8157214522361755
Artery,baseline,2.63046245226983,0.2600308954715729
Artery,baseline,3.55086372360845,0.02723800390958786
Artery,baseline,1.08038029386344,0.5837557911872864
Artery,baseline,12.3632905373276,0.895311713218689
Artery,baseline,1.16063138347261,0.17474232614040375
Artery,baseline,2.4609559867487,0.12515853345394135
Artery,baseline,8.59770114942529,0.21983914077281952
Artery,baseline,1.57136621562636,0.046396125108003616
Artery,baseline,1.34782608695652,0.011856159195303917
Artery,baseline,3.65313653136531,0.8293808102607727
Artery,baseline,1.47392290249433,0.391602098941803
Artery,baseline,1.36621126291236,0.33447951078414917
Artery,baseline,8.8144858216604,0.2524976432323456
Artery,baseline,1.18773946360153,0.8492684960365295
Artery,baseline,1.2448132780083,0.108281210064888
Artery,baseline,3.55748373101952,0.07672523707151413
Artery,baseline,3.98281921124561,0.956549346446991
Artery,baseline,8.78378378378378,0.730878472328186
Artery,baseline,5.61850802644004,0.0606355145573616
Artery,baseline,7.23000451875282,0.9278196096420288
Artery,baseline,11.0696517412935,0.8496482968330383
Artery,baseline,6.31242508989213,0.6917093992233276
Artery,baseline,9.02468636179684,0.7167389392852783
Artery,baseline,8.2553883692558,0.7785877585411072
Artery,baseline,1.03297576479936,0.3693411648273468
Artery,baseline,13.4874759152216,0.6874306797981262
Artery,baseline,9.57683741648107,0.7796298861503601
Artery,baseline,3.18007662835249,0.07590362429618835
Artery,baseline,2.76538804638715,0.9339046478271484
Artery,baseline,5.94325153374233,0.9332993030548096
Artery,baseline,1.31876412961567,0.30397355556488037
Artery,baseline,1.58240061752219,0.9404933452606201
Artery,baseline,3.87989203778677,0.30642402172088623
Artery,baseline,1.6644908616188,0.187663272023201
Artery,baseline,1.49914821124361,0.1331482082605362
Artery,baseline,8.95522388059701,0.17098727822303772
Artery,baseline,1.3351134846462,0.6931949257850647
Artery,baseline,4.24638357442837,0.9417217969894409
Artery,baseline,2.38416554206028,0.36001983284950256
Artery,baseline,3.51919561243144,0.5873045921325684
Artery,baseline,6.89029918404352,0.7782262563705444
Artery,baseline,1.13805047006432,0.35440686345100403
Artery,baseline,13.0935251798561,0.8855832815170288
Artery,baseline,1.21288163948139,0.05578180029988289
Artery,baseline,4.13100111648679,0.744557797908783
Artery,baseline,5.50248376003057,0.5843086838722229
Artery,baseline,13.6842105263158,0.3566194176673889
Artery,baseline,3.10077519379845,0.03631243482232094
Artery,baseline,1.56156156156156,0.0035309232771396637
Artery,baseline,1.73992673992674,0.6809365153312683
Artery,baseline,1.07913669064748,0.051346879452466965
Artery,baseline,1.64872139973082,0.6036645174026489
Artery,baseline,13.0841121495327,0.570844292640686
Artery,baseline,3.19725949186412,0.4611724019050598
Artery,baseline,10.7828205909229,0.0830916166305542
Artery,baseline,1.53939028071235,0.10549610108137131
Artery,baseline,6.79648720885834,0.3794689476490021
Artery,baseline,6.47598488936859,0.1790122091770172
Artery,baseline,4.96747486694264,0.4059590995311737
Artery,baseline,10.5351170568562,0.02994374744594097
Artery,baseline,5.70570570570571,0.31782668828964233
Artery,baseline,11.2244897959184,0.3558976352214813
Artery,baseline,1.10330992978937,0.04518793150782585
Artery,baseline,12.0104438642298,0.2130628228187561
Artery,baseline,5.08209538702111,0.05573827773332596
Artery,baseline,2.04081632653061,0.19989120960235596
Artery,baseline,4.41886372075752,0.5303193926811218
Artery,baseline,2.35941801022415,0.02333376742899418
Artery,baseline,3.03776683087028,0.14026319980621338
Artery,baseline,2.15336134453782,0.03138725087046623
Artery,baseline,1.85471406491499,0.03839835152029991
Artery,baseline,4.45089501693275,0.2058544009923935
Artery,baseline,2.10580380071906,0.5542957186698914
Artery,baseline,2.70961145194274,0.08338369429111481
Artery,baseline,5.55831265508685,0.4927492141723633
Artery,baseline,7.24312184166199,0.012829509563744068
Artery,baseline,4.12102243088159,0.012386619113385677
Artery,baseline,4.8,0.04431402310729027
Artery,baseline,3.4618410700236,0.0009000323479995131
Artery,baseline,3.16480123504438,0.001858435571193695
Artery,baseline,6.08863198458574,0.0018469635397195816
Artery,baseline,12.707345971564,0.5239192843437195
Artery,baseline,10.1453405528641,0.19566157460212708
Artery,baseline,2.95489891135303,0.8249461054801941
Artery,baseline,13.8172043010753,0.8626275062561035
Artery,baseline,1.66865315852205,0.08028800785541534
Artery,baseline,5.69300345836659,0.8853559494018555
Artery,baseline,1.12525910571513,0.9100754857063293
Artery,baseline,1.18131868131868,0.8129932880401611
Artery,baseline,2.98200514138818,0.6456048488616943
Artery,baseline,5.68119139547711,0.26388394832611084
Artery,baseline,14.422158548233,0.805639386177063
Artery,baseline,3.76590330788804,0.19998106360435486
Artery,baseline,5.3393665158371,0.5176718831062317
Artery,baseline,7.4294205052006,0.19403846561908722
Artery,baseline,2.39685658153242,0.1333312690258026
Artery,baseline,8.16326530612245,0.11902984231710434
Artery,baseline,2.94117647058824,0.02095547318458557
Artery,baseline,1.53846153846154,0.016265463083982468
Artery,baseline,2.34375,0.9399619698524475
Artery,baseline,4.50450450450451,0.7698733806610107
Artery,baseline,3.2520325203252,0.8491407632827759
Artery,baseline,1.67597765363129,0.021590759977698326
Artery,baseline,7.10382513661202,0.05257754772901535
Artery,baseline,2.51572327044025,0.2670433223247528
Artery,baseline,2.13903743315508,0.029832394793629646
Artery,baseline,5.55555555555556,0.19605347514152527
Artery,baseline,2.96296296296296,0.726948618888855
Artery,baseline,12.280701754386,0.056715719401836395
Artery,baseline,3.07692307692308,0.001232162001542747
Artery,baseline,4.9645390070922,0.6760610342025757
Artery,baseline,8.65384615384615,0.7101166248321533
Artery,baseline,12.1495327102804,0.9403511881828308
Artery,baseline,13.7614678899083,0.22753773629665375
Artery,baseline,1.36054421768707,0.4752316176891327
Artery,baseline,1.31578947368421,0.011732192710042
Artery,baseline,9.63855421686747,0.010584811680018902
Artery,baseline,2.92397660818713,0.04531203955411911
Artery,baseline,5.98802395209581,0.12711523473262787
Artery,baseline,2.1978021978022,0.18511047959327698
Artery,baseline,7.93650793650794,0.11233702301979065
Artery,baseline,3.2258064516129,0.138133242726326
Artery,baseline,10.0,0.05896590277552605
Artery,baseline,10.7317073170732,0.11592508107423782
Artery,baseline,3.5024154589372,0.8564448356628418
Artery,baseline,3.84204909284952,0.8838385343551636
Artery,baseline,1.05596620908131,0.8627216815948486
Artery,baseline,1.61637931034483,0.8757597208023071
Artery,baseline,3.12174817898023,0.8945320844650269
Artery,baseline,2.00210748155954,0.8351843357086182
Artery,baseline,3.55839416058394,0.9151955246925354
Artery,baseline,3.84254920337395,0.849831759929657
Artery,baseline,4.92107706592386,0.9459049105644226
Artery,baseline,1.36986301369863,0.8735555410385132
Artery,baseline,1.47329650092081,0.8235018849372864
Artery,baseline,4.27493713327745,0.9191396236419678
Artery,baseline,6.28667225481978,0.9390243887901306
Artery,baseline,11.8629908103592,0.9681665897369385
Artery,baseline,3.76647834274953,0.9149953722953796
Artery,baseline,1.55189136760427,0.9301990866661072
Artery,baseline,7.3109243697479,0.9114947319030762
Artery,baseline,1.07066381156317,0.895629346370697
Artery,baseline,1.53061224489796,0.9184423685073853
Artery,baseline,11.7647058823529,0.4310288727283478
Artery,baseline,1.8018018018018,0.44556817412376404
Artery,baseline,5.21739130434783,0.8845636248588562
Artery,baseline,4.87804878048781,0.3943178653717041
Artery,baseline,2.63157894736842,0.28243276476860046
Artery,baseline,10.8956366420005,0.8648827075958252
Artery,baseline,3.87650085763293,0.0953189879655838
Artery,baseline,2.91852452371301,0.019852742552757263
Artery,baseline,1.04123281965848,0.009836611337959766
Artery,baseline,2.0501138952164,0.05268070846796036
Artery,baseline,4.97910863509749,0.18513798713684082
Artery,baseline,8.88359428182437,0.2506292462348938
Artery,baseline,2.43067442656624,0.08031269162893295
Artery,baseline,3.51370344342937,0.2963622510433197
Artery,baseline,7.46998666073811,0.3747921586036682
Artery,baseline,14.1339001062699,0.13195344805717468
Artery,baseline,9.22787193973635,0.43363139033317566
Artery,baseline,11.8103448275862,0.18209359049797058
Artery,baseline,2.79898218829517,0.442316472530365
Artery,baseline,1.07323232323232,0.16743436455726624
Artery,baseline,2.11970074812968,0.09798138588666916
Artery,baseline,14.5123384253819,0.3299103081226349
Artery,baseline,3.07867730900798,0.7865873575210571
Artery,baseline,8.73511060692002,0.18893635272979736
Artery,baseline,9.56668542487338,0.21021690964698792
Artery,baseline,5.83864118895966,0.1902632713317871
Artery,baseline,3.42342342342342,0.2267693430185318
Artery,baseline,1.41223940820444,0.04297250136733055
Artery,baseline,2.45566166439291,0.3302975594997406
Artery,baseline,3.20699708454811,0.6925657987594604
Artery,baseline,1.80806675938804,0.9519652128219604
Artery,baseline,10.9067017082786,0.9165096879005432
Artery,baseline,3.0750307503075,0.37110430002212524
Artery,baseline,9.2896174863388,0.6763162016868591
Artery,baseline,10.958904109589,0.4162198603153229
Artery,baseline,7.43871513102282,0.7213482856750488
Artery,baseline,3.74617737003058,0.8302336931228638
Artery,baseline,8.02387267904509,0.9139053821563721
Artery,baseline,9.06380441264162,0.7830805778503418
Artery,baseline,7.67878077373974,0.10206031799316406
Artery,baseline,3.07757166947723,0.25723713636398315
Artery,baseline,2.02098717450447,0.7536970973014832
Artery,baseline,3.67941712204007,0.4599640965461731
Artery,baseline,2.75862068965517,0.7037584781646729
Artery,baseline,6.07982096232749,0.44909730553627014
Artery,baseline,2.56629597946963,0.008683753199875355
Artery,baseline,9.60570469798658,0.35104498267173767
Artery,baseline,14.4894026974952,0.6820539832115173
Artery,baseline,5.30451866404715,0.16170044243335724
Artery,baseline,6.58167803142603,0.17174942791461945
Artery,baseline,10.2334355104928,0.9148738980293274
Artery,baseline,4.65933036759541,0.9075087308883667
Artery,baseline,1.05748894443376,0.46143779158592224
Artery,baseline,4.48760884125921,0.7811298370361328
Artery,baseline,1.43333987826428,0.016682559624314308
Artery,baseline,1.9047619047619,0.20478741824626923
Artery,baseline,6.85805422647528,0.7661861777305603
Artery,baseline,8.83720930232558,0.16482603549957275
Artery,baseline,1.2962962962963,0.05549028143286705
Artery,baseline,1.10076206604572,0.1867741495370865
Artery,baseline,3.25581395348837,0.3663015067577362
Artery,baseline,5.60661764705882,0.7102261781692505
Artery,baseline,4.19501133786848,0.7509387731552124
Artery,baseline,11.0072689511942,0.4243203401565552
Artery,baseline,4.99139414802065,0.8694767951965332
Artery,baseline,2.25498699045967,0.5832304954528809
Artery,baseline,2.86144578313253,0.2640102803707123
Artery,baseline,4.5489006823351,0.31570926308631897
Artery,baseline,14.9216300940439,0.8848512768745422
Artery,baseline,1.41025641025641,0.3635444939136505
Artery,baseline,3.24207492795389,0.40789592266082764
Artery,baseline,1.9203413940256,0.6709810495376587
Artery,baseline,4.17185554171856,0.3261842727661133
Artery,baseline,1.61697827185447,0.2997110188007355
Artery,baseline,1.55988857938719,0.15115533769130707
Artery,baseline,3.87426900584795,0.8869122862815857
Artery,baseline,2.13815789473684,0.7694424986839294
Artery,baseline,3.397341211226,0.6135805249214172
Artery,baseline,1.15416323165705,0.7462266087532043
Artery,baseline,7.95360397680199,0.9631134271621704
Artery,baseline,1.56636438582028,0.09883997589349747
Artery,baseline,14.4736842105263,0.950035810470581
Artery,baseline,5.39798719121683,0.73065185546875
Artery,baseline,4.59183673469388,0.9805018305778503
Artery,baseline,4.63510848126233,0.9612429738044739
Artery,baseline,11.9180633147114,0.9561662673950195
Artery,baseline,6.98974836905871,0.8649240136146545
Artery,baseline,3.59778597785978,0.45997166633605957
Artery,baseline,2.08540218470705,0.31750813126564026
Artery,baseline,1.5625,0.3112446367740631
Artery,baseline,3.78323108384458,0.9089667797088623
Artery,baseline,12.1875,0.8700323104858398
Artery,baseline,12.406015037594,0.7580538988113403
Artery,baseline,6.62420382165605,0.9642031788825989
Artery,baseline,9.69976905311778,0.38202527165412903
Artery,baseline,5.48523206751055,0.12729886174201965
Artery,baseline,1.83727034120735,0.10502443462610245
Artery,baseline,3.88841927303466,0.14747798442840576
Artery,baseline,7.30923694779117,0.4761960804462433
Artery,baseline,7.7992277992278,0.5775603652000427
Artery,baseline,1.19442601194426,0.04066487401723862
Artery,baseline,14.109232769831,0.649856448173523
Artery,baseline,2.64290104486786,0.7263643741607666
Artery,baseline,11.9077306733167,0.39134737849235535
Artery,baseline,2.23752151462995,0.5119776725769043
Artery,baseline,2.82186948853616,0.7079616785049438
Artery,baseline,9.22384701912261,0.6880485415458679
Artery,baseline,1.2779552715655,0.622417688369751
Artery,baseline,7.03781512605042,0.8715578317642212
Artery,baseline,1.49253731343284,0.3207731246948242
Artery,baseline,1.28968253968254,0.5313044190406799
Artery,baseline,1.53985507246377,0.6951391100883484
Artery,baseline,4.47080291970803,0.746589183807373
Artery,baseline,1.76125244618395,0.12926624715328217
Artery,baseline,11.6331096196868,0.9338690638542175
Artery,baseline,2.28013029315961,0.7766891717910767
Artery,baseline,3.32355816226784,0.9084388613700867
Artery,baseline,1.9588638589618,0.8535209894180298
Artery,baseline,12.40234375,0.7770912051200867
Artery,baseline,2.23123732251521,0.5148979425430298
Artery,baseline,1.03286384976526,0.6908844113349915
Artery,baseline,4.94186046511628,0.028995580971240997
Artery,baseline,2.03045685279188,0.09740214049816132
Artery,baseline,4.78564307078764,0.2759536802768707
Artery,baseline,1.68539325842697,0.45075082778930664
Artery,baseline,6.0461416070008,0.4327353537082672
Artery,baseline,2.82776349614396,0.5748568773269653
Artery,baseline,4.41696113074205,0.7353320717811584
Artery,baseline,7.81853281853282,0.6290217041969299
Artery,baseline,12.9391602399314,0.8534409999847412
Artery,baseline,2.8324154209284,0.361120343208313
Artery,baseline,1.50375939849624,0.2689409852027893
Artery,baseline,1.18343195266272,0.0446033850312233
Artery,baseline,9.57886044591247,0.004226663615554571
Artery,baseline,1.76991150442478,0.7487760782241821
Artery,baseline,6.09002647837599,0.14450562000274658
Artery,baseline,1.96078431372549,0.01933932490646839
Artery,baseline,4.68292682926829,0.656883180141449
Artery,baseline,9.65174129353234,0.7549827694892883
Artery,baseline,1.21334681496461,0.3755335807800293
Artery,baseline,1.48075024679171,0.2727295756340027
Artery,baseline,1.48957298907646,0.32800909876823425
Artery,baseline,1.74418604651163,0.12742678821086884
Artery,baseline,14.3976493633692,0.3533768951892853
Artery,baseline,4.4955044955045,0.2509772479534149
Artery,baseline,5.48780487804878,0.5823597311973572
Artery,baseline,6.23145400593472,0.5842522382736206
Artery,baseline,10.8818011257036,0.6097813844680786
Artery,baseline,3.07017543859649,0.04454415291547775
Artery,baseline,1.6025641025641,0.2822073698043823
Artery,baseline,4.33734939759036,0.6507205367088318
Artery,baseline,5.0561797752809,0.46205976605415344
Artery,baseline,5.34629404617254,0.6936556100845337
Artery,baseline,1.9790454016298,0.007242212537676096
Artery,baseline,4.75206611570248,0.6972350478172302
Artery,baseline,3.86740331491713,0.48442134261131287
Artery,baseline,8.00492610837438,0.1088026762008667
Artery,baseline,1.75978882534096,0.09976226091384888
Artery,baseline,9.34493815849748,0.7555450201034546
Artery,baseline,3.54885755955275,0.7065436840057373
Artery,baseline,7.41699008193187,0.6837487816810608
Artery,baseline,7.50347383047707,0.38280588388442993
Artery,baseline,5.13039760581445,0.40691080689430237
Artery,baseline,1.4807959278112,0.3395744860172272
Artery,baseline,14.9713782474681,0.3271808326244354
Artery,baseline,5.07853403141361,0.8960476517677307
Artery,baseline,5.49682875264271,0.18235807120800018
Artery,baseline,2.03442879499218,0.5822240114212036
Artery,baseline,3.30708661417323,0.6413251757621765
Artery,baseline,2.5626423690205,0.7420100569725037
Artery,baseline,2.29826353421859,0.8196872472763062
Artery,baseline,1.49742629854937,0.02680390141904354
Artery,baseline,7.27194492254733,0.4046054184436798
Artery,baseline,3.33333333333333,0.0038593008648604155
Artery,baseline,4.73217219848833,0.05384282022714615
Artery,baseline,4.75234270414993,0.02268647402524948
Artery,baseline,2.53217102532171,0.4715244770050049
Artery,baseline,13.1715771230503,0.03642455115914345
Artery,baseline,9.33970460469157,0.013440040871500969
Artery,baseline,1.52259332023576,0.4914276897907257
Artery,baseline,1.10943015632879,0.29770854115486145
Artery,baseline,2.97029702970297,0.2553965151309967
Artery,baseline,1.36226034308779,0.830787718296051
Artery,baseline,8.65822784810127,0.7330000996589661
Artery,baseline,8.37615621788284,0.7240544557571411
Artery,baseline,12.0634920634921,0.5898923873901367
Artery,baseline,1.1340206185567,0.010717484168708324
Artery,baseline,1.24688279301746,0.10857297480106354
Artery,baseline,1.14942528735632,0.01534461509436369
Artery,baseline,1.73102529960053,0.021794473752379417
Artery,baseline,10.4602510460251,0.09433343261480331
Artery,baseline,5.01721593703886,0.0257133599370718
Artery,baseline,1.26825518831668,0.014141933061182499
Artery,baseline,14.9065955013344,0.321052223443985
Artery,baseline,9.94297933000713,0.39521241188049316
Artery,baseline,6.35048231511254,0.06129578873515129
Artery,baseline,9.47002606429192,0.2775562107563019
Artery,baseline,5.44077134986226,0.5749692916870117
Artery,baseline,5.43175487465181,0.538619339466095
Artery,baseline,11.7604090577064,0.585250735282898
Artery,baseline,6.46964856230032,0.04351331293582916
Artery,baseline,2.23880597014925,0.15241286158561707
Artery,baseline,6.52920962199313,0.044719964265823364
Artery,baseline,4.4559585492228,0.05100071057677269
Artery,baseline,3.40798442064265,0.21080078184604645
Artery,baseline,12.0909090909091,0.6541689038276672
Artery,baseline,1.04961832061069,0.052996497601270676
Artery,baseline,8.75,0.12932150065898895
Artery,baseline,1.30111524163569,0.19812975823879242
Artery,baseline,10.6856634016029,0.5786296129226685
Artery,baseline,5.49828178694158,0.33961954712867737
Artery,baseline,3.66361365528726,0.11148186028003693
Artery,baseline,2.98953662182362,0.012398086488246918
Artery,baseline,10.9422492401216,0.00776286143809557
Artery,baseline,1.96374622356495,0.006734995171427727
Artery,baseline,2.98273155416013,0.016618328168988228
Artery,baseline,6.04534005037783,0.3300056457519531
Artery,baseline,6.71256454388985,0.1491738110780716
Artery,baseline,7.05705705705706,0.7630388736724854
Artery,baseline,11.0709117221418,0.8882164359092712
Artery,baseline,1.38282387190684,0.7793784141540527
Artery,baseline,2.36220472440945,0.09106156975030899
Artery,baseline,1.64556962025316,0.3519078493118286
Artery,baseline,2.75862068965517,0.06263416260480881
Artery,baseline,1.82106096595408,0.015699028968811035
Artery,baseline,5.90476190476191,0.1365569680929184
Artery,baseline,13.9869281045752,0.10606586933135986
Artery,baseline,1.22484689413823,0.8345447182655334
Artery,baseline,6.03060306030603,0.9669637680053711
Artery,baseline,1.10294117647059,0.5061395168304443
Artery,baseline,1.84331797235023,0.936338484287262
Artery,baseline,2.90350128095645,0.7842901945114136
Artery,baseline,11.1287758346582,0.9637908339500427
Artery,baseline,11.4285714285714,0.8920473456382751
Artery,baseline,5.80580580580581,0.6824684143066406
Artery,baseline,2.74111675126904,0.24556964635849
Artery,baseline,2.47046186895811,0.03462402522563934
Artery,baseline,4.40985732814527,0.9295591115951538
Artery,baseline,5.0,0.8475490212440491
Artery,baseline,5.05050505050505,0.921223521232605
Artery,baseline,11.4642451759364,0.9802113771438599
Artery,baseline,3.61726954492415,0.26996222138404846
Artery,baseline,2.05338809034908,0.6370718479156494
Artery,baseline,4.51552210724365,0.8562555313110352
Artery,baseline,3.7940379403794,0.6424338221549988
Artery,baseline,1.77777777777778,0.5961303114891052
Artery,baseline,1.19825708061002,0.06750890612602234
Artery,baseline,6.53846153846154,0.6971993446350098
Artery,baseline,3.42130987292278,0.4217069447040558
Artery,baseline,7.11775043936731,0.7975815534591675
Artery,baseline,4.00763358778626,0.6773268580436707
Artery,baseline,11.3451086956522,0.5156919360160828
Artery,baseline,5.43559195830231,0.803505003452301
Artery,baseline,12.0793269230769,0.8351120948791504
Artery,baseline,1.93487494100991,0.8176104426383972
Artery,baseline,4.36851211072664,0.7096579074859619
Artery,baseline,3.28282828282828,0.6448431611061096
Artery,baseline,1.05764145954521,0.9195330739021301
Artery,baseline,6.48484848484848,0.06901389360427856
Artery,baseline,2.28690228690229,0.08473353832960129
Artery,baseline,1.17801047120419,0.7888524532318115
Artery,baseline,6.34146341463415,0.43104615807533264
Artery,baseline,2.42611380679312,0.10619280487298965
Artery,baseline,1.32,0.39681053161621094
Artery,baseline,3.16011235955056,0.624258279800415
Artery,baseline,2.06971677559913,0.4395512044429779
Artery,baseline,1.86150409530901,0.6654980182647705
Artery,baseline,4.60590334090172,0.5873103141784668
Artery,baseline,1.95460277427491,0.5392243266105652
Artery,baseline,4.88758553274682,0.561678946018219
Artery,baseline,14.4697720515362,0.6191494464874268
Artery,baseline,6.07752956636005,0.7164390087127686
Artery,baseline,5.97156398104265,0.921666145324707
Artery,baseline,5.28072837632777,0.44615399837493896
Artery,baseline,3.59922178988327,0.6308166980743408
Artery,baseline,1.48416886543536,0.8526009917259216
Artery,baseline,1.61194029850746,0.1418120115995407
Artery,baseline,2.85714285714286,0.3301689326763153
Artery,baseline,13.0245048674052,0.8257764577865601
Artery,baseline,1.55910079767948,0.31946107745170593
Artery,baseline,1.0482180293501,0.9299378991127014
Artery,baseline,4.58854759196056,0.9749594926834106
Artery,baseline,3.52802822422579,0.4450158178806305
Artery,baseline,2.37334550433592,0.11477890610694885
Artery,baseline,9.24956369982548,0.1307915598154068
Artery,baseline,1.36645962732919,0.14738070964813232
Artery,baseline,10.4788341429563,0.5849644541740417
Artery,baseline,2.2439585730725,0.017065461724996567
Artery,baseline,1.78010471204189,0.08176624774932861
Artery,baseline,2.01324503311258,0.1610742211341858
Artery,baseline,1.0264979708761,0.5298861265182495
Artery,baseline,3.26721120186698,0.31272393465042114
Artery,baseline,2.99329501915709,0.4659056067466736
Artery,baseline,6.61157024793388,0.3844204545021057
Artery,baseline,9.95850622406639,0.0627022385597229
Artery,baseline,10.0877192982456,0.6839532256126404
Artery,baseline,9.95475113122172,0.7502126097679138
Artery,baseline,14.5539906103286,0.4988866150379181
Artery,baseline,3.58974358974359,0.6443361043930054
Artery,baseline,2.07253886010363,0.17029793560504913
Artery,baseline,5.91133004926108,0.6986263990402222
Artery,baseline,1.79372197309417,0.2374403029680252
Artery,baseline,11.8380062305296,0.7922294735908508
Artery,baseline,9.6875,0.4519208073616028
Artery,baseline,9.96784565916399,0.22219052910804749
Artery,baseline,10.0,0.6772928237915039
Artery,baseline,13.5646687697161,0.7163687348365784
Artery,baseline,5.45454545454545,0.5802142024040222
Artery,baseline,6.83229813664596,0.3756644129753113
Artery,baseline,4.28134556574924,0.2626422345638275
Artery,baseline,7.20720720720721,0.20541438460350037
Artery,baseline,11.3432835820896,0.21059226989746094
Artery,baseline,7.64705882352941,0.24142536520957947
Artery,baseline,6.99088145896657,0.2071799337863922
Artery,baseline,1.13314447592068,0.10607606172561646
Artery,baseline,3.40909090909091,0.1389068216085434
Artery,baseline,3.19767441860465,0.17800438404083252
Artery,baseline,2.44565217391304,0.21313625574111938
Artery,baseline,1.38888888888889,0.0850709080696106
Artery,baseline,8.91891891891892,0.33502480387687683
Artery,baseline,6.52173913043478,0.8449883460998535
Artery,baseline,14.2857142857143,0.930930495262146
Artery,baseline,3.94736842105263,0.4699794054031372
Artery,baseline,10.9215017064846,0.8419526219367981
Artery,baseline,1.37931034482759,0.5586382746696472
Artery,baseline,1.74825174825175,0.7379326224327087
Artery,baseline,1.03448275862069,0.18856292963027954
Artery,baseline,1.68067226890756,0.7270088791847229
Artery,baseline,6.50406504065041,0.9354639053344727
Artery,baseline,1.34680134680135,0.5598052740097046
Artery,baseline,3.41880341880342,0.2575124502182007
Artery,baseline,4.8526863084922,0.5988061428070068
Artery,baseline,10.2097902097902,0.9203872084617615
Artery,baseline,9.21895006402049,0.5426453948020935
Artery,baseline,3.26721120186698,0.36754435300827026
Artery,baseline,8.70044052863436,0.5184229612350464
Artery,baseline,2.94117647058824,0.10503807663917542
Artery,baseline,2.5668449197861,0.42692089080810547
Artery,baseline,3.62537764350453,0.10104553401470184
Artery,baseline,10.0917431192661,0.5468988418579102
Artery,baseline,10.515247108307,0.5751709342002869
Artery,baseline,7.36842105263158,0.48101183772087097
Artery,baseline,2.41343126967471,0.012376584112644196
Artery,baseline,2.5503355704698,0.7985445857048035
Artery,baseline,8.17160367722165,0.43118050694465637
Artery,baseline,5.62599049128368,0.8585222363471985
Artery,baseline,4.03817914831131,0.8693162798881531
Artery,baseline,2.11706102117061,0.8850668668746948
Artery,baseline,5.20195838433293,0.9870855212211609
Artery,baseline,1.01201771030993,0.8389155268669128
Artery,baseline,4.31913617276545,0.9090034365653992
Artery,baseline,13.8535031847134,0.9840407371520996
Artery,baseline,7.67590618336887,0.9660087823867798
Artery,baseline,11.5191146881288,0.8990507125854492
Artery,baseline,5.73372206025267,0.7715321183204651
Artery,baseline,7.21703011422638,0.9815142750740051
Artery,baseline,4.85115766262404,0.9753482937812805
Artery,baseline,9.68144909431605,0.9832032918930054
Artery,baseline,7.55326016785023,0.7402806878089905
Artery,baseline,8.54760250173732,0.8273963928222656
Artery,baseline,1.18824265165729,0.7907944321632385
Artery,baseline,8.35201793721973,0.9745163917541504
Artery,baseline,2.93999194522755,0.92701655626297
Artery,baseline,9.62460063897764,0.950057327747345
Artery,baseline,14.8298816568047,0.8406942486763
Artery,baseline,6.75490643541762,0.4638441205024719
Artery,baseline,6.62650602409639,0.5847603678703308
Artery,baseline,9.55882352941176,0.779728353023529
Artery,baseline,5.3030303030303,0.5227677226066589
Artery,baseline,6.71641791044776,0.055844131857156754
Artery,baseline,12.1951219512195,0.7417116761207581
Artery,baseline,4.91803278688525,0.2662208080291748
Artery,baseline,2.7027027027027,0.4274790585041046
Artery,baseline,11.2068965517241,0.812235414981842
Artery,baseline,2.58620689655172,0.37325355410575867
Artery,baseline,9.34579439252336,0.7617520093917847
Artery,baseline,10.4166666666667,0.9015610218048096
Artery,baseline,1.97368421052632,0.07376209646463394
Artery,baseline,10.0,0.03768227621912956
Artery,baseline,4.27350427350427,0.6188918948173523
Artery,baseline,2.65486725663717,0.5349541306495667
Artery,baseline,5.30973451327434,0.4002886116504669
Artery,baseline,13.2231404958678,0.7674914002418518
Artery,baseline,7.03125,0.36025869846343994
Artery,baseline,1.88679245283019,0.05143725872039795
Artery,baseline,5.61797752808989,0.5681226849555969
Artery,baseline,2.68817204301075,0.3584645986557007
Artery,baseline,1.71821305841924,0.1154014840722084
Artery,baseline,1.00671140939597,0.7391505837440491
Artery,baseline,2.93453724604966,0.7354766130447388
Artery,baseline,14.8051948051948,0.95119708776474
Artery,baseline,2.4390243902439,0.5987879037857056
Artery,baseline,1.11111111111111,0.02459319494664669
Artery,baseline,1.41176470588235,0.07428930699825287
Artery,baseline,2.4,0.13455189764499664
Artery,baseline,2.04081632653061,0.9243031740188599
Artery,baseline,5.55555555555556,0.6292663216590881
Artery,baseline,7.4235807860262,0.5749273300170898
Artery,baseline,9.1324200913242,0.5384167432785034
Artery,baseline,7.60233918128655,0.3831121623516083
Artery,baseline,3.38164251207729,0.7891113758087158
Artery,baseline,11.6504854368932,0.8420539498329163
Artery,baseline,9.85221674876847,0.8451653122901917
Artery,baseline,8.25688073394495,0.1993226706981659
Artery,baseline,1.38888888888889,0.06149929389357567
Artery,baseline,6.52173913043478,0.3120425343513489
Artery,baseline,13.3333333333333,0.7445995807647705
Artery,baseline,7.79220779220779,0.8224889636039734
Artery,baseline,5.45454545454545,0.6042778491973877
Artery,baseline,8.21917808219178,0.33897578716278076
Artery,baseline,12.5,0.4588782489299774
Artery,baseline,12.0,0.6914154887199402
Artery,baseline,2.3121387283237,0.5704942941665649
Artery,baseline,4.04624277456647,0.6980101466178894
Artery,baseline,8.08080808080808,0.7178982496261597
Artery,baseline,1.48514851485149,0.3859097361564636
Artery,baseline,2.31481481481482,0.37647566199302673
Artery,baseline,2.23214285714286,0.6381199955940247
Artery,baseline,8.58585858585859,0.5533424019813538
Artery,baseline,7.10900473933649,0.8374025225639343
Artery,baseline,11.6504854368932,0.9671303033828735
Artery,baseline,9.14285714285714,0.9503042101860046
Artery,baseline,4.3010752688172,0.8711715340614319
Artery,baseline,4.46927374301676,0.9485015869140625
Artery,baseline,3.24324324324324,0.9582659006118774
Artery,baseline,14.0776699029126,0.9259758591651917
Artery,baseline,13.8888888888889,0.9386147856712341
Artery,baseline,2.29357798165138,0.7449405789375305
Artery,baseline,14.0845070422535,0.7909972667694092
Artery,baseline,9.85915492957746,0.750839352607727
Artery,baseline,7.03517587939699,0.9294852614402771
Artery,baseline,7.80487804878049,0.3071801960468292
Artery,baseline,3.27868852459016,0.40865519642829895
Artery,baseline,1.79372197309417,0.891492486000061
Artery,baseline,2.8436018957346,0.14552348852157593
Artery,baseline,6.70731707317073,0.12297163158655167
Artery,baseline,1.21951219512195,0.03026340715587139
Artery,baseline,4.97237569060774,0.8224497437477112
Artery,baseline,3.51758793969849,0.37906163930892944
Artery,baseline,4.32692307692308,0.6689289212226868
Artery,baseline,5.42168674698795,0.1626659780740738
Artery,baseline,1.12994350282486,0.6206730008125305
Artery,baseline,1.05263157894737,0.7234619855880737
Artery,baseline,1.96078431372549,0.8720858097076416
Artery,baseline,3.0,0.21394677460193634
Artery,baseline,3.05064063453325,0.4446605145931244
Artery,baseline,10.9445277361319,0.9428730010986328
Artery,baseline,9.60307298335467,0.9432904124259949
Artery,baseline,8.98876404494382,0.947356641292572
Artery,baseline,2.85714285714286,0.9048919677734375
Artery,baseline,3.71069182389937,0.7499485611915588
Artery,baseline,3.125,0.9362767338752747
Artery,baseline,1.32340777502068,0.9050699472427368
Artery,baseline,3.30788804071247,0.9774486422538757
Artery,baseline,2.91353383458647,0.7999603152275085
Artery,baseline,3.50877192982456,0.9381095170974731
Artery,baseline,4.93962678375412,0.9603488445281982
Artery,baseline,2.330743618202,0.9383780360221863
Artery,baseline,2.20264317180617,0.9161614775657654
Artery,baseline,3.55450236966825,0.8841545581817627
Artery,baseline,3.34261838440111,0.8982474207878113
Artery,baseline,1.5668202764977,0.8593735098838806
Artery,baseline,7.25126475548061,0.9234721660614014
Artery,baseline,12.509419743783,0.9571784138679504
Artery,baseline,10.1978691019787,0.9697529077529907
Artery,baseline,1.14251352976548,0.7663367986679077
Artery,baseline,2.40811153358682,0.9338747262954712
Artery,baseline,1.80226570545829,0.9261611104011536
Artery,baseline,6.99065420560748,0.9171992540359497
Artery,baseline,1.30499627143922,0.29378825426101685
Artery,baseline,10.1505210343497,0.9266518950462341
Artery,baseline,13.4172661870504,0.9408015608787537
Artery,baseline,2.25241329996425,0.41680821776390076
Artery,baseline,3.84204909284952,0.6277408599853516
Artery,baseline,2.40179116629351,0.8684263825416565
Artery,baseline,9.46650621740874,0.8271058201789856
Artery,baseline,1.73036698992204,0.513908326625824
Artery,baseline,1.23689727463312,0.626439094543457
Artery,baseline,12.7654715688513,0.8640317916870117
Artery,baseline,5.52512502976899,0.9012590050697327
Artery,baseline,3.98240333410512,0.5673112273216248
Artery,baseline,12.16,0.9656620621681213
Artery,baseline,11.2668315471283,0.946549117565155
Artery,baseline,2.21774193548387,0.4135150611400604
Artery,baseline,6.08940513903555,0.7543185353279114
Artery,baseline,1.92622950819672,0.4242701232433319
Artery,baseline,7.9778156996587,0.9728153347969055
Artery,baseline,14.9624765478424,0.9740846753120422
Artery,baseline,3.52348993288591,0.9534695744514465
Artery,baseline,4.25652667423383,0.9385560154914856
Artery,baseline,6.03795284646349,0.9525961875915527
Artery,baseline,2.47268545140886,0.8190609812736511
Artery,baseline,3.3256880733945,0.8618583679199219
Artery,baseline,3.11958405545927,0.8443444967269897
Artery,baseline,7.26010101010101,0.9623070955276489
Artery,baseline,1.77045177045177,0.9148035049438477
Artery,baseline,3.89776357827476,0.8859390020370483
Artery,baseline,6.02649006622517,0.8641063570976257
Artery,baseline,10.6780982073266,0.9657888412475586
Artery,baseline,11.8382352941176,0.9434100985527039
Artery,baseline,3.79834254143646,0.26176717877388
Artery,baseline,1.81912681912682,0.4719601273536682
Artery,baseline,10.459062943682,0.8059126734733582
Artery,baseline,4.47035957240039,0.14401520788669586
Artery,baseline,9.41176470588235,0.8505322933197021
Artery,baseline,4.4651782739087,0.20567964017391205
Artery,baseline,7.0088587806149,0.8359411358833313
Artery,baseline,8.82912252105406,0.7810863256454468
Artery,baseline,1.58686730506156,0.7362600564956665
Artery,baseline,3.8488291212613,0.072695791721344
Artery,baseline,6.51233232366941,0.8672828674316406
Artery,baseline,1.25568304827885,0.7205959558486938
Artery,baseline,11.9343610144207,0.6589947938919067
Artery,baseline,3.49049231570722,0.5257396101951599
Artery,baseline,1.18845500848896,0.013185083866119385
Artery,baseline,2.10798021079802,0.015601125545799732
Artery,baseline,1.29980822501598,0.010825646109879017
Artery,baseline,1.05734038226922,0.010950736701488495
Artery,baseline,1.8705985915493,0.06846964359283447
Artery,baseline,14.9122807017544,0.3381679952144623
Artery,baseline,5.69105691056911,0.6842319965362549
Artery,baseline,12.874251497006,0.26968422532081604
Artery,baseline,4.47761194029851,0.06338963657617569
Artery,baseline,5.3639846743295,0.5249647498130798
Artery,baseline,10.8333333333333,0.8598389029502869
Artery,baseline,5.35714285714286,0.7559552192687988
Artery,baseline,1.51515151515152,0.1071646586060524
Artery,baseline,7.9646017699115,0.7792600393295288
Artery,baseline,2.13675213675214,0.04653953015804291
Artery,baseline,2.95660948536831,0.7581163048744202
Artery,baseline,2.54854368932039,0.7499319314956665
Artery,baseline,2.5518341307815,0.9000088572502136
Artery,baseline,7.48898678414097,0.8780210614204407
Artery,baseline,1.99498404012768,0.7571492791175842
Artery,baseline,1.4281112423494,0.2635327875614166
Artery,baseline,1.59809183064997,0.8243016004562378
Artery,baseline,2.58709899965505,0.5867332220077515
Artery,baseline,1.4902521179953,0.6250272393226624
Artery,baseline,1.2192664248287,0.632253110408783
Artery,baseline,1.57000961230375,0.7485543489456177
Artery,baseline,7.92623111634295,0.611617386341095
Artery,baseline,1.29344280733326,0.4074714779853821
Artery,baseline,1.12184827279796,0.18190984427928925
Artery,baseline,1.63287522111852,0.10999161005020142
Artery,baseline,6.20040349697377,0.1443248838186264
Artery,baseline,1.01223112610713,0.007249900139868259
Artery,baseline,2.84971989932614,0.00011483981506898999
Artery,baseline,1.58415841584158,0.2382049709558487
Artery,baseline,4.00890868596882,0.6950685977935791
Artery,baseline,4.60048426150121,0.8241095542907715
Artery,baseline,6.71296296296296,0.6562834978103638
Artery,baseline,5.76208178438662,0.3408675193786621
Artery,baseline,4.73457675753228,0.9265015721321106
Artery,baseline,2.80146163215591,0.2259582281112671
Artery,baseline,11.3989637305699,0.8184483647346497
Artery,baseline,10.2695763799743,0.32329633831977844
Artery,baseline,8.04020100502513,0.008848822675645351
Artery,baseline,5.5,0.9177895188331604
Artery,baseline,6.35359116022099,0.7182354927062988
Artery,baseline,5.32623169107856,0.3976931571960449
Artery,baseline,9.77443609022556,0.9260258674621582
Artery,baseline,4.31328036322361,0.24822714924812317
Artery,baseline,3.63790186125212,0.6407690644264221
Artery,baseline,2.56637168141593,0.06905944645404816
Artery,baseline,1.8850987432675,0.8520373106002808
Artery,baseline,2.67314702308627,0.057469576597213745
Artery,baseline,1.1986301369863,0.2273903638124466
Artery,baseline,1.94174757281553,0.7805980443954468
Artery,baseline,3.09951060358891,0.5270000696182251
Artery,baseline,2.25442834138486,0.44949910044670105
Artery,baseline,2.75080906148867,0.48354920744895935
Artery,baseline,6.84039087947883,0.554579496383667
Artery,baseline,5.09554140127389,0.38280993700027466
Artery,baseline,11.892797319933,0.3833407163619995
Artery,baseline,13.5678391959799,0.48113399744033813
Artery,baseline,2.85714285714286,0.5157390236854553
Artery,baseline,1.93050193050193,0.5215705037117004
Artery,baseline,12.2093023255814,0.8849650025367737
Artery,baseline,1.34680134680135,0.16344362497329712
Artery,baseline,9.0032154340836,0.6133617758750916
Artery,baseline,7.04918032786885,0.5621926188468933
Artery,baseline,4.53857791225416,0.31115567684173584
Artery,baseline,3.29041487839771,0.5522573590278625
Artery,baseline,4.05405405405405,0.12372563779354095
Artery,baseline,2.24299065420561,0.4731996953487396
Artery,baseline,3.51526364477336,0.10402198135852814
Artery,baseline,2.81576830249397,0.5044066905975342
Artery,baseline,8.60046911649726,0.6808828115463257
Artery,baseline,1.46931719965428,0.9808221459388733
Artery,baseline,2.80701754385965,0.12334204465150833
Artery,baseline,14.179796107507,0.9151768684387207
Artery,baseline,5.0547598989048,0.03412427753210068
Artery,baseline,4.22535211267606,0.8923893570899963
Artery,baseline,3.62537764350453,0.5547914505004883
Artery,baseline,1.66083916083916,0.5192564725875854
Artery,baseline,1.67844522968198,0.7544241547584534
Artery,baseline,1.65505226480836,0.2845243811607361
Artery,baseline,2.53393665158371,0.8960462212562561
Artery,baseline,4.95726495726496,0.9921310544013977
Artery,baseline,1.20378331900258,0.9765672087669373
Artery,baseline,7.26124704025257,0.6308323740959167
Artery,baseline,7.46753246753247,0.4561774432659149
Artery,baseline,1.01960784313725,0.09296620637178421
Artery,baseline,3.671875,0.14211304485797882
Artery,baseline,1.75298804780877,0.009368587285280228
Artery,baseline,7.18462823725982,0.041931942105293274
Artery,baseline,3.07346326836582,0.0743744969367981
Artery,baseline,2.78884462151394,0.8366894125938416
Artery,baseline,8.34224598930481,0.9018034338951111
Artery,baseline,7.97244094488189,0.8702085614204407
Artery,baseline,1.93370165745856,0.21335330605506897
Artery,baseline,9.45709281961471,0.9226088523864746
Artery,baseline,5.45454545454545,0.715446412563324
Artery,baseline,2.84090909090909,0.8908896446228027
Artery,baseline,6.57407407407407,0.7713744044303894
Artery,baseline,12.9846708746619,0.7930172681808472
Artery,baseline,6.90633869441817,0.7776675224304199
Artery,baseline,1.77570093457944,0.7716365456581116
Artery,baseline,13.2804757185332,0.3223104476928711
Artery,baseline,9.02255639097744,0.5393361449241638
Artery,baseline,11.25,0.8548492789268494
Artery,baseline,14.8635936030103,0.8949572443962097
Artery,baseline,5.90191188694929,0.5257413983345032
Artery,baseline,5.32445923460899,0.21175721287727356
Artery,baseline,3.2,0.6950118541717529
Artery,baseline,1.9884009942005,0.8384751677513123
Artery,baseline,3.20945945945946,0.7418405413627625
Artery,baseline,4.91659350307287,0.664681077003479
Artery,baseline,12.8547579298831,0.8171248435974121
Artery,baseline,13.8023152270703,0.1630103588104248
Artery,baseline,4.5589692765114,0.1745329350233078
Artery,baseline,5.20833333333333,0.7767430543899536
Artery,baseline,6.28778718258767,0.8119438290596008
Artery,baseline,2.15343203230148,0.720378577709198
Artery,baseline,3.47448425624321,0.590396523475647
Artery,baseline,2.89687137891078,0.11072268337011337
Artery,baseline,9.56632653061224,0.799685537815094
Artery,baseline,4.05405405405405,0.17869779467582703
Artery,baseline,10.5795148247978,0.735670804977417
Artery,baseline,5.35415504740658,0.29879167675971985
Artery,baseline,1.09763142692085,0.4025622308254242
Artery,baseline,3.35536349771225,0.5658077597618103
Artery,baseline,1.76336746302617,0.3403718173503876
Artery,baseline,12.6350789692436,0.9168534874916077
Artery,baseline,6.55412115193645,0.8912313580513
Artery,baseline,7.65765765765766,0.9539774656295776
Artery,baseline,13.0541871921182,0.8183268308639526
Artery,baseline,6.80803571428571,0.5428624749183655
Artery,baseline,3.76884422110553,0.6351744532585144
Artery,baseline,7.28971962616823,0.6749013662338257
Artery,baseline,4.70588235294118,0.10654597729444504
Artery,baseline,3.74015748031496,0.5747348666191101
Artery,baseline,2.42587601078167,0.11527664959430695
Artery,baseline,3.42612419700214,0.9228096008300781
Artery,baseline,5.90631364562118,0.5279415249824524
Artery,baseline,1.11607142857143,0.18932078778743744
Artery,baseline,14.6726862302483,0.941838264465332
Artery,baseline,2.44498777506113,0.9091653823852539
Artery,baseline,1.13378684807256,0.7760743498802185
Artery,baseline,1.59817351598174,0.8589326739311218
Artery,baseline,1.59817351598174,0.7017218470573425
Artery,baseline,10.6132075471698,0.9497451782226562
Artery,baseline,4.47427293064877,0.8166149258613586
Artery,baseline,3.18181818181818,0.8199109435081482
Artery,baseline,1.64319248826291,0.7834196090698242
Artery,baseline,13.3640552995392,0.9671390056610107
Artery,baseline,1.33333333333333,0.4891577959060669
Artery,baseline,1.63170163170163,0.33454886078834534
Artery,baseline,5.17241379310345,0.9876356720924377
Artery,baseline,4.25,0.9758349657058716
Artery,baseline,12.9198966408269,0.9384588003158569
Artery,baseline,1.49253731343284,0.12589770555496216
Artery,baseline,7.59878419452888,0.12491428852081299
Artery,baseline,9.72222222222222,0.960446298122406
Artery,baseline,11.8243243243243,0.3082925081253052
Artery,baseline,12.6934984520124,0.9488096237182617
Artery,baseline,2.14723926380368,0.1154097318649292
Artery,baseline,2.34604105571848,0.8830604553222656
Artery,baseline,7.08215297450425,0.7978782057762146
Artery,baseline,14.3250688705234,0.8261141777038574
Artery,baseline,5.86319218241042,0.7564192414283752
Artery,baseline,6.20689655172414,0.8234784007072449
Artery,baseline,2.38095238095238,0.8773884177207947
Artery,baseline,3.04878048780488,0.8413453102111816
Artery,baseline,13.4587554269175,0.5883880853652954
Artery,baseline,1.68776371308017,0.3511967062950134
Artery,baseline,1.11028867505551,0.19816277921199799
Artery,baseline,1.14942528735632,0.1739371120929718
Artery,baseline,2.08333333333333,0.2671476900577545
Artery,baseline,3.80794701986755,0.8617737293243408
Artery,baseline,2.0497803806735,0.5769941210746765
Artery,baseline,9.44992947813822,0.8070788383483887
Artery,baseline,3.96039603960396,0.6763597726821899
Artery,baseline,13.7573964497041,0.8793806433677673
Artery,baseline,6.69856459330144,0.8890140652656555
Artery,baseline,13.5371179039301,0.6068225502967834
Artery,baseline,8.71143375680581,0.590242862701416
Artery,baseline,10.0178890876565,0.8375844955444336
Artery,baseline,4.77707006369427,0.8533857464790344
Artery,baseline,3.14465408805031,0.9270392060279846
Artery,baseline,3.76766091051805,0.12327056378126144
Artery,baseline,6.54205607476636,0.8575862050056458
Artery,baseline,4.03543307086614,0.5541731119155884
Artery,baseline,12.3552123552124,0.403528094291687
Artery,baseline,2.45514636449481,0.46341609954833984
Artery,baseline,4.92462311557789,0.7384987473487854
Artery,baseline,1.3360739979445,0.10508159548044205
Artery,baseline,5.72390572390572,0.8402864336967468
Artery,baseline,13.7285491419657,0.7681121230125427
Artery,baseline,1.21951219512195,0.022739464417099953
Artery,baseline,1.95439739413681,0.08730899542570114
Artery,baseline,2.58152173913043,0.06651496142148972
Artery,baseline,4.15162454873646,0.2738095223903656
Artery,baseline,7.95262267343486,0.2155446857213974
Artery,baseline,8.08080808080808,0.23439529538154602
Artery,baseline,1.19047619047619,0.23347845673561096
Artery,baseline,13.3779264214047,0.18443463742733002
Artery,baseline,14.4246353322528,0.8922107219696045
Artery,baseline,1.68970814132104,0.4010809361934662
Artery,baseline,3.52220520673813,0.18807387351989746
Artery,baseline,3.86398763523957,0.28706198930740356
Artery,baseline,4.49251247920133,0.04794497787952423
Artery,baseline,5.79029733959311,0.1515534669160843
Artery,baseline,9.83606557377049,0.845126748085022
Artery,baseline,9.6234309623431,0.8683964610099792
Artery,baseline,7.44466800804829,0.6216707825660706
Artery,baseline,2.56410256410256,0.7022550702095032
Artery,baseline,2.35756385068762,0.6960754990577698
Artery,baseline,10.1796407185629,0.9153270125389099
Artery,baseline,2.98210735586481,0.7245047092437744
Artery,baseline,3.69609856262834,0.5944059491157532
Artery,baseline,7.72442588726514,0.7603291273117065
Artery,baseline,7.43099787685775,0.7102910280227661
Artery,baseline,4.0983606557377,0.1265479177236557
Artery,baseline,1.38504155124654,0.38166841864585876
Artery,baseline,4.59016393442623,0.03182866796851158
Artery,baseline,8.18181818181818,0.59157395362854
Artery,baseline,9.52380952380952,0.48788732290267944
Artery,baseline,1.56657963446475,0.06123638525605202
Artery,baseline,12.9533678756477,0.94050532579422
Artery,baseline,5.54272517321016,0.644786536693573
Artery,baseline,11.7505995203837,0.6676208972930908
Artery,baseline,5.56745182012848,0.7942777276039124
Artery,baseline,1.01522842639594,0.20644161105155945
Artery,baseline,1.931330472103,0.6095705032348633
Artery,baseline,1.40562248995984,0.2747407853603363
Artery,baseline,1.96671709531014,0.20771490037441254
Artery,baseline,1.52671755725191,0.18920984864234924
Artery,baseline,2.73141122913505,0.17305327951908112
Artery,baseline,2.57966616084977,0.15733006596565247
Artery,baseline,2.29007633587786,0.1427745372056961
Artery,baseline,1.82370820668693,0.11355786770582199
Artery,baseline,1.0752688172043,0.10053638368844986
Artery,baseline,1.27041742286751,0.05766165256500244
Artery,baseline,6.45933014354067,0.06347882002592087
Artery,baseline,3.34128878281623,0.04566437751054764
Artery,baseline,6.38297872340426,0.7472696304321289
Artery,baseline,4.4392523364486,0.038101743906736374
Artery,baseline,1.93704600484262,0.6108502745628357
Artery,baseline,2.22222222222222,0.6523793339729309
Artery,baseline,9.67078189300411,0.20140033960342407
Artery,baseline,1.4344262295082,0.09326357394456863
Artery,baseline,12.5,0.7839314341545105
Artery,baseline,3.55731225296443,0.8307951092720032
Artery,baseline,7.76942355889724,0.882310152053833
Artery,baseline,14.4278606965174,0.8814073204994202
Artery,baseline,1.26262626262626,0.8228352069854736
Artery,baseline,11.2903225806452,0.9248932600021362
Artery,baseline,13.8888888888889,0.8096371293067932
Artery,baseline,3.42679127725857,0.13067618012428284
Artery,baseline,8.79396984924623,0.6662936806678772
Artery,baseline,1.33333333333333,0.1535748690366745
Artery,baseline,1.81451612903226,0.03291599825024605
Artery,baseline,4.66531440162272,0.2137945294380188
Artery,baseline,1.09489051094891,0.303900808095932
Artery,baseline,8.43373493975904,0.6253134608268738
Artery,baseline,2.12765957446809,0.34464532136917114
Artery,baseline,1.25786163522013,0.3487759530544281
Artery,baseline,7.11462450592885,0.7913389205932617
Artery,baseline,3.87931034482759,0.2783218324184418
Artery,baseline,1.74825174825175,0.11530141532421112
Artery,baseline,3.90070921985816,0.014307108707726002
Artery,baseline,4.43037974683544,0.32821911573410034
Artery,baseline,4.40251572327044,0.4415323734283447
Artery,baseline,8.41423948220065,0.8874948024749756
Artery,baseline,10.2739726027397,0.8236826062202454
Artery,baseline,1.26903553299492,0.16436505317687988
Artery,baseline,5.09090909090909,0.7564275860786438
Artery,baseline,4.56026058631922,0.7224292755126953
Artery,baseline,6.73076923076923,0.7608186602592468
Artery,baseline,1.31233595800525,0.36904290318489075
Artery,baseline,2.23880597014925,0.7447141408920288
Artery,baseline,1.55038759689923,0.3429841697216034
Artery,baseline,5.01672240802676,0.7922424674034119
Artery,baseline,7.33333333333333,0.6606951951980591
Artery,baseline,6.48464163822526,0.20685909688472748
Artery,baseline,1.80505415162455,0.025867823511362076
Artery,baseline,4.13223140495868,0.13868169486522675
Artery,baseline,1.20967741935484,0.005878005642443895
Artery,baseline,6.81818181818182,0.15582823753356934
Artery,baseline,1.94986072423398,0.14745454490184784
Artery,baseline,3.43007915567282,0.2406470626592636
Artery,baseline,3.78378378378378,0.3191234767436981
Artery,baseline,3.63636363636364,0.20892725884914398
Artery,baseline,2.7027027027027,0.7305463552474976
Artery,baseline,3.33333333333333,0.10152314603328705
Artery,baseline,3.6036036036036,0.35463860630989075
Artery,baseline,1.86046511627907,0.096590556204319
Artery,baseline,4.95049504950495,0.009202215820550919
Artery,baseline,5.79710144927536,0.35437315702438354
Artery,baseline,6.72645739910314,0.25607407093048096
Artery,baseline,2.72727272727273,0.3643788993358612
Artery,baseline,2.60416666666667,0.40410491824150085
Artery,baseline,13.8613861386139,0.37501946091651917
Artery,baseline,3.46534653465347,0.3858048915863037
Artery,baseline,7.53768844221106,0.4150106906890869
Artery,baseline,1.12359550561798,0.5494664907455444
Artery,baseline,5.0,0.44882574677467346
Artery,baseline,6.52173913043478,0.6170055270195007
Artery,baseline,1.20481927710843,0.9104922413825989
Artery,baseline,8.69565217391304,0.8454613089561462
Artery,baseline,3.63636363636364,0.6926844716072083
Artery,baseline,2.85714285714286,0.0016591594321653247
Artery,baseline,3.92156862745098,0.0014215166447684169
Artery,baseline,1.41509433962264,0.0002063522260868922
Artery,baseline,1.46341463414634,0.0005129243363626301
Artery,baseline,3.50877192982456,0.6553701162338257
Artery,baseline,4.58715596330275,0.8853825330734253
Artery,baseline,6.25,0.9014600515365601
Artery,baseline,6.77966101694915,0.5656223893165588
Artery,baseline,12.5,0.723324179649353
Artery,baseline,5.88235294117647,0.9275584816932678
Artery,baseline,2.15827338129496,0.9286456108093262
Artery,baseline,5.96026490066225,0.9783353209495544
Artery,baseline,8.22784810126582,0.8378705978393555
Artery,baseline,10.4294478527607,0.9466283917427063
Artery,baseline,9.14634146341463,0.9775897860527039
Artery,baseline,12.0481927710843,0.8942462801933289
Artery,baseline,2.51572327044025,0.8828927874565125
Artery,baseline,3.6231884057971,0.7725966572761536
Artery,baseline,4.9645390070922,0.6003839373588562
Artery,baseline,1.38888888888889,0.5478211641311646
Artery,baseline,7.63888888888889,0.8021198511123657
Artery,baseline,4.375,0.33556219935417175
Artery,baseline,3.06748466257669,0.5172757506370544
Artery,baseline,6.80272108843537,0.9178670048713684
Artery,baseline,6.875,0.1094650849699974
Artery,baseline,7.38916256157636,0.7668520212173462
Artery,baseline,4.89130434782609,0.8273130059242249
Artery,baseline,2.3696682464455,0.7506226897239685
Artery,baseline,2.23214285714286,0.9153899550437927
Artery,baseline,2.11864406779661,0.31779760122299194
Artery,baseline,2.89855072463768,0.30738386511802673
Artery,baseline,1.47058823529412,0.8589411377906799
Artery,baseline,5.26315789473684,0.914273738861084
Artery,baseline,1.85185185185185,0.9910593628883362
Artery,baseline,2.47933884297521,0.8432165384292603
Artery,baseline,2.82663316582915,0.7493682503700256
Artery,baseline,2.42550242550243,0.02095305733382702
Artery,baseline,8.97348742352141,0.8684428930282593
Artery,baseline,2.68456375838926,0.03063298761844635
Artery,baseline,14.9190710767065,0.7682432532310486
Artery,baseline,7.23065798987708,0.8125936388969421
Artery,baseline,9.56618464961068,0.8845317363739014
Artery,baseline,10.8827085852479,0.46507108211517334
Artery,baseline,2.34857849196539,0.5177589058876038
Artery,baseline,3.28083989501312,0.6682681441307068
Artery,baseline,1.51515151515152,0.2864500880241394
Artery,baseline,8.82723833543506,0.47978460788726807
Artery,baseline,3.72596153846154,0.4819461405277252
Artery,baseline,5.38116591928251,0.9361996054649353
Artery,baseline,14.1783029001074,0.9725229740142822
Artery,baseline,6.42424242424242,0.9865692853927612
Artery,baseline,3.75647668393782,0.17220136523246765
Artery,baseline,2.53929866989117,0.015506049618124962
Artery,baseline,7.78280542986425,0.7985647320747375
Artery,baseline,1.25293657008614,0.16613827645778656
Artery,baseline,1.52671755725191,0.04395893216133118
Artery,baseline,8.89730241362991,0.6950403451919556
Artery,baseline,3.4219001610306,0.017729338258504868
Artery,baseline,6.17283950617284,0.7935476899147034
Artery,baseline,1.5990159901599,0.12617459893226624
Artery,baseline,6.29391995111519,0.010960130020976067
Artery,baseline,10.6696935300795,0.3670910596847534
Artery,baseline,1.09551523450873,0.07192208617925644
Artery,baseline,2.65107212475634,0.7765095233917236
Artery,baseline,5.25531121878494,0.7790569067001343
Artery,baseline,1.91846522781775,0.2468636929988861
Artery,baseline,1.62771285475793,0.7417736649513245
Artery,baseline,11.9258322798146,0.6129872798919678
Artery,baseline,1.68453292496172,0.8655745983123779
Artery,baseline,1.66487647690655,0.22864463925361633
Artery,baseline,2.58519388954172,0.8679772019386292
Artery,baseline,12.0057512580877,0.721461832523346
Artery,baseline,14.10998552822,0.8547965288162231
Artery,baseline,13.3001422475107,0.7961266040802002
Artery,baseline,9.88175675675676,0.7489418387413025
Artery,baseline,1.73010380622837,0.7280194163322449
Artery,baseline,3.09187279151944,0.9143235087394714
Artery,baseline,1.05448154657293,0.869463324546814
Artery,baseline,5.71192052980133,0.9380431771278381
Artery,baseline,6.87382297551789,0.9526829719543457
Artery,baseline,1.715438950555,0.8304292559623718
Artery,baseline,13.9685476410731,0.9457745552062988
Artery,baseline,3.03200449185851,0.825437068939209
Artery,baseline,7.42705570291777,0.10557357966899872
Artery,baseline,3.33677330581355,0.10819714516401291
Artery,baseline,9.93788819875776,0.6838906407356262
Artery,baseline,4.90605427974948,0.8431075215339661
Artery,baseline,6.36868244230207,0.856376588344574
Artery,baseline,5.94859948021946,0.1839689165353775
Artery,baseline,2.43179122182681,0.7730603218078613
Artery,baseline,1.14777618364419,0.5687636137008667
Artery,baseline,9.73451327433628,0.6044871807098389
Artery,baseline,14.2381902860945,0.9393482208251953
Artery,baseline,1.71184022824536,0.6544578671455383
Artery,baseline,6.47795318454001,0.5262871384620667
Artery,baseline,1.2630014858841,0.19090256094932556
Artery,baseline,7.69230769230769,0.5107461810112
Artery,baseline,3.09187279151944,0.2655760645866394
Artery,baseline,3.45149253731343,0.054956503212451935
Artery,baseline,10.9144542772861,0.7892364263534546
Artery,baseline,8.01186943620178,0.9717552065849304
Artery,baseline,8.68596881959911,0.9356750249862671
Artery,baseline,7.25995316159251,0.9778347611427307
Artery,baseline,8.61678004535147,0.9682392477989197
Artery,baseline,9.6551724137931,0.8971971869468689
Artery,baseline,2.84237726098191,0.44681769609451294
Artery,baseline,1.4367816091954,0.34641119837760925
Artery,baseline,1.90930787589499,0.6466609835624695
Artery,baseline,5.83700440528634,0.3271664083003998
Artery,baseline,5.819592628516,0.01196136325597763
Artery,baseline,8.05729632945389,0.4510975480079651
Artery,baseline,1.93929173693086,0.45854923129081726
Artery,baseline,1.6,0.6097662448883057
Artery,baseline,9.61538461538461,0.3903432786464691
Artery,baseline,3.37837837837838,0.24858516454696655
Artery,baseline,2.64900662251656,0.8178152441978455
Artery,baseline,4.93273542600897,0.7680567502975464
Artery,baseline,1.77777777777778,0.4494039714336395
Artery,baseline,7.59493670886076,0.7922242283821106
Artery,baseline,2.98507462686567,0.0761382132768631
Artery,baseline,6.49350649350649,0.31569382548332214
Artery,baseline,12.6506024096386,0.5457901358604431
Artery,baseline,2.39520958083832,0.6886142492294312
Artery,baseline,14.5695364238411,0.5038689374923706
Artery,baseline,4.51127819548872,0.3313753604888916
Artery,baseline,6.2992125984252,0.8520321846008301
Artery,baseline,14.4144144144144,0.11190292984247208
Artery,baseline,1.27388535031847,0.3647186756134033
Artery,baseline,3.125,0.4787970185279846
Artery,baseline,3.03030303030303,0.09330619126558304
Artery,baseline,6.66666666666667,0.3155686855316162
Artery,baseline,8.19672131147541,0.11252584308385849
Artery,baseline,2.56410256410256,0.6002864241600037
Artery,baseline,1.97044334975369,0.4237740933895111
Artery,baseline,1.68539325842697,0.49126413464546204
Artery,baseline,3.125,0.34526196122169495
Artery,baseline,5.20231213872832,0.6884835362434387
Artery,baseline,4.92957746478873,0.03698493540287018
Artery,baseline,1.6,0.7411803007125854
Artery,baseline,7.92079207920792,0.8752198815345764
Artery,baseline,13.9130434782609,0.8957495093345642
Artery,baseline,7.43801652892562,0.6810418963432312
Artery,baseline,4.51127819548872,0.8095499277114868
Artery,baseline,2.29007633587786,0.7629070281982422
Artery,baseline,5.07246376811594,0.5712649822235107
Artery,baseline,12.3188405797101,0.7664281129837036
Artery,baseline,14.2857142857143,0.7906090021133423
Artery,baseline,12.0300751879699,0.8718786835670471
Artery,baseline,4.54545454545455,0.8541854023933411
Artery,baseline,8.3969465648855,0.6431705951690674
Artery,baseline,11.5384615384615,0.9545214176177979
Artery,baseline,4.61538461538462,0.16878116130828857
Artery,baseline,1.5625,0.7903031706809998
Artery,baseline,2.4,0.13426876068115234
Artery,baseline,3.44827586206897,0.08550898730754852
Artery,baseline,3.96825396825397,0.16301409900188446
Artery,baseline,10.6382978723404,0.8784438371658325
Artery,baseline,1.21212121212121,0.3539160192012787
Artery,baseline,3.68098159509202,0.87486332654953
Artery,baseline,2.24719101123596,0.3285213112831116
Artery,baseline,1.17647058823529,0.08554043620824814
Artery,baseline,3.42857142857143,0.0018158114980906248
Artery,baseline,7.01754385964912,0.9095701575279236
Artery,baseline,10.1694915254237,0.39072999358177185
Artery,baseline,2.23463687150838,0.22086657583713531
Artery,baseline,4.06976744186047,0.32946398854255676
Artery,baseline,9.75609756097561,0.018987804651260376
Artery,baseline,12.5,0.1072966605424881
Artery,baseline,1.6,0.0010522892698645592
Artery,baseline,7.2,0.16513435542583466
Artery,baseline,8.10810810810811,0.23042719066143036
Artery,baseline,1.53846153846154,0.0019845443312078714
Artery,baseline,2.73972602739726,0.01582273468375206
Artery,baseline,1.36054421768707,0.005687478929758072
Artery,baseline,7.35785953177258,0.6122636198997498
Artery,baseline,10.5633802816901,0.816620409488678
Artery,baseline,3.17919075144509,0.7309699654579163
Artery,baseline,1.23152709359606,0.23505012691020966
Artery,baseline,11.0859728506787,0.9611351490020752
Artery,baseline,1.79775280898876,0.9020395874977112
Artery,baseline,5.1440329218107,0.8935936689376831
Artery,baseline,4.02542372881356,0.8745983839035034
Artery,baseline,3.47222222222222,0.8998803496360779
Artery,baseline,2.96803652968037,0.9120752811431885
Artery,baseline,2.22222222222222,0.6039275527000427
Artery,baseline,4.78359908883827,0.8934004902839661
Artery,baseline,1.08459869848156,0.7496708035469055
Artery,baseline,12.0300751879699,0.8810616135597229
Artery,baseline,6.83111954459203,0.7310096621513367
Artery,baseline,9.17602996254682,0.8077096939086914
Artery,baseline,1.93798449612403,0.7643006443977356
Artery,baseline,5.72519083969466,0.8380629420280457
Artery,baseline,1.31578947368421,0.3091621398925781
Artery,baseline,1.19047619047619,0.8046456575393677
Artery,baseline,9.76645435244161,0.9619176983833313
Artery,baseline,1.25,0.25167208909988403
Artery,baseline,6.06060606060606,0.9114992618560791
Artery,baseline,3.00429184549356,0.7042884826660156
Artery,baseline,10.0515463917526,0.8762829899787903
Artery,baseline,10.7773851590106,0.7756878733634949
Artery,baseline,2.44328097731239,0.7063308954238892
Artery,baseline,2.41796200345423,0.8463341593742371
Artery,baseline,3.04789550072569,0.8025580644607544
Artery,baseline,6.52818991097923,0.89566570520401
Artery,baseline,8.72274143302181,0.9727219343185425
Artery,baseline,6.2111801242236,0.9614712595939636
Artery,baseline,3.53356890459364,0.9507773518562317
Artery,baseline,1.60642570281125,0.34425273537635803
Artery,baseline,6.30252100840336,0.8906711339950562
Artery,baseline,4.50450450450451,0.7527810335159302
Artery,baseline,3.33333333333333,0.7294100522994995
Artery,baseline,6.38297872340426,0.796975314617157
Artery,baseline,1.47783251231527,0.9758802652359009
Artery,baseline,6.95187165775401,0.9158949851989746
Artery,baseline,3.7037037037037,0.9918081164360046
Artery,baseline,1.59574468085106,0.9094523191452026
Artery,baseline,1.06951871657754,0.9478172063827515
Artery,baseline,1.52284263959391,0.8891286849975586
Artery,baseline,3.44827586206897,0.8926959037780762
Artery,baseline,1.76211453744493,0.7704234719276428
Artery,baseline,14.9532710280374,0.9391987919807434
Artery,baseline,2.9535864978903,0.8243321180343628
Artery,baseline,3.33333333333333,0.6838452219963074
Artery,baseline,4.78260869565217,0.660031259059906
Artery,baseline,5.62770562770563,0.6396090984344482
Artery,baseline,7.35930735930736,0.6404274106025696
Artery,baseline,2.20820189274448,0.5346186757087708
Artery,baseline,1.10294117647059,0.05534232035279274
Artery,baseline,11.9047619047619,0.8654261827468872
Artery,baseline,5.078125,0.18475686013698578
Artery,baseline,7.76119402985075,0.5983090996742249
Artery,baseline,14.4542772861357,0.8220170736312866
Artery,baseline,7.35785953177258,0.23563164472579956
Artery,baseline,3.11526479750779,0.4779341220855713
Artery,baseline,8.03858520900322,0.5439602136611938
Artery,baseline,2.48618784530387,0.4755770266056061
Artery,baseline,5.75342465753425,0.348663866519928
Artery,baseline,1.41467727674624,0.13853362202644348
Artery,baseline,14.0154772141015,0.7161148190498352
Artery,baseline,1.36116152450091,0.07892219722270966
Artery,baseline,5.98705501618123,0.4703812897205353
Artery,baseline,1.49812734082397,0.23385144770145416
Artery,baseline,6.46976090014065,0.7784684896469116
Artery,baseline,2.46913580246914,0.8869553208351135
Artery,baseline,12.1212121212121,0.9275322556495667
Artery,baseline,1.98321891685736,0.2604900300502777
Artery,baseline,12.5756556825824,0.9844937324523926
Artery,baseline,2.82152230971129,0.8946065902709961
Artery,baseline,6.9435833849969,0.8792864084243774
Artery,baseline,3.56919223544145,0.34580743312835693
Artery,baseline,1.8979057591623,0.896523118019104
Artery,baseline,1.06100795755968,0.3863507807254791
Artery,baseline,11.6764514024788,0.5082515478134155
Artery,baseline,6.35593220338983,0.8315597176551819
Artery,baseline,3.02076777847703,0.6866818070411682
Artery,baseline,1.7384731670446,0.013894517906010151
Artery,baseline,3.73654211526282,0.15425404906272888
Artery,baseline,7.27868852459016,0.7812869548797607
Artery,baseline,9.366391184573,0.8553749322891235
Artery,baseline,10.0753941055517,0.7582496404647827
Artery,baseline,2.0979020979021,0.0792945995926857
Artery,baseline,7.82190132370638,0.4605143666267395
Artery,baseline,6.33299284984678,0.04744211956858635
Artery,baseline,1.55440414507772,0.08683773130178452
Artery,baseline,1.47347740667976,0.9599166512489319
Artery,baseline,2.95119182746879,0.8944178223609924
Artery,baseline,4.0983606557377,0.7301608324050903
Artery,baseline,2.77777777777778,0.4089077413082123
Artery,baseline,1.57958687727825,0.0637325718998909
Artery,baseline,4.71567267683773,0.13095732033252716
Artery,baseline,6.87679083094556,0.7121955752372742
Artery,baseline,1.88405797101449,0.2187199592590332
Artery,baseline,1.01596516690856,0.3888612985610962
Artery,baseline,8.59060402684564,0.7273728847503662
Artery,baseline,3.2258064516129,0.7985208630561829
Artery,baseline,1.57593123209169,0.8098671436309814
Artery,baseline,1.35685210312076,0.16912955045700073
Artery,baseline,8.01001251564456,0.8445366621017456
Artery,baseline,3.96270396270396,0.7261383533477783
Artery,baseline,4.24028268551237,0.6017829179763794
Artery,baseline,1.17647058823529,0.5218666791915894
Artery,baseline,1.4336917562724,0.5361606478691101
Artery,baseline,1.18764845605701,0.5856392979621887
Artery,baseline,4.92957746478873,0.4071581959724426
Artery,baseline,1.52403282532239,0.5282627940177917
Artery,baseline,1.04166666666667,0.6642893552780151
Artery,baseline,1.79028132992327,0.1878526359796524
Artery,baseline,12.2783083219645,0.8655652403831482
Artery,baseline,1.50462962962963,0.7632138133049011
Artery,baseline,6.51340996168582,0.19015951454639435
Artery,baseline,1.46276595744681,0.6505638957023621
Artery,baseline,1.78571428571429,0.812822699546814
Artery,baseline,14.1943734015345,0.9706167578697205
Artery,baseline,8.94607843137255,0.6111841201782227
Artery,baseline,1.60427807486631,0.7161823511123657
Artery,baseline,3.98818316100443,0.7836904525756836
Artery,baseline,1.05105105105105,0.15225066244602203
Artery,baseline,9.41358024691358,0.4524451792240143
Artery,baseline,2.25442834138486,0.22405488789081573
Artery,baseline,1.20898100172712,0.6443883180618286
Artery,baseline,1.54639175257732,0.14753015339374542
Artery,baseline,1.84757505773672,0.628849446773529
Artery,baseline,2.76243093922652,0.8684259057044983
Artery,baseline,7.98898071625344,0.5056851506233215
Artery,baseline,14.4876325088339,0.9924686551094055
Artery,baseline,5.31914893617021,0.6740972399711609
Artery,baseline,2.2140221402214,0.8383657336235046
Artery,baseline,10.8333333333333,0.9637921452522278
Artery,baseline,8.61244019138756,0.9483723044395447
Artery,baseline,1.5,0.1545049250125885
Artery,baseline,9.31372549019608,0.7425183057785034
Artery,baseline,1.96078431372549,0.1551409363746643
Artery,baseline,2.2508038585209,0.05479634925723076
Artery,baseline,4.0,0.6938078999519348
Artery,baseline,3.08370044052863,0.1906408965587616
Artery,baseline,2.78884462151394,0.6739739179611206
Artery,baseline,8.33333333333333,0.9639556407928467
Artery,baseline,5.78034682080925,0.9647879004478455
Artery,baseline,12.5,0.9154853820800781
Artery,baseline,8.88888888888889,0.30028557777404785
Artery,baseline,1.34529147982063,0.7471946477890015
Artery,baseline,1.26262626262626,0.8451353311538696
Artery,baseline,4.58015267175573,0.8835931420326233
Artery,baseline,1.69133192389006,0.6077256202697754
Artery,baseline,2.2,0.29020753502845764
Artery,baseline,2.10727969348659,0.37998515367507935
Artery,baseline,1.00200400801603,0.3223319947719574
Artery,baseline,2.45499181669394,0.8414127826690674
Artery,baseline,6.66666666666667,0.21990874409675598
Artery,baseline,2.00803212851406,0.2545897662639618
Artery,baseline,3.18021201413428,0.8553423285484314
Artery,baseline,4.69798657718121,0.8439847826957703
Artery,baseline,4.77528089887641,0.9340934753417969
Artery,baseline,4.14364640883978,0.8363555669784546
Artery,baseline,2.75,0.8799306154251099
Artery,baseline,12.3318385650224,0.5121678709983826
Artery,baseline,1.95121951219512,0.7634583115577698
Artery,baseline,14.8514851485149,0.8188508152961731
Artery,baseline,3.43137254901961,0.9144514799118042
Artery,baseline,1.78117048346056,0.8531134128570557
Artery,baseline,9.0293453724605,0.8561373353004456
Artery,baseline,7.70925110132159,0.9017688035964966
Artery,baseline,6.53153153153153,0.9551582932472229
Artery,baseline,6.81265206812652,0.8501839637756348
Artery,baseline,1.51515151515152,0.6963735222816467
Artery,baseline,8.12641083521445,0.8564938902854919
Artery,baseline,3.41207349081365,0.2424824833869934
Artery,baseline,1.41176470588235,0.9274923205375671
Artery,baseline,2.54777070063694,0.8146796226501465
Artery,baseline,2.33463035019455,0.2081471085548401
Artery,baseline,2.51346499102334,0.19144593179225922
Artery,baseline,1.14068441064639,0.47072160243988037
Artery,baseline,1.76390773405699,0.4246961176395416
Artery,baseline,6.55509065550907,0.8426090478897095
Artery,baseline,11.9700748129676,0.9789386987686157
Artery,baseline,14.0151515151515,0.966339111328125
Artery,baseline,2.92620865139949,0.9395594000816345
Artery,baseline,2.57801899592944,0.8640161752700806
Artery,baseline,2.10035005834306,0.6030005216598511
Artery,baseline,1.40646976090014,0.31454652547836304
Artery,baseline,1.77111716621253,0.13228675723075867
Artery,baseline,7.20588235294118,0.2578296661376953
Artery,baseline,1.07361963190184,0.02972005307674408
Artery,baseline,2.4132730015083,0.9244972467422485
Artery,baseline,13.1578947368421,0.9767491817474365
Artery,baseline,11.5789473684211,0.9799342751502991
Artery,baseline,7.64525993883792,0.908998966217041
Artery,baseline,14.968152866242,0.9925304055213928
Artery,baseline,3.97456279809221,0.9687929749488831
Artery,baseline,7.19640179910045,0.9539589881896973
Artery,baseline,10.4011887072808,0.9642783999443054
Artery,baseline,3.125,0.8465688228607178
Artery,baseline,1.62481536189069,0.8899949193000793
Artery,baseline,2.65878877400295,0.8347346186637878
Artery,baseline,2.4024024024024,0.8811699151992798
Artery,baseline,2.39520958083832,0.8905927538871765
Artery,baseline,8.03858520900322,0.9784310460090637
Artery,baseline,13.0970724191063,0.9421898126602173
Artery,baseline,13.6217948717949,0.9949730634689331
Artery,baseline,2.96540362438221,0.9418904185295105
Artery,baseline,8.60719874804382,0.9258394241333008
Artery,baseline,9.93377483443709,0.8761577606201172
Artery,baseline,1.29449838187702,0.4526022970676422
Artery,baseline,2.94599018003273,0.9176877737045288
Artery,baseline,2.40384615384615,0.5292107462882996
Artery,baseline,8.89967637540453,0.7468670010566711
Artery,baseline,4.52173913043478,0.1228392943739891
Artery,baseline,6.93069306930693,0.8758789300918579
Artery,baseline,2.45775729646697,0.14651896059513092
Artery,baseline,1.60891089108911,0.830477774143219
Artery,baseline,7.3469387755102,0.7091728448867798
Artery,baseline,1.64917541229385,0.2291683554649353
Artery,baseline,7.68115942028986,0.5037031173706055
Artery,baseline,1.79445350734095,0.015567803755402565
Artery,baseline,1.84940554821664,0.17841370403766632
Artery,baseline,1.43790849673203,0.15999552607536316
Artery,baseline,3.12093628088427,0.13582657277584076
Artery,baseline,1.8018018018018,0.12817245721817017
Artery,baseline,3.06834030683403,0.16392835974693298
Artery,baseline,1.24610591900312,0.7605629563331604
Artery,baseline,2.94759825327511,0.8734135031700134
Artery,baseline,1.20481927710843,0.8993274569511414
Artery,baseline,4.10958904109589,0.8982630968093872
Artery,baseline,3.1936127744511,0.8281529545783997
Artery,baseline,2.03045685279188,0.8038952350616455
Artery,baseline,2.96774193548387,0.7936938405036926
Artery,baseline,1.12612612612613,0.7614321112632751
Artery,baseline,1.09622411693057,0.19020849466323853
Artery,baseline,1.34310134310134,0.6005335450172424
Artery,baseline,1.13475177304965,0.05720631778240204
Artery,baseline,1.74672489082969,0.16080275177955627
Artery,baseline,4.32,0.25992411375045776
Artery,baseline,3.74592833876222,0.042686931788921356
Artery,baseline,6.17886178861789,0.3281646966934204
Artery,baseline,11.3636363636364,0.9683571457862854
Artery,baseline,2.04918032786885,0.5812267661094666
Artery,baseline,7.77537796976242,0.9700863361358643
Artery,baseline,8.96860986547085,0.9676116108894348
Artery,baseline,13.8888888888889,0.9617828130722046
Artery,baseline,3.50877192982456,0.8248577117919922
Artery,baseline,5.27472527472528,0.859910786151886
Artery,baseline,2.27743271221532,0.1604594886302948
Artery,baseline,9.29752066115702,0.6253330707550049
Artery,baseline,4.1958041958042,0.15699687600135803
Artery,baseline,2.34113712374582,0.4031059741973877
Artery,baseline,4.48028673835125,0.04639742150902748
Artery,baseline,1.89003436426117,0.03419497609138489
Artery,baseline,12.34375,0.7954800128936768
Artery,baseline,1.56494522691706,0.8601792454719543
Artery,baseline,6.0126582278481,0.06795394420623779
Artery,baseline,2.30769230769231,0.6846096515655518
Artery,baseline,1.01180438448567,0.39205044507980347
Artery,baseline,6.6147859922179,0.4518597424030304
Artery,baseline,3.52422907488987,0.09443461894989014
Artery,baseline,13.4090909090909,0.0965774729847908
Artery,baseline,1.68595041322314,0.05253467708826065
Artery,baseline,4.26951300867245,0.02330651320517063
Artery,baseline,7.48299319727891,0.4647650718688965
Artery,baseline,1.37486573576799,0.9135395288467407
Artery,baseline,8.98581187598529,0.950115442276001
Artery,baseline,8.87662988966901,0.9160380363464355
Artery,baseline,4.1563055062167,0.8515660166740417
Artery,baseline,11.4691102571682,0.8950934410095215
Artery,baseline,1.73108845150581,0.8265702724456787
Artery,baseline,3.26446280991736,0.8606746792793274
Artery,baseline,3.54107648725213,0.8968379497528076
Artery,baseline,1.01307189542484,0.6925140023231506
Artery,baseline,3.30800886356442,0.6640092134475708
Artery,baseline,3.90910320573515,0.3691263198852539
Artery,baseline,8.85285125614781,0.5489019155502319
Artery,baseline,4.20779220779221,0.4629093408584595
Artery,baseline,10.2791196994096,0.7623810768127441
Artery,baseline,12.2455902306649,0.9024638533592224
Artery,baseline,1.55367231638418,0.15265169739723206
Artery,baseline,11.5757377763258,0.7710430026054382
Artery,baseline,2.84738041002278,0.3207125961780548
Artery,baseline,4.5085296506905,0.4332520067691803
Artery,baseline,2.62257696693273,0.5640285611152649
Artery,baseline,10.2320783909232,0.4929887652397156
Artery,baseline,2.01669877970456,0.8826138377189636
Artery,baseline,4.17177914110429,0.5208827257156372
Artery,baseline,12.3732251521298,0.8919990658760071
Artery,baseline,1.28348214285714,0.061085984110832214
Artery,baseline,11.219512195122,0.6234222054481506
Artery,baseline,6.99010959636461,0.861710786819458
Artery,baseline,1.2280701754386,0.965892493724823
Artery,baseline,6.94557270511779,0.9177210330963135
Artery,baseline,2.78131880866844,0.8578413128852844
Artery,baseline,13.8538761851645,0.7945433259010315
Artery,baseline,1.6747933008268,0.6457482576370239
Artery,baseline,9.87640818112217,0.9066791534423828
Artery,baseline,2.22173579949655,0.7591032385826111
Artery,baseline,1.24852536374361,0.8707038164138794
Artery,baseline,1.00502512562814,0.5144601464271545
Artery,baseline,7.16886377903327,0.9766106605529785
Artery,baseline,13.8833852250212,0.19807559251785278
Artery,baseline,6.89390449869492,0.6014040112495422
Artery,baseline,8.26188620420889,0.20876245200634003
Artery,baseline,1.49003538834047,0.12754496932029724
Artery,baseline,13.5800508259212,0.818047046661377
Artery,baseline,10.5950342465753,0.3083689510822296
Artery,baseline,6.9276393831554,0.17096254229545593
Artery,baseline,2.43313895033179,0.009068640880286694
Artery,baseline,2.18322791267088,0.5347135663032532
Artery,baseline,1.03923096908288,0.4564230442047119
Artery,baseline,1.22209165687427,0.0016670862678438425
Artery,baseline,1.04712041884817,0.08314421027898788
Artery,baseline,1.02538241721298,0.04401656612753868
Artery,baseline,1.22448979591837,0.06141083315014839
Artery,baseline,2.37613751263903,0.06126873940229416
Artery,baseline,2.90846877673225,0.06117219105362892
Artery,baseline,2.19893489091221,0.061550337821245193
Artery,baseline,1.03386809269162,0.06081903353333473
Artery,baseline,1.20724346076459,0.05743836611509323
Artery,baseline,3.98000384541434,0.08744817227125168
Artery,baseline,1.24259223857771,0.28671687841415405
Artery,baseline,2.31827111984283,0.3026111423969269
Artery,baseline,3.65355684504621,0.13515937328338623
Artery,baseline,6.68244719592134,0.6028949618339539
Artery,baseline,1.41921397379913,0.5236417055130005
Artery,baseline,14.1351888667992,0.7252490520477295
Artery,baseline,1.50209851999116,0.43606099486351013
Artery,baseline,1.52308424559733,0.32562965154647827
Artery,baseline,1.40845070422535,0.3140011131763458
Artery,baseline,7.86001147446931,0.3488537073135376
Artery,baseline,5.21370112155199,0.33504584431648254
Artery,baseline,1.00950118764846,0.13681365549564362
Artery,baseline,1.11970141295655,0.08377952873706818
Artery,baseline,1.06411279595637,0.15240807831287384
Artery,baseline,4.56486919380673,0.17561595141887665
Artery,baseline,4.79360852197071,0.2436283677816391
Artery,baseline,7.35570469798658,0.42739254236221313
Artery,baseline,3.44168260038241,0.7165056467056274
Artery,baseline,2.90846877673225,0.73151695728302
Artery,baseline,2.81481481481482,0.4763464629650116
Artery,baseline,1.35734072022161,0.6028213500976562
Artery,baseline,2.06740300198244,0.8333470225334167
Artery,baseline,2.38161950126086,0.3540235757827759
Artery,baseline,1.14135206321335,0.8041226863861084
Artery,baseline,8.62903225806452,0.23796065151691437
Artery,baseline,10.3658536585366,0.8628190159797668
Artery,baseline,1.28239380176329,0.511188805103302
Artery,baseline,2.34159779614325,0.44367164373397827
Artery,baseline,1.42045454545455,0.18080446124076843
Artery,baseline,1.48409893992933,0.21889829635620117
Artery,baseline,1.21807465618861,0.16443637013435364
Artery,baseline,10.6017191977077,0.03791717067360878
Artery,baseline,13.4259259259259,0.6463695764541626
Artery,baseline,1.10749185667752,0.6261922717094421
Artery,baseline,9.46745562130178,0.7575527429580688
Artery,baseline,1.92826841496336,0.5613742470741272
Artery,baseline,7.07269155206287,0.7826750874519348
Artery,baseline,14.8195464707761,0.6727555394172668
Artery,baseline,7.22694571615435,0.7101258039474487
Artery,baseline,5.67186905215074,0.7423616647720337
Artery,baseline,5.55555555555556,0.9085825085639954
Artery,baseline,2.58620689655172,0.5252450108528137
Artery,baseline,1.39828597203428,0.5025802850723267
Artery,baseline,4.17070805043647,0.7614704966545105
Artery,baseline,2.38558909444985,0.8408429026603699
Artery,baseline,1.18470651588584,0.4887487590312958
Artery,baseline,6.63764961915125,0.9268976449966431
Artery,baseline,4.45699937225361,0.7098992466926575
Artery,baseline,10.589519650655,0.2587059736251831
Artery,baseline,1.11959287531807,0.6826353073120117
Artery,baseline,2.20330495743615,0.6706755757331848
Artery,baseline,5.59440559440559,0.4858924150466919
Artery,baseline,2.00109649122807,0.3955262303352356
Artery,baseline,1.16341991341991,0.27773407101631165
Artery,baseline,2.33644859813084,0.6617587804794312
Artery,baseline,2.8436018957346,0.6625640392303467
Artery,baseline,2.04081632653061,0.06391838192939758
Artery,baseline,7.92079207920792,0.4748712480068207
Artery,baseline,11.4285714285714,0.8041459918022156
Artery,baseline,3.28638497652582,0.45920005440711975
Artery,baseline,6.79611650485437,0.6294888257980347
Artery,baseline,6.28571428571429,0.7066799998283386
Artery,baseline,6.18556701030928,0.16681316494941711
Artery,baseline,7.29166666666667,0.8431898951530457
Artery,baseline,4.3956043956044,0.6605760455131531
Artery,baseline,2.92682926829268,0.17776450514793396
Artery,baseline,6.66666666666667,0.7891372442245483
Artery,baseline,4.41988950276243,0.15772588551044464
Artery,baseline,3.125,0.35703927278518677
Artery,baseline,1.50753768844221,0.02805003896355629
Artery,baseline,3.84615384615385,0.08534271270036697
Artery,baseline,11.9617224880383,0.2822701334953308
Artery,baseline,11.2970711297071,0.7559853792190552
Artery,baseline,13.3928571428571,0.7900177836418152
Artery,baseline,3.50194552529183,0.039153583347797394
Artery,baseline,5.11627906976744,0.5323945879936218
Artery,baseline,7.38636363636364,0.4909375011920929
Artery,baseline,1.25,0.5191241502761841
Artery,baseline,3.92156862745098,0.7954420447349548
Artery,baseline,7.9646017699115,0.9671335816383362
Artery,baseline,1.88679245283019,0.6020951867103577
Artery,baseline,8.86075949367089,0.9295933842658997
Artery,baseline,1.82926829268293,0.2560906708240509
Artery,baseline,3.48837209302326,0.14941555261611938
Artery,baseline,4.89130434782609,0.8579866886138916
Artery,baseline,1.0752688172043,0.6446034908294678
Artery,baseline,4.34782608695652,0.7875186800956726
Artery,baseline,7.36842105263158,0.7402660250663757
Artery,baseline,4.03225806451613,0.570123553276062
Artery,baseline,4.87804878048781,0.3712531626224518
Artery,baseline,3.41880341880342,0.4307786226272583
Artery,baseline,3.55029585798817,0.5872033834457397
Artery,baseline,12.972972972973,0.49215883016586304
Artery,baseline,7.88177339901478,0.4200415313243866
Artery,baseline,2.71970773290035,0.44953012466430664
Artery,baseline,5.82504566673432,0.7036845684051514
Artery,baseline,5.2240390741134,0.7877978682518005
Artery,baseline,1.97074360016254,0.1671997457742691
Artery,baseline,5.05747126436782,0.13852985203266144
Artery,baseline,9.99056010069226,0.7896965742111206
Artery,baseline,10.0013663068725,0.6052181720733643
Artery,baseline,7.25806451612903,0.19580180943012238
Artery,baseline,13.617677286742,0.656190812587738
Artery,baseline,11.6120359838693,0.12578804790973663
Artery,baseline,3.22859613721534,0.6803202629089355
Artery,baseline,10.0088661215644,0.45477092266082764
Artery,baseline,5.90717299578059,0.5599202513694763
Artery,baseline,1.76019256807582,0.2500695288181305
Artery,baseline,4.39586271744241,0.01056785136461258
Artery,baseline,3.38633078670246,0.8429842591285706
Artery,baseline,1.31832797427653,0.29936593770980835
Artery,baseline,4.55419290686112,0.9316766858100891
Artery,baseline,2.60349288486417,0.91469407081604
Artery,baseline,1.07097066143751,0.7192606329917908
Artery,baseline,1.37953420433336,0.6377052068710327
Artery,baseline,1.7097442062379,0.28653421998023987
Artery,baseline,5.14135348492005,0.3328855335712433
Artery,baseline,6.12393842887474,0.12462906539440155
Artery,baseline,4.17974322396576,0.37049078941345215
Artery,baseline,6.03192428009946,0.04076838865876198
Artery,baseline,4.42394739089589,0.26321402192115784
Artery,baseline,2.8472532380527,0.3101405203342438
Artery,baseline,6.73066551612555,0.40111488103866577
Artery,baseline,3.46057795219408,0.060740746557712555
Artery,baseline,2.93837961201978,0.13261957466602325
Artery,baseline,1.19220968329086,0.08684282004833221
Artery,baseline,4.72562211234498,0.8146401047706604
Artery,baseline,8.46930193439865,0.7003609538078308
Artery,baseline,10.7324814165205,0.9000254273414612
Artery,baseline,3.11235605353252,0.025773607194423676
Artery,baseline,11.7555324521016,0.7164953351020813
Artery,baseline,1.50175529840073,0.5674388408660889
Artery,baseline,2.54538279400158,0.6998834013938904
Artery,baseline,2.66315095583388,0.3552086651325226
Artery,baseline,4.28902385573853,0.38435325026512146
Artery,baseline,1.13636363636364,0.6332120299339294
Artery,baseline,5.95611285266458,0.09151892364025116
Artery,baseline,10.1910828025478,0.4647979438304901
Artery,baseline,2.29508196721311,0.3674739599227905
Artery,baseline,3.690036900369,0.2565658986568451
Artery,baseline,3.37552742616034,0.3266795873641968
Artery,baseline,4.41767068273092,0.9169020056724548
Artery,baseline,2.02429149797571,0.6074098348617554
Artery,baseline,9.58333333333333,0.9641717076301575
Artery,baseline,2.89855072463768,0.9236571192741394
Artery,baseline,12.3893805309735,0.8801551461219788
Artery,baseline,3.57142857142857,0.5756921172142029
Artery,baseline,2.37154150197628,0.41467466950416565
Artery,baseline,1.6,0.3173181414604187
Artery,baseline,1.54440154440154,0.3123481571674347
Artery,baseline,5.44747081712062,0.34440770745277405
Artery,baseline,6.50406504065041,0.4117606580257416
Artery,baseline,1.30434782608696,0.1159140095114708
Artery,baseline,1.26582278481013,0.1843387633562088
Artery,baseline,14.4278606965174,0.6171512007713318
Artery,baseline,2.94117647058824,0.8438263535499573
Artery,baseline,9.48275862068965,0.22865690290927887
Artery,baseline,2.41935483870968,0.11132564395666122
Artery,baseline,2.98507462686567,0.1605803370475769
Artery,baseline,8.0,0.10128672420978546
Artery,baseline,13.7566137566138,0.126304492354393
Artery,baseline,6.40394088669951,0.7934424877166748
Artery,baseline,2.29885057471264,0.01217309944331646
Artery,baseline,14.0350877192982,0.4369342625141144
Artery,baseline,9.67741935483871,0.8949824571609497
Artery,baseline,2.41691842900302,0.12786412239074707
Artery,baseline,4.97076023391813,0.7439201474189758
Artery,baseline,8.66666666666667,0.24265402555465698
Artery,baseline,9.63855421686747,0.971558153629303
Artery,baseline,3.54330708661417,0.32907581329345703
Artery,baseline,10.6796116504854,0.3870403468608856
Artery,baseline,4.82456140350877,0.20579299330711365
Artery,baseline,6.9204152249135,0.8751893043518066
Artery,baseline,1.83823529411765,0.009768310934305191
Artery,baseline,4.375,0.8194400668144226
Artery,baseline,6.18556701030928,0.8072879910469055
Artery,baseline,2.66990291262136,0.9095420241355896
Artery,baseline,1.80878552971576,0.6186863780021667
Artery,baseline,13.8728323699422,0.979021430015564
Artery,baseline,1.96078431372549,0.9139598608016968
Artery,baseline,5.19877675840979,0.957643985748291
Artery,baseline,12.7478753541077,0.9569671154022217
Artery,baseline,9.3841642228739,0.6975204944610596
Artery,baseline,2.45398773006135,0.6409827470779419
Artery,baseline,4.81927710843374,0.7669363021850586
Artery,baseline,6.80473372781065,0.8259387612342834
Artery,baseline,8.0,0.753827691078186
Artery,baseline,2.1680216802168,0.7690496444702148
Artery,baseline,5.32212885154062,0.8299261331558228
Artery,baseline,6.96378830083565,0.8239887952804565
Artery,baseline,1.54320987654321,0.8202344179153442
Artery,baseline,3.91061452513967,0.4760061502456665
Artery,baseline,8.65921787709497,0.5973718762397766
Artery,baseline,1.8018018018018,0.47881439328193665
Artery,baseline,1.45772594752187,0.6435928344726562
Artery,baseline,11.5606936416185,0.8138687610626221
Artery,baseline,1.0183299389002,0.3433579206466675
Artery,baseline,5.96707818930041,0.8924028277397156
Artery,baseline,11.1340206185567,0.9401147365570068
Artery,baseline,11.6465863453815,0.939755380153656
Artery,baseline,3.67775831873905,0.8410969972610474
Artery,baseline,3.90070921985816,0.833286702632904
Artery,baseline,4.40251572327044,0.9816828966140747
Artery,baseline,9.62479608482871,0.9723668694496155
Artery,baseline,1.28205128205128,0.4843224883079529
Artery,baseline,3.23974082073434,0.3461625277996063
Artery,baseline,10.3578154425612,0.8823827505111694
Artery,baseline,2.2964509394572,0.7814527750015259
Artery,baseline,10.1449275362319,0.8048987984657288
Artery,baseline,2.51046025104603,0.37738803029060364
Artery,baseline,10.2409638554217,0.8188588619232178
Artery,baseline,1.18110236220472,0.2227533608675003
Artery,baseline,12.0388349514563,0.9158055186271667
Artery,baseline,5.25291828793774,0.8275448679924011
Artery,baseline,9.01803607214429,0.8256508708000183
Artery,baseline,1.60320641282565,0.8023095726966858
Artery,baseline,4.12573673870334,0.8613517880439758
Artery,baseline,5.09164969450102,0.3316156268119812
Artery,baseline,2.49520153550864,0.03671244904398918
Artery,baseline,1.69491525423729,0.40829676389694214
Artery,baseline,1.48975791433892,0.3988412618637085
Artery,baseline,6.92464358452139,0.4598543643951416
Artery,baseline,13.3056133056133,0.7223124504089355
Artery,baseline,6.91144708423326,0.6837426424026489
Artery,baseline,3.94088669950739,0.5915415287017822
Artery,baseline,2.15311004784689,0.860476016998291
Artery,baseline,3.08056872037915,0.9516562223434448
Artery,baseline,4.59770114942529,0.1724608838558197
Artery,baseline,2.19298245614035,0.9531470537185669
Artery,baseline,1.09170305676856,0.27000755071640015
Artery,baseline,10.5540897097625,0.587899923324585
Artery,baseline,8.3710407239819,0.47801756858825684
Artery,baseline,1.47058823529412,0.46572548151016235
Artery,baseline,1.03950103950104,0.0127290403470397
Artery,baseline,1.2,0.0075708539225161076
Artery,baseline,1.39720558882236,0.7744917273521423
Artery,baseline,1.34357005758157,0.15908126533031464
Artery,baseline,1.30353817504656,0.590853214263916
Artery,baseline,2.01612903225806,0.8498169779777527
Artery,baseline,1.70132325141777,0.14286138117313385
Artery,baseline,1.0,0.22708362340927124
Artery,baseline,2.0,0.23332954943180084
Artery,baseline,2.89855072463768,0.918408989906311
Artery,baseline,3.6231884057971,0.9748910665512085
Artery,baseline,4.7244094488189,0.9424476623535156
Artery,baseline,12.0567375886525,0.9571633338928223
Artery,baseline,4.25531914893617,0.8758975863456726
Artery,baseline,4.41176470588235,0.9637246131896973
Artery,baseline,1.43884892086331,0.14104120433330536
Artery,baseline,1.35135135135135,0.8487610220909119
Artery,baseline,14.4827586206897,0.9581096172332764
Artery,baseline,2.83687943262411,0.7146012187004089
Artery,baseline,9.6551724137931,0.8075758218765259
Artery,baseline,11.0236220472441,0.9787111878395081
Artery,baseline,10.5691056910569,0.8206887245178223
Artery,baseline,2.7027027027027,0.5403541922569275
Artery,baseline,2.0979020979021,0.4656793475151062
Artery,baseline,1.3986013986014,0.8605771064758301
Artery,baseline,5.59440559440559,0.7708508372306824
Artery,baseline,1.45985401459854,0.7360716462135315
Artery,baseline,5.3030303030303,0.9528778791427612
Artery,baseline,10.8527131782946,0.9690499305725098
Artery,baseline,7.74647887323944,0.9635941982269287
Artery,baseline,2.18698742482231,0.7442086338996887
Artery,baseline,3.82059800664452,0.6439396142959595
Artery,baseline,1.5025041736227,0.0788368433713913
Artery,baseline,1.04427736006683,0.18119540810585022
Artery,baseline,6.7208904109589,0.22903361916542053
Artery,baseline,2.23271790468012,0.1782660335302353
Artery,baseline,3.32039672272531,0.3614848554134369
Artery,baseline,3.48432055749129,0.15918314456939697
Artery,baseline,5.98006644518272,0.1229654848575592
Artery,baseline,2.33333333333333,0.23317109048366547
Artery,baseline,1.53231179213857,0.5820269584655762
Artery,baseline,7.20164609053498,0.5640761852264404
Artery,baseline,8.64995957962813,0.4527845084667206
Artery,baseline,2.64400377714825,0.12363201379776001
Artery,baseline,6.45962732919255,0.7188006043434143
Artery,baseline,3.55828220858896,0.5530439019203186
Artery,baseline,2.0460358056266,0.5705008506774902
Artery,baseline,12.0343839541547,0.6257341504096985
Artery,baseline,8.62944162436548,0.7190148830413818
Artery,baseline,3.003003003003,0.5068568587303162
Artery,baseline,2.44648318042813,0.5593799948692322
Artery,baseline,2.87878787878788,0.5440925359725952
Artery,baseline,9.70588235294118,0.7585413455963135
Artery,baseline,7.01943844492441,0.8662084937095642
Artery,baseline,4.97787610619469,0.8530369997024536
Artery,baseline,6.2111801242236,0.8934574127197266
Artery,baseline,4.61192350956131,0.08772726356983185
Artery,baseline,2.2673031026253,0.3988686501979828
Artery,baseline,12.1684867394696,0.07146678864955902
Artery,baseline,1.56985871271586,0.1557677686214447
Artery,baseline,7.5642965204236,0.3670564591884613
Artery,baseline,1.38648180242634,0.09461583942174911
Artery,baseline,4.89038785834739,0.631524920463562
Artery,baseline,2.74442538593482,0.30804145336151123
Artery,baseline,13.6363636363636,0.19371190667152405
Artery,baseline,2.12765957446809,0.4602823555469513
Artery,baseline,1.55038759689923,0.12201207131147385
Artery,baseline,3.77358490566038,0.18678607046604156
Artery,baseline,1.16959064327485,0.4312416911125183
Artery,baseline,3.26797385620915,0.6095054745674133
Artery,baseline,3.125,0.051297497004270554
Artery,baseline,5.46875,0.6841638684272766
Artery,baseline,2.87769784172662,0.9502488970756531
Artery,baseline,2.14285714285714,0.9738383889198303
Artery,baseline,1.29032258064516,0.5546550750732422
Artery,baseline,12.5,0.7057735919952393
Artery,baseline,12.3809523809524,0.29958298802375793
Artery,baseline,12.8440366972477,0.8619972467422485
Artery,baseline,1.66666666666667,0.27781352400779724
Artery,baseline,5.52486187845304,0.6685230135917664
Artery,baseline,14.2857142857143,0.9337315559387207
Artery,baseline,7.58293838862559,0.6509450078010559
Artery,baseline,10.6481481481481,0.4710861146450043
Artery,baseline,3.15315315315315,0.19060403108596802
Artery,baseline,1.4,0.13729098439216614
Artery,baseline,5.82726326742976,0.4913015365600586
Artery,baseline,11.0470701248799,0.7145547270774841
Artery,baseline,11.353711790393,0.49364569783210754
Artery,baseline,3.01768990634755,0.06773199141025543
Artery,baseline,4.96551724137931,0.41680771112442017
Artery,baseline,4.91573033707865,0.48452094197273254
Artery,baseline,6.31276901004304,0.42060422897338867
Artery,baseline,13.2667617689016,0.04390693083405495
Artery,baseline,3.01724137931035,0.3430992066860199
Artery,baseline,9.42760942760943,0.7456629276275635
Artery,baseline,7.28971962616823,0.49005576968193054
Artery,baseline,5.99647266313933,0.6996439695358276
Artery,baseline,1.06100795755968,0.14793510735034943
Artery,baseline,3.76044568245125,0.7595555186271667
Artery,baseline,1.64319248826291,0.7860510349273682
Artery,baseline,4.39024390243902,0.40737807750701904
Artery,baseline,1.86666666666667,0.2630775570869446
Artery,baseline,1.05263157894737,0.338948130607605
Artery,baseline,11.2975391498881,0.22026121616363525
Artery,baseline,1.99600798403194,0.5094167590141296
Artery,baseline,2.55905511811024,0.17177394032478333
Artery,baseline,1.86567164179104,0.07517848908901215
Artery,baseline,1.0738255033557,0.5671688914299011
Artery,baseline,2.01149425287356,0.3465330898761749
Artery,baseline,12.5827814569536,0.955349326133728
Artery,baseline,14.2581888246628,0.05905614048242569
Artery,baseline,7.64044943820225,0.8321754932403564
Artery,baseline,3.96600566572238,0.40307003259658813
Artery,baseline,4.76190476190476,0.6762796640396118
Artery,baseline,8.41346153846154,0.8824377059936523
Artery,baseline,7.06806282722513,0.8113206624984741
Artery,baseline,2.63157894736842,0.7929074764251709
Artery,baseline,6.98287220026351,0.7533966898918152
Artery,baseline,11.7728531855956,0.2454037219285965
Artery,baseline,4.28015564202335,0.7768245339393616
Artery,baseline,1.89054726368159,0.37632936239242554
Artery,baseline,6.98096101541251,0.6971383690834045
Artery,baseline,9.56447480785653,0.4170483946800232
Artery,baseline,1.12456747404844,0.1489233523607254
Artery,baseline,2.11267605633803,0.5059859156608582
Artery,baseline,9.97458703939009,0.5475366711616516
Artery,baseline,13.3428981348637,0.7419281005859375
Artery,baseline,2.01133144475921,0.8097308874130249
Artery,baseline,6.30323679727428,0.7938948273658752
Artery,baseline,1.03068634340595,0.7747547030448914
Artery,baseline,3.38983050847458,0.8120447397232056
Artery,baseline,12.8310771041789,0.9503510594367981
Artery,baseline,3.32892998678996,0.9294021129608154
Artery,baseline,2.28740581270183,0.9380417466163635
Artery,baseline,8.80281690140845,0.947645902633667
Artery,baseline,1.60194174757282,0.8993101119995117
Artery,baseline,1.25391849529781,0.7452540993690491
Artery,baseline,2.175,0.7376247644424438
Artery,baseline,12.1220230131121,0.9461247324943542
Artery,baseline,3.27437858508604,0.8730668425559998
Artery,baseline,2.28420293339745,0.8007945418357849
Artery,baseline,1.95417789757412,0.8457080721855164
Artery,baseline,8.44912595248767,0.9033169150352478
Artery,baseline,3.06748466257669,0.9116098284721375
Artery,baseline,1.89787618617262,0.9109100699424744
Artery,baseline,13.9086830298232,0.9284255504608154
Artery,baseline,3.20123520329388,0.8984341025352478
Artery,baseline,2.66099972281253,0.8452848196029663
Artery,baseline,6.00539183787301,0.9089637398719788
Artery,baseline,3.06733570734866,0.8960915803909302
Artery,baseline,1.99365286028155,0.9653795957565308
Artery,baseline,1.67034085128031,0.07320588827133179
Artery,baseline,7.42915496553485,0.6518446803092957
Artery,baseline,7.90315212425765,0.9730116724967957
Artery,baseline,9.74291796299329,0.9421212673187256
Artery,baseline,4.43222813949493,0.7764571905136108
Artery,baseline,5.18715561466844,0.864522397518158
Artery,baseline,4.58297132927889,0.9680024981498718
Artery,baseline,5.70307088432233,0.7302294969558716
Artery,baseline,6.32157581310124,0.9466878771781921
Artery,baseline,1.02731145076422,0.2806101441383362
Artery,baseline,4.8184191787325,0.9515088796615601
Artery,baseline,4.4023234484867,0.6414703726768494
Artery,baseline,9.83020554066131,0.8328620195388794
Artery,baseline,14.9262714414686,0.897357165813446
Artery,baseline,2.29676639468117,0.5675635933876038
Artery,baseline,4.77047704770477,0.5834035873413086
Artery,baseline,5.69469290399523,0.633773148059845
Artery,baseline,10.5629539951574,0.9410104155540466
Artery,baseline,1.03986135181976,0.5521631836891174
Artery,baseline,2.90229885057471,0.8785212635993958
Artery,baseline,2.61826837250818,0.6988804936408997
Artery,baseline,6.30415297281147,0.7192847728729248
Artery,baseline,6.27004957713619,0.8501766324043274
Artery,baseline,8.30072666294019,0.8236380815505981
Artery,baseline,13.4135270086246,0.9894934892654419
Artery,baseline,3.47973689794186,0.8934152126312256
Artery,baseline,10.3538663171691,0.9670332074165344
Artery,baseline,2.77424819991529,0.9952104687690735
Artery,baseline,4.33921141272043,0.980129599571228
Artery,baseline,2.77185501066098,0.26928043365478516
Artery,baseline,5.44166977264256,0.9246001839637756
Artery,baseline,2.63836540368974,0.530759871006012
Artery,baseline,1.02533172496984,0.3140121400356293
Artery,baseline,2.54674977738201,0.8742308616638184
Artery,baseline,3.09932785660941,0.6005652546882629
Artery,baseline,4.16873449131514,0.5174091458320618
Artery,baseline,2.14160839160839,0.5453152656555176
Artery,baseline,2.275600505689,0.542850911617279
Artery,baseline,14.4778182732186,0.5710804462432861
Artery,baseline,1.46598170655306,0.01935676671564579
Artery,baseline,7.826982492276,0.11635813862085342
Artery,baseline,3.09852335996127,0.37132760882377625
Artery,baseline,7.222366036759,0.7687996029853821
Artery,baseline,1.42409569923099,0.07599648833274841
Artery,baseline,1.6029246344207,0.6750337481498718
Artery,baseline,14.8683829910327,0.7031195759773254
Artery,baseline,6.63176265270506,0.7699786424636841
Artery,baseline,5.72831423895254,0.5385301113128662
Artery,baseline,12.2974657249688,0.6574103832244873
Artery,baseline,9.5740008783487,0.8421455025672913
Artery,baseline,4.06176569318563,0.10183306783437729
Artery,baseline,1.40489913544669,0.412501722574234
Artery,baseline,9.21291258614436,0.21579618752002716
Artery,baseline,1.71221600263418,0.8296298980712891
Artery,baseline,7.22501797268152,0.827534019947052
Artery,baseline,3.06839186691312,0.06514610350131989
Artery,baseline,6.91823899371069,0.627850353717804
Artery,baseline,2.86844708209693,0.18149802088737488
Artery,baseline,2.76745146633622,0.8758944272994995
Artery,baseline,6.17395223073457,0.09778409451246262
Artery,baseline,9.38758211485484,0.07100731879472733
Artery,baseline,1.21495327102804,0.2953323721885681
Artery,baseline,12.1225879682179,0.39292487502098083
Artery,baseline,2.79738562091503,0.31237179040908813
Artery,baseline,5.9245960502693,0.9151277542114258
Artery,baseline,7.21153846153846,0.8511337041854858
Artery,baseline,14.4741074300418,0.5132961869239807
Artery,baseline,13.0336229693993,0.8955836892127991
Artery,baseline,4.2953667953668,0.8348467946052551
Artery,baseline,1.85185185185185,0.06616006046533585
Artery,baseline,11.8270453582026,0.946715235710144
Artery,baseline,7.96165068778658,0.8462865352630615
Artery,baseline,3.21353065539112,0.5667959451675415
Artery,baseline,2.26035998325659,0.9674167633056641
Artery,baseline,5.36605657237937,0.9480589032173157
Artery,baseline,8.37849103793247,0.5876666903495789
Artery,baseline,1.07482430756511,0.41073477268218994
Artery,baseline,1.83256976259892,0.6010043025016785
Artery,baseline,3.98671096345515,0.506284773349762
Artery,baseline,14.3497757847534,0.8937367796897888
Artery,baseline,5.51654964894684,0.5307886600494385
Artery,baseline,4.989816700611,0.8245304822921753
Artery,baseline,3.53901996370236,0.1649022251367569
Artery,baseline,14.3962848297214,0.09228403866291046
Artery,baseline,3.29934013197361,0.6874477863311768
Artery,baseline,10.8875128998968,0.8849849700927734
Artery,baseline,2.3454157782516,0.1301489770412445
Artery,baseline,1.96182396606575,0.02304370328783989
Artery,baseline,3.11475409836066,0.2771121859550476
Artery,baseline,7.84787201931784,0.5903007984161377
Artery,baseline,3.24059920513604,0.35764455795288086
Artery,baseline,3.41384863123994,0.06952036172151566
Artery,baseline,13.7640449438202,0.6561633348464966
Artery,baseline,5.8641975308642,0.19617410004138947
Artery,baseline,9.19540229885057,0.5886175632476807
Artery,baseline,3.36700336700337,0.5291277766227722
Artery,baseline,7.97720797720798,0.07591092586517334
Artery,baseline,1.2012012012012,0.020227277651429176
Artery,baseline,8.04597701149425,0.7357075214385986
Artery,baseline,6.45161290322581,0.7726992964744568
Artery,baseline,3.57142857142857,0.08810470998287201
Artery,baseline,1.12044817927171,0.01578853279352188
Artery,baseline,2.73972602739726,0.014075102284550667
Artery,baseline,1.19760479041916,0.011313012801110744
Artery,baseline,1.57894736842105,0.0010701188584789634
Artery,baseline,6.45994832041344,0.0122611653059721
Artery,baseline,1.35869565217391,0.013024975545704365
Artery,baseline,2.18181818181818,0.0009215573663823307
Artery,baseline,1.64473684210526,0.01057600136846304
Artery,baseline,1.05540897097625,0.20102699100971222
Artery,baseline,2.08333333333333,0.4577530324459076
Artery,baseline,7.96703296703297,0.6597016453742981
Artery,baseline,5.54016620498615,0.6750165820121765
Artery,baseline,3.18021201413428,0.7198753356933594
Artery,baseline,2.47933884297521,0.07680542021989822
Artery,baseline,10.5263157894737,0.40148481726646423
Artery,baseline,2.4,0.08520293980836868
Artery,baseline,8.62068965517242,0.03990279138088226
Artery,baseline,7.14285714285714,0.8173355460166931
Artery,baseline,2.98507462686567,0.029264889657497406
Artery,baseline,4.0983606557377,0.878009557723999
Artery,baseline,10.4838709677419,0.7651057243347168
Artery,baseline,4.03225806451613,0.8657252192497253
Artery,baseline,3.92156862745098,0.9379087686538696
Artery,baseline,3.88349514563107,0.8258137702941895
Artery,baseline,4.71698113207547,0.8996226787567139
Artery,baseline,4.13223140495868,0.6799718737602234
Artery,baseline,11.2068965517241,0.49037179350852966
Artery,baseline,3.68098159509202,0.007252714596688747
Artery,baseline,1.00502512562814,0.07567771524190903
Artery,baseline,3.48837209302326,0.15520383417606354
Artery,baseline,3.125,0.27084895968437195
Artery,baseline,3.20512820512821,0.8242425918579102
Artery,baseline,1.21951219512195,0.6005277633666992
Artery,baseline,2.12765957446809,0.06363483518362045
Artery,baseline,7.47126436781609,0.6553280353546143
Artery,baseline,3.7037037037037,0.8262845277786255
Artery,baseline,1.2987012987013,0.7422060966491699
Artery,baseline,8.18965517241379,0.7766687870025635
Artery,baseline,3.51758793969849,0.8008277416229248
Artery,baseline,6.0,0.4378015995025635
Artery,baseline,3.07692307692308,0.826583743095398
Artery,baseline,8.0,0.8101483583450317
Artery,baseline,3.68663594470046,0.6285701990127563
Artery,baseline,4.22535211267606,0.3341835141181946
Artery,baseline,7.69230769230769,0.8456819653511047
Artery,baseline,4.36681222707424,0.42277756333351135
Artery,baseline,8.3969465648855,0.8809924125671387
Artery,baseline,14.9253731343284,0.22653347253799438
Artery,baseline,1.08695652173913,0.630563497543335
Artery,baseline,2.35849056603774,0.45267415046691895
Artery,baseline,8.67579908675799,0.9387251138687134
Artery,baseline,2.68817204301075,0.0036364428233355284
Artery,baseline,1.02564102564103,0.23445247113704681
Artery,baseline,7.56756756756757,0.9415640830993652
Artery,baseline,1.20481927710843,0.11278869956731796
Artery,baseline,4.37956204379562,0.9291214346885681
Artery,baseline,14.0845070422535,0.9664612412452698
Artery,baseline,6.2015503875969,0.7009713649749756
Artery,baseline,5.55555555555556,0.04277201369404793
Artery,baseline,9.82658959537572,0.8553431034088135
Artery,baseline,5.52486187845304,0.37660911679267883
Artery,baseline,3.20855614973262,0.7339429259300232
Artery,baseline,3.2258064516129,0.08129764348268509
Artery,baseline,8.17843866171004,0.5206210613250732
Artery,baseline,1.2448132780083,0.3464895188808441
Artery,baseline,1.63934426229508,0.02444280870258808
Artery,baseline,4.29184549356223,0.9557755589485168
Artery,baseline,1.67364016736402,0.6442891955375671
Artery,baseline,6.43776824034335,0.7198317646980286
Artery,baseline,3.04182509505703,0.1617603451013565
Artery,baseline,5.26315789473684,0.1048775166273117
Artery,baseline,1.85185185185185,0.05996805429458618
Artery,baseline,5.5045871559633,0.6197929978370667
Artery,baseline,7.92079207920792,0.5653558969497681
Artery,baseline,1.29032258064516,0.07219675183296204
Artery,baseline,4.23728813559322,0.46932488679885864
Artery,baseline,4.54545454545455,0.3618352711200714
Artery,baseline,2.58620689655172,0.010302065871655941
Artery,baseline,6.66666666666667,0.06722372770309448
Artery,baseline,2.45901639344262,0.20141252875328064
Artery,baseline,3.10077519379845,0.30553022027015686
Artery,baseline,4.91803278688525,0.26361241936683655
Artery,baseline,13.4920634920635,0.051467329263687134
Artery,baseline,7.03517587939699,0.20181719958782196
Artery,baseline,1.52284263959391,0.1429896056652069
Artery,baseline,8.49056603773585,0.05497433617711067
Artery,baseline,1.38248847926267,0.33815595507621765
Artery,baseline,3.44827586206897,0.045385584235191345
Artery,baseline,3.03030303030303,0.03809209540486336
Artery,baseline,1.4018691588785,0.0004015937738586217
Artery,baseline,11.6504854368932,0.8505908846855164
Artery,baseline,1.14285714285714,0.545441746711731
Artery,baseline,3.48837209302326,0.11238227784633636
Artery,baseline,3.81679389312977,0.2803618013858795
Artery,baseline,1.88679245283019,0.16535194218158722
Artery,baseline,1.0,0.5470656752586365
Artery,baseline,1.78571428571429,0.4034847319126129
Artery,baseline,10.7142857142857,0.6336250305175781
Artery,baseline,4.13223140495868,0.8390170931816101
Artery,baseline,2.45901639344262,0.1269700974225998
Artery,baseline,2.77777777777778,0.2471241056919098
Artery,baseline,12.5748502994012,0.829727053642273
Artery,baseline,1.18343195266272,0.0046257623471319675
Artery,baseline,5.26315789473684,0.2278061956167221
Artery,baseline,1.4760147601476,0.04438762366771698
Artery,baseline,9.89010989010989,0.8994248509407043
Artery,baseline,1.0752688172043,0.7459379434585571
Artery,baseline,1.7921146953405,0.9804825782775879
Artery,baseline,3.08219178082192,0.7826367020606995
Artery,baseline,2.85714285714286,0.7090390920639038
Artery,baseline,1.47058823529412,0.2576301693916321
Artery,baseline,1.02669404517454,0.3581443727016449
Artery,baseline,10.8559498956159,0.4145429730415344
Artery,baseline,4.58333333333333,0.3573946952819824
Artery,baseline,1.33587786259542,0.3296874761581421
Artery,baseline,8.27205882352941,0.6124035120010376
Artery,baseline,12.4497991967871,0.7681127786636353
Artery,baseline,3.05010893246187,0.5765249729156494
Artery,baseline,5.76540755467197,0.15302972495555878
Artery,baseline,11.8577075098814,0.7983056902885437
Artery,baseline,12.0567375886525,0.6891494393348694
Artery,baseline,8.58585858585859,0.16212798655033112
Artery,baseline,10.0,0.35519495606422424
Artery,baseline,1.74216027874564,0.10473641008138657
Artery,baseline,6.89655172413793,0.4841286838054657
Artery,baseline,6.89655172413793,0.5389678478240967
Artery,baseline,5.68181818181818,0.26489877700805664
Artery,baseline,11.1538461538462,0.25759872794151306
Artery,baseline,12.5984251968504,0.29071277379989624
Artery,baseline,2.01612903225806,0.200328528881073
Artery,baseline,7.57575757575758,0.3989696502685547
Artery,baseline,3.42857142857143,0.30664047598838806
Artery,baseline,4.31654676258993,0.26465749740600586
Artery,baseline,1.8348623853211,0.6714457869529724
Artery,baseline,1.78571428571429,0.13163350522518158
Artery,baseline,1.91570881226054,0.6890984773635864
Artery,baseline,1.2448132780083,0.05745324119925499
Artery,baseline,14.2307692307692,0.7965067028999329
Artery,baseline,2.21238938053097,0.06231119483709335
Artery,baseline,6.63265306122449,0.9544014930725098
Artery,baseline,2.0746887966805,0.19504278898239136
Artery,baseline,4.85436893203884,0.3240599036216736
Artery,baseline,1.71919770773639,0.600612461566925
Artery,baseline,2.31884057971015,0.45665639638900757
Artery,baseline,5.85106382978723,0.8256919384002686
Artery,baseline,1.26182965299685,0.0013446080265566707
Artery,baseline,12.0448179271709,0.524653434753418
Artery,baseline,2.40549828178694,0.13410674035549164
Artery,baseline,1.97368421052632,0.8738019466400146
Artery,baseline,1.43266475644699,0.8573873043060303
Artery,baseline,8.0,0.9413859248161316
Artery,baseline,11.1545988258317,0.5716052055358887
Artery,baseline,1.54715458092291,0.5702463388442993
Artery,baseline,1.44464975642533,0.785165548324585
Artery,baseline,5.66151375225858,0.5730546116828918
Artery,baseline,7.81045751633987,0.9454249143600464
Artery,baseline,12.6387397064089,0.5758517980575562
Artery,baseline,10.5328376703841,0.30039316415786743
Artery,baseline,11.9421487603306,0.9111171960830688
Artery,baseline,9.5599142904236,0.8291095495223999
Artery,baseline,4.14856971693875,0.7652181386947632
Artery,baseline,14.474684506614,0.6996248364448547
Artery,baseline,7.04443412292925,0.8742002844810486
Artery,baseline,6.91347011596789,0.9210052490234375
Artery,baseline,9.87423521414004,0.8461217880249023
Artery,baseline,5.17338595996617,0.2051572948694229
Artery,baseline,5.54683411826269,0.88297438621521
Artery,baseline,1.47553714729485,0.818021833896637
Artery,baseline,2.33985423858842,0.8287007808685303
Artery,baseline,3.15495903782465,0.9457591772079468
Artery,baseline,9.09090909090909,0.9590620398521423
Artery,baseline,5.63405797101449,0.9421316385269165
Artery,baseline,3.83973288814691,0.7798872590065002
Artery,baseline,1.79925650557621,0.537079393863678
Artery,baseline,1.09506427551182,0.6583622097969055
Artery,baseline,7.56569012382966,0.049449123442173004
Artery,baseline,12.5421551308816,0.8696009516716003
Artery,baseline,2.13036565977742,0.015373488888144493
Artery,baseline,1.17493472584856,0.11773831397294998
Artery,baseline,1.19866032081791,0.036023322492837906
Artery,baseline,12.6278118609407,0.9564133882522583
Artery,baseline,6.93121693121693,0.8537626266479492
Artery,baseline,1.52220630372493,0.1973872035741806
Artery,baseline,11.436170212766,0.7324948906898499
Artery,baseline,1.30353817504656,0.40335914492607117
Artery,baseline,3.30952380952381,0.9744836688041687
Artery,baseline,12.4035134415757,0.9739874601364136
Artery,baseline,1.38777688817721,0.963172435760498
Artery,baseline,1.04501607717042,0.8538539409637451
Artery,baseline,3.93242062336149,0.9755187630653381
Artery,baseline,2.39977413890457,0.8785167932510376
Artery,baseline,1.75385545811914,0.8660659193992615
Artery,baseline,14.5761651548327,0.9830279350280762
Artery,baseline,10.9616677874916,0.18195363879203796
Artery,baseline,3.03672316384181,0.655200183391571
Artery,baseline,8.09917355371901,0.1272498369216919
Artery,baseline,1.30187144019528,0.10685544461011887
Artery,baseline,4.82336956521739,0.7491359710693359
Artery,baseline,1.2987012987013,0.10265548527240753
Artery,baseline,11.1145225667792,0.08173401653766632
Artery,baseline,3.25794291868605,0.4220457375049591
Artery,baseline,3.0134211192707,0.5916475653648376
Artery,baseline,1.30674002751032,0.46423208713531494
Artery,baseline,6.64433277498604,0.3905044496059418
Artery,baseline,1.14072866953789,0.12870389223098755
Artery,baseline,1.39513432491641,0.11732727289199829
Artery,baseline,1.51480637813212,0.10704559087753296
Artery,baseline,1.4453477868112,0.09777667373418808
Artery,baseline,1.23498372066914,0.08938790112733841
Artery,baseline,1.20963267117967,0.08154439926147461
Artery,baseline,1.63590140378026,0.07480775564908981
Artery,baseline,2.63916611222,0.06894493848085403
Artery,baseline,2.93027955540586,0.06390536576509476
Artery,baseline,1.77049180327869,0.05930246412754059
Artery,baseline,2.71866295264624,0.05582236498594284
Artery,baseline,11.4673242909988,0.5562601685523987
Artery,baseline,5.07425742574257,0.5327369570732117
Artery,baseline,10.989678202793,0.6814317107200623
Artery,baseline,1.98570293884035,0.32381197810173035
Artery,baseline,11.875,0.02795211225748062
Artery,baseline,11.3321799307958,0.09248603135347366
Artery,baseline,5.90185676392573,0.10352970659732819
Artery,baseline,7.33082706766917,0.004519798792898655
Artery,baseline,8.94509561998766,0.23798532783985138
Artery,baseline,2.81501340482574,0.33002638816833496
Artery,baseline,8.43137254901961,0.04587071016430855
Artery,baseline,14.2171565686863,0.12014444172382355
Artery,baseline,10.3241296518607,0.036501798778772354
Artery,baseline,1.7478152309613,0.09593790024518967
Artery,baseline,4.82804232804233,0.17559728026390076
Artery,baseline,7.79220779220779,0.6736989617347717
Artery,baseline,1.15740740740741,0.12501077353954315
Artery,baseline,6.86346863468635,0.8110265135765076
Artery,baseline,13.9099941554646,0.9096621870994568
Artery,baseline,7.89183222958057,0.030528664588928223
Artery,baseline,3.67803837953092,0.2251548320055008
Artery,baseline,9.26485397784491,0.07587533444166183
Artery,baseline,1.15807759119861,0.011836003512144089
Artery,baseline,1.70132325141777,0.14036095142364502
Artery,baseline,4.66867469879518,0.9320117235183716
Artery,baseline,1.39484978540773,0.8691600561141968
Artery,baseline,10.9678782755706,0.5330038666725159
Artery,baseline,2.672147995889,0.7293628454208374
Artery,baseline,5.22890484739677,0.4568246901035309
Artery,baseline,10.3959249826349,0.9216649532318115
Artery,baseline,2.12995416554327,0.01387705747038126
Artery,baseline,3.25833979829325,0.6377096772193909
Artery,baseline,4.65789473684211,0.11700647324323654
Artery,baseline,1.90242405645904,0.27210238575935364
Artery,baseline,2.70614453995543,0.07933323085308075
Artery,baseline,6.2363238512035,0.5471347570419312
Artery,baseline,1.14483493077742,0.001859097508713603
Artery,baseline,1.65150789851604,0.48207369446754456
Artery,baseline,9.35467733866933,0.6347074508666992
Artery,baseline,1.38185168125288,0.8818885684013367
Artery,baseline,2.32984293193717,0.9312164187431335
Artery,baseline,2.82186948853616,0.5505317449569702
Artery,baseline,9.22425032594524,0.8854487538337708
Artery,baseline,5.61877667140825,0.21460334956645966
Artery,baseline,3.25362602900823,0.25442737340927124
Artery,baseline,2.45046923879041,0.4532710611820221
Artery,baseline,4.68645391653649,0.7162529230117798
Artery,baseline,4.30456413584253,0.11681915819644928
Artery,baseline,4.92398457000227,0.5456162691116333
Artery,baseline,2.28969636635142,0.17192238569259644
Artery,baseline,5.23301223639677,0.12742039561271667
Artery,baseline,8.81796690307329,0.0902755931019783
Artery,baseline,7.63769889840881,0.682853639125824
Artery,baseline,6.1139212667693,0.761563777923584
Artery,baseline,6.42974047229366,0.0591258704662323
Artery,baseline,3.01606922126082,0.09059614688158035
Artery,baseline,8.16418583671628,0.8048086762428284
Artery,baseline,4.08759124087591,0.0016396015416830778
Artery,baseline,1.09670987038883,0.08536004275083542
Artery,baseline,9.86890922582241,0.6478727459907532
Artery,baseline,5.56650246305419,0.3496951758861542
Artery,baseline,6.33284241531664,0.5568393468856812
Artery,baseline,1.47611379495437,0.42800775170326233
Artery,baseline,11.4307153576788,0.7176810503005981
Artery,baseline,2.1264367816092,0.4773835241794586
Artery,baseline,1.65358744394619,0.010733375325798988
Artery,baseline,1.98332854268468,0.19603405892848969
Artery,baseline,3.0761836097092,0.38148748874664307
Artery,baseline,11.369696969697,0.6297445297241211
Artery,baseline,2.22584147665581,0.5055007338523865
Artery,baseline,6.76262900597501,0.5310348868370056
Artery,baseline,3.27153762268266,0.5719784498214722
Artery,baseline,1.23565754633716,0.033019714057445526
Artery,baseline,1.98845413726748,0.3071661591529846
Artery,baseline,10.1801544180726,0.8736838102340698
Artery,baseline,4.81710458526533,0.8680048584938049
Artery,baseline,1.46279949558638,0.018490292131900787
Artery,baseline,1.28950695322377,0.030869847163558006
Artery,baseline,2.15592880421158,0.013135003857314587
Artery,baseline,2.17211987902117,0.15538057684898376
Artery,baseline,7.91724137931035,0.06669054925441742
Artery,baseline,7.62308099523558,0.18376421928405762
Artery,baseline,2.18191377497371,0.029299424961209297
Artery,baseline,5.79674993936454,0.5607540011405945
Artery,baseline,1.06723585912487,0.2143421620130539
Artery,baseline,11.0896351775791,0.9309681057929993
Artery,baseline,1.09389243391067,0.09634492546319962
Artery,baseline,13.8302752293578,0.17590337991714478
Artery,baseline,7.75011742602161,0.17940832674503326
Artery,baseline,1.0188679245283,0.11137110739946365
Artery,baseline,1.13100848256362,0.08028901368379593
Artery,baseline,3.28272466146902,0.8645753264427185
Artery,baseline,1.50739870004149,0.8587023019790649
Artery,baseline,1.11616370400992,0.826126217842102
Artery,baseline,2.05733095597312,0.9645885229110718
Artery,baseline,5.89014695254156,0.7122730016708374
Artery,baseline,14.4101718860372,0.9689139723777771
Artery,baseline,3.53629976580796,0.9261645078659058
Artery,baseline,4.67517401392111,0.9835982918739319
Artery,baseline,2.78660474211684,0.8167226910591125
Artery,baseline,3.97611788617886,0.9399001598358154
Artery,baseline,13.4961756723415,0.9659972190856934
Artery,baseline,1.22157716497339,0.9574018716812134
Artery,baseline,5.62214611872146,0.9712358713150024
Artery,baseline,2.74614869390489,0.7517772912979126
Artery,baseline,6.84540010887316,0.9468079805374146
Artery,baseline,1.52632917832613,0.9665269255638123
Artery,baseline,5.01127536958156,0.9383541941642761
Artery,baseline,2.92627311882442,0.9084303975105286
Artery,baseline,3.59532720880118,0.9374931454658508
Artery,baseline,13.0849613811904,0.9541674256324768
Artery,baseline,4.37913125590179,0.9646048545837402
Artery,baseline,3.49226804123711,0.9262738227844238
Artery,baseline,10.9861267341582,0.9606772661209106
Artery,baseline,2.03825650674193,0.9665687084197998
Artery,baseline,4.93033226152197,0.8063477277755737
Artery,baseline,1.61816891412349,0.8828016519546509
Artery,baseline,2.84199075333152,0.9437042474746704
Artery,baseline,4.0172836622679,0.8852689266204834
Artery,baseline,2.36946499410314,0.9213300943374634
Artery,baseline,4.70906108269806,0.9269933700561523
Artery,baseline,2.8328611898017,0.6542485952377319
Artery,baseline,1.18694362017804,0.11976394802331924
Artery,baseline,1.57068062827225,0.6339073181152344
Artery,baseline,1.61290322580645,0.7662162780761719
Artery,baseline,5.99520383693046,0.7564616799354553
Artery,baseline,3.73626373626374,0.7479864954948425
Artery,baseline,13.3786848072562,0.749811053276062
Artery,baseline,10.2325581395349,0.8690615296363831
Artery,baseline,5.37634408602151,0.21710924804210663
Artery,baseline,5.3030303030303,0.6742783188819885
Artery,baseline,1.68918918918919,0.6984105706214905
Artery,baseline,5.68181818181818,0.10774528235197067
Artery,baseline,4.32432432432432,0.6332812309265137
Artery,baseline,1.5625,0.5747109651565552
Artery,baseline,1.74520069808028,0.49224674701690674
Artery,baseline,1.85528756957328,0.7902270555496216
Artery,baseline,1.80722891566265,0.9737553000450134
Artery,baseline,7.00808625336927,0.6650109887123108
Artery,baseline,6.98564593301435,0.7242832183837891
Artery,baseline,2.42013552758955,0.10096193104982376
Artery,baseline,6.82926829268293,0.7931166291236877
Artery,baseline,1.21334681496461,0.7309429049491882
Artery,baseline,9.63597430406852,0.5201401710510254
Artery,baseline,2.4514811031665,0.40971803665161133
Artery,baseline,1.15044247787611,0.04480202868580818
Artery,baseline,7.31070496083551,0.15062175691127777
Artery,baseline,1.27768313458262,0.3149752616882324
Artery,baseline,13.1147540983607,0.6155759692192078
Artery,baseline,4.91949910554562,0.7900316119194031
Artery,baseline,4.93617021276596,0.7537009119987488
Artery,baseline,14.9395509499136,0.9757710099220276
Artery,baseline,4.32330827067669,0.8525813817977905
Artery,baseline,1.71790235081374,0.6996226906776428
Artery,baseline,14.6771037181996,0.9692474603652954
Artery,baseline,2.58519388954172,0.5800148248672485
Artery,baseline,9.11214953271028,0.6774210929870605
Artery,baseline,3.4134007585335,0.5377086400985718
Artery,baseline,1.44717800289436,0.013755607418715954
Artery,baseline,2.68123138033764,0.1362469345331192
Artery,baseline,1.19363395225464,0.574600338935852
Artery,baseline,10.4578858111928,0.12381789833307266
Artery,baseline,9.54519932622122,0.29594099521636963
Artery,baseline,6.62686567164179,0.6721250414848328
Artery,baseline,11.6279069767442,0.570818305015564
Artery,baseline,1.11111111111111,0.17503921687602997
Artery,baseline,4.05278039585297,0.536649227142334
Artery,baseline,13.0394857667585,0.7986688017845154
Artery,baseline,2.37812128418549,0.013944592326879501
Artery,baseline,7.74946921443737,0.17223891615867615
Artery,baseline,1.01010101010101,0.38538309931755066
Artery,baseline,2.48917748917749,0.4202471077442169
Artery,baseline,1.19760479041916,0.5949962735176086
Artery,baseline,9.49667616334283,0.7299103140830994
Artery,baseline,3.8899430740038,0.6267417073249817
Artery,baseline,11.3300492610837,0.7372153401374817
Artery,baseline,5.53822152886115,0.2571265697479248
Artery,baseline,4.45960125918153,0.6320018768310547
Artery,baseline,10.062893081761,0.9710615277290344
Artery,baseline,12.957157784744,0.954472005367279
Artery,baseline,12.3325892857143,0.9298824071884155
Artery,baseline,14.7308781869688,0.733401358127594
Artery,baseline,10.1983002832861,0.4637458622455597
Artery,baseline,7.92303338992643,0.846267819404602
Artery,baseline,10.4810996563574,0.9231811165809631
Artery,baseline,1.04506858262573,0.01371593214571476
Artery,baseline,10.5518496058217,0.07940404862165451
Artery,baseline,2.33953209358128,0.017464449629187584
Artery,baseline,12.2931442080378,0.5189076662063599
Artery,baseline,12.7557160048135,0.939789891242981
Artery,baseline,14.4120247568523,0.7876251339912415
Artery,baseline,10.514440433213,0.8353719711303711
Artery,baseline,13.6220117275598,0.6435934901237488
Artery,baseline,8.06302131603336,0.6061086654663086
Artery,baseline,8.50091407678245,0.7588202357292175
Artery,baseline,9.30957683741648,0.7075785994529724
Artery,baseline,1.94915254237288,0.057414017617702484
Artery,baseline,1.97568389057751,0.4752998948097229
Artery,baseline,2.46286161063331,0.3302648961544037
Artery,baseline,2.6284348864994,0.7458793520927429
Artery,baseline,9.69311377245509,0.6577768921852112
Artery,baseline,14.0870837907062,0.9782943725585938
Artery,baseline,2.92275574112735,0.06391380727291107
Artery,baseline,13.2585751978892,0.6418071389198303
Artery,baseline,1.15929583512237,0.16448691487312317
Artery,baseline,1.98738773170266,0.9562769532203674
Artery,baseline,1.18134715025907,0.9204041957855225
Artery,baseline,1.21749896822121,0.8955922722816467
Artery,baseline,4.06091370558376,0.4476305842399597
Artery,baseline,6.12244897959184,0.8215606808662415
Artery,baseline,1.11731843575419,0.042377959936857224
Artery,baseline,11.9791666666667,0.9250508546829224
Artery,baseline,1.08695652173913,0.507643461227417
Artery,baseline,13.1147540983607,0.9802970886230469
Artery,baseline,3.93258426966292,0.9505835771560669
Artery,baseline,3.1413612565445,0.5746360421180725
Artery,baseline,7.95454545454545,0.9305794835090637
Artery,baseline,6.66666666666667,0.8762750029563904
Artery,baseline,6.54761904761905,0.9771881103515625
Artery,baseline,3.65853658536585,0.38299474120140076
Artery,baseline,9.30232558139535,0.9637155532836914
Artery,baseline,1.68539325842697,0.9448251128196716
Artery,baseline,6.28930817610063,0.8374074101448059
Artery,baseline,6.25,0.6793670654296875
Artery,baseline,1.22699386503067,0.8935621976852417
Artery,baseline,9.80392156862745,0.9759180545806885
Artery,baseline,8.17610062893082,0.971347451210022
Artery,baseline,3.73134328358209,0.895839512348175
Artery,baseline,2.38095238095238,0.13399499654769897
Artery,baseline,3.96039603960396,0.573296308517456
Artery,baseline,3.84615384615385,0.9807924628257751
Artery,baseline,5.21739130434783,0.9714457392692566
Artery,baseline,5.21739130434783,0.5790148377418518
Artery,baseline,5.07246376811594,0.7959456443786621
Artery,baseline,2.28571428571429,0.816929817199707
Artery,baseline,9.77011494252874,0.9724483489990234
Artery,baseline,3.1413612565445,0.7735257744789124
Artery,baseline,1.53846153846154,0.05376001447439194
Artery,baseline,1.54639175257732,0.039773620665073395
Artery,baseline,2.34741784037559,0.6541813611984253
Artery,baseline,3.87931034482759,0.1273856908082962
Artery,baseline,13.8888888888889,0.9130058288574219
Artery,baseline,6.52173913043478,0.9282205104827881
Artery,baseline,5.07246376811594,0.8306801915168762
Artery,baseline,10.5263157894737,0.5069025754928589
Artery,baseline,10.8333333333333,0.6900445818901062
Artery,baseline,6.42857142857143,0.811098575592041
Artery,baseline,2.04081632653061,0.6655423641204834
Artery,baseline,3.20512820512821,0.15167324244976044
Artery,baseline,7.88381742738589,0.759829580783844
Artery,baseline,2.40963855421687,0.46985283493995667
Artery,baseline,2.35294117647059,0.6080901622772217
Artery,baseline,1.35135135135135,0.34892821311950684
Artery,baseline,4.25531914893617,0.15599246323108673
Artery,baseline,13.9393939393939,0.7676864862442017
Artery,baseline,13.0434782608696,0.2747994661331177
Artery,baseline,4.42708333333333,0.4709988236427307
Artery,baseline,4.55840455840456,0.34985554218292236
Artery,baseline,1.82370820668693,0.22649240493774414
Artery,baseline,10.5105105105105,0.7582151889801025
Artery,baseline,1.00334448160535,0.13998815417289734
Artery,baseline,7.53138075313808,0.8699020147323608
Artery,baseline,1.20481927710843,0.15663015842437744
Artery,baseline,8.98203592814371,0.8881085515022278
Artery,baseline,1.09289617486339,0.9700700640678406
Artery,baseline,1.89873417721519,0.6695313453674316
Artery,baseline,2.47933884297521,0.9109549522399902
Artery,baseline,2.54237288135593,0.050962574779987335
Artery,baseline,12.2137404580153,0.7854689359664917
Artery,baseline,3.37078651685393,0.25172170996665955
Artery,baseline,10.0529100529101,0.7621856927871704
Artery,baseline,2.42718446601942,0.18395766615867615
Artery,baseline,1.68539325842697,0.808703601360321
Artery,baseline,2.26628895184136,0.6237342953681946
Artery,baseline,6.62983425414365,0.6276333928108215
Artery,baseline,4.78723404255319,0.632167637348175
Artery,baseline,1.90114068441065,0.06779386103153229
Artery,baseline,10.5478331970564,0.38193875551223755
Artery,baseline,5.4416403785489,0.3581376373767853
Artery,baseline,1.6973125884017,0.7652834057807922
Artery,baseline,1.54569892473118,0.573928713798523
Artery,baseline,1.06524633821571,0.4150261878967285
Artery,baseline,1.10497237569061,0.8483977913856506
Artery,baseline,1.66240409207161,0.7897083163261414
Artery,baseline,1.71703296703297,0.44103047251701355
Artery,baseline,2.97294884385323,0.7106387615203857
Artery,baseline,2.06263680754336,0.9117340445518494
Artery,baseline,2.04881525031178,0.7568895220756531
Artery,baseline,1.19518162996424,0.09115519374608994
Artery,baseline,1.18792152053955,0.6828508973121643
Artery,baseline,8.76374040054209,0.9842483401298523
Artery,baseline,8.50869167429094,0.9829232692718506
Artery,baseline,1.43675841472274,0.47974246740341187
Artery,baseline,1.79265863606184,0.650305986404419
Artery,baseline,1.4047866805411,0.5784919857978821
Artery,baseline,1.48344957378501,0.9143062233924866
Artery,baseline,3.6925479696564,0.9363858699798584
Artery,baseline,4.17584723533732,0.8383766412734985
Artery,baseline,4.87804878048781,0.2752654552459717
Artery,baseline,3.23624595469256,0.8234711289405823
Artery,baseline,3.82352941176471,0.8321947455406189
Artery,baseline,3.78548895899054,0.7878537774085999
Artery,baseline,3.25732899022801,0.9336893558502197
Artery,baseline,1.00671140939597,0.6549816131591797
Artery,baseline,1.86915887850467,0.04797655716538429
Artery,baseline,4.85436893203884,0.3812571167945862
Artery,baseline,12.4579124579125,0.47614628076553345
Artery,baseline,1.30293159609121,0.37233105301856995
Artery,baseline,1.71232876712329,0.09316235035657883
Artery,baseline,10.5084745762712,0.5653515458106995
Artery,baseline,5.19031141868512,0.3342514932155609
Artery,baseline,10.9929078014184,0.6117441058158875
Artery,baseline,1.04166666666667,0.07289637625217438
Artery,baseline,4.10958904109589,0.2840964198112488
Artery,baseline,1.38888888888889,0.16557234525680542
Artery,baseline,7.72357723577236,0.24788445234298706
Artery,baseline,1.82481751824818,0.1848261058330536
Artery,baseline,3.28467153284672,0.4400557279586792
Artery,baseline,1.90114068441065,0.2593722641468048
Artery,baseline,1.49812734082397,0.2604561448097229
Artery,baseline,9.68992248062015,0.33793842792510986
Artery,baseline,14.176245210728,0.6427380442619324
Artery,baseline,5.97014925373134,0.4628925919532776
Artery,baseline,6.10687022900763,0.45119982957839966
Artery,baseline,12.9277566539924,0.4840295612812042
Artery,baseline,5.44747081712062,0.2714978754520416
Artery,baseline,4.34782608695652,0.4656175673007965
Artery,baseline,9.94764397905759,0.8296684622764587
Artery,baseline,14.3712574850299,0.8506523966789246
Artery,baseline,8.55263157894737,0.5491540431976318
Artery,baseline,2.36220472440945,0.20986579358577728
Artery,baseline,4.54545454545455,0.17561331391334534
Artery,baseline,3.84615384615385,0.7755020260810852
Artery,baseline,11.4982578397213,0.8432170152664185
Artery,baseline,5.17799352750809,0.34918931126594543
Artery,baseline,1.36986301369863,0.7296739220619202
Artery,baseline,1.0126582278481,0.32471030950546265
Artery,baseline,1.0126582278481,0.20694103837013245
Artery,baseline,2.57611241217799,0.34080970287323
Artery,baseline,4.11522633744856,0.8556482791900635
Artery,baseline,1.59362549800797,0.8963809609413147
Artery,baseline,1.22448979591837,0.8244151473045349
Artery,baseline,3.52112676056338,0.8691250085830688
Artery,baseline,9.70873786407767,0.702194094657898
Artery,baseline,2.8436018957346,0.967805027961731
Artery,baseline,7.73809523809524,0.9776220321655273
Artery,baseline,10.4838709677419,0.9771921038627625
Artery,baseline,1.27388535031847,0.7948258519172668
Artery,baseline,1.30718954248366,0.9518604278564453
Artery,baseline,2.97619047619048,0.5609638690948486
Artery,baseline,11.7647058823529,0.7012959122657776
Artery,baseline,3.5,0.6587391495704651
Artery,baseline,5.79710144927536,0.20737046003341675
Artery,baseline,2.7906976744186,0.3613273799419403
Artery,baseline,1.05263157894737,0.3517158329486847
Artery,baseline,1.35135135135135,0.4087308943271637
Artery,baseline,5.50161812297735,0.5758660435676575
Artery,baseline,7.8125,0.4076019525527954
Artery,baseline,3.5031847133758,0.8023645281791687
Artery,baseline,1.52439024390244,0.04688289016485214
Artery,baseline,4.84330484330484,0.5918225049972534
Artery,baseline,1.97368421052632,0.3466183841228485
Artery,baseline,10.8108108108108,0.5783265233039856
Artery,baseline,2.70880361173815,0.833742618560791
Artery,baseline,2.42290748898678,0.8234595656394958
Artery,baseline,7.27272727272727,0.9002148509025574
Artery,baseline,6.01336302895323,0.7567518353462219
Artery,baseline,2.0703933747412,0.35424745082855225
Artery,baseline,1.29032258064516,0.11286208033561707
Artery,baseline,5.61797752808989,0.7471946477890015
Artery,baseline,11.7647058823529,0.72993403673172
Artery,baseline,1.33079847908745,0.08417288959026337
Artery,baseline,1.0752688172043,0.06201247498393059
Artery,baseline,2.86168521462639,0.5171790719032288
Artery,baseline,12.4600638977636,0.6473431587219238
Artery,baseline,4.92091388400703,0.6600528955459595
Artery,baseline,3.92857142857143,0.7001393437385559
Artery,baseline,11.6129032258065,0.04527876898646355
Artery,baseline,3.2258064516129,0.2784717082977295
Artery,baseline,5.65552699228792,0.45226725935935974
Artery,baseline,1.63934426229508,0.07004391402006149
Artery,baseline,9.45674044265593,0.1787331998348236
Artery,baseline,5.68181818181818,0.23700577020645142
Artery,baseline,4.83425414364641,0.05267781764268875
Artery,baseline,12.7364438839849,0.5227516889572144
Artery,baseline,6.426735218509,0.2591404914855957
Artery,baseline,7.35455543358946,0.21489590406417847
Artery,baseline,2.70855904658722,0.04250074550509453
Artery,baseline,2.10409745293466,0.025758404284715652
Artery,baseline,12.8798842257598,0.45627039670944214
Artery,baseline,9.74212034383954,0.058863550424575806
Artery,baseline,4.64396284829721,0.6848222017288208
Artery,baseline,14.9784482758621,0.672249436378479
Artery,baseline,13.9852786540484,0.8057742714881897
Artery,baseline,11.3146551724138,0.8755694627761841
Artery,baseline,4.76673427991886,0.910727858543396
Artery,baseline,4.1030534351145,0.8071023225784302
Artery,baseline,1.52466367713004,0.5375921130180359
Artery,baseline,7.55597014925373,0.9327648282051086
Artery,baseline,6.63414634146341,0.8676212430000305
Artery,baseline,3.77358490566038,0.8867117762565613
Artery,baseline,12.0409906063194,0.7782260179519653
Artery,baseline,2.61927034611787,0.8288424015045166
Artery,baseline,2.76639344262295,0.17345933616161346
Artery,baseline,1.55875299760192,0.1128111481666565
Artery,baseline,1.97287299630086,0.09135279059410095
Artery,baseline,5.26315789473684,0.059109508991241455
Artery,baseline,6.20052770448549,0.488812655210495
Artery,baseline,12.0165745856354,0.8529708385467529
Artery,baseline,1.37221269296741,0.30420342087745667
Artery,baseline,1.59489633173844,0.8663751482963562
Artery,baseline,7.33197556008147,0.6650093793869019
Artery,baseline,1.50943396226415,0.8522078990936279
Artery,baseline,14.0096618357488,0.04428553953766823
Artery,baseline,7.5187969924812,0.27879810333251953
Artery,baseline,3.41463414634146,0.6456242799758911
Artery,baseline,4.50901803607215,0.6514027118682861
Artery,baseline,14.3002028397566,0.933025062084198
Artery,baseline,1.25968992248062,0.7015737891197205
Artery,baseline,1.48367952522255,0.12338307499885559
Artery,baseline,6.31578947368421,0.7514447569847107
Artery,baseline,10.458452722063,0.8206785321235657
Artery,baseline,6.81818181818182,0.9228169322013855
Artery,baseline,10.6811145510836,0.8462878465652466
Artery,baseline,1.51515151515152,0.7137289643287659
Artery,baseline,14.2664872139973,0.8314951062202454
Artery,baseline,8.60215053763441,0.8738358020782471
Artery,baseline,5.94795539033457,0.6201685070991516
Artery,baseline,2.45183887915937,0.7225691080093384
Artery,baseline,2.41730279898219,0.06715568900108337
Artery,baseline,9.94764397905759,0.7124671339988708
Artery,baseline,4.85252140818268,0.14992764592170715
Artery,baseline,2.13438735177866,0.18861159682273865
Artery,baseline,1.90274841437632,0.7868488430976868
Artery,baseline,14.9253731343284,0.9517523050308228
Artery,baseline,3.14465408805031,0.9131562113761902
Artery,baseline,9.83213429256595,0.7353008985519409
Artery,baseline,6.92167577413479,0.45965811610221863
Artery,baseline,1.21951219512195,0.4888163208961487
Artery,baseline,8.53658536585366,0.817071795463562
Artery,baseline,3.76647834274953,0.2891782522201538
Artery,baseline,1.28205128205128,0.8819955587387085
Artery,baseline,3.09917355371901,0.7076412439346313
Artery,baseline,1.0482180293501,0.6011645197868347
Artery,baseline,1.73267326732673,0.9294602274894714
Artery,baseline,10.7648725212465,0.9025987982749939
Artery,baseline,8.18181818181818,0.8709990978240967
Artery,baseline,4.6242774566474,0.9281519055366516
Artery,baseline,9.82658959537572,0.8224449753761292
Artery,baseline,3.46820809248555,0.5885656476020813
Artery,baseline,4.59770114942529,0.6771212816238403
Artery,baseline,4.51807228915663,0.7918993234634399
Artery,baseline,1.57232704402516,0.5376933813095093
Artery,baseline,1.57728706624606,0.5485364198684692
Artery,baseline,2.57234726688103,0.7172465920448303
Artery,baseline,1.29449838187702,0.6664839386940002
Artery,baseline,2.0,0.8609257340431213
Artery,baseline,1.33333333333333,0.13982483744621277
Artery,baseline,7.31707317073171,0.7150126099586487
Artery,baseline,2.61437908496732,0.04085094854235649
Artery,baseline,1.77514792899408,0.03353370353579521
Artery,baseline,4.59183673469388,0.7944732904434204
Artery,baseline,1.96078431372549,0.7482008337974548
Artery,baseline,5.95238095238095,0.8338014483451843
Artery,baseline,14.7435897435897,0.7679662704467773
Artery,baseline,2.65654648956357,0.6264714598655701
Artery,baseline,4.53514739229025,0.3775207996368408
Artery,baseline,1.01289134438306,0.011189785785973072
Artery,baseline,1.58102766798419,0.03503662347793579
Artery,baseline,6.61417322834646,0.357704222202301
Artery,baseline,7.3394495412844,0.7255558967590332
Artery,baseline,1.14942528735632,0.7948499321937561
Artery,baseline,8.11287477954145,0.8209978342056274
Artery,baseline,2.57611241217799,0.542239248752594
Artery,baseline,6.02409638554217,0.8812758326530457
Artery,baseline,3.09597523219814,0.11775613576173782
Artery,baseline,8.01393728222997,0.8880599141120911
Artery,baseline,7.59075907590759,0.6967641711235046
Artery,baseline,5.55555555555556,0.935329020023346
Artery,baseline,6.64556962025316,0.6840505003929138
Artery,baseline,1.26582278481013,0.08724549412727356
Artery,baseline,4.83271375464684,0.7002936601638794
Artery,baseline,8.17438692098093,0.7169500589370728
Artery,baseline,2.57611241217799,0.07601921260356903
Artery,baseline,7.00934579439252,0.9128649234771729
Artery,baseline,4.71698113207547,0.11721614003181458
Artery,baseline,1.74672489082969,0.1276007443666458
Artery,baseline,10.9467455621302,0.8142769932746887
Artery,baseline,13.2939438700148,0.6474066376686096
Artery,baseline,13.4760705289673,0.4820534288883209
Artery,baseline,5.19591141396934,0.7892045974731445
Artery,baseline,5.27950310559006,0.40886104106903076
Artery,baseline,3.89473684210526,0.47253066301345825
Artery,baseline,3.03643724696356,0.20211300253868103
Artery,baseline,3.21361058601134,0.19552049040794373
Artery,baseline,12.7376425855513,0.9096765518188477
Artery,baseline,9.64912280701754,0.8349727392196655
Artery,baseline,12.2159090909091,0.5724313259124756
Artery,baseline,1.20967741935484,0.2826746702194214
Artery,baseline,2.9296875,0.7364901900291443
Artery,baseline,1.31208997188379,0.6306540966033936
Artery,baseline,3.63466915191053,0.6932501792907715
Artery,baseline,3.58490566037736,0.3417893350124359
Artery,baseline,1.98609731876862,0.3570558428764343
Artery,baseline,1.17416829745597,0.4995964467525482
Artery,baseline,4.02750491159136,0.5488993525505066
Artery,baseline,1.38476755687438,0.3854059875011444
Artery,baseline,4.08958130477118,0.016900528222322464
Artery,baseline,1.43540669856459,0.5486649870872498
Artery,baseline,14.0655105973025,0.7621955275535583
Artery,baseline,6.23781676413255,0.43090713024139404
Artery,baseline,7.26714431934493,0.822001576423645
Artery,baseline,12.3756906077348,0.7089896202087402
Artery,baseline,5.07075471698113,0.8818172216415405
Artery,baseline,11.2559241706161,0.8979522585868835
Artery,baseline,1.98366394399067,0.20859047770500183
Artery,baseline,2.41758241758242,0.49334004521369934
Artery,baseline,5.98870056497175,0.9430689811706543
Artery,baseline,1.30391173520562,0.15302090346813202
Artery,baseline,2.41860465116279,0.609355092048645
Artery,baseline,4.15929203539823,0.9660002589225769
Artery,baseline,4.4971381847915,0.6422587037086487
Artery,baseline,7.48613678373383,0.17686541378498077
Artery,baseline,1.13421550094518,0.04174085333943367
Artery,baseline,8.0,0.9011236429214478
Artery,baseline,3.88349514563107,0.8064040541648865
Artery,baseline,1.94174757281553,0.8963302969932556
Artery,baseline,3.7037037037037,0.35895058512687683
Artery,baseline,3.80952380952381,0.5755740404129028
Artery,baseline,2.45901639344262,0.5394502878189087
Artery,baseline,13.7614678899083,0.8199843764305115
Artery,baseline,1.5625,0.12670856714248657
Artery,baseline,4.8,0.6844420433044434
Artery,baseline,11.1111111111111,0.7990390658378601
Artery,baseline,1.85185185185185,0.7446006536483765
Artery,baseline,2.83018867924528,0.866910457611084
Artery,baseline,1.86915887850467,0.8178842067718506
Artery,baseline,5.55555555555556,0.6002643704414368
Artery,baseline,14.3884892086331,0.9609050750732422
Artery,baseline,12.4087591240876,0.7579684257507324
Artery,baseline,4.3859649122807,0.6745525002479553
Artery,baseline,2.83018867924528,0.23170527815818787
Artery,baseline,11.4285714285714,0.9030764102935791
Artery,baseline,1.14613180515759,0.070701465010643
Artery,baseline,2.90178571428571,0.7502002120018005
Artery,baseline,8.53658536585366,0.2778272330760956
Artery,baseline,10.36866359447,0.6881084442138672
Artery,baseline,3.85487528344671,0.2064138948917389
Artery,baseline,12.7472527472527,0.4411035478115082
Artery,baseline,2.37068965517241,0.12537752091884613
Artery,baseline,5.09915014164306,0.5362231731414795
Artery,baseline,13.4782608695652,0.7489339113235474
Artery,baseline,13.9072847682119,0.7623138427734375
Artery,baseline,6.04192355117139,0.5287893414497375
Artery,baseline,1.21506682867558,0.11652237176895142
Artery,baseline,2.3142509135201,0.18862025439739227
Artery,baseline,3.71900826446281,0.4505682587623596
Artery,baseline,3.85185185185185,0.08512262254953384
Artery,baseline,3.690036900369,0.10066995769739151
Artery,baseline,14.1287284144427,0.8309248685836792
Artery,baseline,7.01001430615165,0.3547569811344147
Artery,baseline,4.04699738903394,0.11305329948663712
Artery,baseline,13.7209302325581,0.5207319855690002
Artery,baseline,13.6807817589577,0.5315123796463013
Artery,baseline,4.87309644670051,0.1832602322101593
Artery,baseline,1.73410404624277,0.48491495847702026
Artery,baseline,2.82651072124756,0.5161134600639343
Artery,baseline,5.88235294117647,0.7582567930221558
Artery,baseline,8.62068965517242,0.9213900566101074
Artery,baseline,2.31548480463097,0.7957913279533386
Artery,baseline,14.9295774647887,0.9644703269004822
Artery,baseline,1.5850144092219,0.07331131398677826
Artery,baseline,1.4265335235378,0.046294935047626495
Artery,baseline,1.38461538461538,0.9117888808250427
Artery,baseline,1.6260162601626,0.8980514407157898
Artery,baseline,13.0841121495327,0.9770233035087585
Artery,baseline,5.71428571428571,0.9728204011917114
Artery,baseline,13.0796670630202,0.8874909281730652
Artery,baseline,6.16686819830713,0.8890847563743591
Artery,baseline,6.40096618357488,0.6936086416244507
Artery,baseline,2.94871794871795,0.8510120511054993
Artery,baseline,1.11856823266219,0.17424273490905762
Artery,baseline,2.3121387283237,0.7820071578025818
Artery,baseline,6.95754716981132,0.59967041015625
Artery,baseline,5.71955719557196,0.9838560819625854
Artery,baseline,4.14746543778802,0.9527174830436707
Artery,baseline,13.3715377268386,0.9628121852874756
Artery,baseline,2.55152109911678,0.9307061433792114
Artery,baseline,7.85714285714286,0.913289487361908
Artery,baseline,4.18118466898955,0.6744839549064636
Artery,baseline,1.01010101010101,0.6764437556266785
Artery,baseline,1.64512338425382,0.5410676002502441
Artery,baseline,3.22209436133487,0.8711621165275574
Artery,baseline,1.14213197969543,0.06513980031013489
Artery,baseline,2.17391304347826,0.5515623688697815
Artery,baseline,1.4336917562724,0.5645048022270203
Artery,baseline,1.63766632548618,0.6896508932113647
Artery,baseline,1.31004366812227,0.7498512268066406
Artery,baseline,4.51882845188285,0.36293813586235046
Artery,baseline,1.1063829787234,0.8820700645446777
Artery,baseline,3.68098159509202,0.2547858655452728
Artery,baseline,5.94965675057208,0.6726660132408142
Artery,baseline,7.25274725274725,0.6488155126571655
Artery,baseline,13.7349397590361,0.7252621054649353
Artery,baseline,5.35714285714286,0.3437661826610565
Artery,baseline,4.65753424657534,0.024147653952240944
Artery,baseline,9.63302752293578,0.20831918716430664
Artery,baseline,6.15942028985507,0.08868998289108276
Artery,baseline,7.62942779291553,0.38109463453292847
Artery,baseline,1.83727034120735,0.15212632715702057
Artery,baseline,7.83783783783784,0.33199554681777954
Artery,baseline,7.52475247524752,0.07215870916843414
Artery,baseline,3.44827586206897,0.047566261142492294
Artery,baseline,4.47470817120623,0.0353890098631382
Artery,baseline,1.36186770428016,0.0157199464738369
Artery,baseline,1.77865612648221,0.08432125300168991
Artery,baseline,6.23781676413255,0.05313099920749664
Artery,baseline,5.94059405940594,0.049971845000982285
Artery,baseline,14.4016227180527,0.08344252407550812
Artery,baseline,1.84331797235023,0.05552556738257408
Artery,baseline,2.9585798816568,0.6629647016525269
Artery,baseline,1.7208413001912,0.30956944823265076
Artery,baseline,1.7578125,0.13119389116764069
Artery,baseline,2.03619909502262,0.2280440628528595
Artery,baseline,5.95533498759305,0.15708866715431213
Artery,baseline,7.8167115902965,0.041692864149808884
Artery,baseline,4.78589420654912,0.3478918969631195
Artery,baseline,13.1443298969072,0.47008880972862244
Artery,baseline,1.28617363344051,0.053343042731285095
Artery,baseline,5.18292682926829,0.6569533348083496
Artery,baseline,1.91780821917808,0.6868855953216553
Artery,baseline,2.84237726098191,0.9223150014877319
Artery,baseline,3.4375,0.15526610612869263
Artery,baseline,1.21951219512195,0.184251070022583
Artery,baseline,6.15079365079365,0.15382139384746552
Artery,baseline,3.45679012345679,0.24825505912303925
Artery,baseline,14.4303797468354,0.609732985496521
Artery,baseline,1.53452685421995,0.7275009751319885
Artery,baseline,3.05343511450382,0.4811607897281647
Artery,baseline,2.61096605744125,0.35065093636512756
Artery,baseline,1.80412371134021,0.09786165505647659
Artery,baseline,4.78468899521531,0.8881646990776062
Artery,baseline,1.48936170212766,0.6992262005805969
Artery,baseline,11.6379310344828,0.9570919871330261
Artery,baseline,3.50467289719626,0.7826674580574036
Artery,baseline,3.32541567695962,0.4725845456123352
Artery,baseline,2.54452926208651,0.8345143795013428
Artery,baseline,8.48484848484848,0.0538502037525177
Artery,baseline,1.3953488372093,0.034899577498435974
Artery,baseline,1.13314447592068,0.8282936811447144
Artery,baseline,1.47058823529412,0.03186316415667534
Artery,baseline,11.0294117647059,0.6524232625961304
Artery,baseline,1.70648464163823,0.32748737931251526
Artery,baseline,8.52459016393443,0.897122323513031
Artery,baseline,4.76190476190476,0.4493797719478607
Artery,baseline,1.52963671128107,0.8973552584648132
Artery,baseline,1.49253731343284,0.45323944091796875
Artery,baseline,8.23970037453184,0.8648247122764587
Artery,baseline,2.88065843621399,0.019102133810520172
Artery,baseline,1.43149284253579,0.28213074803352356
Artery,baseline,2.02702702702703,0.10379073768854141
Artery,baseline,1.48148148148148,0.1305309534072876
Artery,baseline,3.57142857142857,0.12521153688430786
Artery,baseline,7.20720720720721,0.8594551682472229
Artery,baseline,1.35135135135135,0.1489003449678421
Artery,baseline,4.06976744186047,0.06742087006568909
Artery,baseline,2.57142857142857,0.7061783671379089
Artery,baseline,6.35838150289017,0.7722808718681335
Artery,baseline,6.75675675675676,0.22871479392051697
Artery,baseline,3.19488817891374,0.811175525188446
Artery,baseline,9.50920245398773,0.9591600894927979
Artery,baseline,10.7936507936508,0.9122142195701599
Artery,baseline,9.21501706484642,0.9158952832221985
Artery,baseline,5.69395017793594,0.6998554468154907
Artery,baseline,1.42348754448399,0.23547805845737457
Artery,baseline,1.08108108108108,0.05379731208086014
Artery,baseline,2.58064516129032,0.11557717621326447
Artery,baseline,3.37837837837838,0.04359838366508484
Artery,baseline,1.40845070422535,0.028171192854642868
Artery,baseline,1.81818181818182,0.0489409863948822
Artery,baseline,10.0,0.22656521201133728
Artery,baseline,1.79640718562874,0.2568002939224243
Artery,baseline,13.3587786259542,0.4269070327281952
Artery,baseline,3.03030303030303,0.09220827370882034
Artery,baseline,1.26182965299685,0.010186668485403061
Artery,baseline,9.40594059405941,0.5567173361778259
Artery,baseline,1.04166666666667,0.054437607526779175
Artery,baseline,3.7328094302554,0.2315365970134735
Artery,baseline,9.58188153310105,0.6561493873596191
Artery,baseline,12.9429892141757,0.391508549451828
Artery,baseline,2.4919345867171,0.881544291973114
Artery,baseline,1.48148148148148,0.9710577726364136
Artery,baseline,4.57717569786535,0.9482585191726685
Artery,baseline,6.36280208014683,0.9484230875968933
Artery,baseline,1.6040915959549,0.7625605463981628
Artery,baseline,2.0392068499324,0.1080462709069252
Artery,baseline,3.86034255599473,0.5790835022926331
Artery,baseline,4.70093286994695,0.7300692200660706
Artery,baseline,4.07690938223251,0.9013692140579224
Artery,baseline,1.01688759760305,0.2500624358654022
Artery,baseline,2.20994475138122,0.9075833559036255
Artery,baseline,4.42448979591837,0.8740620017051697
Artery,baseline,1.14158871095608,0.6953977346420288
Artery,baseline,1.52787105439893,0.8289567828178406
Artery,baseline,10.0331125827815,0.887053370475769
Artery,baseline,7.05149781218445,0.9068726897239685
Artery,baseline,11.3928165122704,0.8505662679672241
Artery,baseline,7.26031647533354,0.7188066840171814
Artery,baseline,2.53264118294793,0.7185924649238586
Artery,baseline,2.73363000635728,0.752625048160553
Artery,baseline,6.92269655513433,0.8178198337554932
Artery,baseline,3.70128811348443,0.6121408343315125
Artery,baseline,1.91826522101751,0.6086810827255249
Artery,baseline,3.0444185659624,0.6668897271156311
Artery,baseline,1.56404346394468,0.6909323930740356
Artery,baseline,5.52083333333333,0.8345367312431335
Artery,baseline,2.66861391396707,0.8412907123565674
Artery,baseline,5.24543452920606,0.6582726836204529
Artery,baseline,1.87636550571906,0.7008126974105835
Artery,baseline,12.2337662337662,0.8419026136398315
Artery,baseline,2.30798335225123,0.9169137477874756
Artery,baseline,1.12676056338028,0.8922728896141052
Artery,baseline,2.84674996046181,0.6050993800163269
Artery,baseline,1.56115971864814,0.025329863652586937
Artery,baseline,1.11054160259696,0.09037173539400101
Artery,baseline,2.86963131889016,0.31416088342666626
Artery,baseline,1.61773517076093,0.02920587919652462
Artery,baseline,1.75438596491228,0.0035333670675754547
Artery,baseline,1.25441003528028,0.002750622108578682
Artery,baseline,1.43646408839779,0.002126256702467799
Artery,baseline,2.29709035222052,0.0009931618114933372
Artery,baseline,1.27693535514765,0.0007608428131788969
Artery,baseline,2.46710526315789,0.0006917708669789135
Artery,baseline,1.13935144609991,0.0007409799145534635
Artery,baseline,1.0989010989011,0.872061014175415
Artery,baseline,9.85221674876847,0.40625032782554626
Artery,baseline,6.5,0.8477217555046082
Artery,baseline,6.89655172413793,0.8363745212554932
Artery,baseline,3.10880829015544,0.26456236839294434
Artery,baseline,2.33644859813084,0.007881514728069305
Artery,baseline,1.9047619047619,0.511585533618927
Artery,baseline,1.11111111111111,0.12640973925590515
Artery,baseline,5.26315789473684,0.03713594749569893
Artery,baseline,6.62983425414365,0.9487082362174988
Artery,baseline,3.2258064516129,0.028475819155573845
Artery,baseline,2.82485875706215,0.10267859697341919
Artery,baseline,6.06060606060606,0.776784360408783
Artery,baseline,1.02040816326531,0.41526809334754944
Artery,baseline,2.56410256410256,0.5600212216377258
Artery,baseline,2.87081339712919,0.4083991050720215
Artery,baseline,14.3564356435644,0.4246034622192383
Artery,baseline,7.69230769230769,0.40040668845176697
Artery,baseline,3.58974358974359,0.26949015259742737
Artery,baseline,4.97512437810945,0.4955165684223175
Artery,baseline,11.5,0.3001153767108917
Artery,baseline,1.69491525423729,0.7547315955162048
Artery,baseline,3.24324324324324,0.97548907995224
Artery,baseline,2.61780104712042,0.863162100315094
Artery,baseline,4.41176470588235,0.4903194010257721
Artery,baseline,8.25242718446602,0.8370859026908875
Artery,baseline,1.71428571428571,0.08266924321651459
Artery,baseline,12.0418848167539,0.6639203429222107
Artery,baseline,8.19672131147541,0.7232967615127563
Artery,baseline,2.5,0.22263705730438232
Artery,baseline,2.04081632653061,0.24518093466758728
Artery,baseline,10.4938271604938,0.3166433274745941
Artery,baseline,7.97546012269939,0.42384421825408936
Artery,baseline,1.88679245283019,0.07015819102525711
Artery,baseline,4.76190476190476,0.016973713412880898
Artery,baseline,1.05820105820106,0.0014990188647061586
Artery,baseline,3.03030303030303,0.0022757677361369133
Artery,baseline,1.83262064752596,0.6199933290481567
Artery,baseline,5.73405832921404,0.2831607460975647
Artery,baseline,10.5185909980431,0.32075929641723633
Artery,baseline,2.87769784172662,0.693526566028595
Artery,baseline,6.25,0.7865669131278992
Artery,baseline,1.01070154577883,0.30399632453918457
Artery,baseline,7.38569753810082,0.18629887700080872
Artery,baseline,2.31884057971015,0.12004882842302322
Artery,baseline,3.51841671247938,0.23752345144748688
Artery,baseline,3.32409972299169,0.10361092537641525
Artery,baseline,10.0719424460432,0.7798416614532471
Artery,baseline,11.6640746500778,0.8423380851745605
Artery,baseline,1.90197512801756,0.8103044033050537
Artery,baseline,1.30718954248366,0.7642943263053894
Artery,baseline,2.61394101876676,0.8990755081176758
Artery,baseline,1.38801261829653,0.5642474293708801
Artery,baseline,9.29632020658489,0.840722382068634
Artery,baseline,7.70252324037185,0.7601767182350159
Artery,baseline,3.3003300330033,0.7401683926582336
Artery,baseline,2.78422273781903,0.3565574884414673
Artery,baseline,2.28601807549176,0.29758939146995544
Artery,baseline,10.4585265327151,0.6344188451766968
Artery,baseline,7.30176839703366,0.8905998468399048
Artery,baseline,4.52046426389737,0.4541347026824951
Artery,baseline,7.84313725490196,0.9350002408027649
Artery,baseline,2.54716981132076,0.9869035482406616
Artery,baseline,2.33265720081136,0.22553518414497375
Artery,baseline,5.95637583892617,0.8398737907409668
Artery,baseline,2.66001662510391,0.3838280141353607
Artery,baseline,7.67960363336086,0.8988012075424194
Artery,baseline,1.64075993091537,0.7921910285949707
Artery,baseline,1.53468385512584,0.17836959660053253
Artery,baseline,3.54993983152828,0.2525860071182251
Artery,baseline,5.29925187032419,0.2981874346733093
Artery,baseline,3.25581395348837,0.12797759473323822
Artery,baseline,3.13406848520023,0.40914514660835266
Artery,baseline,1.26811594202899,0.27590635418891907
Artery,baseline,1.94410692588092,0.3754410147666931
Artery,baseline,2.82451923076923,0.5935441255569458
Artery,baseline,1.74909529553679,0.5647834539413452
Artery,baseline,2.43261012491782,0.9458015561103821
Artery,baseline,6.77749360613811,0.8885791301727295
Artery,baseline,10.4441776710684,0.9941853880882263
Artery,baseline,9.3692590324556,0.9714466333389282
Artery,baseline,4.68557336621455,0.9693924784660339
Artery,baseline,1.17647058823529,0.8840690851211548
Artery,baseline,4.61297888975762,0.41343337297439575
Artery,baseline,5.23636363636364,0.6233426928520203
Artery,baseline,12.2328666175387,0.6816825270652771
Artery,baseline,8.08823529411765,0.3477054536342621
Artery,baseline,1.84633710541989,0.6626169085502625
Artery,baseline,1.00117785630153,0.561829686164856
Artery,baseline,1.37966274910577,0.80197674036026
Artery,baseline,8.28729281767956,0.803259015083313
Artery,baseline,11.214953271028,0.8930968046188354
Artery,baseline,10.634328358209,0.8806422352790833
Artery,baseline,14.7727272727273,0.8695827126502991
Artery,baseline,8.14159292035398,0.8442391753196716
Artery,baseline,1.39165009940358,0.30136674642562866
Artery,baseline,8.79310344827586,0.05026700347661972
Artery,baseline,12.6009693053312,0.0704076737165451
Artery,baseline,7.81476121562952,0.8666325807571411
Artery,baseline,12.5567322239032,0.9271455407142639
Artery,baseline,2.95420974889217,0.9564443230628967
Artery,baseline,9.41176470588235,0.8743659257888794
Artery,baseline,2.4653312788906,0.14559943974018097
Artery,baseline,4.78199718706048,0.7748672962188721
Artery,baseline,3.45345345345345,0.10140866786241531
Artery,baseline,2.89473684210526,0.24040240049362183
Artery,baseline,2.10803689064559,0.18151439726352692
Artery,baseline,10.3359173126615,0.18921546638011932
Artery,baseline,3.22997416020672,0.23729252815246582
Artery,baseline,5.25641025641026,0.25368818640708923
Artery,baseline,1.21293800539084,0.009289382956922054
Artery,baseline,1.6260162601626,0.31320226192474365
Artery,baseline,8.36707152496626,0.3795866370201111
Artery,baseline,7.67004341534009,0.614835798740387
Artery,baseline,3.32369942196532,0.5057253241539001
Artery,baseline,1.40646976090014,0.11611831188201904
Artery,baseline,9.48571428571429,0.8030214905738831
Artery,baseline,1.99764982373678,0.06099000200629234
Artery,baseline,1.07784431137725,0.18265658617019653
Artery,baseline,7.89115646258503,0.011002518236637115
Artery,baseline,6.07940446650124,0.6132562756538391
Artery,baseline,1.72185430463576,0.15380558371543884
Artery,baseline,4.35374149659864,0.6359390616416931
Artery,baseline,1.57593123209169,0.1269509196281433
Artery,baseline,1.74165457184325,0.025714201852679253
Artery,baseline,2.43204577968527,0.05291286110877991
Artery,baseline,8.54341736694678,0.2598819136619568
Artery,baseline,4.61538461538462,0.08651502430438995
Artery,baseline,3.20102432778489,0.21027785539627075
Artery,baseline,3.18725099601594,0.34201669692993164
Artery,baseline,2.70880361173815,0.8606961369514465
Artery,baseline,3.11302681992337,0.6763110756874084
Artery,baseline,4.91731940818103,0.30480557680130005
Artery,baseline,12.4944812362031,0.7926925420761108
Artery,baseline,8.20173204279165,0.8950205445289612
Artery,baseline,1.55002348520432,0.3838237524032593
Artery,baseline,5.0,0.23790110647678375
Artery,baseline,3.9339485186984,0.18065711855888367
Artery,baseline,12.5714285714286,0.8439573645591736
Artery,baseline,10.0454316002019,0.8171229362487793
Artery,baseline,1.08415074858028,0.3880934417247772
Artery,baseline,1.46835443037975,0.2714405059814453
Artery,baseline,7.05394190871369,0.7618014812469482
Artery,baseline,12.3516720604099,0.8315616846084595
Artery,baseline,4.73709142586452,0.7760286927223206
Artery,baseline,5.4739652870494,0.5670418739318848
Artery,baseline,1.84549356223176,0.540462076663971
Artery,baseline,1.81587837837838,0.6150683164596558
Artery,baseline,2.75270758122744,0.7344306111335754
Artery,baseline,1.338199513382,0.43746569752693176
Artery,baseline,10.0604490500864,0.703266978263855
Artery,baseline,2.22323049001815,0.33275070786476135
Artery,baseline,11.8052738336714,0.818841278553009
Artery,baseline,3.47604917337855,0.12451609969139099
Artery,baseline,4.24268137462877,0.5344175100326538
Artery,baseline,2.08900999091735,0.16651839017868042
Artery,baseline,4.20581655480984,0.8851843476295471
Artery,baseline,1.21951219512195,0.3778771460056305
Artery,baseline,7.48823277706461,0.9124466776847839
Artery,baseline,5.76330840299164,0.9426189064979553
Artery,baseline,5.45540796963947,0.7754195332527161
Artery,baseline,1.92307692307692,0.31987518072128296
Artery,baseline,9.22098569157393,0.5923618674278259
Artery,baseline,1.07413276985385,0.7776970267295837
Artery,baseline,11.2012987012987,0.836052656173706
Artery,baseline,1.82984342576872,0.7277164459228516
Artery,baseline,1.08652706440142,0.426382839679718
Artery,baseline,1.80526783071915,0.6765176057815552
Artery,baseline,3.66430260047281,0.1712668538093567
Artery,baseline,9.61693008304313,0.8287034034729004
Artery,baseline,2.20300597076385,0.7519726753234863
Artery,baseline,1.48156789547364,0.22203807532787323
Artery,baseline,3.13267813267813,0.6935917139053345
Artery,baseline,4.28054000658545,0.060276761651039124
Artery,baseline,3.09513621452004,0.8114340901374817
Artery,baseline,8.61574556830031,0.5199804902076721
Artery,baseline,1.86199342825849,0.19971805810928345
Artery,baseline,8.17084493964717,0.7144018411636353
Artery,baseline,5.03585125896282,0.16360731422901154
Artery,baseline,8.96776406035665,0.8939857482910156
Artery,baseline,5.97157911543989,0.14402997493743896
Artery,baseline,1.32043890645341,0.011798856779932976
Artery,baseline,3.14249593642767,0.08087147027254105
Artery,baseline,1.02955195424214,0.010428396984934807
Artery,baseline,1.93050193050193,0.004543028771877289
Artery,baseline,1.85922974767596,0.027711333706974983
Artery,baseline,1.04105283834217,0.0026277119759470224
Artery,baseline,2.32001473025226,0.01708698272705078
Artery,baseline,14.9636243386243,0.672315776348114
Artery,baseline,1.54621264767199,0.03970833867788315
Artery,baseline,2.83318878288523,0.009903485886752605
Artery,baseline,1.21831828565213,0.6158758997917175
Artery,baseline,2.23114680946006,0.7374679446220398
Artery,baseline,2.85579419400519,0.7618937492370605
Artery,baseline,1.39652014652015,0.555501401424408
Artery,baseline,1.43387530405838,0.9428444504737854
Artery,baseline,3.06324110671937,0.9833254814147949
Artery,baseline,13.1607997056298,0.9807384610176086
Artery,baseline,4.32832707551106,0.9520233273506165
Artery,baseline,8.80296174413821,0.9654486775398254
Artery,baseline,3.7037037037037,0.5730134844779968
Artery,baseline,1.78571428571429,0.05539600923657417
Artery,baseline,5.12820512820513,0.4160888195037842
Artery,baseline,14.5038167938931,0.7134897708892822
Artery,baseline,4.47761194029851,0.4102170169353485
Artery,baseline,1.88679245283019,0.2399870753288269
Artery,baseline,6.28571428571429,0.1923574060201645
Artery,baseline,9.83606557377049,0.46062785387039185
Artery,baseline,5.91715976331361,0.12633366882801056
Artery,baseline,10.9090909090909,0.6064947843551636
Artery,baseline,3.75,0.8428802490234375
Artery,baseline,9.74025974025974,0.44015684723854065
Artery,baseline,2.32558139534884,0.02108149044215679
Artery,baseline,7.18562874251497,0.020291466265916824
Artery,baseline,9.14285714285714,0.21025151014328003
Artery,baseline,12.9032258064516,0.1393038034439087
Artery,baseline,3.87096774193548,0.027274958789348602
Artery,baseline,10.2739726027397,0.09098732471466064
Artery,baseline,13.6,0.0561133474111557
Artery,baseline,1.61290322580645,0.12129316478967667
Artery,baseline,3.2520325203252,0.021912971511483192
Artery,baseline,4.0650406504065,0.007743316236883402
Artery,baseline,5.35714285714286,0.16026008129119873
Artery,baseline,1.69491525423729,0.008856495842337608
Artery,baseline,13.9130434782609,0.37988460063934326
Artery,baseline,2.4390243902439,0.0047132708132267
Artery,baseline,10.8695652173913,0.07325159013271332
Artery,baseline,14.8148148148148,0.18995246291160583
Artery,baseline,6.38297872340426,0.2975589334964752
Artery,baseline,7.87878787878788,0.05469193682074547
Artery,baseline,12.7167630057803,0.022210339084267616
Artery,baseline,3.81679389312977,0.4934362769126892
Artery,baseline,5.73770491803279,0.09046079963445663
Artery,baseline,10.6951871657754,0.7557384967803955
Artery,baseline,8.29493087557604,0.7714669108390808
Artery,baseline,13.4199134199134,0.5024506449699402
Artery,baseline,1.16731517509728,0.17765885591506958
Artery,baseline,2.57510729613734,0.8890442252159119
Artery,baseline,6.07287449392713,0.8138893842697144
Artery,baseline,5.859375,0.9624323844909668
Artery,baseline,3.58565737051793,0.9438177943229675
Artery,baseline,11.9521912350598,0.9756256937980652
Artery,baseline,1.2396694214876,0.9127437472343445
Artery,baseline,1.98675496688742,0.6604439616203308
Artery,baseline,1.49253731343284,0.10140968859195709
Artery,baseline,2.35849056603774,0.9565211534500122
Artery,baseline,1.22950819672131,0.9669859409332275
Artery,baseline,11.4774889029803,0.7572407126426697
Artery,baseline,9.09090909090909,0.6607916951179504
Artery,baseline,7.89022298456261,0.6260093450546265
Artery,baseline,3.01339285714286,0.2681713402271271
Artery,baseline,3.26797385620915,0.43355435132980347
Artery,baseline,14.2245989304813,0.2377976030111313
Artery,baseline,4.08055113937467,0.030849754810333252
Artery,baseline,4.07662082514735,0.13147228956222534
Artery,baseline,6.42045454545455,0.21866707503795624
Artery,baseline,5.88574725908829,0.07441648095846176
Artery,baseline,10.0174723354688,0.26653099060058594
Artery,baseline,10.9144542772861,0.3186957538127899
Artery,baseline,8.63039399624766,0.2672945559024811
Artery,baseline,6.15563298490128,0.8703223466873169
Artery,baseline,2.43572395128552,0.05123240873217583
Artery,baseline,3.69357045143639,0.43849512934684753
Artery,baseline,5.30864197530864,0.7269951701164246
Artery,baseline,3.13549832026876,0.2682373523712158
Artery,baseline,14.6134239592184,0.5228788256645203
Artery,baseline,5.39130434782609,0.10385844111442566
Artery,baseline,9.33786078098472,0.11419913172721863
Artery,baseline,4.85512920908379,0.02071423828601837
Artery,baseline,2.36336779911374,0.04172813519835472
Artery,baseline,13.5416666666667,0.1047569066286087
Artery,baseline,1.19940029985008,0.03314366564154625
Artery,baseline,1.1025886864813,0.037494298070669174
Artery,baseline,1.76056338028169,0.6772788763046265
Artery,baseline,1.13207547169811,0.019325926899909973
Artery,baseline,6.91906005221932,0.9295485615730286
Artery,baseline,12.8952262864228,0.75892174243927
Artery,baseline,9.16943521594684,0.046976327896118164
Artery,baseline,12.6296522269677,0.9199131727218628
Artery,baseline,4.78755236385398,0.9626225829124451
Artery,baseline,2.53399258343634,0.6114474534988403
Artery,baseline,1.45348837209302,0.8617512583732605
Artery,baseline,12.5160462130937,0.6795011162757874
Artery,baseline,11.5054378935318,0.6891608834266663
Artery,baseline,1.85830429732869,0.45089104771614075
Artery,baseline,1.96304849884527,0.6914905905723572
Artery,baseline,6.84776457272213,0.6696291565895081
Artery,baseline,5.82264957264957,0.16262730956077576
Artery,baseline,8.01506186121571,0.07559572160243988
Artery,baseline,2.41023118544024,0.1222936138510704
Artery,baseline,8.57422831945125,0.07547613233327866
Artery,baseline,10.1748095024653,0.04569932073354721
Artery,baseline,1.87590187590188,0.5573015213012695
Artery,baseline,3.2258064516129,0.6485674977302551
Artery,baseline,1.82529335071708,0.48574477434158325
Artery,baseline,1.46699266503668,0.6330654621124268
Artery,baseline,2.85359801488834,0.6291344165802002
Artery,baseline,2.90275761973875,0.6389057040214539
Artery,baseline,2.52659574468085,0.5181839466094971
Artery,baseline,8.59481582537517,0.6496005058288574
Artery,baseline,1.39664804469274,0.6042436957359314
Artery,baseline,9.69044414535666,0.7053568959236145
Artery,baseline,1.39103554868624,0.0649808868765831
Artery,baseline,7.25689404934688,0.6378380656242371
Artery,baseline,3.98162327718224,0.6653884649276733
Artery,baseline,1.63447251114413,0.12152627855539322
Artery,baseline,1.31795716639209,0.20727436244487762
Artery,baseline,13.8211382113821,0.7660595774650574
Artery,baseline,8.16993464052288,0.5595602989196777
Artery,baseline,9.32642487046632,0.6647201180458069
Artery,baseline,6.71031096563011,0.5164576172828674
Artery,baseline,3.60655737704918,0.39243781566619873
Artery,baseline,1.75718849840256,0.29551154375076294
Artery,baseline,3.15457413249211,0.23976847529411316
Artery,baseline,3.08943089430894,0.16185064613819122
Artery,baseline,3.51145038167939,0.2559308111667633
Artery,baseline,2.36593059936909,0.2584357261657715
Artery,baseline,2.83464566929134,0.3163502514362335
Artery,baseline,1.27186009538951,0.3449430465698242
Artery,baseline,11.9349005424955,0.7921339869499207
Artery,baseline,14.7260273972603,0.8461655974388123
Artery,baseline,3.50262697022767,0.5064411163330078
Artery,baseline,2.08667736757624,0.7058730721473694
Artery,baseline,6.74846625766871,0.8540109395980835
Artery,baseline,2.4,0.20972685515880585
Artery,baseline,4.45859872611465,0.6929792165756226
Artery,baseline,1.9047619047619,0.29011058807373047
Artery,baseline,6.9023569023569,0.844065248966217
Artery,baseline,2.35988200589971,0.1446080207824707
Artery,baseline,1.30718954248366,0.5858933925628662
Artery,baseline,6.94736842105263,0.9278843402862549
Artery,baseline,6.58682634730539,0.9071431756019592
Artery,baseline,1.67014613778706,0.1394990235567093
Artery,baseline,3.55239786856128,0.19185727834701538
Artery,baseline,2.25352112676056,0.23885150253772736
Artery,baseline,6.765899864682,0.20853178203105927
Artery,baseline,1.1968085106383,0.11780621111392975
Artery,baseline,1.17647058823529,0.011006655171513557
Artery,baseline,4.04551201011378,0.8089309930801392
Artery,baseline,7.61154855643045,0.8979756832122803
Artery,baseline,1.87032418952618,0.6914177536964417
Artery,baseline,12.1518987341772,0.9719813466072083
Artery,baseline,5.96026490066225,0.9335183501243591
Artery,baseline,5.88235294117647,0.9797531366348267
Artery,baseline,2.01072386058981,0.41366660594940186
Artery,baseline,8.93561103810775,0.96158766746521
Artery,baseline,1.09622411693057,0.8685294389724731
Artery,baseline,1.230012300123,0.9720327854156494
Artery,baseline,5.41871921182266,0.9883707761764526
Artery,baseline,2.12234706616729,0.8998317718505859
Artery,baseline,3.60696517412935,0.9474050998687744
Artery,baseline,1.66865315852205,0.8068851232528687
Artery,baseline,3.11284046692607,0.46998029947280884
Artery,baseline,3.3112582781457,0.8520734906196594
Artery,baseline,4.99325236167341,0.8316609263420105
Artery,baseline,2.77777777777778,0.9886731505393982
Artery,baseline,14.1802067946824,0.9843530058860779
Artery,baseline,6.73234811165846,0.8524958491325378
Artery,baseline,8.06962025316456,0.9322750568389893
Artery,baseline,1.47275405007364,0.9075783491134644
Artery,baseline,7.87801778907243,0.7328914403915405
Artery,baseline,4.739336492891,0.9234038591384888
Artery,baseline,1.29716981132075,0.7673273086547852
Artery,baseline,2.35849056603774,0.8318464756011963
Artery,baseline,1.49082568807339,0.8174031376838684
Artery,baseline,4.3859649122807,0.6453227400779724
Artery,baseline,2.75229357798165,0.752780020236969
Artery,baseline,6.72268907563025,0.9118584394454956
Artery,baseline,3.7037037037037,0.1927628219127655
Artery,baseline,6.48148148148148,0.7888045907020569
Artery,baseline,3.36134453781513,0.05008881911635399
Artery,baseline,3.2520325203252,0.7712103724479675
Artery,baseline,4.43037974683544,0.45613187551498413
Artery,baseline,10.8974358974359,0.9259838461875916
Artery,baseline,12.2699386503067,0.892723798751831
Artery,baseline,4.95049504950495,0.5275421142578125
Artery,baseline,4.85436893203884,0.6282743811607361
Artery,baseline,2.85714285714286,0.29046064615249634
Artery,baseline,2.65486725663717,0.7953188419342041
Artery,baseline,5.17241379310345,0.5854744911193848
Artery,baseline,8.18181818181818,0.9797062277793884
Artery,baseline,12.9310344827586,0.9724968671798706
Artery,baseline,11.0169491525424,0.979028046131134
Artery,baseline,4.0983606557377,0.9078433513641357
Artery,baseline,6.50406504065041,0.9309964179992676
Artery,baseline,5.12820512820513,0.9197338223457336
Artery,baseline,5.21739130434783,0.9242804646492004
Artery,baseline,9.64912280701754,0.8534448742866516
Artery,baseline,4.71698113207547,0.8637893199920654
Artery,baseline,2.56410256410256,0.3000873327255249
Artery,baseline,1.6260162601626,0.6594672203063965
Artery,baseline,3.53982300884956,0.6279688477516174
Artery,baseline,1.96078431372549,0.38139355182647705
Artery,baseline,1.39968895800933,0.17467345297336578
Artery,baseline,8.25082508250825,0.4254869520664215
Artery,baseline,14.5901639344262,0.5714371800422668
Artery,baseline,13.5775862068966,0.5349970459938049
Artery,baseline,8.03108808290156,0.047991883009672165
Artery,baseline,3.515625,0.0422574020922184
Artery,baseline,1.2987012987013,0.08931472152471542
Artery,baseline,2.06611570247934,0.5053974390029907
Artery,baseline,11.7924528301887,0.30356350541114807
Artery,baseline,9.52380952380952,0.5485318303108215
Artery,baseline,4.71204188481675,0.0621061772108078
Artery,baseline,2.08333333333333,0.3489741384983063
Artery,baseline,2.56410256410256,0.17093846201896667
Artery,baseline,1.62162162162162,0.15991421043872833
Artery,baseline,7.26256983240223,0.1426125019788742
Artery,baseline,4.16666666666667,0.27054908871650696
Artery,baseline,7.25806451612903,0.08685751259326935
Artery,baseline,4.54545454545455,0.30602318048477173
Artery,baseline,2.23463687150838,0.17975351214408875
Artery,baseline,13.3858267716535,0.7207120060920715
Artery,baseline,14.0794223826715,0.29601091146469116
Artery,baseline,1.36986301369863,0.03789961338043213
Artery,baseline,1.46750524109015,0.2668207883834839
Artery,baseline,6.42722117202268,0.20555338263511658
Artery,baseline,7.2013093289689,0.08975355327129364
Artery,baseline,2.40320427236315,0.03486185148358345
Artery,baseline,2.41610738255034,0.04047297313809395
Artery,baseline,4.26666666666667,0.024705788120627403
Artery,baseline,1.12676056338028,0.0066085741855204105
Artery,baseline,4.92957746478873,0.007314872927963734
Artery,baseline,4.16,0.4100206792354584
Artery,baseline,11.952861952862,0.0187456663697958
Artery,baseline,10.1083032490975,0.8251585364341736
Artery,baseline,3.68763557483731,0.3869546949863434
Artery,baseline,12.7536231884058,0.22070902585983276
Artery,baseline,5.94405594405594,0.8295842409133911
Artery,baseline,5.0,0.37649497389793396
Artery,baseline,1.44927536231884,0.09313172101974487
Artery,baseline,8.66666666666667,0.7874481678009033
Artery,baseline,6.04026845637584,0.7049893140792847
Artery,baseline,1.24223602484472,0.47955378890037537
Artery,baseline,8.69565217391304,0.9202001690864563
Artery,baseline,6.8,0.06465014070272446
Artery,baseline,9.63855421686747,0.01987060345709324
Artery,baseline,8.24742268041237,0.8885064721107483
Artery,baseline,2.25563909774436,0.9546549320220947
Artery,baseline,8.31062670299728,0.1125251054763794
Artery,baseline,2.48447204968944,0.6075766682624817
Artery,baseline,12.7252252252252,0.7082855105400085
Artery,baseline,14.4927536231884,0.6318339705467224
Artery,baseline,2.71604938271605,0.10273405909538269
Artery,baseline,2.34741784037559,0.594179093837738
Artery,baseline,1.79372197309417,0.9078444242477417
Artery,baseline,11.8203309692671,0.5441747307777405
Artery,baseline,1.53452685421995,0.7781021595001221
Artery,baseline,1.74927113702624,0.15080513060092926
Artery,baseline,13.5483870967742,0.42010369896888733
Artery,baseline,6.05095541401274,0.37290218472480774
Artery,baseline,2.50783699059561,0.15512876212596893
Artery,baseline,14.7826086956522,0.8631797432899475
Artery,baseline,4.96240601503759,0.38402625918388367
Artery,baseline,2.43531202435312,0.46256837248802185
Artery,baseline,11.7324561403509,0.8045578598976135
Artery,baseline,1.45672664952871,0.3063637912273407
Artery,baseline,1.22448979591837,0.45453447103500366
Artery,baseline,7.61750405186386,0.48053106665611267
Artery,baseline,6.51607298001738,0.6995481252670288
Artery,baseline,1.47954743255004,0.03580981492996216
Artery,baseline,6.27763041556145,0.8249498605728149
Artery,baseline,12.9222972972973,0.33580487966537476
Artery,baseline,5.6836902800659,0.4533686637878418
Artery,baseline,4.47019867549669,0.7923452258110046
Artery,baseline,2.45901639344262,0.6160157322883606
Artery,baseline,1.63487738419619,0.22262504696846008
Artery,baseline,2.38095238095238,0.09334976971149445
Artery,baseline,1.34408602150538,0.03281518444418907
Artery,baseline,1.36612021857924,0.2199089080095291
Artery,baseline,2.30547550432277,0.30016735196113586
Artery,baseline,1.48367952522255,0.461748331785202
Artery,baseline,3.27380952380952,0.4008360803127289
Artery,baseline,6.23376623376623,0.7542459964752197
Artery,baseline,6.8241469816273,0.7020306587219238
Artery,baseline,2.31958762886598,0.5358420014381409
Artery,baseline,2.00501253132832,0.08483338356018066
Artery,baseline,1.82232346241458,0.2952498495578766
Artery,baseline,3.81861575178998,0.06048230826854706
Artery,baseline,3.17796610169492,0.26799076795578003
Artery,baseline,1.88679245283019,0.026390964165329933
Artery,baseline,9.67741935483871,0.6446226835250854
Artery,baseline,1.73410404624277,0.45165756344795227
Artery,baseline,6.25,0.7521429061889648
Artery,baseline,3.59712230215827,0.6654970645904541
Artery,baseline,2.44755244755245,0.3184782564640045
Artery,baseline,1.05263157894737,0.5649023652076721
Artery,baseline,1.4218009478673,0.26621121168136597
Artery,baseline,2.10409745293466,0.33010438084602356
Artery,baseline,4.63065049614113,0.6638224720954895
Artery,baseline,8.43373493975904,0.40280529856681824
Artery,baseline,11.1570247933884,0.8908768892288208
Artery,baseline,1.92307692307692,0.7929376363754272
Artery,baseline,3.44827586206897,0.6387295722961426
Artery,baseline,11.5384615384615,0.9119911789894104
Artery,baseline,1.52671755725191,0.9280590415000916
Artery,baseline,4.54545454545455,0.4838060140609741
Artery,baseline,4.51977401129944,0.35291919112205505
Artery,baseline,4.25531914893617,0.1429406702518463
Artery,baseline,5.80912863070539,0.5542054176330566
Artery,baseline,8.4070796460177,0.4743998050689697
Artery,baseline,1.22377622377622,0.024608921259641647
Artery,baseline,1.6,0.1990794837474823
Artery,baseline,1.26050420168067,0.8773161172866821
Artery,baseline,1.45228215767635,0.8842243552207947
Artery,baseline,13.1067961165049,0.7053426504135132
Artery,baseline,4.83516483516484,0.38155537843704224
Artery,baseline,9.39947780678851,0.8549846410751343
Artery,baseline,1.9774011299435,0.8348845839500427
Artery,baseline,13.1944444444444,0.764286458492279
Artery,baseline,5.92885375494071,0.6550045609474182
Artery,baseline,8.7719298245614,0.3652615249156952
Artery,baseline,3.44827586206897,0.9420930743217468
Artery,baseline,1.82926829268293,0.9064423441886902
Artery,baseline,5.06329113924051,0.9256740212440491
Artery,baseline,1.28205128205128,0.7198807001113892
Artery,baseline,2.64900662251656,0.7768054008483887
Artery,baseline,10.7913669064748,0.9345472455024719
Artery,baseline,3.28947368421053,0.8508274555206299
Artery,baseline,4.69798657718121,0.6549749374389648
Artery,baseline,4.76190476190476,0.8000066876411438
Artery,baseline,14.0845070422535,0.7681066989898682
Artery,baseline,6.50406504065041,0.9534056186676025
Artery,baseline,3.36134453781513,0.960791289806366
Artery,baseline,1.07142857142857,0.2521968483924866
Artery,baseline,2.06489675516224,0.46004676818847656
Artery,baseline,9.16666666666667,0.7688767313957214
Artery,baseline,2.5706940874036,0.09532281756401062
Artery,baseline,7.6530612244898,0.10247330367565155
Artery,baseline,6.3943161634103,0.1413627564907074
Artery,baseline,2.45310245310245,0.0016598680522292852
Artery,baseline,2.6378896882494,0.6090204119682312
Artery,baseline,1.02389078498294,0.8270103931427002
Artery,baseline,1.44927536231884,0.06245346739888191
Artery,baseline,1.45102781136638,0.5906538963317871
Artery,baseline,2.65193370165746,0.4208173155784607
Artery,baseline,7.68584628307434,0.9299010634422302
Artery,baseline,3.03147699757869,0.9079771041870117
Artery,baseline,1.67034204476141,0.9030078649520874
Artery,baseline,1.07859733978235,0.5917071104049683
Artery,baseline,4.53078908554572,0.8747442960739136
Artery,baseline,1.19374656610559,0.7788069248199463
Artery,baseline,1.27782769292203,0.7064127922058105
Artery,baseline,1.74529944289694,0.8486706018447876
Artery,baseline,1.55590604885119,0.8650897145271301
Artery,baseline,4.99571183533448,0.8691810369491577
Artery,baseline,3.19781316440318,0.9037802219390869
Artery,baseline,1.09280213397582,0.9128684997558594
Artery,baseline,6.50787278647576,0.9528604745864868
Artery,baseline,1.0934007192147,0.9561347365379333
Artery,baseline,1.51515151515152,0.8204423785209656
Artery,baseline,14.7058823529412,0.7921618819236755
Artery,baseline,8.33333333333333,0.4485143721103668
Artery,baseline,1.19047619047619,0.029249126091599464
Artery,baseline,4.63576158940397,0.6150465607643127
Artery,baseline,8.05369127516779,0.21451079845428467
Artery,baseline,12.1387283236994,0.5638132691383362
Artery,baseline,2.33918128654971,0.4033207893371582
Artery,baseline,2.02702702702703,0.09033842384815216
Artery,baseline,3.73134328358209,0.9040828943252563
Artery,baseline,7.5187969924812,0.9765995144844055
Artery,baseline,1.5748031496063,0.04539967700839043
Artery,baseline,8.10810810810811,0.614642322063446
Artery,baseline,2.77777777777778,0.5932314991950989
Artery,baseline,4.10958904109589,0.44836413860321045
Artery,baseline,1.37931034482759,0.2243248075246811
Artery,baseline,9.58904109589041,0.17937229573726654
Artery,baseline,11.8055555555556,0.18795941770076752
Artery,baseline,5.47945205479452,0.21364788711071014
Artery,baseline,2.89855072463768,0.07808032631874084
Artery,baseline,9.375,0.18812604248523712
Artery,baseline,10.8527131782946,0.15792442858219147
Artery,baseline,12.1212121212121,0.2478882521390915
Artery,baseline,3.125,0.40459978580474854
Artery,baseline,5.8252427184466,0.9283700585365295
Artery,baseline,2.4,0.9128724932670593
Artery,baseline,3.92156862745098,0.619278073310852
Artery,baseline,5.02283105022831,0.3323511481285095
Artery,baseline,2.9535864978903,0.7976348996162415
Artery,baseline,3.6144578313253,0.35804393887519836
Artery,baseline,1.27388535031847,0.6240754127502441
Artery,baseline,1.2987012987013,0.009568699635565281
Artery,baseline,12.8378378378378,0.8552101850509644
Artery,baseline,5.33333333333333,0.9415287971496582
Artery,baseline,4.0,0.7568519711494446
Artery,baseline,1.98019801980198,0.7584715485572815
Artery,baseline,10.2803738317757,0.5262218117713928
Artery,baseline,2.58620689655172,0.9686338901519775
Artery,baseline,2.67857142857143,0.20823727548122406
Artery,baseline,7.0,0.8756024837493896
Artery,baseline,1.50375939849624,0.8050075173377991
Artery,baseline,8.59375,0.9687526226043701
Artery,baseline,1.86335403726708,0.6659662127494812
Artery,baseline,1.25786163522013,0.09784839302301407
Artery,baseline,7.21282279608192,0.6389922499656677
Artery,baseline,13.3394664213431,0.6396571397781372
Artery,baseline,8.1888246628131,0.5745479464530945
Artery,baseline,1.17531831537708,0.3620266616344452
Artery,baseline,3.33041191936897,0.8243207931518555
Artery,baseline,1.22295390404516,0.06067169830203056
Artery,baseline,7.94016110471807,0.18842004239559174
Artery,baseline,2.95081967213115,0.5797830820083618
Artery,baseline,2.78551532033426,0.38549813628196716
Artery,baseline,2.61261261261261,0.52864670753479
Artery,baseline,8.70353581142339,0.5074734091758728
Artery,baseline,13.8376383763838,0.2505140006542206
Artery,baseline,4.72972972972973,0.6410693526268005
Artery,baseline,2.53998118532455,0.2369714379310608
Artery,baseline,2.21987315010571,0.0768849104642868
Artery,baseline,4.71204188481675,0.4377513825893402
Artery,baseline,7.66902119071645,0.26664072275161743
Artery,baseline,7.38007380073801,0.22908982634544373
Artery,baseline,13.0687318489835,0.2515772581100464
Artery,baseline,3.61083249749248,0.28839194774627686
Artery,baseline,1.70854271356784,0.3580986261367798
Artery,baseline,1.98807157057654,0.4850405156612396
Artery,baseline,3.33660451422964,0.5473791360855103
Artery,baseline,5.01567398119122,0.865327775478363
Artery,baseline,9.22279792746114,0.23162682354450226
Artery,baseline,1.14335971855761,0.8042242527008057
Artery,baseline,1.76088971269694,0.14632102847099304
Artery,baseline,1.36986301369863,0.3005741536617279
Artery,baseline,1.01010101010101,0.21327969431877136
Artery,baseline,1.43781452192667,0.06951741874217987
Artery,baseline,12.8798842257598,0.890051007270813
Artery,baseline,6.36623748211731,0.7446126937866211
Artery,baseline,2.54300673148841,0.5434330701828003
Artery,baseline,1.71206225680934,0.04877626150846481
Artery,baseline,1.51878497202238,0.28161653876304626
Artery,baseline,2.64026402640264,0.6905786395072937
Artery,baseline,3.04136253041363,0.8747695684432983
Artery,baseline,2.50347705146036,0.6305820941925049
Artery,baseline,1.77705977382876,0.46303945779800415
Artery,baseline,3.35689045936396,0.6143302917480469
Artery,baseline,6.27009646302251,0.13424398005008698
Artery,baseline,13.5746606334842,0.6733715534210205
Artery,baseline,7.06075533661741,0.4165480434894562
Artery,baseline,4.74683544303798,0.4653598368167877
Artery,baseline,7.56914119359534,0.7393496632575989
Artery,baseline,1.91740412979351,0.6664115786552429
Artery,baseline,11.9341563786008,0.6963546276092529
Artery,baseline,1.54798761609907,0.28037673234939575
Artery,baseline,5.58943089430894,0.43256935477256775
Artery,baseline,3.33006856023506,0.028645331040024757
Artery,baseline,1.28558310376492,0.6364940404891968
Artery,baseline,1.87755102040816,0.2684909999370575
Artery,baseline,1.2399708242159,0.11623144894838333
Artery,baseline,1.91256830601093,0.1802004724740982
Artery,baseline,13.3039092055486,0.8644204139709473
Artery,baseline,4.1958041958042,0.8204160332679749
Artery,baseline,1.10584518167457,0.44743233919143677
Artery,baseline,2.87769784172662,0.045274462550878525
Artery,baseline,2.52808988764045,0.20868933200836182
Artery,baseline,1.5491452991453,0.02918270044028759
Artery,baseline,2.38095238095238,0.6916416883468628
Artery,baseline,1.26582278481013,0.3172341585159302
Artery,baseline,5.27601367855398,0.6053926944732666
Artery,baseline,1.72865374541645,0.5209864974021912
Artery,baseline,1.15172759138708,0.26124605536460876
Artery,baseline,1.32808657156911,0.2884425222873688
Artery,baseline,3.9957378795951,0.40542665123939514
Artery,baseline,11.1638954869359,0.6256818771362305
Artery,baseline,4.54325761237313,0.8195543885231018
Artery,baseline,2.49764373232799,0.7590811848640442
Artery,baseline,5.0790608528989,0.6720192432403564
Artery,baseline,2.27380388441497,0.6270973086357117
Artery,baseline,2.43559718969555,0.6692990660667419
Artery,baseline,6.28465804066543,0.6239650845527649
Artery,baseline,3.71066228276186,0.6208370923995972
Artery,baseline,2.12164073550212,0.5534865260124207
Artery,baseline,2.75272899857617,0.5290934443473816
Artery,baseline,9.40950552088334,0.5712762475013733
Artery,baseline,2.61780104712042,0.6769468784332275
Artery,baseline,3.65384615384615,0.6936691403388977
Artery,baseline,14.7397260273973,0.895793616771698
Artery,baseline,4.79525862068966,0.918652355670929
Artery,baseline,2.77315585135885,0.875166654586792
Artery,baseline,5.45863815419246,0.9087033867835999
Artery,baseline,4.52459016393443,0.8232920169830322
Artery,baseline,9.95059985885674,0.8851286172866821
Artery,baseline,1.31061598951507,0.30240169167518616
Artery,baseline,6.08868299139643,0.8376325964927673
Artery,baseline,2.72435897435897,0.7234307527542114
Artery,baseline,4.42571127502634,0.6946904063224792
Artery,baseline,4.00421496311907,0.9462389349937439
Artery,baseline,4.0,0.4231923818588257
Artery,baseline,1.3986013986014,0.41856423020362854
Artery,baseline,9.8159509202454,0.8303695321083069
Artery,baseline,6.37813211845103,0.9846578240394592
Artery,baseline,5.19187358916479,0.7446191310882568
Artery,baseline,2.20472440944882,0.8496538400650024
Artery,baseline,4.48430493273543,0.9640908241271973
Artery,baseline,5.71808510638298,0.950454831123352
Artery,baseline,5.5198973042362,0.9298258423805237
Artery,baseline,12.7413127413127,0.9701228737831116
Artery,baseline,8.66035182679296,0.9789441823959351
Artery,baseline,5.81113801452785,0.657139241695404
Artery,baseline,2.72108843537415,0.3580571711063385
Artery,baseline,13.5593220338983,0.6776610016822815
Artery,baseline,9.06862745098039,0.2775877118110657
Artery,baseline,14.9253731343284,0.9698696136474609
Artery,baseline,13.6939010356732,0.9566881656646729
Artery,baseline,3.6214953271028,0.808689534664154
Artery,baseline,6.81003584229391,0.26437908411026
Artery,baseline,6.01684717208183,0.3986196517944336
Artery,baseline,3.52112676056338,0.7916435599327087
Artery,baseline,7.89473684210526,0.2997232973575592
Artery,baseline,11.7206982543641,0.9478049874305725
Artery,baseline,1.41150922909881,0.7909616827964783
Artery,baseline,2.43337195828505,0.5073704123497009
Artery,baseline,3.29787234042553,0.06083475053310394
Artery,baseline,1.82857142857143,0.22098574042320251
Artery,baseline,1.15874855156431,0.7327002882957458
Artery,baseline,3.38389731621937,0.1714593917131424
Artery,baseline,7.11825487944891,0.8381825685501099
Artery,baseline,2.28013029315961,0.6962205767631531
Artery,baseline,1.51338766006985,0.14457033574581146
Artery,baseline,5.64705882352941,0.8315985202789307
Artery,baseline,2.21932114882507,0.8543967008590698
Artery,baseline,6.54911838790932,0.843114972114563
Artery,baseline,1.00125156445557,0.12162022292613983
Artery,baseline,3.83036935704514,0.5893349051475525
Artery,baseline,8.7956698240866,0.5832827687263489
Artery,baseline,8.61618798955614,0.4182490110397339
Artery,baseline,7.22222222222222,0.8093544244766235
Artery,baseline,7.4468085106383,0.09478724747896194
Artery,baseline,5.98290598290598,0.9675350189208984
Artery,baseline,2.26130653266332,0.11859312653541565
Artery,baseline,5.52763819095477,0.10175130516290665
Artery,baseline,14.4444444444444,0.945253849029541
Artery,baseline,5.02008032128514,0.31689074635505676
Artery,baseline,12.0458891013384,0.8465938568115234
Artery,baseline,1.51515151515152,0.14532111585140228
Artery,baseline,2.69709543568465,0.18864724040031433
Artery,baseline,10.4854368932039,0.8530863523483276
Artery,baseline,5.63991323210412,0.30268681049346924
Artery,baseline,9.55284552845528,0.12250061333179474
Artery,baseline,7.78985507246377,0.5715494751930237
Artery,baseline,5.99250936329588,0.5529797077178955
Artery,baseline,7.85562632696391,0.5040656924247742
Artery,baseline,6.86567164179105,0.44908586144447327
Artery,baseline,1.44092219020173,0.21637815237045288
Artery,baseline,2.32896652110626,0.11899194121360779
Artery,baseline,1.4367816091954,0.05072183907032013
Artery,baseline,9.44444444444444,0.47848206758499146
Artery,baseline,1.19760479041916,0.02069319784641266
Artery,baseline,2.7027027027027,0.8751869201660156
Artery,baseline,2.45098039215686,0.3578426241874695
Artery,baseline,13.0630630630631,0.9690492749214172
Artery,baseline,12.4137931034483,0.8394302725791931
Artery,baseline,8.2089552238806,0.6252031326293945
Artery,baseline,2.53968253968254,0.8472581505775452
Artery,baseline,2.34604105571848,0.4807983338832855
Artery,baseline,3.45911949685535,0.9601330161094666
Artery,baseline,4.66666666666667,0.9291872978210449
Artery,baseline,3.2994923857868,0.3521290719509125
Artery,baseline,13.8686131386861,0.535366415977478
Artery,baseline,3.58744394618834,0.8004631996154785
Artery,baseline,4.84988452655889,0.4660937488079071
Artery,baseline,9.6969696969697,0.020284974947571754
Artery,baseline,7.00218818380744,0.709532618522644
Artery,baseline,12.6520681265207,0.7242231965065002
Artery,baseline,2.67260579064588,0.6194055080413818
Artery,baseline,1.76767676767677,0.47305262088775635
Artery,baseline,7.90273556231003,0.8664339184761047
Artery,baseline,1.70454545454545,0.24847739934921265
Artery,baseline,10.1928374655647,0.2321804016828537
Artery,baseline,4.63215258855586,0.20050066709518433
Artery,baseline,5.76208178438662,0.6162707209587097
Artery,baseline,1.68634064080944,0.26603129506111145
Artery,baseline,2.04264468733202,0.8978990316390991
Artery,baseline,2.15839564921822,0.7500656247138977
Artery,baseline,1.72290021536253,0.5895010232925415
Artery,baseline,4.78214665249734,0.9515325427055359
Artery,baseline,1.2526784242624,0.9283571243286133
Artery,baseline,5.12264308359753,0.895784854888916
Artery,baseline,2.8659827389676,0.8897528648376465
Artery,baseline,1.17283950617284,0.817747950553894
Artery,baseline,8.01786973900776,0.9322522282600403
Artery,baseline,1.9876627827279,0.60477215051651
Artery,baseline,5.10204081632653,0.42813074588775635
Artery,baseline,12.8205128205128,0.39584073424339294
Artery,baseline,1.19760479041916,0.3976774513721466
Artery,baseline,14.6341463414634,0.22634513676166534
Artery,baseline,4.34782608695652,0.09606660157442093
Artery,baseline,1.94174757281553,0.030544042587280273
Artery,baseline,2.65486725663717,0.016224153339862823
Artery,baseline,10.0591715976331,0.9290481209754944
Artery,baseline,9.58083832335329,0.5509561896324158
Artery,baseline,2.83018867924528,0.9344944357872009
Artery,baseline,1.84331797235023,0.8543762564659119
Artery,baseline,2.31481481481482,0.7133981585502625
Artery,baseline,1.38888888888889,0.7277434468269348
Artery,baseline,2.75229357798165,0.8302350044250488
Artery,baseline,2.34741784037559,0.7467811107635498
Artery,baseline,2.76497695852535,0.7623835206031799
Artery,baseline,2.28310502283105,0.820181667804718
Artery,baseline,2.02020202020202,0.9601867198944092
Artery,baseline,7.95454545454545,0.0762864351272583
Artery,baseline,4.96894409937888,0.364927738904953
Artery,baseline,3.65853658536585,0.3635042905807495
Artery,baseline,1.79640718562874,0.2128841131925583
Artery,baseline,1.82926829268293,0.012351063080132008
Artery,baseline,8.17307692307692,0.39822378754615784
Artery,baseline,3.03030303030303,0.042336538434028625
Artery,baseline,14.8148148148148,0.05432445555925369
Artery,baseline,4.09090909090909,0.5743805766105652
Artery,baseline,1.35746606334842,0.45505112409591675
Artery,baseline,3.41538461538462,0.18997634947299957
Artery,baseline,12.7707006369427,0.6170366406440735
Artery,baseline,13.2708585247884,0.7251890301704407
Artery,baseline,9.21012503812138,0.4835812747478485
Artery,baseline,5.79034941763727,0.6487173438072205
Artery,baseline,10.5682605682606,0.41317111253738403
Artery,baseline,6.86822214919487,0.0635736957192421
Artery,baseline,11.2203389830508,0.6887334585189819
Artery,baseline,3.49567949725059,0.16697554290294647
Artery,baseline,7.11838599162543,0.8499751687049866
Artery,baseline,2.48254460822343,0.04279210418462753
Artery,baseline,2.69859369061193,0.07528431713581085
Artery,baseline,1.05660377358491,0.05496098846197128
Artery,baseline,2.83495145631068,0.37548378109931946
Artery,baseline,8.29096597575284,0.3917229473590851
Artery,baseline,4.33744528452049,0.2781938910484314
Artery,baseline,8.86372510737993,0.09238610416650772
Artery,baseline,14.160351017152,0.5363731980323792
Artery,baseline,1.94897236002835,0.6342505812644958
Artery,baseline,5.03621938599517,0.46510857343673706
Artery,baseline,4.17657045840407,0.3372974693775177
Artery,baseline,2.81070098205215,0.28042829036712646
Artery,baseline,1.9047619047619,0.4655335247516632
Artery,baseline,1.22233234225306,0.22792677581310272
Artery,baseline,7.03093611892326,0.9729877710342407
Artery,baseline,1.27780407004259,0.13528500497341156
Artery,baseline,1.071761416589,0.8077200651168823
Artery,baseline,10.965250965251,0.924412727355957
Artery,baseline,3.32941637289463,0.7071759700775146
Artery,baseline,1.96506550218341,0.5986480116844177
Artery,baseline,5.44371987524809,0.513979434967041
Artery,baseline,3.96334478808706,0.4483184218406677
Artery,baseline,5.39551897576589,0.3799606263637543
Artery,baseline,1.65289256198347,0.04747283458709717
Artery,baseline,6.69320726548893,0.21209344267845154
Artery,baseline,3.0267753201397,0.14409786462783813
Artery,baseline,3.03444505194095,0.17772428691387177
Artery,baseline,1.19115144639819,0.023679012432694435
Artery,baseline,9.46196660482375,0.2580954432487488
Artery,baseline,8.19810326659642,0.1818934977054596
Artery,baseline,2.6026026026026,0.8316726684570312
Artery,baseline,2.70429159318048,0.06299222260713577
Artery,baseline,5.40540540540541,0.7006977796554565
Artery,baseline,6.5437239738251,0.9216022491455078
Artery,baseline,12.0778951729853,0.6701485514640808
Artery,baseline,5.49869904596704,0.3687194585800171
Artery,baseline,6.79477020602219,0.9611433148384094
Artery,baseline,1.39686184462304,0.5798128843307495
Artery,baseline,5.3966975432944,0.17472676932811737
Artery,baseline,4.16585555771851,0.502119779586792
Artery,baseline,9.13813005001924,0.5799964070320129
Artery,baseline,11.5523465703971,0.6489798426628113
Artery,baseline,4.83009189997863,0.5800839066505432
Artery,baseline,3.46674182638106,0.20701612532138824
Artery,baseline,9.06158357771261,0.020885122939944267
Artery,baseline,1.51627218934911,0.32875195145606995
Artery,baseline,3.75732506032403,0.9630279541015625
Artery,baseline,3.39750849377123,0.3373560607433319
Artery,baseline,4.64654487688642,0.2832750082015991
Artery,baseline,6.48414985590778,0.7101640105247498
Artery,baseline,8.65949119373777,0.5972200036048889
Artery,baseline,2.894438138479,0.21401292085647583
Artery,baseline,8.35597826086957,0.053589724004268646
Artery,baseline,4.82115085536548,0.053549204021692276
Artery,baseline,3.67132867132867,0.04043056070804596
Artery,baseline,4.11764705882353,0.03418945521116257
Artery,baseline,1.33037694013304,0.03421001136302948
Artery,baseline,3.0379746835443,0.6042976379394531
Artery,baseline,9.78835978835979,0.9178017377853394
Artery,baseline,4.46194225721785,0.87859046459198
Artery,baseline,2.48756218905473,0.4981739819049835
Artery,baseline,3.25814536340852,0.57001793384552
Artery,baseline,5.22565320665083,0.9537463188171387
Artery,baseline,11.9331742243437,0.9645261168479919
Artery,baseline,14.4708423326134,0.9135658144950867
Artery,baseline,11.4519427402863,0.9652862548828125
Artery,baseline,3.05010893246187,0.9015693664550781
Artery,baseline,3.19829424307036,0.5985023975372314
Artery,baseline,6.17283950617284,0.9074532985687256
Artery,baseline,3.60531309297913,0.673766553401947
Artery,baseline,9.09090909090909,0.48698675632476807
Artery,baseline,9.29432013769363,0.6385586261749268
Artery,baseline,1.01449275362319,0.04500943422317505
Artery,baseline,4.78395061728395,0.7085187435150146
Artery,baseline,7.03745743473326,0.6883966326713562
Artery,baseline,2.69886363636364,0.14861392974853516
Artery,baseline,10.6451612903226,0.6380409598350525
Artery,baseline,1.69491525423729,0.021629102528095245
Artery,baseline,1.69491525423729,0.882531464099884
Artery,baseline,6.75675675675676,0.9482375383377075
Artery,baseline,14.2372881355932,0.8542960286140442
Artery,baseline,3.20404721753794,0.55699622631073
Artery,baseline,2.22575516693164,0.4189530909061432
Artery,baseline,7.71558245083207,0.394554078578949
Artery,baseline,2.8436018957346,0.3667571246623993
Artery,baseline,2.50783699059561,0.42471185326576233
Artery,baseline,1.38461538461538,0.6964970827102661
Artery,baseline,4.01188707280832,0.6450773477554321
Artery,baseline,13.1410256410256,0.9614368677139282
Artery,baseline,2.31404958677686,0.9766325950622559
Artery,baseline,9.79020979020979,0.9507326483726501
Artery,baseline,3.18791946308725,0.1176043227314949
Artery,baseline,9.62199312714777,0.323284387588501
Artery,baseline,3.3096926713948,0.022047296166419983
Artery,baseline,14.5945945945946,0.8004375696182251
Artery,baseline,8.60420650095602,0.243294820189476
Artery,baseline,7.14285714285714,0.7573497891426086
Artery,baseline,8.13492063492063,0.6578066349029541
Artery,baseline,6.12959719789842,0.055632930248975754
Artery,baseline,3.84615384615385,0.6564906239509583
Artery,baseline,2.17391304347826,0.34219640493392944
Artery,baseline,4.85436893203884,0.5721494555473328
Artery,baseline,4.739336492891,0.557227373123169
Artery,baseline,1.2448132780083,0.007709580473601818
Artery,baseline,1.35746606334842,0.07947400212287903
Artery,baseline,7.40740740740741,0.1574569195508957
Artery,baseline,2.66666666666667,0.1176752895116806
Artery,baseline,8.62068965517242,0.037294790148735046
Artery,baseline,2.32558139534884,0.10638127475976944
Artery,baseline,6.66666666666667,0.20885621011257172
Artery,baseline,1.02040816326531,0.014051791280508041
Artery,baseline,2.38095238095238,0.0649838075041771
Artery,baseline,1.21457489878543,0.10480564832687378
Artery,baseline,3.68852459016393,0.18865297734737396
Artery,baseline,3.36134453781513,0.15732400119304657
Artery,baseline,4.94296577946768,0.7479080557823181
Artery,baseline,1.60642570281125,0.825843095779419
Artery,baseline,2.8,0.7482461929321289
Artery,baseline,4.34782608695652,0.9213234782218933
Artery,baseline,2.10970464135021,0.5252772569656372
Artery,baseline,1.65289256198347,0.3259970545768738
Artery,baseline,1.93050193050193,0.3832937479019165
Artery,baseline,7.25806451612903,0.5742946863174438
Artery,baseline,7.5,0.7549042105674744
Artery,baseline,2.80898876404494,0.4505009949207306
Artery,baseline,9.86842105263158,0.20647010207176208
Artery,baseline,4.63576158940397,0.6610241532325745
Artery,baseline,2.98507462686567,0.5960084199905396
Artery,baseline,1.43884892086331,0.5708262324333191
Artery,baseline,8.57142857142857,0.9128953218460083
Artery,baseline,1.38888888888889,0.5874786972999573
Artery,baseline,1.89873417721519,0.007560832891613245
Artery,baseline,1.78571428571429,0.3537517786026001
Artery,baseline,1.19047619047619,0.4318726062774658
Artery,baseline,9.02255639097744,0.19460590183734894
Artery,baseline,1.32450331125828,0.41373732686042786
Artery,baseline,7.26256983240223,0.30035892128944397
Artery,baseline,12.1387283236994,0.2025957852602005
Artery,baseline,6.11111111111111,0.9403625130653381
Artery,baseline,2.11640211640212,0.009709031321108341
Artery,baseline,3.58974358974359,0.2796262204647064
Artery,baseline,2.05128205128205,0.207245334982872
Artery,baseline,1.14942528735632,0.6829323768615723
Artery,baseline,1.48514851485149,0.6291830539703369
Artery,baseline,4.739336492891,0.4881119430065155
Artery,baseline,6.97674418604651,0.8883998394012451
Artery,baseline,1.47058823529412,0.8271366357803345
Artery,baseline,10.1449275362319,0.7632492184638977
Artery,baseline,1.26582278481013,0.608696460723877
Artery,baseline,14.5833333333333,0.7998044490814209
Artery,baseline,10.8247422680412,0.7991865277290344
Artery,baseline,5.67010309278351,0.7145159244537354
Artery,baseline,2.13903743315508,0.46426892280578613
Artery,baseline,11.5789473684211,0.8630263805389404
Artery,baseline,3.65853658536585,0.3728410005569458
Artery,baseline,6.62650602409639,0.7674437761306763
Artery,baseline,8.27586206896552,0.6566471457481384
Artery,baseline,4.16666666666667,0.37442320585250854
Artery,baseline,5.26315789473684,0.23078569769859314
Artery,baseline,1.0,0.027106676250696182
Artery,baseline,6.79611650485437,0.7826669812202454
Artery,baseline,13.3333333333333,0.8940873146057129
Artery,baseline,1.98019801980198,0.12821662425994873
Artery,baseline,6.0,0.8237430453300476
Artery,baseline,1.92307692307692,0.10233168303966522
Artery,baseline,12.6126126126126,0.9561260342597961
Artery,baseline,7.9646017699115,0.12116570770740509
Artery,baseline,9.83606557377049,0.8584311604499817
Artery,baseline,1.81818181818182,0.0967070609331131
Artery,baseline,3.0,0.45738065242767334
Artery,baseline,1.8348623853211,0.0012358992826193571
Artery,baseline,2.52100840336134,0.02619278058409691
Artery,baseline,1.79856115107914,0.8294287323951721
Artery,baseline,8.43023255813954,0.673604428768158
Artery,baseline,2.39234449760766,0.9467093348503113
Artery,baseline,6.52680652680653,0.9346328973770142
Artery,baseline,1.1142061281337,0.07251492142677307
Artery,baseline,5.72390572390572,0.9569722414016724
Artery,baseline,7.90378006872852,0.9525758624076843
Artery,baseline,2.62295081967213,0.6487445831298828
Artery,baseline,8.53242320819113,0.5803383588790894
Artery,baseline,3.61111111111111,0.10227418690919876
Artery,baseline,1.8716577540107,0.8238961100578308
Artery,baseline,1.12994350282486,0.9077907204627991
Artery,baseline,9.70654627539503,0.9539996981620789
Artery,baseline,9.34579439252336,0.9351034164428711
Artery,baseline,3.26086956521739,0.5830066204071045
Artery,baseline,4.45026178010471,0.9279773235321045
Artery,baseline,1.08108108108108,0.7799215316772461
Artery,baseline,1.71149144254279,0.8397968411445618
Artery,baseline,5.64971751412429,0.9419440627098083
Artery,baseline,1.24069478908189,0.6700342297554016
Artery,baseline,3.98009950248756,0.9307810068130493
Artery,baseline,5.26315789473684,0.954602837562561
Artery,baseline,10.5831533477322,0.9543753266334534
Artery,baseline,8.50202429149798,0.8347097039222717
Artery,baseline,1.91489361702128,0.5948728919029236
Artery,baseline,4.14507772020725,0.8660081028938293
Artery,baseline,3.78787878787879,0.5932132005691528
Artery,baseline,7.63358778625954,0.8375891447067261
Artery,baseline,12.5,0.7718228697776794
Artery,baseline,2.65486725663717,0.38769716024398804
Artery,baseline,2.0,0.41887983679771423
Artery,baseline,1.86915887850467,0.13500580191612244
Artery,baseline,5.83333333333333,0.9111250638961792
Artery,baseline,10.8108108108108,0.7653882503509521
Artery,baseline,1.98019801980198,0.42800405621528625
Artery,baseline,11.214953271028,0.5722580552101135
Artery,baseline,2.77777777777778,0.4544770419597626
Artery,baseline,6.36363636363636,0.7953808307647705
Artery,baseline,14.6551724137931,0.9275611639022827
Artery,baseline,1.78571428571429,0.14049816131591797
Artery,baseline,10.4477611940299,0.7261878252029419
Artery,baseline,5.94059405940594,0.6166983842849731
Artery,baseline,1.17994100294985,0.185531347990036
Artery,baseline,9.19540229885057,0.7580198049545288
Artery,baseline,2.65957446808511,0.7961894869804382
Artery,baseline,1.54320987654321,0.20694856345653534
Artery,baseline,1.83246073298429,0.48159265518188477
Artery,baseline,4.6242774566474,0.7695874571800232
Artery,baseline,1.82648401826484,0.6932696104049683
Artery,baseline,3.72670807453416,0.7715440392494202
Artery,baseline,8.09248554913295,0.9403415322303772
Artery,baseline,1.70454545454545,0.9248930811882019
Artery,baseline,8.28402366863905,0.9464148879051208
Artery,baseline,5.17799352750809,0.9334131479263306
Artery,baseline,4.71380471380471,0.7631281614303589
Artery,baseline,1.78571428571429,0.5524638891220093
Artery,baseline,1.34680134680135,0.942086935043335
Artery,baseline,6.77966101694915,0.9437496066093445
Artery,baseline,1.43884892086331,0.33844757080078125
Artery,baseline,1.53846153846154,0.03857430815696716
Artery,baseline,7.75193798449612,0.979800820350647
Artery,baseline,6.04838709677419,0.5030152201652527
Artery,baseline,5.2,0.6279004216194153
Artery,baseline,3.84615384615385,0.7905156016349792
Artery,baseline,1.94174757281553,0.9766087532043457
Artery,baseline,11.7948717948718,0.9650071263313293
Artery,baseline,2.34375,0.9272560477256775
Artery,baseline,10.0840336134454,0.9718295335769653
Artery,baseline,1.8348623853211,0.9057171940803528
Artery,baseline,10.2803738317757,0.9907763600349426
Artery,baseline,12.258064516129,0.7732503414154053
Artery,baseline,3.58744394618834,0.15103688836097717
Artery,baseline,12.2448979591837,0.8420972228050232
Artery,baseline,8.74035989717224,0.4922982156276703
Artery,baseline,1.97368421052632,0.011518639512360096
Artery,baseline,6.37450199203187,0.7654446363449097
Artery,baseline,4.09982174688057,0.5987463593482971
Artery,baseline,1.61030595813205,0.5244699716567993
Artery,baseline,1.194743130227,0.0004653993237297982
Artery,baseline,11.968085106383,0.23097385466098785
Artery,baseline,1.61290322580645,0.33858340978622437
Artery,baseline,12.6543209876543,0.8339230418205261
Artery,baseline,13.5416666666667,0.868506908416748
Artery,baseline,6.76156583629893,0.9288555979728699
Artery,baseline,2.41935483870968,0.24563603103160858
Artery,baseline,2.10526315789474,0.8375340700149536
Artery,baseline,10.9154929577465,0.9231634140014648
Artery,baseline,2.55474452554745,0.8970117568969727
Artery,baseline,2.11267605633803,0.9339132905006409
Artery,baseline,3.81679389312977,0.6340614557266235
Artery,baseline,5.15873015873016,0.6234608888626099
Artery,baseline,6.80272108843537,0.9071118235588074
Artery,baseline,2.44755244755245,0.8663715720176697
Artery,baseline,10.7023411371237,0.9196578860282898
Artery,baseline,3.09597523219814,0.5446922183036804
Artery,baseline,10.498687664042,0.9455912709236145
Artery,baseline,2.80373831775701,0.4943012297153473
Artery,baseline,5.4140127388535,0.20186778903007507
Artery,baseline,3.11173974540311,0.566969633102417
Artery,baseline,5.57575757575758,0.642009437084198
Artery,baseline,10.5769230769231,0.8637140989303589
Artery,baseline,1.10429447852761,0.16096185147762299
Artery,baseline,3.80952380952381,0.32159850001335144
Artery,baseline,7.01219512195122,0.8350558876991272
Artery,baseline,11.9897959183673,0.849044919013977
Artery,baseline,7.0,0.9734999537467957
Artery,baseline,8.59481582537517,0.9413034915924072
Artery,baseline,3.36134453781513,0.5191867351531982
Artery,baseline,1.27659574468085,0.3487967848777771
Artery,baseline,7.41222366710013,0.5744596719741821
Artery,baseline,8.06642941874259,0.8328391909599304
Artery,baseline,2.32018561484919,0.29723629355430603
Artery,baseline,12.1922626025791,0.04097010940313339
Artery,baseline,3.37909186906019,0.7420244812965393
Artery,baseline,4.22396856581532,0.8629514575004578
Artery,baseline,14.8335015136226,0.8342969417572021
Artery,baseline,7.35294117647059,0.8073422908782959
Artery,baseline,11.6483516483516,0.7908996343612671
Artery,baseline,4.05027932960894,0.9878199100494385
Artery,baseline,2.58751902587519,0.896824061870575
Artery,baseline,13.9167862266858,0.9807042479515076
Artery,baseline,5.03703703703704,0.9477488994598389
Artery,baseline,7.19754977029097,0.9809138178825378
Artery,baseline,2.33812949640288,0.3703536093235016
Artery,baseline,5.15653775322284,0.20362555980682373
Artery,baseline,1.95035460992908,0.1752217411994934
Artery,baseline,4.31778929188256,0.4251105487346649
Artery,baseline,2.56045519203414,0.3911564350128174
Artery,baseline,6.14250614250614,0.8102174401283264
Artery,baseline,13.0952380952381,0.5197891592979431
Artery,baseline,8.11855670103093,0.06145043671131134
Artery,baseline,1.04287369640788,0.0026542774867266417
Artery,baseline,1.23595505617978,0.43916085362434387
Artery,baseline,2.42872228088701,0.6443719267845154
Artery,baseline,1.93340494092374,0.1704425811767578
Artery,baseline,1.10441767068273,0.14299994707107544
Artery,baseline,1.05465004793864,0.12345977872610092
Artery,baseline,8.86176704696206,0.42130380868911743
Artery,baseline,4.20312914346327,0.8230327367782593
Artery,baseline,10.0277081409157,0.8104999661445618
Artery,baseline,7.68286026200873,0.6956052780151367
Artery,baseline,2.88602402578377,0.3630084991455078
Artery,baseline,3.64671163575042,0.6570380926132202
Artery,baseline,5.13803680981595,0.2173270881175995
Artery,baseline,8.31257375114724,0.8102239370346069
Artery,baseline,2.03578838174274,0.10088852792978287
Artery,baseline,1.05108775360548,0.8051682710647583
Artery,baseline,1.89202217401784,0.0632779598236084
Artery,baseline,2.85254691689008,0.5089303851127625
Artery,baseline,4.29734129137276,0.6249521970748901
Artery,baseline,6.81145113524186,0.6482468843460083
Artery,baseline,1.75577557755776,0.5039567351341248
Artery,baseline,1.48731408573928,0.6792078614234924
Artery,baseline,1.95756504167719,0.5989148616790771
Artery,baseline,2.90619086239524,0.6802278161048889
Artery,baseline,1.81375203031944,0.48923948407173157
Artery,baseline,1.2305050794105,0.5019564032554626
Artery,baseline,1.94274028629857,0.5800939202308655
Artery,baseline,2.23536198442457,0.6137244701385498
Artery,baseline,9.35412026726058,0.8028654456138611
Artery,baseline,1.49667405764967,0.3860587179660797
Artery,baseline,4.63719365689572,0.8879157304763794
Artery,baseline,8.65477338476374,0.8977535367012024
Artery,baseline,3.10138128746417,0.878009021282196
Artery,baseline,9.02048975512244,0.9466829895973206
Artery,baseline,5.89343379978472,0.9069784879684448
Artery,baseline,5.05450941526264,0.9192081689834595
Artery,baseline,10.5769230769231,0.9753066897392273
Artery,baseline,3.67100371747212,0.8987447023391724
Artery,baseline,7.92994405254196,0.9002800583839417
Artery,baseline,1.46328717010713,0.7082198262214661
Artery,baseline,2.67786820687845,0.4112112820148468
Artery,baseline,4.21597633136095,0.5066441297531128
Artery,baseline,2.05595591352268,0.4186052083969116
Artery,baseline,2.27707615767317,0.4984375834465027
Artery,baseline,1.62631008312252,0.4794937074184418
Artery,baseline,3.7732627625064,0.1372355967760086
Artery,baseline,3.90808191339691,0.9348052740097046
Artery,baseline,1.52595372107567,0.8312190175056458
Artery,baseline,1.74740901422029,0.677773654460907
Artery,baseline,6.00982739070178,0.2616520822048187
Artery,baseline,2.90067720090293,0.9022977352142334
Artery,baseline,3.80424014265901,0.7792646884918213
Artery,baseline,1.9534585824082,0.9478955268859863
Artery,baseline,8.36016312513415,0.9890729784965515
Artery,baseline,1.96167883211679,0.4138203561306
Artery,baseline,1.13347664647254,0.9417770504951477
Artery,baseline,12.6141717142582,0.982916533946991
Artery,baseline,12.8987898789879,0.9810552597045898
Artery,baseline,9.78108219743907,0.9116103053092957
Artery,baseline,1.56926406926407,0.5226626992225647
Artery,baseline,7.60552668272278,0.9214621186256409
Artery,baseline,5.89174800354925,0.9585739374160767
Artery,baseline,3.241322765783,0.9503824710845947
Artery,baseline,14.5769515157917,0.9007293581962585
Artery,baseline,1.45905240037653,0.9186863899230957
Artery,baseline,2.36979884265638,0.6681198477745056
Artery,baseline,1.40301974448316,0.942482590675354
Artery,baseline,2.01175181754805,0.5690541863441467
Artery,baseline,14.5929266555898,0.8039988279342651
Artery,baseline,1.54913514540962,0.2834690511226654
Artery,baseline,6.09956645238451,0.07145918160676956
Artery,baseline,4.40115819952619,0.812656819820404
Artery,baseline,2.81676317597409,0.8788307905197144
Artery,baseline,5.91488563929509,0.8673127293586731
Artery,baseline,3.29402957140183,0.9231975674629211
Artery,baseline,4.79678299583513,0.9589968323707581
Artery,baseline,1.8679119412942,0.9598116874694824
Artery,baseline,1.96590596645587,0.8552018404006958
Artery,baseline,1.80995475113122,0.9361248016357422
Artery,baseline,4.43312865059158,0.9858696460723877
Artery,baseline,7.12775596496527,0.9667323231697083
Artery,baseline,2.60600706713781,0.9045684933662415
Artery,baseline,2.31239743398478,0.8754403591156006
Artery,baseline,8.95436164067013,0.9898396730422974
Artery,baseline,2.19890054972514,0.7010121941566467
Artery,baseline,1.1459802538787,0.7086080312728882
Artery,baseline,4.50087565674256,0.8662119507789612
Artery,baseline,2.21640488656195,0.42329075932502747
Artery,baseline,2.45323520392518,0.9262580871582031
Artery,baseline,5.61005518087063,0.9486690759658813
Artery,baseline,5.17699734154191,0.9503470659255981
Artery,baseline,8.72593199508398,0.8302513957023621
Artery,baseline,5.59353635798633,0.21721304953098297
Artery,baseline,1.70780520346898,0.8386030793190002
Artery,baseline,12.9442806146205,0.8849593997001648
Artery,baseline,1.85543100115964,0.22095254063606262
Artery,baseline,4.41351888667992,0.8994489312171936
Artery,baseline,4.0468161079151,0.8716659545898438
Artery,baseline,14.133648728563,0.8993454575538635
Artery,baseline,9.11587040087864,0.335279256105423
Artery,baseline,11.1171960569551,0.8217037916183472
Artery,baseline,3.02222222222222,0.7677673101425171
Artery,baseline,3.09033280507132,0.5629664063453674
Artery,baseline,1.05162523900574,0.44906091690063477
Artery,baseline,1.39632301605771,0.5083678960800171
Artery,baseline,12.704432329936,0.6799300312995911
Artery,baseline,3.79065786255808,0.17380402982234955
Artery,baseline,1.16279069767442,0.3677169382572174
Artery,baseline,14.627539503386,0.7752865552902222
Artery,baseline,1.92307692307692,0.029851354658603668
Artery,baseline,4.19042896107116,0.1817096322774887
Artery,baseline,3.1608197290726,0.03215467184782028
Artery,baseline,7.83216783216783,0.7166210412979126
Artery,baseline,2.73274664196387,0.7019556164741516
Artery,baseline,7.58314855875832,0.7771085500717163
Artery,baseline,10.8541764983483,0.16004090011119843
Artery,baseline,7.20680393912265,0.1053953617811203
Artery,baseline,8.72865275142315,0.4841543734073639
Artery,baseline,14.4201968335473,0.3233209252357483
Artery,baseline,11.2903225806452,0.8588764071464539
Artery,baseline,2.11132437619962,0.04701092094182968
Artery,baseline,13.0718954248366,0.8664259910583496
Artery,baseline,5.06329113924051,0.5961148142814636
Artery,baseline,4.05027932960894,0.9773399233818054
Artery,baseline,11.6083916083916,0.9002454876899719
Artery,baseline,3.2774945375091,0.9593609571456909
Artery,baseline,2.12282031842305,0.14456379413604736
Artery,baseline,8.29846582984658,0.7901597619056702
Artery,baseline,4.4242029928432,0.4443207085132599
Artery,baseline,4.33772269558482,0.854579508304596
Artery,baseline,12.1236777868186,0.973708987236023
Artery,baseline,10.5080831408776,0.4707532227039337
Artery,baseline,7.87292817679558,0.02803068235516548
Artery,baseline,3.29776915615907,0.2132965326309204
Artery,baseline,1.43168378462496,0.6961122751235962
Artery,baseline,1.36296917592787,0.13828237354755402
Artery,baseline,9.32988580047404,0.8509937524795532
Artery,baseline,14.6443514644351,0.8835206627845764
Artery,baseline,6.99588477366255,0.9303393959999084
Artery,baseline,2.11879124696075,0.06754413992166519
Artery,baseline,1.43650016323866,0.6489242911338806
Artery,baseline,3.6090705844778,0.7182671427726746
Artery,baseline,9.14270914270914,0.07529431581497192
Artery,baseline,3.9103481163567,0.09755370765924454
Artery,baseline,1.68552297390903,0.09182099997997284
Artery,baseline,1.67049488410942,0.3618493378162384
Artery,baseline,2.58168616377572,0.5443615913391113
Artery,baseline,2.2069244786394,0.22537821531295776
Artery,baseline,13.187893081761,0.7879976630210876
Artery,baseline,1.22137404580153,0.7013739943504333
Artery,baseline,1.23337830025053,0.6686958074569702
Artery,baseline,4.24384103578493,0.3807383179664612
Artery,baseline,5.02558479532164,0.43185731768608093
Artery,baseline,11.2596899224806,0.5703706741333008
Artery,baseline,4.1254752851711,0.3545452356338501
Artery,baseline,3.21896684656901,0.40198126435279846
Artery,baseline,13.7556739688178,0.1526447981595993
Artery,baseline,2.94174946425093,0.6990842223167419
Artery,baseline,7.29676787463271,0.761580765247345
Artery,baseline,2.09254347185382,0.09341256320476532
Artery,baseline,6.48886444872147,0.138398215174675
Artery,baseline,3.07734204793028,0.6574996113777161
Artery,baseline,3.02867863843474,0.2678617238998413
Artery,baseline,14.8368883312422,0.8163438439369202
Artery,baseline,4.91699936961547,0.6813064217567444
Artery,baseline,9.29846409298464,0.864695131778717
Artery,baseline,12.5027418293485,0.9082438349723816
Artery,baseline,9.0420769919427,0.7240816950798035
Artery,baseline,6.94698354661792,0.08936651051044464
Artery,baseline,6.1427505595623,0.6374254822731018
Artery,baseline,3.04142632406922,0.09693349897861481
Artery,baseline,2.06677265500795,0.5354259610176086
Artery,baseline,9.47658402203857,0.6550902128219604
Artery,baseline,6.88073394495413,0.36108332872390747
Artery,baseline,1.40405616224649,0.2711348235607147
Artery,baseline,2.22337125129266,0.657508373260498
Artery,baseline,11.0714285714286,0.9365780353546143
Artery,baseline,12.5,0.9862171411514282
Artery,baseline,12.7083333333333,0.9226650595664978
Artery,baseline,3.67489270386266,0.749565601348877
Artery,baseline,2.3296447291788,0.7796244621276855
Artery,baseline,2.30052417006407,0.6823802590370178
Artery,baseline,3.67081113084666,0.45219796895980835
Artery,baseline,5.25707683419989,0.8588172197341919
Artery,baseline,3.14227524003491,0.3179030418395996
Artery,baseline,12.6523505513639,0.9300230741500854
Artery,baseline,6.39504899432697,0.9304978847503662
Artery,baseline,5.63517124119505,0.2644292116165161
Artery,baseline,1.57113762001746,0.11045470088720322
Artery,baseline,1.05722822339692,0.6026275753974915
Artery,baseline,1.10653070080278,0.42875736951828003
Artery,baseline,6.65495706479313,0.7432316541671753
Artery,baseline,1.12908147696063,0.6764243245124817
Artery,baseline,9.92316495013896,0.9321192502975464
Artery,baseline,1.7634092578986,0.13903284072875977
Artery,baseline,1.8377253814147,0.27556610107421875
Artery,baseline,7.43272105937634,0.33644986152648926
Artery,baseline,1.76531671858775,0.019228678196668625
Artery,baseline,12.6522961574508,0.11513137072324753
Artery,baseline,11.0796348756689,0.5915181040763855
Artery,baseline,1.21625630376743,0.352934867143631
Artery,baseline,7.41345525800131,0.28339967131614685
Artery,baseline,6.30779392338177,0.5778611302375793
Artery,baseline,5.26149968494014,0.8411197066307068
Artery,baseline,4.12920412920413,0.5406510233879089
Artery,baseline,3.08686288585786,0.7714033722877502
Artery,baseline,3.94782011671816,0.7458893656730652
Artery,baseline,14.4300144300144,0.8386147618293762
Artery,baseline,12.5554418287274,0.4615958034992218
Artery,baseline,3.30906684315023,0.5245087742805481
Artery,baseline,13.3353221957041,0.920721173286438
Artery,baseline,10.6559810032651,0.9091050624847412
Artery,baseline,3.67088607594937,0.7321685552597046
Artery,baseline,7.84992784992785,0.5278947353363037
Artery,baseline,3.54796320630749,0.3179304599761963
Artery,baseline,5.23627075351213,0.7645007371902466
Artery,baseline,1.43307537976498,0.7533947825431824
Artery,baseline,3.53646984527944,0.41323229670524597
Artery,baseline,10.9801488833747,0.9190778136253357
Artery,baseline,1.95137555982086,0.32027575373649597
Artery,baseline,2.32945091514143,0.5625553131103516
Artery,baseline,4.32592592592593,0.5894812941551208
Artery,baseline,14.1249629848978,0.7844311594963074
Artery,baseline,11.899852724595,0.5185315608978271
Artery,baseline,12.2051886792453,0.5369511842727661
Artery,baseline,1.92926045016077,0.5751742124557495
Artery,baseline,1.75757575757576,0.5827239155769348
Artery,baseline,4.30334035510081,0.41360896825790405
Artery,baseline,6.89749931299808,0.7749059796333313
Artery,baseline,4.05361229159856,0.9173130989074707
Artery,baseline,6.94254445964432,0.19819222390651703
Artery,baseline,10.8994708994709,0.012535025365650654
Artery,baseline,8.2247191011236,0.2201055884361267
Artery,baseline,3.85934819897084,0.2701564431190491
Artery,baseline,2.03334688897926,0.229775071144104
Artery,baseline,1.25954198473282,0.18046773970127106
Artery,baseline,4.5,0.19182729721069336
Artery,baseline,7.21172387196298,0.8990228772163391
Artery,baseline,7.63467713164467,0.06610714644193649
Artery,baseline,5.29387244685286,0.17892861366271973
Artery,baseline,3.29768270944742,0.3696577548980713
Artery,baseline,7.34966592427617,0.6348199248313904
Artery,baseline,3.52112676056338,0.7918170690536499
Artery,baseline,5.70071258907364,0.5903047323226929
Artery,baseline,2.23880597014925,0.7798717617988586
Artery,baseline,5.23255813953488,0.7823554873466492
Artery,baseline,2.6578073089701,0.4678879678249359
Artery,baseline,3.08219178082192,0.27323299646377563
Artery,baseline,7.89473684210526,0.4425852298736572
Artery,baseline,3.37078651685393,0.8781312704086304
Artery,baseline,3.58974358974359,0.04867793992161751
Artery,baseline,8.37209302325582,0.8140425086021423
Artery,baseline,9.63302752293578,0.6597139835357666
Artery,baseline,7.17488789237668,0.48284482955932617
Artery,baseline,2.40384615384615,0.5895939469337463
Artery,baseline,5.79710144927536,0.9336904883384705
Artery,baseline,12.9943502824859,0.8821510672569275
Artery,baseline,1.05263157894737,0.678328275680542
Artery,baseline,2.8436018957346,0.772418737411499
Artery,baseline,2.38095238095238,0.6177248358726501
Artery,baseline,8.57142857142857,0.6404129862785339
Artery,baseline,11.7647058823529,0.7183235883712769
Artery,baseline,2.47524752475248,0.6984668374061584
Artery,baseline,3.63636363636364,0.7654551267623901
Artery,baseline,7.58928571428571,0.7168185710906982
Artery,baseline,8.10810810810811,0.7340050935745239
Artery,baseline,2.17391304347826,0.13405412435531616
Artery,baseline,5.67375886524823,0.07264068722724915
Artery,baseline,8.33333333333333,0.6733746528625488
Artery,baseline,1.47058823529412,0.3934449255466461
Artery,baseline,3.6144578313253,0.012006180360913277
Artery,baseline,11.6959064327485,0.17578548192977905
Artery,baseline,1.73410404624277,0.12382640689611435
Artery,baseline,13.1868131868132,0.16647641360759735
Artery,baseline,1.73160173160173,0.04977942630648613
Artery,baseline,1.29310344827586,0.043753620237112045
Artery,baseline,2.26666292166391,0.8682777881622314
Artery,baseline,7.13144116836594,0.903477132320404
Artery,baseline,3.97224092392149,0.7903344035148621
Artery,baseline,11.4717825272935,0.7757898569107056
Artery,baseline,1.87948810526738,0.8724705576896667
Artery,baseline,3.03127763930208,0.8164371252059937
Artery,baseline,1.70104958378574,0.7782914638519287
Artery,baseline,4.4883847880148,0.7944433093070984
Artery,baseline,5.69056050799853,0.8249276876449585
Artery,baseline,7.62930762930763,0.8714863061904907
Artery,baseline,5.11205024813896,0.5072464346885681
Artery,baseline,11.3029366910413,0.7266737222671509
Artery,baseline,2.22424242424242,0.4661545753479004
Artery,baseline,6.67296250826329,0.517844021320343
Artery,baseline,3.99199658106376,0.5142428874969482
Artery,baseline,2.64628565865057,0.49026352167129517
Artery,baseline,1.89586174517651,0.015146803110837936
Artery,baseline,1.17315506619478,0.6104452013969421
Artery,baseline,1.97614293759279,0.7625799179077148
Artery,baseline,1.5126474130928,0.726145327091217
Artery,baseline,1.00732253291346,0.006398962810635567
Artery,baseline,1.98347107438017,0.9174529314041138
Artery,baseline,8.51314240878776,0.9371669888496399
Artery,baseline,6.9882777276826,0.6607993841171265
Artery,baseline,8.83720930232558,0.8921730518341064
Artery,baseline,1.45110410094637,0.1602325141429901
Artery,baseline,7.05958549222798,0.7304031252861023
Artery,baseline,13.6484687083888,0.6996113061904907
Artery,baseline,14.7694103911267,0.9042066335678101
Artery,baseline,2.91762013729977,0.9549955129623413
Artery,baseline,7.80730897009967,0.20178990066051483
Artery,baseline,3.04506699147381,0.8171842694282532
Artery,baseline,7.50750750750751,0.8212364315986633
Artery,baseline,5.05050505050505,0.8416475057601929
Artery,baseline,13.7704918032787,0.8427465558052063
Artery,baseline,1.65016501650165,0.8128446340560913
Artery,baseline,2.16606498194946,0.07633627206087112
Artery,baseline,1.08695652173913,0.36944761872291565
Artery,baseline,1.73913043478261,0.8748089075088501
Artery,baseline,7.31707317073171,0.9042563438415527
Artery,baseline,2.82485875706215,0.8757323622703552
Artery,baseline,4.81283422459893,0.8840401768684387
Artery,baseline,3.2258064516129,0.9536513090133667
Artery,baseline,1.12994350282486,0.6958589553833008
Artery,baseline,2.61780104712042,0.8028901815414429
Artery,baseline,1.08695652173913,0.5870610475540161
Artery,baseline,4.0,0.6794983148574829
Artery,baseline,5.75916230366492,0.9158501029014587
Artery,baseline,4.25531914893617,0.8964089155197144
Artery,baseline,6.3953488372093,0.906211256980896
Artery,baseline,1.11111111111111,0.558331310749054
Artery,baseline,4.34782608695652,0.7725443840026855
Artery,baseline,3.80434782608696,0.7684321999549866
Artery,baseline,7.69230769230769,0.8090152740478516
Artery,baseline,5.18134715025907,0.8199478983879089
Artery,baseline,7.04225352112676,0.8261110186576843
Artery,baseline,12.1621621621622,0.8828405737876892
Artery,baseline,2.27272727272727,0.9098991751670837
Artery,baseline,8.7378640776699,0.9632100462913513
Artery,baseline,1.54639175257732,0.5878632664680481
Artery,baseline,3.38164251207729,0.8542143702507019
Artery,baseline,1.54639175257732,0.7921553254127502
Artery,baseline,9.09090909090909,0.6801869869232178
Artery,baseline,8.82352941176471,0.7483785152435303
Artery,baseline,3.26086956521739,0.9065041542053223
Artery,baseline,1.62162162162162,0.833780825138092
Artery,baseline,2.77777777777778,0.46383222937583923
Artery,baseline,1.01522842639594,0.1586206555366516
Artery,baseline,2.28310502283105,0.5933960676193237
Artery,baseline,4.52674897119342,0.6816979050636292
Artery,baseline,1.15384615384615,0.2539379596710205
Artery,baseline,1.0443864229765,0.0069929989986121655
Artery,baseline,1.16731517509728,0.7741014957427979
Artery,baseline,3.46534653465347,0.7272986173629761
Artery,baseline,7.35294117647059,0.4097435176372528
Artery,baseline,6.10328638497653,0.8371010422706604
Artery,baseline,1.9047619047619,0.49845659732818604
Artery,baseline,12.6315789473684,0.9262204170227051
Artery,baseline,1.6304347826087,0.1582251638174057
Artery,baseline,10.3626943005181,0.9912750720977783
Artery,baseline,2.39234449760766,0.9249171018600464
Artery,baseline,10.4761904761905,0.8976406455039978
Artery,baseline,2.0,0.8668780326843262
Artery,baseline,4.04040404040404,0.7737947702407837
Artery,baseline,11.0599078341014,0.820425271987915
Artery,baseline,5.82959641255605,0.9067646861076355
Artery,baseline,3.16742081447964,0.866002082824707
Artery,baseline,3.43347639484979,0.7917785048484802
Artery,baseline,9.6085409252669,0.9771205186843872
Artery,baseline,9.70350404312669,0.9758461713790894
Artery,baseline,2.76008492569002,0.6556500792503357
Artery,baseline,9.09090909090909,0.9304244518280029
Artery,baseline,1.28205128205128,0.35341063141822815
Artery,baseline,2.48447204968944,0.24077215790748596
Artery,baseline,5.55768493675738,0.8378075361251831
Artery,baseline,4.67395401432341,0.6744927167892456
Artery,baseline,2.02513966480447,0.5270499587059021
Artery,baseline,1.81159420289855,0.5195279121398926
Artery,baseline,3.18518518518519,0.5829743146896362
Artery,baseline,1.96629213483146,0.5958651304244995
Artery,baseline,6.52402665731322,0.4483489990234375
Artery,baseline,3.50508236943568,0.31788337230682373
Artery,baseline,10.896748838871,0.25758832693099976
Artery,baseline,11.846318036286,0.24109676480293274
Artery,baseline,11.0845022237427,0.2402726411819458
Artery,baseline,12.0608108108108,0.24423322081565857
Artery,baseline,11.9320039228506,0.3519814610481262
Artery,baseline,7.10727333111923,0.2937079966068268
Artery,baseline,3.78266850068776,0.6387518644332886
Artery,baseline,8.72701045798774,0.4019343852996826
Artery,baseline,7.64751552795031,0.7141019701957703
Artery,baseline,7.00500357398142,0.8506614565849304
Artery,baseline,3.75091041514931,0.16712863743305206
Artery,baseline,8.07560137457045,0.8440213203430176
Artery,baseline,1.40888208269525,0.162330761551857
Artery,baseline,1.08892921960073,0.32392674684524536
Artery,baseline,3.96158463385354,0.8515203595161438
Artery,baseline,1.38971023063276,0.8001425266265869
Artery,baseline,6.9559864573715,0.7569823265075684
Artery,baseline,8.38485316846986,0.07780110836029053
Artery,baseline,1.03512014787431,0.007334996480494738
Artery,baseline,2.47773906310492,0.013709161430597305
Artery,baseline,14.1012216404887,0.3871261775493622
Artery,baseline,6.93585151416477,0.37644705176353455
Artery,baseline,3.75035785857429,0.9370006322860718
Artery,baseline,14.6539241239502,0.9806386828422546
Artery,baseline,1.0762331838565,0.8443323373794556
Artery,baseline,14.4616356173034,0.6918980479240417
Artery,baseline,9.46872322193659,0.8025788068771362
Artery,baseline,3.11674590596936,0.45676976442337036
Artery,baseline,5.26315789473684,0.8621236681938171
Artery,baseline,1.54639175257732,0.24665699899196625
Artery,baseline,1.69934640522876,0.9845446348190308
Artery,baseline,1.46661520648398,0.6908871531486511
Artery,baseline,6.22876557191393,0.9974073767662048
Artery,baseline,1.57748221466131,0.8816771507263184
Artery,baseline,2.51329144514258,0.04235075041651726
Artery,baseline,2.94117647058824,0.05415474995970726
Artery,baseline,11.9738751814224,0.023781418800354004
Artery,baseline,6.46464646464647,0.015145793557167053
Artery,baseline,2.14723926380368,0.010402358137071133
Artery,baseline,6.9932224276032,0.8854988813400269
Artery,baseline,7.59651307596513,0.912738025188446
Artery,baseline,3.74869836862201,0.8510444164276123
Artery,baseline,2.95624753646039,0.08682083338499069
Artery,baseline,1.00797984040319,0.1313614696264267
Artery,baseline,1.43497757847534,0.4807891845703125
Artery,baseline,1.8491124260355,0.2632766366004944
Artery,baseline,9.99306037473976,0.8673993945121765
Artery,baseline,9.2442645074224,0.47734129428863525
Artery,baseline,2.11027910142954,0.14232507348060608
Artery,baseline,4.12587412587413,0.1639609932899475
Artery,baseline,2.26500566251416,0.8547629117965698
Artery,baseline,4.25043078690408,0.3528785705566406
Artery,baseline,12.4857468643101,0.845364511013031
Artery,baseline,14.8817802503477,0.5665140151977539
Artery,baseline,9.49694405265632,0.5369297862052917
Artery,baseline,2.73972602739726,0.44905588030815125
Artery,baseline,2.29779411764706,0.20907574892044067
Artery,baseline,1.82841068917018,0.19427122175693512
Artery,baseline,4.60431654676259,0.40560588240623474
Artery,baseline,2.06794682422452,0.4244784116744995
Artery,baseline,1.72413793103448,0.5093947052955627
Artery,baseline,2.02429149797571,0.5377271175384521
Artery,baseline,12.8657921291625,0.763374924659729
Artery,baseline,1.90981432360743,0.3713020086288452
Artery,baseline,1.61483253588517,0.611330509185791
Artery,baseline,14.5867997781475,0.9181393980979919
Artery,baseline,1.72117039586919,0.9065135717391968
Artery,baseline,1.56412930135558,0.8208683729171753
Artery,baseline,2.45327102803738,0.19912168383598328
Artery,baseline,3.05257207461843,0.6789457201957703
Artery,baseline,13.7304391721353,0.9238393306732178
Artery,baseline,2.24489795918367,0.43153974413871765
Artery,baseline,6.17096611026808,0.9841315150260925
Artery,baseline,3.73236231224397,0.5476527810096741
Artery,baseline,4.51339915373766,0.22442230582237244
Artery,baseline,1.05795768169273,0.28415367007255554
Artery,baseline,4.49704142011834,0.8924532532691956
Artery,baseline,3.15533980582524,0.591184675693512
Artery,baseline,10.8530083777609,0.9727576971054077
Artery,baseline,8.85789672069356,0.9555347561836243
Artery,baseline,11.2343966712899,0.807104229927063
Artery,baseline,7.70565775772301,0.7270004153251648
Artery,baseline,7.40491417031303,0.572041928768158
Artery,baseline,1.99216198563031,0.4016278386116028
Artery,baseline,6.26238604835513,0.09614922106266022
Artery,baseline,5.26510938079347,0.41416025161743164
Artery,baseline,14.0607424071991,0.5861154198646545
Artery,baseline,3.70860927152318,0.8408913016319275
Artery,baseline,11.8138424821002,0.9698836207389832
Artery,baseline,2.16606498194946,0.7953295707702637
Artery,baseline,4.84061393152302,0.8583866953849792
Artery,baseline,1.02095647501343,0.26540306210517883
Artery,baseline,5.52825552825553,0.8637791275978088
Artery,baseline,8.49377123442809,0.9382344484329224
Artery,baseline,14.900153609831,0.7532921433448792
Artery,baseline,9.21052631578947,0.8812429308891296
Artery,baseline,1.43540669856459,0.8659979701042175
Artery,baseline,2.58780036968577,0.9872632622718811
Artery,baseline,1.56709108716944,0.22336028516292572
Artery,baseline,2.94642857142857,0.6608744859695435
Artery,baseline,3.94826412525528,0.6322884559631348
Artery,baseline,14.3364088005678,0.9207185506820679
Artery,baseline,3.36273428886439,0.2270594835281372
Artery,baseline,1.45909327774883,0.031112784519791603
Artery,baseline,1.69665809768638,0.09619683027267456
Artery,baseline,7.19499478623566,0.4286805987358093
Artery,baseline,2.01567749160134,0.22401238977909088
Artery,baseline,10.4966139954853,0.4839298725128174
Artery,baseline,13.1880733944954,0.5835380554199219
Artery,baseline,13.6482939632546,0.05310610309243202
Artery,baseline,1.70940170940171,0.13122974336147308
Artery,baseline,9.82367758186398,0.8656060099601746
Artery,baseline,3.23383084577114,0.02587880566716194
Artery,baseline,10.9660574412533,0.7167626619338989
Artery,baseline,1.2987012987013,0.040364161133766174
Artery,baseline,5.43130990415336,0.5972737073898315
Artery,baseline,5.17799352750809,0.3201037049293518
Artery,baseline,4.87012987012987,0.291761189699173
Artery,baseline,3.77358490566038,0.7114203572273254
Artery,baseline,2.84552845528455,0.6556791067123413
Artery,baseline,10.5058365758755,0.7082034945487976
Artery,baseline,1.52091254752852,0.5082928538322449
Artery,baseline,7.25190839694657,0.7802755236625671
Artery,baseline,6.11111111111111,0.06906939297914505
Artery,baseline,1.62748643761302,0.15624505281448364
Artery,baseline,2.83018867924528,0.7934399247169495
Artery,baseline,3.33333333333333,0.5977386236190796
Artery,baseline,1.84135977337111,0.4332393407821655
Artery,baseline,3.1437125748503,0.25131815671920776
Artery,baseline,5.45977011494253,0.739086925983429
Artery,baseline,1.37404580152672,0.8184210062026978
Artery,baseline,9.12220309810671,0.5895696878433228
Artery,baseline,14.4827586206897,0.47253406047821045
Artery,baseline,5.43071161048689,0.37021419405937195
Artery,baseline,1.01419878296146,0.39655011892318726
Artery,baseline,2.24215246636771,0.02108634263277054
Artery,baseline,3.3112582781457,0.03630119189620018
Artery,baseline,2.81359906213365,0.9395605325698853
Artery,baseline,9.45121951219512,0.9240646362304688
Artery,baseline,9.06148867313916,0.6909264922142029
Artery,baseline,10.752688172043,0.8314784169197083
Artery,baseline,14.4495412844037,0.8573015332221985
Artery,baseline,1.17878192534381,0.015385713428258896
Artery,baseline,11.7834394904459,0.5911163091659546
Artery,baseline,3.39233038348083,0.14878354966640472
Artery,baseline,3.94557823129252,0.5577200651168823
Artery,baseline,2.72536687631027,0.09375134855508804
Artery,baseline,2.50855188141391,0.06856577843427658
