tissue,variant,editing_level,score
Combined,bioaware,4.10825199645075,0.99956876039505
Combined,bioaware,12.2987882076325,6.133547140052542e-05
Combined,bioaware,7.21878138600603,0.0029404812958091497
Combined,bioaware,2.88169099756691,0.9946213960647583
Combined,bioaware,4.93307839388145,0.9938598871231079
Combined,bioaware,3.09647733272988,0.9092490673065186
Combined,bioaware,8.23873891941759,0.620109498500824
Combined,bioaware,1.44974884632662,0.11071290820837021
Combined,bioaware,3.53600516087412,0.9999940395355225
Combined,bioaware,2.10480685868413,0.00010859525355044752
Combined,bioaware,1.96327478589055,0.06908654421567917
Combined,bioaware,1.50070752960453,0.0009329901658929884
Combined,bioaware,3.10012859277795,0.9979891777038574
Combined,bioaware,7.22770909593204,0.9994795918464661
Combined,bioaware,3.47072338647915,0.7629762291908264
Combined,bioaware,3.68283000141784,0.9975292086601257
Combined,bioaware,7.47678908881768,0.9993183612823486
Combined,bioaware,6.56546164072216,0.9989546537399292
Combined,bioaware,8.69395542450785,0.947568953037262
Combined,bioaware,1.31800436947101,0.7915787100791931
Combined,bioaware,7.8839317009664,0.0200399998575449
Combined,bioaware,10.8436730735759,0.5417135953903198
Combined,bioaware,3.58498831775701,0.9998053908348083
Combined,bioaware,12.0077393171468,0.9041422009468079
Combined,bioaware,6.54901960784314,0.5823235511779785
Combined,bioaware,9.51368892545363,0.0020118139218539
Combined,bioaware,5.65252544468753,0.023373421281576157
Combined,bioaware,1.73655328903193,0.0012903619790449739
Combined,bioaware,4.048687642456,0.01943984441459179
Combined,bioaware,4.28300482558279,0.007379851303994656
Combined,bioaware,4.21372930866602,0.005240481812506914
Combined,bioaware,7.29897204342396,0.7293297648429871
Combined,bioaware,12.808472130506,0.9618617296218872
Combined,bioaware,3.14749905267147,0.9763439893722534
Combined,bioaware,3.35641981885988,0.9592058062553406
Combined,bioaware,1.83643810278769,0.04179329797625542
Combined,bioaware,2.36800742095906,0.4393270015716553
Combined,bioaware,2.23880597014925,2.7541659619600978e-08
Combined,bioaware,3.15233747353924,0.0016183024272322655
Combined,bioaware,7.88990825688073,0.00040781000279821455
Combined,bioaware,4.16181164192715,0.4752667248249054
Combined,bioaware,1.26963973972385,0.003851858200505376
Combined,bioaware,1.23230204509701,0.07964383810758591
Combined,bioaware,3.93783196839268,0.3585594594478607
Combined,bioaware,3.26013741075037,0.9774012565612793
Combined,bioaware,1.21055825242718,0.0064912764355540276
Combined,bioaware,1.06456259001816,5.3077455959282815e-05
Combined,bioaware,3.10782906940118,0.2866721451282501
Combined,bioaware,5.48853296001976,0.03759479522705078
Combined,bioaware,14.2804805152234,0.9735898375511169
Combined,bioaware,1.64704561193359,0.9726721048355103
Combined,bioaware,1.43760570630193,0.9767804145812988
Combined,bioaware,4.90723693527829,0.9981483221054077
Combined,bioaware,1.80920037048472,0.004805413540452719
Combined,bioaware,9.54074132930754,0.0008827181882224977
Combined,bioaware,2.12426758317978,0.867840588092804
Combined,bioaware,3.3140655105973,0.9920650124549866
Combined,bioaware,5.44383931480706,0.9793848991394043
Combined,bioaware,5.08736082732163,0.5429244041442871
Combined,bioaware,2.01861228958533,0.03095248155295849
Combined,bioaware,1.35172177488436,0.05037495866417885
Combined,bioaware,1.6772293707189,0.8319443464279175
Combined,bioaware,8.17851707875665,0.00989312119781971
Combined,bioaware,14.0014471780029,0.5876258611679077
Combined,bioaware,12.9827505004121,0.9953030347824097
Combined,bioaware,1.6141062744279,0.018405932933092117
Combined,bioaware,2.52949795635074,0.014819752424955368
Combined,bioaware,1.35842756317827,0.08394233137369156
Combined,bioaware,3.8319378441578,0.948585569858551
Combined,bioaware,4.83203590714636,0.53746497631073
Combined,bioaware,6.53928398979099,0.8976604342460632
Combined,bioaware,3.16828765104627,0.0005624704645015299
Combined,bioaware,10.6871303858068,0.9733496904373169
Combined,bioaware,14.7260273972603,0.0042932420037686825
Combined,bioaware,4.88366907009589,0.11112326383590698
Combined,bioaware,4.75924744897959,0.042181842029094696
Combined,bioaware,6.68323667495167,0.5550701022148132
Combined,bioaware,4.75037257824143,0.9228236079216003
Combined,bioaware,8.01976434815659,0.001564321806654334
Combined,bioaware,1.58685968819599,0.1042051836848259
Combined,bioaware,13.4172494172494,0.9747294187545776
Combined,bioaware,5.90302178496135,0.013299486599862576
Combined,bioaware,2.25648740127868,0.03768032416701317
Combined,bioaware,1.04860925975295,0.000327570567606017
Combined,bioaware,1.09641489731987,3.6028817703481764e-05
Combined,bioaware,1.42832106554504,0.000358549936208874
Combined,bioaware,1.52834547716368,0.13919419050216675
Combined,bioaware,9.08611135544023,0.0421806201338768
Combined,bioaware,7.51560749159597,0.0015669193817302585
Combined,bioaware,1.1449159327462,2.611148556752596e-05
Combined,bioaware,1.0009845749918,0.0895770788192749
Combined,bioaware,1.22967731286622,0.48969218134880066
Combined,bioaware,9.95875073659399,0.9134576916694641
Combined,bioaware,1.4117450505388,0.13287970423698425
Combined,bioaware,2.1557099590237,0.001825752668082714
Combined,bioaware,1.62419239052405,0.4517187178134918
Combined,bioaware,3.75802016498625,8.142727892845869e-06
Combined,bioaware,8.37287465401344,0.04788796231150627
Combined,bioaware,1.4845791949817,2.581875742180273e-05
Combined,bioaware,10.0711382113821,0.9994390606880188
Combined,bioaware,9.21633554083885,0.40712156891822815
Combined,bioaware,12.2721458266709,0.9980463981628418
Combined,bioaware,12.5930074405952,0.04061290621757507
Combined,bioaware,2.92893362597442,0.0003393507795408368
Combined,bioaware,2.83907334845673,0.008225643076002598
Combined,bioaware,1.79399013305427,3.4443837648723274e-06
Combined,bioaware,1.39932243334806,0.30219459533691406
Combined,bioaware,3.26768459098621,0.0880613848567009
Combined,bioaware,4.38124519600308,0.7969698905944824
Combined,bioaware,1.27779008789423,0.1532769501209259
Combined,bioaware,12.5187781672509,0.9999783039093018
Combined,bioaware,7.93582581292079,0.2666322588920593
Combined,bioaware,4.53974520007178,0.9979670643806458
Combined,bioaware,1.61230995586072,0.9983553290367126
Combined,bioaware,3.67461238986408,0.9987515211105347
Combined,bioaware,2.26277822307171,0.967460036277771
Combined,bioaware,4.8860143442623,0.23168209195137024
Combined,bioaware,11.7191533298916,0.02544703707098961
Combined,bioaware,1.42068803569332,0.9946533441543579
Combined,bioaware,5.55881662362057,0.9989846348762512
Combined,bioaware,4.59777944281725,0.9995823502540588
Combined,bioaware,9.56997757551774,0.9564829468727112
Combined,bioaware,4.08622689132956,0.5967648029327393
Combined,bioaware,1.56593004536807,0.10537633299827576
Combined,bioaware,1.49410616412644,0.9901729822158813
Combined,bioaware,4.08270676691729,0.9956963062286377
Combined,bioaware,4.65152579411535,0.8906921148300171
Combined,bioaware,1.34784134784135,0.42845848202705383
Combined,bioaware,3.28641801548206,0.10362819582223892
Combined,bioaware,8.78800795680591,0.07629062980413437
Combined,bioaware,4.81757994083674,0.01306657213717699
Combined,bioaware,4.92148880488514,0.9714558720588684
Combined,bioaware,2.90775900732546,0.9435020685195923
Combined,bioaware,4.99856363114048,0.8474956154823303
Combined,bioaware,2.23291277117183,0.9916321635246277
Combined,bioaware,2.92372516983404,0.013023915700614452
Combined,bioaware,3.83109852585992,0.9567152261734009
Combined,bioaware,6.20874587458746,0.9998742341995239
Combined,bioaware,2.71820668961257,0.9989510774612427
Combined,bioaware,2.44395266044453,0.9997132420539856
Combined,bioaware,3.42928902627512,0.9996172189712524
Combined,bioaware,1.37343927355278,0.996720016002655
Combined,bioaware,7.81765202055057,0.00016591754683759063
Combined,bioaware,2.93108320884977,0.0001354022097075358
Combined,bioaware,1.20895343733791,9.009105497170822e-07
Combined,bioaware,2.0348389085864,0.4464581608772278
Combined,bioaware,1.2738075858701,0.01838253252208233
Combined,bioaware,1.4336917562724,0.35219430923461914
Combined,bioaware,3.08608967993278,0.9959506988525391
Combined,bioaware,1.7271466284845,0.9460731148719788
Combined,bioaware,5.94670176015792,0.9985747337341309
Combined,bioaware,1.57523777173913,0.7739614844322205
Combined,bioaware,1.05759545829137,0.008810550905764103
Combined,bioaware,8.42630801365327,0.9964309930801392
Combined,bioaware,7.4072265625,0.9999961853027344
Combined,bioaware,7.45295230508812,0.9996066689491272
Combined,bioaware,1.24811605124341,0.9607641696929932
Combined,bioaware,3.81658123467796,0.0007408172241412103
Combined,bioaware,1.48349018982294,0.00031654583290219307
Combined,bioaware,2.50160994699559,0.8756154775619507
Combined,bioaware,5.90982747116576,0.9999778270721436
Combined,bioaware,10.4089969236976,0.005937097128480673
Combined,bioaware,1.50639244024458,0.009509231895208359
Combined,bioaware,7.07644628099174,0.9056174159049988
Combined,bioaware,2.49579789130546,0.11387834697961807
Combined,bioaware,12.0703399765533,0.9999300241470337
Combined,bioaware,7.346572630537,0.9951234459877014
Combined,bioaware,8.86648290536293,0.8921018838882446
Combined,bioaware,7.99796353762607,0.9975389242172241
Combined,bioaware,12.1924110835401,0.9915626645088196
Combined,bioaware,5.54194869967937,0.9999945163726807
Combined,bioaware,2.27344919907428,0.00019488764519337565
Combined,bioaware,1.53467703539121,0.9997994303703308
Combined,bioaware,1.39906193780519,0.9999532699584961
Combined,bioaware,1.14186014372582,0.31281182169914246
Combined,bioaware,6.08907326773408,6.364193541230634e-05
Combined,bioaware,1.34962720784658,0.0027276896871626377
Combined,bioaware,13.9609421586166,0.999313473701477
Combined,bioaware,2.27917533572915,0.9947369694709778
Combined,bioaware,10.5309252728004,0.9999841451644897
Combined,bioaware,2.71019177949005,5.872886504221242e-06
Combined,bioaware,3.40359054472815,0.9533857107162476
Combined,bioaware,3.69647130009076,0.9835558533668518
Combined,bioaware,1.89480912426772,0.9997490048408508
Combined,bioaware,2.18007646376563,0.999909520149231
Combined,bioaware,11.5741058557012,6.335697253234684e-05
Combined,bioaware,2.16809051027476,0.0017664461629465222
Combined,bioaware,2.59147775373907,0.003332460066303611
Combined,bioaware,12.0936824740352,0.9999666213989258
Combined,bioaware,13.335413277472,0.999972939491272
Combined,bioaware,1.24493341053851,0.8631141185760498
Combined,bioaware,13.6656676513077,0.9998947381973267
Combined,bioaware,11.8245352560875,0.9978888630867004
Combined,bioaware,1.12528622832843,0.8419283628463745
Combined,bioaware,2.71718484454664,0.9998086094856262
Combined,bioaware,5.32965725166614,0.5789304375648499
Combined,bioaware,14.8114475452605,0.9991996884346008
Combined,bioaware,1.77999045215849,0.48605531454086304
Combined,bioaware,1.54233209363378,0.9941351413726807
Combined,bioaware,3.24462620898184,0.9983402490615845
Combined,bioaware,3.32738814414207,0.9999964237213135
Combined,bioaware,1.43506287646624,0.9999994039535522
Combined,bioaware,10.8587971863479,0.9817211627960205
Combined,bioaware,1.3745704467354,0.9999508857727051
Combined,bioaware,2.18158485723452,0.0020262894686311483
Combined,bioaware,6.25338386572821,0.9998204112052917
Combined,bioaware,2.07684319833853,0.998916506767273
Combined,bioaware,1.54479917610711,0.5984591841697693
Combined,bioaware,1.92210419828022,0.9999431371688843
Combined,bioaware,10.7561547479484,0.9999635219573975
Combined,bioaware,2.14769049720506,0.9999769926071167
Combined,bioaware,5.42563143124415,0.9999873638153076
Combined,bioaware,2.83191230207065,0.9998136162757874
Combined,bioaware,2.18978102189781,0.9999616146087646
Combined,bioaware,9.53218431234611,0.9999330043792725
Combined,bioaware,10.1455668284076,0.998638927936554
Combined,bioaware,2.20588235294118,0.9871620535850525
Combined,bioaware,13.0085146641438,0.9999957084655762
Combined,bioaware,3.48122866894198,0.17376486957073212
Combined,bioaware,7.98882681564246,0.0444902703166008
Combined,bioaware,13.8089758342923,0.9961550831794739
Combined,bioaware,1.14519427402863,0.9988592863082886
Combined,bioaware,2.45009074410163,0.9998399019241333
Combined,bioaware,1.54885947620389,0.8564407229423523
Combined,bioaware,2.25293449450966,0.936016321182251
Combined,bioaware,3.92931002068058,0.9992697834968567
Combined,bioaware,8.94736842105263,0.9997459053993225
Combined,bioaware,2.45959241040056,0.9992377758026123
Combined,bioaware,1.71526586620926,0.9931365251541138
Combined,bioaware,7.79793185285642,0.9991670846939087
Combined,bioaware,7.80249410178632,0.9999773502349854
Combined,bioaware,2.93271207345484,0.0015351622132584453
Combined,bioaware,3.58477508650519,9.017163392854854e-05
Combined,bioaware,7.72176132737715,0.9948670864105225
Combined,bioaware,5.56962025316456,0.9969998002052307
Combined,bioaware,6.79788591215601,0.6474025249481201
Combined,bioaware,1.23046875,0.016871081665158272
Combined,bioaware,4.95314591700134,0.9999929666519165
Combined,bioaware,1.10887096774194,0.9495497345924377
Combined,bioaware,1.94980694980695,0.9933171272277832
Combined,bioaware,1.10259764529994,0.9968268275260925
Combined,bioaware,6.53153153153153,0.9943331480026245
Combined,bioaware,10.031847133758,0.2729283273220062
Combined,bioaware,3.76779846659365,0.001960726222023368
Combined,bioaware,9.59082052392293,0.9777271747589111
Combined,bioaware,2.12765957446809,0.004754004068672657
Combined,bioaware,9.27789934354486,0.8692896962165833
Combined,bioaware,1.84809556006311,0.24260590970516205
Combined,bioaware,8.63019508057676,0.19351358711719513
Combined,bioaware,4.44394315362057,0.3220323324203491
Combined,bioaware,6.17534370069867,0.9660042524337769
Combined,bioaware,2.75952693823916,0.7586559057235718
Combined,bioaware,13.7347767253045,0.977790117263794
Combined,bioaware,3.87096774193548,0.9519161581993103
Combined,bioaware,4.75871313672922,0.9992867112159729
Combined,bioaware,5.60622914349277,0.9878010749816895
Combined,bioaware,2.91088222122705,0.7915315628051758
Combined,bioaware,4.26720285969616,0.2775842845439911
Combined,bioaware,4.82787573467674,0.9996351003646851
Combined,bioaware,14.4120065789474,0.9999988079071045
Combined,bioaware,3.79851362510322,0.006309378892183304
Combined,bioaware,14.7603155339806,0.9999878406524658
Combined,bioaware,4.00625978090767,0.6347807049751282
Combined,bioaware,7.64411027568922,0.36026179790496826
Combined,bioaware,6.21023932141775,0.2107565551996231
Combined,bioaware,1.28722084367246,0.9998075366020203
Combined,bioaware,3.2389988548994,0.9994211196899414
Combined,bioaware,8.33203550848777,0.9996839761734009
Combined,bioaware,2.59674987435081,0.9998965263366699
Combined,bioaware,1.37130801687764,0.0017785023665055633
Combined,bioaware,6.70112608454864,0.011978981085121632
Combined,bioaware,7.94016110471807,0.49803784489631653
Combined,bioaware,2.29753015508329,0.0007265869062393904
Combined,bioaware,4.70235998591053,0.10472585260868073
Combined,bioaware,1.44617032672737,0.009955914691090584
Combined,bioaware,3.9236479321315,0.6775779128074646
Combined,bioaware,9.06515580736544,0.9999551773071289
Combined,bioaware,2.08333333333333,0.910373330116272
Combined,bioaware,1.69014084507042,0.9917540550231934
Combined,bioaware,1.11256544502618,0.699944019317627
Combined,bioaware,1.64609053497942,0.011324431747198105
Combined,bioaware,4.68531468531469,0.0028960411436855793
Combined,bioaware,1.36518771331058,7.83375980972778e-07
Combined,bioaware,1.37174211248285,0.01797439716756344
Combined,bioaware,2.21428571428571,0.0035449096467345953
Combined,bioaware,4.89826676714393,0.1855614334344864
Combined,bioaware,2.86144578313253,0.07097146660089493
Combined,bioaware,1.47299509001637,0.05163514241576195
Combined,bioaware,1.26262626262626,0.7948237657546997
Combined,bioaware,9.19931856899489,0.9732500910758972
Combined,bioaware,8.93300248138958,0.7570406794548035
Combined,bioaware,10.8910891089109,0.9724072217941284
Combined,bioaware,1.09335576114382,0.225124329328537
Combined,bioaware,7.33031674208145,0.9187994003295898
Combined,bioaware,2.67702936096718,0.3414410352706909
Combined,bioaware,2.31362467866324,0.16549742221832275
Combined,bioaware,1.22591943957968,0.016850117594003677
Combined,bioaware,2.93901542983101,0.00020066273282282054
Combined,bioaware,5.814696485623,0.9810916185379028
Combined,bioaware,2.37331622835151,0.023277968168258667
Combined,bioaware,1.66223404255319,0.012953244149684906
Combined,bioaware,8.20689655172414,0.223823681473732
Combined,bioaware,6.92746536267319,1.0015144653152674e-05
Combined,bioaware,3.09734513274336,0.05013830214738846
Combined,bioaware,6.74715909090909,0.001671553822234273
Combined,bioaware,3.23624595469256,0.12153341621160507
Combined,bioaware,1.97594501718213,0.0010661538690328598
Combined,bioaware,3.78578024007387,0.054512038826942444
Combined,bioaware,3.40599455040872,0.014211799018085003
Combined,bioaware,2.46734397677794,0.05887977406382561
Combined,bioaware,1.58013544018059,0.9972048401832581
Combined,bioaware,2.14983713355049,0.009046108461916447
Combined,bioaware,1.79087232813403,0.9887231588363647
Combined,bioaware,7.65279917822291,0.9999908208847046
Combined,bioaware,4.22297297297297,0.4504507780075073
Combined,bioaware,1.19931467732724,0.02544415183365345
Combined,bioaware,4.12505427702996,0.9903784990310669
Combined,bioaware,5.44041450777202,0.08957328647375107
Combined,bioaware,1.61149825783972,0.9874076843261719
Combined,bioaware,6.16797900262467,0.016354842111468315
Combined,bioaware,6.34005763688761,0.9929878115653992
Combined,bioaware,1.39802631578947,0.975965142250061
Combined,bioaware,3.71650821089023,0.9999279975891113
Combined,bioaware,4.01985111662531,0.18735915422439575
Combined,bioaware,8.60520094562648,0.17113827168941498
Combined,bioaware,1.5370705244123,0.0012631183490157127
Combined,bioaware,1.49188240456341,0.10177196562290192
Combined,bioaware,5.19018841094916,0.9996116757392883
Combined,bioaware,1.6304347826087,0.7563977837562561
Combined,bioaware,1.954513148543,0.8609145283699036
Combined,bioaware,10.631970260223,0.9959306120872498
Combined,bioaware,8.76932223543401,0.7767950296401978
Combined,bioaware,14.2057817842711,0.0007192155462689698
Combined,bioaware,6.44779650990831,0.9959384202957153
Combined,bioaware,1.45748987854251,4.864287802774925e-06
Combined,bioaware,1.36901057871811,4.0101112972479314e-05
Combined,bioaware,12.6779661016949,0.0006035833503119648
Combined,bioaware,1.68902136115251,0.056924641132354736
Combined,bioaware,2.45597775718258,0.015235058963298798
Combined,bioaware,2.09476309226933,0.0017534748185425997
Combined,bioaware,1.10608345902464,0.2849310338497162
Combined,bioaware,2.56668344237544,0.9905591011047363
Combined,bioaware,5.56949322629202,0.9836345911026001
Combined,bioaware,2.67077555213148,0.8713002800941467
Combined,bioaware,11.9775739041794,0.005046378821134567
Combined,bioaware,5.9584035975267,0.9090496301651001
Combined,bioaware,3.04601425793908,0.010270715691149235
Combined,bioaware,8.89033095392602,0.9995798468589783
Combined,bioaware,1.24434389140272,7.701291906414554e-05
Combined,bioaware,1.91489361702128,0.1291629672050476
Combined,bioaware,10.2604577742699,0.9981191754341125
Combined,bioaware,1.28558310376492,0.9897708892822266
Combined,bioaware,1.37362637362637,0.8510462641716003
Combined,bioaware,1.86823992133727,0.031396202743053436
Combined,bioaware,2.3444976076555,0.8669803738594055
Combined,bioaware,4.27735254389915,0.8351693749427795
Combined,bioaware,1.54185022026432,0.7188830971717834
Combined,bioaware,3.02491103202847,0.002105724299326539
Combined,bioaware,2.47172182656054,0.015571231953799725
Combined,bioaware,6.84764991896272,0.9834438562393188
Combined,bioaware,2.22672064777328,0.9720150828361511
Combined,bioaware,2.75862068965517,0.02177657000720501
Combined,bioaware,1.9270192701927,0.994748055934906
Combined,bioaware,2.06896551724138,0.9721037745475769
Combined,bioaware,9.05545927209705,0.8777461051940918
Combined,bioaware,8.59671302149178,0.3546448349952698
Combined,bioaware,1.74520069808028,0.00012113473349018022
Combined,bioaware,2.4234693877551,3.769190516322851e-05
Combined,bioaware,12.0320855614973,3.5163598113285843e-06
Combined,bioaware,1.54049295774648,2.9056795938231517e-06
Combined,bioaware,1.77319587628866,0.020533444359898567
Combined,bioaware,1.90514795297933,0.0004918826743960381
Combined,bioaware,1.24079100426522,0.22428672015666962
Combined,bioaware,2.10138962862538,0.13608227670192719
Combined,bioaware,3.47028320702034,0.9614614844322205
Combined,bioaware,4.73210146367309,0.528096079826355
Combined,bioaware,2.81659742081692,0.998893678188324
Combined,bioaware,1.2304682472263,8.507835445925593e-05
Combined,bioaware,2.04896377619914,0.9271845817565918
Combined,bioaware,3.67977728603041,0.992774486541748
Combined,bioaware,14.73564925169,0.913260281085968
Combined,bioaware,1.27720482988953,0.8474304676055908
Combined,bioaware,5.2976490536639,0.9594237208366394
Combined,bioaware,12.4655936552368,0.9633790850639343
Combined,bioaware,6.78942444980552,0.917333722114563
Combined,bioaware,1.98166739415103,0.9806796312332153
Combined,bioaware,7.32467532467533,0.9995256662368774
Combined,bioaware,1.10423116615067,0.12842175364494324
Combined,bioaware,1.86241415434757,0.06228643283247948
Combined,bioaware,13.3493353028065,0.8093425631523132
Combined,bioaware,1.98064613461497,0.5025097727775574
Combined,bioaware,3.35276967930029,0.9988724589347839
Combined,bioaware,1.69894534995206,0.05413975194096565
Combined,bioaware,1.05962933118453,0.5960166454315186
Combined,bioaware,11.1987445173232,0.566299319267273
Combined,bioaware,1.40249518546429,0.08364532887935638
Combined,bioaware,4.42350052359802,0.048875343054533005
Combined,bioaware,1.74467872987388,0.4602775573730469
Combined,bioaware,6.93921716221302,0.9982509016990662
Combined,bioaware,3.04018848262426,0.025031156837940216
Combined,bioaware,3.26132815796135,0.9879826307296753
Combined,bioaware,1.13140575316128,0.3182732164859772
Combined,bioaware,9.11153570575591,0.8498526811599731
Combined,bioaware,8.85511251480458,0.992552638053894
Combined,bioaware,5.09639814676431,0.8827779293060303
Combined,bioaware,1.79222714616259,0.8179810047149658
Combined,bioaware,4.58391072861206,0.9972646236419678
Combined,bioaware,3.01074480178958,0.9921057224273682
Combined,bioaware,2.60912839471065,0.986416220664978
Combined,bioaware,1.37739054987166,0.9965541362762451
Combined,bioaware,1.22130665097116,0.9977031350135803
Combined,bioaware,8.30382766203272,0.9999649524688721
Combined,bioaware,8.23022936111714,0.9992621541023254
Combined,bioaware,3.93635144441625,0.9994283318519592
Combined,bioaware,3.62696161166373,0.9988234639167786
Combined,bioaware,2.91510734685838,0.9773698449134827
Combined,bioaware,5.63993375916726,0.9878326654434204
Combined,bioaware,1.72879653762464,0.35863950848579407
Combined,bioaware,2.78265274737204,0.3996526598930359
Combined,bioaware,3.75258572968563,0.9479925632476807
Combined,bioaware,2.58145198446653,0.0034029390662908554
Combined,bioaware,7.50376906704505,0.9949938654899597
Combined,bioaware,1.87260284274648,0.8655833601951599
Combined,bioaware,1.70617744774914,0.006441324483603239
Combined,bioaware,1.58316841995625,0.30040156841278076
Combined,bioaware,1.61428212220267,0.015677418559789658
Combined,bioaware,1.46526971045306,0.19896210730075836
Combined,bioaware,1.17440731577464,0.1239573135972023
Combined,bioaware,2.14323930216212,0.03938058391213417
Combined,bioaware,2.51860629495655,0.017275532707571983
Combined,bioaware,3.01598949881655,0.00977091770619154
Combined,bioaware,2.79986316847899,0.006178316194564104
Combined,bioaware,1.35978460510937,0.0051761167123913765
Combined,bioaware,1.57019606174402,0.004576624371111393
Combined,bioaware,1.18901980984268,0.005269373767077923
Combined,bioaware,1.1165000055492,0.01381484605371952
Combined,bioaware,1.33736027371307,0.029604604467749596
Combined,bioaware,1.86542975298983,0.007049298379570246
Combined,bioaware,4.99641976290874,0.01847991906106472
Combined,bioaware,1.09700412072614,0.0048811957240104675
Combined,bioaware,5.52020553701347,1.9989605789305642e-05
Combined,bioaware,6.89608773169173,0.0006379456026479602
Combined,bioaware,2.04674835970668,0.0009582643979229033
Combined,bioaware,1.95788751100566,0.0004560343222692609
Combined,bioaware,2.92503596355693,7.075596658978611e-05
Combined,bioaware,4.43670315290623,0.00016477123426739126
Combined,bioaware,3.54250669196625,0.014273928478360176
Combined,bioaware,1.47220996912219,0.0015183844370767474
Combined,bioaware,1.09689825265446,0.03867948055267334
Combined,bioaware,5.05078682660278,0.00018532414105720818
Combined,bioaware,1.50392040587731,0.0021701615769416094
Combined,bioaware,2.96532746285085,0.016269469633698463
Combined,bioaware,1.63130781587548,0.0010067098774015903
Combined,bioaware,1.1701864438849,0.40515539050102234
Combined,bioaware,1.20646784468933,0.00019896806043107063
Combined,bioaware,2.08507921305719,0.0003744154528249055
Combined,bioaware,2.80422011749191,5.6067696277750656e-05
Combined,bioaware,4.86991241628027,0.0022121421061456203
Combined,bioaware,2.18433670751199,0.9685255289077759
Combined,bioaware,1.47705605694674,0.5201379656791687
Combined,bioaware,8.67889871623375,0.08289052546024323
Combined,bioaware,2.0917066424651,0.7405490875244141
Combined,bioaware,4.46993089251581,0.8504652976989746
Combined,bioaware,1.70996024614714,0.003571414854377508
Combined,bioaware,1.49636243386243,0.0014464008854702115
Combined,bioaware,8.22678776122035,0.0005308570107445121
Combined,bioaware,1.14152591729761,4.847740274271928e-05
Combined,bioaware,1.36061487328625,8.097327395262255e-07
Combined,bioaware,2.75063079711433,5.056963345850818e-06
Combined,bioaware,5.36408395957502,1.1757814718293957e-05
Combined,bioaware,2.7876014146037,2.565742215665523e-05
Combined,bioaware,5.45730069822758,0.004414715338498354
Combined,bioaware,13.7465043978191,0.0005575797404162586
Combined,bioaware,4.3218687170987,2.534980740165338e-05
Combined,bioaware,12.4078158384451,0.0352470688521862
Combined,bioaware,2.10886778127276,0.912041962146759
Combined,bioaware,2.03445776070828,0.9890657663345337
Combined,bioaware,1.44799905160296,0.032165054231882095
Combined,bioaware,11.2008540122462,0.9137279987335205
Combined,bioaware,1.72102933945255,0.031431395560503006
Combined,bioaware,2.89462032322338,0.6136979460716248
Combined,bioaware,12.0679886685552,0.010783310979604721
Combined,bioaware,4.43018401113345,0.39669889211654663
Combined,bioaware,3.21993315708086,0.021887799724936485
Combined,bioaware,1.53823398905487,0.26435092091560364
Combined,bioaware,1.73451069817088,0.7466983199119568
Combined,bioaware,8.66719036396963,0.9162663221359253
Combined,bioaware,12.6409153186068,0.01223350502550602
Combined,bioaware,2.03709684861348,0.06713821738958359
Combined,bioaware,1.53500382555471,0.005578729324042797
Combined,bioaware,2.87938473081973,0.0020554261282086372
Combined,bioaware,1.69082708217757,0.0008488932508043945
Combined,bioaware,1.99837893736549,0.4507487416267395
Combined,bioaware,5.2306742786607,0.958685576915741
Combined,bioaware,1.89889415481833,0.0008811866282485425
Combined,bioaware,4.04761904761905,0.13360461592674255
Combined,bioaware,8.55740751495441,0.9080045223236084
Combined,bioaware,2.74886422450975,0.34066247940063477
Combined,bioaware,2.50815149235014,0.9712580442428589
Combined,bioaware,1.67105149035821,0.9997796416282654
Combined,bioaware,1.74920063411882,0.557683527469635
Combined,bioaware,14.828722002635,0.9968860745429993
Combined,bioaware,1.13162520367971,0.0015939745353534818
Combined,bioaware,11.8480050664978,0.9975627660751343
Combined,bioaware,1.96607425892827,0.9999920129776001
Combined,bioaware,2.31696180773156,0.07074419409036636
Combined,bioaware,8.86182952601389,0.008706267923116684
Combined,bioaware,10.9655400198172,0.9999828338623047
Combined,bioaware,7.6842342004648,0.9372613430023193
Combined,bioaware,10.0300525920361,0.5968144536018372
Combined,bioaware,3.24946870501131,0.06876075267791748
Combined,bioaware,1.10583745168078,0.40970927476882935
Combined,bioaware,10.3397122088711,0.99967360496521
Combined,bioaware,5.48934473439369,0.9955638647079468
Combined,bioaware,6.46546675516339,0.909199595451355
Combined,bioaware,2.22132471728595,0.9927894473075867
Combined,bioaware,1.72943001419189,0.00024042982840910554
Combined,bioaware,2.87200094551471,0.9864782094955444
Combined,bioaware,1.7458720482926,0.022049177438020706
Combined,bioaware,2.73198164866065,0.00021173468849156052
Combined,bioaware,7.10885089807401,0.7598429322242737
Combined,bioaware,6.41028836328291,0.997331976890564
Combined,bioaware,7.25712340756589,0.9966340661048889
Combined,bioaware,1.41875065764091,0.013790006749331951
Combined,bioaware,2.31821395551205,0.7848128080368042
Combined,bioaware,14.6065127914249,0.9993293285369873
Combined,bioaware,14.6307659185101,0.9407287240028381
Combined,bioaware,1.67709475585371,0.9995879530906677
Combined,bioaware,7.33487149219295,0.007117427885532379
Combined,bioaware,1.12440857222377,0.9387967586517334
Combined,bioaware,1.49768450093605,0.9999232292175293
Combined,bioaware,1.81465308102863,0.4506751596927643
Combined,bioaware,4.96891244521456,0.9811434745788574
Combined,bioaware,1.77864646958221,0.985775887966156
Combined,bioaware,3.08599167822469,0.48342543840408325
Combined,bioaware,4.50768190163301,0.6578570008277893
Combined,bioaware,6.49654621225096,0.007439737673848867
Combined,bioaware,1.6405540417802,0.4480283260345459
Combined,bioaware,4.25110467773884,0.00041994304046966136
Combined,bioaware,1.77554589068735,0.9626308679580688
Combined,bioaware,6.38182016190511,0.9473270177841187
Combined,bioaware,2.39165096390781,0.9972313046455383
Combined,bioaware,5.58853337194151,0.04531015455722809
Combined,bioaware,5.00482075554387,0.5188977122306824
Combined,bioaware,1.76437108708025,0.8684621453285217
Combined,bioaware,4.15362388634722,0.9573423266410828
Combined,bioaware,3.3772874058127,0.5341774821281433
Combined,bioaware,10.0190966825066,0.9524377584457397
Combined,bioaware,3.94045182777577,0.20520274341106415
Combined,bioaware,10.9096666930568,0.838556170463562
Combined,bioaware,2.08533846647417,0.5205154418945312
Combined,bioaware,1.46325904070811,0.1294352263212204
Combined,bioaware,9.82439324958067,0.8985428214073181
Combined,bioaware,2.86171411948656,0.02509806491434574
Combined,bioaware,1.89683090446449,0.5958041548728943
Combined,bioaware,1.63895567369883,0.349698543548584
Combined,bioaware,1.39914730078665,0.909631073474884
Combined,bioaware,2.74262259398613,0.9789318442344666
Combined,bioaware,1.53918940230248,0.0844755470752716
Combined,bioaware,1.41745628225869,0.9999686479568481
Combined,bioaware,4.98772252915899,4.183495184406638e-05
Combined,bioaware,8.265625,0.24577824771404266
Combined,bioaware,2.19700276444056,0.018965372815728188
Combined,bioaware,10.5920205920206,0.01681138388812542
Combined,bioaware,8.15147625160462,0.1802428513765335
Combined,bioaware,1.17370892018779,5.859679731656797e-05
Combined,bioaware,3.97434109608144,5.5982800404308364e-05
Combined,bioaware,1.99608610567515,3.524956264300272e-05
Combined,bioaware,4.67868446401541,0.03448402136564255
Combined,bioaware,13.5182918536652,0.6779987812042236
Combined,bioaware,3.87252924566357,0.4949696958065033
Combined,bioaware,1.24545926310327,0.006070127245038748
Combined,bioaware,1.13956766917293,0.00011836825433420017
Combined,bioaware,2.41446250909973,7.417888264171779e-05
Combined,bioaware,2.4914509037616,6.065660636522807e-05
Combined,bioaware,1.79794520547945,6.90729430061765e-05
Combined,bioaware,2.24872231686542,0.00634630536660552
Combined,bioaware,1.61019322318678,0.010792256332933903
Combined,bioaware,3.09462629873757,0.0006418428965844214
Combined,bioaware,11.2495864122643,0.012421404011547565
Combined,bioaware,1.95150115473441,0.0003941152826882899
Combined,bioaware,7.46424834321591,0.008684147149324417
Combined,bioaware,10.6504157648935,0.0063911909237504005
Combined,bioaware,2.91143460384487,0.003139407839626074
Combined,bioaware,1.82832948421863,0.002132387598976493
Combined,bioaware,1.3529682466636,0.8769344687461853
Combined,bioaware,1.2851251558454,0.6597270965576172
Combined,bioaware,1.58498201438849,0.10658629238605499
Combined,bioaware,2.19832735961768,0.018913675099611282
Combined,bioaware,14.4065748126662,0.967355489730835
Combined,bioaware,2.34964694424154,0.004795148968696594
Combined,bioaware,7.43642143505904,0.7410352826118469
Combined,bioaware,12.9777648597588,0.7670711278915405
Combined,bioaware,9.60495739736638,0.5161036252975464
Combined,bioaware,4.11322423706325,0.7565784454345703
Combined,bioaware,7.67411865864144,0.49116483330726624
Combined,bioaware,1.12394630034343,0.0007867886452004313
Combined,bioaware,3.56042451215337,0.6560301780700684
Combined,bioaware,1.55323932147967,0.45555439591407776
Combined,bioaware,8.83002207505519,0.14100885391235352
Combined,bioaware,3.03506017791732,0.33656930923461914
Combined,bioaware,1.91482337405084,0.000957459444180131
Combined,bioaware,1.26545454545455,0.00024382029369007796
Combined,bioaware,1.34584516606989,0.00017461458628531545
Combined,bioaware,6.94056641404069,0.0071564060635864735
Combined,bioaware,1.29040038591413,0.0006668618298135698
Combined,bioaware,1.92749553229512,0.0008099157130345702
Combined,bioaware,2.49707943925234,0.9596561789512634
Combined,bioaware,11.7825230955626,0.9985697269439697
Combined,bioaware,2.72727272727273,0.21392066776752472
Combined,bioaware,6.35046952092949,0.00016631734615657479
Combined,bioaware,3.28432905849234,0.9811021685600281
Combined,bioaware,2.45178651517417,0.004216392990201712
Combined,bioaware,6.25183016105417,0.996411144733429
Combined,bioaware,1.94977843426883,0.10386214405298233
Combined,bioaware,1.76920624800765,0.9618495106697083
Combined,bioaware,1.39989434759641,0.998847484588623
Combined,bioaware,2.25338007010516,0.9999682903289795
Combined,bioaware,8.38049846092742,0.45134878158569336
Combined,bioaware,1.77782143207936,0.9902961850166321
Combined,bioaware,1.46771037181996,0.8206866383552551
Combined,bioaware,2.65700483091787,0.11283911764621735
Combined,bioaware,2.03661575127288,0.9982740879058838
Combined,bioaware,2.15157353885678,0.007093207444995642
Combined,bioaware,4.44011484823626,0.9968517422676086
Combined,bioaware,6.45193963334346,0.9998170733451843
Combined,bioaware,1.7381974248927,0.2827300727367401
Combined,bioaware,1.70900692840647,0.9820629358291626
Combined,bioaware,1.12333255324128,0.0007775627309456468
Combined,bioaware,5.06617038875103,0.8634657859802246
Combined,bioaware,1.69741697416974,0.9999463558197021
Combined,bioaware,1.83342063907805,0.0003336523368488997
Combined,bioaware,2.77002362035645,0.9999754428863525
Combined,bioaware,1.09565950273915,0.992254376411438
Combined,bioaware,1.70443107343369,0.28038865327835083
Combined,bioaware,2.023291377485,0.00010162372927879915
Combined,bioaware,1.51632495006726,0.3518829941749573
Combined,bioaware,2.96825730502417,0.9996709823608398
Combined,bioaware,4.08063927311078,0.996708869934082
Combined,bioaware,1.66248001826901,0.06922541558742523
Combined,bioaware,1.31285351045613,0.007532055489718914
Combined,bioaware,3.5090782122905,0.02181648463010788
Combined,bioaware,6.50308231596761,0.05980520322918892
Combined,bioaware,1.7771312926891,0.0157257542014122
Combined,bioaware,2.45359367974822,0.07040316611528397
Combined,bioaware,3.33247720559908,0.24042446911334991
Combined,bioaware,6.25771076079507,0.8858582377433777
Combined,bioaware,2.55237177943655,0.9968838095664978
Combined,bioaware,1.23165618448637,0.0012034132378175855
Combined,bioaware,6.64792863253086,0.9886472821235657
Combined,bioaware,6.37483554598732,0.9369699954986572
Combined,bioaware,4.33001755412522,0.9976800084114075
Combined,bioaware,3.55793450881612,0.2030000239610672
Combined,bioaware,6.94568121104185,0.9995749592781067
Combined,bioaware,6.63524976437323,0.9979979395866394
Combined,bioaware,3.07332854061826,0.361863374710083
Combined,bioaware,2.15605749486653,0.8171247243881226
Combined,bioaware,8.64176278189017,0.9956473708152771
Combined,bioaware,2.49845774213448,0.0029591054189950228
Combined,bioaware,1.83231538034425,0.0022798911668360233
Combined,bioaware,8.07070430254864,0.7033403515815735
Combined,bioaware,1.07923885259869,0.0003172854776494205
Combined,bioaware,4.29132259374577,0.00011485482536954805
Combined,bioaware,10.5033809166041,0.9687573909759521
Combined,bioaware,3.54419021982952,0.02064046449959278
Combined,bioaware,2.82142253759081,0.0029528262093663216
Combined,bioaware,5.63812600969305,0.1996726393699646
Combined,bioaware,1.12671456564337,0.00011187369091203436
Combined,bioaware,1.61741835147745,0.0001900949573609978
Combined,bioaware,2.97419448899256,0.0006768815801478922
Combined,bioaware,2.17115465952347,0.003185424255207181
Combined,bioaware,3.98550724637681,0.01162614207714796
Combined,bioaware,1.93181818181818,0.011362934485077858
Combined,bioaware,2.25134408602151,0.0024477781262248755
Combined,bioaware,1.66666666666667,0.0009329541935585439
Combined,bioaware,1.72246743460006,7.681803981540725e-05
Combined,bioaware,1.44268774703557,6.625704554608092e-05
Combined,bioaware,1.28361858190709,0.00207466259598732
Combined,bioaware,13.610662358643,0.9570295214653015
Combined,bioaware,4.30327868852459,0.015562272630631924
Combined,bioaware,1.95969884853853,0.9996533393859863
Combined,bioaware,1.86172889201972,0.011962445452809334
Combined,bioaware,13.0005803830528,0.9992653727531433
Combined,bioaware,5.97523219814242,0.7694627046585083
Combined,bioaware,11.4429392446634,0.9941514134407043
Combined,bioaware,3.29971497478623,0.01719076931476593
Combined,bioaware,1.52679085845977,0.7601332068443298
Combined,bioaware,5.19963627345623,0.7922213077545166
Combined,bioaware,11.6595539093325,0.999819815158844
Combined,bioaware,2.34451564266868,0.5514991879463196
Combined,bioaware,1.71183227389316,0.9894347786903381
Combined,bioaware,4.84647564922251,0.1818942129611969
Combined,bioaware,14.4275575310058,0.9756185412406921
Combined,bioaware,1.59799573416393,0.7298882007598877
Combined,bioaware,2.24246298071801,0.35743987560272217
Combined,bioaware,3.20635852507508,0.9999693632125854
Combined,bioaware,2.97712695147041,0.94261234998703
Combined,bioaware,7.98157141078322,0.9970069527626038
Combined,bioaware,2.72007380641193,0.9688868522644043
Combined,bioaware,4.05626163949423,0.9937213659286499
Combined,bioaware,3.3221947794082,0.9998834133148193
Combined,bioaware,1.49589051354539,0.9671069383621216
Combined,bioaware,12.9394289486714,0.9835489392280579
Combined,bioaware,1.17256899206443,0.005336652975529432
Combined,bioaware,2.05462658755455,0.06655748933553696
Combined,bioaware,4.32086467101659,0.008408976718783379
Combined,bioaware,4.86123585414047,0.6230888366699219
Combined,bioaware,11.6032338020339,0.9998760223388672
Combined,bioaware,7.80582082764893,0.9997193217277527
Combined,bioaware,6.65012155591572,0.9885912537574768
Combined,bioaware,3.29078485337383,0.7121501564979553
Combined,bioaware,1.47979091511448,0.12178724259138107
Combined,bioaware,3.00462942154704,0.9998865127563477
Combined,bioaware,3.71558077148407,0.3709034025669098
Combined,bioaware,1.63631277971159,0.8062519431114197
Combined,bioaware,7.83076004435725,0.9782987833023071
Combined,bioaware,9.20126743755401,0.9741896986961365
Combined,bioaware,1.65911868305657,0.11745679378509521
Combined,bioaware,3.63505361456847,0.08574099093675613
Combined,bioaware,1.8084910245881,0.9999207258224487
Combined,bioaware,8.36195253714065,0.9732909798622131
Combined,bioaware,9.14844531553051,0.0031485343351960182
Combined,bioaware,2.04662361825545,0.9990742206573486
Combined,bioaware,1.06766700331842,0.38468918204307556
Combined,bioaware,1.11996486384741,0.0003171372809447348
Combined,bioaware,1.00091447755772,0.0002128668420482427
Combined,bioaware,2.3194718879109,0.0014531464548781514
Combined,bioaware,2.96793881766249,0.06589853763580322
Combined,bioaware,1.08943360569173,0.0012421351857483387
Combined,bioaware,3.86387053760834,0.15309873223304749
Combined,bioaware,6.82624113475177,0.9715094566345215
Combined,bioaware,5.15220089057596,0.016243837773799896
Combined,bioaware,13.2837886161165,0.9796870946884155
Combined,bioaware,5.45278492354828,0.9743012189865112
Combined,bioaware,3.25971580208868,0.9445105195045471
Combined,bioaware,2.26558090784488,0.06662749499082565
Combined,bioaware,1.81195466036043,0.007867623120546341
Combined,bioaware,5.91279011353361,0.9969068169593811
Combined,bioaware,1.46208477313376,0.0036325869150459766
Combined,bioaware,3.8737070170534,0.9810681939125061
Combined,bioaware,9.21377405713299,0.9887697696685791
Combined,bioaware,2.6258382483639,0.0019422763725742698
Combined,bioaware,1.8119408878966,0.004000378772616386
Combined,bioaware,2.59327346151528,3.658444620668888e-05
Combined,bioaware,14.2045712727768,0.004114287905395031
Combined,bioaware,14.8956952487267,0.9999504089355469
Combined,bioaware,1.30954963890525,0.3706592321395874
Combined,bioaware,2.70476545048399,0.0016041083727031946
Combined,bioaware,2.55668153848705,0.8996167778968811
Combined,bioaware,6.42961135455739,0.1965159922838211
Combined,bioaware,1.18808157124401,0.06405888497829437
Combined,bioaware,1.05334329739155,0.0869072750210762
Combined,bioaware,8.48325007859713,0.9922771453857422
Combined,bioaware,6.54347604658269,7.230355549836531e-05
Combined,bioaware,10.2026315564192,0.7199400663375854
Combined,bioaware,2.44973082409239,0.7376410961151123
Combined,bioaware,2.7492876078517,0.003433692269027233
Combined,bioaware,1.93660311893044,0.17678362131118774
Combined,bioaware,1.82980917998969,0.0022733653895556927
Combined,bioaware,3.65408886283006,0.6094039678573608
Combined,bioaware,13.6183830858822,0.9996652603149414
Combined,bioaware,5.71531982100553,0.9837368130683899
Combined,bioaware,4.70323293129209,0.7689788937568665
Combined,bioaware,6.76990208599404,0.9703161120414734
Combined,bioaware,2.7533468643008,0.11274957656860352
Combined,bioaware,4.71483891896276,0.06024279072880745
Combined,bioaware,4.55394743211191,0.08319772779941559
Combined,bioaware,3.76408140334563,0.04011579230427742
Combined,bioaware,5.62727606497514,0.9665570855140686
Combined,bioaware,4.65872047677139,0.5647757649421692
Combined,bioaware,4.3280135474932,0.4124152958393097
Combined,bioaware,7.43692583695058,0.23937232792377472
Combined,bioaware,3.44820677218994,0.1134243831038475
Combined,bioaware,1.15864125033878,0.6346297264099121
Combined,bioaware,1.02743919407803,0.00013130897423252463
Combined,bioaware,4.822828842639,0.008822905831038952
Combined,bioaware,1.39083237925624,0.0011638064170256257
Combined,bioaware,3.38369347717913,0.1172199547290802
Combined,bioaware,4.2078422617299,0.9121206998825073
Combined,bioaware,5.50216929177907,9.992860577767715e-05
Combined,bioaware,5.60463558081247,2.8391982098696644e-08
Combined,bioaware,4.86726166789836,0.006950769107788801
Combined,bioaware,10.1043376453438,0.012798565439879894
Combined,bioaware,1.26836007836653,0.00011754602746805176
Combined,bioaware,1.90580026166594,0.021599899977445602
Combined,bioaware,4.94709203394224,0.15932200849056244
Combined,bioaware,9.24666817257737,0.521015465259552
Combined,bioaware,1.86162577567741,1.743229518069711e-06
Combined,bioaware,2.27974060822898,0.9784946441650391
Combined,bioaware,3.60312308495427,0.1668025404214859
Combined,bioaware,1.08476901966763,0.00023595060338266194
Combined,bioaware,1.44989771857774,0.0014578826958313584
Combined,bioaware,1.18920851566568,0.0017247973009943962
Combined,bioaware,4.2765066813163,0.0014711595140397549
Combined,bioaware,6.92444678693211,0.0005215619457885623
Combined,bioaware,2.62809221704363,0.00013958229101262987
Combined,bioaware,2.85749571607206,3.745355934370309e-05
Combined,bioaware,7.70762201495137,0.23094607889652252
Combined,bioaware,2.88068838563295,0.0008595199324190617
Combined,bioaware,10.8574005712663,0.0005398510256782174
Combined,bioaware,13.6451517582,0.010283068753778934
Combined,bioaware,2.20710068690379,0.8967354893684387
Combined,bioaware,1.76247119636296,0.006153797265142202
Combined,bioaware,9.64149685189807,0.6937490105628967
Combined,bioaware,5.92102324637093,0.2378334403038025
Combined,bioaware,2.11619674574587,0.06997890025377274
Combined,bioaware,6.46932180780973,0.00015754318155813962
Combined,bioaware,9.79742007668718,0.10836600512266159
Combined,bioaware,8.77942039814271,0.5630794763565063
Combined,bioaware,3.45127670879827,0.04911533370614052
Combined,bioaware,2.66042380492998,0.9829141497612
Combined,bioaware,5.23830775987872,0.0004554765182547271
Combined,bioaware,1.7724087758931,0.01280499529093504
Combined,bioaware,2.48387407336093,0.2260446399450302
Combined,bioaware,8.28164260266267,0.9944037199020386
Combined,bioaware,1.80443216534936,0.0003850992943625897
Combined,bioaware,12.3613582843481,0.04860922321677208
Combined,bioaware,2.50491819303755,0.0003941983450204134
Combined,bioaware,14.0256280663348,0.49862951040267944
Combined,bioaware,6.78784453316658,0.00043115223525092006
Combined,bioaware,1.44493434295025,0.37876302003860474
Combined,bioaware,3.69810010417183,0.9987941980361938
Combined,bioaware,2.70312176969196,0.31585773825645447
Combined,bioaware,11.0642400867784,0.07624463737010956
Combined,bioaware,1.49295187834178,0.014277953654527664
Combined,bioaware,11.5704154002026,0.5233701467514038
Combined,bioaware,2.8452919901869,6.382488209055737e-05
Combined,bioaware,1.02421617498842,0.6024262309074402
Combined,bioaware,7.0251327821278,0.9847055077552795
Combined,bioaware,6.82783233907312,0.9796579480171204
Combined,bioaware,4.08540685944855,0.9957249164581299
Combined,bioaware,2.86462383989216,0.03912360966205597
Combined,bioaware,11.6031179564237,0.7587729096412659
Combined,bioaware,14.3346160202082,0.7382844686508179
Combined,bioaware,2.08799754907737,0.06613984704017639
Combined,bioaware,6.14363796930568,0.9642608761787415
Combined,bioaware,5.70627206344601,0.9645335674285889
Combined,bioaware,5.79262358894512,0.9579023718833923
Combined,bioaware,8.63402382314177,0.9994640946388245
Combined,bioaware,1.94732560504373,0.9999923706054688
Combined,bioaware,6.9057881773399,0.003259978722780943
Combined,bioaware,12.9236108837301,0.177212193608284
Combined,bioaware,2.55034040560499,0.28799110651016235
Combined,bioaware,3.189769219462,0.13668054342269897
Combined,bioaware,9.70475669764899,0.08035565167665482
Combined,bioaware,8.38014550142739,0.8526670336723328
Combined,bioaware,8.92114264583526,0.050726115703582764
Combined,bioaware,1.85053380782918,0.09171917289495468
Combined,bioaware,3.79410343160947,0.9555091857910156
Combined,bioaware,5.57696940496266,0.5303339958190918
Combined,bioaware,12.2394003279457,0.9998717308044434
Combined,bioaware,3.09070548712206,0.973150372505188
Combined,bioaware,2.11193241816262,0.9923549890518188
Combined,bioaware,1.4124053433166,0.5876604318618774
Combined,bioaware,2.33373899348558,1.7098612943300395e-06
Combined,bioaware,1.53946937438585,2.783519050808536e-07
Combined,bioaware,1.3666471032112,0.8768096566200256
Combined,bioaware,9.9554592512339,0.9985470175743103
Combined,bioaware,8.95836254030562,0.08968522399663925
Combined,bioaware,6.19790266200592,0.8361181616783142
Combined,bioaware,10.8038348082596,0.7328183650970459
Combined,bioaware,4.06342913776016,0.9868782162666321
Combined,bioaware,3.98735942002045,0.9514252543449402
Combined,bioaware,2.70583968081248,0.9548894166946411
Combined,bioaware,3.79346680716544,0.9814103841781616
Combined,bioaware,14.9819371549315,0.9893897175788879
Combined,bioaware,8.46283685466504,0.001054729102179408
Combined,bioaware,1.88202993534674,0.9650080800056458
Combined,bioaware,7.76385136631383,0.9303417801856995
Combined,bioaware,2.9050952058403,0.9971304535865784
Combined,bioaware,3.13933112113642,0.9980960488319397
Combined,bioaware,1.64592234813301,0.9416618347167969
Combined,bioaware,2.89038356662425,0.7119999527931213
Combined,bioaware,2.17941858391297,2.1670390196959488e-05
Combined,bioaware,11.5242399342646,0.047996219247579575
Combined,bioaware,2.96905927700802,0.0826571062207222
Combined,bioaware,3.75626324108014,0.01754586771130562
Combined,bioaware,12.5722193392147,0.04669415205717087
Combined,bioaware,2.46456647730533,0.7506659626960754
Combined,bioaware,2.26266601082145,0.9437083005905151
Combined,bioaware,5.28986352502041,0.6004772186279297
Combined,bioaware,7.15767097008348,0.9186487793922424
Combined,bioaware,1.19952576888207,0.3149329721927643
Combined,bioaware,12.3447118074986,0.9993849992752075
Combined,bioaware,1.2459985225314,0.9946656227111816
Combined,bioaware,1.37197664720601,0.8736977577209473
Combined,bioaware,4.27573034683336,0.9955299496650696
Combined,bioaware,3.38872861728495,0.9748277068138123
Combined,bioaware,5.26763336913713,0.9855633974075317
Combined,bioaware,1.10342798293365,0.040730226784944534
Combined,bioaware,4.9148665819568,0.3597344160079956
Combined,bioaware,3.23859586600143,0.9843727350234985
Combined,bioaware,8.22544489683883,0.9826964139938354
Combined,bioaware,1.82942026818204,3.807569783020881e-06
Combined,bioaware,4.22303473491773,0.23006659746170044
Combined,bioaware,2.28353948620362,0.09493017941713333
Combined,bioaware,13.0283094098884,0.9916760921478271
Combined,bioaware,1.76087257937792,0.00671604136005044
Combined,bioaware,4.69744823783025,0.7166589498519897
Combined,bioaware,3.55542954352141,0.020312048494815826
Combined,bioaware,5.11995870274168,0.8862451314926147
Combined,bioaware,1.23373728367041,0.8555889129638672
Combined,bioaware,11.3192159396007,0.7269987463951111
Combined,bioaware,7.91126461007119,0.999980092048645
Combined,bioaware,4.95501189340749,0.9994114637374878
Combined,bioaware,3.61645379413974,0.7904424071311951
Combined,bioaware,2.00101449383471,0.2228664606809616
Combined,bioaware,1.15019296374862,0.9795770645141602
Combined,bioaware,1.54834682675185,0.8582420349121094
Combined,bioaware,4.17540892159862,0.8312709927558899
Combined,bioaware,1.46087733913079,0.10873423516750336
Combined,bioaware,12.4547719419723,0.9544618725776672
Combined,bioaware,3.04077401520387,0.0007215566001832485
Combined,bioaware,2.59154359700587,0.0003075867425650358
Combined,bioaware,4.2509145948294,1.0238730283163022e-05
Combined,bioaware,1.9756600287964,3.3765743978619867e-07
Combined,bioaware,5.4717449380301,0.9990593791007996
Combined,bioaware,2.15724481102736,0.9999884366989136
Combined,bioaware,14.542722837082,0.09141109138727188
Combined,bioaware,2.72635379061372,0.0005154921091161668
Combined,bioaware,1.92316266627034,0.004220933653414249
Combined,bioaware,1.00811751063007,0.38694578409194946
Combined,bioaware,2.12143491713384,0.017203954979777336
Combined,bioaware,1.19963088280529,0.3666273355484009
Combined,bioaware,1.94768968233132,0.0004917521146126091
Combined,bioaware,3.70537450416116,0.726897656917572
Combined,bioaware,8.41515160900672,0.9926061630249023
Combined,bioaware,6.54647157349177,0.0017790010897442698
Combined,bioaware,4.50980093516304,0.33993253111839294
Combined,bioaware,10.7465252901562,0.9996739625930786
Combined,bioaware,4.23717889697081,0.999225378036499
Combined,bioaware,1.48549600874973,0.9932954907417297
Combined,bioaware,5.2306925449391,0.8911272883415222
Combined,bioaware,1.18560786178475,0.11247538030147552
Combined,bioaware,8.13807086678549,0.9995648264884949
Combined,bioaware,3.72319366545695,0.006329236552119255
Combined,bioaware,5.61229877947588,0.12334360182285309
Combined,bioaware,2.7866860209972,0.23557914793491364
Combined,bioaware,4.38229695906959,0.5026841163635254
Combined,bioaware,1.15385916827395,0.028778456151485443
Combined,bioaware,2.92757541263517,0.21868851780891418
Combined,bioaware,1.10374555072984,0.0010173235787078738
Combined,bioaware,4.36353292561513,0.6012775897979736
Combined,bioaware,5.54771729003061,2.2983700546319596e-05
Combined,bioaware,10.3047668663715,0.9731572866439819
Combined,bioaware,3.94976923902544,0.05617189779877663
Combined,bioaware,2.33192799538163,0.9561606645584106
Combined,bioaware,1.34523015913714,0.00419845012947917
Combined,bioaware,11.0756560182544,0.9978625178337097
Combined,bioaware,7.88765962928966,0.010727408342063427
Combined,bioaware,1.59970303855196,0.9927542805671692
Combined,bioaware,11.9880941959205,0.9954001307487488
Combined,bioaware,10.5084983599656,0.9972378015518188
Combined,bioaware,1.03989215933162,0.5877771377563477
Combined,bioaware,2.78977563639705,0.9288346767425537
Combined,bioaware,3.79663722738626,0.6950876712799072
Combined,bioaware,6.20472483511731,0.30524465441703796
Combined,bioaware,1.18030322014785,0.9867527484893799
Combined,bioaware,9.9638017956934,0.06485907733440399
Combined,bioaware,13.6699591669138,0.9983738660812378
Combined,bioaware,5.06746753521425,0.6274130344390869
Combined,bioaware,1.11035895452188,0.9511904716491699
Combined,bioaware,1.02848788396398,0.11934568732976913
Combined,bioaware,1.32013945240886,0.0011390867875888944
Combined,bioaware,1.75740342603509,0.012842457741498947
Combined,bioaware,6.86935944291129,0.9962301850318909
Combined,bioaware,3.08085434646353,0.9945970773696899
Combined,bioaware,5.28135783171617,0.9994695782661438
Combined,bioaware,11.1660086964181,0.9983214735984802
Combined,bioaware,10.1204436141034,0.9989429116249084
Combined,bioaware,3.39455672573917,0.9889718890190125
Combined,bioaware,1.54540082431351,0.00023158725525718182
Combined,bioaware,2.5911906909349,0.9996432065963745
Combined,bioaware,2.50206512760315,0.995650589466095
Combined,bioaware,4.15446748073917,0.9892431497573853
Combined,bioaware,1.50092818243404,0.00024901211145333946
Combined,bioaware,1.92899027459954,0.5444671511650085
Combined,bioaware,3.13002828542877,0.9146692156791687
Combined,bioaware,6.53275440883234,0.5549178719520569
Combined,bioaware,1.00358736547379,0.9756222367286682
Combined,bioaware,1.64153209662352,0.9988502264022827
Combined,bioaware,1.0648644854659,0.8476407527923584
Combined,bioaware,4.61414924546587,0.8480509519577026
Combined,bioaware,3.85325515296645,0.9967581629753113
Combined,bioaware,11.5604675591713,0.999815046787262
Combined,bioaware,11.5304545824185,0.9906033873558044
Combined,bioaware,1.38752260971663,0.9546536803245544
Combined,bioaware,2.27466794870875,0.41188645362854004
Combined,bioaware,10.4385309718829,0.9940049052238464
Combined,bioaware,9.04594922186429,0.9986740350723267
Combined,bioaware,5.09528692618093,0.9995286464691162
Combined,bioaware,2.5315410431695,0.9989197254180908
Combined,bioaware,5.20216028640901,0.9985621571540833
Combined,bioaware,5.75866617151784,0.0003457283310126513
Combined,bioaware,1.77159561319182,0.9988677501678467
Combined,bioaware,1.45591821299568,0.9998296499252319
Combined,bioaware,1.12030589712657,0.9988160133361816
Combined,bioaware,1.03313496954118,0.4454919397830963
Combined,bioaware,1.95423948374381,0.9152295589447021
Combined,bioaware,3.34904803645179,0.9848120212554932
Combined,bioaware,8.9225406605486,0.9599193930625916
Combined,bioaware,3.99071209705271,0.6940269470214844
Combined,bioaware,1.55420254350254,0.18831050395965576
Combined,bioaware,2.78591740404463,0.022294577211141586
Combined,bioaware,1.63243086303259,0.11524523049592972
Combined,bioaware,2.85733858015999,0.9989213943481445
Combined,bioaware,1.8718732417925,0.003071175655350089
Combined,bioaware,13.549187293761,0.9996875524520874
Combined,bioaware,3.16268076753595,0.9845559597015381
Combined,bioaware,11.9936143645186,0.9993764758110046
Combined,bioaware,1.89074271672002,0.8383784890174866
Combined,bioaware,7.56027980772988,0.48402655124664307
Combined,bioaware,3.92738710802169,0.9599186182022095
Combined,bioaware,1.70384695572155,0.9586026072502136
Combined,bioaware,7.94588156421394,0.9765627980232239
Combined,bioaware,2.77304617392723,0.5802579522132874
Combined,bioaware,8.68738899920702,0.9995952248573303
Combined,bioaware,2.3366724285149,0.004676366224884987
Combined,bioaware,8.0652930520974,0.7099159359931946
Combined,bioaware,5.95982158585652,0.9999942779541016
Combined,bioaware,8.36619524185089,0.890735924243927
Combined,bioaware,4.39629549215001,0.28868338465690613
Combined,bioaware,2.98603353994641,0.013229535892605782
Combined,bioaware,3.80752880290802,0.988757312297821
Combined,bioaware,1.20055710306407,0.020191842690110207
Combined,bioaware,2.63740528715963,0.14037390053272247
Combined,bioaware,4.20297472498087,0.5350894331932068
Combined,bioaware,5.4790516401429,0.9999997615814209
Combined,bioaware,4.27423463099601,0.9337882399559021
Combined,bioaware,3.53731185448906,0.3496667742729187
Combined,bioaware,1.95172155688623,0.20168332755565643
Combined,bioaware,1.33840745638082,0.13746744394302368
Combined,bioaware,1.44135317020344,0.00037300819531083107
Combined,bioaware,1.71209288595887,0.9279803037643433
Combined,bioaware,5.07112970711297,0.995596706867218
Combined,bioaware,2.12413940331964,0.006410198751837015
Combined,bioaware,1.1989574283232,0.005036213900893927
Combined,bioaware,7.31933650388586,0.5760485529899597
Combined,bioaware,9.61010190518387,0.858244776725769
Combined,bioaware,14.7132973733584,0.9919446110725403
Combined,bioaware,1.42888386673471,0.9836428165435791
Combined,bioaware,1.28635039305151,0.07789935916662216
Combined,bioaware,7.1987014340814,0.9882877469062805
Combined,bioaware,2.43881868402187,0.000165393459610641
Combined,bioaware,1.40221713290152,0.0006659888313151896
Combined,bioaware,2.96367253702749,8.02421200205572e-05
Combined,bioaware,3.0756564438825,0.001018376788124442
Combined,bioaware,9.43593078872133,0.999422550201416
Combined,bioaware,2.87258532679412,0.8917381763458252
Combined,bioaware,2.42265032107414,0.0401264987885952
Combined,bioaware,6.82234941098022,0.8741013407707214
Combined,bioaware,5.14481757603747,0.9994786381721497
Combined,bioaware,1.43828151887117,0.000125961028970778
Combined,bioaware,1.36275673653912,0.005683449096977711
Combined,bioaware,3.4325432186776,0.29841604828834534
Combined,bioaware,1.20470881619481,0.000129688938613981
Combined,bioaware,1.92577768415139,0.0016800352605059743
Combined,bioaware,1.5929753671614,0.0007841670303605497
Combined,bioaware,4.35072734552249,6.255097105167806e-05
Combined,bioaware,3.41934045442568,0.9852051138877869
Combined,bioaware,4.77056634973129,0.044520821422338486
Combined,bioaware,12.9500965779687,0.06227114051580429
Combined,bioaware,13.2584468423846,0.0013842316111549735
Combined,bioaware,1.84575209946883,0.07663973420858383
Combined,bioaware,1.60148347943358,0.1489385962486267
Combined,bioaware,3.5520540849985,0.49826571345329285
Combined,bioaware,2.55828721763585,0.004412973765283823
Combined,bioaware,9.12660637791528,0.9943906664848328
Combined,bioaware,5.44440034552798,0.9998818635940552
Combined,bioaware,1.07658542220169,0.0073842392303049564
Combined,bioaware,3.01217079822526,0.9238139986991882
Combined,bioaware,1.3401187446989,0.987429678440094
Combined,bioaware,4.64124513618677,0.7427316308021545
Combined,bioaware,7.38973840515607,0.999531626701355
Combined,bioaware,1.67504664777017,0.09577290713787079
Combined,bioaware,3.02552490248847,0.761269748210907
Combined,bioaware,5.62638608998572,0.9461448192596436
Combined,bioaware,6.30671366471755,0.9978801012039185
Combined,bioaware,5.24475524475525,0.9901776909828186
Combined,bioaware,5.38974397639025,0.8310555219650269
Combined,bioaware,8.94250153387676,0.9912564754486084
Combined,bioaware,3.72510061643487,0.23717398941516876
Combined,bioaware,3.86980688979371,0.9621552228927612
Combined,bioaware,5.44130815651158,0.9996703863143921
Combined,bioaware,2.53603692900229,0.9547345638275146
Combined,bioaware,12.0725049137366,0.9992355108261108
Combined,bioaware,1.3092112095183,0.1288914531469345
Combined,bioaware,1.81261490496529,0.8102056384086609
Combined,bioaware,5.59319487001914,0.9262025356292725
Combined,bioaware,3.60214701839366,0.9995496869087219
Combined,bioaware,1.37350871826247,0.8198580741882324
Combined,bioaware,1.24163277854637,0.9998761415481567
Combined,bioaware,13.8854721880552,0.032859984785318375
Combined,bioaware,3.13925409176281,0.029643313959240913
Combined,bioaware,7.18164539777355,0.6469739079475403
Combined,bioaware,2.2964509394572,0.03402793034911156
Combined,bioaware,1.13294388387325,0.1718117892742157
Combined,bioaware,3.89473684210526,0.0039000636897981167
Combined,bioaware,8.30665543386689,0.18011829257011414
Combined,bioaware,2.72336359292881,0.8775668740272522
Combined,bioaware,2.15501629844259,0.001089446130208671
Combined,bioaware,9.11254675280517,0.08755867928266525
Combined,bioaware,2.48695652173913,0.0032513136975467205
Combined,bioaware,2.8219852337982,0.9677455425262451
Combined,bioaware,13.4606970978562,0.16453810036182404
Combined,bioaware,2.582520950915,0.018438544124364853
Combined,bioaware,1.89922480620155,0.006498116534203291
Combined,bioaware,3.14616561066201,0.004550310783088207
Combined,bioaware,5.51928783382789,0.5082229375839233
Combined,bioaware,10.5502915451895,0.9997001886367798
Combined,bioaware,2.44734674667608,0.5835563540458679
Combined,bioaware,3.93336915636754,3.639735723481863e-06
Combined,bioaware,6.62824207492795,0.9795193076133728
Combined,bioaware,2.26980728051392,0.027566544711589813
Combined,bioaware,2.99862919808088,0.005326351150870323
Combined,bioaware,1.65865384615385,0.06722837686538696
Combined,bioaware,1.1156462585034,0.10280734300613403
Combined,bioaware,2.47229326513214,0.5003973841667175
Combined,bioaware,8.22663252240717,0.8436568379402161
Combined,bioaware,1.07038598767434,0.47481781244277954
Combined,bioaware,2.76883451384417,0.01692158356308937
Combined,bioaware,6.11719253058596,0.010111875832080841
Combined,bioaware,10.1586230172123,0.9787914752960205
Combined,bioaware,3.4384858044164,0.0007304817554540932
Combined,bioaware,1.19309262166405,0.001235291943885386
Combined,bioaware,1.73337535455405,0.008580182678997517
Combined,bioaware,3.12302839116719,0.0434219129383564
Combined,bioaware,1.95768866435112,0.04755324125289917
Combined,bioaware,14.0295358649789,0.9974617958068848
Combined,bioaware,2.57152041144327,0.9730052351951599
Combined,bioaware,5.30120481927711,0.9997959733009338
Combined,bioaware,1.38104205900816,0.999930739402771
Combined,bioaware,5.24393425515262,0.8689550757408142
Combined,bioaware,1.13979995347755,0.9959406852722168
Combined,bioaware,2.98149417409184,0.036694664508104324
Combined,bioaware,1.18994691006094,0.9988443851470947
Combined,bioaware,14.7648534141952,0.9996730089187622
Combined,bioaware,1.52927716166159,0.026289112865924835
Combined,bioaware,2.17412842218822,0.9343370795249939
Combined,bioaware,2.32035773899067,0.041281141340732574
Combined,bioaware,1.60555734461977,0.9981377124786377
Combined,bioaware,10.147842530514,0.9961057305335999
Combined,bioaware,13.9687387711103,0.9999947547912598
Combined,bioaware,8.93400624109104,0.9998863935470581
Combined,bioaware,14.1440013009717,0.9997895359992981
Combined,bioaware,8.44348423843661,0.0002455089706927538
Combined,bioaware,3.18116498356267,0.9547092318534851
Combined,bioaware,10.0995645329463,0.9997051358222961
Combined,bioaware,12.5956087465131,0.9998090863227844
Combined,bioaware,1.00474300648534,0.2594093084335327
Combined,bioaware,1.7588141025641,0.08351704478263855
Combined,bioaware,9.12083869781129,0.7621139287948608
Combined,bioaware,1.780768381166,0.00018295599147677422
Combined,bioaware,5.78612019975891,0.016214504837989807
Combined,bioaware,1.13781641523907,0.006411340553313494
Combined,bioaware,3.81981891600411,0.20905369520187378
Combined,bioaware,4.01205163625971,0.01347715500742197
Combined,bioaware,13.0728355583029,0.06410927325487137
Combined,bioaware,3.1995154871085,0.0017378092743456364
Combined,bioaware,3.98406047834964,0.1294884830713272
Combined,bioaware,1.9593270173146,0.16224390268325806
Combined,bioaware,5.84615872562779,0.1670956164598465
Combined,bioaware,9.95468148781531,0.9537745118141174
Combined,bioaware,9.96927412568253,0.4364038109779358
Combined,bioaware,7.26251840942563,0.18232867121696472
Combined,bioaware,2.80740081755836,0.6657330393791199
Combined,bioaware,8.80345973124233,0.999968409538269
Combined,bioaware,12.8310593900482,0.9955151677131653
Combined,bioaware,8.18475785447362,0.012287236750125885
Combined,bioaware,6.2250349510685,0.07424002140760422
Combined,bioaware,1.51134705980821,0.018942955881357193
Combined,bioaware,3.60037615870315,0.17226870357990265
Combined,bioaware,7.84421534936999,0.9966142773628235
Combined,bioaware,2.20006840633362,0.7304937839508057
Combined,bioaware,2.51266052874088,0.01924826018512249
Combined,bioaware,7.64600867125733,0.9907221794128418
Combined,bioaware,5.29160739687056,0.9873721599578857
Combined,bioaware,10.5453610015435,0.9074848294258118
Combined,bioaware,5.13145793029083,0.9093801379203796
Combined,bioaware,10.0810093387676,0.43439459800720215
Combined,bioaware,7.492981678487,0.9958303570747375
Combined,bioaware,5.12479650126675,0.021186433732509613
Combined,bioaware,3.59733663027125,0.14627990126609802
Combined,bioaware,1.95045905102372,0.002485145116224885
Combined,bioaware,1.45876429491433,0.01673903688788414
Combined,bioaware,2.01535380803744,0.9847868084907532
Combined,bioaware,12.3061650776581,0.9921344518661499
Combined,bioaware,1.46699464340621,0.4943474233150482
Combined,bioaware,5.99155495731381,0.6471656560897827
Combined,bioaware,6.9379613139491,0.9910842180252075
Combined,bioaware,1.06457051969063,0.014872394502162933
Combined,bioaware,9.65092986369582,0.999982476234436
Combined,bioaware,1.33065761037357,0.9971315860748291
Combined,bioaware,6.83490011299261,0.016081862151622772
Combined,bioaware,1.26188578811769,0.07800095528364182
Combined,bioaware,11.4602206270211,0.12391486018896103
Combined,bioaware,6.56575538667439,0.815186619758606
Combined,bioaware,13.9308794605226,0.9772005677223206
Combined,bioaware,5.63282278973832,0.9043928384780884
Combined,bioaware,9.4192878043563,0.11162935942411423
Combined,bioaware,3.57709134685968,0.003083868185058236
Combined,bioaware,7.61562086201757,0.028084008023142815
Combined,bioaware,8.33278022375126,0.017265893518924713
Combined,bioaware,1.47502160882062,0.7686166167259216
Combined,bioaware,8.48358893507238,0.9288278222084045
Combined,bioaware,1.80648332645734,0.16804029047489166
Combined,bioaware,1.51247299155372,0.9876376390457153
Combined,bioaware,2.03266939784789,0.0006205089157447219
Combined,bioaware,10.8840090738459,0.5827624797821045
Combined,bioaware,1.11318152118675,0.0010905941016972065
Combined,bioaware,3.2874007011938,0.38645026087760925
Combined,bioaware,2.11042128094194,0.05960821732878685
Combined,bioaware,6.75987181169062,0.8797382116317749
Combined,bioaware,1.06262039346954,0.022045912221074104
Combined,bioaware,1.0359941559304,0.15801556408405304
Combined,bioaware,8.5430257844051,0.9980050921440125
Combined,bioaware,1.60229381008602,0.8960791230201721
Combined,bioaware,1.4690489520703,0.9709116816520691
Combined,bioaware,1.13312223588831,0.26518118381500244
Combined,bioaware,7.27435353171266,0.9970581531524658
Combined,bioaware,14.6280991735537,0.9999991655349731
Combined,bioaware,2.08627678819009,0.6168297529220581
Combined,bioaware,2.04247190129143,0.996009349822998
Combined,bioaware,5.02236681577877,0.00042890722397714853
Combined,bioaware,2.30608776266996,0.2619057297706604
Combined,bioaware,1.75421483035003,0.0013098695781081915
Combined,bioaware,1.11843162461835,3.913669934263453e-05
Combined,bioaware,2.67643162297742,0.8760277032852173
Combined,bioaware,1.15801381281257,0.9672502279281616
Combined,bioaware,1.27585354464801,0.9962913990020752
Combined,bioaware,6.43324873452333,0.9799991846084595
Combined,bioaware,3.66657988371084,0.6570515036582947
Combined,bioaware,1.71807599125451,0.32927578687667847
Combined,bioaware,1.80599787685775,0.9940933585166931
Combined,bioaware,12.8458749811788,0.9164407253265381
Combined,bioaware,4.66816300475671,0.9242263436317444
Combined,bioaware,1.02791026016288,0.393276184797287
Combined,bioaware,1.22235157159488,0.7923793792724609
Combined,bioaware,1.93661971830986,0.00048030659672804177
Combined,bioaware,6.02069614299153,0.9970629811286926
Combined,bioaware,4.76190476190476,0.02118491195142269
Combined,bioaware,3.47826086956522,0.817358136177063
Combined,bioaware,5.42540073982737,4.5418866648105904e-05
Combined,bioaware,4.81540930979133,0.017146041616797447
Combined,bioaware,2.4866785079929,0.6482681632041931
Combined,bioaware,13.1679389312977,0.9946637153625488
Combined,bioaware,1.68539325842697,0.006701380014419556
Combined,bioaware,5.45454545454545,0.9708346128463745
Combined,bioaware,2.4390243902439,0.0017600106075406075
Combined,bioaware,6.57596371882086,0.3604709208011627
Combined,bioaware,8.27250608272506,0.7429923415184021
Combined,bioaware,1.45278450363196,0.3185103237628937
Combined,bioaware,1.64835164835165,0.9598449468612671
Combined,bioaware,2.0066889632107,0.49870938062667847
Combined,bioaware,2.63157894736842,0.27924177050590515
Combined,bioaware,6.09756097560976,0.01723165437579155
Combined,bioaware,4.84848484848485,0.9973523616790771
Combined,bioaware,2.76923076923077,0.9551128149032593
Combined,bioaware,1.59235668789809,0.9989892840385437
Combined,bioaware,7.54385964912281,0.17695294320583344
Combined,bioaware,1.96936542669584,0.05897306278347969
Combined,bioaware,10.6844106463878,0.011470700614154339
Combined,bioaware,4.93375970762905,0.3512662649154663
Combined,bioaware,11.2001393485456,0.9995312690734863
Combined,bioaware,11.6240995415848,0.9994547963142395
Combined,bioaware,3.37880710659899,0.989701509475708
Combined,bioaware,5.7703081232493,0.9929306507110596
Combined,bioaware,1.36325034639968,0.4793436527252197
Combined,bioaware,7.3621103117506,0.9948956370353699
Combined,bioaware,8.20295306310272,0.9955397248268127
Combined,bioaware,1.6000663239927,0.0038966266438364983
Combined,bioaware,1.29343026626823,0.007356456480920315
Combined,bioaware,3.2562029551157,0.9994788765907288
Combined,bioaware,3.02583428914741,0.9999014139175415
Combined,bioaware,2.51068665115524,0.6195892095565796
Combined,bioaware,1.07011822258459,0.23497864603996277
Combined,bioaware,2.7443628599698,0.9991569519042969
Combined,bioaware,4.51361177618161,0.9059476852416992
Combined,bioaware,9.58606509679171,0.9999964237213135
Combined,bioaware,2.77393747491415,0.39517077803611755
Combined,bioaware,3.35898262912961,0.5571311116218567
Combined,bioaware,1.03382070595185,0.11007826030254364
Combined,bioaware,2.19168098287261,2.4018884232646087e-06
Combined,bioaware,2.36998706338939,0.9853309392929077
Combined,bioaware,1.28665760341814,1.5645370865513542e-07
Combined,bioaware,1.550930558335,7.158444645938289e-07
Combined,bioaware,2.50945342041939,0.00018146498769056052
Combined,bioaware,1.35813404192501,3.0937229666960775e-08
Combined,bioaware,4.83149418431256,0.1569206267595291
Combined,bioaware,3.94453004622496,0.6367329955101013
Combined,bioaware,8.74168179068361,0.9868562817573547
Combined,bioaware,6.1021897810219,0.8414952754974365
Combined,bioaware,3.05972344807296,0.2169364094734192
Combined,bioaware,4.98575498575499,0.00627024145796895
Combined,bioaware,5.59676331759946,0.02660464495420456
Combined,bioaware,2.13645761543763,0.0229473989456892
Combined,bioaware,1.66231298978865,0.046418651938438416
Combined,bioaware,2.88320573383287,0.0005128717748448253
Combined,bioaware,1.82212581344902,0.000678357551805675
Combined,bioaware,2.56694660117256,0.008710309863090515
Combined,bioaware,1.83627532282905,5.98477890889626e-05
Combined,bioaware,3.81846232964772,0.005792228505015373
Combined,bioaware,9.42415182633563,0.017003169283270836
Combined,bioaware,11.8667753580995,0.6842294335365295
Combined,bioaware,3.25077399380805,0.0002965349704027176
Combined,bioaware,3.58598207008965,0.3104712665081024
Combined,bioaware,1.39296187683284,0.008441231213510036
Combined,bioaware,2.12143379663497,0.056440167129039764
Combined,bioaware,1.01088646967341,0.000621666491497308
Combined,bioaware,1.01744186046512,0.0026012002490460873
Combined,bioaware,8.84955752212389,0.05460949242115021
Combined,bioaware,1.28690386071158,0.02403777465224266
Combined,bioaware,3.06122448979592,0.005303255748003721
Combined,bioaware,4.03225806451613,0.003155903425067663
Combined,bioaware,1.34303301622832,0.8148893713951111
Combined,bioaware,10.6124604012672,0.020052889361977577
Combined,bioaware,1.31940626717977,3.825193925877102e-05
Combined,bioaware,2.4131842260153,0.000539114698767662
Combined,bioaware,1.30391173520562,0.0032712172251194715
Combined,bioaware,4.33688064995995,0.9279124736785889
Combined,bioaware,2.01680672268908,0.9999459981918335
Combined,bioaware,2.75594468212118,0.9975456595420837
Combined,bioaware,3.99331169469853,0.9439257979393005
Combined,bioaware,1.00243013365735,0.0009066711063496768
Combined,bioaware,1.83900798654897,0.7873075604438782
Combined,bioaware,1.50780261493041,0.17219428718090057
Combined,bioaware,1.28136679124399,0.6663557887077332
Combined,bioaware,10.1599042749918,0.9455274343490601
Combined,bioaware,4.88465287555507,0.00501239812001586
Combined,bioaware,7.67515923566879,8.746287494432181e-05
Combined,bioaware,3.88193776066731,1.3530580872611608e-05
Combined,bioaware,1.50489089541008,5.536823664442636e-06
Combined,bioaware,1.35120527510539,6.273201051953947e-06
Combined,bioaware,1.29019045668646,2.3379097910947166e-05
Combined,bioaware,2.00147477088381,8.52817356644664e-06
Combined,bioaware,3.47979640594162,9.694284381112084e-05
Combined,bioaware,8.10177435554068,0.6447386145591736
Combined,bioaware,1.11863711001642,0.0002739448973443359
Combined,bioaware,1.02526160025367,1.1398719834687654e-05
Combined,bioaware,1.06244835320505,0.7338530421257019
Combined,bioaware,9.48897589120132,0.9941609501838684
Combined,bioaware,3.17589576547231,0.03962232545018196
Combined,bioaware,4.69340613187736,0.7087487578392029
Combined,bioaware,8.6157048687406,0.9900617599487305
Combined,bioaware,5.89343379978472,0.03377702459692955
Combined,bioaware,2.17536367276124,0.0003058894071727991
Combined,bioaware,10.3285714285714,0.1325232833623886
Combined,bioaware,1.62406439768394,0.001152470475062728
Combined,bioaware,1.38286334056399,0.0006046917987987399
Combined,bioaware,1.14942528735632,3.55624251824338e-05
Combined,bioaware,4.03611258629846,0.014237764291465282
Combined,bioaware,2.66189908621375,3.460849984548986e-05
Combined,bioaware,2.90271966527197,0.4102303981781006
Combined,bioaware,4.48768864177919,0.09041772782802582
Combined,bioaware,8.33903523776942,0.9418030977249146
Combined,bioaware,7.82385634886704,0.836330235004425
Combined,bioaware,13.0154177124417,0.9934737086296082
Combined,bioaware,7.89329934450109,0.828575849533081
Combined,bioaware,4.10381730850257,0.9463115334510803
Combined,bioaware,9.48765020026702,0.9989379048347473
Combined,bioaware,3.02509453420419,0.7354692816734314
Combined,bioaware,1.06444426107765,0.29520365595817566
Combined,bioaware,1.90513990871205,0.9022249579429626
Combined,bioaware,2.2893230708506,0.004040793981403112
Combined,bioaware,3.15913788012991,0.37809664011001587
Combined,bioaware,6.3671526331449,0.9392751455307007
Combined,bioaware,2.39653609908368,7.476012979168445e-05
Combined,bioaware,3.52770977075451,0.9254143238067627
Combined,bioaware,6.04791585508376,0.9984588623046875
Combined,bioaware,7.96999182945852,0.004689554683864117
Combined,bioaware,1.50098054005129,0.010450582951307297
Combined,bioaware,1.94575471698113,0.7102609276771545
Combined,bioaware,4.93719279082469,0.9959831237792969
Combined,bioaware,4.12672374019583,0.16468770802021027
Combined,bioaware,6.46923666070973,0.0007963755051605403
Combined,bioaware,1.71452179301797,0.9968728423118591
Combined,bioaware,1.65760165760166,0.5074576735496521
Combined,bioaware,13.4753415142394,0.9623832702636719
Combined,bioaware,4.87132352941176,0.9950952529907227
Combined,bioaware,1.83805265772479,0.022502994164824486
Combined,bioaware,7.21290041403356,0.03831955045461655
Combined,bioaware,1.32905591200733,0.001828686916269362
Combined,bioaware,3.98376982663224,0.2793108820915222
Combined,bioaware,3.3548784241305,0.01077375840395689
Combined,bioaware,3.78276141583356,0.05999406427145004
Combined,bioaware,5.59855521155831,0.028084294870495796
Combined,bioaware,3.18471337579618,0.17161327600479126
Combined,bioaware,1.66765932102442,0.6047923564910889
Combined,bioaware,1.15571776155718,0.4788958430290222
Combined,bioaware,14.561170212766,0.11482126265764236
Combined,bioaware,4.46780551905388,0.8693243861198425
Combined,bioaware,3.55283307810107,0.03839502111077309
Combined,bioaware,1.87449062754686,0.004721886478364468
Combined,bioaware,1.39840965176858,0.00014663024921901524
Combined,bioaware,2.88432946773714,1.1025223329852452e-06
Combined,bioaware,7.5007500750075,2.620710620249156e-05
Combined,bioaware,8.9631480324797,1.6151112504303455e-05
Combined,bioaware,2.57618598806158,4.84311931359116e-05
Combined,bioaware,10.5491777846727,9.633693844079971e-05
Combined,bioaware,14.0871762476311,7.411467959173024e-05
Combined,bioaware,3.26472675656494,0.12999014556407928
Combined,bioaware,1.88264058679707,0.0021706230472773314
Combined,bioaware,2.08078335373317,0.0006239518406800926
Combined,bioaware,12.5,0.9323382377624512
Combined,bioaware,11.3250802384227,0.5734397172927856
Combined,bioaware,14.5681581685744,0.2803368866443634
Combined,bioaware,8.13316477033291,0.9692219495773315
Combined,bioaware,6.94698354661792,0.9972055554389954
Combined,bioaware,1.09509034495346,0.18757332861423492
Combined,bioaware,4.68095016301816,0.2273714542388916
Combined,bioaware,2.56357246227,0.9533143043518066
Combined,bioaware,6.93581780538302,0.9531620740890503
Combined,bioaware,11.5958408679928,0.09312281757593155
Combined,bioaware,1.41932270916335,2.7779135052696802e-05
Combined,bioaware,1.07323232323232,0.00593964196741581
Combined,bioaware,1.10294117647059,0.36205464601516724
Combined,bioaware,1.23239436619718,0.9776039123535156
Combined,bioaware,1.81434599156118,0.9909253120422363
Combined,bioaware,1.46797153024911,0.6942119598388672
Combined,bioaware,4.42452284557548,0.9672109484672546
Combined,bioaware,1.06624964458345,0.25137394666671753
Combined,bioaware,5.74305161656268,0.7052597999572754
Combined,bioaware,6.87409551374819,0.9968114495277405
Combined,bioaware,2.26093402520386,0.9885187745094299
Combined,bioaware,3.76865671641791,0.08267340064048767
Combined,bioaware,5.91380937401699,0.5655354261398315
Combined,bioaware,2.55672738894215,0.003141673980280757
Combined,bioaware,7.98765855330819,0.8231244683265686
Combined,bioaware,3.41511936339523,0.5361518263816833
Combined,bioaware,1.31578947368421,0.9998800754547119
Combined,bioaware,2.63591433278418,0.9931136965751648
Combined,bioaware,1.17508813160987,0.9994572997093201
Combined,bioaware,3.59955005624297,0.9989792704582214
Combined,bioaware,4.68679585398828,0.005538063123822212
Combined,bioaware,3.90428211586902,0.999794065952301
Combined,bioaware,4.56965394853594,0.9767184853553772
Combined,bioaware,3.4542916957432,0.8625997304916382
Combined,bioaware,6.39593908629442,0.0004694647213909775
Combined,bioaware,6.52249738402511,0.9516791105270386
Combined,bioaware,7.4036850921273,0.9987738728523254
Combined,bioaware,2.89377289377289,0.9981847405433655
Combined,bioaware,9.52707333790267,0.0005109848571009934
Combined,bioaware,10.3914097679252,0.002536135260015726
Combined,bioaware,12.1100164203612,0.26233232021331787
Combined,bioaware,8.70942201108472,0.007226312533020973
Combined,bioaware,1.13207547169811,4.4841697672382e-05
Combined,bioaware,1.71451355661882,0.004091463051736355
Combined,bioaware,6.26342161775233,0.05312114208936691
Combined,bioaware,1.87123374563907,0.11964601278305054
Combined,bioaware,8.04713804713805,0.0019062409410253167
Combined,bioaware,4.55300764373546,0.8235016465187073
Combined,bioaware,10.0328947368421,0.9804336428642273
Combined,bioaware,8.49289684990735,0.9801067113876343
Combined,bioaware,11.277330264672,0.3511351943016052
Combined,bioaware,9.43036249659308,0.012399394065141678
Combined,bioaware,14.2542045767852,8.533640357200056e-05
Combined,bioaware,7.44031093836757,2.8710937840514816e-06
Combined,bioaware,5.83879236684705,0.0077329836785793304
Combined,bioaware,4.1914548404543,2.4245782697107643e-06
Combined,bioaware,4.76709343503133,1.199676717078546e-06
Combined,bioaware,6.81258549931601,2.4145108454831643e-06
Combined,bioaware,4.61087420042644,0.02345208451151848
Combined,bioaware,12.987012987013,0.044014256447553635
Combined,bioaware,3.22222222222222,0.009541659615933895
Combined,bioaware,5.24971623155505,0.0009719658992253244
Combined,bioaware,5.03651473180559,0.10583905875682831
Combined,bioaware,4.67191601049869,0.7946513295173645
Combined,bioaware,1.21778532993486,0.00025543078663758934
Combined,bioaware,10.9157924581798,0.003460210980847478
Combined,bioaware,2.27604318646046,0.007741414941847324
Combined,bioaware,2.00162293751691,0.0024032120127230883
Combined,bioaware,10.8196721311475,0.04838474467396736
Combined,bioaware,5.07110276361685,0.9301795959472656
Combined,bioaware,4.52755905511811,1.310319385083858e-05
Combined,bioaware,1.18373648996397,0.0018416193779557943
Combined,bioaware,3.22751322751323,0.0021866424940526485
Combined,bioaware,2.39567233384853,0.00016585999401286244
Combined,bioaware,1.95407914020518,0.0030672303400933743
Combined,bioaware,1.29747581976881,0.008561810478568077
Combined,bioaware,5.9172949508796,9.317128387920093e-06
Combined,bioaware,1.02651839178785,0.4844667613506317
Combined,bioaware,1.70302334481439,0.043182339519262314
Combined,bioaware,1.66151468315301,0.002179207978770137
Combined,bioaware,10.6094388703084,0.9470140933990479
Combined,bioaware,11.9463798681581,0.08975932002067566
Combined,bioaware,2.09860703812317,0.5709701776504517
Combined,bioaware,12.0952931746467,0.41487058997154236
Combined,bioaware,1.38185065297466,0.04196137562394142
Combined,bioaware,4.27053904395977,0.001022690674290061
Combined,bioaware,3.59843575670833,0.923789381980896
Combined,bioaware,7.2127845296448,0.9722257852554321
Combined,bioaware,3.42168058633032,0.37415260076522827
Combined,bioaware,2.1209035843098,0.05383741110563278
Combined,bioaware,1.062727328145,0.00017199839930981398
Combined,bioaware,8.59407264646306,0.9625695943832397
Combined,bioaware,1.94032210702266,0.08005382120609283
Combined,bioaware,3.86640890607293,0.5581281185150146
Combined,bioaware,9.19053217684509,0.9065606594085693
Combined,bioaware,10.0427514527814,0.24353013932704926
Combined,bioaware,13.8183785911059,0.44240230321884155
Combined,bioaware,1.98846626540195,0.3003068268299103
Combined,bioaware,1.20044908886778,0.006112734787166119
Combined,bioaware,1.25773434337593,0.0008923251298256218
Combined,bioaware,6.02173847589799,0.0074087101966142654
Combined,bioaware,1.21016433034074,0.0010767366038635373
Combined,bioaware,7.69664429530201,0.002509599318727851
Combined,bioaware,2.1712325095159,0.003729072865098715
Combined,bioaware,4.27974381241858,0.0016460111364722252
Combined,bioaware,2.2907145245792,0.0034535119775682688
Combined,bioaware,2.22081419293521,0.0119357043877244
Combined,bioaware,10.3423978286967,0.6338836550712585
Combined,bioaware,11.2654639175258,0.9483861327171326
Combined,bioaware,2.03650746986664,0.4589560627937317
Combined,bioaware,5.81835650502995,0.3891294300556183
Combined,bioaware,6.06060606060606,0.9879401922225952
Combined,bioaware,2.19836602596993,0.9980254173278809
Combined,bioaware,1.21450845232234,0.5081609487533569
Combined,bioaware,7.73319050758075,0.16858400404453278
Combined,bioaware,1.9035936577166,0.11312730610370636
Combined,bioaware,2.15776274073724,0.006015695631504059
Combined,bioaware,1.41574269220196,0.06720125675201416
Combined,bioaware,1.13280064731466,0.7867612838745117
Combined,bioaware,3.72839969947408,0.004384842235594988
Combined,bioaware,1.70287830096409,0.49081480503082275
Combined,bioaware,10.5535437144335,0.9971961975097656
Combined,bioaware,6.43833464257659,0.688711404800415
Combined,bioaware,1.69883850700616,0.6004123687744141
Combined,bioaware,3.34671119969832,0.767238199710846
Combined,bioaware,5.76062285228815,0.9646291732788086
Combined,bioaware,3.66159847415437,0.9994251728057861
Combined,bioaware,12.8942632526126,0.9999833106994629
Combined,bioaware,5.44537923753918,0.6806198954582214
Combined,bioaware,8.53102385132531,0.8001119494438171
Combined,bioaware,2.33627591870253,0.7624322772026062
Combined,bioaware,4.65471454002471,0.82309490442276
Combined,bioaware,1.28728961114335,0.004648965317755938
Combined,bioaware,1.48870577718693,0.011278483085334301
Combined,bioaware,5.59873098474215,0.9997928738594055
Combined,bioaware,6.50271575135788,0.9998008608818054
Combined,bioaware,6.10085784170304,0.9999822378158569
Combined,bioaware,3.80364847475589,0.9868823885917664
Combined,bioaware,6.25191776618595,0.9827355146408081
Combined,bioaware,1.41375638651026,0.07943180203437805
Combined,bioaware,2.04731643825128,0.11635543406009674
Combined,bioaware,9.93189997517995,0.9182475209236145
Combined,bioaware,1.90087378875774,0.044457778334617615
Combined,bioaware,2.27460443422353,0.9866464138031006
Combined,bioaware,9.3670757683335,4.295281178201549e-05
Combined,bioaware,4.51177952289228,0.005642229691147804
Combined,bioaware,1.38654157900183,0.00955754891037941
Combined,bioaware,2.44670149592757,0.00397535739466548
Combined,bioaware,1.48291792619632,0.002934423042461276
Combined,bioaware,1.08646686276069,0.04753099009394646
Combined,bioaware,1.2489706286028,0.0014699166640639305
Combined,bioaware,7.60550665763936,0.9961967468261719
Combined,bioaware,5.81243279374582,0.9969896078109741
Combined,bioaware,1.23340523133943,2.5519888367853127e-05
Combined,bioaware,1.15505855824762,0.8688417673110962
Combined,bioaware,1.30068516230484,0.0033515668474137783
Combined,bioaware,1.15386169825809,0.0003735822392627597
Combined,bioaware,5.91820066595464,0.3605194389820099
Combined,bioaware,13.4780485499598,0.9948005676269531
Combined,bioaware,9.04612442578312,0.6355525255203247
Combined,bioaware,2.35636500187758,0.0285927914083004
Combined,bioaware,3.76946189565692,0.15823301672935486
Combined,bioaware,1.06576553158305,0.07319178432226181
Combined,bioaware,1.23143397245477,0.03198738396167755
Combined,bioaware,1.25604372503679,0.16757908463478088
Combined,bioaware,2.32131419965726,0.8741617202758789
Combined,bioaware,1.07592011093932,0.0034685125574469566
Combined,bioaware,6.59470161214292,0.998599112033844
Combined,bioaware,2.09057566576304,0.004917012993246317
Combined,bioaware,2.73570617190458,0.001103350892663002
Combined,bioaware,8.95095233395835,0.006121162325143814
Combined,bioaware,8.16869111513601,0.937461793422699
Combined,bioaware,9.4022054556007,0.9980167150497437
Combined,bioaware,4.4337640842829,0.998900294303894
Combined,bioaware,4.97795680167465,0.9987599849700928
Combined,bioaware,2.11572269357181,0.9264093637466431
Combined,bioaware,5.28203406385447,0.9960293769836426
Combined,bioaware,2.81679899950557,0.5387966632843018
Combined,bioaware,1.1311003163127,0.0007778684375807643
Combined,bioaware,1.61160975910675,0.6460281014442444
Combined,bioaware,2.39458472353805,0.9862936735153198
Combined,bioaware,1.81636460554371,0.0003145327209495008
Combined,bioaware,2.2074019601628,0.372025728225708
Combined,bioaware,1.24399675239786,1.646582859393675e-05
Combined,bioaware,5.12293279380718,0.0660443902015686
Combined,bioaware,11.0352169834192,0.8847559094429016
Combined,bioaware,1.88929738562092,1.4842331438558176e-05
Combined,bioaware,12.5306712379416,0.04228108748793602
Combined,bioaware,4.53390791562713,0.00011560231359908357
Combined,bioaware,1.96917434397241,1.9737344700843096e-05
Combined,bioaware,4.27437363356833,0.8009288311004639
Combined,bioaware,1.35658914728682,0.0009323210106231272
Combined,bioaware,1.07066381156317,0.00010137267236132175
Combined,bioaware,2.65957446808511,0.00013587751891463995
Combined,bioaware,5.02008032128514,0.9999895095825195
Combined,bioaware,3.4412955465587,0.9863439798355103
Combined,bioaware,1.13421550094518,0.987006425857544
Combined,bioaware,3.90946502057613,0.9598166942596436
Combined,bioaware,3.27552986512524,0.4015565514564514
Combined,bioaware,1.24740124740125,0.0019035518635064363
Combined,bioaware,3.32640332640333,0.21092064678668976
Combined,bioaware,1.13636363636364,0.025425488129258156
Combined,bioaware,4.24354243542435,0.993474543094635
Combined,bioaware,1.28205128205128,0.9768584966659546
Combined,bioaware,5.71428571428571,0.9999650716781616
Combined,bioaware,1.36054421768707,0.9392068982124329
Combined,bioaware,2.46913580246914,0.0003293991321697831
Combined,bioaware,1.36986301369863,0.006799450609833002
Combined,bioaware,1.69902912621359,0.023224854841828346
Combined,bioaware,7.17299578059072,0.9997367262840271
Combined,bioaware,1.34831460674157,0.8125795125961304
Combined,bioaware,1.44092219020173,0.932489275932312
Combined,bioaware,2.23880597014925,0.9428198933601379
Combined,bioaware,6.20347394540943,0.9999858140945435
Combined,bioaware,2.58397932816537,0.9658858180046082
Combined,bioaware,1.55440414507772,0.9800926446914673
Combined,bioaware,2.16216216216216,0.9995524287223816
Combined,bioaware,4.82315112540193,0.9942026734352112
Combined,bioaware,7.69230769230769,0.9988755583763123
Combined,bioaware,4.69314079422383,0.9975069165229797
Combined,bioaware,1.53256704980843,0.1640317142009735
Combined,bioaware,1.94552529182879,0.8089997172355652
Combined,bioaware,1.20967741935484,0.6560536623001099
Combined,bioaware,8.23045267489712,0.008218133822083473
Combined,bioaware,3.58565737051793,0.9994745850563049
Combined,bioaware,1.55038759689923,0.48729613423347473
Combined,bioaware,3.74531835205993,0.9841467142105103
Combined,bioaware,12.7340823970037,0.9999903440475464
Combined,bioaware,4.02684563758389,0.07209789752960205
Combined,bioaware,2.49110320284698,0.08878078311681747
Combined,bioaware,5.03597122302158,0.0017235629493370652
Combined,bioaware,3.98550724637681,0.6602384448051453
Combined,bioaware,8.39416058394161,0.5491292476654053
Combined,bioaware,1.55038759689923,0.9785224795341492
Combined,bioaware,10.5227785511977,0.25699806213378906
Combined,bioaware,10.5165289256198,0.996370792388916
Combined,bioaware,11.1541405863016,0.9996358156204224
Combined,bioaware,2.70349568278984,0.04343203455209732
Combined,bioaware,13.9615577774734,0.25298237800598145
Combined,bioaware,2.92327959350104,0.844772458076477
Combined,bioaware,2.38491980837326,0.0013709147460758686
Combined,bioaware,1.61155044332614,0.002627743175253272
Combined,bioaware,2.61364846162036,0.3355541527271271
Combined,bioaware,1.28297534957474,0.002644460881128907
Combined,bioaware,1.66976744186047,0.00014373534941114485
Combined,bioaware,3.16724788611284,0.002435216912999749
Combined,bioaware,4.07142857142857,0.00570075074210763
Combined,bioaware,2.07225380524482,0.01483338326215744
Combined,bioaware,3.03154444899631,0.009725917130708694
Combined,bioaware,14.6347803483234,0.7620818614959717
Combined,bioaware,12.2962962962963,0.0117870531976223
Combined,bioaware,1.82819383259912,0.012800144031643867
Combined,bioaware,6.88232597734268,0.006137195974588394
Combined,bioaware,12.0434835715158,0.10427984595298767
Combined,bioaware,1.27746004596718,0.013746464625000954
Combined,bioaware,11.0214154257989,0.031283292919397354
Combined,bioaware,5.85004423473902,0.014958534389734268
Combined,bioaware,2.01627959076992,0.0001551635068608448
Combined,bioaware,7.08744462933883,0.01063884049654007
Combined,bioaware,1.83303122263183,0.7135267853736877
Combined,bioaware,7.90766002098636,0.13751697540283203
Combined,bioaware,1.48514851485149,0.0014669863739982247
Combined,bioaware,8.02088772845953,0.9751253128051758
Combined,bioaware,7.30668414154653,0.01178010180592537
Combined,bioaware,11.2749827705031,0.022215571254491806
Combined,bioaware,4.08509036144578,0.035725731402635574
Combined,bioaware,10.4745925215724,0.9886149168014526
Combined,bioaware,7.20571143948199,0.2727636396884918
Combined,bioaware,14.5098274929374,0.9837465882301331
Combined,bioaware,1.47769925269672,0.9670205116271973
Combined,bioaware,9.24828151604969,0.0020643018651753664
Combined,bioaware,12.6470479772836,0.9874010682106018
Combined,bioaware,10.3883962718491,0.9776623845100403
Combined,bioaware,1.37406776815904,0.05263557285070419
Combined,bioaware,6.1275040280884,0.8390872478485107
Combined,bioaware,9.01645276464344,0.9779224395751953
Combined,bioaware,1.55385739299837,0.08614146709442139
Combined,bioaware,1.08620627020743,0.003739908803254366
Combined,bioaware,7.76181229773463,0.6434569954872131
Combined,bioaware,2.70970064523275,0.0018638188485056162
Combined,bioaware,13.37890625,0.9998925924301147
Combined,bioaware,1.61105377823644,0.9974236488342285
Combined,bioaware,4.94383185794896,0.9935557246208191
Combined,bioaware,10.4279440302318,0.9990620017051697
Combined,bioaware,1.18199649014143,0.9973300695419312
Combined,bioaware,1.45879286143974,0.6312088370323181
Combined,bioaware,1.59006084155632,0.9378133416175842
Combined,bioaware,5.23360634626281,0.9796323180198669
Combined,bioaware,1.07998795232563,0.9997194409370422
Combined,bioaware,1.57232704402516,0.9353092312812805
Combined,bioaware,1.36445694613544,0.9992067217826843
Combined,bioaware,1.0365251727542,0.9881992340087891
Combined,bioaware,11.0874543044229,0.9992555975914001
Combined,bioaware,1.07438582084445,0.6024229526519775
Combined,bioaware,1.61760148744964,0.9179996252059937
Combined,bioaware,13.0907294582579,0.8762580752372742
Combined,bioaware,2.3694513652311,0.09223811328411102
Combined,bioaware,8.21535599875995,0.998572826385498
Combined,bioaware,3.48052744556884,0.999488353729248
Combined,bioaware,6.43926034161334,0.6369225382804871
Combined,bioaware,2.17858078030898,0.005747744347900152
Combined,bioaware,4.01078695758764,0.0888562873005867
Combined,bioaware,9.69006240008251,0.2847416400909424
Combined,bioaware,13.3656014520653,0.7517440915107727
Combined,bioaware,2.35129243226409,0.572303056716919
Combined,bioaware,4.893948238957,0.005406999960541725
Combined,bioaware,5.30673509901709,0.6648678779602051
Combined,bioaware,4.27217496962333,0.7273100018501282
Combined,bioaware,14.2682102416765,0.1747293323278427
Combined,bioaware,5.94752186588921,0.7789171934127808
Combined,bioaware,9.86427229066611,0.8001049757003784
Combined,bioaware,2.67785771382894,0.17337563633918762
Combined,bioaware,3.71883630310597,0.015200614929199219
Combined,bioaware,10.2965797656063,0.001760411076247692
Combined,bioaware,6.74648786717752,0.7698910236358643
Combined,bioaware,5.96147087952462,0.0069009712897241116
Combined,bioaware,3.13176547347193,0.742679238319397
Combined,bioaware,3.76492194674013,0.9999557733535767
Combined,bioaware,1.12013175536576,0.9934605360031128
Combined,bioaware,2.48816556472751,0.4199651777744293
Combined,bioaware,11.0460767201669,0.849108874797821
Combined,bioaware,1.18691742031508,0.0008924666908569634
Combined,bioaware,2.46977070894586,0.35755905508995056
Combined,bioaware,6.22237980069138,0.9643914103507996
Combined,bioaware,6.33178262157406,0.998236894607544
Combined,bioaware,6.28011459825498,0.9782989025115967
Combined,bioaware,1.33099717201525,0.9854052662849426
Combined,bioaware,9.01693339016546,0.09203576296567917
Combined,bioaware,3.82697836691182,0.005054069682955742
Combined,bioaware,11.1453256317973,0.04703326150774956
Combined,bioaware,3.82298697221786,0.1465781033039093
Combined,bioaware,1.54774762219977,0.023829853162169456
Combined,bioaware,8.26650215916101,0.06153421476483345
Combined,bioaware,3.07790556452027,0.6279650330543518
Combined,bioaware,9.26156349453232,0.0006896969862282276
Combined,bioaware,2.58398085154048,0.1675129234790802
Combined,bioaware,1.08887299110538,0.9985332489013672
Combined,bioaware,11.0819831116533,0.006993889808654785
Combined,bioaware,10.5583336233868,0.05379124730825424
Combined,bioaware,11.7923290946543,0.07711046934127808
Combined,bioaware,3.21237647821157,0.9465517997741699
Combined,bioaware,3.81930376062405,0.9588621258735657
Combined,bioaware,1.06013621489993,0.8152209520339966
Combined,bioaware,1.42200016240512,0.3179144859313965
Combined,bioaware,5.29631721424815,0.5667928457260132
Combined,bioaware,5.25260085322955,0.9608644247055054
Combined,bioaware,8.45452341998425,0.817020058631897
Combined,bioaware,6.49367755532139,0.8149800896644592
Combined,bioaware,1.7375395418006,0.7216013073921204
Combined,bioaware,2.63285431902462,0.4762306809425354
Combined,bioaware,6.01317957166392,0.16107521951198578
Combined,bioaware,14.5127065546106,0.8985578417778015
Combined,bioaware,8.18715782397411,0.7938327789306641
Combined,bioaware,1.19804670795801,0.19261491298675537
Combined,bioaware,8.96884012098192,0.9570034742355347
Combined,bioaware,5.19939260041319,0.9918877482414246
Combined,bioaware,1.12152725064521,0.9512459635734558
Combined,bioaware,1.02831889656353,0.7427842020988464
Combined,bioaware,1.65677831372576,0.006823343690484762
Combined,bioaware,4.57457915100069,0.37540513277053833
Combined,bioaware,2.9183079074661,0.9956880211830139
Combined,bioaware,5.30124871650492,0.049166955053806305
Combined,bioaware,4.28966654773672,0.04617476090788841
Combined,bioaware,1.28664195086006,0.021227559074759483
Combined,bioaware,7.44924536353514,0.007886703126132488
Combined,bioaware,1.399315479703,0.035196106880903244
Combined,bioaware,2.62008320726173,0.022231049835681915
Combined,bioaware,1.16927615506353,0.074978306889534
Combined,bioaware,2.51394542439319,0.08744792640209198
Combined,bioaware,1.99081163859112,0.2660914361476898
Combined,bioaware,1.02960102960103,0.6793089509010315
Combined,bioaware,3.09988518943743,0.7923815846443176
Combined,bioaware,1.44787644787645,0.9913145899772644
Combined,bioaware,4.74840538625089,0.9438796639442444
Combined,bioaware,1.28126906650397,0.9998388290405273
Combined,bioaware,1.08108108108108,0.9660377502441406
Combined,bioaware,1.5881708652793,0.9504386782646179
Combined,bioaware,6.20320855614973,0.9814906120300293
Combined,bioaware,1.59952606635071,0.9929156303405762
Combined,bioaware,12.8778718258767,0.9999957084655762
Combined,bioaware,2.79635258358663,0.5444254279136658
Combined,bioaware,1.32782531720271,0.5205426216125488
Combined,bioaware,6.51329548849716,0.8692999482154846
Combined,bioaware,1.89181200118238,0.011471607722342014
Combined,bioaware,2.58433079434168,0.9994854927062988
Combined,bioaware,4.20378340506456,0.8250102996826172
Combined,bioaware,1.64634688973925,0.9944102168083191
Combined,bioaware,1.34043334557473,0.9887694120407104
Combined,bioaware,4.85855988243938,0.9685861468315125
Combined,bioaware,9.30583027220495,0.9999802112579346
Combined,bioaware,5.87557603686636,0.9999449253082275
Combined,bioaware,1.18640659561633,0.878112256526947
Combined,bioaware,1.66414523449319,0.994789719581604
Combined,bioaware,5.63478607759051,0.9956661462783813
Combined,bioaware,1.74332709543977,0.9090253710746765
Combined,bioaware,1.34645742408766,0.9320128560066223
Combined,bioaware,1.15052732502397,0.9945577383041382
Combined,bioaware,1.80351210251542,0.999891996383667
Combined,bioaware,1.57329240214889,0.9996649026870728
Combined,bioaware,4.59198046764954,0.9999600648880005
Combined,bioaware,7.76991886831704,0.9999724626541138
Combined,bioaware,2.83064909712055,0.9378501176834106
Combined,bioaware,12.1348314606742,0.9575401544570923
Combined,bioaware,4.02405180388529,0.9564758539199829
Combined,bioaware,1.69114374721851,0.9858940839767456
Combined,bioaware,2.46141009595328,0.971422016620636
Combined,bioaware,7.73057787983161,0.06718386709690094
Combined,bioaware,7.05279747832939,0.965352475643158
Combined,bioaware,12.953795379538,0.9999610185623169
Combined,bioaware,11.1924235901851,0.9996670484542847
Combined,bioaware,2.32258064516129,0.6077204346656799
Combined,bioaware,11.1314704535044,0.9996280670166016
Combined,bioaware,1.2924071082391,0.8809027671813965
Combined,bioaware,5.36159600997506,0.9975742697715759
Combined,bioaware,2.39625949736996,0.7808302044868469
Combined,bioaware,12.2079439252336,0.9734815359115601
Combined,bioaware,10.8660570199032,0.9987095594406128
Combined,bioaware,1.28865979381443,0.775262176990509
Combined,bioaware,3.37552742616034,0.9975298047065735
Combined,bioaware,4.22059651097355,0.3435083031654358
Combined,bioaware,1.31369426751592,0.04333487153053284
Combined,bioaware,4.46816923685251,0.9933562278747559
Combined,bioaware,10.9726688102894,0.999817430973053
Combined,bioaware,3.55518809425382,0.6685105562210083
Combined,bioaware,8.92477688057799,0.9911284446716309
Combined,bioaware,5.28025995125914,0.9548751711845398
Combined,bioaware,1.77711958533876,0.0015169833786785603
Combined,bioaware,2.21305326331583,0.9225871562957764
Combined,bioaware,3.35793357933579,0.9986887574195862
Combined,bioaware,1.60707111289675,0.1387994885444641
Combined,bioaware,2.92904290429043,0.852704644203186
Combined,bioaware,9.45602440264362,0.11431625485420227
Combined,bioaware,14.42417331813,0.8751735091209412
Combined,bioaware,6.06400898371701,0.4035158157348633
Combined,bioaware,1.34969325153374,0.0749896839261055
Combined,bioaware,1.93050193050193,0.0101754916831851
Combined,bioaware,6.36215334420881,0.7618294954299927
Combined,bioaware,2.55895634721525,0.9818254709243774
Combined,bioaware,2.14689265536723,0.8152729272842407
Combined,bioaware,1.86712983065567,0.9402622580528259
Combined,bioaware,1.62822252374491,0.866263210773468
Combined,bioaware,1.38057984353428,0.6565766334533691
Combined,bioaware,2.71201033146793,0.839771032333374
Combined,bioaware,5.80817730225449,0.0119438162073493
Combined,bioaware,7.90352504638219,0.9765123128890991
Combined,bioaware,5.84707646176912,0.9899752736091614
Combined,bioaware,2.85487708168121,0.999221682548523
Combined,bioaware,4.92797573919636,0.9994146823883057
Combined,bioaware,1.38217000691085,0.9986030459403992
Combined,bioaware,5.078125,0.9999589920043945
Combined,bioaware,4.55252918287938,0.15609458088874817
Combined,bioaware,7.07895760404512,0.9998915195465088
Combined,bioaware,1.1063829787234,0.001122159999795258
Combined,bioaware,6.62593984962406,0.15795102715492249
Combined,bioaware,2.04778156996587,0.00035773220588453114
Combined,bioaware,4.12115193644489,0.9997692704200745
Combined,bioaware,1.60412888826894,0.9994868040084839
Combined,bioaware,2.17900979175286,0.9999909400939941
Combined,bioaware,1.90290680251723,0.9999996423721313
Combined,bioaware,1.91332077112625,0.9999991655349731
Combined,bioaware,1.50782006056255,0.30087512731552124
Combined,bioaware,8.23205074998518,0.9999932050704956
Combined,bioaware,1.23101625744297,0.00046015632688067853
Combined,bioaware,9.21299422312251,0.9999181032180786
Combined,bioaware,2.00592885375494,6.152700279926648e-06
Combined,bioaware,10.1605288007554,0.255942165851593
Combined,bioaware,2.91065775589166,0.054760079830884933
Combined,bioaware,9.53790937640197,0.9923391342163086
Combined,bioaware,14.4378518180435,0.6585567593574524
Combined,bioaware,12.5643592677346,0.9997650980949402
Combined,bioaware,12.2307485191169,0.9583281874656677
Combined,bioaware,1.37983112514588,0.0008390157017856836
Combined,bioaware,2.16609868820317,0.4721308648586273
Combined,bioaware,6.47168637212197,0.9989349246025085
Combined,bioaware,3.25792943156545,0.13062383234500885
Combined,bioaware,1.8351458230351,0.9505007266998291
Combined,bioaware,9.6403636954051,0.9999933242797852
Combined,bioaware,5.48350181193973,0.5111758708953857
Combined,bioaware,2.09932427999738,0.10658781975507736
Combined,bioaware,2.26869843867185,0.0008724918006919324
Combined,bioaware,7.83692392760681,0.9901995062828064
Combined,bioaware,6.81967213114754,0.024879436939954758
Combined,bioaware,11.1717123811029,0.9270869493484497
Combined,bioaware,1.33337638018984,0.10160563886165619
Combined,bioaware,2.16150786788864,0.04927818104624748
Combined,bioaware,1.94477518852413,0.6950259208679199
Combined,bioaware,7.96817861038045,0.7252609133720398
Combined,bioaware,12.1826972888966,0.6553230285644531
Combined,bioaware,12.7208783667868,0.0773276761174202
Combined,bioaware,5.58224862409365,0.5028955936431885
Combined,bioaware,3.4359660865685,0.6462937593460083
Combined,bioaware,3.52941176470588,0.000811413920018822
Combined,bioaware,2.08569953536396,0.9936702251434326
Combined,bioaware,2.28109656301146,0.8670574426651001
Combined,bioaware,1.79695338867098,0.026646148413419724
Combined,bioaware,11.5206947524021,0.9998877048492432
Combined,bioaware,1.09378826218268,0.850354790687561
Combined,bioaware,8.21850150639601,0.9812659621238708
Combined,bioaware,1.30284838421254,0.0023917686194181442
Combined,bioaware,10.0389354955244,0.6418741941452026
Combined,bioaware,7.94074979002825,0.00024444551672786474
Combined,bioaware,11.8367781802685,0.9615688323974609
Combined,bioaware,6.55647760784583,0.06729624420404434
Combined,bioaware,10.5332957110609,0.5327431559562683
Combined,bioaware,2.89843949859299,0.07791319489479065
Combined,bioaware,8.46639603067208,0.3610720634460449
Combined,bioaware,2.85456595264938,0.009282802231609821
Combined,bioaware,9.28170466261886,0.0002472316846251488
Combined,bioaware,1.2250034410209,0.0015457386616617441
Combined,bioaware,1.30139533063269,0.11891669034957886
Combined,bioaware,1.72534963806311,0.39595794677734375
Combined,bioaware,6.40885445942217,0.9557892084121704
Combined,bioaware,1.75335250701688,0.7591844201087952
Combined,bioaware,13.0696474634566,0.999114453792572
Combined,bioaware,1.96986452861487,2.8548878617584705e-05
Combined,bioaware,13.7898045647123,0.1526263952255249
Combined,bioaware,5.97658155797691,0.9983073472976685
Combined,bioaware,2.57738957277335,0.9999065399169922
Combined,bioaware,11.32764294529,0.8805968761444092
Combined,bioaware,3.63929833110001,0.0008213126566261053
Combined,bioaware,5.92282381094825,0.00036505176103673875
Combined,bioaware,11.3805456048498,0.997994065284729
Combined,bioaware,13.4693990278392,0.9419731497764587
Combined,bioaware,5.22938561034762,0.00022557092597708106
Combined,bioaware,1.07187444266096,0.0003347208839841187
Combined,bioaware,2.60217723453018,0.010975513607263565
Combined,bioaware,2.61780787952342,0.9917904138565063
Combined,bioaware,7.66742195367573,0.9996801614761353
Combined,bioaware,1.31096284989783,0.6412984132766724
Combined,bioaware,6.31396630451897,0.25190237164497375
Combined,bioaware,3.3655383085284,0.8332576155662537
Combined,bioaware,1.51089501170538,6.965788634261116e-05
Combined,bioaware,4.58197668312152,0.9852426052093506
Combined,bioaware,14.9806930814826,0.05791027843952179
Combined,bioaware,4.63138508206489,0.9712475538253784
Combined,bioaware,2.23644875627503,0.0003441006410866976
Combined,bioaware,2.5314166892686,0.0010219543473795056
Combined,bioaware,2.45014782663396,0.10389349609613419
Combined,bioaware,10.3849685204617,0.9959742426872253
Combined,bioaware,7.16593739481656,0.9929185509681702
Combined,bioaware,14.3610461407612,0.9960393905639648
Combined,bioaware,3.21167327034441,0.0002263873175252229
Combined,bioaware,8.77384196185286,0.04580124095082283
Combined,bioaware,9.52825056345691,0.30772075057029724
Combined,bioaware,4.19440211725078,0.5028036832809448
Combined,bioaware,5.4057182544276,0.9882926344871521
Combined,bioaware,9.30312866910698,0.29647091031074524
Combined,bioaware,10.9483743637686,0.5085427761077881
Combined,bioaware,1.1756876663709,0.00043717288644984365
Combined,bioaware,5.5512088256005,0.9999979734420776
Combined,bioaware,1.55393053016453,0.9999486207962036
Combined,bioaware,3.37293458964905,0.603598952293396
Combined,bioaware,12.4935820640082,0.893238365650177
Combined,bioaware,1.72846140068064,0.010860116221010685
Combined,bioaware,7.11145734794947,0.003307157661765814
Combined,bioaware,3.96235916157865,0.014789444394409657
Combined,bioaware,2.52020240995734,0.0008520627161487937
Combined,bioaware,9.1755206119847,0.9567938446998596
Combined,bioaware,10.5084291016411,0.8861814737319946
Combined,bioaware,9.53314709358547,0.9677010178565979
Combined,bioaware,1.38135085585667,0.00031974606099538505
Combined,bioaware,1.18827542833184,0.0007847463130019605
Combined,bioaware,6.18029358701001,0.24032743275165558
Combined,bioaware,4.22329569282863,0.0006709727458655834
Combined,bioaware,2.37470661328179,0.0007279335404746234
Combined,bioaware,2.49092409240924,0.0029853128362447023
Combined,bioaware,1.37370851466729,7.374649158009561e-07
Combined,bioaware,1.49401090113907,5.7262681366410106e-05
Combined,bioaware,3.02748474300038,0.2413395643234253
Combined,bioaware,4.90034321813321,0.16556526720523834
Combined,bioaware,9.26264188924717,0.03770895302295685
Combined,bioaware,8.71089734175356,0.02235148660838604
Combined,bioaware,13.9845226311527,0.013711533509194851
Combined,bioaware,11.3577248298426,0.0019908822141587734
Combined,bioaware,1.93686607926965,9.45093506743433e-06
Combined,bioaware,12.7708493713113,0.01013869233429432
Combined,bioaware,9.05132126773728,0.0017905819695442915
Combined,bioaware,8.28446944489786,0.2338789701461792
Combined,bioaware,8.96841495218777,0.0022963699884712696
Combined,bioaware,8.6345128279043,0.011589384637773037
Combined,bioaware,7.45812964368283,0.2939944267272949
Combined,bioaware,1.42920137959274,0.006365509238094091
Combined,bioaware,2.36620416253717,0.00014630901569034904
Combined,bioaware,1.16913185740801,1.7293206155954977e-07
Combined,bioaware,4.211534801924,0.00031833138200454414
Combined,bioaware,2.62242493448888,0.0003064261982217431
Combined,bioaware,4.72421485726499,0.2731659412384033
Combined,bioaware,3.04944606852942,2.3452153072867077e-06
Combined,bioaware,5.17557780346519,0.0073202308267354965
Combined,bioaware,4.43831191540501,6.065586057957262e-05
Combined,bioaware,4.78115519920359,0.42420661449432373
Combined,bioaware,1.36899718938691,0.24538804590702057
Combined,bioaware,7.77895600328125,0.05690544471144676
Combined,bioaware,2.80075362661688,2.835940620116162e-07
Combined,bioaware,4.94048229456728,0.0003894520050380379
Combined,bioaware,10.2443941297267,0.012941141612827778
Combined,bioaware,1.63530572663241,0.09546718001365662
Combined,bioaware,1.59988590765002,0.9839563965797424
Combined,bioaware,1.1359653458673,5.942499228694942e-06
Combined,bioaware,5.01897962737245,0.00013031545677222311
Combined,bioaware,1.33724863612155,0.04521821811795235
Combined,bioaware,10.2025216642662,0.2836509943008423
Combined,bioaware,2.32244386624265,3.7168538256082684e-06
Combined,bioaware,2.39904296938149,0.00020526332082226872
Combined,bioaware,11.8908401319558,0.013364891521632671
Combined,bioaware,12.1057688291073,0.16924737393856049
Combined,bioaware,1.37742500686074,6.4285582084266935e-06
Combined,bioaware,2.42550549840369,0.06373468041419983
Combined,bioaware,1.82490627216537,2.455276444379706e-06
Combined,bioaware,2.19776891625864,0.09762248396873474
Combined,bioaware,2.9229703698894,0.010342681780457497
Combined,bioaware,1.19938126240938,1.5329031157307327e-05
Combined,bioaware,1.79911870862027,6.340540494420566e-06
Combined,bioaware,11.6632532068557,0.006399453617632389
Combined,bioaware,14.1914922297753,0.2115945816040039
Combined,bioaware,11.4042469908993,2.526948946979246e-06
Combined,bioaware,1.89667241007969,5.591685476247221e-05
Combined,bioaware,12.2680508294343,0.0001798641460482031
Combined,bioaware,1.55497165298027,0.0003071621176786721
Combined,bioaware,1.22124396478273,0.04017607867717743
Combined,bioaware,1.06407587323618,0.19755247235298157
Combined,bioaware,1.0776292157254,0.8279650211334229
Combined,bioaware,8.79857960149931,0.8621063828468323
Combined,bioaware,2.21202494411107,0.012168261222541332
Combined,bioaware,9.13363055789854,0.00013715491513721645
Combined,bioaware,9.77629700142789,0.2792719900608063
Combined,bioaware,6.41060319177712,0.8728883266448975
Combined,bioaware,12.4845640898987,0.06562650203704834
Combined,bioaware,1.54066437571592,0.029523709788918495
Combined,bioaware,2.85760413303197,0.7705931067466736
Combined,bioaware,7.20758206195099,0.8588190674781799
Combined,bioaware,1.40172313735994,0.44883400201797485
Combined,bioaware,6.11748041255367,0.2728842794895172
Combined,bioaware,1.86557405631593,0.06144454702734947
Combined,bioaware,1.33650519031142,0.014890700578689575
Combined,bioaware,4.4036776078364,0.0023922647815197706
Combined,bioaware,12.1130324757486,0.00833686999976635
Combined,bioaware,1.48367952522255,0.0004988025175407529
Combined,bioaware,8.52425876010782,0.923747181892395
Combined,bioaware,3.79900895418586,0.005373337771743536
Combined,bioaware,4.35901560238057,0.4440003037452698
Combined,bioaware,6.15658967391304,0.1359737366437912
Combined,bioaware,3.31062194269741,0.0017856131307780743
Combined,bioaware,5.95612392694387,0.5968454480171204
Combined,bioaware,4.75963826749167,0.00015907123452052474
Combined,bioaware,3.95256916996047,0.002248679520562291
Combined,bioaware,2.9467680608365,1.2898742625111481e-06
Combined,bioaware,8.24782951854775,0.0011191980447620153
Combined,bioaware,5.08474576271186,0.9797356128692627
Combined,bioaware,4.16164053075995,0.00026553418138064444
Combined,bioaware,1.15221346270467,0.01311213057488203
Combined,bioaware,9.36352509179927,0.7280754446983337
Combined,bioaware,12.4146492861577,0.2389979511499405
Combined,bioaware,12.3427201917316,0.2458081990480423
Combined,bioaware,2.03947368421053,0.047649405896663666
Combined,bioaware,2.97225891677675,0.169918954372406
Combined,bioaware,1.75292153589316,0.00048297608736902475
Combined,bioaware,6.86184812442818,0.9544100761413574
Combined,bioaware,2.40549828178694,0.24184414744377136
Combined,bioaware,8.18858560794045,0.9986318945884705
Combined,bioaware,5.81896551724138,0.9626471996307373
Combined,bioaware,1.85185185185185,0.00018186615488957614
Combined,bioaware,3.90334572490706,0.00232458533719182
Combined,bioaware,3.91061452513967,0.002327068243175745
Combined,bioaware,9.3984962406015,0.0010397740406915545
Combined,bioaware,2.76134122287968,0.01110996212810278
Combined,bioaware,1.17370892018779,0.003981044515967369
Combined,bioaware,1.04606718970026,0.9997574687004089
Combined,bioaware,2.30164877724909,0.9999620914459229
Combined,bioaware,1.64040578458882,0.9999812841415405
Combined,bioaware,2.27606461086637,0.9998303651809692
Combined,bioaware,3.28558435652569,1.0
Combined,bioaware,1.0219664043228,0.9872826337814331
Combined,bioaware,9.14853946550653,0.9999853372573853
Combined,bioaware,1.11305106940201,0.999448835849762
Combined,bioaware,3.12062843000108,0.9999998807907104
Combined,bioaware,1.39498256271797,0.9872149229049683
Combined,bioaware,7.23223510503961,0.5699855089187622
Combined,bioaware,3.89214536928488,0.9183167815208435
Combined,bioaware,4.7926267281106,0.9979338645935059
Combined,bioaware,1.46729390681004,0.9840564727783203
Combined,bioaware,3.80540540540541,0.9903159737586975
Combined,bioaware,1.1204151432952,0.006477554328739643
Combined,bioaware,5.50683970536654,0.9982782602310181
Combined,bioaware,1.02071450015011,0.9991936087608337
Combined,bioaware,4.32242990654206,0.9943968057632446
Combined,bioaware,1.52625152625153,0.17365701496601105
Combined,bioaware,13.3042529989095,0.9999185800552368
Combined,bioaware,1.87246963562753,0.9821433424949646
Combined,bioaware,11.8178248920298,0.9999963045120239
Combined,bioaware,6.72033601680084,0.9999604225158691
Combined,bioaware,2.62888357801297,0.9980306029319763
Combined,bioaware,10.3086604734792,0.9996318817138672
Combined,bioaware,3.27000934288384,0.9788693785667419
Combined,bioaware,3.46094946401225,0.9997826218605042
Combined,bioaware,7.1608040201005,0.9982607960700989
Combined,bioaware,1.08325595790777,0.9325054287910461
Combined,bioaware,1.49105367793241,0.986325204372406
Combined,bioaware,4.85122897800776,0.9999406337738037
Combined,bioaware,3.87466307277628,0.99964439868927
Combined,bioaware,1.48556876061121,0.966880202293396
Combined,bioaware,3.54924578527063,0.9984725117683411
Combined,bioaware,2.36520854526958,0.9879956841468811
Combined,bioaware,5.19514086327216,0.9989417195320129
Combined,bioaware,9.44331755690782,0.9999856948852539
Combined,bioaware,2.22222222222222,0.08162578195333481
Combined,bioaware,3.28475595651168,0.827431321144104
Combined,bioaware,1.23987854251012,0.9993283748626709
Combined,bioaware,13.2439501142527,0.4510493278503418
Combined,bioaware,2.30489783079324,0.6475663781166077
Combined,bioaware,9.07172352377874,0.9932223558425903
Combined,bioaware,4.60817235761545,0.06090470030903816
Combined,bioaware,5.05819564625626,0.9885990619659424
Combined,bioaware,1.28741969882182,0.9683369398117065
Combined,bioaware,8.75783883542683,0.9942036271095276
Combined,bioaware,4.73641174383264,0.9995599389076233
Combined,bioaware,7.70128974045964,0.9988443851470947
Combined,bioaware,1.67156047688117,1.2007541045022663e-05
Combined,bioaware,3.78472981842048,0.9987799525260925
Combined,bioaware,7.67444967765641,0.9996404647827148
Combined,bioaware,1.45845377621275,0.022402731701731682
Combined,bioaware,7.0605644223655,0.16362014412879944
Combined,bioaware,3.37534801316123,0.5491505861282349
Combined,bioaware,1.39598609894213,0.004567323252558708
Combined,bioaware,3.35836890968988,0.24458208680152893
Combined,bioaware,13.781684981685,0.8588238954544067
Combined,bioaware,9.25494389270169,0.9810143113136292
Combined,bioaware,6.61893198375054,0.06554333120584488
Combined,bioaware,8.85661426051115,0.5173091292381287
Combined,bioaware,4.59390664160401,0.004264762159436941
Combined,bioaware,12.0377423305553,0.3936731219291687
Combined,bioaware,1.06154962617927,0.06533398479223251
Combined,bioaware,6.57709838398761,0.002693859161809087
Combined,bioaware,1.01799975058082,0.14558902382850647
Combined,bioaware,1.04107962538341,0.0409947894513607
Combined,bioaware,1.17764799429684,3.678202847368084e-05
Combined,bioaware,10.5283180577905,0.334228515625
Combined,bioaware,6.63624680389936,0.922078549861908
Combined,bioaware,2.4981068502242,0.0018468440975993872
Combined,bioaware,10.9273126644017,0.1952376663684845
Combined,bioaware,5.22440917389092,0.9986868500709534
Combined,bioaware,1.38852315807513,0.9675472974777222
Combined,bioaware,2.43238820015548,0.6856111288070679
Combined,bioaware,1.0928266056666,0.1962505280971527
Combined,bioaware,3.76600197203373,0.08010450750589371
Combined,bioaware,11.0383024508983,0.04005427286028862
Combined,bioaware,1.8357287727673,0.17213234305381775
Combined,bioaware,1.05866254831198,0.013897974044084549
Combined,bioaware,1.19604473931236,0.0020159762352705
Combined,bioaware,1.9561017172893,0.00012758398952428252
Combined,bioaware,4.27564146799865,0.003268570639193058
Combined,bioaware,14.6343153285481,0.9477916359901428
Combined,bioaware,4.03508975909218,0.11720534414052963
Combined,bioaware,1.27323399186389,0.33739757537841797
Combined,bioaware,9.37857818124167,0.914365828037262
Combined,bioaware,10.8257136874433,0.9586778879165649
Combined,bioaware,13.4757522052604,0.9017995595932007
Combined,bioaware,8.47300348218727,0.9987519979476929
Combined,bioaware,1.90406893250359,0.00012528302613645792
Combined,bioaware,6.0929264554735,0.6816014051437378
Combined,bioaware,14.1752430556874,0.0002552065998315811
Combined,bioaware,13.7544555354589,0.0009091525571420789
Combined,bioaware,2.81426153609444,0.014929655939340591
Combined,bioaware,2.1803657652482,0.9988692402839661
Combined,bioaware,1.98747226934621,0.9990965127944946
Combined,bioaware,1.32176451508271,0.7906724810600281
Combined,bioaware,6.88864136632456,0.9644575715065002
Combined,bioaware,2.06585146227831,0.9934719800949097
Combined,bioaware,1.23842668592816,0.7550138235092163
Combined,bioaware,6.56219116193703,0.984611451625824
Combined,bioaware,1.56894591521845,0.1992187649011612
Combined,bioaware,1.08847613341322,0.004282978363335133
Combined,bioaware,1.51092482193177,0.8350403904914856
Combined,bioaware,1.44773394713866,0.4482923448085785
Combined,bioaware,1.6526894602648,0.046858757734298706
Combined,bioaware,1.72162162162162,0.5214430093765259
Combined,bioaware,1.26136176362461,0.8622110486030579
Combined,bioaware,2.40117356392835,0.5304594039916992
Combined,bioaware,2.45938855816769,0.9875532388687134
Combined,bioaware,4.37760229720029,0.49522534012794495
Combined,bioaware,1.78735026187966,0.07191944122314453
Combined,bioaware,1.90730186375971,0.5561010241508484
Combined,bioaware,3.13916248715935,0.008879111148416996
Combined,bioaware,3.23346007604563,0.7910576462745667
Combined,bioaware,2.96349149720538,0.7489954233169556
Combined,bioaware,1.64453131258111,0.871039092540741
Combined,bioaware,1.00401131679946,0.44292378425598145
Combined,bioaware,2.12741971849132,0.9771515727043152
Combined,bioaware,3.02978461327904,0.9997687935829163
Combined,bioaware,4.63794186026779,0.9999510049819946
Combined,bioaware,2.88140276835732,0.9943442344665527
Combined,bioaware,3.64990494792284,0.7190093994140625
Combined,bioaware,5.65722533778188,0.9971216320991516
Combined,bioaware,6.21178297583228,0.9999216794967651
Combined,bioaware,4.0376911577217,0.24504460394382477
Combined,bioaware,1.16529919366247,1.4877900866849814e-05
Combined,bioaware,1.48839912007637,3.5388566175242886e-05
Combined,bioaware,7.33337916337263,0.719852089881897
Combined,bioaware,5.97537285877121,0.8457565903663635
Combined,bioaware,1.22469479214959,0.11180822551250458
Combined,bioaware,8.42253379566813,0.9998094439506531
Combined,bioaware,5.78389760254667,0.4282495677471161
Combined,bioaware,7.26933906890069,0.9988453388214111
Combined,bioaware,3.08803465687722,0.8663380146026611
Combined,bioaware,1.86840241475836,0.023158231750130653
Combined,bioaware,1.87016821944401,0.0004671923816204071
Combined,bioaware,1.40883463645551,1.6416406651842408e-05
Combined,bioaware,2.62306936637014,1.3853717973688617e-05
Combined,bioaware,2.02819930112651,0.00119968899525702
Combined,bioaware,1.20438043374415,0.00146924564614892
Combined,bioaware,5.25801591412025,0.006040072068572044
Combined,bioaware,1.07752956636005,0.0020556149538606405
Combined,bioaware,4.79298946517324,0.901181161403656
Combined,bioaware,5.17633849608564,0.9994540810585022
Combined,bioaware,2.95795089040559,0.6255443096160889
Combined,bioaware,2.81607957549294,0.8847192525863647
Combined,bioaware,1.91168850396032,0.0018922232557088137
Combined,bioaware,1.63317056972295,6.582364585483447e-05
Combined,bioaware,1.23596479998679,3.991896301158704e-05
Combined,bioaware,4.54829783789353,0.9103633761405945
Combined,bioaware,7.42525250680353,0.9352964162826538
Combined,bioaware,2.07055414045849,0.9385563135147095
Combined,bioaware,4.02444250456313,0.02581608295440674
Combined,bioaware,5.50683046107443,0.011065693572163582
Combined,bioaware,13.4777640139052,1.8224049199488945e-05
Combined,bioaware,2.34803073219515,1.0208331332250964e-05
Combined,bioaware,1.62658665422432,0.0583931989967823
Combined,bioaware,14.4523109474124,0.9758554697036743
Combined,bioaware,6.37991455042965,0.9981555342674255
Combined,bioaware,8.33034276984282,3.61908387276344e-05
Combined,bioaware,5.1111047092264,0.9686246514320374
Combined,bioaware,3.55123079978242,0.005596056580543518
Combined,bioaware,6.23962386371924,0.9597435593605042
Combined,bioaware,9.27411411686557,0.1466795802116394
Combined,bioaware,14.2150441800692,0.9887949228286743
Combined,bioaware,1.27162028741727,0.0009872495429590344
Combined,bioaware,1.10313323857079,0.023907389491796494
Combined,bioaware,1.31299666990233,0.0009774542413651943
Combined,bioaware,3.18629530138084,0.001357158413156867
Combined,bioaware,3.7042639985811,4.0375707612838596e-05
Combined,bioaware,3.17202022770291,0.0029509610030800104
Combined,bioaware,6.38554758134259,0.011615287512540817
Combined,bioaware,5.37582786245192,0.26292118430137634
Combined,bioaware,1.89384891521699,0.02391309291124344
Combined,bioaware,2.85281114737403,1.949340003193356e-05
Combined,bioaware,1.79634258177045,0.00011204621841898188
Combined,bioaware,3.98330389106883,0.0004203210992272943
Combined,bioaware,1.44503055207453,0.004237995482981205
Combined,bioaware,2.16599734834656,0.003260426688939333
Combined,bioaware,1.95878137986706,0.0015741265378892422
Combined,bioaware,1.16618075801749,0.014093205332756042
Combined,bioaware,2.82258064516129,0.9987838864326477
Combined,bioaware,11.336032388664,0.9996793270111084
Combined,bioaware,3.3112582781457,0.9991707801818848
Combined,bioaware,7.03125,0.999356210231781
Combined,bioaware,2.32558139534884,0.99982088804245
Combined,bioaware,1.38888888888889,0.9998568296432495
Combined,bioaware,2.65486725663717,0.9960647225379944
Combined,bioaware,1.73913043478261,0.9989953637123108
Combined,bioaware,2.29007633587786,0.08526209741830826
Combined,bioaware,1.6260162601626,0.9913712739944458
Combined,bioaware,5.91557974735545,0.9999799728393555
Combined,bioaware,3.81358576927078,0.9998753070831299
Combined,bioaware,4.90027765414044,0.9998307228088379
Combined,bioaware,1.30695494278113,0.9814179539680481
Combined,bioaware,4.56539398862713,0.9802035093307495
Combined,bioaware,1.21168805265607,0.025076668709516525
Combined,bioaware,2.92382801865733,0.9543738961219788
Combined,bioaware,2.13275449204955,0.2940395176410675
Combined,bioaware,3.09683504506393,0.8858098983764648
Combined,bioaware,3.35626433187409,0.9884604215621948
Combined,bioaware,1.39985053679164,0.8159069418907166
Combined,bioaware,1.29400532228249,0.9626871943473816
Combined,bioaware,3.45188070103515,0.9464495778083801
Combined,bioaware,1.05970880270716,0.3742137551307678
Combined,bioaware,2.43563290571454,0.8943158984184265
Combined,bioaware,7.95089813615632,0.9629909992218018
Combined,bioaware,4.74937056534676,0.9999916553497314
Combined,bioaware,1.78753206563785,0.8326454162597656
Combined,bioaware,4.61490765755791,0.9996997117996216
Combined,bioaware,1.90020983912334,0.040076497942209244
Combined,bioaware,1.60835317823777,0.999398946762085
Combined,bioaware,10.8166446816165,0.9999498128890991
Combined,bioaware,3.56372386325921,0.013960350304841995
Combined,bioaware,4.70863808021416,0.9999672174453735
Combined,bioaware,2.62971864838117,0.9914711117744446
Combined,bioaware,1.67161481863947,0.006441358011215925
Combined,bioaware,3.33764693195298,0.9999955892562866
Combined,bioaware,8.44883024725579,0.9998899698257446
Combined,bioaware,4.1639285500926,0.9999841451644897
Combined,bioaware,4.43217321804839,0.9906564354896545
Combined,bioaware,9.61894953656025,0.031087171286344528
Combined,bioaware,14.6516252914552,0.9689165353775024
Combined,bioaware,7.98941246125448,0.9997168183326721
Combined,bioaware,1.16708348219602,0.9982035160064697
Combined,bioaware,3.11027058481234,0.9826602339744568
Combined,bioaware,1.73894825057616,0.5355167388916016
Combined,bioaware,2.92443064182195,0.9921756386756897
Combined,bioaware,1.23102703747865,0.9994656443595886
Combined,bioaware,2.13281628696074,0.00020239944569766521
Combined,bioaware,1.22967479674797,0.9990379810333252
Combined,bioaware,1.59823906593932,0.0006239637150429189
Combined,bioaware,14.2209631728045,0.9802347421646118
Combined,bioaware,1.31825545567168,0.006998849101364613
Combined,bioaware,3.40628544738774,0.7550312876701355
Combined,bioaware,1.3995281036879,0.0009845091262832284
Combined,bioaware,2.1437461107654,0.4588189125061035
Combined,bioaware,3.51083883129123,0.3594951033592224
Combined,bioaware,5.37130288823291,0.7216576337814331
Combined,bioaware,13.8093544371332,0.9999988079071045
Combined,bioaware,2.2726564204882,0.09179528057575226
Combined,bioaware,7.78754651124502,0.9989669322967529
Combined,bioaware,6.65077706673632,0.9990664124488831
Combined,bioaware,4.59326183661506,0.9798412322998047
Combined,bioaware,4.46539227100312,0.9950729012489319
Combined,bioaware,1.68859035357776,0.0004147681756876409
Combined,bioaware,1.36025076927501,0.031379226595163345
Combined,bioaware,1.94663037690078,0.028243692591786385
Combined,bioaware,5.256146300109,0.02979864366352558
Combined,bioaware,4.86476333583772,0.007814731448888779
Combined,bioaware,4.90965849966891,0.0025483015924692154
Combined,bioaware,4.82133432678278,0.0014038172084838152
Combined,bioaware,3.21744763549989,0.0018802734557539225
Combined,bioaware,2.11468202365472,0.00380607764236629
Combined,bioaware,1.2194744498437,0.0070479330606758595
Combined,bioaware,5.2395656937942,0.9997346997261047
Combined,bioaware,5.51272764900662,0.006594683509320021
Combined,bioaware,13.7175094670136,0.9766491055488586
Combined,bioaware,1.05138297298755,0.048805806785821915
Combined,bioaware,1.39310132113299,0.7798108458518982
Combined,bioaware,10.4871464971367,0.9998536109924316
Combined,bioaware,11.0270791564094,0.43346360325813293
Combined,bioaware,3.52601020192285,0.4682766795158386
Combined,bioaware,2.85770018531162,0.9003487825393677
Combined,bioaware,4.29618397776093,0.7042545080184937
Combined,bioaware,2.26320201173512,0.019232487305998802
Combined,bioaware,2.12765957446809,0.9958720803260803
Combined,bioaware,10.4549854791868,0.9998431205749512
Combined,bioaware,9.17062477164779,0.9947682619094849
Combined,bioaware,4.15400202634245,0.9999794960021973
Combined,bioaware,4.64263897373244,0.5887476801872253
Combined,bioaware,9.16077466953581,0.0010836495785042644
Combined,bioaware,12.6788685524126,0.028262851759791374
Combined,bioaware,1.2954796030871,0.9604593515396118
Combined,bioaware,1.4218009478673,0.9435761570930481
Combined,bioaware,2.04623970236513,0.025547591969370842
Combined,bioaware,1.71443878917761,0.22543413937091827
Combined,bioaware,1.72282746389663,0.001274017384275794
Combined,bioaware,1.21684108055488,3.636960900621489e-05
Combined,bioaware,5.24193548387097,0.007527580019086599
Combined,bioaware,4.6771523178808,0.895904541015625
Combined,bioaware,7.0933227659996,0.9979719519615173
Combined,bioaware,2.65934065934066,0.912684440612793
Combined,bioaware,6.33597332221759,0.9627107381820679
Combined,bioaware,1.8501598903609,0.0004227260360494256
Combined,bioaware,1.29770992366412,0.00045720915659330785
Combined,bioaware,12.3254189944134,0.15408778190612793
Combined,bioaware,11.6654702081838,0.0018165558576583862
Combined,bioaware,1.19187182493161,5.82365391892381e-05
Combined,bioaware,7.21075817296545,0.4940151274204254
Combined,bioaware,3.21057601510859,0.009743532165884972
Combined,bioaware,1.36090028788275,0.10769698023796082
Combined,bioaware,7.33420026007802,0.9969991445541382
Combined,bioaware,14.0660710575525,0.9890689253807068
Combined,bioaware,10.1829402689002,0.9995774626731873
Combined,bioaware,2.06775186977563,0.32396504282951355
Combined,bioaware,8.66393068855449,0.9997958540916443
Combined,bioaware,3.69876072449952,0.8393126726150513
Combined,bioaware,14.0652713728272,0.9999144077301025
Combined,bioaware,1.68687401159726,0.9239739775657654
Combined,bioaware,1.8385460693153,0.0056757875718176365
Combined,bioaware,7.94362588084561,0.9999788999557495
Combined,bioaware,10.1505856107083,0.6044771075248718
Combined,bioaware,1.69587337478802,0.01861639879643917
Combined,bioaware,2.73386034255599,0.002915708115324378
Combined,bioaware,2.39125483944432,0.40175625681877136
Combined,bioaware,1.74831892411143,0.045850981026887894
Combined,bioaware,2.70667843483377,0.8858835101127625
Combined,bioaware,4.45763626551538,0.9999926090240479
Combined,bioaware,3.60909690177983,0.9910936951637268
Combined,bioaware,4.30267542298858,0.9581394791603088
Combined,bioaware,9.44552015490231,0.999922513961792
Combined,bioaware,6.90996111277296,0.9891093969345093
Combined,bioaware,1.01238450953411,0.9986373782157898
Combined,bioaware,5.409939190606,0.9997968077659607
Combined,bioaware,1.97566909975669,0.32404157519340515
Combined,bioaware,7.20633381806431,0.9981511235237122
Combined,bioaware,4.18067355296131,0.9943143725395203
Combined,bioaware,8.95735750349778,0.9991850256919861
Combined,bioaware,1.54125113327289,0.9954503178596497
Combined,bioaware,2.17133035059781,0.9168010950088501
Combined,bioaware,1.12465092663112,0.4388953149318695
Combined,bioaware,1.59764157672008,0.0011918277014046907
Combined,bioaware,5.80552220888355,0.9984568357467651
Combined,bioaware,4.01349854452717,0.0009567572851665318
Combined,bioaware,5.26575938313507,0.9850362539291382
Combined,bioaware,2.27453637056482,0.7634196877479553
Combined,bioaware,1.6624685138539,0.9920082092285156
Combined,bioaware,11.0111468292072,0.9994578957557678
Combined,bioaware,4.16475641242188,0.9978832602500916
Combined,bioaware,4.47768170133209,0.1132294237613678
Combined,bioaware,2.34844013919697,0.000634291092865169
Combined,bioaware,1.06486552269685,0.0006366761517710984
Combined,bioaware,4.28348581306126,0.999291181564331
Combined,bioaware,5.02639107135662,0.9997052550315857
Combined,bioaware,2.60743801652893,0.8710038065910339
Combined,bioaware,1.22180819768582,0.9983735084533691
Combined,bioaware,7.28577122359506,0.9999758005142212
Combined,bioaware,10.188139509297,0.9991726279258728
Combined,bioaware,2.40434226276468,0.2788936197757721
Combined,bioaware,2.51798561151079,0.9986252784729004
Combined,bioaware,3.74932834484268,0.8814175724983215
Combined,bioaware,1.41976427923844,0.6373142600059509
Combined,bioaware,4.9124911400687,0.9999439716339111
Combined,bioaware,6.65404381931296,0.9982078075408936
Combined,bioaware,1.99931763903105,0.027439020574092865
Combined,bioaware,3.23223649912601,0.16432492434978485
Combined,bioaware,9.02972102094463,0.8713544011116028
Combined,bioaware,1.74857722557594,0.6204637885093689
Combined,bioaware,7.01991336287121,0.9994949102401733
Combined,bioaware,3.50411774204711,0.9986586570739746
Combined,bioaware,1.15882150922582,0.051684923470020294
Combined,bioaware,6.37896070239458,0.9643807411193848
Combined,bioaware,1.81835239062293,0.2748708426952362
Combined,bioaware,6.19610100629906,0.9732610583305359
Combined,bioaware,4.78799565829888,0.617577314376831
Combined,bioaware,5.8569522784188,0.10612260550260544
Combined,bioaware,11.0414583493577,0.853847086429596
Combined,bioaware,1.52043763307123,0.9797058701515198
Combined,bioaware,3.86238289194229,0.9930421113967896
Combined,bioaware,4.01980594368936,0.5959771871566772
Combined,bioaware,5.23329751240046,0.8684281706809998
Combined,bioaware,7.20071013866897,0.9933992624282837
Combined,bioaware,6.7197348883404,0.007811260409653187
Combined,bioaware,13.2596374776615,0.027293238788843155
Combined,bioaware,3.44911276221365,0.48987695574760437
Combined,bioaware,9.84859222194149,0.9977349042892456
Combined,bioaware,1.36887154635282,0.23607607185840607
Combined,bioaware,7.70810073191912,0.9777090549468994
Combined,bioaware,4.41468315110876,0.00047713564708828926
Combined,bioaware,1.21740719681586,0.105995312333107
Combined,bioaware,10.0974796767464,0.40523451566696167
Combined,bioaware,2.794970804884,0.2442077398300171
Combined,bioaware,4.83003523617856,1.4012688552611507e-05
Combined,bioaware,4.20986166861031,6.71652887831442e-05
Combined,bioaware,14.1709511568123,0.9994434714317322
Combined,bioaware,1.74121377814826,0.013633635826408863
Combined,bioaware,5.11267425501982,0.013519201427698135
Combined,bioaware,9.3149623727313,0.9830580353736877
Combined,bioaware,3.74559763218575,0.023316267877817154
Combined,bioaware,2.65276877409669,0.21472714841365814
Combined,bioaware,6.65563952659347,0.9005260467529297
Combined,bioaware,4.15641235985781,0.9895274639129639
Combined,bioaware,4.05795348515741,0.9964753985404968
Combined,bioaware,6.88088160112094,0.9917213320732117
Combined,bioaware,7.57764614988411,0.3358096778392792
Combined,bioaware,5.63099669690138,0.0007754771504551172
Combined,bioaware,12.4525956648022,0.9989711046218872
Combined,bioaware,12.1117249052356,0.38343897461891174
Combined,bioaware,10.8596325704169,0.10419151186943054
Combined,bioaware,1.19603409969561,0.02429373562335968
Combined,bioaware,9.26761877106377,0.9952085614204407
Combined,bioaware,1.23615418697386,0.8821251392364502
Combined,bioaware,14.5144606727626,0.9987661838531494
Combined,bioaware,3.10345327075729,0.6445832848548889
Combined,bioaware,2.46005083631064,0.021768981590867043
Combined,bioaware,8.25626091506616,0.0015130521496757865
Combined,bioaware,8.34829295607635,0.026141652837395668
Combined,bioaware,1.35933915918314,0.011033959686756134
Combined,bioaware,12.33444897654,0.2956699728965759
Combined,bioaware,11.3295777300046,0.8520839214324951
Combined,bioaware,1.21894056509805,0.00716774445027113
Combined,bioaware,7.63718880827887,0.00015971093671396375
Combined,bioaware,4.62701224142524,0.015834620222449303
Combined,bioaware,1.44377050415934,0.005899152718484402
Combined,bioaware,3.88148194561657,0.27997785806655884
Combined,bioaware,1.12451636645747,1.111201299863751e-06
Combined,bioaware,4.07593648208469,0.03163076937198639
Combined,bioaware,8.46819495544635,0.0007820723112672567
Combined,bioaware,2.28952218667409,0.004895692691206932
Combined,bioaware,2.31044430548356,0.005865980871021748
Combined,bioaware,8.31391384404868,0.3813711702823639
Combined,bioaware,7.00674575586006,0.9023695588111877
Combined,bioaware,2.0307239526432,0.8319230675697327
Combined,bioaware,3.2022640945997,0.7691186666488647
Combined,bioaware,1.81414639408566,0.6591725945472717
Combined,bioaware,2.07541418633006,0.21834175288677216
Combined,bioaware,4.05708030125462,0.20626823604106903
Combined,bioaware,2.84324045384073,0.37310507893562317
Combined,bioaware,7.67811958982554,0.04455789178609848
Combined,bioaware,1.33083441313709,0.6258607506752014
Combined,bioaware,4.77534616543706,0.011480046436190605
Combined,bioaware,5.0397176740532,0.9878150224685669
Combined,bioaware,14.5538256721275,0.784480631351471
Combined,bioaware,1.55102426130464,0.0035416786558926105
Combined,bioaware,1.12526349251419,0.2349167913198471
Combined,bioaware,2.57626423494313,0.0033008905593305826
Combined,bioaware,1.29819636629433,0.0001347941579297185
Combined,bioaware,1.05016490192675,0.009734495542943478
Combined,bioaware,7.97939547089124,0.001013525645248592
Combined,bioaware,1.78364116094987,0.027951091527938843
Combined,bioaware,8.62757138470986,0.0885283574461937
Combined,bioaware,14.7854657904909,0.6051763892173767
Combined,bioaware,7.29107176851323,0.21843048930168152
Combined,bioaware,10.5588860955328,0.6256937980651855
Combined,bioaware,10.4360405042364,0.32104089856147766
Combined,bioaware,3.39976553341149,6.648350245086476e-05
Combined,bioaware,1.10192837465565,0.21686314046382904
Combined,bioaware,1.19232763089684,0.005132654681801796
Combined,bioaware,2.01887781856319,0.008172106929123402
Combined,bioaware,4.24969987995198,0.075861357152462
Combined,bioaware,13.9171597633136,0.8501837849617004
Combined,bioaware,8.33121666243333,0.17989253997802734
Combined,bioaware,9.11746296682662,0.01738525740802288
Combined,bioaware,8.4330985915493,0.9858341813087463
Combined,bioaware,2.36360405189266,0.6519283652305603
Combined,bioaware,1.020581731587,0.019636398181319237
Combined,bioaware,2.08266581223967,0.0005379404756240547
Combined,bioaware,11.533273381295,0.03511232137680054
Combined,bioaware,1.15911485774499,0.19962361454963684
Combined,bioaware,1.9369619550125,0.26406416296958923
Combined,bioaware,8.10133806836198,0.8491794466972351
Combined,bioaware,14.1722022693322,0.9466063976287842
Combined,bioaware,4.36814232806064,0.0010280086426064372
Combined,bioaware,4.26497632742497,0.0005309643456712365
Combined,bioaware,6.27483171892957,4.54319961136207e-05
Combined,bioaware,1.03188794516466,0.007525200489908457
Combined,bioaware,6.25554056658316,0.5892043113708496
Combined,bioaware,14.0865365891654,0.056151967495679855
Combined,bioaware,1.41570141570142,0.22374247014522552
Combined,bioaware,2.63852242744063,0.030967986211180687
Combined,bioaware,1.05329760309662,0.0012834906810894608
Combined,bioaware,5.86355879896889,0.8592473864555359
Combined,bioaware,1.28940868807206,0.0028003689367324114
Combined,bioaware,2.94837753025966,0.013129862025380135
Combined,bioaware,1.33204321883567,0.08811207115650177
Combined,bioaware,4.32925351429956,0.6414804458618164
Combined,bioaware,3.07420070781597,0.016338488087058067
Combined,bioaware,1.75559277425529,0.0007893535657785833
Combined,bioaware,1.71421792514384,0.000362250255420804
Combined,bioaware,1.10896387691393,0.00046724764979444444
Combined,bioaware,1.18775696665144,0.7845659852027893
Combined,bioaware,1.24959571903208,0.0015891690272837877
Combined,bioaware,1.67298271559294,0.9822743535041809
Combined,bioaware,1.72187602492621,0.7498137950897217
Combined,bioaware,14.5582817821645,0.9847564101219177
Combined,bioaware,1.20371052050357,0.00016029908147174865
Combined,bioaware,2.87211921677352,0.0008798307972028852
Combined,bioaware,1.16341433227443,0.005682438611984253
Combined,bioaware,10.7990683508018,0.29442673921585083
Combined,bioaware,3.01535363705009,0.09763781726360321
Combined,bioaware,4.12393820694512,0.18932271003723145
Combined,bioaware,5.25911117945564,0.10279271751642227
Combined,bioaware,10.3481125709523,0.06969066709280014
Combined,bioaware,1.12112193729871,0.00016205785505007952
Combined,bioaware,1.17227512424599,7.311770605156198e-05
Combined,bioaware,1.87679733615862,0.006688740570098162
Combined,bioaware,4.25465623485426,0.013662430457770824
Combined,bioaware,5.05925875179832,0.012517713010311127
Combined,bioaware,8.65566037735849,0.9989745616912842
Combined,bioaware,1.29693546700136,0.01103032287210226
Combined,bioaware,1.95723684210526,0.03252700716257095
Combined,bioaware,3.79125095932464,0.8914299607276917
Combined,bioaware,2.2379760911871,0.024570779874920845
Combined,bioaware,1.44716040374559,0.9448443651199341
Combined,bioaware,10.9856447834705,0.9934051632881165
Combined,bioaware,7.68575323790048,0.3873685896396637
Combined,bioaware,2.12663413458642,0.06612639874219894
Combined,bioaware,3.59759486635339,0.9272385835647583
Combined,bioaware,4.17781661296488,0.999503493309021
Combined,bioaware,1.46338949863451,0.9902398586273193
Combined,bioaware,1.23537061118336,0.0001976032363018021
Combined,bioaware,1.49563551202895,0.00012029375648126006
Combined,bioaware,12.6323319027182,0.18737369775772095
Combined,bioaware,14.9135309768149,0.9644969701766968
Combined,bioaware,1.71425842803935,1.1135914974147454e-05
Combined,bioaware,1.61049675267685,1.3064859558653552e-06
Combined,bioaware,1.07545839210155,4.651130439015105e-06
Combined,bioaware,6.66289165722914,0.005773733835667372
Combined,bioaware,1.86526012946536,0.0003152402932755649
Combined,bioaware,2.58855033066905,1.7843390196503606e-06
Combined,bioaware,4.03424514512424,0.00025372905656695366
Combined,bioaware,2.41463414634146,0.04754031449556351
Combined,bioaware,3.0937341509521,0.34182870388031006
Combined,bioaware,5.51914297337612,0.044405121356248856
Combined,bioaware,13.6208347774422,0.9993599057197571
Combined,bioaware,8.37864077669903,0.9966186285018921
Combined,bioaware,6.01236946162425,0.7137187123298645
Combined,bioaware,1.68934555216144,0.8061774969100952
Combined,bioaware,3.09163891023999,0.6397839784622192
Combined,bioaware,9.91958308998607,0.22891323268413544
Combined,bioaware,6.51476400837015,0.04428357258439064
Combined,bioaware,9.64944649446494,0.002209380967542529
Combined,bioaware,2.36431777171147,0.00138586456887424
Combined,bioaware,4.98643465244644,0.4575082063674927
Combined,bioaware,7.14493174557072,0.8260889649391174
Combined,bioaware,4.35106911984088,0.00018339035159442574
Combined,bioaware,2.57334019557386,0.0038721656892448664
Combined,bioaware,12.0745604105351,0.0035280068404972553
Combined,bioaware,6.35295855802615,0.9437960982322693
Combined,bioaware,2.27819347942277,6.846470205346122e-05
Combined,bioaware,2.65300761754662,0.0039232391864061356
Combined,bioaware,8.21143382093138,0.00042970487265847623
Combined,bioaware,5.18080893332468,0.0007292242371477187
Combined,bioaware,1.51494838450194,0.0013679079711437225
Combined,bioaware,1.68192973005327,0.9716890454292297
Combined,bioaware,7.20506140677335,0.9931569695472717
Combined,bioaware,3.47533632286996,0.1686408966779709
Combined,bioaware,1.78517625790901,0.34899210929870605
Combined,bioaware,9.24703824441441,0.9997739195823669
Combined,bioaware,1.07341383937129,0.000603154709096998
Combined,bioaware,1.78537376048818,0.005494540557265282
Combined,bioaware,1.02673203218944,0.025056300684809685
Combined,bioaware,8.37559628420788,0.4861484467983246
Combined,bioaware,5.51821036971734,0.1390267014503479
Combined,bioaware,1.14673242909988,0.001353789702989161
Combined,bioaware,14.6211496149615,0.2860877215862274
Combined,bioaware,1.7256370811317,0.004888084251433611
Combined,bioaware,8.2560095501655,0.05640450119972229
Combined,bioaware,7.21666759760934,0.015333055518567562
Combined,bioaware,1.24349188697366,0.0004594302736222744
Combined,bioaware,1.15757018445394,0.00038871090509928763
Combined,bioaware,1.88854669068511,1.694808588581509e-06
Combined,bioaware,4.52237847931377,0.0004327553906477988
Combined,bioaware,4.1624811652436,0.000317638972774148
Combined,bioaware,1.60857908847185,3.636640940385405e-06
Combined,bioaware,2.60663507109005,0.018762603402137756
Combined,bioaware,4.83622774236096,0.00011693673150148243
Combined,bioaware,1.81849670938691,1.155340487457579e-05
Combined,bioaware,7.74611398963731,0.679317831993103
Combined,bioaware,14.9543999516821,0.16359838843345642
Combined,bioaware,2.54817738565127,0.10316316783428192
Combined,bioaware,1.50654714413104,0.0011005941778421402
Combined,bioaware,1.85369449051041,0.03311940282583237
Combined,bioaware,3.01591239323812,0.2763509154319763
Combined,bioaware,3.35151452780351,0.05143933370709419
Combined,bioaware,1.76754328003172,0.05923514440655708
Combined,bioaware,1.60643900500149,0.06419341266155243
Combined,bioaware,1.20043652237177,0.020649682730436325
Combined,bioaware,1.34193212168588,0.013430604711174965
Combined,bioaware,3.71532759445242,0.012948892079293728
Combined,bioaware,1.06470606180786,0.00022942139185033739
Combined,bioaware,1.05552731513321,0.005359919276088476
Combined,bioaware,3.32962706974787,0.9304398894309998
Combined,bioaware,12.1867959309074,0.6803805232048035
Combined,bioaware,6.5243856045043,0.004611616022884846
Combined,bioaware,4.80499438832772,0.12240982055664062
Combined,bioaware,1.38079265314098,0.170634925365448
Combined,bioaware,9.33808486768297,0.4474714696407318
Combined,bioaware,2.56208119826567,0.00026783879729919136
Combined,bioaware,1.23852437290668,0.00010908294643741101
Combined,bioaware,2.39141787797023,0.000139839670737274
Combined,bioaware,5.07025394020577,0.3612937033176422
Combined,bioaware,6.06396127304563,0.9992173910140991
Combined,bioaware,8.86903304773562,0.9999454021453857
Combined,bioaware,1.92824884558786,0.9945939183235168
Combined,bioaware,3.57230122660411,0.9892904162406921
Combined,bioaware,7.19137783483098,0.7881055474281311
Combined,bioaware,9.44952911526728,0.4117584228515625
Combined,bioaware,5.14595808383234,0.7919213175773621
Combined,bioaware,3.64947371329116,0.791473388671875
Combined,bioaware,4.55875516175787,0.5838152766227722
Combined,bioaware,1.97654038020763,0.24829815328121185
Combined,bioaware,5.23105995533414,0.9996914863586426
Combined,bioaware,1.23418082316726,0.943878173828125
Combined,bioaware,1.12054654577959,0.6457986831665039
Combined,bioaware,9.55527119839135,0.9939917922019958
Combined,bioaware,8.72790691620897,0.9984517097473145
Combined,bioaware,6.64020596438533,0.9801052212715149
Combined,bioaware,1.71409644207679,5.110004622110864e-06
Combined,bioaware,4.24209526394355,0.0033684498630464077
Combined,bioaware,9.96781842818428,0.9933863282203674
Combined,bioaware,4.83374026276014,0.9590315818786621
Combined,bioaware,7.02396903379485,0.6302990913391113
Combined,bioaware,1.19544413416586,0.0014002888929098845
Combined,bioaware,11.8203088441741,0.9819824695587158
Combined,bioaware,2.44635604873525,0.005332824774086475
Combined,bioaware,10.9570772856966,0.9967315196990967
Combined,bioaware,1.11433095330565,0.058960821479558945
Combined,bioaware,4.73776797161514,0.9897825717926025
Combined,bioaware,1.40776699029126,0.15298762917518616
Combined,bioaware,3.13968356672983,0.9995259046554565
Combined,bioaware,1.65642643639987,0.12279495596885681
Combined,bioaware,3.21829314739402,0.9389970302581787
Combined,bioaware,10.4899557048616,0.9986728429794312
Combined,bioaware,3.54575314276669,0.9245821237564087
Combined,bioaware,3.61922407641558,0.1670772284269333
Combined,bioaware,3.08596815600101,0.9798846244812012
Combined,bioaware,8.99001411049604,0.9965612292289734
Combined,bioaware,13.574222799718,0.9982435703277588
Combined,bioaware,3.48629999330073,0.025067636743187904
Combined,bioaware,3.91160413520734,0.9981850981712341
Combined,bioaware,7.11455876126535,0.9998002648353577
Combined,bioaware,3.78839411857046,0.7519093751907349
Combined,bioaware,6.46907611378764,0.8862946629524231
Combined,bioaware,2.99842722091627,0.8527095913887024
Combined,bioaware,1.71719413965878,0.2642443776130676
Combined,bioaware,3.40940085462315,0.49007683992385864
Combined,bioaware,1.92144162399812,0.011062530800700188
Combined,bioaware,5.0039352864014,0.9609001278877258
Combined,bioaware,1.81921167494086,0.0015022126026451588
Combined,bioaware,1.7142468038745,0.1959424465894699
Combined,bioaware,5.86563672617085,0.0839858278632164
Combined,bioaware,3.27714636768546,0.0007922307122498751
Combined,bioaware,12.0217766959624,0.4103950560092926
Combined,bioaware,2.72727272727273,0.01019207388162613
Combined,bioaware,4.58172737636393,0.8411046862602234
Combined,bioaware,3.46513733776034,0.0666884258389473
Combined,bioaware,12.2566903977755,0.9902783036231995
Combined,bioaware,4.11941076782688,0.844028115272522
Combined,bioaware,9.55234583077238,0.7862303256988525
Combined,bioaware,12.8026484830517,0.8591225147247314
Combined,bioaware,4.66188524590164,0.48577210307121277
Combined,bioaware,8.33792286253108,0.4187605082988739
Combined,bioaware,5.78624224075233,0.127651184797287
Combined,bioaware,1.0216058056304,0.3326936364173889
Combined,bioaware,9.8952419032387,0.9346579313278198
Combined,bioaware,11.8133995998193,0.9395636916160583
Combined,bioaware,4.4493206965778,0.007501139305531979
Combined,bioaware,1.10262800895984,0.0009914747206494212
Combined,bioaware,1.19556729017143,0.7291190028190613
Combined,bioaware,4.42736174039946,0.9563577771186829
Combined,bioaware,1.04874250306505,0.004315392579883337
Combined,bioaware,1.38964392497961,0.6243894100189209
Combined,bioaware,12.7231524202357,0.011774501763284206
Combined,bioaware,10.5439790096714,0.0015172362327575684
Combined,bioaware,1.31206811091349,0.016934581100940704
Combined,bioaware,1.49910084173303,0.009614277631044388
Combined,bioaware,4.9408047942417,0.04765160381793976
Combined,bioaware,1.86617115227077,0.7708887457847595
Combined,bioaware,2.29918794638489,0.004801255650818348
Combined,bioaware,5.67097136440202,0.007798236794769764
Combined,bioaware,10.6163379400669,0.010977868922054768
Combined,bioaware,8.23091017643547,0.8702247142791748
Combined,bioaware,1.24721603563474,0.0072049363516271114
Combined,bioaware,2.17539299418245,0.03166057914495468
Combined,bioaware,3.56117902614597,0.0017470680177211761
Combined,bioaware,9.05072695468994,0.11345801502466202
Combined,bioaware,10.9589307601019,5.092303399578668e-05
Combined,bioaware,2.25911547240485,0.0001761962630553171
Combined,bioaware,1.11951542912247,0.1303108036518097
Combined,bioaware,8.90007969208335,0.015325834974646568
Combined,bioaware,11.1204569195914,0.0652710422873497
Combined,bioaware,2.86908007674442,0.4417198896408081
Combined,bioaware,8.08051495805414,0.12862750887870789
Combined,bioaware,11.7093473304703,0.9108847379684448
Combined,bioaware,6.47158684774839,0.037722621113061905
Combined,bioaware,6.53413243677825,0.7558949589729309
Combined,bioaware,3.44946225597635,0.042045868933200836
Combined,bioaware,3.45381081529861,0.28049933910369873
Combined,bioaware,4.18588295757314,0.0035831069108098745
Combined,bioaware,1.98954233343868,3.053421460208483e-05
Combined,bioaware,3.59550561797753,0.047430653125047684
Combined,bioaware,5.8026554013277,0.8216150403022766
Combined,bioaware,13.3775294560403,0.17507490515708923
Combined,bioaware,6.96245378326303,0.021761707961559296
Combined,bioaware,2.09487588014596,0.0027031577192246914
Combined,bioaware,2.34921472878448,0.07621647417545319
Combined,bioaware,8.85410672497794,0.8559800386428833
Combined,bioaware,1.28804629063367,0.0006406490574590862
Combined,bioaware,3.41903566141334,0.05831947550177574
Combined,bioaware,2.78189512577603,0.006586532108485699
Combined,bioaware,4.32581414441534,0.5305065512657166
Combined,bioaware,3.91118053063723,0.12218070030212402
Combined,bioaware,1.19566279183355,0.003324577584862709
Combined,bioaware,1.27621795583176,0.006147454492747784
Combined,bioaware,1.44873584612998,0.02292799763381481
Combined,bioaware,1.10244631983762,0.025466829538345337
Combined,bioaware,3.46532660079083,4.690350579039659e-06
Combined,bioaware,4.87751725251221,3.80461187887704e-07
Combined,bioaware,1.92071739953975,0.10152990370988846
Combined,bioaware,9.86328976034858,9.693258107290603e-06
Combined,bioaware,5.98259625700322,0.0004751612723339349
Combined,bioaware,13.3623823239806,0.22152858972549438
Combined,bioaware,3.57197936410807,0.13070978224277496
Combined,bioaware,3.52937977540311,0.8382858037948608
Combined,bioaware,8.26851603509713,0.9721451997756958
Combined,bioaware,10.6590350376201,0.9719105958938599
Combined,bioaware,1.61586244856237,0.048286229372024536
Combined,bioaware,14.5786824250383,0.9728684425354004
Combined,bioaware,14.48610794931,0.9899197816848755
Combined,bioaware,2.52521786866122,0.0340346023440361
Combined,bioaware,4.17543859649123,0.056573692709207535
Combined,bioaware,6.76255129827791,0.03730590268969536
Combined,bioaware,1.43054914628519,0.01787133887410164
Combined,bioaware,1.7565112053301,0.35313427448272705
Combined,bioaware,2.1978021978022,0.8173182010650635
Combined,bioaware,1.63170163170163,0.001741770189255476
Combined,bioaware,1.14777618364419,0.1158488541841507
Combined,bioaware,3.71402042711235,0.9998615980148315
Combined,bioaware,4.83460559796438,0.9929794669151306
Combined,bioaware,8.25454545454545,0.8384339809417725
Combined,bioaware,1.08164689462666,7.101981464074925e-05
Combined,bioaware,7.99581005586592,0.0028386306948959827
Combined,bioaware,5.14705882352941,0.7731836438179016
Combined,bioaware,7.74278215223097,0.9999737739562988
Combined,bioaware,4.03380714560123,0.8278735876083374
Combined,bioaware,1.88405797101449,1.5681700915592955e-06
Combined,bioaware,4.59387483355526,0.08004269003868103
Combined,bioaware,2.37845400489682,0.9978806972503662
Combined,bioaware,6.17326057298772,0.9996724128723145
Combined,bioaware,11.4638447971781,0.9897275567054749
Combined,bioaware,5.18884574655842,0.006483288947492838
Combined,bioaware,13.9308492782813,0.03201824426651001
Combined,bioaware,1.98852772466539,0.011486060917377472
Combined,bioaware,7.76629853936587,0.8068827390670776
Combined,bioaware,1.72206647977573,0.018727054819464684
Combined,bioaware,9.04193920738746,0.008599462918937206
Combined,bioaware,3.8475905864774,0.0937126874923706
Combined,bioaware,1.21250797702616,0.04262099415063858
Combined,bioaware,13.7842190016103,0.9925239682197571
Combined,bioaware,10.8294930875576,0.0008157825213856995
Combined,bioaware,2.34741784037559,0.9719082117080688
Combined,bioaware,1.52746181345466,0.024487990885972977
Combined,bioaware,2.35594663638944,8.265599171863869e-05
Combined,bioaware,2.322206095791,0.041341692209243774
Combined,bioaware,6.26456876456876,0.0009147857781499624
Combined,bioaware,4.70330872299699,0.02910079061985016
Combined,bioaware,8.2089552238806,0.01697576604783535
Combined,bioaware,4.6875,0.0013163239927962422
Combined,bioaware,3.4965034965035,0.00010055547318188474
Combined,bioaware,3.67647058823529,0.004402595106512308
Combined,bioaware,3.125,0.0005212272517383099
Combined,bioaware,8.47457627118644,0.024806659668684006
Combined,bioaware,7.20720720720721,0.44716328382492065
Combined,bioaware,13.2075471698113,0.0011203731410205364
Combined,bioaware,8.0,0.002806310076266527
Combined,bioaware,2.85714285714286,0.00012331141624599695
Combined,bioaware,1.0,4.759217063110555e-06
Combined,bioaware,6.60377358490566,2.6861034712055698e-05
Combined,bioaware,8.91089108910891,0.0021552725229412317
Combined,bioaware,8.41121495327103,2.2047180081585793e-08
Combined,bioaware,13.3928571428571,0.11284074187278748
Combined,bioaware,5.35714285714286,0.07880592346191406
Combined,bioaware,3.96825396825397,0.0008998835692182183
Combined,bioaware,2.08333333333333,0.0034591881558299065
Combined,bioaware,8.17610062893082,0.9465828537940979
Combined,bioaware,3.27868852459016,0.01945671997964382
Combined,bioaware,1.93548387096774,2.6498626539250836e-05
Combined,bioaware,1.88679245283019,0.0008255587890744209
Combined,bioaware,14.1176470588235,0.9994125366210938
Combined,bioaware,8.47457627118644,0.006352631840854883
Combined,bioaware,1.65745856353591,0.002866114489734173
Combined,bioaware,8.62068965517242,1.0152176400879398e-05
Combined,bioaware,10.4477611940299,0.003564058104529977
Combined,bioaware,3.07692307692308,1.98453817574773e-05
Combined,bioaware,2.47933884297521,1.3031463822699152e-05
Combined,bioaware,1.5748031496063,1.1215112181162112e-06
Combined,bioaware,9.23076923076923,0.004729428328573704
Combined,bioaware,1.48148148148148,1.6748224140883394e-07
Combined,bioaware,13.1782945736434,0.9553946852684021
Combined,bioaware,13.1782945736434,0.003732802113518119
Combined,bioaware,13.2743362831858,0.27604249119758606
Combined,bioaware,12.6126126126126,0.009529751725494862
Combined,bioaware,8.5972850678733,0.02035001665353775
Combined,bioaware,9.87124463519313,0.6559643149375916
Combined,bioaware,1.36986301369863,2.8557429686770774e-05
Combined,bioaware,4.79578392621871,0.9999475479125977
Combined,bioaware,1.73316900323525,0.9928324222564697
Combined,bioaware,2.20932341737711,0.9789992570877075
Combined,bioaware,3.35513523068764,0.9982666969299316
Combined,bioaware,1.44440833423609,0.30014029145240784
Combined,bioaware,2.31106509956763,0.9999904632568359
Combined,bioaware,2.12759329636783,0.9963303208351135
Combined,bioaware,3.1852143138026,0.9998787641525269
Combined,bioaware,1.41418055017435,0.996349573135376
Combined,bioaware,1.35944166969867,0.9998457431793213
Combined,bioaware,4.21546385431357,0.9999634027481079
Combined,bioaware,10.5185630542612,0.998113751411438
Combined,bioaware,2.23195946871149,0.9755364656448364
Combined,bioaware,2.14935998357177,0.999998927116394
Combined,bioaware,6.78829019940603,0.9617898464202881
Combined,bioaware,1.64453206059348,0.9996999502182007
Combined,bioaware,1.21072355145575,0.546710193157196
Combined,bioaware,1.49499177754522,0.9869176745414734
Combined,bioaware,2.22479423868313,0.2730037569999695
Combined,bioaware,3.52204231178348,0.46924665570259094
Combined,bioaware,2.14809198888047,0.9258401393890381
Combined,bioaware,14.3074774660404,0.9999544620513916
Combined,bioaware,1.58926728586171,0.914496123790741
Combined,bioaware,1.68220881331139,0.8295611143112183
Combined,bioaware,1.32259919493962,0.818812906742096
Combined,bioaware,4.61035609840014,0.9999715089797974
Combined,bioaware,5.21269738962295,0.9769719839096069
Combined,bioaware,1.2750161394448,0.44170621037483215
Combined,bioaware,3.09343434343434,0.3207896947860718
Combined,bioaware,3.57527104195978,0.9999407529830933
Combined,bioaware,11.3169706809283,0.9619191288948059
Combined,bioaware,2.76964047936085,0.9870740175247192
Combined,bioaware,4.10331720801659,0.04505443572998047
Combined,bioaware,1.03783982365907,0.9553021788597107
Combined,bioaware,2.59288262420604,2.3378384867100976e-05
Combined,bioaware,1.20323203934657,0.058919183909893036
Combined,bioaware,1.17613310384395,0.46380728483200073
Combined,bioaware,8.06196648751186,0.9980068802833557
Combined,bioaware,12.6509993410938,0.9781607985496521
Combined,bioaware,4.40778133464664,0.9993372559547424
Combined,bioaware,1.6944865958523,0.05129120871424675
Combined,bioaware,1.95975960282205,0.039558377116918564
Combined,bioaware,2.80599070407988,0.11421588063240051
Combined,bioaware,11.9806763285024,0.5079789757728577
Combined,bioaware,3.84134915677701,0.9184015393257141
Combined,bioaware,1.78395338413268,0.9640468955039978
Combined,bioaware,2.94277435711699,0.0005573228700086474
Combined,bioaware,1.05028348359513,0.9224276542663574
Combined,bioaware,4.81410432081849,0.8242783546447754
Combined,bioaware,6.52430713312131,0.6046937108039856
Combined,bioaware,6.06407322654462,0.9981139898300171
Combined,bioaware,4.79171683120636,0.8244394659996033
Combined,bioaware,13.8996457114608,0.992606520652771
Combined,bioaware,4.89546149923508,0.538196325302124
Combined,bioaware,2.13728941413125,0.0010084689129143953
Combined,bioaware,2.08977069442186,0.8992364406585693
Combined,bioaware,1.94301575638828,0.5284936428070068
Combined,bioaware,12.2253296044746,0.9995266199111938
Combined,bioaware,13.6416472932581,0.9762755632400513
Combined,bioaware,2.1251207454969,0.24837340414524078
Combined,bioaware,10.2189781021898,0.999903678894043
Combined,bioaware,9.33908884092633,0.9980692267417908
Combined,bioaware,8.84852347567453,0.8656198978424072
Combined,bioaware,11.808709591237,0.9995552897453308
Combined,bioaware,2.90863252252673,0.6137270331382751
Combined,bioaware,1.59638225999782,0.005373536609113216
Combined,bioaware,1.77938157157967,0.9064875841140747
Combined,bioaware,14.3579786418681,0.9999055862426758
Combined,bioaware,7.38580515186717,0.002047017216682434
Combined,bioaware,7.33329580092812,0.06952358782291412
Combined,bioaware,10.0681693882335,0.977895200252533
Combined,bioaware,13.120286193734,0.9998948574066162
Combined,bioaware,14.4766166458368,0.9995402097702026
Combined,bioaware,3.3412126022292,0.9985833168029785
Combined,bioaware,7.26139495442018,0.989847719669342
Combined,bioaware,2.17721697946489,0.9753364324569702
Combined,bioaware,4.17679375590428,0.4263400137424469
Combined,bioaware,11.3910377746688,0.9664099812507629
Combined,bioaware,11.5534271176295,0.889138400554657
Combined,bioaware,7.28166908594579,0.08435982465744019
Combined,bioaware,2.06739751136804,0.04785695672035217
Combined,bioaware,11.7561943161865,0.6823492646217346
Combined,bioaware,2.70587327313421,0.055376093834638596
Combined,bioaware,12.3803490021623,0.9826756715774536
Combined,bioaware,10.0870406189555,0.9996941089630127
Combined,bioaware,4.38031788806547,0.7596898078918457
Combined,bioaware,1.94300518134715,0.20888005197048187
Combined,bioaware,11.1318989710009,0.9677566885948181
Combined,bioaware,3.07775308610258,0.9034247994422913
Combined,bioaware,1.24214613909625,0.9813976287841797
Combined,bioaware,8.27148266822022,0.9999736547470093
Combined,bioaware,2.97502344216179,0.9449403882026672
Combined,bioaware,1.40668339717343,0.9517382979393005
Combined,bioaware,2.81053952321205,0.9998421669006348
Combined,bioaware,9.76274725912176,0.9994208812713623
Combined,bioaware,3.26778930074956,0.005467094015330076
Combined,bioaware,1.50175050672563,0.9736214876174927
Combined,bioaware,9.45791600773151,0.8310357928276062
Combined,bioaware,9.16012111106235,0.9999607801437378
Combined,bioaware,13.5013538846074,0.8395280838012695
Combined,bioaware,7.8992105838986,0.760240912437439
Combined,bioaware,2.09529231304458,0.22973671555519104
Combined,bioaware,4.21398360884317,0.08364631980657578
Combined,bioaware,5.07421676671744,0.9970346689224243
Combined,bioaware,7.3956838580794,0.9999524354934692
Combined,bioaware,6.49942519297093,0.137964129447937
Combined,bioaware,8.96957294173207,0.9999420642852783
Combined,bioaware,2.01064850028109,0.0036414184141904116
Combined,bioaware,1.87932841495243,0.9848803281784058
Combined,bioaware,4.07207384131972,0.9888110160827637
Combined,bioaware,2.17325275715079,0.5200364589691162
Combined,bioaware,7.21943012445806,0.9996016621589661
Combined,bioaware,2.09778455125116,0.39548543095588684
Combined,bioaware,4.17910116597699,0.9930007457733154
Combined,bioaware,6.79324733964968,0.9965586066246033
Combined,bioaware,7.14219148975826,0.999464213848114
Combined,bioaware,5.91045457509946,0.10436739772558212
Combined,bioaware,7.29593959931039,0.987605094909668
Combined,bioaware,9.81828027790256,0.9790440201759338
Combined,bioaware,4.06059930382648,0.9999250173568726
Combined,bioaware,1.03799927157946,0.6246973872184753
Combined,bioaware,1.06894708711919,0.1604742705821991
Combined,bioaware,1.4743049705139,0.14379370212554932
Combined,bioaware,3.5253227408143,0.6198487877845764
Combined,bioaware,9.8275573413695,0.09736528992652893
Combined,bioaware,11.8056130474377,0.019335733726620674
Combined,bioaware,2.4769156710866,0.11856988817453384
Combined,bioaware,2.7027027027027,0.9460088014602661
Combined,bioaware,4.41417087572028,0.9939844012260437
Combined,bioaware,5.46774882528834,0.8140951991081238
Combined,bioaware,2.00407608695652,0.19223017990589142
Combined,bioaware,10.9976850973398,0.9899390339851379
Combined,bioaware,14.1497414374578,0.8126010894775391
Combined,bioaware,9.98385822715252,0.9982730150222778
Combined,bioaware,3.96064764394104,0.3941503167152405
Combined,bioaware,3.25237007819528,0.942162811756134
Combined,bioaware,1.2100661547156,0.0734366849064827
Combined,bioaware,1.19728257213964,0.06415706872940063
Combined,bioaware,6.37268082817962,0.8988834619522095
Combined,bioaware,5.07772353545735,0.8303365707397461
Combined,bioaware,2.30815893236275,0.018464701250195503
Combined,bioaware,2.58425628200548,0.9781896471977234
Combined,bioaware,3.05765870704718,0.05739767104387283
Combined,bioaware,14.9681783079914,0.34306859970092773
Combined,bioaware,1.82859206148609,0.14247649908065796
Combined,bioaware,2.02718201628627,0.14724937081336975
Combined,bioaware,5.98818694030866,0.9889538288116455
Combined,bioaware,1.22535818162232,0.00036911110510118306
Combined,bioaware,6.01795680660034,0.025203198194503784
Combined,bioaware,2.844221963082,0.9006544351577759
Combined,bioaware,1.07137279400281,0.514115035533905
Combined,bioaware,3.84368798656694,0.995062530040741
Combined,bioaware,4.29294415347496,0.9480881094932556
Combined,bioaware,1.43490433971069,0.7464299201965332
Combined,bioaware,1.31530649700232,0.8958995938301086
Combined,bioaware,2.65890890890891,0.9982006549835205
Combined,bioaware,4.30891719745223,0.9989708662033081
Combined,bioaware,12.0535714285714,0.9992177486419678
Combined,bioaware,6.52399033482913,0.003838887671008706
Combined,bioaware,14.010067114094,0.9937102794647217
Combined,bioaware,3.29129598852934,0.8113861083984375
Combined,bioaware,9.2177550255962,0.9716939926147461
Combined,bioaware,13.8758043163696,0.9902514219284058
Combined,bioaware,3.28907481508427,0.2061346471309662
Combined,bioaware,12.7136685242001,0.04450664296746254
Combined,bioaware,5.17176054559232,0.9744119048118591
Combined,bioaware,1.47769451642272,0.08666910976171494
Combined,bioaware,4.0581608593136,0.14550313353538513
Combined,bioaware,4.86576348568309,0.004141971468925476
Combined,bioaware,11.0487548228692,0.005245161708444357
Combined,bioaware,4.16981453951697,0.00394473597407341
Combined,bioaware,5.52777109882183,0.4741505980491638
Combined,bioaware,2.61896526164945,0.7084066867828369
Combined,bioaware,4.95588817244349,0.9834303855895996
Combined,bioaware,4.31630604505911,0.9868495464324951
Combined,bioaware,2.1824238098328,0.017903447151184082
Combined,bioaware,3.17674239507124,0.32468321919441223
Combined,bioaware,5.96928903709193,0.9969953298568726
Combined,bioaware,1.96726292203107,0.9964203834533691
Combined,bioaware,2.81162752504516,0.9819643497467041
Combined,bioaware,1.03938344057131,0.0034536102320998907
Combined,bioaware,8.34308905018341,0.9995453953742981
Combined,bioaware,2.45560435363758,0.9811743497848511
Combined,bioaware,4.14593140551446,0.030088292434811592
Combined,bioaware,1.88874428538059,0.0051166946068406105
Combined,bioaware,6.52188219809148,0.8828461170196533
Combined,bioaware,1.63506412976078,0.5748284459114075
Combined,bioaware,5.76427687263725,0.0004096178454346955
Combined,bioaware,3.67275205336968,0.012331831268966198
Combined,bioaware,1.18714466668631,0.00016881719056982547
Combined,bioaware,4.64855617496977,0.000610903138294816
Combined,bioaware,1.14675943821672,0.9193041324615479
Combined,bioaware,13.6592066470115,0.9965065121650696
Combined,bioaware,3.80000679786547,0.7537861466407776
Combined,bioaware,12.7342962714142,0.9985767602920532
Combined,bioaware,5.81823671497585,0.8675035238265991
Combined,bioaware,3.79927935565918,0.8330137133598328
Combined,bioaware,8.61457762918984,0.9898776412010193
Combined,bioaware,5.84726989459334,0.008091812022030354
Combined,bioaware,1.27264330066198,0.999555766582489
Combined,bioaware,3.27568002413394,0.7874011993408203
Combined,bioaware,1.91041378749695,0.9754963517189026
Combined,bioaware,4.16689602025651,0.3257371187210083
Combined,bioaware,1.29776879504295,0.01943582482635975
Combined,bioaware,11.2414187643021,0.4583524167537689
Combined,bioaware,3.39698812780537,0.7636715173721313
Combined,bioaware,4.35171628436636,0.916147768497467
Combined,bioaware,3.59777855283986,0.8295620679855347
Combined,bioaware,10.9657728362764,0.3967306911945343
Combined,bioaware,3.66067569972291,0.4056631624698639
Combined,bioaware,1.12088983172319,0.016132168471813202
Combined,bioaware,1.43845089903181,0.674187421798706
Combined,bioaware,1.05924121944779,0.9061369299888611
Combined,bioaware,1.31448223156286,0.11092559248209
Combined,bioaware,9.10289481226713,0.949771523475647
Combined,bioaware,2.97038327526132,0.5850807428359985
Combined,bioaware,1.91920161212935,0.8435665369033813
Combined,bioaware,13.1272921041908,0.26968929171562195
Combined,bioaware,2.00666922418627,0.9995121955871582
Combined,bioaware,7.71348914053626,0.013047953136265278
Combined,bioaware,11.012602870433,0.001056575565598905
Combined,bioaware,9.37843180320668,0.05173040181398392
Combined,bioaware,5.58497011101623,6.579160981345922e-06
Combined,bioaware,2.90296712109062,0.06023528799414635
Combined,bioaware,1.1978221415608,0.000300005660392344
Combined,bioaware,1.51404596862459,0.0004919738858006895
Combined,bioaware,1.84528034066714,1.1001155542089691e-07
Combined,bioaware,5.56979326840936,4.785642317983729e-07
Combined,bioaware,10.9040236892527,3.0095174224697985e-05
Combined,bioaware,2.48067589430164,0.0011465739225968719
Combined,bioaware,12.0621162874684,7.499189814552665e-05
Combined,bioaware,9.42166140904311,8.394463657168671e-05
Combined,bioaware,10.2402745995423,8.93480537342839e-05
Combined,bioaware,12.0670596904937,1.2955281817994546e-05
Combined,bioaware,6.24544792425346,8.538509064237587e-06
Combined,bioaware,1.89257390050469,2.4538104526072857e-07
Combined,bioaware,13.5468433646236,1.7872524040285498e-05
Combined,bioaware,12.3848138591965,1.3544369721785188e-05
Combined,bioaware,6.68375755356162,1.1873265066242311e-05
Combined,bioaware,1.50753768844221,0.001398550346493721
Combined,bioaware,11.9917298414886,0.0001517533528385684
Combined,bioaware,1.52439024390244,1.1450082411101903e-06
Combined,bioaware,4.28184281842818,6.358251539495541e-06
Combined,bioaware,1.20160213618158,3.6071155591343995e-06
Combined,bioaware,10.4075235109718,1.547051579109393e-05
Combined,bioaware,1.54211150652432,1.7348473875244963e-06
Combined,bioaware,3.56164383561644,2.6048139716294827e-06
Combined,bioaware,6.16400660429279,7.083164382493123e-05
Combined,bioaware,1.66061235080436,9.039848009706475e-06
Combined,bioaware,3.50601779173208,3.6899450606142636e-06
Combined,bioaware,2.5974025974026,2.600847324174538e-07
Combined,bioaware,1.48821827201323,9.128003171099408e-07
Combined,bioaware,1.5304217991788,6.149893306428567e-05
Combined,bioaware,1.15606936416185,2.4848275188560365e-06
Combined,bioaware,2.99572039942939,0.002935973461717367
Combined,bioaware,1.07642626480086,0.00015538885782007128
Combined,bioaware,3.43035343035343,0.0005124923191033304
Combined,bioaware,6.2624254473161,0.0004470468848012388
Combined,bioaware,1.09223300970874,5.854851679032436e-06
Combined,bioaware,2.32403718459495,0.0005392159218899906
Combined,bioaware,9.375,0.02543182298541069
Combined,bioaware,2.03208556149733,0.44422999024391174
Combined,bioaware,6.76455165180912,0.006505847908556461
Combined,bioaware,8.70886075949367,0.07954709976911545
Combined,bioaware,2.14686998394864,0.0008728897082619369
Combined,bioaware,10.5537333590585,0.05731288343667984
Combined,bioaware,4.38254772107519,0.0009363688877783716
Combined,bioaware,2.62498156614069,0.00027193804271519184
Combined,bioaware,2.37493683678626,1.692654586804565e-05
Combined,bioaware,8.43679734089354,0.24647016823291779
Combined,bioaware,1.26773888363292,3.6033492506248876e-05
Combined,bioaware,1.44119271120928,0.3924335837364197
Combined,bioaware,6.13065896084764,0.5629231929779053
Combined,bioaware,2.0158683514546,0.9413243532180786
Combined,bioaware,2.78553027050236,0.025875188410282135
Combined,bioaware,3.54661181833343,0.08568837493658066
Combined,bioaware,4.02930402930403,0.9578881859779358
Combined,bioaware,12.6011560693642,0.9978275895118713
Combined,bioaware,8.86089406261628,0.9676716327667236
Combined,bioaware,3.67308299147996,0.7232893109321594
Combined,bioaware,13.2997395538444,0.9973963499069214
Combined,bioaware,3.57773045330088,0.061343565583229065
Combined,bioaware,1.86369450027407,0.5975857377052307
Combined,bioaware,1.46706963858456,0.005585871171206236
Combined,bioaware,1.41815506053917,0.02677442505955696
Combined,bioaware,1.09423987213377,0.17329862713813782
Combined,bioaware,6.66092757989885,0.9974281191825867
Combined,bioaware,11.9385048897729,0.625041127204895
Combined,bioaware,13.2274459974587,0.9741871953010559
Combined,bioaware,2.79143179255919,0.0020792402792721987
Combined,bioaware,1.84070187510752,0.004232694394886494
Combined,bioaware,1.95117683086884,0.010425690561532974
Combined,bioaware,1.44334225581273,0.7134849429130554
Combined,bioaware,14.4820578640569,0.9861742258071899
Combined,bioaware,10.4926277288833,0.00011008484580088407
Combined,bioaware,5.82309999434101,0.07323770225048065
Combined,bioaware,11.6064723151499,0.9981057643890381
Combined,bioaware,1.46104918445746,0.8853634595870972
Combined,bioaware,1.1581755481814,0.08341030776500702
Combined,bioaware,2.89939300012915,0.2686993479728699
Combined,bioaware,1.36312254804176,0.00038623608998022974
Combined,bioaware,7.0904160328064,0.005411381833255291
Combined,bioaware,7.56851390478756,0.1713944971561432
Combined,bioaware,8.1356972906593,0.013807890936732292
Combined,bioaware,12.2610466938264,0.6651116013526917
Combined,bioaware,1.02188373662393,0.06053359434008598
Combined,bioaware,4.06995643976334,0.8669286370277405
Combined,bioaware,3.77336850556256,0.4595060348510742
Combined,bioaware,11.8138424821002,0.9822388887405396
Combined,bioaware,10.700379978421,0.9713378548622131
Combined,bioaware,4.59295806234582,0.4684778153896332
Combined,bioaware,3.24555094795795,0.010869170539081097
Combined,bioaware,9.55621208787755,0.22097262740135193
Combined,bioaware,3.00865079658904,0.8241592049598694
Combined,bioaware,1.28571608467341,0.19100992381572723
Combined,bioaware,7.27953571566445,0.6594997048377991
Combined,bioaware,1.15689534356494,0.0005230116657912731
Combined,bioaware,1.24024696383744,0.0036847670562565327
Combined,bioaware,3.34283000949668,0.0017015006160363555
Combined,bioaware,1.53496903000782,0.39318224787712097
Combined,bioaware,7.03432436595852,0.009983716532588005
Combined,bioaware,1.14568661332714,0.00026435047038830817
Combined,bioaware,3.39368983665567,0.05662327632308006
Combined,bioaware,2.90932078387301,0.02149716205894947
Combined,bioaware,1.65973394835468,0.17465552687644958
Combined,bioaware,1.50597545219638,0.010288781486451626
Combined,bioaware,7.84100602625134,0.999985933303833
Combined,bioaware,3.33035161356912,0.9450456500053406
Combined,bioaware,1.69310758565525,0.7539381384849548
Combined,bioaware,3.69045113309479,0.47659698128700256
Combined,bioaware,3.94873483447734,0.0001443861983716488
Combined,bioaware,1.8664259468806,0.0001658288383623585
Combined,bioaware,1.00953662903656,9.609306289348751e-05
Combined,bioaware,1.39610045565328,9.903224963636603e-06
Combined,bioaware,2.17188031281877,0.5384877920150757
Combined,bioaware,2.71590044092091,0.3250853419303894
Combined,bioaware,1.8269781653829,0.003337562084197998
Combined,bioaware,2.8710510629843,0.6716253161430359
Combined,bioaware,1.06619762657025,0.03611178323626518
Combined,bioaware,1.52030336910292,0.41214248538017273
Combined,bioaware,1.41885857509147,1.157525275630178e-05
Combined,bioaware,1.7868632461349,0.31938931345939636
Combined,bioaware,9.15913177163405,4.363649622973753e-06
Combined,bioaware,14.6832178945159,0.9608801603317261
Combined,bioaware,6.37714053422314,0.00011691020336002111
Combined,bioaware,1.24177051493064,0.8734836578369141
Combined,bioaware,1.24989467179732,0.9969311952590942
Combined,bioaware,8.14147695153913,0.9972062706947327
Combined,bioaware,8.27155576683412,0.9788221716880798
Combined,bioaware,1.67582875229052,0.9995005130767822
Combined,bioaware,1.46839607285438,0.022555746138095856
Combined,bioaware,2.3402540847292,1.4978294530010317e-05
Combined,bioaware,4.30563747407675,0.9831773638725281
Combined,bioaware,7.31707317073171,0.9997908473014832
Combined,bioaware,4.92006973035125,0.8834834098815918
Combined,bioaware,12.7466064229653,0.5382762551307678
Combined,bioaware,8.63834271059067,0.44110122323036194
Combined,bioaware,7.64045384178245,0.5248888731002808
Combined,bioaware,5.72787617387048,0.01606871746480465
Combined,bioaware,10.7961075779634,0.9778473377227783
Combined,bioaware,3.23236171969264,0.38695430755615234
Combined,bioaware,14.030612244898,0.9999271631240845
Combined,bioaware,1.82585905649388,0.9861266016960144
Combined,bioaware,10.4996739231701,0.9998874664306641
Combined,bioaware,4.36059614685569,0.002171003259718418
Combined,bioaware,1.35908292884437,8.175153925549239e-05
Combined,bioaware,8.75222622033221,0.027839545160531998
Combined,bioaware,5.83850014762327,0.00019642111146822572
Combined,bioaware,1.4039115270849,0.0001872802822617814
Combined,bioaware,1.54646671945445,2.830832454492338e-05
Combined,bioaware,10.0345433796996,0.29817378520965576
Combined,bioaware,8.73432803487774,0.6107297539710999
Combined,bioaware,4.40256886935947,2.856249557225965e-05
Combined,bioaware,3.06242954533255,0.002631658921018243
Combined,bioaware,12.5989513142547,0.9505767822265625
Combined,bioaware,1.52235965746908,0.48812147974967957
Combined,bioaware,2.69475968711851,0.8576166033744812
Combined,bioaware,6.63554140006994,0.5194658637046814
Combined,bioaware,6.78594235822489,0.00014025204291101545
Combined,bioaware,8.25899450581911,0.1261269748210907
Combined,bioaware,1.62898299446589,0.9630889892578125
Combined,bioaware,1.07441346322717,0.26639434695243835
Combined,bioaware,4.41154530326505,0.001236814889125526
Combined,bioaware,1.35285467681095,0.0002888495218940079
Combined,bioaware,1.36499555844708,0.11100316792726517
Combined,bioaware,1.86479685113888,0.2864282429218292
Combined,bioaware,8.48132450640419,0.1526801735162735
Combined,bioaware,6.91620630905055,0.00034298578975722194
Combined,bioaware,1.27691408130976,0.907622754573822
Combined,bioaware,1.56466172884802,0.6374553442001343
Combined,bioaware,2.18323150251112,0.8901448845863342
Combined,bioaware,1.27747095167079,0.9563207030296326
Combined,bioaware,1.96616698988417,0.1298932433128357
Combined,bioaware,6.3331927567938,0.7720693945884705
Combined,bioaware,14.9737106320017,0.0006139061879366636
Combined,bioaware,3.54641380479725,0.9192566871643066
Combined,bioaware,13.4838051687475,0.0004317564016673714
Combined,bioaware,6.02605329857814,0.0016848326195031404
Combined,bioaware,2.85417940027042,0.702083170413971
Combined,bioaware,2.52349699968292,0.8191238641738892
Combined,bioaware,2.55205906941422,0.961763858795166
Combined,bioaware,1.1241810165641,1.270708344236482e-05
Combined,bioaware,2.77848419434012,0.00033656382584013045
Combined,bioaware,12.3233810301801,0.030594294890761375
Combined,bioaware,7.1600586233835,0.9905763864517212
Combined,bioaware,1.26124782163515,4.500663635553792e-06
Combined,bioaware,1.62704046604944,0.6263474225997925
Combined,bioaware,2.98860489093445,0.0002461131371092051
Combined,bioaware,1.16122375118394,0.0002513103827368468
Combined,bioaware,9.12752443345048,5.19546665600501e-06
Combined,bioaware,6.52938777887808,0.001405304647050798
Combined,bioaware,3.56282442937685,0.3883134424686432
Combined,bioaware,7.07681778107745,0.35102736949920654
Combined,bioaware,1.66772302329266,0.11610378324985504
Combined,bioaware,1.71957132961167,0.05006833374500275
Combined,bioaware,1.15390663299757,0.008427975699305534
Combined,bioaware,8.90516121412543,0.9901993870735168
Combined,bioaware,1.59811006114508,0.1001739352941513
Combined,bioaware,1.57845868152275,0.2535656988620758
Combined,bioaware,4.06584130557119,0.5663657784461975
Combined,bioaware,4.88525974940166,0.9875909090042114
Combined,bioaware,8.25117548915516,0.5902774930000305
Combined,bioaware,2.70763614237907,0.001031433348543942
Combined,bioaware,1.22963418383031,0.07331936806440353
Combined,bioaware,8.71044069801834,0.03974037989974022
Combined,bioaware,1.16279069767442,0.00784354843199253
Combined,bioaware,8.41095637738633,0.9299397468566895
Combined,bioaware,12.4223017517423,0.6082925796508789
Combined,bioaware,6.12205484743144,0.9906161427497864
Combined,bioaware,5.93554593554594,0.9718801975250244
Combined,bioaware,11.1593245920196,0.9864693880081177
Combined,bioaware,6.91378985097152,0.9378466606140137
Combined,bioaware,7.96757058987979,0.9561978578567505
Combined,bioaware,4.31026560058818,0.791230320930481
Combined,bioaware,6.27511874314943,0.5047067403793335
Combined,bioaware,10.892696122633,0.5095093250274658
Combined,bioaware,6.917225950783,0.502387285232544
Combined,bioaware,3.73989517633473,0.8293620347976685
Combined,bioaware,2.69328802039082,0.679162323474884
Combined,bioaware,1.20440761937302,0.5927807688713074
Combined,bioaware,1.55212554971113,0.3247630298137665
Combined,bioaware,1.50338675037172,0.3273434340953827
Combined,bioaware,3.66223269910759,0.11555127054452896
Combined,bioaware,7.49084249084249,0.3689807951450348
Combined,bioaware,9.84132980732905,0.9840425848960876
Combined,bioaware,10.6998210417255,0.5046408176422119
Combined,bioaware,10.9256306855482,0.896041214466095
Combined,bioaware,2.37319683573755,0.9694467186927795
Combined,bioaware,1.69616519174041,0.868233859539032
Combined,bioaware,9.20479302832244,0.999916672706604
Combined,bioaware,3.60934182590234,0.7487481236457825
Combined,bioaware,2.28353061795135,0.011569131165742874
Combined,bioaware,9.60259594583767,0.9917421340942383
Combined,bioaware,2.53490629433286,0.0006616860628128052
Combined,bioaware,1.92215281114849,0.07712806761264801
Combined,bioaware,2.26720903099675,0.035536911338567734
Combined,bioaware,2.05316554776169,0.26936963200569153
Combined,bioaware,4.5702216236072,0.981319785118103
Combined,bioaware,7.06842007319645,0.9997746348381042
Combined,bioaware,3.46306692739545,0.9933674931526184
Combined,bioaware,1.12881806108898,0.7373033165931702
Combined,bioaware,1.88390360804154,0.049153782427310944
Combined,bioaware,8.76239289689628,0.9846482276916504
Combined,bioaware,2.54210741909834,0.9784854650497437
Combined,bioaware,1.15048050628955,0.9906154870986938
Combined,bioaware,6.27249062093255,0.9994673132896423
Combined,bioaware,4.19951941127882,0.9994230270385742
Combined,bioaware,12.6985662596985,0.99994957447052
Combined,bioaware,5.90088232868805,0.9991849064826965
Combined,bioaware,10.313281456285,0.9983189702033997
Combined,bioaware,2.44371468299754,0.9963476061820984
Combined,bioaware,5.42122186495177,0.9998881816864014
Combined,bioaware,6.28418539278276,0.9966925382614136
Combined,bioaware,5.37745604963806,0.9849236011505127
Combined,bioaware,2.91370149425508,0.9944751858711243
Combined,bioaware,3.27979143890337,0.9426268339157104
Combined,bioaware,1.19167747825669,0.00014442489191424102
Combined,bioaware,5.08028204910373,0.9979403614997864
Combined,bioaware,2.63347676626842,0.9468636512756348
Combined,bioaware,9.03399464064697,0.9962402582168579
Combined,bioaware,11.4368950286627,0.9999662637710571
Combined,bioaware,1.08066867085725,0.013561147265136242
Combined,bioaware,7.26897112280147,0.9971312284469604
Combined,bioaware,1.71054748243874,0.9968090653419495
Combined,bioaware,5.02639249980304,0.7152568697929382
Combined,bioaware,2.09972314355418,0.7847887873649597
Combined,bioaware,1.14625652930934,0.2521662414073944
Combined,bioaware,2.11793910264874,0.05678074434399605
Combined,bioaware,2.5696608408978,0.9569664597511292
Combined,bioaware,10.8664884415789,0.9992702603340149
Combined,bioaware,2.72603599832566,0.9582746624946594
Combined,bioaware,3.91856969569116,0.19134970009326935
Combined,bioaware,1.21283485428319,0.9374188780784607
Combined,bioaware,1.35753833049404,0.8679169416427612
Combined,bioaware,1.8942849476791,0.9469558000564575
Combined,bioaware,12.4263970669926,0.9638569355010986
Combined,bioaware,5.4632555295077,0.36416858434677124
Combined,bioaware,8.16596677012963,0.6243897676467896
Combined,bioaware,10.9595209149444,0.25510382652282715
Combined,bioaware,8.02781289506953,0.1453341245651245
Combined,bioaware,4.47861242615945,0.04281596094369888
Combined,bioaware,6.06580709979906,0.10865572839975357
Combined,bioaware,13.532506576475,0.01866188645362854
Combined,bioaware,5.55637817428,0.03513413295149803
Combined,bioaware,8.19526627218935,0.007780970074236393
Combined,bioaware,4.88856142936084,0.004752348177134991
Combined,bioaware,7.38047014055116,0.6494088768959045
Combined,bioaware,1.74388259494642,0.06318143755197525
Combined,bioaware,2.2537674919268,0.4690650403499603
Combined,bioaware,13.8951310861423,0.5942158102989197
Combined,bioaware,2.1614646342447,0.8276163339614868
Combined,bioaware,7.11493741032111,0.6370943784713745
Combined,bioaware,4.60800989639709,0.13715170323848724
Combined,bioaware,10.6285095731006,0.7657588720321655
Combined,bioaware,4.21536931111664,0.004659305326640606
Combined,bioaware,5.42309490416082,0.4103008806705475
Combined,bioaware,7.13063320022818,0.4767821431159973
Combined,bioaware,5.86463145209882,0.009662497788667679
Combined,bioaware,4.15140415140415,0.012852477841079235
Combined,bioaware,10.0705801342744,0.014077153988182545
Combined,bioaware,13.2152588555858,0.003142873290926218
Combined,bioaware,1.66336633663366,0.07040979713201523
Combined,bioaware,1.9340034965035,0.00504927895963192
Combined,bioaware,2.35138995714757,0.001869627507403493
Combined,bioaware,2.98943582827602,0.00046142947394400835
Combined,bioaware,2.25547364946639,7.617661322001368e-05
Combined,bioaware,2.16042543762464,8.62884826346999e-06
Combined,bioaware,1.37564991334489,4.4876046558783855e-06
Combined,bioaware,1.52901905889954,3.399181878194213e-06
Combined,bioaware,5.1234062463446,0.04940527677536011
Combined,bioaware,1.29826524902071,0.00015302420069929212
Combined,bioaware,3.16208244735579,0.9591007828712463
Combined,bioaware,13.0182790905038,0.9628292918205261
Combined,bioaware,4.13118017918372,6.770959589630365e-05
Combined,bioaware,6.37560046616071,0.8269587159156799
Combined,bioaware,7.32207331252677,0.03062303178012371
Combined,bioaware,7.27252662362744,0.0025568436831235886
Combined,bioaware,1.67548787219534,0.08408641070127487
Combined,bioaware,12.5028083576724,0.0026499663945287466
Combined,bioaware,5.32430908065426,8.979100675787777e-05
Combined,bioaware,13.2258743572009,0.04203187674283981
Combined,bioaware,1.51409480528246,0.8229185342788696
Combined,bioaware,3.73643800645947,1.2152846466051415e-05
Combined,bioaware,1.93150612589776,0.0014938475796952844
Combined,bioaware,1.61836758285242,0.004153828602284193
Combined,bioaware,1.13063269583443,0.03677166998386383
Combined,bioaware,11.4689451199474,0.3605523407459259
Combined,bioaware,1.04018912529551,0.00034574020537547767
Combined,bioaware,1.96476964769648,0.03684085234999657
Combined,bioaware,13.1031220435194,0.0004305942275095731
Combined,bioaware,5.73925366084081,0.23706629872322083
Combined,bioaware,1.49516270888303,0.00013411940017249435
Combined,bioaware,8.50956696878147,0.9801592826843262
Combined,bioaware,6.42365536579149,0.9950994849205017
Combined,bioaware,5.44412607449857,0.9900990128517151
Combined,bioaware,2.3306627822287,0.0002709062828216702
Combined,bioaware,7.54229323308271,0.770017683506012
Combined,bioaware,13.1591448931116,0.9350813031196594
Combined,bioaware,5.64926372155288,0.010630105622112751
Combined,bioaware,11.3697164258962,0.09509455412626266
Combined,bioaware,3.41880341880342,0.05477765575051308
Combined,bioaware,5.79748163693599,0.07040491700172424
Combined,bioaware,2.94943820224719,0.7085297703742981
Combined,bioaware,1.96261682242991,0.03065025433897972
Combined,bioaware,9.06574394463668,0.01589013636112213
Combined,bioaware,8.31015299026426,0.0001590865576872602
Combined,bioaware,2.65654648956357,0.586371660232544
Combined,bioaware,4.33046683046683,0.274357408285141
Combined,bioaware,1.64572112507481,0.6487314105033875
Combined,bioaware,9.12261872819962,0.9997500777244568
Combined,bioaware,2.11320754716981,0.7635161876678467
Combined,bioaware,1.97086546700943,0.04611522704362869
Combined,bioaware,14.7727272727273,0.372845858335495
Combined,bioaware,9.20463032113518,0.9985252022743225
Combined,bioaware,8.55106888361045,0.027593277394771576
Combined,bioaware,3.07052297939778,0.038439102470874786
Combined,bioaware,1.13987635239567,0.0809975266456604
Combined,bioaware,4.34510131606434,0.7395467162132263
Combined,bioaware,14.2332947083816,0.803418755531311
Combined,bioaware,2.41842610364683,0.8714224696159363
Combined,bioaware,3.4647550776583,0.8703775405883789
Combined,bioaware,4.52516233766234,0.05199220031499863
Combined,bioaware,4.54753199268739,0.3373304307460785
Combined,bioaware,1.96749358426005,0.32149872183799744
Combined,bioaware,2.38846327174403,0.9241628646850586
Combined,bioaware,7.52931495577042,0.9596683382987976
Combined,bioaware,3.86014551333872,0.9530671238899231
Combined,bioaware,2.20558478348847,0.744102418422699
Combined,bioaware,6.36826042726348,0.7129687666893005
Combined,bioaware,3.09553095530955,0.7652828097343445
Combined,bioaware,3.79065259530476,0.9920170307159424
Combined,bioaware,1.32067684688403,0.20997653901576996
Combined,bioaware,3.31375838926175,0.11278340965509415
Combined,bioaware,1.61819887429644,0.0345337875187397
Combined,bioaware,12.7096383107699,0.9200624823570251
Combined,bioaware,1.42268041237113,0.19782112538814545
Combined,bioaware,12.9976827469981,0.9937160611152649
Combined,bioaware,1.70008718395815,7.538402132922783e-05
Combined,bioaware,3.24270391618858,0.009281338192522526
Combined,bioaware,1.63124073158675,0.9915860891342163
Combined,bioaware,1.42356548401226,0.9635143280029297
Combined,bioaware,2.37437879624517,0.026220543310046196
Combined,bioaware,1.54918667699458,0.032005518674850464
Combined,bioaware,1.5915860014892,2.671768561413046e-05
Combined,bioaware,4.98792338369938,0.9969109892845154
Combined,bioaware,4.72709333094138,0.997678816318512
Combined,bioaware,4.56217807211185,0.9847362637519836
Combined,bioaware,1.20243998771229,0.0994233638048172
Combined,bioaware,1.68318116914024,0.1835223287343979
Combined,bioaware,1.50998034957079,0.9967436790466309
Combined,bioaware,2.1137192342753,0.9999502897262573
Combined,bioaware,1.4610182467781,0.5004226565361023
Combined,bioaware,2.4896265560166,0.8807557225227356
Combined,bioaware,2.95809973443494,0.9988738894462585
Combined,bioaware,1.54970112906797,0.963915228843689
Combined,bioaware,1.56284885018977,0.9670236110687256
Combined,bioaware,2.42313498053547,0.998538613319397
Combined,bioaware,1.85536980749747,0.9390281438827515
Combined,bioaware,3.66171635868949,0.9076010584831238
Combined,bioaware,6.20823343365811,0.9902902245521545
Combined,bioaware,4.93763794076888,0.9780327081680298
Combined,bioaware,13.6172049563274,0.998895525932312
Combined,bioaware,3.12660043019564,0.8351422548294067
Combined,bioaware,9.51876904011979,0.7261044979095459
Combined,bioaware,4.90496957949712,0.9906293749809265
Combined,bioaware,6.30350591112923,0.9999825954437256
Combined,bioaware,1.17542972699697,0.21656887233257294
Combined,bioaware,1.85037463320133,0.07002007961273193
Combined,bioaware,1.32350589113398,0.25159671902656555
Combined,bioaware,8.6087447398132,0.03819553181529045
Combined,bioaware,14.0652266188747,0.9951796531677246
Combined,bioaware,9.83877789664867,0.3667035698890686
Combined,bioaware,5.97065113588981,0.9850093126296997
Combined,bioaware,2.60818425515619,0.6597223877906799
Combined,bioaware,1.85560724747174,0.016264326870441437
Combined,bioaware,5.70660641944531,0.6868032217025757
Combined,bioaware,5.57714729887291,0.969044029712677
Combined,bioaware,10.3252283498883,0.9746541976928711
Combined,bioaware,3.52535013257879,0.961559534072876
Combined,bioaware,3.80021262846303,0.9747339487075806
Combined,bioaware,7.31778820133502,0.9972443580627441
Combined,bioaware,2.65981004871807,0.0026454885955899954
Combined,bioaware,2.69250942877838,0.001111592398956418
Combined,bioaware,2.38203152540666,0.000546976167242974
Combined,bioaware,1.38410046052797,9.704283002065495e-05
Combined,bioaware,1.70772746678721,6.136401498224586e-05
Combined,bioaware,1.69765153999445,0.015911266207695007
Combined,bioaware,3.94919786096257,0.9942777752876282
Combined,bioaware,1.07319332921557,0.01925049163401127
Combined,bioaware,1.45413870246085,0.008004595525562763
Combined,bioaware,2.2284048754637,0.00457449397072196
Combined,bioaware,8.38000115466774,0.999951958656311
Combined,bioaware,4.27322174474863,0.974509060382843
Combined,bioaware,5.52197303995648,0.7317224144935608
Combined,bioaware,11.5653642064641,0.9966785907745361
Combined,bioaware,1.40980058741691,0.028404293581843376
Combined,bioaware,4.78704514784914,0.9034751653671265
Combined,bioaware,2.61488360873236,0.0075746639631688595
Combined,bioaware,4.63157012322911,0.5105724334716797
Combined,bioaware,9.41601805370055,0.9767334461212158
Combined,bioaware,14.7788813382122,0.9519755840301514
Combined,bioaware,2.38600424356459,7.357358845183626e-05
Combined,bioaware,3.84779050736498,0.5785717964172363
Combined,bioaware,4.82044366063247,0.40641480684280396
Combined,bioaware,2.03123629025182,0.019665932282805443
Combined,bioaware,3.32007704352405,0.006006086245179176
Combined,bioaware,6.39932977815012,0.999993085861206
Combined,bioaware,1.66463801409199,0.9994718432426453
Combined,bioaware,1.02949046559446,8.251756298705004e-06
Combined,bioaware,1.08334662741288,0.16299492120742798
Combined,bioaware,4.36893203883495,0.0019311843207105994
Combined,bioaware,1.83792815371763,0.0030208274256438017
Combined,bioaware,6.98324022346369,3.302631512269727e-06
Combined,bioaware,3.8560411311054,0.21494871377944946
Combined,bioaware,2.97790585975024,0.9480562210083008
Combined,bioaware,1.77238805970149,0.894806444644928
Combined,bioaware,5.88235294117647,0.9165117144584656
Combined,bioaware,7.79352226720648,0.03175968676805496
Combined,bioaware,1.9115890083632,0.9990819692611694
Combined,bioaware,3.88958594730238,0.9999103546142578
Combined,bioaware,6.26702997275204,0.7111266851425171
Combined,bioaware,2.84456484930579,0.006488801445811987
Combined,bioaware,11.9928825622776,0.3306713104248047
Combined,bioaware,4.04131118096093,0.9998631477355957
Combined,bioaware,1.55995659251221,0.9410186409950256
Combined,bioaware,6.36795324485572,0.9621461629867554
Combined,bioaware,4.55051710421639,0.10512194037437439
Combined,bioaware,4.15698071926706,0.04280409961938858
Combined,bioaware,5.2095953477102,0.9982339143753052
Combined,bioaware,3.1550881350911,0.6885213255882263
Combined,bioaware,1.1767667233025,0.8036855459213257
Combined,bioaware,6.99719887955182,0.9998753070831299
Combined,bioaware,8.16415155791988,0.057330016046762466
Combined,bioaware,13.0994508846858,0.038080569356679916
Combined,bioaware,1.24215481171548,0.7296648621559143
Combined,bioaware,3.19641007939248,0.9716945290565491
Combined,bioaware,1.54160054409431,0.9871127009391785
Combined,bioaware,3.32120828720544,0.9940673112869263
Combined,bioaware,4.53110681193361,0.021879199892282486
Combined,bioaware,2.95449820562544,0.9897568821907043
Combined,bioaware,1.97361448707561,0.9971833825111389
Combined,bioaware,2.78606114371016,0.9998273849487305
Combined,bioaware,6.98962968479455,0.998646080493927
Combined,bioaware,1.97219925358125,0.7958764433860779
Combined,bioaware,1.39533573285061,0.014883254654705524
Combined,bioaware,1.72132396952922,0.00023322879860643297
Combined,bioaware,1.39502987950233,0.07213039696216583
Combined,bioaware,1.12776022696899,0.42370036244392395
Combined,bioaware,1.39763366162807,0.5773319602012634
Combined,bioaware,7.32307349100069,0.0038401333149522543
Combined,bioaware,1.44076379090964,9.352366032544523e-05
Combined,bioaware,4.93243966680229,0.0011640986194834113
Combined,bioaware,2.69591797681516,1.985976183505045e-07
Combined,bioaware,2.05273241492565,0.037050724029541016
Combined,bioaware,1.29954515919428,3.3302269457635703e-06
Combined,bioaware,4.4516943801305,0.3684179484844208
Combined,bioaware,6.176,2.1407739041023888e-05
Combined,bioaware,3.93213572854291,1.3960335309093352e-05
Combined,bioaware,7.36939513754522,0.00018301898671779782
Combined,bioaware,4.76354138025846,0.00010279279376845807
Combined,bioaware,1.12911718247236,2.1197345176915405e-06
Combined,bioaware,2.0042908762421,0.00019568720017559826
Combined,bioaware,6.79213916760672,0.0002504576405044645
Combined,bioaware,6.7725361980383,5.054571829532506e-06
Combined,bioaware,11.8151649865381,0.04211438074707985
Combined,bioaware,9.71346188502433,1.3502030014933553e-05
Combined,bioaware,4.18499511241447,0.16768012940883636
Combined,bioaware,2.73240496800903,0.00017417741764802486
Combined,bioaware,3.20942215679058,5.581616164818115e-07
Combined,bioaware,14.0253342716397,7.41290277801454e-05
Combined,bioaware,2.48402660059982,0.00022298541443888098
Combined,bioaware,4.38713998660415,0.1395495980978012
Combined,bioaware,1.96627808075249,0.02157316915690899
Combined,bioaware,2.19845513963161,0.10661547631025314
Combined,bioaware,4.02320663666432,0.0011049823369830847
Combined,bioaware,13.3428300094967,0.9999995231628418
Combined,bioaware,3.09321589598406,0.03186965361237526
Combined,bioaware,3.89437689969605,0.999846339225769
Combined,bioaware,1.30988178110969,0.9834180474281311
Combined,bioaware,2.18175984599342,0.9869444966316223
Combined,bioaware,1.31899756185299,0.7719843983650208
Combined,bioaware,1.07280289190345,0.13470399379730225
Combined,bioaware,5.99065568577764,0.9431118965148926
Combined,bioaware,4.88220589349292,0.3915989100933075
Combined,bioaware,3.57654899833379,0.3126397132873535
Combined,bioaware,3.04184001883978,0.1443200409412384
Combined,bioaware,9.93910744331384,0.040828950703144073
Combined,bioaware,13.6693754171083,0.9999731779098511
Combined,bioaware,2.68728706503847,0.06260913610458374
Combined,bioaware,8.93510944924827,0.9301290512084961
Combined,bioaware,9.94630217232121,0.7004389762878418
Combined,bioaware,2.03383239354462,0.22783976793289185
Combined,bioaware,1.05780865763691,0.9916777610778809
Combined,bioaware,1.45231267004927,0.9603720903396606
Combined,bioaware,1.2710911136108,0.022730819880962372
Combined,bioaware,1.03407085168215,0.03626785799860954
Combined,bioaware,3.20157963400444,0.3812810778617859
Combined,bioaware,13.6078853273423,0.9950319528579712
Combined,bioaware,5.77690972222222,0.9988759160041809
Combined,bioaware,11.380137781562,0.9992266893386841
Combined,bioaware,11.2619134751547,0.9999604225158691
Combined,bioaware,2.73141122913505,0.001381046255119145
Combined,bioaware,9.89099660249151,0.9906889200210571
Combined,bioaware,13.1320001813812,0.9998526573181152
Combined,bioaware,3.0936668520662,0.07874059677124023
Combined,bioaware,1.75487620857319,0.9919724464416504
Combined,bioaware,1.9153790455893,0.9747763872146606
Combined,bioaware,1.91731126701445,0.9472660422325134
Combined,bioaware,3.62467622717796,0.001241822261363268
Combined,bioaware,1.1180165071849,0.0008933081408031285
Combined,bioaware,4.04845934573096,0.0008925815345719457
Combined,bioaware,2.18490947800746,0.04080468416213989
Combined,bioaware,1.4722911497105,0.9596534371376038
Combined,bioaware,1.09681501792871,0.9994500279426575
Combined,bioaware,1.2340683795266,0.046584270894527435
Combined,bioaware,13.1378935939197,0.9981679916381836
Combined,bioaware,3.6081510562722,0.3788342773914337
Combined,bioaware,1.17413593517447,0.9994970560073853
Combined,bioaware,6.93602693602694,0.9996755123138428
Combined,bioaware,1.01355798341451,0.9628279805183411
Combined,bioaware,2.71382636655949,0.26961690187454224
Combined,bioaware,2.28666326009198,0.9999876022338867
Combined,bioaware,2.89270895080024,0.44757091999053955
Combined,bioaware,8.65692910580691,0.9879348278045654
Combined,bioaware,1.16429495472186,0.9995822310447693
Combined,bioaware,1.36004410953869,0.9994565844535828
Combined,bioaware,1.43976672134135,0.9998475313186646
Combined,bioaware,3.28928046989721,0.9999843835830688
Combined,bioaware,4.30374042361424,0.998777449131012
Combined,bioaware,3.190437674126,0.9989591836929321
Combined,bioaware,1.32346538963866,0.023437628522515297
Combined,bioaware,1.939477303989,0.9947221279144287
Combined,bioaware,3.15226742042522,0.4795628786087036
Combined,bioaware,1.11858269753007,0.049707408994436264
Combined,bioaware,1.174643893877,0.001280341763049364
Combined,bioaware,7.4520467406482,0.775328516960144
Combined,bioaware,5.46928211415339,0.9960303902626038
Combined,bioaware,9.42814091985363,0.5885518193244934
Combined,bioaware,7.98088064889919,0.9994252920150757
Combined,bioaware,8.06373397990994,0.9999548196792603
Combined,bioaware,13.8892676939861,0.9998944997787476
Combined,bioaware,7.66846361185984,0.9988787770271301
Combined,bioaware,3.85546055815454,0.540765643119812
Combined,bioaware,1.73213192196658,0.9964393973350525
Combined,bioaware,11.2168874172185,0.9995313882827759
Combined,bioaware,4.68186788708436,0.959027111530304
Combined,bioaware,2.01601473922902,0.6976611614227295
Combined,bioaware,10.10436146468,0.9853482842445374
Combined,bioaware,4.05918816236753,0.07783156633377075
Combined,bioaware,1.52650645723293,0.8920491337776184
Combined,bioaware,5.53883007995856,0.9998459815979004
Combined,bioaware,3.41100644521567,0.9999995231628418
Combined,bioaware,7.32998147658111,0.7690097689628601
Combined,bioaware,5.66225062827713,0.8409335613250732
Combined,bioaware,7.5812708627793,0.9999163150787354
Combined,bioaware,4.19882314675183,0.9999374151229858
Combined,bioaware,10.7622092864366,0.9994301199913025
Combined,bioaware,1.04981473857555,0.7102909088134766
Combined,bioaware,1.13512672990204,0.18516412377357483
Combined,bioaware,1.4344209523319,0.5244745016098022
Combined,bioaware,1.87894206816134,0.9929185509681702
Combined,bioaware,1.74608848681497,0.9951637983322144
Combined,bioaware,3.42050750906266,0.8920927047729492
Combined,bioaware,2.61415977793369,7.229362381622195e-05
Combined,bioaware,2.33422902586652,0.9545834064483643
Combined,bioaware,1.90755454660108,0.8522292971611023
Combined,bioaware,5.77577432019776,0.9999974966049194
Combined,bioaware,1.01146518778196,0.9958662986755371
Combined,bioaware,2.15333253845237,0.9965357780456543
Combined,bioaware,1.80501653947334,0.8299567699432373
Combined,bioaware,5.97692397797821,0.2365768402814865
Combined,bioaware,1.59901131286244,0.0013625173596665263
Combined,bioaware,8.09029966194924,0.9927703738212585
Combined,bioaware,12.5321553391169,0.9999936819076538
Combined,bioaware,1.51925920709809,0.16866746544837952
Combined,bioaware,1.34580199227485,0.991057276725769
Combined,bioaware,7.50531310955195,0.9994910955429077
Combined,bioaware,7.88530465949821,0.9986926913261414
Combined,bioaware,12.8089812778999,0.9980623126029968
Combined,bioaware,11.7939478864311,0.9999759197235107
Combined,bioaware,2.55345727092365,0.6244184374809265
Combined,bioaware,8.3045921333075,0.44323065876960754
Combined,bioaware,1.6525482571865,0.0004768691724166274
Combined,bioaware,1.21998005064068,0.0001005235462798737
Combined,bioaware,1.3261421319797,0.00039344109245575964
Combined,bioaware,6.77180560025748,0.9866709113121033
Combined,bioaware,1.23830009883146,0.23905223608016968
Combined,bioaware,10.5121623273438,0.776334822177887
Combined,bioaware,1.4510525240139,0.1151808425784111
Combined,bioaware,2.33662145499383,0.9810419082641602
Combined,bioaware,2.30417198808003,0.9532422423362732
Combined,bioaware,8.32837242528873,0.9984377026557922
Combined,bioaware,1.96271993496313,0.9887858629226685
Combined,bioaware,1.08102021282585,0.9804004430770874
Combined,bioaware,11.1989306677515,0.9999234676361084
Combined,bioaware,1.96351095783736,0.9998258948326111
Combined,bioaware,1.4497058998277,0.9942428469657898
Combined,bioaware,7.71891498270526,0.9999998807907104
Combined,bioaware,3.28308407316928,0.9999403953552246
Combined,bioaware,2.86550800473432,0.9994945526123047
Combined,bioaware,6.04009201445942,0.9990888833999634
Combined,bioaware,1.3232650125854,0.003761861240491271
Combined,bioaware,1.60611035762724,0.0004308900679461658
Combined,bioaware,2.72211969417348,0.9882051944732666
Combined,bioaware,14.3451740222461,0.9997236132621765
Combined,bioaware,7.8665827564506,0.8798384070396423
Combined,bioaware,1.1400651465798,0.744186520576477
Combined,bioaware,1.89878093830809,0.8922690153121948
Combined,bioaware,4.38508453640083,0.004260072950273752
Combined,bioaware,1.3646288209607,0.22481657564640045
Combined,bioaware,1.1741312375722,0.9743542075157166
Combined,bioaware,4.15244277799541,0.20338766276836395
Combined,bioaware,1.85752263014436,0.10546519607305527
Combined,bioaware,1.13195342820181,0.0005429860320873559
Combined,bioaware,1.19256108748228,0.9683080911636353
Combined,bioaware,1.13255346099396,0.9737491011619568
Combined,bioaware,4.01264055265672,0.9990131855010986
Combined,bioaware,1.41041651362668,0.9258906245231628
Combined,bioaware,8.46217663473867,0.9999711513519287
Combined,bioaware,3.49010094686595,0.999233603477478
Combined,bioaware,4.52058738842499,0.9970988035202026
Combined,bioaware,5.1355338373594,0.045044198632240295
Combined,bioaware,6.93888940563669,0.04372764751315117
Combined,bioaware,4.12197500221612,0.9993844032287598
Combined,bioaware,1.08164689462666,0.9993696808815002
Combined,bioaware,6.09966415539621,0.012331610545516014
Combined,bioaware,8.54171824709087,0.82221519947052
Combined,bioaware,1.59811006114508,0.005681016482412815
Combined,bioaware,4.05061550099718,0.34493106603622437
Combined,bioaware,1.39556316239879,0.9874048829078674
Combined,bioaware,5.75842696629214,0.289275586605072
Combined,bioaware,4.31015163965041,0.7770066857337952
Combined,bioaware,4.79604027991125,0.5245245099067688
Combined,bioaware,1.26536839271291,0.05182322487235069
Combined,bioaware,2.00947323094589,0.0016730360221117735
Combined,bioaware,3.05716652858326,0.02590620517730713
Combined,bioaware,3.95903393457658,0.3475940525531769
Combined,bioaware,4.03041825095057,0.7698161602020264
Combined,bioaware,8.71695178849145,0.0004515856271609664
Combined,bioaware,9.48835302957852,0.9918105006217957
Combined,bioaware,1.54028436018957,0.0010748272761702538
Combined,bioaware,3.30272617268133,0.0012872405350208282
Combined,bioaware,5.40502597220272,0.023881616070866585
Combined,bioaware,4.29879165140974,0.9261007905006409
Combined,bioaware,11.2924231977323,0.9761487245559692
Combined,bioaware,11.4016089108911,0.9937617182731628
Combined,bioaware,7.54513608191862,0.9872714877128601
Combined,bioaware,8.30212234706617,0.913392961025238
Combined,bioaware,6.34906734390052,0.8227947354316711
Combined,bioaware,2.02471732842493,0.8937262296676636
Combined,bioaware,1.04551045510455,0.6581907272338867
Combined,bioaware,5.33188248095756,0.7157981395721436
Combined,bioaware,2.56826169234928,0.005390955600887537
Combined,bioaware,1.50486327766563,0.2639803886413574
Combined,bioaware,5.07493834187061,0.8798618316650391
Combined,bioaware,5.12580675334393,0.3292880654335022
Combined,bioaware,11.5607513988809,0.01647994853556156
Combined,bioaware,1.41741988496302,0.002792924642562866
Combined,bioaware,1.3020574495577,0.09048229455947876
Combined,bioaware,12.6923076923077,0.9715213775634766
Combined,bioaware,2.31689908861316,0.00010492749424884096
Combined,bioaware,5.2909000497265,0.5536530017852783
Combined,bioaware,5.80898487123224,0.988610029220581
Combined,bioaware,13.0332008165897,0.9992364645004272
Combined,bioaware,1.38619916420345,0.0029878844507038593
Combined,bioaware,5.48963069757125,0.9999827146530151
Combined,bioaware,2.57171117705242,0.00473329983651638
Combined,bioaware,4.19149158565904,0.41809001564979553
Combined,bioaware,1.94194396682512,0.4803309440612793
Combined,bioaware,1.22999761165512,0.7000842094421387
Combined,bioaware,13.6037896271104,0.9991180300712585
Combined,bioaware,1.6756503398172,0.9160336852073669
Combined,bioaware,1.27628241839156,0.9989006519317627
Combined,bioaware,1.4105419450631,0.9948550462722778
Combined,bioaware,1.30066291851976,0.9795545339584351
Combined,bioaware,1.68406871000337,0.9318333268165588
Combined,bioaware,1.29400890681455,0.7808495163917542
Combined,bioaware,1.51335813324315,0.4759413003921509
Combined,bioaware,1.40169679085208,0.0011818385683000088
Combined,bioaware,1.0508438594629,0.0032624495215713978
Combined,bioaware,1.09572666600259,0.001180491759441793
Combined,bioaware,4.65636892769196,0.03607523441314697
Combined,bioaware,1.73736462093863,5.425520794233307e-05
Combined,bioaware,5.35987748851455,0.6794770359992981
Combined,bioaware,5.32985733941632,8.933902427088469e-05
Combined,bioaware,5.51728936199819,0.9725872874259949
Combined,bioaware,10.5177147339522,0.9672503471374512
Combined,bioaware,1.07028184088477,0.011333255097270012
Combined,bioaware,1.10399086352389,0.2073378711938858
Combined,bioaware,3.1131960521506,0.004915790632367134
Combined,bioaware,1.47713950762016,0.00010932161239907146
Combined,bioaware,12.5480741633661,0.04926089197397232
Combined,bioaware,3.75199103297741,0.5816066265106201
Combined,bioaware,4.3135628369971,0.709895670413971
Combined,bioaware,6.4089427107592,0.5422777533531189
Combined,bioaware,13.2747291777659,0.9728372097015381
Combined,bioaware,13.7312863545342,0.9802699089050293
Combined,bioaware,1.09815354713314,0.0358385406434536
Combined,bioaware,5.65829145728643,0.5184633731842041
Combined,bioaware,14.8116254036599,0.8994489312171936
Combined,bioaware,7.74119516285639,0.9202650785446167
Combined,bioaware,1.22985581000848,0.5518108606338501
Combined,bioaware,4.26924718941227,0.9616407752037048
Combined,bioaware,2.58593503626616,0.028567112982273102
Combined,bioaware,1.30961475499291,0.3678336441516876
Combined,bioaware,3.03569311039962,0.08869020640850067
Combined,bioaware,1.58484270734032,0.0008667449583299458
Combined,bioaware,1.03944315545244,0.14029215276241302
Combined,bioaware,3.54334351003793,0.008539940230548382
Combined,bioaware,13.9817150063052,0.8064789772033691
Combined,bioaware,2.89721967103615,0.03983886539936066
Combined,bioaware,1.66186754422049,0.4023400545120239
Combined,bioaware,2.88373639158979,0.8072155117988586
Combined,bioaware,10.1476648351648,0.9728389978408813
Combined,bioaware,1.05247981545559,0.5673561692237854
Combined,bioaware,1.87622149837134,0.011313268914818764
Combined,bioaware,4.34434580119342,0.9942305088043213
Combined,bioaware,2.40762971855409,0.8956364393234253
Combined,bioaware,10.6112709663836,0.9931857585906982
Combined,bioaware,4.75408714686367,0.7474663853645325
Combined,bioaware,13.3996336037686,0.09970979392528534
Combined,bioaware,2.28145871505408,0.8613987565040588
Combined,bioaware,8.99584307612367,0.9997194409370422
Combined,bioaware,1.7393339053116,0.9097468256950378
Combined,bioaware,3.95886889460154,0.02332225814461708
Combined,bioaware,4.71913533262293,0.08997564017772675
Combined,bioaware,3.05807537641448,0.01957104355096817
Combined,bioaware,3.53488372093023,0.002954421564936638
Combined,bioaware,2.47052639483367,0.4329727590084076
Combined,bioaware,1.14518194831613,0.966352105140686
Combined,bioaware,2.48924400737554,0.9996728897094727
Combined,bioaware,12.9170879676441,0.9935775995254517
Combined,bioaware,1.56885531667635,0.986615002155304
Combined,bioaware,1.70715692711753,0.89654541015625
Combined,bioaware,1.56344685492668,0.0003553688002284616
Combined,bioaware,11.3580881408197,0.02636227384209633
Combined,bioaware,6.47897713302188,0.03456824645400047
Combined,bioaware,2.39201114723641,0.06204085052013397
Combined,bioaware,1.40203714799281,0.5966972708702087
Combined,bioaware,1.45380271536706,0.7252667546272278
Combined,bioaware,1.02683461117196,0.0016184780979529023
Combined,bioaware,11.1720631522612,0.20796945691108704
Combined,bioaware,6.86571090359069,0.033585336059331894
Combined,bioaware,1.02633355840648,0.024587012827396393
Combined,bioaware,4.71335697399527,5.465537833515555e-05
Combined,bioaware,4.98456790123457,0.0024717918131500483
Combined,bioaware,10.8657101402547,0.7404226660728455
Combined,bioaware,9.91047589131459,0.09743932634592056
Combined,bioaware,1.69715255515746,0.29128503799438477
Combined,bioaware,2.46520874751491,0.9997681975364685
Combined,bioaware,4.46901635567842,0.34373241662979126
Combined,bioaware,2.41727294062427,1.6709913325030357e-05
Combined,bioaware,2.05802132407637,1.833867372624809e-06
Combined,bioaware,1.18894601542416,2.683343041098851e-07
Combined,bioaware,7.25903614457831,0.034831319004297256
Combined,bioaware,1.13765642775882,0.2945953607559204
Combined,bioaware,9.34434692823955,0.04183964058756828
Combined,bioaware,4.52488687782805,0.3656296730041504
Combined,bioaware,6.64355863662623,0.00035631153150461614
Combined,bioaware,5.44296467863347,0.0010566612472757697
Combined,bioaware,9.67558338076266,0.00037687458097934723
Combined,bioaware,4.14993306559572,0.676676869392395
Combined,bioaware,2.17548948513416,0.02609439007937908
Combined,bioaware,1.14087301587302,6.936654972378165e-05
Combined,bioaware,1.22222222222222,3.3116779377451167e-05
Combined,bioaware,1.20397661987311,0.9998868703842163
Combined,bioaware,2.62143938351452,0.9990857839584351
Combined,bioaware,1.28954774844721,0.1421763002872467
Combined,bioaware,3.02850701344583,0.2103319764137268
Combined,bioaware,5.63572542901716,0.7911058664321899
Combined,bioaware,3.60011045401201,0.10739879310131073
Combined,bioaware,8.12716846320948,0.01314189750701189
Combined,bioaware,10.7003785536863,0.02521301619708538
Combined,bioaware,4.23995455240676,0.2752286195755005
Combined,bioaware,2.48362126633892,0.963300883769989
Combined,bioaware,10.5091117860582,0.9696176052093506
Combined,bioaware,4.7781407894237,0.07197949290275574
Combined,bioaware,2.93124396955294,0.9900835752487183
Combined,bioaware,1.77625491850782,0.812147319316864
Combined,bioaware,4.33216882443316,0.0981299951672554
Combined,bioaware,1.77558789705358,0.014662022702395916
Combined,bioaware,12.7226086527552,0.9999054670333862
Combined,bioaware,3.59815382683231,0.04646943137049675
Combined,bioaware,1.34499320167073,0.030005931854248047
Combined,bioaware,5.4692907691513,0.9914786219596863
Combined,bioaware,3.86834561091556,1.4665288290416356e-05
Combined,bioaware,7.36028322676204,0.9956040382385254
Combined,bioaware,1.96624087591241,0.032853346318006516
Combined,bioaware,2.91049810061419,0.9998594522476196
Combined,bioaware,2.21307114578079,0.012372685596346855
Combined,bioaware,3.40037321169397,8.775956302997656e-06
Combined,bioaware,1.28933351677509,0.5632369518280029
Combined,bioaware,1.2516613816416,0.9993083477020264
Combined,bioaware,12.9992406985573,0.9999996423721313
Combined,bioaware,1.00672125854833,0.9994524121284485
Combined,bioaware,4.41072866344606,0.9999575614929199
Combined,bioaware,2.5028063027481,0.29117873311042786
Combined,bioaware,11.4921452995689,0.998659610748291
Combined,bioaware,9.26845415425356,0.529677152633667
Combined,bioaware,1.32483861440446,0.0015752158360555768
Combined,bioaware,3.42530922930542,0.9405652284622192
Combined,bioaware,2.12689901697945,0.0021519463043659925
Combined,bioaware,7.83997655334115,0.9730983376502991
Combined,bioaware,7.60238698602142,0.8772148489952087
Combined,bioaware,12.4025974025974,0.9993587136268616
Combined,bioaware,4.33852221709395,0.9993321299552917
Combined,bioaware,4.50287974867648,0.9975376129150391
Combined,bioaware,11.1425061425061,0.9980188608169556
Combined,bioaware,11.7119831287188,0.9999699592590332
Combined,bioaware,12.7036031589339,0.9997394680976868
Combined,bioaware,10.590405904059,0.9986874461174011
Combined,bioaware,8.89302758700966,0.9821277856826782
Combined,bioaware,1.72383465259455,0.8131421804428101
Combined,bioaware,1.32507208146739,0.8210611939430237
Combined,bioaware,4.62281231140616,0.9850454926490784
Combined,bioaware,10.0293901542983,0.6929712295532227
Combined,bioaware,11.0302421884804,0.9979494214057922
Combined,bioaware,13.8562014591669,0.9997767806053162
Combined,bioaware,2.80373831775701,4.037420512759127e-05
Combined,bioaware,3.47760347760348,0.2809799313545227
Combined,bioaware,4.72469728124286,0.9979815483093262
Combined,bioaware,6.86475409836066,0.994320273399353
Combined,bioaware,2.64037072960448,0.9991899132728577
Combined,bioaware,2.18516388729155,2.577420491434168e-05
Combined,bioaware,1.25506528590725,0.05397772416472435
Combined,bioaware,4.91651634984506,0.9999535083770752
Combined,bioaware,1.28991060025543,0.05212756618857384
Combined,bioaware,1.53095738241891,0.0019245013827458024
Combined,bioaware,10.4351700579237,0.25970458984375
Combined,bioaware,5.71259958689879,0.897899866104126
Combined,bioaware,1.34264508813524,0.0017772220307961106
Combined,bioaware,1.83779938344795,0.00044953671749681234
Combined,bioaware,1.54406226462465,0.013176877982914448
Combined,bioaware,1.49081386477514,7.483902300009504e-05
Combined,bioaware,11.9743777170777,0.9784204363822937
Combined,bioaware,1.0580306828898,0.2609981894493103
Combined,bioaware,1.21255722694572,0.908331036567688
Combined,bioaware,1.07049311012413,0.9770499467849731
Combined,bioaware,9.21311383301495,0.39903393387794495
Combined,bioaware,2.48037543864594,0.9995146989822388
Combined,bioaware,4.45052551326036,0.0003737553779501468
Combined,bioaware,11.5408599596152,0.990580141544342
Combined,bioaware,1.25550129619582,0.9984486103057861
Combined,bioaware,6.00441170972446,0.9965983033180237
Combined,bioaware,10.9133325985525,0.9992318153381348
Combined,bioaware,11.1770770379324,0.9982553124427795
Combined,bioaware,2.88246752086349,0.9994656443595886
Combined,bioaware,2.53690518447372,0.008955437690019608
Combined,bioaware,4.35371399696817,0.999546468257904
Combined,bioaware,1.50878610381741,0.9998699426651001
Combined,bioaware,2.77608181332519,0.9999827146530151
Combined,bioaware,3.60184339626649,0.9999978542327881
Combined,bioaware,6.38148956317675,0.999921441078186
Combined,bioaware,5.66744090722776,0.062342431396245956
Combined,bioaware,1.55334680244068,0.7924351692199707
Combined,bioaware,3.73125950419971,0.9932885766029358
Combined,bioaware,2.70436954577693,0.9995797276496887
Combined,bioaware,1.14751312529627,0.9925053715705872
Combined,bioaware,2.08951764590521,0.24164634943008423
Combined,bioaware,1.51729004940014,0.005291998386383057
Combined,bioaware,5.28502415458937,0.33827275037765503
Combined,bioaware,5.97740165535199,0.6022511124610901
Combined,bioaware,9.84555105016174,0.9985349178314209
Combined,bioaware,1.99630871219255,0.000216879605432041
Combined,bioaware,10.9668588493923,0.009496314451098442
Combined,bioaware,4.01690229015598,0.010213426314294338
Combined,bioaware,1.12306138213798,0.0004542650713119656
Combined,bioaware,1.59747376242222,1.1325126251904294e-05
Combined,bioaware,12.4696063613064,0.9985643029212952
Combined,bioaware,12.4006647529838,0.8144033551216125
Combined,bioaware,4.8165209488891,0.9476593136787415
Combined,bioaware,3.18163690344308,0.9997138381004333
Combined,bioaware,13.806364772618,0.9380649328231812
Combined,bioaware,1.93665158371041,0.014332719147205353
Combined,bioaware,2.96445170204748,0.9713943600654602
Combined,bioaware,4.75110421391906,0.9994971752166748
Combined,bioaware,7.627682079178,0.999277651309967
Combined,bioaware,5.25871935425577,0.993044912815094
Combined,bioaware,1.70691366192524,0.008196712471544743
Combined,bioaware,1.94095337249944,7.393348823825363e-06
Combined,bioaware,5.69459557490025,0.8173056840896606
Combined,bioaware,10.6963113970822,0.9555388689041138
Combined,bioaware,10.9282866288538,0.6230937838554382
Combined,bioaware,1.25531187417574,1.302154714721837e-06
Combined,bioaware,11.937907624242,0.08181586116552353
Combined,bioaware,3.84757070934469,0.0010374191915616393
Combined,bioaware,2.80370539959846,3.1732084607938305e-05
Combined,bioaware,1.57162681124342,2.4957851564977318e-05
Combined,bioaware,1.36734693877551,0.9997084736824036
Combined,bioaware,13.2444020962363,0.9980747699737549
Combined,bioaware,1.52473641524736,0.9871078133583069
Combined,bioaware,2.46444335458558,0.9999268054962158
Combined,bioaware,2.1133525456292,0.9952660799026489
Combined,bioaware,6.42098123445625,0.9996086955070496
Combined,bioaware,2.16680997420464,0.006990089081227779
Combined,bioaware,5.12321660181582,0.0677977204322815
Combined,bioaware,2.26437288634024,0.1830182820558548
Combined,bioaware,3.38584102842658,0.528666079044342
Combined,bioaware,1.68938375887886,0.0027699696365743876
Combined,bioaware,3.54819633353046,0.09735134243965149
Combined,bioaware,10.175596578118,0.005897055845707655
Combined,bioaware,9.33370044052863,0.9386012554168701
Combined,bioaware,3.38776504996344,1.707606679701712e-05
Combined,bioaware,11.7468472676319,0.94105464220047
Combined,bioaware,4.84848484848485,0.8645675182342529
Combined,bioaware,2.40430243593799,0.9994456171989441
Combined,bioaware,1.0347023241006,0.97993004322052
Combined,bioaware,2.36921609158849,0.9870083928108215
Combined,bioaware,1.34548002803083,0.005954821594059467
Combined,bioaware,2.79808773903262,0.017158333212137222
Combined,bioaware,1.07095046854083,0.00023980480909813195
Combined,bioaware,6.3249080337012,0.8797933459281921
Combined,bioaware,2.68190018039687,0.8353289365768433
Combined,bioaware,12.9099157485418,0.5888715982437134
Combined,bioaware,10.5178935117835,0.9999004602432251
Combined,bioaware,2.64711142908245,0.9603325128555298
Combined,bioaware,10.4453586120551,0.9624051451683044
Combined,bioaware,3.89491089472717,0.6813293099403381
Combined,bioaware,4.10816432657306,0.9872696399688721
Combined,bioaware,1.11940298507463,0.9795271754264832
Combined,bioaware,3.91270459859704,0.547174870967865
Combined,bioaware,4.38985736925515,0.4318522810935974
Combined,bioaware,5.55463985495303,0.37677398324012756
Combined,bioaware,13.3454907161804,5.873542613699101e-05
Combined,bioaware,4.74108944182919,0.02220492623746395
Combined,bioaware,2.64666217127444,0.26668646931648254
Combined,bioaware,3.29046266911642,0.14461563527584076
Combined,bioaware,2.53815812039101,0.8856768608093262
Combined,bioaware,3.23880811861235,0.4761795699596405
Combined,bioaware,1.67979782964174,0.033815231174230576
Combined,bioaware,2.57560410939083,0.5959299802780151
Combined,bioaware,1.2671283335789,0.0013309878995642066
Combined,bioaware,1.17537890504176,2.2767208065488376e-05
Combined,bioaware,2.72459499263623,2.3748973490000935e-06
Combined,bioaware,1.91099826272885,0.3111223578453064
Combined,bioaware,2.34084716373545,0.8604666590690613
Combined,bioaware,8.02696078431373,0.9961846470832825
Combined,bioaware,1.24264224983649,0.8910782337188721
Combined,bioaware,2.08151564252773,0.018570221960544586
Combined,bioaware,3.05746561886051,0.3104899525642395
Combined,bioaware,4.1259765625,0.004375210497528315
Combined,bioaware,1.0653579123773,0.02463095262646675
Combined,bioaware,3.06646776064976,0.0015335214557126164
Combined,bioaware,13.3042529989095,0.3028610646724701
Combined,bioaware,3.05676855895197,0.02048913761973381
Combined,bioaware,6.04585427135678,0.009395998902618885
Combined,bioaware,11.2567956507835,0.9595984220504761
Combined,bioaware,4.67581047381546,0.9998296499252319
Combined,bioaware,10.5012240690633,0.9999642372131348
Combined,bioaware,4.94136735747474,0.9999517202377319
Combined,bioaware,2.04125950054289,0.9557851552963257
Combined,bioaware,4.79289539692224,0.9992768168449402
Combined,bioaware,4.95671600111701,0.9996621608734131
Combined,bioaware,2.42676509856279,0.9189267754554749
Combined,bioaware,3.10549550920993,0.9988899827003479
Combined,bioaware,1.90432312063273,0.25996726751327515
Combined,bioaware,1.94744976816074,0.9778767228126526
Combined,bioaware,1.04102033781455,0.948037326335907
Combined,bioaware,6.25086052595346,0.9999903440475464
Combined,bioaware,4.14908579465541,0.9941158294677734
Combined,bioaware,8.26840738401067,0.9978212118148804
Combined,bioaware,4.10297666934835,0.4156755208969116
Combined,bioaware,1.09596740199522,0.05164240673184395
Combined,bioaware,5.62993235625705,0.08388426899909973
Combined,bioaware,9.5903869407497,0.9404815435409546
Combined,bioaware,2.89076692204407,0.04849016293883324
Combined,bioaware,2.61303077187554,0.47830408811569214
Combined,bioaware,2.3021582733813,0.984279215335846
Combined,bioaware,2.03781898292638,0.8365517258644104
Combined,bioaware,8.9932641543783,0.9996163845062256
Combined,bioaware,7.8579491186941,0.7873919606208801
Combined,bioaware,5.79327346363797,0.9956904053688049
Combined,bioaware,2.46694471559145,0.9971786737442017
Combined,bioaware,1.30525066745773,0.0009660784271545708
Combined,bioaware,1.48013207332347,0.08830565959215164
Combined,bioaware,1.35729546311424,0.0487481988966465
Combined,bioaware,9.61052631578947,0.028372958302497864
Combined,bioaware,1.61411010154997,0.08061639219522476
Combined,bioaware,2.99736147757256,7.737479609204456e-05
Combined,bioaware,2.09701334463038,0.5142315030097961
Combined,bioaware,8.49876596201309,0.8459592461585999
Combined,bioaware,3.26318999695029,0.001607122365385294
Combined,bioaware,1.56029702039665,0.01105393748730421
Combined,bioaware,1.03959500994395,0.14286713302135468
Combined,bioaware,4.1615880201985,0.08389082551002502
Combined,bioaware,3.61361448945665,0.010570432990789413
Combined,bioaware,5.38223596995139,0.0003455009718891233
Combined,bioaware,2.90835603198313,7.144381379475817e-05
Combined,bioaware,4.02093327518535,0.00035719480365514755
Combined,bioaware,7.67441860465116,0.6000189185142517
Combined,bioaware,10.5918306499702,0.9959075450897217
Combined,bioaware,1.04607166703761,0.003674779785797
Combined,bioaware,4.65778044031751,0.9874820709228516
Combined,bioaware,3.00849728240067,0.8707472085952759
Combined,bioaware,2.51396648044693,0.0011245276546105742
Combined,bioaware,6.61927692425285,0.9844451546669006
Combined,bioaware,6.28161888701518,0.013082834891974926
Combined,bioaware,5.27806563039724,0.9464846253395081
Combined,bioaware,1.75700054906267,0.001530202105641365
Combined,bioaware,2.39031994655185,0.34050682187080383
Combined,bioaware,3.60099984377441,0.0029239654541015625
Combined,bioaware,4.86685784514543,0.9759284853935242
Combined,bioaware,1.2482721065639,0.0013502531219273806
Combined,bioaware,4.08341956539043,0.9979947805404663
Combined,bioaware,4.76137501390589,0.001243982813321054
Combined,bioaware,3.77073431745932,0.9556454420089722
Combined,bioaware,2.14261595604261,0.9279821515083313
Combined,bioaware,8.11763964985201,0.9990978240966797
Combined,bioaware,9.53091684434968,0.006167985964566469
Combined,bioaware,9.85919668000593,0.9435624480247498
Combined,bioaware,2.12746938410655,0.9934276938438416
Combined,bioaware,10.028124201017,0.9998595714569092
Combined,bioaware,4.64398866099717,0.9907501339912415
Combined,bioaware,1.85906962398004,0.1923413723707199
Combined,bioaware,6.19555266810383,0.9586368203163147
Combined,bioaware,12.1731438996075,0.999036431312561
Combined,bioaware,3.85749249082212,0.9995120763778687
Combined,bioaware,13.1868131868132,0.9982330799102783
Combined,bioaware,2.11589394336273,0.903572678565979
Combined,bioaware,1.42961769444851,0.011430289596319199
Combined,bioaware,4.21175602557796,0.7379103302955627
Combined,bioaware,6.03635898092434,0.9442917108535767
Combined,bioaware,8.16382294006922,0.9998843669891357
Combined,bioaware,11.0719086021505,0.9981427192687988
Combined,bioaware,6.90261729293665,0.9993813037872314
Combined,bioaware,1.33704543892211,0.29280397295951843
Combined,bioaware,4.7710543407664,0.04918046295642853
Combined,bioaware,12.969237023987,0.9888878464698792
Combined,bioaware,9.28023911681049,0.9690332412719727
Combined,bioaware,4.67002495609576,0.3250579237937927
Combined,bioaware,1.40984195402299,0.024103453382849693
Combined,bioaware,1.64057473729359,0.20316435396671295
Combined,bioaware,3.06264339845651,0.9868159890174866
Combined,bioaware,4.51166280180057,0.9999880790710449
Combined,bioaware,1.13114929036389,0.8963363766670227
Combined,bioaware,3.56761276536443,0.004766638856381178
Combined,bioaware,3.83559135847675,0.9081599712371826
Combined,bioaware,2.93580375782881,0.999904990196228
Combined,bioaware,1.96004046535154,0.5498354434967041
Combined,bioaware,2.4755832881172,6.308934189291904e-06
Combined,bioaware,3.37875034406826,0.9906142950057983
Combined,bioaware,2.87417500532255,0.005894462577998638
Combined,bioaware,3.22093938598793,0.0742756575345993
Combined,bioaware,1.10960950280959,0.9789358377456665
Combined,bioaware,8.52864583333333,0.9990562796592712
Combined,bioaware,9.22850844966936,0.9940047860145569
Combined,bioaware,5.55479358112742,0.7975051999092102
Combined,bioaware,2.75940996948118,0.9260941743850708
Combined,bioaware,1.55712710049958,0.8336151838302612
Combined,bioaware,1.21750575847318,0.1556796431541443
Combined,bioaware,8.55878958840877,0.9815198183059692
Combined,bioaware,2.74479765096387,0.036307211965322495
Combined,bioaware,2.0198697282716,0.350173681974411
Combined,bioaware,3.447599110297,0.258370965719223
Combined,bioaware,5.84909611223564,0.013361337594687939
Combined,bioaware,1.19628615640995,0.16281409561634064
Combined,bioaware,9.3517657992565,0.8646865487098694
Combined,bioaware,1.86928366379598,0.0032855600584298372
Combined,bioaware,1.42635030081795,0.1416437178850174
Combined,bioaware,4.9260752688172,0.995790958404541
Combined,bioaware,14.5219123505976,0.987986147403717
Combined,bioaware,3.01235511399822,0.5901412963867188
Combined,bioaware,11.3956834532374,0.9834232330322266
Combined,bioaware,2.09083119108826,0.19076308608055115
Combined,bioaware,2.25901681427288,0.26815688610076904
Combined,bioaware,9.71278866679604,0.9984592199325562
Combined,bioaware,1.29301963834338,0.01389241311699152
Combined,bioaware,2.81046498343425,0.9949755668640137
Combined,bioaware,2.04586330935252,0.004595043603330851
Combined,bioaware,2.91794940436354,0.008287932723760605
Combined,bioaware,6.11136260751471,0.8271523118019104
Combined,bioaware,3.91118701964133,0.9916092753410339
Combined,bioaware,1.53903207862043,0.0035104905255138874
Combined,bioaware,3.22164948453608,0.9857228398323059
Combined,bioaware,11.6335253670322,0.22156737744808197
Combined,bioaware,2.8875,0.001997386571019888
Combined,bioaware,14.7008754863813,0.9963076114654541
Combined,bioaware,1.71519744714799,0.04475411772727966
Combined,bioaware,1.36425648021828,0.00012109777162550017
Combined,bioaware,2.61340302408064,0.7069157958030701
Combined,bioaware,3.16697065163323,0.8753986358642578
Combined,bioaware,8.06982400915725,0.9816584587097168
Combined,bioaware,8.52067721343325,0.011076996102929115
Combined,bioaware,2.80970625798212,0.9833952188491821
Combined,bioaware,8.42957852107395,0.9490854144096375
Combined,bioaware,1.95663670015865,0.00026843370869755745
Combined,bioaware,2.85845107273679,0.6743274927139282
Combined,bioaware,4.34235833703211,0.06133934482932091
Combined,bioaware,2.7991942765854,0.002284411108121276
Combined,bioaware,3.52699676536452,0.10883830487728119
Combined,bioaware,3.34220644779651,0.9429923295974731
Combined,bioaware,1.8388966620028,0.9493497014045715
Combined,bioaware,2.34426694394555,0.04774021729826927
Combined,bioaware,2.25176723936145,0.945995569229126
Combined,bioaware,5.98855689764781,0.0017881826497614384
Combined,bioaware,7.94484569927774,0.9998111128807068
Combined,bioaware,1.09941086422044,0.16818225383758545
Combined,bioaware,5.44433049449324,0.9855045676231384
Combined,bioaware,5.61004990535192,0.9932959675788879
Combined,bioaware,4.01270466135815,0.9992009997367859
Combined,bioaware,5.26118704362479,0.9997937083244324
Combined,bioaware,1.12554497731115,0.4406862258911133
Combined,bioaware,6.24911435454159,0.9977485537528992
Combined,bioaware,1.97486535008977,0.0007664699223823845
Combined,bioaware,11.0021023125438,0.9999451637268066
Combined,bioaware,4.94561148544502,0.9992081522941589
Combined,bioaware,3.24618946556049,0.8300215005874634
Combined,bioaware,2.28812387667634,0.9946288466453552
Combined,bioaware,2.04081632653061,0.06567021459341049
Combined,bioaware,5.168906191134,0.966906726360321
Combined,bioaware,1.00433280753948,0.6021344065666199
Combined,bioaware,4.39310387240934,0.9683785438537598
Combined,bioaware,12.0578324140138,0.9999617338180542
Combined,bioaware,9.34256726609634,0.9997642636299133
Combined,bioaware,8.82092460294031,0.9997721314430237
Combined,bioaware,1.52883947185546,0.7154226899147034
Combined,bioaware,4.67867082735937,0.03012465126812458
Combined,bioaware,3.90549946083717,0.9266378879547119
Combined,bioaware,1.27214280828945,0.0004682726867031306
Combined,bioaware,2.25309203346672,0.3149905502796173
Combined,bioaware,1.47302105287012,0.04236813634634018
Combined,bioaware,1.35207943145958,0.00014521434786729515
Combined,bioaware,9.18121903112522,0.9221283197402954
Combined,bioaware,1.05526600959802,0.2300824224948883
Combined,bioaware,6.93936814699845,0.9647139310836792
Combined,bioaware,4.73410820818762,0.9852414727210999
Combined,bioaware,13.8861088871097,0.9998255372047424
Combined,bioaware,4.13526876602946,0.9944971203804016
Combined,bioaware,5.1363226986163,0.9982081651687622
Combined,bioaware,5.44231871969973,0.9499422907829285
Combined,bioaware,6.7009900990099,0.8107422590255737
Combined,bioaware,1.13400966696765,0.7546266317367554
Combined,bioaware,1.35033354852593,0.19801096618175507
Combined,bioaware,1.94491226163959,0.0017344028456136584
Combined,bioaware,1.64818366269213,0.008949168026447296
Combined,bioaware,4.47617270125669,0.9981786012649536
Combined,bioaware,7.26779426196386,0.884314775466919
Combined,bioaware,5.43404804325121,0.9976332187652588
Combined,bioaware,2.06635436052108,0.8230794072151184
Combined,bioaware,6.49269429757235,0.374452143907547
Combined,bioaware,9.16334661354582,0.9888160228729248
Combined,bioaware,3.51703434410201,0.9868380427360535
Combined,bioaware,3.45210977329428,0.08505076169967651
Combined,bioaware,3.04041202118632,0.0009745850111357868
Combined,bioaware,2.50742049469965,0.8524725437164307
Combined,bioaware,2.96199524940618,0.003777842503041029
Combined,bioaware,2.8656346749226,0.15956594049930573
Combined,bioaware,1.01030648223488,7.477531471522525e-05
Combined,bioaware,1.60822120987393,1.5298799553420395e-05
Combined,bioaware,1.37038036147828,0.007860134355723858
Combined,bioaware,2.10955504343202,0.13278493285179138
Combined,bioaware,14.4872807168114,0.8612315654754639
Combined,bioaware,7.92123805540362,0.0013644807040691376
Combined,bioaware,1.0328244521189,0.0028085862286388874
Combined,bioaware,1.97211452430659,0.00033542606979608536
Combined,bioaware,3.1269010828568,0.050363633781671524
Combined,bioaware,1.46481489298831,0.018340589478611946
Combined,bioaware,1.34937408551455,7.318089774344116e-05
Combined,bioaware,7.61119631901841,0.21457266807556152
Combined,bioaware,1.55997848305541,0.018846165388822556
Combined,bioaware,12.9944704381114,0.841876208782196
Combined,bioaware,3.08863512778684,0.5177643895149231
Combined,bioaware,5.88766192397537,0.25161445140838623
Combined,bioaware,8.03068504908535,0.12337657064199448
Combined,bioaware,3.27728849746464,0.06013161316514015
Combined,bioaware,1.8135390067226,0.012651236727833748
Combined,bioaware,3.80862941514061,0.0045310682617127895
Combined,bioaware,9.24779689467058,0.01714455522596836
Combined,bioaware,1.34323801770632,1.794812988009653e-06
Combined,bioaware,11.8024567560792,0.014165053144097328
Combined,bioaware,5.38986156351792,0.026795942336320877
Combined,bioaware,1.26115534655053,0.04150887951254845
Combined,bioaware,1.40857279070775,6.477379793068394e-05
Combined,bioaware,1.95479814089128,0.0004539341025520116
Combined,bioaware,4.19990905708735,0.004776498302817345
Combined,bioaware,11.5178847769377,0.030644310638308525
Combined,bioaware,9.17487684729064,0.2125072032213211
Combined,bioaware,1.76224871638674,1.5157093002926558e-05
Combined,bioaware,1.49533525154765,0.0005818057688884437
Combined,bioaware,1.83097785661155,0.0018546856008470058
Combined,bioaware,1.03670315518352,0.0004504153912421316
Combined,bioaware,4.46956075006422,0.005303305573761463
Combined,bioaware,3.30571886691609,0.9692935943603516
Combined,bioaware,5.10590736853583,0.3594316244125366
Combined,bioaware,7.22971592070305,0.9679253101348877
Combined,bioaware,1.09369506079168,0.3929903507232666
Combined,bioaware,3.59559872934027,0.9933785200119019
Combined,bioaware,6.47052530223601,0.9997950196266174
Combined,bioaware,13.6655836215631,0.9999667406082153
Combined,bioaware,5.24915025973193,0.9263718128204346
Combined,bioaware,6.21820022781926,0.9980241060256958
Combined,bioaware,9.12082348970638,0.9999706745147705
Combined,bioaware,4.10615624091275,0.9343867301940918
Combined,bioaware,2.31678382805556,0.249130517244339
Combined,bioaware,11.8696731038947,0.975219190120697
Combined,bioaware,2.20080365271798,0.9756318926811218
Combined,bioaware,3.37904511297219,0.21997441351413727
Combined,bioaware,7.61525412143394,0.9898275136947632
Combined,bioaware,4.01940952508999,0.9190322160720825
Combined,bioaware,5.36043159381243,0.6475306749343872
Combined,bioaware,2.63709472801686,0.9982861876487732
Combined,bioaware,1.00535123461387,0.08047041296958923
Combined,bioaware,9.80068830885599,0.964232325553894
Combined,bioaware,2.98504380507901,0.5124625563621521
Combined,bioaware,1.97299202222744,0.0543840155005455
Combined,bioaware,8.76190158298355,0.9473488330841064
Combined,bioaware,3.2316533826991,0.6638016104698181
Combined,bioaware,4.10807830162669,0.014927090145647526
Combined,bioaware,7.69561109679636,0.9898702502250671
Combined,bioaware,9.92112248767539,0.934141218662262
Combined,bioaware,6.43374705849482,0.9688263535499573
Combined,bioaware,2.5490469070636,0.06500690430402756
Combined,bioaware,5.02148502442643,0.2909836173057556
Combined,bioaware,2.30160619024676,0.9986792206764221
Combined,bioaware,2.25395371393162,0.9824057221412659
Combined,bioaware,1.39616952752938,0.0009874169481918216
Combined,bioaware,6.87077796393626,0.033918168395757675
Combined,bioaware,9.51569452692642,0.0022546034306287766
Combined,bioaware,4.38271715882744,0.057299111038446426
Combined,bioaware,4.14687365047617,0.05422293394804001
Combined,bioaware,1.31839229077567,0.0378686785697937
Combined,bioaware,13.4494759620658,0.8529832363128662
Combined,bioaware,9.08451529715157,0.1741025745868683
Combined,bioaware,10.6589828284958,0.413166880607605
Combined,bioaware,4.80802803605374,0.6968818306922913
Combined,bioaware,4.96408513643235,0.07426473498344421
Combined,bioaware,1.05995324746757,0.11174457520246506
Combined,bioaware,1.01182738754353,0.031589899212121964
Combined,bioaware,1.32367833089547,0.005291988607496023
Combined,bioaware,2.56424643698799,0.0008330441196449101
Combined,bioaware,2.70298687328637,0.0003274553455412388
Combined,bioaware,2.04601718363186,0.00015662441728636622
Combined,bioaware,1.24020016680567,0.00015675231406930834
Combined,bioaware,1.47368421052632,0.0001893666194519028
Combined,bioaware,1.29965545196595,0.00010107873822562397
Combined,bioaware,2.52482839199649,0.0016235890798270702
Combined,bioaware,1.46501782531194,0.00024223099171649665
Combined,bioaware,2.62698331804437,0.004958592355251312
Combined,bioaware,1.58546539281373,0.9996371269226074
Combined,bioaware,9.59343726856687,0.9995948672294617
Combined,bioaware,9.53709013188761,0.9966832995414734
Combined,bioaware,1.27991675338189,0.0040519568137824535
Combined,bioaware,11.8599475465173,0.9998212456703186
Combined,bioaware,1.34510084005034,0.5735482573509216
Combined,bioaware,2.2359906619207,0.449575275182724
Combined,bioaware,1.37483245985056,0.010280588641762733
Combined,bioaware,5.20368382394486,0.02194390259683132
Combined,bioaware,5.23073206088427,0.030151335522532463
Combined,bioaware,7.52022224037912,0.00938196200877428
Combined,bioaware,3.26626924987581,0.5040690898895264
Combined,bioaware,1.35798826836972,0.048343222588300705
Combined,bioaware,1.31241464308318,0.0036399206146597862
Combined,bioaware,11.1592151871174,0.998145580291748
Combined,bioaware,1.59592700034276,0.4907850921154022
Combined,bioaware,13.7976163470431,0.999821126461029
Combined,bioaware,3.70463985710554,0.008625959977507591
Combined,bioaware,14.9803161424785,0.19539153575897217
Combined,bioaware,11.1484536782429,0.7928736805915833
Combined,bioaware,3.15856325165606,0.9997918009757996
Combined,bioaware,1.08948982436577,0.006549833808094263
Combined,bioaware,10.4041551696153,0.020336713641881943
Combined,bioaware,5.28393878465241,0.6597374677658081
Combined,bioaware,2.04103235243173,0.009102581068873405
Combined,bioaware,7.8846057278677,0.80430668592453
Combined,bioaware,5.90001488858376,0.0702485516667366
Combined,bioaware,2.73459036277429,0.0045868889428675175
Combined,bioaware,7.89653962472222,0.661522626876831
Combined,bioaware,6.16025646782029,0.0072633554227650166
Combined,bioaware,1.15685360675263,0.46494656801223755
Combined,bioaware,13.8308093063796,0.6794567108154297
Combined,bioaware,3.26518246320439,0.03619733452796936
Combined,bioaware,2.62481409618737,0.887812077999115
Combined,bioaware,6.76349009025399,0.9054235816001892
Combined,bioaware,2.68606729877124,0.26241356134414673
Combined,bioaware,9.03058340834397,0.0005141120636835694
Combined,bioaware,11.8460955269143,0.9755792617797852
Combined,bioaware,1.32423660957525,0.4709574282169342
Combined,bioaware,4.80743484469832,0.18538852035999298
Combined,bioaware,2.66484579824875,0.062257446348667145
Combined,bioaware,1.41326101458944,0.08970057219266891
Combined,bioaware,1.1721398818173,0.5030438899993896
Combined,bioaware,2.58188121521759,0.02780107408761978
Combined,bioaware,8.16035634743875,0.3548898994922638
Combined,bioaware,3.68906455862978,0.7671070098876953
Combined,bioaware,1.25731249454291,0.007794965524226427
Combined,bioaware,3.34339948231234,0.9999711513519287
Combined,bioaware,2.23888055972014,0.11933938413858414
Combined,bioaware,9.24001144273863,0.04460078477859497
Combined,bioaware,10.5252725470763,0.007710215635597706
Combined,bioaware,12.3819418209294,0.6021026968955994
Combined,bioaware,8.61907438635938,0.985905647277832
Combined,bioaware,1.16802400342906,5.174313628231175e-06
Combined,bioaware,6.49520488230166,0.0011374674504622817
Combined,bioaware,11.6094112448912,0.3663426339626312
Combined,bioaware,11.4728509309845,0.556438148021698
Combined,bioaware,12.2361477572559,0.5778337121009827
Combined,bioaware,1.74852652259332,0.0910961776971817
Combined,bioaware,6.81346073950976,0.009493803605437279
Combined,bioaware,3.75814117232882,0.04077736288309097
Combined,bioaware,8.53420772775612,0.8732512593269348
Combined,bioaware,2.34601449275362,0.09861092269420624
Combined,bioaware,1.14799101572249,0.37823909521102905
Combined,bioaware,5.63955864323662,2.7881207643076777e-05
Combined,bioaware,1.43035531842434,0.677878737449646
Combined,bioaware,14.1991539956557,0.2420922815799713
Combined,bioaware,1.23592755751346,7.83965369919315e-05
Combined,bioaware,1.53103285832057,4.467438702704385e-05
Combined,bioaware,1.88281367675855,0.9886382222175598
Combined,bioaware,4.31372549019608,0.9906395673751831
Combined,bioaware,4.88108192134308,0.9805735945701599
Combined,bioaware,11.8431755327802,0.9880263805389404
Combined,bioaware,4.45357436318817,0.950980007648468
Combined,bioaware,10.0836501901141,0.011802476830780506
Combined,bioaware,1.89668465690054,0.10791930556297302
Combined,bioaware,12.4428044280443,0.00016781299200374633
Combined,bioaware,3.70125578321216,0.7682942152023315
Combined,bioaware,9.33952528379773,0.6568372249603271
Combined,bioaware,5.1833614098743,0.2050565630197525
Combined,bioaware,4.8843519834604,0.0038797687739133835
Combined,bioaware,4.68344577062792,0.00018615722365211695
Combined,bioaware,2.20792329043654,0.009562375023961067
Combined,bioaware,2.85407212801529,0.0005370841245166957
Combined,bioaware,1.25639832480223,0.0032759925816208124
Combined,bioaware,12.2862642962292,0.8399267792701721
Combined,bioaware,6.99284009546539,0.024054961279034615
Combined,bioaware,2.03913491246138,0.001937862834893167
Combined,bioaware,1.21447028423773,0.0013982899254187942
Combined,bioaware,5.31390614956075,0.9554016590118408
Combined,bioaware,1.44508670520231,4.115808042115532e-05
Combined,bioaware,1.47437732608073,0.029584581032395363
Combined,bioaware,1.86706497386109,0.016739146783947945
Combined,bioaware,2.31923601637108,3.762941196328029e-05
Combined,bioaware,2.36348041551511,0.01593312807381153
Combined,bioaware,1.14978168702145,0.9700198173522949
Combined,bioaware,2.15840993519347,0.9815031290054321
Combined,bioaware,5.42780299209951,0.996697187423706
Combined,bioaware,1.01049420057337,0.2352418601512909
Combined,bioaware,2.85764893428588,0.9035744667053223
Combined,bioaware,4.73054686150273,0.9997956156730652
Combined,bioaware,6.18785348584646,0.9965974688529968
Combined,bioaware,1.40577267635317,0.8853845596313477
Combined,bioaware,12.5553383466835,0.9996119141578674
Combined,bioaware,13.670584702501,0.8665204644203186
Combined,bioaware,12.1492744456249,0.9999998807907104
Combined,bioaware,2.92198028623935,0.9999909400939941
Combined,bioaware,4.46825769542757,0.9894949793815613
Combined,bioaware,8.64563192802175,0.9999927282333374
Combined,bioaware,1.64929688880014,0.9998883008956909
Combined,bioaware,4.68074516496018,0.004812656901776791
Combined,bioaware,1.01216991386189,0.9980123043060303
Combined,bioaware,1.19850962533637,0.9986737966537476
Combined,bioaware,5.99745745919578,0.9997729659080505
Combined,bioaware,4.50508364017943,0.9759891033172607
Combined,bioaware,1.4365846057962,0.999626874923706
Combined,bioaware,1.70614801244088,0.6647642254829407
Combined,bioaware,5.26625705695638,0.264506995677948
Combined,bioaware,6.5833884635319,0.024745114147663116
Combined,bioaware,8.52119704447067,0.9999924898147583
Combined,bioaware,1.80698958765362,0.09915000945329666
Combined,bioaware,14.6677046721696,0.9999994039535522
Combined,bioaware,7.58463335142667,0.7540965676307678
Combined,bioaware,9.95516593980404,0.9956017732620239
Combined,bioaware,7.5342965064948,0.9999676942825317
Combined,bioaware,3.45475124762052,0.011865089647471905
Combined,bioaware,1.58237798607983,0.9858391880989075
Combined,bioaware,2.80302845226012,0.9998358488082886
Combined,bioaware,5.15131565552019,0.9997628331184387
Combined,bioaware,1.62666797425473,0.4805881083011627
Combined,bioaware,5.48579024257661,0.9999997615814209
Combined,bioaware,2.58757783124255,0.9983905553817749
Combined,bioaware,3.16186862770291,0.9987112283706665
Combined,bioaware,5.14748409485252,6.944226333871484e-05
Combined,bioaware,9.01328273244782,0.9643250703811646
Combined,bioaware,1.76921564772951,0.0006733788759447634
Combined,bioaware,2.64134468456669,0.03274006024003029
Combined,bioaware,1.90906807334841,0.15157389640808105
Combined,bioaware,1.94978632478632,0.394931823015213
Combined,bioaware,1.82871075891497,0.003746597096323967
Combined,bioaware,12.6015037593985,0.9416897296905518
Combined,bioaware,4.09638554216868,0.1348995566368103
Combined,bioaware,1.73067804646752,0.11085178703069687
Combined,bioaware,1.02502979737783,0.035747282207012177
Combined,bioaware,2.88790993636809,0.9354270100593567
Combined,bioaware,3.04693933571233,0.5613550543785095
Combined,bioaware,6.06946983546618,0.021913830190896988
Combined,bioaware,6.24502784407319,0.009988855570554733
Combined,bioaware,2.08163265306122,0.2144443839788437
Combined,bioaware,3.41918294849023,0.1848318874835968
Combined,bioaware,1.548137397194,0.0013432897394523025
Combined,bioaware,13.0381303813038,0.11700352281332016
Combined,bioaware,1.39285714285714,0.001291134161874652
Combined,bioaware,10.7438016528926,0.028799092397093773
Combined,bioaware,1.90070921985816,0.0035038446076214314
Combined,bioaware,3.28870779976717,0.603789746761322
Combined,bioaware,3.36690647482014,0.0001767058711266145
Combined,bioaware,1.13447703375761,0.0007709214114584029
Combined,bioaware,2.73743016759777,0.0003469199000392109
Combined,bioaware,1.6496465043205,0.0005409022560343146
Combined,bioaware,1.92464082407156,0.5211175680160522
Combined,bioaware,2.51690458302029,0.005411060992628336
Combined,bioaware,12.1649484536082,0.3339686691761017
Combined,bioaware,4.9722577891592,0.4237237274646759
Combined,bioaware,10.0865637937524,0.07835054397583008
Combined,bioaware,1.77073625349487,0.8629534840583801
Combined,bioaware,9.16516909001797,0.005193167831748724
Combined,bioaware,3.10304449648712,0.00034560475614853203
Combined,bioaware,2.11480362537764,0.004468976520001888
Combined,bioaware,10.3780864197531,0.9114452004432678
Combined,bioaware,5.64615114851832,0.752249002456665
Combined,bioaware,5.69834628412034,0.11774490028619766
Combined,bioaware,1.49581172716394,0.018645554780960083
Combined,bioaware,3.12641594925238,0.0003379805712029338
Combined,bioaware,1.18012422360248,0.002551449928432703
Combined,bioaware,7.62844962979583,0.7946372628211975
Combined,bioaware,4.89069190894749,0.41870203614234924
Combined,bioaware,11.472275334608,0.0028903931379318237
Combined,bioaware,1.93210545323221,0.9880083799362183
Combined,bioaware,1.27409343351846,0.0007516017067246139
Combined,bioaware,4.69343910097505,0.0012564151547849178
Combined,bioaware,4.60077686663789,0.4472346603870392
Combined,bioaware,5.43379822495925,0.9997683167457581
Combined,bioaware,1.31519274376417,0.9870816469192505
Combined,bioaware,10.5252056528159,0.999729573726654
Combined,bioaware,4.61111642590644,0.04713902622461319
Combined,bioaware,4.85081457074867,0.9976007342338562
Combined,bioaware,3.16110546261207,0.059204909950494766
Combined,bioaware,9.39400293562592,0.8919491767883301
Combined,bioaware,1.27041742286751,0.004852356389164925
Combined,bioaware,3.77602869383282,0.0659758672118187
Combined,bioaware,2.54067941764202,0.06071493774652481
Combined,bioaware,2.40940997913109,0.006736481096595526
Combined,bioaware,11.7566777149542,0.005529288202524185
Combined,bioaware,1.31052056789225,0.6260164380073547
Combined,bioaware,1.57737046175538,0.24988314509391785
Combined,bioaware,1.60960426856381,0.3934754729270935
Combined,bioaware,4.37168300800576,0.9928382039070129
Combined,bioaware,10.9322664681801,0.9882841110229492
Combined,bioaware,2.6972104193608,0.7993918061256409
Combined,bioaware,5.17726505346089,0.9753947854042053
Combined,bioaware,2.20251025826696,0.9998407363891602
Combined,bioaware,1.61025078799507,0.3832375705242157
Combined,bioaware,2.23186608803472,0.011947710998356342
Combined,bioaware,2.0842352650133,0.9811694025993347
Combined,bioaware,4.51015717214388,0.9939733147621155
Combined,bioaware,1.20977498185338,8.708678069524467e-05
Combined,bioaware,4.45558536929812,0.7326690554618835
Combined,bioaware,4.20601539560352,0.1336611658334732
Combined,bioaware,4.52950806891713,0.9298421144485474
Combined,bioaware,4.48127685696746,0.44061776995658875
Combined,bioaware,2.048802946593,0.1350536197423935
Combined,bioaware,2.39384663684169,0.9917465448379517
Combined,bioaware,2.14815984836519,0.9946551322937012
Combined,bioaware,1.75967823026647,0.09865698218345642
Combined,bioaware,4.06696610861576,0.9480606913566589
Combined,bioaware,5.42023443345249,0.9251613020896912
Combined,bioaware,3.25036352749979,0.3883461654186249
Combined,bioaware,12.396183071214,0.9996424913406372
Combined,bioaware,1.67190097912433,0.09117983281612396
Combined,bioaware,1.07602134546409,0.43621954321861267
Combined,bioaware,2.49285899766294,0.9968639612197876
Combined,bioaware,1.99463627220919,0.0005626989295706153
Combined,bioaware,1.25371164632135,0.9685244560241699
Combined,bioaware,7.85498489425982,0.6966071724891663
Combined,bioaware,11.9015157590825,0.9833743572235107
Combined,bioaware,1.57856093979442,0.009549539536237717
Combined,bioaware,1.08458177278402,1.1559734502952779e-06
Combined,bioaware,5.19685039370079,0.9846315383911133
Combined,bioaware,9.78441127694859,0.021333687007427216
Combined,bioaware,10.2649006622517,0.6060249209403992
Combined,bioaware,4.37158469945355,0.005369892809540033
Combined,bioaware,3.67647058823529,0.006638430058956146
Combined,bioaware,6.71641791044776,0.5450496077537537
Combined,bioaware,4.38247011952191,0.00023423004313372076
Combined,bioaware,5.85009140767825,2.6774185243993998e-05
Combined,bioaware,1.30597014925373,0.7602733373641968
Combined,bioaware,2.29007633587786,0.7292190790176392
Combined,bioaware,2.86885245901639,6.720180681440979e-05
Combined,bioaware,4.34782608695652,0.5239600539207458
Combined,bioaware,2.84697508896797,0.0005829247529618442
Combined,bioaware,5.15097690941385,0.5192561149597168
Combined,bioaware,10.4204753199269,0.0012629505945369601
Combined,bioaware,7.94223826714802,0.006320797372609377
Combined,bioaware,5.28233151183971,1.6824214981170371e-06
Combined,bioaware,4.51127819548872,6.386499329380513e-09
Combined,bioaware,4.94880546075085,0.0017779208719730377
Combined,bioaware,2.57826887661142,6.052207481843652e-06
Combined,bioaware,5.37634408602151,0.0013127344427630305
Combined,bioaware,1.85873605947955,3.179800103225716e-07
Combined,bioaware,3.53817504655494,0.00041511011659167707
Combined,bioaware,2.45183887915937,0.0004404531791806221
Combined,bioaware,1.02432778489117,0.005205168854445219
Combined,bioaware,5.28052805280528,0.8164470195770264
Combined,bioaware,4.95867768595041,7.543019455624744e-05
Combined,bioaware,6.91399662731872,0.9926566481590271
Combined,bioaware,3.125,0.9870874881744385
Combined,bioaware,2.64550264550265,0.9059829115867615
Combined,bioaware,2.04778156996587,0.00021954145631752908
Combined,bioaware,3.61794500723589,0.4584055542945862
Combined,bioaware,13.869625520111,0.9967195391654968
Combined,bioaware,2.94943820224719,0.6262176632881165
Combined,bioaware,11.5815691158157,0.9881927371025085
Combined,bioaware,1.27193917430541,0.13784974813461304
Combined,bioaware,5.8370883882149,0.9872621893882751
Combined,bioaware,2.19232685600399,0.9998329877853394
Combined,bioaware,1.52114862242918,0.9998383522033691
Combined,bioaware,5.56335121749897,0.9920859932899475
Combined,bioaware,2.96002441257247,0.990039050579071
Combined,bioaware,2.56952841596131,0.9989147186279297
Combined,bioaware,1.97873597164796,0.01094216201454401
Combined,bioaware,6.17396593673966,0.7090532779693604
Combined,bioaware,6.72009864364982,0.9999738931655884
Combined,bioaware,11.1790689772341,0.9514238238334656
Combined,bioaware,7.66447368421053,0.6568154692649841
Combined,bioaware,8.90576458405247,0.9925990104675293
Combined,bioaware,12.3518164435946,0.999994158744812
Combined,bioaware,4.68116476225581,0.9995797276496887
Combined,bioaware,2.27116311080523,0.570795476436615
Combined,bioaware,6.95150898609698,0.9941897392272949
Combined,bioaware,1.24848973016512,0.02756885252892971
Combined,bioaware,3.42465753424658,0.86827152967453
Combined,bioaware,9.25459128555996,0.9886073470115662
Combined,bioaware,9.76576576576577,0.9860460162162781
Combined,bioaware,4.43577004968062,0.8767854571342468
Combined,bioaware,2.24919671545876,0.9534642696380615
Combined,bioaware,1.68519182502689,0.9242703914642334
Combined,bioaware,3.15398886827458,0.9994575381278992
Combined,bioaware,3.52819093739191,0.8017728924751282
Combined,bioaware,1.33196721311475,0.43431490659713745
Combined,bioaware,1.80006428801029,0.9997028708457947
Combined,bioaware,14.775871610404,0.978398323059082
Combined,bioaware,4.95311372926184,0.9871439337730408
Combined,bioaware,8.57204861111111,0.9908040761947632
Combined,bioaware,2.58105802047782,0.8072296380996704
Combined,bioaware,2.14146658014276,0.4811418354511261
Combined,bioaware,13.7905604719764,0.567974328994751
Combined,bioaware,11.7874645344338,0.621068000793457
Combined,bioaware,4.17547568710359,0.6005197763442993
Combined,bioaware,1.16444191990912,0.16129525005817413
Combined,bioaware,1.2871382947837,0.9752398133277893
Combined,bioaware,1.69022437481467,0.9999761581420898
Combined,bioaware,7.2940156114484,0.9409865140914917
Combined,bioaware,1.45194745333026,0.0976959764957428
Combined,bioaware,2.48317475052216,0.9698711037635803
Combined,bioaware,6.71480144404332,0.9998908042907715
Combined,bioaware,1.53374233128834,0.9990530610084534
Combined,bioaware,2.31224565297817,0.9960857629776001
Combined,bioaware,10.0887965237106,0.9981276392936707
Combined,bioaware,2.71518285925379,0.012602743692696095
Combined,bioaware,1.78195056524238,0.9990643858909607
Combined,bioaware,3.6356891114821,0.5919067859649658
Combined,bioaware,8.83997835107343,0.9774073362350464
Combined,bioaware,2.44941427050053,0.9999665021896362
Combined,bioaware,5.51779288284686,0.996915340423584
Combined,bioaware,5.47011874635001,0.9584394693374634
Combined,bioaware,1.89443005181347,0.9243789911270142
Combined,bioaware,5.3792181757434,0.9998745918273926
Combined,bioaware,12.0032115616218,0.9923904538154602
Combined,bioaware,3.55577204091573,0.8730767369270325
Combined,bioaware,6.59286186384666,0.9960092306137085
Combined,bioaware,2.18836116064192,0.9999442100524902
Combined,bioaware,1.05123812490266,0.04191863164305687
Combined,bioaware,4.93055350771136,0.03552635386586189
Combined,bioaware,7.23324365077019,0.3178822994232178
Combined,bioaware,2.65484113749391,0.0038456826005131006
Combined,bioaware,10.5671178961178,0.9471129775047302
Combined,bioaware,1.28187668107998,0.03289448469877243
Combined,bioaware,2.36427320490368,0.04854850843548775
Combined,bioaware,9.87876802096986,0.31885215640068054
Combined,bioaware,2.35586571793468,0.02659614570438862
Combined,bioaware,9.03668692325006,0.9330323338508606
Combined,bioaware,6.06761444799674,0.5354761481285095
Combined,bioaware,3.59092437844411,0.0010418539168313146
Combined,bioaware,12.8440646933171,0.6250368356704712
Combined,bioaware,12.2698063570104,0.6318274140357971
Combined,bioaware,8.4460402952324,0.40977638959884644
Combined,bioaware,11.6513026052104,0.384014368057251
Combined,bioaware,4.66844133656482,0.1368677169084549
Combined,bioaware,2.72029856935517,0.0922047421336174
Combined,bioaware,3.0699130114604,0.019380496814846992
Combined,bioaware,2.61406844106464,0.7792365550994873
Combined,bioaware,1.13961450077381,0.00021215947344899178
Combined,bioaware,2.91376346032033,0.9204879999160767
Combined,bioaware,4.82479784366577,0.9498701095581055
Combined,bioaware,4.95793683629844,0.9389358758926392
Combined,bioaware,4.126936829559,0.6067495346069336
Combined,bioaware,1.13694912925497,0.17202304303646088
Combined,bioaware,1.85243880964959,0.6474757194519043
Combined,bioaware,3.21589882565492,0.05104396864771843
Combined,bioaware,13.0362183437363,0.18409889936447144
Combined,bioaware,10.0069777941961,0.4615032374858856
Combined,bioaware,4.51053506446831,0.0005499324179254472
Combined,bioaware,1.81438401048493,0.18797725439071655
Combined,bioaware,1.91484667990293,0.0356750413775444
Combined,bioaware,1.46722076159783,0.10663879662752151
Combined,bioaware,1.38289096996458,0.001881135511212051
Combined,bioaware,5.73907748515756,0.12538455426692963
Combined,bioaware,4.26637279596977,0.7675426602363586
Combined,bioaware,1.50746689208228,0.0008965979213826358
Combined,bioaware,1.07284997404395,0.016931429505348206
Combined,bioaware,9.80975029726516,0.9549163579940796
Combined,bioaware,6.40478223740393,0.8191727995872498
Combined,bioaware,4.62912831618841,0.8037890791893005
Combined,bioaware,8.82740447957839,0.09537523984909058
Combined,bioaware,13.6435958631663,0.8120374083518982
Combined,bioaware,5.22217132386624,0.00014166778419166803
Combined,bioaware,2.26966292134832,0.003458744380623102
Combined,bioaware,1.52963671128107,0.9630776047706604
Combined,bioaware,2.45724395517987,0.998940646648407
Combined,bioaware,14.2089953009622,0.004430838394910097
Combined,bioaware,8.58936981385961,6.61480808048509e-05
Combined,bioaware,13.3012820512821,0.19897928833961487
Combined,bioaware,14.0925637025481,0.9151753783226013
Combined,bioaware,1.41371032275273,0.000177657202584669
Combined,bioaware,3.02721088435374,0.0224679633975029
Combined,bioaware,2.56849315068493,0.12664638459682465
Combined,bioaware,7.63523956723339,0.005605136044323444
Combined,bioaware,1.78109738580868,0.32297390699386597
Combined,bioaware,1.94107452339688,0.3558296263217926
Combined,bioaware,8.44632768361582,0.9796135425567627
Combined,bioaware,7.29190038142248,0.9324162006378174
Combined,bioaware,1.22005323868678,0.07108364999294281
Combined,bioaware,2.11532434973363,0.08094577491283417
Combined,bioaware,11.1792669835915,0.7712678909301758
Combined,bioaware,5.38419913419913,0.7320895791053772
Combined,bioaware,10.791749833666,0.010716887190937996
Combined,bioaware,1.89753320683112,0.019264910370111465
Combined,bioaware,1.49163696188648,0.20172534883022308
Combined,bioaware,1.14922714474516,0.012580357491970062
Combined,bioaware,13.2706717497042,0.1419723778963089
Combined,bioaware,1.0494660611268,0.23842830955982208
Combined,bioaware,3.80254777070064,0.01915661245584488
Combined,bioaware,1.03892852672425,0.002113229362294078
Combined,bioaware,2.72854945495887,0.012451155111193657
Combined,bioaware,9.93162277435516,0.03388829901814461
Combined,bioaware,1.56804313892437,0.9600250720977783
Combined,bioaware,2.18783351120598,0.5849653482437134
Combined,bioaware,1.17856653419213,0.0010217976523563266
Combined,bioaware,4.84053862508859,0.0016940943896770477
Combined,bioaware,1.49151614668856,2.039562059508171e-05
Combined,bioaware,2.33559130680215,8.434410005975224e-07
Combined,bioaware,1.98358413132695,2.9013683615630725e-06
Combined,bioaware,9.78684229162241,0.9323645830154419
Combined,bioaware,4.45988479125839,0.00011221109889447689
Combined,bioaware,2.34140484290574,0.004058258142322302
Combined,bioaware,4.32783608195902,0.7592582106590271
Combined,bioaware,3.77367749533811,0.9858862161636353
Combined,bioaware,3.35030695283872,0.9457799792289734
Combined,bioaware,3.6545187287749,5.694374340237118e-05
Combined,bioaware,1.16959064327485,1.3766190932074096e-05
Combined,bioaware,2.53227408142999,0.0041221436113119125
Combined,bioaware,2.42843215456882,0.32882800698280334
Combined,bioaware,9.94748491818931,0.9931311011314392
Combined,bioaware,1.26627589601324,0.26056617498397827
Combined,bioaware,7.74699234414874,0.9581084251403809
Combined,bioaware,7.00891972249752,0.3621353507041931
Combined,bioaware,12.7077792553192,0.9990580677986145
Combined,bioaware,4.35616539412047,0.9850982427597046
Combined,bioaware,10.8084985027806,0.9999408721923828
Combined,bioaware,2.24226710002556,0.4782944321632385
Combined,bioaware,9.09799554565702,0.9974363446235657
Combined,bioaware,1.08146540433335,0.47891566157341003
Combined,bioaware,4.85358433162198,0.9989336133003235
Combined,bioaware,1.59489633173844,0.16539323329925537
Combined,bioaware,1.23829314811125,0.05069778859615326
Combined,bioaware,1.9140833778728,0.001198943005874753
Combined,bioaware,3.94489155640431,0.9262498617172241
Combined,bioaware,1.16026253225774,0.06190895661711693
Combined,bioaware,3.18252362336208,0.9070577621459961
Combined,bioaware,13.119626933414,0.8386638164520264
Combined,bioaware,6.20657957538581,0.8019533753395081
Combined,bioaware,3.87282905672634,0.008554224856197834
Combined,bioaware,3.21381806978356,0.01589513197541237
Combined,bioaware,7.70695758378703,0.3839089870452881
Combined,bioaware,5.88454994397643,0.4857404828071594
Combined,bioaware,7.80770039974753,0.001717757317237556
Combined,bioaware,3.09964331157047,0.20792393386363983
Combined,bioaware,3.62085347213616,0.00015147564408835024
Combined,bioaware,3.39224406991261,0.8840424418449402
Combined,bioaware,7.93090148793212,0.3334117531776428
Combined,bioaware,14.9427825737804,0.5542770028114319
Combined,bioaware,4.53769887018677,0.953039824962616
Combined,bioaware,11.2439007142352,0.10250255465507507
Combined,bioaware,9.81509801195607,0.128150075674057
Combined,bioaware,13.297785642769,0.7369784712791443
Combined,bioaware,6.60732707948466,0.5430577993392944
Combined,bioaware,5.82820587948042,0.7490254044532776
Combined,bioaware,14.3478154687767,0.7881722450256348
Combined,bioaware,2.30393798746352,0.24228325486183167
Combined,bioaware,9.6234309623431,0.6447126865386963
Combined,bioaware,13.2550133609379,0.5858747959136963
Combined,bioaware,5.09019717522025,0.0009246220579370856
Combined,bioaware,1.23996911775028,0.00010738662967924029
Combined,bioaware,4.48600415597115,0.6706986427307129
Combined,bioaware,9.20770373164235,0.02628920041024685
Combined,bioaware,5.82224147436402,0.00035107810981571674
Combined,bioaware,7.02055753682992,0.0001211900744237937
Combined,bioaware,3.61959209441804,0.0028822440654039383
Combined,bioaware,2.91544221414222,0.026304010301828384
Combined,bioaware,1.06728453623294,7.962125891936012e-06
Combined,bioaware,1.49328578592522,0.9355367422103882
Combined,bioaware,2.28969943837561,0.00021136597206350416
Combined,bioaware,5.08474576271186,0.054371826350688934
Combined,bioaware,5.09340853013747,0.0054526738822460175
Combined,bioaware,1.75266218764108,0.12519463896751404
Combined,bioaware,3.23907722751653,0.41943836212158203
Combined,bioaware,2.23709948480591,0.0001163935157819651
Combined,bioaware,1.14756792287467,0.00012282510579098016
Combined,bioaware,6.05819650992865,0.039087630808353424
Combined,bioaware,12.5610529063048,0.9955034852027893
Combined,bioaware,5.1142411126091,0.1067390888929367
Combined,bioaware,1.30691780698107,0.00397648848593235
Combined,bioaware,10.0586312078759,0.555409848690033
Combined,bioaware,3.14912637139374,0.17643599212169647
Combined,bioaware,3.16112488965488,0.021000120788812637
Combined,bioaware,1.18905875442524,0.05416347086429596
Combined,bioaware,4.24580588110747,0.37411215901374817
Combined,bioaware,6.67247409410633,0.012705044820904732
Combined,bioaware,2.50639515102637,0.012410598807036877
Combined,bioaware,14.9414506593906,0.05078011378645897
Combined,bioaware,14.7540983606557,0.9951950907707214
Combined,bioaware,8.55046080327682,0.9998563528060913
Combined,bioaware,4.35611670616114,0.9956194758415222
Combined,bioaware,2.54562127464466,0.6420555710792542
Combined,bioaware,2.64040083627713,0.7904289960861206
Combined,bioaware,3.45122159576286,0.9877788424491882
Combined,bioaware,8.41903271480736,0.9999200105667114
Combined,bioaware,2.86205974737686,0.9998670816421509
Combined,bioaware,2.12966938600258,0.9822913408279419
Combined,bioaware,7.1841704718417,0.9999275207519531
Combined,bioaware,1.08674775928297,0.00017335063603240997
Combined,bioaware,13.4458077709611,0.9987896084785461
Combined,bioaware,3.31089011056891,0.10751742869615555
Combined,bioaware,1.16990949168913,0.09933137893676758
Combined,bioaware,1.61529083942877,0.9978366494178772
Combined,bioaware,5.17303403122527,0.9996057152748108
Combined,bioaware,2.71467077396997,0.9929967522621155
Combined,bioaware,1.1666299801893,0.97920161485672
Combined,bioaware,7.7223880375936,0.9966429471969604
Combined,bioaware,1.8356414566478,0.2963966727256775
Combined,bioaware,2.26491140830694,0.4860846698284149
Combined,bioaware,5.81797842926191,0.9631540179252625
Combined,bioaware,2.46578127743736,0.9999228715896606
Combined,bioaware,1.83485812689439,0.9997866749763489
Combined,bioaware,1.08469611911155,0.29800012707710266
Combined,bioaware,5.18423399322276,0.0005462493863888085
Combined,bioaware,5.11236493830318,0.9995773434638977
Combined,bioaware,8.20027969148142,0.027446279302239418
Combined,bioaware,2.59485683085543,0.031587522476911545
Combined,bioaware,13.9570022101668,0.9997825026512146
Combined,bioaware,5.22301240312987,5.408174956755829e-07
Combined,bioaware,1.09707583152196,0.8609964847564697
Combined,bioaware,2.22402861323362,0.12290839105844498
Combined,bioaware,4.13262490396165,0.987886905670166
Combined,bioaware,1.40149478143486,0.9987177848815918
Combined,bioaware,2.65258820499614,0.009161329828202724
Combined,bioaware,8.25380109260844,0.9988214373588562
Combined,bioaware,11.6498262710172,0.9997965693473816
Combined,bioaware,1.50455947522259,0.5512633919715881
Combined,bioaware,2.7616026130142,0.011059177108108997
Combined,bioaware,2.13994293485507,0.0042249783873558044
Combined,bioaware,5.47469801727153,0.9413691163063049
Combined,bioaware,2.61850901692174,8.318569598486647e-06
Combined,bioaware,1.84305950486526,0.0001749420480336994
Combined,bioaware,2.75894563254195,0.0009096802677959204
Combined,bioaware,3.54417281076187,0.008033378049731255
Combined,bioaware,4.52250657558495,0.00438092602416873
Combined,bioaware,8.69546190538707,0.9996142387390137
Combined,bioaware,1.60615372174827,0.2711862027645111
Combined,bioaware,5.60096028391003,0.8276087045669556
Combined,bioaware,1.34828501387791,0.9995030164718628
Combined,bioaware,2.71645093274586,0.07268062233924866
Combined,bioaware,2.40454011601323,4.870789416600019e-05
Combined,bioaware,4.21011231044881,0.7752183675765991
Combined,bioaware,1.04196571814574,0.020177800208330154
Combined,bioaware,1.10809911066724,2.6862624508794397e-05
Combined,bioaware,1.46425858722255,0.8663062453269958
Combined,bioaware,13.5209267173981,0.013090168125927448
Combined,bioaware,1.68302491885531,1.3819231980960467e-06
Combined,bioaware,8.69673017226845,0.5504834651947021
Combined,bioaware,2.26232004272387,0.036170411854982376
Combined,bioaware,5.58473937496376,0.8345444798469543
Combined,bioaware,4.0538926447051,0.2546609044075012
Combined,bioaware,5.90939385135943,0.9877647757530212
Combined,bioaware,14.9466311997037,0.9997974038124084
Combined,bioaware,3.30012453300125,0.08106391131877899
Combined,bioaware,8.20733984368546,0.9877890944480896
Combined,bioaware,5.46722202100688,0.9355059266090393
Combined,bioaware,14.7973648248996,0.9968961477279663
Combined,bioaware,2.68671926871825,5.908204457227839e-06
Combined,bioaware,7.44176120040057,0.5770581364631653
Combined,bioaware,1.15649746482083,0.976044774055481
Combined,bioaware,4.2542689228586,0.8542181849479675
Combined,bioaware,2.109245684559,0.0008660791208967566
Combined,bioaware,2.80147812796254,0.07125067710876465
Combined,bioaware,1.43226611968251,0.7005712389945984
Combined,bioaware,1.35287816759842,0.12727928161621094
Combined,bioaware,3.19286594016494,0.11419609934091568
Combined,bioaware,9.14002129675762,0.2643011510372162
Combined,bioaware,14.5505469263677,0.5466203093528748
Combined,bioaware,7.35253699319981,0.6016209721565247
Combined,bioaware,12.3295546232048,0.9957885146141052
Combined,bioaware,12.1724002957422,0.14431853592395782
Combined,bioaware,1.64388431994461,0.21404258906841278
Combined,bioaware,2.99362607482741,0.4495254456996918
Combined,bioaware,6.75659887300147,0.7056717276573181
Combined,bioaware,3.95274875056792,0.7516897916793823
Combined,bioaware,8.97285878491027,0.14834822714328766
Combined,bioaware,12.2666380880935,0.9975157976150513
Combined,bioaware,2.840884315179,0.9590131640434265
Combined,bioaware,2.94669312528883,0.9238961935043335
Combined,bioaware,3.8530419435216,0.6415740251541138
Combined,bioaware,1.13300225243562,0.0062481919303536415
Combined,bioaware,13.4105704202579,0.045130711048841476
Combined,bioaware,4.39312426190789,0.9345425367355347
Combined,bioaware,6.51716793509964,0.046860694885253906
Combined,bioaware,14.3516835628795,0.9930304884910583
Combined,bioaware,1.55116785704437,0.019895682111382484
Combined,bioaware,2.13058419243986,0.9937699437141418
Combined,bioaware,4.98818744579682,0.13856832683086395
Combined,bioaware,9.98026669855887,0.7363986968994141
Combined,bioaware,1.30090497737557,0.03500743210315704
Combined,bioaware,2.56017472282469,0.8294493556022644
Combined,bioaware,11.4369931277074,0.9999904632568359
Combined,bioaware,3.44021015509734,0.9970213770866394
Combined,bioaware,13.9811738648948,0.9982351064682007
Combined,bioaware,2.88136715903822,0.05196342617273331
Combined,bioaware,8.7876393644105,0.0011352661531418562
Combined,bioaware,2.09584262595071,0.9604818224906921
Combined,bioaware,13.4639311068283,0.001460861531086266
Combined,bioaware,2.23787411714208,0.9988489151000977
Combined,bioaware,3.58575941261846,0.9952398538589478
Combined,bioaware,1.23271636549857,0.0006891624652780592
Combined,bioaware,1.40797194790325,0.009588961489498615
Combined,bioaware,14.307014457791,0.5094035267829895
Combined,bioaware,3.56159024596978,0.003656681627035141
Combined,bioaware,1.19325177481466,0.004624043591320515
Combined,bioaware,2.64603095356965,0.07841368019580841
Combined,bioaware,3.41415745434557,0.09956520050764084
Combined,bioaware,13.2597402597403,0.0008116923272609711
Combined,bioaware,9.67182404773468,0.03045620024204254
Combined,bioaware,2.39108112072759,0.0003530947433318943
Combined,bioaware,9.79228486646884,0.22026681900024414
Combined,bioaware,5.7934120188228,0.9353274703025818
Combined,bioaware,3.76773660283786,0.4356306791305542
Combined,bioaware,13.0605541273922,0.9689202308654785
Combined,bioaware,2.02671273838793,0.02516113966703415
Combined,bioaware,14.1671939815791,0.19445675611495972
Combined,bioaware,12.5555935682518,0.9938915967941284
Combined,bioaware,14.2847015454417,0.9975336790084839
Combined,bioaware,12.8589972416031,0.18104508519172668
Combined,bioaware,7.28777694797112,0.00024718715576454997
Combined,bioaware,4.66278671687778,0.2198883295059204
Combined,bioaware,1.70035290343279,0.6922730207443237
Combined,bioaware,1.13822201870871,0.0018799440003931522
Combined,bioaware,7.20893141945774,0.9991840720176697
Combined,bioaware,1.30763545397692,0.007875935174524784
Combined,bioaware,6.24706119433062,0.6437112092971802
Combined,bioaware,4.04838002130726,0.001460040919482708
Combined,bioaware,4.34922060427224,0.5916885137557983
Combined,bioaware,2.84292821606254,0.7659277319908142
Combined,bioaware,11.5803924735525,0.9979488253593445
Combined,bioaware,1.1090573012939,0.001618156093172729
Combined,bioaware,12.983105762555,0.9654333591461182
Combined,bioaware,4.51580531861515,0.9338106513023376
Combined,bioaware,11.2541993281075,0.14130498468875885
Combined,bioaware,1.89798339264531,0.000528818229213357
Combined,bioaware,2.31362467866324,0.04313487559556961
Combined,bioaware,1.57880652930158,0.07626074552536011
Combined,bioaware,8.25825825825826,0.28934088349342346
Combined,bioaware,3.47826086956522,0.989933431148529
Combined,bioaware,2.45726495726496,0.977373480796814
Combined,bioaware,4.51454990481371,0.2627224028110504
Combined,bioaware,4.0595399188092,0.9630128145217896
Combined,bioaware,3.14528207688467,7.88339639257174e-06
Combined,bioaware,2.08566943260821,0.0029870832804590464
Combined,bioaware,1.2071992976295,0.0019016014412045479
Combined,bioaware,1.13810461807835,2.4029788619372994e-05
Combined,bioaware,1.62748643761302,0.9527931213378906
Combined,bioaware,1.36251954433773,0.903213620185852
Combined,bioaware,3.21937321937322,0.34053072333335876
Combined,bioaware,4.4463818657367,0.33050066232681274
Combined,bioaware,14.0649554740702,0.9906496405601501
Combined,bioaware,3.51744984885958,0.03242772817611694
Combined,bioaware,4.63917525773196,0.9726443290710449
Combined,bioaware,11.6109824677473,0.9997552037239075
Combined,bioaware,1.87657885239986,0.00013899100304115564
Combined,bioaware,2.26537216828479,0.9861947298049927
Combined,bioaware,8.832425892317,0.9996023774147034
Combined,bioaware,1.17062788222774,0.00019555253675207496
Combined,bioaware,14.8148148148148,0.7590585350990295
Combined,bioaware,4.9354765678062,0.030610738322138786
Combined,bioaware,4.35955056179775,0.19028423726558685
Combined,bioaware,6.86464385625135,0.7523301839828491
Combined,bioaware,2.38056680161943,1.8021150026470423e-05
Combined,bioaware,1.15445859872611,0.506144642829895
Combined,bioaware,1.80491172699477,0.8994879722595215
Combined,bioaware,13.5377543584282,0.999930739402771
Combined,bioaware,3.11148250098309,0.9976199269294739
Combined,bioaware,2.60574412532637,0.0025444685015827417
Combined,bioaware,7.20531013962005,0.007942835800349712
Combined,bioaware,1.85631101965763,0.7568507194519043
Combined,bioaware,1.29748214704798,0.923266589641571
Combined,bioaware,6.69699183212697,0.9794154167175293
Combined,bioaware,3.96118248376848,0.9557197093963623
Combined,bioaware,6.74284501362012,0.8422392010688782
Combined,bioaware,2.97959183673469,0.9837245941162109
Combined,bioaware,4.63819222050304,0.9979189038276672
Combined,bioaware,1.60771704180064,0.377113938331604
Combined,bioaware,1.71644960362401,0.9794543385505676
Combined,bioaware,3.48828670044797,0.997478187084198
Combined,bioaware,5.09794898764134,0.02189432829618454
Combined,bioaware,9.31700447618569,0.9950922727584839
Combined,bioaware,9.57576444582991,1.0071606766359764e-06
Combined,bioaware,1.02526646107234,0.00011580863792914897
Combined,bioaware,7.99096194648811,0.12944984436035156
Combined,bioaware,1.00081571186547,0.5695278644561768
Combined,bioaware,7.53630948397028,0.12842896580696106
Combined,bioaware,2.17197864423233,0.01570300944149494
Combined,bioaware,9.48925261289686,0.012396988458931446
Combined,bioaware,11.8465168260276,0.013525345362722874
Combined,bioaware,6.40016570008285,0.962019145488739
Combined,bioaware,3.09532772828042,0.04083537682890892
Combined,bioaware,10.1018675721562,0.994953453540802
Combined,bioaware,2.2588741484403,0.41291746497154236
Combined,bioaware,2.94402211472011,0.2895342707633972
Combined,bioaware,2.49181791133591,0.0010952673619613051
Combined,bioaware,8.42072045829692,0.07828996330499649
Combined,bioaware,1.1734777613655,0.7377771139144897
Combined,bioaware,1.04406156176463,4.943830731463095e-07
Combined,bioaware,1.75966350761367,0.00029500690288841724
Combined,bioaware,1.36488748900428,9.962166950572282e-05
Combined,bioaware,1.84063042303206,0.000277259066933766
Combined,bioaware,2.46172320624437,0.0024202619679272175
Combined,bioaware,1.29940152046153,8.644840931992803e-07
Combined,bioaware,5.20408435308859,3.840053977910429e-06
Combined,bioaware,2.6000716931533,0.04622483626008034
Combined,bioaware,4.25081877729258,0.0007314347312785685
Combined,bioaware,4.92949566752619,0.9878342151641846
Combined,bioaware,1.35530886058707,0.024629702791571617
Combined,bioaware,2.91970802919708,0.9016658067703247
Combined,bioaware,2.61437908496732,0.015941787511110306
Combined,bioaware,3.79746835443038,0.07244668900966644
Combined,bioaware,2.4390243902439,0.3950662612915039
Combined,bioaware,2.08333333333333,0.2590809464454651
Combined,bioaware,11.6666666666667,0.09770474582910538
Combined,bioaware,6.07287449392713,0.00040213949978351593
Combined,bioaware,2.97872340425532,0.0007269653724506497
Combined,bioaware,3.88349514563107,0.5029013156890869
Combined,bioaware,2.01005025125628,0.11245135962963104
Combined,bioaware,4.739336492891,0.03089076839387417
Combined,bioaware,1.03626943005181,0.0004991161986254156
Combined,bioaware,4.92610837438424,0.0016089404234662652
Combined,bioaware,6.3953488372093,0.0007287122425623238
Combined,bioaware,6.98924731182796,0.03694622218608856
Combined,bioaware,2.24719101123596,0.005801000166684389
Combined,bioaware,1.13636363636364,0.003387817181646824
Combined,bioaware,2.82485875706215,0.11453520506620407
Combined,bioaware,5.4421768707483,0.006853293161839247
Combined,bioaware,3.3112582781457,0.15090492367744446
Combined,bioaware,2.7972027972028,0.7673768997192383
Combined,bioaware,3.54609929078014,0.6904876828193665
Combined,bioaware,5.14705882352941,0.4284622073173523
Combined,bioaware,1.51515151515152,0.3006170988082886
Combined,bioaware,2.17391304347826,0.04223227500915527
Combined,bioaware,3.59712230215827,0.805534303188324
Combined,bioaware,11.5646258503401,0.007319333963096142
Combined,bioaware,11.7977528089888,0.6937651038169861
Combined,bioaware,8.13953488372093,0.040985800325870514
Combined,bioaware,2.42424242424242,0.18741682171821594
Combined,bioaware,5.625,0.3456045687198639
Combined,bioaware,1.33333333333333,0.0002500892151147127
Combined,bioaware,7.14285714285714,0.009991289116442204
Combined,bioaware,2.98507462686567,0.020928019657731056
Combined,bioaware,3.96039603960396,0.041856665164232254
Combined,bioaware,4.42477876106195,0.23125028610229492
Combined,bioaware,4.22973253161932,0.9768150448799133
Combined,bioaware,10.4510965596092,0.4926427900791168
Combined,bioaware,4.47872340425532,0.07783367484807968
Combined,bioaware,1.85171842351754,0.49422910809516907
Combined,bioaware,1.60728834901118,0.031238052994012833
Combined,bioaware,1.64667979237516,0.022633444517850876
Combined,bioaware,4.83644202830631,0.9770987629890442
Combined,bioaware,3.60501567398119,0.02355174347758293
Combined,bioaware,4.92469879518072,0.014406866393983364
Combined,bioaware,14.9645002730748,0.2590887248516083
Combined,bioaware,3.31210191082803,0.9543933868408203
Combined,bioaware,1.32833096734942,0.0034896351862698793
Combined,bioaware,13.5490009514748,0.00032556927180849016
Combined,bioaware,2.58306538049303,0.0009402676369063556
Combined,bioaware,1.20533383951027,0.00044492504093796015
Combined,bioaware,5.48521143974578,0.9786921143531799
Combined,bioaware,1.77606177606178,0.7478560209274292
Combined,bioaware,10.7594643436356,0.9966176152229309
Combined,bioaware,1.165371809101,6.39613572275266e-05
Combined,bioaware,9.04953706125438,0.0055105178616940975
Combined,bioaware,3.29220415030847,1.4561119314748794e-06
Combined,bioaware,1.46517502706604,0.00045286270324140787
Combined,bioaware,2.35495945102932,0.09324853867292404
Combined,bioaware,2.5794300687848,0.004876856692135334
Combined,bioaware,1.37072209281491,0.0035164272412657738
Combined,bioaware,7.98561151079137,0.6428140997886658
Combined,bioaware,5.75473149715341,0.037700213491916656
Combined,bioaware,5.76631259484067,0.604794979095459
Combined,bioaware,1.52486817728374,0.009041582234203815
Combined,bioaware,1.58121705797796,0.5398533344268799
Combined,bioaware,1.03635466359599,0.49808546900749207
Combined,bioaware,12.8739730274376,0.9976558685302734
Combined,bioaware,2.06155205418937,0.9491391777992249
Combined,bioaware,7.97153024911032,0.7414975762367249
Combined,bioaware,5.57513617430311,0.004428773187100887
Combined,bioaware,1.57715839564922,0.6052340269088745
Combined,bioaware,1.04984521512854,0.9932538866996765
Combined,bioaware,1.67715719862959,0.0015559931052848697
Combined,bioaware,4.91810042497009,0.0021573726553469896
Combined,bioaware,13.3417307823245,0.9809337258338928
Combined,bioaware,1.18896533297709,0.0022707441821694374
Combined,bioaware,1.30587916553779,0.9181265234947205
Combined,bioaware,13.7596828077389,0.9995453953742981
Combined,bioaware,7.00182231490353,0.7503418922424316
Combined,bioaware,1.44875306328384,0.995674192905426
Combined,bioaware,4.47112009178554,0.8772842884063721
Combined,bioaware,12.4087305471273,0.9999513626098633
Combined,bioaware,2.74056526711322,0.11735407263040543
Combined,bioaware,2.96510442727155,0.0008148386841639876
Combined,bioaware,10.6948958654876,0.9879770874977112
Combined,bioaware,9.7155070448839,0.9935083389282227
Combined,bioaware,9.55596437680311,0.13306529819965363
Combined,bioaware,10.2605310215261,0.9497303366661072
Combined,bioaware,10.7227996567178,0.7548493146896362
Combined,bioaware,2.81358933215294,0.7618507742881775
Combined,bioaware,5.03446374414116,0.9597963690757751
Combined,bioaware,7.92736800414344,0.9979920387268066
Combined,bioaware,5.26123492875411,0.9582321643829346
Combined,bioaware,14.426269831509,0.7118111848831177
Combined,bioaware,3.17417889003976,0.03185825049877167
Combined,bioaware,1.61387631975867,0.0001960932568181306
Combined,bioaware,10.774425349552,0.9972513318061829
Combined,bioaware,3.68881532277134,0.8498619198799133
Combined,bioaware,4.56328326796135,0.9988939166069031
Combined,bioaware,1.52426795026073,0.2859560549259186
Combined,bioaware,4.68187274909964,0.9907728433609009
Combined,bioaware,6.19131152615829,0.9923209547996521
Combined,bioaware,6.57037666383461,0.998314380645752
Combined,bioaware,2.13304762832376,0.9935169219970703
Combined,bioaware,6.64806619203387,0.783315122127533
Combined,bioaware,6.55755356950576,0.9855961799621582
Combined,bioaware,1.14688552188552,0.019803913310170174
Combined,bioaware,2.35929993136582,0.9526858925819397
Combined,bioaware,1.18377088305489,0.08845743536949158
Combined,bioaware,2.55209800056322,0.7326623797416687
Combined,bioaware,14.8443626197538,0.02887631393969059
Combined,bioaware,6.42464089187451,0.8818565011024475
Combined,bioaware,1.90232506396707,0.09155824035406113
Combined,bioaware,4.23345348569676,0.6699864268302917
Combined,bioaware,3.58372053002925,0.9965915679931641
Combined,bioaware,3.11059311059311,0.00021329348965082318
Combined,bioaware,1.84056498814879,0.0012213133741170168
Combined,bioaware,3.33284212594557,0.0003437422856222838
Combined,bioaware,2.50273273820368,0.7645432949066162
Combined,bioaware,10.8053384424463,0.08378665894269943
Combined,bioaware,1.39583651892789,0.35858264565467834
Combined,bioaware,6.09705786559548,0.9976305961608887
Combined,bioaware,12.942268998607,0.9233300685882568
Combined,bioaware,1.82973947600824,0.9992840886116028
Combined,bioaware,2.47000363592292,0.968004047870636
Combined,bioaware,11.9387386457473,0.9981426000595093
Combined,bioaware,3.07207441518902,0.9999871253967285
Combined,bioaware,5.30327933004618,0.9129294157028198
Combined,bioaware,7.14309259320302,0.9999479055404663
Combined,bioaware,5.80137420203694,0.9992985725402832
Combined,bioaware,12.6274921301154,0.9993023872375488
Combined,bioaware,5.36651616929119,0.757856547832489
Combined,bioaware,3.77002744091352,0.5454667806625366
Combined,bioaware,7.37412114066116,0.9942679405212402
Combined,bioaware,3.29448657981202,0.8958204984664917
Combined,bioaware,5.76340757687908,0.9998371601104736
Combined,bioaware,7.04005927671014,0.9692006707191467
Combined,bioaware,6.93581887509946,0.7316873073577881
Combined,bioaware,3.99682890329937,0.6041089296340942
Combined,bioaware,5.67218910705937,0.17691227793693542
Combined,bioaware,3.6034858687503,0.9999912977218628
Combined,bioaware,1.12342565808008,0.9999598264694214
Combined,bioaware,3.09696037304947,0.9877957105636597
Combined,bioaware,3.23716104062925,0.9999912977218628
Combined,bioaware,5.18335654654179,0.9999850988388062
Combined,bioaware,1.84247963098677,0.2153841108083725
Combined,bioaware,1.90661104260139,0.3072911500930786
Combined,bioaware,1.31167326780747,0.03457053005695343
Combined,bioaware,1.03485083730731,0.9276354312896729
Combined,bioaware,2.56784091207608,0.0008546842727810144
Combined,bioaware,12.7979128933758,0.98867267370224
Combined,bioaware,4.91696044948772,0.9996259212493896
Combined,bioaware,3.1873148073997,0.9906841516494751
Combined,bioaware,3.54019661057837,0.9984517097473145
Combined,bioaware,1.55387830584415,0.0623546727001667
Combined,bioaware,4.42235642310916,0.012909294106066227
Combined,bioaware,3.11937264013941,0.9633072018623352
Combined,bioaware,5.56631119573007,0.9940062761306763
Combined,bioaware,1.35908041876178,0.9989387392997742
Combined,bioaware,7.24164957008829,0.9999500513076782
Combined,bioaware,9.5929364594145,0.9738374948501587
Combined,bioaware,1.69890138806657,0.0677240863442421
Combined,bioaware,5.15369179122672,0.9925386309623718
Combined,bioaware,1.16315562355341,0.03931930661201477
Combined,bioaware,9.20067527891955,0.9984042048454285
Combined,bioaware,4.70767033490195,0.9978175163269043
Combined,bioaware,14.902610285872,0.9987053871154785
Combined,bioaware,7.24558821710795,0.8817352652549744
Combined,bioaware,10.0153791851553,0.5249402523040771
Combined,bioaware,1.08771959502322,0.9759520888328552
Combined,bioaware,5.16475854983121,0.8065140247344971
Combined,bioaware,1.42107512584291,0.0004107338027097285
Combined,bioaware,1.54864001035958,0.0003507796791382134
Combined,bioaware,1.63852159604141,0.0003178813203703612
Combined,bioaware,1.48481727787378,0.00028104198281653225
Combined,bioaware,1.27282597396597,0.00034272921038791537
Combined,bioaware,1.27229665564467,0.0005307075334712863
Combined,bioaware,1.60572966582688,0.000661098922137171
Combined,bioaware,2.49793179520177,0.0008498143288306892
Combined,bioaware,2.58995306796454,0.0018768517766147852
Combined,bioaware,1.77375028685611,0.0031659414526075125
Combined,bioaware,2.25877354900636,0.002008729847148061
Combined,bioaware,9.74420576596947,0.18639473617076874
Combined,bioaware,3.36771370526645,0.9967483282089233
Combined,bioaware,2.57625801437731,0.1251380741596222
Combined,bioaware,11.0174475593021,0.9961723685264587
Combined,bioaware,6.66318069769179,0.9832093119621277
Combined,bioaware,7.61100944840722,0.5026940703392029
Combined,bioaware,3.62824194357081,0.012598318979144096
Combined,bioaware,12.8896159807129,0.0003985387447755784
Combined,bioaware,4.71553762693003,3.3142561733257025e-05
Combined,bioaware,3.60670979738891,0.0034413367975503206
Combined,bioaware,5.80733513073993,0.004220154136419296
Combined,bioaware,7.26740873000798,0.016847116872668266
Combined,bioaware,3.64372469635628,0.0036589372903108597
Combined,bioaware,6.25731450417414,0.9012656211853027
Combined,bioaware,13.2950053898671,0.019474977627396584
Combined,bioaware,2.06483584555028,0.0040734075009822845
Combined,bioaware,10.6125682832242,0.2409086525440216
Combined,bioaware,3.69766383495146,0.9648805856704712
Combined,bioaware,7.81466891765147,0.02510865591466427
Combined,bioaware,1.89054726368159,4.7245904966075614e-07
Combined,bioaware,2.91245931736627,0.7154056429862976
Combined,bioaware,6.27213172804533,0.9984021782875061
Combined,bioaware,13.8959015953161,0.002882065949961543
Combined,bioaware,12.9094619267533,8.794132736511528e-05
Combined,bioaware,5.87769328263625,0.11235305666923523
Combined,bioaware,12.7301092043682,0.0015763816190883517
Combined,bioaware,4.32254412597129,1.8346217984799296e-05
Combined,bioaware,14.5093457943925,0.9986074566841125
Combined,bioaware,2.71885490832626,1.2268982573004905e-05
Combined,bioaware,9.49875930521092,0.9984633922576904
Combined,bioaware,9.4261744966443,0.0006211722502484918
Combined,bioaware,4.08097686375321,3.2710187952034175e-05
Combined,bioaware,1.00168600614896,1.687297481112182e-05
Combined,bioaware,2.07939508506616,0.0011476671788841486
Combined,bioaware,1.2827090815803,0.6935030817985535
Combined,bioaware,5.07976543287723,0.0008329972624778748
Combined,bioaware,1.72359246276306,0.018340984359383583
Combined,bioaware,10.8929061899174,0.9746286273002625
Combined,bioaware,12.1107874648453,0.8924385905265808
Combined,bioaware,5.80079743164872,1.911954313982278e-05
Combined,bioaware,9.98943412376787,0.6879284381866455
Combined,bioaware,9.7221266463893,0.001120643108151853
Combined,bioaware,4.3948959032908,0.027142463251948357
Combined,bioaware,13.3630774253224,0.8846583366394043
Combined,bioaware,1.02560934169473,5.9797359426738694e-05
Combined,bioaware,1.63084436137823,0.07183587551116943
Combined,bioaware,3.2485249479895,0.9565076231956482
Combined,bioaware,1.13551915817009,0.005160411354154348
Combined,bioaware,1.94316028798787,0.00043611213914118707
Combined,bioaware,9.73619985192092,0.9998379945755005
Combined,bioaware,1.37738065792728,0.8622063994407654
Combined,bioaware,1.8638658998457,0.017474409192800522
Combined,bioaware,2.6304697677983,0.9686047434806824
Combined,bioaware,1.67237976524359,0.5562987327575684
Combined,bioaware,1.48945773421884,0.2868351936340332
Combined,bioaware,2.9325284782397,0.10420729219913483
Combined,bioaware,3.01355206847361,0.10892739146947861
Combined,bioaware,1.51654456240866,0.09197494387626648
Combined,bioaware,1.33298538622129,0.4633403718471527
Combined,bioaware,2.66306569971379,0.991096019744873
Combined,bioaware,4.22853422939583,0.0001000611373456195
Combined,bioaware,5.67428005918261,0.9229475855827332
Combined,bioaware,3.89918625678119,0.971684992313385
Combined,bioaware,1.70667203528647,0.006785110104829073
Combined,bioaware,10.3801652892562,0.9827725291252136
Combined,bioaware,1.0305232965534,0.004925054963678122
Combined,bioaware,3.99128308900955,0.9810845255851746
Combined,bioaware,12.5163154139329,0.011163784191012383
Combined,bioaware,1.37183756647945,0.05876762792468071
Combined,bioaware,7.00831652188233,0.017211075872182846
Combined,bioaware,4.23072192842209,0.001528282416984439
Combined,bioaware,4.24959216965742,0.11806820333003998
Combined,bioaware,8.30371268311726,0.001613560481928289
Combined,bioaware,1.50655837184335,7.997284228622448e-06
Combined,bioaware,1.15976220786956,0.06535553187131882
Combined,bioaware,13.2740367836028,0.24787184596061707
Combined,bioaware,3.11859914052773,0.7579234838485718
Combined,bioaware,10.1033444381084,0.9344277381896973
Combined,bioaware,1.24835742444152,0.007902351208031178
Combined,bioaware,4.66278868859068,0.824416995048523
Combined,bioaware,2.31866274627833,0.6595476269721985
Combined,bioaware,1.36346728576376,0.1442187875509262
Combined,bioaware,14.3240049887316,0.04607561230659485
Combined,bioaware,5.3125957186128,0.0968126431107521
Combined,bioaware,14.1164124967207,0.35480353236198425
Combined,bioaware,11.5662760893446,0.015384217724204063
Combined,bioaware,3.2771234369325,0.8256620764732361
Combined,bioaware,11.4933087587146,0.17825977504253387
Combined,bioaware,1.22989107559005,0.00012160900951130316
Combined,bioaware,1.00044811738591,1.68728620337788e-05
Combined,bioaware,1.60229987105502,1.556837378302589e-05
Combined,bioaware,1.89890345012035,3.4174288998656266e-07
Combined,bioaware,6.1616917750538,9.146589832198515e-07
Combined,bioaware,4.75617624864664,0.054045550525188446
Combined,bioaware,10.2112278323732,0.6179993152618408
Combined,bioaware,3.41762467535082,0.03785385563969612
Combined,bioaware,7.01412251839255,0.9999474287033081
Combined,bioaware,10.1317927423723,0.0006646731053479016
Combined,bioaware,3.94046670250032,4.9536458391230553e-05
Combined,bioaware,3.08761961722488,0.9998323917388916
Combined,bioaware,1.75069804970751,0.4764823019504547
Combined,bioaware,1.21352236746517,0.0009182929061353207
Combined,bioaware,3.61006557299434,0.9843889474868774
Combined,bioaware,6.07634937000388,0.9997747540473938
Combined,bioaware,1.87509590302286,0.9982094764709473
Combined,bioaware,1.18181524979382,0.03945871815085411
Combined,bioaware,7.11493244756289,0.9062370657920837
Combined,bioaware,1.4012986592046,0.9607003927230835
Combined,bioaware,2.64494012581617,0.6663603186607361
Combined,bioaware,2.64155791016229,0.28490254282951355
Combined,bioaware,1.37004131334995,0.39051714539527893
Combined,bioaware,1.32584749269347,0.8419625759124756
Combined,bioaware,3.02146207667648,0.9509141445159912
Combined,bioaware,1.2457289939005,0.9896079897880554
Combined,bioaware,4.80299473383669,0.9984728693962097
Combined,bioaware,9.79833656146747,0.657246470451355
Combined,bioaware,1.77705977382876,0.9996349811553955
Combined,bioaware,3.69752107503547,0.999940037727356
Combined,bioaware,1.81460759110842,0.9999839067459106
Combined,bioaware,8.66253453812262,0.999962568283081
Combined,bioaware,12.037976518336,0.9999908208847046
Combined,bioaware,8.09745610892153,0.9927910566329956
Combined,bioaware,1.93145999597613,0.13972383737564087
Combined,bioaware,3.10906871544482,0.9999991655349731
Combined,bioaware,7.46485700436258,0.9988645315170288
Combined,bioaware,1.19536128456735,0.9975894689559937
Combined,bioaware,1.40245429501628,0.9977099895477295
Combined,bioaware,1.56188059938159,0.998433530330658
Combined,bioaware,14.8340004709207,0.99998939037323
Combined,bioaware,9.80371829428433,0.9999973773956299
Combined,bioaware,3.53265552300534,0.9998564720153809
Combined,bioaware,3.60915164408614,0.962439775466919
Combined,bioaware,2.70107364852138,0.0006427774205803871
Combined,bioaware,3.97899032648126,0.9974620342254639
Combined,bioaware,5.55663342516782,0.9998416900634766
Combined,bioaware,6.43356643356643,0.9999788999557495
Combined,bioaware,6.07715186220979,0.9828912019729614
Combined,bioaware,7.2732541292379,0.9983129501342773
Combined,bioaware,6.84757505773672,0.7857978940010071
Combined,bioaware,3.79568884723524,0.5285723805427551
Combined,bioaware,8.68625616875786,0.997816801071167
Combined,bioaware,4.94550754023571,0.9697506427764893
Combined,bioaware,1.71267720274028,0.9999374151229858
Combined,bioaware,11.9452687108473,0.9972400665283203
Combined,bioaware,7.83378069390596,0.964473307132721
Combined,bioaware,1.44626146138576,0.6549732685089111
Combined,bioaware,5.52784829027923,0.9849593043327332
Combined,bioaware,8.49524663102974,0.7740957736968994
Combined,bioaware,11.0595463755801,0.7279818654060364
Combined,bioaware,7.96488225412824,0.9988911747932434
Combined,bioaware,1.94499857509262,0.23194243013858795
Combined,bioaware,3.14400753876467,0.9935160875320435
Combined,bioaware,3.87077340161157,0.1162755936384201
Combined,bioaware,4.44920539422132,0.010642093606293201
Combined,bioaware,3.33011779731254,5.041669646743685e-05
Combined,bioaware,6.81954110482819,0.00016199142555706203
Combined,bioaware,6.34347111479374,0.007570421323180199
Combined,bioaware,1.80271542525013,0.4238013029098511
Combined,bioaware,5.73348918760959,0.9940892457962036
Combined,bioaware,1.4504196274527,0.03281731158494949
Combined,bioaware,3.27026081339327,0.10123803466558456
Combined,bioaware,5.30009558786537,0.1794167459011078
Combined,bioaware,1.17543528820165,1.0750659384939354e-05
Combined,bioaware,5.74078787364611,7.201567768788664e-06
Combined,bioaware,3.62284635355204,0.003245713422074914
Combined,bioaware,1.69503446335631,0.000916804070584476
Combined,bioaware,6.00009577168031,0.00318172131665051
Combined,bioaware,12.7090301003344,0.4742373526096344
Combined,bioaware,9.05340567687548,0.04107673466205597
Combined,bioaware,1.90581877834604,0.002126220380887389
Combined,bioaware,14.3681562592483,0.03620709106326103
Combined,bioaware,11.8920653730312,0.5266298651695251
Combined,bioaware,6.74961684278455,0.9648874402046204
Combined,bioaware,1.21326089984678,0.30130720138549805
Combined,bioaware,8.030947365632,0.70041424036026
Combined,bioaware,7.23664202885137,0.9104440808296204
Combined,bioaware,3.50499931516231,0.03299861401319504
Combined,bioaware,3.33894461525619,0.014882904477417469
Combined,bioaware,1.94148455842514,0.03609197214245796
Combined,bioaware,1.55767593733721,0.0317455530166626
Combined,bioaware,3.76422526991538,0.3410439193248749
Combined,bioaware,2.04883069048167,0.0023450616281479597
Combined,bioaware,2.67391600510261,0.6609556674957275
Combined,bioaware,2.033352306444,0.04757298156619072
Combined,bioaware,5.38416834152602,0.0011710826074704528
Combined,bioaware,10.6164550187321,0.0120314322412014
Combined,bioaware,7.17410991936628,0.9562487602233887
Combined,bioaware,6.74091441969519,0.29000863432884216
Combined,bioaware,10.9229857039331,0.3143426477909088
Combined,bioaware,8.22812488116515,0.8209014534950256
Combined,bioaware,10.2669210571056,0.687507152557373
Combined,bioaware,4.57894289999717,0.6144713759422302
Combined,bioaware,6.55656337589536,0.5706023573875427
Combined,bioaware,9.29681801388744,0.16777676343917847
Combined,bioaware,6.65997199292453,0.026790602132678032
Combined,bioaware,10.7346318449245,0.9960005879402161
Combined,bioaware,6.88166864256076,0.04741890728473663
Combined,bioaware,10.7985760495644,0.8665391802787781
Combined,bioaware,2.49180970743703,0.0006939895683899522
Combined,bioaware,1.11275590021364,0.0029696356505155563
Combined,bioaware,5.98270081695032,0.059355344623327255
Combined,bioaware,5.0149351255484,0.0006080435123294592
Combined,bioaware,3.11438993766763,0.00011738786997739226
Combined,bioaware,10.4656422938311,2.9668301067431457e-05
Combined,bioaware,4.10180766039529,2.6069960767927114e-06
Combined,bioaware,13.8735292517993,6.653399032074958e-05
Combined,bioaware,1.89593526533685,0.9999997615814209
Combined,bioaware,3.65969581749049,0.040503326803445816
Combined,bioaware,1.58198614318707,0.3488493859767914
Combined,bioaware,8.33912439193885,0.9711018800735474
Combined,bioaware,12.0197044334975,0.9999985694885254
Combined,bioaware,4.38752219122496,0.9999901056289673
Combined,bioaware,2.42604282708256,0.2447182834148407
Combined,bioaware,5.55630478759272,0.9999405145645142
Combined,bioaware,2.97610730753109,0.9963812232017517
Combined,bioaware,7.99943566591422,0.9999107122421265
Combined,bioaware,3.26883611844034,0.007028821390122175
Combined,bioaware,3.548692943248,0.9932658672332764
Combined,bioaware,1.28876359242851,0.020491885021328926
Combined,bioaware,3.37123745819398,0.9916170239448547
Combined,bioaware,3.16210807204803,0.997710108757019
Combined,bioaware,1.04477611940299,0.9998323917388916
Combined,bioaware,4.92737885163567,0.9999833106994629
Combined,bioaware,7.09424083769634,0.9999860525131226
Combined,bioaware,2.63714567761952,0.9996235370635986
Combined,bioaware,4.22790782072219,0.9969417452812195
Combined,bioaware,1.64697457930541,0.6314622163772583
Combined,bioaware,5.69842738205365,0.997901201248169
Combined,bioaware,3.15664085765337,0.9998039603233337
Combined,bioaware,1.33785566233277,0.7217233777046204
Combined,bioaware,3.14757481940144,0.9998929500579834
Combined,bioaware,3.63402476282361,0.9289075136184692
Combined,bioaware,11.237897648686,0.9999585151672363
Combined,bioaware,2.9806259314456,0.15228411555290222
Combined,bioaware,13.177732676138,0.99898761510849
Combined,bioaware,1.3238706155316,0.7107977867126465
Combined,bioaware,6.45382296519594,0.991019070148468
Combined,bioaware,13.6905577634644,0.9995717406272888
Combined,bioaware,1.36798905608755,0.9999215602874756
Combined,bioaware,2.6890756302521,0.1907806098461151
Combined,bioaware,10.9060955518946,0.010218401439487934
Combined,bioaware,7.53865979381443,0.022209765389561653
Combined,bioaware,3.84615384615385,0.39433491230010986
Combined,bioaware,6.55498907501821,0.13955199718475342
Combined,bioaware,3.52941176470588,0.0069510359317064285
Combined,bioaware,8.45679012345679,0.1030540019273758
Combined,bioaware,14.1190914671578,0.4172948896884918
Combined,bioaware,2.70645385149202,0.2827073931694031
Combined,bioaware,13.5248773651016,0.637982189655304
Combined,bioaware,14.6932952924394,0.9851866364479065
Combined,bioaware,14.4832605531296,0.01972724124789238
Combined,bioaware,8.94568690095847,0.957403838634491
Combined,bioaware,8.82956878850103,0.34149953722953796
Combined,bioaware,7.25446428571429,0.8372759222984314
Combined,bioaware,5.99900842835895,0.10732606798410416
Combined,bioaware,4.78749389350269,0.02389542944729328
Combined,bioaware,1.32325141776938,0.0010646948358044028
Combined,bioaware,8.65003497318722,0.1340242624282837
Combined,bioaware,1.16618075801749,0.3426145017147064
Combined,bioaware,11.1805256355019,0.019503269344568253
Combined,bioaware,4.36260623229462,0.9798862338066101
Combined,bioaware,8.76796383013079,0.021631240844726562
Combined,bioaware,5.84865440980549,0.014099951833486557
Combined,bioaware,14.0320427236315,0.011077424511313438
Combined,bioaware,11.8175200194128,0.9498994946479797
Combined,bioaware,2.66967252017086,0.0012768169399350882
Combined,bioaware,4.20827389443652,0.2877628803253174
Combined,bioaware,1.28935532233883,0.010723931714892387
Combined,bioaware,9.74619289340102,0.985133171081543
Combined,bioaware,9.91501416430595,0.5456111431121826
Combined,bioaware,11.2722048066876,0.6638754606246948
Combined,bioaware,11.0132794457275,0.0036698859184980392
Combined,bioaware,5.32886723507917,0.08306968212127686
Combined,bioaware,2.96459427409792,0.9616627097129822
Combined,bioaware,4.38439969411165,0.2625504732131958
Combined,bioaware,5.60344827586207,0.2882181704044342
Combined,bioaware,12.2004357298475,0.41892361640930176
Combined,bioaware,8.96136795440152,0.7967793941497803
Combined,bioaware,1.06896551724138,0.09909629076719284
Combined,bioaware,1.6257225433526,0.0006260253139771521
Combined,bioaware,1.65394402035623,0.01041428279131651
Combined,bioaware,2.38980350504514,0.0800788626074791
Combined,bioaware,11.7051209904333,0.0009234739700332284
Combined,bioaware,2.85547785547786,0.03994651883840561
Combined,bioaware,3.05084745762712,0.0023554919753223658
Combined,bioaware,1.11982082866741,0.22194330394268036
Combined,bioaware,2.39940937615356,0.0008962990250438452
Combined,bioaware,2.13936430317848,0.0015876716934144497
Combined,bioaware,9.00330396475771,0.0027486830949783325
Combined,bioaware,3.94399526720568,0.9997590184211731
Combined,bioaware,1.21899059024808,0.7413642406463623
Combined,bioaware,3.56391252630616,0.9991951584815979
Combined,bioaware,3.04904799508643,0.5956931114196777
Combined,bioaware,9.2776743773819,0.9999998807907104
Combined,bioaware,2.07593269680639,0.9951584935188293
Combined,bioaware,11.4122446283176,0.9504936933517456
Combined,bioaware,3.70287646974362,0.8502796292304993
Combined,bioaware,1.97131764519452,0.6167014241218567
Combined,bioaware,11.7538141364061,0.9999594688415527
Combined,bioaware,1.5554363650295,0.009795949794352055
Combined,bioaware,1.08257952705273,2.175510189772467e-06
Combined,bioaware,1.64360507866105,0.003804196370765567
Combined,bioaware,1.6595343439472,0.9879555702209473
Combined,bioaware,1.1816844245108,0.7938953042030334
Combined,bioaware,5.39810984264865,0.9987427592277527
Combined,bioaware,9.65105564680902,0.9997492432594299
Combined,bioaware,1.7221217895474,0.5636348724365234
Combined,bioaware,1.48700436349839,0.8227556347846985
Combined,bioaware,1.96198223044564,0.959939181804657
Combined,bioaware,5.38151834598549,0.9988214373588562
Combined,bioaware,1.47560482039168,0.9999463558197021
Combined,bioaware,2.0125457396759,0.9417728185653687
Combined,bioaware,1.15393491807062,0.4627956449985504
Combined,bioaware,13.2103574702108,0.8279217481613159
Combined,bioaware,1.37609042879961,0.011253354139626026
Combined,bioaware,1.02040816326531,0.999337375164032
Combined,bioaware,1.08303249097473,0.10304705053567886
Combined,bioaware,5.16521531671239,0.8840013742446899
Combined,bioaware,2.76050733648346,0.002465765457600355
Combined,bioaware,6.40445076982792,0.07610160857439041
Combined,bioaware,9.50300382304751,0.00021859568369109184
Combined,bioaware,3.09016509101171,4.90933598484844e-05
Combined,bioaware,5.84387885681786,0.0001098629436455667
Combined,bioaware,1.79845846417357,0.08807364106178284
Combined,bioaware,1.31189948263119,6.354224751703441e-05
Combined,bioaware,4.14959016393443,0.059687886387109756
Combined,bioaware,1.1643379906853,7.92719583841972e-05
Combined,bioaware,1.20522263140275,0.0003218658675905317
Combined,bioaware,3.82978723404255,0.001856341608799994
Combined,bioaware,10.5949895615866,0.014027129858732224
Combined,bioaware,5.41673947230474,0.9634585380554199
Combined,bioaware,6.16413593637021,0.937449038028717
Combined,bioaware,14.5404411764706,0.7394353151321411
Combined,bioaware,1.76991150442478,0.00995489489287138
Combined,bioaware,4.38879913839526,0.06349407136440277
Combined,bioaware,7.63309813983323,0.9999185800552368
Combined,bioaware,7.58831225468818,0.013693276792764664
Combined,bioaware,6.50406504065041,0.43457120656967163
Combined,bioaware,3.16742081447964,0.08683141320943832
Combined,bioaware,3.69718309859155,0.0023472937755286694
Combined,bioaware,12.8380301736408,0.027419673278927803
Combined,bioaware,2.3987619293268,0.0042425175197422504
Combined,bioaware,1.78195594219167,0.0018451842479407787
Combined,bioaware,6.7579127459367,0.03207214176654816
Combined,bioaware,2.88865546218487,0.25322607159614563
Combined,bioaware,1.29927817878956,0.07647531479597092
Combined,bioaware,2.97681376215408,0.9606384634971619
Combined,bioaware,5.5324459234609,0.9781619310379028
Combined,bioaware,1.71698383173558,0.25962188839912415
Combined,bioaware,2.61931746631407,0.02726047672331333
Combined,bioaware,8.13795189835123,0.859492838382721
Combined,bioaware,4.14697362402805,0.007601281628012657
Combined,bioaware,1.35440180586907,0.00012744890409521759
Combined,bioaware,2.8974002778329,0.023983612656593323
Combined,bioaware,12.7450980392157,0.010138816200196743
Combined,bioaware,4.17857928304377,0.5261743068695068
Combined,bioaware,6.53555820421136,0.996903121471405
Combined,bioaware,1.77057826332643,0.013917867094278336
Combined,bioaware,7.45247148288973,0.5081732273101807
Combined,bioaware,1.57194679564692,0.990344226360321
Combined,bioaware,13.6128364389234,0.26089394092559814
Combined,bioaware,6.67222685571309,0.0022919997572898865
Combined,bioaware,2.50920040147206,0.00011215909762540832
Combined,bioaware,1.53469387755102,2.3897058781585656e-05
Combined,bioaware,6.66998506719761,0.9794466495513916
Combined,bioaware,1.37940094587493,0.854835033416748
Combined,bioaware,1.84657471788442,0.216842919588089
Combined,bioaware,2.25994809688581,0.21774150431156158
Combined,bioaware,2.59146341463415,0.5167552828788757
Combined,bioaware,1.5015015015015,0.004596677143126726
Combined,bioaware,2.48734944052455,0.007951587438583374
Combined,bioaware,5.11817065684469,0.9944540858268738
Combined,bioaware,6.96462083825676,0.13411292433738708
Combined,bioaware,1.60729195658224,0.1061524823307991
Combined,bioaware,7.33823015040224,0.8410406112670898
Combined,bioaware,1.6170449024915,0.9990341663360596
Combined,bioaware,6.39200998751561,0.9423750638961792
Combined,bioaware,1.13680909447276,0.15646758675575256
Combined,bioaware,5.46125939362529,0.713850200176239
Combined,bioaware,6.90100212572123,0.4819447100162506
Combined,bioaware,6.68318947098539,0.04069412872195244
Combined,bioaware,11.3131164433976,0.007040695752948523
Combined,bioaware,7.21838145587637,0.9901309013366699
Combined,bioaware,9.36795353604373,0.0027427084278315306
Combined,bioaware,5.38288134435412,0.00034483199124224484
Combined,bioaware,2.49680328420486,0.0042774369940161705
Combined,bioaware,5.05172645438667,0.1938808709383011
Combined,bioaware,2.79984865682936,0.9386655688285828
Combined,bioaware,1.0611998794091,0.9850834608078003
Combined,bioaware,3.60244694509478,0.999847412109375
Combined,bioaware,2.65262491091931,0.006226215045899153
Combined,bioaware,2.65284342125324,0.675726592540741
Combined,bioaware,3.59755572768741,0.926044225692749
Combined,bioaware,6.97974217311234,0.8834570050239563
Combined,bioaware,12.7860875833484,0.0002699600299820304
Combined,bioaware,9.35071662925229,0.9685265421867371
Combined,bioaware,1.15054429595539,0.0006333158235065639
Combined,bioaware,6.09276437847866,0.6226903796195984
Combined,bioaware,3.71600451184359,0.3334179222583771
Combined,bioaware,1.43002486999774,0.00796631257981062
Combined,bioaware,3.11446951904422,0.0007488392293453217
Combined,bioaware,1.35329532740157,0.16248512268066406
Combined,bioaware,3.74743560519717,0.0217741709202528
Combined,bioaware,6.49821215733016,0.5464452505111694
Combined,bioaware,2.59776930679091,6.922084139660001e-05
Combined,bioaware,1.0226940683744,0.3111656904220581
Combined,bioaware,12.7718765806778,0.0003848640189971775
Combined,bioaware,1.88159397889927,0.7483201026916504
Combined,bioaware,10.9565294692862,0.8794122338294983
Combined,bioaware,5.04340461571035,0.05668393149971962
Combined,bioaware,4.08397790055249,0.20862314105033875
Combined,bioaware,2.23883629271464,0.029048290103673935
Combined,bioaware,2.61508704061896,0.9905837774276733
Combined,bioaware,5.06855184233076,0.9950280785560608
Combined,bioaware,1.90867713992072,0.0017060439568012953
Combined,bioaware,7.48877061865398,0.25136202573776245
Combined,bioaware,12.8202375840847,0.5124119520187378
Combined,bioaware,7.91924336122226,0.9983457326889038
Combined,bioaware,4.1796631316282,0.9783260822296143
Combined,bioaware,3.19934372436423,0.9911092519760132
Combined,bioaware,11.1345127773097,0.6524909734725952
Combined,bioaware,1.80313792834283,0.9714412689208984
Combined,bioaware,3.10604862099879,0.00013826528447680175
Combined,bioaware,3.3103374512006,0.16217680275440216
Combined,bioaware,10.8063450099141,0.9992283582687378
Combined,bioaware,1.03798334664081,0.005195932928472757
Combined,bioaware,1.71639289306068,0.032691147178411484
Combined,bioaware,1.84538653366584,0.990688681602478
Combined,bioaware,3.60514383408905,0.9912503957748413
Combined,bioaware,1.07805676855895,0.12510067224502563
Combined,bioaware,13.0894209626191,0.1210968866944313
Combined,bioaware,5.86825647320124,0.18543507158756256
Combined,bioaware,1.10656562269466,0.004679014440625906
Combined,bioaware,1.59662090813094,0.6014466285705566
Combined,bioaware,10.9774238711936,0.9967201352119446
Combined,bioaware,2.18718209562564,0.3612626791000366
Combined,bioaware,1.14530371956115,0.005717581603676081
Combined,bioaware,2.52057941420458,0.0706913024187088
Combined,bioaware,1.8431093578219,3.144716174574569e-05
Combined,bioaware,1.70287727539636,0.9994028806686401
Combined,bioaware,1.8988508572482,0.0003330986655782908
Combined,bioaware,9.60794812302933,0.9998661279678345
Combined,bioaware,2.49168430601754,0.9904237389564514
Combined,bioaware,5.44641732779247,0.062366049736738205
Combined,bioaware,1.65376934598103,0.11592457443475723
Combined,bioaware,4.69135802469136,0.39798659086227417
Combined,bioaware,7.33579914817306,0.9567332863807678
Combined,bioaware,5.72397710409158,0.9996567964553833
Combined,bioaware,8.7554308969917,0.8503614068031311
Combined,bioaware,2.09595466093414,0.868200957775116
Combined,bioaware,10.3180178914337,0.7162967324256897
Combined,bioaware,6.05833956619297,0.5229979753494263
Combined,bioaware,10.8568314943468,0.5608378648757935
Combined,bioaware,11.7772727272727,0.2187090367078781
Combined,bioaware,9.9240577536096,0.010452200658619404
Combined,bioaware,10.3601840070471,0.782629668712616
Combined,bioaware,3.59473842755297,0.9962366223335266
Combined,bioaware,2.74567951733306,0.9999067783355713
Combined,bioaware,1.88363331938049,0.0045219166204333305
Combined,bioaware,6.86756867568676,0.999855637550354
Combined,bioaware,8.88493747849031,0.34717023372650146
Combined,bioaware,8.42748657158733,0.0026390310376882553
Combined,bioaware,3.54379835288246,0.0062383441254496574
Combined,bioaware,1.55433813224615,0.999663233757019
Combined,bioaware,2.22799851466766,0.6453781723976135
Combined,bioaware,2.04166173511658,0.3550068438053131
Combined,bioaware,6.16192978266062,0.006707756780087948
Combined,bioaware,2.12906717988813,0.42471039295196533
Combined,bioaware,10.5318519492473,0.009331226348876953
Combined,bioaware,1.08882182377655,0.009541722945868969
Combined,bioaware,1.14669106434889,0.0006476633134298027
Combined,bioaware,3.0658838878017,0.009347708895802498
Combined,bioaware,3.59800046500814,0.9983081817626953
Combined,bioaware,1.40184242146822,0.27611783146858215
Combined,bioaware,4.02853067047076,0.6755211353302002
Combined,bioaware,1.82363227579316,0.8244794607162476
Combined,bioaware,5.14915212278747,0.9940955638885498
Combined,bioaware,8.02570734383572,0.9996610879898071
Combined,bioaware,1.64305474054824,0.04869759827852249
Combined,bioaware,3.68633336459994,0.041001904755830765
Combined,bioaware,1.0108613829444,0.99750155210495
Combined,bioaware,11.1375168604278,0.999903678894043
Combined,bioaware,2.13838664812239,0.9818084836006165
Combined,bioaware,1.34739308728764,0.9976304769515991
Combined,bioaware,4.03493449781659,0.4126898944377899
Combined,bioaware,2.25462565862027,0.9999514818191528
Combined,bioaware,5.07995537374489,0.9999897480010986
Combined,bioaware,4.1254505022621,0.979931652545929
Combined,bioaware,4.07316453552375,0.9235575795173645
Combined,bioaware,1.31604134762634,0.0006053566467016935
Combined,bioaware,6.89465732729021,0.40359848737716675
Combined,bioaware,13.3348666053358,0.9815582633018494
Combined,bioaware,1.71219120305282,0.004950531292706728
Combined,bioaware,13.3630835621812,0.9996034502983093
Combined,bioaware,1.87160681969711,0.2193707674741745
Combined,bioaware,2.48462484624846,0.9533817768096924
Combined,bioaware,2.27468338866347,0.03392705321311951
Combined,bioaware,7.35735735735736,0.951845109462738
Combined,bioaware,3.31056835281861,0.05704951286315918
Combined,bioaware,5.20237121831562,0.000935753108933568
Combined,bioaware,2.74321843769121,0.02920978143811226
Combined,bioaware,5.71153021860266,0.1875363290309906
Combined,bioaware,13.3994217265593,0.9266806840896606
Combined,bioaware,1.52850347032676,0.3043772280216217
Combined,bioaware,7.01095779220779,0.0022882320918142796
Combined,bioaware,5.00821811853427,0.7881514430046082
Combined,bioaware,12.7055003044449,0.8645514845848083
Combined,bioaware,6.92555033391046,0.24954669177532196
Combined,bioaware,2.14840053000189,0.016216900199651718
Combined,bioaware,1.67191325638335,0.09823664277791977
Combined,bioaware,11.5455577632699,0.04278191179037094
Combined,bioaware,1.97732376622665,0.006405708845704794
Combined,bioaware,14.3164809131535,0.2115935981273651
Combined,bioaware,6.17577197149644,0.7205507755279541
Combined,bioaware,14.3921773389662,0.9799854755401611
Combined,bioaware,2.50209380234506,0.027097925543785095
Combined,bioaware,12.1315088621545,0.9734228849411011
Combined,bioaware,1.91886536656586,0.2822797894477844
Combined,bioaware,2.16948339925686,0.0015007940819486976
Combined,bioaware,1.3941018766756,0.0005156171973794699
Combined,bioaware,5.5526007871503,0.041239093989133835
Combined,bioaware,3.54420354420354,0.024454841390252113
Combined,bioaware,1.66048056260988,0.8926504850387573
Combined,bioaware,1.12498593767578,0.016923129558563232
Combined,bioaware,5.64540281521414,0.777060329914093
Combined,bioaware,9.42517662170841,0.5026465654373169
Combined,bioaware,5.01724678582628,0.00767518812790513
Combined,bioaware,4.52432599938023,0.06920062750577927
Combined,bioaware,1.32962275819419,0.0031239620875567198
Combined,bioaware,5.09102128972539,0.0010021161288022995
Combined,bioaware,2.0107021242095,3.278302528997301e-06
Combined,bioaware,1.19067583431159,8.439958037342876e-05
Combined,bioaware,1.64462529671075,0.0015879839193075895
Combined,bioaware,6.03885135135135,0.9949889779090881
Combined,bioaware,1.20834859025998,0.46118324995040894
Combined,bioaware,12.1007910928802,0.9800822138786316
Combined,bioaware,2.95179443618603,0.4666312336921692
Combined,bioaware,3.61098803721755,0.001183622982352972
Combined,bioaware,2.21941537351137,0.6866940855979919
Combined,bioaware,5.08384064936452,0.08930056542158127
Combined,bioaware,1.62121537470475,0.00015907928172964603
Combined,bioaware,3.32007952286282,0.0005017648218199611
Combined,bioaware,6.46698434309054,0.010545223951339722
Combined,bioaware,1.75293448472,9.376360685564578e-05
Combined,bioaware,1.68926235543813,0.0002678321616258472
Combined,bioaware,1.22349102773246,0.9999825954437256
Combined,bioaware,1.84241473931791,0.9981968998908997
Combined,bioaware,1.1930123561994,0.9999634027481079
Combined,bioaware,4.40295878830574,0.9997274279594421
Combined,bioaware,1.0426249616682,0.999325156211853
Combined,bioaware,1.74346201743462,0.999584972858429
Combined,bioaware,3.14593649868919,0.9888917803764343
Combined,bioaware,1.14646030381198,0.9846991896629333
Combined,bioaware,2.80250576986482,0.014993387274444103
Combined,bioaware,1.35916714864083,0.8933947086334229
Combined,bioaware,4.5480386583286,0.9260421991348267
Combined,bioaware,1.25558035714286,0.9996781349182129
Combined,bioaware,4.94086727989488,0.0022093052975833416
Combined,bioaware,1.37604816168566,0.9986734390258789
Combined,bioaware,2.28070175438597,0.9711379408836365
Combined,bioaware,1.16832540025963,0.9982424974441528
Combined,bioaware,1.03157894736842,0.9998878240585327
Combined,bioaware,1.33194588969823,0.999923586845398
Combined,bioaware,10.4810996563574,0.9957744479179382
Combined,bioaware,2.99024918743229,0.999988317489624
Combined,bioaware,1.0766864425401,0.8513849973678589
Combined,bioaware,4.61128048780488,0.9999494552612305
Combined,bioaware,1.21605188488042,0.9987754225730896
Combined,bioaware,1.54567558179924,0.9999477863311768
Combined,bioaware,5.27246992215145,0.7885428071022034
Combined,bioaware,4.54758556024379,0.0002980499411933124
Combined,bioaware,3.31084879145587,0.9939397573471069
Combined,bioaware,4.90337106760898,0.9993762373924255
Combined,bioaware,4.54580775507032,0.999997615814209
Combined,bioaware,10.154668394202,0.8597517609596252
Combined,bioaware,4.63912675261127,0.001540828961879015
Combined,bioaware,1.09485775823387,0.0015319882659241557
Combined,bioaware,4.98162120332753,0.999988317489624
Combined,bioaware,14.1484151187506,0.8962644934654236
Combined,bioaware,6.25,0.9105644822120667
Combined,bioaware,3.33362730399506,0.20432311296463013
Combined,bioaware,4.3730720377427,0.9886288642883301
Combined,bioaware,1.45881876203019,0.06089959293603897
Combined,bioaware,3.52930664760543,0.9973288774490356
Combined,bioaware,2.30271048213001,0.002620811341330409
Combined,bioaware,2.97756845214337,0.21481141448020935
Combined,bioaware,2.22081218274112,0.0008823531679809093
Combined,bioaware,7.68430439952438,0.9996998310089111
Combined,bioaware,9.11266201395813,0.4175237715244293
Combined,bioaware,4.56479690522244,0.4918327033519745
Combined,bioaware,11.0091743119266,0.9999980926513672
Combined,bioaware,2.86662562565242,0.986295759677887
Combined,bioaware,2.41736856508651,0.05327237397432327
Combined,bioaware,1.48990276738968,0.0007047245162539184
Combined,bioaware,2.4439149134023,0.986158013343811
Combined,bioaware,3.9520645329774,0.2237425148487091
Combined,bioaware,5.77554277454907,0.864081859588623
Combined,bioaware,7.34210060741877,0.07918589562177658
Combined,bioaware,1.49027532205102,0.9714915752410889
Combined,bioaware,4.07089802033855,0.7019405961036682
Combined,bioaware,2.06175741787915,0.018715254962444305
Combined,bioaware,3.08462958080675,0.25687599182128906
Combined,bioaware,4.4219119505005,0.002916178433224559
Combined,bioaware,7.38855964957485,0.47960764169692993
Combined,bioaware,5.00585861215988,0.6043445467948914
Combined,bioaware,4.07390021459227,0.02683623507618904
Combined,bioaware,8.57744994731296,0.9615731239318848
Combined,bioaware,1.32318764525077,0.04512793943285942
Combined,bioaware,3.82223464467892,0.9260677695274353
Combined,bioaware,1.53950262222974,0.6070392727851868
Combined,bioaware,2.34890203276905,0.9999818801879883
Combined,bioaware,9.86208441329877,0.999961256980896
Combined,bioaware,1.0519704820223,0.0035177322570234537
Combined,bioaware,4.87152656667829,0.9991543292999268
Combined,bioaware,2.15114405414115,0.008351745083928108
Combined,bioaware,7.0695652173913,0.026604313403367996
Combined,bioaware,9.20726672171759,0.025747135281562805
Combined,bioaware,2.00605601816805,0.9509543776512146
Combined,bioaware,1.60771704180064,0.001132986624725163
Combined,bioaware,5.83369612538093,0.9833088517189026
Combined,bioaware,1.78096212896622,0.0010835996363312006
Combined,bioaware,3.94866732477789,0.7182669639587402
Combined,bioaware,1.00843795019551,0.9990399479866028
Combined,bioaware,2.82599919257166,0.03365960344672203
Combined,bioaware,7.94921875,0.927447497844696
Combined,bioaware,6.58819062084678,0.020577307790517807
Combined,bioaware,1.49829738933031,0.9959731698036194
Combined,bioaware,5.96321393998064,0.9857875108718872
Combined,bioaware,3.15505963832243,0.9400557279586792
Combined,bioaware,2.78471974294895,0.9986910223960876
Combined,bioaware,2.54957507082153,0.9921791553497314
Combined,bioaware,5.18287079580959,0.9875779747962952
Combined,bioaware,1.27265715387582,0.019878387451171875
Combined,bioaware,1.07353730542136,0.7973070740699768
Combined,bioaware,8.99635985439418,0.010058486834168434
Combined,bioaware,3.69263231932478,0.14227914810180664
Combined,bioaware,4.12926391382406,0.9723684191703796
Combined,bioaware,1.65134756192553,0.025403568521142006
Combined,bioaware,6.66773265110329,0.12613718211650848
Combined,bioaware,1.39584824624195,0.4520813524723053
Combined,bioaware,2.4866785079929,0.9348251819610596
Combined,bioaware,11.7613528405852,0.9882034659385681
Combined,bioaware,1.1426939008713,0.9466323256492615
Combined,bioaware,6.05108055009823,0.03837769106030464
Combined,bioaware,11.9499823050608,0.004039168823510408
Combined,bioaware,6.19237478195864,0.02284461259841919
Combined,bioaware,3.11048012390294,0.002325340872630477
Combined,bioaware,11.2349117920149,0.9999039173126221
Combined,bioaware,9.66264056643065,0.999670147895813
Combined,bioaware,2.82685512367491,0.7129676342010498
Combined,bioaware,1.8186866583368,0.005109463818371296
Combined,bioaware,1.41176470588235,0.002588167553767562
Combined,bioaware,2.98356875180167,0.16001689434051514
Combined,bioaware,2.89811771735883,0.06628265231847763
Combined,bioaware,10.3650292924741,0.8576429486274719
Combined,bioaware,4.90534979423868,0.000145751066156663
Combined,bioaware,9.26756352765321,0.033659886568784714
Combined,bioaware,3.86409060626249,0.00028400274459272623
Combined,bioaware,2.74672628553178,0.0006443850579671562
Combined,bioaware,1.62443144899285,0.00016525409591849893
Combined,bioaware,1.38571894359309,9.235399920726195e-05
Combined,bioaware,2.37978007549647,8.944899309426546e-05
Combined,bioaware,1.68819982773471,0.005729936994612217
Combined,bioaware,1.6123439667129,0.6013387441635132
Combined,bioaware,1.20204603580563,0.9974013566970825
Combined,bioaware,10.832811521603,0.9988200068473816
Combined,bioaware,3.21118991331757,0.005194799043238163
Combined,bioaware,1.98994974874372,0.0673423483967781
Combined,bioaware,12.4456048738033,0.9876922965049744
Combined,bioaware,1.946227929374,0.7917340993881226
Combined,bioaware,7.92460912400942,0.0030232539866119623
Combined,bioaware,5.74756540003819,0.9503675103187561
Combined,bioaware,3.52519418442541,0.906603991985321
Combined,bioaware,1.05374077976818,0.05947363004088402
Combined,bioaware,1.55417406749556,0.4525628387928009
Combined,bioaware,1.85898889140784,0.13181637227535248
Combined,bioaware,1.83229144212115,0.010810189880430698
Combined,bioaware,2.14146658014276,0.0011552221840247512
Combined,bioaware,1.11218568665377,0.07626769691705704
Combined,bioaware,5.22684808125329,0.024062659591436386
Combined,bioaware,1.9387359441644,0.06155731901526451
Combined,bioaware,13.8418079096045,0.9996008276939392
Combined,bioaware,4.01542060123018,0.9740533828735352
Combined,bioaware,13.5740756700853,0.9591673612594604
Combined,bioaware,4.74488947980721,0.6156135201454163
Combined,bioaware,1.0631173614599,0.46150460839271545
Combined,bioaware,2.9627841203049,0.317280113697052
Combined,bioaware,7.11430575035063,0.941893994808197
Combined,bioaware,6.89618342352606,0.9931703805923462
Combined,bioaware,7.72929129812456,0.9998428821563721
Combined,bioaware,4.29696825017904,0.11688728630542755
Combined,bioaware,14.287223552613,0.9338902831077576
Combined,bioaware,7.60297984224365,0.8112730383872986
Combined,bioaware,2.15492798003856,0.9792332053184509
Combined,bioaware,2.32611087921679,0.002012694953009486
Combined,bioaware,1.20328167730173,0.0010656020604074001
Combined,bioaware,14.4872436218109,0.08603562414646149
Combined,bioaware,4.69939250052371,0.8304901123046875
Combined,bioaware,1.7781324820431,0.010454361326992512
Combined,bioaware,1.85316299830691,0.004388594999909401
Combined,bioaware,9.37747764988928,0.9774437546730042
Combined,bioaware,3.78121797292195,0.9995319843292236
Combined,bioaware,10.2377179080824,0.999882698059082
Combined,bioaware,4.15199530516432,6.136573574622162e-06
Combined,bioaware,1.58989682584428,0.8980132937431335
Combined,bioaware,2.11411032385761,0.9751678109169006
Combined,bioaware,3.9290644578953,5.245681677479297e-05
Combined,bioaware,12.0127102224289,0.9997159838676453
Combined,bioaware,3.35521517140773,0.9982680082321167
Combined,bioaware,2.54333008763389,0.8493473529815674
Combined,bioaware,5.94320177112757,0.9971811771392822
Combined,bioaware,1.36639487695,0.008170259185135365
Combined,bioaware,3.22627002946037,0.9988688826560974
Combined,bioaware,1.53539451594852,0.7453532814979553
Combined,bioaware,8.50361197110423,0.9798604846000671
Combined,bioaware,14.9309524545089,0.9970555305480957
Combined,bioaware,4.37992585900751,0.9168062210083008
Combined,bioaware,7.70362026346256,0.47238802909851074
Combined,bioaware,1.02757889154071,0.9894326329231262
Combined,bioaware,2.53458251343652,0.9834005236625671
Combined,bioaware,2.92775208696174,0.9959617257118225
Combined,bioaware,6.26278664997405,0.9972163438796997
Combined,bioaware,3.43096234309623,0.9914112091064453
Combined,bioaware,4.57486688474487,0.9998668432235718
Combined,bioaware,2.72310660877955,0.9999287128448486
Combined,bioaware,7.17178411015389,0.9998817443847656
Combined,bioaware,1.2150577711517,0.9997978806495667
Combined,bioaware,5.51448655098177,0.9990097284317017
Combined,bioaware,1.49184284758775,0.6497079730033875
Combined,bioaware,1.57942107249659,0.9944944977760315
Combined,bioaware,1.96382428940568,0.9997584223747253
Combined,bioaware,1.73786230783253,0.9965710639953613
Combined,bioaware,4.23154423887159,0.1452026665210724
Combined,bioaware,3.24135199366253,0.3174790143966675
Combined,bioaware,5.41946079102231,0.10724909603595734
Combined,bioaware,3.0720127668063,0.042835112661123276
Combined,bioaware,2.39618885096701,0.041626300662755966
Combined,bioaware,1.94996598896531,0.05093086138367653
Combined,bioaware,1.43433437920215,0.0041139088571071625
Combined,bioaware,7.5258918296893,0.943245530128479
Combined,bioaware,5.19327928563036,0.0018081143498420715
Combined,bioaware,10.4334793636154,0.7026451826095581
Combined,bioaware,1.83266932270916,0.1907644122838974
Combined,bioaware,3.33119795003203,0.8390363454818726
Combined,bioaware,14.7044917257683,0.9957143664360046
Combined,bioaware,1.20373156786037,0.040690068155527115
Combined,bioaware,6.88338010601809,0.8766457438468933
Combined,bioaware,3.80299251870324,0.9980241060256958
Combined,bioaware,11.5302869287992,0.9996812343597412
Combined,bioaware,7.02963879559248,0.6617915034294128
Combined,bioaware,2.05990292411507,0.053259462118148804
Combined,bioaware,2.98247649994198,0.003090518992394209
Combined,bioaware,2.20588235294118,0.00038739913725294173
Combined,bioaware,1.92446475823911,0.0015257711056619883
Combined,bioaware,7.52544025348851,0.0071134259924292564
Combined,bioaware,8.32976576356186,0.03625587746500969
Combined,bioaware,9.03414882772681,0.9419107437133789
Combined,bioaware,1.05921052631579,0.07039051502943039
Combined,bioaware,2.48461024994437,0.2054414451122284
Combined,bioaware,5.79555825981138,0.2963419258594513
Combined,bioaware,3.32157554379777,0.7835745811462402
Combined,bioaware,4.99047619047619,0.8462451100349426
Combined,bioaware,1.28123580190822,0.9997610449790955
Combined,bioaware,1.18078175895765,0.7441583275794983
Combined,bioaware,1.00603621730382,0.9986300468444824
Combined,bioaware,6.99635082421039,0.9993991851806641
Combined,bioaware,1.04579877389109,0.45843255519866943
Combined,bioaware,4.43860068531357,0.0006227018893696368
Combined,bioaware,8.06554247534203,0.9999752044677734
Combined,bioaware,1.31693772312574,0.9999744892120361
Combined,bioaware,1.66437747434758,0.08190309256315231
Combined,bioaware,1.02173207914369,5.608069955087558e-07
Combined,bioaware,5.27743164993037,0.9999462366104126
Combined,bioaware,2.96181401876062,0.9849602580070496
Combined,bioaware,1.39782848969508,0.7494246959686279
Combined,bioaware,7.94023050120611,0.9928343296051025
Combined,bioaware,6.03362302322268,0.8105872869491577
Combined,bioaware,4.3080079126676,0.6770160794258118
Combined,bioaware,1.43020093006932,0.3099852502346039
Combined,bioaware,9.41555071109727,0.1825089305639267
Combined,bioaware,14.3420188307423,0.9988251328468323
Combined,bioaware,3.1842398711436,0.9972420930862427
Combined,bioaware,2.59980419884695,0.9563718438148499
Combined,bioaware,12.6026449995678,0.999521017074585
Combined,bioaware,1.37644461758213,0.9817155003547668
Combined,bioaware,5.24028629856851,0.9936898946762085
Combined,bioaware,14.45294617749,0.9980024695396423
Combined,bioaware,1.64896590273896,0.02740752324461937
Combined,bioaware,1.55842372648634,0.40508782863616943
Combined,bioaware,1.64348925410872,0.11586540192365646
Combined,bioaware,1.23617436564737,0.0035361668560653925
Combined,bioaware,3.29135661133372,0.7694544792175293
Combined,bioaware,1.22209165687427,0.5896942019462585
Combined,bioaware,2.97245704935915,0.0002042868873104453
Combined,bioaware,2.35679214402619,0.0837910920381546
Combined,bioaware,5.80137659783678,0.5550611615180969
Combined,bioaware,7.63247447739426,0.06691031157970428
Combined,bioaware,10.129709697344,0.05357184261083603
Combined,bioaware,5.56768558951965,0.09578537195920944
Combined,bioaware,8.61244019138756,0.999459445476532
Combined,bioaware,1.96078431372549,0.10831954330205917
Combined,bioaware,7.75862068965517,0.010951977223157883
Combined,bioaware,8.04953560371517,0.17294476926326752
Combined,bioaware,2.47218788627936,0.01502830721437931
Combined,bioaware,12.3239436619718,0.021721117198467255
Combined,bioaware,1.48514851485149,0.5504602789878845
Combined,bioaware,2.05655526992288,0.8797363638877869
Combined,bioaware,5.92783505154639,0.40935391187667847
Combined,bioaware,13.3510167992927,0.999121367931366
Combined,bioaware,5.25245679430701,0.9892969727516174
Combined,bioaware,4.08853366123578,0.954269289970398
Combined,bioaware,5.69312169312169,0.9998606443405151
Combined,bioaware,1.28419877163596,0.00774853490293026
Combined,bioaware,1.93548387096774,0.021021738648414612
Combined,bioaware,3.16017316017316,0.919666588306427
Combined,bioaware,10.7468915746457,0.9253459572792053
Combined,bioaware,4.46735395189003,0.29577112197875977
Combined,bioaware,11.1139401654997,0.012445878237485886
Combined,bioaware,2.59208731241473,0.9289827942848206
Combined,bioaware,7.19601013299557,0.6479440927505493
Combined,bioaware,7.05350657735453,0.8361661434173584
Combined,bioaware,3.60321060896877,0.2694861590862274
Combined,bioaware,1.13754858280406,0.049717459827661514
Combined,bioaware,5.79605143995653,0.006655349861830473
Combined,bioaware,11.2816719067875,0.9936235547065735
Combined,bioaware,5.05742494458997,0.33780813217163086
Combined,bioaware,1.22140795025539,0.08868785947561264
Combined,bioaware,3.6249186021272,0.9031839370727539
Combined,bioaware,1.12426035502959,0.9385992884635925
Combined,bioaware,2.29182582123759,0.955549955368042
Combined,bioaware,5.31187122736419,0.9879512190818787
Combined,bioaware,3.73906125696102,0.771876871585846
Combined,bioaware,5.01960784313726,0.6000863909721375
Combined,bioaware,4.33039294306335,0.9165931940078735
Combined,bioaware,2.88,0.3899488151073456
Combined,bioaware,2.95055821371611,0.023793991655111313
Combined,bioaware,1.79738562091503,0.0018887232290580869
Combined,bioaware,4.54950936663693,0.99115389585495
Combined,bioaware,13.9067524115756,0.011089994572103024
Combined,bioaware,8.38607594936709,0.10171999782323837
Combined,bioaware,8.59872611464968,0.3228924572467804
Combined,bioaware,12.9525341914722,0.6415808200836182
Combined,bioaware,13.3277451802179,0.32520267367362976
Combined,bioaware,13.0756578947368,0.9903490543365479
Combined,bioaware,2.40700218818381,0.9698213934898376
Combined,bioaware,2.38678090575275,0.8989062309265137
Combined,bioaware,3.10421286031042,0.14114874601364136
Combined,bioaware,2.92607802874743,0.09398491680622101
Combined,bioaware,3.86890093642188,0.1050649955868721
Combined,bioaware,6.35029488410369,0.24902327358722687
Combined,bioaware,3.19703622392975,0.42741987109184265
Combined,bioaware,1.31233595800525,0.0029848446138203144
Combined,bioaware,1.24551166965889,0.000510131474584341
Combined,bioaware,12.6306806059313,0.9833061099052429
Combined,bioaware,2.62367314239936,0.0011534353252500296
Combined,bioaware,1.72579938677179,0.02469579316675663
Combined,bioaware,10.1837336176083,0.06573805212974548
Combined,bioaware,1.46070162571813,3.086044671363197e-05
Combined,bioaware,3.45763838865185,0.8987847566604614
Combined,bioaware,6.42988061623817,0.9920765161514282
Combined,bioaware,2.44212106826236,0.04896163195371628
Combined,bioaware,1.30822326374095,0.00011559780250536278
Combined,bioaware,4.17792754844145,0.3834382891654968
Combined,bioaware,5.76917931910909,0.9552553296089172
Combined,bioaware,1.24448939655457,0.006952079478651285
Combined,bioaware,1.0385257654702,8.80477309692651e-05
Combined,bioaware,4.12374028015608,0.6313974261283875
Combined,bioaware,2.53359373858495,0.13071411848068237
Combined,bioaware,3.56188181770191,0.9802123308181763
Combined,bioaware,5.62615651220396,0.9911710619926453
Combined,bioaware,12.3218633798297,0.9165773987770081
Combined,bioaware,8.30353272648461,0.5296456217765808
Combined,bioaware,2.44937919171402,0.1249711886048317
Combined,bioaware,1.55985925248663,0.5496522784233093
Combined,bioaware,5.88053982796066,0.987834095954895
Combined,bioaware,3.27449149905231,0.24653008580207825
Combined,bioaware,1.19927714802037,0.3100549876689911
Combined,bioaware,2.0130445673327,0.2548498213291168
Combined,bioaware,1.13052024823015,0.17219460010528564
Combined,bioaware,4.05768075305428,0.9995973706245422
Combined,bioaware,2.58862696410638,0.10940246284008026
Combined,bioaware,4.63702560004345,0.9099740982055664
Combined,bioaware,11.6274452554745,0.8990186452865601
Combined,bioaware,10.6279330141261,0.9992160797119141
Combined,bioaware,1.76999976983098,0.9674296975135803
Combined,bioaware,2.39606767542914,0.1422470360994339
Combined,bioaware,1.1110146186134,0.0004952446324750781
Combined,bioaware,1.94014245572764,0.9631716012954712
Combined,bioaware,2.03097110328525,0.00016174709890037775
Combined,bioaware,1.09433792555504,2.565354861872038e-06
Combined,bioaware,1.64626100831569,1.7728254988469416e-06
Combined,bioaware,1.33105802047782,1.6091978523036232e-06
Combined,bioaware,3.79941153895356,0.00019993833848275244
Combined,bioaware,1.87043189368771,7.436607120325789e-05
Combined,bioaware,1.32060138155221,4.7844074288150296e-05
Combined,bioaware,1.65104047564601,0.9521377682685852
Combined,bioaware,8.00706626679265,0.2163742631673813
Combined,bioaware,4.930392117755,0.9853544235229492
Combined,bioaware,7.97584503176222,0.9987792372703552
Combined,bioaware,4.06753314046375,0.0013851150870323181
Combined,bioaware,1.51811565850223,0.00028192196623422205
Combined,bioaware,1.91649855275853,0.7736659049987793
Combined,bioaware,4.7529820392121,0.0008397867204621434
Combined,bioaware,3.74681051076593,0.9999828338623047
Combined,bioaware,2.78931215020762,0.02325824461877346
Combined,bioaware,2.39825236263475,0.024216171354055405
Combined,bioaware,5.2782379012401,0.017537346109747887
Combined,bioaware,1.26227852749472,0.005943669006228447
Combined,bioaware,1.38353177930572,0.7852475643157959
Combined,bioaware,4.42052322759959,0.9485911726951599
Combined,bioaware,1.26993143181726,0.09415207803249359
Combined,bioaware,1.78704701882411,0.055116549134254456
Combined,bioaware,1.45128140598129,0.020562024787068367
Combined,bioaware,2.8200999215492,0.07839108258485794
Combined,bioaware,9.88940329218107,0.320303350687027
Combined,bioaware,4.26894343649947,0.0019571147859096527
Combined,bioaware,2.47873840762426,0.0004718604905065149
Combined,bioaware,14.8253680438631,0.001257323776371777
Combined,bioaware,5.00261005742126,0.00014881179959047586
Combined,bioaware,11.1294025906511,0.0018027089536190033
Combined,bioaware,1.99793640371447,0.07965517044067383
Combined,bioaware,2.19953220582943,0.038123033940792084
Combined,bioaware,14.6714096775665,0.9859420657157898
Combined,bioaware,4.67833772414379,0.18523462116718292
Combined,bioaware,7.29978738483345,0.06760694831609726
Combined,bioaware,8.97277491372332,0.9960998296737671
Combined,bioaware,8.2138969521045,0.07198420912027359
Combined,bioaware,1.61625148279953,0.9959225654602051
Combined,bioaware,1.49654643131236,0.020835723727941513
Combined,bioaware,7.3370503774609,0.9711419939994812
Combined,bioaware,6.9175991861648,0.9665900468826294
Combined,bioaware,1.71077947064635,0.9100660085678101
Combined,bioaware,1.60607048089009,0.0001836769952205941
Combined,bioaware,3.06974459724951,0.0005229052039794624
Combined,bioaware,3.0008826125331,0.006221354007720947
Combined,bioaware,7.94896957801767,0.9398170709609985
Combined,bioaware,10.3833383640205,0.12516801059246063
Combined,bioaware,1.2987012987013,0.003588676918298006
Combined,bioaware,1.7632241813602,0.00047537690261378884
Combined,bioaware,8.928046989721,0.0028713918291032314
Combined,bioaware,11.5912897822446,0.2647106349468231
Combined,bioaware,1.70055452865065,0.0513574481010437
Combined,bioaware,6.66666666666667,0.9972207546234131
Combined,bioaware,3.23076923076923,0.08291111886501312
Combined,bioaware,2.54761315854563,0.03917787969112396
Combined,bioaware,5.52421250587682,0.0021730700973421335
Combined,bioaware,1.09452736318408,0.0006344174034893513
Combined,bioaware,1.38682516097078,7.971541344886646e-05
Combined,bioaware,2.8564453125,0.9512422680854797
Combined,bioaware,5.73895378364652,0.9897524118423462
Combined,bioaware,12.621359223301,0.9915065169334412
Combined,bioaware,8.98128898128898,0.9572930932044983
Combined,bioaware,9.79659609796596,0.4736001789569855
Combined,bioaware,6.39716607626589,0.00034936596057377756
Combined,bioaware,13.2696986711585,0.9927965998649597
Combined,bioaware,1.98631056234063,0.9918748736381531
Combined,bioaware,1.2512030798845,0.00024178402964025736
Combined,bioaware,5.15841843414506,9.194995072903112e-05
Combined,bioaware,1.62956651400575,6.879920692881569e-05
Combined,bioaware,12.300755033557,0.15753771364688873
Combined,bioaware,1.27265065318163,0.0016334179090335965
Combined,bioaware,1.34638159945147,0.9999949932098389
Combined,bioaware,3.89172550265067,0.9999592304229736
Combined,bioaware,4.38481894616956,0.13975843787193298
Combined,bioaware,1.88762113014307,0.9977745413780212
Combined,bioaware,4.43149367678769,0.9997935891151428
Combined,bioaware,3.75837118004773,0.9826927185058594
Combined,bioaware,1.41966692797461,0.8816768527030945
Combined,bioaware,1.88036333964007,0.8924707174301147
Combined,bioaware,1.41347739304001,8.385118417209014e-05
Combined,bioaware,14.0701880152498,0.9531555771827698
Combined,bioaware,5.26529553121157,0.9996613264083862
Combined,bioaware,1.70717319490326,0.022106939926743507
Combined,bioaware,7.25708747274049,0.9999958276748657
Combined,bioaware,2.84775795564127,0.7162745594978333
Combined,bioaware,1.24711670064414,0.4030749499797821
Combined,bioaware,7.18309315739723,0.9999401569366455
Combined,bioaware,1.81988799153448,0.9963834285736084
Combined,bioaware,1.89128579650321,0.9988687634468079
Combined,bioaware,1.91431716196766,0.28716033697128296
Combined,bioaware,10.2640811133814,0.6652106046676636
Combined,bioaware,1.08829181896974,0.12203287333250046
Combined,bioaware,5.55471418715399,0.07182468473911285
Combined,bioaware,1.63171926109399,0.999915361404419
Combined,bioaware,2.50061968709447,0.39558589458465576
Combined,bioaware,1.57566593252468,0.9992715716362
Combined,bioaware,1.51844162868574,0.00874666590243578
Combined,bioaware,1.5109590649159,0.9624068737030029
Combined,bioaware,1.2717490578926,0.043231986463069916
Combined,bioaware,1.5224302088017,0.8935096263885498
Combined,bioaware,1.33163881095685,0.9336552619934082
Combined,bioaware,1.26245037264052,0.9999957084655762
Combined,bioaware,1.68144195622033,0.9985197186470032
Combined,bioaware,7.94671296057907,0.9999943971633911
Combined,bioaware,1.13265117425877,0.9996833801269531
Combined,bioaware,2.67738954519344,0.9974449872970581
Combined,bioaware,2.74249599523805,0.9853984117507935
Combined,bioaware,6.2167376798778,0.999657154083252
Combined,bioaware,14.6031993757316,0.9999792575836182
Combined,bioaware,4.86577181208054,0.9999327659606934
Combined,bioaware,4.82269503546099,0.9970008730888367
Combined,bioaware,2.41935483870968,0.9818637371063232
Combined,bioaware,2.13464696223317,0.8726973533630371
Combined,bioaware,3.5472972972973,0.6233296990394592
Combined,bioaware,8.34782608695652,0.9873037934303284
Combined,bioaware,3.18091451292247,0.9959942102432251
Combined,bioaware,13.8067061143984,0.9939961433410645
Combined,bioaware,7.28744939271255,0.6569727659225464
Combined,bioaware,12.7351664254703,0.9917572140693665
Combined,bioaware,11.2244897959184,0.9999223947525024
Combined,bioaware,1.16129032258065,0.7490158677101135
Combined,bioaware,1.59651669085631,0.1738463193178177
Combined,bioaware,4.12087912087912,0.21103785932064056
Combined,bioaware,2.39774330042313,0.9866449236869812
Combined,bioaware,1.43472022955524,0.20534449815750122
Combined,bioaware,2.30352303523035,0.25290027260780334
Combined,bioaware,11.5671641791045,0.999893307685852
Combined,bioaware,10.1137800252845,0.9958179593086243
Combined,bioaware,1.04923325262308,0.9914335012435913
Combined,bioaware,1.52173913043478,0.9791669845581055
Combined,bioaware,3.2103825136612,0.9757996201515198
Combined,bioaware,3.0323005932762,0.8695927262306213
Combined,bioaware,1.58730158730159,0.20382538437843323
Combined,bioaware,6.67063728409768,0.9979178309440613
Combined,bioaware,1.41342756183746,0.9992734789848328
Combined,bioaware,2.3936170212766,0.9036736488342285
Combined,bioaware,3.04182509505703,0.9993232488632202
Combined,bioaware,2.66666666666667,0.8716304302215576
Combined,bioaware,2.51831501831502,0.9980714917182922
Combined,bioaware,3.06995470558631,0.9973843693733215
Combined,bioaware,7.58206195099399,0.9995883107185364
Combined,bioaware,1.87229956793087,0.9372935891151428
Combined,bioaware,1.17403314917127,0.024735620245337486
Combined,bioaware,4.45682451253482,0.7470187544822693
Combined,bioaware,5.99078341013825,0.983787477016449
Combined,bioaware,4.85695276114438,0.9606854319572449
Combined,bioaware,3.69609856262834,0.9371517896652222
Combined,bioaware,5.66448801742919,0.9992644190788269
Combined,bioaware,1.10294117647059,0.9870375394821167
Combined,bioaware,1.56128024980484,0.8857712745666504
Combined,bioaware,1.90082644628099,0.9997420907020569
Combined,bioaware,2.22956234516928,0.9946306943893433
Combined,bioaware,3.60065466448445,0.999924898147583
Combined,bioaware,4.22764227642276,0.999962568283081
Combined,bioaware,1.07858243451464,0.1955724060535431
Combined,bioaware,4.67359050445104,0.8982140421867371
Combined,bioaware,4.37735849056604,0.9924418926239014
Combined,bioaware,1.13550340651022,0.014924615621566772
Combined,bioaware,2.10297316896302,0.9997759461402893
Combined,bioaware,7.37327188940092,0.999144434928894
Combined,bioaware,1.24826629680999,0.9990205764770508
Combined,bioaware,6.01398601398601,0.9990283250808716
Combined,bioaware,13.8443935926773,0.9999626874923706
Combined,bioaware,2.23048327137546,0.6263628005981445
Combined,bioaware,1.4446227929374,0.8422792553901672
Combined,bioaware,3.09191020753918,0.06531739979982376
Combined,bioaware,1.86313149408814,0.9960999488830566
Combined,bioaware,8.70036101083032,0.9999370574951172
Combined,bioaware,4.42209072978304,0.02978138066828251
Combined,bioaware,10.6983776715296,0.027382107451558113
Combined,bioaware,9.51020577153977,0.9082723259925842
Combined,bioaware,11.7763401870699,0.2487393170595169
Combined,bioaware,1.96418027947254,0.001460779458284378
Combined,bioaware,1.81566854709157,0.000215615495108068
Combined,bioaware,12.0594732966301,4.080716098542325e-05
Combined,bioaware,6.42468819955229,0.0015196471940726042
Combined,bioaware,6.43701697602219,0.15053394436836243
Combined,bioaware,2.79129321382843,0.9790849685668945
Combined,bioaware,7.50606099272681,0.3761773705482483
Combined,bioaware,2.86839145106862,0.0013066640822216868
Combined,bioaware,1.50389618265062,0.044666606932878494
Combined,bioaware,1.3902648438016,0.06588499993085861
Combined,bioaware,2.87490747594375,0.0002441476099193096
Combined,bioaware,1.79951619564576,1.4316653960122494e-06
Combined,bioaware,9.50015790531423,1.3612145266961306e-05
Combined,bioaware,3.51219788305881,9.124019561568275e-05
Combined,bioaware,3.58471330559612,0.0004994043847545981
Combined,bioaware,7.87770320656227,0.9146891832351685
Combined,bioaware,9.14815627055985,0.9747521877288818
Combined,bioaware,3.03529986564065,0.018138805404305458
Combined,bioaware,4.78036175710594,0.00031001734896562994
Combined,bioaware,8.36917605786097,0.26721444725990295
Combined,bioaware,1.18152788012773,1.6685247828718275e-05
Combined,bioaware,1.58975491278428,0.009095930494368076
Combined,bioaware,1.57325186306142,0.00016345908807124943
Combined,bioaware,4.32432432432432,0.012004200369119644
Combined,bioaware,1.20485335294284,0.03956269845366478
Combined,bioaware,1.29429801285453,0.08604288101196289
Combined,bioaware,3.07647231174919,0.00043093421845696867
Combined,bioaware,4.77944400596334,0.00042916322126984596
Combined,bioaware,1.09678878335595,0.0008447763393633068
Combined,bioaware,1.30079120289661,0.0005778884515166283
Combined,bioaware,1.23238463663996,0.7991960048675537
Combined,bioaware,14.0239477503628,0.0005991400103084743
Combined,bioaware,4.36625228201339,0.9999550580978394
Combined,bioaware,2.1290691033695,0.0009183358051814139
Combined,bioaware,1.7918142381122,0.0003751303593162447
Combined,bioaware,4.59063428629983,0.30471017956733704
Combined,bioaware,2.08165427038478,0.035984769463539124
Combined,bioaware,2.40361524691089,0.0003780001134146005
Combined,bioaware,1.26026130188461,0.0014595863176509738
Combined,bioaware,2.33224874286104,0.01145569421350956
Combined,bioaware,3.78786115055991,0.25542977452278137
Combined,bioaware,2.3946520233974,0.4490652084350586
Combined,bioaware,4.73719326858922,0.600241482257843
Combined,bioaware,7.84197413690829,0.8242788314819336
Combined,bioaware,2.87209197880176,0.8267186284065247
Combined,bioaware,1.93864187724082,0.020609671249985695
Combined,bioaware,1.80617390753909,0.004284319002181292
Combined,bioaware,1.27572855104952,0.0008498264942318201
Combined,bioaware,2.21975098667713,0.8035612106323242
Combined,bioaware,5.93879342781889,0.0003038643626496196
Combined,bioaware,1.08605211298445,0.00025705815642140806
Combined,bioaware,10.6477105153704,0.8686394095420837
Combined,bioaware,8.56568842824687,0.991409957408905
Combined,bioaware,3.10816655526285,0.005287096370011568
Combined,bioaware,2.06197554310963,0.001141159562394023
Combined,bioaware,2.37081367245943,0.9860483407974243
Combined,bioaware,6.69948256816728,0.008648698218166828
Combined,bioaware,1.88800938141308,0.06576502323150635
Combined,bioaware,2.52362360663158,0.9737911820411682
Combined,bioaware,1.08720840414028,0.8566791415214539
Combined,bioaware,4.25026068821689,0.025442898273468018
Combined,bioaware,5.16589120320042,0.7419700026512146
Combined,bioaware,2.1711841554698,0.38434597849845886
Combined,bioaware,3.73101952277657,0.29191020131111145
Combined,bioaware,1.55693950177936,0.34217697381973267
Combined,bioaware,6.20300751879699,0.999971866607666
Combined,bioaware,6.09470229723394,0.9982873797416687
Combined,bioaware,1.14995400183993,0.059579022228717804
Combined,bioaware,2.61560018682859,0.008116839453577995
Combined,bioaware,1.17381489841986,0.0696810856461525
Combined,bioaware,5.3960396039604,0.9979104399681091
Combined,bioaware,2.81906714505382,0.9859074354171753
Combined,bioaware,3.06172839506173,0.8067346811294556
Combined,bioaware,5.41463414634146,0.99339759349823
Combined,bioaware,8.42583249243189,0.9995760321617126
Combined,bioaware,3.64554122265844,0.49416157603263855
Combined,bioaware,10.8514190317195,0.999862790107727
Combined,bioaware,5.62390158172232,0.07063701748847961
Combined,bioaware,3.38137472283814,0.0006839184206910431
Combined,bioaware,2.61958997722096,0.00030627785599790514
Combined,bioaware,1.9364448857994,0.1975124329328537
Combined,bioaware,8.50047755491882,0.788714587688446
Combined,bioaware,13.9032815198618,0.9978485107421875
Combined,bioaware,1.17886178861789,0.9376073479652405
Combined,bioaware,3.60951599671862,0.06308092176914215
Combined,bioaware,12.8423390081421,0.9091628193855286
Combined,bioaware,10.844629822732,0.9926725029945374
Combined,bioaware,12.1275121275121,0.9966738224029541
Combined,bioaware,13.0675909878683,0.6693298816680908
Combined,bioaware,6.85017203628402,0.7614829540252686
Combined,bioaware,2.24913494809689,0.34014227986335754
Combined,bioaware,2.78281911675741,0.35575270652770996
Combined,bioaware,3.95747194329592,0.8528441786766052
Combined,bioaware,6.05749486652977,0.9964781403541565
Combined,bioaware,10.8182317408018,0.39512133598327637
Combined,bioaware,2.38095238095238,0.005714009515941143
Combined,bioaware,3.19612590799032,0.997409999370575
Combined,bioaware,1.308773630635,0.9994423985481262
Combined,bioaware,1.17899249732047,0.9872570037841797
Combined,bioaware,1.82767624020888,0.04921220615506172
Combined,bioaware,4.26894343649947,0.012704280205070972
Combined,bioaware,6.46575342465753,0.989769697189331
Combined,bioaware,9.00216919739696,0.8497022986412048
Combined,bioaware,2.42557883131202,0.0877564400434494
Combined,bioaware,1.40765765765766,0.993740439414978
Combined,bioaware,5.20361990950226,0.9908922910690308
Combined,bioaware,10.1250744490768,0.9972856044769287
Combined,bioaware,2.91139240506329,0.09637116640806198
Combined,bioaware,8.57843137254902,0.95790696144104
Combined,bioaware,10.5612552806276,0.964296281337738
Combined,bioaware,2.05935796486978,0.9842043519020081
Combined,bioaware,9.02948402948403,0.97676020860672
Combined,bioaware,2.13946117274168,0.9934212565422058
Combined,bioaware,1.84442662389735,0.24056844413280487
Combined,bioaware,1.81208053691275,1.538720607641153e-05
Combined,bioaware,1.20101137800253,0.44747814536094666
Combined,bioaware,2.11780277961615,0.058854300528764725
Combined,bioaware,1.63204747774481,0.9998509883880615
Combined,bioaware,1.61645848640705,0.9998067021369934
Combined,bioaware,2.91798107255521,0.19002553820610046
Combined,bioaware,1.17462803445576,0.27494016289711
Combined,bioaware,1.45576707726764,0.552861750125885
Combined,bioaware,2.09251101321586,0.5085996985435486
Combined,bioaware,4.4106198929736,0.9997689127922058
Combined,bioaware,3.76130391869181,0.9999933242797852
Combined,bioaware,4.64357159758222,0.999883770942688
Combined,bioaware,1.39364945085398,0.9912949800491333
Combined,bioaware,5.25679800030382,0.987761378288269
Combined,bioaware,1.62895023207266,0.06914913654327393
Combined,bioaware,3.3136484602712,0.00025057827588170767
Combined,bioaware,2.81933024066248,0.9450594186782837
Combined,bioaware,5.77356209529172,0.9837619662284851
Combined,bioaware,11.1455379848587,0.25518590211868286
Combined,bioaware,8.43980556172428,0.10848485678434372
Combined,bioaware,1.55017911507471,0.016812771558761597
Combined,bioaware,4.27866640118581,0.953498363494873
Combined,bioaware,2.53821860764093,0.00012073377729393542
Combined,bioaware,1.36332405163997,5.407462958828546e-05
Combined,bioaware,1.10195681206733,0.0009048324427567422
Combined,bioaware,1.06692722336617,0.12724827229976654
Combined,bioaware,2.92455635967086,1.1349929991411045e-05
Combined,bioaware,6.48032364840015,0.8651660084724426
Combined,bioaware,14.8092034647714,0.9249087572097778
Combined,bioaware,5.29693353683918,0.0483507476747036
Combined,bioaware,5.62537874700115,0.39687803387641907
Combined,bioaware,12.6860268683131,0.99795001745224
Combined,bioaware,1.32503744671045,0.9490614533424377
Combined,bioaware,1.22346192615583,0.9776502847671509
Combined,bioaware,8.84948469034659,0.9818005561828613
Combined,bioaware,1.44828962835365,0.9997760653495789
Combined,bioaware,2.58605497085093,0.018047044053673744
Combined,bioaware,9.87003814591951,0.9996824264526367
Combined,bioaware,10.8019299951845,0.9999818801879883
Combined,bioaware,3.8711803493762,0.9998119473457336
Combined,bioaware,3.47177237004535,0.9999779462814331
Combined,bioaware,5.18255028306052,0.9999998807907104
Combined,bioaware,1.39388489208633,0.007212361786514521
Combined,bioaware,2.06255055270963,0.9998925924301147
Combined,bioaware,1.23092704192845,0.4693358242511749
Combined,bioaware,1.4760147601476,0.9907682538032532
Combined,bioaware,3.6587129428778,0.9993870258331299
Combined,bioaware,8.94437838551988,0.9999744892120361
Combined,bioaware,3.07183943213805,0.9999535083770752
Combined,bioaware,1.16629044394281,0.9490113258361816
Combined,bioaware,1.70997711054261,0.9924519658088684
Combined,bioaware,1.03787572449117,0.14614804089069366
Combined,bioaware,1.82536439177224,0.5666521787643433
Combined,bioaware,2.26238101807146,0.9839330911636353
Combined,bioaware,3.84251968503937,0.9715700745582581
Combined,bioaware,8.98161244695898,0.997687816619873
Combined,bioaware,1.45504461221688,0.6147978901863098
Combined,bioaware,1.02326885337819,0.9465106725692749
Combined,bioaware,4.13860830527497,0.9985957741737366
Combined,bioaware,12.8121452894438,0.9190323948860168
Combined,bioaware,1.3202333435677,0.0470191054046154
Combined,bioaware,3.25284374376372,0.002043971559032798
Combined,bioaware,1.07121602856576,0.9958718419075012
Combined,bioaware,9.78670012547051,0.9999842643737793
Combined,bioaware,1.21775025799794,0.9979988932609558
Combined,bioaware,1.08923334729786,0.7698418498039246
Combined,bioaware,3.07595731324545,0.6495479941368103
Combined,bioaware,2.13121604680318,0.9903171062469482
Combined,bioaware,4.75442043222004,0.9976621866226196
Combined,bioaware,1.3036303630363,0.9802494049072266
Combined,bioaware,3.08610400682012,0.9698275923728943
Combined,bioaware,1.60565189466924,0.0009801791748031974
Combined,bioaware,1.06365834004835,0.12723834812641144
Combined,bioaware,2.44716351501669,0.027698809280991554
Combined,bioaware,1.51757188498403,0.001742023159749806
Combined,bioaware,8.00807537012113,0.9996155500411987
Combined,bioaware,3.16466701443227,0.9984292387962341
Combined,bioaware,1.14036558779138,0.24423296749591827
Combined,bioaware,3.19114295017909,0.970306932926178
Combined,bioaware,6.52028159570902,0.9999496936798096
Combined,bioaware,7.9979709164694,0.00470114266499877
Combined,bioaware,2.33865119651922,0.00242475513368845
Combined,bioaware,4.82357357357357,0.9995875954627991
Combined,bioaware,1.35547919053074,0.05496560409665108
Combined,bioaware,14.4788331554607,0.8830885887145996
Combined,bioaware,4.15979475902511,0.3039555549621582
Combined,bioaware,1.45067698259188,0.00032506868592463434
Combined,bioaware,1.04297037964122,9.758243686519563e-05
Combined,bioaware,1.26195028680688,0.000460958166513592
Combined,bioaware,7.95766366130929,0.007946940138936043
Combined,bioaware,1.93599367838799,0.5034305453300476
Combined,bioaware,12.4725516029864,0.9876453280448914
Combined,bioaware,10.8184383819379,0.15945902466773987
Combined,bioaware,7.74710596616207,0.9795548319816589
Combined,bioaware,5.64440263405456,0.8874159455299377
Combined,bioaware,10.3186646433991,0.9917663931846619
Combined,bioaware,2.86377708978328,0.023211127147078514
Combined,bioaware,14.2518939393939,0.22279414534568787
Combined,bioaware,9.92840095465394,0.14161503314971924
Combined,bioaware,4.53125,0.24663840234279633
Combined,bioaware,13.7220259128386,0.28408536314964294
Combined,bioaware,1.7639902676399,0.002770103979855776
Combined,bioaware,2.86312849162011,0.09352025389671326
Combined,bioaware,2.77926242650989,0.010060557164251804
Combined,bioaware,12.7671541057368,0.166922926902771
Combined,bioaware,8.63993385696569,0.9771614670753479
Combined,bioaware,8.0048270313757,0.9737507700920105
Combined,bioaware,1.10216193302247,0.07073541730642319
Combined,bioaware,11.1768368617684,0.9956592321395874
Combined,bioaware,10.4593420235878,0.9958760142326355
Combined,bioaware,3.90797352663095,0.008233816362917423
Combined,bioaware,1.02359965880011,0.0007258995901793242
Combined,bioaware,2.72800213960952,0.41152703762054443
Combined,bioaware,3.50092129507765,0.989818274974823
Combined,bioaware,2.18665464382326,0.0019391414243727922
Combined,bioaware,1.82421227197347,0.0024733301252126694
Combined,bioaware,1.77388836329234,0.1409589797258377
Combined,bioaware,4.61393596986817,0.9996111989021301
Combined,bioaware,10.7710280373832,0.9657451510429382
Combined,bioaware,8.36547733847637,0.9956414699554443
Combined,bioaware,5.62390158172232,0.17677240073680878
Combined,bioaware,1.22613065326633,0.0023058282677084208
Combined,bioaware,3.38134001252348,0.9820365309715271
Combined,bioaware,1.69737114469054,0.8726025819778442
Combined,bioaware,1.54370489174018,0.244405135512352
Combined,bioaware,2.79490341142622,0.9999837875366211
Combined,bioaware,6.22154779969651,0.1441076695919037
Combined,bioaware,1.98529411764706,0.9982864260673523
Combined,bioaware,7.79054916985951,0.9994538426399231
Combined,bioaware,7.15684529108065,0.9957728981971741
Combined,bioaware,1.27871694841786,3.806896711466834e-05
Combined,bioaware,14.0768223483195,0.9795620441436768
Combined,bioaware,7.26710475454194,0.9899507164955139
Combined,bioaware,11.4074074074074,0.9995633959770203
Combined,bioaware,1.62659123055163,0.006050294265151024
Combined,bioaware,3.14305130818892,0.5213385224342346
Combined,bioaware,5.01993208327181,0.9997245669364929
Combined,bioaware,7.31707317073171,0.9887290000915527
Combined,bioaware,2.13135459425324,0.3206160068511963
Combined,bioaware,7.69968051118211,0.7863187193870544
Combined,bioaware,7.86213786213786,1.537058960821014e-05
Combined,bioaware,2.59211441056709,0.6970430612564087
Combined,bioaware,9.08711963318049,0.9224469661712646
Combined,bioaware,4.11382616764615,0.9871422052383423
Combined,bioaware,7.78186274509804,0.7508358359336853
Combined,bioaware,1.79721587367546,0.9995108842849731
Combined,bioaware,6.90451206715635,0.9988073110580444
Combined,bioaware,2.82360406091371,0.9686841368675232
Combined,bioaware,11.712006992243,0.7720429301261902
Combined,bioaware,9.95990715340789,0.9998633861541748
Combined,bioaware,1.36147038801906,0.30857113003730774
Combined,bioaware,6.16829669797618,0.007689011748880148
Combined,bioaware,13.1733641707623,0.026039544492959976
Combined,bioaware,8.43890692074128,0.7180138230323792
Combined,bioaware,1.94623655913979,0.04889900982379913
Combined,bioaware,8.64126692678449,0.8190754055976868
Combined,bioaware,5.04942241276646,0.046927228569984436
Combined,bioaware,1.64513770411894,0.0010999024379998446
Combined,bioaware,3.10087836039393,0.043464578688144684
Combined,bioaware,4.51010886469673,1.097055815080239e-06
Combined,bioaware,10.8312731767614,0.9224452972412109
Combined,bioaware,10.6815203145478,0.9648772478103638
Combined,bioaware,6.18246477909999,0.027470320463180542
Combined,bioaware,5.27674218525954,0.0044168769381940365
Combined,bioaware,2.08639828808346,0.007977387867867947
Combined,bioaware,4.89696432528252,0.1839006543159485
Combined,bioaware,8.64117519982718,0.0380181260406971
Combined,bioaware,3.87484459179445,3.638851558207534e-05
Combined,bioaware,3.12651871051353,0.453678697347641
Combined,bioaware,5.97623089983022,0.00038562717963941395
Combined,bioaware,3.29512893982808,0.41818246245384216
Combined,bioaware,1.30885122410546,0.003984120208770037
Combined,bioaware,7.72433718558804,0.9842126965522766
Combined,bioaware,11.0451027905886,0.9951901435852051
Combined,bioaware,2.07472056346654,0.9981014132499695
Combined,bioaware,7.25902142807287,0.9999959468841553
Combined,bioaware,7.18900904577297,0.9823713898658752
Combined,bioaware,2.76186579378069,0.9989544153213501
Combined,bioaware,8.77351287568543,0.9999703168869019
Combined,bioaware,1.33436772692009,0.9999974966049194
Combined,bioaware,1.30462679118842,0.9999152421951294
Combined,bioaware,1.32664437012263,0.9750619530677795
Combined,bioaware,1.00779755774606,0.9997122883796692
Combined,bioaware,2.95333283234388,0.9999580383300781
Combined,bioaware,1.13048872957882,0.9999575614929199
Combined,bioaware,3.80910795469139,0.9997642636299133
Combined,bioaware,9.4842306147047,0.9997969269752502
Combined,bioaware,10.9024081115336,0.9999045133590698
Combined,bioaware,3.07772561293688,0.23037047684192657
Combined,bioaware,1.04359460363474,0.0009450367651879787
Combined,bioaware,1.10368039164263,0.9249407649040222
Combined,bioaware,9.13448513015026,0.6711016297340393
Combined,bioaware,2.25977030488309,0.00497888820245862
Combined,bioaware,1.38833210254246,0.00811587180942297
Combined,bioaware,1.06661969625802,0.3616052269935608
Combined,bioaware,4.47525793520405,0.8394932150840759
Combined,bioaware,2.26717290739286,0.5936517715454102
Combined,bioaware,4.90673688830371,0.8568500280380249
Combined,bioaware,6.48728589087056,0.5252462029457092
Combined,bioaware,1.0848579571573,0.27746984362602234
Combined,bioaware,12.0803650416725,0.9643183350563049
Combined,bioaware,8.470370730758,0.9446625113487244
Combined,bioaware,14.3175146771037,0.36746746301651
Combined,bioaware,11.024385514132,0.1499783843755722
Combined,bioaware,13.5975367500993,0.9999465942382812
Combined,bioaware,2.93146834863884,0.9921308159828186
Combined,bioaware,2.68943855516294,0.704913854598999
Combined,bioaware,2.85228071473493,0.7164796590805054
Combined,bioaware,6.30380547454232,0.002742613200098276
Combined,bioaware,8.74226659167604,0.9432742595672607
Combined,bioaware,7.87134746291727,0.20485369861125946
Combined,bioaware,3.65488501311931,0.5983160138130188
Combined,bioaware,2.91732687109703,0.39133724570274353
Combined,bioaware,1.83127389101253,0.9959471821784973
Combined,bioaware,3.68277700509968,0.0016086846590042114
Combined,bioaware,1.10827756792514,2.2853873815620318e-05
Combined,bioaware,5.71004101669735,0.9992700219154358
Combined,bioaware,11.3874476152465,0.9928267002105713
Combined,bioaware,11.5285675602491,0.9999758005142212
Combined,bioaware,10.6868649717254,0.9919082522392273
Combined,bioaware,5.21723995387594,0.20090125501155853
Combined,bioaware,6.66426166426166,0.02000216580927372
Combined,bioaware,3.23342618384401,0.31902965903282166
Combined,bioaware,12.4057983390619,0.9997462630271912
Combined,bioaware,2.54774305555556,0.3570360839366913
Combined,bioaware,1.08884463839342,0.635432779788971
Combined,bioaware,3.7803479258268,0.0031223732512444258
Combined,bioaware,4.49313033791311,0.4763221740722656
Combined,bioaware,3.68781612139061,0.10029269754886627
Combined,bioaware,1.12192110361271,0.8151125907897949
Combined,bioaware,3.32790852946086,0.9979239702224731
Combined,bioaware,1.90282431785543,0.01180075854063034
Combined,bioaware,13.1076144984546,0.9847442507743835
Combined,bioaware,11.5306509562384,0.9999966621398926
Combined,bioaware,8.27198279427579,0.0731251984834671
Combined,bioaware,3.2509527659083,0.24880145490169525
Combined,bioaware,6.62256749480809,0.2788306474685669
Combined,bioaware,10.867973062289,0.9910408854484558
Combined,bioaware,4.23082483915275,0.09195107221603394
Combined,bioaware,2.63097237314367,0.922906756401062
Combined,bioaware,1.52787461727347,0.7884517908096313
Combined,bioaware,1.07783072384842,0.9271074533462524
Combined,bioaware,2.62809441565918,0.9300014972686768
Combined,bioaware,2.60300118467816,0.1048630103468895
Combined,bioaware,3.44984663974005,0.9999686479568481
Combined,bioaware,6.33813587837631,0.9931378960609436
Combined,bioaware,1.3757809384554,0.16323396563529968
Combined,bioaware,2.13967215218298,0.7206249833106995
Combined,bioaware,1.80486864923887,0.11929132789373398
Combined,bioaware,1.06452112022281,0.018404511734843254
Combined,bioaware,4.42343407057234,0.43604177236557007
Combined,bioaware,2.46503910879355,0.25518301129341125
Combined,bioaware,6.02664122917589,0.582682728767395
Combined,bioaware,5.95397859317207,0.8921852707862854
Combined,bioaware,2.55349875278981,0.5610558986663818
Combined,bioaware,1.53125914366527,0.10922755300998688
Combined,bioaware,1.58234900824604,0.4128342270851135
Combined,bioaware,2.52425889492814,0.6596604585647583
Combined,bioaware,3.23140735024597,0.7851448059082031
Combined,bioaware,1.46740910579758,0.6602593064308167
Combined,bioaware,2.03087728597933,0.2965392470359802
Combined,bioaware,2.61213813580291,0.9770391583442688
Combined,bioaware,7.77502067824648,0.9998031258583069
Combined,bioaware,2.61277741345391,0.07568860799074173
Combined,bioaware,1.58248753828599,0.9961559176445007
Combined,bioaware,12.9150943396226,0.9999583959579468
Combined,bioaware,1.55141700404858,0.5715144276618958
Combined,bioaware,5.86933128362798,0.9409558176994324
Combined,bioaware,3.91800806377151,0.2012370079755783
Combined,bioaware,1.50827217315587,0.9708043932914734
Combined,bioaware,3.82039112726783,0.9972596168518066
Combined,bioaware,2.74073167747461,0.20431949198246002
Combined,bioaware,4.91309757957693,0.9859598875045776
Combined,bioaware,2.76691617323949,0.4816961884498596
Combined,bioaware,1.61375013127035,0.0008346372051164508
Combined,bioaware,1.79340241693637,0.8874368667602539
Combined,bioaware,4.69077643409071,0.9932095408439636
Combined,bioaware,2.54554113584951,0.9923886656761169
Combined,bioaware,6.55683522741718,0.9481474161148071
Combined,bioaware,1.12343771942143,0.0978364646434784
Combined,bioaware,4.31333783392805,0.9663719534873962
Combined,bioaware,2.03450754852624,0.9729472398757935
Combined,bioaware,4.01637608526858,0.9604731202125549
Combined,bioaware,1.20663650075415,6.254583695408655e-07
Combined,bioaware,11.5790748365222,0.9759482741355896
Combined,bioaware,1.04963817538668,0.9918377995491028
Combined,bioaware,2.84004935167726,0.9997724890708923
Combined,bioaware,1.44200771843875,0.9913365840911865
Combined,bioaware,2.66761031113047,0.9934397339820862
Combined,bioaware,1.29307968017645,0.9899156093597412
Combined,bioaware,2.17133724614918,0.99906986951828
Combined,bioaware,4.32679851455221,0.9941509366035461
Combined,bioaware,5.9088915345573,0.9186991453170776
Combined,bioaware,1.59202239328202,0.9776157736778259
Combined,bioaware,5.8957078673167,0.926787257194519
Combined,bioaware,2.71184393307966,0.976291835308075
Combined,bioaware,1.68301247124349,0.9990236759185791
Combined,bioaware,3.03370786516854,0.3016343116760254
Combined,bioaware,5.55356503045503,0.001305911922827363
Combined,bioaware,1.44976399190829,0.274745374917984
Combined,bioaware,12.3102866779089,0.9834460616111755
Combined,bioaware,6.73099012175511,0.9984452128410339
Combined,bioaware,3.48179968347276,0.9985793828964233
Combined,bioaware,2.86284953395473,0.9967911839485168
Combined,bioaware,11.7497886728656,0.9998961687088013
Combined,bioaware,12.7161304442985,0.8733828067779541
Combined,bioaware,1.72310158284913,0.9160175323486328
Combined,bioaware,1.2010347376201,0.12309878319501877
Combined,bioaware,4.86018641810919,0.3570248782634735
Combined,bioaware,14.7488119484046,0.999618411064148
Combined,bioaware,3.44891871737509,9.512819087831303e-05
Combined,bioaware,1.27067014795474,0.6166638731956482
Combined,bioaware,9.00017822135092,0.006882916670292616
Combined,bioaware,2.35054599296687,0.00016869553655851632
Combined,bioaware,2.2834116856951,0.008520284667611122
Combined,bioaware,10.4137739516801,0.9925428628921509
Combined,bioaware,3.45454545454545,0.9999561309814453
Combined,bioaware,9.66589619667998,0.9879804253578186
Combined,bioaware,7.18400542189089,0.9975886344909668
Combined,bioaware,12.7860696517413,0.9984965324401855
Combined,bioaware,1.40041493775934,0.17271998524665833
Combined,bioaware,6.24322230828815,0.1840638965368271
Combined,bioaware,3.16936282601519,0.2526669204235077
Combined,bioaware,2.72483410984046,0.9879088997840881
Combined,bioaware,12.670485542826,0.9964033365249634
Combined,bioaware,1.35839736553238,0.610038161277771
Combined,bioaware,1.76140912730184,0.0005917813978157938
Combined,bioaware,1.78359096313912,0.05510076880455017
Combined,bioaware,2.14837193689157,0.2929685711860657
Combined,bioaware,7.46963899517551,0.9176757335662842
Combined,bioaware,7.65801623945232,0.9953972697257996
Combined,bioaware,6.18353084168946,0.9431353807449341
Combined,bioaware,10.4857475276323,0.9952582716941833
Combined,bioaware,3.95279397127826,0.9381425380706787
Combined,bioaware,5.40617442025893,0.9096388816833496
Combined,bioaware,4.513839602555,0.7574377655982971
Combined,bioaware,4.79401847236476,0.9988924860954285
Combined,bioaware,5.74298995351627,0.9983741044998169
Combined,bioaware,5.26472337894111,0.99365234375
Combined,bioaware,2.51500428693913,0.44088834524154663
Combined,bioaware,1.14493884985688,0.7982804775238037
Combined,bioaware,4.39030745179781,0.42000800371170044
Combined,bioaware,12.4137931034483,0.9969244599342346
Combined,bioaware,13.9482114255206,0.9966592788696289
Combined,bioaware,1.10468174644924,0.9980841875076294
Combined,bioaware,11.724493744357,0.9989895224571228
Combined,bioaware,8.46931894807822,0.9821375608444214
Combined,bioaware,10.6649579951588,0.07447721064090729
Combined,bioaware,1.60109789569991,4.412670023157261e-05
Combined,bioaware,5.89182227945911,0.765762209892273
Combined,bioaware,1.22488975992161,0.0005225947825238109
Combined,bioaware,13.2742136621865,0.997940719127655
Combined,bioaware,3.43538881701883,0.47582292556762695
Combined,bioaware,1.9624101713654,0.5304790735244751
Combined,bioaware,9.29913294797688,0.9941785335540771
Combined,bioaware,12.444972398854,0.9972328543663025
Combined,bioaware,2.43862653943398,0.7356645464897156
Combined,bioaware,13.4022471910112,0.9795295596122742
Combined,bioaware,2.47203175748827,0.0021705033723264933
Combined,bioaware,13.2132834424696,0.9999828338623047
Combined,bioaware,1.04008414163842,1.7695803762762807e-05
Combined,bioaware,1.6060525617202,5.807144407299347e-05
Combined,bioaware,1.28476420798065,0.0004690433561336249
Combined,bioaware,7.60633861551293,0.896939218044281
Combined,bioaware,2.92544299565363,0.1107703447341919
Combined,bioaware,9.60264900662252,0.9650325179100037
Combined,bioaware,2.4314765694076,4.184404679108411e-05
Combined,bioaware,1.66926329846428,0.0006442014127969742
Combined,bioaware,2.2090059473237,0.9528683423995972
Combined,bioaware,1.53364632237872,0.7968311309814453
Combined,bioaware,6.24396523978114,0.9789068102836609
Combined,bioaware,1.49107797604498,0.2372754067182541
Combined,bioaware,5.5413780532264,0.0038438253104686737
Combined,bioaware,5.62884784520669,0.07824710756540298
Combined,bioaware,2.76062477297494,0.16397811472415924
Combined,bioaware,3.73788647900323,0.005646246485412121
Combined,bioaware,14.7443075774543,0.41031965613365173
Combined,bioaware,2.32809962100704,0.001844136044383049
Combined,bioaware,3.51697851697852,0.014167197048664093
Combined,bioaware,2.41725548531052,0.041188616305589676
Combined,bioaware,6.99915469146238,0.044716726988554
Combined,bioaware,1.0275256881422,8.861198148224503e-05
Combined,bioaware,6.83686086260819,0.5665462017059326
Combined,bioaware,2.11125607875697,0.0004412398557178676
Combined,bioaware,2.89448555741227,1.6275254893116653e-05
Combined,bioaware,1.14155251141553,2.348319640077534e-06
Combined,bioaware,3.2285266835321,0.08643079549074173
Combined,bioaware,1.3055972013993,1.6193861256397213e-06
Combined,bioaware,5.40374577832361,0.00267484737560153
Combined,bioaware,5.9961759082218,0.47230982780456543
Combined,bioaware,14.7272875950609,0.0019696371164172888
Combined,bioaware,2.15410107705054,0.001294882851652801
Combined,bioaware,1.35761232625795,0.057539500296115875
Combined,bioaware,14.0416666666667,0.4999985694885254
Combined,bioaware,11.6272360069244,0.011350450105965137
Combined,bioaware,10.9495444989488,0.8190726637840271
Combined,bioaware,4.51938119242135,0.001327064586803317
Combined,bioaware,8.19931452675982,0.09421085566282272
Combined,bioaware,1.67007498295842,0.004166303668171167
Combined,bioaware,11.8516189877397,0.015379060991108418
Combined,bioaware,1.40709945634794,0.00045685970690101385
Combined,bioaware,12.0757330870469,1.0804517842188943e-05
Combined,bioaware,11.6594973964229,0.008442053571343422
Combined,bioaware,8.21241585639491,2.1920142899034545e-05
Combined,bioaware,13.7689969604863,5.051174866821384e-06
Combined,bioaware,4.10979564135435,0.005653635133057833
Combined,bioaware,11.3631469384825,0.9421826004981995
Combined,bioaware,1.33237505528527,0.9948655962944031
Combined,bioaware,7.09260217278841,0.00245810323394835
Combined,bioaware,14.2117890577222,0.36690303683280945
Combined,bioaware,1.78004760015867,0.0035194193478673697
Combined,bioaware,8.78796534323527,0.854546070098877
Combined,bioaware,14.7004760333695,0.9731072783470154
Combined,bioaware,5.16599360151046,0.18199966847896576
Combined,bioaware,7.47830525778458,0.0867733284831047
Combined,bioaware,1.48476165668143,3.957453031944169e-07
Combined,bioaware,3.14860225600785,0.08336276561021805
Combined,bioaware,12.1020348554182,0.006584043148905039
Combined,bioaware,9.11964747581186,0.9402754306793213
Combined,bioaware,1.14613180515759,0.7696934938430786
Combined,bioaware,8.42507506141388,0.854777991771698
Combined,bioaware,4.7261648212826,0.8853021860122681
Combined,bioaware,8.75418425265609,0.24421222507953644
Combined,bioaware,5.32430506058446,0.9982715845108032
Combined,bioaware,2.56694415092395,0.8853074908256531
Combined,bioaware,4.76269270014616,0.998672604560852
Combined,bioaware,7.61727312582201,0.7431966662406921
Combined,bioaware,1.41857646540326,0.7371645569801331
Combined,bioaware,3.87704918032787,0.01648375205695629
Combined,bioaware,4.67548934146921,0.9981695413589478
Combined,bioaware,1.10421267552815,0.9678703546524048
Combined,bioaware,2.24056603773585,0.99983811378479
Combined,bioaware,1.19345808162664,0.2254074364900589
Combined,bioaware,1.87604934666764,0.005528984125703573
Combined,bioaware,1.21994976677431,0.7234357595443726
Combined,bioaware,1.34768860111429,0.9354299902915955
Combined,bioaware,1.50209683568433,0.8433696031570435
Combined,bioaware,7.59109311740891,0.9684083461761475
Combined,bioaware,4.84613086345981,0.3966323733329773
Combined,bioaware,6.17474346046622,0.9979165196418762
Combined,bioaware,4.73246402877698,0.47171634435653687
Combined,bioaware,14.9267399267399,0.9994757771492004
Combined,bioaware,8.38974715037899,0.8785200715065002
Combined,bioaware,1.4027515511195,0.014462274499237537
Combined,bioaware,9.51056729699666,0.9914699196815491
Combined,bioaware,2.02248527749688,0.936058521270752
Combined,bioaware,2.40907260770366,0.08954267203807831
Combined,bioaware,1.02095647501343,0.007230579853057861
Combined,bioaware,4.75492087996912,0.9934484362602234
Combined,bioaware,2.54440581116412,0.09276506304740906
Combined,bioaware,7.99754730203224,0.9499358534812927
Combined,bioaware,1.72424169475205,0.34275922179222107
Combined,bioaware,4.96606264400025,0.05205605924129486
Combined,bioaware,12.4175824175824,0.9998282194137573
Combined,bioaware,11.3554280858296,0.9756321310997009
Combined,bioaware,3.62283123028391,0.9832663536071777
Combined,bioaware,1.06543318954316,0.00044666946632787585
Combined,bioaware,9.20193470374849,0.9999680519104004
Combined,bioaware,8.65630869045586,0.8315554261207581
Combined,bioaware,1.48050666227998,0.9819608926773071
Combined,bioaware,5.64728403924384,0.9998469352722168
Combined,bioaware,5.67996077149395,0.99752277135849
Combined,bioaware,2.45301846000333,0.0013428713427856565
Combined,bioaware,8.49352837558398,0.978132963180542
Combined,bioaware,1.6883711798966,0.13468852639198303
Combined,bioaware,2.68710754087232,0.9967599511146545
Combined,bioaware,2.11742059672762,0.998586893081665
Combined,bioaware,1.66578061314903,0.11173637211322784
Combined,bioaware,4.04602175953283,0.9814279079437256
Combined,bioaware,3.88479571332887,0.9985490441322327
Combined,bioaware,2.71189141809875,0.40953564643859863
Combined,bioaware,1.77861800223774,0.9976881742477417
Combined,bioaware,2.24244822582773,0.9745182394981384
Combined,bioaware,7.80489537816619,0.946292519569397
Combined,bioaware,1.88243911371544,0.19750995934009552
Combined,bioaware,3.35853172364512,0.3409123420715332
Combined,bioaware,4.6192653318619,0.4290451407432556
Combined,bioaware,5.43048849313351,0.9882206916809082
Combined,bioaware,2.7826460173826,0.9938114285469055
Combined,bioaware,6.74594747646351,0.9983797073364258
Combined,bioaware,4.66688929704458,0.9973313808441162
Combined,bioaware,6.98236632536974,2.698996013350552e-06
Combined,bioaware,1.56951857527876,0.00043395484681241214
Combined,bioaware,1.14571398812624,0.02758624777197838
Combined,bioaware,1.33913043478261,0.9744962453842163
Combined,bioaware,1.84471202325168,0.9275901913642883
Combined,bioaware,1.00424412696515,0.5595013499259949
Combined,bioaware,1.27929220468675,0.06997230648994446
Combined,bioaware,2.05376923537513,0.007778879255056381
Combined,bioaware,4.88615693407765,0.9970638155937195
Combined,bioaware,1.01986362288764,0.0026248355861753225
Combined,bioaware,1.34669967993236,0.002268008189275861
Combined,bioaware,3.37995337995338,0.006832301151007414
Combined,bioaware,5.7679611067763,0.011720997281372547
Combined,bioaware,9.55158800306405,0.008565551601350307
Combined,bioaware,4.13318763257698,0.9999387264251709
Combined,bioaware,1.04084014002334,0.0007735950057394803
Combined,bioaware,1.15417946899866,0.5472660660743713
Combined,bioaware,13.4059153341838,0.9938629865646362
Combined,bioaware,1.50174396072859,1.1749429177143611e-05
Combined,bioaware,2.06618030224075,8.037782390601933e-05
Combined,bioaware,1.4247796474359,0.052359629422426224
Combined,bioaware,2.01532083138848,0.00011432857718318701
Combined,bioaware,4.08915193589206,0.9998838901519775
Combined,bioaware,1.08891556515604,0.0018095106352120638
Combined,bioaware,2.13536068538012,0.9999973773956299
Combined,bioaware,1.17581152823444,0.5567463040351868
Combined,bioaware,1.43732324453569,0.34941694140434265
Combined,bioaware,1.70424873308224,0.013773000799119473
Combined,bioaware,1.60317594633706,0.6314488649368286
Combined,bioaware,1.25925088486725,0.38742920756340027
Combined,bioaware,1.95496079667813,0.9987348914146423
Combined,bioaware,2.9236276849642,0.0014873947948217392
Combined,bioaware,4.06824146981627,0.003758599516004324
Combined,bioaware,3.53443022547227,0.942947506904602
Combined,bioaware,7.01871657754011,0.2738063931465149
Combined,bioaware,1.47859922178988,0.9492005109786987
Combined,bioaware,1.59744408945687,0.9443719983100891
Combined,bioaware,3.48119034250421,0.002680804580450058
Combined,bioaware,14.1449275362319,0.9553277492523193
Combined,bioaware,2.7382256297919,0.9888739585876465
Combined,bioaware,5.23731587561375,0.9924346208572388
Combined,bioaware,5.85980284775466,0.9336652755737305
Combined,bioaware,12.214983713355,0.7417959570884705
Combined,bioaware,1.37581462708182,0.010296018794178963
Combined,bioaware,3.1055900621118,0.07211960852146149
Combined,bioaware,5.62403697996918,0.4346120059490204
Combined,bioaware,3.47490347490348,0.08253742009401321
Combined,bioaware,3.23624595469256,0.0026303899940103292
Combined,bioaware,8.25910931174089,0.8098698854446411
Combined,bioaware,2.29965156794425,0.014844558201730251
Combined,bioaware,6.27962085308057,0.1355973184108734
Combined,bioaware,13.9202855443189,0.17291273176670074
Combined,bioaware,13.433734939759,5.2630486607085913e-05
Combined,bioaware,7.39910313901345,0.0590737983584404
Combined,bioaware,4.43914081145585,0.8347762227058411
Combined,bioaware,3.29519819529488,0.7381216883659363
Combined,bioaware,3.6406806489909,0.21760061383247375
Combined,bioaware,4.90615739216332,0.7298585772514343
Combined,bioaware,4.35974773786674,0.2472563236951828
Combined,bioaware,12.5858434758958,0.9996836185455322
Combined,bioaware,1.87447931130242,0.4886835515499115
Combined,bioaware,4.83411647444112,0.4329656958580017
Combined,bioaware,1.00491768227496,0.0006550782709382474
Combined,bioaware,1.73546636194829,0.0007431753911077976
Combined,bioaware,1.7027027027027,0.06682281941175461
Combined,bioaware,1.02798982188295,0.09876145422458649
Combined,bioaware,1.49359886201991,0.989355742931366
Combined,bioaware,12.6014061654949,0.9997513890266418
Combined,bioaware,7.88726682887267,0.9815888404846191
Combined,bioaware,2.88726842727631,0.9886970520019531
Combined,bioaware,3.97727272727273,0.9817688465118408
Combined,bioaware,4.79580737664392,0.8343797922134399
Combined,bioaware,9.0053372149442,0.626197099685669
Combined,bioaware,5.28439661798617,0.21295519173145294
Combined,bioaware,5.33347935603986,0.0011848186841234565
Combined,bioaware,2.5363917071019,0.0032077422365546227
Combined,bioaware,2.39087519192805,0.0025565954856574535
Combined,bioaware,1.23125139914932,0.03151233121752739
Combined,bioaware,12.8073898389714,0.9758985042572021
Combined,bioaware,4.44650778912617,0.26530978083610535
Combined,bioaware,13.02396736359,0.9935367703437805
Combined,bioaware,1.20433560818948,0.060569342225790024
Combined,bioaware,8.84622128704191,0.4766932725906372
Combined,bioaware,1.40820882706509,0.006648584268987179
Combined,bioaware,1.28338536246965,0.006313207093626261
Combined,bioaware,3.42907202302735,0.9988196492195129
Combined,bioaware,1.37793258887409,0.9838575720787048
Combined,bioaware,1.50130548302872,0.9988621473312378
Combined,bioaware,1.91285216647314,0.9743412733078003
Combined,bioaware,1.91350442821126,0.0004620104155037552
Combined,bioaware,4.07909382570549,0.975895881652832
Combined,bioaware,1.16959064327485,0.002429420594125986
Combined,bioaware,1.44456482484652,0.7915864586830139
Combined,bioaware,11.2013600302229,0.999889612197876
Combined,bioaware,2.20786733513305,0.952082097530365
Combined,bioaware,2.66885649763909,0.9996651411056519
Combined,bioaware,11.9070030120482,0.9999923706054688
Combined,bioaware,2.08572691117985,0.8289804458618164
Combined,bioaware,2.99341808673699,0.9990314245223999
Combined,bioaware,1.61475472564475,0.9981400966644287
Combined,bioaware,2.86573780873971,0.1149536594748497
Combined,bioaware,1.59421217747615,0.015276134945452213
Combined,bioaware,9.93900481540931,0.9957841038703918
Combined,bioaware,2.06595802671028,0.8037603497505188
Combined,bioaware,4.63616726311378,0.9999456405639648
Combined,bioaware,5.90648920764085,0.9999111890792847
Combined,bioaware,12.5474375192314,0.9999845027923584
Combined,bioaware,1.54215215901302,0.42735588550567627
Combined,bioaware,7.04435469199141,0.8532556295394897
Combined,bioaware,6.6484375,0.561926007270813
Combined,bioaware,1.09044022840302,0.9994469285011292
Combined,bioaware,1.14084281365166,0.0028252701740711927
Combined,bioaware,2.36972822476034,0.9944410920143127
Combined,bioaware,4.859682981618,0.9987941980361938
Combined,bioaware,8.93867464394876,0.015791118144989014
Combined,bioaware,2.51096861289234,0.9795964956283569
Combined,bioaware,1.24301629805944,0.9801846146583557
Combined,bioaware,2.97149122807018,0.9936049580574036
Combined,bioaware,5.10358945399358,0.9933338761329651
Combined,bioaware,6.9388826888991,0.3371756076812744
Combined,bioaware,13.6980231765508,0.7033904194831848
Combined,bioaware,3.1657223796034,0.8834599852561951
Combined,bioaware,1.47722465096601,0.9780184626579285
Combined,bioaware,2.99871879220195,0.9908788800239563
Combined,bioaware,3.47969604236152,0.9659964442253113
Combined,bioaware,1.6891145948333,0.9026188850402832
Combined,bioaware,7.38626031930756,0.9748103022575378
Combined,bioaware,2.57773708490334,0.7689084410667419
Combined,bioaware,11.4484997895496,0.9976447224617004
Combined,bioaware,1.39010571812394,0.3680679202079773
Combined,bioaware,13.5068724564233,0.9940329194068909
Combined,bioaware,1.10723043769042,0.0006337728700600564
Combined,bioaware,3.65792382675108,0.8876238465309143
Combined,bioaware,2.52132369493984,0.9871900677680969
Combined,bioaware,1.48610148610149,0.9785606265068054
Combined,bioaware,1.67700499533403,0.959536612033844
Combined,bioaware,1.00169459612126,0.019763097167015076
Combined,bioaware,3.19755370153649,1.2135728866269346e-05
Combined,bioaware,1.25529833713727,0.9853333830833435
Combined,bioaware,1.31287065960433,0.9287070035934448
Combined,bioaware,9.17043444073128,0.7162227034568787
Combined,bioaware,1.14894286763549,0.939899206161499
Combined,bioaware,1.6791455626514,5.3307347116060555e-05
Combined,bioaware,8.76772199125893,0.9990378618240356
Combined,bioaware,5.27809853733641,0.689062237739563
Combined,bioaware,8.46578008433344,0.993020236492157
Combined,bioaware,3.87608575588693,0.9990113973617554
Combined,bioaware,1.43714313364947,0.009212455712258816
Combined,bioaware,5.50498069682093,0.9968382120132446
Combined,bioaware,3.27980535279805,0.9973016977310181
Combined,bioaware,9.9450884685784,0.0015569222159683704
Combined,bioaware,6.82678016484259,0.999968409538269
Combined,bioaware,5.65371024734982,0.6692394018173218
Combined,bioaware,1.88005408025305,0.18622200191020966
Combined,bioaware,1.0159912081997,0.029452191665768623
Combined,bioaware,14.3398812243033,0.5047734379768372
Combined,bioaware,1.58578727554114,3.637436020653695e-05
Combined,bioaware,14.2220516428922,0.13212455809116364
Combined,bioaware,5.35467298952776,0.9998196959495544
Combined,bioaware,2.00884507909965,0.06921897828578949
Combined,bioaware,1.25904793341664,0.08896013349294662
Combined,bioaware,1.37735209357518,0.9154338240623474
Combined,bioaware,2.36187598162985,0.9919390082359314
Combined,bioaware,10.7457059069962,0.9984573125839233
Combined,bioaware,1.09379093528949,0.9945980310440063
Combined,bioaware,3.75327890956338,0.5109099745750427
Combined,bioaware,2.47288503253796,0.8544987440109253
Combined,bioaware,1.04573661227304,0.9957516193389893
Combined,bioaware,2.4465130832714,0.9939402341842651
Combined,bioaware,2.04136604136604,0.9783076047897339
Combined,bioaware,2.73155957675203,0.9038149118423462
Combined,bioaware,3.25166534944112,0.20930537581443787
Combined,bioaware,4.07152578254952,0.21074169874191284
Combined,bioaware,1.22966254896053,0.053404152393341064
Combined,bioaware,1.56094764998089,0.028886646032333374
Combined,bioaware,2.48678059621427,0.0097188800573349
Combined,bioaware,2.33095297672897,0.002269485965371132
Combined,bioaware,2.0622515793314,0.0009594241855666041
Combined,bioaware,9.27315800999383,0.9337966442108154
Combined,bioaware,13.7047035842058,0.9741376638412476
Combined,bioaware,5.13962652047285,0.0005387052660807967
Combined,bioaware,2.41112828438949,0.005645416676998138
Combined,bioaware,2.59544355464851,0.9837877750396729
Combined,bioaware,1.73254063432931,0.8030563592910767
Combined,bioaware,3.61993341436347,0.9979446530342102
Combined,bioaware,1.66252724415835,0.9986673593521118
Combined,bioaware,7.03349860926351,0.9999734163284302
Combined,bioaware,1.12260528358898,0.167701855301857
Combined,bioaware,2.18084214058044,0.7235658168792725
Combined,bioaware,2.05159757287733,0.9999696016311646
Combined,bioaware,11.4250560267171,0.9998377561569214
Combined,bioaware,1.38584974471189,0.8615240454673767
Combined,bioaware,1.17096018735363,0.9999371767044067
Combined,bioaware,11.3175355450237,0.9993032217025757
Combined,bioaware,5.76229675488129,0.9999573230743408
Combined,bioaware,1.3238706155316,0.006133596412837505
Combined,bioaware,6.42284292035398,0.9907346963882446
Combined,bioaware,2.89735855954666,0.999512791633606
Combined,bioaware,9.33525876927377,0.97691810131073
Combined,bioaware,1.88064944522983,0.9974250793457031
Combined,bioaware,4.07472417251755,0.9999529123306274
Combined,bioaware,5.52366978811548,0.9996585845947266
Combined,bioaware,12.2644712272959,0.9998739957809448
Combined,bioaware,1.10506215974649,0.005408061668276787
Combined,bioaware,1.44150444884796,0.007363747805356979
Combined,bioaware,4.1937629323086,0.01883784495294094
Combined,bioaware,6.45088275237664,0.0053816623985767365
Combined,bioaware,4.93491486252252,0.9997637867927551
Combined,bioaware,10.6563185422642,0.9975997805595398
Combined,bioaware,1.29972027017807,0.9215449690818787
Combined,bioaware,7.02904681331077,0.004699884448200464
Combined,bioaware,1.06901057132676,0.008497199043631554
Combined,bioaware,1.16602762750144,0.705923855304718
Combined,bioaware,3.96984271415573,0.9950630068778992
Combined,bioaware,1.0053222945003,0.021253889426589012
Combined,bioaware,2.19206321937811,0.0013642092235386372
Combined,bioaware,1.45218544946036,4.7753910621395335e-05
Combined,bioaware,1.36757717560852,8.254721615230665e-05
Combined,bioaware,1.3937664618086,0.005158083513379097
Combined,bioaware,3.73005605864597,0.9556968212127686
Combined,bioaware,1.78051703475432,0.13255468010902405
Combined,bioaware,2.01793721973094,0.0019985930994153023
Combined,bioaware,1.68671164564388,0.0335548035800457
Combined,bioaware,3.97515054501105,0.43400830030441284
Combined,bioaware,1.17558117558118,0.0031431468669325113
Combined,bioaware,2.35660480579051,0.9386311173439026
Combined,bioaware,13.0077532445643,0.9802170395851135
Combined,bioaware,3.60922771622292,0.9766039252281189
Combined,bioaware,12.8509677168114,0.9992707371711731
Combined,bioaware,5.4023259468804,0.0049794078804552555
Combined,bioaware,8.75268304316718,0.024756301194429398
Combined,bioaware,5.42319387244525,0.0006668735295534134
Combined,bioaware,8.5319104848736,0.82859867811203
Combined,bioaware,11.4495028780743,0.3872585892677307
Combined,bioaware,2.63277349069451,0.00037179511855356395
Combined,bioaware,2.06174261117508,0.9992591738700867
Combined,bioaware,10.7361016844573,0.11900036782026291
Combined,bioaware,1.15775176249919,0.00014997104881331325
Combined,bioaware,3.57554048867852,3.8158887036843225e-05
Combined,bioaware,7.19040514174222,0.9117545485496521
Combined,bioaware,7.52158544358811,0.9925767779350281
Combined,bioaware,2.85857824667169,0.046190179884433746
Combined,bioaware,7.11447311724996,0.20572088658809662
Combined,bioaware,5.45073375262055,0.11180224269628525
Combined,bioaware,2.09155485398579,3.305455902591348e-05
Combined,bioaware,6.2196587358808,0.0016858660383149981
Combined,bioaware,9.98767587552634,0.3654788136482239
Combined,bioaware,1.52736982643525,0.0008267458761110902
Combined,bioaware,5.90752100623744,0.022779028862714767
Combined,bioaware,4.21036155892941,5.9394431445980445e-05
Combined,bioaware,7.21768886549092,0.0007211046176962554
Combined,bioaware,1.19287296154621,0.0007183668785728514
Combined,bioaware,3.42184505885574,0.09377223253250122
Combined,bioaware,4.36929616202025,0.1250305473804474
Combined,bioaware,6.9710836335313,0.8975096344947815
Combined,bioaware,1.56443547277148,0.00036913115764036775
Combined,bioaware,6.43508684243409,0.10278870165348053
Combined,bioaware,2.42033568474824,0.21207083761692047
Combined,bioaware,1.2817578393225,0.00030735309701412916
Combined,bioaware,4.70732705689726,0.9926661849021912
Combined,bioaware,2.32350312779267,0.205961212515831
Combined,bioaware,1.94167364653925,0.011245865374803543
Combined,bioaware,2.3609443777511,0.9200732707977295
Combined,bioaware,1.04249708714049,0.0014238287694752216
Combined,bioaware,9.90258733014829,0.9922248125076294
Combined,bioaware,1.78752793012391,0.7730470299720764
Combined,bioaware,3.8017975025849,0.9874756932258606
Combined,bioaware,3.16846540081953,0.08531200885772705
Combined,bioaware,11.5072659682325,0.11789706349372864
Combined,bioaware,2.54175744371823,0.8885993361473083
Combined,bioaware,11.7118111104982,0.9996606111526489
Combined,bioaware,1.53086151674719,0.004252833779901266
Combined,bioaware,6.23622952390076,0.10874319821596146
Combined,bioaware,5.58117597736086,0.24238285422325134
Combined,bioaware,6.34938347374881,0.37540170550346375
Combined,bioaware,13.2581032412965,0.9080421924591064
Combined,bioaware,3.09834092217512,0.6937341094017029
Combined,bioaware,5.29664045746962,0.9304571151733398
Combined,bioaware,1.07579122709606,0.0004038394254166633
Combined,bioaware,7.42325455039391,0.0042654587887227535
Combined,bioaware,3.76882709738976,5.476536443893565e-06
Combined,bioaware,4.40814091448389,0.556493878364563
Combined,bioaware,1.21461399681312,0.9999432563781738
Combined,bioaware,1.30890052356021,0.9054830074310303
Combined,bioaware,2.93403758376967,0.9804561138153076
Combined,bioaware,4.31913761299022,0.6749963760375977
Combined,bioaware,2.67401748935143,0.27604180574417114
Combined,bioaware,6.99334835318099,0.9550304412841797
Combined,bioaware,6.0856908942054,0.027941923588514328
Combined,bioaware,11.440991490936,0.12014611065387726
Combined,bioaware,1.32201100067548,1.265293212782126e-05
Combined,bioaware,4.82751975332434,1.6110374190247967e-06
Combined,bioaware,7.59751601009121,6.923951332282741e-07
Combined,bioaware,9.57170301729009,2.3136871618589794e-07
Combined,bioaware,5.39825046040516,0.8381605744361877
Combined,bioaware,1.53187069972738,3.6420969991013408e-06
Combined,bioaware,1.32377945105659,1.499805648563779e-07
Combined,bioaware,3.93991627677912,6.77868229104206e-07
Combined,bioaware,11.3160999678215,0.2449011206626892
Combined,bioaware,1.39773895169579,1.5041975984786404e-06
Combined,bioaware,10.9652876842606,0.2816239893436432
Combined,bioaware,2.07476464674161,7.111360173439607e-05
Combined,bioaware,10.6314085267134,0.6161379814147949
Combined,bioaware,7.26148735929138,0.0017950799083337188
Combined,bioaware,3.47497465204166,0.16511039435863495
Combined,bioaware,5.29567519858782,2.0894874978694133e-05
Combined,bioaware,2.48247422680412,0.0006953480769880116
Combined,bioaware,1.72181226692057,0.0013187815202400088
Combined,bioaware,2.25623853942438,0.3318173885345459
Combined,bioaware,7.8415715084245,0.9191854596138
Combined,bioaware,3.53390639923591,0.8750866055488586
Combined,bioaware,4.15856031128405,0.9612120389938354
Combined,bioaware,3.37449991302835,0.23686398565769196
Combined,bioaware,2.21672533536295,5.6695364037295803e-05
Combined,bioaware,7.58440553352036,0.0029582753777503967
Combined,bioaware,2.6247191011236,0.00025099454796873033
Combined,bioaware,12.9731716280779,0.6178760528564453
Combined,bioaware,14.7726220246365,0.8058172464370728
Combined,bioaware,1.22405013709362,3.6569372241501696e-07
Combined,bioaware,3.72510131930672,2.343094820389524e-05
Combined,bioaware,1.72228202368138,0.006270627491176128
Combined,bioaware,1.89119386819962,0.005523376632481813
Combined,bioaware,3.09433364988921,4.0426370105706155e-05
Combined,bioaware,1.17710416987229,7.047254257486202e-06
Combined,bioaware,3.77893245158243,0.713593602180481
Combined,bioaware,6.74831892411143,0.5886321663856506
Combined,bioaware,2.13502596653203,0.0006712519098073244
Combined,bioaware,1.28401100580862,0.0008630204829387367
Combined,bioaware,3.22935779816514,0.004895237274467945
Combined,bioaware,11.8284228769497,0.9233010411262512
Combined,bioaware,1.33418043202033,0.1742435097694397
Combined,bioaware,4.54545454545455,0.9207823276519775
Combined,bioaware,3.16239316239316,0.4602168798446655
Combined,bioaware,2.64211369095276,0.2049921751022339
Combined,bioaware,7.06845238095238,0.5650347471237183
Combined,bioaware,3.84615384615385,0.9005205035209656
Combined,bioaware,10.3942652329749,0.7853509783744812
Combined,bioaware,6.60856935366739,0.5663611888885498
Combined,bioaware,5.90327169274538,0.0053149196319282055
Combined,bioaware,3.47025495750708,0.6762582659721375
Combined,bioaware,1.01694915254237,0.5403391718864441
Combined,bioaware,1.07599193006052,0.8478642702102661
Combined,bioaware,6.05652759084791,0.40700069069862366
Combined,bioaware,3.76344086021505,0.9608901143074036
Combined,bioaware,2.01809324982603,0.03251040726900101
Combined,bioaware,12.4137931034483,0.11970487236976624
Combined,bioaware,2.3117076808352,0.000809581542853266
Combined,bioaware,13.4310134310134,0.9395864605903625
Combined,bioaware,2.031340684852,1.4317145087261451e-06
Combined,bioaware,5.9785673998872,7.476098107872531e-05
Combined,bioaware,9.29350403034613,0.02245177887380123
Combined,bioaware,3.2901296111665,0.016539335250854492
Combined,bioaware,5.68917668825162,0.09067369997501373
Combined,bioaware,1.92307692307692,0.0020079805981367826
Combined,bioaware,1.28022759601707,0.0057729617692530155
Combined,bioaware,3.17211055276382,7.539413672930095e-06
Combined,bioaware,1.7314702308627,3.179598479619017e-06
Combined,bioaware,1.74433741213226,1.4335877494886518e-05
Combined,bioaware,1.71306209850107,9.777850937098265e-05
Combined,bioaware,10.5665790102797,0.24395626783370972
Combined,bioaware,4.52225519287834,0.0003050288651138544
Combined,bioaware,2.9522536751306,0.0016552874585613608
Combined,bioaware,2.35925805401887,0.006990992929786444
Combined,bioaware,12.0068610634648,0.26312822103500366
Combined,bioaware,1.95537152058891,0.003032154869288206
Combined,bioaware,12.5417766051011,0.7952974438667297
Combined,bioaware,1.18418947031525,0.016766464337706566
Combined,bioaware,7.33775242793279,0.09517824649810791
Combined,bioaware,4.67920887602509,0.9575379490852356
Combined,bioaware,1.28205128205128,0.00011904764687642455
Combined,bioaware,3.45911949685535,0.01034851185977459
Combined,bioaware,4.2059748427673,0.06380262225866318
Combined,bioaware,2.53300035676061,0.0005006127757951617
Combined,bioaware,2.80539772727273,0.019273599609732628
Combined,bioaware,2.5974025974026,0.015403255820274353
Combined,bioaware,1.2888107791447,0.0018378227250650525
Combined,bioaware,4.62232243517475,0.06449141353368759
Combined,bioaware,10.3192702394527,0.24081136286258698
Combined,bioaware,10.2367889113485,0.008181863464415073
Combined,bioaware,1.38594258237873,2.9464258659572806e-06
Combined,bioaware,5.03688989784336,6.243073585210368e-06
Combined,bioaware,1.50133451957295,5.535329364647623e-06
Combined,bioaware,2.40750244949377,0.00040275909123010933
Combined,bioaware,8.98336540322672,0.8638463616371155
Combined,bioaware,5.26734514645865,0.16149379312992096
Combined,bioaware,3.75489186405767,0.6355802416801453
Combined,bioaware,2.28107693151286,0.0001273928937735036
Combined,bioaware,2.18936528910557,0.0009973932756111026
Combined,bioaware,2.10000410357421,0.00023366037930827588
Combined,bioaware,3.14072314759836,0.022591574117541313
Combined,bioaware,4.98108383931057,0.5490149259567261
Combined,bioaware,9.90402743899192,0.9990983009338379
Combined,bioaware,5.45713659285245,0.9155224561691284
Combined,bioaware,1.3280271369819,0.0010964866960421205
Combined,bioaware,2.23434714494085,0.734592080116272
Combined,bioaware,1.24090479435493,0.001154368626885116
Combined,bioaware,4.97424697212133,5.633942782878876e-05
Combined,bioaware,8.04743454267935,0.32336291670799255
Combined,bioaware,3.59694271755798,0.004308826755732298
Combined,bioaware,11.2187170390258,0.8166369199752808
Combined,bioaware,13.2506614966285,0.3746693432331085
Combined,bioaware,4.9523701519619,0.6383286118507385
Combined,bioaware,1.84496487642532,0.518869936466217
Combined,bioaware,1.35231551101501,0.14850080013275146
Combined,bioaware,1.38614087857543,0.9479774832725525
Combined,bioaware,8.02209944751381,0.001295878435485065
Combined,bioaware,4.566934729312,0.0020117717795073986
Combined,bioaware,10.4225488651649,0.8017592430114746
Combined,bioaware,7.01556305410503,0.019933953881263733
Combined,bioaware,4.78874976870413,0.9825409054756165
Combined,bioaware,9.80178355854979,0.9837513566017151
Combined,bioaware,5.56108201397462,0.337128609418869
Combined,bioaware,2.68062120189061,0.8502871990203857
Combined,bioaware,2.07245139123354,0.9763575196266174
Combined,bioaware,3.28864952307677,0.046266648918390274
Combined,bioaware,3.4746412531493,0.9957019686698914
Combined,bioaware,1.84925676118132,0.0016840018797665834
Combined,bioaware,2.02810603641009,0.001674859318882227
Combined,bioaware,9.55172129117477,0.9950142502784729
Combined,bioaware,2.29625990888163,5.676850923919119e-05
Combined,bioaware,5.40770019030889,1.390373563481262e-05
Combined,bioaware,1.19650590912428,0.10015850514173508
Combined,bioaware,2.67517847106294,1.7344475054414943e-05
Combined,bioaware,2.64618734827931,0.0042096893303096294
Combined,bioaware,8.78217258848788,0.9938929080963135
Combined,bioaware,3.99187903846332,0.9593061804771423
Combined,bioaware,8.17116211579592,0.9953895807266235
Combined,bioaware,1.59376471839438,0.3805784285068512
Combined,bioaware,3.93933010322309,0.9992749094963074
Combined,bioaware,1.15718255610646,0.0025330514181405306
Combined,bioaware,3.59246758182591,0.124238021671772
Combined,bioaware,3.51986345507428,0.956684947013855
Combined,bioaware,7.5715016392343,0.16997505724430084
Combined,bioaware,8.8418612715708,0.005137633997946978
Combined,bioaware,3.30173775671406,0.4379795789718628
Combined,bioaware,1.8187130231539,1.2417344805726316e-05
Combined,bioaware,2.9091781098546,8.168488420778885e-06
Combined,bioaware,14.4532097158968,0.012241591699421406
Combined,bioaware,3.72116962969146,0.20977674424648285
Combined,bioaware,2.37184733278774,0.0025184624828398228
Combined,bioaware,2.84403669724771,7.475927122868598e-05
Combined,bioaware,3.74784411759006,0.01358784269541502
Combined,bioaware,5.9712860352641,0.0018196053570136428
Combined,bioaware,1.8658792313947,0.0005403467803262174
Combined,bioaware,4.83768784369377,0.0008799318457022309
Combined,bioaware,1.48225127167314,0.07046285271644592
Combined,bioaware,1.42772530315783,0.006033588200807571
Combined,bioaware,1.49736076699343,0.05700239911675453
Combined,bioaware,7.09511184136824,0.9999995231628418
Combined,bioaware,6.5884811107741,0.999404788017273
Combined,bioaware,13.9778196275371,0.001137997373007238
Combined,bioaware,1.54395069737269,0.04545571282505989
Combined,bioaware,13.1101002154804,0.9998196959495544
Combined,bioaware,14.3553794574825,0.9999990463256836
Combined,bioaware,2.21960443920888,0.8953617215156555
Combined,bioaware,4.84450501796556,0.9999884366989136
Combined,bioaware,10.3958440927181,0.9625177383422852
Combined,bioaware,7.97686468249187,0.9872668385505676
Combined,bioaware,1.73791259509183,0.999904990196228
Combined,bioaware,2.20978701536002,0.9417718648910522
Combined,bioaware,8.84520884520885,0.9622666835784912
Combined,bioaware,7.33435886166355,0.13943640887737274
Combined,bioaware,14.9232845219651,0.9991042017936707
Combined,bioaware,3.03445423763861,0.963104248046875
Combined,bioaware,8.37124885010318,0.8177465796470642
Combined,bioaware,4.66974072725802,0.9999994039535522
Combined,bioaware,11.7242473943178,0.9938699007034302
Combined,bioaware,2.45184341342171,0.0002406304847681895
Combined,bioaware,6.44851055434997,0.9999973773956299
Combined,bioaware,2.12179596614882,0.9955580830574036
Combined,bioaware,9.09583387075971,0.49594053626060486
Combined,bioaware,1.88319188469844,0.3001658022403717
Combined,bioaware,5.57339710739096,0.0054383184760808945
Combined,bioaware,3.44759996515376,0.939085841178894
Combined,bioaware,7.09528083518352,0.9999970197677612
Combined,bioaware,6.52701801200801,0.998909592628479
Combined,bioaware,14.265850945495,0.9999982118606567
Combined,bioaware,1.88318565782336,0.036991361528635025
Combined,bioaware,4.06557549602652,0.746044933795929
Combined,bioaware,12.911138035994,0.9997149109840393
Combined,bioaware,1.57862365885328,0.005924648605287075
Combined,bioaware,10.1052989130435,0.9999991655349731
Combined,bioaware,7.46830918140072,0.9993864297866821
Combined,bioaware,4.19499757163672,0.9953669309616089
Combined,bioaware,7.85225116202316,0.9998832941055298
Combined,bioaware,3.46780918423096,0.9440545439720154
Combined,bioaware,6.00437383418023,0.9608529806137085
Combined,bioaware,1.43499800694721,0.9600578546524048
Combined,bioaware,1.55478839023143,0.009715672582387924
Combined,bioaware,2.42050308495491,0.08123693615198135
Combined,bioaware,3.22786154172861,0.17090944945812225
Combined,bioaware,2.10016155088853,0.9878697991371155
Combined,bioaware,10.1704996034893,0.8665608763694763
Combined,bioaware,4.89309210526316,0.35256609320640564
Combined,bioaware,2.94420424130121,0.6904019713401794
Combined,bioaware,1.7637018774891,0.011767890304327011
Combined,bioaware,4.75049900199601,0.002197248861193657
Combined,bioaware,1.32380752258878,0.48661842942237854
Combined,bioaware,6.99801192842942,0.9932095408439636
Combined,bioaware,2.80667320902846,0.6672641038894653
Combined,bioaware,2.03999192082408,0.3066940903663635
Combined,bioaware,10.9636719599739,0.9987677335739136
Combined,bioaware,3.06894315971472,0.0895402804017067
Combined,bioaware,1.02265891317425,0.061715807765722275
Combined,bioaware,2.75543041029767,0.9713847637176514
Combined,bioaware,8.99100899100899,0.9958665370941162
Combined,bioaware,11.819235225956,0.9374613761901855
Combined,bioaware,8.98399845768267,0.9999402761459351
Combined,bioaware,1.83122522182367,0.003372822655364871
Combined,bioaware,1.7478813559322,0.898769736289978
Combined,bioaware,5.29358626919603,0.9909934401512146
Combined,bioaware,3.33930972658001,0.8559356927871704
Combined,bioaware,5.0940252320876,0.914976179599762
Combined,bioaware,1.88936945139995,0.008270627819001675
Combined,bioaware,5.69274759552898,0.014075261540710926
Combined,bioaware,1.59665929746991,0.03176237642765045
Combined,bioaware,7.02220077220077,0.29289156198501587
Combined,bioaware,11.9240564945589,0.9939138293266296
Combined,bioaware,1.14103149246919,0.2714659571647644
Combined,bioaware,5.73870573870574,0.014965975657105446
Combined,bioaware,1.12630732099759,0.004661694169044495
Combined,bioaware,8.74815179891572,0.09118684381246567
Combined,bioaware,8.17690923116482,0.014545001089572906
Combined,bioaware,9.84677216779704,0.029276490211486816
Combined,bioaware,3.7763253449528,0.9621618390083313
Combined,bioaware,1.50642445724413,0.975023627281189
Combined,bioaware,1.49787614576347,0.7935525178909302
Combined,bioaware,3.90299355816597,0.9640876650810242
Combined,bioaware,10.2728127939793,0.997368335723877
Combined,bioaware,1.54307758251179,0.0002061899722320959
Combined,bioaware,7.59439966058549,0.27071064710617065
Combined,bioaware,3.17577548005908,0.9999040365219116
Combined,bioaware,4.37804030576789,0.9219511151313782
Combined,bioaware,1.39398385913426,0.5418028831481934
Combined,bioaware,8.81889763779528,0.9823688864707947
Combined,bioaware,12.0222929936306,0.9991068243980408
Combined,bioaware,13.968253968254,0.9999899864196777
Combined,bioaware,1.68324407039021,0.29508405923843384
Combined,bioaware,4.19968304278922,0.4915423095226288
Combined,bioaware,3.92156862745098,0.9453622698783875
Combined,bioaware,1.8850987432675,0.008949996903538704
Combined,bioaware,8.75350140056023,0.7014599442481995
Combined,bioaware,9.79121670266379,0.7895865440368652
Combined,bioaware,1.34048257372654,0.9482710957527161
Combined,bioaware,2.05562273276904,0.1785697042942047
Combined,bioaware,2.86410725167581,0.7164966464042664
Combined,bioaware,8.93536121673004,0.9997779726982117
Combined,bioaware,1.13821138211382,0.3177303075790405
Combined,bioaware,3.91330523780855,0.9743970036506653
Combined,bioaware,1.14316820903647,0.05162077397108078
Combined,bioaware,2.06859009254219,0.7132270336151123
Combined,bioaware,9.03857225100748,0.8425501585006714
Combined,bioaware,1.21317157712305,0.07362966984510422
Combined,bioaware,9.53112990007686,0.7216730117797852
Combined,bioaware,1.43939393939394,0.0005000150413252413
Combined,bioaware,3.02469135802469,0.7801556587219238
Combined,bioaware,3.73092142453364,0.0009239607024937868
Combined,bioaware,7.62656147271532,0.9824851155281067
Combined,bioaware,4.87316421895861,0.9645991921424866
Combined,bioaware,2.50148898153663,0.8961208462715149
Combined,bioaware,1.0388190267906,0.9877782464027405
Combined,bioaware,2.46478873239437,0.848604142665863
Combined,bioaware,9.65250965250965,0.9999998807907104
Combined,bioaware,1.93050193050193,0.00016900304763112217
Combined,bioaware,1.2,0.001793980598449707
Combined,bioaware,1.11111111111111,0.7781205773353577
Combined,bioaware,1.17994100294985,0.9915818572044373
Combined,bioaware,1.18694362017804,0.12306889146566391
Combined,bioaware,8.30945558739255,0.9939601421356201
Combined,bioaware,6.83760683760684,0.6493603587150574
Combined,bioaware,1.53846153846154,0.21051271259784698
Combined,bioaware,9.71428571428571,0.9995705485343933
Combined,bioaware,2.0997375328084,0.00031363440211862326
Combined,bioaware,12.3456790123457,0.9750060439109802
Combined,bioaware,7.79569892473118,0.9987419247627258
Combined,bioaware,3.17460317460317,0.9624319672584534
Combined,bioaware,12.1301775147929,0.9845705628395081
Combined,bioaware,1.70731707317073,0.16797254979610443
Combined,bioaware,2.47524752475248,0.9001771807670593
Combined,bioaware,8.95522388059701,0.9999938011169434
Combined,bioaware,3.84615384615385,0.9972954392433167
Combined,bioaware,1.34680134680135,0.9784756898880005
Combined,bioaware,13.953488372093,0.2495630532503128
Combined,bioaware,9.06344410876133,0.0018427865579724312
Combined,bioaware,2.19435736677116,0.00030552889802493155
Combined,bioaware,2.58620689655172,0.0012394482037052512
Combined,bioaware,1.0958904109589,0.0011613867245614529
Combined,bioaware,12.3287671232877,0.9377012848854065
Combined,bioaware,10.6936416184971,0.9946855306625366
Combined,bioaware,14.2857142857143,0.9938845038414001
Combined,bioaware,2.03045685279188,0.011875671334564686
Combined,bioaware,2.46575342465753,0.005433461628854275
Combined,bioaware,6.45161290322581,0.010001802816987038
Combined,bioaware,1.77664974619289,0.0012749460292980075
Combined,bioaware,5.12820512820513,0.09907592833042145
Combined,bioaware,9.9502487562189,0.6207736730575562
Combined,bioaware,1.79028132992327,0.0021229046396911144
Combined,bioaware,9.84848484848485,0.48727530241012573
Combined,bioaware,5.40540540540541,0.00011228976654820144
Combined,bioaware,4.07673860911271,0.008450367487967014
Combined,bioaware,2.68292682926829,1.7581216525286436e-05
Combined,bioaware,3.9119804400978,4.5106753532309085e-05
Combined,bioaware,2.42718446601942,0.00017836294136941433
Combined,bioaware,1.7156862745098,2.341493200219702e-05
Combined,bioaware,2.79187817258883,0.00460004061460495
Combined,bioaware,3.43915343915344,0.027865877375006676
Combined,bioaware,4.77453580901857,0.022776799276471138
Combined,bioaware,9.78260869565217,0.9886584877967834
Combined,bioaware,8.26210826210826,0.998034656047821
Combined,bioaware,3.32225913621262,0.02757103554904461
Combined,bioaware,4.08163265306122,0.000596924452111125
Combined,bioaware,1.44927536231884,0.019072189927101135
Combined,bioaware,7.01107011070111,7.824390195310116e-06
Combined,bioaware,2.46478873239437,0.0257582850754261
Combined,bioaware,7.07070707070707,0.039562616497278214
Combined,bioaware,2.95081967213115,0.04097648710012436
Combined,bioaware,6.12244897959184,0.44268229603767395
Combined,bioaware,1.33333333333333,5.386551856645383e-05
Combined,bioaware,3.08219178082192,4.5715529267909005e-05
Combined,bioaware,9.41558441558442,0.030766891315579414
Combined,bioaware,1.30718954248366,0.09169355779886246
Combined,bioaware,4.65686274509804,0.010733537375926971
Combined,bioaware,3.51648351648352,2.847484029189218e-05
Combined,bioaware,7.74193548387097,2.8231706892256625e-05
Combined,bioaware,3.44827586206897,5.849125955137424e-06
Combined,bioaware,1.55902004454343,2.0931815924996044e-06
Combined,bioaware,1.09170305676856,8.055696412156976e-07
Combined,bioaware,1.38248847926267,2.294144223924377e-06
Combined,bioaware,1.37093615354485,0.1765608936548233
Combined,bioaware,12.4653259361997,0.9961644411087036
Combined,bioaware,8.82607941737472,0.9999061822891235
Combined,bioaware,1.08089260808926,0.41694018244743347
Combined,bioaware,6.07792207792208,0.9943965673446655
Combined,bioaware,1.36633663366337,0.0009600898483768106
Combined,bioaware,3.40314136125654,0.009625107981264591
Combined,bioaware,5.81320795041676,0.1892784684896469
Combined,bioaware,9.4075079149706,0.998620867729187
Combined,bioaware,9.26130099228225,0.9999969005584717
Combined,bioaware,1.64261931187569,0.9992027878761292
Combined,bioaware,1.2022630834512,0.3290058672428131
Combined,bioaware,1.85595567867036,0.0014522024430334568
Combined,bioaware,10.11301072153,0.11237624287605286
Combined,bioaware,2.09910529938059,0.9240896701812744
Combined,bioaware,1.01085735679521,0.9994879961013794
Combined,bioaware,1.83109118086697,0.8123908042907715
Combined,bioaware,2.60501465320742,0.019055668264627457
Combined,bioaware,2.02684196110655,0.02983108162879944
Combined,bioaware,3.71406766726024,0.3800961375236511
Combined,bioaware,3.55771691835168,0.9960386753082275
Combined,bioaware,1.92885771543086,0.8521215319633484
Combined,bioaware,11.1907114624506,0.9998519420623779
Combined,bioaware,3.65994903868427,0.021305251866579056
Combined,bioaware,7.8941565600882,0.7843277454376221
Combined,bioaware,2.12005108556833,0.015605944208800793
Combined,bioaware,1.18053556003455,0.015316499397158623
Combined,bioaware,2.05371248025276,0.0009307105792686343
Combined,bioaware,1.09743930828068,0.003004455706104636
Combined,bioaware,2.32651423987164,0.00226389872841537
Combined,bioaware,2.0997375328084,0.6737881302833557
Combined,bioaware,9.40919037199125,0.9952178001403809
Combined,bioaware,1.96476964769648,0.9634192585945129
Combined,bioaware,2.68945230424429,0.0038325926288962364
Combined,bioaware,1.02428357693636,0.3931925892829895
Combined,bioaware,7.89963736156033,0.02254631742835045
Combined,bioaware,1.38310412573674,0.9833024144172668
Combined,bioaware,7.78525542979504,0.8971668481826782
Combined,bioaware,1.20956657197837,0.018847109749913216
Combined,bioaware,5.12319123973406,0.9997705817222595
Combined,bioaware,11.4978490418459,0.9638283848762512
Combined,bioaware,2.95613782512717,0.509086549282074
Combined,bioaware,7.71771771771772,0.035286132246255875
Combined,bioaware,4.05042016806723,0.025249948725104332
Combined,bioaware,3.07717489156232,0.3099921941757202
Combined,bioaware,2.39419996627887,0.8513432741165161
Combined,bioaware,1.34697870419144,0.191740483045578
Combined,bioaware,10.3705852491116,0.999600350856781
Combined,bioaware,8.44995029441003,0.9921372532844543
Combined,bioaware,3.41749553685284,0.0007067900733090937
Combined,bioaware,8.00904246730179,0.9999932050704956
Combined,bioaware,1.27274210655136,0.999665379524231
Combined,bioaware,1.2238156017719,0.03203865885734558
Combined,bioaware,7.98252247710277,0.03722499683499336
Combined,bioaware,2.72563825961884,0.5766519904136658
Combined,bioaware,5.60977372948746,0.9878684282302856
Combined,bioaware,4.73712303175874,0.9999662637710571
Combined,bioaware,5.39575352249854,0.9924618601799011
Combined,bioaware,3.9004401274852,0.9875072836875916
Combined,bioaware,1.88197465481369,0.9035516381263733
Combined,bioaware,1.47498505082719,0.0025745790917426348
Combined,bioaware,2.34342160571669,0.6771950721740723
Combined,bioaware,6.71140939597315,0.9863051176071167
Combined,bioaware,1.2033426183844,0.0018541541649028659
Combined,bioaware,9.29158851536575,0.8512136340141296
Combined,bioaware,4.0447372452888,0.001304642646573484
Combined,bioaware,6.78925035360679,0.14641502499580383
Combined,bioaware,1.75228992433294,0.00044572565820999444
Combined,bioaware,9.16677203186243,0.1562575101852417
Combined,bioaware,11.5400026712969,0.8191360235214233
Combined,bioaware,3.41327056054142,0.0008525727898813784
Combined,bioaware,3.82098926982465,0.5282518863677979
Combined,bioaware,3.21088794926004,0.029464853927493095
Combined,bioaware,3.12256049960968,0.12755469977855682
Combined,bioaware,13.7434049671857,0.9997586607933044
Combined,bioaware,13.2705109362843,0.6490143537521362
Combined,bioaware,9.49440052700922,0.8898482322692871
Combined,bioaware,5.14892980092801,0.9898574352264404
Combined,bioaware,12.7670978346316,0.9995741248130798
Combined,bioaware,12.3491930006146,0.8906489014625549
Combined,bioaware,2.41356601909779,0.9633992314338684
Combined,bioaware,1.48996731911305,0.02150130271911621
Combined,bioaware,5.1555312656556,0.9604995250701904
Combined,bioaware,3.81302254877122,0.07149576395750046
Combined,bioaware,10.0353971309694,0.8480281829833984
Combined,bioaware,3.99437807449051,0.9698216319084167
Combined,bioaware,3.46070860776743,0.9967130422592163
Combined,bioaware,12.6825342071979,0.9986648559570312
Combined,bioaware,6.94623933833032,0.011624159291386604
Combined,bioaware,5.07403817227663,0.008598869666457176
Combined,bioaware,4.23834228330451,0.9994514584541321
Combined,bioaware,8.12306856386049,0.9896407723426819
Combined,bioaware,1.23016824863791,0.00615666713565588
Combined,bioaware,3.01273032975329,0.00015997003356460482
Combined,bioaware,5.94099028631717,0.026954088360071182
Combined,bioaware,6.40884761263337,0.022016556933522224
Combined,bioaware,4.54060967810701,0.7974262237548828
Combined,bioaware,1.10502241746298,0.009593767113983631
Combined,bioaware,3.35015621244893,0.9924405813217163
Combined,bioaware,2.69373748927652,0.9508872032165527
Combined,bioaware,1.39995573262506,0.9726364612579346
Combined,bioaware,1.00883411495256,0.9035959243774414
Combined,bioaware,13.1664122137405,0.8410391807556152
Combined,bioaware,2.30784148943047,0.011910352855920792
Combined,bioaware,3.24124991913049,0.00869931560009718
Combined,bioaware,9.11114202253443,0.999998927116394
Combined,bioaware,12.7268602540835,0.9998979568481445
Combined,bioaware,2.17391304347826,0.8617104291915894
Combined,bioaware,2.26468910439247,0.9881438612937927
Combined,bioaware,2.48692620569436,0.9980127811431885
Combined,bioaware,2.63734995383195,0.7235514521598816
Combined,bioaware,7.61389160859299,0.9999653100967407
Combined,bioaware,14.0033906514895,0.9858956933021545
Combined,bioaware,4.88661125010088,0.0004199268005322665
Combined,bioaware,7.45796102159994,0.993062436580658
Combined,bioaware,2.27689003979031,0.00048075776430778205
Combined,bioaware,4.45842158184113,0.8048871755599976
Combined,bioaware,9.97658884426212,0.8271081447601318
Combined,bioaware,1.50754793961648,0.08330967277288437
Combined,bioaware,2.19129994209612,5.9074711316497996e-05
Combined,bioaware,1.8611069042691,0.002292721765115857
Combined,bioaware,3.56770290006259,0.19205212593078613
Combined,bioaware,11.2843837990037,0.010566260665655136
Combined,bioaware,6.51312530955919,0.6043307185173035
Combined,bioaware,1.8504039614282,0.2882772982120514
Combined,bioaware,14.0559267508043,0.2402225285768509
Combined,bioaware,7.95902285263987,0.8552789688110352
Combined,bioaware,4.7531512605042,0.9997976422309875
Combined,bioaware,12.9839958699019,0.9998167157173157
Combined,bioaware,1.54880187025132,0.233328714966774
Combined,bioaware,1.37529754033325,0.4775714874267578
Combined,bioaware,10.0238663484487,0.9932565689086914
Combined,bioaware,12.4191461836999,0.99969482421875
Combined,bioaware,1.79746835443038,0.43180596828460693
Combined,bioaware,2.05479452054795,0.00027218263130635023
Combined,bioaware,5.27460576400218,0.23108623921871185
Combined,bioaware,3.70942812982998,0.8091526031494141
Combined,bioaware,2.78276481149013,0.7907859683036804
Combined,bioaware,8.36532632855122,0.8156395554542542
Combined,bioaware,6.14525139664805,0.8661820888519287
Combined,bioaware,1.21814617754131,0.07313533127307892
Combined,bioaware,1.56337241764377,0.0029434170573949814
Combined,bioaware,4.55827495223365,0.9514015316963196
Combined,bioaware,13.2387282198671,0.998392641544342
Combined,bioaware,1.63891779396462,0.47758039832115173
Combined,bioaware,11.2098138747885,0.9513152837753296
Combined,bioaware,2.36035771880956,0.9994756579399109
Combined,bioaware,11.6615853658537,0.9881635308265686
Combined,bioaware,3.1337106174508,0.9998489618301392
Combined,bioaware,2.6587086272382,0.6224748492240906
Combined,bioaware,5.93354430379747,0.10046055912971497
Combined,bioaware,8.01096783755743,0.9830489158630371
Combined,bioaware,8.5884604062408,0.9938088059425354
Combined,bioaware,3.68455545037501,0.004024639260023832
Combined,bioaware,9.23099940155596,0.005019056145101786
Combined,bioaware,2.19179929862422,0.9861034154891968
Combined,bioaware,3.86496727523252,0.646062433719635
Combined,bioaware,1.55145191185556,0.00039121985901147127
Combined,bioaware,10.5406509600981,0.029655281454324722
Combined,bioaware,9.03121028103375,0.05094801262021065
Combined,bioaware,5.59783404068491,0.9957824945449829
Combined,bioaware,13.1650910227362,0.9973567724227905
Combined,bioaware,1.06252195293291,0.9952998161315918
Combined,bioaware,6.50842908663927,0.5051463842391968
Combined,bioaware,7.08340411075251,0.9956315755844116
Combined,bioaware,4.06126312166581,0.9997312426567078
Combined,bioaware,13.6576637982449,0.9972372055053711
Combined,bioaware,7.92932370093133,0.9501066207885742
Combined,bioaware,5.3055250640322,0.0006807294557802379
Combined,bioaware,1.56377112898852,0.0014862450771033764
Combined,bioaware,13.7076936126898,0.9987285733222961
Combined,bioaware,9.73166368515206,0.4666001796722412
Combined,bioaware,4.90925081954106,0.07790855318307877
Combined,bioaware,10.6625504630729,0.986672043800354
Combined,bioaware,2.63826606875934,0.8024023175239563
Combined,bioaware,5.80385852090032,0.939224123954773
Combined,bioaware,1.55100735529261,0.07399196177721024
Combined,bioaware,4.02507934050623,0.003327270969748497
Combined,bioaware,2.74321922571671,0.5666642785072327
Combined,bioaware,1.67027067332787,0.9999562501907349
Combined,bioaware,1.3795702977761,0.02225508913397789
Combined,bioaware,1.0338606716625,0.0015596539014950395
Combined,bioaware,12.6115252632825,0.8592993021011353
Combined,bioaware,3.85528428794191,0.8660207986831665
Combined,bioaware,6.97257054198942,0.9971079230308533
Combined,bioaware,1.88364727454576,0.9555712342262268
Combined,bioaware,1.45205943838635,0.9906908273696899
Combined,bioaware,6.67585553977668,0.8409330248832703
Combined,bioaware,4.62478963362056,0.9863020181655884
Combined,bioaware,14.0052319044471,0.9999337196350098
Combined,bioaware,1.36560629735546,0.003870462765917182
Combined,bioaware,2.32602457789079,0.02018716372549534
Combined,bioaware,2.25679662594301,0.9964097142219543
Combined,bioaware,3.31790506649715,0.998115062713623
Combined,bioaware,2.69305744822571,0.9704736471176147
Combined,bioaware,1.90166464557381,0.994284451007843
Combined,bioaware,1.28612154982506,0.997877836227417
Combined,bioaware,6.03758892860935,0.9999755620956421
Combined,bioaware,1.0922315905184,0.08565539121627808
Combined,bioaware,14.5742523826782,0.9999998807907104
Combined,bioaware,2.58964534826604,0.9999871253967285
Combined,bioaware,4.47517346587274,0.9998130202293396
Combined,bioaware,1.43613078570252,0.9780203700065613
Combined,bioaware,4.60918470404182,0.9991102814674377
Combined,bioaware,2.53238621199368,0.9928606152534485
Combined,bioaware,2.29186827506252,0.9992595314979553
Combined,bioaware,6.58776325135825,0.9999972581863403
Combined,bioaware,2.94592008747551,0.9990692734718323
Combined,bioaware,4.27037439682631,0.9943860769271851
Combined,bioaware,1.42023261869629,0.02874736487865448
Combined,bioaware,1.4144951419645,0.9999681711196899
Combined,bioaware,3.6564632275712,0.9410433173179626
Combined,bioaware,1.88545001778726,0.7338556051254272
Combined,bioaware,5.74939144546192,0.9999978542327881
Combined,bioaware,1.38290811995493,0.07496974617242813
Combined,bioaware,2.29472352922262,0.005355380475521088
Combined,bioaware,1.04834659661593,0.9990159273147583
Combined,bioaware,1.67901486459489,0.9271352887153625
Combined,bioaware,8.30352036535323,0.9998712539672852
Combined,bioaware,3.20593788076928,0.9999010562896729
Combined,bioaware,8.9685060061732,0.9999920129776001
Combined,bioaware,8.95748407580352,0.9999333620071411
Combined,bioaware,5.46503971129758,0.9999809265136719
Combined,bioaware,4.69706211583964,0.9999375343322754
Combined,bioaware,12.291841094568,0.9999912977218628
Combined,bioaware,2.81671755783805,0.08418016880750656
Combined,bioaware,1.72879640635666,0.9999332427978516
Combined,bioaware,1.76040025942741,0.9988935589790344
Combined,bioaware,13.8751887482515,0.997706413269043
Combined,bioaware,1.0141262036275,0.999763548374176
Combined,bioaware,1.17993314600008,0.999961256980896
Combined,bioaware,2.68306229233453,0.0748659297823906
Combined,bioaware,9.66843210887885,0.017580481246113777
Combined,bioaware,2.48600599773687,0.9982251524925232
Combined,bioaware,2.00180400452375,0.044323790818452835
Combined,bioaware,3.89946534316951,0.9044017791748047
Combined,bioaware,2.07701565418444,0.48387086391448975
Combined,bioaware,2.50762159529829,0.9585323929786682
Combined,bioaware,1.11267470657366,0.9752967357635498
Combined,bioaware,1.0213556174559,0.11084554344415665
Combined,bioaware,1.36944962489513,0.9828755855560303
Combined,bioaware,2.63753216700265,0.9949222207069397
Combined,bioaware,3.97656058197982,0.9849200248718262
Combined,bioaware,2.01832653164685,0.8201249837875366
Combined,bioaware,1.64687415565534,0.9069287776947021
Combined,bioaware,5.33411779277884,0.9999603033065796
Combined,bioaware,11.4305516176795,0.9999818801879883
Combined,bioaware,1.94404159739663,0.0814715027809143
Combined,bioaware,2.65638325484816,0.9929980039596558
Combined,bioaware,1.38436422469015,0.7518577575683594
Combined,bioaware,1.60285418224268,0.6241082549095154
Combined,bioaware,3.61736493390909,0.9036328196525574
Combined,bioaware,2.33710233225734,0.9984155893325806
Combined,bioaware,5.6796899845699,0.9521236419677734
Combined,bioaware,1.47105180203846,0.9624139666557312
Combined,bioaware,1.15279815552295,0.9713947772979736
Combined,bioaware,2.70750988142293,0.3693249225616455
Combined,bioaware,3.58068697342839,0.9593273997306824
Combined,bioaware,1.51760719021659,0.9452207088470459
Combined,bioaware,2.56160378671864,0.9147414565086365
Combined,bioaware,2.60041508973263,0.9209681749343872
Combined,bioaware,1.77398160315375,0.9398317337036133
Combined,bioaware,1.47909252669039,0.9062115550041199
Combined,bioaware,1.4021031547321,0.9594385027885437
Combined,bioaware,2.88484848484849,0.995935320854187
Combined,bioaware,4.116760627574,0.006936332210898399
Combined,bioaware,1.62730187654408,0.9856955409049988
Combined,bioaware,9.84466574546148,0.9419109225273132
Combined,bioaware,1.86097521762098,0.3878953158855438
Combined,bioaware,1.02433650930647,0.5475168228149414
Combined,bioaware,5.93122417806636,0.9693441987037659
Combined,bioaware,7.75549776782359,0.858752429485321
Combined,bioaware,11.9867419369485,0.8187097907066345
Combined,bioaware,1.7910191062885,0.006082063540816307
Combined,bioaware,1.64658954926207,0.3736078441143036
Combined,bioaware,1.27085384823964,7.620233191119041e-07
Combined,bioaware,6.9846953000044,0.12726281583309174
Combined,bioaware,1.02504989865544,0.5267401337623596
Combined,bioaware,13.6405288650347,0.002049004193395376
Combined,bioaware,1.41413651109547,0.32297003269195557
Combined,bioaware,8.47569463275304,0.04887896403670311
Combined,bioaware,3.32817633127053,0.7571678161621094
Combined,bioaware,4.02282422270109,0.1023162305355072
Combined,bioaware,2.96864790067778,0.04459049552679062
Combined,bioaware,5.49520483068908,0.14560753107070923
Combined,bioaware,6.6600856592418,0.6017412543296814
Combined,bioaware,3.4009027492819,0.17585310339927673
Combined,bioaware,6.65230185402563,0.07332377135753632
Combined,bioaware,1.81392627267408,0.1805839091539383
Combined,bioaware,2.99930531434526,0.4643703103065491
Combined,bioaware,2.31740874581441,0.8593544960021973
Combined,bioaware,1.98651577173128,0.6768923401832581
Combined,bioaware,4.3713036770378,0.6310973763465881
Combined,bioaware,5.17255786746887,0.6332159638404846
Combined,bioaware,1.28496149169031,0.553307831287384
Combined,bioaware,2.16216216216216,0.7004205584526062
Combined,bioaware,13.7954539496107,0.8032273650169373
Combined,bioaware,2.74084416281817,0.007433806546032429
Combined,bioaware,4.1557819575061,0.0002982338482979685
Combined,bioaware,2.93959490948199,0.05875948816537857
Combined,bioaware,2.12450191103521,0.05502326413989067
Combined,bioaware,9.45521962350257,0.9934705495834351
Combined,bioaware,9.95209760917664,0.9948078989982605
Combined,bioaware,7.60487879353339,0.45182567834854126
Combined,bioaware,3.44465815702046,1.3665135156770702e-07
Combined,bioaware,4.15403015676391,0.017953526228666306
Combined,bioaware,1.54129547914412,0.06738577038049698
Combined,bioaware,1.47066859750266,0.31683558225631714
Combined,bioaware,4.0813922356091,0.9968165755271912
Combined,bioaware,1.50617123131534,0.9998979568481445
Combined,bioaware,14.8607107019416,0.011884852312505245
Combined,bioaware,1.51815590531664,0.991354763507843
Combined,bioaware,7.29638897322878,0.033402808010578156
Combined,bioaware,12.4963757610902,0.10065783560276031
Combined,bioaware,1.194771396463,0.1631421148777008
Combined,bioaware,11.1737394372737,0.6819156408309937
Combined,bioaware,1.81147295559822,0.9983593821525574
Combined,bioaware,7.54238957225475,0.9923536777496338
Combined,bioaware,1.03532799670889,0.9998944997787476
Combined,bioaware,3.89614609735491,0.9270941019058228
Combined,bioaware,2.49784030605948,0.6316475868225098
Combined,bioaware,7.83444707911188,0.9948644042015076
Combined,bioaware,3.29510729037241,0.6077311038970947
Combined,bioaware,2.25464415980999,0.5412437915802002
Combined,bioaware,8.26360371814917,0.11774994432926178
Combined,bioaware,2.80960682429802,0.9946974515914917
Combined,bioaware,2.13038138773282,0.02122560702264309
Combined,bioaware,9.01807391421635,0.0010902995709329844
Combined,bioaware,1.46903513696089,0.0008881582180038095
Combined,bioaware,13.1376520143386,0.9952658414840698
Combined,bioaware,8.87286709925499,0.6232803463935852
Combined,bioaware,8.04617288822717,0.23400068283081055
Combined,bioaware,3.62056099381063,0.0021097511053085327
Combined,bioaware,2.45497224077267,0.9948987364768982
Combined,bioaware,4.4763738705377,0.0792798101902008
Combined,bioaware,3.14328830652582,0.990214467048645
Combined,bioaware,3.29072978303748,0.9719467759132385
Combined,bioaware,4.1215124244239,0.15119338035583496
Combined,bioaware,3.33519609835399,0.02640015445649624
Combined,bioaware,4.57033260045844,0.6840558052062988
Combined,bioaware,2.0838511889966,0.9570354223251343
Combined,bioaware,2.09069669921524,0.997413694858551
Combined,bioaware,6.94012048679901,0.06679214537143707
Combined,bioaware,1.15490261361745,0.002274883445352316
Combined,bioaware,1.21878507295174,0.37752565741539
Combined,bioaware,1.02841234749857,0.02057436853647232
Combined,bioaware,14.617903930131,0.9996669292449951
Combined,bioaware,6.14071063718728,0.9956536293029785
Combined,bioaware,7.77534564367365,0.9986618757247925
Combined,bioaware,8.88981173864895,0.9942505359649658
Combined,bioaware,4.23420552325901,0.6288697719573975
Combined,bioaware,1.58938283147297,0.191633939743042
Combined,bioaware,1.97036139137462,0.030501218512654305
Combined,bioaware,2.22789937628024,0.9250214695930481
Combined,bioaware,8.48514851485149,0.993898868560791
Combined,bioaware,9.02723211278989,0.12529228627681732
Combined,bioaware,9.63953145409346,0.488552451133728
Combined,bioaware,7.26484833035942,0.9925563931465149
Combined,bioaware,1.47174068428622,0.002803511917591095
Combined,bioaware,9.6340644341251,0.6235989332199097
Combined,bioaware,10.7106878202236,0.9992806315422058
Combined,bioaware,2.01092705482066,0.014237034134566784
Combined,bioaware,2.07025060156112,0.00018455406825523823
Combined,bioaware,2.36102737248282,0.9042963981628418
Combined,bioaware,9.70056768209803,0.8581124544143677
Combined,bioaware,5.58855098389982,0.8299846649169922
Combined,bioaware,1.65191852562945,0.004275298677384853
Combined,bioaware,5.80581738275603,0.6668163537979126
Combined,bioaware,2.42255260441289,0.09811381250619888
Combined,bioaware,7.78665985779943,0.04892471060156822
Combined,bioaware,4.10473203327424,0.9306215643882751
Combined,bioaware,2.1522319273542,0.9436925649642944
Combined,bioaware,8.50706425017252,0.9766448736190796
Combined,bioaware,1.05352351362802,0.0008978687692433596
Combined,bioaware,4.39552990393554,0.08963611721992493
Combined,bioaware,12.6833245605887,0.6583343148231506
Combined,bioaware,6.20696742369746,0.9983479976654053
Combined,bioaware,8.87569014555797,0.5940362215042114
Combined,bioaware,2.14139853192781,0.0020729454699903727
Combined,bioaware,9.0391524335859,0.9875075221061707
Combined,bioaware,1.76006946763743,0.01096554845571518
Combined,bioaware,1.69003891943412,0.011686833575367928
Combined,bioaware,1.56022583689202,0.0008716135052964091
Combined,bioaware,1.15107913669065,0.5834222435951233
Combined,bioaware,4.65701546404266,0.9453484416007996
Combined,bioaware,9.58220900410189,0.7221088409423828
Combined,bioaware,1.15049352647097,0.0020203469321131706
Combined,bioaware,7.51983775692511,0.28636470437049866
Combined,bioaware,4.15903656849496,0.03574281930923462
Combined,bioaware,6.22119448209872,0.019282866269350052
Combined,bioaware,7.22305236427178,9.039341239258647e-05
Combined,bioaware,1.50025907768345,0.0019165172707289457
Combined,bioaware,1.7144722346893,0.0005785961402580142
Combined,bioaware,2.60339651386835,0.9891730546951294
Combined,bioaware,2.16698644765287,0.9728322625160217
Combined,bioaware,6.11983701330362,0.9811139702796936
Combined,bioaware,5.52999858996052,0.04838016256690025
Combined,bioaware,2.79326098859179,0.18779291212558746
Combined,bioaware,2.15912325647595,0.010924991220235825
Combined,bioaware,1.83125190374657,0.9997952580451965
Combined,bioaware,4.5861579333089,0.9918199777603149
Combined,bioaware,2.13365035665123,0.030922411009669304
Combined,bioaware,4.63502841538121,0.9996564388275146
Combined,bioaware,3.82449071885214,0.017447886988520622
Combined,bioaware,4.15419501133787,0.230723574757576
Combined,bioaware,2.42986181731172,0.988990068435669
Combined,bioaware,6.63807768641905,0.9611650109291077
Combined,bioaware,8.53758169934641,0.27353549003601074
Combined,bioaware,2.97951582867784,0.006795693654567003
Combined,bioaware,4.10192666252331,0.00015125711797736585
Combined,bioaware,1.65165165165165,0.22847117483615875
Combined,bioaware,10.4347826086957,0.9991887211799622
Combined,bioaware,2.22419928825623,0.012485013343393803
Combined,bioaware,1.40562248995984,0.9116819500923157
Combined,bioaware,3.60551431601273,0.9877074360847473
Combined,bioaware,10.0115074798619,0.9973959922790527
Combined,bioaware,12.3505976095618,0.9909913539886475
Combined,bioaware,3.44827586206897,0.9953380823135376
Combined,bioaware,7.45814307458143,0.7700517773628235
Combined,bioaware,10.4208416833667,0.9998078942298889
Combined,bioaware,4.01891252955083,0.7766413688659668
Combined,bioaware,12.0430107526882,0.00010837201261892915
Combined,bioaware,1.02564102564103,0.0009518538718111813
Combined,bioaware,7.42574257425743,0.9524844884872437
Combined,bioaware,6.94736842105263,0.4039737582206726
Combined,bioaware,6.07966457023061,0.37171825766563416
Combined,bioaware,10.4854368932039,0.9558354616165161
Combined,bioaware,5.35372848948375,0.860489010810852
Combined,bioaware,3.49907918968692,0.9993071556091309
Combined,bioaware,3.56536502546689,0.9414476156234741
Combined,bioaware,2.14521452145215,0.0067115961574018
Combined,bioaware,13.5048231511254,0.5553677082061768
Combined,bioaware,2.45398773006135,0.021979382261633873
Combined,bioaware,7.04647676161919,0.8567714095115662
Combined,bioaware,1.98412698412698,0.9887813925743103
Combined,bioaware,7.92682926829268,0.9982736110687256
Combined,bioaware,3.62756952841596,0.9810703992843628
Combined,bioaware,9.93020076275455,0.6584897637367249
Combined,bioaware,2.02947929782979,0.8572325110435486
Combined,bioaware,6.40948210780613,0.9958664178848267
Combined,bioaware,2.65839270665747,0.9996001124382019
Combined,bioaware,3.03877366997295,0.9790908098220825
Combined,bioaware,2.75525057184446,0.9047977328300476
Combined,bioaware,1.69436650118714,0.35420718789100647
Combined,bioaware,13.3777438025554,0.9996054768562317
Combined,bioaware,3.84656594878389,0.03933676332235336
Combined,bioaware,3.33915320820602,0.9963846206665039
Combined,bioaware,13.2297669756953,0.9012659788131714
Combined,bioaware,6.0678010816515,0.020362798124551773
Combined,bioaware,4.11063181933519,0.9028145670890808
Combined,bioaware,5.11760144740243,0.9961034059524536
Combined,bioaware,8.11406192632481,0.9317444562911987
Combined,bioaware,1.05112899039709,0.930539608001709
Combined,bioaware,1.84602762204294,0.9971326589584351
Combined,bioaware,8.7879727216367,0.999516487121582
Combined,bioaware,2.71767810026385,0.2482895702123642
Combined,bioaware,1.71512796462549,0.24078553915023804
Combined,bioaware,4.70431893687708,0.6204686164855957
Combined,bioaware,2.82001658833287,0.8736476302146912
Combined,bioaware,1.96355417431841,0.7670389413833618
Combined,bioaware,4.04298186702485,0.055658724159002304
Combined,bioaware,4.40448266875163,0.00010122796084033325
Combined,bioaware,5.55116033755274,3.0271767172962427e-06
Combined,bioaware,13.4804573251795,0.00016676548693794757
Combined,bioaware,11.1155805846071,0.9967654943466187
Combined,bioaware,9.69908651262762,0.9999052286148071
Combined,bioaware,2.63349073737741,0.7751057147979736
Combined,bioaware,7.70765324628219,0.49365851283073425
Combined,bioaware,1.12658746415404,0.8922145962715149
Combined,bioaware,1.5986769570011,0.29643964767456055
Combined,bioaware,3.8877755511022,0.8004826307296753
Combined,bioaware,3.39622641509434,0.0013441559858620167
Combined,bioaware,1.28649183572489,0.042096804827451706
Combined,bioaware,2.01405152224824,0.002647549146786332
Combined,bioaware,2.67558528428094,0.003161676460877061
Combined,bioaware,10.1937657961247,0.0003355687076691538
Combined,bioaware,2.27601903579557,0.00017855828627943993
Combined,bioaware,6.04779023049271,0.03246152028441429
Combined,bioaware,8.00080612656187,0.1091032549738884
Combined,bioaware,1.18845500848896,0.00020152152865193784
Combined,bioaware,1.95678802376956,0.3864966034889221
Combined,bioaware,6.59056617102325,0.9638349413871765
Combined,bioaware,3.41399709332078,0.3510403037071228
Combined,bioaware,9.35906412456859,0.3645476698875427
Combined,bioaware,1.73719996058405,0.9255985617637634
Combined,bioaware,2.80527723379908,0.886238694190979
Combined,bioaware,1.62362680054602,0.7028999924659729
Combined,bioaware,3.68194713217993,0.4564130902290344
Combined,bioaware,4.51778165478789,0.7877573370933533
Combined,bioaware,6.50992224858747,0.9997745156288147
Combined,bioaware,4.78066844788629,0.054786790162324905
Combined,bioaware,10.4360587002096,0.9975146055221558
Combined,bioaware,1.87320606101061,0.9370036721229553
Combined,bioaware,6.31247091321253,0.9736921191215515
Combined,bioaware,3.2378348797478,0.8752039074897766
Combined,bioaware,2.37203989252766,0.8891487121582031
Combined,bioaware,1.464565334821,1.5399567928398028e-05
Combined,bioaware,1.72993718351388,0.9550490975379944
Combined,bioaware,1.36212452884069,0.8992634415626526
Combined,bioaware,1.14266138990177,2.773529922706075e-05
Combined,bioaware,1.7384290164664,0.36837533116340637
Combined,bioaware,7.9504125767471,0.31148651242256165
Combined,bioaware,5.44418010908669,0.7640491724014282
Combined,bioaware,7.44525547445256,0.4792579412460327
Combined,bioaware,1.41826034512947,0.0016739984275773168
Combined,bioaware,6.84140821127123,0.3281233012676239
Combined,bioaware,10.8633492659611,0.0018747438443824649
Combined,bioaware,12.165612601642,0.9996300935745239
Combined,bioaware,3.29083227554326,0.9998782873153687
Combined,bioaware,6.64657864460637,0.0007825546199455857
Combined,bioaware,2.42062738035244,0.03678246960043907
Combined,bioaware,2.93106026618813,0.9004672765731812
Combined,bioaware,12.9539605376037,0.9999794960021973
Combined,bioaware,12.8158844765343,0.8079627752304077
Combined,bioaware,2.39547686356197,0.35877788066864014
Combined,bioaware,2.63271471730686,0.9784628748893738
Combined,bioaware,13.0544284315097,0.9975640773773193
Combined,bioaware,1.07249524843877,0.00017927685985341668
Combined,bioaware,3.84816070962692,0.005122924689203501
Combined,bioaware,2.05866523143165,0.0031410139054059982
Combined,bioaware,1.37670400863814,0.019502468407154083
Combined,bioaware,13.2362852136407,0.9997227787971497
Combined,bioaware,8.18861875500935,0.994675874710083
Combined,bioaware,2.75597907324365,0.9808696508407593
Combined,bioaware,11.5500376222724,0.9491954445838928
Combined,bioaware,14.5570179312782,0.9366210103034973
Combined,bioaware,1.94653516740202,0.9999583959579468
Combined,bioaware,6.26873807576996,0.9985266923904419
Combined,bioaware,11.596034214619,0.005772015079855919
Combined,bioaware,4.66095679742583,0.9991050362586975
Combined,bioaware,4.83774636671312,0.9820873141288757
Combined,bioaware,12.5311410064773,0.9996631145477295
Combined,bioaware,1.06720807954605,0.4285726547241211
Combined,bioaware,3.6272040302267,0.12228596955537796
Combined,bioaware,9.72480476013388,0.8399049043655396
Combined,bioaware,4.23545682427176,0.8700165152549744
Combined,bioaware,5.6343704659036,0.9418069124221802
Combined,bioaware,2.98601288700299,0.16048672795295715
Combined,bioaware,2.23417768811178,0.9914529323577881
Combined,bioaware,1.55990957045968,0.0049802325665950775
Combined,bioaware,3.75631744297227,0.9892492294311523
Combined,bioaware,4.34453318645001,0.9994410872459412
Combined,bioaware,7.57198720227515,0.999919056892395
Combined,bioaware,4.18601378922189,0.9930558800697327
Combined,bioaware,3.06136877828054,0.9955045580863953
Combined,bioaware,5.57942937654104,0.9783565402030945
Combined,bioaware,4.52308101636291,0.9860115051269531
Combined,bioaware,6.23062072193296,0.9993247985839844
Combined,bioaware,11.7333030440709,0.9999995231628418
Combined,bioaware,1.10656446314333,0.10538135468959808
Combined,bioaware,1.73831884734294,0.9892084002494812
Combined,bioaware,8.11682271966268,0.999980092048645
Combined,bioaware,1.43043762246897,0.8109250664710999
Combined,bioaware,2.75229357798165,0.8567371368408203
Combined,bioaware,7.79189833200953,0.6405431628227234
Combined,bioaware,4.58908218356329,0.09912534803152084
Combined,bioaware,2.40611961057024,0.9968816041946411
Combined,bioaware,2.34576757532281,0.07398512959480286
Combined,bioaware,2.62479138218783,0.3429419696331024
Combined,bioaware,12.9730131588729,0.3893750011920929
Combined,bioaware,2.02839756592292,0.009851242415606976
Combined,bioaware,3.40936089332383,0.9990665316581726
Combined,bioaware,1.00301484230056,0.7206286787986755
Combined,bioaware,2.79549853057129,0.16686463356018066
Combined,bioaware,8.3745466534784,0.037193674594163895
Combined,bioaware,7.44882370913535,0.8332423567771912
Combined,bioaware,3.08776049310244,0.0026955557987093925
Combined,bioaware,9.85953357080449,0.9902254939079285
Combined,bioaware,1.33309313637182,0.8182742595672607
Combined,bioaware,13.9326098073754,0.9964990615844727
Combined,bioaware,1.98571334949866,0.006506488658487797
Combined,bioaware,11.9462483122227,0.6535399556159973
Combined,bioaware,2.0572764465225,0.25634095072746277
Combined,bioaware,8.80837912087912,0.08923888206481934
Combined,bioaware,1.43701399688958,0.09284013509750366
Combined,bioaware,4.16819684171869,0.43466055393218994
Combined,bioaware,7.00504084825309,0.9612430930137634
Combined,bioaware,7.37486537044385,0.9994480013847351
Combined,bioaware,2.41834528280414,0.9964609742164612
Combined,bioaware,2.6039960694399,0.9999597072601318
Combined,bioaware,10.9018830525273,0.992500364780426
Combined,bioaware,1.96650246305419,0.9969973564147949
Combined,bioaware,8.81461061337009,0.9979507327079773
Combined,bioaware,1.64206205099866,0.1381625086069107
Combined,bioaware,4.84540222192478,0.9915308952331543
Combined,bioaware,14.0118628040918,0.9988842606544495
Combined,bioaware,1.23595786734719,0.04888509586453438
Combined,bioaware,3.36750806691535,0.08379559218883514
Combined,bioaware,2.96939703060297,0.000127951439935714
Combined,bioaware,12.8929071239754,0.7027695775032043
Combined,bioaware,1.04993650826425,0.007317155599594116
Combined,bioaware,1.08542075114183,0.0017548082396388054
Combined,bioaware,1.1978635299766,0.0004516316985245794
Combined,bioaware,4.93045474668232,0.017439616844058037
Combined,bioaware,3.13589922448812,0.0014538683462888002
Combined,bioaware,8.00954257857069,0.0009313985938206315
Combined,bioaware,9.1776110068793,0.0018878496484830976
Combined,bioaware,7.9142398071902,0.002037705620750785
Combined,bioaware,8.21513762829967,0.000920963182579726
Combined,bioaware,10.7687311351393,0.0002995497779920697
Combined,bioaware,10.8315903078231,0.00026830806746147573
Combined,bioaware,10.9778792471654,0.0001804082712624222
Combined,bioaware,9.18420194502522,0.00011335483577568084
Combined,bioaware,3.89776046738072,1.7303631238974049e-06
Combined,bioaware,1.96732546537527,0.030891504138708115
Combined,bioaware,6.48874823444453,0.00043197788181714714
Combined,bioaware,11.0984253841397,0.0773465558886528
Combined,bioaware,5.59766763848397,0.08182982355356216
Combined,bioaware,2.44574471378595,0.9946558475494385
Combined,bioaware,1.29459990797674,0.0023094818461686373
Combined,bioaware,4.99660622515272,0.0026775365695357323
Combined,bioaware,6.39615724939957,0.9983906745910645
Combined,bioaware,2.72656210172141,0.9996217489242554
Combined,bioaware,4.11799344304039,2.309312918669093e-08
Combined,bioaware,4.67010137942496,3.9377705434162635e-06
Combined,bioaware,1.08059729615149,1.944107907547732e-06
Combined,bioaware,2.09324824829716,0.0011365743121132255
Combined,bioaware,3.94864018869765,0.019682081416249275
Combined,bioaware,4.94258199027038,4.03934961923369e-07
Combined,bioaware,1.62816959244431,0.46815863251686096
Combined,bioaware,13.588493218047,0.5642774701118469
Combined,bioaware,9.71984419872167,0.30067408084869385
Combined,bioaware,9.587753360667,0.6138725876808167
Combined,bioaware,8.18636962095489,0.0046960762701928616
Combined,bioaware,8.27479991809773,0.001928649377077818
Combined,bioaware,7.73670361059211,0.006174028385430574
Combined,bioaware,14.9555788672379,0.19163595139980316
Combined,bioaware,1.51123140813862,0.9761185050010681
Combined,bioaware,14.7747998124056,0.05752081796526909
Combined,bioaware,1.38296408421632,0.0008180477889254689
Combined,bioaware,13.0798608807726,0.9983227849006653
Combined,bioaware,1.65881518397934,1.4469922007265268e-06
Combined,bioaware,2.59521933280799,0.009696651250123978
Combined,bioaware,3.68359895166284,0.9548479914665222
Combined,bioaware,13.2791569923201,7.855391595512629e-05
Combined,bioaware,1.86227171291898,2.2083495423430577e-06
Combined,bioaware,2.16392595587905,2.611736454127822e-05
Combined,bioaware,6.60996859885743,1.1079327123297844e-05
Combined,bioaware,4.59198939272158,2.200643223204679e-07
Combined,bioaware,11.3962563661618,0.00027493343804962933
Combined,bioaware,1.58083930977273,1.2402329048200045e-06
Combined,bioaware,4.68168368807865,0.8435518145561218
Combined,bioaware,10.5077813006753,0.991547167301178
Combined,bioaware,6.87089208674755,0.9613434672355652
Combined,bioaware,5.79827089337176,0.9375300407409668
Combined,bioaware,3.71131599036937,0.03095204383134842
Combined,bioaware,7.35157019950457,0.8202436566352844
Combined,bioaware,1.0305981896891,0.9338391423225403
Combined,bioaware,1.25393403216613,0.013252426870167255
Combined,bioaware,4.85899248455986,0.3387482464313507
Combined,bioaware,11.9449164363065,0.9771208763122559
Combined,bioaware,5.51771585827313,0.6794595718383789
Combined,bioaware,2.05279272592318,0.9531260132789612
Combined,bioaware,1.76129252474684,0.9766831994056702
Combined,bioaware,2.54286043033023,0.5870344042778015
Combined,bioaware,4.02240685386118,0.8506476283073425
Combined,bioaware,1.38817354621931,0.8149673342704773
Combined,bioaware,7.42691260340133,0.9999403953552246
Combined,bioaware,1.26971586580514,0.06199096888303757
Combined,bioaware,10.6888943368473,0.999176561832428
Combined,bioaware,12.3307810107198,0.9889967441558838
Combined,bioaware,1.27951766873221,0.30341070890426636
Combined,bioaware,1.65516814652105,0.2667752802371979
Combined,bioaware,1.23230295268095,0.002706446684896946
Combined,bioaware,2.32164039993222,0.01863493025302887
Combined,bioaware,5.79263595747959,0.017772603780031204
Combined,bioaware,1.19918195339613,8.287918831229035e-07
Combined,bioaware,2.73490138429499,0.965121328830719
Combined,bioaware,13.633316574493,0.07049301266670227
Combined,bioaware,2.5136891082929,0.4173215925693512
Combined,bioaware,13.1726998920271,0.9455033540725708
Combined,bioaware,4.71689780054766,0.0010268966434523463
Combined,bioaware,3.08054617251059,0.022003205493092537
Combined,bioaware,6.1315595634026,0.9997320771217346
Combined,bioaware,3.53772539984936,0.04515404254198074
Combined,bioaware,7.50772154906154,2.4810033210087568e-05
Combined,bioaware,4.62384356996754,0.9919822812080383
Combined,bioaware,4.01742423076331,0.9998801946640015
Combined,bioaware,1.0266696382141,0.2070653885602951
Combined,bioaware,6.2273276904474,0.01441193837672472
Combined,bioaware,4.32171701024479,0.14744128286838531
Combined,bioaware,13.8517721662326,0.8227884769439697
Combined,bioaware,1.06842029839339,0.6645629405975342
Combined,bioaware,9.80889565364451,0.9728632569313049
Combined,bioaware,7.51212983101891,0.0008097856189124286
Combined,bioaware,14.7036181678214,0.9926100373268127
Combined,bioaware,1.13437293587203,0.2698746621608734
Combined,bioaware,2.30451846633793,7.853159331716597e-05
Combined,bioaware,3.07680483680894,0.9961944818496704
Combined,bioaware,5.62507932478741,0.9477408528327942
Combined,bioaware,4.06090168592537,0.999670147895813
Combined,bioaware,11.7486004840247,0.9962181448936462
Combined,bioaware,1.208607644689,0.015712430700659752
Combined,bioaware,12.09250487601,0.9792705774307251
Combined,bioaware,13.3801177370539,0.9494275450706482
Combined,bioaware,3.45207491737055,0.5063313245773315
Combined,bioaware,2.3820306131691,0.033666688948869705
Combined,bioaware,2.83258937883276,0.01543578039854765
Combined,bioaware,14.9683968588393,0.9612441062927246
Combined,bioaware,3.74995880976703,0.7010228037834167
Combined,bioaware,3.32869190552505,0.3096451163291931
Combined,bioaware,1.25521984770327,0.0988529771566391
Combined,bioaware,2.75507481871317,0.004363908898085356
Combined,bioaware,3.95771105172143,0.03538595139980316
Combined,bioaware,1.03672612801679,0.14270111918449402
Combined,bioaware,7.28045208926288,0.0036811435129493475
Combined,bioaware,9.22323952575841,0.9740057587623596
Combined,bioaware,1.09231198289486,0.41783010959625244
Combined,bioaware,11.4654269250917,0.9989402890205383
Combined,bioaware,4.48607995777807,0.01413832325488329
Combined,bioaware,10.403172504957,0.8782589435577393
Combined,bioaware,6.30642004923932,0.9998694658279419
Combined,bioaware,1.09731446722495,0.046781934797763824
Combined,bioaware,5.23644135720011,0.010505679063498974
Combined,bioaware,1.15498254096159,0.9978206157684326
Combined,bioaware,1.43553448621219,0.9986028075218201
Combined,bioaware,2.58921384491548,0.999854326248169
Combined,bioaware,10.2386390485942,0.9999992847442627
Combined,bioaware,1.43640435554869,0.9999123811721802
Combined,bioaware,12.1348314606742,0.9881721138954163
Combined,bioaware,10.7968970380818,0.9898424744606018
Combined,bioaware,9.70921985815603,0.8449380993843079
Combined,bioaware,4.38533429187635,0.9962001442909241
Combined,bioaware,11.1561279120243,0.98908931016922
Combined,bioaware,7.90463398253862,0.9310927987098694
Combined,bioaware,14.2747641509434,0.999699592590332
Combined,bioaware,1.12269446672013,0.3847362697124481
Combined,bioaware,5.7785447865056,0.8727743029594421
Combined,bioaware,2.71105957705262,0.7195888757705688
Combined,bioaware,2.07044904544232,0.8615121841430664
Combined,bioaware,1.47118097541314,0.2835744023323059
Combined,bioaware,2.64191552327146,0.9618107080459595
Combined,bioaware,5.13345943673813,0.030128896236419678
Combined,bioaware,11.1503682855261,0.7271528244018555
Combined,bioaware,2.35081374321881,0.000450734980404377
Combined,bioaware,3.08470900108447,0.0026751894038170576
Combined,bioaware,4.35355235238165,0.9425380825996399
Combined,bioaware,4.13344887348354,0.002388599794358015
Combined,bioaware,1.02701303184603,0.13272206485271454
Combined,bioaware,8.64397286701102,0.22660526633262634
Combined,bioaware,1.03855795630894,0.015205483883619308
Combined,bioaware,6.90167399874307,0.9922439455986023
Combined,bioaware,9.02048545360647,0.9993728995323181
Combined,bioaware,3.28281650734437,0.8776121139526367
Combined,bioaware,4.80160723254646,0.5819340348243713
Combined,bioaware,5.75392776984289,0.007068338338285685
Combined,bioaware,6.0160281040729,0.0008108874899335206
Combined,bioaware,11.5928659286593,0.047974709421396255
Combined,bioaware,3.37032888707871,0.23037904500961304
Combined,bioaware,14.3523365375464,0.9951241612434387
Combined,bioaware,8.13244536159835,0.9953645467758179
Combined,bioaware,7.14579901153213,0.9699695706367493
Combined,bioaware,1.85254725247215,0.001836272538639605
Combined,bioaware,5.96938775510204,0.9991853833198547
Combined,bioaware,3.61266115066384,0.9249879121780396
Combined,bioaware,1.66168782673637,0.8992302417755127
Combined,bioaware,2.24792249071344,0.006070060655474663
Combined,bioaware,1.33992602098588,0.5236338973045349
Combined,bioaware,2.54533492331099,0.0018966078059747815
