epoch,train_loss,selection_split,selection_acc,selection_auc,selection_auprc,selection_f1,selection_precision,selection_recall,selection_specificity,selection_threshold,best_so_far,best_epoch_so_far,elapsed_sec
1,0.6169191191070958,valid,0.6224237427864798,0.679668486482931,0.6204332304396835,0.6540785498489426,0.560880829015544,0.7844202898550725,0.48714069591527986,0.525,1,1,31.57236337661743
2,0.5716812265546698,valid,0.6471558120362737,0.6848566072485693,0.6676180257283474,0.6635220125786163,0.5861111111111111,0.7644927536231884,0.5491679273827534,0.525,1,2,10.53842306137085
3,0.5408572350677691,valid,0.6455070074196207,0.6829052380012717,0.6436326725535313,0.6707503828483921,0.5809018567639257,0.7934782608695652,0.5219364599092284,0.55,1,3,10.810403108596802
4,0.5197429406015497,valid,0.6463314097279472,0.6918700256528316,0.6533489054877396,0.6752460257380772,0.5799739921976593,0.8079710144927537,0.5113464447806354,0.5,1,4,10.797311544418335
5,0.498789402999376,valid,0.6339653751030503,0.676689359556228,0.6013765980858643,0.665158371040724,0.5697674418604651,0.7989130434782609,0.4962178517397882,0.35,0,4,10.35178279876709
6,0.45607023019539683,valid,0.6553998351195384,0.7036083886952137,0.6232156239497518,0.6875934230194319,0.5852417302798982,0.8333333333333334,0.5068078668683812,0.625,1,6,10.749385118484497
7,0.4467907344040118,valid,0.6183017312448474,0.6922454997917078,0.6270776886449321,0.6685755189692197,0.5526627218934911,0.8460144927536232,0.4281391830559758,0.525,0,6,10.354228734970093
8,0.434963743937643,valid,0.6521022258862325,0.7158099278651144,0.6931294853617443,0.667192429022082,0.590782122905028,0.7663043478260869,0.556732223903177,0.475,0,6,10.29924488067627
9,0.4165892271619094,valid,0.6281945589447651,0.6872519678133702,0.6058833055666644,0.6495726495726496,0.5687074829931973,0.7572463768115942,0.5204236006051437,0.375,0,6,10.290327787399292
10,0.41526004672050476,valid,0.651277823577906,0.7108410620710824,0.6791993700121939,0.6713286713286714,0.5877551020408164,0.782608695652174,0.5416036308623298,0.2,0,6,10.32468295097351
11,0.40159804883756134,valid,0.6356141797197032,0.7100298186761386,0.6504147233300854,0.6686656671664168,0.5703324808184144,0.8079710144927537,0.491679273827534,0.525,0,6,10.318923950195312
12,0.3939896821975708,valid,0.6339653751030503,0.7115481593545134,0.6135983563793943,0.6791907514450867,0.5649038461538461,0.8514492753623188,0.4523449319213313,0.4,0,6,10.338378667831421
13,0.3876744414630689,valid,0.6224237427864798,0.7341889758600276,0.7102929168693363,0.6810584958217271,0.5531674208144797,0.8858695652173914,0.40242057488653554,0.2,0,6,10.31862211227417
14,0.386874573795419,valid,0.596042868920033,0.7003606744282926,0.6471444724029294,0.6592489568845619,0.5349887133182845,0.8586956521739131,0.3767019667170953,0.15000000000000002,0,6,10.358368158340454
15,0.3661098778247833,valid,0.6372629843363561,0.735693613102677,0.6725257541517087,0.6848137535816619,0.566350710900474,0.8659420289855072,0.4462934947049924,0.42500000000000004,0,6,10.3172287940979
16,0.3749702165001317,valid,0.6257213520197856,0.7194660045166523,0.6273175666703659,0.6868965517241379,0.5545657015590201,0.9021739130434783,0.394856278366112,0.5,0,6,10.325696229934692
17,0.3641149166383241,valid,0.6273701566364386,0.7356442807340657,0.6629103954445177,0.6852367688022284,0.5565610859728507,0.8913043478260869,0.4069591527987897,0.17500000000000002,0,6,10.374255180358887
18,0.3513779436287127,valid,0.6273701566364386,0.7384918546778048,0.6842175616190865,0.6816901408450704,0.5576036866359447,0.8768115942028986,0.41906202723146746,0.17500000000000002,0,6,10.301010131835938
19,0.37023553409074483,valid,0.6380873866446826,0.7230974149838848,0.6527809658195156,0.686204431736955,0.5667060212514758,0.8695652173913043,0.44478063540090773,0.375,0,6,10.3163001537323
20,0.3539754026814511,valid,0.6075845012366035,0.7258572869389814,0.6782990460605136,0.6753069577080492,0.5415754923413567,0.8967391304347826,0.3661119515885023,0.1,0,6,10.367089033126831
21,0.34365727085816233,valid,0.6875515251442704,0.7377052774671666,0.6857796168093562,0.6844296419650291,0.6332819722650231,0.7445652173913043,0.6399394856278366,0.65,0,6,12.047287464141846
22,0.34590503416563334,valid,0.6257213520197856,0.744044486833739,0.7118044376541235,0.6793785310734464,0.5567129629629629,0.8713768115942029,0.4205748865355522,0.25,0,6,10.947735786437988
23,0.3452196074159522,valid,0.6908491343775762,0.738598741476463,0.673571267705027,0.6918652423993427,0.6330827067669172,0.7626811594202898,0.6308623298033282,0.25,1,23,10.902094841003418
24,0.3313468788799487,valid,0.6331409727947238,0.6958988357561007,0.6116049647836846,0.6725533480500367,0.5662949194547707,0.8278985507246377,0.47049924357034795,0.525,0,23,10.336145401000977
25,0.32792308299165024,valid,0.6603462489694971,0.7523295840733188,0.6857574160432763,0.6934523809523809,0.5883838383838383,0.8442028985507246,0.5068078668683812,0.30000000000000004,1,25,10.98495101928711
26,0.32420225363028676,valid,0.6446826051112943,0.7434223508518056,0.6851136120252097,0.6901509705248023,0.5721096543504172,0.8695652173913043,0.4568835098335855,0.275,0,25,10.32617974281311
27,0.3250195250699395,valid,0.5919208573784006,0.7157496327479225,0.6472498920289699,0.6736980883322347,0.5295336787564767,0.9257246376811594,0.31316187594553707,0.15000000000000002,0,25,10.331564903259277
28,0.32554920880418076,valid,0.6859027205276175,0.7547770176938762,0.7059825203408329,0.6889795918367347,0.6270430906389302,0.7644927536231884,0.6202723146747352,0.30000000000000004,0,25,10.312981367111206
29,0.3239989359127848,valid,0.6150041220115416,0.7282115371966059,0.6766749117595849,0.6768166089965398,0.5475923852183651,0.8858695652173914,0.3888048411497731,0.325,0,25,10.328099012374878
30,0.31133449548169184,valid,0.6413849958779885,0.7299792804051832,0.6682407174686512,0.6789667896678967,0.572851805728518,0.8333333333333334,0.481089258698941,0.475,0,25,10.524787425994873
31,0.30356675072720174,valid,0.6199505358615004,0.744178780503848,0.702019525100138,0.6831615120274914,0.5503875968992248,0.9003623188405797,0.3857791225416036,0.30000000000000004,0,25,10.320199012756348
32,0.29934673403438766,valid,0.6488046166529267,0.7547907211296018,0.6976810261321702,0.6844444444444444,0.5789473684210527,0.8369565217391305,0.491679273827534,0.275,0,25,10.343542337417603
33,0.3036387594122636,valid,0.6133553173948887,0.7414024644258809,0.695592733704444,0.6824644549763034,0.5448648648648649,0.9130434782608695,0.3630862329803328,0.35,0,25,10.313143730163574
34,0.29426538944244385,valid,0.6331409727947238,0.7362170843473875,0.679946820298305,0.6796256299496041,0.5639187574671446,0.855072463768116,0.44780635400907715,0.25,0,25,10.299022912979126
35,0.2966323275315134,valid,0.6471558120362737,0.7623550176500251,0.7088257963607774,0.6898550724637681,0.5748792270531401,0.8623188405797102,0.46747352496217853,0.35,0,25,10.417015314102173
36,0.29800507112553243,valid,0.685078318219291,0.7649148194435309,0.7197932284145161,0.6934189406099518,0.622478386167147,0.782608695652174,0.6036308623298033,0.475,0,25,10.349101543426514
37,0.30034874928625005,valid,0.572959604286892,0.7372640268368085,0.6851845959193057,0.672979797979798,0.5164728682170543,0.9655797101449275,0.24508320726172467,0.125,0,25,10.360527992248535
38,0.2910896594587125,valid,0.6751854905193735,0.758764717489969,0.6853274617208363,0.6987767584097859,0.6044973544973545,0.8278985507246377,0.5476550680786687,0.325,1,38,10.828461170196533
39,0.27772514992638636,valid,0.6306677658697445,0.7225437961805784,0.6763682282440096,0.6790830945558739,0.5616113744075829,0.8586956521739131,0.4402420574886536,0.45000000000000007,0,38,10.348313331604004
40,0.27727869153022766,valid,0.6347897774113768,0.7436690126948629,0.6790399677677108,0.6782861292665214,0.566060606060606,0.8460144927536232,0.4583963691376702,0.325,0,38,10.347496747970581
41,0.28207673446128245,valid,0.6339653751030503,0.7311714793132935,0.6797693740933672,0.6833095577746077,0.5635294117647058,0.8677536231884058,0.43872919818456885,0.42500000000000004,0,38,10.335010290145874
42,0.2836650209991555,valid,0.6776586974443528,0.7433839812317744,0.6921505971603064,0.6738949124270225,0.624420401854714,0.7318840579710145,0.632375189107413,0.6,0,38,10.339309453964233
43,0.2712462709138268,valid,0.6669414674361088,0.7453874235348288,0.676115578671892,0.6887519260400616,0.599195710455764,0.8097826086956522,0.5476550680786687,0.4,0,38,10.3474600315094
44,0.27080526712693664,valid,0.640560593569662,0.7405473700366156,0.6848033574044479,0.6812865497076024,0.571078431372549,0.8442028985507246,0.47049924357034795,0.35,0,38,10.314377069473267
45,0.27576840864984614,valid,0.6694146743610883,0.7666195268477713,0.7129014253272299,0.6964420893262679,0.5981794538361509,0.8333333333333334,0.5325264750378215,0.375,0,38,10.353142499923706
46,0.26766804409654515,valid,0.6949711459192086,0.7593772610668947,0.6971499327986356,0.7011308562197092,0.6326530612244898,0.7862318840579711,0.6187594553706506,0.525,1,46,10.901975393295288
47,0.2693778762691899,valid,0.6479802143446002,0.7203457650902234,0.6394836161499527,0.6732976281560826,0.5827814569536424,0.7971014492753623,0.5234493192133132,0.45000000000000007,0,46,10.35582947731018
48,0.25389679011545685,valid,0.6537510305028854,0.7631498169220987,0.7165638879487328,0.6965317919075145,0.5793269230769231,0.8731884057971014,0.47049924357034795,0.30000000000000004,0,46,10.460901975631714
49,0.25152554245371567,valid,0.5968672712283595,0.7080811901159859,0.650581939291029,0.6625258799171843,0.5351170568561873,0.8695652173913043,0.3691376701966717,0.17500000000000002,0,46,10.39534592628479
50,0.2636746677913164,valid,0.6776586974443528,0.7610860795018526,0.7131801340959254,0.6942924159499609,0.6107290233837689,0.8043478260869565,0.5718608169440242,0.17500000000000002,0,46,10.342036724090576
51,0.2602411085053494,valid,0.6999175597691674,0.7413092810629481,0.6455560124133157,0.6996699669966997,0.6424242424242425,0.7681159420289855,0.642965204236006,0.7000000000000001,0,46,10.344351768493652
52,0.25272807949467707,valid,0.6496290189612531,0.724730864522353,0.6313664693519292,0.685418208734271,0.5794743429286608,0.8387681159420289,0.491679273827534,0.6,0,46,10.341856718063354
53,0.2534407314501311,valid,0.6760098928277,0.7395867591922647,0.6877178731586902,0.6822958771220695,0.6160583941605839,0.7644927536231884,0.6021180030257186,0.6,0,46,10.354641675949097
54,0.24739502056648857,valid,0.6941467436108821,0.7420711920892806,0.6740102019705942,0.6847918436703483,0.6448,0.730072463768116,0.6641452344931922,0.475,0,46,10.318463563919067
55,0.24938377659571798,valid,0.6760098928277,0.7532531956412113,0.6919114250226412,0.6969930609097919,0.6067114093959731,0.8188405797101449,0.556732223903177,0.5,0,46,10.303632259368896
56,0.24706689307564184,valid,0.6826051112943117,0.7577972549277554,0.7110118980150559,0.6937151949085123,0.6184397163120567,0.7898550724637681,0.5930408472012103,0.675,0,46,10.329274415969849
57,0.2420880167107833,valid,0.6364385820280297,0.7455751606042668,0.6946606105139528,0.688339222614841,0.5643105446118193,0.8822463768115942,0.43116490166414523,0.475,0,46,10.342326164245605
58,0.24561539527617002,valid,0.6339653751030503,0.7155002302177201,0.6581134558505024,0.6810344827586207,0.5642857142857143,0.8586956521739131,0.4462934947049924,0.625,0,46,10.331089973449707
59,0.24085545696710287,valid,0.6784830997526793,0.7528969063123506,0.708439882582577,0.7,0.6082887700534759,0.8242753623188406,0.556732223903177,0.475,0,46,10.380017757415771
60,0.23746049796280108,valid,0.6718878812860676,0.7558952180490693,0.6999214358615444,0.6938461538461539,0.6029411764705882,0.8170289855072463,0.5506807866868382,0.675,0,46,10.320721864700317
61,0.22971579432487488,valid,0.6859027205276175,0.7458711548159355,0.6601798207110467,0.7107061503416856,0.611764705882353,0.8478260869565217,0.5506807866868382,0.65,1,61,10.759741306304932
62,0.231244978936095,valid,0.6150041220115416,0.7007553333771843,0.6323553747149306,0.6727400140154169,0.5485714285714286,0.8695652173913043,0.40242057488653554,0.375,0,61,10.324978113174438
63,0.2263624032861308,valid,0.6570486397361912,0.7312112192768971,0.6911075385994433,0.6693163751987281,0.5963172804532578,0.7626811594202898,0.5688350983358548,0.6,0,61,10.290308952331543
64,0.21778014537535215,valid,0.6859027205276175,0.7547085005152493,0.6835362939534515,0.6968973747016707,0.6212765957446809,0.7934782608695652,0.5960665658093798,0.125,0,61,10.339746236801147
65,0.21132175624370575,valid,0.6801319043693322,0.7313016619526848,0.6617668141694968,0.6886035313001605,0.6181556195965417,0.7771739130434783,0.5990922844175491,0.675,0,61,10.340314149856567
66,0.22165379241893166,valid,0.6166529266281946,0.7281786489508649,0.6547452494974682,0.6808510638297872,0.5480662983425414,0.8985507246376812,0.3812405446293495,0.15000000000000002,0,61,10.312787532806396
67,0.2227906372986342,valid,0.6801319043693322,0.7491462759543073,0.6911850870720024,0.6949685534591195,0.6138888888888889,0.8007246376811594,0.5794251134644478,0.75,0,61,10.270491361618042
68,0.21718103948392367,valid,0.6446826051112943,0.7184190620272316,0.6550400103345965,0.6776364996260285,0.5770700636942675,0.8206521739130435,0.4977307110438729,0.4,0,61,10.295825242996216
69,0.21144790869010122,valid,0.6611706512778236,0.7270494858470916,0.6863155327414057,0.6766325727773407,0.5980528511821975,0.7789855072463768,0.5627836611195158,0.30000000000000004,0,61,10.322069883346558
70,0.21656693518161774,valid,0.6933223413025557,0.7589127145958036,0.7032133448011427,0.7009646302250804,0.630057803468208,0.7898550724637681,0.6127080181543116,0.225,0,61,10.341236591339111
71,0.21230484937366687,valid,0.642209398186315,0.7253228529456905,0.6436105304686591,0.6756352765321375,0.5750636132315522,0.8188405797101449,0.4947049924357035,0.4,0,61,10.289437294006348
72,0.1989534771756122,valid,0.6677658697444353,0.7455820123221295,0.6664339589591867,0.69812734082397,0.5951468710089399,0.8442028985507246,0.5204236006051437,0.15000000000000002,0,61,10.30883002281189
73,0.1989845013932178,valid,0.6100577081615829,0.7276332522089939,0.6650444977885834,0.6766917293233082,0.5433589462129528,0.8967391304347826,0.37065052950075644,0.1,0,61,10.354498863220215
74,0.19570608201779818,valid,0.6760098928277,0.740761143633932,0.6860138372043036,0.6858513189448441,0.6137339055793991,0.7771739130434783,0.5915279878971256,0.5750000000000001,0,61,10.333782196044922
75,0.1846075065826115,valid,0.6232481450948063,0.7364253765704137,0.6830578792909741,0.6824183460736623,0.5535512965050733,0.8894927536231884,0.4009077155824508,0.30000000000000004,0,61,10.344900131225586
76,0.1909641937205666,valid,0.6727122835943941,0.7505015457475498,0.7158232778663489,0.6915306915306916,0.6054421768707483,0.8061594202898551,0.5612708018154312,0.45000000000000007,0,61,10.293859243392944
77,0.20166293649297012,valid,0.6859027205276175,0.7546564274594926,0.7232216060575227,0.6869350862777321,0.6285714285714286,0.7572463768115942,0.6263237518910741,0.7000000000000001,0,61,10.306499481201172
78,0.19584758344449496,valid,0.6430338004946414,0.7336024688109802,0.6788841888814662,0.6846321922796795,0.5724725943970768,0.8514492753623188,0.4689863842662632,0.2,0,61,10.282976865768433
79,0.1909111416653583,valid,0.6727122835943941,0.7433127233660024,0.6999179159725408,0.6856690419635788,0.6090014064697609,0.7844202898550725,0.5794251134644478,0.675,0,61,10.336302995681763
80,0.19676694430803,valid,0.6438582028029678,0.7422137078208249,0.6864265808312,0.6901004304160688,0.5712589073634204,0.8713768115942029,0.45385779122541603,0.15000000000000002,0,61,10.342228412628174
81,0.19642662217742518,valid,0.629843363561418,0.7316757657479884,0.6683174063149782,0.6808813077469794,0.560233918128655,0.8677536231884058,0.43116490166414523,0.275,0,61,10.32990050315857
82,0.19455339406666003,valid,0.6636438582028029,0.716813019360214,0.6398858070573363,0.6772151898734177,0.601123595505618,0.7753623188405797,0.5703479576399395,0.65,0,61,10.345836400985718
83,0.18220054789593346,valid,0.6586974443528442,0.7281128724593828,0.6525958945972523,0.683969465648855,0.5910290237467019,0.8115942028985508,0.5310136157337367,0.275,0,61,10.30300784111023
84,0.18932006312044045,valid,0.6727122835943941,0.7306630818478809,0.6691327209660753,0.6861660079051384,0.6086956521739131,0.7862318840579711,0.5779122541603631,0.5,0,61,10.318331003189087
85,0.18870091516720622,valid,0.6908491343775762,0.7457711197351399,0.6623618494358001,0.6973365617433414,0.62882096069869,0.782608695652174,0.6142208774583964,0.525,0,61,10.347174167633057
86,0.16538068809007345,valid,0.6669414674361088,0.7345343024403077,0.6785110595602857,0.6833855799373041,0.6022099447513812,0.7898550724637681,0.5642965204236006,0.17500000000000002,0,61,10.38175082206726
87,0.17555068903847745,valid,0.6735366859027205,0.7429043609813852,0.6910383883384472,0.6915887850467289,0.6065573770491803,0.8043478260869565,0.5642965204236006,0.325,0,61,10.344104528427124
88,0.17390671411627218,valid,0.6883759274525969,0.746415181214234,0.6904918606048103,0.6926829268292682,0.6283185840707964,0.7717391304347826,0.6187594553706506,0.45000000000000007,0,61,10.332557678222656
89,0.17567801475524902,valid,0.6471558120362737,0.728822710429959,0.6484299401669599,0.6834319526627219,0.5775,0.8369565217391305,0.4886535552193646,0.15000000000000002,0,61,10.342660188674927
90,0.1772380243790777,valid,0.6842539159109645,0.764004911311364,0.704226417557774,0.7037896365042536,0.6140350877192983,0.8242753623188406,0.56732223903177,0.35,0,61,10.334737539291382
91,0.17076049784296438,valid,0.6809563066776587,0.7511140893244754,0.6928139067237188,0.6993006993006993,0.6122448979591837,0.8152173913043478,0.5688350983358548,0.375,0,61,10.36116623878479
92,0.17392027142800784,valid,0.6875515251442704,0.7665208621105484,0.7274863814200917,0.6921202274573518,0.6273932253313697,0.7717391304347826,0.6172465960665658,0.275,0,61,10.330089330673218
93,0.16372057403388776,valid,0.6768342951360263,0.7408981779911861,0.6712766197462244,0.6927899686520376,0.6104972375690608,0.8007246376811594,0.573373676248109,0.325,0,61,10.353316307067871
94,0.16148407561214348,valid,0.6842539159109645,0.7524364708719771,0.6805172523439691,0.7074102368220015,0.6116248348745046,0.8387681159420289,0.5552193645990923,0.125,0,61,10.334060430526733
95,0.16182740189527212,valid,0.6611706512778236,0.7578972900085509,0.7061024870007071,0.6902788244159759,0.5909677419354838,0.8297101449275363,0.5204236006051437,0.125,0,61,10.326643228530884
96,0.15247066436629547,valid,0.6892003297609234,0.7388728101909712,0.6714964477764124,0.6967015285599356,0.6266280752532561,0.7844202898550725,0.6096822995461422,0.375,0,61,10.33290719985962
97,0.15721044414921811,valid,0.6982687551525144,0.7609709706417593,0.7166447854662558,0.6960132890365448,0.6426380368098159,0.7590579710144928,0.6475037821482602,0.25,0,61,9.888993978500366
98,0.1687751400627588,valid,0.7007419620774938,0.7596527001249753,0.7129480809514779,0.6894781864841745,0.653160453808752,0.730072463768116,0.6762481089258698,0.17500000000000002,0,61,9.871392726898193
99,0.17437887034918131,valid,0.6463314097279472,0.7247856782652546,0.6523885944460812,0.6742596810933941,0.5803921568627451,0.8043478260869565,0.5143721633888049,0.17500000000000002,0,61,9.900397300720215
100,0.16472919834287544,valid,0.7007419620774938,0.7443048521125216,0.6781836734697245,0.6997518610421837,0.6438356164383562,0.7663043478260869,0.6459909228441755,0.85,0,61,9.641031742095947
101,0.15986724237078115,valid,0.6751854905193735,0.7668935955622795,0.7210735099897663,0.6992366412213741,0.604221635883905,0.8297101449275363,0.546142208774584,0.125,0,61,10.296222448348999
102,0.1385680515515177,valid,0.6661170651277823,0.7439869324036923,0.6887055509923109,0.6891788181120491,0.5978695073235686,0.8134057971014492,0.5431164901664145,0.55,0,61,9.870868682861328
103,0.15275130616991142,valid,0.6949711459192086,0.755448486044421,0.684717918489824,0.6986970684039088,0.6346153846153846,0.7771739130434783,0.6263237518910741,0.375,0,61,9.862528800964355
104,0.15621980436538396,valid,0.6842539159109645,0.7607599377315881,0.7121308495421597,0.6888708367181153,0.6244477172312224,0.7681159420289855,0.6142208774583964,0.375,0,61,9.878227710723877
105,0.15743270712463478,valid,0.6570486397361912,0.7341177179942555,0.671227526411841,0.687218045112782,0.5874035989717223,0.8278985507246377,0.5143721633888049,0.2,0,61,10.00668215751648
106,0.13846684953099803,valid,0.6892003297609234,0.7504248065074874,0.6914635692264701,0.6962127316680097,0.6269956458635704,0.782608695652174,0.6111951588502269,0.30000000000000004,0,61,10.300938606262207
107,0.14930308453346552,valid,0.7106347897774113,0.7636732881668091,0.7121167592461646,0.699228791773779,0.6634146341463415,0.7391304347826086,0.686838124054463,0.45000000000000007,0,61,10.345320224761963
108,0.1460742966124886,valid,0.6776586974443528,0.7507495779341797,0.6740620165953681,0.6938136256851997,0.6110344827586207,0.802536231884058,0.573373676248109,0.375,0,61,10.290024757385254
109,0.13128819708761416,valid,0.6685902720527618,0.7525995417571093,0.685724289198203,0.7008928571428571,0.5946969696969697,0.8532608695652174,0.5143721633888049,0.225,0,61,10.333740949630737
110,0.1265861482212418,valid,0.6883759274525969,0.7501863667258655,0.6928422678723564,0.6980830670926518,0.6242857142857143,0.7916666666666666,0.6021180030257186,0.5750000000000001,0,61,10.320859909057617
111,0.13376446656490626,valid,0.6883759274525969,0.7501027757679406,0.703402853762543,0.6865671641791045,0.6330275229357798,0.75,0.6369137670196672,0.25,0,61,10.317403316497803
112,0.1421440106473471,valid,0.6685902720527618,0.7354990243153763,0.6798187766547488,0.6869158878504673,0.6024590163934426,0.7989130434782609,0.5597579425113465,0.35,0,61,10.285880327224731
113,0.1332590219221617,valid,0.6479802143446002,0.7373791356969018,0.6684791886928266,0.6857983811626196,0.5774473358116481,0.8442028985507246,0.48411497730711045,0.1,0,61,10.329421281814575
114,0.13872283187351728,valid,0.6751854905193735,0.7443322589839725,0.6819589987632204,0.696923076923077,0.6056149732620321,0.8206521739130435,0.5537065052950075,0.35,0,61,10.320504188537598
115,0.14251483976840973,valid,0.6669414674361088,0.7497382643776448,0.6875066581246285,0.697151424287856,0.5946291560102301,0.842391304347826,0.5204236006051437,0.25,0,61,10.30981993675232
116,0.13167144240517364,valid,0.6570486397361912,0.7387467385822973,0.6861318896828901,0.687218045112782,0.5874035989717223,0.8278985507246377,0.5143721633888049,0.275,0,61,10.359127283096313
117,0.1282872675280822,valid,0.6628194558944766,0.74069536714245,0.683104036341338,0.6797180892717306,0.5986206896551725,0.7862318840579711,0.5597579425113465,0.375,0,61,10.305677652359009
118,0.14386426422156787,valid,0.6702390766694146,0.7357237606612731,0.6702309787631018,0.6889580093312597,0.603542234332425,0.802536231884058,0.5597579425113465,0.7000000000000001,0,61,10.295610189437866
119,0.13528951179040105,valid,0.7032151690024732,0.7611326711833192,0.6958944877870901,0.7063621533442088,0.642433234421365,0.7844202898550725,0.6354009077155824,0.42500000000000004,0,61,10.312295913696289
120,0.12202608232435427,valid,0.6652926628194559,0.7371434366024249,0.6816941672802632,0.693815987933635,0.5943152454780362,0.8333333333333334,0.5249621785173979,0.475,0,61,10.301007747650146
121,0.1264010173709769,valid,0.7114591920857378,0.7626345677388235,0.6913155261837839,0.7063758389261745,0.6578125,0.7626811594202898,0.6686838124054463,0.675,0,61,10.151188373565674
122,0.1241229509836749,valid,0.6982687551525144,0.7654136245039356,0.7228795474174732,0.7009803921568627,0.6383928571428571,0.7771739130434783,0.632375189107413,0.55,0,61,9.925791501998901
123,0.12567761736480812,valid,0.6916735366859027,0.7447255475892915,0.6885163465313641,0.6969205834683955,0.6304985337243402,0.7789855072463768,0.6187594553706506,0.775,0,61,9.87781572341919
124,0.12187774910738594,valid,0.6817807089859852,0.7503631410467233,0.7126245403080933,0.6989079563182528,0.6136986301369863,0.8115942028985508,0.573373676248109,0.4,0,61,9.8971266746521
125,0.1268077188808667,valid,0.6999175597691674,0.7623659803986054,0.724826829914392,0.7006578947368421,0.641566265060241,0.7717391304347826,0.6399394856278366,0.2,0,61,9.87572455406189
126,0.133316481191861,valid,0.6496290189612531,0.7482308864478502,0.6991704456371097,0.6931407942238267,0.5762304921968787,0.8695652173913043,0.4659606656580938,0.325,0,61,10.309187173843384
127,0.1267893745710975,valid,0.7040395713107996,0.7615218487579206,0.701758514941465,0.6918454935622318,0.6574225122349103,0.730072463768116,0.6822995461422088,0.475,0,61,10.315507411956787
128,0.1256274141763386,valid,0.6966199505358615,0.768707930452323,0.7085638461839785,0.6998368678629691,0.6364985163204748,0.7771739130434783,0.6293494704992436,0.45000000000000007,0,61,10.312757015228271
129,0.11866875973186995,valid,0.6718878812860676,0.7593758907233221,0.7023766636206166,0.6947852760736196,0.6023936170212766,0.8206521739130435,0.5476550680786687,0.17500000000000002,0,61,10.323663234710693
130,0.11876810459714186,valid,0.6883759274525969,0.7725339297068561,0.7399350815738619,0.6931818181818182,0.6279411764705882,0.7735507246376812,0.6172465960665658,0.1,0,61,10.342170238494873
131,0.1285662937321161,valid,0.6702390766694146,0.761535552193646,0.7094701624653873,0.7001499250374813,0.5971867007672634,0.8460144927536232,0.5234493192133132,0.125,0,61,10.31994366645813
132,0.11644511591447027,valid,0.7164056059356966,0.76454756736609,0.7176368209744046,0.7044673539518901,0.6699346405228758,0.7427536231884058,0.6944024205748865,0.7000000000000001,0,61,10.31217622756958
133,0.1225570659888418,valid,0.674361088211047,0.7528941656252057,0.7017622076527998,0.7014361300075586,0.6018158236057068,0.8405797101449275,0.5355521936459909,0.1,0,61,9.872309684753418
134,0.12938180330552554,valid,0.6479802143446002,0.7366199653577146,0.691130718276632,0.6880934989043097,0.576499388004896,0.8532608695652174,0.47655068078668683,0.15000000000000002,0,61,9.902594804763794
135,0.11850164595403169,valid,0.6479802143446002,0.7372311385910675,0.6832199505347557,0.6880934989043097,0.576499388004896,0.8532608695652174,0.47655068078668683,0.17500000000000002,0,61,10.089776039123535
136,0.11496707012778834,valid,0.7164056059356966,0.7719926439957027,0.7094769872000475,0.7114093959731543,0.6625,0.7681159420289855,0.6732223903177005,0.675,1,136,10.827085733413696
137,0.1017459678022485,valid,0.7023907666941468,0.7740029380166195,0.7313404443465721,0.7053061224489796,0.6419019316493314,0.782608695652174,0.6354009077155824,0.325,0,136,9.894195556640625
138,0.10941876706324126,valid,0.6924979389942292,0.7799200815628494,0.7496965076974855,0.704203013481364,0.6262341325811002,0.8043478260869565,0.5990922844175491,0.4,0,136,10.305880546569824
139,0.1140723530399172,valid,0.6933223413025557,0.7706921879453617,0.7403501113491424,0.693069306930693,0.6363636363636364,0.7608695652173914,0.6369137670196672,0.1,0,136,10.374840021133423
140,0.1130792816218577,valid,0.6990931574608409,0.7471387226205354,0.6917609648108478,0.6995884773662552,0.6410256410256411,0.769927536231884,0.6399394856278366,0.525,0,136,9.960021495819092
141,0.11092734787809222,valid,0.6941467436108821,0.7648627463877743,0.7197208867912854,0.702485966319166,0.6302158273381295,0.7934782608695652,0.6111951588502269,0.25,0,136,10.315388917922974
142,0.10078497976064682,valid,0.7230008244023083,0.7729601065579162,0.739713738659934,0.7037037037037037,0.6855670103092784,0.7228260869565217,0.7231467473524962,0.8,0,136,10.315641403198242
143,0.10712058214764845,valid,0.6949711459192086,0.7520733298252539,0.7093358681699626,0.6952224052718287,0.6374622356495468,0.7644927536231884,0.6369137670196672,0.8,0,136,10.30486273765564
144,0.11040633642359783,valid,0.7007419620774938,0.7753828739941677,0.7282400465284193,0.7121332275971451,0.6332863187588152,0.8134057971014492,0.6066565809379728,0.325,1,144,10.832050800323486
145,0.09916552901268005,valid,0.7048639736191261,0.7820961871560437,0.7623666506352892,0.7001675041876047,0.6510903426791277,0.7572463768115942,0.6611195158850227,0.5750000000000001,0,144,10.302261352539062
146,0.09954069946941577,valid,0.7106347897774113,0.7740865289745444,0.7293016903781521,0.7162489894907034,0.6467153284671533,0.802536231884058,0.6338880484114977,0.625,1,146,10.807825565338135
147,0.09907369864614386,valid,0.7032151690024732,0.7682529763862397,0.718302235796553,0.7110754414125201,0.638328530259366,0.802536231884058,0.6202723146747352,0.475,0,146,10.301213264465332
148,0.10201316170002285,valid,0.7180544105523495,0.7532230480826154,0.698611193187149,0.7041522491349481,0.6738410596026491,0.7373188405797102,0.7019667170953101,0.9,0,146,10.318674564361572
149,0.10320970455282613,valid,0.7040395713107996,0.7664550856190664,0.7224643010956392,0.6980656013456686,0.6514913657770801,0.7518115942028986,0.6641452344931922,0.1,0,146,10.333900690078735
150,0.10526269988009804,valid,0.6941467436108821,0.7626578635795567,0.7280134778792358,0.6926263463131731,0.6381679389312978,0.7572463768115942,0.6414523449319214,0.1,0,146,10.44347858428955
151,0.09654207958986885,valid,0.6702390766694146,0.7331283299348813,0.6869937379563293,0.6805111821086262,0.6085714285714285,0.7717391304347826,0.5854765506807866,0.2,0,146,10.278011083602905
152,0.09439909340519655,valid,0.6999175597691674,0.7633855160165757,0.715847147777205,0.7106518282988871,0.6331444759206799,0.8097826086956522,0.6081694402420574,0.275,0,146,10.328143835067749
153,0.09168319992328945,valid,0.6949711459192086,0.7729820320550768,0.7410370457316254,0.7072784810126582,0.6278089887640449,0.8097826086956522,0.5990922844175491,0.17500000000000002,0,146,10.276517152786255
154,0.09641932225541065,valid,0.6694146743610883,0.7653204411410028,0.7139704735506787,0.6945925361766946,0.5992115637319316,0.8260869565217391,0.5385779122541604,0.1,0,146,10.282947301864624
155,0.08930932495154832,valid,0.7073371805441055,0.7625879760573571,0.7083019190435524,0.7111472742066721,0.6454948301329394,0.7916666666666666,0.6369137670196672,0.5750000000000001,0,146,9.931166887283325
156,0.0908604838738316,valid,0.6916735366859027,0.7741934157732027,0.7219132768837324,0.7109737248840804,0.6199460916442049,0.8333333333333334,0.573373676248109,0.15000000000000002,0,146,9.889020204544067
157,0.10034156335811865,valid,0.6694146743610883,0.761249150386985,0.7195107460505799,0.699625468164794,0.5964240102171137,0.8460144927536232,0.5219364599092284,0.325,0,146,10.02912187576294
158,0.08935935285530593,valid,0.6859027205276175,0.7664427525269136,0.7177550512000066,0.6992896606156275,0.6195804195804195,0.802536231884058,0.5885022692889561,0.325,0,146,10.26892614364624
159,0.09238049270291078,valid,0.6751854905193735,0.7664345304654784,0.7241552066739891,0.6959876543209876,0.6061827956989247,0.8170289855072463,0.556732223903177,0.525,0,146,10.33296537399292
160,0.09790040160480298,valid,0.6859027205276175,0.7540877348768882,0.6788224958434008,0.7030397505845675,0.6169630642954856,0.8170289855072463,0.5763993948562783,0.15000000000000002,0,146,10.353683948516846
161,0.10538068531375182,valid,0.6817807089859852,0.7541932513319739,0.7057009043706461,0.694620253164557,0.6165730337078652,0.7952898550724637,0.5869894099848714,0.125,0,146,10.34893274307251
162,0.09480169533114684,valid,0.6949711459192086,0.7603776118748493,0.7022796996051903,0.7049441786283892,0.6296296296296297,0.8007246376811594,0.6066565809379728,0.325,0,146,10.378164529800415
163,0.09725691534970936,valid,0.6619950535861501,0.7419314170448816,0.6850579371128207,0.6940298507462687,0.5901015228426396,0.842391304347826,0.5113464447806354,0.5750000000000001,0,146,10.313304901123047
164,0.09397614257116067,valid,0.7040395713107996,0.768094016531825,0.712253528134541,0.7074164629176855,0.642962962962963,0.7862318840579711,0.6354009077155824,0.85,0,146,10.307847499847412
165,0.09403826453183826,valid,0.6710634789777411,0.7712403253743778,0.7354611220842311,0.704225352112676,0.5959849435382685,0.8605072463768116,0.5128593040847201,0.1,0,146,10.261707067489624
166,0.08620513171741837,valid,0.6859027205276175,0.756122695082111,0.7074403968951983,0.6929895245769541,0.6240928882438317,0.7789855072463768,0.6081694402420574,0.75,0,146,10.27745246887207
167,0.10175667311015882,valid,0.7040395713107996,0.7723571553859984,0.7195091169326474,0.7116465863453815,0.6392496392496393,0.802536231884058,0.6217851739788199,0.17500000000000002,0,146,10.321606636047363
168,0.0976316717110182,valid,0.7056883759274526,0.778952619000636,0.7339018414850688,0.7127916331456154,0.6410998552821997,0.802536231884058,0.6248108925869894,0.125,0,146,10.301902055740356
169,0.09342994736997705,valid,0.731244847485573,0.7743482645968996,0.727331337581411,0.7063063063063063,0.7025089605734767,0.7101449275362319,0.7488653555219364,0.6,0,146,10.329379796981812
170,0.0872151292860508,valid,0.7048639736191261,0.7749155868359314,0.7319137709730899,0.6981450252951096,0.6529968454258676,0.75,0.6671709531013615,0.42500000000000004,0,146,10.302181959152222
171,0.09074558905865017,valid,0.6908491343775762,0.7639062465741411,0.7422421896481752,0.6877601998334721,0.6363636363636364,0.7481884057971014,0.642965204236006,0.625,0,146,9.858750104904175
172,0.0910870099538251,valid,0.6751854905193735,0.757273783683045,0.7089970895154469,0.6912225705329154,0.6091160220994475,0.7989130434782609,0.5718608169440242,0.375,0,146,9.844220399856567
173,0.10122398757620861,valid,0.7147568013190437,0.7695273959087022,0.7141338149240068,0.7082630691399663,0.6624605678233438,0.7608695652173914,0.6762481089258698,0.375,0,146,9.897946834564209
174,0.0955777921174702,valid,0.6776586974443528,0.7574971496853691,0.7019898452045792,0.6999232540291634,0.607190412782956,0.8260869565217391,0.5537065052950075,0.475,0,146,10.321808576583862
175,0.08985842038926325,valid,0.6999175597691674,0.7622549825692297,0.7212139940505315,0.6991735537190082,0.6428571428571429,0.7663043478260869,0.6444780635400907,0.225,0,146,10.31406855583191
176,0.08481970743129127,valid,0.7164056059356966,0.7670827029752899,0.7149852218512165,0.7024221453287197,0.6721854304635762,0.7355072463768116,0.7004538577912254,0.85,0,146,10.346306085586548
177,0.08208607901868067,valid,0.7048639736191261,0.7766970334802341,0.7480508058665156,0.7041322314049587,0.6474164133738601,0.7717391304347826,0.649016641452345,0.325,0,146,10.298189878463745
178,0.08794819759695154,valid,0.7180544105523495,0.7733314696660747,0.7292053755164751,0.715,0.6620370370370371,0.7771739130434783,0.6686838124054463,0.42500000000000004,0,146,9.895806550979614
179,0.08356963490184985,valid,0.7048639736191261,0.768946370233945,0.7252010509228295,0.6981450252951096,0.6529968454258676,0.75,0.6671709531013615,0.4,0,146,9.930645942687988
180,0.07970832758828213,valid,0.7015663643858203,0.7615848845622575,0.7040608379375348,0.7090032154340836,0.6372832369942196,0.7989130434782609,0.6202723146747352,0.375,0,146,9.9045729637146
181,0.08988027823598761,valid,0.6801319043693322,0.7465549562586331,0.6929660360656729,0.6900958466453674,0.6171428571428571,0.782608695652174,0.594553706505295,0.475,0,146,9.690257549285889
182,0.08278220323355574,valid,0.6859027205276175,0.7666099344427635,0.709450121208141,0.7057915057915058,0.6150740242261103,0.8278985507246377,0.56732223903177,0.275,0,146,9.57961654663086
183,0.07585717835708668,valid,0.7089859851607585,0.7704468964458769,0.7164822067809903,0.7118367346938775,0.6478454680534919,0.7898550724637681,0.6414523449319214,0.5,0,146,9.592931270599365
184,0.06989449144978273,valid,0.7007419620774938,0.7652916639259796,0.6992295010435,0.7116759332803813,0.6336633663366337,0.8115942028985508,0.6081694402420574,0.35,0,146,9.599475383758545
185,0.0729205159372405,valid,0.7073371805441055,0.7816138262185094,0.7325714667441747,0.7157726180944756,0.6413199426111909,0.8097826086956522,0.6217851739788199,0.275,0,146,9.611970901489258
186,0.07738753761115827,valid,0.6974443528441879,0.7602049485847091,0.7110421112290037,0.7098814229249012,0.6297335203366059,0.8134057971014492,0.6006051437216339,0.325,0,146,9.609020233154297
187,0.07916671841552383,valid,0.6859027205276175,0.7682269398583612,0.721505891169392,0.6997635933806147,0.6192468619246861,0.8043478260869565,0.5869894099848714,0.1,0,146,9.607932329177856
188,0.1045259639228645,valid,0.6933223413025557,0.7671731456510775,0.7260684944649307,0.7,0.6308139534883721,0.7862318840579711,0.6157337367624811,0.2,0,146,10.368679761886597
189,0.08816648980504588,valid,0.7007419620774938,0.7521377359731631,0.7006539408919783,0.7070217917675545,0.6375545851528385,0.7934782608695652,0.6232980332829047,0.42500000000000004,0,146,10.352925062179565
190,0.08470079342001363,valid,0.6611706512778236,0.7371338441974172,0.688131231829892,0.6874524714828897,0.5923984272608126,0.8188405797101449,0.529500756429652,0.225,0,146,10.140859127044678
191,0.08707967577011962,valid,0.7213520197856554,0.7721516038501173,0.7219746532261377,0.7178631051752922,0.6656346749226006,0.7789855072463768,0.6732223903177005,0.325,1,191,10.79612398147583
192,0.08474165220793925,valid,0.6990931574608409,0.7537506303580432,0.7025592451322262,0.6888320545609549,0.6505636070853462,0.7318840579710145,0.6717095310136157,0.35,0,191,10.232893466949463
193,0.08573982413662107,valid,0.7073371805441055,0.7632868512793527,0.716694447783472,0.6921075455333912,0.6638935108153078,0.7228260869565217,0.6944024205748865,0.625,0,191,10.27730131149292
194,0.06807796010061314,valid,0.7032151690024732,0.7629771536319587,0.7134423180628462,0.7004991680532446,0.6476923076923077,0.7626811594202898,0.653555219364599,0.17500000000000002,0,191,9.855737447738647
195,0.07285697248421218,valid,0.7197032151690025,0.7682598281041023,0.7175007070407989,0.7128378378378378,0.6677215189873418,0.7644927536231884,0.6822995461422088,0.875,0,191,9.881121158599854
196,0.06897376909067757,valid,0.7048639736191261,0.7800530048893859,0.7395373662793994,0.7108239095315024,0.641399416909621,0.7971014492753623,0.6278366111951589,0.35,0,191,10.01536226272583
197,0.06329987805924918,valid,0.7197032151690025,0.7746579622442938,0.7333715079917109,0.7079037800687286,0.673202614379085,0.7463768115942029,0.697428139183056,0.65,0,191,9.865474224090576
198,0.06125005295402125,valid,0.6710634789777411,0.7496135631125436,0.6978710167536842,0.6997742663656885,0.5984555984555985,0.842391304347826,0.5279878971255674,0.30000000000000004,0,191,9.59528398513794
199,0.08022642665003475,valid,0.7056883759274526,0.7772040606020741,0.7289924700996898,0.7113985448666128,0.6423357664233577,0.7971014492753623,0.6293494704992436,0.42500000000000004,0,191,9.5966055393219
200,0.07231891174849711,valid,0.6875515251442704,0.7739042732793967,0.7348390436756687,0.6950925181013676,0.6251808972503617,0.782608695652174,0.6081694402420574,0.1,0,191,9.629643201828003
201,0.06989400637777228,valid,0.683429513602638,0.7720940494200705,0.7484092141871342,0.6976377952755906,0.616991643454039,0.802536231884058,0.583963691376702,0.1,0,191,9.56954026222229
202,0.0704186376380293,valid,0.6941467436108821,0.7694095463614637,0.7384335425539079,0.7034372501998402,0.6294706723891274,0.7971014492753623,0.6081694402420574,0.125,0,191,9.601352453231812
203,0.06275757382574834,valid,0.72959604286892,0.777404130763665,0.7340786978776911,0.7087033747779752,0.6951219512195121,0.7228260869565217,0.735249621785174,0.225,0,191,9.60612416267395
204,0.0677998003206755,valid,0.6776586974443528,0.7718144993312723,0.7332396763902073,0.7084265473527218,0.6020278833967047,0.8605072463768116,0.5249621785173979,0.225,0,191,9.607109785079956
205,0.07041561289837486,valid,0.7197032151690025,0.7860893683264268,0.7511839355007983,0.7079037800687286,0.673202614379085,0.7463768115942029,0.697428139183056,0.65,0,191,9.613471269607544
206,0.06718237972573231,valid,0.6809563066776587,0.7670607774781294,0.7282788328569794,0.6978922716627635,0.6131687242798354,0.8097826086956522,0.573373676248109,0.1,0,191,9.628019571304321
207,0.0671680951981168,valid,0.7106347897774113,0.7889136464294327,0.7414378249639337,0.7216494845360825,0.6417489421720733,0.8242753623188406,0.6157337367624811,0.2,1,207,10.075500726699829
208,0.07513102575352318,valid,0.7065127782357791,0.7794020916924291,0.7442598814582857,0.7152,0.6404011461318052,0.8097826086956522,0.6202723146747352,0.15000000000000002,0,207,10.313294172286987
209,0.0744128929157006,valid,0.7254740313272877,0.7787306233418843,0.7254994252525592,0.7231920199501247,0.6682027649769585,0.7880434782608695,0.6732223903177005,0.30000000000000004,1,209,10.843645811080933
210,0.06784680348477866,valid,0.686727122835944,0.7740001973294746,0.7280664744152123,0.7054263565891473,0.6165311653116531,0.8242753623188406,0.5718608169440242,0.125,0,209,10.288980960845947
211,0.0665129752535569,valid,0.6768342951360263,0.7676061742200005,0.7200796340620976,0.7012195121951219,0.6052631578947368,0.8333333333333334,0.546142208774584,0.45000000000000007,0,209,10.28962516784668
212,0.07038367735712152,valid,0.6900247320692497,0.7706305224845973,0.729961238774741,0.7089783281733746,0.6189189189189189,0.8297101449275363,0.573373676248109,0.1,0,209,10.313030481338501
213,0.06289071962237358,valid,0.6999175597691674,0.7729820320550769,0.7175088113549618,0.7106518282988871,0.6331444759206799,0.8097826086956522,0.6081694402420574,0.15000000000000002,0,209,10.269043684005737
214,0.062430249036926976,valid,0.7032151690024732,0.7526447630950032,0.6994614783419836,0.7054009819967266,0.6432835820895523,0.7807971014492754,0.6384266263237519,0.65,0,209,10.312742471694946
215,0.05682439553110223,valid,0.6892003297609234,0.7593018921704049,0.7073840385209963,0.7019762845849803,0.6227208976157083,0.8043478260869565,0.5930408472012103,0.2,0,209,10.324195861816406
216,0.05856551916191453,valid,0.6900247320692497,0.7636321778596329,0.7192540852227135,0.6972624798711755,0.6275362318840579,0.7844202898550725,0.6111951588502269,0.1,0,209,10.31410002708435
217,0.06566092469974567,valid,0.7040395713107996,0.7744620031134205,0.7421799971645234,0.7064595257563369,0.6438152011922503,0.782608695652174,0.6384266263237519,0.225,0,209,10.332889795303345
218,0.07003568152063772,valid,0.6619950535861501,0.7459588568045781,0.69833676452373,0.6855828220858896,0.5944148936170213,0.8097826086956522,0.5385779122541604,0.1,0,209,10.319863557815552
219,0.07165374998983584,valid,0.7023907666941468,0.764598270078274,0.715490775920479,0.7014061207609594,0.6453576864535768,0.7681159420289855,0.6475037821482602,0.525,0,209,9.848901748657227
220,0.07312198238153207,valid,0.6924979389942292,0.7597486241750531,0.7319799327019256,0.6868178001679262,0.6400625978090767,0.7409420289855072,0.6520423600605144,0.25,0,209,9.83930230140686
221,0.07479296742301238,valid,0.7098103874690849,0.7659754653686772,0.7219979026661213,0.696551724137931,0.6644736842105263,0.7318840579710145,0.6913767019667171,0.1,0,209,9.879338502883911
222,0.06535978860368855,valid,0.7056883759274526,0.7659137999079129,0.72051935171534,0.6887532693984307,0.6638655462184874,0.7155797101449275,0.697428139183056,0.30000000000000004,0,209,9.896816730499268
223,0.06766986376360844,valid,0.7164056059356966,0.7820002631059658,0.7555034161330896,0.7104377104377104,0.6635220125786163,0.7644927536231884,0.6762481089258698,0.6,0,209,9.870681285858154
224,0.07104196811192914,valid,0.7065127782357791,0.7592100791510448,0.7257077092412003,0.6952054794520548,0.6590909090909091,0.7355072463768116,0.6822995461422088,0.9,0,209,9.7125985622406
225,0.06274341968329329,valid,0.7040395713107996,0.7638843210769805,0.724913182005778,0.6990779547359598,0.6505460218408736,0.7554347826086957,0.6611195158850227,0.2,0,209,9.62670636177063
226,0.07124396335137517,valid,0.7139323990107173,0.7766572935166305,0.7441132126528686,0.7105921601334445,0.6584234930448223,0.7717391304347826,0.6656580937972768,0.30000000000000004,0,209,9.608741521835327
227,0.06973514862750706,valid,0.7155812036273702,0.7807052884299152,0.7384739625461992,0.7174447174447175,0.6547085201793722,0.7934782608695652,0.6505295007564297,0.35,0,209,9.586822986602783
228,0.07441843869654756,valid,0.6718878812860676,0.7644297178188515,0.72587726130975,0.6905132192846034,0.6049046321525886,0.8043478260869565,0.5612708018154312,0.5,0,209,9.56749963760376
229,0.07090369572764949,valid,0.6892003297609234,0.7614862198250345,0.7046940752094866,0.6986410871302957,0.6251788268955651,0.7916666666666666,0.6036308623298033,0.15000000000000002,0,209,9.5878746509552
230,0.06852620193048527,valid,0.7032151690024732,0.766017946019426,0.7299640245809722,0.7024793388429752,0.6458966565349544,0.769927536231884,0.6475037821482602,0.42500000000000004,0,209,9.57406997680664
231,0.06852216626468458,valid,0.7238252267106348,0.7847368392203292,0.741794415315368,0.7172995780590717,0.6714060031595577,0.769927536231884,0.6853252647503782,0.42500000000000004,0,209,9.588537216186523
232,0.0660539369441961,valid,0.6999175597691674,0.7743688197504879,0.7485740175910159,0.7016393442622951,0.6407185628742516,0.7753623188405797,0.6369137670196672,0.4,0,209,9.58495044708252
233,0.0671859836499942,valid,0.7032151690024732,0.7652628867109562,0.7093770672771686,0.7034596375617792,0.6450151057401813,0.7735507246376812,0.6444780635400907,0.125,0,209,10.306901454925537
234,0.06579929227499585,valid,0.6908491343775762,0.7629113771404766,0.707346768011297,0.7117601844734819,0.6181575433911882,0.8387681159420289,0.56732223903177,0.275,0,209,10.318601846694946
235,0.059129183817850914,valid,0.6900247320692497,0.7654451424061041,0.7257212148489887,0.7076205287713841,0.6198910081743869,0.8242753623188406,0.5779122541603631,0.17500000000000002,0,209,10.309128046035767
236,0.061035010571542536,valid,0.7089859851607585,0.7736123900984455,0.7208029664165734,0.7026116259477675,0.6566929133858268,0.7554347826086957,0.670196671709531,0.35,0,209,10.298560857772827
237,0.061803982053932394,valid,0.7106347897774113,0.7585262777083469,0.6914755689797119,0.7091963545981773,0.6534351145038167,0.7753623188405797,0.6565809379727685,0.7000000000000001,0,209,10.329915523529053
238,0.0754667328376519,valid,0.708161582852432,0.7726010765419107,0.7276717321434721,0.7098360655737705,0.6482035928143712,0.7844202898550725,0.6444780635400907,0.525,0,209,10.32297158241272
239,0.06762965641131527,valid,0.7106347897774113,0.770333157929356,0.7301512951620917,0.7101568951279934,0.6525037936267072,0.7789855072463768,0.653555219364599,0.375,0,209,10.238073825836182
240,0.07275368626180448,valid,0.7089859851607585,0.7782975947729616,0.7419684506149439,0.7137064071370641,0.6461086637298091,0.7971014492753623,0.6354009077155824,0.25,0,209,10.338196277618408
241,0.06829454161618885,valid,0.717230008244023,0.7625139775044398,0.7192120037954153,0.705073086844368,0.6710310965630114,0.7427536231884058,0.6959152798789713,0.42500000000000004,0,209,10.445902585983276
242,0.06031800688881623,valid,0.7007419620774938,0.781495976671271,0.7486184337297922,0.7070217917675545,0.6375545851528385,0.7934782608695652,0.6232980332829047,0.2,0,209,10.375617742538452
243,0.06318223103880882,valid,0.7304204451772465,0.782781358942314,0.7471687440770979,0.7035358114233907,0.7041742286751361,0.7028985507246377,0.7534039334341907,0.25,0,209,10.29126501083374
244,0.052892102222693596,valid,0.6999175597691674,0.7650765199850906,0.7209090653162171,0.7011494252873564,0.6411411411411412,0.7735507246376812,0.6384266263237519,0.8250000000000001,0,209,10.274000644683838
245,0.05394461113763483,valid,0.7098103874690849,0.7898276655923173,0.7485346566304936,0.7188498402555911,0.6428571428571429,0.8152173913043478,0.6217851739788199,0.1,0,209,10.289170503616333
246,0.05460787946848493,valid,0.7139323990107173,0.7860578504242585,0.7534501927283093,0.7120331950207469,0.6569678407350689,0.7771739130434783,0.6611195158850227,0.5750000000000001,0,209,10.296823501586914
247,0.05850751305881299,valid,0.7089859851607585,0.776017343068254,0.7244290840688237,0.7089859851607585,0.6505295007564297,0.7789855072463768,0.6505295007564297,0.45000000000000007,0,209,10.3038649559021
248,0.057267285883426666,valid,0.7073371805441055,0.770327676555066,0.7264011020967446,0.7120843471208435,0.644640234948605,0.7952898550724637,0.6338880484114977,0.325,0,209,10.28304386138916
249,0.05882485240305725,valid,0.6966199505358615,0.7583604661360696,0.694118277360405,0.7083993660855784,0.6295774647887324,0.8097826086956522,0.6021180030257186,0.1,0,209,10.307012796401978
250,0.05911862565890739,valid,0.6760098928277,0.7506221359819334,0.6931858810724266,0.6927286942924159,0.609353507565337,0.802536231884058,0.5703479576399395,0.2,0,209,9.876513719558716
251,0.05621151704537241,valid,0.6817807089859852,0.7575793702997216,0.6943087617194205,0.7057926829268293,0.6092105263157894,0.8387681159420289,0.5506807866868382,0.15000000000000002,0,209,9.639469623565674
252,0.0600034037702962,valid,0.7106347897774113,0.7807203622092131,0.7261790038466239,0.7148659626320065,0.6480117820324006,0.7971014492753623,0.6384266263237519,0.1,0,209,9.578380346298218
253,0.06284001685286823,valid,0.7122835943940643,0.7677788375101405,0.7267189541835021,0.7122835943940643,0.653555219364599,0.782608695652174,0.653555219364599,0.25,0,209,9.614193439483643
254,0.06276984473592356,valid,0.7032151690024732,0.7732725448924554,0.7170666670782105,0.7058823529411765,0.6428571428571429,0.782608695652174,0.6369137670196672,0.1,0,209,9.584328174591064
255,0.05378634659083266,valid,0.6875515251442704,0.7538451840645486,0.6990597909349422,0.69800796812749,0.6230440967283073,0.7934782608695652,0.5990922844175491,0.275,0,209,9.589722871780396
256,0.053181563651091175,valid,0.6933223413025557,0.7593854831283298,0.7129693972725872,0.697560975609756,0.6327433628318584,0.7771739130434783,0.6232980332829047,0.30000000000000004,0,209,10.293649911880493
257,0.06454107773147132,valid,0.686727122835944,0.7477951171917825,0.6819836704693889,0.7081413210445469,0.6146666666666667,0.8351449275362319,0.5627836611195158,0.125,0,209,10.292006254196167
258,0.06713207281733814,valid,0.6999175597691674,0.7603789822184217,0.693780725891268,0.7050243111831442,0.6378299120234604,0.7880434782608695,0.6263237518910741,0.35,0,209,10.3167724609375
259,0.05176418441298761,valid,0.6949711459192086,0.7721200859479489,0.732791297097079,0.707740916271722,0.6274509803921569,0.8115942028985508,0.5975794251134644,0.475,0,209,9.860307931900024
260,0.05068429353597917,valid,0.6990931574608409,0.7537561117323335,0.6942398688413769,0.7068273092369478,0.6349206349206349,0.7971014492753623,0.6172465960665658,0.42500000000000004,0,209,10.32237195968628
261,0.05411909402985322,valid,0.7015663643858203,0.7599939156745379,0.7118027020046912,0.712241653418124,0.6345609065155807,0.8115942028985508,0.6096822995461422,0.15000000000000002,0,209,10.318243980407715
262,0.054779371344729474,valid,0.686727122835944,0.758359095792497,0.6947981321851036,0.6998420221169036,0.6204481792717087,0.802536231884058,0.5900151285930408,0.1,0,209,10.299676179885864
263,0.05702796284305422,valid,0.7180544105523495,0.7756610537393935,0.7336968087720834,0.7096774193548387,0.6677316293929713,0.7572463768115942,0.6853252647503782,0.1,0,209,10.285173416137695
264,0.06653242107284696,valid,0.7056883759274526,0.7630648556206013,0.7068763952876145,0.7071369975389664,0.6461769115442278,0.7807971014492754,0.642965204236006,0.30000000000000004,0,209,10.304653406143188
265,0.059220747237927036,valid,0.6883759274525969,0.7722817864895086,0.7061094872854188,0.7046875,0.6195054945054945,0.8170289855072463,0.5809379727685325,0.125,0,209,10.318779706954956
266,0.06717377391300704,valid,0.6957955482275351,0.7715938740160934,0.7141115258811593,0.7021791767554479,0.6331877729257642,0.7880434782608695,0.6187594553706506,0.2,0,209,10.260260820388794
267,0.06364861209141581,valid,0.7180544105523495,0.781830340502971,0.735767739929269,0.7154742096505824,0.6615384615384615,0.7789855072463768,0.6671709531013615,0.525,0,209,10.322315216064453
268,0.05809648697705645,valid,0.6982687551525144,0.7733698392861058,0.7187223449716171,0.7062600321027287,0.6340057636887608,0.7971014492753623,0.6157337367624811,0.15000000000000002,0,209,10.263580083847046
269,0.056367731212001095,valid,0.7007419620774938,0.7766271459580345,0.733815605460784,0.7107569721115538,0.6344238975817923,0.8079710144927537,0.6111951588502269,0.65,0,209,10.318591594696045
270,0.052478259429335594,valid,0.6900247320692497,0.771075884145673,0.7194776440069428,0.7098765432098766,0.6182795698924731,0.8333333333333334,0.5703479576399395,0.125,0,209,10.292505025863647
271,0.0502053616862548,valid,0.7180544105523495,0.765171073691596,0.6940415366962291,0.7096774193548387,0.6677316293929713,0.7572463768115942,0.6853252647503782,0.4,0,209,10.319507360458374
272,0.06026468112280494,valid,0.7386644682605111,0.7778111228047095,0.7150568865418272,0.7320371935756551,0.6862123613312203,0.7844202898550725,0.7004538577912254,0.375,1,272,10.851105451583862
273,0.0609944546105046,valid,0.731244847485573,0.7921257317634677,0.7561129190468072,0.7227891156462585,0.6810897435897436,0.769927536231884,0.6989409984871406,0.17500000000000002,0,272,10.291423082351685
274,0.06050594072592886,valid,0.7122835943940643,0.7788402508276875,0.7375061895433586,0.7098919368246052,0.6559139784946236,0.7735507246376812,0.6611195158850227,0.5750000000000001,0,272,10.32156229019165
275,0.05136153062707499,valid,0.7098103874690849,0.7771752833870508,0.7233112302864044,0.7147487844408428,0.6466275659824047,0.7989130434782609,0.6354009077155824,0.4,0,272,10.30385971069336
276,0.05382287267007326,valid,0.7007419620774938,0.7685243044136025,0.7234279264643653,0.7051177904142973,0.6391752577319587,0.7862318840579711,0.6293494704992436,0.1,0,272,10.270426511764526
277,0.05215347989609367,valid,0.718878812860676,0.7804737003661558,0.7307721594969137,0.7151211361737677,0.6635658914728683,0.7753623188405797,0.6717095310136157,0.675,0,272,10.324800968170166
278,0.056131680741121896,valid,0.7147568013190437,0.765087482733671,0.7083107490845673,0.7022375215146299,0.6688524590163935,0.7391304347826086,0.6944024205748865,0.65,0,272,10.35140061378479
279,0.0667798679910208,valid,0.7015663643858203,0.7543343967199455,0.7103499380359468,0.6884681583476764,0.6557377049180327,0.7246376811594203,0.6822995461422088,0.6,0,272,10.342635154724121
280,0.07403761383734252,valid,0.6619950535861501,0.7438334539235678,0.6968200770387963,0.6806853582554517,0.5969945355191257,0.7916666666666666,0.5537065052950075,0.2,0,272,9.901912927627563
281,0.06816776067410645,valid,0.6916735366859027,0.7653368852638733,0.7311464056288601,0.7027027027027027,0.6260623229461756,0.8007246376811594,0.6006051437216339,0.25,0,272,10.000548839569092
282,0.054836631409431756,valid,0.6974443528441879,0.7695315069394199,0.7349026640133453,0.6994266994266994,0.6382660687593423,0.7735507246376812,0.6338880484114977,0.35,0,272,10.292035341262817
283,0.05293948566050906,valid,0.6842539159109645,0.7740152711087723,0.7393558089317235,0.6991358994501178,0.6171983356449375,0.8061594202898551,0.5824508320726173,0.4,0,272,10.298800706863403
284,0.04844325192664799,valid,0.6916735366859027,0.7738001271678835,0.7342406992344156,0.7027027027027027,0.6260623229461756,0.8007246376811594,0.6006051437216339,0.1,0,272,10.343434572219849
285,0.04572635565541292,valid,0.6784830997526793,0.7768751781446644,0.7387016274547866,0.7049924357034796,0.6051948051948052,0.8442028985507246,0.540090771558245,0.1,0,272,10.311974048614502
286,0.05524829696667822,valid,0.6875515251442704,0.7622481308513671,0.7121209277374203,0.6960705693664796,0.6244604316546762,0.7862318840579711,0.6051437216338881,0.1,0,272,10.278610706329346
287,0.058360931120420755,valid,0.6784830997526793,0.7475059746979763,0.7008733869661768,0.6899841017488076,0.6147308781869688,0.7862318840579711,0.5885022692889561,0.30000000000000004,0,272,10.145153999328613
288,0.06687161522476297,valid,0.6974443528441879,0.7695383586572826,0.735127876315026,0.6979423868312757,0.6395173453996983,0.7681159420289855,0.6384266263237519,0.15000000000000002,0,272,10.27923059463501
289,0.06903055055361045,valid,0.6900247320692497,0.763378664298713,0.7100283196584825,0.6992,0.6260744985673352,0.7916666666666666,0.6051437216338881,0.125,0,272,10.312316179275513
290,0.06306474773507369,valid,0.7015663643858203,0.7658891337236072,0.714859038382353,0.6998341625207297,0.6452599388379205,0.7644927536231884,0.649016641452345,0.45000000000000007,0,272,10.3973228931427
291,0.04905387651371328,valid,0.6941467436108821,0.750232958407332,0.692564150900189,0.7043824701195219,0.6287339971550497,0.8007246376811594,0.6051437216338881,0.65,0,272,9.97595500946045
292,0.043360095177041855,valid,0.6916735366859027,0.765123111666557,0.7268572143752581,0.7022292993630573,0.6264204545454546,0.7989130434782609,0.6021180030257186,0.1,0,272,10.127216815948486
293,0.054299707083325634,valid,0.7139323990107173,0.7737754609835779,0.7238304163967021,0.7125103562551781,0.6564885496183206,0.7789855072463768,0.659606656580938,0.30000000000000004,0,272,10.385231733322144
294,0.057602591616542714,valid,0.6809563066776587,0.7458848582516608,0.685887156588279,0.7034482758620689,0.6095617529880478,0.8315217391304348,0.5552193645990923,0.25,0,272,10.302255392074585
295,0.049020563399321156,valid,0.7032151690024732,0.7604228332127432,0.7218431983586819,0.7014925373134329,0.6467889908256881,0.7663043478260869,0.6505295007564297,0.525,0,272,10.294728994369507
296,0.047018820517941526,valid,0.7032151690024732,0.7656616566905654,0.7274021470143699,0.7077922077922078,0.6411764705882353,0.7898550724637681,0.6308623298033282,0.7000000000000001,0,272,10.327404022216797
297,0.0581282808592445,valid,0.7007419620774938,0.7668744107522638,0.720844888262151,0.7022149302707137,0.6416791604197901,0.7753623188405797,0.6384266263237519,0.125,0,272,10.33569860458374
298,0.06351703875943233,valid,0.7098103874690849,0.7771588392641804,0.7258894782862788,0.7128874388254486,0.6483679525222552,0.7916666666666666,0.6414523449319214,0.5,0,272,10.294624090194702
299,0.05712019691341802,valid,0.6966199505358615,0.7660850928544805,0.7177244541426337,0.6993464052287581,0.6369047619047619,0.7753623188405797,0.6308623298033282,0.30000000000000004,0,272,10.304912090301514
300,0.04461653530597687,valid,0.7114591920857378,0.7735726501348418,0.7357284050276022,0.6961805555555556,0.6683333333333333,0.7264492753623188,0.6989409984871406,0.125,0,272,10.30025839805603
301,0.05216409501276518,valid,0.7287716405605935,0.7776466815760048,0.7334260222642677,0.7091069849690539,0.6925734024179621,0.7264492753623188,0.7307110438729199,0.8,0,272,9.92126989364624
302,0.05379711699328924,valid,0.6974443528441879,0.759063452388783,0.7020133791051784,0.6969446738232865,0.6403641881638846,0.7644927536231884,0.6414523449319214,0.6,0,272,9.90333342552185
303,0.05413167747227769,valid,0.7106347897774113,0.7677212830800939,0.7286173916623151,0.7002561912894961,0.6623586429725363,0.7427536231884058,0.6838124054462935,0.2,0,272,9.97140622138977
304,0.04989130520506909,valid,0.6784830997526793,0.7605269793242561,0.7060740448412249,0.6972049689440993,0.6100543478260869,0.8134057971014492,0.5658093797276853,0.225,0,272,10.039591073989868
305,0.05230421690564407,valid,0.6949711459192086,0.7628428599618496,0.7123522930647215,0.6982055464926591,0.6350148367952523,0.7753623188405797,0.6278366111951589,0.1,0,272,10.359148740768433
306,0.046215522740232315,valid,0.7122835943940643,0.7748429586265869,0.724157337476808,0.7196787148594378,0.6464646464646465,0.8115942028985508,0.6293494704992436,0.2,0,272,10.198448657989502
307,0.04231314184634309,valid,0.6990931574608409,0.7605119055449582,0.7186740625985347,0.6909398814563928,0.6486486486486487,0.7391304347826086,0.6656580937972768,0.5750000000000001,0,272,10.128130197525024
308,0.050368100796875204,valid,0.6817807089859852,0.7519856278366112,0.702633463210823,0.6970172684458399,0.6149584487534626,0.8043478260869565,0.5794251134644478,0.525,0,272,10.393453359603882
309,0.04728926551577292,valid,0.6974443528441879,0.7768779188318096,0.7306253986480111,0.7089611419508327,0.6304654442877292,0.8097826086956522,0.6036308623298033,0.1,0,272,10.387237071990967
310,0.05252513162007457,valid,0.7032151690024732,0.7679885000767392,0.7070674590322097,0.7110754414125201,0.638328530259366,0.802536231884058,0.6202723146747352,0.225,0,272,10.301051139831543
311,0.03931281137231149,valid,0.686727122835944,0.7634718476616457,0.7180963226155747,0.7017268445839875,0.6191135734072022,0.8097826086956522,0.583963691376702,0.15000000000000002,0,272,10.301257133483887
312,0.04210881114398178,valid,0.6933223413025557,0.7775932381766757,0.7313958157374136,0.7075471698113207,0.625,0.8152173913043478,0.5915279878971256,0.15000000000000002,0,272,10.261974811553955
313,0.04865987118529646,valid,0.6793075020610058,0.766527713828411,0.727502984706134,0.6977466977466977,0.6108843537414966,0.8134057971014492,0.56732223903177,0.225,0,272,10.292139768600464
314,0.0524209494653501,valid,0.6941467436108821,0.7538191475366705,0.6904389003639849,0.6831767719897524,0.6462035541195477,0.7246376811594203,0.6686838124054463,0.25,0,272,10.303768873214722
315,0.05624380041109888,valid,0.7098103874690849,0.7692286610098885,0.7162688742685255,0.7061769616026711,0.6547987616099071,0.7663043478260869,0.6626323751891074,0.17500000000000002,0,272,10.285605430603027
316,0.05805815021066289,valid,0.6916735366859027,0.766307088513232,0.7225156131183424,0.7022292993630573,0.6264204545454546,0.7989130434782609,0.6021180030257186,0.9,0,272,10.309533596038818
317,0.05723689535730764,valid,0.6966199505358615,0.7760036396325285,0.7452630450788075,0.7017828200972447,0.6348973607038123,0.7844202898550725,0.6232980332829047,0.1,0,272,10.330807209014893
318,0.05195852163198747,valid,0.6933223413025557,0.7803818873467955,0.7436488362260286,0.7102803738317757,0.6229508196721312,0.8260869565217391,0.5824508320726173,0.125,0,272,10.275287628173828
319,0.04343586944435772,valid,0.6941467436108821,0.7796679383455021,0.755027397935259,0.6926263463131731,0.6381679389312978,0.7572463768115942,0.6414523449319214,0.17500000000000002,0,272,10.293031454086304
320,0.04589264398734821,valid,0.7065127782357791,0.7789718038106515,0.7485605007551006,0.7003367003367004,0.6540880503144654,0.7536231884057971,0.6671709531013615,0.125,0,272,10.287406921386719
321,0.04924695948629003,valid,0.7040395713107996,0.7861674779100616,0.7576931829551055,0.701082431307244,0.6486902927580893,0.7626811594202898,0.6550680786686838,0.1,0,272,10.36147928237915
322,0.051982119287315165,valid,0.6933223413025557,0.7684941568550068,0.7244088219595589,0.7080062794348508,0.6246537396121884,0.8170289855072463,0.5900151285930408,0.1,0,272,10.42428994178772
323,0.04869274471543337,valid,0.6908491343775762,0.7743318204740293,0.7311811543832889,0.706342991386061,0.6220689655172413,0.8170289855072463,0.5854765506807866,0.1,0,272,10.296568393707275
324,0.04627559814406069,valid,0.6883759274525969,0.7686284505251156,0.7240227116817044,0.7009493670886076,0.6221910112359551,0.802536231884058,0.5930408472012103,0.125,0,272,10.341054916381836
325,0.04403151807032133,valid,0.6809563066776587,0.7590086386458812,0.7263541265041036,0.685621445978879,0.6215022091310751,0.7644927536231884,0.6111951588502269,0.125,0,272,10.301711082458496
326,0.05051013052855667,valid,0.7106347897774113,0.7674814729548993,0.7274102350995719,0.6939843068875327,0.66890756302521,0.7210144927536232,0.7019667170953101,0.5,0,272,10.262045860290527
327,0.04777586656181436,valid,0.7106347897774113,0.7881585871209631,0.7634827972043099,0.712059064807219,0.6506746626686657,0.7862318840579711,0.6475037821482602,0.25,0,272,10.323899507522583
328,0.05518283371470476,valid,0.6826051112943117,0.7782359293121972,0.7365184841592937,0.7045280122793554,0.611185086551265,0.8315217391304348,0.5582450832072617,0.1,0,272,10.305269002914429
329,0.04866721784990085,valid,0.6990931574608409,0.7775822754280953,0.7454018496206525,0.7058823529411765,0.6357039187227866,0.7934782608695652,0.6202723146747352,0.375,0,272,10.295567274093628
330,0.05336507703912886,valid,0.7238252267106348,0.7817851191650771,0.7403375433624649,0.7119518486672399,0.6775777414075287,0.75,0.7019667170953101,0.25,0,272,10.306617498397827
331,0.049327388405799866,valid,0.7073371805441055,0.7724352649696331,0.7320512267189874,0.7092547092547092,0.6472346786248132,0.7844202898550725,0.642965204236006,0.42500000000000004,0,272,10.291707038879395
332,0.061883723657382164,valid,0.7040395713107996,0.7757336819487383,0.7297307012932288,0.705012325390304,0.6451127819548872,0.7771739130434783,0.642965204236006,0.55,0,272,10.290905714035034
333,0.05318275829286952,valid,0.7007419620774938,0.7800351904229428,0.732764739524497,0.7130434782608696,0.6325385694249649,0.8170289855072463,0.6036308623298033,0.1,0,272,10.394240140914917
334,0.04818787670841342,valid,0.7023907666941468,0.7798460830099322,0.7505974548454005,0.6989157631359466,0.6476043276661515,0.7590579710144928,0.6550680786686838,0.1,0,272,10.28877067565918
335,0.04905746298793115,valid,0.720527617477329,0.785757745181872,0.7501557636596154,0.7119796091758709,0.6704,0.7590579710144928,0.6883509833585476,0.42500000000000004,0,272,10.308767557144165
336,0.053493069190728035,valid,0.6875515251442704,0.7607818632287486,0.7065972706847765,0.6984884645982498,0.6226950354609929,0.7952898550724637,0.5975794251134644,0.25,0,272,10.279512643814087
337,0.051100057010587896,valid,0.7122835943940643,0.7733698392861058,0.7272448492758123,0.7089241034195163,0.6568778979907264,0.769927536231884,0.6641452344931922,0.17500000000000002,0,272,10.09362530708313
338,0.04313720968600951,valid,0.7048639736191261,0.760846269376658,0.7071565325110134,0.7026578073089701,0.6487730061349694,0.7663043478260869,0.653555219364599,0.475,0,272,10.353025436401367
339,0.04132054991235858,valid,0.718878812860676,0.7811067990966696,0.7397198707873001,0.6995594713656388,0.6809605488850772,0.7192028985507246,0.7186081694402421,0.375,0,272,10.373014688491821
340,0.039993992369425926,valid,0.7023907666941468,0.7541494003376527,0.7041949691591833,0.70863599677159,0.6390101892285298,0.7952898550724637,0.6248108925869894,0.4,0,272,10.304609298706055
341,0.04470879476713507,valid,0.6957955482275351,0.7619096559889494,0.7194748052631548,0.7031375703942075,0.6324167872648335,0.7916666666666666,0.6157337367624811,0.7000000000000001,0,272,10.345325708389282
342,0.03928716588569315,valid,0.6842539159109645,0.7768203644017628,0.7385958145266979,0.7005473025801408,0.6162310866574966,0.8115942028985508,0.5779122541603631,0.1,0,272,10.31877326965332
343,0.05057280255775703,valid,0.6933223413025557,0.7802941853581529,0.7495866040092285,0.7004830917874396,0.6304347826086957,0.7880434782608695,0.6142208774583964,0.1,0,272,10.284754753112793
344,0.04821484506522354,valid,0.6999175597691674,0.7756007586222018,0.7233348635243211,0.7101910828025477,0.6335227272727273,0.8079710144927537,0.6096822995461422,0.125,0,272,10.328239917755127
345,0.04739697934373429,valid,0.720527617477329,0.7798131947641913,0.736628024497739,0.7090128755364807,0.6737357259380098,0.7481884057971014,0.697428139183056,0.8250000000000001,0,272,9.883356809616089
346,0.05010999964648172,valid,0.6949711459192086,0.7605776820364402,0.7287707690846127,0.6906354515050167,0.6413043478260869,0.7481884057971014,0.6505295007564297,0.5750000000000001,0,272,10.190542697906494
347,0.04733603790794548,valid,0.6949711459192086,0.7618356574360323,0.7217020149776805,0.7049441786283892,0.6296296296296297,0.8007246376811594,0.6066565809379728,0.1,0,272,10.291396617889404
348,0.04080749969733389,valid,0.7164056059356966,0.7850616106470214,0.7456465010000175,0.7166392092257001,0.6570996978851964,0.7880434782608695,0.6565809379727685,0.65,0,272,10.291919469833374
349,0.03794384767350398,valid,0.718878812860676,0.790947236291083,0.7579461752090155,0.7146443514644352,0.6640746500777605,0.7735507246376812,0.6732223903177005,0.42500000000000004,0,272,10.275274515151978
350,0.04476783346188696,valid,0.6875515251442704,0.7546125764651712,0.7106482186637355,0.698967434471803,0.6223479490806223,0.7971014492753623,0.5960665658093798,0.45000000000000007,0,272,10.412678718566895
351,0.04522687735918321,valid,0.7122835943940643,0.8032625139775044,0.782277250808062,0.7241106719367589,0.6423562412342216,0.8297101449275363,0.6142208774583964,0.1,0,272,10.416010618209839
352,0.05285669853420634,valid,0.6999175597691674,0.7957941415071588,0.7646158738198041,0.7195685670261941,0.6260053619302949,0.8460144927536232,0.5779122541603631,0.1,0,272,10.321208238601685
353,0.049938093478742396,valid,0.7073371805441055,0.7858166699554913,0.7489769117997012,0.7162270183852918,0.6409155937052933,0.8115942028985508,0.6202723146747352,0.125,0,272,10.299349069595337
354,0.047077084156243426,valid,0.7139323990107173,0.7906608344844218,0.7543312473800252,0.7158067158067158,0.6532137518684604,0.7916666666666666,0.649016641452345,0.35,0,272,10.361106634140015
355,0.053257722113477554,valid,0.7139323990107173,0.7788361397969699,0.7279759256203038,0.7061812023708721,0.6629570747217806,0.7554347826086957,0.6792738275340393,0.125,0,272,10.272176265716553
356,0.05044634551986268,valid,0.7353668590272052,0.7876597820605583,0.7495558972868499,0.7181738366988587,0.696763202725724,0.7409420289855072,0.7307110438729199,0.9,0,272,10.284559488296509
357,0.04780804865846509,valid,0.7139323990107173,0.7736521300620491,0.7270607370708557,0.7081581160639192,0.6609105180533752,0.7626811594202898,0.6732223903177005,0.30000000000000004,0,272,10.328060150146484
358,0.04677393179582922,valid,0.720527617477329,0.7774877217215901,0.7422206684201346,0.7090128755364807,0.6737357259380098,0.7481884057971014,0.697428139183056,0.225,0,272,10.362454891204834
359,0.04755577396013235,valid,0.7114591920857378,0.7737891644193032,0.7264700289061722,0.685251798561151,0.6803571428571429,0.6902173913043478,0.7291981845688351,0.1,0,272,10.384637355804443
360,0.04086792263153352,valid,0.6982687551525144,0.7594855182091254,0.7077824098236207,0.702922077922078,0.6367647058823529,0.7844202898550725,0.6263237518910741,0.775,0,272,10.034646272659302
361,0.04299591854214668,valid,0.7337180544105524,0.7873391216645838,0.7477635477903786,0.7246376811594203,0.6843800322061192,0.769927536231884,0.7034795763993948,0.375,0,272,9.935996770858765
362,0.04163911262233006,valid,0.7271228359439407,0.7848245412089718,0.7332670028781365,0.725311203319502,0.669218989280245,0.7916666666666666,0.6732223903177005,0.1,0,272,10.153548955917358
363,0.04674722979727544,valid,0.708161582852432,0.775185544519722,0.7347272513645503,0.7074380165289256,0.6504559270516718,0.7753623188405797,0.6520423600605144,0.1,0,272,10.3186776638031
364,0.04140767386477245,valid,0.7155812036273702,0.7842558486263675,0.744436330890125,0.7136929460580913,0.6584992343032159,0.7789855072463768,0.6626323751891074,0.1,0,272,10.280018091201782
365,0.04650136749995382,valid,0.6949711459192086,0.7796884934990901,0.7408328523871777,0.7118380062305296,0.6243169398907104,0.8278985507246377,0.583963691376702,0.125,0,272,10.334564208984375
366,0.0447020772844553,valid,0.7155812036273702,0.7854918985287991,0.7444456901734702,0.7141673570836785,0.6580152671755726,0.7807971014492754,0.6611195158850227,0.30000000000000004,0,272,10.36417293548584
367,0.04386504141515807,valid,0.717230008244023,0.780940987524392,0.7426185663858555,0.70147954743255,0.6750418760469011,0.730072463768116,0.7065052950075643,0.2,0,272,10.2874014377594
368,0.04429961172373671,valid,0.6966199505358615,0.7595444429827447,0.7175745409350002,0.6978653530377669,0.6381381381381381,0.769927536231884,0.6354009077155824,0.125,0,272,10.327722549438477
369,0.036741814943716714,valid,0.6900247320692497,0.7698672411146923,0.7164333923619437,0.7044025157232704,0.6222222222222222,0.8115942028985508,0.5885022692889561,0.15000000000000002,0,272,10.307420015335083
370,0.043709030963088334,valid,0.6933223413025557,0.7709498125369992,0.7396087348560173,0.6970684039087948,0.6331360946745562,0.7753623188405797,0.6248108925869894,0.15000000000000002,0,272,10.31829047203064
371,0.04493590728624871,valid,0.7023907666941468,0.7717309083733473,0.7184855494147913,0.710968775020016,0.6370157819225251,0.8043478260869565,0.6172465960665658,0.225,0,272,10.287296772003174
372,0.03913436290857039,valid,0.7180544105523495,0.7854453068473328,0.7563635201922755,0.7056798623063684,0.6721311475409836,0.7427536231884058,0.697428139183056,0.2,0,272,10.315660953521729
373,0.03686644445712629,valid,0.6718878812860676,0.7558952180490693,0.7125891803329545,0.6933744221879815,0.6032171581769437,0.8152173913043478,0.5521936459909228,0.1,0,272,10.359325170516968
374,0.040581354479256426,valid,0.7114591920857378,0.7722461575566226,0.7306186616031317,0.7068676716917923,0.6573208722741433,0.7644927536231884,0.6671709531013615,0.125,0,272,10.283943176269531
375,0.04667487858157409,valid,0.6908491343775762,0.7640295774956698,0.7362162741070503,0.679213002566296,0.6434359805510534,0.7192028985507246,0.6671709531013615,0.25,0,272,10.329885005950928
376,0.05232878715584153,valid,0.686727122835944,0.7488530224297836,0.6968478002250301,0.6925566343042071,0.6257309941520468,0.7753623188405797,0.6127080181543116,0.1,0,272,10.307337045669556
377,0.05539061276144103,valid,0.7015663643858203,0.7648093029884453,0.722806278436329,0.7023026315789473,0.6430722891566265,0.7735507246376812,0.6414523449319214,0.1,0,272,10.322539806365967
378,0.04839452003177844,valid,0.7032151690024732,0.7716993904711789,0.7378261707534726,0.7039473684210527,0.6445783132530121,0.7753623188405797,0.642965204236006,0.1,0,272,10.314200401306152
379,0.04520889518684462,valid,0.7023907666941468,0.7659110592207676,0.7126131450738635,0.7057864710676447,0.6414814814814814,0.7844202898550725,0.6338880484114977,0.42500000000000004,0,272,10.330598592758179
380,0.03708799727457134,valid,0.7131079967023908,0.7850013155298297,0.7513927189957526,0.7114427860696517,0.6559633027522935,0.7771739130434783,0.659606656580938,0.325,0,272,10.341490745544434
381,0.040086456035312856,valid,0.7287716405605935,0.7965930518099498,0.7727152539188963,0.7214225232853514,0.6772655007949125,0.7717391304347826,0.6928895612708018,0.1,0,272,10.304284572601318
382,0.04467462880634948,valid,0.7337180544105524,0.7857440417461466,0.7518319338222255,0.7164179104477612,0.6950596252129472,0.7391304347826086,0.7291981845688351,0.7000000000000001,0,272,10.306888103485107
383,0.03258388077742175,valid,0.7056883759274526,0.7826415838979149,0.7385257346070907,0.7066557107641742,0.6466165413533834,0.7789855072463768,0.6444780635400907,0.25,0,272,10.280205011367798
384,0.03415532086632753,valid,0.6999175597691674,0.78078887938784,0.7339060615428243,0.7133858267716535,0.6309192200557103,0.8206521739130435,0.5990922844175491,0.1,0,272,10.324033737182617
385,0.042378868515554224,valid,0.7089859851607585,0.7719364599092284,0.7091003594975542,0.7155519742143432,0.6444121915820029,0.8043478260869565,0.6293494704992436,0.42500000000000004,0,272,10.312105417251587
386,0.044859608243170535,valid,0.6999175597691674,0.7595389616084545,0.7190134896815376,0.6867469879518072,0.6540983606557377,0.7228260869565217,0.680786686838124,0.17500000000000002,0,272,10.33107614517212
387,0.04592023574207958,valid,0.7089859851607585,0.7739426428994277,0.718746122574325,0.7244340359094458,0.6364883401920439,0.8405797101449275,0.5990922844175491,0.25,0,272,10.351451635360718
388,0.04596093973438991,valid,0.720527617477329,0.7789772851849416,0.7208585517692886,0.727710843373494,0.6536796536796536,0.8206521739130435,0.6369137670196672,0.42500000000000004,0,272,10.314332962036133
389,0.053422734043315837,valid,0.7106347897774113,0.7825579929399898,0.730335809516446,0.7167070217917676,0.6462882096069869,0.8043478260869565,0.632375189107413,0.325,0,272,10.323624610900879
390,0.04494221469289378,valid,0.683429513602638,0.7794610164660485,0.7625683084531237,0.7009345794392523,0.6147540983606558,0.8152173913043478,0.573373676248109,0.1,0,272,10.291140794754028
391,0.04408800896061094,valid,0.718878812860676,0.7743907452476486,0.7351372535048484,0.7077977720651243,0.6715447154471544,0.7481884057971014,0.6944024205748865,0.8250000000000001,0,272,10.277082443237305
392,0.045218267134929956,valid,0.6982687551525144,0.7726627420026748,0.7405961317987874,0.707667731629393,0.6328571428571429,0.802536231884058,0.6111951588502269,0.1,0,272,10.259693384170532
393,0.05319653784758166,valid,0.7180544105523495,0.7751293604332479,0.7377415740542326,0.6962699822380106,0.6829268292682927,0.7101449275362319,0.7246596066565809,0.2,0,272,10.288426637649536
394,0.040193007082531325,valid,0.6809563066776587,0.7622275756977791,0.7231101614403923,0.6901521216973578,0.6183644189383071,0.7807971014492754,0.5975794251134644,0.1,0,272,10.27504277229309
395,0.037574361519593945,valid,0.7114591920857378,0.7790732092350194,0.7475568034501308,0.7043918918918919,0.6598101265822784,0.7554347826086957,0.6747352496217852,0.2,0,272,10.302649974822998
396,0.037493042843906504,valid,0.7197032151690025,0.7932960051744173,0.7748258020339309,0.708904109589041,0.672077922077922,0.75,0.6944024205748865,0.2,0,272,10.304723978042603
397,0.043300019577145576,valid,0.7238252267106348,0.7869526847771273,0.7553024421165513,0.7206005004170142,0.6676970633693973,0.782608695652174,0.6747352496217852,0.2,0,272,10.285395860671997
398,0.04883755013150604,valid,0.7139323990107173,0.7820907057817535,0.754583309296434,0.7071729957805907,0.6619273301737757,0.7590579710144928,0.6762481089258698,0.525,0,272,10.28328800201416
399,0.05026664633892084,valid,0.6859027205276175,0.76141907298998,0.7145761371553488,0.7035019455252919,0.616643929058663,0.8188405797101449,0.5748865355521936,0.4,0,272,10.286124467849731
400,0.041069024585579574,valid,0.7279472382522671,0.7876981516805893,0.7511032701780356,0.7164948453608248,0.6813725490196079,0.7554347826086957,0.7049924357034796,0.42500000000000004,0,272,10.3020179271698
401,0.041972773394694456,valid,0.6760098928277,0.7563378390229998,0.7081974345587134,0.6993114001530222,0.6052980132450331,0.8278985507246377,0.5491679273827534,0.2,0,272,10.309630632400513
402,0.04101437506707091,valid,0.7122835943940643,0.7850753140827469,0.7537038274714785,0.7064760302775441,0.6593406593406593,0.7608695652173914,0.6717095310136157,0.125,0,272,10.288859367370605
403,0.033925662307362804,valid,0.717230008244023,0.791256933938477,0.7620191627790203,0.7144046627810158,0.6610169491525424,0.7771739130434783,0.6671709531013615,0.1,0,272,10.268564224243164
404,0.04460689582322773,valid,0.7089859851607585,0.7711937336929116,0.7242733585870604,0.7127746135069162,0.6469719350073855,0.7934782608695652,0.6384266263237519,0.1,0,272,10.28189730644226
405,0.041219928743023625,valid,0.7065127782357791,0.780547698919073,0.7419162649052394,0.7105691056910569,0.644542772861357,0.7916666666666666,0.6354009077155824,0.17500000000000002,0,272,10.321811437606812
406,0.04214426188876754,valid,0.7032151690024732,0.7711676971650332,0.7393416446144232,0.7004991680532446,0.6476923076923077,0.7626811594202898,0.653555219364599,0.17500000000000002,0,272,10.306800127029419
407,0.054735507423940455,valid,0.7056883759274526,0.7765284812208116,0.7370522887605784,0.6997476871320437,0.6530612244897959,0.7536231884057971,0.6656580937972768,0.45000000000000007,0,272,10.2677481174469
408,0.04396273617289568,valid,0.72959604286892,0.7885244688548312,0.7542651897885371,0.7167530224525043,0.6848184818481848,0.7518115942028986,0.7110438729198184,0.225,0,272,10.291767120361328
409,0.04307522379646176,valid,0.720527617477329,0.7876035979740841,0.7421011760530549,0.7114893617021276,0.6709470304975923,0.7572463768115942,0.6898638426626323,0.1,0,272,10.335425853729248
410,0.03718978269515853,valid,0.7048639736191261,0.7811314652809753,0.7441209002835483,0.7103559870550162,0.6418128654970761,0.7952898550724637,0.6293494704992436,0.2,0,272,10.318031311035156
411,0.03553253765168943,valid,0.7155812036273702,0.7916255563594904,0.7566995383406742,0.7155812036273702,0.6565809379727685,0.7862318840579711,0.6565809379727685,0.17500000000000002,0,272,10.320471048355103
412,0.035682321182991326,valid,0.720527617477329,0.7817768971036418,0.7531164942363249,0.7034120734908137,0.6802030456852792,0.7282608695652174,0.7140695915279879,0.17500000000000002,0,272,10.3131685256958
413,0.034245741504587625,valid,0.6949711459192086,0.7809163213400865,0.7462722244427583,0.7118380062305296,0.6243169398907104,0.8278985507246377,0.583963691376702,0.1,0,272,10.323038816452026
414,0.030298293176058092,valid,0.7032151690024732,0.7816672696178386,0.7541511767041698,0.7029702970297029,0.6454545454545455,0.7717391304347826,0.6459909228441755,0.15000000000000002,0,272,10.341418743133545
415,0.047689630012763176,valid,0.7370156636438582,0.7886738363042382,0.7367559302119229,0.7242869490060502,0.6925619834710743,0.7590579710144928,0.7186081694402421,0.8,0,272,10.309264183044434
416,0.040757059266692715,valid,0.7106347897774113,0.7919379946940297,0.7480672722996463,0.7167070217917676,0.6462882096069869,0.8043478260869565,0.632375189107413,0.25,0,272,10.300403594970703
417,0.05377299603270857,valid,0.7386644682605111,0.7823318862505206,0.7463976786339427,0.7197170645446508,0.7029360967184801,0.7373188405797102,0.7397881996974282,0.5,0,272,9.890483856201172
418,0.04431855815805887,valid,0.7378400659521847,0.7835377885943564,0.7453103601028429,0.7165775401069518,0.7052631578947368,0.7282608695652174,0.745839636913767,0.375,0,272,9.879764795303345
419,0.042481975433857816,valid,0.7271228359439407,0.786518285864632,0.7476827431383384,0.710411198600175,0.6869712351945855,0.7355072463768116,0.7201210287443268,0.225,0,272,9.933409690856934
420,0.05293654336741096,valid,0.6859027205276175,0.7663865684404394,0.7080658433274056,0.7021110242376857,0.6176066024759285,0.8134057971014492,0.5794251134644478,0.225,0,272,9.858410120010376
421,0.03940156759007981,valid,0.7089859851607585,0.7751211383718125,0.7441958689522608,0.7041072925398156,0.6552262090483619,0.7608695652173914,0.6656580937972768,0.17500000000000002,0,272,10.319023847579956
422,0.041096897501694526,valid,0.6966199505358615,0.7690916266526343,0.7378717259134822,0.6973684210526315,0.6385542168674698,0.7681159420289855,0.6369137670196672,0.125,0,272,10.291944026947021
423,0.04034149382067354,valid,0.6883759274525969,0.7674348812734327,0.7384983745535421,0.7069767441860465,0.6178861788617886,0.8260869565217391,0.573373676248109,0.1,0,272,10.309582710266113
424,0.034752267559892254,valid,0.6801319043693322,0.7621097261505405,0.734786208689168,0.694006309148265,0.6145251396648045,0.7971014492753623,0.5824508320726173,0.1,0,272,10.29442048072815
425,0.042704000088729356,valid,0.7089859851607585,0.7698754631761274,0.7360906059972974,0.7011007620660458,0.6581875993640699,0.75,0.6747352496217852,0.125,0,272,10.303987503051758
426,0.035041705803259424,valid,0.7230008244023083,0.7852137187835735,0.751097952778187,0.7166947723440135,0.6703470031545742,0.769927536231884,0.6838124054462935,0.1,0,272,10.284197092056274
427,0.04283903024502491,valid,0.7155812036273702,0.7833856804578043,0.7388107286045793,0.7093513058129739,0.662992125984252,0.7626811594202898,0.6762481089258698,0.1,0,272,10.279147863388062
428,0.04353569447994232,valid,0.7279472382522671,0.7824058848034379,0.7371703198731123,0.7150259067357513,0.6831683168316832,0.75,0.7095310136157338,0.5,0,272,10.29742431640625
429,0.04369361404525606,valid,0.7122835943940643,0.7792691683658926,0.741473707444453,0.7098919368246052,0.6559139784946236,0.7735507246376812,0.6611195158850227,0.225,0,272,10.331801891326904
430,0.040303608990813554,valid,0.718878812860676,0.7903867657699138,0.7409283994142322,0.7198027937551356,0.6586466165413534,0.7934782608695652,0.6565809379727685,0.15000000000000002,0,272,10.300893545150757
431,0.040276184482009786,valid,0.7139323990107173,0.7854754544059287,0.7363737786054666,0.7199354317998385,0.6491994177583698,0.8079710144927537,0.6354009077155824,0.1,0,272,10.313649415969849
432,0.03867219594356261,valid,0.7065127782357791,0.7803709245982152,0.7477417382374074,0.7062706270627063,0.6484848484848484,0.7753623188405797,0.649016641452345,0.1,0,272,10.289357662200928
433,0.04311219671447026,valid,0.7122835943940643,0.7801078186322876,0.7428425598261978,0.7187751813053989,0.6473149492017417,0.8079710144927537,0.632375189107413,0.1,0,272,10.331820726394653
434,0.04031145474628398,valid,0.708161582852432,0.7705250060295117,0.7241799457773422,0.6910994764397905,0.6666666666666666,0.717391304347826,0.7004538577912254,0.1,0,272,10.296004056930542
435,0.043063372079479065,valid,0.6957955482275351,0.7692464754763315,0.7278347800298619,0.7016976556184317,0.6335766423357664,0.7862318840579711,0.6202723146747352,0.15000000000000002,0,272,10.27400803565979
436,0.03978388119292887,valid,0.7197032151690025,0.7797775658313052,0.74595757189533,0.7108843537414966,0.6698717948717948,0.7572463768115942,0.6883509833585476,0.225,0,272,10.286832809448242
437,0.03988461068978435,valid,0.6941467436108821,0.7709621456291521,0.7214993838249805,0.7048528241845664,0.6283687943262412,0.802536231884058,0.6036308623298033,0.1,0,272,10.322925806045532
438,0.03609375964458052,valid,0.7073371805441055,0.7955488500076738,0.7564648003007276,0.7215686274509804,0.636237897648686,0.8333333333333334,0.6021180030257186,0.15000000000000002,0,272,10.370353698730469
439,0.05448634216659948,valid,0.708161582852432,0.770992293187748,0.7435371650115128,0.702020202020202,0.6556603773584906,0.7554347826086957,0.6686838124054463,0.125,0,272,10.38148021697998
440,0.04623174265419182,valid,0.6900247320692497,0.7727257778070117,0.7205421767148525,0.7085271317829457,0.6192411924119241,0.8278985507246377,0.5748865355521936,0.2,0,272,10.2961266040802
441,0.04335753325569002,valid,0.7304204451772465,0.7840201495318906,0.738321130552402,0.7067264573991031,0.6998223801065719,0.7137681159420289,0.7443267776096822,0.5750000000000001,0,272,10.302736282348633
442,0.05105649572061865,valid,0.7254740313272877,0.7761242298669122,0.7352241529486123,0.7185122569737954,0.6735340729001584,0.769927536231884,0.6883509833585476,0.25,0,272,10.29523777961731
443,0.041689171994987284,valid,0.6999175597691674,0.772957365870771,0.7092841975089469,0.7111111111111111,0.632768361581921,0.8115942028985508,0.6066565809379728,0.1,0,272,10.32803726196289
444,0.037021121059201266,valid,0.6801319043693322,0.768824409655989,0.7281055270064765,0.7006172839506173,0.6102150537634409,0.822463768115942,0.5612708018154312,0.1,0,272,10.317728519439697
445,0.03485968983487079,valid,0.7353668590272052,0.7909924576289766,0.7606707541288429,0.7211120764552563,0.6928213689482471,0.7518115942028986,0.7216338880484114,0.15000000000000002,0,272,10.300524950027466
446,0.03726455917287814,valid,0.7155812036273702,0.7843312175228574,0.7391075448041557,0.7174447174447175,0.6547085201793722,0.7934782608695652,0.6505295007564297,0.225,0,272,10.287755966186523
447,0.033920594540081526,valid,0.7147568013190437,0.768198162643338,0.7298176369819437,0.6948853615520282,0.6769759450171822,0.7137681159420289,0.7155824508320726,0.1,0,272,10.36493468284607
448,0.03689918471010108,valid,0.7098103874690849,0.777883751014054,0.7375355534910362,0.7138211382113822,0.6474926253687315,0.7952898550724637,0.6384266263237519,0.17500000000000002,0,272,10.314614057540894
449,0.03545119814378651,valid,0.6826051112943117,0.7567982744633736,0.7144790341491182,0.6867371847030106,0.6233382570162481,0.7644927536231884,0.6142208774583964,0.1,0,272,10.279706954956055
450,0.03770429121428415,valid,0.7073371805441055,0.7872226424609179,0.7415629075916514,0.7175815433571997,0.6397163120567376,0.8170289855072463,0.6157337367624811,0.1,0,272,10.302737474441528
451,0.03732525047503019,valid,0.7197032151690025,0.789297342629744,0.7531889615712819,0.7213114754098361,0.6586826347305389,0.7971014492753623,0.6550680786686838,0.42500000000000004,0,272,10.301355361938477
452,0.035860569510412846,valid,0.7114591920857378,0.7791677629415247,0.7459979368179364,0.7088186356073212,0.6553846153846153,0.7717391304347826,0.6611195158850227,0.375,0,272,10.311465740203857
453,0.027562416942888184,valid,0.7122835943940643,0.7811150211581048,0.7357451374095265,0.7044877222692634,0.6613672496025437,0.7536231884057971,0.6777609682299546,0.1,0,272,10.284434795379639
454,0.039626192497579676,valid,0.717230008244023,0.7861071827928698,0.7506360963586651,0.7153526970954357,0.6600306278713629,0.7807971014492754,0.6641452344931922,0.1,0,272,10.317593812942505
455,0.03844987071658436,valid,0.7197032151690025,0.7701659760135062,0.7127281897195482,0.711864406779661,0.6687898089171974,0.7608695652173914,0.6853252647503782,0.45000000000000007,0,272,10.33273983001709
456,0.04016234970798618,valid,0.7197032151690025,0.7859084829748514,0.7370955058486774,0.7053726169844021,0.6760797342192691,0.7373188405797102,0.7049924357034796,0.325,0,272,10.401761293411255
457,0.044750253424832694,valid,0.6966199505358615,0.7785620710824618,0.7438849648545459,0.7046548956661316,0.6325648414985591,0.7952898550724637,0.6142208774583964,0.15000000000000002,0,272,10.405606985092163
458,0.04731411913311795,valid,0.7106347897774113,0.7729107741893047,0.7328433930639555,0.6966292134831461,0.6661157024793388,0.730072463768116,0.6944024205748865,0.125,0,272,10.157857418060303
459,0.04065198921843579,valid,0.7164056059356966,0.7812506851717862,0.745050340931085,0.7152317880794702,0.6585365853658537,0.782608695652174,0.6611195158850227,0.125,0,272,10.229916334152222
460,0.03746952096882619,valid,0.717230008244023,0.7781249314828214,0.7427751084505452,0.7060839760068551,0.6699186991869919,0.7463768115942029,0.6928895612708018,0.1,0,272,10.441307306289673
461,0.03485447575191134,valid,0.7139323990107173,0.7774411300401236,0.7426218474365327,0.7120331950207469,0.6569678407350689,0.7771739130434783,0.6611195158850227,0.5750000000000001,0,272,10.418069124221802
462,0.032419260248149694,valid,0.718878812860676,0.7839036703282247,0.744567244072486,0.7136859781696053,0.6651017214397497,0.769927536231884,0.6762481089258698,0.775,0,272,9.9078209400177
463,0.045699337203251686,valid,0.6933223413025557,0.7651751847223137,0.7133656089140092,0.7014446227929374,0.6296829971181557,0.7916666666666666,0.6111951588502269,0.2,0,272,9.896551609039307
464,0.034063001653473625,valid,0.7271228359439407,0.77756857199237,0.7379439396273915,0.7109170305676856,0.6863406408094435,0.7373188405797102,0.7186081694402421,0.675,0,272,10.307901859283447
465,0.02994661337058795,valid,0.7040395713107996,0.7841242956434038,0.7507373874141299,0.7069387755102041,0.6433878157503715,0.7844202898550725,0.6369137670196672,0.1,0,272,9.90533709526062
466,0.04083606277249361,valid,0.7065127782357791,0.7677349865158193,0.7196810306038779,0.7057851239669422,0.648936170212766,0.7735507246376812,0.6505295007564297,0.15000000000000002,0,272,9.882986068725586
467,0.04079150947693147,valid,0.7230008244023083,0.7639802451270582,0.7329021361564367,0.6994633273703041,0.6908127208480566,0.7083333333333334,0.735249621785174,0.5,0,272,9.857438564300537
468,0.04517230474831242,valid,0.6892003297609234,0.7507016159091408,0.6964118310817726,0.6932465419039869,0.6292466765140325,0.7717391304347826,0.6202723146747352,0.4,0,272,9.873806953430176
469,0.03797756998162521,valid,0.708161582852432,0.768284494288408,0.7252973385825876,0.7025210084033613,0.6551724137931034,0.7572463768115942,0.6671709531013615,0.475,0,272,9.89662790298462
470,0.03351397013389751,valid,0.7139323990107173,0.7767833651253042,0.741400518612424,0.7101086048454469,0.6589147286821705,0.769927536231884,0.6671709531013615,0.15000000000000002,0,272,10.333250522613525
471,0.026822037872319158,valid,0.7007419620774938,0.7591388212852727,0.7203360800233061,0.6997518610421837,0.6438356164383562,0.7663043478260869,0.6459909228441755,0.375,0,272,10.260672569274902
472,0.036903190132426586,valid,0.7328936521022259,0.7787881777719311,0.7460385682202881,0.7240204429301533,0.6832797427652733,0.769927536231884,0.7019667170953101,0.525,0,272,9.883967161178589
473,0.03535227781455768,valid,0.7155812036273702,0.7811698349010063,0.7393158528332107,0.7192839707078926,0.6528803545051699,0.8007246376811594,0.6444780635400907,0.15000000000000002,0,272,9.890675067901611
474,0.03730357850068494,valid,0.7073371805441055,0.7739124953408318,0.729898708916864,0.7111472742066721,0.6454948301329394,0.7916666666666666,0.6369137670196672,0.8250000000000001,0,272,9.856005907058716
475,0.041095998432291184,valid,0.7114591920857378,0.7688367427481418,0.7285624974473364,0.7097844112769486,0.654434250764526,0.7753623188405797,0.6580937972768532,0.42500000000000004,0,272,10.020427227020264
476,0.035756426618287436,valid,0.7180544105523495,0.7740371966059332,0.725560273615794,0.7096774193548387,0.6677316293929713,0.7572463768115942,0.6853252647503782,0.225,0,272,9.87569808959961
477,0.03937911703006217,valid,0.7114591920857378,0.7685804885000768,0.7220893793681173,0.7172859450726979,0.6472303206997084,0.8043478260869565,0.6338880484114977,0.5,0,272,9.888891220092773
478,0.04763967705596434,valid,0.6892003297609234,0.7460342257010678,0.7015591973785358,0.6876553438276719,0.6335877862595419,0.7518115942028986,0.6369137670196672,0.375,0,272,9.961607217788696
479,0.04332932128914093,valid,0.7048639736191261,0.7655232519897389,0.7224339342272215,0.6945392491467577,0.6564516129032258,0.7373188405797102,0.6777609682299546,0.675,0,272,10.327059745788574
480,0.046921917678494206,valid,0.6875515251442704,0.765731544212765,0.7154364673548135,0.700395256916996,0.6213183730715287,0.802536231884058,0.5915279878971256,0.1,0,272,10.275080442428589
481,0.03750580480616344,valid,0.7230008244023083,0.7851671271021071,0.7479761333983008,0.7223140495867768,0.6641337386018237,0.7916666666666666,0.6656580937972768,0.5,0,272,10.287705183029175
482,0.040703588214359786,valid,0.7197032151690025,0.7775425354644916,0.7388014148434532,0.7199341021416804,0.6601208459214502,0.7916666666666666,0.659606656580938,0.1,0,272,9.87235140800476
483,0.03704246417864373,valid,0.731244847485573,0.7913432655835471,0.7545842117988935,0.7135325131810193,0.6928327645051194,0.7355072463768116,0.7276853252647504,0.17500000000000002,0,272,9.909136772155762
484,0.03885850604427488,valid,0.6916735366859027,0.7478937819290052,0.6991757409913557,0.6924342105263158,0.6340361445783133,0.7626811594202898,0.632375189107413,0.125,0,272,9.865642309188843
485,0.03865955387683291,valid,0.717230008244023,0.7779865267819948,0.7337163118811041,0.7045650301464255,0.6715927750410509,0.7409420289855072,0.697428139183056,0.1,0,272,10.307228803634644
486,0.03698669109297426,valid,0.7048639736191261,0.7648928939463703,0.7080739788706439,0.7079934747145188,0.6439169139465876,0.7862318840579711,0.6369137670196672,0.1,0,272,10.320465564727783
487,0.030968283352098967,valid,0.7139323990107173,0.7779508978491088,0.7364429738801623,0.7056827820186599,0.6634768740031898,0.7536231884057971,0.680786686838124,0.125,0,272,10.29820442199707
488,0.03548636694291705,valid,0.6982687551525144,0.7620096910697449,0.7104266141903842,0.7057877813504824,0.634393063583815,0.7952898550724637,0.6172465960665658,0.325,0,272,10.138649463653564
489,0.03444251398506917,valid,0.7164056059356966,0.7832294612905348,0.7363691577658023,0.7198697068403909,0.6538461538461539,0.8007246376811594,0.6459909228441755,0.2,0,272,9.951212167739868
490,0.030126074623120457,valid,0.6949711459192086,0.7562350632550593,0.7245076390351379,0.6926910299003323,0.6395705521472392,0.7554347826086957,0.6444780635400907,0.15000000000000002,0,272,9.902330160140991
491,0.03659191970272284,valid,0.683429513602638,0.7505755443004669,0.7021743510706515,0.6836902800658978,0.6268882175226587,0.7518115942028986,0.6263237518910741,0.15000000000000002,0,272,9.891748428344727
492,0.03381697137496973,valid,0.6957955482275351,0.7599116950601855,0.7302567330770856,0.6660633484162896,0.6654611211573237,0.6666666666666666,0.7201210287443268,0.1,0,272,9.893359661102295
493,0.036090922688967304,valid,0.7262984336356142,0.7798131947641913,0.7307126139316009,0.7181663837011885,0.6757188498402555,0.7663043478260869,0.6928895612708018,0.2,0,272,9.987709045410156
494,0.03925569708410062,valid,0.7098103874690849,0.7713143239272949,0.7256380173464394,0.704201680672269,0.6567398119122257,0.7590579710144928,0.6686838124054463,0.125,0,272,9.953888654708862
495,0.035032901422757855,valid,0.6966199505358615,0.7645818259554035,0.7150348135288709,0.7032258064516129,0.6337209302325582,0.7898550724637681,0.6187594553706506,0.35,0,272,9.880951404571533
496,0.03968010764372976,valid,0.7139323990107173,0.77089088776338,0.7093768748200792,0.7081581160639192,0.6609105180533752,0.7626811594202898,0.6732223903177005,0.1,0,272,9.830197811126709
497,0.035603599769896584,valid,0.7180544105523495,0.7736123900984454,0.717886681226902,0.7140468227424749,0.6630434782608695,0.7735507246376812,0.6717095310136157,0.275,0,272,9.709890365600586
498,0.03960650973021984,valid,0.6982687551525144,0.755445745357276,0.7009007201079847,0.698019801980198,0.6409090909090909,0.7663043478260869,0.6414523449319214,0.7000000000000001,0,272,9.583148717880249
499,0.04971804714908725,valid,0.7056883759274526,0.7712321033129426,0.7321174344564331,0.7052023121387283,0.6479514415781487,0.7735507246376812,0.649016641452345,0.125,0,272,9.565906524658203
500,0.03999358405800242,valid,0.7073371805441055,0.7762434497577233,0.7212861480260557,0.710676446617767,0.6459259259259259,0.7898550724637681,0.6384266263237519,0.1,0,272,9.574026584625244
501,0.03282121000321288,valid,0.7221764220939819,0.7703358986165011,0.714631731001404,0.7015057573073517,0.6863084922010398,0.717391304347826,0.7261724659606656,0.55,0,272,10.325946569442749
502,0.032418084428890756,valid,0.6900247320692497,0.7581233966980202,0.7104662628918617,0.6866666666666666,0.6358024691358025,0.7463768115942029,0.642965204236006,0.1,0,272,10.316631078720093
503,0.03529020585119724,valid,0.7213520197856554,0.7744400776162599,0.7120048681128861,0.7211221122112211,0.6621212121212121,0.7916666666666666,0.6626323751891074,0.625,0,272,10.327814817428589
504,0.03742515609452599,valid,0.6768342951360263,0.7581151746365848,0.7032562633964131,0.7039274924471299,0.6036269430051814,0.8442028985507246,0.5370650529500757,0.125,0,272,10.289855003356934
505,0.03447284995529212,valid,0.7279472382522671,0.7868348352298888,0.746052723309911,0.7231543624161074,0.6734375,0.7807971014492754,0.6838124054462935,0.17500000000000002,0,272,9.902617931365967
506,0.03685182786399597,valid,0.6999175597691674,0.7699535727597624,0.7211856444715082,0.7011494252873564,0.6411411411411412,0.7735507246376812,0.6384266263237519,0.15000000000000002,0,272,10.338529109954834
507,0.04245186224579811,valid,0.6982687551525144,0.7721611962551251,0.7271456758860066,0.7019543973941368,0.6375739644970414,0.7807971014492754,0.6293494704992436,0.17500000000000002,0,272,10.29240345954895
508,0.04766274905322414,valid,0.6990931574608409,0.7718227213927076,0.7194588770543884,0.7034930950446792,0.6377025036818851,0.7844202898550725,0.6278366111951589,0.1,0,272,10.330650806427002
509,0.02961677092274553,valid,0.7098103874690849,0.7725325593632836,0.7161363273812842,0.705685618729097,0.65527950310559,0.7644927536231884,0.6641452344931922,0.2,0,272,10.302347898483276
510,0.03565677985745041,valid,0.7180544105523495,0.7775644609616523,0.7174700533876432,0.7168874172185431,0.6600609756097561,0.7844202898550725,0.6626323751891074,0.2,0,272,10.290132761001587
511,0.03779292204662373,valid,0.6924979389942292,0.7617630292266878,0.7175266552409096,0.698464025869038,0.6306569343065693,0.782608695652174,0.6172465960665658,0.1,0,272,10.257789850234985
512,0.04044988810231811,valid,0.7032151690024732,0.7634896621280887,0.7190687969124552,0.7014925373134329,0.6467889908256881,0.7663043478260869,0.6505295007564297,0.4,0,272,10.293532371520996
513,0.04561045128656061,valid,0.6924979389942292,0.774541483040628,0.7196487433668972,0.7065302911093627,0.6244784422809457,0.8134057971014492,0.5915279878971256,0.1,0,272,9.882782459259033
514,0.03528826928844577,valid,0.7197032151690025,0.7889246091780131,0.7530519957822179,0.7094017094017094,0.6715210355987055,0.7518115942028986,0.6928895612708018,0.125,0,272,9.831228017807007
515,0.0339221046061108,valid,0.708161582852432,0.7803750356289328,0.7411123265050241,0.696917808219178,0.6607142857142857,0.7373188405797102,0.6838124054462935,0.15000000000000002,0,272,10.115166187286377
516,0.032547938637435436,valid,0.7155812036273702,0.7793938696309939,0.7356126126124061,0.7088607594936709,0.6635071090047393,0.7608695652173914,0.6777609682299546,0.375,0,272,10.287884950637817
517,0.031987239655695464,valid,0.6933223413025557,0.7621850950470302,0.7150454836529961,0.7004830917874396,0.6304347826086957,0.7880434782608695,0.6142208774583964,0.15000000000000002,0,272,10.285582065582275
518,0.0337086632651718,valid,0.7131079967023908,0.7719748295292597,0.7289641700354506,0.7095158597662772,0.6578947368421053,0.769927536231884,0.6656580937972768,0.2,0,272,10.316417694091797
519,0.03803980370101176,valid,0.731244847485573,0.779873489881383,0.7355041481697717,0.7073608617594255,0.701067615658363,0.7137681159420289,0.745839636913767,0.2,0,272,10.299346208572388
520,0.04020383307024052,valid,0.7065127782357791,0.7760132320375364,0.7479322301191089,0.6993243243243243,0.6550632911392406,0.75,0.670196671709531,0.1,0,272,10.28329610824585
521,0.034454367956832835,valid,0.7345424567188789,0.793619406257537,0.7531759920346829,0.7204861111111112,0.6916666666666667,0.7518115942028986,0.7201210287443268,0.5750000000000001,0,272,10.29186725616455
522,0.03688839210295364,valid,0.7155812036273702,0.7709840711263128,0.7364114433766122,0.6954986760812003,0.6781411359724613,0.7137681159420289,0.7170953101361573,0.6,0,272,10.296637773513794
523,0.037968106469825694,valid,0.7131079967023908,0.7747949966015479,0.7204143684758062,0.71334431630972,0.6540785498489426,0.7844202898550725,0.653555219364599,0.30000000000000004,0,272,10.301869869232178
524,0.03921989557382308,valid,0.6933223413025557,0.7690436646275954,0.7173540810939871,0.7080062794348508,0.6246537396121884,0.8170289855072463,0.5900151285930408,0.275,0,272,10.329503059387207
525,0.03557423217908332,valid,0.7106347897774113,0.7814877546098358,0.7246011674446213,0.7139364303178484,0.6488888888888888,0.7934782608695652,0.6414523449319214,0.2,0,272,10.299687385559082
526,0.033730829085566495,valid,0.6990931574608409,0.7725654476090245,0.7235554077826026,0.7072975140336808,0.6345323741007194,0.7989130434782609,0.6157337367624811,0.15000000000000002,0,272,10.340281009674072
527,0.03504845284317669,valid,0.7089859851607585,0.7877968164178123,0.7301910031587058,0.7222659323367427,0.6383866481223922,0.8315217391304348,0.6066565809379728,0.1,0,272,10.304829597473145
528,0.042117013056811536,valid,0.7114591920857378,0.7818933763073077,0.7527418477100518,0.7013651877133106,0.6629032258064517,0.7445652173913043,0.6838124054462935,0.1,0,272,10.324211120605469
529,0.03535637288893524,valid,0.7098103874690849,0.7721379004143918,0.7299690409471882,0.7086092715231788,0.6524390243902439,0.7753623188405797,0.6550680786686838,0.225,0,272,10.305309534072876
530,0.02781731851006809,valid,0.6924979389942292,0.7645544190839527,0.7117858207257493,0.6899418121363259,0.6374807987711214,0.7518115942028986,0.642965204236006,0.1,0,272,10.292808055877686
531,0.03148880497993607,valid,0.7098103874690849,0.7669593720537613,0.7151531068000405,0.707641196013289,0.6533742331288344,0.7717391304347826,0.6580937972768532,0.5,0,272,10.323234796524048
532,0.031049488896602077,valid,0.7361912613355317,0.7907403144116292,0.7502716272153374,0.7278911564625851,0.6858974358974359,0.7753623188405797,0.7034795763993948,0.125,0,272,10.27724289894104
533,0.034053343985425796,valid,0.7197032151690025,0.7828882457409723,0.7430827040286001,0.7113752122241087,0.6693290734824281,0.7590579710144928,0.686838124054463,0.2,0,272,9.867125272750854
534,0.03461296537792996,valid,0.7139323990107173,0.7801105593194326,0.7389497778152702,0.7120331950207469,0.6569678407350689,0.7771739130434783,0.6611195158850227,0.15000000000000002,0,272,10.303385019302368
535,0.0314224467514769,valid,0.7098103874690849,0.7870170909250368,0.7515222087773386,0.7170418006430869,0.6445086705202312,0.8079710144927537,0.6278366111951589,0.1,0,272,10.28538727760315
536,0.03554221811263185,valid,0.7238252267106348,0.7806285491898529,0.7407455263413816,0.7089487402258905,0.6811352253756261,0.7391304347826086,0.7110438729198184,0.1,0,272,10.341827392578125
537,0.03028018610846055,valid,0.7114591920857378,0.786315475015896,0.7420508509552702,0.7140522875816994,0.6502976190476191,0.7916666666666666,0.6444780635400907,0.2,0,272,10.299269437789917
538,0.04869225876111733,valid,0.7164056059356966,0.7846231007038085,0.7460795465504476,0.7114093959731543,0.6625,0.7681159420289855,0.6732223903177005,0.125,0,272,10.32956576347351
539,0.0436968161283355,valid,0.7213520197856554,0.7777645311232433,0.7422112414388304,0.7159663865546219,0.6677115987460815,0.7717391304347826,0.6792738275340393,0.625,0,272,10.291208744049072
540,0.045029689214731515,valid,0.7048639736191261,0.7714815058431449,0.7342828611119856,0.6955782312925171,0.655448717948718,0.7409420289855072,0.6747352496217852,0.25,0,272,10.304799795150757
541,0.03459987985460382,valid,0.7032151690024732,0.7753719112455876,0.7435184607471077,0.7058823529411765,0.6428571428571429,0.782608695652174,0.6369137670196672,0.15000000000000002,0,272,9.863604307174683
542,0.03765353972190305,valid,0.7155812036273702,0.7795925694490122,0.7478985070907177,0.6900269541778976,0.6844919786096256,0.6956521739130435,0.7322239031770046,0.1,0,272,10.313116550445557
543,0.03490822007389445,valid,0.6900247320692497,0.7738371264443421,0.7388337723837426,0.7034700315457413,0.6229050279329609,0.8079710144927537,0.5915279878971256,0.25,0,272,10.293135404586792
544,0.035898473898046894,valid,0.6982687551525144,0.7749704005788332,0.7333411486041729,0.7140625,0.6277472527472527,0.8278985507246377,0.5900151285930408,0.1,0,272,10.285070896148682
545,0.03629226962986745,valid,0.6751854905193735,0.7559637352276962,0.7062540650984924,0.6983154670750383,0.6047745358090185,0.8260869565217391,0.5491679273827534,0.325,0,272,10.303725957870483
546,0.034799399932748394,valid,0.7213520197856554,0.7808162862592909,0.7536082132926885,0.6954954954954955,0.6917562724014337,0.6992753623188406,0.7397881996974282,0.125,0,272,10.283783674240112
547,0.02828257673076893,valid,0.7155812036273702,0.7749169571795039,0.7430539458408583,0.7127393838467944,0.6594761171032357,0.7753623188405797,0.6656580937972768,0.1,0,272,10.319063186645508
548,0.021624951770431118,valid,0.717230008244023,0.7803544804753447,0.7521825367987365,0.6951111111111111,0.6823734729493892,0.7083333333333334,0.7246596066565809,0.1,0,272,10.302026748657227
549,0.027218851898061603,valid,0.7213520197856554,0.7826237694314719,0.7502677953065497,0.7178631051752922,0.6656346749226006,0.7789855072463768,0.6732223903177005,0.275,0,272,10.331507444381714
550,0.03754666045700249,valid,0.7221764220939819,0.779244502181587,0.7381901119750902,0.7112253641816624,0.6747967479674797,0.7518115942028986,0.697428139183056,0.1,0,272,10.299429655075073
551,0.03546348508251341,valid,0.6990931574608409,0.7688257799995615,0.7119592299645672,0.7150663544106167,0.6282578875171467,0.8297101449275363,0.5900151285930408,0.1,0,272,10.32058334350586
552,0.03533788417515002,valid,0.6760098928277,0.7597678089850688,0.7101171563576788,0.6927286942924159,0.609353507565337,0.802536231884058,0.5703479576399395,0.1,0,272,10.269434213638306
553,0.03700487756807553,valid,0.6974443528441879,0.7700494968098401,0.7295167227083813,0.706634692246203,0.6323319027181689,0.8007246376811594,0.6111951588502269,0.25,0,272,10.298646211624146
554,0.037350261289822426,valid,0.708161582852432,0.779315760047359,0.7395421351931114,0.7112561174551386,0.6468842729970327,0.7898550724637681,0.6399394856278366,0.17500000000000002,0,272,10.321114301681519
555,0.03840942494571209,valid,0.6949711459192086,0.7671471091231994,0.7243995954994833,0.6986970684039088,0.6346153846153846,0.7771739130434783,0.6263237518910741,0.125,0,272,10.294471025466919
556,0.02997571239738088,valid,0.6933223413025557,0.7738933105308162,0.7326320725108751,0.705229793977813,0.6267605633802817,0.8061594202898551,0.5990922844175491,0.17500000000000002,0,272,10.291853904724121
557,0.036884744259479796,valid,0.7328936521022259,0.7864483983424324,0.7575873767974627,0.7197231833910035,0.6887417218543046,0.7536231884057971,0.7155824508320726,0.8,0,272,10.30830454826355
558,0.02897447759383603,valid,0.6966199505358615,0.7718487579205858,0.7218601034620531,0.7008130081300813,0.6356932153392331,0.7807971014492754,0.6263237518910741,0.2,0,272,10.35035490989685
559,0.0291544604360273,valid,0.7023907666941468,0.7734548005876033,0.727027194662897,0.7081649151172191,0.6394160583941606,0.7934782608695652,0.6263237518910741,0.1,0,272,10.312055587768555
560,0.029886645853127305,valid,0.7271228359439407,0.7853576048586902,0.7391707837191351,0.719253604749788,0.6762360446570973,0.7681159420289855,0.6928895612708018,0.30000000000000004,0,272,10.28835129737854
561,0.032529490950860475,valid,0.6957955482275351,0.7693821394900131,0.7242334717671208,0.7110415035238841,0.6262068965517241,0.822463768115942,0.5900151285930408,0.1,0,272,10.236294507980347
562,0.03465451682476621,valid,0.7361912613355317,0.7894713762634568,0.7519998946482636,0.7246127366609294,0.6901639344262295,0.7626811594202898,0.7140695915279879,0.325,0,272,10.28637146949768
563,0.023998367453092022,valid,0.7180544105523495,0.7829923918524853,0.7427942205165028,0.7140468227424749,0.6630434782608695,0.7735507246376812,0.6717095310136157,0.275,0,272,10.312736749649048
564,0.022635600725679023,valid,0.7048639736191261,0.7727065929969963,0.7341734408000264,0.703150912106136,0.6483180428134556,0.7681159420289855,0.6520423600605144,0.1,0,272,10.28932785987854
565,0.031159952527990465,valid,0.708161582852432,0.7872075686816199,0.7492273642856531,0.7203791469194313,0.6386554621848739,0.8260869565217391,0.6096822995461422,0.15000000000000002,0,272,10.299165725708008
566,0.0317342219580161,valid,0.7279472382522671,0.7923956894472581,0.7530672381277942,0.7074468085106383,0.6927083333333334,0.7228260869565217,0.7322239031770046,0.125,0,272,10.267748355865479
567,0.04013370604891526,valid,0.6933223413025557,0.7619562476704158,0.7205343963185304,0.7024,0.6289398280802292,0.7952898550724637,0.6081694402420574,0.2,0,272,10.281387090682983
568,0.03238061928239308,valid,0.7065127782357791,0.7856124887631828,0.7358023451937514,0.7187993680884676,0.6372549019607843,0.8242753623188406,0.6081694402420574,0.1,0,272,10.294495105743408
569,0.04382446682766864,valid,0.7040395713107996,0.7769080663904054,0.7173121243927499,0.7130295763389288,0.6380543633762518,0.8079710144927537,0.6172465960665658,0.225,0,272,10.333365201950073
570,0.03506873616654622,valid,0.6900247320692497,0.766623637878489,0.7070546943634652,0.7034700315457413,0.6229050279329609,0.8079710144927537,0.5915279878971256,0.2,0,272,10.322891235351562
571,0.03748169977610048,valid,0.7114591920857378,0.7796651976583568,0.7372057280462521,0.7107438016528925,0.6534954407294833,0.7789855072463768,0.6550680786686838,0.125,0,272,10.321607112884521
572,0.04897861104262503,valid,0.6924979389942292,0.7617411037295272,0.7023164001009844,0.7056037884767167,0.6251748251748251,0.8097826086956522,0.594553706505295,0.125,0,272,10.277787685394287
573,0.0439638336630244,valid,0.7164056059356966,0.7717240566554846,0.7149570792095596,0.7171052631578947,0.6566265060240963,0.7898550724637681,0.6550680786686838,0.125,0,272,10.409726858139038
574,0.03638672044402674,valid,0.683429513602638,0.7501658115722774,0.7061341563966259,0.6928,0.6203438395415473,0.7844202898550725,0.5990922844175491,0.1,0,272,10.468369483947754
575,0.03283803243386118,valid,0.6941467436108821,0.7623742024600408,0.704348785365554,0.6900584795321637,0.6403100775193798,0.7481884057971014,0.649016641452345,0.1,0,272,10.474882364273071
576,0.03968586655039536,valid,0.686727122835944,0.7601145059089216,0.7183546355761958,0.6890343698854338,0.6283582089552239,0.7626811594202898,0.6232980332829047,0.1,0,272,10.340059995651245
577,0.025752044920074314,valid,0.6949711459192086,0.7710347738384968,0.7285408015932516,0.707740916271722,0.6274509803921569,0.8115942028985508,0.5975794251134644,0.225,0,272,10.40991759300232
578,0.03702706064244634,valid,0.6933223413025557,0.7554731522287267,0.712000691184689,0.7019230769230769,0.6293103448275862,0.7934782608695652,0.6096822995461422,0.5,0,272,10.499941110610962
579,0.04749601069641741,valid,0.6957955482275351,0.7641419456686179,0.7263909887982679,0.7002437043054427,0.6347569955817378,0.7807971014492754,0.6248108925869894,0.15000000000000002,0,272,10.466843843460083
580,0.03400177337033184,valid,0.720527617477329,0.7738193119778991,0.7286032836674439,0.7182044887780549,0.663594470046083,0.782608695652174,0.6686838124054463,0.1,0,272,10.379719972610474
581,0.041471998550389945,valid,0.6908491343775762,0.7643666820145147,0.7249574468834972,0.679213002566296,0.6434359805510534,0.7192028985507246,0.6671709531013615,0.1,0,272,10.301161289215088
582,0.03998064024275855,valid,0.7015663643858203,0.7654026617553552,0.7172872954773142,0.7085346215780999,0.6376811594202898,0.7971014492753623,0.6217851739788199,0.35,0,272,10.287993669509888
583,0.036954138427972794,valid,0.7015663643858203,0.7645681225196782,0.7096715478025275,0.7099358974358975,0.6364942528735632,0.802536231884058,0.6172465960665658,0.125,0,272,10.318822622299194
584,0.040267448088056164,valid,0.6924979389942292,0.7623043149378412,0.7325212295383059,0.6950122649223222,0.6333830104321908,0.769927536231884,0.6278366111951589,0.1,0,272,10.280604362487793
585,0.03737877554407245,valid,0.6974443528441879,0.7798638974763753,0.7328115865326575,0.7161639597834494,0.6248313090418354,0.8387681159420289,0.5794251134644478,0.1,0,272,10.267743587493896
586,0.03577913804665992,valid,0.683429513602638,0.7689121116446316,0.7355813561089745,0.7018633540372671,0.6141304347826086,0.8188405797101449,0.5703479576399395,0.1,0,272,10.337437391281128
587,0.03571801073849201,valid,0.6941467436108821,0.7780043412484379,0.7473758572492457,0.6976365118174409,0.6340740740740741,0.7753623188405797,0.6263237518910741,0.1,0,272,10.296921014785767
588,0.039942972313024495,valid,0.6751854905193735,0.7689682957311057,0.726326608703989,0.7059701492537314,0.600253807106599,0.8568840579710145,0.5234493192133132,0.1,0,272,10.292236328125
589,0.034600219150122846,valid,0.7139323990107173,0.7726970005919884,0.7241905604206327,0.7101086048454469,0.6589147286821705,0.769927536231884,0.6671709531013615,0.1,0,272,10.304147958755493
590,0.03422121992824893,valid,0.7056883759274526,0.7730395864851235,0.7192171325916104,0.6946107784431138,0.6580226904376013,0.7355072463768116,0.680786686838124,0.1,0,272,10.277778387069702
591,0.030467451059896695,valid,0.6760098928277,0.7587523843978161,0.7018626584119068,0.700228832951945,0.6047430830039525,0.8315217391304348,0.546142208774584,0.17500000000000002,0,272,10.30563735961914
592,0.03378055190765544,valid,0.7065127782357791,0.7744770768927187,0.7408295040683848,0.6920415224913494,0.6622516556291391,0.7246376811594203,0.6913767019667171,0.125,0,272,10.282636880874634
593,0.031648795610587845,valid,0.7040395713107996,0.7779632309412615,0.7378492809151034,0.7097817299919159,0.6408759124087591,0.7952898550724637,0.6278366111951589,0.1,0,272,10.317189931869507
594,0.031847708613464705,valid,0.720527617477329,0.7658672082264465,0.7243186883984574,0.6834733893557423,0.7052023121387283,0.6630434782608695,0.7685325264750378,0.1,0,272,10.288045406341553
595,0.035754941648950704,valid,0.6892003297609234,0.7767408844745555,0.7175791667961424,0.7088803088803088,0.6177658142664872,0.8315217391304348,0.5703479576399395,0.125,0,272,10.31950855255127
596,0.02523746988491008,valid,0.7089859851607585,0.7754308360192068,0.7226369822996366,0.7150928167877321,0.6448326055312955,0.802536231884058,0.6308623298033282,0.125,0,272,10.403308868408203
597,0.0323629280748336,valid,0.7221764220939819,0.7849807603762415,0.7343183635927282,0.7067014795474326,0.6800670016750419,0.7355072463768116,0.7110438729198184,0.125,0,272,10.319130897521973
598,0.03142404328345468,valid,0.6999175597691674,0.7759049748953057,0.726715159486077,0.7030995106035889,0.6394658753709199,0.7807971014492754,0.632375189107413,0.1,0,272,10.319956064224243
599,0.036208875232229105,valid,0.708161582852432,0.7742030081782104,0.7230419350083261,0.7181528662420382,0.640625,0.8170289855072463,0.6172465960665658,0.25,0,272,10.289940357208252
600,0.037895940832401574,valid,0.6982687551525144,0.7688833344296083,0.7224225651356947,0.7034035656401945,0.6363636363636364,0.7862318840579711,0.6248108925869894,0.2,0,272,10.465912580490112
601,0.03961255523915354,valid,0.685078318219291,0.7546852046745159,0.6851243302225776,0.7015625,0.6167582417582418,0.8134057971014492,0.5779122541603631,0.225,0,272,10.333392858505249
602,0.03553977010673598,valid,0.7098103874690849,0.7797679734262974,0.7229211070153206,0.7066666666666667,0.654320987654321,0.7681159420289855,0.6611195158850227,0.1,0,272,10.256696224212646
603,0.040506934502014987,valid,0.7073371805441055,0.7761968580762568,0.7324898313745148,0.71847739888977,0.6389280677009873,0.8206521739130435,0.6127080181543116,0.1,0,272,10.314247131347656
604,0.04253009275386208,valid,0.7139323990107173,0.7747031835821878,0.7412771524645414,0.6990459670424979,0.670549084858569,0.730072463768116,0.7004538577912254,0.1,0,272,10.301506280899048
605,0.03381502471472088,valid,0.7139323990107173,0.7848889473568814,0.7484717335771649,0.7091366303436715,0.6599063962558502,0.7663043478260869,0.670196671709531,0.275,0,272,10.312639951705933
606,0.03074402744440656,valid,0.7098103874690849,0.7814987173584161,0.7320234256275251,0.7128874388254486,0.6483679525222552,0.7916666666666666,0.6414523449319214,0.1,0,272,10.280429124832153
607,0.028391891502236064,valid,0.708161582852432,0.7730806967922998,0.721214555238555,0.7135922330097088,0.6447368421052632,0.7989130434782609,0.632375189107413,0.2,0,272,10.303539752960205
608,0.024690406298951098,valid,0.7287716405605935,0.7871212370365497,0.7466795771965671,0.7080745341614907,0.6939130434782609,0.7228260869565217,0.7337367624810892,0.30000000000000004,0,272,10.304912805557251
609,0.023729285274289157,valid,0.7073371805441055,0.7664550856190664,0.7171689249960373,0.7097301717089125,0.646795827123696,0.7862318840579711,0.6414523449319214,0.35,0,272,10.291755437850952
610,0.02616162152078591,valid,0.7246496290189612,0.7789539893442083,0.7177828586651318,0.7212020033388982,0.6687306501547987,0.782608695652174,0.6762481089258698,0.17500000000000002,0,272,10.318247079849243
611,0.02526476410658736,valid,0.7023907666941468,0.7753540967791446,0.7186889504193582,0.70863599677159,0.6390101892285298,0.7952898550724637,0.6248108925869894,0.125,0,272,10.277095079421997
612,0.0286750516020938,valid,0.7180544105523495,0.778623736543226,0.7326024318184308,0.698943661971831,0.6797945205479452,0.7192028985507246,0.7170953101361573,0.1,0,272,10.346442937850952
613,0.02694134855348813,valid,0.6924979389942292,0.7603104650397947,0.6946598017202539,0.7079091620986687,0.623448275862069,0.8188405797101449,0.5869894099848714,0.1,0,272,10.422220468521118
614,0.03216206547068922,valid,0.6949711459192086,0.7794226468460173,0.7261251885881874,0.7044728434504792,0.63,0.7989130434782609,0.6081694402420574,0.15000000000000002,0,272,10.452321767807007
615,0.02944519890374259,valid,0.6990931574608409,0.7731026222894604,0.7173729702338223,0.7123719464144996,0.6304044630404463,0.8188405797101449,0.5990922844175491,0.1,0,272,10.463191747665405
616,0.03260210161342433,valid,0.7089859851607585,0.7833555328992086,0.7454998162207142,0.7060782681099084,0.6533127889060092,0.7681159420289855,0.659606656580938,0.15000000000000002,0,272,10.275109052658081
617,0.03661888798600749,valid,0.7007419620774938,0.7711855116314763,0.7220139855786976,0.6941870261162595,0.6488188976377953,0.7463768115942029,0.6626323751891074,0.1,0,272,10.285953044891357
618,0.03627968559923925,valid,0.708161582852432,0.771547282334627,0.7371546022151038,0.6953528399311532,0.6622950819672131,0.7318840579710145,0.6883509833585476,0.225,0,272,10.342044591903687
619,0.0371800991951635,valid,0.708161582852432,0.770059089214848,0.7212825161284946,0.6989795918367347,0.6586538461538461,0.7445652173913043,0.6777609682299546,0.1,0,272,10.381200075149536
620,0.03331813863233516,valid,0.6924979389942292,0.7722214913723169,0.7303738694044342,0.7013610888710968,0.6284074605451937,0.7934782608695652,0.6081694402420574,0.17500000000000002,0,272,10.40808653831482
621,0.03239463867717668,valid,0.7015663643858203,0.7750019184810016,0.7283901142711822,0.7061688311688312,0.6397058823529411,0.7880434782608695,0.6293494704992436,0.25,0,272,10.372525691986084
622,0.0344045752855508,valid,0.7040395713107996,0.7636568440439387,0.7192356961008555,0.7045267489711934,0.6455505279034691,0.7753623188405797,0.6444780635400907,0.17500000000000002,0,272,10.294214963912964
623,0.03832269165860979,valid,0.6751854905193735,0.763634918546778,0.7311425171244919,0.6936236391912908,0.6076294277929155,0.8079710144927537,0.5642965204236006,0.325,0,272,10.280498266220093
624,0.03307637072315341,valid,0.7098103874690849,0.7749772522966958,0.7280262821599011,0.7081260364842454,0.6529051987767585,0.7735507246376812,0.6565809379727685,0.225,0,272,10.346688508987427
625,0.027127451067300218,valid,0.6949711459192086,0.76792957530312,0.7342145188411775,0.6991869918699187,0.6342182890855457,0.7789855072463768,0.6248108925869894,0.1,0,272,10.333784103393555
626,0.02783322765638954,valid,0.6999175597691674,0.7767491065359907,0.7492397632949628,0.6996699669966997,0.6424242424242425,0.7681159420289855,0.642965204236006,0.15000000000000002,0,272,10.317413806915283
627,0.035776545195595214,valid,0.6760098928277,0.7491901269486285,0.6972895015244015,0.6883425852498017,0.61212976022567,0.7862318840579711,0.583963691376702,0.1,0,272,10.32081937789917
628,0.043865717065177466,valid,0.7238252267106348,0.7748361069087241,0.7041572080458761,0.7139197267292912,0.6752827140549273,0.7572463768115942,0.6959152798789713,0.225,0,272,10.311813831329346
629,0.043625093114219214,valid,0.7106347897774113,0.7578123287070533,0.6912932152809135,0.6950477845351868,0.667779632721202,0.7246376811594203,0.6989409984871406,0.35,0,272,10.323188304901123
630,0.04027197549217626,valid,0.7114591920857378,0.7778508627683133,0.7345707521491085,0.7038917089678511,0.6603174603174603,0.7536231884057971,0.6762481089258698,0.17500000000000002,0,272,10.28329586982727
631,0.03353185167438105,valid,0.7122835943940643,0.7805874388826766,0.7264744805816699,0.7118084227910817,0.65402124430956,0.7807971014492754,0.6550680786686838,0.15000000000000002,0,272,10.335484504699707
632,0.0336325578391552,valid,0.708161582852432,0.7601405424367997,0.7008164738105699,0.7030201342281879,0.6546875,0.7590579710144928,0.6656580937972768,0.375,0,272,10.290663003921509
633,0.04666581681292308,valid,0.7106347897774113,0.7752198031090356,0.723423932872845,0.7012765957446808,0.6613162118780096,0.7463768115942029,0.680786686838124,0.1,0,272,10.2897469997406
634,0.04113657439225599,valid,0.6924979389942292,0.7596527001249753,0.6992079985041675,0.6852320675105485,0.641390205371248,0.7355072463768116,0.6565809379727685,0.1,0,272,10.290470838546753
635,0.043564402743389734,valid,0.7040395713107996,0.773124547786621,0.713878744444629,0.7093117408906883,0.6412884333821376,0.7934782608695652,0.6293494704992436,0.1,0,272,10.324547290802002
636,0.032379222641649996,valid,0.717230008244023,0.7741495647788814,0.730484357050511,0.7158243579121789,0.6595419847328244,0.782608695652174,0.6626323751891074,0.775,0,272,10.331290245056152
637,0.03352010122647411,valid,0.7147568013190437,0.7800420421408055,0.7286382634601147,0.715927750410509,0.6546546546546547,0.7898550724637681,0.6520423600605144,0.2,0,272,10.280545234680176
638,0.037119858162967784,valid,0.7180544105523495,0.7773095770571598,0.741233663672886,0.6962699822380106,0.6829268292682927,0.7101449275362319,0.7246596066565809,0.6,0,272,10.27968955039978
639,0.03806058582114546,valid,0.7073371805441055,0.7892987129733168,0.7388060053026488,0.714859437751004,0.6421356421356421,0.8061594202898551,0.6248108925869894,0.1,0,272,10.293302059173584
640,0.031105326390580126,valid,0.7246496290189612,0.7791896884386853,0.7343383119555706,0.6980108499095841,0.6967509025270758,0.6992753623188406,0.745839636913767,0.42500000000000004,0,272,10.281545162200928
641,0.029898349930973428,valid,0.7213520197856554,0.784490177377272,0.7364883284345253,0.7229508196721312,0.6601796407185628,0.7989130434782609,0.6565809379727685,0.1,0,272,10.301286220550537
642,0.02554795704782009,valid,0.708161582852432,0.7760283058168342,0.7419588312971671,0.7015177065767285,0.6561514195583596,0.7536231884057971,0.670196671709531,0.2,0,272,10.338611602783203
643,0.03070050379947612,valid,0.6974443528441879,0.7809108399657962,0.7559590015833771,0.7071029529130087,0.6319543509272468,0.802536231884058,0.6096822995461422,0.1,0,272,10.315345287322998
644,0.03294322257371325,valid,0.6809563066776587,0.7572011554737004,0.7257221413046806,0.6881547139403706,0.6197387518142236,0.7735507246376812,0.6036308623298033,0.1,0,272,10.328405380249023
645,0.030792961779393647,valid,0.7122835943940643,0.7694081760178912,0.7255269948224778,0.7074601844090528,0.6583463338533542,0.7644927536231884,0.6686838124054463,0.1,0,272,10.259907484054565
646,0.027802499746413606,valid,0.7106347897774113,0.7673046986340415,0.7249401319240718,0.704793944491169,0.6577708006279435,0.7590579710144928,0.670196671709531,0.42500000000000004,0,272,9.914819240570068
647,0.026828973578583253,valid,0.7262984336356142,0.7835597140915169,0.7454648595839807,0.7162393162393162,0.6779935275080906,0.7590579710144928,0.6989409984871406,0.325,0,272,10.326558113098145
648,0.03238399946866067,valid,0.6875515251442704,0.756376208643031,0.6952581135161462,0.7068832173240526,0.6167341430499326,0.8278985507246377,0.5703479576399395,0.15000000000000002,0,272,10.347744941711426
649,0.039635854381087576,valid,0.6859027205276175,0.7616808086123352,0.6958250840744342,0.7048799380325329,0.6156968876860622,0.8242753623188406,0.5703479576399395,0.125,0,272,10.310052156448364
650,0.030127162849040406,valid,0.7353668590272052,0.7800995965708524,0.7359686786920145,0.7272727272727273,0.6848,0.7753623188405797,0.7019667170953101,0.15000000000000002,0,272,10.300737142562866
651,0.029569286436430718,valid,0.7271228359439407,0.7880489596351598,0.7435179373949249,0.7206751054852321,0.674565560821485,0.7735507246376812,0.6883509833585476,0.475,0,272,10.311481237411499
652,0.034045362747029254,valid,0.7221764220939819,0.7820016334495384,0.7341867600829755,0.710232158211522,0.6759410801963993,0.7481884057971014,0.7004538577912254,0.30000000000000004,0,272,10.294769287109375
653,0.03706310679645915,valid,0.718878812860676,0.7755418338485826,0.7350243107961096,0.6845513413506013,0.6994328922495274,0.6702898550724637,0.7594553706505295,0.1,0,272,10.29511308670044
654,0.03445052247690527,valid,0.7040395713107996,0.7782510030914951,0.7350005565419144,0.7107171635777598,0.6400580551523948,0.7989130434782609,0.6248108925869894,0.35,0,272,10.265112400054932
655,0.038518303220993595,valid,0.7048639736191261,0.7716980201276065,0.7355164242601928,0.6960950764006791,0.6549520766773163,0.7427536231884058,0.6732223903177005,0.1,0,272,10.301155090332031
656,0.04350554830345668,valid,0.7089859851607585,0.7786484027275318,0.723073952636227,0.7155519742143432,0.6444121915820029,0.8043478260869565,0.6293494704992436,0.125,0,272,10.322425842285156
657,0.04006400650465175,valid,0.7131079967023908,0.7695397290008551,0.718035763864239,0.7109634551495017,0.656441717791411,0.7753623188405797,0.6611195158850227,0.85,0,272,10.303672313690186
658,0.034113420271559766,valid,0.708161582852432,0.7860729242035562,0.7413405297184932,0.7221350078492935,0.6371191135734072,0.8333333333333334,0.6036308623298033,0.17500000000000002,0,272,10.292896747589111
659,0.0371412383882623,valid,0.7015663643858203,0.774884068933763,0.7376717098494524,0.6921768707482994,0.6522435897435898,0.7373188405797102,0.6717095310136157,0.1,0,272,10.288139820098877
660,0.032990694928326104,valid,0.7098103874690849,0.7778796399833366,0.7367878658504163,0.7100494233937397,0.6510574018126888,0.7807971014492754,0.6505295007564297,0.275,0,272,10.29549264907837
661,0.03112384956330061,valid,0.7230008244023083,0.7813699050625972,0.731769832031898,0.7157360406091371,0.6714285714285714,0.7663043478260869,0.686838124054463,0.30000000000000004,0,272,10.312880277633667
662,0.031015226519421527,valid,0.7139323990107173,0.7742948211975706,0.725397079841815,0.7125103562551781,0.6564885496183206,0.7789855072463768,0.659606656580938,0.17500000000000002,0,272,10.27061915397644
663,0.036580948943370266,valid,0.6875515251442704,0.762755157973207,0.7181336372692723,0.7036747458952306,0.6189821182943603,0.8152173913043478,0.5809379727685325,0.15000000000000002,0,272,10.327385187149048
664,0.033360026286620846,valid,0.7114591920857378,0.7826059549650288,0.7500699750217745,0.6972318339100346,0.6672185430463576,0.730072463768116,0.6959152798789713,0.1,0,272,10.324035882949829
665,0.030836138482156553,valid,0.7106347897774113,0.7782510030914951,0.727566953390322,0.7096774193548387,0.6529680365296804,0.7771739130434783,0.6550680786686838,0.17500000000000002,0,272,10.311627864837646
666,0.03682468601159359,valid,0.7197032151690025,0.7806792519020369,0.7341590955008224,0.7180762852404643,0.6620795107033639,0.7844202898550725,0.6656580937972768,0.325,0,272,10.236844062805176
667,0.03944975353385273,valid,0.7139323990107173,0.7773767238922142,0.7326002038945485,0.7071729957805907,0.6619273301737757,0.7590579710144928,0.6762481089258698,0.1,0,272,10.305973768234253
668,0.04196810545889955,valid,0.7213520197856554,0.7772862812164265,0.7323421755668735,0.7154882154882155,0.6682389937106918,0.769927536231884,0.680786686838124,0.42500000000000004,0,272,10.334811925888062
669,0.038837536875354614,valid,0.7131079967023908,0.7777206801289218,0.7268959350289974,0.7104825291181365,0.6569230769230769,0.7735507246376812,0.6626323751891074,0.125,0,272,10.273051023483276
670,0.03806614194457468,valid,0.6941467436108821,0.7772095419763643,0.7210856447297412,0.7029623698959168,0.629842180774749,0.7952898550724637,0.6096822995461422,0.1,0,272,10.307631731033325
671,0.04009309469869262,valid,0.6957955482275351,0.7674362516170055,0.7212824619714637,0.6932668329177057,0.6405529953917051,0.7554347826086957,0.6459909228441755,0.1,0,272,10.285528659820557
672,0.034101361506863645,valid,0.717230008244023,0.7793801661952684,0.7362783248455222,0.7139282735613011,0.6615146831530139,0.7753623188405797,0.6686838124054463,0.1,0,272,10.448616743087769
673,0.037999128236582407,valid,0.7155812036273702,0.7752828389133724,0.7310959085523703,0.7093513058129739,0.662992125984252,0.7626811594202898,0.6762481089258698,0.1,0,272,10.342549085617065
674,0.02459123686544205,valid,0.7040395713107996,0.7810081343594466,0.7470609275944706,0.7121090617481957,0.6388489208633094,0.8043478260869565,0.6202723146747352,0.17500000000000002,0,272,10.315616607666016
675,0.02734103945917205,valid,0.674361088211047,0.7602871691990616,0.703464060388741,0.7036759189797449,0.6005121638924455,0.8496376811594203,0.5279878971255674,0.17500000000000002,0,272,10.280597686767578
676,0.02756576274374598,valid,0.7023907666941468,0.7625646802166238,0.7230277561693045,0.6863596872284969,0.659432387312187,0.7155797101449275,0.6913767019667171,0.15000000000000002,0,272,10.314364194869995
677,0.02810669249217761,valid,0.7023907666941468,0.7721104935429411,0.726256006519564,0.6943268416596104,0.6518282988871225,0.7427536231884058,0.6686838124054463,0.1,0,272,10.313531875610352
678,0.02437799470499158,valid,0.7073371805441055,0.771643206384705,0.719243415830996,0.7097301717089125,0.646795827123696,0.7862318840579711,0.6414523449319214,0.1,0,272,10.307555198669434
679,0.02916298840979212,valid,0.6974443528441879,0.7647106382512223,0.7240252828810111,0.6737777777777778,0.6614310645724258,0.6865942028985508,0.7065052950075643,0.1,0,272,10.320058822631836
680,0.02665467322558949,valid,0.7048639736191261,0.7747429235457913,0.7206976795387563,0.6986531986531986,0.6525157232704403,0.7518115942028986,0.6656580937972768,0.15000000000000002,0,272,10.296887397766113
681,0.0345126553193519,valid,0.7114591920857378,0.7840886667105176,0.7420959465531883,0.7058823529411765,0.658307210031348,0.7608695652173914,0.670196671709531,0.1,0,272,10.331838846206665
682,0.03661177621075982,valid,0.6999175597691674,0.7744976320463066,0.7258975135011817,0.7124802527646129,0.6316526610644257,0.8170289855072463,0.6021180030257186,0.225,0,272,10.341466903686523
683,0.03597241698911315,valid,0.7040395713107996,0.7751211383718127,0.7184446028850486,0.694468085106383,0.6548956661316212,0.7391304347826086,0.6747352496217852,0.15000000000000002,0,272,10.313514709472656
684,0.027983349649921843,valid,0.717230008244023,0.7764955929750708,0.7303588500105965,0.7105485232067511,0.665086887835703,0.7626811594202898,0.6792738275340393,0.1,0,272,10.284106969833374
685,0.030567096203173463,valid,0.7155812036273702,0.7697260957267207,0.7292832014868885,0.7028423772609819,0.6699507389162561,0.7391304347826086,0.6959152798789713,0.35,0,272,10.335562705993652
686,0.02760794964667998,valid,0.72959604286892,0.7813548312832994,0.7421049619749991,0.7147826086956521,0.6872909698996655,0.7445652173913043,0.7170953101361573,0.625,0,272,10.298902034759521
687,0.02908216112930524,valid,0.7098103874690849,0.7703728978929597,0.7198151723436916,0.7066666666666667,0.654320987654321,0.7681159420289855,0.6611195158850227,0.325,0,272,10.33805513381958
688,0.036431433191817054,valid,0.6999175597691674,0.7705113025937863,0.730853601666366,0.700164744645799,0.6419939577039275,0.769927536231884,0.6414523449319214,0.42500000000000004,0,272,10.31806993484497
689,0.03624016801385503,valid,0.674361088211047,0.7528448332565942,0.6968005795198351,0.6963873943120676,0.6048064085447263,0.8206521739130435,0.5521936459909228,0.1,0,272,10.296878099441528
690,0.03819057570868417,valid,0.7089859851607585,0.7751129163103774,0.7172605169807811,0.7137064071370641,0.6461086637298091,0.7971014492753623,0.6354009077155824,0.30000000000000004,0,272,10.257939338684082
691,0.03977736845416458,valid,0.7386644682605111,0.7925806858295511,0.7482941197530414,0.7105022831050228,0.716390423572744,0.7047101449275363,0.7670196671709532,0.15000000000000002,0,272,10.317196369171143
692,0.03186048979037687,valid,0.7089859851607585,0.7667017474621237,0.7078542966141735,0.7150928167877321,0.6448326055312955,0.802536231884058,0.6308623298033282,0.15000000000000002,0,272,10.317715406417847
693,0.032685241710982825,valid,0.7048639736191261,0.7662851630160714,0.7197700927527662,0.7112903225806452,0.6409883720930233,0.7989130434782609,0.6263237518910741,0.125,0,272,10.326418161392212
694,0.03031990686921697,valid,0.6966199505358615,0.75862494244557,0.7042784986551751,0.6968698517298187,0.6389728096676737,0.7663043478260869,0.6384266263237519,0.1,0,272,10.326489686965942
695,0.03359044377544993,valid,0.7032151690024732,0.7705318577473744,0.7085606396613405,0.7039473684210527,0.6445783132530121,0.7753623188405797,0.642965204236006,0.17500000000000002,0,272,10.291851997375488
696,0.0319207888096571,valid,0.7065127782357791,0.7706908176017891,0.7091018874639688,0.6893542757417103,0.664983164983165,0.7155797101449275,0.6989409984871406,0.125,0,272,10.319303035736084
697,0.03536165486040868,valid,0.7098103874690849,0.7706702624482011,0.7094758194672605,0.715670436187399,0.6457725947521866,0.802536231884058,0.632375189107413,0.1,0,272,10.286494493484497
698,0.021163045379676317,valid,0.7131079967023908,0.7819495603937819,0.7367643351424134,0.7138157894736842,0.6536144578313253,0.7862318840579711,0.6520423600605144,0.1,0,272,10.329738855361938
699,0.03076095638894721,valid,0.7023907666941468,0.7713088425530048,0.7206514321716531,0.7053061224489796,0.6419019316493314,0.782608695652174,0.6354009077155824,0.17500000000000002,0,272,10.32197642326355
700,0.026230991180790097,valid,0.7122835943940643,0.7803873687210856,0.7371981552039661,0.7136997538966365,0.6521739130434783,0.7880434782608695,0.649016641452345,0.25,0,272,10.283332109451294
701,0.024050156732923107,valid,0.7122835943940643,0.7786100331075008,0.7358605977300411,0.7079497907949791,0.6578538102643857,0.7663043478260869,0.6671709531013615,0.125,0,272,10.357898473739624
702,0.03335144958998028,valid,0.6875515251442704,0.7578150693941985,0.705465016187446,0.6817800167926112,0.6353677621283255,0.7355072463768116,0.6475037821482602,0.1,0,272,10.46950078010559
703,0.032711266736058814,valid,0.6916735366859027,0.7564200596373524,0.7111413483853896,0.6929392446633826,0.6336336336336337,0.7644927536231884,0.6308623298033282,0.125,0,272,10.463122367858887
704,0.03394363997013945,valid,0.7073371805441055,0.7737274989585389,0.7332224897422801,0.7092547092547092,0.6472346786248132,0.7844202898550725,0.642965204236006,0.2,0,272,10.374390125274658
705,0.04523220736729471,valid,0.6916735366859027,0.7573861518559933,0.7129256416457577,0.7031746031746032,0.6257062146892656,0.802536231884058,0.5990922844175491,0.1,0,272,10.277738094329834
706,0.043431465661055164,valid,0.7098103874690849,0.7655986208862287,0.7132593095203988,0.691768826619965,0.6694915254237288,0.7155797101449275,0.7049924357034796,0.225,0,272,10.434869527816772
707,0.031320268092186826,valid,0.7197032151690025,0.7802475936766866,0.724038245278022,0.7258064516129032,0.6540697674418605,0.8152173913043478,0.6399394856278366,0.6,0,272,10.334977388381958
708,0.030090742548437494,valid,0.7106347897774113,0.7824565875156219,0.7415457586937036,0.7189751801441153,0.6441893830703013,0.8134057971014492,0.6248108925869894,0.2,0,272,10.323769092559814
709,0.02557328760035728,valid,0.7197032151690025,0.7771958385406388,0.7410058026800541,0.6991150442477876,0.6833910034602076,0.7155797101449275,0.7231467473524962,0.1,0,272,10.244735717773438
710,0.026077068165728922,valid,0.683429513602638,0.7625221995658751,0.7076736126713693,0.7018633540372671,0.6141304347826086,0.8188405797101449,0.5703479576399395,0.35,0,272,9.934039115905762
711,0.022744051940543086,valid,0.7023907666941468,0.763921320353439,0.7190856336833611,0.700414937759336,0.6462480857580398,0.7644927536231884,0.6505295007564297,0.325,0,272,9.858437538146973
712,0.025209731569415646,valid,0.6999175597691674,0.7586701637834637,0.7025274891850652,0.6996699669966997,0.6424242424242425,0.7681159420289855,0.642965204236006,0.35,0,272,10.304221868515015
713,0.02874838080453245,valid,0.7056883759274526,0.7623166480299941,0.7147907355917641,0.6882096069868996,0.6644182124789207,0.7137681159420289,0.6989409984871406,0.1,0,272,9.887811422348022
714,0.03552318442808954,valid,0.6941467436108821,0.7651984805630467,0.7156407995740055,0.7043824701195219,0.6287339971550497,0.8007246376811594,0.6051437216338881,0.1,0,272,9.872270584106445
715,0.032908870299395765,valid,0.7106347897774113,0.7659617619329517,0.7090514676174156,0.7012765957446808,0.6613162118780096,0.7463768115942029,0.680786686838124,0.17500000000000002,0,272,10.201634407043457
716,0.03488217764779141,valid,0.6949711459192086,0.7541165120919118,0.7044313071313402,0.6967213114754098,0.6362275449101796,0.769927536231884,0.632375189107413,0.15000000000000002,0,272,10.305095911026001
717,0.03619963592408519,valid,0.7114591920857378,0.7693931022385931,0.7229459500468909,0.6897163120567376,0.6753472222222222,0.7047101449275363,0.7170953101361573,0.1,0,272,10.290873289108276
718,0.030363844021370535,valid,0.7015663643858203,0.7655725843583504,0.714164734323931,0.712241653418124,0.6345609065155807,0.8115942028985508,0.6096822995461422,0.275,0,272,10.279244899749756
719,0.02845662851866923,valid,0.717230008244023,0.7812602775767942,0.732112648296878,0.7153526970954357,0.6600306278713629,0.7807971014492754,0.6641452344931922,0.1,0,272,10.299608707427979
720,0.02750833327636907,valid,0.6974443528441879,0.7665400469205639,0.7145099460056674,0.6989335520918786,0.638680659670165,0.7717391304347826,0.6354009077155824,0.17500000000000002,0,272,10.322868585586548
721,0.024305373822387896,valid,0.6982687551525144,0.7771053958648512,0.7298972477932524,0.7113564668769716,0.6298882681564246,0.8170289855072463,0.5990922844175491,0.325,0,272,10.279242277145386
722,0.023112058100339613,valid,0.7131079967023908,0.7733424324146551,0.7261903674795824,0.71,0.6574074074074074,0.7717391304347826,0.6641452344931922,0.225,0,272,10.388843059539795
723,0.02696430398837516,valid,0.7122835943940643,0.77037837926725,0.7238912456066553,0.7054852320675106,0.660347551342812,0.7572463768115942,0.6747352496217852,0.325,0,272,10.401724338531494
724,0.032101246283242575,valid,0.7262984336356142,0.7799954504593392,0.7256254476191443,0.7137931034482758,0.680921052631579,0.75,0.7065052950075643,0.2,0,272,10.38321304321289
725,0.028213497888492912,valid,0.6875515251442704,0.763703435725405,0.7108071997028141,0.7036747458952306,0.6189821182943603,0.8152173913043478,0.5809379727685325,0.17500000000000002,0,272,10.30887508392334
726,0.02710647336942585,valid,0.6990931574608409,0.7630360784055779,0.7111709019954136,0.7039740470397404,0.6372980910425844,0.7862318840579711,0.6263237518910741,0.125,0,272,10.252341270446777
727,0.025196855397600876,valid,0.7032151690024732,0.770571597710978,0.7101947888501831,0.7034596375617792,0.6450151057401813,0.7735507246376812,0.6444780635400907,0.25,0,272,10.287907838821411
728,0.028104050575118316,valid,0.7023907666941468,0.7627784538139402,0.7066062123860826,0.7057864710676447,0.6414814814814814,0.7844202898550725,0.6338880484114977,0.125,0,272,10.333397388458252
729,0.028646206973414672,valid,0.6842539159109645,0.7587482733670986,0.7066868794967063,0.7051578137028484,0.6131191432396251,0.8297101449275363,0.5627836611195158,0.17500000000000002,0,272,10.281847715377808
730,0.030011996234718123,valid,0.718878812860676,0.7773561687386261,0.7244879239915625,0.7082976903336184,0.6709886547811994,0.75,0.6928895612708018,0.15000000000000002,0,272,10.298514604568481
731,0.034497044343305264,valid,0.7040395713107996,0.7647366747791006,0.7159181952124002,0.7093117408906883,0.6412884333821376,0.7934782608695652,0.6293494704992436,0.35,0,272,10.266110897064209
732,0.03365639709916554,valid,0.6982687551525144,0.7684119362406543,0.7111692472864994,0.6939799331103679,0.6444099378881988,0.7518115942028986,0.653555219364599,0.125,0,272,10.04232120513916
733,0.03180287886214884,valid,0.6809563066776587,0.7621905764213204,0.7048729878861411,0.7057034220532319,0.6081258191349934,0.8405797101449275,0.5476550680786687,0.17500000000000002,0,272,9.881469011306763
734,0.03635573735166537,valid,0.683429513602638,0.7545906509680107,0.7026420683535344,0.6990595611285266,0.6160220994475138,0.8079710144927537,0.5794251134644478,0.15000000000000002,0,272,9.660987138748169
735,0.030457680113613605,valid,0.7040395713107996,0.7675129908570678,0.7211710575279093,0.7102502017756255,0.6404657933042213,0.7971014492753623,0.6263237518910741,0.2,0,272,9.594646215438843
736,0.0339152162012301,valid,0.7065127782357791,0.7587578657721065,0.7097646606608036,0.696763202725724,0.657556270096463,0.7409420289855072,0.6777609682299546,0.225,0,272,9.588589668273926
737,0.035245338503859545,valid,0.6974443528441879,0.7568544585498476,0.7008971027464888,0.6865926558497011,0.6494345718901454,0.7282608695652174,0.6717095310136157,0.15000000000000002,0,272,9.594817161560059
738,0.029119942190223617,valid,0.7089859851607585,0.758642756912013,0.716568968124036,0.6959517657192076,0.6633825944170771,0.7318840579710145,0.6898638426626323,0.42500000000000004,0,272,9.923437356948853
739,0.03233200179314927,valid,0.7246496290189612,0.7796843824683725,0.7435467667094069,0.7090592334494773,0.6828859060402684,0.7373188405797102,0.7140695915279879,0.4,0,272,10.297058582305908
740,0.04128145544152511,valid,0.6957955482275351,0.7656068429476639,0.7226659933294831,0.6982829108748978,0.6363636363636364,0.7735507246376812,0.6308623298033282,0.42500000000000004,0,272,10.309438705444336
741,0.03750591293761605,valid,0.7089859851607585,0.7676555065886119,0.72009270503957,0.7094650205761317,0.6500754147812972,0.7807971014492754,0.649016641452345,0.17500000000000002,0,272,10.264939546585083
742,0.030691686233407574,valid,0.7106347897774113,0.7675691749435419,0.7187928965824071,0.7057837384744342,0.656786271450858,0.7626811594202898,0.6671709531013615,0.17500000000000002,0,272,10.310469627380371
743,0.033632514753231875,valid,0.6760098928277,0.7569654563792234,0.7092774530553445,0.6898184688239937,0.6111888111888112,0.7916666666666666,0.5794251134644478,0.1,0,272,10.340780258178711
744,0.03327918028164851,valid,0.7230008244023083,0.7755418338485826,0.7197795033014399,0.7176470588235294,0.6692789968652038,0.7735507246376812,0.680786686838124,0.55,0,272,10.271055936813354
745,0.02786950414118014,valid,0.7015663643858203,0.7752280251704707,0.7330227713663482,0.706645056726094,0.6392961876832844,0.7898550724637681,0.6278366111951589,0.25,0,272,10.297485589981079
746,0.02526171779946277,valid,0.708161582852432,0.7742290447060887,0.7263526149389112,0.7093596059113301,0.6486486486486487,0.782608695652174,0.6459909228441755,0.17500000000000002,0,272,10.306956768035889
747,0.022932511117113263,valid,0.720527617477329,0.7805764761340963,0.7542459991875212,0.7049608355091384,0.678391959798995,0.7336956521739131,0.7095310136157338,0.17500000000000002,0,272,10.291220664978027
748,0.029471489943956073,valid,0.7131079967023908,0.7814754215176829,0.7394453638740519,0.71,0.6574074074074074,0.7717391304347826,0.6641452344931922,0.1,0,272,10.296812057495117
749,0.02621972649113128,valid,0.7065127782357791,0.7718062772698371,0.7314760205243548,0.7138263665594855,0.6416184971098265,0.8043478260869565,0.6248108925869894,0.125,0,272,10.336370468139648
750,0.02521307977210534,valid,0.7213520197856554,0.784809467429674,0.7342573708216649,0.7201986754966887,0.663109756097561,0.7880434782608695,0.6656580937972768,0.25,0,272,10.33941388130188
751,0.026573320458594122,valid,0.7238252267106348,0.7829704663553246,0.735679590388841,0.7158608990670059,0.6730462519936204,0.7644927536231884,0.6898638426626323,0.1,0,272,10.29267168045044
752,0.0317420471753729,valid,0.6892003297609234,0.7636335482032055,0.72007464082075,0.7024467245461721,0.6223776223776224,0.8061594202898551,0.5915279878971256,0.275,0,272,10.319599628448486
753,0.023272747762109105,valid,0.7106347897774113,0.7903840250827687,0.7478246193444151,0.7216494845360825,0.6417489421720733,0.8242753623188406,0.6157337367624811,0.125,0,272,10.2795250415802
754,0.027273916051183875,valid,0.718878812860676,0.7933919292244951,0.7461640224832862,0.717948717948718,0.6605783866057838,0.7862318840579711,0.6626323751891074,0.125,0,272,10.27381420135498
755,0.034149016302667166,valid,0.6982687551525144,0.758612609353417,0.7006201530888643,0.7004909983633388,0.6388059701492538,0.7753623188405797,0.6338880484114977,0.1,0,272,10.280366897583008
756,0.04569542329562338,valid,0.6990931574608409,0.7832322019776798,0.7464157262465467,0.7123719464144996,0.6304044630404463,0.8188405797101449,0.5990922844175491,0.17500000000000002,0,272,10.319952011108398
757,0.041145113737959614,valid,0.7114591920857378,0.7882298449867351,0.7579521633894787,0.7093023255813954,0.6549079754601227,0.7735507246376812,0.659606656580938,0.1,0,272,10.321126461029053
758,0.03872774958022331,valid,0.7032151690024732,0.7847697274660703,0.7379205468143154,0.7101449275362319,0.6391304347826087,0.7989130434782609,0.6232980332829047,0.15000000000000002,0,272,10.298608541488647
759,0.03256465739717609,valid,0.7032151690024732,0.7778947137626346,0.7424773949160008,0.6984924623115578,0.6495327102803738,0.7554347826086957,0.659606656580938,0.275,0,272,10.317618608474731
760,0.029717936670701755,valid,0.7147568013190437,0.7850205003398452,0.7409865113831653,0.7111853088480802,0.6594427244582043,0.7717391304347826,0.6671709531013615,0.30000000000000004,0,272,10.294317960739136
761,0.0330699044524839,valid,0.6892003297609234,0.7574300028503145,0.7019357294637786,0.6957223567393059,0.6273653566229985,0.7807971014492754,0.6127080181543116,0.1,0,272,10.329919576644897
762,0.035402603006284485,valid,0.7106347897774113,0.7735808721962771,0.7363917506771258,0.7052896725440806,0.6572769953051644,0.7608695652173914,0.6686838124054463,0.1,0,272,10.329481840133667
763,0.029264648788069423,valid,0.7238252267106348,0.7785949593282028,0.7328581664220282,0.7011596788581623,0.6906854130052724,0.7119565217391305,0.7337367624810892,0.17500000000000002,0,272,10.335914850234985
764,0.028897402685527738,valid,0.6916735366859027,0.7790910237014624,0.7330829281651261,0.7078125,0.6222527472527473,0.8206521739130435,0.583963691376702,0.17500000000000002,0,272,10.425228118896484
765,0.03135200594796946,valid,0.7106347897774113,0.7754746870135281,0.7193648460226707,0.7027942421676545,0.6597774244833068,0.7518115942028986,0.6762481089258698,0.1,0,272,10.439686059951782
766,0.03480827940725967,valid,0.6900247320692497,0.7675047687956326,0.7087612681148676,0.7080745341614907,0.6195652173913043,0.8260869565217391,0.5763993948562783,0.30000000000000004,0,272,10.456240177154541
767,0.032417257463461475,valid,0.7015663643858203,0.765695915279879,0.7095247195325943,0.7013201320132013,0.6439393939393939,0.769927536231884,0.6444780635400907,0.125,0,272,10.490461826324463
768,0.026210308222002106,valid,0.6916735366859027,0.7780893025499354,0.7319718002658264,0.7031746031746032,0.6257062146892656,0.802536231884058,0.5990922844175491,0.1,0,272,10.511017799377441
769,0.02701601724287397,valid,0.7197032151690025,0.7870006468021662,0.7382687787613766,0.7123519458544839,0.6682539682539682,0.7626811594202898,0.6838124054462935,0.125,0,272,10.459317445755005
770,0.028846094041670624,valid,0.7122835943940643,0.7811739459317241,0.7297237518785809,0.70843776106934,0.6573643410852713,0.7681159420289855,0.6656580937972768,0.325,0,272,10.359172344207764
771,0.026170390462012666,valid,0.7164056059356966,0.7675623232256792,0.6989617717036726,0.7171052631578947,0.6566265060240963,0.7898550724637681,0.6550680786686838,0.125,0,272,10.32586669921875
772,0.02710380912513325,valid,0.7089859851607585,0.7783770747001688,0.7354094745880286,0.7094650205761317,0.6500754147812972,0.7807971014492754,0.649016641452345,0.15000000000000002,0,272,9.861087560653687
773,0.03787988534589347,valid,0.7098103874690849,0.7730793264487272,0.724315742922115,0.7037037037037037,0.6572327044025157,0.7572463768115942,0.670196671709531,0.1,0,272,9.923395156860352
774,0.033174030188667145,valid,0.7089859851607585,0.7728449976978229,0.727490619484384,0.7070539419087137,0.6523736600306279,0.7717391304347826,0.6565809379727685,0.1,0,272,10.33161449432373
775,0.025903103113370508,valid,0.7213520197856554,0.7722420465259049,0.7112846595890752,0.7135593220338983,0.6703821656050956,0.7626811594202898,0.686838124054463,0.75,0,272,10.317289352416992
776,0.029383369623438307,valid,0.7147568013190437,0.7784044815716196,0.7245162502620954,0.7131011608623549,0.6574923547400612,0.7789855072463768,0.6611195158850227,0.42500000000000004,0,272,10.289823293685913
777,0.029833757808726085,valid,0.7098103874690849,0.7814507553333772,0.724519413452321,0.721958925750395,0.6400560224089635,0.8278985507246377,0.6111951588502269,0.17500000000000002,0,272,10.28504204750061
778,0.024299834511781995,valid,0.7304204451772465,0.7897468153215375,0.7386189536093898,0.7067264573991031,0.6998223801065719,0.7137681159420289,0.7443267776096822,0.42500000000000004,0,272,10.31189513206482
779,0.022048512571736387,valid,0.6859027205276175,0.7647311934048103,0.7078085600964006,0.6978588421887391,0.6205923836389281,0.7971014492753623,0.5930408472012103,0.15000000000000002,0,272,10.281456470489502
780,0.02468301777384783,valid,0.7213520197856554,0.7916132232673375,0.7465098503952725,0.7256493506493507,0.6573529411764706,0.8097826086956522,0.6475037821482602,0.1,0,272,10.321362972259521
781,0.02435000819203101,valid,0.7403132728771641,0.7968273805608542,0.7586632122587189,0.7323704333050127,0.6896,0.7807971014492754,0.7065052950075643,0.1,1,781,10.78939700126648
782,0.02590190403555569,valid,0.7065127782357791,0.7712677322458287,0.7292160244542747,0.7077175697865353,0.6471471471471472,0.7807971014492754,0.6444780635400907,0.1,0,781,10.27316689491272
783,0.03118952442156641,valid,0.6990931574608409,0.7637075467561227,0.7223410070189524,0.6872322193658955,0.6520325203252032,0.7264492753623188,0.6762481089258698,0.1,0,781,10.31800365447998
784,0.030383518210759287,valid,0.7056883759274526,0.7719803109035497,0.726040478371442,0.6997476871320437,0.6530612244897959,0.7536231884057971,0.6656580937972768,0.125,0,781,10.265429973602295
785,0.031171949629328753,valid,0.7098103874690849,0.7766134425223092,0.7421514955831865,0.7032040472175379,0.6577287066246057,0.7554347826086957,0.6717095310136157,0.125,0,781,10.285454034805298
786,0.039604821193375085,valid,0.7073371805441055,0.7791650222543796,0.7290842984166477,0.7111472742066721,0.6454948301329394,0.7916666666666666,0.6369137670196672,0.17500000000000002,0,781,10.27926778793335
787,0.03179942321424421,valid,0.7403132728771641,0.7837543028788179,0.7242706274855866,0.7179946284691137,0.7097345132743362,0.7264492753623188,0.7518910741301059,0.725,0,781,10.300356388092041
788,0.02985014305695107,valid,0.7147568013190437,0.7902689162226754,0.73838677288848,0.71499176276771,0.6555891238670695,0.7862318840579711,0.6550680786686838,0.1,0,781,10.320791244506836
789,0.039055510571128445,valid,0.7073371805441055,0.7845463614637461,0.7404084096687299,0.7082990961380444,0.6481203007518797,0.7807971014492754,0.6459909228441755,0.1,0,781,10.308162212371826
790,0.03175400883743638,valid,0.7098103874690849,0.7725544848604443,0.7293372676498417,0.7027027027027027,0.6582278481012658,0.7536231884057971,0.6732223903177005,0.2,0,781,10.336507797241211
791,0.028252866927926477,valid,0.6949711459192086,0.7760461202832775,0.7314426880319495,0.7044728434504792,0.63,0.7989130434782609,0.6081694402420574,0.15000000000000002,0,781,10.328075170516968
792,0.03401888960874394,valid,0.7032151690024732,0.7752115810476002,0.7287231297279191,0.7106109324758842,0.638728323699422,0.8007246376811594,0.6217851739788199,0.1,0,781,10.319736242294312
793,0.033800684846937656,valid,0.7221764220939819,0.785990703589204,0.7448764331873137,0.7097329888027563,0.6765188834154351,0.7463768115942029,0.7019667170953101,0.475,0,781,10.27020001411438
794,0.027592162454598827,valid,0.7147568013190437,0.7743071542897235,0.7407045474372045,0.7077702702702703,0.6629746835443038,0.7590579710144928,0.6777609682299546,0.1,0,781,10.323053359985352
795,0.024875110578968337,valid,0.7056883759274526,0.7748388475958693,0.736692012678807,0.6882096069868996,0.6644182124789207,0.7137681159420289,0.6989409984871406,0.1,0,781,10.337247133255005
796,0.030502927832697566,valid,0.718878812860676,0.7769272512004209,0.7253153700460057,0.7057808455565142,0.6738056013179572,0.7409420289855072,0.7004538577912254,0.17500000000000002,0,781,10.312130212783813
797,0.02882903216308669,valid,0.7279472382522671,0.7862346247451162,0.7473132401911813,0.7010869565217391,0.7010869565217391,0.7010869565217391,0.7503782148260212,0.17500000000000002,0,781,10.289553880691528
798,0.025098414650481,valid,0.7015663643858203,0.7723407112631279,0.7374232089212612,0.7061688311688312,0.6397058823529411,0.7880434782608695,0.6293494704992436,0.1,0,781,10.306841373443604
799,0.027676208974107316,valid,0.7254740313272877,0.7858029665197659,0.7465234335359882,0.7146529562982005,0.6780487804878049,0.7554347826086957,0.7004538577912254,0.125,0,781,10.334512948989868
800,0.02492670124200614,valid,0.7238252267106348,0.7890493104431143,0.7558037588104446,0.7139197267292912,0.6752827140549273,0.7572463768115942,0.6959152798789713,0.275,0,781,10.255428314208984
801,0.020694546303466746,valid,0.7246496290189612,0.7813877195290403,0.7315835301580549,0.7125645438898451,0.6786885245901639,0.75,0.7034795763993948,0.15000000000000002,0,781,10.259365797042847
802,0.026652438124935878,valid,0.7254740313272877,0.7925943892652767,0.7537629817875615,0.7286063569682152,0.6622222222222223,0.8097826086956522,0.6550680786686838,0.1,0,781,10.308781862258911
803,0.030002142106624025,valid,0.7254740313272877,0.7806833629327544,0.7358059309980649,0.708150744960561,0.6859083191850595,0.7318840579710145,0.7201210287443268,0.225,0,781,10.284727811813354
804,0.03698431180888101,valid,0.6883759274525969,0.7678542064066303,0.7098432744447544,0.7078825347758887,0.6172506738544474,0.8297101449275363,0.5703479576399395,0.125,0,781,10.310901641845703
805,0.03760655665476071,valid,0.7015663643858203,0.7762119318555548,0.733323500038958,0.7027914614121511,0.6426426426426426,0.7753623188405797,0.6399394856278366,0.15000000000000002,0,781,10.303260564804077
806,0.04245431613373129,valid,0.7271228359439407,0.7887135762678418,0.7466537168494813,0.7197290431837426,0.6756756756756757,0.769927536231884,0.6913767019667171,0.1,0,781,10.291130542755127
807,0.038716563023626804,valid,0.720527617477329,0.7792047622179833,0.7268864341865314,0.7144060657118787,0.6677165354330709,0.7681159420289855,0.680786686838124,0.15000000000000002,0,781,10.275039911270142
808,0.031247552043121112,valid,0.7007419620774938,0.7662947554210793,0.7096519436497533,0.7074939564867043,0.637155297532656,0.7952898550724637,0.6217851739788199,0.225,0,781,10.304913759231567
809,0.029187628264097792,valid,0.7213520197856554,0.789479598324892,0.7521850330182809,0.7192691029900332,0.6641104294478528,0.7844202898550725,0.6686838124054463,0.1,0,781,10.298160552978516
810,0.03609290576883053,valid,0.708161582852432,0.7865936547611219,0.7347794943492568,0.714975845410628,0.6434782608695652,0.8043478260869565,0.6278366111951589,0.225,0,781,10.292590618133545
811,0.0355636525507036,valid,0.731244847485573,0.7955474796641013,0.750915221454824,0.7241962774957699,0.6793650793650794,0.7753623188405797,0.6944024205748865,0.225,0,781,10.354565382003784
812,0.029423875293057216,valid,0.708161582852432,0.7864442873117149,0.7453880177873772,0.7059800664451827,0.651840490797546,0.769927536231884,0.6565809379727685,0.1,0,781,10.321536302566528
813,0.03050274534248992,valid,0.7213520197856554,0.79220247100353,0.7447237742272552,0.7206611570247934,0.662613981762918,0.7898550724637681,0.6641452344931922,0.4,0,781,10.305399417877197
814,0.028940668770749318,valid,0.7155812036273702,0.7775192396237585,0.7321188592527751,0.6900269541778976,0.6844919786096256,0.6956521739130435,0.7322239031770046,0.15000000000000002,0,781,10.315776586532593
815,0.029560088057463105,valid,0.6949711459192086,0.7787114385318687,0.7227486904215715,0.702572347266881,0.6315028901734104,0.7916666666666666,0.6142208774583964,0.1,0,781,10.297522068023682
816,0.03958581250749136,valid,0.7098103874690849,0.7791348746957838,0.7275267897644774,0.707641196013289,0.6533742331288344,0.7717391304347826,0.6580937972768532,0.45000000000000007,0,781,10.308791399002075
817,0.04113498168360246,valid,0.7361912613355317,0.79160911223662,0.7509151411697986,0.7158081705150977,0.7020905923344948,0.730072463768116,0.7413010590015129,0.1,0,781,10.300225257873535
818,0.037565450919301885,valid,0.7238252267106348,0.7924135039137012,0.7552913386492104,0.7139197267292912,0.6752827140549273,0.7572463768115942,0.6959152798789713,0.17500000000000002,0,781,10.288119316101074
819,0.030474363483096425,valid,0.6974443528441879,0.77756857199237,0.7357112208554673,0.7042707493956487,0.6342525399129173,0.7916666666666666,0.6187594553706506,0.17500000000000002,0,781,10.32617974281311
820,0.024666557603172566,valid,0.708161582852432,0.7834843451950272,0.7387542373233149,0.7093596059113301,0.6486486486486487,0.782608695652174,0.6459909228441755,0.25,0,781,10.298303365707397
821,0.025838870800247316,valid,0.7180544105523495,0.7950404525422614,0.7559944796359555,0.7168874172185431,0.6600609756097561,0.7844202898550725,0.6626323751891074,0.1,0,781,10.294661521911621
822,0.02828427198293962,valid,0.7147568013190437,0.7849273169769124,0.7407749649943227,0.7111853088480802,0.6594427244582043,0.7717391304347826,0.6671709531013615,0.45000000000000007,0,781,10.290045022964478
823,0.024588784300967267,valid,0.7221764220939819,0.7860811462649915,0.7454645422982946,0.7107296137339055,0.6753670473083198,0.75,0.6989409984871406,0.1,0,781,10.302098274230957
824,0.026211591143357128,valid,0.7197032151690025,0.7936262579753997,0.7552234508747182,0.7171381031613977,0.6630769230769231,0.7807971014492754,0.6686838124054463,0.45000000000000007,0,781,10.322682619094849
825,0.031525339245011934,valid,0.731244847485573,0.7865662478896709,0.7389770791620063,0.7155322862129145,0.6902356902356902,0.7427536231884058,0.7216338880484114,0.15000000000000002,0,781,10.3512704372406
826,0.04364676489249656,valid,0.7230008244023083,0.7925985002959943,0.7683888800285431,0.7133105802047781,0.6741935483870968,0.7572463768115942,0.6944024205748865,0.1,0,781,10.366182804107666
827,0.03743595742669545,valid,0.7262984336356142,0.7841147032383959,0.7371126217642251,0.7181663837011885,0.6757188498402555,0.7663043478260869,0.6928895612708018,0.17500000000000002,0,781,10.283822536468506
828,0.026500262418075612,valid,0.7122835943940643,0.7767134776031046,0.7282064761120518,0.7079497907949791,0.6578538102643857,0.7663043478260869,0.6671709531013615,0.15000000000000002,0,781,10.315684080123901
829,0.025836523524240443,valid,0.720527617477329,0.7754787980442457,0.7275906303952426,0.7134404057480981,0.6687797147385103,0.7644927536231884,0.6838124054462935,0.4,0,781,10.368648529052734
830,0.028223709693472637,valid,0.7106347897774113,0.7868485386656142,0.7439236671491553,0.7225296442687748,0.6409537166900421,0.8278985507246377,0.6127080181543116,0.35,0,781,10.354107141494751
831,0.029320775139096537,valid,0.7304204451772465,0.7810149860773092,0.736445695692982,0.7168831168831169,0.6865671641791045,0.75,0.7140695915279879,0.55,0,781,10.380318880081177
832,0.025634195214431537,valid,0.72959604286892,0.7971384485518209,0.7538923400192918,0.7275747508305648,0.6717791411042945,0.7934782608695652,0.6762481089258698,0.1,0,781,10.372461795806885
833,0.029494346952752062,valid,0.7098103874690849,0.7766024797737289,0.7306087346863491,0.6939130434782609,0.6672240802675585,0.7228260869565217,0.6989409984871406,0.1,0,781,10.408838272094727
834,0.02499478280936417,valid,0.6957955482275351,0.7714609506895569,0.7299603959673782,0.7012145748987855,0.6339677891654466,0.7844202898550725,0.6217851739788199,0.15000000000000002,0,781,10.375079154968262
835,0.03093712296532957,valid,0.718878812860676,0.780428479028262,0.7313623650335754,0.7082976903336184,0.6709886547811994,0.75,0.6928895612708018,0.1,0,781,10.319164752960205
836,0.030664697338483836,valid,0.6900247320692497,0.7647887478348572,0.7157199846653605,0.7030015797788309,0.623249299719888,0.8061594202898551,0.5930408472012103,0.325,0,781,10.262885093688965
837,0.028008931365452315,valid,0.7147568013190437,0.7811862790238769,0.7377863742788292,0.7006920415224913,0.6705298013245033,0.7336956521739131,0.6989409984871406,0.1,0,781,10.325946569442749
838,0.033148285148567276,valid,0.7213520197856554,0.7886916507706812,0.744295307527776,0.723404255319149,0.6597014925373135,0.8007246376811594,0.6550680786686838,0.17500000000000002,0,781,10.284229516983032
839,0.034310328823171164,valid,0.7304204451772465,0.7936043324782389,0.7448691921233941,0.7154046997389034,0.6884422110552764,0.7445652173913043,0.7186081694402421,0.125,0,781,10.295586347579956
840,0.028940776191455752,valid,0.6908491343775762,0.7726819268126905,0.7119606464616873,0.7044917257683215,0.6234309623430963,0.8097826086956522,0.5915279878971256,0.15000000000000002,0,781,10.294440746307373
841,0.02640148850255891,valid,0.6990931574608409,0.7738508298800675,0.7324579794475257,0.7049312853678253,0.6364963503649635,0.7898550724637681,0.6232980332829047,0.25,0,781,10.356940746307373
842,0.02532935833656474,valid,0.7213520197856554,0.7860564800806857,0.7375255864636727,0.7065972222222222,0.6783333333333333,0.7373188405797102,0.708018154311649,0.1,0,781,10.319969177246094
843,0.02891703498990912,valid,0.685078318219291,0.7735685391041243,0.722939157297437,0.7123493975903614,0.6095360824742269,0.8568840579710145,0.5416036308623298,0.15000000000000002,0,781,10.297837972640991
844,0.02972556449668972,valid,0.708161582852432,0.7646201955754347,0.719631313439243,0.6900175131348512,0.6677966101694915,0.7137681159420289,0.7034795763993948,0.1,0,781,10.29862666130066
845,0.03624706911413293,valid,0.6875515251442704,0.7751910258940122,0.7309418553078514,0.6960705693664796,0.6244604316546762,0.7862318840579711,0.6051437216338881,0.1,0,781,10.300893783569336
846,0.03556550416703287,valid,0.7197032151690025,0.776285930408472,0.7321923355030162,0.7142857142857143,0.6661442006269592,0.769927536231884,0.6777609682299546,0.4,0,781,10.322157382965088
847,0.03341858490909401,valid,0.7221764220939819,0.7778590848297485,0.7226748682604922,0.7025595763459841,0.685025817555938,0.7210144927536232,0.7231467473524962,0.15000000000000002,0,781,10.299745559692383
848,0.024032095447182655,valid,0.7131079967023908,0.7755007235414064,0.7316400658574409,0.7030716723549488,0.6645161290322581,0.7463768115942029,0.6853252647503782,0.42500000000000004,0,781,10.296119689941406
849,0.02431236060434266,valid,0.7048639736191261,0.7741344909995834,0.7263771007624933,0.7060755336617406,0.6456456456456456,0.7789855072463768,0.642965204236006,0.125,0,781,10.334728956222534
850,0.024459582679954014,valid,0.6735366859027205,0.7468906904339057,0.7003001013122899,0.6891679748822606,0.6080332409972299,0.7952898550724637,0.5718608169440242,0.125,0,781,10.345597505569458
851,0.02799916625218956,valid,0.7147568013190437,0.7811807976495868,0.7414379341175628,0.7168576104746317,0.6537313432835821,0.7934782608695652,0.649016641452345,0.2,0,781,10.274549961090088
852,0.028947801133127588,valid,0.7328936521022259,0.7905868359315047,0.7693072455881367,0.705989110707804,0.7072727272727273,0.7047101449275363,0.75642965204236,0.1,0,781,10.28927755355835
853,0.025825991589379937,valid,0.7139323990107173,0.788936942270166,0.7627732812423624,0.7086481947942905,0.6604068857589984,0.7644927536231884,0.6717095310136157,0.125,0,781,10.27944827079773
854,0.028526615057336658,valid,0.7106347897774113,0.7786470323839594,0.7351541562081141,0.704793944491169,0.6577708006279435,0.7590579710144928,0.670196671709531,0.275,0,781,10.276530027389526
855,0.03242883997920312,valid,0.7065127782357791,0.7783839264180316,0.7371976099811699,0.7062706270627063,0.6484848484848484,0.7753623188405797,0.649016641452345,0.35,0,781,10.314652442932129
856,0.03066519794887618,valid,0.7271228359439407,0.7968383433094345,0.7598865436768386,0.716852010265184,0.6790923824959482,0.7590579710144928,0.7004538577912254,0.17500000000000002,0,781,10.32345986366272
857,0.02461843378841877,valid,0.718878812860676,0.7938359205419983,0.7496357968772828,0.7202625102543068,0.6581709145427287,0.7952898550724637,0.6550680786686838,0.30000000000000004,0,781,9.884640455245972
858,0.023112136135367972,valid,0.7287716405605935,0.7965779780306519,0.7612715318935149,0.7204757858963466,0.6784,0.7681159420289855,0.6959152798789713,0.525,0,781,9.87166166305542
859,0.02076334638619109,valid,0.7254740313272877,0.7877721502335066,0.7492141694889638,0.7180355630821338,0.6740858505564388,0.7681159420289855,0.6898638426626323,0.15000000000000002,0,781,9.840620994567871
860,0.028840322537641776,valid,0.7122835943940643,0.7789430265956281,0.7439780699773587,0.7069689336691856,0.6588419405320813,0.7626811594202898,0.670196671709531,0.1,0,781,9.878715991973877
861,0.02511621629329104,valid,0.708161582852432,0.7776727181038829,0.7359418832634297,0.7045075125208681,0.653250773993808,0.7644927536231884,0.6611195158850227,0.35,0,781,9.89916181564331
862,0.02638322404144626,valid,0.7131079967023908,0.781982448639523,0.7453411085258024,0.7050847457627119,0.6624203821656051,0.7536231884057971,0.6792738275340393,0.225,0,781,9.919178009033203
863,0.02506645036077029,valid,0.6990931574608409,0.7698069459975003,0.7286123172511678,0.69557964970809,0.6445131375579598,0.7554347826086957,0.6520423600605144,0.125,0,781,10.35184907913208
864,0.026631845455420643,valid,0.7007419620774938,0.7746716656800192,0.7228088855751678,0.7012345679012346,0.6425339366515838,0.7717391304347826,0.6414523449319214,0.225,0,781,10.286160707473755
865,0.02737981779500842,valid,0.7180544105523495,0.7873898243767677,0.7529009517054437,0.7140468227424749,0.6630434782608695,0.7735507246376812,0.6717095310136157,0.15000000000000002,0,781,10.34193229675293
866,0.03375233847059702,valid,0.7139323990107173,0.7904278760770901,0.7483203085935406,0.6990459670424979,0.670549084858569,0.730072463768116,0.7004538577912254,0.1,0,781,10.231173753738403
867,0.033781194863350766,valid,0.7139323990107173,0.7792719090530377,0.7386040878379918,0.7110741049125728,0.6579352850539292,0.7735507246376812,0.6641452344931922,0.17500000000000002,0,781,9.896217346191406
868,0.027162724027508182,valid,0.708161582852432,0.7912857111535003,0.7655700124314659,0.6916376306620209,0.6661073825503355,0.7192028985507246,0.6989409984871406,0.1,0,781,9.918167352676392
869,0.03144440461734408,valid,0.7304204451772465,0.7962340217939442,0.7653797423133966,0.7154046997389034,0.6884422110552764,0.7445652173913043,0.7186081694402421,0.17500000000000002,0,781,9.930927753448486
870,0.029955904440660226,valid,0.7262984336356142,0.7763763730842598,0.739911532378405,0.7030411449016101,0.6943462897526502,0.7119565217391305,0.7382753403933434,0.2,0,781,9.657420635223389
871,0.035738393762394,valid,0.7040395713107996,0.7863990659738209,0.7444912901994749,0.7121090617481957,0.6388489208633094,0.8043478260869565,0.6202723146747352,0.35,0,781,9.584965467453003
872,0.03982685653394774,valid,0.7131079967023908,0.784401105045057,0.7413248586373747,0.7138157894736842,0.6536144578313253,0.7862318840579711,0.6520423600605144,0.125,0,781,9.566512107849121
873,0.03799068025852505,valid,0.6842539159109645,0.7672444035168497,0.7211231679461321,0.6977111286503551,0.6181818181818182,0.8007246376811594,0.5869894099848714,0.1,0,781,10.335614204406738
874,0.03251461125910282,valid,0.7032151690024732,0.7777796049025412,0.7522876946273519,0.7004991680532446,0.6476923076923077,0.7626811594202898,0.653555219364599,0.1,0,781,10.308633089065552
875,0.028567855393416004,valid,0.6875515251442704,0.765615065009099,0.7124692027396016,0.7059736229635376,0.6173677069199457,0.8242753623188406,0.573373676248109,0.1,0,781,9.890465021133423
876,0.033558593033567855,valid,0.6999175597691674,0.7770862110548358,0.7268506152955962,0.7026143790849673,0.6398809523809523,0.7789855072463768,0.6338880484114977,0.1,0,781,9.899261713027954
877,0.027266971864982656,valid,0.7114591920857378,0.7720940494200705,0.7262269058201716,0.7008547008547008,0.6634304207119741,0.7427536231884058,0.6853252647503782,0.42500000000000004,0,781,9.8627028465271
878,0.02284570303010313,valid,0.6941467436108821,0.7663564208818434,0.718069043020259,0.6921161825726141,0.6385911179173047,0.7554347826086957,0.642965204236006,0.1,0,781,9.682846784591675
879,0.03340606376724808,valid,0.6999175597691674,0.7734589116183209,0.723194315230965,0.6888888888888889,0.6521035598705501,0.730072463768116,0.6747352496217852,0.1,0,781,9.590357542037964
880,0.04039303595690351,valid,0.7164056059356966,0.7780084522791554,0.7276471491614513,0.7094594594594594,0.6645569620253164,0.7608695652173914,0.6792738275340393,0.15000000000000002,0,781,9.61275053024292
881,0.03488613228852812,valid,0.7139323990107173,0.775101953561797,0.7212139891771763,0.722177742193755,0.6470588235294118,0.8170289855072463,0.6278366111951589,0.225,0,781,10.049219369888306
882,0.03812010841150033,valid,0.6999175597691674,0.7696973185116972,0.7123359045859858,0.7147335423197492,0.6298342541436464,0.8260869565217391,0.594553706505295,0.17500000000000002,0,781,10.303191900253296
883,0.03430779802760011,valid,0.7197032151690025,0.7819564121116447,0.7307343942119492,0.7043478260869566,0.677257525083612,0.7336956521739131,0.708018154311649,0.125,0,781,10.256210565567017
884,0.035533556812687925,valid,0.7048639736191261,0.7785716634874696,0.7360523009313766,0.7079934747145188,0.6439169139465876,0.7862318840579711,0.6369137670196672,0.125,0,781,10.332871198654175
885,0.03664782751155527,valid,0.7007419620774938,0.77934316691881,0.7448091386242924,0.691063829787234,0.651685393258427,0.7355072463768116,0.6717095310136157,0.15000000000000002,0,781,10.275588274002075
886,0.04173697001839939,valid,0.7320692497938994,0.7945690543533075,0.7514357686226266,0.719585849870578,0.6869851729818781,0.7554347826086957,0.7125567322239031,0.125,0,781,10.250375270843506
887,0.026748226955533028,valid,0.7106347897774113,0.7845874717709225,0.7473885807152506,0.7037974683544304,0.6587677725118484,0.7554347826086957,0.6732223903177005,0.17500000000000002,0,781,10.310782194137573
888,0.026318508837568134,valid,0.7122835943940643,0.785268532526475,0.7426424160183548,0.7089241034195163,0.6568778979907264,0.769927536231884,0.6641452344931922,0.17500000000000002,0,781,10.356410264968872
889,0.030519002558369385,valid,0.720527617477329,0.7881517354031002,0.7594837968645455,0.6954177897574124,0.6898395721925134,0.7010869565217391,0.7367624810892587,0.15000000000000002,0,781,10.31436824798584
890,0.026026015954190178,valid,0.7246496290189612,0.7915378543708478,0.7552469515494856,0.714041095890411,0.676948051948052,0.7554347826086957,0.6989409984871406,0.35,0,781,10.294166803359985
891,0.026193775922844286,valid,0.7155812036273702,0.782104409217479,0.7463389047208115,0.703862660944206,0.6688417618270799,0.7427536231884058,0.6928895612708018,0.625,0,781,10.33937692642212
892,0.02143510595258129,valid,0.7114591920857378,0.7888944616194172,0.7482218421776453,0.7149837133550488,0.6494082840236687,0.7952898550724637,0.6414523449319214,0.15000000000000002,0,781,10.292517900466919
893,0.02126156626955459,valid,0.7040395713107996,0.7772068012892193,0.7433456051303271,0.6886383347788378,0.6605657237936772,0.7192028985507246,0.6913767019667171,0.125,0,781,10.29794979095459
894,0.023464686090224667,valid,0.718878812860676,0.7869321296235392,0.7481507175890711,0.7052722558340536,0.6743801652892562,0.7391304347826086,0.7019667170953101,0.375,0,781,10.332475900650024
895,0.02892860789832316,valid,0.7032151690024732,0.7820317810081343,0.7321303120925596,0.7124600638977636,0.6371428571428571,0.8079710144927537,0.6157337367624811,0.125,0,781,10.277267694473267
896,0.029126627321698163,valid,0.6982687551525144,0.7897673704751257,0.7514245956234008,0.7109004739336493,0.6302521008403361,0.8152173913043478,0.6006051437216339,0.1,0,781,10.36916971206665
897,0.033565485506857694,valid,0.718878812860676,0.7831143524304414,0.7312545210785268,0.7216326530612245,0.6567607726597325,0.8007246376811594,0.6505295007564297,0.225,0,781,10.320956468582153
898,0.03344693260365411,valid,0.7238252267106348,0.7887766120721788,0.7506835200405391,0.7053649956024626,0.6854700854700855,0.7264492753623188,0.7216338880484114,0.15000000000000002,0,781,10.344151973724365
899,0.028269607622764613,valid,0.72959604286892,0.7824099958341555,0.7344889336725117,0.7142857142857143,0.6879194630872483,0.7427536231884058,0.7186081694402421,0.375,0,781,10.300172328948975
900,0.03123186359574136,valid,0.7040395713107996,0.7664427525269135,0.7148780193147013,0.7107171635777598,0.6400580551523948,0.7989130434782609,0.6248108925869894,0.1,0,781,10.319534540176392
901,0.025040894379153064,valid,0.7155812036273702,0.7810615777587757,0.7412273200802715,0.7127393838467944,0.6594761171032357,0.7753623188405797,0.6656580937972768,0.1,0,781,10.312405586242676
902,0.02327284202175705,valid,0.720527617477329,0.782581288780723,0.7338703267367314,0.7167919799498746,0.6651162790697674,0.7771739130434783,0.6732223903177005,0.125,0,781,10.323629140853882
903,0.02187284640967846,valid,0.7213520197856554,0.7856303032296257,0.7515314554412778,0.7154882154882155,0.6682389937106918,0.769927536231884,0.680786686838124,0.1,0,781,10.360023498535156
904,0.026733249719989926,valid,0.7164056059356966,0.7773232804928852,0.7229247513370022,0.7054794520547946,0.6688311688311688,0.7463768115942029,0.6913767019667171,0.1,0,781,10.298185586929321
905,0.026997791309105724,valid,0.7180544105523495,0.7817097502685874,0.7354609285199989,0.7111486486486487,0.6661392405063291,0.7626811594202898,0.680786686838124,0.1,0,781,9.872249841690063
906,0.028991967145549625,valid,0.7254740313272877,0.7911706022934071,0.7545104543778549,0.7170773152081563,0.6752,0.7644927536231884,0.6928895612708018,0.1,0,781,10.214330434799194
907,0.03152309353218267,valid,0.7155812036273702,0.7862017364993752,0.7491988747145449,0.7169811320754716,0.6551724137931034,0.7916666666666666,0.6520423600605144,0.15000000000000002,0,781,10.31117868423462
908,0.028355769666009827,valid,0.718878812860676,0.7935933697296587,0.752764794778175,0.7057808455565142,0.6738056013179572,0.7409420289855072,0.7004538577912254,0.125,0,781,10.34803557395935
909,0.029086610841515818,valid,0.6999175597691674,0.777571312679515,0.7383892367907503,0.707395498392283,0.6358381502890174,0.7971014492753623,0.6187594553706506,0.125,0,781,10.323102712631226
910,0.02326928706545579,valid,0.7032151690024732,0.7810492446666228,0.7304142855292203,0.7019867549668874,0.6463414634146342,0.7681159420289855,0.649016641452345,0.17500000000000002,0,781,10.318155765533447
911,0.029283074073885616,valid,0.7337180544105524,0.7921243614198952,0.7683570733960394,0.7139061116031886,0.6984402079722704,0.730072463768116,0.7367624810892587,0.8250000000000001,0,781,10.309512853622437
912,0.02965833187887543,valid,0.7139323990107173,0.7790732092350194,0.7344272007081417,0.7086481947942905,0.6604068857589984,0.7644927536231884,0.6717095310136157,0.225,0,781,10.273947477340698
913,0.02856455552146623,valid,0.7122835943940643,0.7848053563989563,0.736798988210019,0.7079497907949791,0.6578538102643857,0.7663043478260869,0.6671709531013615,0.1,0,781,10.29288911819458
914,0.028986115694830294,valid,0.7353668590272052,0.7868622421013396,0.7536042788062092,0.7105500450856628,0.7073608617594255,0.7137681159420289,0.7534039334341907,0.6,0,781,10.33073878288269
915,0.03563669941535121,valid,0.7254740313272877,0.7810451336359052,0.7488166686819631,0.6925207756232687,0.7062146892655368,0.6793478260869565,0.7639939485627837,0.17500000000000002,0,781,10.304295063018799
916,0.028646270548434632,valid,0.7147568013190437,0.7815466793834549,0.7365010247825573,0.7052810902896082,0.6655948553054662,0.75,0.6853252647503782,0.125,0,781,10.281763315200806
917,0.03762556877183287,valid,0.7131079967023908,0.7818344515336886,0.7335858174939174,0.7179902755267423,0.6495601173020528,0.802536231884058,0.6384266263237519,0.5,0,781,10.327120542526245
918,0.03224904854830943,valid,0.7411376751854906,0.7926272775110177,0.7607404999706068,0.7201426024955436,0.7087719298245614,0.7318840579710145,0.7488653555219364,0.17500000000000002,0,781,9.999083995819092
919,0.033710828982293606,valid,0.708161582852432,0.7936166655703918,0.7650470176188656,0.714516129032258,0.6438953488372093,0.802536231884058,0.6293494704992436,0.1,0,781,10.30455493927002
920,0.03540081197493955,valid,0.6949711459192086,0.7790403209892784,0.7284037553524345,0.7068145800316957,0.6281690140845071,0.8079710144927537,0.6006051437216339,0.5750000000000001,0,781,10.309448480606079
921,0.03866463821185263,valid,0.7048639736191261,0.7682200881404986,0.7165099882389621,0.6986531986531986,0.6525157232704403,0.7518115942028986,0.6656580937972768,0.1,0,781,10.383599042892456
922,0.03128978330641985,valid,0.6784830997526793,0.7544549869543291,0.706082181238442,0.692429022082019,0.6131284916201117,0.7952898550724637,0.5809379727685325,0.30000000000000004,0,781,10.340609550476074
923,0.032940666117754425,valid,0.7221764220939819,0.7881928457102766,0.7574885816236742,0.710232158211522,0.6759410801963993,0.7481884057971014,0.7004538577912254,0.5750000000000001,0,781,10.30237865447998
924,0.021341635894618537,valid,0.7098103874690849,0.7732835076410357,0.7330759689181726,0.7071547420965059,0.6538461538461539,0.769927536231884,0.659606656580938,0.15000000000000002,0,781,10.134047746658325
925,0.018311375114870698,valid,0.7056883759274526,0.7729231072814575,0.7338974648863386,0.6854625550660793,0.6672384219554031,0.7047101449275363,0.7065052950075643,0.1,0,781,10.326273202896118
926,0.02300744832150246,valid,0.7238252267106348,0.780905358591506,0.7294163291641268,0.6973803071364046,0.6954954954954955,0.6992753623188406,0.7443267776096822,0.1,0,781,10.281560182571411
927,0.01869045781265748,valid,0.7065127782357791,0.7791800960336775,0.7319378605627627,0.7062706270627063,0.6484848484848484,0.7753623188405797,0.649016641452345,0.15000000000000002,0,781,10.304114818572998
928,0.02122497781620998,valid,0.7131079967023908,0.7819660045166524,0.7394737454632969,0.7104825291181365,0.6569230769230769,0.7735507246376812,0.6626323751891074,0.125,0,781,10.323211193084717
929,0.03151596300794106,valid,0.7197032151690025,0.7833500515249183,0.7381075189789446,0.708904109589041,0.672077922077922,0.75,0.6944024205748865,0.725,0,781,10.277313947677612
930,0.03078814821415826,valid,0.6990931574608409,0.7787566598697626,0.7315007235681081,0.7039740470397404,0.6372980910425844,0.7862318840579711,0.6263237518910741,0.125,0,781,10.31156301498413
931,0.03125217851055296,valid,0.6990931574608409,0.7718131289876997,0.7268452130102712,0.7000821692686935,0.6406015037593985,0.7717391304347826,0.6384266263237519,0.125,0,781,10.302130460739136
932,0.03460863909046901,valid,0.7065127782357791,0.7788676576991383,0.7391819139613567,0.7033333333333334,0.6512345679012346,0.7644927536231884,0.6580937972768532,0.125,0,781,10.336074352264404
933,0.03303496304311251,valid,0.7122835943940643,0.7859139643491416,0.7428398710709077,0.7113316790736146,0.654490106544901,0.7789855072463768,0.6565809379727685,0.125,0,781,10.295356035232544
934,0.028135448253076328,valid,0.7197032151690025,0.781531605604157,0.7407911243079007,0.6920289855072463,0.6920289855072463,0.6920289855072463,0.7428139183055976,0.1,0,781,10.312705278396606
935,0.032260643416329435,valid,0.7073371805441055,0.7710731434585278,0.7207560880255452,0.7019311502938707,0.6541471048513302,0.7572463768115942,0.6656580937972768,0.25,0,781,10.276100397109985
936,0.028006485369252532,valid,0.6883759274525969,0.7705469315266724,0.7399848359051846,0.6936790923824959,0.6275659824046921,0.7753623188405797,0.6157337367624811,0.25,0,781,10.283523559570312
937,0.029683525919129972,valid,0.6982687551525144,0.7628044903418183,0.7157118468947443,0.6919191919191919,0.6462264150943396,0.7445652173913043,0.659606656580938,0.125,0,781,10.283257007598877
938,0.03989841759597,valid,0.6916735366859027,0.7496272665482691,0.6898378908058602,0.6959349593495935,0.6312684365781711,0.7753623188405797,0.6217851739788199,0.125,0,781,10.270533800125122
939,0.047903212816699556,valid,0.6677658697444353,0.7589140849393761,0.7176764599212193,0.6854020296643247,0.6021947873799726,0.7952898550724637,0.5612708018154312,0.2,0,781,10.33573842048645
940,0.037433705758303404,valid,0.717230008244023,0.7800214869872174,0.7414633988475808,0.7110362257792755,0.6645669291338583,0.7644927536231884,0.6777609682299546,0.5750000000000001,0,781,10.300697803497314
941,0.04112585050691115,valid,0.7213520197856554,0.7657383959306276,0.711630091082548,0.7008849557522124,0.6851211072664359,0.717391304347826,0.7246596066565809,0.225,0,781,10.308194875717163
942,0.031092851667811994,valid,0.7180544105523495,0.7725298186761386,0.7368951914581384,0.7041522491349481,0.6738410596026491,0.7373188405797102,0.7019667170953101,0.225,0,781,10.316389322280884
943,0.027336658272696168,valid,0.7098103874690849,0.7724969304303976,0.7298600752710589,0.7095709570957096,0.6515151515151515,0.7789855072463768,0.6520423600605144,0.2,0,781,10.34757375717163
944,0.03371756994410565,valid,0.6727122835943941,0.7645078274024864,0.7263235726151127,0.6910505836575875,0.6057298772169167,0.8043478260869565,0.5627836611195158,0.1,0,781,10.329665899276733
945,0.036793575769192295,valid,0.7023907666941468,0.770959404942007,0.7289224354967238,0.6989157631359466,0.6476043276661515,0.7590579710144928,0.6550680786686838,0.1,0,781,10.282132148742676
946,0.03165690806743346,valid,0.6916735366859027,0.7642077221600999,0.721758422332631,0.6959349593495935,0.6312684365781711,0.7753623188405797,0.6217851739788199,0.17500000000000002,0,781,10.298794031143188
947,0.03396837491738169,valid,0.7056883759274526,0.7768655857396566,0.7349922675174236,0.7123287671232876,0.6415094339622641,0.8007246376811594,0.6263237518910741,0.1,0,781,10.308476209640503
948,0.022319116335558265,valid,0.6949711459192086,0.7766805893573637,0.7361147966703017,0.7063492063492064,0.6285310734463276,0.8061594202898551,0.6021180030257186,0.15000000000000002,0,781,10.316096782684326
949,0.01740094117428127,valid,0.7098103874690849,0.7759145673003135,0.7362992194292943,0.6955017301038062,0.6655629139072847,0.7282608695652174,0.6944024205748865,0.1,0,781,10.29659914970398
950,0.016693469676140108,valid,0.7032151690024732,0.7705441908395274,0.7217845647401281,0.7014925373134329,0.6467889908256881,0.7663043478260869,0.6505295007564297,0.125,0,781,10.311838150024414
951,0.027232584249424308,valid,0.7056883759274526,0.7733753206603959,0.7373005722199056,0.7032418952618454,0.6497695852534562,0.7663043478260869,0.6550680786686838,0.125,0,781,10.301085472106934
952,0.02702181109864461,valid,0.7106347897774113,0.7796720493762197,0.7501204168528632,0.699228791773779,0.6634146341463415,0.7391304347826086,0.686838124054463,0.1,0,781,10.302263498306274
953,0.021493783441225166,valid,0.6941467436108821,0.7638939134819882,0.7158517266178971,0.6991078669910786,0.6328928046989721,0.7807971014492754,0.6217851739788199,0.1,0,781,10.31329607963562
954,0.025113721329130624,valid,0.7048639736191261,0.7723996360367471,0.7251957739605234,0.6934931506849316,0.6574675324675324,0.7336956521739131,0.680786686838124,0.225,0,781,10.306926727294922
955,0.026783229170465155,valid,0.6892003297609234,0.7616657348330372,0.7218636566872075,0.6892003297609234,0.632375189107413,0.7572463768115942,0.632375189107413,0.1,0,781,10.329298496246338
956,0.03351796526265772,valid,0.6974443528441879,0.7614711460457365,0.7264608969937529,0.6913372582001682,0.6452119309262166,0.7445652173913043,0.6580937972768532,0.125,0,781,10.3425931930542
957,0.038091542493355904,valid,0.6900247320692497,0.7696109868666272,0.7284400952610237,0.6892561983471074,0.6337386018237082,0.7554347826086957,0.6354009077155824,0.1,0,781,10.280749320983887
958,0.03215531539171934,valid,0.7155812036273702,0.7771615799513254,0.7307758890348003,0.6976336546888694,0.6757215619694398,0.7210144927536232,0.7110438729198184,0.125,0,781,10.285094738006592
959,0.03125838048167919,valid,0.6966199505358615,0.7672238483632615,0.7131659463289981,0.6912751677852349,0.64375,0.7463768115942029,0.6550680786686838,0.2,0,781,10.293356895446777
960,0.024650108804436105,valid,0.7131079967023908,0.7765764432458506,0.73072766453221,0.7045840407470289,0.6629392971246006,0.7518115942028986,0.680786686838124,0.2,0,781,10.278551816940308
961,0.020536427925291815,valid,0.7197032151690025,0.7782167445021816,0.7361367589762976,0.7038327526132404,0.6778523489932886,0.7318840579710145,0.7095310136157338,0.25,0,781,10.339694738388062
962,0.020945101706801278,valid,0.7262984336356142,0.7864634721217303,0.7468210706858931,0.7030411449016101,0.6943462897526502,0.7119565217391305,0.7382753403933434,0.17500000000000002,0,781,10.309879064559937
963,0.021868366503009672,valid,0.7213520197856554,0.7833281260277577,0.7444166750403648,0.7050610820244329,0.6801346801346801,0.7318840579710145,0.7125567322239031,0.325,0,781,10.310541868209839
964,0.02380026945550191,valid,0.7180544105523495,0.778689513034708,0.7416247854308347,0.6946428571428571,0.6848591549295775,0.7047101449275363,0.7291981845688351,0.225,0,781,10.31148076057434
965,0.02675198195011992,valid,0.708161582852432,0.7855206757438226,0.7380356207077035,0.7117263843648208,0.6464497041420119,0.7916666666666666,0.6384266263237519,0.125,0,781,10.28549075126648
966,0.03132150998633159,valid,0.717230008244023,0.7761721918919511,0.7400886440717189,0.7040552200172563,0.6721581548599671,0.7391304347826086,0.6989409984871406,0.125,0,781,10.307252407073975
967,0.03498017346780551,valid,0.7147568013190437,0.774290710166853,0.7378179721713785,0.7072758037225042,0.6634920634920635,0.7572463768115942,0.6792738275340393,0.275,0,781,10.320693969726562
968,0.029542065372592526,valid,0.7221764220939819,0.7769573987590168,0.7424789073277749,0.704126426690079,0.6831345826235093,0.7264492753623188,0.7186081694402421,0.325,0,781,10.293614864349365
969,0.033265172797990475,valid,0.7353668590272052,0.783592602337258,0.7434417585047544,0.7084468664850136,0.7103825136612022,0.7065217391304348,0.7594553706505295,0.275,0,781,10.320524215698242
970,0.0325144803837726,valid,0.6842539159109645,0.7568846061084435,0.7067712283158867,0.6962727993655828,0.6191819464033851,0.7952898550724637,0.5915279878971256,0.375,0,781,10.290366649627686
971,0.032016880320091,valid,0.6949711459192086,0.77418656405534,0.7289688447663484,0.6977124183006536,0.6354166666666666,0.7735507246376812,0.6293494704992436,0.15000000000000002,0,781,10.294223308563232
972,0.03621261591385854,valid,0.7254740313272877,0.7798570457585126,0.744263155814824,0.6807286673058485,0.7230142566191446,0.6431159420289855,0.794251134644478,0.15000000000000002,0,781,10.388419151306152
973,0.03565610263888773,valid,0.7180544105523495,0.7744811879234361,0.7319746782410008,0.7081911262798635,0.6693548387096774,0.7518115942028986,0.6898638426626323,0.55,0,781,10.33094310760498
974,0.03009755882483564,valid,0.7180544105523495,0.7796679383455021,0.7489435620390884,0.6896551724137931,0.6909090909090909,0.6884057971014492,0.7428139183055976,0.1,0,781,10.318969488143921
975,0.028811656575846046,valid,0.7304204451772465,0.7840009647218751,0.7428816322406272,0.712401055408971,0.6923076923076923,0.7336956521739131,0.7276853252647504,0.125,0,781,10.294235467910767
976,0.02791981163777803,valid,0.708161582852432,0.7794157951281546,0.7381552346774771,0.7103109656301145,0.6477611940298508,0.7862318840579711,0.642965204236006,0.17500000000000002,0,781,10.308777809143066
977,0.023477912929497267,valid,0.7131079967023908,0.7780810804885001,0.7370380706226917,0.7123966942148761,0.6550151975683891,0.7807971014492754,0.6565809379727685,0.42500000000000004,0,781,10.287409543991089
978,0.029299952947583637,valid,0.7114591920857378,0.7733451731018002,0.7406590344881108,0.6777163904235728,0.6891385767790262,0.6666666666666666,0.7488653555219364,0.1,0,781,10.301684141159058
979,0.02433476151016198,valid,0.7073371805441055,0.7750622135981934,0.7390448604931958,0.7049044056525353,0.6513056835637481,0.7681159420289855,0.6565809379727685,0.15000000000000002,0,781,10.280817985534668
980,0.02979523021923868,valid,0.7089859851607585,0.7748539213751672,0.7260667303680761,0.7065669160432253,0.65284178187404,0.769927536231884,0.6580937972768532,0.1,0,781,9.909551620483398
981,0.027760998934115235,valid,0.7089859851607585,0.7719967550264203,0.7282066411848829,0.7036104114189756,0.6557120500782473,0.7590579710144928,0.6671709531013615,0.1,0,781,10.326606750488281
982,0.02445950354204366,valid,0.7337180544105524,0.7887163169549869,0.7341573011185772,0.7265029635901779,0.6820349761526232,0.7771739130434783,0.697428139183056,0.2,0,781,10.273311614990234
983,0.030030057667509505,valid,0.7089859851607585,0.7635595496502884,0.7170480547911833,0.6990622335890878,0.6602254428341385,0.7427536231884058,0.680786686838124,0.17500000000000002,0,781,9.912001371383667
984,0.03250052975980859,valid,0.6990931574608409,0.7649559297507071,0.7152223878365318,0.7034930950446792,0.6377025036818851,0.7844202898550725,0.6278366111951589,0.17500000000000002,0,781,10.31161642074585
985,0.023206084231404883,valid,0.718878812860676,0.7753075050976781,0.7344038484496951,0.7062876830318691,0.6732348111658456,0.7427536231884058,0.6989409984871406,0.42500000000000004,0,781,10.276835441589355
986,0.02347618086557639,valid,0.7238252267106348,0.7890972724681533,0.7581138896812949,0.695731153496821,0.697632058287796,0.6938405797101449,0.7488653555219364,0.1,0,781,10.299737215042114
987,0.026730946314178015,valid,0.7040395713107996,0.7746387774342783,0.7225439965157154,0.7121090617481957,0.6388489208633094,0.8043478260869565,0.6202723146747352,0.1,0,781,10.292490482330322
988,0.025094363299247465,valid,0.72959604286892,0.7803147405117411,0.7261605464657149,0.7186963979416809,0.6824104234527687,0.7590579710144928,0.7049924357034796,0.45000000000000007,0,781,10.288633108139038
989,0.027479126706327264,valid,0.7056883759274526,0.7680775724089544,0.7180334649390064,0.6961702127659575,0.6565008025682183,0.7409420289855072,0.6762481089258698,0.2,0,781,10.334797859191895
990,0.03025102414386837,valid,0.6974443528441879,0.7707374092832555,0.7343238217125132,0.6969446738232865,0.6403641881638846,0.7644927536231884,0.6414523449319214,0.1,0,781,10.329706192016602
991,0.025759714067374404,valid,0.7122835943940643,0.7781016356420882,0.736375596474697,0.7029787234042553,0.6629213483146067,0.7481884057971014,0.6822995461422088,0.1,0,781,10.336567640304565
992,0.024028694551242024,valid,0.7007419620774938,0.7711224758271393,0.7259532097176993,0.7012345679012346,0.6425339366515838,0.7717391304347826,0.6414523449319214,0.125,0,781,10.355938196182251
993,0.024074849819666462,valid,0.6949711459192086,0.7702550483457212,0.7251885376537487,0.6837606837606838,0.6472491909385113,0.7246376811594203,0.670196671709531,0.125,0,781,10.326658487319946
994,0.026549241750648146,valid,0.6900247320692497,0.7648572650134842,0.7215229039854358,0.6982343499197432,0.6268011527377522,0.7880434782608695,0.6081694402420574,0.25,0,781,10.333391904830933
995,0.026245194389239737,valid,0.7023907666941468,0.7674650288320287,0.7251356428539789,0.702880658436214,0.6440422322775264,0.7735507246376812,0.642965204236006,0.15000000000000002,0,781,9.922369003295898
996,0.018653911415879663,valid,0.7007419620774938,0.7714472472538316,0.7235453348007976,0.7060728744939271,0.6383601756954612,0.7898550724637681,0.6263237518910741,0.1,0,781,9.864842891693115
997,0.022619514701593863,valid,0.7073371805441055,0.7759090859260234,0.7471560877655503,0.7009267059814659,0.6551181102362205,0.7536231884057971,0.6686838124054463,0.42500000000000004,0,781,10.320810317993164
998,0.030730476749962883,valid,0.6908491343775762,0.770705891381087,0.7280696504618067,0.7044917257683215,0.6234309623430963,0.8097826086956522,0.5915279878971256,0.17500000000000002,0,781,10.30790901184082
999,0.03506375182616083,valid,0.7073371805441055,0.7815549014448901,0.7431732200426755,0.7053941908713693,0.6508422664624809,0.769927536231884,0.6550680786686838,0.1,0,781,10.327320098876953
1000,0.03679906287671704,valid,0.7040395713107996,0.7658384310114232,0.7190910784755864,0.6745240253853128,0.6751361161524501,0.6739130434782609,0.7291981845688351,0.30000000000000004,0,781,10.292900323867798
